mtllib chest.mtl
usemtl mat0
v -0.8 1.069427 -0.223729
vt 0.540352 0.897646
vn -1 0 0
v -0.8 0.95694 0.398494
vt 0.540352 0.858247
vn -1 0 0
v -0.8 0.95694 -0.398497
vt 0.540352 0.858247
vn -1 0 0
v -0.8 1.069427 0.223725
vt 0.540352 0.897646
vn -1 0 0
v 0.8 1.069427 0.223725
vt 0.514035 0.897646
vn 1 0 0
v 0.8 0.95694 -0.398497
vt 0.514035 0.858247
vn 1 0 0
v 0.8 0.95694 0.398494
vt 0.514035 0.858247
vn 1 0 0
v 0.8 1.069427 -0.223729
vt 0.514035 0.897646
vn 1 0 0
v 0.605001 0.519999 0.699999
vt 0.185623 0.866149
vn 0.918707 0.006714 0.394883
v 0.649776 0.74783 0.591941
vt 0.184288 0.874349
vn 0.934323 0.114021 0.337698
v 0.650001 0.5 0.599998
vt 0.184273 0.858337
vn 0.918707 0.006714 0.394883
v 0.604782 0.804478 0.699999
vt 0.185641 0.878452
vn 0.929082 0.072574 0.362685
v -0.85 0.764255 -0.495922
vt 0.541946 0.844288
vn -0.546909 -0.13984 0.82543
v -0.8 0.6 -0.464883
vt 0.540352 0.83289
vn -0.312363 -0.135627 0.940231
v -0.85 0.5 -0.495922
vt 0.541946 0.827087
vn -0.176708 -0.210096 0.961579
v -0.8 0.75192 -0.464883
vt 0.540352 0.843395
vn -0.544776 -0.11979 0.829982
v 0.8 1.069427 -0.223729
vt 0.514035 0.866396
vn 0.631409 -0.743231 0.221202
v 0.85 0.986715 -0.423889
vt 0.512441 0.860404
vn 0.609688 -0.497834 0.616799
v 0.8 0.95694 -0.398497
vt 0.514035 0.858247
vn 0.604951 -0.464044 0.647068
v 0.85 1.108771 -0.234253
vt 0.512441 0.869246
vn 0.631445 -0.744458 0.216931
v -0.55962 0.5 -0.495922
vt 0.532931 0.842712
vn 0 -1 0
v 0.350001 0.5 -0.600002
vt 0.524914 0.842712
vn 0 -0.998599 -0.052919
v -0.35 0.5 -0.600002
vt 0.529474 0.842712
vn 0 -0.998599 -0.052919
v 0.55962 0.5 -0.495922
vt 0.521456 0.842712
vn 0 -1 0
v 0.708497 0.6 -0.464883
vt 0.522807 0.83289
vn 0 -0.251874 0.96776
v 0.85 0.5 -0.495922
vt 0.512441 0.827087
vn 0.176708 -0.210096 0.961579
v 0.55962 0.5 -0.495922
vt 0.521456 0.827087
vn 0 -0.296429 0.955055
v 0.8 0.6 -0.464883
vt 0.514035 0.83289
vn 0.312363 -0.135627 0.940231
v 0.85 0.764255 0.49592
vt 0.512441 0.844288
vn 0.546909 -0.13984 -0.82543
v 0.8 0.95694 0.398494
vt 0.514035 0.858247
vn 0.604951 -0.464044 -0.647068
v 0.8 0.75192 0.464882
vt 0.514035 0.843395
vn 0.544795 -0.119818 -0.829965
v 0.85 0.986715 0.423885
vt 0.512441 0.860404
vn 0.609688 -0.497834 -0.616799
v -0.85 1.036193 -0.484228
vt 0.541946 0.879613
vn -1 0 0
v -0.85 1.108771 -0.234253
vt 0.541946 0.884871
vn -1 0 0
v -0.85 0.986715 -0.423889
vt 0.541946 0.876029
vn -1 0 0
v -0.85 1.18345 -0.256209
vt 0.541946 0.890281
vn -1 0 0
v -0.395421 1.3 0.290475
vt 0.210614 0.945599
vn 0.936628 0.336045 0.099004
v -0.350497 1.188681 -0.224751
vt 0.209263 0.906285
vn 0.942888 0.312699 -0.114813
v -0.350497 1.188681 0.224747
vt 0.209263 0.906285
vn 0.942888 0.312699 0.114813
v -0.395421 1.3 -0.290479
vt 0.210614 0.945599
vn 0.936628 0.336045 -0.099004
v -0.8 1.069427 0.223725
vt 0.540352 0.866396
vn -0.631391 -0.743245 -0.221206
v -0.85 0.986715 0.423885
vt 0.541946 0.860404
vn -0.609688 -0.497834 -0.616799
v -0.8 0.95694 0.398494
vt 0.540352 0.858247
vn -0.604951 -0.464044 -0.647068
v -0.85 1.108771 0.23425
vt 0.541946 0.869246
vn -0.631445 -0.744458 -0.216931
v -0.55962 0.5 -0.495922
vt 0.532931 0.827087
vn 0 -0.296429 0.955055
v -0.708497 0.6 -0.464883
vt 0.53158 0.83289
vn 0 -0.251874 0.96776
v 0.85 1.108771 0.23425
vt 0.512441 0.869246
vn 0.631445 -0.744458 -0.216931
v 0.8 1.069427 0.223725
vt 0.514035 0.866396
vn 0.631409 -0.743231 -0.221202
v -0.85 1.036193 0.484224
vt 0.541946 0.895238
vn -0.010468 0.440548 0.897668
v -0.649722 0.81151 0.578663
vt 0.53638 0.878962
vn 0.021088 0.127049 0.991672
v -0.85 0.78014 0.587554
vt 0.541946 0.876689
vn -0.01059 0.307389 0.951525
v -0.649599 1.00925 0.50089
vt 0.536376 0.893286
vn 0.037051 0.695781 0.717297
v -0.649571 1.057814 -0.461072
vt 0.536375 0.896805
vn 0.024629 0.617963 -0.785821
v -0.85 1.18345 -0.256209
vt 0.541946 0.905906
vn -0.013703 0.88308 -0.469023
v -0.85 1.036193 -0.484228
vt 0.541946 0.895238
vn -0.014009 0.79174 -0.610698
v -0.649512 1.170823 -0.285493
vt 0.536373 0.904991
vn 0.032747 0.980302 -0.194772
v -0.85 0.78014 0.587554
vt 0.541946 0.876689
vn 0.00177 0.101721 0.994811
v -0.65 0.5 0.599998
vt 0.536388 0.858337
vn -0.007813 0.038789 0.999217
v -0.85 0.5 0.599998
vt 0.541946 0.858337
vn -0.007813 0.038789 0.999217
v -0.649775 0.74783 0.591941
vt 0.536381 0.874349
vn 0.037905 0.334826 0.941517
v -0.85 0.986715 0.423885
vt 0.541946 0.876029
vn -1 0 0
v -0.85 0.78014 0.587554
vt 0.541946 0.861064
vn -1 0 0
v -0.85 0.764255 0.49592
vt 0.541946 0.859913
vn -1 0 0
v -0.85 1.036193 0.484224
vt 0.541946 0.879613
vn -1 0 0
v 0.85 0.986715 -0.423889
vt 0.512441 0.876029
vn 1 0 0
v 0.85 0.78014 -0.587558
vt 0.512441 0.861064
vn 1 0 0
v 0.85 0.764255 -0.495922
vt 0.512441 0.859913
vn 1 0 0
v 0.85 1.036193 -0.484228
vt 0.512441 0.879613
vn 1 0 0
v -0.65 0.5 -0.600002
vt 0.536388 0.858337
vn -0.007813 0.038789 -0.999217
v -0.85 0.78014 -0.587558
vt 0.541946 0.876689
vn 0.00177 0.101721 -0.994811
v -0.85 0.5 -0.600002
vt 0.541946 0.858337
vn -0.007813 0.038789 -0.999217
v -0.649775 0.74783 -0.591945
vt 0.536381 0.874349
vn 0.037905 0.334826 -0.941517
v -0.649503 1.188681 -0.224751
vt 0.536373 0.906285
vn 0.031038 0.934977 -0.353348
v -0.85 1.18345 0.256205
vt 0.541946 0.905906
vn -0.012513 0.99623 0.08585
v -0.85 1.18345 -0.256209
vt 0.541946 0.905906
vn -0.012513 0.99623 -0.08585
v -0.649503 1.188681 0.224747
vt 0.536373 0.906285
vn 0.031038 0.934977 0.353348
v 0.649723 0.81151 0.578663
vt 0.518008 0.878962
vn -0.021088 0.127049 0.991672
v 0.85 1.036193 0.484224
vt 0.512441 0.895238
vn 0.010468 0.440548 0.897668
v 0.85 0.78014 0.587554
vt 0.512441 0.876689
vn 0.01059 0.307389 0.951525
v 0.6496 1.00925 0.50089
vt 0.518011 0.893286
vn -0.037051 0.695781 0.717297
v -0.8 0.95694 -0.398497
vt 0.540352 0.858247
vn -0.604951 -0.464044 0.647068
v -0.85 0.986715 -0.423889
vt 0.541946 0.860404
vn -0.609688 -0.497834 0.616799
v 0.649513 1.170823 -0.285493
vt 0.184306 0.904991
vn 0.943017 0.326007 -0.066624
v 0.604645 1.113518 -0.57855
vt 0.185652 0.90084
vn 0.936786 0.221813 -0.270613
v 0.649572 1.057814 -0.461072
vt 0.184302 0.896805
vn 0.942157 0.21339 -0.258467
v 0.60458 1.3 -0.290479
vt 0.185657 0.945599
vn 0.936628 0.336045 -0.099004
v -0.85 1.108771 -0.234253
vt 0.541946 0.869246
vn -0.631445 -0.744458 0.216931
v -0.8 1.069427 -0.223729
vt 0.540352 0.866396
vn -0.631391 -0.743245 0.221206
v -0.85 0.764255 0.49592
vt 0.541946 0.844288
vn -0.546909 -0.13984 -0.82543
v -0.8 0.75192 0.464882
vt 0.540352 0.843395
vn -0.544774 -0.11982 -0.829979
v -0.8 1.069427 -0.223729
vt 0.540352 0.866396
vn -0.631391 -0.743245 0.221206
v -0.85 1.108771 -0.234253
vt 0.541946 0.869246
vn -0.631445 -0.744458 0.216931
v 0.85 0.5 -0.600002
vt 0.512441 0.842712
vn 1 0 0
v 0.85 0.5 -0.495922
vt 0.512441 0.842712
vn 1 0 0
v 0.708497 1.006912 0.398455
vt 0.515286 0.848515
vn 0 -0.161112 -0.986936
v -0.708497 0.6 0.464882
vt 0.539101 0.848515
vn 0 -0.251874 -0.96776
v 0.708497 0.6 0.464882
vt 0.515286 0.848515
vn 0 -0.251874 -0.96776
v -0.708497 1.006912 0.398455
vt 0.539101 0.848515
vn 0 -0.161112 -0.986936
v 0.85 0.5 -0.600002
vt 0.512441 0.842712
vn 0 -1 0
v 0.650001 0.5 -0.600002
vt 0.517999 0.842712
vn 0 -0.998599 -0.052919
v 0.85 0.5 -0.495922
vt 0.512441 0.842712
vn 0 -1 0
v -0.8 0.6 0.464882
vt 0.540352 0.83289
vn -0.312363 -0.135627 -0.940231
v -0.85 0.5 0.49592
vt 0.541946 0.827087
vn -0.176708 -0.210096 -0.961579
v -0.3504 1.00925 0.50089
vt 0.529486 0.893286
vn 0 0.723365 0.690466
v 0.350278 0.81151 0.578663
vt 0.524905 0.878962
vn 0 0.096624 0.995321
v -0.350277 0.81151 0.578663
vt 0.529482 0.878962
vn 0 0.096624 0.995321
v 0.350401 1.00925 0.50089
vt 0.524901 0.893286
vn 0 0.723365 0.690466
v 0.85 0.78014 -0.587558
vt 0.512441 0.876689
vn -0.00177 0.101721 -0.994811
v 0.650001 0.5 -0.600002
vt 0.517999 0.858337
vn 0.007813 0.038789 -0.999217
v 0.85 0.5 -0.600002
vt 0.512441 0.858337
vn 0.007813 0.038789 -0.999217
v 0.649776 0.74783 -0.591945
vt 0.518006 0.874349
vn -0.037905 0.334826 -0.941517
v 0.649572 1.057814 0.461068
vt 0.518012 0.896805
vn -0.024629 0.617963 0.785821
v 0.85 1.18345 0.256205
vt 0.512441 0.905906
vn 0.013703 0.88308 0.469023
v 0.85 1.036193 0.484224
vt 0.512441 0.895238
vn 0.014009 0.79174 0.610698
v 0.649513 1.170823 0.285489
vt 0.518014 0.904991
vn -0.032747 0.980302 0.194772
v 0.85 1.108771 -0.234253
vt 0.512441 0.884871
vn 1 0 0
v 0.85 1.18345 -0.256209
vt 0.512441 0.890281
vn 1 0 0
v 0.604645 1.113518 0.578546
vt 0.185652 0.90084
vn 0.936786 0.221813 0.270613
v 0.649723 0.81151 0.578663
vt 0.184292 0.878962
vn 0.935926 0.046084 0.349168
v 0.6496 1.00925 0.50089
vt 0.1843 0.893286
vn 0.943564 0.228223 0.240003
v 0.85 1.18345 -0.256209
vt 0.512441 0.905906
vn 0.013703 0.88308 -0.469023
v 0.649572 1.057814 -0.461072
vt 0.518012 0.896805
vn -0.024629 0.617963 -0.785821
v 0.85 1.036193 -0.484228
vt 0.512441 0.895238
vn 0.014009 0.79174 -0.610698
v 0.649513 1.170823 -0.285493
vt 0.518014 0.904991
vn -0.032747 0.980302 -0.194772
v 0.85 0.78014 0.587554
vt 0.512441 0.861064
vn 1 0 0
v 0.85 0.986715 0.423885
vt 0.512441 0.876029
vn 1 0 0
v 0.85 0.764255 0.49592
vt 0.512441 0.859913
vn 1 0 0
v 0.85 1.036193 0.484224
vt 0.512441 0.879613
vn 1 0 0
v 0.649504 1.188681 0.224747
vt 0.518014 0.906285
vn -0.031038 0.934977 0.353348
v 0.85 1.18345 -0.256209
vt 0.512441 0.905906
vn 0.012513 0.99623 -0.08585
v 0.85 1.18345 0.256205
vt 0.512441 0.905906
vn 0.012513 0.99623 0.08585
v 0.649504 1.188681 -0.224751
vt 0.518014 0.906285
vn -0.031038 0.934977 -0.353348
v 0.8 1.069427 0.223725
vt 0.514035 0.866396
vn 0.631409 -0.743231 -0.221202
v 0.85 1.108771 0.23425
vt 0.512441 0.869246
vn 0.631445 -0.744458 -0.216931
v 0.8 0.6 0.464882
vt 0.514035 0.83289
vn 0.312363 -0.135627 -0.940231
v 0.85 0.5 0.49592
vt 0.512441 0.827087
vn 0.176708 -0.210096 -0.961579
v 0.85 0.764255 -0.495922
vt 0.512441 0.844288
vn 0.546909 -0.13984 0.82543
v 0.8 0.75192 -0.464883
vt 0.514035 0.843395
vn 0.544797 -0.119788 0.829968
v -0.85 1.108771 0.23425
vt 0.541946 0.884871
vn -1 0 0
v -0.85 1.18345 0.256205
vt 0.541946 0.890281
vn -1 0 0
v -0.85 1.18345 0.256205
vt 0.541946 0.905906
vn -0.013703 0.88308 0.469023
v -0.649571 1.057814 0.461068
vt 0.536375 0.896805
vn 0.024629 0.617963 0.785821
v -0.85 1.036193 0.484224
vt 0.541946 0.895238
vn -0.014009 0.79174 0.610698
v -0.649512 1.170823 0.285489
vt 0.536373 0.904991
vn 0.032747 0.980302 0.194772
v 0.350488 1.170823 0.285489
vt 0.199279 0.904991
vn -0.943017 0.326007 0.066624
v 0.395356 1.113518 0.578546
vt 0.197933 0.90084
vn -0.936786 0.221813 0.270613
v 0.350429 1.057814 0.461068
vt 0.199283 0.896805
vn -0.942157 0.21339 0.258467
v 0.395421 1.3 0.290475
vt 0.197928 0.945599
vn -0.936628 0.336045 0.099004
v 0.650001 0.5 0.599998
vt 0.517999 0.858337
vn 0.007813 0.038789 0.999217
v 0.85 0.78014 0.587554
vt 0.512441 0.876689
vn -0.00177 0.101721 0.994811
v 0.85 0.5 0.599998
vt 0.512441 0.858337
vn 0.007813 0.038789 0.999217
v 0.649776 0.74783 0.591941
vt 0.518006 0.874349
vn -0.037905 0.334826 0.941517
v 0.85 1.108771 0.23425
vt 0.512441 0.884871
vn 1 0 0
v 0.85 1.18345 0.256205
vt 0.512441 0.890281
vn 1 0 0
v -0.604781 0.804478 0.699999
vt 0.222901 0.878452
vn -0.929082 0.072574 0.362685
v -0.649775 0.74783 0.591941
vt 0.224253 0.874349
vn -0.934323 0.114021 0.337698
v -0.649746 0.771729 0.571367
vt 0.224251 0.87608
vn -0.947122 0.083805 0.309736
v 0.85 1.036193 -0.484228
vt 0.512441 0.895238
vn 0.010468 0.440548 -0.897668
v 0.649723 0.81151 -0.578666
vt 0.518008 0.878962
vn -0.021088 0.127049 -0.991672
v 0.85 0.78014 -0.587558
vt 0.512441 0.876689
vn 0.01059 0.307389 -0.951525
v 0.6496 1.00925 -0.500894
vt 0.518011 0.893286
vn -0.037051 0.695781 -0.717297
v -0.649722 0.81151 -0.578666
vt 0.53638 0.878962
vn 0.021088 0.127049 -0.991672
v -0.85 1.036193 -0.484228
vt 0.541946 0.895238
vn -0.010468 0.440548 -0.897668
v -0.85 0.78014 -0.587558
vt 0.541946 0.876689
vn -0.01059 0.307389 -0.951525
v -0.649599 1.00925 -0.500894
vt 0.536376 0.893286
vn 0.037051 0.695781 -0.717297
v -0.85 0.78014 -0.587558
vt 0.541946 0.861064
vn -1 0 0
v -0.85 0.5 -0.495922
vt 0.541946 0.842712
vn -1 0 0
v -0.85 0.5 -0.600002
vt 0.541946 0.842712
vn -1 0 0
v -0.85 0.764255 -0.495922
vt 0.541946 0.859913
vn -1 0 0
v -0.350277 0.81151 -0.578666
vt 0.209248 0.878962
vn 0.935926 0.046084 -0.349168
v -0.395355 1.113518 -0.57855
vt 0.210608 0.90084
vn 0.936786 0.221813 -0.270613
v -0.395218 0.804479 -0.700001
vt 0.210598 0.878452
vn 0.929082 0.072574 -0.362685
v -0.3504 1.00925 -0.500894
vt 0.209257 0.893286
vn 0.943564 0.228223 -0.240003
v -0.604644 1.113518 0.578546
vt 0.22289 0.93209
vn 0 0.632915 0.774221
v -0.395218 0.804478 0.699999
vt 0.210598 0.909702
vn 0 0.186046 0.982541
v -0.604781 0.804478 0.699999
vt 0.222901 0.909702
vn 0 0.186046 0.982541
v -0.395355 1.113518 0.578546
vt 0.210608 0.93209
vn 0 0.632915 0.774221
v -0.35 0.5 0.599998
vt 0.529474 0.842712
vn 0 -0.998599 0.052919
v 0.55962 0.5 0.49592
vt 0.521456 0.842712
vn 0 -1 0
v -0.55962 0.5 0.49592
vt 0.532931 0.842712
vn 0 -1 0
v 0.350001 0.5 0.599998
vt 0.524914 0.842712
vn 0 -0.998599 0.052919
v 0.650001 0.5 0.599998
vt 0.517999 0.842712
vn 0 -0.998599 0.052919
v 0.85 0.5 0.49592
vt 0.512441 0.842712
vn 0 -1 0
v 0.85 0.5 0.599998
vt 0.512441 0.842712
vn 0 -1 0
v -0.708497 0.6 0.464882
vt 0.53158 0.83289
vn 0 -0.251874 -0.96776
v -0.55962 0.5 0.49592
vt 0.532931 0.827087
vn 0 -0.296429 -0.955055
v -0.85 0.5 0.599998
vt 0.541946 0.842712
vn 0 -1 0
v -0.85 0.5 0.49592
vt 0.541946 0.842712
vn 0 -1 0
v -0.65 0.5 0.599998
vt 0.536388 0.842712
vn 0 -0.998599 0.052919
v -0.85 0.5 -0.495922
vt 0.541946 0.842712
vn 0 -1 0
v -0.65 0.5 -0.600002
vt 0.536388 0.842712
vn 0 -0.998599 -0.052919
v -0.85 0.5 -0.600002
vt 0.541946 0.842712
vn 0 -1 0
v -0.85 0.5 0.599998
vt 0.541946 0.842712
vn -1 0 0
v -0.85 0.5 0.49592
vt 0.541946 0.842712
vn -1 0 0
v 0.85 0.5 0.49592
vt 0.512441 0.842712
vn 1 0 0
v 0.85 0.5 0.599998
vt 0.512441 0.842712
vn 1 0 0
v -0.350487 1.170823 -0.285493
vt 0.209263 0.904991
vn 0.943017 0.326007 -0.066624
v -0.350428 1.057814 -0.461072
vt 0.209259 0.896805
vn 0.942157 0.21339 -0.258467
v -0.395421 1.3 -0.290479
vt 0.210614 0.945599
vn 0.936628 0.336045 -0.099004
v -0.394999 0.52 -0.700001
vt 0.21058 0.85443
vn 0 -0.980581 -0.196116
v -0.65 0.5 -0.600002
vt 0.224269 0.85443
vn 0 -0.998599 -0.052919
v -0.35 0.5 -0.600002
vt 0.20923 0.85443
vn 0 -0.998599 -0.052919
v -0.605 0.52 -0.700001
vt 0.222918 0.85443
vn 0 -0.980581 -0.196116
v 0.60458 1.3 0.290475
vt 0.185657 0.945599
vn 0.936628 0.336045 0.099004
v 0.649504 1.188681 -0.224751
vt 0.184306 0.906285
vn 0.942888 0.312699 -0.114813
v 0.649504 1.188681 0.224747
vt 0.184306 0.906285
vn 0.942888 0.312699 0.114813
v 0.60458 1.3 -0.290479
vt 0.185657 0.945599
vn 0.936628 0.336045 -0.099004
v -0.395355 1.113518 0.578546
vt 0.210608 0.90084
vn 0.936786 0.221813 0.270613
v -0.350277 0.81151 0.578663
vt 0.209248 0.878962
vn 0.935926 0.046084 0.349168
v -0.395218 0.804478 0.699999
vt 0.210598 0.878452
vn 0.929082 0.072574 0.362685
v -0.3504 1.00925 0.50089
vt 0.209257 0.893286
vn 0.943564 0.228223 0.240003
v 0.350278 0.81151 0.578663
vt 0.199293 0.878962
vn -0.935926 0.046084 0.349168
v 0.395219 0.804478 0.699999
vt 0.197944 0.878452
vn -0.929082 0.072574 0.362685
v 0.350401 1.00925 0.50089
vt 0.199285 0.893286
vn -0.943564 0.228223 0.240003
v 0.395356 1.113518 -0.57855
vt 0.197933 0.90084
vn -0.936786 0.221813 -0.270613
v 0.350278 0.81151 -0.578666
vt 0.199293 0.878962
vn -0.935926 0.046084 -0.349168
v 0.395219 0.804479 -0.700001
vt 0.197944 0.878452
vn -0.929082 0.072574 -0.362685
v 0.350401 1.00925 -0.500894
vt 0.199285 0.893286
vn -0.943564 0.228223 -0.240003
v -0.604579 1.3 -0.290479
vt 0.222884 0.945599
vn -0.936628 0.336045 -0.099004
v -0.649503 1.188681 0.224747
vt 0.224235 0.906285
vn -0.942888 0.312699 0.114813
v -0.649503 1.188681 -0.224751
vt 0.224235 0.906285
vn -0.942888 0.312699 -0.114813
v -0.604579 1.3 0.290475
vt 0.222884 0.945599
vn -0.936628 0.336045 0.099004
v 0.350225 0.74783 0.591941
vt 0.199297 0.874349
vn -0.934323 0.114021 0.337698
v 0.395 0.519999 0.699999
vt 0.197961 0.866149
vn -0.918707 0.006714 0.394883
v 0.350001 0.5 0.599998
vt 0.199312 0.858337
vn -0.918707 0.006714 0.394883
v -0.649512 1.170823 0.285489
vt 0.224236 0.904991
vn -0.943017 0.326007 0.066624
v -0.604644 1.113518 0.578546
vt 0.22289 0.90084
vn -0.936786 0.221813 0.270613
v -0.649571 1.057814 0.461068
vt 0.22424 0.896805
vn -0.942157 0.21339 0.258467
v -0.604579 1.3 0.290475
vt 0.222884 0.945599
vn -0.936628 0.336045 0.099004
v 0.350488 1.170823 -0.285493
vt 0.199279 0.904991
vn -0.943017 0.326007 -0.066624
v 0.350429 1.057814 -0.461072
vt 0.199283 0.896805
vn -0.942157 0.21339 -0.258467
v 0.395421 1.3 -0.290479
vt 0.197928 0.945599
vn -0.936628 0.336045 -0.099004
v 0.649723 0.81151 -0.578666
vt 0.184292 0.878962
vn 0.935926 0.046084 -0.349168
v 0.604782 0.804479 -0.700001
vt 0.185641 0.878452
vn 0.929082 0.072574 -0.362685
v 0.6496 1.00925 -0.500894
vt 0.1843 0.893286
vn 0.943564 0.228223 -0.240003
v 0.395356 1.113518 0.578546
vt 0.197933 0.93209
vn 0 0.632915 0.774221
v 0.604782 0.804478 0.699999
vt 0.185641 0.909702
vn 0 0.186046 0.982541
v 0.395219 0.804478 0.699999
vt 0.197944 0.909702
vn 0 0.186046 0.982541
v 0.604645 1.113518 0.578546
vt 0.185652 0.93209
vn 0 0.632915 0.774221
v -0.604579 1.3 0.290475
vt 0.222884 0.976849
vn 0 0.959021 0.283336
v -0.395421 1.3 0.290475
vt 0.210614 0.976849
vn 0 0.959021 0.283336
v 0.395421 1.3 0.290475
vt 0.197928 0.976849
vn 0 0.959021 0.283336
v 0.60458 1.3 0.290475
vt 0.185657 0.976849
vn 0 0.959021 0.283336
v -0.395218 0.804479 -0.700001
vt 0.210598 0.909702
vn 0 0.186046 -0.982541
v -0.605 0.52 -0.700001
vt 0.222918 0.866149
vn 0 0 -1
v -0.394999 0.52 -0.700001
vt 0.21058 0.866149
vn 0 0 -1
v -0.604781 0.804479 -0.700001
vt 0.222901 0.909702
vn 0 0.186046 -0.982541
v 0.604782 0.804479 -0.700001
vt 0.185641 0.909702
vn 0 0.186046 -0.982541
v 0.395 0.52 -0.700001
vt 0.197961 0.866149
vn 0 0 -1
v 0.605001 0.52 -0.700001
vt 0.185623 0.866149
vn 0 0 -1
v 0.395219 0.804479 -0.700001
vt 0.197944 0.909702
vn 0 0.186046 -0.982541
v -0.395421 1.3 -0.290479
vt 0.210614 0.976849
vn 0 0.959021 -0.283336
v -0.604644 1.113518 -0.57855
vt 0.22289 0.93209
vn 0 0.632915 -0.774221
v -0.395355 1.113518 -0.57855
vt 0.210608 0.93209
vn 0 0.632915 -0.774221
v -0.604579 1.3 -0.290479
vt 0.222884 0.976849
vn 0 0.959021 -0.283336
v 0.60458 1.3 -0.290479
vt 0.185657 0.976849
vn 0 0.959021 -0.283336
v 0.395356 1.113518 -0.57855
vt 0.197933 0.93209
vn 0 0.632915 -0.774221
v 0.604645 1.113518 -0.57855
vt 0.185652 0.93209
vn 0 0.632915 -0.774221
v 0.395421 1.3 -0.290479
vt 0.197928 0.976849
vn 0 0.959021 -0.283336
v 0.395 0.519999 0.699999
vt 0.197961 0.85443
vn 0 -0.980587 0.196087
v 0.650001 0.5 0.599998
vt 0.184273 0.85443
vn 0 -0.998599 0.052919
v 0.350001 0.5 0.599998
vt 0.199312 0.85443
vn 0 -0.998599 0.052919
v 0.605001 0.519999 0.699999
vt 0.185623 0.85443
vn 0 -0.980587 0.196087
v -0.394999 0.519999 0.699999
vt 0.21058 0.866149
vn 0 0 1
v -0.605 0.519999 0.699999
vt 0.222918 0.866149
vn 0 0 1
v 0.605001 0.519999 0.699999
vt 0.185623 0.866149
vn 0 0 1
v 0.395 0.519999 0.699999
vt 0.197961 0.866149
vn 0 0 1
v -0.350224 0.74783 0.591941
vt 0.529481 0.874349
vn 0 0.363331 0.93166
v 0.350001 0.5 0.599998
vt 0.524914 0.858337
vn 0 0.032472 0.999473
v -0.35 0.5 0.599998
vt 0.529474 0.858337
vn 0 0.032472 0.999473
v 0.350225 0.74783 0.591941
vt 0.524907 0.874349
vn 0 0.363331 0.93166
v -0.604644 1.113518 -0.57855
vt 0.22289 0.90084
vn -0.936786 0.221813 -0.270613
v -0.649512 1.170823 -0.285493
vt 0.224236 0.904991
vn -0.943017 0.326007 -0.066624
v -0.649571 1.057814 -0.461072
vt 0.22424 0.896805
vn -0.942157 0.21339 -0.258467
v -0.604579 1.3 -0.290479
vt 0.222884 0.945599
vn -0.936628 0.336045 -0.099004
v -0.649722 0.81151 -0.578666
vt 0.22425 0.878962
vn -0.935926 0.046084 -0.349168
v -0.604781 0.804479 -0.700001
vt 0.222901 0.878452
vn -0.929082 0.072574 -0.362685
v -0.649599 1.00925 -0.500894
vt 0.224242 0.893286
vn -0.943564 0.228223 -0.240003
v -0.350487 1.170823 0.285489
vt 0.529489 0.904991
vn 0 0.98789 0.155157
v 0.350429 1.057814 0.461068
vt 0.5249 0.896805
vn 0 0.590204 0.807254
v -0.350428 1.057814 0.461068
vt 0.529487 0.896805
vn 0 0.590204 0.807254
v 0.350488 1.170823 0.285489
vt 0.524898 0.904991
vn 0 0.98789 0.155157
v 0.350225 0.74783 -0.591945
vt 0.524907 0.874349
vn 0 0.363331 -0.93166
v -0.35 0.5 -0.600002
vt 0.529474 0.858337
vn 0 0.032472 -0.999473
v 0.350001 0.5 -0.600002
vt 0.524914 0.858337
vn 0 0.032472 -0.999473
v -0.350224 0.74783 -0.591945
vt 0.529481 0.874349
vn 0 0.363331 -0.93166
v 0.395421 1.3 -0.290479
vt 0.197928 0.945599
vn -0.936628 0.336045 -0.099004
v 0.350497 1.188681 0.224747
vt 0.199278 0.906285
vn -0.942888 0.312699 0.114813
v 0.350497 1.188681 -0.224751
vt 0.199278 0.906285
vn -0.942888 0.312699 -0.114813
v 0.395421 1.3 0.290475
vt 0.197928 0.945599
vn -0.936628 0.336045 0.099004
v -0.350487 1.170823 0.285489
vt 0.209263 0.904991
vn 0.943017 0.326007 0.066624
v -0.350428 1.057814 0.461068
vt 0.209259 0.896805
vn 0.942157 0.21339 0.258467
v -0.395421 1.3 0.290475
vt 0.210614 0.945599
vn 0.936628 0.336045 0.099004
v 0.350488 1.170823 -0.285493
vt 0.524898 0.904991
vn 0 0.98789 -0.155157
v -0.350428 1.057814 -0.461072
vt 0.529487 0.896805
vn 0 0.590204 -0.807254
v 0.350429 1.057814 -0.461072
vt 0.5249 0.896805
vn 0 0.590204 -0.807254
v -0.350487 1.170823 -0.285493
vt 0.529489 0.904991
vn 0 0.98789 -0.155157
v 0.350497 1.188681 0.224747
vt 0.524898 0.906285
vn 0 0.921135 0.389244
v -0.350497 1.188681 -0.224751
vt 0.529489 0.906285
vn 0 0.921135 -0.389244
v 0.350497 1.188681 -0.224751
vt 0.524898 0.906285
vn 0 0.921135 -0.389244
v -0.350497 1.188681 0.224747
vt 0.529489 0.906285
vn 0 0.921135 0.389244
v 0.350401 1.00925 -0.500894
vt 0.524901 0.893286
vn 0 0.723365 -0.690466
v -0.350277 0.81151 -0.578666
vt 0.529482 0.878962
vn 0 0.096624 -0.995321
v 0.350278 0.81151 -0.578666
vt 0.524905 0.878962
vn 0 0.096624 -0.995321
v -0.3504 1.00925 -0.500894
vt 0.529486 0.893286
vn 0 0.723365 -0.690466
v -0.605 0.519999 0.699999
vt 0.222918 0.85443
vn 0 -0.980587 0.196087
v -0.35 0.5 0.599998
vt 0.20923 0.85443
vn 0 -0.998599 0.052919
v -0.65 0.5 0.599998
vt 0.224269 0.85443
vn 0 -0.998599 0.052919
v -0.394999 0.519999 0.699999
vt 0.21058 0.85443
vn 0 -0.980587 0.196087
v -0.605 0.52 -0.700001
vt 0.222918 0.866149
vn -0.918707 0.006714 -0.394883
v -0.649775 0.74783 -0.591945
vt 0.224253 0.874349
vn -0.934313 0.11402 -0.337725
v -0.65 0.5 -0.600002
vt 0.224269 0.858337
vn -0.918707 0.006714 -0.394883
v 0.395 0.52 -0.700001
vt 0.197961 0.866149
vn -0.918707 0.006714 -0.394883
v 0.350225 0.74783 -0.591945
vt 0.199297 0.874349
vn -0.934313 0.11402 -0.337725
v 0.350001 0.5 -0.600002
vt 0.199312 0.858337
vn -0.918707 0.006714 -0.394883
v 0.605001 0.52 -0.700001
vt 0.185623 0.85443
vn 0 -0.980581 -0.196116
v 0.350001 0.5 -0.600002
vt 0.199312 0.85443
vn 0 -0.998599 -0.052919
v 0.650001 0.5 -0.600002
vt 0.184273 0.85443
vn 0 -0.998599 -0.052919
v 0.395 0.52 -0.700001
vt 0.197961 0.85443
vn 0 -0.980581 -0.196116
v 0.649513 1.170823 0.285489
vt 0.184306 0.904991
vn 0.943017 0.326007 0.066624
v 0.649572 1.057814 0.461068
vt 0.184302 0.896805
vn 0.942157 0.21339 0.258467
v 0.60458 1.3 0.290475
vt 0.185657 0.945599
vn 0.936628 0.336045 0.099004
v 0.649776 0.74783 -0.591945
vt 0.184288 0.874349
vn 0.934313 0.11402 -0.337725
v 0.605001 0.52 -0.700001
vt 0.185623 0.866149
vn 0.918707 0.006714 -0.394883
v 0.650001 0.5 -0.600002
vt 0.184273 0.858337
vn 0.918707 0.006714 -0.394883
v 0.649747 0.771729 0.571367
vt 0.18429 0.87608
vn 0.947131 0.083806 0.309708
v 0.350254 0.771729 0.571367
vt 0.199295 0.87608
vn -0.947122 0.083805 0.309736
v -0.350253 0.771729 0.571367
vt 0.209247 0.87608
vn 0.947131 0.083806 0.309708
v -0.350224 0.74783 0.591941
vt 0.209245 0.874349
vn 0.934323 0.114021 0.337698
v -0.605 0.519999 0.699999
vt 0.222918 0.866149
vn -0.918707 0.006714 0.394883
v -0.65 0.5 0.599998
vt 0.224269 0.858337
vn -0.918707 0.006714 0.394883
v -0.649599 1.00925 0.50089
vt 0.224242 0.893286
vn -0.943564 0.228223 0.240003
v -0.649583 1.01928 0.471467
vt 0.22424 0.894013
vn -0.953755 0.204479 0.220318
v -0.350416 1.01928 0.471467
vt 0.209258 0.894013
vn 0.953755 0.204479 0.220318
v 0.350417 1.01928 0.471467
vt 0.199284 0.894013
vn -0.953755 0.204479 0.220318
v 0.649584 1.01928 0.471467
vt 0.184301 0.894013
vn 0.953755 0.204479 0.220318
v -0.350224 0.74783 -0.591945
vt 0.209245 0.874349
vn 0.934313 0.11402 -0.337725
v -0.350253 0.771729 -0.57137
vt 0.209247 0.87608
vn 0.947122 0.083805 -0.309736
v -0.649746 0.771729 -0.57137
vt 0.224251 0.87608
vn -0.947122 0.083805 -0.309736
v 0.649747 0.771729 -0.57137
vt 0.18429 0.87608
vn 0.947122 0.083805 -0.309736
v 0.350254 0.771729 -0.57137
vt 0.199295 0.87608
vn -0.947122 0.083805 -0.309736
v 0.350417 1.01928 -0.471471
vt 0.199284 0.894013
vn -0.953755 0.204479 -0.220318
v 0.649584 1.01928 -0.471471
vt 0.184301 0.894013
vn 0.953755 0.204479 -0.220318
v -0.649583 1.01928 -0.471471
vt 0.22424 0.894013
vn -0.953755 0.204479 -0.220318
v -0.350416 1.01928 -0.471471
vt 0.209258 0.894013
vn 0.953755 0.204479 -0.220318
v 0.649513 1.170823 -0.285493
vt 0.184306 0.904991
vn 0.943017 0.326007 -0.066624
v 0.649506 1.161648 -0.251023
vt 0.184306 0.904326
vn 0.954547 0.287185 -0.079777
v 0.60458 1.3 -0.290479
vt 0.185657 0.945599
vn 0.936628 0.336045 -0.099004
v 0.649506 1.161648 -0.251023
vt 0.184306 0.904326
vn 0.954547 0.287185 -0.079777
v 0.350495 1.161648 -0.251023
vt 0.199278 0.904326
vn -0.954547 0.287185 -0.079777
v 0.350495 1.161648 -0.251023
vt 0.199278 0.904326
vn -0.954547 0.287185 -0.079777
v 0.350488 1.170823 -0.285493
vt 0.199279 0.904991
vn -0.943017 0.326007 -0.066624
v 0.395421 1.3 -0.290479
vt 0.197928 0.945599
vn -0.936628 0.336045 -0.099004
v -0.350487 1.170823 -0.285493
vt 0.209263 0.904991
vn 0.943017 0.326007 -0.066624
v -0.350494 1.161648 -0.251023
vt 0.209263 0.904326
vn 0.954547 0.287185 -0.079777
v -0.395421 1.3 -0.290479
vt 0.210614 0.945599
vn 0.936628 0.336045 -0.099004
v -0.350494 1.161648 -0.251023
vt 0.209263 0.904326
vn 0.954547 0.287185 -0.079777
v -0.649505 1.161648 -0.251023
vt 0.224235 0.904326
vn -0.954547 0.287185 -0.079777
v -0.649505 1.161648 -0.251023
vt 0.224235 0.904326
vn -0.954547 0.287185 -0.079777
v -0.649512 1.170823 -0.285493
vt 0.224236 0.904991
vn -0.943017 0.326007 -0.066624
v -0.604579 1.3 -0.290479
vt 0.222884 0.945599
vn -0.936628 0.336045 -0.099004
v -0.649512 1.170823 0.285489
vt 0.224236 0.904991
vn -0.943017 0.326007 0.066624
v -0.649505 1.161648 0.251019
vt 0.224235 0.904326
vn -0.954547 0.287185 0.079777
v -0.604579 1.3 0.290475
vt 0.222884 0.945599
vn -0.936628 0.336045 0.099004
v -0.649505 1.161648 0.251019
vt 0.224235 0.904326
vn -0.954547 0.287185 0.079777
v -0.649503 1.188681 0.224747
vt 0.224235 0.906285
vn -0.942888 0.312699 0.114813
v -0.604579 1.3 0.290475
vt 0.222884 0.945599
vn -0.936628 0.336045 0.099004
v -0.350497 1.188681 0.224747
vt 0.209263 0.906285
vn 0.942888 0.312699 0.114813
v -0.350494 1.161648 0.251019
vt 0.209263 0.904326
vn 0.954547 0.287185 0.079777
v -0.395421 1.3 0.290475
vt 0.210614 0.945599
vn 0.936628 0.336045 0.099004
v -0.350494 1.161648 0.251019
vt 0.209263 0.904326
vn 0.954547 0.287185 0.079777
v -0.350487 1.170823 0.285489
vt 0.209263 0.904991
vn 0.943017 0.326007 0.066624
v -0.395421 1.3 0.290475
vt 0.210614 0.945599
vn 0.936628 0.336045 0.099004
v 0.350488 1.170823 0.285489
vt 0.199279 0.904991
vn -0.943017 0.326007 0.066624
v 0.350495 1.161648 0.251019
vt 0.199278 0.904326
vn -0.954547 0.287185 0.079777
v 0.395421 1.3 0.290475
vt 0.197928 0.945599
vn -0.936628 0.336045 0.099004
v 0.350495 1.161648 0.251019
vt 0.199278 0.904326
vn -0.954547 0.287185 0.079777
v 0.350497 1.188681 0.224747
vt 0.199278 0.906285
vn -0.942888 0.312699 0.114813
v 0.395421 1.3 0.290475
vt 0.197928 0.945599
vn -0.936628 0.336045 0.099004
v 0.649504 1.188681 0.224747
vt 0.184306 0.906285
vn 0.942888 0.312699 0.114813
v 0.649506 1.161648 0.251019
vt 0.184306 0.904326
vn 0.954547 0.287185 0.079777
v 0.60458 1.3 0.290475
vt 0.185657 0.945599
vn 0.936628 0.336045 0.099004
v 0.649506 1.161648 0.251019
vt 0.184306 0.904326
vn 0.954547 0.287185 0.079777
v 0.649513 1.170823 0.285489
vt 0.184306 0.904991
vn 0.943017 0.326007 0.066624
v 0.60458 1.3 0.290475
vt 0.185657 0.945599
vn 0.936628 0.336045 0.099004
v 0.649572 1.057814 0.461068
vt 0.518012 0.865555
vn -0.024629 0.617963 0.785821
v 0.85 1.036193 0.484224
vt 0.512441 0.863988
vn 0.014009 0.79174 0.610698
v 0.649584 1.01928 0.471467
vt 0.518012 0.862763
vn -0.083135 0.259628 0.962124
v 0.649584 1.01928 0.471467
vt 0.518012 0.925263
vn -0.09989 0.941765 0.321094
v 0.85 1.036193 0.484224
vt 0.512441 0.926488
vn 0.010468 0.440548 0.897668
v 0.6496 1.00925 0.50089
vt 0.518011 0.924536
vn -0.037051 0.695781 0.717297
v 0.85 0.78014 0.587554
vt 0.512441 0.907939
vn -0.00177 0.101721 0.994811
v 0.649776 0.74783 0.591941
vt 0.518006 0.905599
vn -0.037905 0.334826 0.941517
v 0.649747 0.771729 0.571367
vt 0.518007 0.90733
vn -0.088294 0.649827 0.754937
v 0.85 0.78014 0.587554
vt 0.512441 0.845439
vn 0.01059 0.307389 0.951525
v 0.649747 0.771729 0.571367
vt 0.518007 0.84483
vn -0.071719 -0.179939 0.98106
v 0.649723 0.81151 0.578663
vt 0.518008 0.847712
vn -0.021088 0.127049 0.991672
v -0.350277 0.81151 0.578663
vt 0.529482 0.847712
vn 0 0.096624 0.995321
v 0.350254 0.771729 0.571367
vt 0.524906 0.84483
vn 0 -0.180368 0.983599
v -0.350253 0.771729 0.571367
vt 0.529481 0.84483
vn 0 -0.180368 0.983599
v 0.350278 0.81151 0.578663
vt 0.524905 0.847712
vn 0 0.096624 0.995321
v -0.350253 0.771729 0.571367
vt 0.529481 0.90733
vn 0 0.652434 0.757846
v 0.350225 0.74783 0.591941
vt 0.524907 0.905599
vn 0 0.363331 0.93166
v -0.350224 0.74783 0.591941
vt 0.529481 0.905599
vn 0 0.363331 0.93166
v 0.350254 0.771729 0.571367
vt 0.524906 0.90733
vn 0 0.652434 0.757846
v -0.350428 1.057814 0.461068
vt 0.529487 0.865555
vn 0 0.590204 0.807254
v 0.350417 1.01928 0.471467
vt 0.524901 0.862763
vn 0 0.260539 0.965463
v -0.350416 1.01928 0.471467
vt 0.529486 0.862763
vn 0 0.260539 0.965463
v 0.350429 1.057814 0.461068
vt 0.5249 0.865555
vn 0 0.590204 0.807254
v -0.350416 1.01928 0.471467
vt 0.529486 0.925263
vn 0 0.946519 0.322648
v 0.350401 1.00925 0.50089
vt 0.524901 0.924536
vn 0 0.723365 0.690466
v -0.3504 1.00925 0.50089
vt 0.529486 0.924536
vn 0 0.723365 0.690466
v 0.350417 1.01928 0.471467
vt 0.524901 0.925263
vn 0 0.946519 0.322648
v -0.85 0.78014 0.587554
vt 0.541946 0.845439
vn -0.01059 0.307389 0.951525
v -0.649722 0.81151 0.578663
vt 0.53638 0.847712
vn 0.021088 0.127049 0.991672
v -0.649746 0.771729 0.571367
vt 0.53638 0.84483
vn 0.071719 -0.179939 0.98106
v -0.85 0.78014 0.587554
vt 0.541946 0.907939
vn 0.00177 0.101721 0.994811
v -0.649746 0.771729 0.571367
vt 0.53638 0.90733
vn 0.088294 0.649827 0.754937
v -0.649775 0.74783 0.591941
vt 0.536381 0.905599
vn 0.037905 0.334826 0.941517
v -0.85 1.036193 0.484224
vt 0.541946 0.863988
vn -0.014009 0.79174 0.610698
v -0.649571 1.057814 0.461068
vt 0.536375 0.865555
vn 0.024629 0.617963 0.785821
v -0.649583 1.01928 0.471467
vt 0.536375 0.862763
vn 0.083135 0.259628 0.962124
v -0.85 1.036193 0.484224
vt 0.541946 0.926488
vn -0.010468 0.440548 0.897668
v -0.649583 1.01928 0.471467
vt 0.536375 0.925263
vn 0.09989 0.941765 0.321094
v -0.649599 1.00925 0.50089
vt 0.536376 0.924536
vn 0.037051 0.695781 0.717297
v -0.85 1.18345 0.256205
vt 0.541946 0.874656
vn -0.012513 0.99623 0.08585
v -0.649503 1.188681 0.224747
vt 0.536373 0.875035
vn 0.031038 0.934977 0.353348
v -0.649505 1.161648 0.251019
vt 0.536373 0.873076
vn 0.093908 0.693854 0.713966
v -0.85 1.18345 0.256205
vt 0.541946 0.937156
vn -0.013703 0.88308 0.469023
v -0.649505 1.161648 0.251019
vt 0.536373 0.935576
vn 0.097936 0.961721 -0.255934
v -0.649512 1.170823 0.285489
vt 0.536373 0.936241
vn 0.032747 0.980302 0.194772
v -0.350497 1.188681 0.224747
vt 0.529489 0.875035
vn 0 0.921135 0.389244
v 0.350495 1.161648 0.251019
vt 0.524898 0.873076
vn 0 0.696948 0.717122
v -0.350494 1.161648 0.251019
vt 0.529489 0.873076
vn 0 0.696948 0.717122
v 0.350497 1.188681 0.224747
vt 0.524898 0.875035
vn 0 0.921135 0.389244
v 0.350488 1.170823 0.285489
vt 0.524898 0.936241
vn 0 0.98789 0.155157
v -0.350494 1.161648 0.251019
vt 0.529489 0.935576
vn 0 0.966362 -0.257186
v 0.350495 1.161648 0.251019
vt 0.524898 0.935576
vn 0 0.966362 -0.257186
v -0.350487 1.170823 0.285489
vt 0.529489 0.936241
vn 0 0.98789 0.155157
v 0.649504 1.188681 0.224747
vt 0.518014 0.875035
vn -0.031038 0.934977 0.353348
v 0.85 1.18345 0.256205
vt 0.512441 0.874656
vn 0.012513 0.99623 0.08585
v 0.649506 1.161648 0.251019
vt 0.518014 0.873076
vn -0.093908 0.693854 0.713966
v 0.649506 1.161648 0.251019
vt 0.518014 0.935576
vn -0.097936 0.961721 -0.255934
v 0.85 1.18345 0.256205
vt 0.512441 0.937156
vn 0.013703 0.88308 0.469023
v 0.649513 1.170823 0.285489
vt 0.518014 0.936241
vn -0.032747 0.980302 0.194772
v -0.85 0.78014 -0.587558
vt 0.541946 0.907939
vn 0.00177 0.101721 -0.994811
v -0.649775 0.74783 -0.591945
vt 0.536381 0.905599
vn 0.037905 0.334826 -0.941517
v -0.649746 0.771729 -0.57137
vt 0.53638 0.90733
vn 0.088294 0.649827 -0.754937
v -0.85 0.78014 -0.587558
vt 0.541946 0.845439
vn -0.01059 0.307389 -0.951525
v -0.649746 0.771729 -0.57137
vt 0.53638 0.84483
vn 0.071719 -0.179939 -0.98106
v -0.649722 0.81151 -0.578666
vt 0.53638 0.847712
vn 0.021088 0.127049 -0.991672
v -0.649571 1.057814 -0.461072
vt 0.536375 0.865555
vn 0.024629 0.617963 -0.785821
v -0.85 1.036193 -0.484228
vt 0.541946 0.863988
vn -0.014009 0.79174 -0.610698
v -0.649583 1.01928 -0.471471
vt 0.536375 0.862763
vn 0.083135 0.259628 -0.962124
v -0.649583 1.01928 -0.471471
vt 0.536375 0.925263
vn 0.09989 0.941765 -0.321094
v -0.85 1.036193 -0.484228
vt 0.541946 0.926488
vn -0.010468 0.440548 -0.897668
v -0.649599 1.00925 -0.500894
vt 0.536376 0.924536
vn 0.037051 0.695781 -0.717297
v 0.350254 0.771729 -0.57137
vt 0.524906 0.90733
vn 0 0.652434 -0.757846
v -0.350224 0.74783 -0.591945
vt 0.529481 0.905599
vn 0 0.363331 -0.93166
v 0.350225 0.74783 -0.591945
vt 0.524907 0.905599
vn 0 0.363331 -0.93166
v -0.350253 0.771729 -0.57137
vt 0.529481 0.90733
vn 0 0.652434 -0.757846
v 0.350278 0.81151 -0.578666
vt 0.524905 0.847712
vn 0 0.096624 -0.995321
v -0.350253 0.771729 -0.57137
vt 0.529481 0.84483
vn 0 -0.180368 -0.983599
v 0.350254 0.771729 -0.57137
vt 0.524906 0.84483
vn 0 -0.180368 -0.983599
v -0.350277 0.81151 -0.578666
vt 0.529482 0.847712
vn 0 0.096624 -0.995321
v 0.350429 1.057814 -0.461072
vt 0.5249 0.865555
vn 0 0.590204 -0.807254
v -0.350416 1.01928 -0.471471
vt 0.529486 0.862763
vn 0 0.260539 -0.965463
v 0.350417 1.01928 -0.471471
vt 0.524901 0.862763
vn 0 0.260539 -0.965463
v -0.350428 1.057814 -0.461072
vt 0.529487 0.865555
vn 0 0.590204 -0.807254
v 0.350417 1.01928 -0.471471
vt 0.524901 0.925263
vn 0 0.946519 -0.322648
v -0.3504 1.00925 -0.500894
vt 0.529486 0.924536
vn 0 0.723365 -0.690466
v 0.350401 1.00925 -0.500894
vt 0.524901 0.924536
vn 0 0.723365 -0.690466
v -0.350416 1.01928 -0.471471
vt 0.529486 0.925263
vn 0 0.946519 -0.322648
v 0.85 0.78014 -0.587558
vt 0.512441 0.845439
vn 0.01059 0.307389 -0.951525
v 0.649723 0.81151 -0.578666
vt 0.518008 0.847712
vn -0.021088 0.127049 -0.991672
v 0.649747 0.771729 -0.57137
vt 0.518007 0.84483
vn -0.071719 -0.179939 -0.98106
v 0.85 0.78014 -0.587558
vt 0.512441 0.907939
vn -0.00177 0.101721 -0.994811
v 0.649747 0.771729 -0.57137
vt 0.518007 0.90733
vn -0.088294 0.649827 -0.754937
v 0.649776 0.74783 -0.591945
vt 0.518006 0.905599
vn -0.037905 0.334826 -0.941517
v 0.85 1.036193 -0.484228
vt 0.512441 0.863988
vn 0.014009 0.79174 -0.610698
v 0.649572 1.057814 -0.461072
vt 0.518012 0.865555
vn -0.024629 0.617963 -0.785821
v 0.649584 1.01928 -0.471471
vt 0.518012 0.862763
vn -0.083135 0.259628 -0.962124
v 0.85 1.036193 -0.484228
vt 0.512441 0.926488
vn 0.010468 0.440548 -0.897668
v 0.649584 1.01928 -0.471471
vt 0.518012 0.925263
vn -0.09989 0.941765 -0.321094
v 0.6496 1.00925 -0.500894
vt 0.518011 0.924536
vn -0.037051 0.695781 -0.717297
v 0.85 1.18345 -0.256209
vt 0.512441 0.874656
vn 0.012513 0.99623 -0.08585
v 0.649504 1.188681 -0.224751
vt 0.518014 0.875035
vn -0.031038 0.934977 -0.353348
v 0.649506 1.161648 -0.251023
vt 0.518014 0.873076
vn -0.093908 0.693854 -0.713966
v 0.85 1.18345 -0.256209
vt 0.512441 0.937156
vn 0.013703 0.88308 -0.469023
v 0.649506 1.161648 -0.251023
vt 0.518014 0.935576
vn -0.097936 0.961721 0.255934
v 0.649513 1.170823 -0.285493
vt 0.518014 0.936241
vn -0.032747 0.980302 -0.194772
v 0.350497 1.188681 -0.224751
vt 0.524898 0.875035
vn 0 0.921135 -0.389244
v -0.350494 1.161648 -0.251023
vt 0.529489 0.873076
vn 0 0.696948 -0.717122
v 0.350495 1.161648 -0.251023
vt 0.524898 0.873076
vn 0 0.696948 -0.717122
v -0.350497 1.188681 -0.224751
vt 0.529489 0.875035
vn 0 0.921135 -0.389244
v -0.350494 1.161648 -0.251023
vt 0.529489 0.935576
vn 0 0.966362 0.257186
v 0.350488 1.170823 -0.285493
vt 0.524898 0.936241
vn 0 0.98789 -0.155157
v 0.350495 1.161648 -0.251023
vt 0.524898 0.935576
vn 0 0.966362 0.257186
v -0.350487 1.170823 -0.285493
vt 0.529489 0.936241
vn 0 0.98789 -0.155157
v -0.649503 1.188681 -0.224751
vt 0.536373 0.875035
vn 0.031038 0.934977 -0.353348
v -0.85 1.18345 -0.256209
vt 0.541946 0.874656
vn -0.012513 0.99623 -0.08585
v -0.649505 1.161648 -0.251023
vt 0.536373 0.873076
vn 0.093908 0.693854 -0.713966
v -0.649505 1.161648 -0.251023
vt 0.536373 0.935576
vn 0.097936 0.961721 0.255934
v -0.85 1.18345 -0.256209
vt 0.541946 0.937156
vn -0.013703 0.88308 -0.469023
v -0.649512 1.170823 -0.285493
vt 0.536373 0.936241
vn 0.032747 0.980302 -0.194772
v -0.649722 0.81151 0.578663
vt 0.22425 0.878962
vn -0.935926 0.046084 0.349168
v -0.394999 0.52 -0.700001
vt 0.21058 0.866149
vn 0.918707 0.006714 -0.394883
v -0.35 0.5 -0.600002
vt 0.20923 0.858337
vn 0.918707 0.006714 -0.394883
v -0.394999 0.519999 0.699999
vt 0.21058 0.866149
vn 0.918707 0.006714 0.394883
v -0.35 0.5 0.599998
vt 0.20923 0.858337
vn 0.918707 0.006714 0.394883
v -0.8 0.95694 -0.398497
vt 0.540352 0.889497
vn -1 0 0
v -0.8 0.75192 0.464882
vt 0.540352 0.843395
vn -1 0 0
v -0.8 0.75192 -0.464883
vt 0.540352 0.843395
vn -1 0 0
v -0.8 0.95694 0.398494
vt 0.540352 0.889497
vn -1 0 0
v -0.8 0.75192 -0.464883
vt 0.540352 0.874645
vn -1 0 0
v -0.8 0.6 0.464882
vt 0.540352 0.83289
vn -1 0 0
v -0.8 0.6 -0.464883
vt 0.540352 0.83289
vn -1 0 0
v -0.8 0.75192 0.464882
vt 0.540352 0.874645
vn -1 0 0
v 0.8 0.95694 0.398494
vt 0.514035 0.889497
vn 1 0 0
v 0.8 0.75192 -0.464883
vt 0.514035 0.843395
vn 1 0 0
v 0.8 0.75192 0.464882
vt 0.514035 0.843395
vn 1 0 0
v 0.8 0.95694 -0.398497
vt 0.514035 0.889497
vn 1 0 0
v 0.8 0.75192 0.464882
vt 0.514035 0.874645
vn 1 0 0
v 0.8 0.6 -0.464883
vt 0.514035 0.83289
vn 1 0 0
v 0.8 0.6 0.464882
vt 0.514035 0.83289
vn 1 0 0
v 0.8 0.75192 -0.464883
vt 0.514035 0.874645
vn 1 0 0
v 0.708497 0.6 0.464882
vt 0.515286 0.848515
vn 0 -1 0
v 0.8 0.6 -0.464883
vt 0.514035 0.848515
vn 0 -1 0
v 0.708497 0.6 -0.464883
vt 0.515286 0.848515
vn 0 -1 0
v 0.8 0.6 0.464882
vt 0.514035 0.848515
vn 0 -1 0
v -0.8 0.6 0.464882
vt 0.540352 0.848515
vn 0 -1 0
v -0.708497 0.6 -0.464883
vt 0.539101 0.848515
vn 0 -1 0
v -0.8 0.6 -0.464883
vt 0.540352 0.848515
vn 0 -1 0
v -0.708497 0.6 0.464882
vt 0.539101 0.848515
vn 0 -1 0
v 0.708497 0.6 0.464882
vt 0.522807 0.83289
vn 0 -0.251874 -0.96776
v 0.55962 0.5 0.49592
vt 0.521456 0.827087
vn 0 -0.296429 -0.955055
v -0.708497 1.006912 0.398455
vt 0.539101 0.848515
vn 0 -1 0
v 0.708497 1.006912 -0.398457
vt 0.515286 0.848515
vn 0 -1 0
v -0.708497 1.006912 -0.398457
vt 0.539101 0.848515
vn 0 -1 0
v 0.708497 1.006912 0.398455
vt 0.515286 0.848515
vn 0 -1 0
v 0.708497 1.006912 -0.398457
vt 0.515286 0.848515
vn -1 0 0
v 0.708497 0.6 0.464882
vt 0.515286 0.848515
vn -1 0 0
v 0.708497 0.6 -0.464883
vt 0.515286 0.848515
vn -1 0 0
v 0.708497 1.006912 0.398455
vt 0.515286 0.848515
vn -1 0 0
v -0.708497 1.006912 -0.398457
vt 0.539101 0.848515
vn 0 -0.161112 0.986936
v 0.708497 0.6 -0.464883
vt 0.515286 0.848515
vn 0 -0.251874 0.96776
v -0.708497 0.6 -0.464883
vt 0.539101 0.848515
vn 0 -0.251874 0.96776
v 0.708497 1.006912 -0.398457
vt 0.515286 0.848515
vn 0 -0.161112 0.986936
v -0.708497 1.006912 0.398455
vt 0.539101 0.848515
vn 1 0 0
v -0.708497 0.6 -0.464883
vt 0.539101 0.848515
vn 1 0 0
v -0.708497 0.6 0.464882
vt 0.539101 0.848515
vn 1 0 0
v -0.708497 1.006912 -0.398457
vt 0.539101 0.848515
vn 1 0 0
v 0.25 0.499999 0.6
vt 0.18607 0.896302
vn 0 0 -1
v -0.15 0.41316 0.6
vt 0.199398 0.871368
vn 0 0 -1
v 0.15 0.41316 0.6
vt 0.18607 0.871368
vn 0 0 -1
v -0.25 0.499999 0.6
vt 0.199398 0.896302
vn 0 0 -1
v -0.227106 0.677107 0.6
vt 0.199398 0.948904
vn -0.683442 0.683442 0.256543
v -0.171837 0.677107 0.677106
vt 0.195926 0.948904
vn -0.156867 0.951761 0.263713
v -0.216964 0.666965 0.666965
vt 0.198909 0.940082
vn -0.683442 0.683442 0.256543
v -0.171837 0.7 0.6
vt 0.195926 0.948904
vn -0.15888 0.951511 0.263407
v -0.227106 0.621838 0.677106
vt 0.199398 0.911849
vn -0.155128 0.089085 0.98387
v -0.216964 0.666965 0.666965
vt 0.198909 0.940082
vn -0.268235 0.268235 0.925257
v -0.171837 0.677107 0.677106
vt 0.195926 0.936428
vn -0.132269 0.187539 0.973311
v -0.227106 0.677107 0.6
vt 0.199398 0.936428
vn -0.683442 0.683442 0.256543
v -0.227106 0.621838 0.677106
vt 0.199398 0.911849
vn -0.951761 0.156867 0.263713
v -0.249999 0.621838 0.6
vt 0.199398 0.911849
vn -0.951511 0.15888 0.263407
v -0.216964 0.666965 0.666965
vt 0.198909 0.940082
vn -0.683442 0.683442 0.256543
v 0.171838 0.677107 0.677106
vt 0.189542 0.948904
vn 0.156867 0.951761 0.263713
v 0.227107 0.677107 0.6
vt 0.18607 0.948904
vn 0.683442 0.683442 0.256543
v 0.216965 0.666965 0.666965
vt 0.186559 0.940082
vn 0.683442 0.683442 0.256543
v 0.171838 0.7 0.6
vt 0.189542 0.948904
vn 0.15888 0.951511 0.263407
v 0.227107 0.621838 0.677106
vt 0.18607 0.911849
vn 0.951761 0.156867 0.263713
v 0.227107 0.677107 0.6
vt 0.18607 0.936428
vn 0.683442 0.683442 0.256543
v 0.25 0.621838 0.6
vt 0.18607 0.911849
vn 0.951511 0.15888 0.263407
v 0.216965 0.666965 0.666965
vt 0.186559 0.940082
vn 0.683442 0.683442 0.256543
v 0.171838 0.677107 0.677106
vt 0.189542 0.936428
vn 0.132269 0.187539 0.973311
v 0.216965 0.666965 0.666965
vt 0.186559 0.940082
vn 0.268235 0.268235 0.925257
v 0.227107 0.621838 0.677106
vt 0.18607 0.911849
vn 0.155128 0.089085 0.98387
v -0.15 0.41316 0.6
vt 0.199398 0.858893
vn -0.791174 -0.571895 0.216746
v -0.116964 0.368033 0.666965
vt 0.198909 0.840883
vn -0.683442 -0.683442 0.256543
v -0.127106 0.357891 0.6
vt 0.199398 0.838299
vn -0.683442 -0.683442 0.256543
v -0.127106 0.41316 0.677106
vt 0.199398 0.858893
vn -0.812826 -0.522189 0.258134
v -0.071837 0.357891 0.677106
vt 0.195926 0.850775
vn -0.134835 -0.270463 0.953242
v -0.116964 0.368033 0.666965
vt 0.198909 0.840883
vn -0.268235 -0.268235 0.925257
v -0.127106 0.41316 0.677106
vt 0.199398 0.871368
vn -0.218792 -0.146492 0.964712
v -0.127106 0.357891 0.6
vt 0.199398 0.825824
vn -0.683442 -0.683442 0.256543
v -0.071837 0.357891 0.677106
vt 0.195926 0.825824
vn -0.156867 -0.951761 0.263713
v -0.071837 0.334998 0.6
vt 0.195926 0.825824
vn -0.15888 -0.951511 0.263407
v -0.116964 0.368033 0.666965
vt 0.198909 0.840883
vn -0.683442 -0.683442 0.256543
v 0.116965 0.368033 0.666965
vt 0.186559 0.840883
vn 0.683442 -0.683442 0.256543
v 0.15 0.41316 0.6
vt 0.18607 0.858893
vn 0.791174 -0.571895 0.216746
v 0.127107 0.357891 0.6
vt 0.18607 0.838299
vn 0.683442 -0.683442 0.256543
v 0.127107 0.41316 0.677106
vt 0.18607 0.858893
vn 0.812826 -0.522189 0.258134
v 0.071838 0.357891 0.677106
vt 0.189542 0.825824
vn 0.156867 -0.951761 0.263713
v 0.127107 0.357891 0.6
vt 0.18607 0.825824
vn 0.683442 -0.683442 0.256543
v 0.071838 0.334998 0.6
vt 0.189542 0.825824
vn 0.15888 -0.951511 0.263407
v 0.116965 0.368033 0.666965
vt 0.186559 0.840883
vn 0.683442 -0.683442 0.256543
v 0.127107 0.41316 0.677106
vt 0.18607 0.871368
vn 0.218792 -0.146492 0.964712
v 0.116965 0.368033 0.666965
vt 0.186559 0.840883
vn 0.268235 -0.268235 0.925257
v 0.071838 0.357891 0.677106
vt 0.189542 0.850775
vn 0.134835 -0.270463 0.953242
v -0.171837 0.7 0.6
vt 0.195926 0.948904
vn -0.15888 0.951511 0.263407
v -0.171837 0.677107 0.677106
vt 0.195926 0.948904
vn -0.156867 0.951761 0.263713
v 0.171838 0.677107 0.677106
vt 0.189542 0.936428
vn 0.132269 0.187539 0.973311
v 0.057487 0.602524 0.7
vt 0.189542 0.918086
vn 0.100927 0.101201 0.989733
v 0 0.621961 0.7
vt 0.192734 0.918086
vn 0 0.321186 0.947016
v -0.057486 0.602524 0.7
vt 0.195926 0.918086
vn -0.100926 0.101231 0.98973
v -0.047165 0.537527 0.7
vt 0.195926 0.894727
vn -0.160805 -0.035555 0.986346
v -0.25 0.499999 0.6
vt 0.199398 0.883827
vn -0.859081 -0.386737 0.335282
v 0.25 0.499999 0.6
vt 0.18607 0.883827
vn 0.859081 -0.386737 0.335282
v 0.227107 0.524604 0.677106
vt 0.18607 0.887174
vn 0.886718 -0.293752 0.356988
v -0.057486 0.433654 0.7
vt 0.195926 0.871368
vn -0.188178 -0.149969 0.970617
v 0.071838 0.357891 0.677106
vt 0.189542 0.850775
vn 0.134835 -0.270463 0.953242
v 0.057487 0.433654 0.7
vt 0.189542 0.871368
vn 0.188178 -0.149969 0.970617
v 0.071838 0.334998 0.6
vt 0.189542 0.825824
vn 0.15888 -0.951511 0.263407
v 0.071838 0.357891 0.677106
vt 0.189542 0.825824
vn 0.156867 -0.951761 0.263713
v 0.127107 0.357891 0.6
vt 0.18607 0.850775
vn 0 0 -1
v -0.071837 0.334998 0.6
vt 0.195926 0.850775
vn 0 0 -1
v 0.071838 0.334998 0.6
vt 0.189542 0.850775
vn 0 0 -1
v -0.127106 0.357891 0.6
vt 0.199398 0.850775
vn 0 0 -1
v -0.127106 0.357891 0.6
vt 0.199398 0.850775
vn 0 0 -1
v 0.127107 0.357891 0.6
vt 0.18607 0.850775
vn 0 0 -1
v -0.227106 0.524605 0.677106
vt 0.199398 0.887174
vn -0.886718 -0.293752 0.356988
v 0.057487 0.433654 0.7
vt 0.189542 0.871368
vn 0.188178 -0.149969 0.970617
v 0.047166 0.537527 0.7
vt 0.189542 0.894727
vn 0.160805 -0.035555 0.986346
v 0.057487 0.602524 0.7
vt 0.189542 0.918086
vn 0.100927 0.101201 0.989733
v 0.025771 0.537527 0.62
vt 0.191207 0.794925
vn 0 0 1
v 0 0.602524 0.62
vt 0.192734 0.809897
vn 0 0 1
v 0.036343 0.592805 0.62
vt 0.191207 0.809897
vn 0 0 1
v -0.036342 0.453092 0.62
vt 0.194261 0.829854
vn 0 0.97173 0.236096
v 0.057487 0.433654 0.7
vt 0.191207 0.829854
vn 0 0.97173 0.236096
v -0.057486 0.433654 0.7
vt 0.194261 0.829854
vn 0 0.97173 0.236096
v 0.036343 0.453092 0.62
vt 0.191207 0.829854
vn 0 0.97173 0.236096
v -0.047165 0.537527 0.7
vt 0.194261 0.844826
vn 0.968811 0.030428 0.245926
v -0.036342 0.453092 0.62
vt 0.194261 0.829854
vn 0.964038 -0.106939 0.243299
v -0.057486 0.433654 0.7
vt 0.194261 0.829854
vn 0.964038 -0.106939 0.243299
v -0.02577 0.537527 0.62
vt 0.194261 0.844826
vn 0.968855 0.029024 0.245922
v 0.036343 0.453092 0.62
vt 0.191207 0.829854
vn -0.964038 -0.106939 0.243299
v 0.047166 0.537527 0.7
vt 0.191207 0.844826
vn -0.968811 0.030428 0.245926
v 0.057487 0.433654 0.7
vt 0.191207 0.829854
vn -0.964038 -0.106939 0.243299
v 0.025771 0.537527 0.62
vt 0.191207 0.844826
vn -0.968855 0.029024 0.245922
v -0.036342 0.592805 0.62
vt 0.194261 0.859798
vn 0.955485 0.165962 0.243937
v -0.057486 0.602524 0.7
vt 0.194261 0.859798
vn 0.955485 0.165962 0.243937
v 0.227107 0.524604 0.677106
vt 0.18607 0.892987
vn 0.123236 -0.040224 0.991562
v -0.02577 0.537527 0.62
vt 0.194261 0.794925
vn 0 0 1
v 0.036343 0.453092 0.62
vt 0.191207 0.779953
vn 0 0 1
v -0.036342 0.453092 0.62
vt 0.194261 0.779953
vn 0 0 1
v -0.227106 0.524605 0.677106
vt 0.199398 0.892987
vn -0.123236 -0.040224 0.991562
v 0.036343 0.592805 0.62
vt 0.191207 0.859798
vn -0.955485 0.165962 0.243937
v 0.057487 0.602524 0.7
vt 0.191207 0.859798
vn -0.955485 0.165962 0.243937
v 0 0.602524 0.62
vt 0.192734 0.859798
vn 0 -0.97597 0.217906
v 0.057487 0.602524 0.7
vt 0.191207 0.859798
vn -0.290203 -0.933967 0.208535
v 0.036343 0.592805 0.62
vt 0.191207 0.859798
vn -0.290203 -0.933967 0.208535
v 0 0.621961 0.7
vt 0.192734 0.859798
vn 0 -0.97597 0.217906
v -0.057486 0.602524 0.7
vt 0.194261 0.859798
vn 0.290203 -0.933967 0.208535
v -0.036342 0.592805 0.62
vt 0.194261 0.859798
vn 0.290203 -0.933967 0.208535
v -0.036342 0.592805 0.62
vt 0.194261 0.809897
vn 0 0 1
v -0.461832 0.611833 0.72598
vt 0.173325 0.842318
vn 0.531861 -0.531861 0.658974
v -0.435915 0.650001 0.7
vt 0.1637 0.864131
vn 0.902021 0 0.431692
v -0.453468 0.603469 0.7
vt 0.170219 0.837538
vn 0.632418 -0.632418 0.447319
v -0.453468 0.650001 0.734344
vt 0.170219 0.864131
vn 0.640506 0 0.767954
v -0.453468 0.696532 0.7
vt 0.170219 0.890722
vn 0.632418 0.632418 0.447319
v -0.461832 0.688169 0.72598
vt 0.173325 0.93403
vn 0.531861 0.531861 0.658974
v -0.546531 0.696532 0.7
vt 0.204781 0.890722
vn -0.632418 0.632418 0.447319
v -0.546531 0.650001 0.734344
vt 0.204781 0.864131
vn -0.640506 0 0.767954
v -0.564084 0.650001 0.7
vt 0.211299 0.864131
vn -0.902021 0 0.431692
v -0.538167 0.688168 0.72598
vt 0.201675 0.934029
vn -0.531861 0.531861 0.658974
v -0.538167 0.611833 0.72598
vt 0.201675 0.842318
vn -0.531861 -0.531861 0.658974
v -0.546531 0.603469 0.7
vt 0.204781 0.837538
vn -0.632418 -0.632418 0.447319
v -0.538167 0.611833 0.72598
vt 0.201675 0.842318
vn -0.531861 -0.531861 0.658974
v -0.499999 0.650001 0.745803
vt 0.1875 0.888174
vn 0 0 1
v -0.499999 0.603469 0.734344
vt 0.1875 0.861582
vn 0 -0.640506 0.767954
v -0.546531 0.650001 0.734344
vt 0.204781 0.888174
vn -0.640506 0 0.767954
v -0.538167 0.688168 0.72598
vt 0.201675 0.934029
vn -0.531861 0.531861 0.658974
v -0.499999 0.696532 0.734344
vt 0.1875 0.939216
vn 0 0.640506 0.767954
v -0.461832 0.688169 0.72598
vt 0.173325 0.93403
vn 0.531861 0.531861 0.658974
v -0.453468 0.650001 0.734344
vt 0.170219 0.888174
vn 0.640506 0 0.767954
v -0.461832 0.611833 0.72598
vt 0.173325 0.842318
vn 0.531861 -0.531861 0.658974
v -0.546531 0.603469 0.7
vt 0.204781 0.813495
vn -0.632418 -0.632418 0.447319
v -0.499999 0.603469 0.734344
vt 0.1875 0.813495
vn 0 -0.640506 0.767954
v -0.499999 0.585916 0.7
vt 0.1875 0.803464
vn 0 -0.902021 0.431692
v -0.538167 0.611833 0.72598
vt 0.201675 0.842318
vn -0.531861 -0.531861 0.658974
v -0.453468 0.603469 0.7
vt 0.170219 0.813495
vn 0.632418 -0.632418 0.447319
v -0.461832 0.611833 0.72598
vt 0.173325 0.842318
vn 0.531861 -0.531861 0.658974
v -0.499999 0.696532 0.734344
vt 0.1875 0.962446
vn 0 0.640506 0.767954
v -0.453468 0.696532 0.7
vt 0.170219 0.938809
vn 0.632418 0.632418 0.447319
v -0.461832 0.688169 0.72598
vt 0.173325 0.93403
vn 0.531861 0.531861 0.658974
v -0.499999 0.714085 0.7
vt 0.1875 0.94884
vn 0 0.902021 0.431692
v -0.546531 0.696532 0.7
vt 0.204781 0.938809
vn -0.632418 0.632418 0.447319
v -0.538167 0.688168 0.72598
vt 0.201675 0.934029
vn -0.531861 0.531861 0.658974
v 0.538168 0.611833 0.72598
vt 0.173325 0.842318
vn 0.531861 -0.531861 0.658974
v 0.564085 0.650001 0.7
vt 0.1637 0.864131
vn 0.902021 0 0.431692
v 0.546532 0.603469 0.7
vt 0.170219 0.837538
vn 0.632418 -0.632418 0.447319
v 0.546532 0.650001 0.734344
vt 0.170219 0.864131
vn 0.640506 0 0.767954
v 0.546532 0.696532 0.7
vt 0.170219 0.890722
vn 0.632418 0.632418 0.447319
v 0.538168 0.688169 0.72598
vt 0.173325 0.93403
vn 0.531861 0.531861 0.658974
v 0.453469 0.696532 0.7
vt 0.204781 0.890722
vn -0.632418 0.632418 0.447319
v 0.453469 0.650001 0.734344
vt 0.204781 0.864131
vn -0.640506 0 0.767954
v 0.435916 0.650001 0.7
vt 0.211299 0.864131
vn -0.902021 0 0.431692
v 0.461833 0.688168 0.72598
vt 0.201675 0.934029
vn -0.531861 0.531861 0.658974
v 0.461833 0.611833 0.72598
vt 0.201675 0.842318
vn -0.531861 -0.531861 0.658974
v 0.453469 0.603469 0.7
vt 0.204781 0.837538
vn -0.632418 -0.632418 0.447319
v 0.461833 0.611833 0.72598
vt 0.201675 0.842318
vn -0.531861 -0.531861 0.658974
v 0.500001 0.650001 0.745803
vt 0.1875 0.888174
vn 0 0 1
v 0.500001 0.603469 0.734344
vt 0.1875 0.861582
vn 0 -0.640506 0.767954
v 0.453469 0.650001 0.734344
vt 0.204781 0.888174
vn -0.640506 0 0.767954
v 0.461833 0.688168 0.72598
vt 0.201675 0.934029
vn -0.531861 0.531861 0.658974
v 0.500001 0.696532 0.734344
vt 0.1875 0.939216
vn 0 0.640506 0.767954
v 0.538168 0.688169 0.72598
vt 0.173325 0.93403
vn 0.531861 0.531861 0.658974
v 0.546532 0.650001 0.734344
vt 0.170219 0.888174
vn 0.640506 0 0.767954
v 0.538168 0.611833 0.72598
vt 0.173325 0.842318
vn 0.531861 -0.531861 0.658974
v 0.453469 0.603469 0.7
vt 0.204781 0.813495
vn -0.632418 -0.632418 0.447319
v 0.500001 0.603469 0.734344
vt 0.1875 0.813495
vn 0 -0.640506 0.767954
v 0.500001 0.585916 0.7
vt 0.1875 0.803464
vn 0 -0.902021 0.431692
v 0.461833 0.611833 0.72598
vt 0.201675 0.842318
vn -0.531861 -0.531861 0.658974
v 0.546532 0.603469 0.7
vt 0.170219 0.813495
vn 0.632418 -0.632418 0.447319
v 0.538168 0.611833 0.72598
vt 0.173325 0.842318
vn 0.531861 -0.531861 0.658974
v 0.500001 0.696532 0.734344
vt 0.1875 0.962446
vn 0 0.640506 0.767954
v 0.546532 0.696532 0.7
vt 0.170219 0.938809
vn 0.632418 0.632418 0.447319
v 0.538168 0.688169 0.72598
vt 0.173325 0.93403
vn 0.531861 0.531861 0.658974
v 0.500001 0.714085 0.7
vt 0.1875 0.94884
vn 0 0.902021 0.431692
v 0.453469 0.696532 0.7
vt 0.204781 0.938809
vn -0.632418 0.632418 0.447319
v 0.500001 0.696532 0.734344
vt 0.1875 0.962446
vn 0 0.640506 0.767954
v 0.461833 0.688168 0.72598
vt 0.201675 0.934029
vn -0.531861 0.531861 0.658974
v 0.500001 0.714085 0.7
vt 0.1875 0.94884
vn 0 0.902021 0.431692
f 1/1/1 3/3/3 2/2/2
f 1/1/1 2/2/2 4/4/4
f 5/5/5 7/7/7 6/6/6
f 5/5/5 6/6/6 8/8/8
f 9/9/9 11/11/11 10/10/10
f 12/12/12 9/9/9 10/10/10
f 13/13/13 15/15/15 14/14/14
f 13/13/13 14/14/14 16/16/16
f 17/17/17 19/19/19 18/18/18
f 17/17/17 18/18/18 20/20/20
f 21/21/21 23/23/23 22/22/22
f 21/21/21 22/22/22 24/24/24
f 25/25/25 27/27/27 26/26/26
f 25/25/25 26/26/26 28/28/28
f 29/29/29 31/31/31 30/30/30
f 32/32/32 29/29/29 30/30/30
f 33/33/33 35/35/35 34/34/34
f 36/36/36 33/33/33 34/34/34
f 37/37/37 39/39/39 38/38/38
f 37/37/37 38/38/38 40/40/40
f 41/41/41 43/43/43 42/42/42
f 41/41/41 42/42/42 44/44/44
f 14/14/14 15/15/15 45/45/45
f 14/14/14 45/45/45 46/46/46
f 47/47/47 48/48/48 17/17/17
f 47/47/47 17/17/17 20/20/20
f 49/49/49 51/51/51 50/50/50
f 49/49/49 50/50/50 52/52/52
f 53/53/53 55/55/55 54/54/54
f 56/56/56 53/53/53 54/54/54
f 57/57/57 59/59/59 58/58/58
f 57/57/57 58/58/58 60/60/60
f 61/61/61 63/63/63 62/62/62
f 61/61/61 62/62/62 64/64/64
f 65/65/65 67/67/67 66/66/66
f 65/65/65 66/66/66 68/68/68
f 69/69/69 71/71/71 70/70/70
f 72/72/72 69/69/69 70/70/70
f 73/73/73 75/75/75 74/74/74
f 73/73/73 74/74/74 76/76/76
f 77/77/77 79/79/79 78/78/78
f 80/80/80 77/77/77 78/78/78
f 13/13/13 16/16/16 81/81/81
f 82/82/82 13/13/13 81/81/81
f 83/83/83 85/85/85 84/84/84
f 83/83/83 84/84/84 86/86/86
f 87/87/87 88/88/88 41/41/41
f 87/87/87 41/41/41 44/44/44
f 43/43/43 90/90/90 89/89/89
f 43/43/43 89/89/89 42/42/42
f 82/82/82 81/81/81 91/91/91
f 92/92/92 82/82/82 91/91/91
f 67/67/67 94/94/94 93/93/93
f 67/67/67 93/93/93 66/66/66
f 95/95/95 97/97/97 96/96/96
f 95/95/95 96/96/96 98/98/98
f 24/24/24 100/100/100 99/99/99
f 24/24/24 99/99/99 101/101/101
f 102/102/102 103/103/103 89/89/89
f 90/90/90 102/102/102 89/89/89
f 104/104/104 106/106/106 105/105/105
f 104/104/104 105/105/105 107/107/107
f 108/108/108 110/110/110 109/109/109
f 108/108/108 109/109/109 111/111/111
f 112/112/112 114/114/114 113/113/113
f 115/115/115 112/112/112 113/113/113
f 116/116/116 65/65/65 68/68/68
f 116/116/116 68/68/68 117/117/117
f 118/118/118 12/12/12 119/119/119
f 118/118/118 119/119/119 120/120/120
f 121/121/121 123/123/123 122/122/122
f 121/121/121 122/122/122 124/124/124
f 125/125/125 127/127/127 126/126/126
f 128/128/128 125/125/125 126/126/126
f 129/129/129 131/131/131 130/130/130
f 129/129/129 130/130/130 132/132/132
f 32/32/32 30/30/30 133/133/133
f 134/134/134 32/32/32 133/133/133
f 29/29/29 136/136/136 135/135/135
f 29/29/29 135/135/135 31/31/31
f 28/28/28 26/26/26 137/137/137
f 138/138/138 28/28/28 137/137/137
f 19/19/19 138/138/138 137/137/137
f 19/19/19 137/137/137 18/18/18
f 139/139/139 61/61/61 64/64/64
f 139/139/139 64/64/64 140/140/140
f 141/141/141 143/143/143 142/142/142
f 141/141/141 142/142/142 144/144/144
f 145/145/145 147/147/147 146/146/146
f 145/145/145 146/146/146 148/148/148
f 149/149/149 151/151/151 150/150/150
f 152/152/152 149/149/149 150/150/150
f 128/128/128 126/126/126 153/153/153
f 154/154/154 128/128/128 153/153/153
f 155/155/155 157/157/157 156/156/156
f 158/158/158 160/160/160 159/159/159
f 158/158/158 159/159/159 161/161/161
f 154/154/154 153/153/153 116/116/116
f 154/154/154 116/116/116 117/117/117
f 162/162/162 164/164/164 163/163/163
f 165/165/165 162/162/162 163/163/163
f 166/166/166 168/168/168 167/167/167
f 166/166/166 167/167/167 169/169/169
f 170/170/170 172/172/172 171/171/171
f 173/173/173 170/170/170 171/171/171
f 174/174/174 176/176/176 175/175/175
f 174/174/174 175/175/175 177/177/177
f 36/36/36 34/34/34 139/139/139
f 36/36/36 139/139/139 140/140/140
f 178/178/178 180/180/180 179/179/179
f 178/178/178 179/179/179 181/181/181
f 182/182/182 179/179/179 183/183/183
f 182/182/182 183/183/183 184/184/184
f 185/185/185 186/186/186 103/103/103
f 185/185/185 103/103/103 102/102/102
f 187/187/187 188/188/188 180/180/180
f 187/187/187 180/180/180 189/189/189
f 190/190/190 192/192/192 191/191/191
f 190/190/190 191/191/191 21/21/21
f 63/63/63 194/194/194 193/193/193
f 63/63/63 193/193/193 62/62/62
f 125/125/125 196/196/196 195/195/195
f 125/125/125 195/195/195 127/127/127
f 21/21/21 191/191/191 23/23/23
f 197/197/197 198/198/198 171/171/171
f 197/197/197 171/171/171 199/199/199
f 200/200/200 202/202/202 201/201/201
f 200/200/200 201/201/201 203/203/203
f 204/204/204 206/206/206 205/205/205
f 204/204/204 205/205/205 207/207/207
f 208/208/208 210/210/210 209/209/209
f 208/208/208 209/209/209 211/211/211
f 212/212/212 213/213/213 146/146/146
f 214/214/214 212/212/212 146/146/146
f 215/215/215 217/217/217 216/216/216
f 215/215/215 216/216/216 218/218/218
f 219/219/219 221/221/221 220/220/220
f 219/219/219 220/220/220 222/222/222
f 223/223/223 225/225/225 224/224/224
f 223/223/223 224/224/224 213/213/213
f 226/226/226 228/228/228 227/227/227
f 226/226/226 227/227/227 229/229/229
f 215/215/215 231/231/231 230/230/230
f 232/232/232 215/215/215 230/230/230
f 233/233/233 234/234/234 84/84/84
f 235/235/235 233/233/233 84/84/84
f 236/236/236 238/238/238 237/237/237
f 236/236/236 237/237/237 239/239/239
f 240/240/240 174/174/174 177/177/177
f 240/240/240 177/177/177 241/241/241
f 242/242/242 236/236/236 239/239/239
f 242/242/242 239/239/239 243/243/243
f 244/244/244 246/246/246 245/245/245
f 244/244/244 245/245/245 247/247/247
f 248/248/248 250/250/250 249/249/249
f 248/248/248 249/249/249 251/251/251
f 252/252/252 254/254/254 253/253/253
f 252/252/252 253/253/253 255/255/255
f 256/256/256 258/258/258 257/257/257
f 256/256/256 257/257/257 259/259/259
f 254/254/254 244/244/244 247/247/247
f 254/254/254 247/247/247 253/253/253
f 258/258/258 248/248/248 251/251/251
f 258/258/258 251/251/251 257/257/257
f 241/241/241 252/252/252 255/255/255
f 241/241/241 255/255/255 240/240/240
f 243/243/243 256/256/256 259/259/259
f 243/243/243 259/259/259 242/242/242
f 260/260/260 262/262/262 261/261/261
f 260/260/260 261/261/261 263/263/263
f 24/24/24 22/22/22 100/100/100
f 176/176/176 265/265/265 264/264/264
f 176/176/176 264/264/264 175/175/175
f 238/238/238 267/267/267 266/266/266
f 238/238/238 266/266/266 237/237/237
f 268/268/268 270/270/270 269/269/269
f 268/268/268 269/269/269 271/271/271
f 272/272/272 274/274/274 273/273/273
f 275/275/275 272/272/272 273/273/273
f 272/272/272 277/277/277 276/276/276
f 272/272/272 276/276/276 278/278/278
f 279/279/279 281/281/281 280/280/280
f 279/279/279 280/280/280 282/282/282
f 283/283/283 285/285/285 284/284/284
f 283/283/283 284/284/284 286/286/286
f 287/287/287 289/289/289 288/288/288
f 287/287/287 288/288/288 290/290/290
f 208/208/208 292/292/292 291/291/291
f 293/293/293 208/208/208 291/291/291
f 294/294/294 296/296/296 295/295/295
f 294/294/294 295/295/295 297/297/297
f 178/178/178 189/189/189 180/180/180
f 298/298/298 300/300/300 299/299/299
f 298/298/298 299/299/299 301/301/301
f 302/302/302 304/304/304 303/303/303
f 302/302/302 303/303/303 305/305/305
f 306/306/306 308/308/308 307/307/307
f 306/306/306 307/307/307 309/309/309
f 310/310/310 312/312/312 311/311/311
f 277/277/277 310/310/310 311/311/311
f 313/313/313 315/315/315 314/314/314
f 217/217/217 313/313/313 314/314/314
f 316/316/316 318/318/318 317/317/317
f 316/316/316 317/317/317 319/319/319
f 118/118/118 321/321/321 320/320/320
f 322/322/322 118/118/118 320/320/320
f 323/323/323 325/325/325 324/324/324
f 323/323/323 324/324/324 234/234/234
f 182/182/182 181/181/181 179/179/179
f 119/119/119 12/12/12 326/326/326
f 326/326/326 12/12/12 10/10/10
f 223/223/223 213/213/213 327/327/327
f 327/327/327 213/213/213 212/212/212
f 209/209/209 210/210/210 328/328/328
f 328/328/328 210/210/210 329/329/329
f 156/156/156 331/331/331 330/330/330
f 156/156/156 330/330/330 155/155/155
f 332/332/332 227/227/227 333/333/333
f 333/333/333 227/227/227 228/228/228
f 292/292/292 208/208/208 334/334/334
f 334/334/334 208/208/208 211/211/211
f 214/214/214 146/146/146 335/335/335
f 335/335/335 146/146/146 147/147/147
f 321/321/321 118/118/118 336/336/336
f 336/336/336 118/118/118 120/120/120
f 337/337/337 172/172/172 338/338/338
f 338/338/338 172/172/172 170/170/170
f 276/276/276 277/277/277 339/339/339
f 339/339/339 277/277/277 311/311/311
f 323/323/323 234/234/234 340/340/340
f 340/340/340 234/234/234 233/233/233
f 216/216/216 217/217/217 341/341/341
f 341/341/341 217/217/217 314/314/314
f 231/231/231 215/215/215 342/342/342
f 342/342/342 215/215/215 218/218/218
f 235/235/235 84/84/84 343/343/343
f 343/343/343 84/84/84 85/85/85
f 274/274/274 272/272/272 344/344/344
f 344/344/344 272/272/272 278/278/278
f 173/173/173 171/171/171 345/345/345
f 345/345/345 171/171/171 198/198/198
f 346/346/346 348/348/348 347/347/347
f 349/349/349 207/207/207 205/205/205
f 289/289/289 287/287/287 350/350/350
f 351/351/351 353/353/353 352/352/352
f 354/354/354 356/356/356 355/355/355
f 357/357/357 40/40/40 38/38/38
f 221/221/221 219/219/219 358/358/358
f 359/359/359 361/361/361 360/360/360
f 362/362/362 364/364/364 363/363/363
f 365/365/365 367/367/367 366/366/366
f 368/368/368 370/370/370 369/369/369
f 371/371/371 373/373/373 372/372/372
f 374/374/374 376/376/376 375/375/375
f 377/377/377 379/379/379 378/378/378
f 380/380/380 382/382/382 381/381/381
f 383/383/383 385/385/385 384/384/384
f 386/386/386 388/388/388 387/387/387
f 389/389/389 391/391/391 390/390/390
f 392/392/392 394/394/394 393/393/393
f 395/395/395 397/397/397 396/396/396
f 398/398/398 400/400/400 399/399/399
f 398/398/398 399/399/399 401/401/401
f 402/402/402 404/404/404 403/403/403
f 402/402/402 403/403/403 405/405/405
f 406/406/406 408/408/408 407/407/407
f 406/406/406 407/407/407 409/409/409
f 410/410/410 412/412/412 411/411/411
f 410/410/410 411/411/411 413/413/413
f 414/414/414 416/416/416 415/415/415
f 417/417/417 419/419/419 418/418/418
f 420/420/420 422/422/422 421/421/421
f 423/423/423 425/425/425 424/424/424
f 426/426/426 428/428/428 427/427/427
f 429/429/429 431/431/431 430/430/430
f 432/432/432 434/434/434 433/433/433
f 432/432/432 433/433/433 435/435/435
f 436/436/436 438/438/438 437/437/437
f 436/436/436 437/437/437 439/439/439
f 440/440/440 442/442/442 441/441/441
f 443/443/443 445/445/445 444/444/444
f 446/446/446 448/448/448 447/447/447
f 449/449/449 451/451/451 450/450/450
f 452/452/452 454/454/454 453/453/453
f 455/455/455 457/457/457 456/456/456
f 458/458/458 460/460/460 459/459/459
f 458/458/458 459/459/459 461/461/461
f 462/462/462 464/464/464 463/463/463
f 462/462/462 463/463/463 465/465/465
f 466/466/466 468/468/468 467/467/467
f 466/466/466 467/467/467 469/469/469
f 470/470/470 472/472/472 471/471/471
f 470/470/470 471/471/471 473/473/473
f 474/474/474 476/476/476 475/475/475
f 477/477/477 479/479/479 478/478/478
f 480/480/480 482/482/482 481/481/481
f 483/483/483 485/485/485 484/484/484
f 486/486/486 488/488/488 487/487/487
f 489/489/489 491/491/491 490/490/490
f 492/492/492 494/494/494 493/493/493
f 492/492/492 493/493/493 495/495/495
f 496/496/496 498/498/498 497/497/497
f 499/499/499 496/496/496 497/497/497
f 500/500/500 502/502/502 501/501/501
f 503/503/503 505/505/505 504/504/504
f 166/166/166 169/169/169 35/35/35
f 33/33/33 166/166/166 35/35/35
f 506/506/506 155/155/155 227/227/227
f 332/332/332 506/506/506 227/227/227
f 155/155/155 506/506/506 157/157/157
f 337/337/337 508/508/508 507/507/507
f 337/337/337 507/507/507 172/172/172
f 509/509/509 510/510/510 329/329/329
f 210/210/210 509/509/509 329/329/329
f 511/511/511 513/513/513 512/512/512
f 511/511/511 512/512/512 514/514/514
f 515/515/515 517/517/517 516/516/516
f 515/515/515 516/516/516 518/518/518
f 519/519/519 521/521/521 520/520/520
f 519/519/519 520/520/520 522/522/522
f 523/523/523 525/525/525 524/524/524
f 523/523/523 524/524/524 526/526/526
f 527/527/527 529/529/529 528/528/528
f 527/527/527 528/528/528 530/530/530
f 531/531/531 533/533/533 532/532/532
f 531/531/531 532/532/532 534/534/534
f 535/535/535 536/536/536 186/186/186
f 535/535/535 186/186/186 185/185/185
f 537/537/537 539/539/539 538/538/538
f 537/537/537 538/538/538 540/540/540
f 541/541/541 543/543/543 542/542/542
f 541/541/541 542/542/542 544/544/544
f 545/545/545 547/547/547 546/546/546
f 545/545/545 546/546/546 548/548/548
f 549/549/549 551/551/551 550/550/550
f 549/549/549 550/550/550 552/552/552
f 46/46/46 45/45/45 27/27/27
f 46/46/46 27/27/27 25/25/25
f 135/135/135 136/136/136 536/536/536
f 135/135/135 536/536/536 535/535/535
f 553/553/553 555/555/555 554/554/554
f 553/553/553 554/554/554 556/556/556
f 557/557/557 559/559/559 558/558/558
f 560/560/560 557/557/557 558/558/558
f 561/561/561 563/563/563 562/562/562
f 564/564/564 566/566/566 565/565/565
f 564/564/564 565/565/565 567/567/567
f 568/568/568 570/570/570 569/569/569
f 568/568/568 569/569/569 571/571/571
f 572/572/572 574/574/574 573/573/573
f 575/575/575 572/572/572 573/573/573
f 576/576/576 578/578/578 577/577/577
f 579/579/579 581/581/581 580/580/580
f 579/579/579 580/580/580 582/582/582
f 583/583/583 585/585/585 584/584/584
f 586/586/586 588/588/588 587/587/587
f 586/586/586 587/587/587 589/589/589
f 590/590/590 592/592/592 591/591/591
f 593/593/593 590/590/590 591/591/591
f 594/594/594 596/596/596 595/595/595
f 597/597/597 594/594/594 595/595/595
f 598/598/598 600/600/600 599/599/599
f 601/601/601 602/602/602 568/568/568
f 601/601/601 568/568/568 571/571/571
f 603/603/603 605/605/605 604/604/604
f 606/606/606 561/561/561 607/607/607
f 582/582/582 608/608/608 579/579/579
f 609/609/609 593/593/593 591/591/591
f 609/609/609 610/610/610 593/593/593
f 611/611/611 583/583/583 612/612/612
f 611/611/611 612/612/612 613/613/613
f 587/587/587 588/588/588 614/614/614
f 587/587/587 614/614/614 615/615/615
f 616/616/616 618/618/618 617/617/617
f 616/616/616 617/617/617 619/619/619
f 555/555/555 621/621/621 620/620/620
f 555/555/555 620/620/620 554/554/554
f 607/607/607 585/585/585 611/611/611
f 622/622/622 608/608/608 582/582/582
f 598/598/598 624/624/624 623/623/623
f 625/625/625 578/578/578 576/576/576
f 623/623/623 600/600/600 598/598/598
f 606/606/606 563/563/563 561/561/561
f 611/611/611 585/585/585 583/583/583
f 626/626/626 628/628/628 627/627/627
f 629/629/629 631/631/631 630/630/630
f 629/629/629 630/630/630 632/632/632
f 633/633/633 635/635/635 634/634/634
f 633/633/633 634/634/634 636/636/636
f 637/637/637 639/639/639 638/638/638
f 640/640/640 637/637/637 638/638/638
f 633/633/633 636/636/636 641/641/641
f 642/642/642 633/633/633 641/641/641
f 625/625/625 624/624/624 578/578/578
f 643/643/643 624/624/624 598/598/598
f 644/644/644 646/646/646 645/645/645
f 644/644/644 645/645/645 626/626/626
f 607/607/607 647/647/647 585/585/585
f 648/648/648 640/640/640 638/638/638
f 648/648/648 638/638/638 649/649/649
f 650/650/650 652/652/652 651/651/651
f 650/650/650 651/651/651 653/653/653
f 654/654/654 655/655/655 650/650/650
f 653/653/653 654/654/654 650/650/650
f 644/644/644 627/627/627 656/656/656
f 626/626/626 627/627/627 644/644/644
f 606/606/606 605/605/605 563/563/563
f 563/563/563 605/605/605 603/603/603
f 566/566/566 608/608/608 565/565/565
f 574/574/574 572/572/572 609/609/609
f 561/561/561 647/647/647 607/607/607
f 565/565/565 608/608/608 622/622/622
f 578/578/578 624/624/624 643/643/643
f 572/572/572 610/610/610 609/609/609
f 657/657/657 659/659/659 658/658/658
f 660/660/660 657/657/657 658/658/658
f 660/660/660 658/658/658 661/661/661
f 662/662/662 660/660/660 661/661/661
f 663/663/663 665/665/665 664/664/664
f 663/663/663 664/664/664 666/666/666
f 665/665/665 668/668/668 667/667/667
f 665/665/665 667/667/667 664/664/664
f 669/669/669 671/671/671 670/670/670
f 672/672/672 669/669/669 670/670/670
f 673/673/673 672/672/672 670/670/670
f 673/673/673 670/670/670 674/674/674
f 670/670/670 676/676/676 675/675/675
f 674/674/674 670/670/670 675/675/675
f 670/670/670 671/671/671 677/677/677
f 670/670/670 677/677/677 676/676/676
f 678/678/678 680/680/680 679/679/679
f 681/681/681 678/678/678 679/679/679
f 679/679/679 680/680/680 682/682/682
f 683/683/683 679/679/679 682/682/682
f 684/684/684 686/686/686 685/685/685
f 687/687/687 684/684/684 685/685/685
f 688/688/688 689/689/689 684/684/684
f 687/687/687 688/688/688 684/684/684
f 690/690/690 692/692/692 691/691/691
f 693/693/693 690/690/690 691/691/691
f 693/693/693 691/691/691 694/694/694
f 695/695/695 693/693/693 694/694/694
f 696/696/696 698/698/698 697/697/697
f 696/696/696 697/697/697 699/699/699
f 698/698/698 701/701/701 700/700/700
f 698/698/698 700/700/700 697/697/697
f 702/702/702 704/704/704 703/703/703
f 705/705/705 702/702/702 703/703/703
f 706/706/706 705/705/705 703/703/703
f 706/706/706 703/703/703 707/707/707
f 703/703/703 709/709/709 708/708/708
f 707/707/707 703/703/703 708/708/708
f 703/703/703 704/704/704 710/710/710
f 703/703/703 710/710/710 709/709/709
f 711/711/711 713/713/713 712/712/712
f 714/714/714 711/711/711 712/712/712
f 712/712/712 713/713/713 715/715/715
f 716/716/716 712/712/712 715/715/715
f 717/717/717 719/719/719 718/718/718
f 720/720/720 717/717/717 718/718/718
f 721/721/721 723/723/723 722/722/722
f 724/724/724 721/721/721 722/722/722
usemtl mat0
v 0.65 0.6 -0.4
vt 0.568698 0.934377
vn 0 1 0
v 0.65 0.6 -0.5
vt 0.568698 0.934377
vn 0 1 0
v 0.75 0.6 -0.4
vt 0.566032 0.934377
vn 0 1 0
v 0.8 0.6 0.5
vt 0.566032 0.934377
vn 0 1 0
v 0.75 0.6 0.4
vt 0.566032 0.934377
vn 0 1 0
v 0.8 0.6 0.4
vt 0.564699 0.934377
vn 0 1 0
v 0.65 0.6 0.5
vt 0.568698 0.934377
vn 0 1 0
v 0.65 0.6 0.5
vt 0.568698 0.918752
vn 0 0 1
v 0.8 0.284998 0.5
vt 0.566032 0.858348
vn 0 0 1
v 0.65 0.284998 0.5
vt 0.568698 0.858348
vn 0 0 1
v 0.8 0.6 0.5
vt 0.566032 0.918752
vn 0 0 1
v 0.8 0.284998 0.4
vt 0.564699 0.858348
vn 0 0 -1
v 0.75 0 0.4
vt 0.566032 0.801245
vn 0 0 -1
v 0.8 0 0.4
vt 0.564699 0.801245
vn 0 0 -1
v 0.75 0.284998 0.4
vt 0.566032 0.858348
vn 0 0 -1
v -0.65 0.6 -0.5
vt 0.59802 0.918752
vn 0 0 -1
v -0.8 0.284998 -0.5
vt 0.600686 0.858348
vn 0 0 -1
v -0.65 0.284998 -0.5
vt 0.59802 0.858348
vn 0 0 -1
v -0.8 0.6 -0.5
vt 0.600686 0.918752
vn 0 0 -1
v -0.65 0.6 -0.5
vt 0.59802 0.934377
vn 0 1 0
v -0.65 0.6 -0.4
vt 0.59802 0.934377
vn 0 1 0
v -0.75 0.6 -0.4
vt 0.600686 0.934377
vn 0 1 0
v 0.75 0.6 -0.4
vt 0.566032 0.856252
vn 0 0 1
v 0.8 0.284998 -0.4
vt 0.564699 0.827098
vn 0 0 1
v 0.75 0.284998 -0.4
vt 0.566032 0.827098
vn 0 0 1
v 0.8 0.6 -0.4
vt 0.564699 0.856252
vn 0 0 1
v 0.65 0 0.5
vt 0.568698 0.801245
vn 0 -1 0
v 0.8 0 0.4
vt 0.564699 0.801245
vn 0 -1 0
v 0.75 0 0.4
vt 0.566032 0.801245
vn 0 -1 0
v 0.8 0 0.5
vt 0.564699 0.801245
vn 0 -1 0
v -0.75 0.284998 -0.4
vt 0.600686 0.905223
vn -1 0 0
v -0.75 0 0.4
vt 0.600686 0.81687
vn -1 0 0
v -0.75 0 -0.4
vt 0.600686 0.81687
vn -1 0 0
v -0.75 0.284998 0.4
vt 0.600686 0.905223
vn -1 0 0
v -0.8 0 0.5
vt 0.600686 0.801245
vn 0 -1 0
v -0.75 0 0.4
vt 0.600686 0.801245
vn 0 -1 0
v -0.8 0 0.4
vt 0.602019 0.801245
vn 0 -1 0
v -0.65 0 0.5
vt 0.59802 0.801245
vn 0 -1 0
v -0.65 0.6 0.5
vt 0.59802 0.934377
vn 0 1 0
v -0.8 0.6 0.4
vt 0.602019 0.934377
vn 0 1 0
v -0.75 0.6 0.4
vt 0.600686 0.934377
vn 0 1 0
v -0.8 0.6 0.5
vt 0.602019 0.934377
vn 0 1 0
v -0.75 0.6 0.4
vt 0.600686 0.856252
vn 0 0 -1
v -0.8 0.284998 0.4
vt 0.602019 0.827098
vn 0 0 -1
v -0.75 0.284998 0.4
vt 0.600686 0.827098
vn 0 0 -1
v -0.8 0.6 0.4
vt 0.602019 0.856252
vn 0 0 -1
v -0.65 0.6 0.4
vt 0.59802 0.934377
vn 0 1 0
v 0.8 0.6 -0.4
vt 0.564699 0.871877
vn 1 0 0
v 0.8 0.284998 -0.5
vt 0.564699 0.842723
vn 1 0 0
v 0.8 0.284998 -0.4
vt 0.564699 0.842723
vn 1 0 0
v 0.8 0.6 -0.5
vt 0.564699 0.871877
vn 1 0 0
v -0.8 0.6 -0.5
vt 0.600686 0.934377
vn 0 1 0
v -0.8 0.6 -0.4
vt 0.602019 0.934377
vn 0 1 0
v 0.8 0.6 0.5
vt 0.564699 0.871877
vn 1 0 0
v 0.8 0.284998 0.4
vt 0.564699 0.842723
vn 1 0 0
v 0.8 0.284998 0.5
vt 0.564699 0.842723
vn 1 0 0
v 0.8 0.6 0.4
vt 0.564699 0.871877
vn 1 0 0
v 0.65 0.6 0.4
vt 0.568698 0.934377
vn 0 1 0
v -0.8 0.284998 -0.4
vt 0.602019 0.858348
vn 0 0 1
v -0.75 0 -0.4
vt 0.600686 0.801245
vn 0 0 1
v -0.8 0 -0.4
vt 0.602019 0.801245
vn 0 0 1
v -0.75 0.284998 -0.4
vt 0.600686 0.858348
vn 0 0 1
v -0.8 0 -0.4
vt 0.602019 0.801245
vn 0 -1 0
v -0.65 0 -0.5
vt 0.59802 0.801245
vn 0 -1 0
v -0.8 0 -0.5
vt 0.602019 0.801245
vn 0 -1 0
v -0.75 0 -0.4
vt 0.600686 0.801245
vn 0 -1 0
v 0.8 0.6 -0.4
vt 0.564699 0.934377
vn 0 1 0
v 0.8 0.6 -0.5
vt 0.564699 0.934377
vn 0 1 0
v -0.8 0.6 0.4
vt 0.602019 0.871877
vn -1 0 0
v -0.8 0.284998 0.5
vt 0.602019 0.842723
vn -1 0 0
v -0.8 0.284998 0.4
vt 0.602019 0.842723
vn -1 0 0
v -0.8 0.6 0.5
vt 0.602019 0.871877
vn -1 0 0
v 0.75 0.6 0.4
vt 0.566032 0.903127
vn 1 0 0
v 0.75 0.284998 -0.4
vt 0.566032 0.842723
vn 1 0 0
v 0.75 0.284998 0.4
vt 0.566032 0.842723
vn 1 0 0
v 0.75 0.6 -0.4
vt 0.566032 0.903127
vn 1 0 0
v -0.8 0.6 -0.5
vt 0.602019 0.871877
vn -1 0 0
v -0.8 0.284998 -0.4
vt 0.602019 0.842723
vn -1 0 0
v -0.8 0.284998 -0.5
vt 0.602019 0.842723
vn -1 0 0
v -0.8 0.6 -0.4
vt 0.602019 0.871877
vn -1 0 0
v 0.75 0 -0.4
vt 0.566032 0.801245
vn 0 -1 0
v 0.8 0 -0.5
vt 0.566032 0.801245
vn 0 -1 0
v 0.65 0 -0.5
vt 0.568698 0.801245
vn 0 -1 0
v 0.8 0 -0.4
vt 0.564699 0.801245
vn 0 -1 0
v -0.65 0.6 0.4
vt 0.590023 0.934377
vn 0 1 0
v -0.35 0.6 0.5
vt 0.590023 0.934377
vn 0 1 0
v 0.35 0.6 0.5
vt 0.576695 0.934377
vn 0 1 0
v 0.65 0.6 0.4
vt 0.576695 0.934377
vn 0 1 0
v -0.35 0.6 -0.5
vt 0.590023 0.934377
vn 0 1 0
v 0.65 0.6 -0.4
vt 0.576695 0.934377
vn 0 1 0
v 0.35 0.6 -0.5
vt 0.576695 0.934377
vn 0 1 0
v -0.65 0.6 -0.4
vt 0.590023 0.934377
vn 0 1 0
v 0.35 0 -0.5
vt 0.153216 0.782101
vn 0 -1 0
v 0.65 0 -0.575
vt 0.132312 0.782101
vn 0 -1 0
v 0.35 0 -0.575
vt 0.153216 0.782101
vn 0 -1 0
v 0.65 0 -0.5
vt 0.132312 0.782101
vn 0 -1 0
v 0.35 0.6 -0.5
vt 0.576695 0.918752
vn 0 0 -1
v -0.35 0.284998 -0.5
vt 0.590023 0.858348
vn 0 0 -1
v 0.35 0.284998 -0.5
vt 0.576695 0.858348
vn 0 0 -1
v -0.35 0.6 -0.5
vt 0.590023 0.918752
vn 0 0 -1
v -0.35 0.284998 0.5
vt 0.156049 0.829003
vn 1 0 0
v -0.35 0 0.5
vt 0.156049 0.797726
vn 1 0 0
v -0.35 0 0.575
vt 0.156049 0.797726
vn 1 0 0
v -0.35 0.6 0.5
vt 0.590023 0.918752
vn 0 0 1
v 0.35 0.284998 0.5
vt 0.576695 0.858348
vn 0 0 1
v -0.35 0.284998 0.5
vt 0.590023 0.858348
vn 0 0 1
v 0.35 0.6 0.5
vt 0.576695 0.918752
vn 0 0 1
v -0.35 0 0.5
vt 0.590023 0.801245
vn 0 -1 0
v 0.35 0 -0.5
vt 0.576695 0.801245
vn 0 -1 0
v -0.35 0 -0.5
vt 0.590023 0.801245
vn 0 -1 0
v 0.35 0 0.5
vt 0.576695 0.801245
vn 0 -1 0
v -0.8 0.6 0.5
vt 0.600686 0.918752
vn 0 0 1
v -0.65 0.284998 0.5
vt 0.59802 0.858348
vn 0 0 1
v -0.8 0.284998 0.5
vt 0.600686 0.858348
vn 0 0 1
v -0.65 0.6 0.5
vt 0.59802 0.918752
vn 0 0 1
v -0.35 0.525 -0.575
vt 0.156049 0.910809
vn 0 0.707106 -0.707108
v -0.605 0.5 -0.6
vt 0.173818 0.904156
vn 0 0.707106 -0.707108
v -0.395 0.5 -0.6
vt 0.159185 0.904156
vn 0 0.707106 -0.707108
v -0.65 0.525 -0.575
vt 0.176953 0.910809
vn 0 0.707106 -0.707108
v -0.65 0 0.5
vt 0.22302 0.769995
vn 0 -1 0
v -0.35 0 -0.5
vt 0.215023 0.769995
vn 0 -1 0
v -0.65 0 -0.5
vt 0.22302 0.769995
vn 0 -1 0
v -0.35 0 0.5
vt 0.215023 0.769995
vn 0 -1 0
v 0.8 0.6 -0.5
vt 0.566032 0.918752
vn 0 0 -1
v 0.65 0.284998 -0.5
vt 0.568698 0.858348
vn 0 0 -1
v 0.8 0.284998 -0.5
vt 0.566032 0.858348
vn 0 0 -1
v 0.65 0.6 -0.5
vt 0.568698 0.918752
vn 0 0 -1
v 0.35 0 0.5
vt 0.201695 0.769995
vn 0 -1 0
v 0.65 0 -0.5
vt 0.193698 0.769995
vn 0 -1 0
v 0.35 0 -0.5
vt 0.201695 0.769995
vn 0 -1 0
v 0.65 0 0.5
vt 0.193698 0.769995
vn 0 -1 0
v 0.35 0.284998 0.5
vt 0.153216 0.829003
vn -1 0 0
v 0.35 0.6 0.5
vt 0.153216 0.899514
vn -1 0 0
v 0.35 0.525 0.575
vt 0.153216 0.879559
vn -1 0 0
v -0.65 0.284998 0.5
vt 0.176953 0.829003
vn -1 0 0
v -0.65 0.6 0.5
vt 0.176953 0.899514
vn -1 0 0
v -0.65 0.525 0.575
vt 0.176953 0.879559
vn -1 0 0
v 0.65 0.284998 0.5
vt 0.132312 0.829003
vn 1 0 0
v 0.65 0 0.5
vt 0.132312 0.797726
vn 1 0 0
v 0.65 0 0.575
vt 0.132312 0.797726
vn 1 0 0
v -0.65 0 0.575
vt 0.176953 0.782101
vn 0 -1 0
v -0.35 0 0.5
vt 0.156049 0.782101
vn 0 -1 0
v -0.65 0 0.5
vt 0.176953 0.782101
vn 0 -1 0
v -0.35 0 0.575
vt 0.156049 0.782101
vn 0 -1 0
v 0.65 0 0.575
vt 0.132312 0.797726
vn 1 0 0
v 0.65 0.525 0.575
vt 0.132312 0.879559
vn 1 0 0
v 0.65 0.284998 0.5
vt 0.132312 0.829003
vn 1 0 0
v 0.35 0.525 0.575
vt 0.153216 0.910809
vn 0 0.707106 0.707108
v 0.605 0.5 0.6
vt 0.135447 0.904156
vn 0 0.707106 0.707108
v 0.395 0.5 0.6
vt 0.15008 0.904156
vn 0 0.707106 0.707108
v 0.65 0.525 0.575
vt 0.132312 0.910809
vn 0 0.707106 0.707108
v -0.65 0.525 0.575
vt 0.176953 0.910809
vn 0 0.707106 0.707108
v -0.395 0.5 0.6
vt 0.159185 0.904156
vn 0 0.707106 0.707108
v -0.605 0.5 0.6
vt 0.173818 0.904156
vn 0 0.707106 0.707108
v -0.35 0.525 0.575
vt 0.156049 0.910809
vn 0 0.707106 0.707108
v 0.395 0.5 0.6
vt 0.15008 0.888531
vn 0 0 1
v 0.605 0.025 0.6
vt 0.135447 0.820002
vn 0 0 1
v 0.395 0.025 0.6
vt 0.15008 0.820002
vn 0 0 1
v 0.605 0.5 0.6
vt 0.135447 0.888531
vn 0 0 1
v -0.65 0 -0.5
vt 0.176953 0.782101
vn 0 -1 0
v -0.35 0 -0.575
vt 0.156049 0.782101
vn 0 -1 0
v -0.65 0 -0.575
vt 0.176953 0.782101
vn 0 -1 0
v -0.35 0 -0.5
vt 0.156049 0.782101
vn 0 -1 0
v 0.65 0.284998 -0.5
vt 0.132312 0.829003
vn 1 0 0
v 0.65 0.6 -0.5
vt 0.132312 0.899514
vn 1 0 0
v 0.65 0.525 -0.575
vt 0.132312 0.879559
vn 1 0 0
v -0.65 0.284998 -0.5
vt 0.176953 0.829003
vn -1 0 0
v -0.65 0 -0.5
vt 0.176953 0.797726
vn -1 0 0
v -0.65 0 -0.575
vt 0.176953 0.797726
vn -1 0 0
v 0.35 0.284998 -0.5
vt 0.153216 0.829003
vn -1 0 0
v 0.35 0 -0.5
vt 0.153216 0.797726
vn -1 0 0
v 0.35 0 -0.575
vt 0.153216 0.797726
vn -1 0 0
v -0.35 0.284998 -0.5
vt 0.156049 0.829003
vn 1 0 0
v -0.35 0.6 -0.5
vt 0.156049 0.899514
vn 1 0 0
v -0.35 0.525 -0.575
vt 0.156049 0.879559
vn 1 0 0
v -0.35 0.525 -0.575
vt 0.156049 0.879559
vn 1 0 0
v -0.35 0 -0.575
vt 0.156049 0.797726
vn 1 0 0
v -0.35 0.284998 -0.5
vt 0.156049 0.829003
vn 1 0 0
v 0.605 0.5 -0.6
vt 0.135447 0.888531
vn 0 0 -1
v 0.395 0.025 -0.6
vt 0.15008 0.820002
vn 0 0 -1
v 0.605 0.025 -0.6
vt 0.135447 0.820002
vn 0 0 -1
v 0.395 0.5 -0.6
vt 0.15008 0.888531
vn 0 0 -1
v 0.65 0.525 -0.575
vt 0.132312 0.910809
vn 0 0.707106 -0.707108
v 0.395 0.5 -0.6
vt 0.15008 0.904156
vn 0 0.707106 -0.707108
v 0.605 0.5 -0.6
vt 0.135447 0.904156
vn 0 0.707106 -0.707108
v 0.35 0.525 -0.575
vt 0.153216 0.910809
vn 0 0.707106 -0.707108
v 0.395 0.025 0.6
vt 0.15008 0.788752
vn 0 -0.707107 0.707107
v 0.65 0 0.575
vt 0.132312 0.782101
vn 0 -0.707107 0.707107
v 0.35 0 0.575
vt 0.153216 0.782101
vn 0 -0.707107 0.707107
v 0.605 0.025 0.6
vt 0.135447 0.788752
vn 0 -0.707107 0.707107
v -0.395 0.5 -0.6
vt 0.159185 0.888531
vn 0 0 -1
v -0.605 0.025 -0.6
vt 0.173818 0.820002
vn 0 0 -1
v -0.395 0.025 -0.6
vt 0.159185 0.820002
vn 0 0 -1
v -0.605 0.5 -0.6
vt 0.173818 0.888531
vn 0 0 -1
v -0.395 0.025 0.6
vt 0.159185 0.804377
vn 0.485642 0 0.874158
v -0.35 0.525 0.575
vt 0.156049 0.879559
vn 0.485642 0 0.874158
v -0.35 0 0.575
vt 0.156049 0.797726
vn 0.485642 0 0.874158
v -0.395 0.5 0.6
vt 0.159185 0.872906
vn 0.485642 0 0.874158
v -0.605 0.025 0.6
vt 0.173818 0.788752
vn 0 -0.707107 0.707107
v -0.35 0 0.575
vt 0.156049 0.782101
vn 0 -0.707107 0.707107
v -0.65 0 0.575
vt 0.176953 0.782101
vn 0 -0.707107 0.707107
v -0.395 0.025 0.6
vt 0.159185 0.788752
vn 0 -0.707107 0.707107
v 0.35 0.525 0.575
vt 0.153216 0.879559
vn -0.485643 0 0.874157
v 0.395 0.025 0.6
vt 0.15008 0.804377
vn -0.485643 0 0.874157
v 0.35 0 0.575
vt 0.153216 0.797726
vn -0.485643 0 0.874157
v 0.395 0.5 0.6
vt 0.15008 0.872906
vn -0.485643 0 0.874157
v -0.65 0.525 0.575
vt 0.176953 0.879559
vn -0.485643 0 0.874157
v -0.605 0.025 0.6
vt 0.173818 0.804377
vn -0.485643 0 0.874157
v -0.65 0 0.575
vt 0.176953 0.797726
vn -0.485643 0 0.874157
v -0.605 0.5 0.6
vt 0.173818 0.872906
vn -0.485643 0 0.874157
v -0.395 0.025 -0.6
vt 0.159185 0.788752
vn 0 -0.707107 -0.707107
v -0.65 0 -0.575
vt 0.176953 0.782101
vn 0 -0.707107 -0.707107
v -0.35 0 -0.575
vt 0.156049 0.782101
vn 0 -0.707107 -0.707107
v -0.605 0.025 -0.6
vt 0.173818 0.788752
vn 0 -0.707107 -0.707107
v 0.605 0.025 0.6
vt 0.135447 0.804377
vn 0.485643 0 0.874157
v 0.65 0.525 0.575
vt 0.132312 0.879559
vn 0.485643 0 0.874157
v 0.65 0 0.575
vt 0.132312 0.797726
vn 0.485643 0 0.874157
v 0.605 0.5 0.6
vt 0.135447 0.872906
vn 0.485643 0 0.874157
v 0.395 0.025 -0.6
vt 0.15008 0.804377
vn -0.485643 0 -0.874157
v 0.35 0.525 -0.575
vt 0.153216 0.879559
vn -0.485643 0 -0.874157
v 0.35 0 -0.575
vt 0.153216 0.797726
vn -0.485643 0 -0.874157
v 0.395 0.5 -0.6
vt 0.15008 0.872906
vn -0.485643 0 -0.874157
v -0.35 0.525 -0.575
vt 0.156049 0.879559
vn 0.485642 0 -0.874158
v -0.395 0.025 -0.6
vt 0.159185 0.804377
vn 0.485642 0 -0.874158
v -0.35 0 -0.575
vt 0.156049 0.797726
vn 0.485642 0 -0.874158
v -0.395 0.5 -0.6
vt 0.159185 0.872906
vn 0.485642 0 -0.874158
v 0.605 0.025 -0.6
vt 0.135447 0.788752
vn 0 -0.707107 -0.707107
v 0.35 0 -0.575
vt 0.153216 0.782101
vn 0 -0.707107 -0.707107
v 0.65 0 -0.575
vt 0.132312 0.782101
vn 0 -0.707107 -0.707107
v 0.395 0.025 -0.6
vt 0.15008 0.788752
vn 0 -0.707107 -0.707107
v -0.605 0.025 -0.6
vt 0.173818 0.804377
vn -0.485643 0 -0.874157
v -0.65 0.525 -0.575
vt 0.176953 0.879559
vn -0.485643 0 -0.874157
v -0.65 0 -0.575
vt 0.176953 0.797726
vn -0.485643 0 -0.874157
v -0.605 0.5 -0.6
vt 0.173818 0.872906
vn -0.485643 0 -0.874157
v 0.35 0 0.575
vt 0.153216 0.782101
vn 0 -1 0
v 0.65 0 0.5
vt 0.132312 0.782101
vn 0 -1 0
v 0.35 0 0.5
vt 0.153216 0.782101
vn 0 -1 0
v 0.65 0 0.575
vt 0.132312 0.782101
vn 0 -1 0
v 0.65 0.284998 -0.5
vt 0.132312 0.829003
vn 1 0 0
v 0.65 0.525 -0.575
vt 0.132312 0.879559
vn 1 0 0
v 0.65 0 -0.575
vt 0.132312 0.797726
vn 1 0 0
v -0.605 0.5 0.6
vt 0.173818 0.888531
vn 0 0 1
v -0.395 0.025 0.6
vt 0.159185 0.820002
vn 0 0 1
v -0.605 0.025 0.6
vt 0.173818 0.820002
vn 0 0 1
v -0.395 0.5 0.6
vt 0.159185 0.888531
vn 0 0 1
v 0.8 0.284998 -0.5
vt 0.566032 0.889598
vn 0 0 -1
v 0.65 0 -0.5
vt 0.568698 0.832495
vn 0 0 -1
v 0.8 0 -0.5
vt 0.566032 0.832495
vn 0 0 -1
v 0.65 0.284998 -0.5
vt 0.568698 0.889598
vn 0 0 -1
v -0.8 0.284998 0.5
vt 0.600686 0.889598
vn 0 0 1
v -0.65 0 0.5
vt 0.59802 0.832495
vn 0 0 1
v -0.8 0 0.5
vt 0.600686 0.832495
vn 0 0 1
v -0.65 0.284998 0.5
vt 0.59802 0.889598
vn 0 0 1
v -0.35 0.284998 0.5
vt 0.590023 0.889598
vn 0 0 1
v 0.35 0 0.5
vt 0.576695 0.832495
vn 0 0 1
v -0.35 0 0.5
vt 0.590023 0.832495
vn 0 0 1
v 0.35 0.284998 0.5
vt 0.576695 0.889598
vn 0 0 1
v 0.35 0.284998 -0.5
vt 0.576695 0.889598
vn 0 0 -1
v -0.35 0 -0.5
vt 0.590023 0.832495
vn 0 0 -1
v 0.35 0 -0.5
vt 0.576695 0.832495
vn 0 0 -1
v -0.35 0.284998 -0.5
vt 0.590023 0.889598
vn 0 0 -1
v -0.8 0.284998 -0.5
vt 0.602019 0.873973
vn -1 0 0
v -0.8 0 -0.4
vt 0.602019 0.81687
vn -1 0 0
v -0.8 0 -0.5
vt 0.602019 0.81687
vn -1 0 0
v -0.8 0.284998 -0.4
vt 0.602019 0.873973
vn -1 0 0
v 0.75 0.284998 0.4
vt 0.566032 0.905223
vn 1 0 0
v 0.75 0 -0.4
vt 0.566032 0.81687
vn 1 0 0
v 0.75 0 0.4
vt 0.566032 0.81687
vn 1 0 0
v 0.75 0.284998 -0.4
vt 0.566032 0.905223
vn 1 0 0
v -0.8 0.284998 0.4
vt 0.602019 0.873973
vn -1 0 0
v -0.8 0 0.5
vt 0.602019 0.81687
vn -1 0 0
v -0.8 0 0.4
vt 0.602019 0.81687
vn -1 0 0
v -0.8 0.284998 0.5
vt 0.602019 0.873973
vn -1 0 0
v -0.8 0.6 -0.4
vt 0.602019 0.856252
vn 0 0 1
v -0.75 0.284998 -0.4
vt 0.600686 0.827098
vn 0 0 1
v -0.8 0.284998 -0.4
vt 0.602019 0.827098
vn 0 0 1
v -0.75 0.6 -0.4
vt 0.600686 0.856252
vn 0 0 1
v 0.8 0.284998 0.5
vt 0.564699 0.873973
vn 1 0 0
v 0.8 0 0.4
vt 0.564699 0.81687
vn 1 0 0
v 0.8 0 0.5
vt 0.564699 0.81687
vn 1 0 0
v 0.8 0.284998 0.4
vt 0.564699 0.873973
vn 1 0 0
v 0.8 0.284998 -0.4
vt 0.564699 0.873973
vn 1 0 0
v 0.8 0 -0.5
vt 0.564699 0.81687
vn 1 0 0
v 0.8 0 -0.4
vt 0.564699 0.81687
vn 1 0 0
v 0.8 0.284998 -0.5
vt 0.564699 0.873973
vn 1 0 0
v -0.75 0.284998 0.4
vt 0.600686 0.858348
vn 0 0 -1
v -0.8 0 0.4
vt 0.602019 0.801245
vn 0 0 -1
v -0.75 0 0.4
vt 0.600686 0.801245
vn 0 0 -1
v -0.8 0.284998 0.4
vt 0.602019 0.858348
vn 0 0 -1
v -0.75 0.6 -0.4
vt 0.600686 0.903127
vn -1 0 0
v -0.75 0.284998 0.4
vt 0.600686 0.842723
vn -1 0 0
v -0.75 0.284998 -0.4
vt 0.600686 0.842723
vn -1 0 0
v -0.75 0.6 0.4
vt 0.600686 0.903127
vn -1 0 0
v 0.75 0.284998 -0.4
vt 0.566032 0.858348
vn 0 0 1
v 0.8 0 -0.4
vt 0.564699 0.801245
vn 0 0 1
v 0.75 0 -0.4
vt 0.566032 0.801245
vn 0 0 1
v 0.8 0.284998 -0.4
vt 0.564699 0.858348
vn 0 0 1
v -0.65 0.284998 -0.5
vt 0.59802 0.889598
vn 0 0 -1
v -0.8 0 -0.5
vt 0.600686 0.832495
vn 0 0 -1
v -0.65 0 -0.5
vt 0.59802 0.832495
vn 0 0 -1
v -0.8 0.284998 -0.5
vt 0.600686 0.889598
vn 0 0 -1
v 0.8 0.6 0.4
vt 0.564699 0.856252
vn 0 0 -1
v 0.75 0.284998 0.4
vt 0.566032 0.827098
vn 0 0 -1
v 0.8 0.284998 0.4
vt 0.564699 0.827098
vn 0 0 -1
v 0.75 0.6 0.4
vt 0.566032 0.856252
vn 0 0 -1
v 0.65 0.284998 0.5
vt 0.568698 0.889598
vn 0 0 1
v 0.8 0 0.5
vt 0.566032 0.832495
vn 0 0 1
v 0.65 0 0.5
vt 0.568698 0.832495
vn 0 0 1
v 0.8 0.284998 0.5
vt 0.566032 0.889598
vn 0 0 1
v -0.65 0.6 0.5
vt 0.176953 0.930764
vn 0 0.707107 0.707107
v -0.35 0.525 0.575
vt 0.156049 0.910809
vn 0 0.707107 0.707107
v -0.65 0.525 0.575
vt 0.176953 0.910809
vn 0 0.707107 0.707107
v -0.35 0.6 0.5
vt 0.156049 0.930764
vn 0 0.707107 0.707107
v 0.35 0.6 0.5
vt 0.153216 0.930764
vn 0 0.707107 0.707107
v 0.65 0.525 0.575
vt 0.132312 0.910809
vn 0 0.707107 0.707107
v 0.35 0.525 0.575
vt 0.153216 0.910809
vn 0 0.707107 0.707107
v 0.65 0.6 0.5
vt 0.132312 0.930764
vn 0 0.707107 0.707107
v 0.65 0.6 -0.5
vt 0.132312 0.930764
vn 0 0.707107 -0.707106
v 0.35 0.525 -0.575
vt 0.153216 0.910809
vn 0 0.707107 -0.707106
v 0.65 0.525 -0.575
vt 0.132312 0.910809
vn 0 0.707107 -0.707106
v 0.35 0.6 -0.5
vt 0.153216 0.930764
vn 0 0.707107 -0.707106
v -0.35 0.6 -0.5
vt 0.156049 0.930764
vn 0 0.707107 -0.707107
v -0.65 0.525 -0.575
vt 0.176953 0.910809
vn 0 0.707107 -0.707107
v -0.35 0.525 -0.575
vt 0.156049 0.910809
vn 0 0.707107 -0.707107
v -0.65 0.6 -0.5
vt 0.176953 0.930764
vn 0 0.707107 -0.707107
v -0.65 0.6 -0.5
vt 0.176953 0.899514
vn -1 0 0
v -0.65 0.284998 -0.5
vt 0.176953 0.829003
vn -1 0 0
v -0.65 0.525 -0.575
vt 0.176953 0.879559
vn -1 0 0
v 0.65 0 -0.5
vt 0.132312 0.797726
vn 1 0 0
v 0.65 0.284998 -0.5
vt 0.132312 0.829003
vn 1 0 0
v 0.65 0 -0.575
vt 0.132312 0.797726
vn 1 0 0
v -0.35 0 0.575
vt 0.156049 0.797726
vn 1 0 0
v -0.35 0.525 0.575
vt 0.156049 0.879559
vn 1 0 0
v -0.35 0.284998 0.5
vt 0.156049 0.829003
vn 1 0 0
v 0.35 0 0.5
vt 0.153216 0.797726
vn -1 0 0
v 0.35 0 0.575
vt 0.153216 0.797726
vn -1 0 0
v -0.35 0.6 0.5
vt 0.156049 0.899514
vn 1 0 0
v -0.35 0.284998 0.5
vt 0.156049 0.829003
vn 1 0 0
v -0.35 0.525 0.575
vt 0.156049 0.879559
vn 1 0 0
v 0.65 0.6 0.5
vt 0.132312 0.899514
vn 1 0 0
v 0.65 0.284998 0.5
vt 0.132312 0.829003
vn 1 0 0
v 0.65 0.525 0.575
vt 0.132312 0.879559
vn 1 0 0
v -0.65 0.525 0.575
vt 0.176953 0.879559
vn -1 0 0
v -0.65 0 0.575
vt 0.176953 0.797726
vn -1 0 0
v -0.65 0.284998 0.5
vt 0.176953 0.829003
vn -1 0 0
v -0.65 0 0.5
vt 0.176953 0.797726
vn -1 0 0
v -0.65 0.284998 0.5
vt 0.176953 0.829003
vn -1 0 0
v -0.65 0 0.575
vt 0.176953 0.797726
vn -1 0 0
v 0.35 0.525 -0.575
vt 0.153216 0.879559
vn -1 0 0
v -0.35 0 -0.5
vt 0.156049 0.797726
vn 1 0 0
v -0.35 0.284998 -0.5
vt 0.156049 0.829003
vn 1 0 0
v -0.35 0 -0.575
vt 0.156049 0.797726
vn 1 0 0
v 0.35 0.6 -0.5
vt 0.153216 0.899514
vn -1 0 0
v -0.65 0.284998 -0.5
vt 0.176953 0.829003
vn -1 0 0
v -0.65 0 -0.575
vt 0.176953 0.797726
vn -1 0 0
v -0.65 0.525 -0.575
vt 0.176953 0.879559
vn -1 0 0
v 0.65 0.525 -0.575
vt 0.132312 0.879559
vn 0.485643 0 -0.874157
v 0.605 0.025 -0.6
vt 0.135447 0.804377
vn 0.485643 0 -0.874157
v 0.65 0 -0.575
vt 0.132312 0.797726
vn 0.485643 0 -0.874157
v 0.605 0.5 -0.6
vt 0.135447 0.872906
vn 0.485643 0 -0.874157
v 0.65 0.6 -0.4
vt 0.568698 0.871877
vn -1 0 0
v 0.65 0.1 0.4
vt 0.568698 0.827871
vn -1 0 0
v 0.65 0.1 -0.4
vt 0.568698 0.827871
vn -1 0 0
v 0.65 0.6 0.4
vt 0.568698 0.871877
vn -1 0 0
v -0.65 0.6 0.4
vt 0.59802 0.871877
vn 1 0 0
v -0.65 0.1 -0.4
vt 0.59802 0.827871
vn 1 0 0
v -0.65 0.1 0.4
vt 0.59802 0.827871
vn 1 0 0
v -0.65 0.6 -0.4
vt 0.59802 0.871877
vn 1 0 0
v -0.65 0.6 -0.4
vt 0.590023 0.887502
vn 0 0 1
v 0.65 0.1 -0.4
vt 0.568698 0.843496
vn 0 0 1
v -0.65 0.1 -0.4
vt 0.59802 0.843496
vn 0 0 1
v 0.65 0.6 -0.4
vt 0.576695 0.887502
vn 0 0 1
v 0.65 0.6 0.4
vt 0.576695 0.887502
vn 0 0 -1
v -0.65 0.1 0.4
vt 0.59802 0.843496
vn 0 0 -1
v 0.65 0.1 0.4
vt 0.568698 0.843496
vn 0 0 -1
v -0.65 0.6 0.4
vt 0.590023 0.887502
vn 0 0 -1
v 0.65 0.1 0.4
vt 0.568698 0.859121
vn 0 1 0
v -0.65 0.1 -0.4
vt 0.59802 0.859121
vn 0 1 0
v 0.65 0.1 -0.4
vt 0.568698 0.859121
vn 0 1 0
v -0.65 0.1 0.4
vt 0.59802 0.859121
vn 0 1 0
v -0.15 0.5 0.6
vt 0.215023 0.896302
vn 0 0 1
v 0.15 0.41316 0.6
vt 0.201695 0.871368
vn 0 0 1
v -0.15 0.41316 0.6
vt 0.215023 0.871368
vn 0 0 1
v 0.15 0.5 0.6
vt 0.201695 0.896302
vn 0 0 1
v 0.15 0.5 0.6
vt 0.201695 0.908777
vn 0 1 0
v -0.15 0.5 0.5
vt 0.215023 0.908777
vn 0 1 0
v 0.15 0.5 0.5
vt 0.201695 0.908777
vn 0 1 0
v -0.15 0.5 0.6
vt 0.215023 0.908777
vn 0 1 0
v 0.15 0.5 0.6
vt 0.201695 0.883827
vn 1 0 0
v 0.15 0.41316 0.5
vt 0.201695 0.858893
vn 0.980788 -0.195077 0
v 0.15 0.41316 0.6
vt 0.201695 0.858893
vn 0.980788 -0.195077 0
v 0.15 0.5 0.5
vt 0.201695 0.883827
vn 1 0 0
v -0.071838 0.334998 0.6
vt 0.211551 0.825824
vn -0.195077 -0.980788 0
v 0.071838 0.334998 0.5
vt 0.205167 0.825824
vn 0.195077 -0.980788 0
v -0.071838 0.334998 0.5
vt 0.211551 0.825824
vn -0.195077 -0.980788 0
v 0.071838 0.334998 0.6
vt 0.205167 0.825824
vn 0.195077 -0.980788 0
v 0.127107 0.357891 0.6
vt 0.202034 0.828055
vn 0.707107 -0.707107 0
v 0.127107 0.357891 0.5
vt 0.201695 0.825824
vn 0.707107 -0.707107 0
v 0.127107 0.357891 0.5
vt 0.201695 0.838299
vn 0.707107 -0.707107 0
v 0.127107 0.357891 0.6
vt 0.202034 0.84053
vn 0.707107 -0.707107 0
v -0.15 0.41316 0.5
vt 0.215023 0.858893
vn -0.980788 -0.195077 0
v -0.127107 0.357891 0.6
vt 0.214684 0.84053
vn -0.707107 -0.707107 0
v -0.127107 0.357891 0.5
vt 0.215023 0.838299
vn -0.707107 -0.707107 0
v -0.15 0.41316 0.6
vt 0.215023 0.858893
vn -0.980788 -0.195077 0
v -0.127107 0.357891 0.5
vt 0.215023 0.825824
vn -0.707107 -0.707107 0
v -0.127107 0.357891 0.6
vt 0.214684 0.828055
vn -0.707107 -0.707107 0
v -0.15 0.5 0.5
vt 0.215023 0.883827
vn -1 0 0
v -0.15 0.5 0.6
vt 0.215023 0.883827
vn -1 0 0
v 0.127107 0.357891 0.6
vt 0.202034 0.853005
vn 0 0 1
v -0.127107 0.357891 0.6
vt 0.214684 0.853005
vn 0 0 1
v 0.071838 0.334998 0.6
vt 0.205167 0.850775
vn 0 0 1
v -0.071838 0.334998 0.6
vt 0.211551 0.850775
vn 0 0 1
v -0.461832 0.081833 0.62598
vt 0.173325 0.795443
vn 0.531861 -0.531861 0.658974
v -0.435916 0.120001 0.6
vt 0.1637 0.817256
vn 0.902021 0 0.431692
v -0.453468 0.073469 0.6
vt 0.170219 0.790663
vn 0.632418 -0.632418 0.447319
v -0.453468 0.120001 0.634344
vt 0.170219 0.817256
vn 0.640506 0 0.767954
v -0.453468 0.166533 0.6
vt 0.170219 0.843847
vn 0.632418 0.632418 0.447319
v -0.461832 0.158169 0.62598
vt 0.173325 0.887155
vn 0.531861 0.531861 0.658974
v -0.546532 0.166533 0.6
vt 0.204781 0.843847
vn -0.632418 0.632418 0.447319
v -0.546532 0.120001 0.634344
vt 0.204781 0.817256
vn -0.640506 0 0.767954
v -0.564084 0.120001 0.6
vt 0.211299 0.817256
vn -0.902021 0 0.431692
v -0.538168 0.158169 0.62598
vt 0.201675 0.887154
vn -0.531861 0.531861 0.658974
v -0.538168 0.081833 0.62598
vt 0.201675 0.795443
vn -0.531861 -0.531861 0.658974
v -0.546532 0.073469 0.6
vt 0.204781 0.790663
vn -0.632418 -0.632418 0.447319
v -0.538168 0.081833 0.62598
vt 0.201675 0.795443
vn -0.531861 -0.531861 0.658974
v -0.5 0.120001 0.645803
vt 0.1875 0.841299
vn 0 0 1
v -0.5 0.073469 0.634344
vt 0.1875 0.814707
vn 0 -0.640506 0.767954
v -0.546532 0.120001 0.634344
vt 0.204781 0.841299
vn -0.640506 0 0.767954
v -0.538168 0.158169 0.62598
vt 0.201675 0.887154
vn -0.531861 0.531861 0.658974
v -0.5 0.166533 0.634344
vt 0.1875 0.892341
vn 0 0.640506 0.767954
v -0.461832 0.158169 0.62598
vt 0.173325 0.887155
vn 0.531861 0.531861 0.658974
v -0.453468 0.120001 0.634344
vt 0.170219 0.841299
vn 0.640506 0 0.767954
v -0.461832 0.081833 0.62598
vt 0.173325 0.795443
vn 0.531861 -0.531861 0.658974
v -0.546532 0.073469 0.6
vt 0.204781 0.76662
vn -0.632418 -0.632418 0.447319
v -0.5 0.073469 0.634344
vt 0.1875 0.76662
vn 0 -0.640506 0.767954
v -0.5 0.055917 0.6
vt 0.1875 0.756589
vn 0 -0.902021 0.431692
v -0.538168 0.081833 0.62598
vt 0.201675 0.795443
vn -0.531861 -0.531861 0.658974
v -0.453468 0.073469 0.6
vt 0.170219 0.76662
vn 0.632418 -0.632418 0.447319
v -0.461832 0.081833 0.62598
vt 0.173325 0.795443
vn 0.531861 -0.531861 0.658974
v -0.5 0.166533 0.634344
vt 0.1875 0.915571
vn 0 0.640506 0.767954
v -0.453468 0.166533 0.6
vt 0.170219 0.891934
vn 0.632418 0.632418 0.447319
v -0.461832 0.158169 0.62598
vt 0.173325 0.887155
vn 0.531861 0.531861 0.658974
v -0.5 0.184086 0.6
vt 0.1875 0.901965
vn 0 0.902021 0.431692
v -0.546532 0.166533 0.6
vt 0.204781 0.891934
vn -0.632418 0.632418 0.447319
v -0.538168 0.158169 0.62598
vt 0.201675 0.887154
vn -0.531861 0.531861 0.658974
v 0.538168 0.081833 0.62598
vt 0.173325 0.795443
vn 0.531861 -0.531861 0.658974
v 0.564084 0.120001 0.6
vt 0.1637 0.817256
vn 0.902021 0 0.431692
v 0.546532 0.073469 0.6
vt 0.170219 0.790663
vn 0.632418 -0.632418 0.447319
v 0.546532 0.120001 0.634344
vt 0.170219 0.817256
vn 0.640506 0 0.767954
v 0.546532 0.166533 0.6
vt 0.170219 0.843847
vn 0.632418 0.632418 0.447319
v 0.538168 0.158169 0.62598
vt 0.173325 0.887155
vn 0.531861 0.531861 0.658974
v 0.453468 0.166533 0.6
vt 0.204781 0.843847
vn -0.632418 0.632418 0.447319
v 0.453468 0.120001 0.634344
vt 0.204781 0.817256
vn -0.640506 0 0.767954
v 0.435916 0.120001 0.6
vt 0.211299 0.817256
vn -0.902021 0 0.431692
v 0.461832 0.158169 0.62598
vt 0.201675 0.887154
vn -0.531861 0.531861 0.658974
v 0.461832 0.081833 0.62598
vt 0.201675 0.795443
vn -0.531861 -0.531861 0.658974
v 0.453468 0.073469 0.6
vt 0.204781 0.790663
vn -0.632418 -0.632418 0.447319
v 0.461832 0.081833 0.62598
vt 0.201675 0.795443
vn -0.531861 -0.531861 0.658974
v 0.5 0.120001 0.645803
vt 0.1875 0.841299
vn 0 0 1
v 0.5 0.073469 0.634344
vt 0.1875 0.814707
vn 0 -0.640506 0.767954
v 0.453468 0.120001 0.634344
vt 0.204781 0.841299
vn -0.640506 0 0.767954
v 0.461832 0.158169 0.62598
vt 0.201675 0.887154
vn -0.531861 0.531861 0.658974
v 0.5 0.166533 0.634344
vt 0.1875 0.892341
vn 0 0.640506 0.767954
v 0.538168 0.158169 0.62598
vt 0.173325 0.887155
vn 0.531861 0.531861 0.658974
v 0.546532 0.120001 0.634344
vt 0.170219 0.841299
vn 0.640506 0 0.767954
v 0.538168 0.081833 0.62598
vt 0.173325 0.795443
vn 0.531861 -0.531861 0.658974
v 0.453468 0.073469 0.6
vt 0.204781 0.76662
vn -0.632418 -0.632418 0.447319
v 0.5 0.073469 0.634344
vt 0.1875 0.76662
vn 0 -0.640506 0.767954
v 0.5 0.055917 0.6
vt 0.1875 0.756589
vn 0 -0.902021 0.431692
v 0.461832 0.081833 0.62598
vt 0.201675 0.795443
vn -0.531861 -0.531861 0.658974
v 0.546532 0.073469 0.6
vt 0.170219 0.76662
vn 0.632418 -0.632418 0.447319
v 0.538168 0.081833 0.62598
vt 0.173325 0.795443
vn 0.531861 -0.531861 0.658974
v 0.5 0.166533 0.634344
vt 0.1875 0.915571
vn 0 0.640506 0.767954
v 0.546532 0.166533 0.6
vt 0.170219 0.891934
vn 0.632418 0.632418 0.447319
v 0.538168 0.158169 0.62598
vt 0.173325 0.887155
vn 0.531861 0.531861 0.658974
v 0.5 0.184086 0.6
vt 0.1875 0.901965
vn 0 0.902021 0.431692
v 0.453468 0.166533 0.6
vt 0.204781 0.891934
vn -0.632418 0.632418 0.447319
v 0.5 0.166533 0.634344
vt 0.1875 0.915571
vn 0 0.640506 0.767954
v 0.461832 0.158169 0.62598
vt 0.201675 0.887154
vn -0.531861 0.531861 0.658974
v 0.5 0.184086 0.6
vt 0.1875 0.901965
vn 0 0.902021 0.431692
f 725/725/725 727/727/727 726/726/726
f 728/728/728 730/730/730 729/729/729
f 728/728/728 729/729/729 731/731/731
f 732/732/732 734/734/734 733/733/733
f 732/732/732 733/733/733 735/735/735
f 736/736/736 738/738/738 737/737/737
f 736/736/736 737/737/737 739/739/739
f 740/740/740 742/742/742 741/741/741
f 740/740/740 741/741/741 743/743/743
f 744/744/744 746/746/746 745/745/745
f 747/747/747 749/749/749 748/748/748
f 747/747/747 748/748/748 750/750/750
f 751/751/751 753/753/753 752/752/752
f 751/751/751 752/752/752 754/754/754
f 755/755/755 757/757/757 756/756/756
f 755/755/755 756/756/756 758/758/758
f 759/759/759 761/761/761 760/760/760
f 759/759/759 760/760/760 762/762/762
f 763/763/763 765/765/765 764/764/764
f 763/763/763 764/764/764 766/766/766
f 767/767/767 769/769/769 768/768/768
f 767/767/767 768/768/768 770/770/770
f 771/771/771 765/765/765 763/763/763
f 772/772/772 774/774/774 773/773/773
f 772/772/772 773/773/773 775/775/775
f 746/746/746 744/744/744 776/776/776
f 746/746/746 776/776/776 777/777/777
f 778/778/778 780/780/780 779/779/779
f 778/778/778 779/779/779 781/781/781
f 729/729/729 727/727/727 725/725/725
f 729/729/729 725/725/725 782/782/782
f 783/783/783 785/785/785 784/784/784
f 783/783/783 784/784/784 786/786/786
f 787/787/787 789/789/789 788/788/788
f 787/787/787 788/788/788 790/790/790
f 791/791/791 792/792/792 726/726/726
f 791/791/791 726/726/726 727/727/727
f 793/793/793 795/795/795 794/794/794
f 793/793/793 794/794/794 796/796/796
f 797/797/797 799/799/799 798/798/798
f 797/797/797 798/798/798 800/800/800
f 801/801/801 803/803/803 802/802/802
f 801/801/801 802/802/802 804/804/804
f 805/805/805 807/807/807 806/806/806
f 805/805/805 806/806/806 808/808/808
f 809/809/809 763/763/763 810/810/810
f 811/811/811 812/812/812 809/809/809
f 811/811/811 809/809/809 810/810/810
f 744/744/744 745/745/745 813/813/813
f 814/814/814 815/815/815 813/813/813
f 814/814/814 813/813/813 816/816/816
f 817/817/817 819/819/819 818/818/818
f 817/817/817 818/818/818 820/820/820
f 821/821/821 823/823/823 822/822/822
f 821/821/821 822/822/822 824/824/824
f 825/825/825 827/827/827 826/826/826
f 828/828/828 830/830/830 829/829/829
f 828/828/828 829/829/829 831/831/831
f 832/832/832 834/834/834 833/833/833
f 832/832/832 833/833/833 835/835/835
f 790/790/790 788/788/788 762/762/762
f 760/760/760 790/790/790 762/762/762
f 836/836/836 838/838/838 837/837/837
f 836/836/836 837/837/837 839/839/839
f 731/731/731 729/729/729 782/782/782
f 840/840/840 842/842/842 841/841/841
f 840/840/840 841/841/841 843/843/843
f 844/844/844 846/846/846 845/845/845
f 844/844/844 845/845/845 847/847/847
f 751/751/751 807/807/807 805/805/805
f 751/751/751 805/805/805 753/753/753
f 848/848/848 850/850/850 849/849/849
f 848/848/848 849/849/849 851/851/851
f 771/771/771 745/745/745 746/746/746
f 771/771/771 746/746/746 765/765/765
f 852/852/852 854/854/854 853/853/853
f 852/852/852 853/853/853 855/855/855
f 782/782/782 811/811/811 731/731/731
f 815/815/815 814/814/814 726/726/726
f 856/856/856 858/858/858 857/857/857
f 859/859/859 861/861/861 860/860/860
f 862/862/862 864/864/864 863/863/863
f 865/865/865 867/867/867 866/866/866
f 865/865/865 866/866/866 868/868/868
f 869/869/869 871/871/871 870/870/870
f 872/872/872 874/874/874 873/873/873
f 872/872/872 873/873/873 875/875/875
f 876/876/876 878/878/878 877/877/877
f 876/876/876 877/877/877 879/879/879
f 880/880/880 882/882/882 881/881/881
f 880/880/880 881/881/881 883/883/883
f 884/884/884 886/886/886 885/885/885
f 884/884/884 885/885/885 887/887/887
f 888/888/888 890/890/890 889/889/889
f 891/891/891 893/893/893 892/892/892
f 894/894/894 896/896/896 895/895/895
f 897/897/897 899/899/899 898/898/898
f 900/900/900 902/902/902 901/901/901
f 903/903/903 905/905/905 904/904/904
f 903/903/903 904/904/904 906/906/906
f 907/907/907 909/909/909 908/908/908
f 907/907/907 908/908/908 910/910/910
f 911/911/911 913/913/913 912/912/912
f 911/911/911 912/912/912 914/914/914
f 915/915/915 917/917/917 916/916/916
f 915/915/915 916/916/916 918/918/918
f 919/919/919 921/921/921 920/920/920
f 922/922/922 919/919/919 920/920/920
f 923/923/923 925/925/925 924/924/924
f 923/923/923 924/924/924 926/926/926
f 927/927/927 929/929/929 928/928/928
f 927/927/927 928/928/928 930/930/930
f 931/931/931 933/933/933 932/932/932
f 931/931/931 932/932/932 934/934/934
f 935/935/935 937/937/937 936/936/936
f 935/935/935 936/936/936 938/938/938
f 939/939/939 941/941/941 940/940/940
f 942/942/942 939/939/939 940/940/940
f 943/943/943 945/945/945 944/944/944
f 946/946/946 943/943/943 944/944/944
f 947/947/947 949/949/949 948/948/948
f 947/947/947 948/948/948 950/950/950
f 951/951/951 953/953/953 952/952/952
f 951/951/951 952/952/952 954/954/954
f 955/955/955 957/957/957 956/956/956
f 958/958/958 955/955/955 956/956/956
f 959/959/959 961/961/961 960/960/960
f 959/959/959 960/960/960 962/962/962
f 963/963/963 965/965/965 964/964/964
f 966/966/966 968/968/968 967/967/967
f 966/966/966 967/967/967 969/969/969
f 970/970/970 972/972/972 971/971/971
f 970/970/970 971/971/971 973/973/973
f 974/974/974 976/976/976 975/975/975
f 974/974/974 975/975/975 977/977/977
f 978/978/978 980/980/980 979/979/979
f 978/978/978 979/979/979 981/981/981
f 982/982/982 984/984/984 983/983/983
f 982/982/982 983/983/983 985/985/985
f 986/986/986 988/988/988 987/987/987
f 986/986/986 987/987/987 989/989/989
f 990/990/990 992/992/992 991/991/991
f 990/990/990 991/991/991 993/993/993
f 994/994/994 996/996/996 995/995/995
f 994/994/994 995/995/995 997/997/997
f 998/998/998 1000/1000/1000 999/999/999
f 998/998/998 999/999/999 1001/1001/1001
f 1002/1002/1002 1004/1004/1004 1003/1003/1003
f 1002/1002/1002 1003/1003/1003 1005/1005/1005
f 1006/1006/1006 1008/1008/1008 1007/1007/1007
f 1006/1006/1006 1007/1007/1007 1009/1009/1009
f 1010/1010/1010 1012/1012/1012 1011/1011/1011
f 1010/1010/1010 1011/1011/1011 1013/1013/1013
f 1014/1014/1014 1016/1016/1016 1015/1015/1015
f 1014/1014/1014 1015/1015/1015 1017/1017/1017
f 1018/1018/1018 1020/1020/1020 1019/1019/1019
f 1018/1018/1018 1019/1019/1019 1021/1021/1021
f 1022/1022/1022 1024/1024/1024 1023/1023/1023
f 1022/1022/1022 1023/1023/1023 1025/1025/1025
f 1026/1026/1026 1028/1028/1028 1027/1027/1027
f 1026/1026/1026 1027/1027/1027 1029/1029/1029
f 1030/1030/1030 1032/1032/1032 1031/1031/1031
f 1030/1030/1030 1031/1031/1031 1033/1033/1033
f 1034/1034/1034 1036/1036/1036 1035/1035/1035
f 1034/1034/1034 1035/1035/1035 1037/1037/1037
f 1038/1038/1038 1040/1040/1040 1039/1039/1039
f 1038/1038/1038 1039/1039/1039 1041/1041/1041
f 1042/1042/1042 1044/1044/1044 1043/1043/1043
f 1042/1042/1042 1043/1043/1043 1045/1045/1045
f 1046/1046/1046 1048/1048/1048 1047/1047/1047
f 1046/1046/1046 1047/1047/1047 1049/1049/1049
f 1050/1050/1050 1052/1052/1052 1051/1051/1051
f 1053/1053/1053 1055/1055/1055 1054/1054/1054
f 1056/1056/1056 1058/1058/1058 1057/1057/1057
f 1059/1059/1059 1060/1060/1060 856/856/856
f 1061/1061/1061 1063/1063/1063 1062/1062/1062
f 1064/1064/1064 1066/1066/1066 1065/1065/1065
f 1067/1067/1067 1069/1069/1069 1068/1068/1068
f 858/858/858 856/856/856 1060/1060/1060
f 1070/1070/1070 1072/1072/1072 1071/1071/1071
f 896/896/896 894/894/894 1073/1073/1073
f 1074/1074/1074 1076/1076/1076 1075/1075/1075
f 1077/1077/1077 1073/1073/1073 894/894/894
f 1078/1078/1078 1080/1080/1080 1079/1079/1079
f 1081/1081/1081 1083/1083/1083 1082/1082/1082
f 1081/1081/1081 1082/1082/1082 1084/1084/1084
f 1085/1085/1085 1087/1087/1087 1086/1086/1086
f 1085/1085/1085 1086/1086/1086 1088/1088/1088
f 1089/1089/1089 1091/1091/1091 1090/1090/1090
f 1089/1089/1089 1090/1090/1090 1092/1092/1092
f 1093/1093/1093 1095/1095/1095 1094/1094/1094
f 1093/1093/1093 1094/1094/1094 1096/1096/1096
f 1097/1097/1097 1099/1099/1099 1098/1098/1098
f 1097/1097/1097 1098/1098/1098 1100/1100/1100
f 1101/1101/1101 1103/1103/1103 1102/1102/1102
f 1101/1101/1101 1102/1102/1102 1104/1104/1104
f 1105/1105/1105 1107/1107/1107 1106/1106/1106
f 1105/1105/1105 1106/1106/1106 1108/1108/1108
f 1109/1109/1109 1111/1111/1111 1110/1110/1110
f 1109/1109/1109 1110/1110/1110 1112/1112/1112
f 1113/1113/1113 1115/1115/1115 1114/1114/1114
f 1113/1113/1113 1114/1114/1114 1116/1116/1116
f 1117/1117/1117 1119/1119/1119 1118/1118/1118
f 1117/1117/1117 1118/1118/1118 1120/1120/1120
f 1121/1121/1121 1120/1120/1120 1118/1118/1118
f 1121/1121/1121 1118/1118/1118 1122/1122/1122
f 1115/1115/1115 1124/1124/1124 1123/1123/1123
f 1115/1115/1115 1123/1123/1123 1114/1114/1114
f 1125/1125/1125 1127/1127/1127 1126/1126/1126
f 1125/1125/1125 1126/1126/1126 1128/1128/1128
f 1129/1129/1129 1119/1119/1119 1117/1117/1117
f 1129/1129/1129 1117/1117/1117 1130/1130/1130
f 1131/1131/1131 1125/1125/1125 1128/1128/1128
f 1131/1131/1131 1128/1128/1128 1132/1132/1132
f 1107/1107/1107 1134/1134/1134 1133/1133/1133
f 1107/1107/1107 1133/1133/1133 1106/1106/1106
f 1134/1134/1134 1136/1136/1136 1135/1135/1135
f 1134/1134/1134 1135/1135/1135 1133/1133/1133
f 1137/1137/1137 1139/1139/1139 1138/1138/1138
f 1140/1140/1140 1137/1137/1137 1138/1138/1138
f 1140/1140/1140 1138/1138/1138 1141/1141/1141
f 1142/1142/1142 1140/1140/1140 1141/1141/1141
f 1143/1143/1143 1145/1145/1145 1144/1144/1144
f 1143/1143/1143 1144/1144/1144 1146/1146/1146
f 1145/1145/1145 1148/1148/1148 1147/1147/1147
f 1145/1145/1145 1147/1147/1147 1144/1144/1144
f 1149/1149/1149 1151/1151/1151 1150/1150/1150
f 1152/1152/1152 1149/1149/1149 1150/1150/1150
f 1153/1153/1153 1152/1152/1152 1150/1150/1150
f 1153/1153/1153 1150/1150/1150 1154/1154/1154
f 1150/1150/1150 1156/1156/1156 1155/1155/1155
f 1154/1154/1154 1150/1150/1150 1155/1155/1155
f 1150/1150/1150 1151/1151/1151 1157/1157/1157
f 1150/1150/1150 1157/1157/1157 1156/1156/1156
f 1158/1158/1158 1160/1160/1160 1159/1159/1159
f 1161/1161/1161 1158/1158/1158 1159/1159/1159
f 1159/1159/1159 1160/1160/1160 1162/1162/1162
f 1163/1163/1163 1159/1159/1159 1162/1162/1162
f 1164/1164/1164 1166/1166/1166 1165/1165/1165
f 1167/1167/1167 1164/1164/1164 1165/1165/1165
f 1168/1168/1168 1169/1169/1169 1164/1164/1164
f 1167/1167/1167 1168/1168/1168 1164/1164/1164
f 1170/1170/1170 1172/1172/1172 1171/1171/1171
f 1173/1173/1173 1170/1170/1170 1171/1171/1171
f 1173/1173/1173 1171/1171/1171 1174/1174/1174
f 1175/1175/1175 1173/1173/1173 1174/1174/1174
f 1176/1176/1176 1178/1178/1178 1177/1177/1177
f 1176/1176/1176 1177/1177/1177 1179/1179/1179
f 1178/1178/1178 1181/1181/1181 1180/1180/1180
f 1178/1178/1178 1180/1180/1180 1177/1177/1177
f 1182/1182/1182 1184/1184/1184 1183/1183/1183
f 1185/1185/1185 1182/1182/1182 1183/1183/1183
f 1186/1186/1186 1185/1185/1185 1183/1183/1183
f 1186/1186/1186 1183/1183/1183 1187/1187/1187
f 1183/1183/1183 1189/1189/1189 1188/1188/1188
f 1187/1187/1187 1183/1183/1183 1188/1188/1188
f 1183/1183/1183 1184/1184/1184 1190/1190/1190
f 1183/1183/1183 1190/1190/1190 1189/1189/1189
f 1191/1191/1191 1193/1193/1193 1192/1192/1192
f 1191/1191/1191 1192/1192/1192 1194/1194/1194
f 1192/1192/1192 1193/1193/1193 1195/1195/1195
f 1196/1196/1196 1192/1192/1192 1195/1195/1195
f 1197/1197/1197 1199/1199/1199 1198/1198/1198
f 1200/1200/1200 1197/1197/1197 1198/1198/1198
f 1201/1201/1201 1203/1203/1203 1202/1202/1202
f 1201/1201/1201 1202/1202/1202 1204/1204/1204
