v -0.21290 0.47140 0.14490 0.38133 0.19462 0.08438
v -0.21440 0.46730 0.14640 0.38133 0.19462 0.08438
v -0.21440 0.47290 0.14080 0.38133 0.19462 0.08438
v -0.21440 0.46730 0.14640 0.38133 0.19462 0.08438
v -0.21692 0.46856 0.14206 0.38133 0.19462 0.08438
v -0.21440 0.47290 0.14080 0.38133 0.19462 0.08438
v -0.21440 0.47290 0.14080 0.38133 0.19462 0.08438
v -0.21692 0.46856 0.14206 0.38133 0.19462 0.08438
v -0.21508 0.47358 0.13520 0.38133 0.19462 0.08438
v -0.21692 0.46856 0.14206 0.38133 0.19462 0.08438
v -0.21823 0.46921 0.13520 0.38133 0.19462 0.08438
v -0.21508 0.47358 0.13520 0.38133 0.19462 0.08438
v -0.21508 0.47358 0.13520 0.38133 0.19462 0.08438
v -0.21823 0.46921 0.13520 0.38133 0.19462 0.08438
v -0.21508 0.47358 -0.13520 0.38133 0.19462 0.08438
v -0.21823 0.46921 0.13520 0.38133 0.19462 0.08438
v -0.21823 0.46921 -0.13520 0.38133 0.19462 0.08438
v -0.21508 0.47358 -0.13520 0.38133 0.19462 0.08438
v -0.21508 0.47358 -0.13520 0.38133 0.19462 0.08438
v -0.21823 0.46921 -0.13520 0.38133 0.19462 0.08438
v -0.21440 0.47290 -0.14080 0.38133 0.19462 0.08438
v -0.21823 0.46921 -0.13520 0.38133 0.19462 0.08438
v -0.21692 0.46856 -0.14206 0.38133 0.19462 0.08438
v -0.21440 0.47290 -0.14080 0.38133 0.19462 0.08438
v -0.21440 0.47290 -0.14080 0.38133 0.19462 0.08438
v -0.21692 0.46856 -0.14206 0.38133 0.19462 0.08438
v -0.21290 0.47140 -0.14490 0.38133 0.19462 0.08438
v -0.21692 0.46856 -0.14206 0.38133 0.19462 0.08438
v -0.21440 0.46730 -0.14640 0.38133 0.19462 0.08438
v -0.21290 0.47140 -0.14490 0.38133 0.19462 0.08438
v -0.21440 0.46730 0.14640 0.38133 0.19462 0.08438
v -0.21508 0.46170 0.14708 0.38133 0.19462 0.08438
v -0.21692 0.46856 0.14206 0.38133 0.19462 0.08438
v -0.21508 0.46170 0.14708 0.38133 0.19462 0.08438
v -0.21823 0.46170 0.14271 0.38133 0.19462 0.08438
v -0.21692 0.46856 0.14206 0.38133 0.19462 0.08438
v -0.21692 0.46856 0.14206 0.38133 0.19462 0.08438
v -0.21823 0.46170 0.14271 0.38133 0.19462 0.08438
v -0.21823 0.46921 0.13520 0.38133 0.19462 0.08438
v -0.21823 0.46170 0.14271 0.38133 0.19462 0.08438
v -0.22000 0.46170 0.13520 0.38133 0.19462 0.08438
v -0.21823 0.46921 0.13520 0.38133 0.19462 0.08438
v -0.21823 0.46921 0.13520 0.38133 0.19462 0.08438
v -0.22000 0.46170 0.13520 0.38133 0.19462 0.08438
v -0.21823 0.46921 -0.13520 0.38133 0.19462 0.08438
v -0.22000 0.46170 0.13520 0.38133 0.19462 0.08438
v -0.22000 0.46170 -0.13520 0.38133 0.19462 0.08438
v -0.21823 0.46921 -0.13520 0.38133 0.19462 0.08438
v -0.21823 0.46921 -0.13520 0.38133 0.19462 0.08438
v -0.22000 0.46170 -0.13520 0.38133 0.19462 0.08438
v -0.21692 0.46856 -0.14206 0.38133 0.19462 0.08438
v -0.22000 0.46170 -0.13520 0.38133 0.19462 0.08438
v -0.21823 0.46170 -0.14271 0.38133 0.19462 0.08438
v -0.21692 0.46856 -0.14206 0.38133 0.19462 0.08438
v -0.21692 0.46856 -0.14206 0.38133 0.19462 0.08438
v -0.21823 0.46170 -0.14271 0.38133 0.19462 0.08438
v -0.21440 0.46730 -0.14640 0.38133 0.19462 0.08438
v -0.21823 0.46170 -0.14271 0.38133 0.19462 0.08438
v -0.21508 0.46170 -0.14708 0.38133 0.19462 0.08438
v -0.21440 0.46730 -0.14640 0.38133 0.19462 0.08438
v -0.21508 0.46170 0.14708 0.38133 0.19462 0.08438
v -0.21508 0.35530 0.14708 0.38133 0.19462 0.08438
v -0.21823 0.46170 0.14271 0.38133 0.19462 0.08438
v -0.21508 0.35530 0.14708 0.38133 0.19462 0.08438
v -0.21823 0.35530 0.14271 0.38133 0.19462 0.08438
v -0.21823 0.46170 0.14271 0.38133 0.19462 0.08438
v -0.21823 0.46170 0.14271 0.38133 0.19462 0.08438
v -0.21823 0.35530 0.14271 0.38133 0.19462 0.08438
v -0.22000 0.46170 0.13520 0.38133 0.19462 0.08438
v -0.21823 0.35530 0.14271 0.38133 0.19462 0.08438
v -0.22000 0.35530 0.13520 0.38133 0.19462 0.08438
v -0.22000 0.46170 0.13520 0.38133 0.19462 0.08438
v -0.22000 0.46170 0.13520 0.38133 0.19462 0.08438
v -0.22000 0.35530 0.13520 0.38133 0.19462 0.08438
v -0.22000 0.46170 -0.13520 0.38133 0.19462 0.08438
v -0.22000 0.35530 0.13520 0.38133 0.19462 0.08438
v -0.22000 0.35530 -0.13520 0.38133 0.19462 0.08438
v -0.22000 0.46170 -0.13520 0.38133 0.19462 0.08438
v -0.22000 0.46170 -0.13520 0.38133 0.19462 0.08438
v -0.22000 0.35530 -0.13520 0.38133 0.19462 0.08438
v -0.21823 0.46170 -0.14271 0.38133 0.19462 0.08438
v -0.22000 0.35530 -0.13520 0.38133 0.19462 0.08438
v -0.21823 0.35530 -0.14271 0.38133 0.19462 0.08438
v -0.21823 0.46170 -0.14271 0.38133 0.19462 0.08438
v -0.21823 0.46170 -0.14271 0.38133 0.19462 0.08438
v -0.21823 0.35530 -0.14271 0.38133 0.19462 0.08438
v -0.21508 0.46170 -0.14708 0.38133 0.19462 0.08438
v -0.21823 0.35530 -0.14271 0.38133 0.19462 0.08438
v -0.21508 0.35530 -0.14708 0.38133 0.19462 0.08438
v -0.21508 0.46170 -0.14708 0.38133 0.19462 0.08438
v -0.21508 0.35530 0.14708 0.38133 0.19462 0.08438
v -0.21440 0.34970 0.14640 0.38133 0.19462 0.08438
v -0.21823 0.35530 0.14271 0.38133 0.19462 0.08438
v -0.21440 0.34970 0.14640 0.38133 0.19462 0.08438
v -0.21692 0.34844 0.14206 0.38133 0.19462 0.08438
v -0.21823 0.35530 0.14271 0.38133 0.19462 0.08438
v -0.21823 0.35530 0.14271 0.38133 0.19462 0.08438
v -0.21692 0.34844 0.14206 0.38133 0.19462 0.08438
v -0.22000 0.35530 0.13520 0.38133 0.19462 0.08438
v -0.21692 0.34844 0.14206 0.38133 0.19462 0.08438
v -0.21823 0.34779 0.13520 0.38133 0.19462 0.08438
v -0.22000 0.35530 0.13520 0.38133 0.19462 0.08438
v -0.22000 0.35530 0.13520 0.38133 0.19462 0.08438
v -0.21823 0.34779 0.13520 0.38133 0.19462 0.08438
v -0.22000 0.35530 -0.13520 0.38133 0.19462 0.08438
v -0.21823 0.34779 0.13520 0.38133 0.19462 0.08438
v -0.21823 0.34779 -0.13520 0.38133 0.19462 0.08438
v -0.22000 0.35530 -0.13520 0.38133 0.19462 0.08438
v -0.22000 0.35530 -0.13520 0.38133 0.19462 0.08438
v -0.21823 0.34779 -0.13520 0.38133 0.19462 0.08438
v -0.21823 0.35530 -0.14271 0.38133 0.19462 0.08438
v -0.21823 0.34779 -0.13520 0.38133 0.19462 0.08438
v -0.21692 0.34844 -0.14206 0.38133 0.19462 0.08438
v -0.21823 0.35530 -0.14271 0.38133 0.19462 0.08438
v -0.21823 0.35530 -0.14271 0.38133 0.19462 0.08438
v -0.21692 0.34844 -0.14206 0.38133 0.19462 0.08438
v -0.21508 0.35530 -0.14708 0.38133 0.19462 0.08438
v -0.21692 0.34844 -0.14206 0.38133 0.19462 0.08438
v -0.21440 0.34970 -0.14640 0.38133 0.19462 0.08438
v -0.21508 0.35530 -0.14708 0.38133 0.19462 0.08438
v -0.21440 0.34970 0.14640 0.38133 0.19462 0.08438
v -0.21290 0.34560 0.14490 0.38133 0.19462 0.08438
v -0.21692 0.34844 0.14206 0.38133 0.19462 0.08438
v -0.21290 0.34560 0.14490 0.38133 0.19462 0.08438
v -0.21440 0.34410 0.14080 0.38133 0.19462 0.08438
v -0.21692 0.34844 0.14206 0.38133 0.19462 0.08438
v -0.21692 0.34844 0.14206 0.38133 0.19462 0.08438
v -0.21440 0.34410 0.14080 0.38133 0.19462 0.08438
v -0.21823 0.34779 0.13520 0.38133 0.19462 0.08438
v -0.21440 0.34410 0.14080 0.38133 0.19462 0.08438
v -0.21508 0.34342 0.13520 0.38133 0.19462 0.08438
v -0.21823 0.34779 0.13520 0.38133 0.19462 0.08438
v -0.21823 0.34779 0.13520 0.38133 0.19462 0.08438
v -0.21508 0.34342 0.13520 0.38133 0.19462 0.08438
v -0.21823 0.34779 -0.13520 0.38133 0.19462 0.08438
v -0.21508 0.34342 0.13520 0.38133 0.19462 0.08438
v -0.21508 0.34342 -0.13520 0.38133 0.19462 0.08438
v -0.21823 0.34779 -0.13520 0.38133 0.19462 0.08438
v -0.21823 0.34779 -0.13520 0.38133 0.19462 0.08438
v -0.21508 0.34342 -0.13520 0.38133 0.19462 0.08438
v -0.21692 0.34844 -0.14206 0.38133 0.19462 0.08438
v -0.21508 0.34342 -0.13520 0.38133 0.19462 0.08438
v -0.21440 0.34410 -0.14080 0.38133 0.19462 0.08438
v -0.21692 0.34844 -0.14206 0.38133 0.19462 0.08438
v -0.21692 0.34844 -0.14206 0.38133 0.19462 0.08438
v -0.21440 0.34410 -0.14080 0.38133 0.19462 0.08438
v -0.21440 0.34970 -0.14640 0.38133 0.19462 0.08438
v -0.21440 0.34410 -0.14080 0.38133 0.19462 0.08438
v -0.21290 0.34560 -0.14490 0.38133 0.19462 0.08438
v -0.21440 0.34970 -0.14640 0.38133 0.19462 0.08438
v 0.21290 0.47140 -0.14490 0.38133 0.19462 0.08438
v 0.21440 0.46730 -0.14640 0.38133 0.19462 0.08438
v 0.21440 0.47290 -0.14080 0.38133 0.19462 0.08438
v 0.21440 0.46730 -0.14640 0.38133 0.19462 0.08438
v 0.21692 0.46856 -0.14206 0.38133 0.19462 0.08438
v 0.21440 0.47290 -0.14080 0.38133 0.19462 0.08438
v 0.21440 0.47290 -0.14080 0.38133 0.19462 0.08438
v 0.21692 0.46856 -0.14206 0.38133 0.19462 0.08438
v 0.21508 0.47358 -0.13520 0.38133 0.19462 0.08438
v 0.21692 0.46856 -0.14206 0.38133 0.19462 0.08438
v 0.21823 0.46921 -0.13520 0.38133 0.19462 0.08438
v 0.21508 0.47358 -0.13520 0.38133 0.19462 0.08438
v 0.21508 0.47358 -0.13520 0.38133 0.19462 0.08438
v 0.21823 0.46921 -0.13520 0.38133 0.19462 0.08438
v 0.21508 0.47358 0.13520 0.38133 0.19462 0.08438
v 0.21823 0.46921 -0.13520 0.38133 0.19462 0.08438
v 0.21823 0.46921 0.13520 0.38133 0.19462 0.08438
v 0.21508 0.47358 0.13520 0.38133 0.19462 0.08438
v 0.21508 0.47358 0.13520 0.38133 0.19462 0.08438
v 0.21823 0.46921 0.13520 0.38133 0.19462 0.08438
v 0.21440 0.47290 0.14080 0.38133 0.19462 0.08438
v 0.21823 0.46921 0.13520 0.38133 0.19462 0.08438
v 0.21692 0.46856 0.14206 0.38133 0.19462 0.08438
v 0.21440 0.47290 0.14080 0.38133 0.19462 0.08438
v 0.21440 0.47290 0.14080 0.38133 0.19462 0.08438
v 0.21692 0.46856 0.14206 0.38133 0.19462 0.08438
v 0.21290 0.47140 0.14490 0.38133 0.19462 0.08438
v 0.21692 0.46856 0.14206 0.38133 0.19462 0.08438
v 0.21440 0.46730 0.14640 0.38133 0.19462 0.08438
v 0.21290 0.47140 0.14490 0.38133 0.19462 0.08438
v 0.21440 0.46730 -0.14640 0.38133 0.19462 0.08438
v 0.21508 0.46170 -0.14708 0.38133 0.19462 0.08438
v 0.21692 0.46856 -0.14206 0.38133 0.19462 0.08438
v 0.21508 0.46170 -0.14708 0.38133 0.19462 0.08438
v 0.21823 0.46170 -0.14271 0.38133 0.19462 0.08438
v 0.21692 0.46856 -0.14206 0.38133 0.19462 0.08438
v 0.21692 0.46856 -0.14206 0.38133 0.19462 0.08438
v 0.21823 0.46170 -0.14271 0.38133 0.19462 0.08438
v 0.21823 0.46921 -0.13520 0.38133 0.19462 0.08438
v 0.21823 0.46170 -0.14271 0.38133 0.19462 0.08438
v 0.22000 0.46170 -0.13520 0.38133 0.19462 0.08438
v 0.21823 0.46921 -0.13520 0.38133 0.19462 0.08438
v 0.21823 0.46921 -0.13520 0.38133 0.19462 0.08438
v 0.22000 0.46170 -0.13520 0.38133 0.19462 0.08438
v 0.21823 0.46921 0.13520 0.38133 0.19462 0.08438
v 0.22000 0.46170 -0.13520 0.38133 0.19462 0.08438
v 0.22000 0.46170 0.13520 0.38133 0.19462 0.08438
v 0.21823 0.46921 0.13520 0.38133 0.19462 0.08438
v 0.21823 0.46921 0.13520 0.38133 0.19462 0.08438
v 0.22000 0.46170 0.13520 0.38133 0.19462 0.08438
v 0.21692 0.46856 0.14206 0.38133 0.19462 0.08438
v 0.22000 0.46170 0.13520 0.38133 0.19462 0.08438
v 0.21823 0.46170 0.14271 0.38133 0.19462 0.08438
v 0.21692 0.46856 0.14206 0.38133 0.19462 0.08438
v 0.21692 0.46856 0.14206 0.38133 0.19462 0.08438
v 0.21823 0.46170 0.14271 0.38133 0.19462 0.08438
v 0.21440 0.46730 0.14640 0.38133 0.19462 0.08438
v 0.21823 0.46170 0.14271 0.38133 0.19462 0.08438
v 0.21508 0.46170 0.14708 0.38133 0.19462 0.08438
v 0.21440 0.46730 0.14640 0.38133 0.19462 0.08438
v 0.21508 0.46170 -0.14708 0.38133 0.19462 0.08438
v 0.21508 0.35530 -0.14708 0.38133 0.19462 0.08438
v 0.21823 0.46170 -0.14271 0.38133 0.19462 0.08438
v 0.21508 0.35530 -0.14708 0.38133 0.19462 0.08438
v 0.21823 0.35530 -0.14271 0.38133 0.19462 0.08438
v 0.21823 0.46170 -0.14271 0.38133 0.19462 0.08438
v 0.21823 0.46170 -0.14271 0.38133 0.19462 0.08438
v 0.21823 0.35530 -0.14271 0.38133 0.19462 0.08438
v 0.22000 0.46170 -0.13520 0.38133 0.19462 0.08438
v 0.21823 0.35530 -0.14271 0.38133 0.19462 0.08438
v 0.22000 0.35530 -0.13520 0.38133 0.19462 0.08438
v 0.22000 0.46170 -0.13520 0.38133 0.19462 0.08438
v 0.22000 0.46170 -0.13520 0.38133 0.19462 0.08438
v 0.22000 0.35530 -0.13520 0.38133 0.19462 0.08438
v 0.22000 0.46170 0.13520 0.38133 0.19462 0.08438
v 0.22000 0.35530 -0.13520 0.38133 0.19462 0.08438
v 0.22000 0.35530 0.13520 0.38133 0.19462 0.08438
v 0.22000 0.46170 0.13520 0.38133 0.19462 0.08438
v 0.22000 0.46170 0.13520 0.38133 0.19462 0.08438
v 0.22000 0.35530 0.13520 0.38133 0.19462 0.08438
v 0.21823 0.46170 0.14271 0.38133 0.19462 0.08438
v 0.22000 0.35530 0.13520 0.38133 0.19462 0.08438
v 0.21823 0.35530 0.14271 0.38133 0.19462 0.08438
v 0.21823 0.46170 0.14271 0.38133 0.19462 0.08438
v 0.21823 0.46170 0.14271 0.38133 0.19462 0.08438
v 0.21823 0.35530 0.14271 0.38133 0.19462 0.08438
v 0.21508 0.46170 0.14708 0.38133 0.19462 0.08438
v 0.21823 0.35530 0.14271 0.38133 0.19462 0.08438
v 0.21508 0.35530 0.14708 0.38133 0.19462 0.08438
v 0.21508 0.46170 0.14708 0.38133 0.19462 0.08438
v 0.21508 0.35530 -0.14708 0.38133 0.19462 0.08438
v 0.21440 0.34970 -0.14640 0.38133 0.19462 0.08438
v 0.21823 0.35530 -0.14271 0.38133 0.19462 0.08438
v 0.21440 0.34970 -0.14640 0.38133 0.19462 0.08438
v 0.21692 0.34844 -0.14206 0.38133 0.19462 0.08438
v 0.21823 0.35530 -0.14271 0.38133 0.19462 0.08438
v 0.21823 0.35530 -0.14271 0.38133 0.19462 0.08438
v 0.21692 0.34844 -0.14206 0.38133 0.19462 0.08438
v 0.22000 0.35530 -0.13520 0.38133 0.19462 0.08438
v 0.21692 0.34844 -0.14206 0.38133 0.19462 0.08438
v 0.21823 0.34779 -0.13520 0.38133 0.19462 0.08438
v 0.22000 0.35530 -0.13520 0.38133 0.19462 0.08438
v 0.22000 0.35530 -0.13520 0.38133 0.19462 0.08438
v 0.21823 0.34779 -0.13520 0.38133 0.19462 0.08438
v 0.22000 0.35530 0.13520 0.38133 0.19462 0.08438
v 0.21823 0.34779 -0.13520 0.38133 0.19462 0.08438
v 0.21823 0.34779 0.13520 0.38133 0.19462 0.08438
v 0.22000 0.35530 0.13520 0.38133 0.19462 0.08438
v 0.22000 0.35530 0.13520 0.38133 0.19462 0.08438
v 0.21823 0.34779 0.13520 0.38133 0.19462 0.08438
v 0.21823 0.35530 0.14271 0.38133 0.19462 0.08438
v 0.21823 0.34779 0.13520 0.38133 0.19462 0.08438
v 0.21692 0.34844 0.14206 0.38133 0.19462 0.08438
v 0.21823 0.35530 0.14271 0.38133 0.19462 0.08438
v 0.21823 0.35530 0.14271 0.38133 0.19462 0.08438
v 0.21692 0.34844 0.14206 0.38133 0.19462 0.08438
v 0.21508 0.35530 0.14708 0.38133 0.19462 0.08438
v 0.21692 0.34844 0.14206 0.38133 0.19462 0.08438
v 0.21440 0.34970 0.14640 0.38133 0.19462 0.08438
v 0.21508 0.35530 0.14708 0.38133 0.19462 0.08438
v 0.21440 0.34970 -0.14640 0.38133 0.19462 0.08438
v 0.21290 0.34560 -0.14490 0.38133 0.19462 0.08438
v 0.21692 0.34844 -0.14206 0.38133 0.19462 0.08438
v 0.21290 0.34560 -0.14490 0.38133 0.19462 0.08438
v 0.21440 0.34410 -0.14080 0.38133 0.19462 0.08438
v 0.21692 0.34844 -0.14206 0.38133 0.19462 0.08438
v 0.21692 0.34844 -0.14206 0.38133 0.19462 0.08438
v 0.21440 0.34410 -0.14080 0.38133 0.19462 0.08438
v 0.21823 0.34779 -0.13520 0.38133 0.19462 0.08438
v 0.21440 0.34410 -0.14080 0.38133 0.19462 0.08438
v 0.21508 0.34342 -0.13520 0.38133 0.19462 0.08438
v 0.21823 0.34779 -0.13520 0.38133 0.19462 0.08438
v 0.21823 0.34779 -0.13520 0.38133 0.19462 0.08438
v 0.21508 0.34342 -0.13520 0.38133 0.19462 0.08438
v 0.21823 0.34779 0.13520 0.38133 0.19462 0.08438
v 0.21508 0.34342 -0.13520 0.38133 0.19462 0.08438
v 0.21508 0.34342 0.13520 0.38133 0.19462 0.08438
v 0.21823 0.34779 0.13520 0.38133 0.19462 0.08438
v 0.21823 0.34779 0.13520 0.38133 0.19462 0.08438
v 0.21508 0.34342 0.13520 0.38133 0.19462 0.08438
v 0.21692 0.34844 0.14206 0.38133 0.19462 0.08438
v 0.21508 0.34342 0.13520 0.38133 0.19462 0.08438
v 0.21440 0.34410 0.14080 0.38133 0.19462 0.08438
v 0.21692 0.34844 0.14206 0.38133 0.19462 0.08438
v 0.21692 0.34844 0.14206 0.38133 0.19462 0.08438
v 0.21440 0.34410 0.14080 0.38133 0.19462 0.08438
v 0.21440 0.34970 0.14640 0.38133 0.19462 0.08438
v 0.21440 0.34410 0.14080 0.38133 0.19462 0.08438
v 0.21290 0.34560 0.14490 0.38133 0.19462 0.08438
v 0.21440 0.34970 0.14640 0.38133 0.19462 0.08438
v 0.21290 0.47140 -0.14490 0.38133 0.19462 0.08438
v 0.21440 0.47290 -0.14080 0.38133 0.19462 0.08438
v 0.20880 0.47290 -0.14640 0.38133 0.19462 0.08438
v 0.21440 0.47290 -0.14080 0.38133 0.19462 0.08438
v 0.21006 0.47542 -0.14206 0.38133 0.19462 0.08438
v 0.20880 0.47290 -0.14640 0.38133 0.19462 0.08438
v 0.20880 0.47290 -0.14640 0.38133 0.19462 0.08438
v 0.21006 0.47542 -0.14206 0.38133 0.19462 0.08438
v 0.20320 0.47358 -0.14708 0.38133 0.19462 0.08438
v 0.21006 0.47542 -0.14206 0.38133 0.19462 0.08438
v 0.20320 0.47673 -0.14271 0.38133 0.19462 0.08438
v 0.20320 0.47358 -0.14708 0.38133 0.19462 0.08438
v 0.20320 0.47358 -0.14708 0.38133 0.19462 0.08438
v 0.20320 0.47673 -0.14271 0.38133 0.19462 0.08438
v -0.20320 0.47358 -0.14708 0.38133 0.19462 0.08438
v 0.20320 0.47673 -0.14271 0.38133 0.19462 0.08438
v -0.20320 0.47673 -0.14271 0.38133 0.19462 0.08438
v -0.20320 0.47358 -0.14708 0.38133 0.19462 0.08438
v -0.20320 0.47358 -0.14708 0.38133 0.19462 0.08438
v -0.20320 0.47673 -0.14271 0.38133 0.19462 0.08438
v -0.20880 0.47290 -0.14640 0.38133 0.19462 0.08438
v -0.20320 0.47673 -0.14271 0.38133 0.19462 0.08438
v -0.21006 0.47542 -0.14206 0.38133 0.19462 0.08438
v -0.20880 0.47290 -0.14640 0.38133 0.19462 0.08438
v -0.20880 0.47290 -0.14640 0.38133 0.19462 0.08438
v -0.21006 0.47542 -0.14206 0.38133 0.19462 0.08438
v -0.21290 0.47140 -0.14490 0.38133 0.19462 0.08438
v -0.21006 0.47542 -0.14206 0.38133 0.19462 0.08438
v -0.21440 0.47290 -0.14080 0.38133 0.19462 0.08438
v -0.21290 0.47140 -0.14490 0.38133 0.19462 0.08438
v 0.21440 0.47290 -0.14080 0.38133 0.19462 0.08438
v 0.21508 0.47358 -0.13520 0.38133 0.19462 0.08438
v 0.21006 0.47542 -0.14206 0.38133 0.19462 0.08438
v 0.21508 0.47358 -0.13520 0.38133 0.19462 0.08438
v 0.21071 0.47673 -0.13520 0.38133 0.19462 0.08438
v 0.21006 0.47542 -0.14206 0.38133 0.19462 0.08438
v 0.21006 0.47542 -0.14206 0.38133 0.19462 0.08438
v 0.21071 0.47673 -0.13520 0.38133 0.19462 0.08438
v 0.20320 0.47673 -0.14271 0.38133 0.19462 0.08438
v 0.21071 0.47673 -0.13520 0.38133 0.19462 0.08438
v 0.20320 0.47850 -0.13520 0.38133 0.19462 0.08438
v 0.20320 0.47673 -0.14271 0.38133 0.19462 0.08438
v 0.20320 0.47673 -0.14271 0.38133 0.19462 0.08438
v 0.20320 0.47850 -0.13520 0.38133 0.19462 0.08438
v -0.20320 0.47673 -0.14271 0.38133 0.19462 0.08438
v 0.20320 0.47850 -0.13520 0.38133 0.19462 0.08438
v -0.20320 0.47850 -0.13520 0.38133 0.19462 0.08438
v -0.20320 0.47673 -0.14271 0.38133 0.19462 0.08438
v -0.20320 0.47673 -0.14271 0.38133 0.19462 0.08438
v -0.20320 0.47850 -0.13520 0.38133 0.19462 0.08438
v -0.21006 0.47542 -0.14206 0.38133 0.19462 0.08438
v -0.20320 0.47850 -0.13520 0.38133 0.19462 0.08438
v -0.21071 0.47673 -0.13520 0.38133 0.19462 0.08438
v -0.21006 0.47542 -0.14206 0.38133 0.19462 0.08438
v -0.21006 0.47542 -0.14206 0.38133 0.19462 0.08438
v -0.21071 0.47673 -0.13520 0.38133 0.19462 0.08438
v -0.21440 0.47290 -0.14080 0.38133 0.19462 0.08438
v -0.21071 0.47673 -0.13520 0.38133 0.19462 0.08438
v -0.21508 0.47358 -0.13520 0.38133 0.19462 0.08438
v -0.21440 0.47290 -0.14080 0.38133 0.19462 0.08438
v 0.21508 0.47358 -0.13520 0.38133 0.19462 0.08438
v 0.21508 0.47358 0.13520 0.38133 0.19462 0.08438
v 0.21071 0.47673 -0.13520 0.38133 0.19462 0.08438
v 0.21508 0.47358 0.13520 0.38133 0.19462 0.08438
v 0.21071 0.47673 0.13520 0.38133 0.19462 0.08438
v 0.21071 0.47673 -0.13520 0.38133 0.19462 0.08438
v 0.21071 0.47673 -0.13520 0.38133 0.19462 0.08438
v 0.21071 0.47673 0.13520 0.38133 0.19462 0.08438
v 0.20320 0.47850 -0.13520 0.38133 0.19462 0.08438
v 0.21071 0.47673 0.13520 0.38133 0.19462 0.08438
v 0.20320 0.47850 0.13520 0.38133 0.19462 0.08438
v 0.20320 0.47850 -0.13520 0.38133 0.19462 0.08438
v 0.20320 0.47850 -0.13520 0.38133 0.19462 0.08438
v 0.20320 0.47850 0.13520 0.38133 0.19462 0.08438
v -0.20320 0.47850 -0.13520 0.38133 0.19462 0.08438
v 0.20320 0.47850 0.13520 0.38133 0.19462 0.08438
v -0.20320 0.47850 0.13520 0.38133 0.19462 0.08438
v -0.20320 0.47850 -0.13520 0.38133 0.19462 0.08438
v -0.20320 0.47850 -0.13520 0.38133 0.19462 0.08438
v -0.20320 0.47850 0.13520 0.38133 0.19462 0.08438
v -0.21071 0.47673 -0.13520 0.38133 0.19462 0.08438
v -0.20320 0.47850 0.13520 0.38133 0.19462 0.08438
v -0.21071 0.47673 0.13520 0.38133 0.19462 0.08438
v -0.21071 0.47673 -0.13520 0.38133 0.19462 0.08438
v -0.21071 0.47673 -0.13520 0.38133 0.19462 0.08438
v -0.21071 0.47673 0.13520 0.38133 0.19462 0.08438
v -0.21508 0.47358 -0.13520 0.38133 0.19462 0.08438
v -0.21071 0.47673 0.13520 0.38133 0.19462 0.08438
v -0.21508 0.47358 0.13520 0.38133 0.19462 0.08438
v -0.21508 0.47358 -0.13520 0.38133 0.19462 0.08438
v 0.21508 0.47358 0.13520 0.38133 0.19462 0.08438
v 0.21440 0.47290 0.14080 0.38133 0.19462 0.08438
v 0.21071 0.47673 0.13520 0.38133 0.19462 0.08438
v 0.21440 0.47290 0.14080 0.38133 0.19462 0.08438
v 0.21006 0.47542 0.14206 0.38133 0.19462 0.08438
v 0.21071 0.47673 0.13520 0.38133 0.19462 0.08438
v 0.21071 0.47673 0.13520 0.38133 0.19462 0.08438
v 0.21006 0.47542 0.14206 0.38133 0.19462 0.08438
v 0.20320 0.47850 0.13520 0.38133 0.19462 0.08438
v 0.21006 0.47542 0.14206 0.38133 0.19462 0.08438
v 0.20320 0.47673 0.14271 0.38133 0.19462 0.08438
v 0.20320 0.47850 0.13520 0.38133 0.19462 0.08438
v 0.20320 0.47850 0.13520 0.38133 0.19462 0.08438
v 0.20320 0.47673 0.14271 0.38133 0.19462 0.08438
v -0.20320 0.47850 0.13520 0.38133 0.19462 0.08438
v 0.20320 0.47673 0.14271 0.38133 0.19462 0.08438
v -0.20320 0.47673 0.14271 0.38133 0.19462 0.08438
v -0.20320 0.47850 0.13520 0.38133 0.19462 0.08438
v -0.20320 0.47850 0.13520 0.38133 0.19462 0.08438
v -0.20320 0.47673 0.14271 0.38133 0.19462 0.08438
v -0.21071 0.47673 0.13520 0.38133 0.19462 0.08438
v -0.20320 0.47673 0.14271 0.38133 0.19462 0.08438
v -0.21006 0.47542 0.14206 0.38133 0.19462 0.08438
v -0.21071 0.47673 0.13520 0.38133 0.19462 0.08438
v -0.21071 0.47673 0.13520 0.38133 0.19462 0.08438
v -0.21006 0.47542 0.14206 0.38133 0.19462 0.08438
v -0.21508 0.47358 0.13520 0.38133 0.19462 0.08438
v -0.21006 0.47542 0.14206 0.38133 0.19462 0.08438
v -0.21440 0.47290 0.14080 0.38133 0.19462 0.08438
v -0.21508 0.47358 0.13520 0.38133 0.19462 0.08438
v 0.21440 0.47290 0.14080 0.38133 0.19462 0.08438
v 0.21290 0.47140 0.14490 0.38133 0.19462 0.08438
v 0.21006 0.47542 0.14206 0.38133 0.19462 0.08438
v 0.21290 0.47140 0.14490 0.38133 0.19462 0.08438
v 0.20880 0.47290 0.14640 0.38133 0.19462 0.08438
v 0.21006 0.47542 0.14206 0.38133 0.19462 0.08438
v 0.21006 0.47542 0.14206 0.38133 0.19462 0.08438
v 0.20880 0.47290 0.14640 0.38133 0.19462 0.08438
v 0.20320 0.47673 0.14271 0.38133 0.19462 0.08438
v 0.20880 0.47290 0.14640 0.38133 0.19462 0.08438
v 0.20320 0.47358 0.14708 0.38133 0.19462 0.08438
v 0.20320 0.47673 0.14271 0.38133 0.19462 0.08438
v 0.20320 0.47673 0.14271 0.38133 0.19462 0.08438
v 0.20320 0.47358 0.14708 0.38133 0.19462 0.08438
v -0.20320 0.47673 0.14271 0.38133 0.19462 0.08438
v 0.20320 0.47358 0.14708 0.38133 0.19462 0.08438
v -0.20320 0.47358 0.14708 0.38133 0.19462 0.08438
v -0.20320 0.47673 0.14271 0.38133 0.19462 0.08438
v -0.20320 0.47673 0.14271 0.38133 0.19462 0.08438
v -0.20320 0.47358 0.14708 0.38133 0.19462 0.08438
v -0.21006 0.47542 0.14206 0.38133 0.19462 0.08438
v -0.20320 0.47358 0.14708 0.38133 0.19462 0.08438
v -0.20880 0.47290 0.14640 0.38133 0.19462 0.08438
v -0.21006 0.47542 0.14206 0.38133 0.19462 0.08438
v -0.21006 0.47542 0.14206 0.38133 0.19462 0.08438
v -0.20880 0.47290 0.14640 0.38133 0.19462 0.08438
v -0.21440 0.47290 0.14080 0.38133 0.19462 0.08438
v -0.20880 0.47290 0.14640 0.38133 0.19462 0.08438
v -0.21290 0.47140 0.14490 0.38133 0.19462 0.08438
v -0.21440 0.47290 0.14080 0.38133 0.19462 0.08438
v 0.21290 0.34560 0.14490 0.38133 0.19462 0.08438
v 0.21440 0.34410 0.14080 0.38133 0.19462 0.08438
v 0.20880 0.34410 0.14640 0.38133 0.19462 0.08438
v 0.21440 0.34410 0.14080 0.38133 0.19462 0.08438
v 0.21006 0.34158 0.14206 0.38133 0.19462 0.08438
v 0.20880 0.34410 0.14640 0.38133 0.19462 0.08438
v 0.20880 0.34410 0.14640 0.38133 0.19462 0.08438
v 0.21006 0.34158 0.14206 0.38133 0.19462 0.08438
v 0.20320 0.34342 0.14708 0.38133 0.19462 0.08438
v 0.21006 0.34158 0.14206 0.38133 0.19462 0.08438
v 0.20320 0.34027 0.14271 0.38133 0.19462 0.08438
v 0.20320 0.34342 0.14708 0.38133 0.19462 0.08438
v 0.20320 0.34342 0.14708 0.38133 0.19462 0.08438
v 0.20320 0.34027 0.14271 0.38133 0.19462 0.08438
v -0.20320 0.34342 0.14708 0.38133 0.19462 0.08438
v 0.20320 0.34027 0.14271 0.38133 0.19462 0.08438
v -0.20320 0.34027 0.14271 0.38133 0.19462 0.08438
v -0.20320 0.34342 0.14708 0.38133 0.19462 0.08438
v -0.20320 0.34342 0.14708 0.38133 0.19462 0.08438
v -0.20320 0.34027 0.14271 0.38133 0.19462 0.08438
v -0.20880 0.34410 0.14640 0.38133 0.19462 0.08438
v -0.20320 0.34027 0.14271 0.38133 0.19462 0.08438
v -0.21006 0.34158 0.14206 0.38133 0.19462 0.08438
v -0.20880 0.34410 0.14640 0.38133 0.19462 0.08438
v -0.20880 0.34410 0.14640 0.38133 0.19462 0.08438
v -0.21006 0.34158 0.14206 0.38133 0.19462 0.08438
v -0.21290 0.34560 0.14490 0.38133 0.19462 0.08438
v -0.21006 0.34158 0.14206 0.38133 0.19462 0.08438
v -0.21440 0.34410 0.14080 0.38133 0.19462 0.08438
v -0.21290 0.34560 0.14490 0.38133 0.19462 0.08438
v 0.21440 0.34410 0.14080 0.38133 0.19462 0.08438
v 0.21508 0.34342 0.13520 0.38133 0.19462 0.08438
v 0.21006 0.34158 0.14206 0.38133 0.19462 0.08438
v 0.21508 0.34342 0.13520 0.38133 0.19462 0.08438
v 0.21071 0.34027 0.13520 0.38133 0.19462 0.08438
v 0.21006 0.34158 0.14206 0.38133 0.19462 0.08438
v 0.21006 0.34158 0.14206 0.38133 0.19462 0.08438
v 0.21071 0.34027 0.13520 0.38133 0.19462 0.08438
v 0.20320 0.34027 0.14271 0.38133 0.19462 0.08438
v 0.21071 0.34027 0.13520 0.38133 0.19462 0.08438
v 0.20320 0.33850 0.13520 0.38133 0.19462 0.08438
v 0.20320 0.34027 0.14271 0.38133 0.19462 0.08438
v 0.20320 0.34027 0.14271 0.38133 0.19462 0.08438
v 0.20320 0.33850 0.13520 0.38133 0.19462 0.08438
v -0.20320 0.34027 0.14271 0.38133 0.19462 0.08438
v 0.20320 0.33850 0.13520 0.38133 0.19462 0.08438
v -0.20320 0.33850 0.13520 0.38133 0.19462 0.08438
v -0.20320 0.34027 0.14271 0.38133 0.19462 0.08438
v -0.20320 0.34027 0.14271 0.38133 0.19462 0.08438
v -0.20320 0.33850 0.13520 0.38133 0.19462 0.08438
v -0.21006 0.34158 0.14206 0.38133 0.19462 0.08438
v -0.20320 0.33850 0.13520 0.38133 0.19462 0.08438
v -0.21071 0.34027 0.13520 0.38133 0.19462 0.08438
v -0.21006 0.34158 0.14206 0.38133 0.19462 0.08438
v -0.21006 0.34158 0.14206 0.38133 0.19462 0.08438
v -0.21071 0.34027 0.13520 0.38133 0.19462 0.08438
v -0.21440 0.34410 0.14080 0.38133 0.19462 0.08438
v -0.21071 0.34027 0.13520 0.38133 0.19462 0.08438
v -0.21508 0.34342 0.13520 0.38133 0.19462 0.08438
v -0.21440 0.34410 0.14080 0.38133 0.19462 0.08438
v 0.21508 0.34342 0.13520 0.38133 0.19462 0.08438
v 0.21508 0.34342 -0.13520 0.38133 0.19462 0.08438
v 0.21071 0.34027 0.13520 0.38133 0.19462 0.08438
v 0.21508 0.34342 -0.13520 0.38133 0.19462 0.08438
v 0.21071 0.34027 -0.13520 0.38133 0.19462 0.08438
v 0.21071 0.34027 0.13520 0.38133 0.19462 0.08438
v 0.21071 0.34027 0.13520 0.38133 0.19462 0.08438
v 0.21071 0.34027 -0.13520 0.38133 0.19462 0.08438
v 0.20320 0.33850 0.13520 0.38133 0.19462 0.08438
v 0.21071 0.34027 -0.13520 0.38133 0.19462 0.08438
v 0.20320 0.33850 -0.13520 0.38133 0.19462 0.08438
v 0.20320 0.33850 0.13520 0.38133 0.19462 0.08438
v 0.20320 0.33850 0.13520 0.38133 0.19462 0.08438
v 0.20320 0.33850 -0.13520 0.38133 0.19462 0.08438
v -0.20320 0.33850 0.13520 0.38133 0.19462 0.08438
v 0.20320 0.33850 -0.13520 0.38133 0.19462 0.08438
v -0.20320 0.33850 -0.13520 0.38133 0.19462 0.08438
v -0.20320 0.33850 0.13520 0.38133 0.19462 0.08438
v -0.20320 0.33850 0.13520 0.38133 0.19462 0.08438
v -0.20320 0.33850 -0.13520 0.38133 0.19462 0.08438
v -0.21071 0.34027 0.13520 0.38133 0.19462 0.08438
v -0.20320 0.33850 -0.13520 0.38133 0.19462 0.08438
v -0.21071 0.34027 -0.13520 0.38133 0.19462 0.08438
v -0.21071 0.34027 0.13520 0.38133 0.19462 0.08438
v -0.21071 0.34027 0.13520 0.38133 0.19462 0.08438
v -0.21071 0.34027 -0.13520 0.38133 0.19462 0.08438
v -0.21508 0.34342 0.13520 0.38133 0.19462 0.08438
v -0.21071 0.34027 -0.13520 0.38133 0.19462 0.08438
v -0.21508 0.34342 -0.13520 0.38133 0.19462 0.08438
v -0.21508 0.34342 0.13520 0.38133 0.19462 0.08438
v 0.21508 0.34342 -0.13520 0.38133 0.19462 0.08438
v 0.21440 0.34410 -0.14080 0.38133 0.19462 0.08438
v 0.21071 0.34027 -0.13520 0.38133 0.19462 0.08438
v 0.21440 0.34410 -0.14080 0.38133 0.19462 0.08438
v 0.21006 0.34158 -0.14206 0.38133 0.19462 0.08438
v 0.21071 0.34027 -0.13520 0.38133 0.19462 0.08438
v 0.21071 0.34027 -0.13520 0.38133 0.19462 0.08438
v 0.21006 0.34158 -0.14206 0.38133 0.19462 0.08438
v 0.20320 0.33850 -0.13520 0.38133 0.19462 0.08438
v 0.21006 0.34158 -0.14206 0.38133 0.19462 0.08438
v 0.20320 0.34027 -0.14271 0.38133 0.19462 0.08438
v 0.20320 0.33850 -0.13520 0.38133 0.19462 0.08438
v 0.20320 0.33850 -0.13520 0.38133 0.19462 0.08438
v 0.20320 0.34027 -0.14271 0.38133 0.19462 0.08438
v -0.20320 0.33850 -0.13520 0.38133 0.19462 0.08438
v 0.20320 0.34027 -0.14271 0.38133 0.19462 0.08438
v -0.20320 0.34027 -0.14271 0.38133 0.19462 0.08438
v -0.20320 0.33850 -0.13520 0.38133 0.19462 0.08438
v -0.20320 0.33850 -0.13520 0.38133 0.19462 0.08438
v -0.20320 0.34027 -0.14271 0.38133 0.19462 0.08438
v -0.21071 0.34027 -0.13520 0.38133 0.19462 0.08438
v -0.20320 0.34027 -0.14271 0.38133 0.19462 0.08438
v -0.21006 0.34158 -0.14206 0.38133 0.19462 0.08438
v -0.21071 0.34027 -0.13520 0.38133 0.19462 0.08438
v -0.21071 0.34027 -0.13520 0.38133 0.19462 0.08438
v -0.21006 0.34158 -0.14206 0.38133 0.19462 0.08438
v -0.21508 0.34342 -0.13520 0.38133 0.19462 0.08438
v -0.21006 0.34158 -0.14206 0.38133 0.19462 0.08438
v -0.21440 0.34410 -0.14080 0.38133 0.19462 0.08438
v -0.21508 0.34342 -0.13520 0.38133 0.19462 0.08438
v 0.21440 0.34410 -0.14080 0.38133 0.19462 0.08438
v 0.21290 0.34560 -0.14490 0.38133 0.19462 0.08438
v 0.21006 0.34158 -0.14206 0.38133 0.19462 0.08438
v 0.21290 0.34560 -0.14490 0.38133 0.19462 0.08438
v 0.20880 0.34410 -0.14640 0.38133 0.19462 0.08438
v 0.21006 0.34158 -0.14206 0.38133 0.19462 0.08438
v 0.21006 0.34158 -0.14206 0.38133 0.19462 0.08438
v 0.20880 0.34410 -0.14640 0.38133 0.19462 0.08438
v 0.20320 0.34027 -0.14271 0.38133 0.19462 0.08438
v 0.20880 0.34410 -0.14640 0.38133 0.19462 0.08438
v 0.20320 0.34342 -0.14708 0.38133 0.19462 0.08438
v 0.20320 0.34027 -0.14271 0.38133 0.19462 0.08438
v 0.20320 0.34027 -0.14271 0.38133 0.19462 0.08438
v 0.20320 0.34342 -0.14708 0.38133 0.19462 0.08438
v -0.20320 0.34027 -0.14271 0.38133 0.19462 0.08438
v 0.20320 0.34342 -0.14708 0.38133 0.19462 0.08438
v -0.20320 0.34342 -0.14708 0.38133 0.19462 0.08438
v -0.20320 0.34027 -0.14271 0.38133 0.19462 0.08438
v -0.20320 0.34027 -0.14271 0.38133 0.19462 0.08438
v -0.20320 0.34342 -0.14708 0.38133 0.19462 0.08438
v -0.21006 0.34158 -0.14206 0.38133 0.19462 0.08438
v -0.20320 0.34342 -0.14708 0.38133 0.19462 0.08438
v -0.20880 0.34410 -0.14640 0.38133 0.19462 0.08438
v -0.21006 0.34158 -0.14206 0.38133 0.19462 0.08438
v -0.21006 0.34158 -0.14206 0.38133 0.19462 0.08438
v -0.20880 0.34410 -0.14640 0.38133 0.19462 0.08438
v -0.21440 0.34410 -0.14080 0.38133 0.19462 0.08438
v -0.20880 0.34410 -0.14640 0.38133 0.19462 0.08438
v -0.21290 0.34560 -0.14490 0.38133 0.19462 0.08438
v -0.21440 0.34410 -0.14080 0.38133 0.19462 0.08438
v 0.21290 0.47140 0.14490 0.38133 0.19462 0.08438
v 0.21440 0.46730 0.14640 0.38133 0.19462 0.08438
v 0.20880 0.47290 0.14640 0.38133 0.19462 0.08438
v 0.21440 0.46730 0.14640 0.38133 0.19462 0.08438
v 0.21006 0.46856 0.14892 0.38133 0.19462 0.08438
v 0.20880 0.47290 0.14640 0.38133 0.19462 0.08438
v 0.20880 0.47290 0.14640 0.38133 0.19462 0.08438
v 0.21006 0.46856 0.14892 0.38133 0.19462 0.08438
v 0.20320 0.47358 0.14708 0.38133 0.19462 0.08438
v 0.21006 0.46856 0.14892 0.38133 0.19462 0.08438
v 0.20320 0.46921 0.15023 0.38133 0.19462 0.08438
v 0.20320 0.47358 0.14708 0.38133 0.19462 0.08438
v 0.20320 0.47358 0.14708 0.38133 0.19462 0.08438
v 0.20320 0.46921 0.15023 0.38133 0.19462 0.08438
v -0.20320 0.47358 0.14708 0.38133 0.19462 0.08438
v 0.20320 0.46921 0.15023 0.38133 0.19462 0.08438
v -0.20320 0.46921 0.15023 0.38133 0.19462 0.08438
v -0.20320 0.47358 0.14708 0.38133 0.19462 0.08438
v -0.20320 0.47358 0.14708 0.38133 0.19462 0.08438
v -0.20320 0.46921 0.15023 0.38133 0.19462 0.08438
v -0.20880 0.47290 0.14640 0.38133 0.19462 0.08438
v -0.20320 0.46921 0.15023 0.38133 0.19462 0.08438
v -0.21006 0.46856 0.14892 0.38133 0.19462 0.08438
v -0.20880 0.47290 0.14640 0.38133 0.19462 0.08438
v -0.20880 0.47290 0.14640 0.38133 0.19462 0.08438
v -0.21006 0.46856 0.14892 0.38133 0.19462 0.08438
v -0.21290 0.47140 0.14490 0.38133 0.19462 0.08438
v -0.21006 0.46856 0.14892 0.38133 0.19462 0.08438
v -0.21440 0.46730 0.14640 0.38133 0.19462 0.08438
v -0.21290 0.47140 0.14490 0.38133 0.19462 0.08438
v 0.21440 0.46730 0.14640 0.38133 0.19462 0.08438
v 0.21508 0.46170 0.14708 0.38133 0.19462 0.08438
v 0.21006 0.46856 0.14892 0.38133 0.19462 0.08438
v 0.21508 0.46170 0.14708 0.38133 0.19462 0.08438
v 0.21071 0.46170 0.15023 0.38133 0.19462 0.08438
v 0.21006 0.46856 0.14892 0.38133 0.19462 0.08438
v 0.21006 0.46856 0.14892 0.38133 0.19462 0.08438
v 0.21071 0.46170 0.15023 0.38133 0.19462 0.08438
v 0.20320 0.46921 0.15023 0.38133 0.19462 0.08438
v 0.21071 0.46170 0.15023 0.38133 0.19462 0.08438
v 0.20320 0.46170 0.15200 0.38133 0.19462 0.08438
v 0.20320 0.46921 0.15023 0.38133 0.19462 0.08438
v 0.20320 0.46921 0.15023 0.38133 0.19462 0.08438
v 0.20320 0.46170 0.15200 0.38133 0.19462 0.08438
v -0.20320 0.46921 0.15023 0.38133 0.19462 0.08438
v 0.20320 0.46170 0.15200 0.38133 0.19462 0.08438
v -0.20320 0.46170 0.15200 0.38133 0.19462 0.08438
v -0.20320 0.46921 0.15023 0.38133 0.19462 0.08438
v -0.20320 0.46921 0.15023 0.38133 0.19462 0.08438
v -0.20320 0.46170 0.15200 0.38133 0.19462 0.08438
v -0.21006 0.46856 0.14892 0.38133 0.19462 0.08438
v -0.20320 0.46170 0.15200 0.38133 0.19462 0.08438
v -0.21071 0.46170 0.15023 0.38133 0.19462 0.08438
v -0.21006 0.46856 0.14892 0.38133 0.19462 0.08438
v -0.21006 0.46856 0.14892 0.38133 0.19462 0.08438
v -0.21071 0.46170 0.15023 0.38133 0.19462 0.08438
v -0.21440 0.46730 0.14640 0.38133 0.19462 0.08438
v -0.21071 0.46170 0.15023 0.38133 0.19462 0.08438
v -0.21508 0.46170 0.14708 0.38133 0.19462 0.08438
v -0.21440 0.46730 0.14640 0.38133 0.19462 0.08438
v 0.21508 0.46170 0.14708 0.38133 0.19462 0.08438
v 0.21508 0.35530 0.14708 0.38133 0.19462 0.08438
v 0.21071 0.46170 0.15023 0.38133 0.19462 0.08438
v 0.21508 0.35530 0.14708 0.38133 0.19462 0.08438
v 0.21071 0.35530 0.15023 0.38133 0.19462 0.08438
v 0.21071 0.46170 0.15023 0.38133 0.19462 0.08438
v 0.21071 0.46170 0.15023 0.38133 0.19462 0.08438
v 0.21071 0.35530 0.15023 0.38133 0.19462 0.08438
v 0.20320 0.46170 0.15200 0.38133 0.19462 0.08438
v 0.21071 0.35530 0.15023 0.38133 0.19462 0.08438
v 0.20320 0.35530 0.15200 0.38133 0.19462 0.08438
v 0.20320 0.46170 0.15200 0.38133 0.19462 0.08438
v 0.20320 0.46170 0.15200 0.38133 0.19462 0.08438
v 0.20320 0.35530 0.15200 0.38133 0.19462 0.08438
v -0.20320 0.46170 0.15200 0.38133 0.19462 0.08438
v 0.20320 0.35530 0.15200 0.38133 0.19462 0.08438
v -0.20320 0.35530 0.15200 0.38133 0.19462 0.08438
v -0.20320 0.46170 0.15200 0.38133 0.19462 0.08438
v -0.20320 0.46170 0.15200 0.38133 0.19462 0.08438
v -0.20320 0.35530 0.15200 0.38133 0.19462 0.08438
v -0.21071 0.46170 0.15023 0.38133 0.19462 0.08438
v -0.20320 0.35530 0.15200 0.38133 0.19462 0.08438
v -0.21071 0.35530 0.15023 0.38133 0.19462 0.08438
v -0.21071 0.46170 0.15023 0.38133 0.19462 0.08438
v -0.21071 0.46170 0.15023 0.38133 0.19462 0.08438
v -0.21071 0.35530 0.15023 0.38133 0.19462 0.08438
v -0.21508 0.46170 0.14708 0.38133 0.19462 0.08438
v -0.21071 0.35530 0.15023 0.38133 0.19462 0.08438
v -0.21508 0.35530 0.14708 0.38133 0.19462 0.08438
v -0.21508 0.46170 0.14708 0.38133 0.19462 0.08438
v 0.21508 0.35530 0.14708 0.38133 0.19462 0.08438
v 0.21440 0.34970 0.14640 0.38133 0.19462 0.08438
v 0.21071 0.35530 0.15023 0.38133 0.19462 0.08438
v 0.21440 0.34970 0.14640 0.38133 0.19462 0.08438
v 0.21006 0.34844 0.14892 0.38133 0.19462 0.08438
v 0.21071 0.35530 0.15023 0.38133 0.19462 0.08438
v 0.21071 0.35530 0.15023 0.38133 0.19462 0.08438
v 0.21006 0.34844 0.14892 0.38133 0.19462 0.08438
v 0.20320 0.35530 0.15200 0.38133 0.19462 0.08438
v 0.21006 0.34844 0.14892 0.38133 0.19462 0.08438
v 0.20320 0.34779 0.15023 0.38133 0.19462 0.08438
v 0.20320 0.35530 0.15200 0.38133 0.19462 0.08438
v 0.20320 0.35530 0.15200 0.38133 0.19462 0.08438
v 0.20320 0.34779 0.15023 0.38133 0.19462 0.08438
v -0.20320 0.35530 0.15200 0.38133 0.19462 0.08438
v 0.20320 0.34779 0.15023 0.38133 0.19462 0.08438
v -0.20320 0.34779 0.15023 0.38133 0.19462 0.08438
v -0.20320 0.35530 0.15200 0.38133 0.19462 0.08438
v -0.20320 0.35530 0.15200 0.38133 0.19462 0.08438
v -0.20320 0.34779 0.15023 0.38133 0.19462 0.08438
v -0.21071 0.35530 0.15023 0.38133 0.19462 0.08438
v -0.20320 0.34779 0.15023 0.38133 0.19462 0.08438
v -0.21006 0.34844 0.14892 0.38133 0.19462 0.08438
v -0.21071 0.35530 0.15023 0.38133 0.19462 0.08438
v -0.21071 0.35530 0.15023 0.38133 0.19462 0.08438
v -0.21006 0.34844 0.14892 0.38133 0.19462 0.08438
v -0.21508 0.35530 0.14708 0.38133 0.19462 0.08438
v -0.21006 0.34844 0.14892 0.38133 0.19462 0.08438
v -0.21440 0.34970 0.14640 0.38133 0.19462 0.08438
v -0.21508 0.35530 0.14708 0.38133 0.19462 0.08438
v 0.21440 0.34970 0.14640 0.38133 0.19462 0.08438
v 0.21290 0.34560 0.14490 0.38133 0.19462 0.08438
v 0.21006 0.34844 0.14892 0.38133 0.19462 0.08438
v 0.21290 0.34560 0.14490 0.38133 0.19462 0.08438
v 0.20880 0.34410 0.14640 0.38133 0.19462 0.08438
v 0.21006 0.34844 0.14892 0.38133 0.19462 0.08438
v 0.21006 0.34844 0.14892 0.38133 0.19462 0.08438
v 0.20880 0.34410 0.14640 0.38133 0.19462 0.08438
v 0.20320 0.34779 0.15023 0.38133 0.19462 0.08438
v 0.20880 0.34410 0.14640 0.38133 0.19462 0.08438
v 0.20320 0.34342 0.14708 0.38133 0.19462 0.08438
v 0.20320 0.34779 0.15023 0.38133 0.19462 0.08438
v 0.20320 0.34779 0.15023 0.38133 0.19462 0.08438
v 0.20320 0.34342 0.14708 0.38133 0.19462 0.08438
v -0.20320 0.34779 0.15023 0.38133 0.19462 0.08438
v 0.20320 0.34342 0.14708 0.38133 0.19462 0.08438
v -0.20320 0.34342 0.14708 0.38133 0.19462 0.08438
v -0.20320 0.34779 0.15023 0.38133 0.19462 0.08438
v -0.20320 0.34779 0.15023 0.38133 0.19462 0.08438
v -0.20320 0.34342 0.14708 0.38133 0.19462 0.08438
v -0.21006 0.34844 0.14892 0.38133 0.19462 0.08438
v -0.20320 0.34342 0.14708 0.38133 0.19462 0.08438
v -0.20880 0.34410 0.14640 0.38133 0.19462 0.08438
v -0.21006 0.34844 0.14892 0.38133 0.19462 0.08438
v -0.21006 0.34844 0.14892 0.38133 0.19462 0.08438
v -0.20880 0.34410 0.14640 0.38133 0.19462 0.08438
v -0.21440 0.34970 0.14640 0.38133 0.19462 0.08438
v -0.20880 0.34410 0.14640 0.38133 0.19462 0.08438
v -0.21290 0.34560 0.14490 0.38133 0.19462 0.08438
v -0.21440 0.34970 0.14640 0.38133 0.19462 0.08438
v -0.21290 0.47140 -0.14490 0.38133 0.19462 0.08438
v -0.21440 0.46730 -0.14640 0.38133 0.19462 0.08438
v -0.20880 0.47290 -0.14640 0.38133 0.19462 0.08438
v -0.21440 0.46730 -0.14640 0.38133 0.19462 0.08438
v -0.21006 0.46856 -0.14892 0.38133 0.19462 0.08438
v -0.20880 0.47290 -0.14640 0.38133 0.19462 0.08438
v -0.20880 0.47290 -0.14640 0.38133 0.19462 0.08438
v -0.21006 0.46856 -0.14892 0.38133 0.19462 0.08438
v -0.20320 0.47358 -0.14708 0.38133 0.19462 0.08438
v -0.21006 0.46856 -0.14892 0.38133 0.19462 0.08438
v -0.20320 0.46921 -0.15023 0.38133 0.19462 0.08438
v -0.20320 0.47358 -0.14708 0.38133 0.19462 0.08438
v -0.20320 0.47358 -0.14708 0.38133 0.19462 0.08438
v -0.20320 0.46921 -0.15023 0.38133 0.19462 0.08438
v 0.20320 0.47358 -0.14708 0.38133 0.19462 0.08438
v -0.20320 0.46921 -0.15023 0.38133 0.19462 0.08438
v 0.20320 0.46921 -0.15023 0.38133 0.19462 0.08438
v 0.20320 0.47358 -0.14708 0.38133 0.19462 0.08438
v 0.20320 0.47358 -0.14708 0.38133 0.19462 0.08438
v 0.20320 0.46921 -0.15023 0.38133 0.19462 0.08438
v 0.20880 0.47290 -0.14640 0.38133 0.19462 0.08438
v 0.20320 0.46921 -0.15023 0.38133 0.19462 0.08438
v 0.21006 0.46856 -0.14892 0.38133 0.19462 0.08438
v 0.20880 0.47290 -0.14640 0.38133 0.19462 0.08438
v 0.20880 0.47290 -0.14640 0.38133 0.19462 0.08438
v 0.21006 0.46856 -0.14892 0.38133 0.19462 0.08438
v 0.21290 0.47140 -0.14490 0.38133 0.19462 0.08438
v 0.21006 0.46856 -0.14892 0.38133 0.19462 0.08438
v 0.21440 0.46730 -0.14640 0.38133 0.19462 0.08438
v 0.21290 0.47140 -0.14490 0.38133 0.19462 0.08438
v -0.21440 0.46730 -0.14640 0.38133 0.19462 0.08438
v -0.21508 0.46170 -0.14708 0.38133 0.19462 0.08438
v -0.21006 0.46856 -0.14892 0.38133 0.19462 0.08438
v -0.21508 0.46170 -0.14708 0.38133 0.19462 0.08438
v -0.21071 0.46170 -0.15023 0.38133 0.19462 0.08438
v -0.21006 0.46856 -0.14892 0.38133 0.19462 0.08438
v -0.21006 0.46856 -0.14892 0.38133 0.19462 0.08438
v -0.21071 0.46170 -0.15023 0.38133 0.19462 0.08438
v -0.20320 0.46921 -0.15023 0.38133 0.19462 0.08438
v -0.21071 0.46170 -0.15023 0.38133 0.19462 0.08438
v -0.20320 0.46170 -0.15200 0.38133 0.19462 0.08438
v -0.20320 0.46921 -0.15023 0.38133 0.19462 0.08438
v -0.20320 0.46921 -0.15023 0.38133 0.19462 0.08438
v -0.20320 0.46170 -0.15200 0.38133 0.19462 0.08438
v 0.20320 0.46921 -0.15023 0.38133 0.19462 0.08438
v -0.20320 0.46170 -0.15200 0.38133 0.19462 0.08438
v 0.20320 0.46170 -0.15200 0.38133 0.19462 0.08438
v 0.20320 0.46921 -0.15023 0.38133 0.19462 0.08438
v 0.20320 0.46921 -0.15023 0.38133 0.19462 0.08438
v 0.20320 0.46170 -0.15200 0.38133 0.19462 0.08438
v 0.21006 0.46856 -0.14892 0.38133 0.19462 0.08438
v 0.20320 0.46170 -0.15200 0.38133 0.19462 0.08438
v 0.21071 0.46170 -0.15023 0.38133 0.19462 0.08438
v 0.21006 0.46856 -0.14892 0.38133 0.19462 0.08438
v 0.21006 0.46856 -0.14892 0.38133 0.19462 0.08438
v 0.21071 0.46170 -0.15023 0.38133 0.19462 0.08438
v 0.21440 0.46730 -0.14640 0.38133 0.19462 0.08438
v 0.21071 0.46170 -0.15023 0.38133 0.19462 0.08438
v 0.21508 0.46170 -0.14708 0.38133 0.19462 0.08438
v 0.21440 0.46730 -0.14640 0.38133 0.19462 0.08438
v -0.21508 0.46170 -0.14708 0.38133 0.19462 0.08438
v -0.21508 0.35530 -0.14708 0.38133 0.19462 0.08438
v -0.21071 0.46170 -0.15023 0.38133 0.19462 0.08438
v -0.21508 0.35530 -0.14708 0.38133 0.19462 0.08438
v -0.21071 0.35530 -0.15023 0.38133 0.19462 0.08438
v -0.21071 0.46170 -0.15023 0.38133 0.19462 0.08438
v -0.21071 0.46170 -0.15023 0.38133 0.19462 0.08438
v -0.21071 0.35530 -0.15023 0.38133 0.19462 0.08438
v -0.20320 0.46170 -0.15200 0.38133 0.19462 0.08438
v -0.21071 0.35530 -0.15023 0.38133 0.19462 0.08438
v -0.20320 0.35530 -0.15200 0.38133 0.19462 0.08438
v -0.20320 0.46170 -0.15200 0.38133 0.19462 0.08438
v -0.20320 0.46170 -0.15200 0.38133 0.19462 0.08438
v -0.20320 0.35530 -0.15200 0.38133 0.19462 0.08438
v 0.20320 0.46170 -0.15200 0.38133 0.19462 0.08438
v -0.20320 0.35530 -0.15200 0.38133 0.19462 0.08438
v 0.20320 0.35530 -0.15200 0.38133 0.19462 0.08438
v 0.20320 0.46170 -0.15200 0.38133 0.19462 0.08438
v 0.20320 0.46170 -0.15200 0.38133 0.19462 0.08438
v 0.20320 0.35530 -0.15200 0.38133 0.19462 0.08438
v 0.21071 0.46170 -0.15023 0.38133 0.19462 0.08438
v 0.20320 0.35530 -0.15200 0.38133 0.19462 0.08438
v 0.21071 0.35530 -0.15023 0.38133 0.19462 0.08438
v 0.21071 0.46170 -0.15023 0.38133 0.19462 0.08438
v 0.21071 0.46170 -0.15023 0.38133 0.19462 0.08438
v 0.21071 0.35530 -0.15023 0.38133 0.19462 0.08438
v 0.21508 0.46170 -0.14708 0.38133 0.19462 0.08438
v 0.21071 0.35530 -0.15023 0.38133 0.19462 0.08438
v 0.21508 0.35530 -0.14708 0.38133 0.19462 0.08438
v 0.21508 0.46170 -0.14708 0.38133 0.19462 0.08438
v -0.21508 0.35530 -0.14708 0.38133 0.19462 0.08438
v -0.21440 0.34970 -0.14640 0.38133 0.19462 0.08438
v -0.21071 0.35530 -0.15023 0.38133 0.19462 0.08438
v -0.21440 0.34970 -0.14640 0.38133 0.19462 0.08438
v -0.21006 0.34844 -0.14892 0.38133 0.19462 0.08438
v -0.21071 0.35530 -0.15023 0.38133 0.19462 0.08438
v -0.21071 0.35530 -0.15023 0.38133 0.19462 0.08438
v -0.21006 0.34844 -0.14892 0.38133 0.19462 0.08438
v -0.20320 0.35530 -0.15200 0.38133 0.19462 0.08438
v -0.21006 0.34844 -0.14892 0.38133 0.19462 0.08438
v -0.20320 0.34779 -0.15023 0.38133 0.19462 0.08438
v -0.20320 0.35530 -0.15200 0.38133 0.19462 0.08438
v -0.20320 0.35530 -0.15200 0.38133 0.19462 0.08438
v -0.20320 0.34779 -0.15023 0.38133 0.19462 0.08438
v 0.20320 0.35530 -0.15200 0.38133 0.19462 0.08438
v -0.20320 0.34779 -0.15023 0.38133 0.19462 0.08438
v 0.20320 0.34779 -0.15023 0.38133 0.19462 0.08438
v 0.20320 0.35530 -0.15200 0.38133 0.19462 0.08438
v 0.20320 0.35530 -0.15200 0.38133 0.19462 0.08438
v 0.20320 0.34779 -0.15023 0.38133 0.19462 0.08438
v 0.21071 0.35530 -0.15023 0.38133 0.19462 0.08438
v 0.20320 0.34779 -0.15023 0.38133 0.19462 0.08438
v 0.21006 0.34844 -0.14892 0.38133 0.19462 0.08438
v 0.21071 0.35530 -0.15023 0.38133 0.19462 0.08438
v 0.21071 0.35530 -0.15023 0.38133 0.19462 0.08438
v 0.21006 0.34844 -0.14892 0.38133 0.19462 0.08438
v 0.21508 0.35530 -0.14708 0.38133 0.19462 0.08438
v 0.21006 0.34844 -0.14892 0.38133 0.19462 0.08438
v 0.21440 0.34970 -0.14640 0.38133 0.19462 0.08438
v 0.21508 0.35530 -0.14708 0.38133 0.19462 0.08438
v -0.21440 0.34970 -0.14640 0.38133 0.19462 0.08438
v -0.21290 0.34560 -0.14490 0.38133 0.19462 0.08438
v -0.21006 0.34844 -0.14892 0.38133 0.19462 0.08438
v -0.21290 0.34560 -0.14490 0.38133 0.19462 0.08438
v -0.20880 0.34410 -0.14640 0.38133 0.19462 0.08438
v -0.21006 0.34844 -0.14892 0.38133 0.19462 0.08438
v -0.21006 0.34844 -0.14892 0.38133 0.19462 0.08438
v -0.20880 0.34410 -0.14640 0.38133 0.19462 0.08438
v -0.20320 0.34779 -0.15023 0.38133 0.19462 0.08438
v -0.20880 0.34410 -0.14640 0.38133 0.19462 0.08438
v -0.20320 0.34342 -0.14708 0.38133 0.19462 0.08438
v -0.20320 0.34779 -0.15023 0.38133 0.19462 0.08438
v -0.20320 0.34779 -0.15023 0.38133 0.19462 0.08438
v -0.20320 0.34342 -0.14708 0.38133 0.19462 0.08438
v 0.20320 0.34779 -0.15023 0.38133 0.19462 0.08438
v -0.20320 0.34342 -0.14708 0.38133 0.19462 0.08438
v 0.20320 0.34342 -0.14708 0.38133 0.19462 0.08438
v 0.20320 0.34779 -0.15023 0.38133 0.19462 0.08438
v 0.20320 0.34779 -0.15023 0.38133 0.19462 0.08438
v 0.20320 0.34342 -0.14708 0.38133 0.19462 0.08438
v 0.21006 0.34844 -0.14892 0.38133 0.19462 0.08438
v 0.20320 0.34342 -0.14708 0.38133 0.19462 0.08438
v 0.20880 0.34410 -0.14640 0.38133 0.19462 0.08438
v 0.21006 0.34844 -0.14892 0.38133 0.19462 0.08438
v 0.21006 0.34844 -0.14892 0.38133 0.19462 0.08438
v 0.20880 0.34410 -0.14640 0.38133 0.19462 0.08438
v 0.21440 0.34970 -0.14640 0.38133 0.19462 0.08438
v 0.20880 0.34410 -0.14640 0.38133 0.19462 0.08438
v 0.21290 0.34560 -0.14490 0.38133 0.19462 0.08438
v 0.21440 0.34970 -0.14640 0.38133 0.19462 0.08438
v -0.20377 0.89227 0.14377 0.38133 0.19462 0.08438
v -0.20720 0.88290 0.14720 0.38133 0.19462 0.08438
v -0.20720 0.89570 0.13440 0.38133 0.19462 0.08438
v -0.20720 0.88290 0.14720 0.38133 0.19462 0.08438
v -0.21295 0.88578 0.13728 0.38133 0.19462 0.08438
v -0.20720 0.89570 0.13440 0.38133 0.19462 0.08438
v -0.20720 0.89570 0.13440 0.38133 0.19462 0.08438
v -0.21295 0.88578 0.13728 0.38133 0.19462 0.08438
v -0.20875 0.89725 0.12160 0.38133 0.19462 0.08438
v -0.21295 0.88578 0.13728 0.38133 0.19462 0.08438
v -0.21595 0.88727 0.12160 0.38133 0.19462 0.08438
v -0.20875 0.89725 0.12160 0.38133 0.19462 0.08438
v -0.20875 0.89725 0.12160 0.38133 0.19462 0.08438
v -0.21595 0.88727 0.12160 0.38133 0.19462 0.08438
v -0.20875 0.89725 -0.12160 0.38133 0.19462 0.08438
v -0.21595 0.88727 0.12160 0.38133 0.19462 0.08438
v -0.21595 0.88727 -0.12160 0.38133 0.19462 0.08438
v -0.20875 0.89725 -0.12160 0.38133 0.19462 0.08438
v -0.20875 0.89725 -0.12160 0.38133 0.19462 0.08438
v -0.21595 0.88727 -0.12160 0.38133 0.19462 0.08438
v -0.20720 0.89570 -0.13440 0.38133 0.19462 0.08438
v -0.21595 0.88727 -0.12160 0.38133 0.19462 0.08438
v -0.21295 0.88578 -0.13728 0.38133 0.19462 0.08438
v -0.20720 0.89570 -0.13440 0.38133 0.19462 0.08438
v -0.20720 0.89570 -0.13440 0.38133 0.19462 0.08438
v -0.21295 0.88578 -0.13728 0.38133 0.19462 0.08438
v -0.20377 0.89227 -0.14377 0.38133 0.19462 0.08438
v -0.21295 0.88578 -0.13728 0.38133 0.19462 0.08438
v -0.20720 0.88290 -0.14720 0.38133 0.19462 0.08438
v -0.20377 0.89227 -0.14377 0.38133 0.19462 0.08438
v -0.20720 0.88290 0.14720 0.38133 0.19462 0.08438
v -0.20875 0.87010 0.14875 0.38133 0.19462 0.08438
v -0.21295 0.88578 0.13728 0.38133 0.19462 0.08438
v -0.20875 0.87010 0.14875 0.38133 0.19462 0.08438
v -0.21595 0.87010 0.13877 0.38133 0.19462 0.08438
v -0.21295 0.88578 0.13728 0.38133 0.19462 0.08438
v -0.21295 0.88578 0.13728 0.38133 0.19462 0.08438
v -0.21595 0.87010 0.13877 0.38133 0.19462 0.08438
v -0.21595 0.88727 0.12160 0.38133 0.19462 0.08438
v -0.21595 0.87010 0.13877 0.38133 0.19462 0.08438
v -0.22000 0.87010 0.12160 0.38133 0.19462 0.08438
v -0.21595 0.88727 0.12160 0.38133 0.19462 0.08438
v -0.21595 0.88727 0.12160 0.38133 0.19462 0.08438
v -0.22000 0.87010 0.12160 0.38133 0.19462 0.08438
v -0.21595 0.88727 -0.12160 0.38133 0.19462 0.08438
v -0.22000 0.87010 0.12160 0.38133 0.19462 0.08438
v -0.22000 0.87010 -0.12160 0.38133 0.19462 0.08438
v -0.21595 0.88727 -0.12160 0.38133 0.19462 0.08438
v -0.21595 0.88727 -0.12160 0.38133 0.19462 0.08438
v -0.22000 0.87010 -0.12160 0.38133 0.19462 0.08438
v -0.21295 0.88578 -0.13728 0.38133 0.19462 0.08438
v -0.22000 0.87010 -0.12160 0.38133 0.19462 0.08438
v -0.21595 0.87010 -0.13877 0.38133 0.19462 0.08438
v -0.21295 0.88578 -0.13728 0.38133 0.19462 0.08438
v -0.21295 0.88578 -0.13728 0.38133 0.19462 0.08438
v -0.21595 0.87010 -0.13877 0.38133 0.19462 0.08438
v -0.20720 0.88290 -0.14720 0.38133 0.19462 0.08438
v -0.21595 0.87010 -0.13877 0.38133 0.19462 0.08438
v -0.20875 0.87010 -0.14875 0.38133 0.19462 0.08438
v -0.20720 0.88290 -0.14720 0.38133 0.19462 0.08438
v -0.20875 0.87010 0.14875 0.38133 0.19462 0.08438
v -0.20875 0.52690 0.14875 0.38133 0.19462 0.08438
v -0.21595 0.87010 0.13877 0.38133 0.19462 0.08438
v -0.20875 0.52690 0.14875 0.38133 0.19462 0.08438
v -0.21595 0.52690 0.13877 0.38133 0.19462 0.08438
v -0.21595 0.87010 0.13877 0.38133 0.19462 0.08438
v -0.21595 0.87010 0.13877 0.38133 0.19462 0.08438
v -0.21595 0.52690 0.13877 0.38133 0.19462 0.08438
v -0.22000 0.87010 0.12160 0.38133 0.19462 0.08438
v -0.21595 0.52690 0.13877 0.38133 0.19462 0.08438
v -0.22000 0.52690 0.12160 0.38133 0.19462 0.08438
v -0.22000 0.87010 0.12160 0.38133 0.19462 0.08438
v -0.22000 0.87010 0.12160 0.38133 0.19462 0.08438
v -0.22000 0.52690 0.12160 0.38133 0.19462 0.08438
v -0.22000 0.87010 -0.12160 0.38133 0.19462 0.08438
v -0.22000 0.52690 0.12160 0.38133 0.19462 0.08438
v -0.22000 0.52690 -0.12160 0.38133 0.19462 0.08438
v -0.22000 0.87010 -0.12160 0.38133 0.19462 0.08438
v -0.22000 0.87010 -0.12160 0.38133 0.19462 0.08438
v -0.22000 0.52690 -0.12160 0.38133 0.19462 0.08438
v -0.21595 0.87010 -0.13877 0.38133 0.19462 0.08438
v -0.22000 0.52690 -0.12160 0.38133 0.19462 0.08438
v -0.21595 0.52690 -0.13877 0.38133 0.19462 0.08438
v -0.21595 0.87010 -0.13877 0.38133 0.19462 0.08438
v -0.21595 0.87010 -0.13877 0.38133 0.19462 0.08438
v -0.21595 0.52690 -0.13877 0.38133 0.19462 0.08438
v -0.20875 0.87010 -0.14875 0.38133 0.19462 0.08438
v -0.21595 0.52690 -0.13877 0.38133 0.19462 0.08438
v -0.20875 0.52690 -0.14875 0.38133 0.19462 0.08438
v -0.20875 0.87010 -0.14875 0.38133 0.19462 0.08438
v -0.20875 0.52690 0.14875 0.38133 0.19462 0.08438
v -0.20720 0.51410 0.14720 0.38133 0.19462 0.08438
v -0.21595 0.52690 0.13877 0.38133 0.19462 0.08438
v -0.20720 0.51410 0.14720 0.38133 0.19462 0.08438
v -0.21295 0.51122 0.13728 0.38133 0.19462 0.08438
v -0.21595 0.52690 0.13877 0.38133 0.19462 0.08438
v -0.21595 0.52690 0.13877 0.38133 0.19462 0.08438
v -0.21295 0.51122 0.13728 0.38133 0.19462 0.08438
v -0.22000 0.52690 0.12160 0.38133 0.19462 0.08438
v -0.21295 0.51122 0.13728 0.38133 0.19462 0.08438
v -0.21595 0.50973 0.12160 0.38133 0.19462 0.08438
v -0.22000 0.52690 0.12160 0.38133 0.19462 0.08438
v -0.22000 0.52690 0.12160 0.38133 0.19462 0.08438
v -0.21595 0.50973 0.12160 0.38133 0.19462 0.08438
v -0.22000 0.52690 -0.12160 0.38133 0.19462 0.08438
v -0.21595 0.50973 0.12160 0.38133 0.19462 0.08438
v -0.21595 0.50973 -0.12160 0.38133 0.19462 0.08438
v -0.22000 0.52690 -0.12160 0.38133 0.19462 0.08438
v -0.22000 0.52690 -0.12160 0.38133 0.19462 0.08438
v -0.21595 0.50973 -0.12160 0.38133 0.19462 0.08438
v -0.21595 0.52690 -0.13877 0.38133 0.19462 0.08438
v -0.21595 0.50973 -0.12160 0.38133 0.19462 0.08438
v -0.21295 0.51122 -0.13728 0.38133 0.19462 0.08438
v -0.21595 0.52690 -0.13877 0.38133 0.19462 0.08438
v -0.21595 0.52690 -0.13877 0.38133 0.19462 0.08438
v -0.21295 0.51122 -0.13728 0.38133 0.19462 0.08438
v -0.20875 0.52690 -0.14875 0.38133 0.19462 0.08438
v -0.21295 0.51122 -0.13728 0.38133 0.19462 0.08438
v -0.20720 0.51410 -0.14720 0.38133 0.19462 0.08438
v -0.20875 0.52690 -0.14875 0.38133 0.19462 0.08438
v -0.20720 0.51410 0.14720 0.38133 0.19462 0.08438
v -0.20377 0.50473 0.14377 0.38133 0.19462 0.08438
v -0.21295 0.51122 0.13728 0.38133 0.19462 0.08438
v -0.20377 0.50473 0.14377 0.38133 0.19462 0.08438
v -0.20720 0.50130 0.13440 0.38133 0.19462 0.08438
v -0.21295 0.51122 0.13728 0.38133 0.19462 0.08438
v -0.21295 0.51122 0.13728 0.38133 0.19462 0.08438
v -0.20720 0.50130 0.13440 0.38133 0.19462 0.08438
v -0.21595 0.50973 0.12160 0.38133 0.19462 0.08438
v -0.20720 0.50130 0.13440 0.38133 0.19462 0.08438
v -0.20875 0.49975 0.12160 0.38133 0.19462 0.08438
v -0.21595 0.50973 0.12160 0.38133 0.19462 0.08438
v -0.21595 0.50973 0.12160 0.38133 0.19462 0.08438
v -0.20875 0.49975 0.12160 0.38133 0.19462 0.08438
v -0.21595 0.50973 -0.12160 0.38133 0.19462 0.08438
v -0.20875 0.49975 0.12160 0.38133 0.19462 0.08438
v -0.20875 0.49975 -0.12160 0.38133 0.19462 0.08438
v -0.21595 0.50973 -0.12160 0.38133 0.19462 0.08438
v -0.21595 0.50973 -0.12160 0.38133 0.19462 0.08438
v -0.20875 0.49975 -0.12160 0.38133 0.19462 0.08438
v -0.21295 0.51122 -0.13728 0.38133 0.19462 0.08438
v -0.20875 0.49975 -0.12160 0.38133 0.19462 0.08438
v -0.20720 0.50130 -0.13440 0.38133 0.19462 0.08438
v -0.21295 0.51122 -0.13728 0.38133 0.19462 0.08438
v -0.21295 0.51122 -0.13728 0.38133 0.19462 0.08438
v -0.20720 0.50130 -0.13440 0.38133 0.19462 0.08438
v -0.20720 0.51410 -0.14720 0.38133 0.19462 0.08438
v -0.20720 0.50130 -0.13440 0.38133 0.19462 0.08438
v -0.20377 0.50473 -0.14377 0.38133 0.19462 0.08438
v -0.20720 0.51410 -0.14720 0.38133 0.19462 0.08438
v 0.20377 0.89227 -0.14377 0.38133 0.19462 0.08438
v 0.20720 0.88290 -0.14720 0.38133 0.19462 0.08438
v 0.20720 0.89570 -0.13440 0.38133 0.19462 0.08438
v 0.20720 0.88290 -0.14720 0.38133 0.19462 0.08438
v 0.21295 0.88578 -0.13728 0.38133 0.19462 0.08438
v 0.20720 0.89570 -0.13440 0.38133 0.19462 0.08438
v 0.20720 0.89570 -0.13440 0.38133 0.19462 0.08438
v 0.21295 0.88578 -0.13728 0.38133 0.19462 0.08438
v 0.20875 0.89725 -0.12160 0.38133 0.19462 0.08438
v 0.21295 0.88578 -0.13728 0.38133 0.19462 0.08438
v 0.21595 0.88727 -0.12160 0.38133 0.19462 0.08438
v 0.20875 0.89725 -0.12160 0.38133 0.19462 0.08438
v 0.20875 0.89725 -0.12160 0.38133 0.19462 0.08438
v 0.21595 0.88727 -0.12160 0.38133 0.19462 0.08438
v 0.20875 0.89725 0.12160 0.38133 0.19462 0.08438
v 0.21595 0.88727 -0.12160 0.38133 0.19462 0.08438
v 0.21595 0.88727 0.12160 0.38133 0.19462 0.08438
v 0.20875 0.89725 0.12160 0.38133 0.19462 0.08438
v 0.20875 0.89725 0.12160 0.38133 0.19462 0.08438
v 0.21595 0.88727 0.12160 0.38133 0.19462 0.08438
v 0.20720 0.89570 0.13440 0.38133 0.19462 0.08438
v 0.21595 0.88727 0.12160 0.38133 0.19462 0.08438
v 0.21295 0.88578 0.13728 0.38133 0.19462 0.08438
v 0.20720 0.89570 0.13440 0.38133 0.19462 0.08438
v 0.20720 0.89570 0.13440 0.38133 0.19462 0.08438
v 0.21295 0.88578 0.13728 0.38133 0.19462 0.08438
v 0.20377 0.89227 0.14377 0.38133 0.19462 0.08438
v 0.21295 0.88578 0.13728 0.38133 0.19462 0.08438
v 0.20720 0.88290 0.14720 0.38133 0.19462 0.08438
v 0.20377 0.89227 0.14377 0.38133 0.19462 0.08438
v 0.20720 0.88290 -0.14720 0.38133 0.19462 0.08438
v 0.20875 0.87010 -0.14875 0.38133 0.19462 0.08438
v 0.21295 0.88578 -0.13728 0.38133 0.19462 0.08438
v 0.20875 0.87010 -0.14875 0.38133 0.19462 0.08438
v 0.21595 0.87010 -0.13877 0.38133 0.19462 0.08438
v 0.21295 0.88578 -0.13728 0.38133 0.19462 0.08438
v 0.21295 0.88578 -0.13728 0.38133 0.19462 0.08438
v 0.21595 0.87010 -0.13877 0.38133 0.19462 0.08438
v 0.21595 0.88727 -0.12160 0.38133 0.19462 0.08438
v 0.21595 0.87010 -0.13877 0.38133 0.19462 0.08438
v 0.22000 0.87010 -0.12160 0.38133 0.19462 0.08438
v 0.21595 0.88727 -0.12160 0.38133 0.19462 0.08438
v 0.21595 0.88727 -0.12160 0.38133 0.19462 0.08438
v 0.22000 0.87010 -0.12160 0.38133 0.19462 0.08438
v 0.21595 0.88727 0.12160 0.38133 0.19462 0.08438
v 0.22000 0.87010 -0.12160 0.38133 0.19462 0.08438
v 0.22000 0.87010 0.12160 0.38133 0.19462 0.08438
v 0.21595 0.88727 0.12160 0.38133 0.19462 0.08438
v 0.21595 0.88727 0.12160 0.38133 0.19462 0.08438
v 0.22000 0.87010 0.12160 0.38133 0.19462 0.08438
v 0.21295 0.88578 0.13728 0.38133 0.19462 0.08438
v 0.22000 0.87010 0.12160 0.38133 0.19462 0.08438
v 0.21595 0.87010 0.13877 0.38133 0.19462 0.08438
v 0.21295 0.88578 0.13728 0.38133 0.19462 0.08438
v 0.21295 0.88578 0.13728 0.38133 0.19462 0.08438
v 0.21595 0.87010 0.13877 0.38133 0.19462 0.08438
v 0.20720 0.88290 0.14720 0.38133 0.19462 0.08438
v 0.21595 0.87010 0.13877 0.38133 0.19462 0.08438
v 0.20875 0.87010 0.14875 0.38133 0.19462 0.08438
v 0.20720 0.88290 0.14720 0.38133 0.19462 0.08438
v 0.20875 0.87010 -0.14875 0.38133 0.19462 0.08438
v 0.20875 0.52690 -0.14875 0.38133 0.19462 0.08438
v 0.21595 0.87010 -0.13877 0.38133 0.19462 0.08438
v 0.20875 0.52690 -0.14875 0.38133 0.19462 0.08438
v 0.21595 0.52690 -0.13877 0.38133 0.19462 0.08438
v 0.21595 0.87010 -0.13877 0.38133 0.19462 0.08438
v 0.21595 0.87010 -0.13877 0.38133 0.19462 0.08438
v 0.21595 0.52690 -0.13877 0.38133 0.19462 0.08438
v 0.22000 0.87010 -0.12160 0.38133 0.19462 0.08438
v 0.21595 0.52690 -0.13877 0.38133 0.19462 0.08438
v 0.22000 0.52690 -0.12160 0.38133 0.19462 0.08438
v 0.22000 0.87010 -0.12160 0.38133 0.19462 0.08438
v 0.22000 0.87010 -0.12160 0.38133 0.19462 0.08438
v 0.22000 0.52690 -0.12160 0.38133 0.19462 0.08438
v 0.22000 0.87010 0.12160 0.38133 0.19462 0.08438
v 0.22000 0.52690 -0.12160 0.38133 0.19462 0.08438
v 0.22000 0.52690 0.12160 0.38133 0.19462 0.08438
v 0.22000 0.87010 0.12160 0.38133 0.19462 0.08438
v 0.22000 0.87010 0.12160 0.38133 0.19462 0.08438
v 0.22000 0.52690 0.12160 0.38133 0.19462 0.08438
v 0.21595 0.87010 0.13877 0.38133 0.19462 0.08438
v 0.22000 0.52690 0.12160 0.38133 0.19462 0.08438
v 0.21595 0.52690 0.13877 0.38133 0.19462 0.08438
v 0.21595 0.87010 0.13877 0.38133 0.19462 0.08438
v 0.21595 0.87010 0.13877 0.38133 0.19462 0.08438
v 0.21595 0.52690 0.13877 0.38133 0.19462 0.08438
v 0.20875 0.87010 0.14875 0.38133 0.19462 0.08438
v 0.21595 0.52690 0.13877 0.38133 0.19462 0.08438
v 0.20875 0.52690 0.14875 0.38133 0.19462 0.08438
v 0.20875 0.87010 0.14875 0.38133 0.19462 0.08438
v 0.20875 0.52690 -0.14875 0.38133 0.19462 0.08438
v 0.20720 0.51410 -0.14720 0.38133 0.19462 0.08438
v 0.21595 0.52690 -0.13877 0.38133 0.19462 0.08438
v 0.20720 0.51410 -0.14720 0.38133 0.19462 0.08438
v 0.21295 0.51122 -0.13728 0.38133 0.19462 0.08438
v 0.21595 0.52690 -0.13877 0.38133 0.19462 0.08438
v 0.21595 0.52690 -0.13877 0.38133 0.19462 0.08438
v 0.21295 0.51122 -0.13728 0.38133 0.19462 0.08438
v 0.22000 0.52690 -0.12160 0.38133 0.19462 0.08438
v 0.21295 0.51122 -0.13728 0.38133 0.19462 0.08438
v 0.21595 0.50973 -0.12160 0.38133 0.19462 0.08438
v 0.22000 0.52690 -0.12160 0.38133 0.19462 0.08438
v 0.22000 0.52690 -0.12160 0.38133 0.19462 0.08438
v 0.21595 0.50973 -0.12160 0.38133 0.19462 0.08438
v 0.22000 0.52690 0.12160 0.38133 0.19462 0.08438
v 0.21595 0.50973 -0.12160 0.38133 0.19462 0.08438
v 0.21595 0.50973 0.12160 0.38133 0.19462 0.08438
v 0.22000 0.52690 0.12160 0.38133 0.19462 0.08438
v 0.22000 0.52690 0.12160 0.38133 0.19462 0.08438
v 0.21595 0.50973 0.12160 0.38133 0.19462 0.08438
v 0.21595 0.52690 0.13877 0.38133 0.19462 0.08438
v 0.21595 0.50973 0.12160 0.38133 0.19462 0.08438
v 0.21295 0.51122 0.13728 0.38133 0.19462 0.08438
v 0.21595 0.52690 0.13877 0.38133 0.19462 0.08438
v 0.21595 0.52690 0.13877 0.38133 0.19462 0.08438
v 0.21295 0.51122 0.13728 0.38133 0.19462 0.08438
v 0.20875 0.52690 0.14875 0.38133 0.19462 0.08438
v 0.21295 0.51122 0.13728 0.38133 0.19462 0.08438
v 0.20720 0.51410 0.14720 0.38133 0.19462 0.08438
v 0.20875 0.52690 0.14875 0.38133 0.19462 0.08438
v 0.20720 0.51410 -0.14720 0.38133 0.19462 0.08438
v 0.20377 0.50473 -0.14377 0.38133 0.19462 0.08438
v 0.21295 0.51122 -0.13728 0.38133 0.19462 0.08438
v 0.20377 0.50473 -0.14377 0.38133 0.19462 0.08438
v 0.20720 0.50130 -0.13440 0.38133 0.19462 0.08438
v 0.21295 0.51122 -0.13728 0.38133 0.19462 0.08438
v 0.21295 0.51122 -0.13728 0.38133 0.19462 0.08438
v 0.20720 0.50130 -0.13440 0.38133 0.19462 0.08438
v 0.21595 0.50973 -0.12160 0.38133 0.19462 0.08438
v 0.20720 0.50130 -0.13440 0.38133 0.19462 0.08438
v 0.20875 0.49975 -0.12160 0.38133 0.19462 0.08438
v 0.21595 0.50973 -0.12160 0.38133 0.19462 0.08438
v 0.21595 0.50973 -0.12160 0.38133 0.19462 0.08438
v 0.20875 0.49975 -0.12160 0.38133 0.19462 0.08438
v 0.21595 0.50973 0.12160 0.38133 0.19462 0.08438
v 0.20875 0.49975 -0.12160 0.38133 0.19462 0.08438
v 0.20875 0.49975 0.12160 0.38133 0.19462 0.08438
v 0.21595 0.50973 0.12160 0.38133 0.19462 0.08438
v 0.21595 0.50973 0.12160 0.38133 0.19462 0.08438
v 0.20875 0.49975 0.12160 0.38133 0.19462 0.08438
v 0.21295 0.51122 0.13728 0.38133 0.19462 0.08438
v 0.20875 0.49975 0.12160 0.38133 0.19462 0.08438
v 0.20720 0.50130 0.13440 0.38133 0.19462 0.08438
v 0.21295 0.51122 0.13728 0.38133 0.19462 0.08438
v 0.21295 0.51122 0.13728 0.38133 0.19462 0.08438
v 0.20720 0.50130 0.13440 0.38133 0.19462 0.08438
v 0.20720 0.51410 0.14720 0.38133 0.19462 0.08438
v 0.20720 0.50130 0.13440 0.38133 0.19462 0.08438
v 0.20377 0.50473 0.14377 0.38133 0.19462 0.08438
v 0.20720 0.51410 0.14720 0.38133 0.19462 0.08438
v 0.20377 0.89227 -0.14377 0.38133 0.19462 0.08438
v 0.20720 0.89570 -0.13440 0.38133 0.19462 0.08438
v 0.19440 0.89570 -0.14720 0.38133 0.19462 0.08438
v 0.20720 0.89570 -0.13440 0.38133 0.19462 0.08438
v 0.19728 0.90145 -0.13728 0.38133 0.19462 0.08438
v 0.19440 0.89570 -0.14720 0.38133 0.19462 0.08438
v 0.19440 0.89570 -0.14720 0.38133 0.19462 0.08438
v 0.19728 0.90145 -0.13728 0.38133 0.19462 0.08438
v 0.18160 0.89725 -0.14875 0.38133 0.19462 0.08438
v 0.19728 0.90145 -0.13728 0.38133 0.19462 0.08438
v 0.18160 0.90445 -0.13877 0.38133 0.19462 0.08438
v 0.18160 0.89725 -0.14875 0.38133 0.19462 0.08438
v 0.18160 0.89725 -0.14875 0.38133 0.19462 0.08438
v 0.18160 0.90445 -0.13877 0.38133 0.19462 0.08438
v -0.18160 0.89725 -0.14875 0.38133 0.19462 0.08438
v 0.18160 0.90445 -0.13877 0.38133 0.19462 0.08438
v -0.18160 0.90445 -0.13877 0.38133 0.19462 0.08438
v -0.18160 0.89725 -0.14875 0.38133 0.19462 0.08438
v -0.18160 0.89725 -0.14875 0.38133 0.19462 0.08438
v -0.18160 0.90445 -0.13877 0.38133 0.19462 0.08438
v -0.19440 0.89570 -0.14720 0.38133 0.19462 0.08438
v -0.18160 0.90445 -0.13877 0.38133 0.19462 0.08438
v -0.19728 0.90145 -0.13728 0.38133 0.19462 0.08438
v -0.19440 0.89570 -0.14720 0.38133 0.19462 0.08438
v -0.19440 0.89570 -0.14720 0.38133 0.19462 0.08438
v -0.19728 0.90145 -0.13728 0.38133 0.19462 0.08438
v -0.20377 0.89227 -0.14377 0.38133 0.19462 0.08438
v -0.19728 0.90145 -0.13728 0.38133 0.19462 0.08438
v -0.20720 0.89570 -0.13440 0.38133 0.19462 0.08438
v -0.20377 0.89227 -0.14377 0.38133 0.19462 0.08438
v 0.20720 0.89570 -0.13440 0.38133 0.19462 0.08438
v 0.20875 0.89725 -0.12160 0.38133 0.19462 0.08438
v 0.19728 0.90145 -0.13728 0.38133 0.19462 0.08438
v 0.20875 0.89725 -0.12160 0.38133 0.19462 0.08438
v 0.19877 0.90445 -0.12160 0.38133 0.19462 0.08438
v 0.19728 0.90145 -0.13728 0.38133 0.19462 0.08438
v 0.19728 0.90145 -0.13728 0.38133 0.19462 0.08438
v 0.19877 0.90445 -0.12160 0.38133 0.19462 0.08438
v 0.18160 0.90445 -0.13877 0.38133 0.19462 0.08438
v 0.19877 0.90445 -0.12160 0.38133 0.19462 0.08438
v 0.18160 0.90850 -0.12160 0.38133 0.19462 0.08438
v 0.18160 0.90445 -0.13877 0.38133 0.19462 0.08438
v 0.18160 0.90445 -0.13877 0.38133 0.19462 0.08438
v 0.18160 0.90850 -0.12160 0.38133 0.19462 0.08438
v -0.18160 0.90445 -0.13877 0.38133 0.19462 0.08438
v 0.18160 0.90850 -0.12160 0.38133 0.19462 0.08438
v -0.18160 0.90850 -0.12160 0.38133 0.19462 0.08438
v -0.18160 0.90445 -0.13877 0.38133 0.19462 0.08438
v -0.18160 0.90445 -0.13877 0.38133 0.19462 0.08438
v -0.18160 0.90850 -0.12160 0.38133 0.19462 0.08438
v -0.19728 0.90145 -0.13728 0.38133 0.19462 0.08438
v -0.18160 0.90850 -0.12160 0.38133 0.19462 0.08438
v -0.19877 0.90445 -0.12160 0.38133 0.19462 0.08438
v -0.19728 0.90145 -0.13728 0.38133 0.19462 0.08438
v -0.19728 0.90145 -0.13728 0.38133 0.19462 0.08438
v -0.19877 0.90445 -0.12160 0.38133 0.19462 0.08438
v -0.20720 0.89570 -0.13440 0.38133 0.19462 0.08438
v -0.19877 0.90445 -0.12160 0.38133 0.19462 0.08438
v -0.20875 0.89725 -0.12160 0.38133 0.19462 0.08438
v -0.20720 0.89570 -0.13440 0.38133 0.19462 0.08438
v 0.20875 0.89725 -0.12160 0.38133 0.19462 0.08438
v 0.20875 0.89725 0.12160 0.38133 0.19462 0.08438
v 0.19877 0.90445 -0.12160 0.38133 0.19462 0.08438
v 0.20875 0.89725 0.12160 0.38133 0.19462 0.08438
v 0.19877 0.90445 0.12160 0.38133 0.19462 0.08438
v 0.19877 0.90445 -0.12160 0.38133 0.19462 0.08438
v 0.19877 0.90445 -0.12160 0.38133 0.19462 0.08438
v 0.19877 0.90445 0.12160 0.38133 0.19462 0.08438
v 0.18160 0.90850 -0.12160 0.38133 0.19462 0.08438
v 0.19877 0.90445 0.12160 0.38133 0.19462 0.08438
v 0.18160 0.90850 0.12160 0.38133 0.19462 0.08438
v 0.18160 0.90850 -0.12160 0.38133 0.19462 0.08438
v 0.18160 0.90850 -0.12160 0.38133 0.19462 0.08438
v 0.18160 0.90850 0.12160 0.38133 0.19462 0.08438
v -0.18160 0.90850 -0.12160 0.38133 0.19462 0.08438
v 0.18160 0.90850 0.12160 0.38133 0.19462 0.08438
v -0.18160 0.90850 0.12160 0.38133 0.19462 0.08438
v -0.18160 0.90850 -0.12160 0.38133 0.19462 0.08438
v -0.18160 0.90850 -0.12160 0.38133 0.19462 0.08438
v -0.18160 0.90850 0.12160 0.38133 0.19462 0.08438
v -0.19877 0.90445 -0.12160 0.38133 0.19462 0.08438
v -0.18160 0.90850 0.12160 0.38133 0.19462 0.08438
v -0.19877 0.90445 0.12160 0.38133 0.19462 0.08438
v -0.19877 0.90445 -0.12160 0.38133 0.19462 0.08438
v -0.19877 0.90445 -0.12160 0.38133 0.19462 0.08438
v -0.19877 0.90445 0.12160 0.38133 0.19462 0.08438
v -0.20875 0.89725 -0.12160 0.38133 0.19462 0.08438
v -0.19877 0.90445 0.12160 0.38133 0.19462 0.08438
v -0.20875 0.89725 0.12160 0.38133 0.19462 0.08438
v -0.20875 0.89725 -0.12160 0.38133 0.19462 0.08438
v 0.20875 0.89725 0.12160 0.38133 0.19462 0.08438
v 0.20720 0.89570 0.13440 0.38133 0.19462 0.08438
v 0.19877 0.90445 0.12160 0.38133 0.19462 0.08438
v 0.20720 0.89570 0.13440 0.38133 0.19462 0.08438
v 0.19728 0.90145 0.13728 0.38133 0.19462 0.08438
v 0.19877 0.90445 0.12160 0.38133 0.19462 0.08438
v 0.19877 0.90445 0.12160 0.38133 0.19462 0.08438
v 0.19728 0.90145 0.13728 0.38133 0.19462 0.08438
v 0.18160 0.90850 0.12160 0.38133 0.19462 0.08438
v 0.19728 0.90145 0.13728 0.38133 0.19462 0.08438
v 0.18160 0.90445 0.13877 0.38133 0.19462 0.08438
v 0.18160 0.90850 0.12160 0.38133 0.19462 0.08438
v 0.18160 0.90850 0.12160 0.38133 0.19462 0.08438
v 0.18160 0.90445 0.13877 0.38133 0.19462 0.08438
v -0.18160 0.90850 0.12160 0.38133 0.19462 0.08438
v 0.18160 0.90445 0.13877 0.38133 0.19462 0.08438
v -0.18160 0.90445 0.13877 0.38133 0.19462 0.08438
v -0.18160 0.90850 0.12160 0.38133 0.19462 0.08438
v -0.18160 0.90850 0.12160 0.38133 0.19462 0.08438
v -0.18160 0.90445 0.13877 0.38133 0.19462 0.08438
v -0.19877 0.90445 0.12160 0.38133 0.19462 0.08438
v -0.18160 0.90445 0.13877 0.38133 0.19462 0.08438
v -0.19728 0.90145 0.13728 0.38133 0.19462 0.08438
v -0.19877 0.90445 0.12160 0.38133 0.19462 0.08438
v -0.19877 0.90445 0.12160 0.38133 0.19462 0.08438
v -0.19728 0.90145 0.13728 0.38133 0.19462 0.08438
v -0.20875 0.89725 0.12160 0.38133 0.19462 0.08438
v -0.19728 0.90145 0.13728 0.38133 0.19462 0.08438
v -0.20720 0.89570 0.13440 0.38133 0.19462 0.08438
v -0.20875 0.89725 0.12160 0.38133 0.19462 0.08438
v 0.20720 0.89570 0.13440 0.38133 0.19462 0.08438
v 0.20377 0.89227 0.14377 0.38133 0.19462 0.08438
v 0.19728 0.90145 0.13728 0.38133 0.19462 0.08438
v 0.20377 0.89227 0.14377 0.38133 0.19462 0.08438
v 0.19440 0.89570 0.14720 0.38133 0.19462 0.08438
v 0.19728 0.90145 0.13728 0.38133 0.19462 0.08438
v 0.19728 0.90145 0.13728 0.38133 0.19462 0.08438
v 0.19440 0.89570 0.14720 0.38133 0.19462 0.08438
v 0.18160 0.90445 0.13877 0.38133 0.19462 0.08438
v 0.19440 0.89570 0.14720 0.38133 0.19462 0.08438
v 0.18160 0.89725 0.14875 0.38133 0.19462 0.08438
v 0.18160 0.90445 0.13877 0.38133 0.19462 0.08438
v 0.18160 0.90445 0.13877 0.38133 0.19462 0.08438
v 0.18160 0.89725 0.14875 0.38133 0.19462 0.08438
v -0.18160 0.90445 0.13877 0.38133 0.19462 0.08438
v 0.18160 0.89725 0.14875 0.38133 0.19462 0.08438
v -0.18160 0.89725 0.14875 0.38133 0.19462 0.08438
v -0.18160 0.90445 0.13877 0.38133 0.19462 0.08438
v -0.18160 0.90445 0.13877 0.38133 0.19462 0.08438
v -0.18160 0.89725 0.14875 0.38133 0.19462 0.08438
v -0.19728 0.90145 0.13728 0.38133 0.19462 0.08438
v -0.18160 0.89725 0.14875 0.38133 0.19462 0.08438
v -0.19440 0.89570 0.14720 0.38133 0.19462 0.08438
v -0.19728 0.90145 0.13728 0.38133 0.19462 0.08438
v -0.19728 0.90145 0.13728 0.38133 0.19462 0.08438
v -0.19440 0.89570 0.14720 0.38133 0.19462 0.08438
v -0.20720 0.89570 0.13440 0.38133 0.19462 0.08438
v -0.19440 0.89570 0.14720 0.38133 0.19462 0.08438
v -0.20377 0.89227 0.14377 0.38133 0.19462 0.08438
v -0.20720 0.89570 0.13440 0.38133 0.19462 0.08438
v 0.20377 0.50473 0.14377 0.38133 0.19462 0.08438
v 0.20720 0.50130 0.13440 0.38133 0.19462 0.08438
v 0.19440 0.50130 0.14720 0.38133 0.19462 0.08438
v 0.20720 0.50130 0.13440 0.38133 0.19462 0.08438
v 0.19728 0.49555 0.13728 0.38133 0.19462 0.08438
v 0.19440 0.50130 0.14720 0.38133 0.19462 0.08438
v 0.19440 0.50130 0.14720 0.38133 0.19462 0.08438
v 0.19728 0.49555 0.13728 0.38133 0.19462 0.08438
v 0.18160 0.49975 0.14875 0.38133 0.19462 0.08438
v 0.19728 0.49555 0.13728 0.38133 0.19462 0.08438
v 0.18160 0.49255 0.13877 0.38133 0.19462 0.08438
v 0.18160 0.49975 0.14875 0.38133 0.19462 0.08438
v 0.18160 0.49975 0.14875 0.38133 0.19462 0.08438
v 0.18160 0.49255 0.13877 0.38133 0.19462 0.08438
v -0.18160 0.49975 0.14875 0.38133 0.19462 0.08438
v 0.18160 0.49255 0.13877 0.38133 0.19462 0.08438
v -0.18160 0.49255 0.13877 0.38133 0.19462 0.08438
v -0.18160 0.49975 0.14875 0.38133 0.19462 0.08438
v -0.18160 0.49975 0.14875 0.38133 0.19462 0.08438
v -0.18160 0.49255 0.13877 0.38133 0.19462 0.08438
v -0.19440 0.50130 0.14720 0.38133 0.19462 0.08438
v -0.18160 0.49255 0.13877 0.38133 0.19462 0.08438
v -0.19728 0.49555 0.13728 0.38133 0.19462 0.08438
v -0.19440 0.50130 0.14720 0.38133 0.19462 0.08438
v -0.19440 0.50130 0.14720 0.38133 0.19462 0.08438
v -0.19728 0.49555 0.13728 0.38133 0.19462 0.08438
v -0.20377 0.50473 0.14377 0.38133 0.19462 0.08438
v -0.19728 0.49555 0.13728 0.38133 0.19462 0.08438
v -0.20720 0.50130 0.13440 0.38133 0.19462 0.08438
v -0.20377 0.50473 0.14377 0.38133 0.19462 0.08438
v 0.20720 0.50130 0.13440 0.38133 0.19462 0.08438
v 0.20875 0.49975 0.12160 0.38133 0.19462 0.08438
v 0.19728 0.49555 0.13728 0.38133 0.19462 0.08438
v 0.20875 0.49975 0.12160 0.38133 0.19462 0.08438
v 0.19877 0.49255 0.12160 0.38133 0.19462 0.08438
v 0.19728 0.49555 0.13728 0.38133 0.19462 0.08438
v 0.19728 0.49555 0.13728 0.38133 0.19462 0.08438
v 0.19877 0.49255 0.12160 0.38133 0.19462 0.08438
v 0.18160 0.49255 0.13877 0.38133 0.19462 0.08438
v 0.19877 0.49255 0.12160 0.38133 0.19462 0.08438
v 0.18160 0.48850 0.12160 0.38133 0.19462 0.08438
v 0.18160 0.49255 0.13877 0.38133 0.19462 0.08438
v 0.18160 0.49255 0.13877 0.38133 0.19462 0.08438
v 0.18160 0.48850 0.12160 0.38133 0.19462 0.08438
v -0.18160 0.49255 0.13877 0.38133 0.19462 0.08438
v 0.18160 0.48850 0.12160 0.38133 0.19462 0.08438
v -0.18160 0.48850 0.12160 0.38133 0.19462 0.08438
v -0.18160 0.49255 0.13877 0.38133 0.19462 0.08438
v -0.18160 0.49255 0.13877 0.38133 0.19462 0.08438
v -0.18160 0.48850 0.12160 0.38133 0.19462 0.08438
v -0.19728 0.49555 0.13728 0.38133 0.19462 0.08438
v -0.18160 0.48850 0.12160 0.38133 0.19462 0.08438
v -0.19877 0.49255 0.12160 0.38133 0.19462 0.08438
v -0.19728 0.49555 0.13728 0.38133 0.19462 0.08438
v -0.19728 0.49555 0.13728 0.38133 0.19462 0.08438
v -0.19877 0.49255 0.12160 0.38133 0.19462 0.08438
v -0.20720 0.50130 0.13440 0.38133 0.19462 0.08438
v -0.19877 0.49255 0.12160 0.38133 0.19462 0.08438
v -0.20875 0.49975 0.12160 0.38133 0.19462 0.08438
v -0.20720 0.50130 0.13440 0.38133 0.19462 0.08438
v 0.20875 0.49975 0.12160 0.38133 0.19462 0.08438
v 0.20875 0.49975 -0.12160 0.38133 0.19462 0.08438
v 0.19877 0.49255 0.12160 0.38133 0.19462 0.08438
v 0.20875 0.49975 -0.12160 0.38133 0.19462 0.08438
v 0.19877 0.49255 -0.12160 0.38133 0.19462 0.08438
v 0.19877 0.49255 0.12160 0.38133 0.19462 0.08438
v 0.19877 0.49255 0.12160 0.38133 0.19462 0.08438
v 0.19877 0.49255 -0.12160 0.38133 0.19462 0.08438
v 0.18160 0.48850 0.12160 0.38133 0.19462 0.08438
v 0.19877 0.49255 -0.12160 0.38133 0.19462 0.08438
v 0.18160 0.48850 -0.12160 0.38133 0.19462 0.08438
v 0.18160 0.48850 0.12160 0.38133 0.19462 0.08438
v 0.18160 0.48850 0.12160 0.38133 0.19462 0.08438
v 0.18160 0.48850 -0.12160 0.38133 0.19462 0.08438
v -0.18160 0.48850 0.12160 0.38133 0.19462 0.08438
v 0.18160 0.48850 -0.12160 0.38133 0.19462 0.08438
v -0.18160 0.48850 -0.12160 0.38133 0.19462 0.08438
v -0.18160 0.48850 0.12160 0.38133 0.19462 0.08438
v -0.18160 0.48850 0.12160 0.38133 0.19462 0.08438
v -0.18160 0.48850 -0.12160 0.38133 0.19462 0.08438
v -0.19877 0.49255 0.12160 0.38133 0.19462 0.08438
v -0.18160 0.48850 -0.12160 0.38133 0.19462 0.08438
v -0.19877 0.49255 -0.12160 0.38133 0.19462 0.08438
v -0.19877 0.49255 0.12160 0.38133 0.19462 0.08438
v -0.19877 0.49255 0.12160 0.38133 0.19462 0.08438
v -0.19877 0.49255 -0.12160 0.38133 0.19462 0.08438
v -0.20875 0.49975 0.12160 0.38133 0.19462 0.08438
v -0.19877 0.49255 -0.12160 0.38133 0.19462 0.08438
v -0.20875 0.49975 -0.12160 0.38133 0.19462 0.08438
v -0.20875 0.49975 0.12160 0.38133 0.19462 0.08438
v 0.20875 0.49975 -0.12160 0.38133 0.19462 0.08438
v 0.20720 0.50130 -0.13440 0.38133 0.19462 0.08438
v 0.19877 0.49255 -0.12160 0.38133 0.19462 0.08438
v 0.20720 0.50130 -0.13440 0.38133 0.19462 0.08438
v 0.19728 0.49555 -0.13728 0.38133 0.19462 0.08438
v 0.19877 0.49255 -0.12160 0.38133 0.19462 0.08438
v 0.19877 0.49255 -0.12160 0.38133 0.19462 0.08438
v 0.19728 0.49555 -0.13728 0.38133 0.19462 0.08438
v 0.18160 0.48850 -0.12160 0.38133 0.19462 0.08438
v 0.19728 0.49555 -0.13728 0.38133 0.19462 0.08438
v 0.18160 0.49255 -0.13877 0.38133 0.19462 0.08438
v 0.18160 0.48850 -0.12160 0.38133 0.19462 0.08438
v 0.18160 0.48850 -0.12160 0.38133 0.19462 0.08438
v 0.18160 0.49255 -0.13877 0.38133 0.19462 0.08438
v -0.18160 0.48850 -0.12160 0.38133 0.19462 0.08438
v 0.18160 0.49255 -0.13877 0.38133 0.19462 0.08438
v -0.18160 0.49255 -0.13877 0.38133 0.19462 0.08438
v -0.18160 0.48850 -0.12160 0.38133 0.19462 0.08438
v -0.18160 0.48850 -0.12160 0.38133 0.19462 0.08438
v -0.18160 0.49255 -0.13877 0.38133 0.19462 0.08438
v -0.19877 0.49255 -0.12160 0.38133 0.19462 0.08438
v -0.18160 0.49255 -0.13877 0.38133 0.19462 0.08438
v -0.19728 0.49555 -0.13728 0.38133 0.19462 0.08438
v -0.19877 0.49255 -0.12160 0.38133 0.19462 0.08438
v -0.19877 0.49255 -0.12160 0.38133 0.19462 0.08438
v -0.19728 0.49555 -0.13728 0.38133 0.19462 0.08438
v -0.20875 0.49975 -0.12160 0.38133 0.19462 0.08438
v -0.19728 0.49555 -0.13728 0.38133 0.19462 0.08438
v -0.20720 0.50130 -0.13440 0.38133 0.19462 0.08438
v -0.20875 0.49975 -0.12160 0.38133 0.19462 0.08438
v 0.20720 0.50130 -0.13440 0.38133 0.19462 0.08438
v 0.20377 0.50473 -0.14377 0.38133 0.19462 0.08438
v 0.19728 0.49555 -0.13728 0.38133 0.19462 0.08438
v 0.20377 0.50473 -0.14377 0.38133 0.19462 0.08438
v 0.19440 0.50130 -0.14720 0.38133 0.19462 0.08438
v 0.19728 0.49555 -0.13728 0.38133 0.19462 0.08438
v 0.19728 0.49555 -0.13728 0.38133 0.19462 0.08438
v 0.19440 0.50130 -0.14720 0.38133 0.19462 0.08438
v 0.18160 0.49255 -0.13877 0.38133 0.19462 0.08438
v 0.19440 0.50130 -0.14720 0.38133 0.19462 0.08438
v 0.18160 0.49975 -0.14875 0.38133 0.19462 0.08438
v 0.18160 0.49255 -0.13877 0.38133 0.19462 0.08438
v 0.18160 0.49255 -0.13877 0.38133 0.19462 0.08438
v 0.18160 0.49975 -0.14875 0.38133 0.19462 0.08438
v -0.18160 0.49255 -0.13877 0.38133 0.19462 0.08438
v 0.18160 0.49975 -0.14875 0.38133 0.19462 0.08438
v -0.18160 0.49975 -0.14875 0.38133 0.19462 0.08438
v -0.18160 0.49255 -0.13877 0.38133 0.19462 0.08438
v -0.18160 0.49255 -0.13877 0.38133 0.19462 0.08438
v -0.18160 0.49975 -0.14875 0.38133 0.19462 0.08438
v -0.19728 0.49555 -0.13728 0.38133 0.19462 0.08438
v -0.18160 0.49975 -0.14875 0.38133 0.19462 0.08438
v -0.19440 0.50130 -0.14720 0.38133 0.19462 0.08438
v -0.19728 0.49555 -0.13728 0.38133 0.19462 0.08438
v -0.19728 0.49555 -0.13728 0.38133 0.19462 0.08438
v -0.19440 0.50130 -0.14720 0.38133 0.19462 0.08438
v -0.20720 0.50130 -0.13440 0.38133 0.19462 0.08438
v -0.19440 0.50130 -0.14720 0.38133 0.19462 0.08438
v -0.20377 0.50473 -0.14377 0.38133 0.19462 0.08438
v -0.20720 0.50130 -0.13440 0.38133 0.19462 0.08438
v 0.20377 0.89227 0.14377 0.38133 0.19462 0.08438
v 0.20720 0.88290 0.14720 0.38133 0.19462 0.08438
v 0.19440 0.89570 0.14720 0.38133 0.19462 0.08438
v 0.20720 0.88290 0.14720 0.38133 0.19462 0.08438
v 0.19728 0.88578 0.15295 0.38133 0.19462 0.08438
v 0.19440 0.89570 0.14720 0.38133 0.19462 0.08438
v 0.19440 0.89570 0.14720 0.38133 0.19462 0.08438
v 0.19728 0.88578 0.15295 0.38133 0.19462 0.08438
v 0.18160 0.89725 0.14875 0.38133 0.19462 0.08438
v 0.19728 0.88578 0.15295 0.38133 0.19462 0.08438
v 0.18160 0.88727 0.15595 0.38133 0.19462 0.08438
v 0.18160 0.89725 0.14875 0.38133 0.19462 0.08438
v 0.18160 0.89725 0.14875 0.38133 0.19462 0.08438
v 0.18160 0.88727 0.15595 0.38133 0.19462 0.08438
v -0.18160 0.89725 0.14875 0.38133 0.19462 0.08438
v 0.18160 0.88727 0.15595 0.38133 0.19462 0.08438
v -0.18160 0.88727 0.15595 0.38133 0.19462 0.08438
v -0.18160 0.89725 0.14875 0.38133 0.19462 0.08438
v -0.18160 0.89725 0.14875 0.38133 0.19462 0.08438
v -0.18160 0.88727 0.15595 0.38133 0.19462 0.08438
v -0.19440 0.89570 0.14720 0.38133 0.19462 0.08438
v -0.18160 0.88727 0.15595 0.38133 0.19462 0.08438
v -0.19728 0.88578 0.15295 0.38133 0.19462 0.08438
v -0.19440 0.89570 0.14720 0.38133 0.19462 0.08438
v -0.19440 0.89570 0.14720 0.38133 0.19462 0.08438
v -0.19728 0.88578 0.15295 0.38133 0.19462 0.08438
v -0.20377 0.89227 0.14377 0.38133 0.19462 0.08438
v -0.19728 0.88578 0.15295 0.38133 0.19462 0.08438
v -0.20720 0.88290 0.14720 0.38133 0.19462 0.08438
v -0.20377 0.89227 0.14377 0.38133 0.19462 0.08438
v 0.20720 0.88290 0.14720 0.38133 0.19462 0.08438
v 0.20875 0.87010 0.14875 0.38133 0.19462 0.08438
v 0.19728 0.88578 0.15295 0.38133 0.19462 0.08438
v 0.20875 0.87010 0.14875 0.38133 0.19462 0.08438
v 0.19877 0.87010 0.15595 0.38133 0.19462 0.08438
v 0.19728 0.88578 0.15295 0.38133 0.19462 0.08438
v 0.19728 0.88578 0.15295 0.38133 0.19462 0.08438
v 0.19877 0.87010 0.15595 0.38133 0.19462 0.08438
v 0.18160 0.88727 0.15595 0.38133 0.19462 0.08438
v 0.19877 0.87010 0.15595 0.38133 0.19462 0.08438
v 0.18160 0.87010 0.16000 0.38133 0.19462 0.08438
v 0.18160 0.88727 0.15595 0.38133 0.19462 0.08438
v 0.18160 0.88727 0.15595 0.38133 0.19462 0.08438
v 0.18160 0.87010 0.16000 0.38133 0.19462 0.08438
v -0.18160 0.88727 0.15595 0.38133 0.19462 0.08438
v 0.18160 0.87010 0.16000 0.38133 0.19462 0.08438
v -0.18160 0.87010 0.16000 0.38133 0.19462 0.08438
v -0.18160 0.88727 0.15595 0.38133 0.19462 0.08438
v -0.18160 0.88727 0.15595 0.38133 0.19462 0.08438
v -0.18160 0.87010 0.16000 0.38133 0.19462 0.08438
v -0.19728 0.88578 0.15295 0.38133 0.19462 0.08438
v -0.18160 0.87010 0.16000 0.38133 0.19462 0.08438
v -0.19877 0.87010 0.15595 0.38133 0.19462 0.08438
v -0.19728 0.88578 0.15295 0.38133 0.19462 0.08438
v -0.19728 0.88578 0.15295 0.38133 0.19462 0.08438
v -0.19877 0.87010 0.15595 0.38133 0.19462 0.08438
v -0.20720 0.88290 0.14720 0.38133 0.19462 0.08438
v -0.19877 0.87010 0.15595 0.38133 0.19462 0.08438
v -0.20875 0.87010 0.14875 0.38133 0.19462 0.08438
v -0.20720 0.88290 0.14720 0.38133 0.19462 0.08438
v 0.20875 0.87010 0.14875 0.38133 0.19462 0.08438
v 0.20875 0.52690 0.14875 0.38133 0.19462 0.08438
v 0.19877 0.87010 0.15595 0.38133 0.19462 0.08438
v 0.20875 0.52690 0.14875 0.38133 0.19462 0.08438
v 0.19877 0.52690 0.15595 0.38133 0.19462 0.08438
v 0.19877 0.87010 0.15595 0.38133 0.19462 0.08438
v 0.19877 0.87010 0.15595 0.38133 0.19462 0.08438
v 0.19877 0.52690 0.15595 0.38133 0.19462 0.08438
v 0.18160 0.87010 0.16000 0.38133 0.19462 0.08438
v 0.19877 0.52690 0.15595 0.38133 0.19462 0.08438
v 0.18160 0.52690 0.16000 0.38133 0.19462 0.08438
v 0.18160 0.87010 0.16000 0.38133 0.19462 0.08438
v 0.18160 0.87010 0.16000 0.38133 0.19462 0.08438
v 0.18160 0.52690 0.16000 0.38133 0.19462 0.08438
v -0.18160 0.87010 0.16000 0.38133 0.19462 0.08438
v 0.18160 0.52690 0.16000 0.38133 0.19462 0.08438
v -0.18160 0.52690 0.16000 0.38133 0.19462 0.08438
v -0.18160 0.87010 0.16000 0.38133 0.19462 0.08438
v -0.18160 0.87010 0.16000 0.38133 0.19462 0.08438
v -0.18160 0.52690 0.16000 0.38133 0.19462 0.08438
v -0.19877 0.87010 0.15595 0.38133 0.19462 0.08438
v -0.18160 0.52690 0.16000 0.38133 0.19462 0.08438
v -0.19877 0.52690 0.15595 0.38133 0.19462 0.08438
v -0.19877 0.87010 0.15595 0.38133 0.19462 0.08438
v -0.19877 0.87010 0.15595 0.38133 0.19462 0.08438
v -0.19877 0.52690 0.15595 0.38133 0.19462 0.08438
v -0.20875 0.87010 0.14875 0.38133 0.19462 0.08438
v -0.19877 0.52690 0.15595 0.38133 0.19462 0.08438
v -0.20875 0.52690 0.14875 0.38133 0.19462 0.08438
v -0.20875 0.87010 0.14875 0.38133 0.19462 0.08438
v 0.20875 0.52690 0.14875 0.38133 0.19462 0.08438
v 0.20720 0.51410 0.14720 0.38133 0.19462 0.08438
v 0.19877 0.52690 0.15595 0.38133 0.19462 0.08438
v 0.20720 0.51410 0.14720 0.38133 0.19462 0.08438
v 0.19728 0.51122 0.15295 0.38133 0.19462 0.08438
v 0.19877 0.52690 0.15595 0.38133 0.19462 0.08438
v 0.19877 0.52690 0.15595 0.38133 0.19462 0.08438
v 0.19728 0.51122 0.15295 0.38133 0.19462 0.08438
v 0.18160 0.52690 0.16000 0.38133 0.19462 0.08438
v 0.19728 0.51122 0.15295 0.38133 0.19462 0.08438
v 0.18160 0.50973 0.15595 0.38133 0.19462 0.08438
v 0.18160 0.52690 0.16000 0.38133 0.19462 0.08438
v 0.18160 0.52690 0.16000 0.38133 0.19462 0.08438
v 0.18160 0.50973 0.15595 0.38133 0.19462 0.08438
v -0.18160 0.52690 0.16000 0.38133 0.19462 0.08438
v 0.18160 0.50973 0.15595 0.38133 0.19462 0.08438
v -0.18160 0.50973 0.15595 0.38133 0.19462 0.08438
v -0.18160 0.52690 0.16000 0.38133 0.19462 0.08438
v -0.18160 0.52690 0.16000 0.38133 0.19462 0.08438
v -0.18160 0.50973 0.15595 0.38133 0.19462 0.08438
v -0.19877 0.52690 0.15595 0.38133 0.19462 0.08438
v -0.18160 0.50973 0.15595 0.38133 0.19462 0.08438
v -0.19728 0.51122 0.15295 0.38133 0.19462 0.08438
v -0.19877 0.52690 0.15595 0.38133 0.19462 0.08438
v -0.19877 0.52690 0.15595 0.38133 0.19462 0.08438
v -0.19728 0.51122 0.15295 0.38133 0.19462 0.08438
v -0.20875 0.52690 0.14875 0.38133 0.19462 0.08438
v -0.19728 0.51122 0.15295 0.38133 0.19462 0.08438
v -0.20720 0.51410 0.14720 0.38133 0.19462 0.08438
v -0.20875 0.52690 0.14875 0.38133 0.19462 0.08438
v 0.20720 0.51410 0.14720 0.38133 0.19462 0.08438
v 0.20377 0.50473 0.14377 0.38133 0.19462 0.08438
v 0.19728 0.51122 0.15295 0.38133 0.19462 0.08438
v 0.20377 0.50473 0.14377 0.38133 0.19462 0.08438
v 0.19440 0.50130 0.14720 0.38133 0.19462 0.08438
v 0.19728 0.51122 0.15295 0.38133 0.19462 0.08438
v 0.19728 0.51122 0.15295 0.38133 0.19462 0.08438
v 0.19440 0.50130 0.14720 0.38133 0.19462 0.08438
v 0.18160 0.50973 0.15595 0.38133 0.19462 0.08438
v 0.19440 0.50130 0.14720 0.38133 0.19462 0.08438
v 0.18160 0.49975 0.14875 0.38133 0.19462 0.08438
v 0.18160 0.50973 0.15595 0.38133 0.19462 0.08438
v 0.18160 0.50973 0.15595 0.38133 0.19462 0.08438
v 0.18160 0.49975 0.14875 0.38133 0.19462 0.08438
v -0.18160 0.50973 0.15595 0.38133 0.19462 0.08438
v 0.18160 0.49975 0.14875 0.38133 0.19462 0.08438
v -0.18160 0.49975 0.14875 0.38133 0.19462 0.08438
v -0.18160 0.50973 0.15595 0.38133 0.19462 0.08438
v -0.18160 0.50973 0.15595 0.38133 0.19462 0.08438
v -0.18160 0.49975 0.14875 0.38133 0.19462 0.08438
v -0.19728 0.51122 0.15295 0.38133 0.19462 0.08438
v -0.18160 0.49975 0.14875 0.38133 0.19462 0.08438
v -0.19440 0.50130 0.14720 0.38133 0.19462 0.08438
v -0.19728 0.51122 0.15295 0.38133 0.19462 0.08438
v -0.19728 0.51122 0.15295 0.38133 0.19462 0.08438
v -0.19440 0.50130 0.14720 0.38133 0.19462 0.08438
v -0.20720 0.51410 0.14720 0.38133 0.19462 0.08438
v -0.19440 0.50130 0.14720 0.38133 0.19462 0.08438
v -0.20377 0.50473 0.14377 0.38133 0.19462 0.08438
v -0.20720 0.51410 0.14720 0.38133 0.19462 0.08438
v -0.20377 0.89227 -0.14377 0.38133 0.19462 0.08438
v -0.20720 0.88290 -0.14720 0.38133 0.19462 0.08438
v -0.19440 0.89570 -0.14720 0.38133 0.19462 0.08438
v -0.20720 0.88290 -0.14720 0.38133 0.19462 0.08438
v -0.19728 0.88578 -0.15295 0.38133 0.19462 0.08438
v -0.19440 0.89570 -0.14720 0.38133 0.19462 0.08438
v -0.19440 0.89570 -0.14720 0.38133 0.19462 0.08438
v -0.19728 0.88578 -0.15295 0.38133 0.19462 0.08438
v -0.18160 0.89725 -0.14875 0.38133 0.19462 0.08438
v -0.19728 0.88578 -0.15295 0.38133 0.19462 0.08438
v -0.18160 0.88727 -0.15595 0.38133 0.19462 0.08438
v -0.18160 0.89725 -0.14875 0.38133 0.19462 0.08438
v -0.18160 0.89725 -0.14875 0.38133 0.19462 0.08438
v -0.18160 0.88727 -0.15595 0.38133 0.19462 0.08438
v 0.18160 0.89725 -0.14875 0.38133 0.19462 0.08438
v -0.18160 0.88727 -0.15595 0.38133 0.19462 0.08438
v 0.18160 0.88727 -0.15595 0.38133 0.19462 0.08438
v 0.18160 0.89725 -0.14875 0.38133 0.19462 0.08438
v 0.18160 0.89725 -0.14875 0.38133 0.19462 0.08438
v 0.18160 0.88727 -0.15595 0.38133 0.19462 0.08438
v 0.19440 0.89570 -0.14720 0.38133 0.19462 0.08438
v 0.18160 0.88727 -0.15595 0.38133 0.19462 0.08438
v 0.19728 0.88578 -0.15295 0.38133 0.19462 0.08438
v 0.19440 0.89570 -0.14720 0.38133 0.19462 0.08438
v 0.19440 0.89570 -0.14720 0.38133 0.19462 0.08438
v 0.19728 0.88578 -0.15295 0.38133 0.19462 0.08438
v 0.20377 0.89227 -0.14377 0.38133 0.19462 0.08438
v 0.19728 0.88578 -0.15295 0.38133 0.19462 0.08438
v 0.20720 0.88290 -0.14720 0.38133 0.19462 0.08438
v 0.20377 0.89227 -0.14377 0.38133 0.19462 0.08438
v -0.20720 0.88290 -0.14720 0.38133 0.19462 0.08438
v -0.20875 0.87010 -0.14875 0.38133 0.19462 0.08438
v -0.19728 0.88578 -0.15295 0.38133 0.19462 0.08438
v -0.20875 0.87010 -0.14875 0.38133 0.19462 0.08438
v -0.19877 0.87010 -0.15595 0.38133 0.19462 0.08438
v -0.19728 0.88578 -0.15295 0.38133 0.19462 0.08438
v -0.19728 0.88578 -0.15295 0.38133 0.19462 0.08438
v -0.19877 0.87010 -0.15595 0.38133 0.19462 0.08438
v -0.18160 0.88727 -0.15595 0.38133 0.19462 0.08438
v -0.19877 0.87010 -0.15595 0.38133 0.19462 0.08438
v -0.18160 0.87010 -0.16000 0.38133 0.19462 0.08438
v -0.18160 0.88727 -0.15595 0.38133 0.19462 0.08438
v -0.18160 0.88727 -0.15595 0.38133 0.19462 0.08438
v -0.18160 0.87010 -0.16000 0.38133 0.19462 0.08438
v 0.18160 0.88727 -0.15595 0.38133 0.19462 0.08438
v -0.18160 0.87010 -0.16000 0.38133 0.19462 0.08438
v 0.18160 0.87010 -0.16000 0.38133 0.19462 0.08438
v 0.18160 0.88727 -0.15595 0.38133 0.19462 0.08438
v 0.18160 0.88727 -0.15595 0.38133 0.19462 0.08438
v 0.18160 0.87010 -0.16000 0.38133 0.19462 0.08438
v 0.19728 0.88578 -0.15295 0.38133 0.19462 0.08438
v 0.18160 0.87010 -0.16000 0.38133 0.19462 0.08438
v 0.19877 0.87010 -0.15595 0.38133 0.19462 0.08438
v 0.19728 0.88578 -0.15295 0.38133 0.19462 0.08438
v 0.19728 0.88578 -0.15295 0.38133 0.19462 0.08438
v 0.19877 0.87010 -0.15595 0.38133 0.19462 0.08438
v 0.20720 0.88290 -0.14720 0.38133 0.19462 0.08438
v 0.19877 0.87010 -0.15595 0.38133 0.19462 0.08438
v 0.20875 0.87010 -0.14875 0.38133 0.19462 0.08438
v 0.20720 0.88290 -0.14720 0.38133 0.19462 0.08438
v -0.20875 0.87010 -0.14875 0.38133 0.19462 0.08438
v -0.20875 0.52690 -0.14875 0.38133 0.19462 0.08438
v -0.19877 0.87010 -0.15595 0.38133 0.19462 0.08438
v -0.20875 0.52690 -0.14875 0.38133 0.19462 0.08438
v -0.19877 0.52690 -0.15595 0.38133 0.19462 0.08438
v -0.19877 0.87010 -0.15595 0.38133 0.19462 0.08438
v -0.19877 0.87010 -0.15595 0.38133 0.19462 0.08438
v -0.19877 0.52690 -0.15595 0.38133 0.19462 0.08438
v -0.18160 0.87010 -0.16000 0.38133 0.19462 0.08438
v -0.19877 0.52690 -0.15595 0.38133 0.19462 0.08438
v -0.18160 0.52690 -0.16000 0.38133 0.19462 0.08438
v -0.18160 0.87010 -0.16000 0.38133 0.19462 0.08438
v -0.18160 0.87010 -0.16000 0.38133 0.19462 0.08438
v -0.18160 0.52690 -0.16000 0.38133 0.19462 0.08438
v 0.18160 0.87010 -0.16000 0.38133 0.19462 0.08438
v -0.18160 0.52690 -0.16000 0.38133 0.19462 0.08438
v 0.18160 0.52690 -0.16000 0.38133 0.19462 0.08438
v 0.18160 0.87010 -0.16000 0.38133 0.19462 0.08438
v 0.18160 0.87010 -0.16000 0.38133 0.19462 0.08438
v 0.18160 0.52690 -0.16000 0.38133 0.19462 0.08438
v 0.19877 0.87010 -0.15595 0.38133 0.19462 0.08438
v 0.18160 0.52690 -0.16000 0.38133 0.19462 0.08438
v 0.19877 0.52690 -0.15595 0.38133 0.19462 0.08438
v 0.19877 0.87010 -0.15595 0.38133 0.19462 0.08438
v 0.19877 0.87010 -0.15595 0.38133 0.19462 0.08438
v 0.19877 0.52690 -0.15595 0.38133 0.19462 0.08438
v 0.20875 0.87010 -0.14875 0.38133 0.19462 0.08438
v 0.19877 0.52690 -0.15595 0.38133 0.19462 0.08438
v 0.20875 0.52690 -0.14875 0.38133 0.19462 0.08438
v 0.20875 0.87010 -0.14875 0.38133 0.19462 0.08438
v -0.20875 0.52690 -0.14875 0.38133 0.19462 0.08438
v -0.20720 0.51410 -0.14720 0.38133 0.19462 0.08438
v -0.19877 0.52690 -0.15595 0.38133 0.19462 0.08438
v -0.20720 0.51410 -0.14720 0.38133 0.19462 0.08438
v -0.19728 0.51122 -0.15295 0.38133 0.19462 0.08438
v -0.19877 0.52690 -0.15595 0.38133 0.19462 0.08438
v -0.19877 0.52690 -0.15595 0.38133 0.19462 0.08438
v -0.19728 0.51122 -0.15295 0.38133 0.19462 0.08438
v -0.18160 0.52690 -0.16000 0.38133 0.19462 0.08438
v -0.19728 0.51122 -0.15295 0.38133 0.19462 0.08438
v -0.18160 0.50973 -0.15595 0.38133 0.19462 0.08438
v -0.18160 0.52690 -0.16000 0.38133 0.19462 0.08438
v -0.18160 0.52690 -0.16000 0.38133 0.19462 0.08438
v -0.18160 0.50973 -0.15595 0.38133 0.19462 0.08438
v 0.18160 0.52690 -0.16000 0.38133 0.19462 0.08438
v -0.18160 0.50973 -0.15595 0.38133 0.19462 0.08438
v 0.18160 0.50973 -0.15595 0.38133 0.19462 0.08438
v 0.18160 0.52690 -0.16000 0.38133 0.19462 0.08438
v 0.18160 0.52690 -0.16000 0.38133 0.19462 0.08438
v 0.18160 0.50973 -0.15595 0.38133 0.19462 0.08438
v 0.19877 0.52690 -0.15595 0.38133 0.19462 0.08438
v 0.18160 0.50973 -0.15595 0.38133 0.19462 0.08438
v 0.19728 0.51122 -0.15295 0.38133 0.19462 0.08438
v 0.19877 0.52690 -0.15595 0.38133 0.19462 0.08438
v 0.19877 0.52690 -0.15595 0.38133 0.19462 0.08438
v 0.19728 0.51122 -0.15295 0.38133 0.19462 0.08438
v 0.20875 0.52690 -0.14875 0.38133 0.19462 0.08438
v 0.19728 0.51122 -0.15295 0.38133 0.19462 0.08438
v 0.20720 0.51410 -0.14720 0.38133 0.19462 0.08438
v 0.20875 0.52690 -0.14875 0.38133 0.19462 0.08438
v -0.20720 0.51410 -0.14720 0.38133 0.19462 0.08438
v -0.20377 0.50473 -0.14377 0.38133 0.19462 0.08438
v -0.19728 0.51122 -0.15295 0.38133 0.19462 0.08438
v -0.20377 0.50473 -0.14377 0.38133 0.19462 0.08438
v -0.19440 0.50130 -0.14720 0.38133 0.19462 0.08438
v -0.19728 0.51122 -0.15295 0.38133 0.19462 0.08438
v -0.19728 0.51122 -0.15295 0.38133 0.19462 0.08438
v -0.19440 0.50130 -0.14720 0.38133 0.19462 0.08438
v -0.18160 0.50973 -0.15595 0.38133 0.19462 0.08438
v -0.19440 0.50130 -0.14720 0.38133 0.19462 0.08438
v -0.18160 0.49975 -0.14875 0.38133 0.19462 0.08438
v -0.18160 0.50973 -0.15595 0.38133 0.19462 0.08438
v -0.18160 0.50973 -0.15595 0.38133 0.19462 0.08438
v -0.18160 0.49975 -0.14875 0.38133 0.19462 0.08438
v 0.18160 0.50973 -0.15595 0.38133 0.19462 0.08438
v -0.18160 0.49975 -0.14875 0.38133 0.19462 0.08438
v 0.18160 0.49975 -0.14875 0.38133 0.19462 0.08438
v 0.18160 0.50973 -0.15595 0.38133 0.19462 0.08438
v 0.18160 0.50973 -0.15595 0.38133 0.19462 0.08438
v 0.18160 0.49975 -0.14875 0.38133 0.19462 0.08438
v 0.19728 0.51122 -0.15295 0.38133 0.19462 0.08438
v 0.18160 0.49975 -0.14875 0.38133 0.19462 0.08438
v 0.19440 0.50130 -0.14720 0.38133 0.19462 0.08438
v 0.19728 0.51122 -0.15295 0.38133 0.19462 0.08438
v 0.19728 0.51122 -0.15295 0.38133 0.19462 0.08438
v 0.19440 0.50130 -0.14720 0.38133 0.19462 0.08438
v 0.20720 0.51410 -0.14720 0.38133 0.19462 0.08438
v 0.19440 0.50130 -0.14720 0.38133 0.19462 0.08438
v 0.20377 0.50473 -0.14377 0.38133 0.19462 0.08438
v 0.20720 0.51410 -0.14720 0.38133 0.19462 0.08438
v -0.22269 0.85059 0.18109 0.38133 0.19462 0.08438
v -0.22584 0.84198 0.18424 0.38133 0.19462 0.08438
v -0.22584 0.85374 0.17248 0.38133 0.19462 0.08438
v -0.22584 0.84198 0.18424 0.38133 0.19462 0.08438
v -0.23113 0.84462 0.17512 0.38133 0.19462 0.08438
v -0.22584 0.85374 0.17248 0.38133 0.19462 0.08438
v -0.22584 0.85374 0.17248 0.38133 0.19462 0.08438
v -0.23113 0.84462 0.17512 0.38133 0.19462 0.08438
v -0.22727 0.85517 0.16072 0.38133 0.19462 0.08438
v -0.23113 0.84462 0.17512 0.38133 0.19462 0.08438
v -0.23388 0.84600 0.16072 0.38133 0.19462 0.08438
v -0.22727 0.85517 0.16072 0.38133 0.19462 0.08438
v -0.22727 0.85517 0.16072 0.38133 0.19462 0.08438
v -0.23388 0.84600 0.16072 0.38133 0.19462 0.08438
v -0.22727 0.85517 -0.12072 0.38133 0.19462 0.08438
v -0.23388 0.84600 0.16072 0.38133 0.19462 0.08438
v -0.23388 0.84600 -0.12072 0.38133 0.19462 0.08438
v -0.22727 0.85517 -0.12072 0.38133 0.19462 0.08438
v -0.22727 0.85517 -0.12072 0.38133 0.19462 0.08438
v -0.23388 0.84600 -0.12072 0.38133 0.19462 0.08438
v -0.22584 0.85374 -0.13248 0.38133 0.19462 0.08438
v -0.23388 0.84600 -0.12072 0.38133 0.19462 0.08438
v -0.23113 0.84462 -0.13512 0.38133 0.19462 0.08438
v -0.22584 0.85374 -0.13248 0.38133 0.19462 0.08438
v -0.22584 0.85374 -0.13248 0.38133 0.19462 0.08438
v -0.23113 0.84462 -0.13512 0.38133 0.19462 0.08438
v -0.22269 0.85059 -0.14109 0.38133 0.19462 0.08438
v -0.23113 0.84462 -0.13512 0.38133 0.19462 0.08438
v -0.22584 0.84198 -0.14424 0.38133 0.19462 0.08438
v -0.22269 0.85059 -0.14109 0.38133 0.19462 0.08438
v -0.22584 0.84198 0.18424 0.38133 0.19462 0.08438
v -0.22727 0.83022 0.18567 0.38133 0.19462 0.08438
v -0.23113 0.84462 0.17512 0.38133 0.19462 0.08438
v -0.22727 0.83022 0.18567 0.38133 0.19462 0.08438
v -0.23388 0.83022 0.17650 0.38133 0.19462 0.08438
v -0.23113 0.84462 0.17512 0.38133 0.19462 0.08438
v -0.23113 0.84462 0.17512 0.38133 0.19462 0.08438
v -0.23388 0.83022 0.17650 0.38133 0.19462 0.08438
v -0.23388 0.84600 0.16072 0.38133 0.19462 0.08438
v -0.23388 0.83022 0.17650 0.38133 0.19462 0.08438
v -0.23760 0.83022 0.16072 0.38133 0.19462 0.08438
v -0.23388 0.84600 0.16072 0.38133 0.19462 0.08438
v -0.23388 0.84600 0.16072 0.38133 0.19462 0.08438
v -0.23760 0.83022 0.16072 0.38133 0.19462 0.08438
v -0.23388 0.84600 -0.12072 0.38133 0.19462 0.08438
v -0.23760 0.83022 0.16072 0.38133 0.19462 0.08438
v -0.23760 0.83022 -0.12072 0.38133 0.19462 0.08438
v -0.23388 0.84600 -0.12072 0.38133 0.19462 0.08438
v -0.23388 0.84600 -0.12072 0.38133 0.19462 0.08438
v -0.23760 0.83022 -0.12072 0.38133 0.19462 0.08438
v -0.23113 0.84462 -0.13512 0.38133 0.19462 0.08438
v -0.23760 0.83022 -0.12072 0.38133 0.19462 0.08438
v -0.23388 0.83022 -0.13650 0.38133 0.19462 0.08438
v -0.23113 0.84462 -0.13512 0.38133 0.19462 0.08438
v -0.23113 0.84462 -0.13512 0.38133 0.19462 0.08438
v -0.23388 0.83022 -0.13650 0.38133 0.19462 0.08438
v -0.22584 0.84198 -0.14424 0.38133 0.19462 0.08438
v -0.23388 0.83022 -0.13650 0.38133 0.19462 0.08438
v -0.22727 0.83022 -0.14567 0.38133 0.19462 0.08438
v -0.22584 0.84198 -0.14424 0.38133 0.19462 0.08438
v -0.22727 0.83022 0.18567 0.38133 0.19462 0.08438
v -0.22727 0.60678 0.18567 0.38133 0.19462 0.08438
v -0.23388 0.83022 0.17650 0.38133 0.19462 0.08438
v -0.22727 0.60678 0.18567 0.38133 0.19462 0.08438
v -0.23388 0.60678 0.17650 0.38133 0.19462 0.08438
v -0.23388 0.83022 0.17650 0.38133 0.19462 0.08438
v -0.23388 0.83022 0.17650 0.38133 0.19462 0.08438
v -0.23388 0.60678 0.17650 0.38133 0.19462 0.08438
v -0.23760 0.83022 0.16072 0.38133 0.19462 0.08438
v -0.23388 0.60678 0.17650 0.38133 0.19462 0.08438
v -0.23760 0.60678 0.16072 0.38133 0.19462 0.08438
v -0.23760 0.83022 0.16072 0.38133 0.19462 0.08438
v -0.23760 0.83022 0.16072 0.38133 0.19462 0.08438
v -0.23760 0.60678 0.16072 0.38133 0.19462 0.08438
v -0.23760 0.83022 -0.12072 0.38133 0.19462 0.08438
v -0.23760 0.60678 0.16072 0.38133 0.19462 0.08438
v -0.23760 0.60678 -0.12072 0.38133 0.19462 0.08438
v -0.23760 0.83022 -0.12072 0.38133 0.19462 0.08438
v -0.23760 0.83022 -0.12072 0.38133 0.19462 0.08438
v -0.23760 0.60678 -0.12072 0.38133 0.19462 0.08438
v -0.23388 0.83022 -0.13650 0.38133 0.19462 0.08438
v -0.23760 0.60678 -0.12072 0.38133 0.19462 0.08438
v -0.23388 0.60678 -0.13650 0.38133 0.19462 0.08438
v -0.23388 0.83022 -0.13650 0.38133 0.19462 0.08438
v -0.23388 0.83022 -0.13650 0.38133 0.19462 0.08438
v -0.23388 0.60678 -0.13650 0.38133 0.19462 0.08438
v -0.22727 0.83022 -0.14567 0.38133 0.19462 0.08438
v -0.23388 0.60678 -0.13650 0.38133 0.19462 0.08438
v -0.22727 0.60678 -0.14567 0.38133 0.19462 0.08438
v -0.22727 0.83022 -0.14567 0.38133 0.19462 0.08438
v -0.22727 0.60678 0.18567 0.38133 0.19462 0.08438
v -0.22584 0.59502 0.18424 0.38133 0.19462 0.08438
v -0.23388 0.60678 0.17650 0.38133 0.19462 0.08438
v -0.22584 0.59502 0.18424 0.38133 0.19462 0.08438
v -0.23113 0.59238 0.17512 0.38133 0.19462 0.08438
v -0.23388 0.60678 0.17650 0.38133 0.19462 0.08438
v -0.23388 0.60678 0.17650 0.38133 0.19462 0.08438
v -0.23113 0.59238 0.17512 0.38133 0.19462 0.08438
v -0.23760 0.60678 0.16072 0.38133 0.19462 0.08438
v -0.23113 0.59238 0.17512 0.38133 0.19462 0.08438
v -0.23388 0.59100 0.16072 0.38133 0.19462 0.08438
v -0.23760 0.60678 0.16072 0.38133 0.19462 0.08438
v -0.23760 0.60678 0.16072 0.38133 0.19462 0.08438
v -0.23388 0.59100 0.16072 0.38133 0.19462 0.08438
v -0.23760 0.60678 -0.12072 0.38133 0.19462 0.08438
v -0.23388 0.59100 0.16072 0.38133 0.19462 0.08438
v -0.23388 0.59100 -0.12072 0.38133 0.19462 0.08438
v -0.23760 0.60678 -0.12072 0.38133 0.19462 0.08438
v -0.23760 0.60678 -0.12072 0.38133 0.19462 0.08438
v -0.23388 0.59100 -0.12072 0.38133 0.19462 0.08438
v -0.23388 0.60678 -0.13650 0.38133 0.19462 0.08438
v -0.23388 0.59100 -0.12072 0.38133 0.19462 0.08438
v -0.23113 0.59238 -0.13512 0.38133 0.19462 0.08438
v -0.23388 0.60678 -0.13650 0.38133 0.19462 0.08438
v -0.23388 0.60678 -0.13650 0.38133 0.19462 0.08438
v -0.23113 0.59238 -0.13512 0.38133 0.19462 0.08438
v -0.22727 0.60678 -0.14567 0.38133 0.19462 0.08438
v -0.23113 0.59238 -0.13512 0.38133 0.19462 0.08438
v -0.22584 0.59502 -0.14424 0.38133 0.19462 0.08438
v -0.22727 0.60678 -0.14567 0.38133 0.19462 0.08438
v -0.22584 0.59502 0.18424 0.38133 0.19462 0.08438
v -0.22269 0.58641 0.18109 0.38133 0.19462 0.08438
v -0.23113 0.59238 0.17512 0.38133 0.19462 0.08438
v -0.22269 0.58641 0.18109 0.38133 0.19462 0.08438
v -0.22584 0.58326 0.17248 0.38133 0.19462 0.08438
v -0.23113 0.59238 0.17512 0.38133 0.19462 0.08438
v -0.23113 0.59238 0.17512 0.38133 0.19462 0.08438
v -0.22584 0.58326 0.17248 0.38133 0.19462 0.08438
v -0.23388 0.59100 0.16072 0.38133 0.19462 0.08438
v -0.22584 0.58326 0.17248 0.38133 0.19462 0.08438
v -0.22727 0.58183 0.16072 0.38133 0.19462 0.08438
v -0.23388 0.59100 0.16072 0.38133 0.19462 0.08438
v -0.23388 0.59100 0.16072 0.38133 0.19462 0.08438
v -0.22727 0.58183 0.16072 0.38133 0.19462 0.08438
v -0.23388 0.59100 -0.12072 0.38133 0.19462 0.08438
v -0.22727 0.58183 0.16072 0.38133 0.19462 0.08438
v -0.22727 0.58183 -0.12072 0.38133 0.19462 0.08438
v -0.23388 0.59100 -0.12072 0.38133 0.19462 0.08438
v -0.23388 0.59100 -0.12072 0.38133 0.19462 0.08438
v -0.22727 0.58183 -0.12072 0.38133 0.19462 0.08438
v -0.23113 0.59238 -0.13512 0.38133 0.19462 0.08438
v -0.22727 0.58183 -0.12072 0.38133 0.19462 0.08438
v -0.22584 0.58326 -0.13248 0.38133 0.19462 0.08438
v -0.23113 0.59238 -0.13512 0.38133 0.19462 0.08438
v -0.23113 0.59238 -0.13512 0.38133 0.19462 0.08438
v -0.22584 0.58326 -0.13248 0.38133 0.19462 0.08438
v -0.22584 0.59502 -0.14424 0.38133 0.19462 0.08438
v -0.22584 0.58326 -0.13248 0.38133 0.19462 0.08438
v -0.22269 0.58641 -0.14109 0.38133 0.19462 0.08438
v -0.22584 0.59502 -0.14424 0.38133 0.19462 0.08438
v 0.22269 0.85059 -0.14109 0.38133 0.19462 0.08438
v 0.22584 0.84198 -0.14424 0.38133 0.19462 0.08438
v 0.22584 0.85374 -0.13248 0.38133 0.19462 0.08438
v 0.22584 0.84198 -0.14424 0.38133 0.19462 0.08438
v 0.23113 0.84462 -0.13512 0.38133 0.19462 0.08438
v 0.22584 0.85374 -0.13248 0.38133 0.19462 0.08438
v 0.22584 0.85374 -0.13248 0.38133 0.19462 0.08438
v 0.23113 0.84462 -0.13512 0.38133 0.19462 0.08438
v 0.22727 0.85517 -0.12072 0.38133 0.19462 0.08438
v 0.23113 0.84462 -0.13512 0.38133 0.19462 0.08438
v 0.23388 0.84600 -0.12072 0.38133 0.19462 0.08438
v 0.22727 0.85517 -0.12072 0.38133 0.19462 0.08438
v 0.22727 0.85517 -0.12072 0.38133 0.19462 0.08438
v 0.23388 0.84600 -0.12072 0.38133 0.19462 0.08438
v 0.22727 0.85517 0.16072 0.38133 0.19462 0.08438
v 0.23388 0.84600 -0.12072 0.38133 0.19462 0.08438
v 0.23388 0.84600 0.16072 0.38133 0.19462 0.08438
v 0.22727 0.85517 0.16072 0.38133 0.19462 0.08438
v 0.22727 0.85517 0.16072 0.38133 0.19462 0.08438
v 0.23388 0.84600 0.16072 0.38133 0.19462 0.08438
v 0.22584 0.85374 0.17248 0.38133 0.19462 0.08438
v 0.23388 0.84600 0.16072 0.38133 0.19462 0.08438
v 0.23113 0.84462 0.17512 0.38133 0.19462 0.08438
v 0.22584 0.85374 0.17248 0.38133 0.19462 0.08438
v 0.22584 0.85374 0.17248 0.38133 0.19462 0.08438
v 0.23113 0.84462 0.17512 0.38133 0.19462 0.08438
v 0.22269 0.85059 0.18109 0.38133 0.19462 0.08438
v 0.23113 0.84462 0.17512 0.38133 0.19462 0.08438
v 0.22584 0.84198 0.18424 0.38133 0.19462 0.08438
v 0.22269 0.85059 0.18109 0.38133 0.19462 0.08438
v 0.22584 0.84198 -0.14424 0.38133 0.19462 0.08438
v 0.22727 0.83022 -0.14567 0.38133 0.19462 0.08438
v 0.23113 0.84462 -0.13512 0.38133 0.19462 0.08438
v 0.22727 0.83022 -0.14567 0.38133 0.19462 0.08438
v 0.23388 0.83022 -0.13650 0.38133 0.19462 0.08438
v 0.23113 0.84462 -0.13512 0.38133 0.19462 0.08438
v 0.23113 0.84462 -0.13512 0.38133 0.19462 0.08438
v 0.23388 0.83022 -0.13650 0.38133 0.19462 0.08438
v 0.23388 0.84600 -0.12072 0.38133 0.19462 0.08438
v 0.23388 0.83022 -0.13650 0.38133 0.19462 0.08438
v 0.23760 0.83022 -0.12072 0.38133 0.19462 0.08438
v 0.23388 0.84600 -0.12072 0.38133 0.19462 0.08438
v 0.23388 0.84600 -0.12072 0.38133 0.19462 0.08438
v 0.23760 0.83022 -0.12072 0.38133 0.19462 0.08438
v 0.23388 0.84600 0.16072 0.38133 0.19462 0.08438
v 0.23760 0.83022 -0.12072 0.38133 0.19462 0.08438
v 0.23760 0.83022 0.16072 0.38133 0.19462 0.08438
v 0.23388 0.84600 0.16072 0.38133 0.19462 0.08438
v 0.23388 0.84600 0.16072 0.38133 0.19462 0.08438
v 0.23760 0.83022 0.16072 0.38133 0.19462 0.08438
v 0.23113 0.84462 0.17512 0.38133 0.19462 0.08438
v 0.23760 0.83022 0.16072 0.38133 0.19462 0.08438
v 0.23388 0.83022 0.17650 0.38133 0.19462 0.08438
v 0.23113 0.84462 0.17512 0.38133 0.19462 0.08438
v 0.23113 0.84462 0.17512 0.38133 0.19462 0.08438
v 0.23388 0.83022 0.17650 0.38133 0.19462 0.08438
v 0.22584 0.84198 0.18424 0.38133 0.19462 0.08438
v 0.23388 0.83022 0.17650 0.38133 0.19462 0.08438
v 0.22727 0.83022 0.18567 0.38133 0.19462 0.08438
v 0.22584 0.84198 0.18424 0.38133 0.19462 0.08438
v 0.22727 0.83022 -0.14567 0.38133 0.19462 0.08438
v 0.22727 0.60678 -0.14567 0.38133 0.19462 0.08438
v 0.23388 0.83022 -0.13650 0.38133 0.19462 0.08438
v 0.22727 0.60678 -0.14567 0.38133 0.19462 0.08438
v 0.23388 0.60678 -0.13650 0.38133 0.19462 0.08438
v 0.23388 0.83022 -0.13650 0.38133 0.19462 0.08438
v 0.23388 0.83022 -0.13650 0.38133 0.19462 0.08438
v 0.23388 0.60678 -0.13650 0.38133 0.19462 0.08438
v 0.23760 0.83022 -0.12072 0.38133 0.19462 0.08438
v 0.23388 0.60678 -0.13650 0.38133 0.19462 0.08438
v 0.23760 0.60678 -0.12072 0.38133 0.19462 0.08438
v 0.23760 0.83022 -0.12072 0.38133 0.19462 0.08438
v 0.23760 0.83022 -0.12072 0.38133 0.19462 0.08438
v 0.23760 0.60678 -0.12072 0.38133 0.19462 0.08438
v 0.23760 0.83022 0.16072 0.38133 0.19462 0.08438
v 0.23760 0.60678 -0.12072 0.38133 0.19462 0.08438
v 0.23760 0.60678 0.16072 0.38133 0.19462 0.08438
v 0.23760 0.83022 0.16072 0.38133 0.19462 0.08438
v 0.23760 0.83022 0.16072 0.38133 0.19462 0.08438
v 0.23760 0.60678 0.16072 0.38133 0.19462 0.08438
v 0.23388 0.83022 0.17650 0.38133 0.19462 0.08438
v 0.23760 0.60678 0.16072 0.38133 0.19462 0.08438
v 0.23388 0.60678 0.17650 0.38133 0.19462 0.08438
v 0.23388 0.83022 0.17650 0.38133 0.19462 0.08438
v 0.23388 0.83022 0.17650 0.38133 0.19462 0.08438
v 0.23388 0.60678 0.17650 0.38133 0.19462 0.08438
v 0.22727 0.83022 0.18567 0.38133 0.19462 0.08438
v 0.23388 0.60678 0.17650 0.38133 0.19462 0.08438
v 0.22727 0.60678 0.18567 0.38133 0.19462 0.08438
v 0.22727 0.83022 0.18567 0.38133 0.19462 0.08438
v 0.22727 0.60678 -0.14567 0.38133 0.19462 0.08438
v 0.22584 0.59502 -0.14424 0.38133 0.19462 0.08438
v 0.23388 0.60678 -0.13650 0.38133 0.19462 0.08438
v 0.22584 0.59502 -0.14424 0.38133 0.19462 0.08438
v 0.23113 0.59238 -0.13512 0.38133 0.19462 0.08438
v 0.23388 0.60678 -0.13650 0.38133 0.19462 0.08438
v 0.23388 0.60678 -0.13650 0.38133 0.19462 0.08438
v 0.23113 0.59238 -0.13512 0.38133 0.19462 0.08438
v 0.23760 0.60678 -0.12072 0.38133 0.19462 0.08438
v 0.23113 0.59238 -0.13512 0.38133 0.19462 0.08438
v 0.23388 0.59100 -0.12072 0.38133 0.19462 0.08438
v 0.23760 0.60678 -0.12072 0.38133 0.19462 0.08438
v 0.23760 0.60678 -0.12072 0.38133 0.19462 0.08438
v 0.23388 0.59100 -0.12072 0.38133 0.19462 0.08438
v 0.23760 0.60678 0.16072 0.38133 0.19462 0.08438
v 0.23388 0.59100 -0.12072 0.38133 0.19462 0.08438
v 0.23388 0.59100 0.16072 0.38133 0.19462 0.08438
v 0.23760 0.60678 0.16072 0.38133 0.19462 0.08438
v 0.23760 0.60678 0.16072 0.38133 0.19462 0.08438
v 0.23388 0.59100 0.16072 0.38133 0.19462 0.08438
v 0.23388 0.60678 0.17650 0.38133 0.19462 0.08438
v 0.23388 0.59100 0.16072 0.38133 0.19462 0.08438
v 0.23113 0.59238 0.17512 0.38133 0.19462 0.08438
v 0.23388 0.60678 0.17650 0.38133 0.19462 0.08438
v 0.23388 0.60678 0.17650 0.38133 0.19462 0.08438
v 0.23113 0.59238 0.17512 0.38133 0.19462 0.08438
v 0.22727 0.60678 0.18567 0.38133 0.19462 0.08438
v 0.23113 0.59238 0.17512 0.38133 0.19462 0.08438
v 0.22584 0.59502 0.18424 0.38133 0.19462 0.08438
v 0.22727 0.60678 0.18567 0.38133 0.19462 0.08438
v 0.22584 0.59502 -0.14424 0.38133 0.19462 0.08438
v 0.22269 0.58641 -0.14109 0.38133 0.19462 0.08438
v 0.23113 0.59238 -0.13512 0.38133 0.19462 0.08438
v 0.22269 0.58641 -0.14109 0.38133 0.19462 0.08438
v 0.22584 0.58326 -0.13248 0.38133 0.19462 0.08438
v 0.23113 0.59238 -0.13512 0.38133 0.19462 0.08438
v 0.23113 0.59238 -0.13512 0.38133 0.19462 0.08438
v 0.22584 0.58326 -0.13248 0.38133 0.19462 0.08438
v 0.23388 0.59100 -0.12072 0.38133 0.19462 0.08438
v 0.22584 0.58326 -0.13248 0.38133 0.19462 0.08438
v 0.22727 0.58183 -0.12072 0.38133 0.19462 0.08438
v 0.23388 0.59100 -0.12072 0.38133 0.19462 0.08438
v 0.23388 0.59100 -0.12072 0.38133 0.19462 0.08438
v 0.22727 0.58183 -0.12072 0.38133 0.19462 0.08438
v 0.23388 0.59100 0.16072 0.38133 0.19462 0.08438
v 0.22727 0.58183 -0.12072 0.38133 0.19462 0.08438
v 0.22727 0.58183 0.16072 0.38133 0.19462 0.08438
v 0.23388 0.59100 0.16072 0.38133 0.19462 0.08438
v 0.23388 0.59100 0.16072 0.38133 0.19462 0.08438
v 0.22727 0.58183 0.16072 0.38133 0.19462 0.08438
v 0.23113 0.59238 0.17512 0.38133 0.19462 0.08438
v 0.22727 0.58183 0.16072 0.38133 0.19462 0.08438
v 0.22584 0.58326 0.17248 0.38133 0.19462 0.08438
v 0.23113 0.59238 0.17512 0.38133 0.19462 0.08438
v 0.23113 0.59238 0.17512 0.38133 0.19462 0.08438
v 0.22584 0.58326 0.17248 0.38133 0.19462 0.08438
v 0.22584 0.59502 0.18424 0.38133 0.19462 0.08438
v 0.22584 0.58326 0.17248 0.38133 0.19462 0.08438
v 0.22269 0.58641 0.18109 0.38133 0.19462 0.08438
v 0.22584 0.59502 0.18424 0.38133 0.19462 0.08438
v 0.22269 0.85059 -0.14109 0.38133 0.19462 0.08438
v 0.22584 0.85374 -0.13248 0.38133 0.19462 0.08438
v 0.21408 0.85374 -0.14424 0.38133 0.19462 0.08438
v 0.22584 0.85374 -0.13248 0.38133 0.19462 0.08438
v 0.21672 0.85903 -0.13512 0.38133 0.19462 0.08438
v 0.21408 0.85374 -0.14424 0.38133 0.19462 0.08438
v 0.21408 0.85374 -0.14424 0.38133 0.19462 0.08438
v 0.21672 0.85903 -0.13512 0.38133 0.19462 0.08438
v 0.20232 0.85517 -0.14567 0.38133 0.19462 0.08438
v 0.21672 0.85903 -0.13512 0.38133 0.19462 0.08438
v 0.20232 0.86178 -0.13650 0.38133 0.19462 0.08438
v 0.20232 0.85517 -0.14567 0.38133 0.19462 0.08438
v 0.20232 0.85517 -0.14567 0.38133 0.19462 0.08438
v 0.20232 0.86178 -0.13650 0.38133 0.19462 0.08438
v -0.20232 0.85517 -0.14567 0.38133 0.19462 0.08438
v 0.20232 0.86178 -0.13650 0.38133 0.19462 0.08438
v -0.20232 0.86178 -0.13650 0.38133 0.19462 0.08438
v -0.20232 0.85517 -0.14567 0.38133 0.19462 0.08438
v -0.20232 0.85517 -0.14567 0.38133 0.19462 0.08438
v -0.20232 0.86178 -0.13650 0.38133 0.19462 0.08438
v -0.21408 0.85374 -0.14424 0.38133 0.19462 0.08438
v -0.20232 0.86178 -0.13650 0.38133 0.19462 0.08438
v -0.21672 0.85903 -0.13512 0.38133 0.19462 0.08438
v -0.21408 0.85374 -0.14424 0.38133 0.19462 0.08438
v -0.21408 0.85374 -0.14424 0.38133 0.19462 0.08438
v -0.21672 0.85903 -0.13512 0.38133 0.19462 0.08438
v -0.22269 0.85059 -0.14109 0.38133 0.19462 0.08438
v -0.21672 0.85903 -0.13512 0.38133 0.19462 0.08438
v -0.22584 0.85374 -0.13248 0.38133 0.19462 0.08438
v -0.22269 0.85059 -0.14109 0.38133 0.19462 0.08438
v 0.22584 0.85374 -0.13248 0.38133 0.19462 0.08438
v 0.22727 0.85517 -0.12072 0.38133 0.19462 0.08438
v 0.21672 0.85903 -0.13512 0.38133 0.19462 0.08438
v 0.22727 0.85517 -0.12072 0.38133 0.19462 0.08438
v 0.21810 0.86178 -0.12072 0.38133 0.19462 0.08438
v 0.21672 0.85903 -0.13512 0.38133 0.19462 0.08438
v 0.21672 0.85903 -0.13512 0.38133 0.19462 0.08438
v 0.21810 0.86178 -0.12072 0.38133 0.19462 0.08438
v 0.20232 0.86178 -0.13650 0.38133 0.19462 0.08438
v 0.21810 0.86178 -0.12072 0.38133 0.19462 0.08438
v 0.20232 0.86550 -0.12072 0.38133 0.19462 0.08438
v 0.20232 0.86178 -0.13650 0.38133 0.19462 0.08438
v 0.20232 0.86178 -0.13650 0.38133 0.19462 0.08438
v 0.20232 0.86550 -0.12072 0.38133 0.19462 0.08438
v -0.20232 0.86178 -0.13650 0.38133 0.19462 0.08438
v 0.20232 0.86550 -0.12072 0.38133 0.19462 0.08438
v -0.20232 0.86550 -0.12072 0.38133 0.19462 0.08438
v -0.20232 0.86178 -0.13650 0.38133 0.19462 0.08438
v -0.20232 0.86178 -0.13650 0.38133 0.19462 0.08438
v -0.20232 0.86550 -0.12072 0.38133 0.19462 0.08438
v -0.21672 0.85903 -0.13512 0.38133 0.19462 0.08438
v -0.20232 0.86550 -0.12072 0.38133 0.19462 0.08438
v -0.21810 0.86178 -0.12072 0.38133 0.19462 0.08438
v -0.21672 0.85903 -0.13512 0.38133 0.19462 0.08438
v -0.21672 0.85903 -0.13512 0.38133 0.19462 0.08438
v -0.21810 0.86178 -0.12072 0.38133 0.19462 0.08438
v -0.22584 0.85374 -0.13248 0.38133 0.19462 0.08438
v -0.21810 0.86178 -0.12072 0.38133 0.19462 0.08438
v -0.22727 0.85517 -0.12072 0.38133 0.19462 0.08438
v -0.22584 0.85374 -0.13248 0.38133 0.19462 0.08438
v 0.22727 0.85517 -0.12072 0.38133 0.19462 0.08438
v 0.22727 0.85517 0.16072 0.38133 0.19462 0.08438
v 0.21810 0.86178 -0.12072 0.38133 0.19462 0.08438
v 0.22727 0.85517 0.16072 0.38133 0.19462 0.08438
v 0.21810 0.86178 0.16072 0.38133 0.19462 0.08438
v 0.21810 0.86178 -0.12072 0.38133 0.19462 0.08438
v 0.21810 0.86178 -0.12072 0.38133 0.19462 0.08438
v 0.21810 0.86178 0.16072 0.38133 0.19462 0.08438
v 0.20232 0.86550 -0.12072 0.38133 0.19462 0.08438
v 0.21810 0.86178 0.16072 0.38133 0.19462 0.08438
v 0.20232 0.86550 0.16072 0.38133 0.19462 0.08438
v 0.20232 0.86550 -0.12072 0.38133 0.19462 0.08438
v 0.20232 0.86550 -0.12072 0.38133 0.19462 0.08438
v 0.20232 0.86550 0.16072 0.38133 0.19462 0.08438
v -0.20232 0.86550 -0.12072 0.38133 0.19462 0.08438
v 0.20232 0.86550 0.16072 0.38133 0.19462 0.08438
v -0.20232 0.86550 0.16072 0.38133 0.19462 0.08438
v -0.20232 0.86550 -0.12072 0.38133 0.19462 0.08438
v -0.20232 0.86550 -0.12072 0.38133 0.19462 0.08438
v -0.20232 0.86550 0.16072 0.38133 0.19462 0.08438
v -0.21810 0.86178 -0.12072 0.38133 0.19462 0.08438
v -0.20232 0.86550 0.16072 0.38133 0.19462 0.08438
v -0.21810 0.86178 0.16072 0.38133 0.19462 0.08438
v -0.21810 0.86178 -0.12072 0.38133 0.19462 0.08438
v -0.21810 0.86178 -0.12072 0.38133 0.19462 0.08438
v -0.21810 0.86178 0.16072 0.38133 0.19462 0.08438
v -0.22727 0.85517 -0.12072 0.38133 0.19462 0.08438
v -0.21810 0.86178 0.16072 0.38133 0.19462 0.08438
v -0.22727 0.85517 0.16072 0.38133 0.19462 0.08438
v -0.22727 0.85517 -0.12072 0.38133 0.19462 0.08438
v 0.22727 0.85517 0.16072 0.38133 0.19462 0.08438
v 0.22584 0.85374 0.17248 0.38133 0.19462 0.08438
v 0.21810 0.86178 0.16072 0.38133 0.19462 0.08438
v 0.22584 0.85374 0.17248 0.38133 0.19462 0.08438
v 0.21672 0.85903 0.17512 0.38133 0.19462 0.08438
v 0.21810 0.86178 0.16072 0.38133 0.19462 0.08438
v 0.21810 0.86178 0.16072 0.38133 0.19462 0.08438
v 0.21672 0.85903 0.17512 0.38133 0.19462 0.08438
v 0.20232 0.86550 0.16072 0.38133 0.19462 0.08438
v 0.21672 0.85903 0.17512 0.38133 0.19462 0.08438
v 0.20232 0.86178 0.17650 0.38133 0.19462 0.08438
v 0.20232 0.86550 0.16072 0.38133 0.19462 0.08438
v 0.20232 0.86550 0.16072 0.38133 0.19462 0.08438
v 0.20232 0.86178 0.17650 0.38133 0.19462 0.08438
v -0.20232 0.86550 0.16072 0.38133 0.19462 0.08438
v 0.20232 0.86178 0.17650 0.38133 0.19462 0.08438
v -0.20232 0.86178 0.17650 0.38133 0.19462 0.08438
v -0.20232 0.86550 0.16072 0.38133 0.19462 0.08438
v -0.20232 0.86550 0.16072 0.38133 0.19462 0.08438
v -0.20232 0.86178 0.17650 0.38133 0.19462 0.08438
v -0.21810 0.86178 0.16072 0.38133 0.19462 0.08438
v -0.20232 0.86178 0.17650 0.38133 0.19462 0.08438
v -0.21672 0.85903 0.17512 0.38133 0.19462 0.08438
v -0.21810 0.86178 0.16072 0.38133 0.19462 0.08438
v -0.21810 0.86178 0.16072 0.38133 0.19462 0.08438
v -0.21672 0.85903 0.17512 0.38133 0.19462 0.08438
v -0.22727 0.85517 0.16072 0.38133 0.19462 0.08438
v -0.21672 0.85903 0.17512 0.38133 0.19462 0.08438
v -0.22584 0.85374 0.17248 0.38133 0.19462 0.08438
v -0.22727 0.85517 0.16072 0.38133 0.19462 0.08438
v 0.22584 0.85374 0.17248 0.38133 0.19462 0.08438
v 0.22269 0.85059 0.18109 0.38133 0.19462 0.08438
v 0.21672 0.85903 0.17512 0.38133 0.19462 0.08438
v 0.22269 0.85059 0.18109 0.38133 0.19462 0.08438
v 0.21408 0.85374 0.18424 0.38133 0.19462 0.08438
v 0.21672 0.85903 0.17512 0.38133 0.19462 0.08438
v 0.21672 0.85903 0.17512 0.38133 0.19462 0.08438
v 0.21408 0.85374 0.18424 0.38133 0.19462 0.08438
v 0.20232 0.86178 0.17650 0.38133 0.19462 0.08438
v 0.21408 0.85374 0.18424 0.38133 0.19462 0.08438
v 0.20232 0.85517 0.18567 0.38133 0.19462 0.08438
v 0.20232 0.86178 0.17650 0.38133 0.19462 0.08438
v 0.20232 0.86178 0.17650 0.38133 0.19462 0.08438
v 0.20232 0.85517 0.18567 0.38133 0.19462 0.08438
v -0.20232 0.86178 0.17650 0.38133 0.19462 0.08438
v 0.20232 0.85517 0.18567 0.38133 0.19462 0.08438
v -0.20232 0.85517 0.18567 0.38133 0.19462 0.08438
v -0.20232 0.86178 0.17650 0.38133 0.19462 0.08438
v -0.20232 0.86178 0.17650 0.38133 0.19462 0.08438
v -0.20232 0.85517 0.18567 0.38133 0.19462 0.08438
v -0.21672 0.85903 0.17512 0.38133 0.19462 0.08438
v -0.20232 0.85517 0.18567 0.38133 0.19462 0.08438
v -0.21408 0.85374 0.18424 0.38133 0.19462 0.08438
v -0.21672 0.85903 0.17512 0.38133 0.19462 0.08438
v -0.21672 0.85903 0.17512 0.38133 0.19462 0.08438
v -0.21408 0.85374 0.18424 0.38133 0.19462 0.08438
v -0.22584 0.85374 0.17248 0.38133 0.19462 0.08438
v -0.21408 0.85374 0.18424 0.38133 0.19462 0.08438
v -0.22269 0.85059 0.18109 0.38133 0.19462 0.08438
v -0.22584 0.85374 0.17248 0.38133 0.19462 0.08438
v 0.22269 0.58641 0.18109 0.38133 0.19462 0.08438
v 0.22584 0.58326 0.17248 0.38133 0.19462 0.08438
v 0.21408 0.58326 0.18424 0.38133 0.19462 0.08438
v 0.22584 0.58326 0.17248 0.38133 0.19462 0.08438
v 0.21672 0.57797 0.17512 0.38133 0.19462 0.08438
v 0.21408 0.58326 0.18424 0.38133 0.19462 0.08438
v 0.21408 0.58326 0.18424 0.38133 0.19462 0.08438
v 0.21672 0.57797 0.17512 0.38133 0.19462 0.08438
v 0.20232 0.58183 0.18567 0.38133 0.19462 0.08438
v 0.21672 0.57797 0.17512 0.38133 0.19462 0.08438
v 0.20232 0.57522 0.17650 0.38133 0.19462 0.08438
v 0.20232 0.58183 0.18567 0.38133 0.19462 0.08438
v 0.20232 0.58183 0.18567 0.38133 0.19462 0.08438
v 0.20232 0.57522 0.17650 0.38133 0.19462 0.08438
v -0.20232 0.58183 0.18567 0.38133 0.19462 0.08438
v 0.20232 0.57522 0.17650 0.38133 0.19462 0.08438
v -0.20232 0.57522 0.17650 0.38133 0.19462 0.08438
v -0.20232 0.58183 0.18567 0.38133 0.19462 0.08438
v -0.20232 0.58183 0.18567 0.38133 0.19462 0.08438
v -0.20232 0.57522 0.17650 0.38133 0.19462 0.08438
v -0.21408 0.58326 0.18424 0.38133 0.19462 0.08438
v -0.20232 0.57522 0.17650 0.38133 0.19462 0.08438
v -0.21672 0.57797 0.17512 0.38133 0.19462 0.08438
v -0.21408 0.58326 0.18424 0.38133 0.19462 0.08438
v -0.21408 0.58326 0.18424 0.38133 0.19462 0.08438
v -0.21672 0.57797 0.17512 0.38133 0.19462 0.08438
v -0.22269 0.58641 0.18109 0.38133 0.19462 0.08438
v -0.21672 0.57797 0.17512 0.38133 0.19462 0.08438
v -0.22584 0.58326 0.17248 0.38133 0.19462 0.08438
v -0.22269 0.58641 0.18109 0.38133 0.19462 0.08438
v 0.22584 0.58326 0.17248 0.38133 0.19462 0.08438
v 0.22727 0.58183 0.16072 0.38133 0.19462 0.08438
v 0.21672 0.57797 0.17512 0.38133 0.19462 0.08438
v 0.22727 0.58183 0.16072 0.38133 0.19462 0.08438
v 0.21810 0.57522 0.16072 0.38133 0.19462 0.08438
v 0.21672 0.57797 0.17512 0.38133 0.19462 0.08438
v 0.21672 0.57797 0.17512 0.38133 0.19462 0.08438
v 0.21810 0.57522 0.16072 0.38133 0.19462 0.08438
v 0.20232 0.57522 0.17650 0.38133 0.19462 0.08438
v 0.21810 0.57522 0.16072 0.38133 0.19462 0.08438
v 0.20232 0.57150 0.16072 0.38133 0.19462 0.08438
v 0.20232 0.57522 0.17650 0.38133 0.19462 0.08438
v 0.20232 0.57522 0.17650 0.38133 0.19462 0.08438
v 0.20232 0.57150 0.16072 0.38133 0.19462 0.08438
v -0.20232 0.57522 0.17650 0.38133 0.19462 0.08438
v 0.20232 0.57150 0.16072 0.38133 0.19462 0.08438
v -0.20232 0.57150 0.16072 0.38133 0.19462 0.08438
v -0.20232 0.57522 0.17650 0.38133 0.19462 0.08438
v -0.20232 0.57522 0.17650 0.38133 0.19462 0.08438
v -0.20232 0.57150 0.16072 0.38133 0.19462 0.08438
v -0.21672 0.57797 0.17512 0.38133 0.19462 0.08438
v -0.20232 0.57150 0.16072 0.38133 0.19462 0.08438
v -0.21810 0.57522 0.16072 0.38133 0.19462 0.08438
v -0.21672 0.57797 0.17512 0.38133 0.19462 0.08438
v -0.21672 0.57797 0.17512 0.38133 0.19462 0.08438
v -0.21810 0.57522 0.16072 0.38133 0.19462 0.08438
v -0.22584 0.58326 0.17248 0.38133 0.19462 0.08438
v -0.21810 0.57522 0.16072 0.38133 0.19462 0.08438
v -0.22727 0.58183 0.16072 0.38133 0.19462 0.08438
v -0.22584 0.58326 0.17248 0.38133 0.19462 0.08438
v 0.22727 0.58183 0.16072 0.38133 0.19462 0.08438
v 0.22727 0.58183 -0.12072 0.38133 0.19462 0.08438
v 0.21810 0.57522 0.16072 0.38133 0.19462 0.08438
v 0.22727 0.58183 -0.12072 0.38133 0.19462 0.08438
v 0.21810 0.57522 -0.12072 0.38133 0.19462 0.08438
v 0.21810 0.57522 0.16072 0.38133 0.19462 0.08438
v 0.21810 0.57522 0.16072 0.38133 0.19462 0.08438
v 0.21810 0.57522 -0.12072 0.38133 0.19462 0.08438
v 0.20232 0.57150 0.16072 0.38133 0.19462 0.08438
v 0.21810 0.57522 -0.12072 0.38133 0.19462 0.08438
v 0.20232 0.57150 -0.12072 0.38133 0.19462 0.08438
v 0.20232 0.57150 0.16072 0.38133 0.19462 0.08438
v 0.20232 0.57150 0.16072 0.38133 0.19462 0.08438
v 0.20232 0.57150 -0.12072 0.38133 0.19462 0.08438
v -0.20232 0.57150 0.16072 0.38133 0.19462 0.08438
v 0.20232 0.57150 -0.12072 0.38133 0.19462 0.08438
v -0.20232 0.57150 -0.12072 0.38133 0.19462 0.08438
v -0.20232 0.57150 0.16072 0.38133 0.19462 0.08438
v -0.20232 0.57150 0.16072 0.38133 0.19462 0.08438
v -0.20232 0.57150 -0.12072 0.38133 0.19462 0.08438
v -0.21810 0.57522 0.16072 0.38133 0.19462 0.08438
v -0.20232 0.57150 -0.12072 0.38133 0.19462 0.08438
v -0.21810 0.57522 -0.12072 0.38133 0.19462 0.08438
v -0.21810 0.57522 0.16072 0.38133 0.19462 0.08438
v -0.21810 0.57522 0.16072 0.38133 0.19462 0.08438
v -0.21810 0.57522 -0.12072 0.38133 0.19462 0.08438
v -0.22727 0.58183 0.16072 0.38133 0.19462 0.08438
v -0.21810 0.57522 -0.12072 0.38133 0.19462 0.08438
v -0.22727 0.58183 -0.12072 0.38133 0.19462 0.08438
v -0.22727 0.58183 0.16072 0.38133 0.19462 0.08438
v 0.22727 0.58183 -0.12072 0.38133 0.19462 0.08438
v 0.22584 0.58326 -0.13248 0.38133 0.19462 0.08438
v 0.21810 0.57522 -0.12072 0.38133 0.19462 0.08438
v 0.22584 0.58326 -0.13248 0.38133 0.19462 0.08438
v 0.21672 0.57797 -0.13512 0.38133 0.19462 0.08438
v 0.21810 0.57522 -0.12072 0.38133 0.19462 0.08438
v 0.21810 0.57522 -0.12072 0.38133 0.19462 0.08438
v 0.21672 0.57797 -0.13512 0.38133 0.19462 0.08438
v 0.20232 0.57150 -0.12072 0.38133 0.19462 0.08438
v 0.21672 0.57797 -0.13512 0.38133 0.19462 0.08438
v 0.20232 0.57522 -0.13650 0.38133 0.19462 0.08438
v 0.20232 0.57150 -0.12072 0.38133 0.19462 0.08438
v 0.20232 0.57150 -0.12072 0.38133 0.19462 0.08438
v 0.20232 0.57522 -0.13650 0.38133 0.19462 0.08438
v -0.20232 0.57150 -0.12072 0.38133 0.19462 0.08438
v 0.20232 0.57522 -0.13650 0.38133 0.19462 0.08438
v -0.20232 0.57522 -0.13650 0.38133 0.19462 0.08438
v -0.20232 0.57150 -0.12072 0.38133 0.19462 0.08438
v -0.20232 0.57150 -0.12072 0.38133 0.19462 0.08438
v -0.20232 0.57522 -0.13650 0.38133 0.19462 0.08438
v -0.21810 0.57522 -0.12072 0.38133 0.19462 0.08438
v -0.20232 0.57522 -0.13650 0.38133 0.19462 0.08438
v -0.21672 0.57797 -0.13512 0.38133 0.19462 0.08438
v -0.21810 0.57522 -0.12072 0.38133 0.19462 0.08438
v -0.21810 0.57522 -0.12072 0.38133 0.19462 0.08438
v -0.21672 0.57797 -0.13512 0.38133 0.19462 0.08438
v -0.22727 0.58183 -0.12072 0.38133 0.19462 0.08438
v -0.21672 0.57797 -0.13512 0.38133 0.19462 0.08438
v -0.22584 0.58326 -0.13248 0.38133 0.19462 0.08438
v -0.22727 0.58183 -0.12072 0.38133 0.19462 0.08438
v 0.22584 0.58326 -0.13248 0.38133 0.19462 0.08438
v 0.22269 0.58641 -0.14109 0.38133 0.19462 0.08438
v 0.21672 0.57797 -0.13512 0.38133 0.19462 0.08438
v 0.22269 0.58641 -0.14109 0.38133 0.19462 0.08438
v 0.21408 0.58326 -0.14424 0.38133 0.19462 0.08438
v 0.21672 0.57797 -0.13512 0.38133 0.19462 0.08438
v 0.21672 0.57797 -0.13512 0.38133 0.19462 0.08438
v 0.21408 0.58326 -0.14424 0.38133 0.19462 0.08438
v 0.20232 0.57522 -0.13650 0.38133 0.19462 0.08438
v 0.21408 0.58326 -0.14424 0.38133 0.19462 0.08438
v 0.20232 0.58183 -0.14567 0.38133 0.19462 0.08438
v 0.20232 0.57522 -0.13650 0.38133 0.19462 0.08438
v 0.20232 0.57522 -0.13650 0.38133 0.19462 0.08438
v 0.20232 0.58183 -0.14567 0.38133 0.19462 0.08438
v -0.20232 0.57522 -0.13650 0.38133 0.19462 0.08438
v 0.20232 0.58183 -0.14567 0.38133 0.19462 0.08438
v -0.20232 0.58183 -0.14567 0.38133 0.19462 0.08438
v -0.20232 0.57522 -0.13650 0.38133 0.19462 0.08438
v -0.20232 0.57522 -0.13650 0.38133 0.19462 0.08438
v -0.20232 0.58183 -0.14567 0.38133 0.19462 0.08438
v -0.21672 0.57797 -0.13512 0.38133 0.19462 0.08438
v -0.20232 0.58183 -0.14567 0.38133 0.19462 0.08438
v -0.21408 0.58326 -0.14424 0.38133 0.19462 0.08438
v -0.21672 0.57797 -0.13512 0.38133 0.19462 0.08438
v -0.21672 0.57797 -0.13512 0.38133 0.19462 0.08438
v -0.21408 0.58326 -0.14424 0.38133 0.19462 0.08438
v -0.22584 0.58326 -0.13248 0.38133 0.19462 0.08438
v -0.21408 0.58326 -0.14424 0.38133 0.19462 0.08438
v -0.22269 0.58641 -0.14109 0.38133 0.19462 0.08438
v -0.22584 0.58326 -0.13248 0.38133 0.19462 0.08438
v 0.22269 0.85059 0.18109 0.38133 0.19462 0.08438
v 0.22584 0.84198 0.18424 0.38133 0.19462 0.08438
v 0.21408 0.85374 0.18424 0.38133 0.19462 0.08438
v 0.22584 0.84198 0.18424 0.38133 0.19462 0.08438
v 0.21672 0.84462 0.18953 0.38133 0.19462 0.08438
v 0.21408 0.85374 0.18424 0.38133 0.19462 0.08438
v 0.21408 0.85374 0.18424 0.38133 0.19462 0.08438
v 0.21672 0.84462 0.18953 0.38133 0.19462 0.08438
v 0.20232 0.85517 0.18567 0.38133 0.19462 0.08438
v 0.21672 0.84462 0.18953 0.38133 0.19462 0.08438
v 0.20232 0.84600 0.19228 0.38133 0.19462 0.08438
v 0.20232 0.85517 0.18567 0.38133 0.19462 0.08438
v 0.20232 0.85517 0.18567 0.38133 0.19462 0.08438
v 0.20232 0.84600 0.19228 0.38133 0.19462 0.08438
v -0.20232 0.85517 0.18567 0.38133 0.19462 0.08438
v 0.20232 0.84600 0.19228 0.38133 0.19462 0.08438
v -0.20232 0.84600 0.19228 0.38133 0.19462 0.08438
v -0.20232 0.85517 0.18567 0.38133 0.19462 0.08438
v -0.20232 0.85517 0.18567 0.38133 0.19462 0.08438
v -0.20232 0.84600 0.19228 0.38133 0.19462 0.08438
v -0.21408 0.85374 0.18424 0.38133 0.19462 0.08438
v -0.20232 0.84600 0.19228 0.38133 0.19462 0.08438
v -0.21672 0.84462 0.18953 0.38133 0.19462 0.08438
v -0.21408 0.85374 0.18424 0.38133 0.19462 0.08438
v -0.21408 0.85374 0.18424 0.38133 0.19462 0.08438
v -0.21672 0.84462 0.18953 0.38133 0.19462 0.08438
v -0.22269 0.85059 0.18109 0.38133 0.19462 0.08438
v -0.21672 0.84462 0.18953 0.38133 0.19462 0.08438
v -0.22584 0.84198 0.18424 0.38133 0.19462 0.08438
v -0.22269 0.85059 0.18109 0.38133 0.19462 0.08438
v 0.22584 0.84198 0.18424 0.38133 0.19462 0.08438
v 0.22727 0.83022 0.18567 0.38133 0.19462 0.08438
v 0.21672 0.84462 0.18953 0.38133 0.19462 0.08438
v 0.22727 0.83022 0.18567 0.38133 0.19462 0.08438
v 0.21810 0.83022 0.19228 0.38133 0.19462 0.08438
v 0.21672 0.84462 0.18953 0.38133 0.19462 0.08438
v 0.21672 0.84462 0.18953 0.38133 0.19462 0.08438
v 0.21810 0.83022 0.19228 0.38133 0.19462 0.08438
v 0.20232 0.84600 0.19228 0.38133 0.19462 0.08438
v 0.21810 0.83022 0.19228 0.38133 0.19462 0.08438
v 0.20232 0.83022 0.19600 0.38133 0.19462 0.08438
v 0.20232 0.84600 0.19228 0.38133 0.19462 0.08438
v 0.20232 0.84600 0.19228 0.38133 0.19462 0.08438
v 0.20232 0.83022 0.19600 0.38133 0.19462 0.08438
v -0.20232 0.84600 0.19228 0.38133 0.19462 0.08438
v 0.20232 0.83022 0.19600 0.38133 0.19462 0.08438
v -0.20232 0.83022 0.19600 0.38133 0.19462 0.08438
v -0.20232 0.84600 0.19228 0.38133 0.19462 0.08438
v -0.20232 0.84600 0.19228 0.38133 0.19462 0.08438
v -0.20232 0.83022 0.19600 0.38133 0.19462 0.08438
v -0.21672 0.84462 0.18953 0.38133 0.19462 0.08438
v -0.20232 0.83022 0.19600 0.38133 0.19462 0.08438
v -0.21810 0.83022 0.19228 0.38133 0.19462 0.08438
v -0.21672 0.84462 0.18953 0.38133 0.19462 0.08438
v -0.21672 0.84462 0.18953 0.38133 0.19462 0.08438
v -0.21810 0.83022 0.19228 0.38133 0.19462 0.08438
v -0.22584 0.84198 0.18424 0.38133 0.19462 0.08438
v -0.21810 0.83022 0.19228 0.38133 0.19462 0.08438
v -0.22727 0.83022 0.18567 0.38133 0.19462 0.08438
v -0.22584 0.84198 0.18424 0.38133 0.19462 0.08438
v 0.22727 0.83022 0.18567 0.38133 0.19462 0.08438
v 0.22727 0.60678 0.18567 0.38133 0.19462 0.08438
v 0.21810 0.83022 0.19228 0.38133 0.19462 0.08438
v 0.22727 0.60678 0.18567 0.38133 0.19462 0.08438
v 0.21810 0.60678 0.19228 0.38133 0.19462 0.08438
v 0.21810 0.83022 0.19228 0.38133 0.19462 0.08438
v 0.21810 0.83022 0.19228 0.38133 0.19462 0.08438
v 0.21810 0.60678 0.19228 0.38133 0.19462 0.08438
v 0.20232 0.83022 0.19600 0.38133 0.19462 0.08438
v 0.21810 0.60678 0.19228 0.38133 0.19462 0.08438
v 0.20232 0.60678 0.19600 0.38133 0.19462 0.08438
v 0.20232 0.83022 0.19600 0.38133 0.19462 0.08438
v 0.20232 0.83022 0.19600 0.38133 0.19462 0.08438
v 0.20232 0.60678 0.19600 0.38133 0.19462 0.08438
v -0.20232 0.83022 0.19600 0.38133 0.19462 0.08438
v 0.20232 0.60678 0.19600 0.38133 0.19462 0.08438
v -0.20232 0.60678 0.19600 0.38133 0.19462 0.08438
v -0.20232 0.83022 0.19600 0.38133 0.19462 0.08438
v -0.20232 0.83022 0.19600 0.38133 0.19462 0.08438
v -0.20232 0.60678 0.19600 0.38133 0.19462 0.08438
v -0.21810 0.83022 0.19228 0.38133 0.19462 0.08438
v -0.20232 0.60678 0.19600 0.38133 0.19462 0.08438
v -0.21810 0.60678 0.19228 0.38133 0.19462 0.08438
v -0.21810 0.83022 0.19228 0.38133 0.19462 0.08438
v -0.21810 0.83022 0.19228 0.38133 0.19462 0.08438
v -0.21810 0.60678 0.19228 0.38133 0.19462 0.08438
v -0.22727 0.83022 0.18567 0.38133 0.19462 0.08438
v -0.21810 0.60678 0.19228 0.38133 0.19462 0.08438
v -0.22727 0.60678 0.18567 0.38133 0.19462 0.08438
v -0.22727 0.83022 0.18567 0.38133 0.19462 0.08438
v 0.22727 0.60678 0.18567 0.38133 0.19462 0.08438
v 0.22584 0.59502 0.18424 0.38133 0.19462 0.08438
v 0.21810 0.60678 0.19228 0.38133 0.19462 0.08438
v 0.22584 0.59502 0.18424 0.38133 0.19462 0.08438
v 0.21672 0.59238 0.18953 0.38133 0.19462 0.08438
v 0.21810 0.60678 0.19228 0.38133 0.19462 0.08438
v 0.21810 0.60678 0.19228 0.38133 0.19462 0.08438
v 0.21672 0.59238 0.18953 0.38133 0.19462 0.08438
v 0.20232 0.60678 0.19600 0.38133 0.19462 0.08438
v 0.21672 0.59238 0.18953 0.38133 0.19462 0.08438
v 0.20232 0.59100 0.19228 0.38133 0.19462 0.08438
v 0.20232 0.60678 0.19600 0.38133 0.19462 0.08438
v 0.20232 0.60678 0.19600 0.38133 0.19462 0.08438
v 0.20232 0.59100 0.19228 0.38133 0.19462 0.08438
v -0.20232 0.60678 0.19600 0.38133 0.19462 0.08438
v 0.20232 0.59100 0.19228 0.38133 0.19462 0.08438
v -0.20232 0.59100 0.19228 0.38133 0.19462 0.08438
v -0.20232 0.60678 0.19600 0.38133 0.19462 0.08438
v -0.20232 0.60678 0.19600 0.38133 0.19462 0.08438
v -0.20232 0.59100 0.19228 0.38133 0.19462 0.08438
v -0.21810 0.60678 0.19228 0.38133 0.19462 0.08438
v -0.20232 0.59100 0.19228 0.38133 0.19462 0.08438
v -0.21672 0.59238 0.18953 0.38133 0.19462 0.08438
v -0.21810 0.60678 0.19228 0.38133 0.19462 0.08438
v -0.21810 0.60678 0.19228 0.38133 0.19462 0.08438
v -0.21672 0.59238 0.18953 0.38133 0.19462 0.08438
v -0.22727 0.60678 0.18567 0.38133 0.19462 0.08438
v -0.21672 0.59238 0.18953 0.38133 0.19462 0.08438
v -0.22584 0.59502 0.18424 0.38133 0.19462 0.08438
v -0.22727 0.60678 0.18567 0.38133 0.19462 0.08438
v 0.22584 0.59502 0.18424 0.38133 0.19462 0.08438
v 0.22269 0.58641 0.18109 0.38133 0.19462 0.08438
v 0.21672 0.59238 0.18953 0.38133 0.19462 0.08438
v 0.22269 0.58641 0.18109 0.38133 0.19462 0.08438
v 0.21408 0.58326 0.18424 0.38133 0.19462 0.08438
v 0.21672 0.59238 0.18953 0.38133 0.19462 0.08438
v 0.21672 0.59238 0.18953 0.38133 0.19462 0.08438
v 0.21408 0.58326 0.18424 0.38133 0.19462 0.08438
v 0.20232 0.59100 0.19228 0.38133 0.19462 0.08438
v 0.21408 0.58326 0.18424 0.38133 0.19462 0.08438
v 0.20232 0.58183 0.18567 0.38133 0.19462 0.08438
v 0.20232 0.59100 0.19228 0.38133 0.19462 0.08438
v 0.20232 0.59100 0.19228 0.38133 0.19462 0.08438
v 0.20232 0.58183 0.18567 0.38133 0.19462 0.08438
v -0.20232 0.59100 0.19228 0.38133 0.19462 0.08438
v 0.20232 0.58183 0.18567 0.38133 0.19462 0.08438
v -0.20232 0.58183 0.18567 0.38133 0.19462 0.08438
v -0.20232 0.59100 0.19228 0.38133 0.19462 0.08438
v -0.20232 0.59100 0.19228 0.38133 0.19462 0.08438
v -0.20232 0.58183 0.18567 0.38133 0.19462 0.08438
v -0.21672 0.59238 0.18953 0.38133 0.19462 0.08438
v -0.20232 0.58183 0.18567 0.38133 0.19462 0.08438
v -0.21408 0.58326 0.18424 0.38133 0.19462 0.08438
v -0.21672 0.59238 0.18953 0.38133 0.19462 0.08438
v -0.21672 0.59238 0.18953 0.38133 0.19462 0.08438
v -0.21408 0.58326 0.18424 0.38133 0.19462 0.08438
v -0.22584 0.59502 0.18424 0.38133 0.19462 0.08438
v -0.21408 0.58326 0.18424 0.38133 0.19462 0.08438
v -0.22269 0.58641 0.18109 0.38133 0.19462 0.08438
v -0.22584 0.59502 0.18424 0.38133 0.19462 0.08438
v -0.22269 0.85059 -0.14109 0.38133 0.19462 0.08438
v -0.22584 0.84198 -0.14424 0.38133 0.19462 0.08438
v -0.21408 0.85374 -0.14424 0.38133 0.19462 0.08438
v -0.22584 0.84198 -0.14424 0.38133 0.19462 0.08438
v -0.21672 0.84462 -0.14953 0.38133 0.19462 0.08438
v -0.21408 0.85374 -0.14424 0.38133 0.19462 0.08438
v -0.21408 0.85374 -0.14424 0.38133 0.19462 0.08438
v -0.21672 0.84462 -0.14953 0.38133 0.19462 0.08438
v -0.20232 0.85517 -0.14567 0.38133 0.19462 0.08438
v -0.21672 0.84462 -0.14953 0.38133 0.19462 0.08438
v -0.20232 0.84600 -0.15228 0.38133 0.19462 0.08438
v -0.20232 0.85517 -0.14567 0.38133 0.19462 0.08438
v -0.20232 0.85517 -0.14567 0.38133 0.19462 0.08438
v -0.20232 0.84600 -0.15228 0.38133 0.19462 0.08438
v 0.20232 0.85517 -0.14567 0.38133 0.19462 0.08438
v -0.20232 0.84600 -0.15228 0.38133 0.19462 0.08438
v 0.20232 0.84600 -0.15228 0.38133 0.19462 0.08438
v 0.20232 0.85517 -0.14567 0.38133 0.19462 0.08438
v 0.20232 0.85517 -0.14567 0.38133 0.19462 0.08438
v 0.20232 0.84600 -0.15228 0.38133 0.19462 0.08438
v 0.21408 0.85374 -0.14424 0.38133 0.19462 0.08438
v 0.20232 0.84600 -0.15228 0.38133 0.19462 0.08438
v 0.21672 0.84462 -0.14953 0.38133 0.19462 0.08438
v 0.21408 0.85374 -0.14424 0.38133 0.19462 0.08438
v 0.21408 0.85374 -0.14424 0.38133 0.19462 0.08438
v 0.21672 0.84462 -0.14953 0.38133 0.19462 0.08438
v 0.22269 0.85059 -0.14109 0.38133 0.19462 0.08438
v 0.21672 0.84462 -0.14953 0.38133 0.19462 0.08438
v 0.22584 0.84198 -0.14424 0.38133 0.19462 0.08438
v 0.22269 0.85059 -0.14109 0.38133 0.19462 0.08438
v -0.22584 0.84198 -0.14424 0.38133 0.19462 0.08438
v -0.22727 0.83022 -0.14567 0.38133 0.19462 0.08438
v -0.21672 0.84462 -0.14953 0.38133 0.19462 0.08438
v -0.22727 0.83022 -0.14567 0.38133 0.19462 0.08438
v -0.21810 0.83022 -0.15228 0.38133 0.19462 0.08438
v -0.21672 0.84462 -0.14953 0.38133 0.19462 0.08438
v -0.21672 0.84462 -0.14953 0.38133 0.19462 0.08438
v -0.21810 0.83022 -0.15228 0.38133 0.19462 0.08438
v -0.20232 0.84600 -0.15228 0.38133 0.19462 0.08438
v -0.21810 0.83022 -0.15228 0.38133 0.19462 0.08438
v -0.20232 0.83022 -0.15600 0.38133 0.19462 0.08438
v -0.20232 0.84600 -0.15228 0.38133 0.19462 0.08438
v -0.20232 0.84600 -0.15228 0.38133 0.19462 0.08438
v -0.20232 0.83022 -0.15600 0.38133 0.19462 0.08438
v 0.20232 0.84600 -0.15228 0.38133 0.19462 0.08438
v -0.20232 0.83022 -0.15600 0.38133 0.19462 0.08438
v 0.20232 0.83022 -0.15600 0.38133 0.19462 0.08438
v 0.20232 0.84600 -0.15228 0.38133 0.19462 0.08438
v 0.20232 0.84600 -0.15228 0.38133 0.19462 0.08438
v 0.20232 0.83022 -0.15600 0.38133 0.19462 0.08438
v 0.21672 0.84462 -0.14953 0.38133 0.19462 0.08438
v 0.20232 0.83022 -0.15600 0.38133 0.19462 0.08438
v 0.21810 0.83022 -0.15228 0.38133 0.19462 0.08438
v 0.21672 0.84462 -0.14953 0.38133 0.19462 0.08438
v 0.21672 0.84462 -0.14953 0.38133 0.19462 0.08438
v 0.21810 0.83022 -0.15228 0.38133 0.19462 0.08438
v 0.22584 0.84198 -0.14424 0.38133 0.19462 0.08438
v 0.21810 0.83022 -0.15228 0.38133 0.19462 0.08438
v 0.22727 0.83022 -0.14567 0.38133 0.19462 0.08438
v 0.22584 0.84198 -0.14424 0.38133 0.19462 0.08438
v -0.22727 0.83022 -0.14567 0.38133 0.19462 0.08438
v -0.22727 0.60678 -0.14567 0.38133 0.19462 0.08438
v -0.21810 0.83022 -0.15228 0.38133 0.19462 0.08438
v -0.22727 0.60678 -0.14567 0.38133 0.19462 0.08438
v -0.21810 0.60678 -0.15228 0.38133 0.19462 0.08438
v -0.21810 0.83022 -0.15228 0.38133 0.19462 0.08438
v -0.21810 0.83022 -0.15228 0.38133 0.19462 0.08438
v -0.21810 0.60678 -0.15228 0.38133 0.19462 0.08438
v -0.20232 0.83022 -0.15600 0.38133 0.19462 0.08438
v -0.21810 0.60678 -0.15228 0.38133 0.19462 0.08438
v -0.20232 0.60678 -0.15600 0.38133 0.19462 0.08438
v -0.20232 0.83022 -0.15600 0.38133 0.19462 0.08438
v -0.20232 0.83022 -0.15600 0.38133 0.19462 0.08438
v -0.20232 0.60678 -0.15600 0.38133 0.19462 0.08438
v 0.20232 0.83022 -0.15600 0.38133 0.19462 0.08438
v -0.20232 0.60678 -0.15600 0.38133 0.19462 0.08438
v 0.20232 0.60678 -0.15600 0.38133 0.19462 0.08438
v 0.20232 0.83022 -0.15600 0.38133 0.19462 0.08438
v 0.20232 0.83022 -0.15600 0.38133 0.19462 0.08438
v 0.20232 0.60678 -0.15600 0.38133 0.19462 0.08438
v 0.21810 0.83022 -0.15228 0.38133 0.19462 0.08438
v 0.20232 0.60678 -0.15600 0.38133 0.19462 0.08438
v 0.21810 0.60678 -0.15228 0.38133 0.19462 0.08438
v 0.21810 0.83022 -0.15228 0.38133 0.19462 0.08438
v 0.21810 0.83022 -0.15228 0.38133 0.19462 0.08438
v 0.21810 0.60678 -0.15228 0.38133 0.19462 0.08438
v 0.22727 0.83022 -0.14567 0.38133 0.19462 0.08438
v 0.21810 0.60678 -0.15228 0.38133 0.19462 0.08438
v 0.22727 0.60678 -0.14567 0.38133 0.19462 0.08438
v 0.22727 0.83022 -0.14567 0.38133 0.19462 0.08438
v -0.22727 0.60678 -0.14567 0.38133 0.19462 0.08438
v -0.22584 0.59502 -0.14424 0.38133 0.19462 0.08438
v -0.21810 0.60678 -0.15228 0.38133 0.19462 0.08438
v -0.22584 0.59502 -0.14424 0.38133 0.19462 0.08438
v -0.21672 0.59238 -0.14953 0.38133 0.19462 0.08438
v -0.21810 0.60678 -0.15228 0.38133 0.19462 0.08438
v -0.21810 0.60678 -0.15228 0.38133 0.19462 0.08438
v -0.21672 0.59238 -0.14953 0.38133 0.19462 0.08438
v -0.20232 0.60678 -0.15600 0.38133 0.19462 0.08438
v -0.21672 0.59238 -0.14953 0.38133 0.19462 0.08438
v -0.20232 0.59100 -0.15228 0.38133 0.19462 0.08438
v -0.20232 0.60678 -0.15600 0.38133 0.19462 0.08438
v -0.20232 0.60678 -0.15600 0.38133 0.19462 0.08438
v -0.20232 0.59100 -0.15228 0.38133 0.19462 0.08438
v 0.20232 0.60678 -0.15600 0.38133 0.19462 0.08438
v -0.20232 0.59100 -0.15228 0.38133 0.19462 0.08438
v 0.20232 0.59100 -0.15228 0.38133 0.19462 0.08438
v 0.20232 0.60678 -0.15600 0.38133 0.19462 0.08438
v 0.20232 0.60678 -0.15600 0.38133 0.19462 0.08438
v 0.20232 0.59100 -0.15228 0.38133 0.19462 0.08438
v 0.21810 0.60678 -0.15228 0.38133 0.19462 0.08438
v 0.20232 0.59100 -0.15228 0.38133 0.19462 0.08438
v 0.21672 0.59238 -0.14953 0.38133 0.19462 0.08438
v 0.21810 0.60678 -0.15228 0.38133 0.19462 0.08438
v 0.21810 0.60678 -0.15228 0.38133 0.19462 0.08438
v 0.21672 0.59238 -0.14953 0.38133 0.19462 0.08438
v 0.22727 0.60678 -0.14567 0.38133 0.19462 0.08438
v 0.21672 0.59238 -0.14953 0.38133 0.19462 0.08438
v 0.22584 0.59502 -0.14424 0.38133 0.19462 0.08438
v 0.22727 0.60678 -0.14567 0.38133 0.19462 0.08438
v -0.22584 0.59502 -0.14424 0.38133 0.19462 0.08438
v -0.22269 0.58641 -0.14109 0.38133 0.19462 0.08438
v -0.21672 0.59238 -0.14953 0.38133 0.19462 0.08438
v -0.22269 0.58641 -0.14109 0.38133 0.19462 0.08438
v -0.21408 0.58326 -0.14424 0.38133 0.19462 0.08438
v -0.21672 0.59238 -0.14953 0.38133 0.19462 0.08438
v -0.21672 0.59238 -0.14953 0.38133 0.19462 0.08438
v -0.21408 0.58326 -0.14424 0.38133 0.19462 0.08438
v -0.20232 0.59100 -0.15228 0.38133 0.19462 0.08438
v -0.21408 0.58326 -0.14424 0.38133 0.19462 0.08438
v -0.20232 0.58183 -0.14567 0.38133 0.19462 0.08438
v -0.20232 0.59100 -0.15228 0.38133 0.19462 0.08438
v -0.20232 0.59100 -0.15228 0.38133 0.19462 0.08438
v -0.20232 0.58183 -0.14567 0.38133 0.19462 0.08438
v 0.20232 0.59100 -0.15228 0.38133 0.19462 0.08438
v -0.20232 0.58183 -0.14567 0.38133 0.19462 0.08438
v 0.20232 0.58183 -0.14567 0.38133 0.19462 0.08438
v 0.20232 0.59100 -0.15228 0.38133 0.19462 0.08438
v 0.20232 0.59100 -0.15228 0.38133 0.19462 0.08438
v 0.20232 0.58183 -0.14567 0.38133 0.19462 0.08438
v 0.21672 0.59238 -0.14953 0.38133 0.19462 0.08438
v 0.20232 0.58183 -0.14567 0.38133 0.19462 0.08438
v 0.21408 0.58326 -0.14424 0.38133 0.19462 0.08438
v 0.21672 0.59238 -0.14953 0.38133 0.19462 0.08438
v 0.21672 0.59238 -0.14953 0.38133 0.19462 0.08438
v 0.21408 0.58326 -0.14424 0.38133 0.19462 0.08438
v 0.22584 0.59502 -0.14424 0.38133 0.19462 0.08438
v 0.21408 0.58326 -0.14424 0.38133 0.19462 0.08438
v 0.22269 0.58641 -0.14109 0.38133 0.19462 0.08438
v 0.22584 0.59502 -0.14424 0.38133 0.19462 0.08438
v 0.00000 1.01850 0.05000 0.38133 0.19462 0.08438
v -0.03909 1.01850 0.03117 0.38133 0.19462 0.08438
v -0.04875 1.01850 -0.01113 0.38133 0.19462 0.08438
v -0.02169 1.01850 -0.04505 0.38133 0.19462 0.08438
v 0.02169 1.01850 -0.04505 0.38133 0.19462 0.08438
v 0.04875 1.01850 -0.01113 0.38133 0.19462 0.08438
v 0.03909 1.01850 0.03117 0.38133 0.19462 0.08438
v 0.00000 1.01850 0.05000 0.38133 0.19462 0.08438
v 0.00000 0.91850 0.06000 0.38133 0.19462 0.08438
v -0.04691 0.91850 0.03741 0.38133 0.19462 0.08438
v -0.05850 0.91850 -0.01335 0.38133 0.19462 0.08438
v -0.02603 0.91850 -0.05406 0.38133 0.19462 0.08438
v 0.02603 0.91850 -0.05406 0.38133 0.19462 0.08438
v 0.05850 0.91850 -0.01335 0.38133 0.19462 0.08438
v 0.04691 0.91850 0.03741 0.38133 0.19462 0.08438
v 0.00000 0.91850 0.06000 0.38133 0.19462 0.08438
v 0.00000 1.01850 0.00000 0.38133 0.19462 0.08438
v 0.00000 1.01850 0.00000 0.38133 0.19462 0.08438
v 0.00000 1.01850 0.00000 0.38133 0.19462 0.08438
v 0.00000 1.01850 0.00000 0.38133 0.19462 0.08438
v 0.00000 1.01850 0.00000 0.38133 0.19462 0.08438
v 0.00000 1.01850 0.00000 0.38133 0.19462 0.08438
v 0.00000 1.01850 0.00000 0.38133 0.19462 0.08438
v 0.00000 1.01850 0.05000 0.38133 0.19462 0.08438
v -0.03909 1.01850 0.03117 0.38133 0.19462 0.08438
v -0.04875 1.01850 -0.01113 0.38133 0.19462 0.08438
v -0.02169 1.01850 -0.04505 0.38133 0.19462 0.08438
v 0.02169 1.01850 -0.04505 0.38133 0.19462 0.08438
v 0.04875 1.01850 -0.01113 0.38133 0.19462 0.08438
v 0.03909 1.01850 0.03117 0.38133 0.19462 0.08438
v 0.00000 1.01850 0.05000 0.38133 0.19462 0.08438
v 0.00000 0.91850 0.00000 0.38133 0.19462 0.08438
v 0.00000 0.91850 0.00000 0.38133 0.19462 0.08438
v 0.00000 0.91850 0.00000 0.38133 0.19462 0.08438
v 0.00000 0.91850 0.00000 0.38133 0.19462 0.08438
v 0.00000 0.91850 0.00000 0.38133 0.19462 0.08438
v 0.00000 0.91850 0.00000 0.38133 0.19462 0.08438
v 0.00000 0.91850 0.00000 0.38133 0.19462 0.08438
v 0.00000 0.91850 0.06000 0.38133 0.19462 0.08438
v -0.04691 0.91850 0.03741 0.38133 0.19462 0.08438
v -0.05850 0.91850 -0.01335 0.38133 0.19462 0.08438
v -0.02603 0.91850 -0.05406 0.38133 0.19462 0.08438
v 0.02603 0.91850 -0.05406 0.38133 0.19462 0.08438
v 0.05850 0.91850 -0.01335 0.38133 0.19462 0.08438
v 0.04691 0.91850 0.03741 0.38133 0.19462 0.08438
v 0.00000 0.91850 0.06000 0.38133 0.19462 0.08438
v 0.00000 1.27250 0.00000 0.38133 0.19462 0.08438
v 0.00000 1.27250 0.00000 0.38133 0.19462 0.08438
v 0.00000 1.27250 0.00000 0.38133 0.19462 0.08438
v 0.00000 1.27250 0.00000 0.38133 0.19462 0.08438
v 0.00000 1.27250 0.00000 0.38133 0.19462 0.08438
v 0.00000 1.27250 0.00000 0.38133 0.19462 0.08438
v 0.00000 1.27250 0.00000 0.38133 0.19462 0.08438
v 0.00000 1.27250 0.00000 0.38133 0.19462 0.08438
v 0.00000 1.27250 0.00000 0.38133 0.19462 0.08438
v 0.00000 1.27250 0.00000 0.38133 0.19462 0.08438
v 0.00000 1.27250 0.00000 0.38133 0.19462 0.08438
v 0.00000 1.27250 0.00000 0.38133 0.19462 0.08438
v 0.00000 1.27250 0.00000 0.38133 0.19462 0.08438
v 0.00000 1.27250 0.00000 0.38133 0.19462 0.08438
v 0.00000 1.27250 0.00000 0.38133 0.19462 0.08438
v 0.00000 1.27250 0.00000 0.38133 0.19462 0.08438
v 0.05060 1.26671 0.00000 0.38133 0.19462 0.08438
v 0.04622 1.26671 0.01969 0.38133 0.19462 0.08438
v 0.03386 1.26671 0.03597 0.38133 0.19462 0.08438
v 0.01564 1.26671 0.04603 0.38133 0.19462 0.08438
v -0.00529 1.26671 0.04813 0.38133 0.19462 0.08438
v -0.02530 1.26671 0.04191 0.38133 0.19462 0.08438
v -0.04094 1.26671 0.02845 0.38133 0.19462 0.08438
v -0.04949 1.26671 0.01006 0.38133 0.19462 0.08438
v -0.04949 1.26671 -0.01006 0.38133 0.19462 0.08438
v -0.04094 1.26671 -0.02845 0.38133 0.19462 0.08438
v -0.02530 1.26671 -0.04191 0.38133 0.19462 0.08438
v -0.00529 1.26671 -0.04813 0.38133 0.19462 0.08438
v 0.01564 1.26671 -0.04603 0.38133 0.19462 0.08438
v 0.03386 1.26671 -0.03597 0.38133 0.19462 0.08438
v 0.04622 1.26671 -0.01969 0.38133 0.19462 0.08438
v 0.05060 1.26671 -0.00000 0.38133 0.19462 0.08438
v 0.09775 1.24972 0.00000 0.38133 0.19462 0.08438
v 0.08930 1.24972 0.03803 0.38133 0.19462 0.08438
v 0.06541 1.24972 0.06948 0.38133 0.19462 0.08438
v 0.03021 1.24972 0.08892 0.38133 0.19462 0.08438
v -0.01022 1.24972 0.09299 0.38133 0.19462 0.08438
v -0.04888 1.24972 0.08097 0.38133 0.19462 0.08438
v -0.07908 1.24972 0.05496 0.38133 0.19462 0.08438
v -0.09561 1.24972 0.01944 0.38133 0.19462 0.08438
v -0.09561 1.24972 -0.01944 0.38133 0.19462 0.08438
v -0.07908 1.24972 -0.05496 0.38133 0.19462 0.08438
v -0.04888 1.24972 -0.08097 0.38133 0.19462 0.08438
v -0.01022 1.24972 -0.09299 0.38133 0.19462 0.08438
v 0.03021 1.24972 -0.08892 0.38133 0.19462 0.08438
v 0.06541 1.24972 -0.06948 0.38133 0.19462 0.08438
v 0.08930 1.24972 -0.03803 0.38133 0.19462 0.08438
v 0.09775 1.24972 -0.00000 0.38133 0.19462 0.08438
v 0.13824 1.22271 0.00000 0.38133 0.19462 0.08438
v 0.12629 1.22271 0.05378 0.38133 0.19462 0.08438
v 0.09250 1.22271 0.09827 0.38133 0.19462 0.08438
v 0.04272 1.22271 0.12576 0.38133 0.19462 0.08438
v -0.01445 1.22271 0.13150 0.38133 0.19462 0.08438
v -0.06912 1.22271 0.11451 0.38133 0.19462 0.08438
v -0.11184 1.22271 0.07772 0.38133 0.19462 0.08438
v -0.13522 1.22271 0.02749 0.38133 0.19462 0.08438
v -0.13522 1.22271 -0.02749 0.38133 0.19462 0.08438
v -0.11184 1.22271 -0.07772 0.38133 0.19462 0.08438
v -0.06912 1.22271 -0.11451 0.38133 0.19462 0.08438
v -0.01445 1.22271 -0.13150 0.38133 0.19462 0.08438
v 0.04272 1.22271 -0.12576 0.38133 0.19462 0.08438
v 0.09250 1.22271 -0.09827 0.38133 0.19462 0.08438
v 0.12629 1.22271 -0.05378 0.38133 0.19462 0.08438
v 0.13824 1.22271 -0.00000 0.38133 0.19462 0.08438
v 0.16931 1.18750 0.00000 0.38133 0.19462 0.08438
v 0.15467 1.18750 0.06587 0.38133 0.19462 0.08438
v 0.11329 1.18750 0.12035 0.38133 0.19462 0.08438
v 0.05232 1.18750 0.15402 0.38133 0.19462 0.08438
v -0.01770 1.18750 0.16106 0.38133 0.19462 0.08438
v -0.08465 1.18750 0.14025 0.38133 0.19462 0.08438
v -0.13697 1.18750 0.09519 0.38133 0.19462 0.08438
v -0.16561 1.18750 0.03367 0.38133 0.19462 0.08438
v -0.16561 1.18750 -0.03367 0.38133 0.19462 0.08438
v -0.13697 1.18750 -0.09519 0.38133 0.19462 0.08438
v -0.08465 1.18750 -0.14025 0.38133 0.19462 0.08438
v -0.01770 1.18750 -0.16106 0.38133 0.19462 0.08438
v 0.05232 1.18750 -0.15402 0.38133 0.19462 0.08438
v 0.11329 1.18750 -0.12035 0.38133 0.19462 0.08438
v 0.15467 1.18750 -0.06587 0.38133 0.19462 0.08438
v 0.16931 1.18750 -0.00000 0.38133 0.19462 0.08438
v 0.18884 1.14650 0.00000 0.38133 0.19462 0.08438
v 0.17251 1.14650 0.07347 0.38133 0.19462 0.08438
v 0.12636 1.14650 0.13423 0.38133 0.19462 0.08438
v 0.05835 1.14650 0.17179 0.38133 0.19462 0.08438
v -0.01974 1.14650 0.17964 0.38133 0.19462 0.08438
v -0.09442 1.14650 0.15643 0.38133 0.19462 0.08438
v -0.15277 1.14650 0.10617 0.38133 0.19462 0.08438
v -0.18471 1.14650 0.03755 0.38133 0.19462 0.08438
v -0.18471 1.14650 -0.03755 0.38133 0.19462 0.08438
v -0.15277 1.14650 -0.10617 0.38133 0.19462 0.08438
v -0.09442 1.14650 -0.15643 0.38133 0.19462 0.08438
v -0.01974 1.14650 -0.17964 0.38133 0.19462 0.08438
v 0.05835 1.14650 -0.17179 0.38133 0.19462 0.08438
v 0.12636 1.14650 -0.13423 0.38133 0.19462 0.08438
v 0.17251 1.14650 -0.07347 0.38133 0.19462 0.08438
v 0.18884 1.14650 -0.00000 0.38133 0.19462 0.08438
v 0.19550 1.10250 0.00000 0.38133 0.19462 0.08438
v 0.17860 1.10250 0.07606 0.38133 0.19462 0.08438
v 0.13082 1.10250 0.13897 0.38133 0.19462 0.08438
v 0.06041 1.10250 0.17785 0.38133 0.19462 0.08438
v -0.02044 1.10250 0.18598 0.38133 0.19462 0.08438
v -0.09775 1.10250 0.16195 0.38133 0.19462 0.08438
v -0.15816 1.10250 0.10992 0.38133 0.19462 0.08438
v -0.19123 1.10250 0.03888 0.38133 0.19462 0.08438
v -0.19123 1.10250 -0.03888 0.38133 0.19462 0.08438
v -0.15816 1.10250 -0.10992 0.38133 0.19462 0.08438
v -0.09775 1.10250 -0.16195 0.38133 0.19462 0.08438
v -0.02044 1.10250 -0.18598 0.38133 0.19462 0.08438
v 0.06041 1.10250 -0.17785 0.38133 0.19462 0.08438
v 0.13082 1.10250 -0.13897 0.38133 0.19462 0.08438
v 0.17860 1.10250 -0.07606 0.38133 0.19462 0.08438
v 0.19550 1.10250 -0.00000 0.38133 0.19462 0.08438
v 0.18884 1.05850 0.00000 0.38133 0.19462 0.08438
v 0.17251 1.05850 0.07347 0.38133 0.19462 0.08438
v 0.12636 1.05850 0.13423 0.38133 0.19462 0.08438
v 0.05835 1.05850 0.17179 0.38133 0.19462 0.08438
v -0.01974 1.05850 0.17964 0.38133 0.19462 0.08438
v -0.09442 1.05850 0.15643 0.38133 0.19462 0.08438
v -0.15277 1.05850 0.10617 0.38133 0.19462 0.08438
v -0.18471 1.05850 0.03755 0.38133 0.19462 0.08438
v -0.18471 1.05850 -0.03755 0.38133 0.19462 0.08438
v -0.15277 1.05850 -0.10617 0.38133 0.19462 0.08438
v -0.09442 1.05850 -0.15643 0.38133 0.19462 0.08438
v -0.01974 1.05850 -0.17964 0.38133 0.19462 0.08438
v 0.05835 1.05850 -0.17179 0.38133 0.19462 0.08438
v 0.12636 1.05850 -0.13423 0.38133 0.19462 0.08438
v 0.17251 1.05850 -0.07347 0.38133 0.19462 0.08438
v 0.18884 1.05850 -0.00000 0.38133 0.19462 0.08438
v 0.16931 1.01750 0.00000 0.38133 0.19462 0.08438
v 0.15467 1.01750 0.06587 0.38133 0.19462 0.08438
v 0.11329 1.01750 0.12035 0.38133 0.19462 0.08438
v 0.05232 1.01750 0.15402 0.38133 0.19462 0.08438
v -0.01770 1.01750 0.16106 0.38133 0.19462 0.08438
v -0.08465 1.01750 0.14025 0.38133 0.19462 0.08438
v -0.13697 1.01750 0.09519 0.38133 0.19462 0.08438
v -0.16561 1.01750 0.03367 0.38133 0.19462 0.08438
v -0.16561 1.01750 -0.03367 0.38133 0.19462 0.08438
v -0.13697 1.01750 -0.09519 0.38133 0.19462 0.08438
v -0.08465 1.01750 -0.14025 0.38133 0.19462 0.08438
v -0.01770 1.01750 -0.16106 0.38133 0.19462 0.08438
v 0.05232 1.01750 -0.15402 0.38133 0.19462 0.08438
v 0.11329 1.01750 -0.12035 0.38133 0.19462 0.08438
v 0.15467 1.01750 -0.06587 0.38133 0.19462 0.08438
v 0.16931 1.01750 -0.00000 0.38133 0.19462 0.08438
v 0.13824 0.98229 0.00000 0.38133 0.19462 0.08438
v 0.12629 0.98229 0.05378 0.38133 0.19462 0.08438
v 0.09250 0.98229 0.09827 0.38133 0.19462 0.08438
v 0.04272 0.98229 0.12576 0.38133 0.19462 0.08438
v -0.01445 0.98229 0.13150 0.38133 0.19462 0.08438
v -0.06912 0.98229 0.11451 0.38133 0.19462 0.08438
v -0.11184 0.98229 0.07772 0.38133 0.19462 0.08438
v -0.13522 0.98229 0.02749 0.38133 0.19462 0.08438
v -0.13522 0.98229 -0.02749 0.38133 0.19462 0.08438
v -0.11184 0.98229 -0.07772 0.38133 0.19462 0.08438
v -0.06912 0.98229 -0.11451 0.38133 0.19462 0.08438
v -0.01445 0.98229 -0.13150 0.38133 0.19462 0.08438
v 0.04272 0.98229 -0.12576 0.38133 0.19462 0.08438
v 0.09250 0.98229 -0.09827 0.38133 0.19462 0.08438
v 0.12629 0.98229 -0.05378 0.38133 0.19462 0.08438
v 0.13824 0.98229 -0.00000 0.38133 0.19462 0.08438
v 0.09775 0.95528 0.00000 0.38133 0.19462 0.08438
v 0.08930 0.95528 0.03803 0.38133 0.19462 0.08438
v 0.06541 0.95528 0.06948 0.38133 0.19462 0.08438
v 0.03021 0.95528 0.08892 0.38133 0.19462 0.08438
v -0.01022 0.95528 0.09299 0.38133 0.19462 0.08438
v -0.04888 0.95528 0.08097 0.38133 0.19462 0.08438
v -0.07908 0.95528 0.05496 0.38133 0.19462 0.08438
v -0.09561 0.95528 0.01944 0.38133 0.19462 0.08438
v -0.09561 0.95528 -0.01944 0.38133 0.19462 0.08438
v -0.07908 0.95528 -0.05496 0.38133 0.19462 0.08438
v -0.04888 0.95528 -0.08097 0.38133 0.19462 0.08438
v -0.01022 0.95528 -0.09299 0.38133 0.19462 0.08438
v 0.03021 0.95528 -0.08892 0.38133 0.19462 0.08438
v 0.06541 0.95528 -0.06948 0.38133 0.19462 0.08438
v 0.08930 0.95528 -0.03803 0.38133 0.19462 0.08438
v 0.09775 0.95528 -0.00000 0.38133 0.19462 0.08438
v 0.05060 0.93829 0.00000 0.38133 0.19462 0.08438
v 0.04622 0.93829 0.01969 0.38133 0.19462 0.08438
v 0.03386 0.93829 0.03597 0.38133 0.19462 0.08438
v 0.01564 0.93829 0.04603 0.38133 0.19462 0.08438
v -0.00529 0.93829 0.04813 0.38133 0.19462 0.08438
v -0.02530 0.93829 0.04191 0.38133 0.19462 0.08438
v -0.04094 0.93829 0.02845 0.38133 0.19462 0.08438
v -0.04949 0.93829 0.01006 0.38133 0.19462 0.08438
v -0.04949 0.93829 -0.01006 0.38133 0.19462 0.08438
v -0.04094 0.93829 -0.02845 0.38133 0.19462 0.08438
v -0.02530 0.93829 -0.04191 0.38133 0.19462 0.08438
v -0.00529 0.93829 -0.04813 0.38133 0.19462 0.08438
v 0.01564 0.93829 -0.04603 0.38133 0.19462 0.08438
v 0.03386 0.93829 -0.03597 0.38133 0.19462 0.08438
v 0.04622 0.93829 -0.01969 0.38133 0.19462 0.08438
v 0.05060 0.93829 -0.00000 0.38133 0.19462 0.08438
v 0.00000 0.93250 0.00000 0.38133 0.19462 0.08438
v 0.00000 0.93250 0.00000 0.38133 0.19462 0.08438
v 0.00000 0.93250 0.00000 0.38133 0.19462 0.08438
v 0.00000 0.93250 0.00000 0.38133 0.19462 0.08438
v 0.00000 0.93250 0.00000 0.38133 0.19462 0.08438
v 0.00000 0.93250 0.00000 0.38133 0.19462 0.08438
v 0.00000 0.93250 0.00000 0.38133 0.19462 0.08438
v 0.00000 0.93250 0.00000 0.38133 0.19462 0.08438
v 0.00000 0.93250 0.00000 0.38133 0.19462 0.08438
v 0.00000 0.93250 0.00000 0.38133 0.19462 0.08438
v 0.00000 0.93250 0.00000 0.38133 0.19462 0.08438
v 0.00000 0.93250 0.00000 0.38133 0.19462 0.08438
v 0.00000 0.93250 0.00000 0.38133 0.19462 0.08438
v 0.00000 0.93250 0.00000 0.38133 0.19462 0.08438
v 0.00000 0.93250 0.00000 0.38133 0.19462 0.08438
v 0.00000 0.93250 0.00000 0.38133 0.19462 0.08438
v 0.13753 1.14638 0.00000 0.38133 0.19462 0.08438
v 0.13753 1.14638 0.00000 0.38133 0.19462 0.08438
v 0.13753 1.14638 0.00000 0.38133 0.19462 0.08438
v 0.13753 1.14638 0.00000 0.38133 0.19462 0.08438
v 0.13753 1.14638 0.00000 0.38133 0.19462 0.08438
v 0.13753 1.14638 0.00000 0.38133 0.19462 0.08438
v 0.18547 1.05862 0.03500 0.38133 0.19462 0.08438
v 0.15626 1.04266 0.01082 0.38133 0.19462 0.08438
v 0.16742 1.04876 -0.02832 0.38133 0.19462 0.08438
v 0.20353 1.06848 -0.02832 0.38133 0.19462 0.08438
v 0.21468 1.07458 0.01082 0.38133 0.19462 0.08438
v 0.18547 1.05862 0.03500 0.38133 0.19462 0.08438
v 0.18547 1.05862 0.00000 0.38133 0.19462 0.08438
v 0.18547 1.05862 0.00000 0.38133 0.19462 0.08438
v 0.18547 1.05862 0.00000 0.38133 0.19462 0.08438
v 0.18547 1.05862 0.00000 0.38133 0.19462 0.08438
v 0.18547 1.05862 0.00000 0.38133 0.19462 0.08438
v 0.18547 1.05862 0.03500 0.38133 0.19462 0.08438
v 0.15626 1.04266 0.01082 0.38133 0.19462 0.08438
v 0.16742 1.04876 -0.02832 0.38133 0.19462 0.08438
v 0.20353 1.06848 -0.02832 0.38133 0.19462 0.08438
v 0.21468 1.07458 0.01082 0.38133 0.19462 0.08438
v 0.18547 1.05862 0.03500 0.38133 0.19462 0.08438
v -0.13753 1.14638 0.00000 0.38133 0.19462 0.08438
v -0.13753 1.14638 0.00000 0.38133 0.19462 0.08438
v -0.13753 1.14638 0.00000 0.38133 0.19462 0.08438
v -0.13753 1.14638 0.00000 0.38133 0.19462 0.08438
v -0.13753 1.14638 0.00000 0.38133 0.19462 0.08438
v -0.13753 1.14638 0.00000 0.38133 0.19462 0.08438
v -0.18547 1.05862 0.03500 0.38133 0.19462 0.08438
v -0.21468 1.07458 0.01082 0.38133 0.19462 0.08438
v -0.20353 1.06848 -0.02832 0.38133 0.19462 0.08438
v -0.16742 1.04876 -0.02832 0.38133 0.19462 0.08438
v -0.15626 1.04266 0.01082 0.38133 0.19462 0.08438
v -0.18547 1.05862 0.03500 0.38133 0.19462 0.08438
v -0.18547 1.05862 0.00000 0.38133 0.19462 0.08438
v -0.18547 1.05862 0.00000 0.38133 0.19462 0.08438
v -0.18547 1.05862 0.00000 0.38133 0.19462 0.08438
v -0.18547 1.05862 0.00000 0.38133 0.19462 0.08438
v -0.18547 1.05862 0.00000 0.38133 0.19462 0.08438
v -0.18547 1.05862 0.03500 0.38133 0.19462 0.08438
v -0.21468 1.07458 0.01082 0.38133 0.19462 0.08438
v -0.20353 1.06848 -0.02832 0.38133 0.19462 0.08438
v -0.16742 1.04876 -0.02832 0.38133 0.19462 0.08438
v -0.15626 1.04266 0.01082 0.38133 0.19462 0.08438
v -0.18547 1.05862 0.03500 0.38133 0.19462 0.08438
v 0.25520 1.01625 0.00000 0.38133 0.19462 0.08438
v 0.25520 1.01625 0.00000 0.38133 0.19462 0.08438
v 0.25520 1.01625 0.00000 0.38133 0.19462 0.08438
v 0.25520 1.01625 0.00000 0.38133 0.19462 0.08438
v 0.25520 1.01625 0.00000 0.38133 0.19462 0.08438
v 0.25520 1.01625 0.00000 0.38133 0.19462 0.08438
v 0.25520 1.01625 0.00000 0.38133 0.19462 0.08438
v 0.25520 1.01625 0.00000 0.38133 0.19462 0.08438
v 0.25520 1.01625 0.00000 0.38133 0.19462 0.08438
v 0.25520 1.01625 0.00000 0.38133 0.19462 0.08438
v 0.31497 1.00261 0.00000 0.38133 0.19462 0.08438
v 0.30098 1.00261 0.03842 0.38133 0.19462 0.08438
v 0.26558 1.00261 0.05886 0.38133 0.19462 0.08438
v 0.22532 1.00261 0.05176 0.38133 0.19462 0.08438
v 0.19904 1.00261 0.02044 0.38133 0.19462 0.08438
v 0.19904 1.00261 -0.02044 0.38133 0.19462 0.08438
v 0.22532 1.00261 -0.05176 0.38133 0.19462 0.08438
v 0.26558 1.00261 -0.05886 0.38133 0.19462 0.08438
v 0.30098 1.00261 -0.03842 0.38133 0.19462 0.08438
v 0.31497 1.00261 -0.00000 0.38133 0.19462 0.08438
v 0.36290 0.96439 0.00000 0.38133 0.19462 0.08438
v 0.33770 0.96439 0.06923 0.38133 0.19462 0.08438
v 0.27390 0.96439 0.10606 0.38133 0.19462 0.08438
v 0.20135 0.96439 0.09327 0.38133 0.19462 0.08438
v 0.15400 0.96439 0.03683 0.38133 0.19462 0.08438
v 0.15400 0.96439 -0.03683 0.38133 0.19462 0.08438
v 0.20135 0.96439 -0.09327 0.38133 0.19462 0.08438
v 0.27390 0.96439 -0.10606 0.38133 0.19462 0.08438
v 0.33770 0.96439 -0.06923 0.38133 0.19462 0.08438
v 0.36290 0.96439 -0.00000 0.38133 0.19462 0.08438
v 0.38950 0.90915 0.00000 0.38133 0.19462 0.08438
v 0.35808 0.90915 0.08632 0.38133 0.19462 0.08438
v 0.27852 0.90915 0.13226 0.38133 0.19462 0.08438
v 0.18805 0.90915 0.11630 0.38133 0.19462 0.08438
v 0.12900 0.90915 0.04593 0.38133 0.19462 0.08438
v 0.12900 0.90915 -0.04593 0.38133 0.19462 0.08438
v 0.18805 0.90915 -0.11630 0.38133 0.19462 0.08438
v 0.27852 0.90915 -0.13226 0.38133 0.19462 0.08438
v 0.35808 0.90915 -0.08632 0.38133 0.19462 0.08438
v 0.38950 0.90915 -0.00000 0.38133 0.19462 0.08438
v 0.38950 0.84785 0.00000 0.38133 0.19462 0.08438
v 0.35808 0.84785 0.08632 0.38133 0.19462 0.08438
v 0.27852 0.84785 0.13226 0.38133 0.19462 0.08438
v 0.18805 0.84785 0.11630 0.38133 0.19462 0.08438
v 0.12900 0.84785 0.04593 0.38133 0.19462 0.08438
v 0.12900 0.84785 -0.04593 0.38133 0.19462 0.08438
v 0.18805 0.84785 -0.11630 0.38133 0.19462 0.08438
v 0.27852 0.84785 -0.13226 0.38133 0.19462 0.08438
v 0.35808 0.84785 -0.08632 0.38133 0.19462 0.08438
v 0.38950 0.84785 -0.00000 0.38133 0.19462 0.08438
v 0.36290 0.79261 0.00000 0.38133 0.19462 0.08438
v 0.33770 0.79261 0.06923 0.38133 0.19462 0.08438
v 0.27390 0.79261 0.10606 0.38133 0.19462 0.08438
v 0.20135 0.79261 0.09327 0.38133 0.19462 0.08438
v 0.15400 0.79261 0.03683 0.38133 0.19462 0.08438
v 0.15400 0.79261 -0.03683 0.38133 0.19462 0.08438
v 0.20135 0.79261 -0.09327 0.38133 0.19462 0.08438
v 0.27390 0.79261 -0.10606 0.38133 0.19462 0.08438
v 0.33770 0.79261 -0.06923 0.38133 0.19462 0.08438
v 0.36290 0.79261 -0.00000 0.38133 0.19462 0.08438
v 0.31497 0.75439 0.00000 0.38133 0.19462 0.08438
v 0.30098 0.75439 0.03842 0.38133 0.19462 0.08438
v 0.26558 0.75439 0.05886 0.38133 0.19462 0.08438
v 0.22532 0.75439 0.05176 0.38133 0.19462 0.08438
v 0.19904 0.75439 0.02044 0.38133 0.19462 0.08438
v 0.19904 0.75439 -0.02044 0.38133 0.19462 0.08438
v 0.22532 0.75439 -0.05176 0.38133 0.19462 0.08438
v 0.26558 0.75439 -0.05886 0.38133 0.19462 0.08438
v 0.30098 0.75439 -0.03842 0.38133 0.19462 0.08438
v 0.31497 0.75439 -0.00000 0.38133 0.19462 0.08438
v 0.25520 0.74075 0.00000 0.38133 0.19462 0.08438
v 0.25520 0.74075 0.00000 0.38133 0.19462 0.08438
v 0.25520 0.74075 0.00000 0.38133 0.19462 0.08438
v 0.25520 0.74075 0.00000 0.38133 0.19462 0.08438
v 0.25520 0.74075 0.00000 0.38133 0.19462 0.08438
v 0.25520 0.74075 0.00000 0.38133 0.19462 0.08438
v 0.25520 0.74075 0.00000 0.38133 0.19462 0.08438
v 0.25520 0.74075 0.00000 0.38133 0.19462 0.08438
v 0.25520 0.74075 0.00000 0.38133 0.19462 0.08438
v 0.25520 0.74075 0.00000 0.38133 0.19462 0.08438
v 0.25520 0.61690 0.00000 0.38133 0.19462 0.08438
v 0.25520 0.61690 0.00000 0.38133 0.19462 0.08438
v 0.25520 0.61690 0.00000 0.38133 0.19462 0.08438
v 0.25520 0.61690 0.00000 0.38133 0.19462 0.08438
v 0.25520 0.61690 0.00000 0.38133 0.19462 0.08438
v 0.25520 0.61690 0.00000 0.38133 0.19462 0.08438
v 0.25520 0.61690 0.00000 0.38133 0.19462 0.08438
v 0.25520 0.61690 0.00000 0.38133 0.19462 0.08438
v 0.25520 0.61690 0.00000 0.38133 0.19462 0.08438
v 0.25520 0.61690 0.00000 0.38133 0.19462 0.08438
v 0.28456 0.62155 0.00000 0.38133 0.19462 0.08438
v 0.27769 0.62155 0.01887 0.38133 0.19462 0.08438
v 0.26030 0.62155 0.02891 0.38133 0.19462 0.08438
v 0.24052 0.62155 0.02542 0.38133 0.19462 0.08438
v 0.22761 0.62155 0.01004 0.38133 0.19462 0.08438
v 0.22761 0.62155 -0.01004 0.38133 0.19462 0.08438
v 0.24052 0.62155 -0.02542 0.38133 0.19462 0.08438
v 0.26030 0.62155 -0.02891 0.38133 0.19462 0.08438
v 0.27769 0.62155 -0.01887 0.38133 0.19462 0.08438
v 0.28456 0.62155 -0.00000 0.38133 0.19462 0.08438
v 0.31104 0.63504 0.00000 0.38133 0.19462 0.08438
v 0.29798 0.63504 0.03589 0.38133 0.19462 0.08438
v 0.26490 0.63504 0.05499 0.38133 0.19462 0.08438
v 0.22728 0.63504 0.04836 0.38133 0.19462 0.08438
v 0.20273 0.63504 0.01910 0.38133 0.19462 0.08438
v 0.20273 0.63504 -0.01910 0.38133 0.19462 0.08438
v 0.22728 0.63504 -0.04836 0.38133 0.19462 0.08438
v 0.26490 0.63504 -0.05499 0.38133 0.19462 0.08438
v 0.29798 0.63504 -0.03589 0.38133 0.19462 0.08438
v 0.31104 0.63504 -0.00000 0.38133 0.19462 0.08438
v 0.33206 0.65606 0.00000 0.38133 0.19462 0.08438
v 0.31408 0.65606 0.04940 0.38133 0.19462 0.08438
v 0.26855 0.65606 0.07569 0.38133 0.19462 0.08438
v 0.21677 0.65606 0.06656 0.38133 0.19462 0.08438
v 0.18298 0.65606 0.02629 0.38133 0.19462 0.08438
v 0.18298 0.65606 -0.02629 0.38133 0.19462 0.08438
v 0.21677 0.65606 -0.06656 0.38133 0.19462 0.08438
v 0.26855 0.65606 -0.07569 0.38133 0.19462 0.08438
v 0.31408 0.65606 -0.04940 0.38133 0.19462 0.08438
v 0.33206 0.65606 -0.00000 0.38133 0.19462 0.08438
v 0.34555 0.68254 0.00000 0.38133 0.19462 0.08438
v 0.32441 0.68254 0.05808 0.38133 0.19462 0.08438
v 0.27089 0.68254 0.08898 0.38133 0.19462 0.08438
v 0.21002 0.68254 0.07825 0.38133 0.19462 0.08438
v 0.17030 0.68254 0.03090 0.38133 0.19462 0.08438
v 0.17030 0.68254 -0.03090 0.38133 0.19462 0.08438
v 0.21002 0.68254 -0.07825 0.38133 0.19462 0.08438
v 0.27089 0.68254 -0.08898 0.38133 0.19462 0.08438
v 0.32441 0.68254 -0.05808 0.38133 0.19462 0.08438
v 0.34555 0.68254 -0.00000 0.38133 0.19462 0.08438
v 0.35020 0.71190 0.00000 0.38133 0.19462 0.08438
v 0.32797 0.71190 0.06106 0.38133 0.19462 0.08438
v 0.27170 0.71190 0.09356 0.38133 0.19462 0.08438
v 0.20770 0.71190 0.08227 0.38133 0.19462 0.08438
v 0.16593 0.71190 0.03249 0.38133 0.19462 0.08438
v 0.16593 0.71190 -0.03249 0.38133 0.19462 0.08438
v 0.20770 0.71190 -0.08227 0.38133 0.19462 0.08438
v 0.27170 0.71190 -0.09356 0.38133 0.19462 0.08438
v 0.32797 0.71190 -0.06106 0.38133 0.19462 0.08438
v 0.35020 0.71190 -0.00000 0.38133 0.19462 0.08438
v 0.35020 0.85470 0.00000 0.38133 0.19462 0.08438
v 0.32797 0.85470 0.06106 0.38133 0.19462 0.08438
v 0.27170 0.85470 0.09356 0.38133 0.19462 0.08438
v 0.20770 0.85470 0.08227 0.38133 0.19462 0.08438
v 0.16593 0.85470 0.03249 0.38133 0.19462 0.08438
v 0.16593 0.85470 -0.03249 0.38133 0.19462 0.08438
v 0.20770 0.85470 -0.08227 0.38133 0.19462 0.08438
v 0.27170 0.85470 -0.09356 0.38133 0.19462 0.08438
v 0.32797 0.85470 -0.06106 0.38133 0.19462 0.08438
v 0.35020 0.85470 -0.00000 0.38133 0.19462 0.08438
v 0.34555 0.88406 0.00000 0.38133 0.19462 0.08438
v 0.32441 0.88406 0.05808 0.38133 0.19462 0.08438
v 0.27089 0.88406 0.08898 0.38133 0.19462 0.08438
v 0.21002 0.88406 0.07825 0.38133 0.19462 0.08438
v 0.17030 0.88406 0.03090 0.38133 0.19462 0.08438
v 0.17030 0.88406 -0.03090 0.38133 0.19462 0.08438
v 0.21002 0.88406 -0.07825 0.38133 0.19462 0.08438
v 0.27089 0.88406 -0.08898 0.38133 0.19462 0.08438
v 0.32441 0.88406 -0.05808 0.38133 0.19462 0.08438
v 0.34555 0.88406 -0.00000 0.38133 0.19462 0.08438
v 0.33206 0.91054 0.00000 0.38133 0.19462 0.08438
v 0.31408 0.91054 0.04940 0.38133 0.19462 0.08438
v 0.26855 0.91054 0.07569 0.38133 0.19462 0.08438
v 0.21677 0.91054 0.06656 0.38133 0.19462 0.08438
v 0.18298 0.91054 0.02629 0.38133 0.19462 0.08438
v 0.18298 0.91054 -0.02629 0.38133 0.19462 0.08438
v 0.21677 0.91054 -0.06656 0.38133 0.19462 0.08438
v 0.26855 0.91054 -0.07569 0.38133 0.19462 0.08438
v 0.31408 0.91054 -0.04940 0.38133 0.19462 0.08438
v 0.33206 0.91054 -0.00000 0.38133 0.19462 0.08438
v 0.31104 0.93156 0.00000 0.38133 0.19462 0.08438
v 0.29798 0.93156 0.03589 0.38133 0.19462 0.08438
v 0.26490 0.93156 0.05499 0.38133 0.19462 0.08438
v 0.22728 0.93156 0.04836 0.38133 0.19462 0.08438
v 0.20273 0.93156 0.01910 0.38133 0.19462 0.08438
v 0.20273 0.93156 -0.01910 0.38133 0.19462 0.08438
v 0.22728 0.93156 -0.04836 0.38133 0.19462 0.08438
v 0.26490 0.93156 -0.05499 0.38133 0.19462 0.08438
v 0.29798 0.93156 -0.03589 0.38133 0.19462 0.08438
v 0.31104 0.93156 -0.00000 0.38133 0.19462 0.08438
v 0.28456 0.94505 0.00000 0.38133 0.19462 0.08438
v 0.27769 0.94505 0.01887 0.38133 0.19462 0.08438
v 0.26030 0.94505 0.02891 0.38133 0.19462 0.08438
v 0.24052 0.94505 0.02542 0.38133 0.19462 0.08438
v 0.22761 0.94505 0.01004 0.38133 0.19462 0.08438
v 0.22761 0.94505 -0.01004 0.38133 0.19462 0.08438
v 0.24052 0.94505 -0.02542 0.38133 0.19462 0.08438
v 0.26030 0.94505 -0.02891 0.38133 0.19462 0.08438
v 0.27769 0.94505 -0.01887 0.38133 0.19462 0.08438
v 0.28456 0.94505 -0.00000 0.38133 0.19462 0.08438
v 0.25520 0.94970 0.00000 0.38133 0.19462 0.08438
v 0.25520 0.94970 0.00000 0.38133 0.19462 0.08438
v 0.25520 0.94970 0.00000 0.38133 0.19462 0.08438
v 0.25520 0.94970 0.00000 0.38133 0.19462 0.08438
v 0.25520 0.94970 0.00000 0.38133 0.19462 0.08438
v 0.25520 0.94970 -0.00000 0.38133 0.19462 0.08438
v 0.25520 0.94970 -0.00000 0.38133 0.19462 0.08438
v 0.25520 0.94970 -0.00000 0.38133 0.19462 0.08438
v 0.25520 0.94970 -0.00000 0.38133 0.19462 0.08438
v 0.25520 0.94970 -0.00000 0.38133 0.19462 0.08438
v 0.25520 0.48360 0.00000 0.38133 0.19462 0.08438
v 0.25520 0.48360 0.00000 0.38133 0.19462 0.08438
v 0.25520 0.48360 0.00000 0.38133 0.19462 0.08438
v 0.25520 0.48360 0.00000 0.38133 0.19462 0.08438
v 0.25520 0.48360 0.00000 0.38133 0.19462 0.08438
v 0.25520 0.48360 0.00000 0.38133 0.19462 0.08438
v 0.25520 0.48360 0.00000 0.38133 0.19462 0.08438
v 0.25520 0.48360 0.00000 0.38133 0.19462 0.08438
v 0.25520 0.48360 0.00000 0.38133 0.19462 0.08438
v 0.25520 0.48360 0.00000 0.38133 0.19462 0.08438
v 0.28162 0.48778 0.00000 0.38133 0.19462 0.08438
v 0.27544 0.48778 0.01698 0.38133 0.19462 0.08438
v 0.25979 0.48778 0.02602 0.38133 0.19462 0.08438
v 0.24199 0.48778 0.02288 0.38133 0.19462 0.08438
v 0.23037 0.48778 0.00904 0.38133 0.19462 0.08438
v 0.23037 0.48778 -0.00904 0.38133 0.19462 0.08438
v 0.24199 0.48778 -0.02288 0.38133 0.19462 0.08438
v 0.25979 0.48778 -0.02602 0.38133 0.19462 0.08438
v 0.27544 0.48778 -0.01698 0.38133 0.19462 0.08438
v 0.28162 0.48778 -0.00000 0.38133 0.19462 0.08438
v 0.30546 0.49993 0.00000 0.38133 0.19462 0.08438
v 0.29370 0.49993 0.03230 0.38133 0.19462 0.08438
v 0.26393 0.49993 0.04949 0.38133 0.19462 0.08438
v 0.23007 0.49993 0.04352 0.38133 0.19462 0.08438
v 0.20798 0.49993 0.01719 0.38133 0.19462 0.08438
v 0.20798 0.49993 -0.01719 0.38133 0.19462 0.08438
v 0.23007 0.49993 -0.04352 0.38133 0.19462 0.08438
v 0.26393 0.49993 -0.04949 0.38133 0.19462 0.08438
v 0.29370 0.49993 -0.03230 0.38133 0.19462 0.08438
v 0.30546 0.49993 -0.00000 0.38133 0.19462 0.08438
v 0.32437 0.51884 0.00000 0.38133 0.19462 0.08438
v 0.30819 0.51884 0.04446 0.38133 0.19462 0.08438
v 0.26721 0.51884 0.06812 0.38133 0.19462 0.08438
v 0.22061 0.51884 0.05990 0.38133 0.19462 0.08438
v 0.19020 0.51884 0.02366 0.38133 0.19462 0.08438
v 0.19020 0.51884 -0.02366 0.38133 0.19462 0.08438
v 0.22061 0.51884 -0.05990 0.38133 0.19462 0.08438
v 0.26721 0.51884 -0.06812 0.38133 0.19462 0.08438
v 0.30819 0.51884 -0.04446 0.38133 0.19462 0.08438
v 0.32437 0.51884 -0.00000 0.38133 0.19462 0.08438
v 0.33652 0.54268 0.00000 0.38133 0.19462 0.08438
v 0.31749 0.54268 0.05227 0.38133 0.19462 0.08438
v 0.26932 0.54268 0.08008 0.38133 0.19462 0.08438
v 0.21454 0.54268 0.07042 0.38133 0.19462 0.08438
v 0.17879 0.54268 0.02781 0.38133 0.19462 0.08438
v 0.17879 0.54268 -0.02781 0.38133 0.19462 0.08438
v 0.21454 0.54268 -0.07042 0.38133 0.19462 0.08438
v 0.26932 0.54268 -0.08008 0.38133 0.19462 0.08438
v 0.31749 0.54268 -0.05227 0.38133 0.19462 0.08438
v 0.33652 0.54268 -0.00000 0.38133 0.19462 0.08438
v 0.34070 0.56910 0.00000 0.38133 0.19462 0.08438
v 0.32070 0.56910 0.05496 0.38133 0.19462 0.08438
v 0.27005 0.56910 0.08420 0.38133 0.19462 0.08438
v 0.21245 0.56910 0.07405 0.38133 0.19462 0.08438
v 0.17486 0.56910 0.02924 0.38133 0.19462 0.08438
v 0.17486 0.56910 -0.02924 0.38133 0.19462 0.08438
v 0.21245 0.56910 -0.07405 0.38133 0.19462 0.08438
v 0.27005 0.56910 -0.08420 0.38133 0.19462 0.08438
v 0.32070 0.56910 -0.05496 0.38133 0.19462 0.08438
v 0.34070 0.56910 -0.00000 0.38133 0.19462 0.08438
v 0.34070 0.68470 0.00000 0.38133 0.19462 0.08438
v 0.32070 0.68470 0.05496 0.38133 0.19462 0.08438
v 0.27005 0.68470 0.08420 0.38133 0.19462 0.08438
v 0.21245 0.68470 0.07405 0.38133 0.19462 0.08438
v 0.17486 0.68470 0.02924 0.38133 0.19462 0.08438
v 0.17486 0.68470 -0.02924 0.38133 0.19462 0.08438
v 0.21245 0.68470 -0.07405 0.38133 0.19462 0.08438
v 0.27005 0.68470 -0.08420 0.38133 0.19462 0.08438
v 0.32070 0.68470 -0.05496 0.38133 0.19462 0.08438
v 0.34070 0.68470 -0.00000 0.38133 0.19462 0.08438
v 0.33652 0.71112 0.00000 0.38133 0.19462 0.08438
v 0.31749 0.71112 0.05227 0.38133 0.19462 0.08438
v 0.26932 0.71112 0.08008 0.38133 0.19462 0.08438
v 0.21454 0.71112 0.07042 0.38133 0.19462 0.08438
v 0.17879 0.71112 0.02781 0.38133 0.19462 0.08438
v 0.17879 0.71112 -0.02781 0.38133 0.19462 0.08438
v 0.21454 0.71112 -0.07042 0.38133 0.19462 0.08438
v 0.26932 0.71112 -0.08008 0.38133 0.19462 0.08438
v 0.31749 0.71112 -0.05227 0.38133 0.19462 0.08438
v 0.33652 0.71112 -0.00000 0.38133 0.19462 0.08438
v 0.32437 0.73496 0.00000 0.38133 0.19462 0.08438
v 0.30819 0.73496 0.04446 0.38133 0.19462 0.08438
v 0.26721 0.73496 0.06812 0.38133 0.19462 0.08438
v 0.22061 0.73496 0.05990 0.38133 0.19462 0.08438
v 0.19020 0.73496 0.02366 0.38133 0.19462 0.08438
v 0.19020 0.73496 -0.02366 0.38133 0.19462 0.08438
v 0.22061 0.73496 -0.05990 0.38133 0.19462 0.08438
v 0.26721 0.73496 -0.06812 0.38133 0.19462 0.08438
v 0.30819 0.73496 -0.04446 0.38133 0.19462 0.08438
v 0.32437 0.73496 -0.00000 0.38133 0.19462 0.08438
v 0.30546 0.75387 0.00000 0.38133 0.19462 0.08438
v 0.29370 0.75387 0.03230 0.38133 0.19462 0.08438
v 0.26393 0.75387 0.04949 0.38133 0.19462 0.08438
v 0.23007 0.75387 0.04352 0.38133 0.19462 0.08438
v 0.20798 0.75387 0.01719 0.38133 0.19462 0.08438
v 0.20798 0.75387 -0.01719 0.38133 0.19462 0.08438
v 0.23007 0.75387 -0.04352 0.38133 0.19462 0.08438
v 0.26393 0.75387 -0.04949 0.38133 0.19462 0.08438
v 0.29370 0.75387 -0.03230 0.38133 0.19462 0.08438
v 0.30546 0.75387 -0.00000 0.38133 0.19462 0.08438
v 0.28162 0.76602 0.00000 0.38133 0.19462 0.08438
v 0.27544 0.76602 0.01698 0.38133 0.19462 0.08438
v 0.25979 0.76602 0.02602 0.38133 0.19462 0.08438
v 0.24199 0.76602 0.02288 0.38133 0.19462 0.08438
v 0.23037 0.76602 0.00904 0.38133 0.19462 0.08438
v 0.23037 0.76602 -0.00904 0.38133 0.19462 0.08438
v 0.24199 0.76602 -0.02288 0.38133 0.19462 0.08438
v 0.25979 0.76602 -0.02602 0.38133 0.19462 0.08438
v 0.27544 0.76602 -0.01698 0.38133 0.19462 0.08438
v 0.28162 0.76602 -0.00000 0.38133 0.19462 0.08438
v 0.25520 0.77020 0.00000 0.38133 0.19462 0.08438
v 0.25520 0.77020 0.00000 0.38133 0.19462 0.08438
v 0.25520 0.77020 0.00000 0.38133 0.19462 0.08438
v 0.25520 0.77020 0.00000 0.38133 0.19462 0.08438
v 0.25520 0.77020 0.00000 0.38133 0.19462 0.08438
v 0.25520 0.77020 -0.00000 0.38133 0.19462 0.08438
v 0.25520 0.77020 -0.00000 0.38133 0.19462 0.08438
v 0.25520 0.77020 -0.00000 0.38133 0.19462 0.08438
v 0.25520 0.77020 -0.00000 0.38133 0.19462 0.08438
v 0.25520 0.77020 -0.00000 0.38133 0.19462 0.08438
v 0.25520 0.66135 0.00000 0.38133 0.19462 0.08438
v 0.25520 0.66135 0.00000 0.38133 0.19462 0.08438
v 0.25520 0.66135 0.00000 0.38133 0.19462 0.08438
v 0.25520 0.66135 0.00000 0.38133 0.19462 0.08438
v 0.25520 0.66135 0.00000 0.38133 0.19462 0.08438
v 0.25520 0.66135 0.00000 0.38133 0.19462 0.08438
v 0.25520 0.66135 0.00000 0.38133 0.19462 0.08438
v 0.25520 0.66135 0.00000 0.38133 0.19462 0.08438
v 0.25520 0.66135 0.00000 0.38133 0.19462 0.08438
v 0.25520 0.66135 0.00000 0.38133 0.19462 0.08438
v 0.30260 0.65053 0.00000 0.38133 0.19462 0.08438
v 0.29151 0.65053 0.03047 0.38133 0.19462 0.08438
v 0.26343 0.65053 0.04668 0.38133 0.19462 0.08438
v 0.23150 0.65053 0.04105 0.38133 0.19462 0.08438
v 0.21066 0.65053 0.01621 0.38133 0.19462 0.08438
v 0.21066 0.65053 -0.01621 0.38133 0.19462 0.08438
v 0.23150 0.65053 -0.04105 0.38133 0.19462 0.08438
v 0.26343 0.65053 -0.04668 0.38133 0.19462 0.08438
v 0.29151 0.65053 -0.03047 0.38133 0.19462 0.08438
v 0.30260 0.65053 -0.00000 0.38133 0.19462 0.08438
v 0.34062 0.62022 0.00000 0.38133 0.19462 0.08438
v 0.32063 0.62022 0.05490 0.38133 0.19462 0.08438
v 0.27003 0.62022 0.08412 0.38133 0.19462 0.08438
v 0.21249 0.62022 0.07397 0.38133 0.19462 0.08438
v 0.17494 0.62022 0.02921 0.38133 0.19462 0.08438
v 0.17494 0.62022 -0.02921 0.38133 0.19462 0.08438
v 0.21249 0.62022 -0.07397 0.38133 0.19462 0.08438
v 0.27003 0.62022 -0.08412 0.38133 0.19462 0.08438
v 0.32063 0.62022 -0.05490 0.38133 0.19462 0.08438
v 0.34062 0.62022 -0.00000 0.38133 0.19462 0.08438
v 0.36171 0.57641 0.00000 0.38133 0.19462 0.08438
v 0.33679 0.57641 0.06846 0.38133 0.19462 0.08438
v 0.27370 0.57641 0.10489 0.38133 0.19462 0.08438
v 0.20194 0.57641 0.09224 0.38133 0.19462 0.08438
v 0.15511 0.57641 0.03643 0.38133 0.19462 0.08438
v 0.15511 0.57641 -0.03643 0.38133 0.19462 0.08438
v 0.20194 0.57641 -0.09224 0.38133 0.19462 0.08438
v 0.27370 0.57641 -0.10489 0.38133 0.19462 0.08438
v 0.33679 0.57641 -0.06846 0.38133 0.19462 0.08438
v 0.36171 0.57641 -0.00000 0.38133 0.19462 0.08438
v 0.36171 0.52779 0.00000 0.38133 0.19462 0.08438
v 0.33679 0.52779 0.06846 0.38133 0.19462 0.08438
v 0.27370 0.52779 0.10489 0.38133 0.19462 0.08438
v 0.20194 0.52779 0.09224 0.38133 0.19462 0.08438
v 0.15511 0.52779 0.03643 0.38133 0.19462 0.08438
v 0.15511 0.52779 -0.03643 0.38133 0.19462 0.08438
v 0.20194 0.52779 -0.09224 0.38133 0.19462 0.08438
v 0.27370 0.52779 -0.10489 0.38133 0.19462 0.08438
v 0.33679 0.52779 -0.06846 0.38133 0.19462 0.08438
v 0.36171 0.52779 -0.00000 0.38133 0.19462 0.08438
v 0.34062 0.48398 0.00000 0.38133 0.19462 0.08438
v 0.32063 0.48398 0.05490 0.38133 0.19462 0.08438
v 0.27003 0.48398 0.08412 0.38133 0.19462 0.08438
v 0.21249 0.48398 0.07397 0.38133 0.19462 0.08438
v 0.17494 0.48398 0.02921 0.38133 0.19462 0.08438
v 0.17494 0.48398 -0.02921 0.38133 0.19462 0.08438
v 0.21249 0.48398 -0.07397 0.38133 0.19462 0.08438
v 0.27003 0.48398 -0.08412 0.38133 0.19462 0.08438
v 0.32063 0.48398 -0.05490 0.38133 0.19462 0.08438
v 0.34062 0.48398 -0.00000 0.38133 0.19462 0.08438
v 0.30260 0.45367 0.00000 0.38133 0.19462 0.08438
v 0.29151 0.45367 0.03047 0.38133 0.19462 0.08438
v 0.26343 0.45367 0.04668 0.38133 0.19462 0.08438
v 0.23150 0.45367 0.04105 0.38133 0.19462 0.08438
v 0.21066 0.45367 0.01621 0.38133 0.19462 0.08438
v 0.21066 0.45367 -0.01621 0.38133 0.19462 0.08438
v 0.23150 0.45367 -0.04105 0.38133 0.19462 0.08438
v 0.26343 0.45367 -0.04668 0.38133 0.19462 0.08438
v 0.29151 0.45367 -0.03047 0.38133 0.19462 0.08438
v 0.30260 0.45367 -0.00000 0.38133 0.19462 0.08438
v 0.25520 0.44285 0.00000 0.38133 0.19462 0.08438
v 0.25520 0.44285 0.00000 0.38133 0.19462 0.08438
v 0.25520 0.44285 0.00000 0.38133 0.19462 0.08438
v 0.25520 0.44285 0.00000 0.38133 0.19462 0.08438
v 0.25520 0.44285 0.00000 0.38133 0.19462 0.08438
v 0.25520 0.44285 0.00000 0.38133 0.19462 0.08438
v 0.25520 0.44285 0.00000 0.38133 0.19462 0.08438
v 0.25520 0.44285 0.00000 0.38133 0.19462 0.08438
v 0.25520 0.44285 0.00000 0.38133 0.19462 0.08438
v 0.25520 0.44285 0.00000 0.38133 0.19462 0.08438
v 0.34782 0.39107 0.01425 0.38133 0.19462 0.08438
v 0.34782 0.39107 0.01425 0.38133 0.19462 0.08438
v 0.34782 0.39107 0.01425 0.38133 0.19462 0.08438
v 0.34782 0.39107 0.01425 0.38133 0.19462 0.08438
v 0.34782 0.39107 0.01425 0.38133 0.19462 0.08438
v 0.34782 0.39107 0.01425 0.38133 0.19462 0.08438
v 0.35827 0.39388 0.01425 0.38133 0.19462 0.08438
v 0.35105 0.39388 0.02419 0.38133 0.19462 0.08438
v 0.33937 0.39388 0.02039 0.38133 0.19462 0.08438
v 0.33937 0.39388 0.00811 0.38133 0.19462 0.08438
v 0.35105 0.39388 0.00431 0.38133 0.19462 0.08438
v 0.35827 0.39388 0.01425 0.38133 0.19462 0.08438
v 0.36592 0.40152 0.01425 0.38133 0.19462 0.08438
v 0.35342 0.40152 0.03146 0.38133 0.19462 0.08438
v 0.33318 0.40152 0.02489 0.38133 0.19462 0.08438
v 0.33318 0.40152 0.00361 0.38133 0.19462 0.08438
v 0.35342 0.40152 -0.00296 0.38133 0.19462 0.08438
v 0.36592 0.40152 0.01425 0.38133 0.19462 0.08438
v 0.36872 0.41197 0.01425 0.38133 0.19462 0.08438
v 0.35428 0.41197 0.03413 0.38133 0.19462 0.08438
v 0.33092 0.41197 0.02653 0.38133 0.19462 0.08438
v 0.33092 0.41197 0.00197 0.38133 0.19462 0.08438
v 0.35428 0.41197 -0.00563 0.38133 0.19462 0.08438
v 0.36872 0.41197 0.01425 0.38133 0.19462 0.08438
v 0.36872 0.46422 0.01425 0.38133 0.19462 0.08438
v 0.35428 0.46422 0.03413 0.38133 0.19462 0.08438
v 0.33092 0.46422 0.02653 0.38133 0.19462 0.08438
v 0.33092 0.46422 0.00197 0.38133 0.19462 0.08438
v 0.35428 0.46422 -0.00563 0.38133 0.19462 0.08438
v 0.36872 0.46422 0.01425 0.38133 0.19462 0.08438
v 0.36592 0.47467 0.01425 0.38133 0.19462 0.08438
v 0.35342 0.47467 0.03146 0.38133 0.19462 0.08438
v 0.33318 0.47467 0.02489 0.38133 0.19462 0.08438
v 0.33318 0.47467 0.00361 0.38133 0.19462 0.08438
v 0.35342 0.47467 -0.00296 0.38133 0.19462 0.08438
v 0.36592 0.47467 0.01425 0.38133 0.19462 0.08438
v 0.35827 0.48232 0.01425 0.38133 0.19462 0.08438
v 0.35105 0.48232 0.02419 0.38133 0.19462 0.08438
v 0.33937 0.48232 0.02039 0.38133 0.19462 0.08438
v 0.33937 0.48232 0.00811 0.38133 0.19462 0.08438
v 0.35105 0.48232 0.00431 0.38133 0.19462 0.08438
v 0.35827 0.48232 0.01425 0.38133 0.19462 0.08438
v 0.34782 0.48512 0.01425 0.38133 0.19462 0.08438
v 0.34782 0.48512 0.01425 0.38133 0.19462 0.08438
v 0.34782 0.48512 0.01425 0.38133 0.19462 0.08438
v 0.34782 0.48512 0.01425 0.38133 0.19462 0.08438
v 0.34782 0.48512 0.01425 0.38133 0.19462 0.08438
v 0.34782 0.48512 0.01425 0.38133 0.19462 0.08438
v 0.28607 0.39107 0.01425 0.38133 0.19462 0.08438
v 0.28607 0.39107 0.01425 0.38133 0.19462 0.08438
v 0.28607 0.39107 0.01425 0.38133 0.19462 0.08438
v 0.28607 0.39107 0.01425 0.38133 0.19462 0.08438
v 0.28607 0.39107 0.01425 0.38133 0.19462 0.08438
v 0.28607 0.39107 0.01425 0.38133 0.19462 0.08438
v 0.29652 0.39388 0.01425 0.38133 0.19462 0.08438
v 0.28930 0.39388 0.02419 0.38133 0.19462 0.08438
v 0.27762 0.39388 0.02039 0.38133 0.19462 0.08438
v 0.27762 0.39388 0.00811 0.38133 0.19462 0.08438
v 0.28930 0.39388 0.00431 0.38133 0.19462 0.08438
v 0.29652 0.39388 0.01425 0.38133 0.19462 0.08438
v 0.30417 0.40152 0.01425 0.38133 0.19462 0.08438
v 0.29167 0.40152 0.03146 0.38133 0.19462 0.08438
v 0.27143 0.40152 0.02489 0.38133 0.19462 0.08438
v 0.27143 0.40152 0.00361 0.38133 0.19462 0.08438
v 0.29167 0.40152 -0.00296 0.38133 0.19462 0.08438
v 0.30417 0.40152 0.01425 0.38133 0.19462 0.08438
v 0.30697 0.41197 0.01425 0.38133 0.19462 0.08438
v 0.29253 0.41197 0.03413 0.38133 0.19462 0.08438
v 0.26917 0.41197 0.02653 0.38133 0.19462 0.08438
v 0.26917 0.41197 0.00197 0.38133 0.19462 0.08438
v 0.29253 0.41197 -0.00563 0.38133 0.19462 0.08438
v 0.30697 0.41197 0.01425 0.38133 0.19462 0.08438
v 0.30697 0.46422 0.01425 0.38133 0.19462 0.08438
v 0.29253 0.46422 0.03413 0.38133 0.19462 0.08438
v 0.26917 0.46422 0.02653 0.38133 0.19462 0.08438
v 0.26917 0.46422 0.00197 0.38133 0.19462 0.08438
v 0.29253 0.46422 -0.00563 0.38133 0.19462 0.08438
v 0.30697 0.46422 0.01425 0.38133 0.19462 0.08438
v 0.30417 0.47467 0.01425 0.38133 0.19462 0.08438
v 0.29167 0.47467 0.03146 0.38133 0.19462 0.08438
v 0.27143 0.47467 0.02489 0.38133 0.19462 0.08438
v 0.27143 0.47467 0.00361 0.38133 0.19462 0.08438
v 0.29167 0.47467 -0.00296 0.38133 0.19462 0.08438
v 0.30417 0.47467 0.01425 0.38133 0.19462 0.08438
v 0.29652 0.48232 0.01425 0.38133 0.19462 0.08438
v 0.28930 0.48232 0.02419 0.38133 0.19462 0.08438
v 0.27762 0.48232 0.02039 0.38133 0.19462 0.08438
v 0.27762 0.48232 0.00811 0.38133 0.19462 0.08438
v 0.28930 0.48232 0.00431 0.38133 0.19462 0.08438
v 0.29652 0.48232 0.01425 0.38133 0.19462 0.08438
v 0.28607 0.48512 0.01425 0.38133 0.19462 0.08438
v 0.28607 0.48512 0.01425 0.38133 0.19462 0.08438
v 0.28607 0.48512 0.01425 0.38133 0.19462 0.08438
v 0.28607 0.48512 0.01425 0.38133 0.19462 0.08438
v 0.28607 0.48512 0.01425 0.38133 0.19462 0.08438
v 0.28607 0.48512 0.01425 0.38133 0.19462 0.08438
v 0.22432 0.39107 0.01425 0.38133 0.19462 0.08438
v 0.22432 0.39107 0.01425 0.38133 0.19462 0.08438
v 0.22432 0.39107 0.01425 0.38133 0.19462 0.08438
v 0.22432 0.39107 0.01425 0.38133 0.19462 0.08438
v 0.22432 0.39107 0.01425 0.38133 0.19462 0.08438
v 0.22432 0.39107 0.01425 0.38133 0.19462 0.08438
v 0.23477 0.39388 0.01425 0.38133 0.19462 0.08438
v 0.22755 0.39388 0.02419 0.38133 0.19462 0.08438
v 0.21587 0.39388 0.02039 0.38133 0.19462 0.08438
v 0.21587 0.39388 0.00811 0.38133 0.19462 0.08438
v 0.22755 0.39388 0.00431 0.38133 0.19462 0.08438
v 0.23477 0.39388 0.01425 0.38133 0.19462 0.08438
v 0.24242 0.40152 0.01425 0.38133 0.19462 0.08438
v 0.22992 0.40152 0.03146 0.38133 0.19462 0.08438
v 0.20968 0.40152 0.02489 0.38133 0.19462 0.08438
v 0.20968 0.40152 0.00361 0.38133 0.19462 0.08438
v 0.22992 0.40152 -0.00296 0.38133 0.19462 0.08438
v 0.24242 0.40152 0.01425 0.38133 0.19462 0.08438
v 0.24522 0.41197 0.01425 0.38133 0.19462 0.08438
v 0.23078 0.41197 0.03413 0.38133 0.19462 0.08438
v 0.20742 0.41197 0.02653 0.38133 0.19462 0.08438
v 0.20742 0.41197 0.00197 0.38133 0.19462 0.08438
v 0.23078 0.41197 -0.00563 0.38133 0.19462 0.08438
v 0.24522 0.41197 0.01425 0.38133 0.19462 0.08438
v 0.24522 0.46422 0.01425 0.38133 0.19462 0.08438
v 0.23078 0.46422 0.03413 0.38133 0.19462 0.08438
v 0.20742 0.46422 0.02653 0.38133 0.19462 0.08438
v 0.20742 0.46422 0.00197 0.38133 0.19462 0.08438
v 0.23078 0.46422 -0.00563 0.38133 0.19462 0.08438
v 0.24522 0.46422 0.01425 0.38133 0.19462 0.08438
v 0.24242 0.47467 0.01425 0.38133 0.19462 0.08438
v 0.22992 0.47467 0.03146 0.38133 0.19462 0.08438
v 0.20968 0.47467 0.02489 0.38133 0.19462 0.08438
v 0.20968 0.47467 0.00361 0.38133 0.19462 0.08438
v 0.22992 0.47467 -0.00296 0.38133 0.19462 0.08438
v 0.24242 0.47467 0.01425 0.38133 0.19462 0.08438
v 0.23477 0.48232 0.01425 0.38133 0.19462 0.08438
v 0.22755 0.48232 0.02419 0.38133 0.19462 0.08438
v 0.21587 0.48232 0.02039 0.38133 0.19462 0.08438
v 0.21587 0.48232 0.00811 0.38133 0.19462 0.08438
v 0.22755 0.48232 0.00431 0.38133 0.19462 0.08438
v 0.23477 0.48232 0.01425 0.38133 0.19462 0.08438
v 0.22432 0.48512 0.01425 0.38133 0.19462 0.08438
v 0.22432 0.48512 0.01425 0.38133 0.19462 0.08438
v 0.22432 0.48512 0.01425 0.38133 0.19462 0.08438
v 0.22432 0.48512 0.01425 0.38133 0.19462 0.08438
v 0.22432 0.48512 0.01425 0.38133 0.19462 0.08438
v 0.22432 0.48512 0.01425 0.38133 0.19462 0.08438
v 0.16257 0.39107 0.01425 0.38133 0.19462 0.08438
v 0.16257 0.39107 0.01425 0.38133 0.19462 0.08438
v 0.16257 0.39107 0.01425 0.38133 0.19462 0.08438
v 0.16257 0.39107 0.01425 0.38133 0.19462 0.08438
v 0.16257 0.39107 0.01425 0.38133 0.19462 0.08438
v 0.16257 0.39107 0.01425 0.38133 0.19462 0.08438
v 0.17302 0.39388 0.01425 0.38133 0.19462 0.08438
v 0.16580 0.39388 0.02419 0.38133 0.19462 0.08438
v 0.15412 0.39388 0.02039 0.38133 0.19462 0.08438
v 0.15412 0.39388 0.00811 0.38133 0.19462 0.08438
v 0.16580 0.39388 0.00431 0.38133 0.19462 0.08438
v 0.17302 0.39388 0.01425 0.38133 0.19462 0.08438
v 0.18067 0.40152 0.01425 0.38133 0.19462 0.08438
v 0.16817 0.40152 0.03146 0.38133 0.19462 0.08438
v 0.14793 0.40152 0.02489 0.38133 0.19462 0.08438
v 0.14793 0.40152 0.00361 0.38133 0.19462 0.08438
v 0.16817 0.40152 -0.00296 0.38133 0.19462 0.08438
v 0.18067 0.40152 0.01425 0.38133 0.19462 0.08438
v 0.18347 0.41197 0.01425 0.38133 0.19462 0.08438
v 0.16903 0.41197 0.03413 0.38133 0.19462 0.08438
v 0.14567 0.41197 0.02653 0.38133 0.19462 0.08438
v 0.14567 0.41197 0.00197 0.38133 0.19462 0.08438
v 0.16903 0.41197 -0.00563 0.38133 0.19462 0.08438
v 0.18347 0.41197 0.01425 0.38133 0.19462 0.08438
v 0.18347 0.46422 0.01425 0.38133 0.19462 0.08438
v 0.16903 0.46422 0.03413 0.38133 0.19462 0.08438
v 0.14567 0.46422 0.02653 0.38133 0.19462 0.08438
v 0.14567 0.46422 0.00197 0.38133 0.19462 0.08438
v 0.16903 0.46422 -0.00563 0.38133 0.19462 0.08438
v 0.18347 0.46422 0.01425 0.38133 0.19462 0.08438
v 0.18067 0.47467 0.01425 0.38133 0.19462 0.08438
v 0.16817 0.47467 0.03146 0.38133 0.19462 0.08438
v 0.14793 0.47467 0.02489 0.38133 0.19462 0.08438
v 0.14793 0.47467 0.00361 0.38133 0.19462 0.08438
v 0.16817 0.47467 -0.00296 0.38133 0.19462 0.08438
v 0.18067 0.47467 0.01425 0.38133 0.19462 0.08438
v 0.17302 0.48232 0.01425 0.38133 0.19462 0.08438
v 0.16580 0.48232 0.02419 0.38133 0.19462 0.08438
v 0.15412 0.48232 0.02039 0.38133 0.19462 0.08438
v 0.15412 0.48232 0.00811 0.38133 0.19462 0.08438
v 0.16580 0.48232 0.00431 0.38133 0.19462 0.08438
v 0.17302 0.48232 0.01425 0.38133 0.19462 0.08438
v 0.16257 0.48512 0.01425 0.38133 0.19462 0.08438
v 0.16257 0.48512 0.01425 0.38133 0.19462 0.08438
v 0.16257 0.48512 0.01425 0.38133 0.19462 0.08438
v 0.16257 0.48512 0.01425 0.38133 0.19462 0.08438
v 0.16257 0.48512 0.01425 0.38133 0.19462 0.08438
v 0.16257 0.48512 0.01425 0.38133 0.19462 0.08438
v -0.25520 1.01625 0.00000 0.38133 0.19462 0.08438
v -0.25520 1.01625 0.00000 0.38133 0.19462 0.08438
v -0.25520 1.01625 0.00000 0.38133 0.19462 0.08438
v -0.25520 1.01625 0.00000 0.38133 0.19462 0.08438
v -0.25520 1.01625 0.00000 0.38133 0.19462 0.08438
v -0.25520 1.01625 0.00000 0.38133 0.19462 0.08438
v -0.25520 1.01625 0.00000 0.38133 0.19462 0.08438
v -0.25520 1.01625 0.00000 0.38133 0.19462 0.08438
v -0.25520 1.01625 0.00000 0.38133 0.19462 0.08438
v -0.25520 1.01625 0.00000 0.38133 0.19462 0.08438
v -0.19543 1.00261 0.00000 0.38133 0.19462 0.08438
v -0.20942 1.00261 0.03842 0.38133 0.19462 0.08438
v -0.24482 1.00261 0.05886 0.38133 0.19462 0.08438
v -0.28508 1.00261 0.05176 0.38133 0.19462 0.08438
v -0.31136 1.00261 0.02044 0.38133 0.19462 0.08438
v -0.31136 1.00261 -0.02044 0.38133 0.19462 0.08438
v -0.28508 1.00261 -0.05176 0.38133 0.19462 0.08438
v -0.24482 1.00261 -0.05886 0.38133 0.19462 0.08438
v -0.20942 1.00261 -0.03842 0.38133 0.19462 0.08438
v -0.19543 1.00261 -0.00000 0.38133 0.19462 0.08438
v -0.14750 0.96439 0.00000 0.38133 0.19462 0.08438
v -0.17270 0.96439 0.06923 0.38133 0.19462 0.08438
v -0.23650 0.96439 0.10606 0.38133 0.19462 0.08438
v -0.30905 0.96439 0.09327 0.38133 0.19462 0.08438
v -0.35640 0.96439 0.03683 0.38133 0.19462 0.08438
v -0.35640 0.96439 -0.03683 0.38133 0.19462 0.08438
v -0.30905 0.96439 -0.09327 0.38133 0.19462 0.08438
v -0.23650 0.96439 -0.10606 0.38133 0.19462 0.08438
v -0.17270 0.96439 -0.06923 0.38133 0.19462 0.08438
v -0.14750 0.96439 -0.00000 0.38133 0.19462 0.08438
v -0.12090 0.90915 0.00000 0.38133 0.19462 0.08438
v -0.15232 0.90915 0.08632 0.38133 0.19462 0.08438
v -0.23188 0.90915 0.13226 0.38133 0.19462 0.08438
v -0.32235 0.90915 0.11630 0.38133 0.19462 0.08438
v -0.38140 0.90915 0.04593 0.38133 0.19462 0.08438
v -0.38140 0.90915 -0.04593 0.38133 0.19462 0.08438
v -0.32235 0.90915 -0.11630 0.38133 0.19462 0.08438
v -0.23188 0.90915 -0.13226 0.38133 0.19462 0.08438
v -0.15232 0.90915 -0.08632 0.38133 0.19462 0.08438
v -0.12090 0.90915 -0.00000 0.38133 0.19462 0.08438
v -0.12090 0.84785 0.00000 0.38133 0.19462 0.08438
v -0.15232 0.84785 0.08632 0.38133 0.19462 0.08438
v -0.23188 0.84785 0.13226 0.38133 0.19462 0.08438
v -0.32235 0.84785 0.11630 0.38133 0.19462 0.08438
v -0.38140 0.84785 0.04593 0.38133 0.19462 0.08438
v -0.38140 0.84785 -0.04593 0.38133 0.19462 0.08438
v -0.32235 0.84785 -0.11630 0.38133 0.19462 0.08438
v -0.23188 0.84785 -0.13226 0.38133 0.19462 0.08438
v -0.15232 0.84785 -0.08632 0.38133 0.19462 0.08438
v -0.12090 0.84785 -0.00000 0.38133 0.19462 0.08438
v -0.14750 0.79261 0.00000 0.38133 0.19462 0.08438
v -0.17270 0.79261 0.06923 0.38133 0.19462 0.08438
v -0.23650 0.79261 0.10606 0.38133 0.19462 0.08438
v -0.30905 0.79261 0.09327 0.38133 0.19462 0.08438
v -0.35640 0.79261 0.03683 0.38133 0.19462 0.08438
v -0.35640 0.79261 -0.03683 0.38133 0.19462 0.08438
v -0.30905 0.79261 -0.09327 0.38133 0.19462 0.08438
v -0.23650 0.79261 -0.10606 0.38133 0.19462 0.08438
v -0.17270 0.79261 -0.06923 0.38133 0.19462 0.08438
v -0.14750 0.79261 -0.00000 0.38133 0.19462 0.08438
v -0.19543 0.75439 0.00000 0.38133 0.19462 0.08438
v -0.20942 0.75439 0.03842 0.38133 0.19462 0.08438
v -0.24482 0.75439 0.05886 0.38133 0.19462 0.08438
v -0.28508 0.75439 0.05176 0.38133 0.19462 0.08438
v -0.31136 0.75439 0.02044 0.38133 0.19462 0.08438
v -0.31136 0.75439 -0.02044 0.38133 0.19462 0.08438
v -0.28508 0.75439 -0.05176 0.38133 0.19462 0.08438
v -0.24482 0.75439 -0.05886 0.38133 0.19462 0.08438
v -0.20942 0.75439 -0.03842 0.38133 0.19462 0.08438
v -0.19543 0.75439 -0.00000 0.38133 0.19462 0.08438
v -0.25520 0.74075 0.00000 0.38133 0.19462 0.08438
v -0.25520 0.74075 0.00000 0.38133 0.19462 0.08438
v -0.25520 0.74075 0.00000 0.38133 0.19462 0.08438
v -0.25520 0.74075 0.00000 0.38133 0.19462 0.08438
v -0.25520 0.74075 0.00000 0.38133 0.19462 0.08438
v -0.25520 0.74075 0.00000 0.38133 0.19462 0.08438
v -0.25520 0.74075 0.00000 0.38133 0.19462 0.08438
v -0.25520 0.74075 0.00000 0.38133 0.19462 0.08438
v -0.25520 0.74075 0.00000 0.38133 0.19462 0.08438
v -0.25520 0.74075 0.00000 0.38133 0.19462 0.08438
v -0.25520 0.61690 0.00000 0.38133 0.19462 0.08438
v -0.25520 0.61690 0.00000 0.38133 0.19462 0.08438
v -0.25520 0.61690 0.00000 0.38133 0.19462 0.08438
v -0.25520 0.61690 0.00000 0.38133 0.19462 0.08438
v -0.25520 0.61690 0.00000 0.38133 0.19462 0.08438
v -0.25520 0.61690 0.00000 0.38133 0.19462 0.08438
v -0.25520 0.61690 0.00000 0.38133 0.19462 0.08438
v -0.25520 0.61690 0.00000 0.38133 0.19462 0.08438
v -0.25520 0.61690 0.00000 0.38133 0.19462 0.08438
v -0.25520 0.61690 0.00000 0.38133 0.19462 0.08438
v -0.22584 0.62155 0.00000 0.38133 0.19462 0.08438
v -0.23271 0.62155 0.01887 0.38133 0.19462 0.08438
v -0.25010 0.62155 0.02891 0.38133 0.19462 0.08438
v -0.26988 0.62155 0.02542 0.38133 0.19462 0.08438
v -0.28279 0.62155 0.01004 0.38133 0.19462 0.08438
v -0.28279 0.62155 -0.01004 0.38133 0.19462 0.08438
v -0.26988 0.62155 -0.02542 0.38133 0.19462 0.08438
v -0.25010 0.62155 -0.02891 0.38133 0.19462 0.08438
v -0.23271 0.62155 -0.01887 0.38133 0.19462 0.08438
v -0.22584 0.62155 -0.00000 0.38133 0.19462 0.08438
v -0.19936 0.63504 0.00000 0.38133 0.19462 0.08438
v -0.21242 0.63504 0.03589 0.38133 0.19462 0.08438
v -0.24550 0.63504 0.05499 0.38133 0.19462 0.08438
v -0.28312 0.63504 0.04836 0.38133 0.19462 0.08438
v -0.30767 0.63504 0.01910 0.38133 0.19462 0.08438
v -0.30767 0.63504 -0.01910 0.38133 0.19462 0.08438
v -0.28312 0.63504 -0.04836 0.38133 0.19462 0.08438
v -0.24550 0.63504 -0.05499 0.38133 0.19462 0.08438
v -0.21242 0.63504 -0.03589 0.38133 0.19462 0.08438
v -0.19936 0.63504 -0.00000 0.38133 0.19462 0.08438
v -0.17834 0.65606 0.00000 0.38133 0.19462 0.08438
v -0.19632 0.65606 0.04940 0.38133 0.19462 0.08438
v -0.24185 0.65606 0.07569 0.38133 0.19462 0.08438
v -0.29363 0.65606 0.06656 0.38133 0.19462 0.08438
v -0.32742 0.65606 0.02629 0.38133 0.19462 0.08438
v -0.32742 0.65606 -0.02629 0.38133 0.19462 0.08438
v -0.29363 0.65606 -0.06656 0.38133 0.19462 0.08438
v -0.24185 0.65606 -0.07569 0.38133 0.19462 0.08438
v -0.19632 0.65606 -0.04940 0.38133 0.19462 0.08438
v -0.17834 0.65606 -0.00000 0.38133 0.19462 0.08438
v -0.16485 0.68254 0.00000 0.38133 0.19462 0.08438
v -0.18599 0.68254 0.05808 0.38133 0.19462 0.08438
v -0.23951 0.68254 0.08898 0.38133 0.19462 0.08438
v -0.30038 0.68254 0.07825 0.38133 0.19462 0.08438
v -0.34010 0.68254 0.03090 0.38133 0.19462 0.08438
v -0.34010 0.68254 -0.03090 0.38133 0.19462 0.08438
v -0.30038 0.68254 -0.07825 0.38133 0.19462 0.08438
v -0.23951 0.68254 -0.08898 0.38133 0.19462 0.08438
v -0.18599 0.68254 -0.05808 0.38133 0.19462 0.08438
v -0.16485 0.68254 -0.00000 0.38133 0.19462 0.08438
v -0.16020 0.71190 0.00000 0.38133 0.19462 0.08438
v -0.18243 0.71190 0.06106 0.38133 0.19462 0.08438
v -0.23870 0.71190 0.09356 0.38133 0.19462 0.08438
v -0.30270 0.71190 0.08227 0.38133 0.19462 0.08438
v -0.34447 0.71190 0.03249 0.38133 0.19462 0.08438
v -0.34447 0.71190 -0.03249 0.38133 0.19462 0.08438
v -0.30270 0.71190 -0.08227 0.38133 0.19462 0.08438
v -0.23870 0.71190 -0.09356 0.38133 0.19462 0.08438
v -0.18243 0.71190 -0.06106 0.38133 0.19462 0.08438
v -0.16020 0.71190 -0.00000 0.38133 0.19462 0.08438
v -0.16020 0.85470 0.00000 0.38133 0.19462 0.08438
v -0.18243 0.85470 0.06106 0.38133 0.19462 0.08438
v -0.23870 0.85470 0.09356 0.38133 0.19462 0.08438
v -0.30270 0.85470 0.08227 0.38133 0.19462 0.08438
v -0.34447 0.85470 0.03249 0.38133 0.19462 0.08438
v -0.34447 0.85470 -0.03249 0.38133 0.19462 0.08438
v -0.30270 0.85470 -0.08227 0.38133 0.19462 0.08438
v -0.23870 0.85470 -0.09356 0.38133 0.19462 0.08438
v -0.18243 0.85470 -0.06106 0.38133 0.19462 0.08438
v -0.16020 0.85470 -0.00000 0.38133 0.19462 0.08438
v -0.16485 0.88406 0.00000 0.38133 0.19462 0.08438
v -0.18599 0.88406 0.05808 0.38133 0.19462 0.08438
v -0.23951 0.88406 0.08898 0.38133 0.19462 0.08438
v -0.30038 0.88406 0.07825 0.38133 0.19462 0.08438
v -0.34010 0.88406 0.03090 0.38133 0.19462 0.08438
v -0.34010 0.88406 -0.03090 0.38133 0.19462 0.08438
v -0.30038 0.88406 -0.07825 0.38133 0.19462 0.08438
v -0.23951 0.88406 -0.08898 0.38133 0.19462 0.08438
v -0.18599 0.88406 -0.05808 0.38133 0.19462 0.08438
v -0.16485 0.88406 -0.00000 0.38133 0.19462 0.08438
v -0.17834 0.91054 0.00000 0.38133 0.19462 0.08438
v -0.19632 0.91054 0.04940 0.38133 0.19462 0.08438
v -0.24185 0.91054 0.07569 0.38133 0.19462 0.08438
v -0.29363 0.91054 0.06656 0.38133 0.19462 0.08438
v -0.32742 0.91054 0.02629 0.38133 0.19462 0.08438
v -0.32742 0.91054 -0.02629 0.38133 0.19462 0.08438
v -0.29363 0.91054 -0.06656 0.38133 0.19462 0.08438
v -0.24185 0.91054 -0.07569 0.38133 0.19462 0.08438
v -0.19632 0.91054 -0.04940 0.38133 0.19462 0.08438
v -0.17834 0.91054 -0.00000 0.38133 0.19462 0.08438
v -0.19936 0.93156 0.00000 0.38133 0.19462 0.08438
v -0.21242 0.93156 0.03589 0.38133 0.19462 0.08438
v -0.24550 0.93156 0.05499 0.38133 0.19462 0.08438
v -0.28312 0.93156 0.04836 0.38133 0.19462 0.08438
v -0.30767 0.93156 0.01910 0.38133 0.19462 0.08438
v -0.30767 0.93156 -0.01910 0.38133 0.19462 0.08438
v -0.28312 0.93156 -0.04836 0.38133 0.19462 0.08438
v -0.24550 0.93156 -0.05499 0.38133 0.19462 0.08438
v -0.21242 0.93156 -0.03589 0.38133 0.19462 0.08438
v -0.19936 0.93156 -0.00000 0.38133 0.19462 0.08438
v -0.22584 0.94505 0.00000 0.38133 0.19462 0.08438
v -0.23271 0.94505 0.01887 0.38133 0.19462 0.08438
v -0.25010 0.94505 0.02891 0.38133 0.19462 0.08438
v -0.26988 0.94505 0.02542 0.38133 0.19462 0.08438
v -0.28279 0.94505 0.01004 0.38133 0.19462 0.08438
v -0.28279 0.94505 -0.01004 0.38133 0.19462 0.08438
v -0.26988 0.94505 -0.02542 0.38133 0.19462 0.08438
v -0.25010 0.94505 -0.02891 0.38133 0.19462 0.08438
v -0.23271 0.94505 -0.01887 0.38133 0.19462 0.08438
v -0.22584 0.94505 -0.00000 0.38133 0.19462 0.08438
v -0.25520 0.94970 0.00000 0.38133 0.19462 0.08438
v -0.25520 0.94970 0.00000 0.38133 0.19462 0.08438
v -0.25520 0.94970 0.00000 0.38133 0.19462 0.08438
v -0.25520 0.94970 0.00000 0.38133 0.19462 0.08438
v -0.25520 0.94970 0.00000 0.38133 0.19462 0.08438
v -0.25520 0.94970 -0.00000 0.38133 0.19462 0.08438
v -0.25520 0.94970 -0.00000 0.38133 0.19462 0.08438
v -0.25520 0.94970 -0.00000 0.38133 0.19462 0.08438
v -0.25520 0.94970 -0.00000 0.38133 0.19462 0.08438
v -0.25520 0.94970 -0.00000 0.38133 0.19462 0.08438
v -0.25520 0.48360 0.00000 0.38133 0.19462 0.08438
v -0.25520 0.48360 0.00000 0.38133 0.19462 0.08438
v -0.25520 0.48360 0.00000 0.38133 0.19462 0.08438
v -0.25520 0.48360 0.00000 0.38133 0.19462 0.08438
v -0.25520 0.48360 0.00000 0.38133 0.19462 0.08438
v -0.25520 0.48360 0.00000 0.38133 0.19462 0.08438
v -0.25520 0.48360 0.00000 0.38133 0.19462 0.08438
v -0.25520 0.48360 0.00000 0.38133 0.19462 0.08438
v -0.25520 0.48360 0.00000 0.38133 0.19462 0.08438
v -0.25520 0.48360 0.00000 0.38133 0.19462 0.08438
v -0.22878 0.48778 0.00000 0.38133 0.19462 0.08438
v -0.23496 0.48778 0.01698 0.38133 0.19462 0.08438
v -0.25061 0.48778 0.02602 0.38133 0.19462 0.08438
v -0.26841 0.48778 0.02288 0.38133 0.19462 0.08438
v -0.28003 0.48778 0.00904 0.38133 0.19462 0.08438
v -0.28003 0.48778 -0.00904 0.38133 0.19462 0.08438
v -0.26841 0.48778 -0.02288 0.38133 0.19462 0.08438
v -0.25061 0.48778 -0.02602 0.38133 0.19462 0.08438
v -0.23496 0.48778 -0.01698 0.38133 0.19462 0.08438
v -0.22878 0.48778 -0.00000 0.38133 0.19462 0.08438
v -0.20494 0.49993 0.00000 0.38133 0.19462 0.08438
v -0.21670 0.49993 0.03230 0.38133 0.19462 0.08438
v -0.24647 0.49993 0.04949 0.38133 0.19462 0.08438
v -0.28033 0.49993 0.04352 0.38133 0.19462 0.08438
v -0.30242 0.49993 0.01719 0.38133 0.19462 0.08438
v -0.30242 0.49993 -0.01719 0.38133 0.19462 0.08438
v -0.28033 0.49993 -0.04352 0.38133 0.19462 0.08438
v -0.24647 0.49993 -0.04949 0.38133 0.19462 0.08438
v -0.21670 0.49993 -0.03230 0.38133 0.19462 0.08438
v -0.20494 0.49993 -0.00000 0.38133 0.19462 0.08438
v -0.18603 0.51884 0.00000 0.38133 0.19462 0.08438
v -0.20221 0.51884 0.04446 0.38133 0.19462 0.08438
v -0.24319 0.51884 0.06812 0.38133 0.19462 0.08438
v -0.28979 0.51884 0.05990 0.38133 0.19462 0.08438
v -0.32020 0.51884 0.02366 0.38133 0.19462 0.08438
v -0.32020 0.51884 -0.02366 0.38133 0.19462 0.08438
v -0.28979 0.51884 -0.05990 0.38133 0.19462 0.08438
v -0.24319 0.51884 -0.06812 0.38133 0.19462 0.08438
v -0.20221 0.51884 -0.04446 0.38133 0.19462 0.08438
v -0.18603 0.51884 -0.00000 0.38133 0.19462 0.08438
v -0.17388 0.54268 0.00000 0.38133 0.19462 0.08438
v -0.19291 0.54268 0.05227 0.38133 0.19462 0.08438
v -0.24108 0.54268 0.08008 0.38133 0.19462 0.08438
v -0.29586 0.54268 0.07042 0.38133 0.19462 0.08438
v -0.33161 0.54268 0.02781 0.38133 0.19462 0.08438
v -0.33161 0.54268 -0.02781 0.38133 0.19462 0.08438
v -0.29586 0.54268 -0.07042 0.38133 0.19462 0.08438
v -0.24108 0.54268 -0.08008 0.38133 0.19462 0.08438
v -0.19291 0.54268 -0.05227 0.38133 0.19462 0.08438
v -0.17388 0.54268 -0.00000 0.38133 0.19462 0.08438
v -0.16970 0.56910 0.00000 0.38133 0.19462 0.08438
v -0.18970 0.56910 0.05496 0.38133 0.19462 0.08438
v -0.24035 0.56910 0.08420 0.38133 0.19462 0.08438
v -0.29795 0.56910 0.07405 0.38133 0.19462 0.08438
v -0.33554 0.56910 0.02924 0.38133 0.19462 0.08438
v -0.33554 0.56910 -0.02924 0.38133 0.19462 0.08438
v -0.29795 0.56910 -0.07405 0.38133 0.19462 0.08438
v -0.24035 0.56910 -0.08420 0.38133 0.19462 0.08438
v -0.18970 0.56910 -0.05496 0.38133 0.19462 0.08438
v -0.16970 0.56910 -0.00000 0.38133 0.19462 0.08438
v -0.16970 0.68470 0.00000 0.38133 0.19462 0.08438
v -0.18970 0.68470 0.05496 0.38133 0.19462 0.08438
v -0.24035 0.68470 0.08420 0.38133 0.19462 0.08438
v -0.29795 0.68470 0.07405 0.38133 0.19462 0.08438
v -0.33554 0.68470 0.02924 0.38133 0.19462 0.08438
v -0.33554 0.68470 -0.02924 0.38133 0.19462 0.08438
v -0.29795 0.68470 -0.07405 0.38133 0.19462 0.08438
v -0.24035 0.68470 -0.08420 0.38133 0.19462 0.08438
v -0.18970 0.68470 -0.05496 0.38133 0.19462 0.08438
v -0.16970 0.68470 -0.00000 0.38133 0.19462 0.08438
v -0.17388 0.71112 0.00000 0.38133 0.19462 0.08438
v -0.19291 0.71112 0.05227 0.38133 0.19462 0.08438
v -0.24108 0.71112 0.08008 0.38133 0.19462 0.08438
v -0.29586 0.71112 0.07042 0.38133 0.19462 0.08438
v -0.33161 0.71112 0.02781 0.38133 0.19462 0.08438
v -0.33161 0.71112 -0.02781 0.38133 0.19462 0.08438
v -0.29586 0.71112 -0.07042 0.38133 0.19462 0.08438
v -0.24108 0.71112 -0.08008 0.38133 0.19462 0.08438
v -0.19291 0.71112 -0.05227 0.38133 0.19462 0.08438
v -0.17388 0.71112 -0.00000 0.38133 0.19462 0.08438
v -0.18603 0.73496 0.00000 0.38133 0.19462 0.08438
v -0.20221 0.73496 0.04446 0.38133 0.19462 0.08438
v -0.24319 0.73496 0.06812 0.38133 0.19462 0.08438
v -0.28979 0.73496 0.05990 0.38133 0.19462 0.08438
v -0.32020 0.73496 0.02366 0.38133 0.19462 0.08438
v -0.32020 0.73496 -0.02366 0.38133 0.19462 0.08438
v -0.28979 0.73496 -0.05990 0.38133 0.19462 0.08438
v -0.24319 0.73496 -0.06812 0.38133 0.19462 0.08438
v -0.20221 0.73496 -0.04446 0.38133 0.19462 0.08438
v -0.18603 0.73496 -0.00000 0.38133 0.19462 0.08438
v -0.20494 0.75387 0.00000 0.38133 0.19462 0.08438
v -0.21670 0.75387 0.03230 0.38133 0.19462 0.08438
v -0.24647 0.75387 0.04949 0.38133 0.19462 0.08438
v -0.28033 0.75387 0.04352 0.38133 0.19462 0.08438
v -0.30242 0.75387 0.01719 0.38133 0.19462 0.08438
v -0.30242 0.75387 -0.01719 0.38133 0.19462 0.08438
v -0.28033 0.75387 -0.04352 0.38133 0.19462 0.08438
v -0.24647 0.75387 -0.04949 0.38133 0.19462 0.08438
v -0.21670 0.75387 -0.03230 0.38133 0.19462 0.08438
v -0.20494 0.75387 -0.00000 0.38133 0.19462 0.08438
v -0.22878 0.76602 0.00000 0.38133 0.19462 0.08438
v -0.23496 0.76602 0.01698 0.38133 0.19462 0.08438
v -0.25061 0.76602 0.02602 0.38133 0.19462 0.08438
v -0.26841 0.76602 0.02288 0.38133 0.19462 0.08438
v -0.28003 0.76602 0.00904 0.38133 0.19462 0.08438
v -0.28003 0.76602 -0.00904 0.38133 0.19462 0.08438
v -0.26841 0.76602 -0.02288 0.38133 0.19462 0.08438
v -0.25061 0.76602 -0.02602 0.38133 0.19462 0.08438
v -0.23496 0.76602 -0.01698 0.38133 0.19462 0.08438
v -0.22878 0.76602 -0.00000 0.38133 0.19462 0.08438
v -0.25520 0.77020 0.00000 0.38133 0.19462 0.08438
v -0.25520 0.77020 0.00000 0.38133 0.19462 0.08438
v -0.25520 0.77020 0.00000 0.38133 0.19462 0.08438
v -0.25520 0.77020 0.00000 0.38133 0.19462 0.08438
v -0.25520 0.77020 0.00000 0.38133 0.19462 0.08438
v -0.25520 0.77020 -0.00000 0.38133 0.19462 0.08438
v -0.25520 0.77020 -0.00000 0.38133 0.19462 0.08438
v -0.25520 0.77020 -0.00000 0.38133 0.19462 0.08438
v -0.25520 0.77020 -0.00000 0.38133 0.19462 0.08438
v -0.25520 0.77020 -0.00000 0.38133 0.19462 0.08438
v -0.25520 0.66135 0.00000 0.38133 0.19462 0.08438
v -0.25520 0.66135 0.00000 0.38133 0.19462 0.08438
v -0.25520 0.66135 0.00000 0.38133 0.19462 0.08438
v -0.25520 0.66135 0.00000 0.38133 0.19462 0.08438
v -0.25520 0.66135 0.00000 0.38133 0.19462 0.08438
v -0.25520 0.66135 0.00000 0.38133 0.19462 0.08438
v -0.25520 0.66135 0.00000 0.38133 0.19462 0.08438
v -0.25520 0.66135 0.00000 0.38133 0.19462 0.08438
v -0.25520 0.66135 0.00000 0.38133 0.19462 0.08438
v -0.25520 0.66135 0.00000 0.38133 0.19462 0.08438
v -0.20780 0.65053 0.00000 0.38133 0.19462 0.08438
v -0.21889 0.65053 0.03047 0.38133 0.19462 0.08438
v -0.24697 0.65053 0.04668 0.38133 0.19462 0.08438
v -0.27890 0.65053 0.04105 0.38133 0.19462 0.08438
v -0.29974 0.65053 0.01621 0.38133 0.19462 0.08438
v -0.29974 0.65053 -0.01621 0.38133 0.19462 0.08438
v -0.27890 0.65053 -0.04105 0.38133 0.19462 0.08438
v -0.24697 0.65053 -0.04668 0.38133 0.19462 0.08438
v -0.21889 0.65053 -0.03047 0.38133 0.19462 0.08438
v -0.20780 0.65053 -0.00000 0.38133 0.19462 0.08438
v -0.16978 0.62022 0.00000 0.38133 0.19462 0.08438
v -0.18977 0.62022 0.05490 0.38133 0.19462 0.08438
v -0.24037 0.62022 0.08412 0.38133 0.19462 0.08438
v -0.29791 0.62022 0.07397 0.38133 0.19462 0.08438
v -0.33546 0.62022 0.02921 0.38133 0.19462 0.08438
v -0.33546 0.62022 -0.02921 0.38133 0.19462 0.08438
v -0.29791 0.62022 -0.07397 0.38133 0.19462 0.08438
v -0.24037 0.62022 -0.08412 0.38133 0.19462 0.08438
v -0.18977 0.62022 -0.05490 0.38133 0.19462 0.08438
v -0.16978 0.62022 -0.00000 0.38133 0.19462 0.08438
v -0.14869 0.57641 0.00000 0.38133 0.19462 0.08438
v -0.17361 0.57641 0.06846 0.38133 0.19462 0.08438
v -0.23670 0.57641 0.10489 0.38133 0.19462 0.08438
v -0.30846 0.57641 0.09224 0.38133 0.19462 0.08438
v -0.35529 0.57641 0.03643 0.38133 0.19462 0.08438
v -0.35529 0.57641 -0.03643 0.38133 0.19462 0.08438
v -0.30846 0.57641 -0.09224 0.38133 0.19462 0.08438
v -0.23670 0.57641 -0.10489 0.38133 0.19462 0.08438
v -0.17361 0.57641 -0.06846 0.38133 0.19462 0.08438
v -0.14869 0.57641 -0.00000 0.38133 0.19462 0.08438
v -0.14869 0.52779 0.00000 0.38133 0.19462 0.08438
v -0.17361 0.52779 0.06846 0.38133 0.19462 0.08438
v -0.23670 0.52779 0.10489 0.38133 0.19462 0.08438
v -0.30846 0.52779 0.09224 0.38133 0.19462 0.08438
v -0.35529 0.52779 0.03643 0.38133 0.19462 0.08438
v -0.35529 0.52779 -0.03643 0.38133 0.19462 0.08438
v -0.30846 0.52779 -0.09224 0.38133 0.19462 0.08438
v -0.23670 0.52779 -0.10489 0.38133 0.19462 0.08438
v -0.17361 0.52779 -0.06846 0.38133 0.19462 0.08438
v -0.14869 0.52779 -0.00000 0.38133 0.19462 0.08438
v -0.16978 0.48398 0.00000 0.38133 0.19462 0.08438
v -0.18977 0.48398 0.05490 0.38133 0.19462 0.08438
v -0.24037 0.48398 0.08412 0.38133 0.19462 0.08438
v -0.29791 0.48398 0.07397 0.38133 0.19462 0.08438
v -0.33546 0.48398 0.02921 0.38133 0.19462 0.08438
v -0.33546 0.48398 -0.02921 0.38133 0.19462 0.08438
v -0.29791 0.48398 -0.07397 0.38133 0.19462 0.08438
v -0.24037 0.48398 -0.08412 0.38133 0.19462 0.08438
v -0.18977 0.48398 -0.05490 0.38133 0.19462 0.08438
v -0.16978 0.48398 -0.00000 0.38133 0.19462 0.08438
v -0.20780 0.45367 0.00000 0.38133 0.19462 0.08438
v -0.21889 0.45367 0.03047 0.38133 0.19462 0.08438
v -0.24697 0.45367 0.04668 0.38133 0.19462 0.08438
v -0.27890 0.45367 0.04105 0.38133 0.19462 0.08438
v -0.29974 0.45367 0.01621 0.38133 0.19462 0.08438
v -0.29974 0.45367 -0.01621 0.38133 0.19462 0.08438
v -0.27890 0.45367 -0.04105 0.38133 0.19462 0.08438
v -0.24697 0.45367 -0.04668 0.38133 0.19462 0.08438
v -0.21889 0.45367 -0.03047 0.38133 0.19462 0.08438
v -0.20780 0.45367 -0.00000 0.38133 0.19462 0.08438
v -0.25520 0.44285 0.00000 0.38133 0.19462 0.08438
v -0.25520 0.44285 0.00000 0.38133 0.19462 0.08438
v -0.25520 0.44285 0.00000 0.38133 0.19462 0.08438
v -0.25520 0.44285 0.00000 0.38133 0.19462 0.08438
v -0.25520 0.44285 0.00000 0.38133 0.19462 0.08438
v -0.25520 0.44285 0.00000 0.38133 0.19462 0.08438
v -0.25520 0.44285 0.00000 0.38133 0.19462 0.08438
v -0.25520 0.44285 0.00000 0.38133 0.19462 0.08438
v -0.25520 0.44285 0.00000 0.38133 0.19462 0.08438
v -0.25520 0.44285 0.00000 0.38133 0.19462 0.08438
v -0.16257 0.39107 0.01425 0.38133 0.19462 0.08438
v -0.16257 0.39107 0.01425 0.38133 0.19462 0.08438
v -0.16257 0.39107 0.01425 0.38133 0.19462 0.08438
v -0.16257 0.39107 0.01425 0.38133 0.19462 0.08438
v -0.16257 0.39107 0.01425 0.38133 0.19462 0.08438
v -0.16257 0.39107 0.01425 0.38133 0.19462 0.08438
v -0.15213 0.39388 0.01425 0.38133 0.19462 0.08438
v -0.15935 0.39388 0.02419 0.38133 0.19462 0.08438
v -0.17103 0.39388 0.02039 0.38133 0.19462 0.08438
v -0.17103 0.39388 0.00811 0.38133 0.19462 0.08438
v -0.15935 0.39388 0.00431 0.38133 0.19462 0.08438
v -0.15213 0.39388 0.01425 0.38133 0.19462 0.08438
v -0.14448 0.40152 0.01425 0.38133 0.19462 0.08438
v -0.15698 0.40152 0.03146 0.38133 0.19462 0.08438
v -0.17722 0.40152 0.02489 0.38133 0.19462 0.08438
v -0.17722 0.40152 0.00361 0.38133 0.19462 0.08438
v -0.15698 0.40152 -0.00296 0.38133 0.19462 0.08438
v -0.14448 0.40152 0.01425 0.38133 0.19462 0.08438
v -0.14168 0.41197 0.01425 0.38133 0.19462 0.08438
v -0.15612 0.41197 0.03413 0.38133 0.19462 0.08438
v -0.17948 0.41197 0.02653 0.38133 0.19462 0.08438
v -0.17948 0.41197 0.00197 0.38133 0.19462 0.08438
v -0.15612 0.41197 -0.00563 0.38133 0.19462 0.08438
v -0.14168 0.41197 0.01425 0.38133 0.19462 0.08438
v -0.14168 0.46422 0.01425 0.38133 0.19462 0.08438
v -0.15612 0.46422 0.03413 0.38133 0.19462 0.08438
v -0.17948 0.46422 0.02653 0.38133 0.19462 0.08438
v -0.17948 0.46422 0.00197 0.38133 0.19462 0.08438
v -0.15612 0.46422 -0.00563 0.38133 0.19462 0.08438
v -0.14168 0.46422 0.01425 0.38133 0.19462 0.08438
v -0.14448 0.47467 0.01425 0.38133 0.19462 0.08438
v -0.15698 0.47467 0.03146 0.38133 0.19462 0.08438
v -0.17722 0.47467 0.02489 0.38133 0.19462 0.08438
v -0.17722 0.47467 0.00361 0.38133 0.19462 0.08438
v -0.15698 0.47467 -0.00296 0.38133 0.19462 0.08438
v -0.14448 0.47467 0.01425 0.38133 0.19462 0.08438
v -0.15213 0.48232 0.01425 0.38133 0.19462 0.08438
v -0.15935 0.48232 0.02419 0.38133 0.19462 0.08438
v -0.17103 0.48232 0.02039 0.38133 0.19462 0.08438
v -0.17103 0.48232 0.00811 0.38133 0.19462 0.08438
v -0.15935 0.48232 0.00431 0.38133 0.19462 0.08438
v -0.15213 0.48232 0.01425 0.38133 0.19462 0.08438
v -0.16257 0.48512 0.01425 0.38133 0.19462 0.08438
v -0.16257 0.48512 0.01425 0.38133 0.19462 0.08438
v -0.16257 0.48512 0.01425 0.38133 0.19462 0.08438
v -0.16257 0.48512 0.01425 0.38133 0.19462 0.08438
v -0.16257 0.48512 0.01425 0.38133 0.19462 0.08438
v -0.16257 0.48512 0.01425 0.38133 0.19462 0.08438
v -0.22432 0.39107 0.01425 0.38133 0.19462 0.08438
v -0.22432 0.39107 0.01425 0.38133 0.19462 0.08438
v -0.22432 0.39107 0.01425 0.38133 0.19462 0.08438
v -0.22432 0.39107 0.01425 0.38133 0.19462 0.08438
v -0.22432 0.39107 0.01425 0.38133 0.19462 0.08438
v -0.22432 0.39107 0.01425 0.38133 0.19462 0.08438
v -0.21388 0.39388 0.01425 0.38133 0.19462 0.08438
v -0.22110 0.39388 0.02419 0.38133 0.19462 0.08438
v -0.23278 0.39388 0.02039 0.38133 0.19462 0.08438
v -0.23278 0.39388 0.00811 0.38133 0.19462 0.08438
v -0.22110 0.39388 0.00431 0.38133 0.19462 0.08438
v -0.21388 0.39388 0.01425 0.38133 0.19462 0.08438
v -0.20623 0.40152 0.01425 0.38133 0.19462 0.08438
v -0.21873 0.40152 0.03146 0.38133 0.19462 0.08438
v -0.23897 0.40152 0.02489 0.38133 0.19462 0.08438
v -0.23897 0.40152 0.00361 0.38133 0.19462 0.08438
v -0.21873 0.40152 -0.00296 0.38133 0.19462 0.08438
v -0.20623 0.40152 0.01425 0.38133 0.19462 0.08438
v -0.20343 0.41197 0.01425 0.38133 0.19462 0.08438
v -0.21787 0.41197 0.03413 0.38133 0.19462 0.08438
v -0.24123 0.41197 0.02653 0.38133 0.19462 0.08438
v -0.24123 0.41197 0.00197 0.38133 0.19462 0.08438
v -0.21787 0.41197 -0.00563 0.38133 0.19462 0.08438
v -0.20343 0.41197 0.01425 0.38133 0.19462 0.08438
v -0.20343 0.46422 0.01425 0.38133 0.19462 0.08438
v -0.21787 0.46422 0.03413 0.38133 0.19462 0.08438
v -0.24123 0.46422 0.02653 0.38133 0.19462 0.08438
v -0.24123 0.46422 0.00197 0.38133 0.19462 0.08438
v -0.21787 0.46422 -0.00563 0.38133 0.19462 0.08438
v -0.20343 0.46422 0.01425 0.38133 0.19462 0.08438
v -0.20623 0.47467 0.01425 0.38133 0.19462 0.08438
v -0.21873 0.47467 0.03146 0.38133 0.19462 0.08438
v -0.23897 0.47467 0.02489 0.38133 0.19462 0.08438
v -0.23897 0.47467 0.00361 0.38133 0.19462 0.08438
v -0.21873 0.47467 -0.00296 0.38133 0.19462 0.08438
v -0.20623 0.47467 0.01425 0.38133 0.19462 0.08438
v -0.21388 0.48232 0.01425 0.38133 0.19462 0.08438
v -0.22110 0.48232 0.02419 0.38133 0.19462 0.08438
v -0.23278 0.48232 0.02039 0.38133 0.19462 0.08438
v -0.23278 0.48232 0.00811 0.38133 0.19462 0.08438
v -0.22110 0.48232 0.00431 0.38133 0.19462 0.08438
v -0.21388 0.48232 0.01425 0.38133 0.19462 0.08438
v -0.22432 0.48512 0.01425 0.38133 0.19462 0.08438
v -0.22432 0.48512 0.01425 0.38133 0.19462 0.08438
v -0.22432 0.48512 0.01425 0.38133 0.19462 0.08438
v -0.22432 0.48512 0.01425 0.38133 0.19462 0.08438
v -0.22432 0.48512 0.01425 0.38133 0.19462 0.08438
v -0.22432 0.48512 0.01425 0.38133 0.19462 0.08438
v -0.28607 0.39107 0.01425 0.38133 0.19462 0.08438
v -0.28607 0.39107 0.01425 0.38133 0.19462 0.08438
v -0.28607 0.39107 0.01425 0.38133 0.19462 0.08438
v -0.28607 0.39107 0.01425 0.38133 0.19462 0.08438
v -0.28607 0.39107 0.01425 0.38133 0.19462 0.08438
v -0.28607 0.39107 0.01425 0.38133 0.19462 0.08438
v -0.27563 0.39388 0.01425 0.38133 0.19462 0.08438
v -0.28285 0.39388 0.02419 0.38133 0.19462 0.08438
v -0.29453 0.39388 0.02039 0.38133 0.19462 0.08438
v -0.29453 0.39388 0.00811 0.38133 0.19462 0.08438
v -0.28285 0.39388 0.00431 0.38133 0.19462 0.08438
v -0.27563 0.39388 0.01425 0.38133 0.19462 0.08438
v -0.26798 0.40152 0.01425 0.38133 0.19462 0.08438
v -0.28048 0.40152 0.03146 0.38133 0.19462 0.08438
v -0.30072 0.40152 0.02489 0.38133 0.19462 0.08438
v -0.30072 0.40152 0.00361 0.38133 0.19462 0.08438
v -0.28048 0.40152 -0.00296 0.38133 0.19462 0.08438
v -0.26798 0.40152 0.01425 0.38133 0.19462 0.08438
v -0.26518 0.41197 0.01425 0.38133 0.19462 0.08438
v -0.27962 0.41197 0.03413 0.38133 0.19462 0.08438
v -0.30298 0.41197 0.02653 0.38133 0.19462 0.08438
v -0.30298 0.41197 0.00197 0.38133 0.19462 0.08438
v -0.27962 0.41197 -0.00563 0.38133 0.19462 0.08438
v -0.26518 0.41197 0.01425 0.38133 0.19462 0.08438
v -0.26518 0.46422 0.01425 0.38133 0.19462 0.08438
v -0.27962 0.46422 0.03413 0.38133 0.19462 0.08438
v -0.30298 0.46422 0.02653 0.38133 0.19462 0.08438
v -0.30298 0.46422 0.00197 0.38133 0.19462 0.08438
v -0.27962 0.46422 -0.00563 0.38133 0.19462 0.08438
v -0.26518 0.46422 0.01425 0.38133 0.19462 0.08438
v -0.26798 0.47467 0.01425 0.38133 0.19462 0.08438
v -0.28048 0.47467 0.03146 0.38133 0.19462 0.08438
v -0.30072 0.47467 0.02489 0.38133 0.19462 0.08438
v -0.30072 0.47467 0.00361 0.38133 0.19462 0.08438
v -0.28048 0.47467 -0.00296 0.38133 0.19462 0.08438
v -0.26798 0.47467 0.01425 0.38133 0.19462 0.08438
v -0.27563 0.48232 0.01425 0.38133 0.19462 0.08438
v -0.28285 0.48232 0.02419 0.38133 0.19462 0.08438
v -0.29453 0.48232 0.02039 0.38133 0.19462 0.08438
v -0.29453 0.48232 0.00811 0.38133 0.19462 0.08438
v -0.28285 0.48232 0.00431 0.38133 0.19462 0.08438
v -0.27563 0.48232 0.01425 0.38133 0.19462 0.08438
v -0.28607 0.48512 0.01425 0.38133 0.19462 0.08438
v -0.28607 0.48512 0.01425 0.38133 0.19462 0.08438
v -0.28607 0.48512 0.01425 0.38133 0.19462 0.08438
v -0.28607 0.48512 0.01425 0.38133 0.19462 0.08438
v -0.28607 0.48512 0.01425 0.38133 0.19462 0.08438
v -0.28607 0.48512 0.01425 0.38133 0.19462 0.08438
v -0.34782 0.39107 0.01425 0.38133 0.19462 0.08438
v -0.34782 0.39107 0.01425 0.38133 0.19462 0.08438
v -0.34782 0.39107 0.01425 0.38133 0.19462 0.08438
v -0.34782 0.39107 0.01425 0.38133 0.19462 0.08438
v -0.34782 0.39107 0.01425 0.38133 0.19462 0.08438
v -0.34782 0.39107 0.01425 0.38133 0.19462 0.08438
v -0.33738 0.39388 0.01425 0.38133 0.19462 0.08438
v -0.34460 0.39388 0.02419 0.38133 0.19462 0.08438
v -0.35628 0.39388 0.02039 0.38133 0.19462 0.08438
v -0.35628 0.39388 0.00811 0.38133 0.19462 0.08438
v -0.34460 0.39388 0.00431 0.38133 0.19462 0.08438
v -0.33738 0.39388 0.01425 0.38133 0.19462 0.08438
v -0.32973 0.40152 0.01425 0.38133 0.19462 0.08438
v -0.34223 0.40152 0.03146 0.38133 0.19462 0.08438
v -0.36247 0.40152 0.02489 0.38133 0.19462 0.08438
v -0.36247 0.40152 0.00361 0.38133 0.19462 0.08438
v -0.34223 0.40152 -0.00296 0.38133 0.19462 0.08438
v -0.32973 0.40152 0.01425 0.38133 0.19462 0.08438
v -0.32693 0.41197 0.01425 0.38133 0.19462 0.08438
v -0.34137 0.41197 0.03413 0.38133 0.19462 0.08438
v -0.36473 0.41197 0.02653 0.38133 0.19462 0.08438
v -0.36473 0.41197 0.00197 0.38133 0.19462 0.08438
v -0.34137 0.41197 -0.00563 0.38133 0.19462 0.08438
v -0.32693 0.41197 0.01425 0.38133 0.19462 0.08438
v -0.32693 0.46422 0.01425 0.38133 0.19462 0.08438
v -0.34137 0.46422 0.03413 0.38133 0.19462 0.08438
v -0.36473 0.46422 0.02653 0.38133 0.19462 0.08438
v -0.36473 0.46422 0.00197 0.38133 0.19462 0.08438
v -0.34137 0.46422 -0.00563 0.38133 0.19462 0.08438
v -0.32693 0.46422 0.01425 0.38133 0.19462 0.08438
v -0.32973 0.47467 0.01425 0.38133 0.19462 0.08438
v -0.34223 0.47467 0.03146 0.38133 0.19462 0.08438
v -0.36247 0.47467 0.02489 0.38133 0.19462 0.08438
v -0.36247 0.47467 0.00361 0.38133 0.19462 0.08438
v -0.34223 0.47467 -0.00296 0.38133 0.19462 0.08438
v -0.32973 0.47467 0.01425 0.38133 0.19462 0.08438
v -0.33738 0.48232 0.01425 0.38133 0.19462 0.08438
v -0.34460 0.48232 0.02419 0.38133 0.19462 0.08438
v -0.35628 0.48232 0.02039 0.38133 0.19462 0.08438
v -0.35628 0.48232 0.00811 0.38133 0.19462 0.08438
v -0.34460 0.48232 0.00431 0.38133 0.19462 0.08438
v -0.33738 0.48232 0.01425 0.38133 0.19462 0.08438
v -0.34782 0.48512 0.01425 0.38133 0.19462 0.08438
v -0.34782 0.48512 0.01425 0.38133 0.19462 0.08438
v -0.34782 0.48512 0.01425 0.38133 0.19462 0.08438
v -0.34782 0.48512 0.01425 0.38133 0.19462 0.08438
v -0.34782 0.48512 0.01425 0.38133 0.19462 0.08438
v -0.34782 0.48512 0.01425 0.38133 0.19462 0.08438
v 0.12320 0.13400 0.00000 0.38133 0.19462 0.08438
v 0.12320 0.13400 0.00000 0.38133 0.19462 0.08438
v 0.12320 0.13400 0.00000 0.38133 0.19462 0.08438
v 0.12320 0.13400 0.00000 0.38133 0.19462 0.08438
v 0.12320 0.13400 0.00000 0.38133 0.19462 0.08438
v 0.12320 0.13400 0.00000 0.38133 0.19462 0.08438
v 0.12320 0.13400 0.00000 0.38133 0.19462 0.08438
v 0.12320 0.13400 0.00000 0.38133 0.19462 0.08438
v 0.12320 0.13400 0.00000 0.38133 0.19462 0.08438
v 0.12320 0.13400 0.00000 0.38133 0.19462 0.08438
v 0.15549 0.13911 0.00000 0.38133 0.19462 0.08438
v 0.14794 0.13911 0.02076 0.38133 0.19462 0.08438
v 0.12881 0.13911 0.03180 0.38133 0.19462 0.08438
v 0.10705 0.13911 0.02797 0.38133 0.19462 0.08438
v 0.09286 0.13911 0.01104 0.38133 0.19462 0.08438
v 0.09286 0.13911 -0.01104 0.38133 0.19462 0.08438
v 0.10705 0.13911 -0.02797 0.38133 0.19462 0.08438
v 0.12881 0.13911 -0.03180 0.38133 0.19462 0.08438
v 0.14794 0.13911 -0.02076 0.38133 0.19462 0.08438
v 0.15549 0.13911 -0.00000 0.38133 0.19462 0.08438
v 0.18462 0.15396 0.00000 0.38133 0.19462 0.08438
v 0.17025 0.15396 0.03948 0.38133 0.19462 0.08438
v 0.13387 0.15396 0.06049 0.38133 0.19462 0.08438
v 0.09249 0.15396 0.05319 0.38133 0.19462 0.08438
v 0.06548 0.15396 0.02101 0.38133 0.19462 0.08438
v 0.06548 0.15396 -0.02101 0.38133 0.19462 0.08438
v 0.09249 0.15396 -0.05319 0.38133 0.19462 0.08438
v 0.13387 0.15396 -0.06049 0.38133 0.19462 0.08438
v 0.17025 0.15396 -0.03948 0.38133 0.19462 0.08438
v 0.18462 0.15396 -0.00000 0.38133 0.19462 0.08438
v 0.20774 0.17708 0.00000 0.38133 0.19462 0.08438
v 0.18796 0.17708 0.05434 0.38133 0.19462 0.08438
v 0.13788 0.17708 0.08326 0.38133 0.19462 0.08438
v 0.08093 0.17708 0.07322 0.38133 0.19462 0.08438
v 0.04376 0.17708 0.02892 0.38133 0.19462 0.08438
v 0.04376 0.17708 -0.02892 0.38133 0.19462 0.08438
v 0.08093 0.17708 -0.07322 0.38133 0.19462 0.08438
v 0.13788 0.17708 -0.08326 0.38133 0.19462 0.08438
v 0.18796 0.17708 -0.05434 0.38133 0.19462 0.08438
v 0.20774 0.17708 -0.00000 0.38133 0.19462 0.08438
v 0.22259 0.20621 0.00000 0.38133 0.19462 0.08438
v 0.19933 0.20621 0.06388 0.38133 0.19462 0.08438
v 0.14046 0.20621 0.09788 0.38133 0.19462 0.08438
v 0.07351 0.20621 0.08607 0.38133 0.19462 0.08438
v 0.02981 0.20621 0.03399 0.38133 0.19462 0.08438
v 0.02981 0.20621 -0.03399 0.38133 0.19462 0.08438
v 0.07351 0.20621 -0.08607 0.38133 0.19462 0.08438
v 0.14046 0.20621 -0.09788 0.38133 0.19462 0.08438
v 0.19933 0.20621 -0.06388 0.38133 0.19462 0.08438
v 0.22259 0.20621 -0.00000 0.38133 0.19462 0.08438
v 0.22770 0.23850 0.00000 0.38133 0.19462 0.08438
v 0.20325 0.23850 0.06717 0.38133 0.19462 0.08438
v 0.14135 0.23850 0.10291 0.38133 0.19462 0.08438
v 0.07095 0.23850 0.09050 0.38133 0.19462 0.08438
v 0.02500 0.23850 0.03574 0.38133 0.19462 0.08438
v 0.02500 0.23850 -0.03574 0.38133 0.19462 0.08438
v 0.07095 0.23850 -0.09050 0.38133 0.19462 0.08438
v 0.14135 0.23850 -0.10291 0.38133 0.19462 0.08438
v 0.20325 0.23850 -0.06717 0.38133 0.19462 0.08438
v 0.22770 0.23850 -0.00000 0.38133 0.19462 0.08438
v 0.22770 0.37450 0.00000 0.38133 0.19462 0.08438
v 0.20325 0.37450 0.06717 0.38133 0.19462 0.08438
v 0.14135 0.37450 0.10291 0.38133 0.19462 0.08438
v 0.07095 0.37450 0.09050 0.38133 0.19462 0.08438
v 0.02500 0.37450 0.03574 0.38133 0.19462 0.08438
v 0.02500 0.37450 -0.03574 0.38133 0.19462 0.08438
v 0.07095 0.37450 -0.09050 0.38133 0.19462 0.08438
v 0.14135 0.37450 -0.10291 0.38133 0.19462 0.08438
v 0.20325 0.37450 -0.06717 0.38133 0.19462 0.08438
v 0.22770 0.37450 -0.00000 0.38133 0.19462 0.08438
v 0.22259 0.40679 0.00000 0.38133 0.19462 0.08438
v 0.19933 0.40679 0.06388 0.38133 0.19462 0.08438
v 0.14046 0.40679 0.09788 0.38133 0.19462 0.08438
v 0.07351 0.40679 0.08607 0.38133 0.19462 0.08438
v 0.02981 0.40679 0.03399 0.38133 0.19462 0.08438
v 0.02981 0.40679 -0.03399 0.38133 0.19462 0.08438
v 0.07351 0.40679 -0.08607 0.38133 0.19462 0.08438
v 0.14046 0.40679 -0.09788 0.38133 0.19462 0.08438
v 0.19933 0.40679 -0.06388 0.38133 0.19462 0.08438
v 0.22259 0.40679 -0.00000 0.38133 0.19462 0.08438
v 0.20774 0.43592 0.00000 0.38133 0.19462 0.08438
v 0.18796 0.43592 0.05434 0.38133 0.19462 0.08438
v 0.13788 0.43592 0.08326 0.38133 0.19462 0.08438
v 0.08093 0.43592 0.07322 0.38133 0.19462 0.08438
v 0.04376 0.43592 0.02892 0.38133 0.19462 0.08438
v 0.04376 0.43592 -0.02892 0.38133 0.19462 0.08438
v 0.08093 0.43592 -0.07322 0.38133 0.19462 0.08438
v 0.13788 0.43592 -0.08326 0.38133 0.19462 0.08438
v 0.18796 0.43592 -0.05434 0.38133 0.19462 0.08438
v 0.20774 0.43592 -0.00000 0.38133 0.19462 0.08438
v 0.18462 0.45904 0.00000 0.38133 0.19462 0.08438
v 0.17025 0.45904 0.03948 0.38133 0.19462 0.08438
v 0.13387 0.45904 0.06049 0.38133 0.19462 0.08438
v 0.09249 0.45904 0.05319 0.38133 0.19462 0.08438
v 0.06548 0.45904 0.02101 0.38133 0.19462 0.08438
v 0.06548 0.45904 -0.02101 0.38133 0.19462 0.08438
v 0.09249 0.45904 -0.05319 0.38133 0.19462 0.08438
v 0.13387 0.45904 -0.06049 0.38133 0.19462 0.08438
v 0.17025 0.45904 -0.03948 0.38133 0.19462 0.08438
v 0.18462 0.45904 -0.00000 0.38133 0.19462 0.08438
v 0.15549 0.47389 0.00000 0.38133 0.19462 0.08438
v 0.14794 0.47389 0.02076 0.38133 0.19462 0.08438
v 0.12881 0.47389 0.03180 0.38133 0.19462 0.08438
v 0.10705 0.47389 0.02797 0.38133 0.19462 0.08438
v 0.09286 0.47389 0.01104 0.38133 0.19462 0.08438
v 0.09286 0.47389 -0.01104 0.38133 0.19462 0.08438
v 0.10705 0.47389 -0.02797 0.38133 0.19462 0.08438
v 0.12881 0.47389 -0.03180 0.38133 0.19462 0.08438
v 0.14794 0.47389 -0.02076 0.38133 0.19462 0.08438
v 0.15549 0.47389 -0.00000 0.38133 0.19462 0.08438
v 0.12320 0.47900 0.00000 0.38133 0.19462 0.08438
v 0.12320 0.47900 0.00000 0.38133 0.19462 0.08438
v 0.12320 0.47900 0.00000 0.38133 0.19462 0.08438
v 0.12320 0.47900 0.00000 0.38133 0.19462 0.08438
v 0.12320 0.47900 0.00000 0.38133 0.19462 0.08438
v 0.12320 0.47900 -0.00000 0.38133 0.19462 0.08438
v 0.12320 0.47900 -0.00000 0.38133 0.19462 0.08438
v 0.12320 0.47900 -0.00000 0.38133 0.19462 0.08438
v 0.12320 0.47900 -0.00000 0.38133 0.19462 0.08438
v 0.12320 0.47900 -0.00000 0.38133 0.19462 0.08438
v 0.12320 0.00000 0.00000 0.38133 0.19462 0.08438
v 0.12320 0.00000 0.00000 0.38133 0.19462 0.08438
v 0.12320 0.00000 0.00000 0.38133 0.19462 0.08438
v 0.12320 0.00000 0.00000 0.38133 0.19462 0.08438
v 0.12320 0.00000 0.00000 0.38133 0.19462 0.08438
v 0.12320 0.00000 0.00000 0.38133 0.19462 0.08438
v 0.12320 0.00000 0.00000 0.38133 0.19462 0.08438
v 0.12320 0.00000 0.00000 0.38133 0.19462 0.08438
v 0.12320 0.00000 0.00000 0.38133 0.19462 0.08438
v 0.12320 0.00000 0.00000 0.38133 0.19462 0.08438
v 0.14962 0.00418 0.00000 0.38133 0.19462 0.08438
v 0.14344 0.00418 0.01698 0.38133 0.19462 0.08438
v 0.12779 0.00418 0.02602 0.38133 0.19462 0.08438
v 0.10999 0.00418 0.02288 0.38133 0.19462 0.08438
v 0.09837 0.00418 0.00904 0.38133 0.19462 0.08438
v 0.09837 0.00418 -0.00904 0.38133 0.19462 0.08438
v 0.10999 0.00418 -0.02288 0.38133 0.19462 0.08438
v 0.12779 0.00418 -0.02602 0.38133 0.19462 0.08438
v 0.14344 0.00418 -0.01698 0.38133 0.19462 0.08438
v 0.14962 0.00418 -0.00000 0.38133 0.19462 0.08438
v 0.17346 0.01633 0.00000 0.38133 0.19462 0.08438
v 0.16170 0.01633 0.03230 0.38133 0.19462 0.08438
v 0.13193 0.01633 0.04949 0.38133 0.19462 0.08438
v 0.09807 0.01633 0.04352 0.38133 0.19462 0.08438
v 0.07598 0.01633 0.01719 0.38133 0.19462 0.08438
v 0.07598 0.01633 -0.01719 0.38133 0.19462 0.08438
v 0.09807 0.01633 -0.04352 0.38133 0.19462 0.08438
v 0.13193 0.01633 -0.04949 0.38133 0.19462 0.08438
v 0.16170 0.01633 -0.03230 0.38133 0.19462 0.08438
v 0.17346 0.01633 -0.00000 0.38133 0.19462 0.08438
v 0.19237 0.03524 0.00000 0.38133 0.19462 0.08438
v 0.17619 0.03524 0.04446 0.38133 0.19462 0.08438
v 0.13521 0.03524 0.06812 0.38133 0.19462 0.08438
v 0.08861 0.03524 0.05990 0.38133 0.19462 0.08438
v 0.05820 0.03524 0.02366 0.38133 0.19462 0.08438
v 0.05820 0.03524 -0.02366 0.38133 0.19462 0.08438
v 0.08861 0.03524 -0.05990 0.38133 0.19462 0.08438
v 0.13521 0.03524 -0.06812 0.38133 0.19462 0.08438
v 0.17619 0.03524 -0.04446 0.38133 0.19462 0.08438
v 0.19237 0.03524 -0.00000 0.38133 0.19462 0.08438
v 0.20452 0.05908 0.00000 0.38133 0.19462 0.08438
v 0.18549 0.05908 0.05227 0.38133 0.19462 0.08438
v 0.13732 0.05908 0.08008 0.38133 0.19462 0.08438
v 0.08254 0.05908 0.07042 0.38133 0.19462 0.08438
v 0.04679 0.05908 0.02781 0.38133 0.19462 0.08438
v 0.04679 0.05908 -0.02781 0.38133 0.19462 0.08438
v 0.08254 0.05908 -0.07042 0.38133 0.19462 0.08438
v 0.13732 0.05908 -0.08008 0.38133 0.19462 0.08438
v 0.18549 0.05908 -0.05227 0.38133 0.19462 0.08438
v 0.20452 0.05908 -0.00000 0.38133 0.19462 0.08438
v 0.20870 0.08550 0.00000 0.38133 0.19462 0.08438
v 0.18870 0.08550 0.05496 0.38133 0.19462 0.08438
v 0.13805 0.08550 0.08420 0.38133 0.19462 0.08438
v 0.08045 0.08550 0.07405 0.38133 0.19462 0.08438
v 0.04286 0.08550 0.02924 0.38133 0.19462 0.08438
v 0.04286 0.08550 -0.02924 0.38133 0.19462 0.08438
v 0.08045 0.08550 -0.07405 0.38133 0.19462 0.08438
v 0.13805 0.08550 -0.08420 0.38133 0.19462 0.08438
v 0.18870 0.08550 -0.05496 0.38133 0.19462 0.08438
v 0.20870 0.08550 -0.00000 0.38133 0.19462 0.08438
v 0.20870 0.20110 0.00000 0.38133 0.19462 0.08438
v 0.18870 0.20110 0.05496 0.38133 0.19462 0.08438
v 0.13805 0.20110 0.08420 0.38133 0.19462 0.08438
v 0.08045 0.20110 0.07405 0.38133 0.19462 0.08438
v 0.04286 0.20110 0.02924 0.38133 0.19462 0.08438
v 0.04286 0.20110 -0.02924 0.38133 0.19462 0.08438
v 0.08045 0.20110 -0.07405 0.38133 0.19462 0.08438
v 0.13805 0.20110 -0.08420 0.38133 0.19462 0.08438
v 0.18870 0.20110 -0.05496 0.38133 0.19462 0.08438
v 0.20870 0.20110 -0.00000 0.38133 0.19462 0.08438
v 0.20452 0.22752 0.00000 0.38133 0.19462 0.08438
v 0.18549 0.22752 0.05227 0.38133 0.19462 0.08438
v 0.13732 0.22752 0.08008 0.38133 0.19462 0.08438
v 0.08254 0.22752 0.07042 0.38133 0.19462 0.08438
v 0.04679 0.22752 0.02781 0.38133 0.19462 0.08438
v 0.04679 0.22752 -0.02781 0.38133 0.19462 0.08438
v 0.08254 0.22752 -0.07042 0.38133 0.19462 0.08438
v 0.13732 0.22752 -0.08008 0.38133 0.19462 0.08438
v 0.18549 0.22752 -0.05227 0.38133 0.19462 0.08438
v 0.20452 0.22752 -0.00000 0.38133 0.19462 0.08438
v 0.19237 0.25136 0.00000 0.38133 0.19462 0.08438
v 0.17619 0.25136 0.04446 0.38133 0.19462 0.08438
v 0.13521 0.25136 0.06812 0.38133 0.19462 0.08438
v 0.08861 0.25136 0.05990 0.38133 0.19462 0.08438
v 0.05820 0.25136 0.02366 0.38133 0.19462 0.08438
v 0.05820 0.25136 -0.02366 0.38133 0.19462 0.08438
v 0.08861 0.25136 -0.05990 0.38133 0.19462 0.08438
v 0.13521 0.25136 -0.06812 0.38133 0.19462 0.08438
v 0.17619 0.25136 -0.04446 0.38133 0.19462 0.08438
v 0.19237 0.25136 -0.00000 0.38133 0.19462 0.08438
v 0.17346 0.27027 0.00000 0.38133 0.19462 0.08438
v 0.16170 0.27027 0.03230 0.38133 0.19462 0.08438
v 0.13193 0.27027 0.04949 0.38133 0.19462 0.08438
v 0.09807 0.27027 0.04352 0.38133 0.19462 0.08438
v 0.07598 0.27027 0.01719 0.38133 0.19462 0.08438
v 0.07598 0.27027 -0.01719 0.38133 0.19462 0.08438
v 0.09807 0.27027 -0.04352 0.38133 0.19462 0.08438
v 0.13193 0.27027 -0.04949 0.38133 0.19462 0.08438
v 0.16170 0.27027 -0.03230 0.38133 0.19462 0.08438
v 0.17346 0.27027 -0.00000 0.38133 0.19462 0.08438
v 0.14962 0.28242 0.00000 0.38133 0.19462 0.08438
v 0.14344 0.28242 0.01698 0.38133 0.19462 0.08438
v 0.12779 0.28242 0.02602 0.38133 0.19462 0.08438
v 0.10999 0.28242 0.02288 0.38133 0.19462 0.08438
v 0.09837 0.28242 0.00904 0.38133 0.19462 0.08438
v 0.09837 0.28242 -0.00904 0.38133 0.19462 0.08438
v 0.10999 0.28242 -0.02288 0.38133 0.19462 0.08438
v 0.12779 0.28242 -0.02602 0.38133 0.19462 0.08438
v 0.14344 0.28242 -0.01698 0.38133 0.19462 0.08438
v 0.14962 0.28242 -0.00000 0.38133 0.19462 0.08438
v 0.12320 0.28660 0.00000 0.38133 0.19462 0.08438
v 0.12320 0.28660 0.00000 0.38133 0.19462 0.08438
v 0.12320 0.28660 0.00000 0.38133 0.19462 0.08438
v 0.12320 0.28660 0.00000 0.38133 0.19462 0.08438
v 0.12320 0.28660 0.00000 0.38133 0.19462 0.08438
v 0.12320 0.28660 -0.00000 0.38133 0.19462 0.08438
v 0.12320 0.28660 -0.00000 0.38133 0.19462 0.08438
v 0.12320 0.28660 -0.00000 0.38133 0.19462 0.08438
v 0.12320 0.28660 -0.00000 0.38133 0.19462 0.08438
v 0.12320 0.28660 -0.00000 0.38133 0.19462 0.08438
v -0.12320 0.13400 0.00000 0.38133 0.19462 0.08438
v -0.12320 0.13400 0.00000 0.38133 0.19462 0.08438
v -0.12320 0.13400 0.00000 0.38133 0.19462 0.08438
v -0.12320 0.13400 0.00000 0.38133 0.19462 0.08438
v -0.12320 0.13400 0.00000 0.38133 0.19462 0.08438
v -0.12320 0.13400 0.00000 0.38133 0.19462 0.08438
v -0.12320 0.13400 0.00000 0.38133 0.19462 0.08438
v -0.12320 0.13400 0.00000 0.38133 0.19462 0.08438
v -0.12320 0.13400 0.00000 0.38133 0.19462 0.08438
v -0.12320 0.13400 0.00000 0.38133 0.19462 0.08438
v -0.09091 0.13911 0.00000 0.38133 0.19462 0.08438
v -0.09846 0.13911 0.02076 0.38133 0.19462 0.08438
v -0.11759 0.13911 0.03180 0.38133 0.19462 0.08438
v -0.13935 0.13911 0.02797 0.38133 0.19462 0.08438
v -0.15354 0.13911 0.01104 0.38133 0.19462 0.08438
v -0.15354 0.13911 -0.01104 0.38133 0.19462 0.08438
v -0.13935 0.13911 -0.02797 0.38133 0.19462 0.08438
v -0.11759 0.13911 -0.03180 0.38133 0.19462 0.08438
v -0.09846 0.13911 -0.02076 0.38133 0.19462 0.08438
v -0.09091 0.13911 -0.00000 0.38133 0.19462 0.08438
v -0.06178 0.15396 0.00000 0.38133 0.19462 0.08438
v -0.07615 0.15396 0.03948 0.38133 0.19462 0.08438
v -0.11253 0.15396 0.06049 0.38133 0.19462 0.08438
v -0.15391 0.15396 0.05319 0.38133 0.19462 0.08438
v -0.18092 0.15396 0.02101 0.38133 0.19462 0.08438
v -0.18092 0.15396 -0.02101 0.38133 0.19462 0.08438
v -0.15391 0.15396 -0.05319 0.38133 0.19462 0.08438
v -0.11253 0.15396 -0.06049 0.38133 0.19462 0.08438
v -0.07615 0.15396 -0.03948 0.38133 0.19462 0.08438
v -0.06178 0.15396 -0.00000 0.38133 0.19462 0.08438
v -0.03866 0.17708 0.00000 0.38133 0.19462 0.08438
v -0.05844 0.17708 0.05434 0.38133 0.19462 0.08438
v -0.10852 0.17708 0.08326 0.38133 0.19462 0.08438
v -0.16547 0.17708 0.07322 0.38133 0.19462 0.08438
v -0.20264 0.17708 0.02892 0.38133 0.19462 0.08438
v -0.20264 0.17708 -0.02892 0.38133 0.19462 0.08438
v -0.16547 0.17708 -0.07322 0.38133 0.19462 0.08438
v -0.10852 0.17708 -0.08326 0.38133 0.19462 0.08438
v -0.05844 0.17708 -0.05434 0.38133 0.19462 0.08438
v -0.03866 0.17708 -0.00000 0.38133 0.19462 0.08438
v -0.02381 0.20621 0.00000 0.38133 0.19462 0.08438
v -0.04707 0.20621 0.06388 0.38133 0.19462 0.08438
v -0.10594 0.20621 0.09788 0.38133 0.19462 0.08438
v -0.17289 0.20621 0.08607 0.38133 0.19462 0.08438
v -0.21659 0.20621 0.03399 0.38133 0.19462 0.08438
v -0.21659 0.20621 -0.03399 0.38133 0.19462 0.08438
v -0.17289 0.20621 -0.08607 0.38133 0.19462 0.08438
v -0.10594 0.20621 -0.09788 0.38133 0.19462 0.08438
v -0.04707 0.20621 -0.06388 0.38133 0.19462 0.08438
v -0.02381 0.20621 -0.00000 0.38133 0.19462 0.08438
v -0.01870 0.23850 0.00000 0.38133 0.19462 0.08438
v -0.04315 0.23850 0.06717 0.38133 0.19462 0.08438
v -0.10505 0.23850 0.10291 0.38133 0.19462 0.08438
v -0.17545 0.23850 0.09050 0.38133 0.19462 0.08438
v -0.22140 0.23850 0.03574 0.38133 0.19462 0.08438
v -0.22140 0.23850 -0.03574 0.38133 0.19462 0.08438
v -0.17545 0.23850 -0.09050 0.38133 0.19462 0.08438
v -0.10505 0.23850 -0.10291 0.38133 0.19462 0.08438
v -0.04315 0.23850 -0.06717 0.38133 0.19462 0.08438
v -0.01870 0.23850 -0.00000 0.38133 0.19462 0.08438
v -0.01870 0.37450 0.00000 0.38133 0.19462 0.08438
v -0.04315 0.37450 0.06717 0.38133 0.19462 0.08438
v -0.10505 0.37450 0.10291 0.38133 0.19462 0.08438
v -0.17545 0.37450 0.09050 0.38133 0.19462 0.08438
v -0.22140 0.37450 0.03574 0.38133 0.19462 0.08438
v -0.22140 0.37450 -0.03574 0.38133 0.19462 0.08438
v -0.17545 0.37450 -0.09050 0.38133 0.19462 0.08438
v -0.10505 0.37450 -0.10291 0.38133 0.19462 0.08438
v -0.04315 0.37450 -0.06717 0.38133 0.19462 0.08438
v -0.01870 0.37450 -0.00000 0.38133 0.19462 0.08438
v -0.02381 0.40679 0.00000 0.38133 0.19462 0.08438
v -0.04707 0.40679 0.06388 0.38133 0.19462 0.08438
v -0.10594 0.40679 0.09788 0.38133 0.19462 0.08438
v -0.17289 0.40679 0.08607 0.38133 0.19462 0.08438
v -0.21659 0.40679 0.03399 0.38133 0.19462 0.08438
v -0.21659 0.40679 -0.03399 0.38133 0.19462 0.08438
v -0.17289 0.40679 -0.08607 0.38133 0.19462 0.08438
v -0.10594 0.40679 -0.09788 0.38133 0.19462 0.08438
v -0.04707 0.40679 -0.06388 0.38133 0.19462 0.08438
v -0.02381 0.40679 -0.00000 0.38133 0.19462 0.08438
v -0.03866 0.43592 0.00000 0.38133 0.19462 0.08438
v -0.05844 0.43592 0.05434 0.38133 0.19462 0.08438
v -0.10852 0.43592 0.08326 0.38133 0.19462 0.08438
v -0.16547 0.43592 0.07322 0.38133 0.19462 0.08438
v -0.20264 0.43592 0.02892 0.38133 0.19462 0.08438
v -0.20264 0.43592 -0.02892 0.38133 0.19462 0.08438
v -0.16547 0.43592 -0.07322 0.38133 0.19462 0.08438
v -0.10852 0.43592 -0.08326 0.38133 0.19462 0.08438
v -0.05844 0.43592 -0.05434 0.38133 0.19462 0.08438
v -0.03866 0.43592 -0.00000 0.38133 0.19462 0.08438
v -0.06178 0.45904 0.00000 0.38133 0.19462 0.08438
v -0.07615 0.45904 0.03948 0.38133 0.19462 0.08438
v -0.11253 0.45904 0.06049 0.38133 0.19462 0.08438
v -0.15391 0.45904 0.05319 0.38133 0.19462 0.08438
v -0.18092 0.45904 0.02101 0.38133 0.19462 0.08438
v -0.18092 0.45904 -0.02101 0.38133 0.19462 0.08438
v -0.15391 0.45904 -0.05319 0.38133 0.19462 0.08438
v -0.11253 0.45904 -0.06049 0.38133 0.19462 0.08438
v -0.07615 0.45904 -0.03948 0.38133 0.19462 0.08438
v -0.06178 0.45904 -0.00000 0.38133 0.19462 0.08438
v -0.09091 0.47389 0.00000 0.38133 0.19462 0.08438
v -0.09846 0.47389 0.02076 0.38133 0.19462 0.08438
v -0.11759 0.47389 0.03180 0.38133 0.19462 0.08438
v -0.13935 0.47389 0.02797 0.38133 0.19462 0.08438
v -0.15354 0.47389 0.01104 0.38133 0.19462 0.08438
v -0.15354 0.47389 -0.01104 0.38133 0.19462 0.08438
v -0.13935 0.47389 -0.02797 0.38133 0.19462 0.08438
v -0.11759 0.47389 -0.03180 0.38133 0.19462 0.08438
v -0.09846 0.47389 -0.02076 0.38133 0.19462 0.08438
v -0.09091 0.47389 -0.00000 0.38133 0.19462 0.08438
v -0.12320 0.47900 0.00000 0.38133 0.19462 0.08438
v -0.12320 0.47900 0.00000 0.38133 0.19462 0.08438
v -0.12320 0.47900 0.00000 0.38133 0.19462 0.08438
v -0.12320 0.47900 0.00000 0.38133 0.19462 0.08438
v -0.12320 0.47900 0.00000 0.38133 0.19462 0.08438
v -0.12320 0.47900 -0.00000 0.38133 0.19462 0.08438
v -0.12320 0.47900 -0.00000 0.38133 0.19462 0.08438
v -0.12320 0.47900 -0.00000 0.38133 0.19462 0.08438
v -0.12320 0.47900 -0.00000 0.38133 0.19462 0.08438
v -0.12320 0.47900 -0.00000 0.38133 0.19462 0.08438
v -0.12320 0.00000 0.00000 0.38133 0.19462 0.08438
v -0.12320 0.00000 0.00000 0.38133 0.19462 0.08438
v -0.12320 0.00000 0.00000 0.38133 0.19462 0.08438
v -0.12320 0.00000 0.00000 0.38133 0.19462 0.08438
v -0.12320 0.00000 0.00000 0.38133 0.19462 0.08438
v -0.12320 0.00000 0.00000 0.38133 0.19462 0.08438
v -0.12320 0.00000 0.00000 0.38133 0.19462 0.08438
v -0.12320 0.00000 0.00000 0.38133 0.19462 0.08438
v -0.12320 0.00000 0.00000 0.38133 0.19462 0.08438
v -0.12320 0.00000 0.00000 0.38133 0.19462 0.08438
v -0.09678 0.00418 0.00000 0.38133 0.19462 0.08438
v -0.10296 0.00418 0.01698 0.38133 0.19462 0.08438
v -0.11861 0.00418 0.02602 0.38133 0.19462 0.08438
v -0.13641 0.00418 0.02288 0.38133 0.19462 0.08438
v -0.14803 0.00418 0.00904 0.38133 0.19462 0.08438
v -0.14803 0.00418 -0.00904 0.38133 0.19462 0.08438
v -0.13641 0.00418 -0.02288 0.38133 0.19462 0.08438
v -0.11861 0.00418 -0.02602 0.38133 0.19462 0.08438
v -0.10296 0.00418 -0.01698 0.38133 0.19462 0.08438
v -0.09678 0.00418 -0.00000 0.38133 0.19462 0.08438
v -0.07294 0.01633 0.00000 0.38133 0.19462 0.08438
v -0.08470 0.01633 0.03230 0.38133 0.19462 0.08438
v -0.11447 0.01633 0.04949 0.38133 0.19462 0.08438
v -0.14833 0.01633 0.04352 0.38133 0.19462 0.08438
v -0.17042 0.01633 0.01719 0.38133 0.19462 0.08438
v -0.17042 0.01633 -0.01719 0.38133 0.19462 0.08438
v -0.14833 0.01633 -0.04352 0.38133 0.19462 0.08438
v -0.11447 0.01633 -0.04949 0.38133 0.19462 0.08438
v -0.08470 0.01633 -0.03230 0.38133 0.19462 0.08438
v -0.07294 0.01633 -0.00000 0.38133 0.19462 0.08438
v -0.05403 0.03524 0.00000 0.38133 0.19462 0.08438
v -0.07021 0.03524 0.04446 0.38133 0.19462 0.08438
v -0.11119 0.03524 0.06812 0.38133 0.19462 0.08438
v -0.15779 0.03524 0.05990 0.38133 0.19462 0.08438
v -0.18820 0.03524 0.02366 0.38133 0.19462 0.08438
v -0.18820 0.03524 -0.02366 0.38133 0.19462 0.08438
v -0.15779 0.03524 -0.05990 0.38133 0.19462 0.08438
v -0.11119 0.03524 -0.06812 0.38133 0.19462 0.08438
v -0.07021 0.03524 -0.04446 0.38133 0.19462 0.08438
v -0.05403 0.03524 -0.00000 0.38133 0.19462 0.08438
v -0.04188 0.05908 0.00000 0.38133 0.19462 0.08438
v -0.06091 0.05908 0.05227 0.38133 0.19462 0.08438
v -0.10908 0.05908 0.08008 0.38133 0.19462 0.08438
v -0.16386 0.05908 0.07042 0.38133 0.19462 0.08438
v -0.19961 0.05908 0.02781 0.38133 0.19462 0.08438
v -0.19961 0.05908 -0.02781 0.38133 0.19462 0.08438
v -0.16386 0.05908 -0.07042 0.38133 0.19462 0.08438
v -0.10908 0.05908 -0.08008 0.38133 0.19462 0.08438
v -0.06091 0.05908 -0.05227 0.38133 0.19462 0.08438
v -0.04188 0.05908 -0.00000 0.38133 0.19462 0.08438
v -0.03770 0.08550 0.00000 0.38133 0.19462 0.08438
v -0.05770 0.08550 0.05496 0.38133 0.19462 0.08438
v -0.10835 0.08550 0.08420 0.38133 0.19462 0.08438
v -0.16595 0.08550 0.07405 0.38133 0.19462 0.08438
v -0.20354 0.08550 0.02924 0.38133 0.19462 0.08438
v -0.20354 0.08550 -0.02924 0.38133 0.19462 0.08438
v -0.16595 0.08550 -0.07405 0.38133 0.19462 0.08438
v -0.10835 0.08550 -0.08420 0.38133 0.19462 0.08438
v -0.05770 0.08550 -0.05496 0.38133 0.19462 0.08438
v -0.03770 0.08550 -0.00000 0.38133 0.19462 0.08438
v -0.03770 0.20110 0.00000 0.38133 0.19462 0.08438
v -0.05770 0.20110 0.05496 0.38133 0.19462 0.08438
v -0.10835 0.20110 0.08420 0.38133 0.19462 0.08438
v -0.16595 0.20110 0.07405 0.38133 0.19462 0.08438
v -0.20354 0.20110 0.02924 0.38133 0.19462 0.08438
v -0.20354 0.20110 -0.02924 0.38133 0.19462 0.08438
v -0.16595 0.20110 -0.07405 0.38133 0.19462 0.08438
v -0.10835 0.20110 -0.08420 0.38133 0.19462 0.08438
v -0.05770 0.20110 -0.05496 0.38133 0.19462 0.08438
v -0.03770 0.20110 -0.00000 0.38133 0.19462 0.08438
v -0.04188 0.22752 0.00000 0.38133 0.19462 0.08438
v -0.06091 0.22752 0.05227 0.38133 0.19462 0.08438
v -0.10908 0.22752 0.08008 0.38133 0.19462 0.08438
v -0.16386 0.22752 0.07042 0.38133 0.19462 0.08438
v -0.19961 0.22752 0.02781 0.38133 0.19462 0.08438
v -0.19961 0.22752 -0.02781 0.38133 0.19462 0.08438
v -0.16386 0.22752 -0.07042 0.38133 0.19462 0.08438
v -0.10908 0.22752 -0.08008 0.38133 0.19462 0.08438
v -0.06091 0.22752 -0.05227 0.38133 0.19462 0.08438
v -0.04188 0.22752 -0.00000 0.38133 0.19462 0.08438
v -0.05403 0.25136 0.00000 0.38133 0.19462 0.08438
v -0.07021 0.25136 0.04446 0.38133 0.19462 0.08438
v -0.11119 0.25136 0.06812 0.38133 0.19462 0.08438
v -0.15779 0.25136 0.05990 0.38133 0.19462 0.08438
v -0.18820 0.25136 0.02366 0.38133 0.19462 0.08438
v -0.18820 0.25136 -0.02366 0.38133 0.19462 0.08438
v -0.15779 0.25136 -0.05990 0.38133 0.19462 0.08438
v -0.11119 0.25136 -0.06812 0.38133 0.19462 0.08438
v -0.07021 0.25136 -0.04446 0.38133 0.19462 0.08438
v -0.05403 0.25136 -0.00000 0.38133 0.19462 0.08438
v -0.07294 0.27027 0.00000 0.38133 0.19462 0.08438
v -0.08470 0.27027 0.03230 0.38133 0.19462 0.08438
v -0.11447 0.27027 0.04949 0.38133 0.19462 0.08438
v -0.14833 0.27027 0.04352 0.38133 0.19462 0.08438
v -0.17042 0.27027 0.01719 0.38133 0.19462 0.08438
v -0.17042 0.27027 -0.01719 0.38133 0.19462 0.08438
v -0.14833 0.27027 -0.04352 0.38133 0.19462 0.08438
v -0.11447 0.27027 -0.04949 0.38133 0.19462 0.08438
v -0.08470 0.27027 -0.03230 0.38133 0.19462 0.08438
v -0.07294 0.27027 -0.00000 0.38133 0.19462 0.08438
v -0.09678 0.28242 0.00000 0.38133 0.19462 0.08438
v -0.10296 0.28242 0.01698 0.38133 0.19462 0.08438
v -0.11861 0.28242 0.02602 0.38133 0.19462 0.08438
v -0.13641 0.28242 0.02288 0.38133 0.19462 0.08438
v -0.14803 0.28242 0.00904 0.38133 0.19462 0.08438
v -0.14803 0.28242 -0.00904 0.38133 0.19462 0.08438
v -0.13641 0.28242 -0.02288 0.38133 0.19462 0.08438
v -0.11861 0.28242 -0.02602 0.38133 0.19462 0.08438
v -0.10296 0.28242 -0.01698 0.38133 0.19462 0.08438
v -0.09678 0.28242 -0.00000 0.38133 0.19462 0.08438
v -0.12320 0.28660 0.00000 0.38133 0.19462 0.08438
v -0.12320 0.28660 0.00000 0.38133 0.19462 0.08438
v -0.12320 0.28660 0.00000 0.38133 0.19462 0.08438
v -0.12320 0.28660 0.00000 0.38133 0.19462 0.08438
v -0.12320 0.28660 0.00000 0.38133 0.19462 0.08438
v -0.12320 0.28660 -0.00000 0.38133 0.19462 0.08438
v -0.12320 0.28660 -0.00000 0.38133 0.19462 0.08438
v -0.12320 0.28660 -0.00000 0.38133 0.19462 0.08438
v -0.12320 0.28660 -0.00000 0.38133 0.19462 0.08438
v -0.12320 0.28660 -0.00000 0.38133 0.19462 0.08438
f 1 3 2
f 4 6 5
f 7 9 8
f 10 12 11
f 13 15 14
f 16 18 17
f 19 21 20
f 22 24 23
f 25 27 26
f 28 30 29
f 31 33 32
f 34 36 35
f 37 39 38
f 40 42 41
f 43 45 44
f 46 48 47
f 49 51 50
f 52 54 53
f 55 57 56
f 58 60 59
f 61 63 62
f 64 66 65
f 67 69 68
f 70 72 71
f 73 75 74
f 76 78 77
f 79 81 80
f 82 84 83
f 85 87 86
f 88 90 89
f 91 93 92
f 94 96 95
f 97 99 98
f 100 102 101
f 103 105 104
f 106 108 107
f 109 111 110
f 112 114 113
f 115 117 116
f 118 120 119
f 121 123 122
f 124 126 125
f 127 129 128
f 130 132 131
f 133 135 134
f 136 138 137
f 139 141 140
f 142 144 143
f 145 147 146
f 148 150 149
f 151 153 152
f 154 156 155
f 157 159 158
f 160 162 161
f 163 165 164
f 166 168 167
f 169 171 170
f 172 174 173
f 175 177 176
f 178 180 179
f 181 183 182
f 184 186 185
f 187 189 188
f 190 192 191
f 193 195 194
f 196 198 197
f 199 201 200
f 202 204 203
f 205 207 206
f 208 210 209
f 211 213 212
f 214 216 215
f 217 219 218
f 220 222 221
f 223 225 224
f 226 228 227
f 229 231 230
f 232 234 233
f 235 237 236
f 238 240 239
f 241 243 242
f 244 246 245
f 247 249 248
f 250 252 251
f 253 255 254
f 256 258 257
f 259 261 260
f 262 264 263
f 265 267 266
f 268 270 269
f 271 273 272
f 274 276 275
f 277 279 278
f 280 282 281
f 283 285 284
f 286 288 287
f 289 291 290
f 292 294 293
f 295 297 296
f 298 300 299
f 301 303 302
f 304 306 305
f 307 309 308
f 310 312 311
f 313 315 314
f 316 318 317
f 319 321 320
f 322 324 323
f 325 327 326
f 328 330 329
f 331 333 332
f 334 336 335
f 337 339 338
f 340 342 341
f 343 345 344
f 346 348 347
f 349 351 350
f 352 354 353
f 355 357 356
f 358 360 359
f 361 363 362
f 364 366 365
f 367 369 368
f 370 372 371
f 373 375 374
f 376 378 377
f 379 381 380
f 382 384 383
f 385 387 386
f 388 390 389
f 391 393 392
f 394 396 395
f 397 399 398
f 400 402 401
f 403 405 404
f 406 408 407
f 409 411 410
f 412 414 413
f 415 417 416
f 418 420 419
f 421 423 422
f 424 426 425
f 427 429 428
f 430 432 431
f 433 435 434
f 436 438 437
f 439 441 440
f 442 444 443
f 445 447 446
f 448 450 449
f 451 453 452
f 454 456 455
f 457 459 458
f 460 462 461
f 463 465 464
f 466 468 467
f 469 471 470
f 472 474 473
f 475 477 476
f 478 480 479
f 481 483 482
f 484 486 485
f 487 489 488
f 490 492 491
f 493 495 494
f 496 498 497
f 499 501 500
f 502 504 503
f 505 507 506
f 508 510 509
f 511 513 512
f 514 516 515
f 517 519 518
f 520 522 521
f 523 525 524
f 526 528 527
f 529 531 530
f 532 534 533
f 535 537 536
f 538 540 539
f 541 543 542
f 544 546 545
f 547 549 548
f 550 552 551
f 553 555 554
f 556 558 557
f 559 561 560
f 562 564 563
f 565 567 566
f 568 570 569
f 571 573 572
f 574 576 575
f 577 579 578
f 580 582 581
f 583 585 584
f 586 588 587
f 589 591 590
f 592 594 593
f 595 597 596
f 598 600 599
f 601 603 602
f 604 606 605
f 607 609 608
f 610 612 611
f 613 615 614
f 616 618 617
f 619 621 620
f 622 624 623
f 625 627 626
f 628 630 629
f 631 633 632
f 634 636 635
f 637 639 638
f 640 642 641
f 643 645 644
f 646 648 647
f 649 651 650
f 652 654 653
f 655 657 656
f 658 660 659
f 661 663 662
f 664 666 665
f 667 669 668
f 670 672 671
f 673 675 674
f 676 678 677
f 679 681 680
f 682 684 683
f 685 687 686
f 688 690 689
f 691 693 692
f 694 696 695
f 697 699 698
f 700 702 701
f 703 705 704
f 706 708 707
f 709 711 710
f 712 714 713
f 715 717 716
f 718 720 719
f 721 723 722
f 724 726 725
f 727 729 728
f 730 732 731
f 733 735 734
f 736 738 737
f 739 741 740
f 742 744 743
f 745 747 746
f 748 750 749
f 751 753 752
f 754 756 755
f 757 759 758
f 760 762 761
f 763 765 764
f 766 768 767
f 769 771 770
f 772 774 773
f 775 777 776
f 778 780 779
f 781 783 782
f 784 786 785
f 787 789 788
f 790 792 791
f 793 795 794
f 796 798 797
f 799 801 800
f 802 804 803
f 805 807 806
f 808 810 809
f 811 813 812
f 814 816 815
f 817 819 818
f 820 822 821
f 823 825 824
f 826 828 827
f 829 831 830
f 832 834 833
f 835 837 836
f 838 840 839
f 841 843 842
f 844 846 845
f 847 849 848
f 850 852 851
f 853 855 854
f 856 858 857
f 859 861 860
f 862 864 863
f 865 867 866
f 868 870 869
f 871 873 872
f 874 876 875
f 877 879 878
f 880 882 881
f 883 885 884
f 886 888 887
f 889 891 890
f 892 894 893
f 895 897 896
f 898 900 899
f 901 903 902
f 904 906 905
f 907 909 908
f 910 912 911
f 913 915 914
f 916 918 917
f 919 921 920
f 922 924 923
f 925 927 926
f 928 930 929
f 931 933 932
f 934 936 935
f 937 939 938
f 940 942 941
f 943 945 944
f 946 948 947
f 949 951 950
f 952 954 953
f 955 957 956
f 958 960 959
f 961 963 962
f 964 966 965
f 967 969 968
f 970 972 971
f 973 975 974
f 976 978 977
f 979 981 980
f 982 984 983
f 985 987 986
f 988 990 989
f 991 993 992
f 994 996 995
f 997 999 998
f 1000 1002 1001
f 1003 1005 1004
f 1006 1008 1007
f 1009 1011 1010
f 1012 1014 1013
f 1015 1017 1016
f 1018 1020 1019
f 1021 1023 1022
f 1024 1026 1025
f 1027 1029 1028
f 1030 1032 1031
f 1033 1035 1034
f 1036 1038 1037
f 1039 1041 1040
f 1042 1044 1043
f 1045 1047 1046
f 1048 1050 1049
f 1051 1053 1052
f 1054 1056 1055
f 1057 1059 1058
f 1060 1062 1061
f 1063 1065 1064
f 1066 1068 1067
f 1069 1071 1070
f 1072 1074 1073
f 1075 1077 1076
f 1078 1080 1079
f 1081 1083 1082
f 1084 1086 1085
f 1087 1089 1088
f 1090 1092 1091
f 1093 1095 1094
f 1096 1098 1097
f 1099 1101 1100
f 1102 1104 1103
f 1105 1107 1106
f 1108 1110 1109
f 1111 1113 1112
f 1114 1116 1115
f 1117 1119 1118
f 1120 1122 1121
f 1123 1125 1124
f 1126 1128 1127
f 1129 1131 1130
f 1132 1134 1133
f 1135 1137 1136
f 1138 1140 1139
f 1141 1143 1142
f 1144 1146 1145
f 1147 1149 1148
f 1150 1152 1151
f 1153 1155 1154
f 1156 1158 1157
f 1159 1161 1160
f 1162 1164 1163
f 1165 1167 1166
f 1168 1170 1169
f 1171 1173 1172
f 1174 1176 1175
f 1177 1179 1178
f 1180 1182 1181
f 1183 1185 1184
f 1186 1188 1187
f 1189 1191 1190
f 1192 1194 1193
f 1195 1197 1196
f 1198 1200 1199
f 1201 1203 1202
f 1204 1206 1205
f 1207 1209 1208
f 1210 1212 1211
f 1213 1215 1214
f 1216 1218 1217
f 1219 1221 1220
f 1222 1224 1223
f 1225 1227 1226
f 1228 1230 1229
f 1231 1233 1232
f 1234 1236 1235
f 1237 1239 1238
f 1240 1242 1241
f 1243 1245 1244
f 1246 1248 1247
f 1249 1251 1250
f 1252 1254 1253
f 1255 1257 1256
f 1258 1260 1259
f 1261 1263 1262
f 1264 1266 1265
f 1267 1269 1268
f 1270 1272 1271
f 1273 1275 1274
f 1276 1278 1277
f 1279 1281 1280
f 1282 1284 1283
f 1285 1287 1286
f 1288 1290 1289
f 1291 1293 1292
f 1294 1296 1295
f 1297 1299 1298
f 1300 1302 1301
f 1303 1305 1304
f 1306 1308 1307
f 1309 1311 1310
f 1312 1314 1313
f 1315 1317 1316
f 1318 1320 1319
f 1321 1323 1322
f 1324 1326 1325
f 1327 1329 1328
f 1330 1332 1331
f 1333 1335 1334
f 1336 1338 1337
f 1339 1341 1340
f 1342 1344 1343
f 1345 1347 1346
f 1348 1350 1349
f 1351 1353 1352
f 1354 1356 1355
f 1357 1359 1358
f 1360 1362 1361
f 1363 1365 1364
f 1366 1368 1367
f 1369 1371 1370
f 1372 1374 1373
f 1375 1377 1376
f 1378 1380 1379
f 1381 1383 1382
f 1384 1386 1385
f 1387 1389 1388
f 1390 1392 1391
f 1393 1395 1394
f 1396 1398 1397
f 1399 1401 1400
f 1402 1404 1403
f 1405 1407 1406
f 1408 1410 1409
f 1411 1413 1412
f 1414 1416 1415
f 1417 1419 1418
f 1420 1422 1421
f 1423 1425 1424
f 1426 1428 1427
f 1429 1431 1430
f 1432 1434 1433
f 1435 1437 1436
f 1438 1440 1439
f 1441 1443 1442
f 1444 1446 1445
f 1447 1449 1448
f 1450 1452 1451
f 1453 1455 1454
f 1456 1458 1457
f 1459 1461 1460
f 1462 1464 1463
f 1465 1467 1466
f 1468 1470 1469
f 1471 1473 1472
f 1474 1476 1475
f 1477 1479 1478
f 1480 1482 1481
f 1483 1485 1484
f 1486 1488 1487
f 1489 1491 1490
f 1492 1494 1493
f 1495 1497 1496
f 1498 1500 1499
f 1501 1503 1502
f 1504 1506 1505
f 1507 1509 1508
f 1510 1512 1511
f 1513 1515 1514
f 1516 1518 1517
f 1519 1521 1520
f 1522 1524 1523
f 1525 1527 1526
f 1528 1530 1529
f 1531 1533 1532
f 1534 1536 1535
f 1537 1539 1538
f 1540 1542 1541
f 1543 1545 1544
f 1546 1548 1547
f 1549 1551 1550
f 1552 1554 1553
f 1555 1557 1556
f 1558 1560 1559
f 1561 1563 1562
f 1564 1566 1565
f 1567 1569 1568
f 1570 1572 1571
f 1573 1575 1574
f 1576 1578 1577
f 1579 1581 1580
f 1582 1584 1583
f 1585 1587 1586
f 1588 1590 1589
f 1591 1593 1592
f 1594 1596 1595
f 1597 1599 1598
f 1600 1602 1601
f 1603 1605 1604
f 1606 1608 1607
f 1609 1611 1610
f 1612 1614 1613
f 1615 1617 1616
f 1618 1620 1619
f 1621 1623 1622
f 1624 1626 1625
f 1627 1629 1628
f 1630 1632 1631
f 1633 1635 1634
f 1636 1638 1637
f 1639 1641 1640
f 1642 1644 1643
f 1645 1647 1646
f 1648 1650 1649
f 1651 1653 1652
f 1654 1656 1655
f 1657 1659 1658
f 1660 1662 1661
f 1663 1665 1664
f 1666 1668 1667
f 1669 1671 1670
f 1672 1674 1673
f 1675 1677 1676
f 1678 1680 1679
f 1681 1683 1682
f 1684 1686 1685
f 1687 1689 1688
f 1690 1692 1691
f 1693 1695 1694
f 1696 1698 1697
f 1699 1701 1700
f 1702 1704 1703
f 1705 1707 1706
f 1708 1710 1709
f 1711 1713 1712
f 1714 1716 1715
f 1717 1719 1718
f 1720 1722 1721
f 1723 1725 1724
f 1726 1728 1727
f 1729 1731 1730
f 1732 1734 1733
f 1735 1737 1736
f 1738 1740 1739
f 1741 1743 1742
f 1744 1746 1745
f 1747 1749 1748
f 1750 1752 1751
f 1753 1755 1754
f 1756 1758 1757
f 1759 1761 1760
f 1762 1764 1763
f 1765 1767 1766
f 1768 1770 1769
f 1771 1773 1772
f 1774 1776 1775
f 1777 1779 1778
f 1780 1782 1781
f 1783 1785 1784
f 1786 1788 1787
f 1789 1791 1790
f 1792 1794 1793
f 1795 1797 1796
f 1798 1800 1799
f 1801 1803 1802
f 1804 1806 1805
f 1807 1809 1808
f 1810 1812 1811
f 1813 1815 1814
f 1816 1818 1817
f 1819 1821 1820
f 1822 1824 1823
f 1825 1827 1826
f 1828 1830 1829
f 1831 1833 1832
f 1834 1836 1835
f 1837 1839 1838
f 1840 1842 1841
f 1843 1845 1844
f 1846 1848 1847
f 1849 1851 1850
f 1852 1854 1853
f 1855 1857 1856
f 1858 1860 1859
f 1861 1863 1862
f 1864 1866 1865
f 1867 1869 1868
f 1870 1872 1871
f 1873 1875 1874
f 1876 1878 1877
f 1879 1881 1880
f 1882 1884 1883
f 1885 1887 1886
f 1888 1890 1889
f 1891 1893 1892
f 1894 1896 1895
f 1897 1899 1898
f 1900 1902 1901
f 1903 1905 1904
f 1906 1908 1907
f 1909 1911 1910
f 1912 1914 1913
f 1915 1917 1916
f 1918 1920 1919
f 1921 1923 1922
f 1924 1926 1925
f 1927 1929 1928
f 1930 1932 1931
f 1933 1935 1934
f 1936 1938 1937
f 1939 1941 1940
f 1942 1944 1943
f 1945 1947 1946
f 1948 1950 1949
f 1951 1953 1952
f 1954 1956 1955
f 1957 1959 1958
f 1960 1962 1961
f 1963 1965 1964
f 1966 1968 1967
f 1969 1971 1970
f 1972 1974 1973
f 1975 1977 1976
f 1978 1980 1979
f 1981 1983 1982
f 1984 1986 1985
f 1987 1989 1988
f 1990 1992 1991
f 1993 1995 1994
f 1996 1998 1997
f 1999 2001 2000
f 2002 2004 2003
f 2005 2007 2006
f 2008 2010 2009
f 2011 2013 2012
f 2014 2016 2015
f 2017 2019 2018
f 2020 2022 2021
f 2023 2025 2024
f 2026 2028 2027
f 2029 2031 2030
f 2032 2034 2033
f 2035 2037 2036
f 2038 2040 2039
f 2041 2043 2042
f 2044 2046 2045
f 2047 2049 2048
f 2050 2052 2051
f 2053 2055 2054
f 2056 2058 2057
f 2059 2061 2060
f 2062 2064 2063
f 2065 2067 2066
f 2068 2070 2069
f 2071 2073 2072
f 2074 2076 2075
f 2077 2079 2078
f 2080 2082 2081
f 2083 2085 2084
f 2086 2088 2087
f 2089 2091 2090
f 2092 2094 2093
f 2095 2097 2096
f 2098 2100 2099
f 2101 2103 2102
f 2104 2106 2105
f 2107 2109 2108
f 2110 2112 2111
f 2113 2115 2114
f 2116 2118 2117
f 2119 2121 2120
f 2122 2124 2123
f 2125 2127 2126
f 2128 2130 2129
f 2131 2133 2132
f 2134 2136 2135
f 2137 2139 2138
f 2140 2142 2141
f 2143 2145 2144
f 2146 2148 2147
f 2149 2151 2150
f 2152 2154 2153
f 2155 2157 2156
f 2158 2160 2159
f 2161 2163 2162
f 2164 2166 2165
f 2167 2169 2168
f 2170 2172 2171
f 2173 2175 2174
f 2176 2178 2177
f 2179 2181 2180
f 2182 2184 2183
f 2185 2187 2186
f 2188 2190 2189
f 2191 2193 2192
f 2194 2196 2195
f 2197 2199 2198
f 2200 2202 2201
f 2203 2205 2204
f 2206 2208 2207
f 2209 2211 2210
f 2212 2214 2213
f 2215 2217 2216
f 2218 2220 2219
f 2221 2223 2222
f 2224 2226 2225
f 2227 2229 2228
f 2230 2232 2231
f 2233 2235 2234
f 2236 2238 2237
f 2239 2241 2240
f 2242 2244 2243
f 2245 2247 2246
f 2248 2250 2249
f 2251 2253 2252
f 2254 2256 2255
f 2257 2259 2258
f 2260 2262 2261
f 2263 2265 2264
f 2266 2268 2267
f 2269 2271 2270
f 2272 2274 2273
f 2275 2277 2276
f 2278 2280 2279
f 2281 2283 2282
f 2284 2286 2285
f 2287 2289 2288
f 2290 2292 2291
f 2293 2295 2294
f 2296 2298 2297
f 2299 2301 2300
f 2302 2304 2303
f 2305 2307 2306
f 2308 2310 2309
f 2311 2313 2312
f 2314 2316 2315
f 2317 2319 2318
f 2320 2322 2321
f 2323 2325 2324
f 2326 2328 2327
f 2329 2331 2330
f 2332 2334 2333
f 2335 2337 2336
f 2338 2340 2339
f 2341 2343 2342
f 2344 2346 2345
f 2347 2349 2348
f 2350 2352 2351
f 2353 2355 2354
f 2356 2358 2357
f 2359 2361 2360
f 2362 2364 2363
f 2365 2367 2366
f 2368 2370 2369
f 2371 2373 2372
f 2374 2376 2375
f 2377 2379 2378
f 2380 2382 2381
f 2383 2385 2384
f 2386 2388 2387
f 2389 2391 2390
f 2392 2394 2393
f 2395 2397 2396
f 2398 2400 2399
f 2401 2403 2402
f 2404 2406 2405
f 2407 2409 2408
f 2410 2412 2411
f 2413 2415 2414
f 2416 2418 2417
f 2419 2421 2420
f 2422 2424 2423
f 2425 2427 2426
f 2428 2430 2429
f 2431 2433 2432
f 2434 2436 2435
f 2437 2439 2438
f 2440 2442 2441
f 2443 2445 2444
f 2446 2448 2447
f 2449 2451 2450
f 2452 2454 2453
f 2455 2457 2456
f 2458 2460 2459
f 2461 2463 2462
f 2464 2466 2465
f 2467 2469 2468
f 2470 2472 2471
f 2473 2475 2474
f 2476 2478 2477
f 2479 2481 2480
f 2482 2484 2483
f 2485 2487 2486
f 2488 2490 2489
f 2491 2493 2492
f 2494 2496 2495
f 2497 2499 2498
f 2500 2502 2501
f 2503 2505 2504
f 2506 2508 2507
f 2509 2511 2510
f 2512 2514 2513
f 2515 2517 2516
f 2518 2520 2519
f 2521 2523 2522
f 2524 2526 2525
f 2527 2529 2528
f 2530 2532 2531
f 2533 2535 2534
f 2536 2538 2537
f 2539 2541 2540
f 2542 2544 2543
f 2545 2547 2546
f 2548 2550 2549
f 2551 2553 2552
f 2554 2556 2555
f 2557 2559 2558
f 2560 2562 2561
f 2563 2565 2564
f 2566 2568 2567
f 2569 2571 2570
f 2572 2574 2573
f 2575 2577 2576
f 2578 2580 2579
f 2581 2583 2582
f 2584 2586 2585
f 2587 2589 2588
f 2590 2592 2591
f 2593 2595 2594
f 2596 2598 2597
f 2599 2601 2600
f 2602 2604 2603
f 2605 2607 2606
f 2608 2610 2609
f 2611 2613 2612
f 2614 2616 2615
f 2617 2619 2618
f 2620 2622 2621
f 2623 2625 2624
f 2626 2628 2627
f 2629 2631 2630
f 2632 2634 2633
f 2635 2637 2636
f 2638 2640 2639
f 2641 2643 2642
f 2644 2646 2645
f 2647 2649 2648
f 2650 2652 2651
f 2653 2655 2654
f 2656 2658 2657
f 2659 2661 2660
f 2662 2664 2663
f 2665 2667 2666
f 2668 2670 2669
f 2671 2673 2672
f 2674 2676 2675
f 2677 2679 2678
f 2680 2682 2681
f 2683 2685 2684
f 2686 2688 2687
f 2689 2691 2690
f 2692 2694 2693
f 2695 2697 2696
f 2698 2700 2699
f 2701 2702 2709
f 2709 2702 2710
f 2702 2703 2710
f 2710 2703 2711
f 2703 2704 2711
f 2711 2704 2712
f 2704 2705 2712
f 2712 2705 2713
f 2705 2706 2713
f 2713 2706 2714
f 2706 2707 2714
f 2714 2707 2715
f 2707 2708 2715
f 2715 2708 2716
f 2724 2717 2725
f 2725 2718 2726
f 2726 2719 2727
f 2727 2720 2728
f 2728 2721 2729
f 2729 2722 2730
f 2730 2723 2731
f 2740 2732 2739
f 2741 2733 2740
f 2742 2734 2741
f 2743 2735 2742
f 2744 2736 2743
f 2745 2737 2744
f 2746 2738 2745
f 2747 2764 2763
f 2748 2765 2764
f 2749 2766 2765
f 2750 2767 2766
f 2751 2768 2767
f 2752 2769 2768
f 2753 2770 2769
f 2754 2771 2770
f 2755 2772 2771
f 2756 2773 2772
f 2757 2774 2773
f 2758 2775 2774
f 2759 2776 2775
f 2760 2777 2776
f 2761 2778 2777
f 2764 2780 2763
f 2763 2780 2779
f 2765 2781 2764
f 2764 2781 2780
f 2766 2782 2765
f 2765 2782 2781
f 2767 2783 2766
f 2766 2783 2782
f 2768 2784 2767
f 2767 2784 2783
f 2769 2785 2768
f 2768 2785 2784
f 2770 2786 2769
f 2769 2786 2785
f 2771 2787 2770
f 2770 2787 2786
f 2772 2788 2771
f 2771 2788 2787
f 2773 2789 2772
f 2772 2789 2788
f 2774 2790 2773
f 2773 2790 2789
f 2775 2791 2774
f 2774 2791 2790
f 2776 2792 2775
f 2775 2792 2791
f 2777 2793 2776
f 2776 2793 2792
f 2778 2794 2777
f 2777 2794 2793
f 2780 2796 2779
f 2779 2796 2795
f 2781 2797 2780
f 2780 2797 2796
f 2782 2798 2781
f 2781 2798 2797
f 2783 2799 2782
f 2782 2799 2798
f 2784 2800 2783
f 2783 2800 2799
f 2785 2801 2784
f 2784 2801 2800
f 2786 2802 2785
f 2785 2802 2801
f 2787 2803 2786
f 2786 2803 2802
f 2788 2804 2787
f 2787 2804 2803
f 2789 2805 2788
f 2788 2805 2804
f 2790 2806 2789
f 2789 2806 2805
f 2791 2807 2790
f 2790 2807 2806
f 2792 2808 2791
f 2791 2808 2807
f 2793 2809 2792
f 2792 2809 2808
f 2794 2810 2793
f 2793 2810 2809
f 2796 2812 2795
f 2795 2812 2811
f 2797 2813 2796
f 2796 2813 2812
f 2798 2814 2797
f 2797 2814 2813
f 2799 2815 2798
f 2798 2815 2814
f 2800 2816 2799
f 2799 2816 2815
f 2801 2817 2800
f 2800 2817 2816
f 2802 2818 2801
f 2801 2818 2817
f 2803 2819 2802
f 2802 2819 2818
f 2804 2820 2803
f 2803 2820 2819
f 2805 2821 2804
f 2804 2821 2820
f 2806 2822 2805
f 2805 2822 2821
f 2807 2823 2806
f 2806 2823 2822
f 2808 2824 2807
f 2807 2824 2823
f 2809 2825 2808
f 2808 2825 2824
f 2810 2826 2809
f 2809 2826 2825
f 2812 2828 2811
f 2811 2828 2827
f 2813 2829 2812
f 2812 2829 2828
f 2814 2830 2813
f 2813 2830 2829
f 2815 2831 2814
f 2814 2831 2830
f 2816 2832 2815
f 2815 2832 2831
f 2817 2833 2816
f 2816 2833 2832
f 2818 2834 2817
f 2817 2834 2833
f 2819 2835 2818
f 2818 2835 2834
f 2820 2836 2819
f 2819 2836 2835
f 2821 2837 2820
f 2820 2837 2836
f 2822 2838 2821
f 2821 2838 2837
f 2823 2839 2822
f 2822 2839 2838
f 2824 2840 2823
f 2823 2840 2839
f 2825 2841 2824
f 2824 2841 2840
f 2826 2842 2825
f 2825 2842 2841
f 2828 2844 2827
f 2827 2844 2843
f 2829 2845 2828
f 2828 2845 2844
f 2830 2846 2829
f 2829 2846 2845
f 2831 2847 2830
f 2830 2847 2846
f 2832 2848 2831
f 2831 2848 2847
f 2833 2849 2832
f 2832 2849 2848
f 2834 2850 2833
f 2833 2850 2849
f 2835 2851 2834
f 2834 2851 2850
f 2836 2852 2835
f 2835 2852 2851
f 2837 2853 2836
f 2836 2853 2852
f 2838 2854 2837
f 2837 2854 2853
f 2839 2855 2838
f 2838 2855 2854
f 2840 2856 2839
f 2839 2856 2855
f 2841 2857 2840
f 2840 2857 2856
f 2842 2858 2841
f 2841 2858 2857
f 2844 2860 2843
f 2843 2860 2859
f 2845 2861 2844
f 2844 2861 2860
f 2846 2862 2845
f 2845 2862 2861
f 2847 2863 2846
f 2846 2863 2862
f 2848 2864 2847
f 2847 2864 2863
f 2849 2865 2848
f 2848 2865 2864
f 2850 2866 2849
f 2849 2866 2865
f 2851 2867 2850
f 2850 2867 2866
f 2852 2868 2851
f 2851 2868 2867
f 2853 2869 2852
f 2852 2869 2868
f 2854 2870 2853
f 2853 2870 2869
f 2855 2871 2854
f 2854 2871 2870
f 2856 2872 2855
f 2855 2872 2871
f 2857 2873 2856
f 2856 2873 2872
f 2858 2874 2857
f 2857 2874 2873
f 2860 2876 2859
f 2859 2876 2875
f 2861 2877 2860
f 2860 2877 2876
f 2862 2878 2861
f 2861 2878 2877
f 2863 2879 2862
f 2862 2879 2878
f 2864 2880 2863
f 2863 2880 2879
f 2865 2881 2864
f 2864 2881 2880
f 2866 2882 2865
f 2865 2882 2881
f 2867 2883 2866
f 2866 2883 2882
f 2868 2884 2867
f 2867 2884 2883
f 2869 2885 2868
f 2868 2885 2884
f 2870 2886 2869
f 2869 2886 2885
f 2871 2887 2870
f 2870 2887 2886
f 2872 2888 2871
f 2871 2888 2887
f 2873 2889 2872
f 2872 2889 2888
f 2874 2890 2873
f 2873 2890 2889
f 2876 2892 2875
f 2875 2892 2891
f 2877 2893 2876
f 2876 2893 2892
f 2878 2894 2877
f 2877 2894 2893
f 2879 2895 2878
f 2878 2895 2894
f 2880 2896 2879
f 2879 2896 2895
f 2881 2897 2880
f 2880 2897 2896
f 2882 2898 2881
f 2881 2898 2897
f 2883 2899 2882
f 2882 2899 2898
f 2884 2900 2883
f 2883 2900 2899
f 2885 2901 2884
f 2884 2901 2900
f 2886 2902 2885
f 2885 2902 2901
f 2887 2903 2886
f 2886 2903 2902
f 2888 2904 2887
f 2887 2904 2903
f 2889 2905 2888
f 2888 2905 2904
f 2890 2906 2889
f 2889 2906 2905
f 2892 2908 2891
f 2891 2908 2907
f 2893 2909 2892
f 2892 2909 2908
f 2894 2910 2893
f 2893 2910 2909
f 2895 2911 2894
f 2894 2911 2910
f 2896 2912 2895
f 2895 2912 2911
f 2897 2913 2896
f 2896 2913 2912
f 2898 2914 2897
f 2897 2914 2913
f 2899 2915 2898
f 2898 2915 2914
f 2900 2916 2899
f 2899 2916 2915
f 2901 2917 2900
f 2900 2917 2916
f 2902 2918 2901
f 2901 2918 2917
f 2903 2919 2902
f 2902 2919 2918
f 2904 2920 2903
f 2903 2920 2919
f 2905 2921 2904
f 2904 2921 2920
f 2906 2922 2905
f 2905 2922 2921
f 2908 2924 2907
f 2907 2924 2923
f 2909 2925 2908
f 2908 2925 2924
f 2910 2926 2909
f 2909 2926 2925
f 2911 2927 2910
f 2910 2927 2926
f 2912 2928 2911
f 2911 2928 2927
f 2913 2929 2912
f 2912 2929 2928
f 2914 2930 2913
f 2913 2930 2929
f 2915 2931 2914
f 2914 2931 2930
f 2916 2932 2915
f 2915 2932 2931
f 2917 2933 2916
f 2916 2933 2932
f 2918 2934 2917
f 2917 2934 2933
f 2919 2935 2918
f 2918 2935 2934
f 2920 2936 2919
f 2919 2936 2935
f 2921 2937 2920
f 2920 2937 2936
f 2922 2938 2921
f 2921 2938 2937
f 2924 2940 2923
f 2925 2941 2924
f 2926 2942 2925
f 2927 2943 2926
f 2928 2944 2927
f 2929 2945 2928
f 2930 2946 2929
f 2931 2947 2930
f 2932 2948 2931
f 2933 2949 2932
f 2934 2950 2933
f 2935 2951 2934
f 2936 2952 2935
f 2937 2953 2936
f 2938 2954 2937
f 2961 2956 2962
f 2962 2957 2963
f 2963 2958 2964
f 2964 2959 2965
f 2965 2960 2966
f 2973 2967 2972
f 2974 2968 2973
f 2975 2969 2974
f 2976 2970 2975
f 2977 2971 2976
f 2984 2979 2985
f 2985 2980 2986
f 2986 2981 2987
f 2987 2982 2988
f 2988 2983 2989
f 2996 2990 2995
f 2997 2991 2996
f 2998 2992 2997
f 2999 2993 2998
f 3000 2994 2999
f 3001 3012 3011
f 3002 3013 3012
f 3003 3014 3013
f 3004 3015 3014
f 3005 3016 3015
f 3006 3017 3016
f 3007 3018 3017
f 3008 3019 3018
f 3009 3020 3019
f 3012 3022 3011
f 3011 3022 3021
f 3013 3023 3012
f 3012 3023 3022
f 3014 3024 3013
f 3013 3024 3023
f 3015 3025 3014
f 3014 3025 3024
f 3016 3026 3015
f 3015 3026 3025
f 3017 3027 3016
f 3016 3027 3026
f 3018 3028 3017
f 3017 3028 3027
f 3019 3029 3018
f 3018 3029 3028
f 3020 3030 3019
f 3019 3030 3029
f 3022 3032 3021
f 3021 3032 3031
f 3023 3033 3022
f 3022 3033 3032
f 3024 3034 3023
f 3023 3034 3033
f 3025 3035 3024
f 3024 3035 3034
f 3026 3036 3025
f 3025 3036 3035
f 3027 3037 3026
f 3026 3037 3036
f 3028 3038 3027
f 3027 3038 3037
f 3029 3039 3028
f 3028 3039 3038
f 3030 3040 3029
f 3029 3040 3039
f 3032 3042 3031
f 3031 3042 3041
f 3033 3043 3032
f 3032 3043 3042
f 3034 3044 3033
f 3033 3044 3043
f 3035 3045 3034
f 3034 3045 3044
f 3036 3046 3035
f 3035 3046 3045
f 3037 3047 3036
f 3036 3047 3046
f 3038 3048 3037
f 3037 3048 3047
f 3039 3049 3038
f 3038 3049 3048
f 3040 3050 3039
f 3039 3050 3049
f 3042 3052 3041
f 3041 3052 3051
f 3043 3053 3042
f 3042 3053 3052
f 3044 3054 3043
f 3043 3054 3053
f 3045 3055 3044
f 3044 3055 3054
f 3046 3056 3045
f 3045 3056 3055
f 3047 3057 3046
f 3046 3057 3056
f 3048 3058 3047
f 3047 3058 3057
f 3049 3059 3048
f 3048 3059 3058
f 3050 3060 3049
f 3049 3060 3059
f 3052 3062 3051
f 3051 3062 3061
f 3053 3063 3052
f 3052 3063 3062
f 3054 3064 3053
f 3053 3064 3063
f 3055 3065 3054
f 3054 3065 3064
f 3056 3066 3055
f 3055 3066 3065
f 3057 3067 3056
f 3056 3067 3066
f 3058 3068 3057
f 3057 3068 3067
f 3059 3069 3058
f 3058 3069 3068
f 3060 3070 3059
f 3059 3070 3069
f 3062 3072 3061
f 3063 3073 3062
f 3064 3074 3063
f 3065 3075 3064
f 3066 3076 3065
f 3067 3077 3066
f 3068 3078 3067
f 3069 3079 3068
f 3070 3080 3069
f 3081 3091 3082
f 3082 3091 3092
f 3082 3092 3083
f 3083 3092 3093
f 3083 3093 3084
f 3084 3093 3094
f 3084 3094 3085
f 3085 3094 3095
f 3085 3095 3086
f 3086 3095 3096
f 3086 3096 3087
f 3087 3096 3097
f 3087 3097 3088
f 3088 3097 3098
f 3088 3098 3089
f 3089 3098 3099
f 3089 3099 3090
f 3090 3099 3100
f 3091 3101 3092
f 3092 3101 3102
f 3092 3102 3093
f 3093 3102 3103
f 3093 3103 3094
f 3094 3103 3104
f 3094 3104 3095
f 3095 3104 3105
f 3095 3105 3096
f 3096 3105 3106
f 3096 3106 3097
f 3097 3106 3107
f 3097 3107 3098
f 3098 3107 3108
f 3098 3108 3099
f 3099 3108 3109
f 3099 3109 3100
f 3100 3109 3110
f 3101 3111 3102
f 3102 3111 3112
f 3102 3112 3103
f 3103 3112 3113
f 3103 3113 3104
f 3104 3113 3114
f 3104 3114 3105
f 3105 3114 3115
f 3105 3115 3106
f 3106 3115 3116
f 3106 3116 3107
f 3107 3116 3117
f 3107 3117 3108
f 3108 3117 3118
f 3108 3118 3109
f 3109 3118 3119
f 3109 3119 3110
f 3110 3119 3120
f 3111 3121 3112
f 3112 3121 3122
f 3112 3122 3113
f 3113 3122 3123
f 3113 3123 3114
f 3114 3123 3124
f 3114 3124 3115
f 3115 3124 3125
f 3115 3125 3116
f 3116 3125 3126
f 3116 3126 3117
f 3117 3126 3127
f 3117 3127 3118
f 3118 3127 3128
f 3118 3128 3119
f 3119 3128 3129
f 3119 3129 3120
f 3120 3129 3130
f 3121 3131 3122
f 3122 3131 3132
f 3122 3132 3123
f 3123 3132 3133
f 3123 3133 3124
f 3124 3133 3134
f 3124 3134 3125
f 3125 3134 3135
f 3125 3135 3126
f 3126 3135 3136
f 3126 3136 3127
f 3127 3136 3137
f 3127 3137 3128
f 3128 3137 3138
f 3128 3138 3129
f 3129 3138 3139
f 3129 3139 3130
f 3130 3139 3140
f 3131 3141 3132
f 3132 3141 3142
f 3132 3142 3133
f 3133 3142 3143
f 3133 3143 3134
f 3134 3143 3144
f 3134 3144 3135
f 3135 3144 3145
f 3135 3145 3136
f 3136 3145 3146
f 3136 3146 3137
f 3137 3146 3147
f 3137 3147 3138
f 3138 3147 3148
f 3138 3148 3139
f 3139 3148 3149
f 3139 3149 3140
f 3140 3149 3150
f 3141 3151 3142
f 3142 3151 3152
f 3142 3152 3143
f 3143 3152 3153
f 3143 3153 3144
f 3144 3153 3154
f 3144 3154 3145
f 3145 3154 3155
f 3145 3155 3146
f 3146 3155 3156
f 3146 3156 3147
f 3147 3156 3157
f 3147 3157 3148
f 3148 3157 3158
f 3148 3158 3149
f 3149 3158 3159
f 3149 3159 3150
f 3150 3159 3160
f 3151 3161 3152
f 3152 3161 3162
f 3152 3162 3153
f 3153 3162 3163
f 3153 3163 3154
f 3154 3163 3164
f 3154 3164 3155
f 3155 3164 3165
f 3155 3165 3156
f 3156 3165 3166
f 3156 3166 3157
f 3157 3166 3167
f 3157 3167 3158
f 3158 3167 3168
f 3158 3168 3159
f 3159 3168 3169
f 3159 3169 3160
f 3160 3169 3170
f 3161 3171 3162
f 3162 3171 3172
f 3162 3172 3163
f 3163 3172 3173
f 3163 3173 3164
f 3164 3173 3174
f 3164 3174 3165
f 3165 3174 3175
f 3165 3175 3166
f 3166 3175 3176
f 3166 3176 3167
f 3167 3176 3177
f 3167 3177 3168
f 3168 3177 3178
f 3168 3178 3169
f 3169 3178 3179
f 3169 3179 3170
f 3170 3179 3180
f 3171 3181 3172
f 3172 3181 3182
f 3172 3182 3173
f 3173 3182 3183
f 3173 3183 3174
f 3174 3183 3184
f 3174 3184 3175
f 3175 3184 3185
f 3175 3185 3176
f 3176 3185 3186
f 3176 3186 3177
f 3177 3186 3187
f 3177 3187 3178
f 3178 3187 3188
f 3178 3188 3179
f 3179 3188 3189
f 3179 3189 3180
f 3180 3189 3190
f 3181 3191 3182
f 3182 3191 3192
f 3182 3192 3183
f 3183 3192 3193
f 3183 3193 3184
f 3184 3193 3194
f 3184 3194 3185
f 3185 3194 3195
f 3185 3195 3186
f 3186 3195 3196
f 3186 3196 3187
f 3187 3196 3197
f 3187 3197 3188
f 3188 3197 3198
f 3188 3198 3189
f 3189 3198 3199
f 3189 3199 3190
f 3190 3199 3200
f 3201 3211 3202
f 3202 3211 3212
f 3202 3212 3203
f 3203 3212 3213
f 3203 3213 3204
f 3204 3213 3214
f 3204 3214 3205
f 3205 3214 3215
f 3205 3215 3206
f 3206 3215 3216
f 3206 3216 3207
f 3207 3216 3217
f 3207 3217 3208
f 3208 3217 3218
f 3208 3218 3209
f 3209 3218 3219
f 3209 3219 3210
f 3210 3219 3220
f 3211 3221 3212
f 3212 3221 3222
f 3212 3222 3213
f 3213 3222 3223
f 3213 3223 3214
f 3214 3223 3224
f 3214 3224 3215
f 3215 3224 3225
f 3215 3225 3216
f 3216 3225 3226
f 3216 3226 3217
f 3217 3226 3227
f 3217 3227 3218
f 3218 3227 3228
f 3218 3228 3219
f 3219 3228 3229
f 3219 3229 3220
f 3220 3229 3230
f 3221 3231 3222
f 3222 3231 3232
f 3222 3232 3223
f 3223 3232 3233
f 3223 3233 3224
f 3224 3233 3234
f 3224 3234 3225
f 3225 3234 3235
f 3225 3235 3226
f 3226 3235 3236
f 3226 3236 3227
f 3227 3236 3237
f 3227 3237 3228
f 3228 3237 3238
f 3228 3238 3229
f 3229 3238 3239
f 3229 3239 3230
f 3230 3239 3240
f 3231 3241 3232
f 3232 3241 3242
f 3232 3242 3233
f 3233 3242 3243
f 3233 3243 3234
f 3234 3243 3244
f 3234 3244 3235
f 3235 3244 3245
f 3235 3245 3236
f 3236 3245 3246
f 3236 3246 3237
f 3237 3246 3247
f 3237 3247 3238
f 3238 3247 3248
f 3238 3248 3239
f 3239 3248 3249
f 3239 3249 3240
f 3240 3249 3250
f 3241 3251 3242
f 3242 3251 3252
f 3242 3252 3243
f 3243 3252 3253
f 3243 3253 3244
f 3244 3253 3254
f 3244 3254 3245
f 3245 3254 3255
f 3245 3255 3246
f 3246 3255 3256
f 3246 3256 3247
f 3247 3256 3257
f 3247 3257 3248
f 3248 3257 3258
f 3248 3258 3249
f 3249 3258 3259
f 3249 3259 3250
f 3250 3259 3260
f 3251 3261 3252
f 3252 3261 3262
f 3252 3262 3253
f 3253 3262 3263
f 3253 3263 3254
f 3254 3263 3264
f 3254 3264 3255
f 3255 3264 3265
f 3255 3265 3256
f 3256 3265 3266
f 3256 3266 3257
f 3257 3266 3267
f 3257 3267 3258
f 3258 3267 3268
f 3258 3268 3259
f 3259 3268 3269
f 3259 3269 3260
f 3260 3269 3270
f 3261 3271 3262
f 3262 3271 3272
f 3262 3272 3263
f 3263 3272 3273
f 3263 3273 3264
f 3264 3273 3274
f 3264 3274 3265
f 3265 3274 3275
f 3265 3275 3266
f 3266 3275 3276
f 3266 3276 3267
f 3267 3276 3277
f 3267 3277 3268
f 3268 3277 3278
f 3268 3278 3269
f 3269 3278 3279
f 3269 3279 3270
f 3270 3279 3280
f 3271 3281 3272
f 3272 3281 3282
f 3272 3282 3273
f 3273 3282 3283
f 3273 3283 3274
f 3274 3283 3284
f 3274 3284 3275
f 3275 3284 3285
f 3275 3285 3276
f 3276 3285 3286
f 3276 3286 3277
f 3277 3286 3287
f 3277 3287 3278
f 3278 3287 3288
f 3278 3288 3279
f 3279 3288 3289
f 3279 3289 3280
f 3280 3289 3290
f 3281 3291 3282
f 3282 3291 3292
f 3282 3292 3283
f 3283 3292 3293
f 3283 3293 3284
f 3284 3293 3294
f 3284 3294 3285
f 3285 3294 3295
f 3285 3295 3286
f 3286 3295 3296
f 3286 3296 3287
f 3287 3296 3297
f 3287 3297 3288
f 3288 3297 3298
f 3288 3298 3289
f 3289 3298 3299
f 3289 3299 3290
f 3290 3299 3300
f 3291 3301 3292
f 3292 3301 3302
f 3292 3302 3293
f 3293 3302 3303
f 3293 3303 3294
f 3294 3303 3304
f 3294 3304 3295
f 3295 3304 3305
f 3295 3305 3296
f 3296 3305 3306
f 3296 3306 3297
f 3297 3306 3307
f 3297 3307 3298
f 3298 3307 3308
f 3298 3308 3299
f 3299 3308 3309
f 3299 3309 3300
f 3300 3309 3310
f 3301 3311 3302
f 3302 3311 3312
f 3302 3312 3303
f 3303 3312 3313
f 3303 3313 3304
f 3304 3313 3314
f 3304 3314 3305
f 3305 3314 3315
f 3305 3315 3306
f 3306 3315 3316
f 3306 3316 3307
f 3307 3316 3317
f 3307 3317 3308
f 3308 3317 3318
f 3308 3318 3309
f 3309 3318 3319
f 3309 3319 3310
f 3310 3319 3320
f 3321 3332 3331
f 3322 3333 3332
f 3323 3334 3333
f 3324 3335 3334
f 3325 3336 3335
f 3326 3337 3336
f 3327 3338 3337
f 3328 3339 3338
f 3329 3340 3339
f 3332 3342 3331
f 3331 3342 3341
f 3333 3343 3332
f 3332 3343 3342
f 3334 3344 3333
f 3333 3344 3343
f 3335 3345 3334
f 3334 3345 3344
f 3336 3346 3335
f 3335 3346 3345
f 3337 3347 3336
f 3336 3347 3346
f 3338 3348 3337
f 3337 3348 3347
f 3339 3349 3338
f 3338 3349 3348
f 3340 3350 3339
f 3339 3350 3349
f 3342 3352 3341
f 3341 3352 3351
f 3343 3353 3342
f 3342 3353 3352
f 3344 3354 3343
f 3343 3354 3353
f 3345 3355 3344
f 3344 3355 3354
f 3346 3356 3345
f 3345 3356 3355
f 3347 3357 3346
f 3346 3357 3356
f 3348 3358 3347
f 3347 3358 3357
f 3349 3359 3348
f 3348 3359 3358
f 3350 3360 3349
f 3349 3360 3359
f 3352 3362 3351
f 3351 3362 3361
f 3353 3363 3352
f 3352 3363 3362
f 3354 3364 3353
f 3353 3364 3363
f 3355 3365 3354
f 3354 3365 3364
f 3356 3366 3355
f 3355 3366 3365
f 3357 3367 3356
f 3356 3367 3366
f 3358 3368 3357
f 3357 3368 3367
f 3359 3369 3358
f 3358 3369 3368
f 3360 3370 3359
f 3359 3370 3369
f 3362 3372 3361
f 3361 3372 3371
f 3363 3373 3362
f 3362 3373 3372
f 3364 3374 3363
f 3363 3374 3373
f 3365 3375 3364
f 3364 3375 3374
f 3366 3376 3365
f 3365 3376 3375
f 3367 3377 3366
f 3366 3377 3376
f 3368 3378 3367
f 3367 3378 3377
f 3369 3379 3368
f 3368 3379 3378
f 3370 3380 3369
f 3369 3380 3379
f 3372 3382 3371
f 3371 3382 3381
f 3373 3383 3372
f 3372 3383 3382
f 3374 3384 3373
f 3373 3384 3383
f 3375 3385 3374
f 3374 3385 3384
f 3376 3386 3375
f 3375 3386 3385
f 3377 3387 3376
f 3376 3387 3386
f 3378 3388 3377
f 3377 3388 3387
f 3379 3389 3378
f 3378 3389 3388
f 3380 3390 3379
f 3379 3390 3389
f 3382 3392 3381
f 3383 3393 3382
f 3384 3394 3383
f 3385 3395 3384
f 3386 3396 3385
f 3387 3397 3386
f 3388 3398 3387
f 3389 3399 3388
f 3390 3400 3389
f 3401 3407 3402
f 3402 3407 3408
f 3402 3408 3403
f 3403 3408 3409
f 3403 3409 3404
f 3404 3409 3410
f 3404 3410 3405
f 3405 3410 3411
f 3405 3411 3406
f 3406 3411 3412
f 3407 3413 3408
f 3408 3413 3414
f 3408 3414 3409
f 3409 3414 3415
f 3409 3415 3410
f 3410 3415 3416
f 3410 3416 3411
f 3411 3416 3417
f 3411 3417 3412
f 3412 3417 3418
f 3413 3419 3414
f 3414 3419 3420
f 3414 3420 3415
f 3415 3420 3421
f 3415 3421 3416
f 3416 3421 3422
f 3416 3422 3417
f 3417 3422 3423
f 3417 3423 3418
f 3418 3423 3424
f 3419 3425 3420
f 3420 3425 3426
f 3420 3426 3421
f 3421 3426 3427
f 3421 3427 3422
f 3422 3427 3428
f 3422 3428 3423
f 3423 3428 3429
f 3423 3429 3424
f 3424 3429 3430
f 3425 3431 3426
f 3426 3431 3432
f 3426 3432 3427
f 3427 3432 3433
f 3427 3433 3428
f 3428 3433 3434
f 3428 3434 3429
f 3429 3434 3435
f 3429 3435 3430
f 3430 3435 3436
f 3431 3437 3432
f 3432 3437 3438
f 3432 3438 3433
f 3433 3438 3439
f 3433 3439 3434
f 3434 3439 3440
f 3434 3440 3435
f 3435 3440 3441
f 3435 3441 3436
f 3436 3441 3442
f 3437 3443 3438
f 3438 3443 3444
f 3438 3444 3439
f 3439 3444 3445
f 3439 3445 3440
f 3440 3445 3446
f 3440 3446 3441
f 3441 3446 3447
f 3441 3447 3442
f 3442 3447 3448
f 3449 3455 3450
f 3450 3455 3456
f 3450 3456 3451
f 3451 3456 3457
f 3451 3457 3452
f 3452 3457 3458
f 3452 3458 3453
f 3453 3458 3459
f 3453 3459 3454
f 3454 3459 3460
f 3455 3461 3456
f 3456 3461 3462
f 3456 3462 3457
f 3457 3462 3463
f 3457 3463 3458
f 3458 3463 3464
f 3458 3464 3459
f 3459 3464 3465
f 3459 3465 3460
f 3460 3465 3466
f 3461 3467 3462
f 3462 3467 3468
f 3462 3468 3463
f 3463 3468 3469
f 3463 3469 3464
f 3464 3469 3470
f 3464 3470 3465
f 3465 3470 3471
f 3465 3471 3466
f 3466 3471 3472
f 3467 3473 3468
f 3468 3473 3474
f 3468 3474 3469
f 3469 3474 3475
f 3469 3475 3470
f 3470 3475 3476
f 3470 3476 3471
f 3471 3476 3477
f 3471 3477 3472
f 3472 3477 3478
f 3473 3479 3474
f 3474 3479 3480
f 3474 3480 3475
f 3475 3480 3481
f 3475 3481 3476
f 3476 3481 3482
f 3476 3482 3477
f 3477 3482 3483
f 3477 3483 3478
f 3478 3483 3484
f 3479 3485 3480
f 3480 3485 3486
f 3480 3486 3481
f 3481 3486 3487
f 3481 3487 3482
f 3482 3487 3488
f 3482 3488 3483
f 3483 3488 3489
f 3483 3489 3484
f 3484 3489 3490
f 3485 3491 3486
f 3486 3491 3492
f 3486 3492 3487
f 3487 3492 3493
f 3487 3493 3488
f 3488 3493 3494
f 3488 3494 3489
f 3489 3494 3495
f 3489 3495 3490
f 3490 3495 3496
f 3497 3503 3498
f 3498 3503 3504
f 3498 3504 3499
f 3499 3504 3505
f 3499 3505 3500
f 3500 3505 3506
f 3500 3506 3501
f 3501 3506 3507
f 3501 3507 3502
f 3502 3507 3508
f 3503 3509 3504
f 3504 3509 3510
f 3504 3510 3505
f 3505 3510 3511
f 3505 3511 3506
f 3506 3511 3512
f 3506 3512 3507
f 3507 3512 3513
f 3507 3513 3508
f 3508 3513 3514
f 3509 3515 3510
f 3510 3515 3516
f 3510 3516 3511
f 3511 3516 3517
f 3511 3517 3512
f 3512 3517 3518
f 3512 3518 3513
f 3513 3518 3519
f 3513 3519 3514
f 3514 3519 3520
f 3515 3521 3516
f 3516 3521 3522
f 3516 3522 3517
f 3517 3522 3523
f 3517 3523 3518
f 3518 3523 3524
f 3518 3524 3519
f 3519 3524 3525
f 3519 3525 3520
f 3520 3525 3526
f 3521 3527 3522
f 3522 3527 3528
f 3522 3528 3523
f 3523 3528 3529
f 3523 3529 3524
f 3524 3529 3530
f 3524 3530 3525
f 3525 3530 3531
f 3525 3531 3526
f 3526 3531 3532
f 3527 3533 3528
f 3528 3533 3534
f 3528 3534 3529
f 3529 3534 3535
f 3529 3535 3530
f 3530 3535 3536
f 3530 3536 3531
f 3531 3536 3537
f 3531 3537 3532
f 3532 3537 3538
f 3533 3539 3534
f 3534 3539 3540
f 3534 3540 3535
f 3535 3540 3541
f 3535 3541 3536
f 3536 3541 3542
f 3536 3542 3537
f 3537 3542 3543
f 3537 3543 3538
f 3538 3543 3544
f 3545 3551 3546
f 3546 3551 3552
f 3546 3552 3547
f 3547 3552 3553
f 3547 3553 3548
f 3548 3553 3554
f 3548 3554 3549
f 3549 3554 3555
f 3549 3555 3550
f 3550 3555 3556
f 3551 3557 3552
f 3552 3557 3558
f 3552 3558 3553
f 3553 3558 3559
f 3553 3559 3554
f 3554 3559 3560
f 3554 3560 3555
f 3555 3560 3561
f 3555 3561 3556
f 3556 3561 3562
f 3557 3563 3558
f 3558 3563 3564
f 3558 3564 3559
f 3559 3564 3565
f 3559 3565 3560
f 3560 3565 3566
f 3560 3566 3561
f 3561 3566 3567
f 3561 3567 3562
f 3562 3567 3568
f 3563 3569 3564
f 3564 3569 3570
f 3564 3570 3565
f 3565 3570 3571
f 3565 3571 3566
f 3566 3571 3572
f 3566 3572 3567
f 3567 3572 3573
f 3567 3573 3568
f 3568 3573 3574
f 3569 3575 3570
f 3570 3575 3576
f 3570 3576 3571
f 3571 3576 3577
f 3571 3577 3572
f 3572 3577 3578
f 3572 3578 3573
f 3573 3578 3579
f 3573 3579 3574
f 3574 3579 3580
f 3575 3581 3576
f 3576 3581 3582
f 3576 3582 3577
f 3577 3582 3583
f 3577 3583 3578
f 3578 3583 3584
f 3578 3584 3579
f 3579 3584 3585
f 3579 3585 3580
f 3580 3585 3586
f 3581 3587 3582
f 3582 3587 3588
f 3582 3588 3583
f 3583 3588 3589
f 3583 3589 3584
f 3584 3589 3590
f 3584 3590 3585
f 3585 3590 3591
f 3585 3591 3586
f 3586 3591 3592
f 3593 3604 3603
f 3594 3605 3604
f 3595 3606 3605
f 3596 3607 3606
f 3597 3608 3607
f 3598 3609 3608
f 3599 3610 3609
f 3600 3611 3610
f 3601 3612 3611
f 3604 3614 3603
f 3603 3614 3613
f 3605 3615 3604
f 3604 3615 3614
f 3606 3616 3605
f 3605 3616 3615
f 3607 3617 3606
f 3606 3617 3616
f 3608 3618 3607
f 3607 3618 3617
f 3609 3619 3608
f 3608 3619 3618
f 3610 3620 3609
f 3609 3620 3619
f 3611 3621 3610
f 3610 3621 3620
f 3612 3622 3611
f 3611 3622 3621
f 3614 3624 3613
f 3613 3624 3623
f 3615 3625 3614
f 3614 3625 3624
f 3616 3626 3615
f 3615 3626 3625
f 3617 3627 3616
f 3616 3627 3626
f 3618 3628 3617
f 3617 3628 3627
f 3619 3629 3618
f 3618 3629 3628
f 3620 3630 3619
f 3619 3630 3629
f 3621 3631 3620
f 3620 3631 3630
f 3622 3632 3621
f 3621 3632 3631
f 3624 3634 3623
f 3623 3634 3633
f 3625 3635 3624
f 3624 3635 3634
f 3626 3636 3625
f 3625 3636 3635
f 3627 3637 3626
f 3626 3637 3636
f 3628 3638 3627
f 3627 3638 3637
f 3629 3639 3628
f 3628 3639 3638
f 3630 3640 3629
f 3629 3640 3639
f 3631 3641 3630
f 3630 3641 3640
f 3632 3642 3631
f 3631 3642 3641
f 3634 3644 3633
f 3633 3644 3643
f 3635 3645 3634
f 3634 3645 3644
f 3636 3646 3635
f 3635 3646 3645
f 3637 3647 3636
f 3636 3647 3646
f 3638 3648 3637
f 3637 3648 3647
f 3639 3649 3638
f 3638 3649 3648
f 3640 3650 3639
f 3639 3650 3649
f 3641 3651 3640
f 3640 3651 3650
f 3642 3652 3641
f 3641 3652 3651
f 3644 3654 3643
f 3643 3654 3653
f 3645 3655 3644
f 3644 3655 3654
f 3646 3656 3645
f 3645 3656 3655
f 3647 3657 3646
f 3646 3657 3656
f 3648 3658 3647
f 3647 3658 3657
f 3649 3659 3648
f 3648 3659 3658
f 3650 3660 3649
f 3649 3660 3659
f 3651 3661 3650
f 3650 3661 3660
f 3652 3662 3651
f 3651 3662 3661
f 3654 3664 3653
f 3655 3665 3654
f 3656 3666 3655
f 3657 3667 3656
f 3658 3668 3657
f 3659 3669 3658
f 3660 3670 3659
f 3661 3671 3660
f 3662 3672 3661
f 3673 3683 3674
f 3674 3683 3684
f 3674 3684 3675
f 3675 3684 3685
f 3675 3685 3676
f 3676 3685 3686
f 3676 3686 3677
f 3677 3686 3687
f 3677 3687 3678
f 3678 3687 3688
f 3678 3688 3679
f 3679 3688 3689
f 3679 3689 3680
f 3680 3689 3690
f 3680 3690 3681
f 3681 3690 3691
f 3681 3691 3682
f 3682 3691 3692
f 3683 3693 3684
f 3684 3693 3694
f 3684 3694 3685
f 3685 3694 3695
f 3685 3695 3686
f 3686 3695 3696
f 3686 3696 3687
f 3687 3696 3697
f 3687 3697 3688
f 3688 3697 3698
f 3688 3698 3689
f 3689 3698 3699
f 3689 3699 3690
f 3690 3699 3700
f 3690 3700 3691
f 3691 3700 3701
f 3691 3701 3692
f 3692 3701 3702
f 3693 3703 3694
f 3694 3703 3704
f 3694 3704 3695
f 3695 3704 3705
f 3695 3705 3696
f 3696 3705 3706
f 3696 3706 3697
f 3697 3706 3707
f 3697 3707 3698
f 3698 3707 3708
f 3698 3708 3699
f 3699 3708 3709
f 3699 3709 3700
f 3700 3709 3710
f 3700 3710 3701
f 3701 3710 3711
f 3701 3711 3702
f 3702 3711 3712
f 3703 3713 3704
f 3704 3713 3714
f 3704 3714 3705
f 3705 3714 3715
f 3705 3715 3706
f 3706 3715 3716
f 3706 3716 3707
f 3707 3716 3717
f 3707 3717 3708
f 3708 3717 3718
f 3708 3718 3709
f 3709 3718 3719
f 3709 3719 3710
f 3710 3719 3720
f 3710 3720 3711
f 3711 3720 3721
f 3711 3721 3712
f 3712 3721 3722
f 3713 3723 3714
f 3714 3723 3724
f 3714 3724 3715
f 3715 3724 3725
f 3715 3725 3716
f 3716 3725 3726
f 3716 3726 3717
f 3717 3726 3727
f 3717 3727 3718
f 3718 3727 3728
f 3718 3728 3719
f 3719 3728 3729
f 3719 3729 3720
f 3720 3729 3730
f 3720 3730 3721
f 3721 3730 3731
f 3721 3731 3722
f 3722 3731 3732
f 3723 3733 3724
f 3724 3733 3734
f 3724 3734 3725
f 3725 3734 3735
f 3725 3735 3726
f 3726 3735 3736
f 3726 3736 3727
f 3727 3736 3737
f 3727 3737 3728
f 3728 3737 3738
f 3728 3738 3729
f 3729 3738 3739
f 3729 3739 3730
f 3730 3739 3740
f 3730 3740 3731
f 3731 3740 3741
f 3731 3741 3732
f 3732 3741 3742
f 3733 3743 3734
f 3734 3743 3744
f 3734 3744 3735
f 3735 3744 3745
f 3735 3745 3736
f 3736 3745 3746
f 3736 3746 3737
f 3737 3746 3747
f 3737 3747 3738
f 3738 3747 3748
f 3738 3748 3739
f 3739 3748 3749
f 3739 3749 3740
f 3740 3749 3750
f 3740 3750 3741
f 3741 3750 3751
f 3741 3751 3742
f 3742 3751 3752
f 3743 3753 3744
f 3744 3753 3754
f 3744 3754 3745
f 3745 3754 3755
f 3745 3755 3746
f 3746 3755 3756
f 3746 3756 3747
f 3747 3756 3757
f 3747 3757 3748
f 3748 3757 3758
f 3748 3758 3749
f 3749 3758 3759
f 3749 3759 3750
f 3750 3759 3760
f 3750 3760 3751
f 3751 3760 3761
f 3751 3761 3752
f 3752 3761 3762
f 3753 3763 3754
f 3754 3763 3764
f 3754 3764 3755
f 3755 3764 3765
f 3755 3765 3756
f 3756 3765 3766
f 3756 3766 3757
f 3757 3766 3767
f 3757 3767 3758
f 3758 3767 3768
f 3758 3768 3759
f 3759 3768 3769
f 3759 3769 3760
f 3760 3769 3770
f 3760 3770 3761
f 3761 3770 3771
f 3761 3771 3762
f 3762 3771 3772
f 3763 3773 3764
f 3764 3773 3774
f 3764 3774 3765
f 3765 3774 3775
f 3765 3775 3766
f 3766 3775 3776
f 3766 3776 3767
f 3767 3776 3777
f 3767 3777 3768
f 3768 3777 3778
f 3768 3778 3769
f 3769 3778 3779
f 3769 3779 3770
f 3770 3779 3780
f 3770 3780 3771
f 3771 3780 3781
f 3771 3781 3772
f 3772 3781 3782
f 3773 3783 3774
f 3774 3783 3784
f 3774 3784 3775
f 3775 3784 3785
f 3775 3785 3776
f 3776 3785 3786
f 3776 3786 3777
f 3777 3786 3787
f 3777 3787 3778
f 3778 3787 3788
f 3778 3788 3779
f 3779 3788 3789
f 3779 3789 3780
f 3780 3789 3790
f 3780 3790 3781
f 3781 3790 3791
f 3781 3791 3782
f 3782 3791 3792
f 3793 3803 3794
f 3794 3803 3804
f 3794 3804 3795
f 3795 3804 3805
f 3795 3805 3796
f 3796 3805 3806
f 3796 3806 3797
f 3797 3806 3807
f 3797 3807 3798
f 3798 3807 3808
f 3798 3808 3799
f 3799 3808 3809
f 3799 3809 3800
f 3800 3809 3810
f 3800 3810 3801
f 3801 3810 3811
f 3801 3811 3802
f 3802 3811 3812
f 3803 3813 3804
f 3804 3813 3814
f 3804 3814 3805
f 3805 3814 3815
f 3805 3815 3806
f 3806 3815 3816
f 3806 3816 3807
f 3807 3816 3817
f 3807 3817 3808
f 3808 3817 3818
f 3808 3818 3809
f 3809 3818 3819
f 3809 3819 3810
f 3810 3819 3820
f 3810 3820 3811
f 3811 3820 3821
f 3811 3821 3812
f 3812 3821 3822
f 3813 3823 3814
f 3814 3823 3824
f 3814 3824 3815
f 3815 3824 3825
f 3815 3825 3816
f 3816 3825 3826
f 3816 3826 3817
f 3817 3826 3827
f 3817 3827 3818
f 3818 3827 3828
f 3818 3828 3819
f 3819 3828 3829
f 3819 3829 3820
f 3820 3829 3830
f 3820 3830 3821
f 3821 3830 3831
f 3821 3831 3822
f 3822 3831 3832
f 3823 3833 3824
f 3824 3833 3834
f 3824 3834 3825
f 3825 3834 3835
f 3825 3835 3826
f 3826 3835 3836
f 3826 3836 3827
f 3827 3836 3837
f 3827 3837 3828
f 3828 3837 3838
f 3828 3838 3829
f 3829 3838 3839
f 3829 3839 3830
f 3830 3839 3840
f 3830 3840 3831
f 3831 3840 3841
f 3831 3841 3832
f 3832 3841 3842
f 3833 3843 3834
f 3834 3843 3844
f 3834 3844 3835
f 3835 3844 3845
f 3835 3845 3836
f 3836 3845 3846
f 3836 3846 3837
f 3837 3846 3847
f 3837 3847 3838
f 3838 3847 3848
f 3838 3848 3839
f 3839 3848 3849
f 3839 3849 3840
f 3840 3849 3850
f 3840 3850 3841
f 3841 3850 3851
f 3841 3851 3842
f 3842 3851 3852
f 3843 3853 3844
f 3844 3853 3854
f 3844 3854 3845
f 3845 3854 3855
f 3845 3855 3846
f 3846 3855 3856
f 3846 3856 3847
f 3847 3856 3857
f 3847 3857 3848
f 3848 3857 3858
f 3848 3858 3849
f 3849 3858 3859
f 3849 3859 3850
f 3850 3859 3860
f 3850 3860 3851
f 3851 3860 3861
f 3851 3861 3852
f 3852 3861 3862
f 3853 3863 3854
f 3854 3863 3864
f 3854 3864 3855
f 3855 3864 3865
f 3855 3865 3856
f 3856 3865 3866
f 3856 3866 3857
f 3857 3866 3867
f 3857 3867 3858
f 3858 3867 3868
f 3858 3868 3859
f 3859 3868 3869
f 3859 3869 3860
f 3860 3869 3870
f 3860 3870 3861
f 3861 3870 3871
f 3861 3871 3862
f 3862 3871 3872
f 3863 3873 3864
f 3864 3873 3874
f 3864 3874 3865
f 3865 3874 3875
f 3865 3875 3866
f 3866 3875 3876
f 3866 3876 3867
f 3867 3876 3877
f 3867 3877 3868
f 3868 3877 3878
f 3868 3878 3869
f 3869 3878 3879
f 3869 3879 3870
f 3870 3879 3880
f 3870 3880 3871
f 3871 3880 3881
f 3871 3881 3872
f 3872 3881 3882
f 3873 3883 3874
f 3874 3883 3884
f 3874 3884 3875
f 3875 3884 3885
f 3875 3885 3876
f 3876 3885 3886
f 3876 3886 3877
f 3877 3886 3887
f 3877 3887 3878
f 3878 3887 3888
f 3878 3888 3879
f 3879 3888 3889
f 3879 3889 3880
f 3880 3889 3890
f 3880 3890 3881
f 3881 3890 3891
f 3881 3891 3882
f 3882 3891 3892
f 3883 3893 3884
f 3884 3893 3894
f 3884 3894 3885
f 3885 3894 3895
f 3885 3895 3886
f 3886 3895 3896
f 3886 3896 3887
f 3887 3896 3897
f 3887 3897 3888
f 3888 3897 3898
f 3888 3898 3889
f 3889 3898 3899
f 3889 3899 3890
f 3890 3899 3900
f 3890 3900 3891
f 3891 3900 3901
f 3891 3901 3892
f 3892 3901 3902
f 3893 3903 3894
f 3894 3903 3904
f 3894 3904 3895
f 3895 3904 3905
f 3895 3905 3896
f 3896 3905 3906
f 3896 3906 3897
f 3897 3906 3907
f 3897 3907 3898
f 3898 3907 3908
f 3898 3908 3899
f 3899 3908 3909
f 3899 3909 3900
f 3900 3909 3910
f 3900 3910 3901
f 3901 3910 3911
f 3901 3911 3902
f 3902 3911 3912
f 3913 3924 3923
f 3914 3925 3924
f 3915 3926 3925
f 3916 3927 3926
f 3917 3928 3927
f 3918 3929 3928
f 3919 3930 3929
f 3920 3931 3930
f 3921 3932 3931
f 3924 3934 3923
f 3923 3934 3933
f 3925 3935 3924
f 3924 3935 3934
f 3926 3936 3925
f 3925 3936 3935
f 3927 3937 3926
f 3926 3937 3936
f 3928 3938 3927
f 3927 3938 3937
f 3929 3939 3928
f 3928 3939 3938
f 3930 3940 3929
f 3929 3940 3939
f 3931 3941 3930
f 3930 3941 3940
f 3932 3942 3931
f 3931 3942 3941
f 3934 3944 3933
f 3933 3944 3943
f 3935 3945 3934
f 3934 3945 3944
f 3936 3946 3935
f 3935 3946 3945
f 3937 3947 3936
f 3936 3947 3946
f 3938 3948 3937
f 3937 3948 3947
f 3939 3949 3938
f 3938 3949 3948
f 3940 3950 3939
f 3939 3950 3949
f 3941 3951 3940
f 3940 3951 3950
f 3942 3952 3941
f 3941 3952 3951
f 3944 3954 3943
f 3943 3954 3953
f 3945 3955 3944
f 3944 3955 3954
f 3946 3956 3945
f 3945 3956 3955
f 3947 3957 3946
f 3946 3957 3956
f 3948 3958 3947
f 3947 3958 3957
f 3949 3959 3948
f 3948 3959 3958
f 3950 3960 3949
f 3949 3960 3959
f 3951 3961 3950
f 3950 3961 3960
f 3952 3962 3951
f 3951 3962 3961
f 3954 3964 3953
f 3953 3964 3963
f 3955 3965 3954
f 3954 3965 3964
f 3956 3966 3955
f 3955 3966 3965
f 3957 3967 3956
f 3956 3967 3966
f 3958 3968 3957
f 3957 3968 3967
f 3959 3969 3958
f 3958 3969 3968
f 3960 3970 3959
f 3959 3970 3969
f 3961 3971 3960
f 3960 3971 3970
f 3962 3972 3961
f 3961 3972 3971
f 3964 3974 3963
f 3963 3974 3973
f 3965 3975 3964
f 3964 3975 3974
f 3966 3976 3965
f 3965 3976 3975
f 3967 3977 3966
f 3966 3977 3976
f 3968 3978 3967
f 3967 3978 3977
f 3969 3979 3968
f 3968 3979 3978
f 3970 3980 3969
f 3969 3980 3979
f 3971 3981 3970
f 3970 3981 3980
f 3972 3982 3971
f 3971 3982 3981
f 3974 3984 3973
f 3975 3985 3974
f 3976 3986 3975
f 3977 3987 3976
f 3978 3988 3977
f 3979 3989 3978
f 3980 3990 3979
f 3981 3991 3980
f 3982 3992 3981
f 3993 3999 3994
f 3994 3999 4000
f 3994 4000 3995
f 3995 4000 4001
f 3995 4001 3996
f 3996 4001 4002
f 3996 4002 3997
f 3997 4002 4003
f 3997 4003 3998
f 3998 4003 4004
f 3999 4005 4000
f 4000 4005 4006
f 4000 4006 4001
f 4001 4006 4007
f 4001 4007 4002
f 4002 4007 4008
f 4002 4008 4003
f 4003 4008 4009
f 4003 4009 4004
f 4004 4009 4010
f 4005 4011 4006
f 4006 4011 4012
f 4006 4012 4007
f 4007 4012 4013
f 4007 4013 4008
f 4008 4013 4014
f 4008 4014 4009
f 4009 4014 4015
f 4009 4015 4010
f 4010 4015 4016
f 4011 4017 4012
f 4012 4017 4018
f 4012 4018 4013
f 4013 4018 4019
f 4013 4019 4014
f 4014 4019 4020
f 4014 4020 4015
f 4015 4020 4021
f 4015 4021 4016
f 4016 4021 4022
f 4017 4023 4018
f 4018 4023 4024
f 4018 4024 4019
f 4019 4024 4025
f 4019 4025 4020
f 4020 4025 4026
f 4020 4026 4021
f 4021 4026 4027
f 4021 4027 4022
f 4022 4027 4028
f 4023 4029 4024
f 4024 4029 4030
f 4024 4030 4025
f 4025 4030 4031
f 4025 4031 4026
f 4026 4031 4032
f 4026 4032 4027
f 4027 4032 4033
f 4027 4033 4028
f 4028 4033 4034
f 4029 4035 4030
f 4030 4035 4036
f 4030 4036 4031
f 4031 4036 4037
f 4031 4037 4032
f 4032 4037 4038
f 4032 4038 4033
f 4033 4038 4039
f 4033 4039 4034
f 4034 4039 4040
f 4041 4047 4042
f 4042 4047 4048
f 4042 4048 4043
f 4043 4048 4049
f 4043 4049 4044
f 4044 4049 4050
f 4044 4050 4045
f 4045 4050 4051
f 4045 4051 4046
f 4046 4051 4052
f 4047 4053 4048
f 4048 4053 4054
f 4048 4054 4049
f 4049 4054 4055
f 4049 4055 4050
f 4050 4055 4056
f 4050 4056 4051
f 4051 4056 4057
f 4051 4057 4052
f 4052 4057 4058
f 4053 4059 4054
f 4054 4059 4060
f 4054 4060 4055
f 4055 4060 4061
f 4055 4061 4056
f 4056 4061 4062
f 4056 4062 4057
f 4057 4062 4063
f 4057 4063 4058
f 4058 4063 4064
f 4059 4065 4060
f 4060 4065 4066
f 4060 4066 4061
f 4061 4066 4067
f 4061 4067 4062
f 4062 4067 4068
f 4062 4068 4063
f 4063 4068 4069
f 4063 4069 4064
f 4064 4069 4070
f 4065 4071 4066
f 4066 4071 4072
f 4066 4072 4067
f 4067 4072 4073
f 4067 4073 4068
f 4068 4073 4074
f 4068 4074 4069
f 4069 4074 4075
f 4069 4075 4070
f 4070 4075 4076
f 4071 4077 4072
f 4072 4077 4078
f 4072 4078 4073
f 4073 4078 4079
f 4073 4079 4074
f 4074 4079 4080
f 4074 4080 4075
f 4075 4080 4081
f 4075 4081 4076
f 4076 4081 4082
f 4077 4083 4078
f 4078 4083 4084
f 4078 4084 4079
f 4079 4084 4085
f 4079 4085 4080
f 4080 4085 4086
f 4080 4086 4081
f 4081 4086 4087
f 4081 4087 4082
f 4082 4087 4088
f 4089 4095 4090
f 4090 4095 4096
f 4090 4096 4091
f 4091 4096 4097
f 4091 4097 4092
f 4092 4097 4098
f 4092 4098 4093
f 4093 4098 4099
f 4093 4099 4094
f 4094 4099 4100
f 4095 4101 4096
f 4096 4101 4102
f 4096 4102 4097
f 4097 4102 4103
f 4097 4103 4098
f 4098 4103 4104
f 4098 4104 4099
f 4099 4104 4105
f 4099 4105 4100
f 4100 4105 4106
f 4101 4107 4102
f 4102 4107 4108
f 4102 4108 4103
f 4103 4108 4109
f 4103 4109 4104
f 4104 4109 4110
f 4104 4110 4105
f 4105 4110 4111
f 4105 4111 4106
f 4106 4111 4112
f 4107 4113 4108
f 4108 4113 4114
f 4108 4114 4109
f 4109 4114 4115
f 4109 4115 4110
f 4110 4115 4116
f 4110 4116 4111
f 4111 4116 4117
f 4111 4117 4112
f 4112 4117 4118
f 4113 4119 4114
f 4114 4119 4120
f 4114 4120 4115
f 4115 4120 4121
f 4115 4121 4116
f 4116 4121 4122
f 4116 4122 4117
f 4117 4122 4123
f 4117 4123 4118
f 4118 4123 4124
f 4119 4125 4120
f 4120 4125 4126
f 4120 4126 4121
f 4121 4126 4127
f 4121 4127 4122
f 4122 4127 4128
f 4122 4128 4123
f 4123 4128 4129
f 4123 4129 4124
f 4124 4129 4130
f 4125 4131 4126
f 4126 4131 4132
f 4126 4132 4127
f 4127 4132 4133
f 4127 4133 4128
f 4128 4133 4134
f 4128 4134 4129
f 4129 4134 4135
f 4129 4135 4130
f 4130 4135 4136
f 4137 4143 4138
f 4138 4143 4144
f 4138 4144 4139
f 4139 4144 4145
f 4139 4145 4140
f 4140 4145 4146
f 4140 4146 4141
f 4141 4146 4147
f 4141 4147 4142
f 4142 4147 4148
f 4143 4149 4144
f 4144 4149 4150
f 4144 4150 4145
f 4145 4150 4151
f 4145 4151 4146
f 4146 4151 4152
f 4146 4152 4147
f 4147 4152 4153
f 4147 4153 4148
f 4148 4153 4154
f 4149 4155 4150
f 4150 4155 4156
f 4150 4156 4151
f 4151 4156 4157
f 4151 4157 4152
f 4152 4157 4158
f 4152 4158 4153
f 4153 4158 4159
f 4153 4159 4154
f 4154 4159 4160
f 4155 4161 4156
f 4156 4161 4162
f 4156 4162 4157
f 4157 4162 4163
f 4157 4163 4158
f 4158 4163 4164
f 4158 4164 4159
f 4159 4164 4165
f 4159 4165 4160
f 4160 4165 4166
f 4161 4167 4162
f 4162 4167 4168
f 4162 4168 4163
f 4163 4168 4169
f 4163 4169 4164
f 4164 4169 4170
f 4164 4170 4165
f 4165 4170 4171
f 4165 4171 4166
f 4166 4171 4172
f 4167 4173 4168
f 4168 4173 4174
f 4168 4174 4169
f 4169 4174 4175
f 4169 4175 4170
f 4170 4175 4176
f 4170 4176 4171
f 4171 4176 4177
f 4171 4177 4172
f 4172 4177 4178
f 4173 4179 4174
f 4174 4179 4180
f 4174 4180 4175
f 4175 4180 4181
f 4175 4181 4176
f 4176 4181 4182
f 4176 4182 4177
f 4177 4182 4183
f 4177 4183 4178
f 4178 4183 4184
f 4185 4195 4186
f 4186 4195 4196
f 4186 4196 4187
f 4187 4196 4197
f 4187 4197 4188
f 4188 4197 4198
f 4188 4198 4189
f 4189 4198 4199
f 4189 4199 4190
f 4190 4199 4200
f 4190 4200 4191
f 4191 4200 4201
f 4191 4201 4192
f 4192 4201 4202
f 4192 4202 4193
f 4193 4202 4203
f 4193 4203 4194
f 4194 4203 4204
f 4195 4205 4196
f 4196 4205 4206
f 4196 4206 4197
f 4197 4206 4207
f 4197 4207 4198
f 4198 4207 4208
f 4198 4208 4199
f 4199 4208 4209
f 4199 4209 4200
f 4200 4209 4210
f 4200 4210 4201
f 4201 4210 4211
f 4201 4211 4202
f 4202 4211 4212
f 4202 4212 4203
f 4203 4212 4213
f 4203 4213 4204
f 4204 4213 4214
f 4205 4215 4206
f 4206 4215 4216
f 4206 4216 4207
f 4207 4216 4217
f 4207 4217 4208
f 4208 4217 4218
f 4208 4218 4209
f 4209 4218 4219
f 4209 4219 4210
f 4210 4219 4220
f 4210 4220 4211
f 4211 4220 4221
f 4211 4221 4212
f 4212 4221 4222
f 4212 4222 4213
f 4213 4222 4223
f 4213 4223 4214
f 4214 4223 4224
f 4215 4225 4216
f 4216 4225 4226
f 4216 4226 4217
f 4217 4226 4227
f 4217 4227 4218
f 4218 4227 4228
f 4218 4228 4219
f 4219 4228 4229
f 4219 4229 4220
f 4220 4229 4230
f 4220 4230 4221
f 4221 4230 4231
f 4221 4231 4222
f 4222 4231 4232
f 4222 4232 4223
f 4223 4232 4233
f 4223 4233 4224
f 4224 4233 4234
f 4225 4235 4226
f 4226 4235 4236
f 4226 4236 4227
f 4227 4236 4237
f 4227 4237 4228
f 4228 4237 4238
f 4228 4238 4229
f 4229 4238 4239
f 4229 4239 4230
f 4230 4239 4240
f 4230 4240 4231
f 4231 4240 4241
f 4231 4241 4232
f 4232 4241 4242
f 4232 4242 4233
f 4233 4242 4243
f 4233 4243 4234
f 4234 4243 4244
f 4235 4245 4236
f 4236 4245 4246
f 4236 4246 4237
f 4237 4246 4247
f 4237 4247 4238
f 4238 4247 4248
f 4238 4248 4239
f 4239 4248 4249
f 4239 4249 4240
f 4240 4249 4250
f 4240 4250 4241
f 4241 4250 4251
f 4241 4251 4242
f 4242 4251 4252
f 4242 4252 4243
f 4243 4252 4253
f 4243 4253 4244
f 4244 4253 4254
f 4245 4255 4246
f 4246 4255 4256
f 4246 4256 4247
f 4247 4256 4257
f 4247 4257 4248
f 4248 4257 4258
f 4248 4258 4249
f 4249 4258 4259
f 4249 4259 4250
f 4250 4259 4260
f 4250 4260 4251
f 4251 4260 4261
f 4251 4261 4252
f 4252 4261 4262
f 4252 4262 4253
f 4253 4262 4263
f 4253 4263 4254
f 4254 4263 4264
f 4255 4265 4256
f 4256 4265 4266
f 4256 4266 4257
f 4257 4266 4267
f 4257 4267 4258
f 4258 4267 4268
f 4258 4268 4259
f 4259 4268 4269
f 4259 4269 4260
f 4260 4269 4270
f 4260 4270 4261
f 4261 4270 4271
f 4261 4271 4262
f 4262 4271 4272
f 4262 4272 4263
f 4263 4272 4273
f 4263 4273 4264
f 4264 4273 4274
f 4265 4275 4266
f 4266 4275 4276
f 4266 4276 4267
f 4267 4276 4277
f 4267 4277 4268
f 4268 4277 4278
f 4268 4278 4269
f 4269 4278 4279
f 4269 4279 4270
f 4270 4279 4280
f 4270 4280 4271
f 4271 4280 4281
f 4271 4281 4272
f 4272 4281 4282
f 4272 4282 4273
f 4273 4282 4283
f 4273 4283 4274
f 4274 4283 4284
f 4275 4285 4276
f 4276 4285 4286
f 4276 4286 4277
f 4277 4286 4287
f 4277 4287 4278
f 4278 4287 4288
f 4278 4288 4279
f 4279 4288 4289
f 4279 4289 4280
f 4280 4289 4290
f 4280 4290 4281
f 4281 4290 4291
f 4281 4291 4282
f 4282 4291 4292
f 4282 4292 4283
f 4283 4292 4293
f 4283 4293 4284
f 4284 4293 4294
f 4285 4295 4286
f 4286 4295 4296
f 4286 4296 4287
f 4287 4296 4297
f 4287 4297 4288
f 4288 4297 4298
f 4288 4298 4289
f 4289 4298 4299
f 4289 4299 4290
f 4290 4299 4300
f 4290 4300 4291
f 4291 4300 4301
f 4291 4301 4292
f 4292 4301 4302
f 4292 4302 4293
f 4293 4302 4303
f 4293 4303 4294
f 4294 4303 4304
f 4305 4315 4306
f 4306 4315 4316
f 4306 4316 4307
f 4307 4316 4317
f 4307 4317 4308
f 4308 4317 4318
f 4308 4318 4309
f 4309 4318 4319
f 4309 4319 4310
f 4310 4319 4320
f 4310 4320 4311
f 4311 4320 4321
f 4311 4321 4312
f 4312 4321 4322
f 4312 4322 4313
f 4313 4322 4323
f 4313 4323 4314
f 4314 4323 4324
f 4315 4325 4316
f 4316 4325 4326
f 4316 4326 4317
f 4317 4326 4327
f 4317 4327 4318
f 4318 4327 4328
f 4318 4328 4319
f 4319 4328 4329
f 4319 4329 4320
f 4320 4329 4330
f 4320 4330 4321
f 4321 4330 4331
f 4321 4331 4322
f 4322 4331 4332
f 4322 4332 4323
f 4323 4332 4333
f 4323 4333 4324
f 4324 4333 4334
f 4325 4335 4326
f 4326 4335 4336
f 4326 4336 4327
f 4327 4336 4337
f 4327 4337 4328
f 4328 4337 4338
f 4328 4338 4329
f 4329 4338 4339
f 4329 4339 4330
f 4330 4339 4340
f 4330 4340 4331
f 4331 4340 4341
f 4331 4341 4332
f 4332 4341 4342
f 4332 4342 4333
f 4333 4342 4343
f 4333 4343 4334
f 4334 4343 4344
f 4335 4345 4336
f 4336 4345 4346
f 4336 4346 4337
f 4337 4346 4347
f 4337 4347 4338
f 4338 4347 4348
f 4338 4348 4339
f 4339 4348 4349
f 4339 4349 4340
f 4340 4349 4350
f 4340 4350 4341
f 4341 4350 4351
f 4341 4351 4342
f 4342 4351 4352
f 4342 4352 4343
f 4343 4352 4353
f 4343 4353 4344
f 4344 4353 4354
f 4345 4355 4346
f 4346 4355 4356
f 4346 4356 4347
f 4347 4356 4357
f 4347 4357 4348
f 4348 4357 4358
f 4348 4358 4349
f 4349 4358 4359
f 4349 4359 4350
f 4350 4359 4360
f 4350 4360 4351
f 4351 4360 4361
f 4351 4361 4352
f 4352 4361 4362
f 4352 4362 4353
f 4353 4362 4363
f 4353 4363 4354
f 4354 4363 4364
f 4355 4365 4356
f 4356 4365 4366
f 4356 4366 4357
f 4357 4366 4367
f 4357 4367 4358
f 4358 4367 4368
f 4358 4368 4359
f 4359 4368 4369
f 4359 4369 4360
f 4360 4369 4370
f 4360 4370 4361
f 4361 4370 4371
f 4361 4371 4362
f 4362 4371 4372
f 4362 4372 4363
f 4363 4372 4373
f 4363 4373 4364
f 4364 4373 4374
f 4365 4375 4366
f 4366 4375 4376
f 4366 4376 4367
f 4367 4376 4377
f 4367 4377 4368
f 4368 4377 4378
f 4368 4378 4369
f 4369 4378 4379
f 4369 4379 4370
f 4370 4379 4380
f 4370 4380 4371
f 4371 4380 4381
f 4371 4381 4372
f 4372 4381 4382
f 4372 4382 4373
f 4373 4382 4383
f 4373 4383 4374
f 4374 4383 4384
f 4375 4385 4376
f 4376 4385 4386
f 4376 4386 4377
f 4377 4386 4387
f 4377 4387 4378
f 4378 4387 4388
f 4378 4388 4379
f 4379 4388 4389
f 4379 4389 4380
f 4380 4389 4390
f 4380 4390 4381
f 4381 4390 4391
f 4381 4391 4382
f 4382 4391 4392
f 4382 4392 4383
f 4383 4392 4393
f 4383 4393 4384
f 4384 4393 4394
f 4385 4395 4386
f 4386 4395 4396
f 4386 4396 4387
f 4387 4396 4397
f 4387 4397 4388
f 4388 4397 4398
f 4388 4398 4389
f 4389 4398 4399
f 4389 4399 4390
f 4390 4399 4400
f 4390 4400 4391
f 4391 4400 4401
f 4391 4401 4392
f 4392 4401 4402
f 4392 4402 4393
f 4393 4402 4403
f 4393 4403 4394
f 4394 4403 4404
f 4395 4405 4396
f 4396 4405 4406
f 4396 4406 4397
f 4397 4406 4407
f 4397 4407 4398
f 4398 4407 4408
f 4398 4408 4399
f 4399 4408 4409
f 4399 4409 4400
f 4400 4409 4410
f 4400 4410 4401
f 4401 4410 4411
f 4401 4411 4402
f 4402 4411 4412
f 4402 4412 4403
f 4403 4412 4413
f 4403 4413 4404
f 4404 4413 4414
f 4405 4415 4406
f 4406 4415 4416
f 4406 4416 4407
f 4407 4416 4417
f 4407 4417 4408
f 4408 4417 4418
f 4408 4418 4409
f 4409 4418 4419
f 4409 4419 4410
f 4410 4419 4420
f 4410 4420 4411
f 4411 4420 4421
f 4411 4421 4412
f 4412 4421 4422
f 4412 4422 4413
f 4413 4422 4423
f 4413 4423 4414
f 4414 4423 4424
f 4425 4435 4426
f 4426 4435 4436
f 4426 4436 4427
f 4427 4436 4437
f 4427 4437 4428
f 4428 4437 4438
f 4428 4438 4429
f 4429 4438 4439
f 4429 4439 4430
f 4430 4439 4440
f 4430 4440 4431
f 4431 4440 4441
f 4431 4441 4432
f 4432 4441 4442
f 4432 4442 4433
f 4433 4442 4443
f 4433 4443 4434
f 4434 4443 4444
f 4435 4445 4436
f 4436 4445 4446
f 4436 4446 4437
f 4437 4446 4447
f 4437 4447 4438
f 4438 4447 4448
f 4438 4448 4439
f 4439 4448 4449
f 4439 4449 4440
f 4440 4449 4450
f 4440 4450 4441
f 4441 4450 4451
f 4441 4451 4442
f 4442 4451 4452
f 4442 4452 4443
f 4443 4452 4453
f 4443 4453 4444
f 4444 4453 4454
f 4445 4455 4446
f 4446 4455 4456
f 4446 4456 4447
f 4447 4456 4457
f 4447 4457 4448
f 4448 4457 4458
f 4448 4458 4449
f 4449 4458 4459
f 4449 4459 4450
f 4450 4459 4460
f 4450 4460 4451
f 4451 4460 4461
f 4451 4461 4452
f 4452 4461 4462
f 4452 4462 4453
f 4453 4462 4463
f 4453 4463 4454
f 4454 4463 4464
f 4455 4465 4456
f 4456 4465 4466
f 4456 4466 4457
f 4457 4466 4467
f 4457 4467 4458
f 4458 4467 4468
f 4458 4468 4459
f 4459 4468 4469
f 4459 4469 4460
f 4460 4469 4470
f 4460 4470 4461
f 4461 4470 4471
f 4461 4471 4462
f 4462 4471 4472
f 4462 4472 4463
f 4463 4472 4473
f 4463 4473 4464
f 4464 4473 4474
f 4465 4475 4466
f 4466 4475 4476
f 4466 4476 4467
f 4467 4476 4477
f 4467 4477 4468
f 4468 4477 4478
f 4468 4478 4469
f 4469 4478 4479
f 4469 4479 4470
f 4470 4479 4480
f 4470 4480 4471
f 4471 4480 4481
f 4471 4481 4472
f 4472 4481 4482
f 4472 4482 4473
f 4473 4482 4483
f 4473 4483 4474
f 4474 4483 4484
f 4475 4485 4476
f 4476 4485 4486
f 4476 4486 4477
f 4477 4486 4487
f 4477 4487 4478
f 4478 4487 4488
f 4478 4488 4479
f 4479 4488 4489
f 4479 4489 4480
f 4480 4489 4490
f 4480 4490 4481
f 4481 4490 4491
f 4481 4491 4482
f 4482 4491 4492
f 4482 4492 4483
f 4483 4492 4493
f 4483 4493 4484
f 4484 4493 4494
f 4485 4495 4486
f 4486 4495 4496
f 4486 4496 4487
f 4487 4496 4497
f 4487 4497 4488
f 4488 4497 4498
f 4488 4498 4489
f 4489 4498 4499
f 4489 4499 4490
f 4490 4499 4500
f 4490 4500 4491
f 4491 4500 4501
f 4491 4501 4492
f 4492 4501 4502
f 4492 4502 4493
f 4493 4502 4503
f 4493 4503 4494
f 4494 4503 4504
f 4495 4505 4496
f 4496 4505 4506
f 4496 4506 4497
f 4497 4506 4507
f 4497 4507 4498
f 4498 4507 4508
f 4498 4508 4499
f 4499 4508 4509
f 4499 4509 4500
f 4500 4509 4510
f 4500 4510 4501
f 4501 4510 4511
f 4501 4511 4502
f 4502 4511 4512
f 4502 4512 4503
f 4503 4512 4513
f 4503 4513 4504
f 4504 4513 4514
f 4505 4515 4506
f 4506 4515 4516
f 4506 4516 4507
f 4507 4516 4517
f 4507 4517 4508
f 4508 4517 4518
f 4508 4518 4509
f 4509 4518 4519
f 4509 4519 4510
f 4510 4519 4520
f 4510 4520 4511
f 4511 4520 4521
f 4511 4521 4512
f 4512 4521 4522
f 4512 4522 4513
f 4513 4522 4523
f 4513 4523 4514
f 4514 4523 4524
f 4515 4525 4516
f 4516 4525 4526
f 4516 4526 4517
f 4517 4526 4527
f 4517 4527 4518
f 4518 4527 4528
f 4518 4528 4519
f 4519 4528 4529
f 4519 4529 4520
f 4520 4529 4530
f 4520 4530 4521
f 4521 4530 4531
f 4521 4531 4522
f 4522 4531 4532
f 4522 4532 4523
f 4523 4532 4533
f 4523 4533 4524
f 4524 4533 4534
f 4525 4535 4526
f 4526 4535 4536
f 4526 4536 4527
f 4527 4536 4537
f 4527 4537 4528
f 4528 4537 4538
f 4528 4538 4529
f 4529 4538 4539
f 4529 4539 4530
f 4530 4539 4540
f 4530 4540 4531
f 4531 4540 4541
f 4531 4541 4532
f 4532 4541 4542
f 4532 4542 4533
f 4533 4542 4543
f 4533 4543 4534
f 4534 4543 4544
f 4545 4555 4546
f 4546 4555 4556
f 4546 4556 4547
f 4547 4556 4557
f 4547 4557 4548
f 4548 4557 4558
f 4548 4558 4549
f 4549 4558 4559
f 4549 4559 4550
f 4550 4559 4560
f 4550 4560 4551
f 4551 4560 4561
f 4551 4561 4552
f 4552 4561 4562
f 4552 4562 4553
f 4553 4562 4563
f 4553 4563 4554
f 4554 4563 4564
f 4555 4565 4556
f 4556 4565 4566
f 4556 4566 4557
f 4557 4566 4567
f 4557 4567 4558
f 4558 4567 4568
f 4558 4568 4559
f 4559 4568 4569
f 4559 4569 4560
f 4560 4569 4570
f 4560 4570 4561
f 4561 4570 4571
f 4561 4571 4562
f 4562 4571 4572
f 4562 4572 4563
f 4563 4572 4573
f 4563 4573 4564
f 4564 4573 4574
f 4565 4575 4566
f 4566 4575 4576
f 4566 4576 4567
f 4567 4576 4577
f 4567 4577 4568
f 4568 4577 4578
f 4568 4578 4569
f 4569 4578 4579
f 4569 4579 4570
f 4570 4579 4580
f 4570 4580 4571
f 4571 4580 4581
f 4571 4581 4572
f 4572 4581 4582
f 4572 4582 4573
f 4573 4582 4583
f 4573 4583 4574
f 4574 4583 4584
f 4575 4585 4576
f 4576 4585 4586
f 4576 4586 4577
f 4577 4586 4587
f 4577 4587 4578
f 4578 4587 4588
f 4578 4588 4579
f 4579 4588 4589
f 4579 4589 4580
f 4580 4589 4590
f 4580 4590 4581
f 4581 4590 4591
f 4581 4591 4582
f 4582 4591 4592
f 4582 4592 4583
f 4583 4592 4593
f 4583 4593 4584
f 4584 4593 4594
f 4585 4595 4586
f 4586 4595 4596
f 4586 4596 4587
f 4587 4596 4597
f 4587 4597 4588
f 4588 4597 4598
f 4588 4598 4589
f 4589 4598 4599
f 4589 4599 4590
f 4590 4599 4600
f 4590 4600 4591
f 4591 4600 4601
f 4591 4601 4592
f 4592 4601 4602
f 4592 4602 4593
f 4593 4602 4603
f 4593 4603 4594
f 4594 4603 4604
f 4595 4605 4596
f 4596 4605 4606
f 4596 4606 4597
f 4597 4606 4607
f 4597 4607 4598
f 4598 4607 4608
f 4598 4608 4599
f 4599 4608 4609
f 4599 4609 4600
f 4600 4609 4610
f 4600 4610 4601
f 4601 4610 4611
f 4601 4611 4602
f 4602 4611 4612
f 4602 4612 4603
f 4603 4612 4613
f 4603 4613 4604
f 4604 4613 4614
f 4605 4615 4606
f 4606 4615 4616
f 4606 4616 4607
f 4607 4616 4617
f 4607 4617 4608
f 4608 4617 4618
f 4608 4618 4609
f 4609 4618 4619
f 4609 4619 4610
f 4610 4619 4620
f 4610 4620 4611
f 4611 4620 4621
f 4611 4621 4612
f 4612 4621 4622
f 4612 4622 4613
f 4613 4622 4623
f 4613 4623 4614
f 4614 4623 4624
f 4615 4625 4616
f 4616 4625 4626
f 4616 4626 4617
f 4617 4626 4627
f 4617 4627 4618
f 4618 4627 4628
f 4618 4628 4619
f 4619 4628 4629
f 4619 4629 4620
f 4620 4629 4630
f 4620 4630 4621
f 4621 4630 4631
f 4621 4631 4622
f 4622 4631 4632
f 4622 4632 4623
f 4623 4632 4633
f 4623 4633 4624
f 4624 4633 4634
f 4625 4635 4626
f 4626 4635 4636
f 4626 4636 4627
f 4627 4636 4637
f 4627 4637 4628
f 4628 4637 4638
f 4628 4638 4629
f 4629 4638 4639
f 4629 4639 4630
f 4630 4639 4640
f 4630 4640 4631
f 4631 4640 4641
f 4631 4641 4632
f 4632 4641 4642
f 4632 4642 4633
f 4633 4642 4643
f 4633 4643 4634
f 4634 4643 4644
f 4635 4645 4636
f 4636 4645 4646
f 4636 4646 4637
f 4637 4646 4647
f 4637 4647 4638
f 4638 4647 4648
f 4638 4648 4639
f 4639 4648 4649
f 4639 4649 4640
f 4640 4649 4650
f 4640 4650 4641
f 4641 4650 4651
f 4641 4651 4642
f 4642 4651 4652
f 4642 4652 4643
f 4643 4652 4653
f 4643 4653 4644
f 4644 4653 4654
f 4645 4655 4646
f 4646 4655 4656
f 4646 4656 4647
f 4647 4656 4657
f 4647 4657 4648
f 4648 4657 4658
f 4648 4658 4649
f 4649 4658 4659
f 4649 4659 4650
f 4650 4659 4660
f 4650 4660 4651
f 4651 4660 4661
f 4651 4661 4652
f 4652 4661 4662
f 4652 4662 4653
f 4653 4662 4663
f 4653 4663 4654
f 4654 4663 4664
v -0.18396 0.80256 0.20296 0.55201 0.35153 0.11697
v -0.18460 0.80080 0.20360 0.55201 0.35153 0.11697
v -0.18460 0.80320 0.20120 0.55201 0.35153 0.11697
v -0.18460 0.80080 0.20360 0.55201 0.35153 0.11697
v -0.18568 0.80134 0.20174 0.55201 0.35153 0.11697
v -0.18460 0.80320 0.20120 0.55201 0.35153 0.11697
v -0.18460 0.80320 0.20120 0.55201 0.35153 0.11697
v -0.18568 0.80134 0.20174 0.55201 0.35153 0.11697
v -0.18489 0.80349 0.19880 0.55201 0.35153 0.11697
v -0.18568 0.80134 0.20174 0.55201 0.35153 0.11697
v -0.18624 0.80162 0.19880 0.55201 0.35153 0.11697
v -0.18489 0.80349 0.19880 0.55201 0.35153 0.11697
v -0.18489 0.80349 0.19880 0.55201 0.35153 0.11697
v -0.18624 0.80162 0.19880 0.55201 0.35153 0.11697
v -0.18489 0.80349 0.15320 0.55201 0.35153 0.11697
v -0.18624 0.80162 0.19880 0.55201 0.35153 0.11697
v -0.18624 0.80162 0.15320 0.55201 0.35153 0.11697
v -0.18489 0.80349 0.15320 0.55201 0.35153 0.11697
v -0.18489 0.80349 0.15320 0.55201 0.35153 0.11697
v -0.18624 0.80162 0.15320 0.55201 0.35153 0.11697
v -0.18460 0.80320 0.15080 0.55201 0.35153 0.11697
v -0.18624 0.80162 0.15320 0.55201 0.35153 0.11697
v -0.18568 0.80134 0.15026 0.55201 0.35153 0.11697
v -0.18460 0.80320 0.15080 0.55201 0.35153 0.11697
v -0.18460 0.80320 0.15080 0.55201 0.35153 0.11697
v -0.18568 0.80134 0.15026 0.55201 0.35153 0.11697
v -0.18396 0.80256 0.14904 0.55201 0.35153 0.11697
v -0.18568 0.80134 0.15026 0.55201 0.35153 0.11697
v -0.18460 0.80080 0.14840 0.55201 0.35153 0.11697
v -0.18396 0.80256 0.14904 0.55201 0.35153 0.11697
v -0.18460 0.80080 0.20360 0.55201 0.35153 0.11697
v -0.18489 0.79840 0.20389 0.55201 0.35153 0.11697
v -0.18568 0.80134 0.20174 0.55201 0.35153 0.11697
v -0.18489 0.79840 0.20389 0.55201 0.35153 0.11697
v -0.18624 0.79840 0.20202 0.55201 0.35153 0.11697
v -0.18568 0.80134 0.20174 0.55201 0.35153 0.11697
v -0.18568 0.80134 0.20174 0.55201 0.35153 0.11697
v -0.18624 0.79840 0.20202 0.55201 0.35153 0.11697
v -0.18624 0.80162 0.19880 0.55201 0.35153 0.11697
v -0.18624 0.79840 0.20202 0.55201 0.35153 0.11697
v -0.18700 0.79840 0.19880 0.55201 0.35153 0.11697
v -0.18624 0.80162 0.19880 0.55201 0.35153 0.11697
v -0.18624 0.80162 0.19880 0.55201 0.35153 0.11697
v -0.18700 0.79840 0.19880 0.55201 0.35153 0.11697
v -0.18624 0.80162 0.15320 0.55201 0.35153 0.11697
v -0.18700 0.79840 0.19880 0.55201 0.35153 0.11697
v -0.18700 0.79840 0.15320 0.55201 0.35153 0.11697
v -0.18624 0.80162 0.15320 0.55201 0.35153 0.11697
v -0.18624 0.80162 0.15320 0.55201 0.35153 0.11697
v -0.18700 0.79840 0.15320 0.55201 0.35153 0.11697
v -0.18568 0.80134 0.15026 0.55201 0.35153 0.11697
v -0.18700 0.79840 0.15320 0.55201 0.35153 0.11697
v -0.18624 0.79840 0.14998 0.55201 0.35153 0.11697
v -0.18568 0.80134 0.15026 0.55201 0.35153 0.11697
v -0.18568 0.80134 0.15026 0.55201 0.35153 0.11697
v -0.18624 0.79840 0.14998 0.55201 0.35153 0.11697
v -0.18460 0.80080 0.14840 0.55201 0.35153 0.11697
v -0.18624 0.79840 0.14998 0.55201 0.35153 0.11697
v -0.18489 0.79840 0.14811 0.55201 0.35153 0.11697
v -0.18460 0.80080 0.14840 0.55201 0.35153 0.11697
v -0.18489 0.79840 0.20389 0.55201 0.35153 0.11697
v -0.18489 0.66580 0.20389 0.55201 0.35153 0.11697
v -0.18624 0.79840 0.20202 0.55201 0.35153 0.11697
v -0.18489 0.66580 0.20389 0.55201 0.35153 0.11697
v -0.18624 0.66580 0.20202 0.55201 0.35153 0.11697
v -0.18624 0.79840 0.20202 0.55201 0.35153 0.11697
v -0.18624 0.79840 0.20202 0.55201 0.35153 0.11697
v -0.18624 0.66580 0.20202 0.55201 0.35153 0.11697
v -0.18700 0.79840 0.19880 0.55201 0.35153 0.11697
v -0.18624 0.66580 0.20202 0.55201 0.35153 0.11697
v -0.18700 0.66580 0.19880 0.55201 0.35153 0.11697
v -0.18700 0.79840 0.19880 0.55201 0.35153 0.11697
v -0.18700 0.79840 0.19880 0.55201 0.35153 0.11697
v -0.18700 0.66580 0.19880 0.55201 0.35153 0.11697
v -0.18700 0.79840 0.15320 0.55201 0.35153 0.11697
v -0.18700 0.66580 0.19880 0.55201 0.35153 0.11697
v -0.18700 0.66580 0.15320 0.55201 0.35153 0.11697
v -0.18700 0.79840 0.15320 0.55201 0.35153 0.11697
v -0.18700 0.79840 0.15320 0.55201 0.35153 0.11697
v -0.18700 0.66580 0.15320 0.55201 0.35153 0.11697
v -0.18624 0.79840 0.14998 0.55201 0.35153 0.11697
v -0.18700 0.66580 0.15320 0.55201 0.35153 0.11697
v -0.18624 0.66580 0.14998 0.55201 0.35153 0.11697
v -0.18624 0.79840 0.14998 0.55201 0.35153 0.11697
v -0.18624 0.79840 0.14998 0.55201 0.35153 0.11697
v -0.18624 0.66580 0.14998 0.55201 0.35153 0.11697
v -0.18489 0.79840 0.14811 0.55201 0.35153 0.11697
v -0.18624 0.66580 0.14998 0.55201 0.35153 0.11697
v -0.18489 0.66580 0.14811 0.55201 0.35153 0.11697
v -0.18489 0.79840 0.14811 0.55201 0.35153 0.11697
v -0.18489 0.66580 0.20389 0.55201 0.35153 0.11697
v -0.18460 0.66340 0.20360 0.55201 0.35153 0.11697
v -0.18624 0.66580 0.20202 0.55201 0.35153 0.11697
v -0.18460 0.66340 0.20360 0.55201 0.35153 0.11697
v -0.18568 0.66286 0.20174 0.55201 0.35153 0.11697
v -0.18624 0.66580 0.20202 0.55201 0.35153 0.11697
v -0.18624 0.66580 0.20202 0.55201 0.35153 0.11697
v -0.18568 0.66286 0.20174 0.55201 0.35153 0.11697
v -0.18700 0.66580 0.19880 0.55201 0.35153 0.11697
v -0.18568 0.66286 0.20174 0.55201 0.35153 0.11697
v -0.18624 0.66258 0.19880 0.55201 0.35153 0.11697
v -0.18700 0.66580 0.19880 0.55201 0.35153 0.11697
v -0.18700 0.66580 0.19880 0.55201 0.35153 0.11697
v -0.18624 0.66258 0.19880 0.55201 0.35153 0.11697
v -0.18700 0.66580 0.15320 0.55201 0.35153 0.11697
v -0.18624 0.66258 0.19880 0.55201 0.35153 0.11697
v -0.18624 0.66258 0.15320 0.55201 0.35153 0.11697
v -0.18700 0.66580 0.15320 0.55201 0.35153 0.11697
v -0.18700 0.66580 0.15320 0.55201 0.35153 0.11697
v -0.18624 0.66258 0.15320 0.55201 0.35153 0.11697
v -0.18624 0.66580 0.14998 0.55201 0.35153 0.11697
v -0.18624 0.66258 0.15320 0.55201 0.35153 0.11697
v -0.18568 0.66286 0.15026 0.55201 0.35153 0.11697
v -0.18624 0.66580 0.14998 0.55201 0.35153 0.11697
v -0.18624 0.66580 0.14998 0.55201 0.35153 0.11697
v -0.18568 0.66286 0.15026 0.55201 0.35153 0.11697
v -0.18489 0.66580 0.14811 0.55201 0.35153 0.11697
v -0.18568 0.66286 0.15026 0.55201 0.35153 0.11697
v -0.18460 0.66340 0.14840 0.55201 0.35153 0.11697
v -0.18489 0.66580 0.14811 0.55201 0.35153 0.11697
v -0.18460 0.66340 0.20360 0.55201 0.35153 0.11697
v -0.18396 0.66164 0.20296 0.55201 0.35153 0.11697
v -0.18568 0.66286 0.20174 0.55201 0.35153 0.11697
v -0.18396 0.66164 0.20296 0.55201 0.35153 0.11697
v -0.18460 0.66100 0.20120 0.55201 0.35153 0.11697
v -0.18568 0.66286 0.20174 0.55201 0.35153 0.11697
v -0.18568 0.66286 0.20174 0.55201 0.35153 0.11697
v -0.18460 0.66100 0.20120 0.55201 0.35153 0.11697
v -0.18624 0.66258 0.19880 0.55201 0.35153 0.11697
v -0.18460 0.66100 0.20120 0.55201 0.35153 0.11697
v -0.18489 0.66071 0.19880 0.55201 0.35153 0.11697
v -0.18624 0.66258 0.19880 0.55201 0.35153 0.11697
v -0.18624 0.66258 0.19880 0.55201 0.35153 0.11697
v -0.18489 0.66071 0.19880 0.55201 0.35153 0.11697
v -0.18624 0.66258 0.15320 0.55201 0.35153 0.11697
v -0.18489 0.66071 0.19880 0.55201 0.35153 0.11697
v -0.18489 0.66071 0.15320 0.55201 0.35153 0.11697
v -0.18624 0.66258 0.15320 0.55201 0.35153 0.11697
v -0.18624 0.66258 0.15320 0.55201 0.35153 0.11697
v -0.18489 0.66071 0.15320 0.55201 0.35153 0.11697
v -0.18568 0.66286 0.15026 0.55201 0.35153 0.11697
v -0.18489 0.66071 0.15320 0.55201 0.35153 0.11697
v -0.18460 0.66100 0.15080 0.55201 0.35153 0.11697
v -0.18568 0.66286 0.15026 0.55201 0.35153 0.11697
v -0.18568 0.66286 0.15026 0.55201 0.35153 0.11697
v -0.18460 0.66100 0.15080 0.55201 0.35153 0.11697
v -0.18460 0.66340 0.14840 0.55201 0.35153 0.11697
v -0.18460 0.66100 0.15080 0.55201 0.35153 0.11697
v -0.18396 0.66164 0.14904 0.55201 0.35153 0.11697
v -0.18460 0.66340 0.14840 0.55201 0.35153 0.11697
v 0.18396 0.80256 0.14904 0.55201 0.35153 0.11697
v 0.18460 0.80080 0.14840 0.55201 0.35153 0.11697
v 0.18460 0.80320 0.15080 0.55201 0.35153 0.11697
v 0.18460 0.80080 0.14840 0.55201 0.35153 0.11697
v 0.18568 0.80134 0.15026 0.55201 0.35153 0.11697
v 0.18460 0.80320 0.15080 0.55201 0.35153 0.11697
v 0.18460 0.80320 0.15080 0.55201 0.35153 0.11697
v 0.18568 0.80134 0.15026 0.55201 0.35153 0.11697
v 0.18489 0.80349 0.15320 0.55201 0.35153 0.11697
v 0.18568 0.80134 0.15026 0.55201 0.35153 0.11697
v 0.18624 0.80162 0.15320 0.55201 0.35153 0.11697
v 0.18489 0.80349 0.15320 0.55201 0.35153 0.11697
v 0.18489 0.80349 0.15320 0.55201 0.35153 0.11697
v 0.18624 0.80162 0.15320 0.55201 0.35153 0.11697
v 0.18489 0.80349 0.19880 0.55201 0.35153 0.11697
v 0.18624 0.80162 0.15320 0.55201 0.35153 0.11697
v 0.18624 0.80162 0.19880 0.55201 0.35153 0.11697
v 0.18489 0.80349 0.19880 0.55201 0.35153 0.11697
v 0.18489 0.80349 0.19880 0.55201 0.35153 0.11697
v 0.18624 0.80162 0.19880 0.55201 0.35153 0.11697
v 0.18460 0.80320 0.20120 0.55201 0.35153 0.11697
v 0.18624 0.80162 0.19880 0.55201 0.35153 0.11697
v 0.18568 0.80134 0.20174 0.55201 0.35153 0.11697
v 0.18460 0.80320 0.20120 0.55201 0.35153 0.11697
v 0.18460 0.80320 0.20120 0.55201 0.35153 0.11697
v 0.18568 0.80134 0.20174 0.55201 0.35153 0.11697
v 0.18396 0.80256 0.20296 0.55201 0.35153 0.11697
v 0.18568 0.80134 0.20174 0.55201 0.35153 0.11697
v 0.18460 0.80080 0.20360 0.55201 0.35153 0.11697
v 0.18396 0.80256 0.20296 0.55201 0.35153 0.11697
v 0.18460 0.80080 0.14840 0.55201 0.35153 0.11697
v 0.18489 0.79840 0.14811 0.55201 0.35153 0.11697
v 0.18568 0.80134 0.15026 0.55201 0.35153 0.11697
v 0.18489 0.79840 0.14811 0.55201 0.35153 0.11697
v 0.18624 0.79840 0.14998 0.55201 0.35153 0.11697
v 0.18568 0.80134 0.15026 0.55201 0.35153 0.11697
v 0.18568 0.80134 0.15026 0.55201 0.35153 0.11697
v 0.18624 0.79840 0.14998 0.55201 0.35153 0.11697
v 0.18624 0.80162 0.15320 0.55201 0.35153 0.11697
v 0.18624 0.79840 0.14998 0.55201 0.35153 0.11697
v 0.18700 0.79840 0.15320 0.55201 0.35153 0.11697
v 0.18624 0.80162 0.15320 0.55201 0.35153 0.11697
v 0.18624 0.80162 0.15320 0.55201 0.35153 0.11697
v 0.18700 0.79840 0.15320 0.55201 0.35153 0.11697
v 0.18624 0.80162 0.19880 0.55201 0.35153 0.11697
v 0.18700 0.79840 0.15320 0.55201 0.35153 0.11697
v 0.18700 0.79840 0.19880 0.55201 0.35153 0.11697
v 0.18624 0.80162 0.19880 0.55201 0.35153 0.11697
v 0.18624 0.80162 0.19880 0.55201 0.35153 0.11697
v 0.18700 0.79840 0.19880 0.55201 0.35153 0.11697
v 0.18568 0.80134 0.20174 0.55201 0.35153 0.11697
v 0.18700 0.79840 0.19880 0.55201 0.35153 0.11697
v 0.18624 0.79840 0.20202 0.55201 0.35153 0.11697
v 0.18568 0.80134 0.20174 0.55201 0.35153 0.11697
v 0.18568 0.80134 0.20174 0.55201 0.35153 0.11697
v 0.18624 0.79840 0.20202 0.55201 0.35153 0.11697
v 0.18460 0.80080 0.20360 0.55201 0.35153 0.11697
v 0.18624 0.79840 0.20202 0.55201 0.35153 0.11697
v 0.18489 0.79840 0.20389 0.55201 0.35153 0.11697
v 0.18460 0.80080 0.20360 0.55201 0.35153 0.11697
v 0.18489 0.79840 0.14811 0.55201 0.35153 0.11697
v 0.18489 0.66580 0.14811 0.55201 0.35153 0.11697
v 0.18624 0.79840 0.14998 0.55201 0.35153 0.11697
v 0.18489 0.66580 0.14811 0.55201 0.35153 0.11697
v 0.18624 0.66580 0.14998 0.55201 0.35153 0.11697
v 0.18624 0.79840 0.14998 0.55201 0.35153 0.11697
v 0.18624 0.79840 0.14998 0.55201 0.35153 0.11697
v 0.18624 0.66580 0.14998 0.55201 0.35153 0.11697
v 0.18700 0.79840 0.15320 0.55201 0.35153 0.11697
v 0.18624 0.66580 0.14998 0.55201 0.35153 0.11697
v 0.18700 0.66580 0.15320 0.55201 0.35153 0.11697
v 0.18700 0.79840 0.15320 0.55201 0.35153 0.11697
v 0.18700 0.79840 0.15320 0.55201 0.35153 0.11697
v 0.18700 0.66580 0.15320 0.55201 0.35153 0.11697
v 0.18700 0.79840 0.19880 0.55201 0.35153 0.11697
v 0.18700 0.66580 0.15320 0.55201 0.35153 0.11697
v 0.18700 0.66580 0.19880 0.55201 0.35153 0.11697
v 0.18700 0.79840 0.19880 0.55201 0.35153 0.11697
v 0.18700 0.79840 0.19880 0.55201 0.35153 0.11697
v 0.18700 0.66580 0.19880 0.55201 0.35153 0.11697
v 0.18624 0.79840 0.20202 0.55201 0.35153 0.11697
v 0.18700 0.66580 0.19880 0.55201 0.35153 0.11697
v 0.18624 0.66580 0.20202 0.55201 0.35153 0.11697
v 0.18624 0.79840 0.20202 0.55201 0.35153 0.11697
v 0.18624 0.79840 0.20202 0.55201 0.35153 0.11697
v 0.18624 0.66580 0.20202 0.55201 0.35153 0.11697
v 0.18489 0.79840 0.20389 0.55201 0.35153 0.11697
v 0.18624 0.66580 0.20202 0.55201 0.35153 0.11697
v 0.18489 0.66580 0.20389 0.55201 0.35153 0.11697
v 0.18489 0.79840 0.20389 0.55201 0.35153 0.11697
v 0.18489 0.66580 0.14811 0.55201 0.35153 0.11697
v 0.18460 0.66340 0.14840 0.55201 0.35153 0.11697
v 0.18624 0.66580 0.14998 0.55201 0.35153 0.11697
v 0.18460 0.66340 0.14840 0.55201 0.35153 0.11697
v 0.18568 0.66286 0.15026 0.55201 0.35153 0.11697
v 0.18624 0.66580 0.14998 0.55201 0.35153 0.11697
v 0.18624 0.66580 0.14998 0.55201 0.35153 0.11697
v 0.18568 0.66286 0.15026 0.55201 0.35153 0.11697
v 0.18700 0.66580 0.15320 0.55201 0.35153 0.11697
v 0.18568 0.66286 0.15026 0.55201 0.35153 0.11697
v 0.18624 0.66258 0.15320 0.55201 0.35153 0.11697
v 0.18700 0.66580 0.15320 0.55201 0.35153 0.11697
v 0.18700 0.66580 0.15320 0.55201 0.35153 0.11697
v 0.18624 0.66258 0.15320 0.55201 0.35153 0.11697
v 0.18700 0.66580 0.19880 0.55201 0.35153 0.11697
v 0.18624 0.66258 0.15320 0.55201 0.35153 0.11697
v 0.18624 0.66258 0.19880 0.55201 0.35153 0.11697
v 0.18700 0.66580 0.19880 0.55201 0.35153 0.11697
v 0.18700 0.66580 0.19880 0.55201 0.35153 0.11697
v 0.18624 0.66258 0.19880 0.55201 0.35153 0.11697
v 0.18624 0.66580 0.20202 0.55201 0.35153 0.11697
v 0.18624 0.66258 0.19880 0.55201 0.35153 0.11697
v 0.18568 0.66286 0.20174 0.55201 0.35153 0.11697
v 0.18624 0.66580 0.20202 0.55201 0.35153 0.11697
v 0.18624 0.66580 0.20202 0.55201 0.35153 0.11697
v 0.18568 0.66286 0.20174 0.55201 0.35153 0.11697
v 0.18489 0.66580 0.20389 0.55201 0.35153 0.11697
v 0.18568 0.66286 0.20174 0.55201 0.35153 0.11697
v 0.18460 0.66340 0.20360 0.55201 0.35153 0.11697
v 0.18489 0.66580 0.20389 0.55201 0.35153 0.11697
v 0.18460 0.66340 0.14840 0.55201 0.35153 0.11697
v 0.18396 0.66164 0.14904 0.55201 0.35153 0.11697
v 0.18568 0.66286 0.15026 0.55201 0.35153 0.11697
v 0.18396 0.66164 0.14904 0.55201 0.35153 0.11697
v 0.18460 0.66100 0.15080 0.55201 0.35153 0.11697
v 0.18568 0.66286 0.15026 0.55201 0.35153 0.11697
v 0.18568 0.66286 0.15026 0.55201 0.35153 0.11697
v 0.18460 0.66100 0.15080 0.55201 0.35153 0.11697
v 0.18624 0.66258 0.15320 0.55201 0.35153 0.11697
v 0.18460 0.66100 0.15080 0.55201 0.35153 0.11697
v 0.18489 0.66071 0.15320 0.55201 0.35153 0.11697
v 0.18624 0.66258 0.15320 0.55201 0.35153 0.11697
v 0.18624 0.66258 0.15320 0.55201 0.35153 0.11697
v 0.18489 0.66071 0.15320 0.55201 0.35153 0.11697
v 0.18624 0.66258 0.19880 0.55201 0.35153 0.11697
v 0.18489 0.66071 0.15320 0.55201 0.35153 0.11697
v 0.18489 0.66071 0.19880 0.55201 0.35153 0.11697
v 0.18624 0.66258 0.19880 0.55201 0.35153 0.11697
v 0.18624 0.66258 0.19880 0.55201 0.35153 0.11697
v 0.18489 0.66071 0.19880 0.55201 0.35153 0.11697
v 0.18568 0.66286 0.20174 0.55201 0.35153 0.11697
v 0.18489 0.66071 0.19880 0.55201 0.35153 0.11697
v 0.18460 0.66100 0.20120 0.55201 0.35153 0.11697
v 0.18568 0.66286 0.20174 0.55201 0.35153 0.11697
v 0.18568 0.66286 0.20174 0.55201 0.35153 0.11697
v 0.18460 0.66100 0.20120 0.55201 0.35153 0.11697
v 0.18460 0.66340 0.20360 0.55201 0.35153 0.11697
v 0.18460 0.66100 0.20120 0.55201 0.35153 0.11697
v 0.18396 0.66164 0.20296 0.55201 0.35153 0.11697
v 0.18460 0.66340 0.20360 0.55201 0.35153 0.11697
v 0.18396 0.80256 0.14904 0.55201 0.35153 0.11697
v 0.18460 0.80320 0.15080 0.55201 0.35153 0.11697
v 0.18220 0.80320 0.14840 0.55201 0.35153 0.11697
v 0.18460 0.80320 0.15080 0.55201 0.35153 0.11697
v 0.18274 0.80428 0.15026 0.55201 0.35153 0.11697
v 0.18220 0.80320 0.14840 0.55201 0.35153 0.11697
v 0.18220 0.80320 0.14840 0.55201 0.35153 0.11697
v 0.18274 0.80428 0.15026 0.55201 0.35153 0.11697
v 0.17980 0.80349 0.14811 0.55201 0.35153 0.11697
v 0.18274 0.80428 0.15026 0.55201 0.35153 0.11697
v 0.17980 0.80484 0.14998 0.55201 0.35153 0.11697
v 0.17980 0.80349 0.14811 0.55201 0.35153 0.11697
v 0.17980 0.80349 0.14811 0.55201 0.35153 0.11697
v 0.17980 0.80484 0.14998 0.55201 0.35153 0.11697
v -0.17980 0.80349 0.14811 0.55201 0.35153 0.11697
v 0.17980 0.80484 0.14998 0.55201 0.35153 0.11697
v -0.17980 0.80484 0.14998 0.55201 0.35153 0.11697
v -0.17980 0.80349 0.14811 0.55201 0.35153 0.11697
v -0.17980 0.80349 0.14811 0.55201 0.35153 0.11697
v -0.17980 0.80484 0.14998 0.55201 0.35153 0.11697
v -0.18220 0.80320 0.14840 0.55201 0.35153 0.11697
v -0.17980 0.80484 0.14998 0.55201 0.35153 0.11697
v -0.18274 0.80428 0.15026 0.55201 0.35153 0.11697
v -0.18220 0.80320 0.14840 0.55201 0.35153 0.11697
v -0.18220 0.80320 0.14840 0.55201 0.35153 0.11697
v -0.18274 0.80428 0.15026 0.55201 0.35153 0.11697
v -0.18396 0.80256 0.14904 0.55201 0.35153 0.11697
v -0.18274 0.80428 0.15026 0.55201 0.35153 0.11697
v -0.18460 0.80320 0.15080 0.55201 0.35153 0.11697
v -0.18396 0.80256 0.14904 0.55201 0.35153 0.11697
v 0.18460 0.80320 0.15080 0.55201 0.35153 0.11697
v 0.18489 0.80349 0.15320 0.55201 0.35153 0.11697
v 0.18274 0.80428 0.15026 0.55201 0.35153 0.11697
v 0.18489 0.80349 0.15320 0.55201 0.35153 0.11697
v 0.18302 0.80484 0.15320 0.55201 0.35153 0.11697
v 0.18274 0.80428 0.15026 0.55201 0.35153 0.11697
v 0.18274 0.80428 0.15026 0.55201 0.35153 0.11697
v 0.18302 0.80484 0.15320 0.55201 0.35153 0.11697
v 0.17980 0.80484 0.14998 0.55201 0.35153 0.11697
v 0.18302 0.80484 0.15320 0.55201 0.35153 0.11697
v 0.17980 0.80560 0.15320 0.55201 0.35153 0.11697
v 0.17980 0.80484 0.14998 0.55201 0.35153 0.11697
v 0.17980 0.80484 0.14998 0.55201 0.35153 0.11697
v 0.17980 0.80560 0.15320 0.55201 0.35153 0.11697
v -0.17980 0.80484 0.14998 0.55201 0.35153 0.11697
v 0.17980 0.80560 0.15320 0.55201 0.35153 0.11697
v -0.17980 0.80560 0.15320 0.55201 0.35153 0.11697
v -0.17980 0.80484 0.14998 0.55201 0.35153 0.11697
v -0.17980 0.80484 0.14998 0.55201 0.35153 0.11697
v -0.17980 0.80560 0.15320 0.55201 0.35153 0.11697
v -0.18274 0.80428 0.15026 0.55201 0.35153 0.11697
v -0.17980 0.80560 0.15320 0.55201 0.35153 0.11697
v -0.18302 0.80484 0.15320 0.55201 0.35153 0.11697
v -0.18274 0.80428 0.15026 0.55201 0.35153 0.11697
v -0.18274 0.80428 0.15026 0.55201 0.35153 0.11697
v -0.18302 0.80484 0.15320 0.55201 0.35153 0.11697
v -0.18460 0.80320 0.15080 0.55201 0.35153 0.11697
v -0.18302 0.80484 0.15320 0.55201 0.35153 0.11697
v -0.18489 0.80349 0.15320 0.55201 0.35153 0.11697
v -0.18460 0.80320 0.15080 0.55201 0.35153 0.11697
v 0.18489 0.80349 0.15320 0.55201 0.35153 0.11697
v 0.18489 0.80349 0.19880 0.55201 0.35153 0.11697
v 0.18302 0.80484 0.15320 0.55201 0.35153 0.11697
v 0.18489 0.80349 0.19880 0.55201 0.35153 0.11697
v 0.18302 0.80484 0.19880 0.55201 0.35153 0.11697
v 0.18302 0.80484 0.15320 0.55201 0.35153 0.11697
v 0.18302 0.80484 0.15320 0.55201 0.35153 0.11697
v 0.18302 0.80484 0.19880 0.55201 0.35153 0.11697
v 0.17980 0.80560 0.15320 0.55201 0.35153 0.11697
v 0.18302 0.80484 0.19880 0.55201 0.35153 0.11697
v 0.17980 0.80560 0.19880 0.55201 0.35153 0.11697
v 0.17980 0.80560 0.15320 0.55201 0.35153 0.11697
v 0.17980 0.80560 0.15320 0.55201 0.35153 0.11697
v 0.17980 0.80560 0.19880 0.55201 0.35153 0.11697
v -0.17980 0.80560 0.15320 0.55201 0.35153 0.11697
v 0.17980 0.80560 0.19880 0.55201 0.35153 0.11697
v -0.17980 0.80560 0.19880 0.55201 0.35153 0.11697
v -0.17980 0.80560 0.15320 0.55201 0.35153 0.11697
v -0.17980 0.80560 0.15320 0.55201 0.35153 0.11697
v -0.17980 0.80560 0.19880 0.55201 0.35153 0.11697
v -0.18302 0.80484 0.15320 0.55201 0.35153 0.11697
v -0.17980 0.80560 0.19880 0.55201 0.35153 0.11697
v -0.18302 0.80484 0.19880 0.55201 0.35153 0.11697
v -0.18302 0.80484 0.15320 0.55201 0.35153 0.11697
v -0.18302 0.80484 0.15320 0.55201 0.35153 0.11697
v -0.18302 0.80484 0.19880 0.55201 0.35153 0.11697
v -0.18489 0.80349 0.15320 0.55201 0.35153 0.11697
v -0.18302 0.80484 0.19880 0.55201 0.35153 0.11697
v -0.18489 0.80349 0.19880 0.55201 0.35153 0.11697
v -0.18489 0.80349 0.15320 0.55201 0.35153 0.11697
v 0.18489 0.80349 0.19880 0.55201 0.35153 0.11697
v 0.18460 0.80320 0.20120 0.55201 0.35153 0.11697
v 0.18302 0.80484 0.19880 0.55201 0.35153 0.11697
v 0.18460 0.80320 0.20120 0.55201 0.35153 0.11697
v 0.18274 0.80428 0.20174 0.55201 0.35153 0.11697
v 0.18302 0.80484 0.19880 0.55201 0.35153 0.11697
v 0.18302 0.80484 0.19880 0.55201 0.35153 0.11697
v 0.18274 0.80428 0.20174 0.55201 0.35153 0.11697
v 0.17980 0.80560 0.19880 0.55201 0.35153 0.11697
v 0.18274 0.80428 0.20174 0.55201 0.35153 0.11697
v 0.17980 0.80484 0.20202 0.55201 0.35153 0.11697
v 0.17980 0.80560 0.19880 0.55201 0.35153 0.11697
v 0.17980 0.80560 0.19880 0.55201 0.35153 0.11697
v 0.17980 0.80484 0.20202 0.55201 0.35153 0.11697
v -0.17980 0.80560 0.19880 0.55201 0.35153 0.11697
v 0.17980 0.80484 0.20202 0.55201 0.35153 0.11697
v -0.17980 0.80484 0.20202 0.55201 0.35153 0.11697
v -0.17980 0.80560 0.19880 0.55201 0.35153 0.11697
v -0.17980 0.80560 0.19880 0.55201 0.35153 0.11697
v -0.17980 0.80484 0.20202 0.55201 0.35153 0.11697
v -0.18302 0.80484 0.19880 0.55201 0.35153 0.11697
v -0.17980 0.80484 0.20202 0.55201 0.35153 0.11697
v -0.18274 0.80428 0.20174 0.55201 0.35153 0.11697
v -0.18302 0.80484 0.19880 0.55201 0.35153 0.11697
v -0.18302 0.80484 0.19880 0.55201 0.35153 0.11697
v -0.18274 0.80428 0.20174 0.55201 0.35153 0.11697
v -0.18489 0.80349 0.19880 0.55201 0.35153 0.11697
v -0.18274 0.80428 0.20174 0.55201 0.35153 0.11697
v -0.18460 0.80320 0.20120 0.55201 0.35153 0.11697
v -0.18489 0.80349 0.19880 0.55201 0.35153 0.11697
v 0.18460 0.80320 0.20120 0.55201 0.35153 0.11697
v 0.18396 0.80256 0.20296 0.55201 0.35153 0.11697
v 0.18274 0.80428 0.20174 0.55201 0.35153 0.11697
v 0.18396 0.80256 0.20296 0.55201 0.35153 0.11697
v 0.18220 0.80320 0.20360 0.55201 0.35153 0.11697
v 0.18274 0.80428 0.20174 0.55201 0.35153 0.11697
v 0.18274 0.80428 0.20174 0.55201 0.35153 0.11697
v 0.18220 0.80320 0.20360 0.55201 0.35153 0.11697
v 0.17980 0.80484 0.20202 0.55201 0.35153 0.11697
v 0.18220 0.80320 0.20360 0.55201 0.35153 0.11697
v 0.17980 0.80349 0.20389 0.55201 0.35153 0.11697
v 0.17980 0.80484 0.20202 0.55201 0.35153 0.11697
v 0.17980 0.80484 0.20202 0.55201 0.35153 0.11697
v 0.17980 0.80349 0.20389 0.55201 0.35153 0.11697
v -0.17980 0.80484 0.20202 0.55201 0.35153 0.11697
v 0.17980 0.80349 0.20389 0.55201 0.35153 0.11697
v -0.17980 0.80349 0.20389 0.55201 0.35153 0.11697
v -0.17980 0.80484 0.20202 0.55201 0.35153 0.11697
v -0.17980 0.80484 0.20202 0.55201 0.35153 0.11697
v -0.17980 0.80349 0.20389 0.55201 0.35153 0.11697
v -0.18274 0.80428 0.20174 0.55201 0.35153 0.11697
v -0.17980 0.80349 0.20389 0.55201 0.35153 0.11697
v -0.18220 0.80320 0.20360 0.55201 0.35153 0.11697
v -0.18274 0.80428 0.20174 0.55201 0.35153 0.11697
v -0.18274 0.80428 0.20174 0.55201 0.35153 0.11697
v -0.18220 0.80320 0.20360 0.55201 0.35153 0.11697
v -0.18460 0.80320 0.20120 0.55201 0.35153 0.11697
v -0.18220 0.80320 0.20360 0.55201 0.35153 0.11697
v -0.18396 0.80256 0.20296 0.55201 0.35153 0.11697
v -0.18460 0.80320 0.20120 0.55201 0.35153 0.11697
v 0.18396 0.66164 0.20296 0.55201 0.35153 0.11697
v 0.18460 0.66100 0.20120 0.55201 0.35153 0.11697
v 0.18220 0.66100 0.20360 0.55201 0.35153 0.11697
v 0.18460 0.66100 0.20120 0.55201 0.35153 0.11697
v 0.18274 0.65992 0.20174 0.55201 0.35153 0.11697
v 0.18220 0.66100 0.20360 0.55201 0.35153 0.11697
v 0.18220 0.66100 0.20360 0.55201 0.35153 0.11697
v 0.18274 0.65992 0.20174 0.55201 0.35153 0.11697
v 0.17980 0.66071 0.20389 0.55201 0.35153 0.11697
v 0.18274 0.65992 0.20174 0.55201 0.35153 0.11697
v 0.17980 0.65936 0.20202 0.55201 0.35153 0.11697
v 0.17980 0.66071 0.20389 0.55201 0.35153 0.11697
v 0.17980 0.66071 0.20389 0.55201 0.35153 0.11697
v 0.17980 0.65936 0.20202 0.55201 0.35153 0.11697
v -0.17980 0.66071 0.20389 0.55201 0.35153 0.11697
v 0.17980 0.65936 0.20202 0.55201 0.35153 0.11697
v -0.17980 0.65936 0.20202 0.55201 0.35153 0.11697
v -0.17980 0.66071 0.20389 0.55201 0.35153 0.11697
v -0.17980 0.66071 0.20389 0.55201 0.35153 0.11697
v -0.17980 0.65936 0.20202 0.55201 0.35153 0.11697
v -0.18220 0.66100 0.20360 0.55201 0.35153 0.11697
v -0.17980 0.65936 0.20202 0.55201 0.35153 0.11697
v -0.18274 0.65992 0.20174 0.55201 0.35153 0.11697
v -0.18220 0.66100 0.20360 0.55201 0.35153 0.11697
v -0.18220 0.66100 0.20360 0.55201 0.35153 0.11697
v -0.18274 0.65992 0.20174 0.55201 0.35153 0.11697
v -0.18396 0.66164 0.20296 0.55201 0.35153 0.11697
v -0.18274 0.65992 0.20174 0.55201 0.35153 0.11697
v -0.18460 0.66100 0.20120 0.55201 0.35153 0.11697
v -0.18396 0.66164 0.20296 0.55201 0.35153 0.11697
v 0.18460 0.66100 0.20120 0.55201 0.35153 0.11697
v 0.18489 0.66071 0.19880 0.55201 0.35153 0.11697
v 0.18274 0.65992 0.20174 0.55201 0.35153 0.11697
v 0.18489 0.66071 0.19880 0.55201 0.35153 0.11697
v 0.18302 0.65936 0.19880 0.55201 0.35153 0.11697
v 0.18274 0.65992 0.20174 0.55201 0.35153 0.11697
v 0.18274 0.65992 0.20174 0.55201 0.35153 0.11697
v 0.18302 0.65936 0.19880 0.55201 0.35153 0.11697
v 0.17980 0.65936 0.20202 0.55201 0.35153 0.11697
v 0.18302 0.65936 0.19880 0.55201 0.35153 0.11697
v 0.17980 0.65860 0.19880 0.55201 0.35153 0.11697
v 0.17980 0.65936 0.20202 0.55201 0.35153 0.11697
v 0.17980 0.65936 0.20202 0.55201 0.35153 0.11697
v 0.17980 0.65860 0.19880 0.55201 0.35153 0.11697
v -0.17980 0.65936 0.20202 0.55201 0.35153 0.11697
v 0.17980 0.65860 0.19880 0.55201 0.35153 0.11697
v -0.17980 0.65860 0.19880 0.55201 0.35153 0.11697
v -0.17980 0.65936 0.20202 0.55201 0.35153 0.11697
v -0.17980 0.65936 0.20202 0.55201 0.35153 0.11697
v -0.17980 0.65860 0.19880 0.55201 0.35153 0.11697
v -0.18274 0.65992 0.20174 0.55201 0.35153 0.11697
v -0.17980 0.65860 0.19880 0.55201 0.35153 0.11697
v -0.18302 0.65936 0.19880 0.55201 0.35153 0.11697
v -0.18274 0.65992 0.20174 0.55201 0.35153 0.11697
v -0.18274 0.65992 0.20174 0.55201 0.35153 0.11697
v -0.18302 0.65936 0.19880 0.55201 0.35153 0.11697
v -0.18460 0.66100 0.20120 0.55201 0.35153 0.11697
v -0.18302 0.65936 0.19880 0.55201 0.35153 0.11697
v -0.18489 0.66071 0.19880 0.55201 0.35153 0.11697
v -0.18460 0.66100 0.20120 0.55201 0.35153 0.11697
v 0.18489 0.66071 0.19880 0.55201 0.35153 0.11697
v 0.18489 0.66071 0.15320 0.55201 0.35153 0.11697
v 0.18302 0.65936 0.19880 0.55201 0.35153 0.11697
v 0.18489 0.66071 0.15320 0.55201 0.35153 0.11697
v 0.18302 0.65936 0.15320 0.55201 0.35153 0.11697
v 0.18302 0.65936 0.19880 0.55201 0.35153 0.11697
v 0.18302 0.65936 0.19880 0.55201 0.35153 0.11697
v 0.18302 0.65936 0.15320 0.55201 0.35153 0.11697
v 0.17980 0.65860 0.19880 0.55201 0.35153 0.11697
v 0.18302 0.65936 0.15320 0.55201 0.35153 0.11697
v 0.17980 0.65860 0.15320 0.55201 0.35153 0.11697
v 0.17980 0.65860 0.19880 0.55201 0.35153 0.11697
v 0.17980 0.65860 0.19880 0.55201 0.35153 0.11697
v 0.17980 0.65860 0.15320 0.55201 0.35153 0.11697
v -0.17980 0.65860 0.19880 0.55201 0.35153 0.11697
v 0.17980 0.65860 0.15320 0.55201 0.35153 0.11697
v -0.17980 0.65860 0.15320 0.55201 0.35153 0.11697
v -0.17980 0.65860 0.19880 0.55201 0.35153 0.11697
v -0.17980 0.65860 0.19880 0.55201 0.35153 0.11697
v -0.17980 0.65860 0.15320 0.55201 0.35153 0.11697
v -0.18302 0.65936 0.19880 0.55201 0.35153 0.11697
v -0.17980 0.65860 0.15320 0.55201 0.35153 0.11697
v -0.18302 0.65936 0.15320 0.55201 0.35153 0.11697
v -0.18302 0.65936 0.19880 0.55201 0.35153 0.11697
v -0.18302 0.65936 0.19880 0.55201 0.35153 0.11697
v -0.18302 0.65936 0.15320 0.55201 0.35153 0.11697
v -0.18489 0.66071 0.19880 0.55201 0.35153 0.11697
v -0.18302 0.65936 0.15320 0.55201 0.35153 0.11697
v -0.18489 0.66071 0.15320 0.55201 0.35153 0.11697
v -0.18489 0.66071 0.19880 0.55201 0.35153 0.11697
v 0.18489 0.66071 0.15320 0.55201 0.35153 0.11697
v 0.18460 0.66100 0.15080 0.55201 0.35153 0.11697
v 0.18302 0.65936 0.15320 0.55201 0.35153 0.11697
v 0.18460 0.66100 0.15080 0.55201 0.35153 0.11697
v 0.18274 0.65992 0.15026 0.55201 0.35153 0.11697
v 0.18302 0.65936 0.15320 0.55201 0.35153 0.11697
v 0.18302 0.65936 0.15320 0.55201 0.35153 0.11697
v 0.18274 0.65992 0.15026 0.55201 0.35153 0.11697
v 0.17980 0.65860 0.15320 0.55201 0.35153 0.11697
v 0.18274 0.65992 0.15026 0.55201 0.35153 0.11697
v 0.17980 0.65936 0.14998 0.55201 0.35153 0.11697
v 0.17980 0.65860 0.15320 0.55201 0.35153 0.11697
v 0.17980 0.65860 0.15320 0.55201 0.35153 0.11697
v 0.17980 0.65936 0.14998 0.55201 0.35153 0.11697
v -0.17980 0.65860 0.15320 0.55201 0.35153 0.11697
v 0.17980 0.65936 0.14998 0.55201 0.35153 0.11697
v -0.17980 0.65936 0.14998 0.55201 0.35153 0.11697
v -0.17980 0.65860 0.15320 0.55201 0.35153 0.11697
v -0.17980 0.65860 0.15320 0.55201 0.35153 0.11697
v -0.17980 0.65936 0.14998 0.55201 0.35153 0.11697
v -0.18302 0.65936 0.15320 0.55201 0.35153 0.11697
v -0.17980 0.65936 0.14998 0.55201 0.35153 0.11697
v -0.18274 0.65992 0.15026 0.55201 0.35153 0.11697
v -0.18302 0.65936 0.15320 0.55201 0.35153 0.11697
v -0.18302 0.65936 0.15320 0.55201 0.35153 0.11697
v -0.18274 0.65992 0.15026 0.55201 0.35153 0.11697
v -0.18489 0.66071 0.15320 0.55201 0.35153 0.11697
v -0.18274 0.65992 0.15026 0.55201 0.35153 0.11697
v -0.18460 0.66100 0.15080 0.55201 0.35153 0.11697
v -0.18489 0.66071 0.15320 0.55201 0.35153 0.11697
v 0.18460 0.66100 0.15080 0.55201 0.35153 0.11697
v 0.18396 0.66164 0.14904 0.55201 0.35153 0.11697
v 0.18274 0.65992 0.15026 0.55201 0.35153 0.11697
v 0.18396 0.66164 0.14904 0.55201 0.35153 0.11697
v 0.18220 0.66100 0.14840 0.55201 0.35153 0.11697
v 0.18274 0.65992 0.15026 0.55201 0.35153 0.11697
v 0.18274 0.65992 0.15026 0.55201 0.35153 0.11697
v 0.18220 0.66100 0.14840 0.55201 0.35153 0.11697
v 0.17980 0.65936 0.14998 0.55201 0.35153 0.11697
v 0.18220 0.66100 0.14840 0.55201 0.35153 0.11697
v 0.17980 0.66071 0.14811 0.55201 0.35153 0.11697
v 0.17980 0.65936 0.14998 0.55201 0.35153 0.11697
v 0.17980 0.65936 0.14998 0.55201 0.35153 0.11697
v 0.17980 0.66071 0.14811 0.55201 0.35153 0.11697
v -0.17980 0.65936 0.14998 0.55201 0.35153 0.11697
v 0.17980 0.66071 0.14811 0.55201 0.35153 0.11697
v -0.17980 0.66071 0.14811 0.55201 0.35153 0.11697
v -0.17980 0.65936 0.14998 0.55201 0.35153 0.11697
v -0.17980 0.65936 0.14998 0.55201 0.35153 0.11697
v -0.17980 0.66071 0.14811 0.55201 0.35153 0.11697
v -0.18274 0.65992 0.15026 0.55201 0.35153 0.11697
v -0.17980 0.66071 0.14811 0.55201 0.35153 0.11697
v -0.18220 0.66100 0.14840 0.55201 0.35153 0.11697
v -0.18274 0.65992 0.15026 0.55201 0.35153 0.11697
v -0.18274 0.65992 0.15026 0.55201 0.35153 0.11697
v -0.18220 0.66100 0.14840 0.55201 0.35153 0.11697
v -0.18460 0.66100 0.15080 0.55201 0.35153 0.11697
v -0.18220 0.66100 0.14840 0.55201 0.35153 0.11697
v -0.18396 0.66164 0.14904 0.55201 0.35153 0.11697
v -0.18460 0.66100 0.15080 0.55201 0.35153 0.11697
v 0.18396 0.80256 0.20296 0.55201 0.35153 0.11697
v 0.18460 0.80080 0.20360 0.55201 0.35153 0.11697
v 0.18220 0.80320 0.20360 0.55201 0.35153 0.11697
v 0.18460 0.80080 0.20360 0.55201 0.35153 0.11697
v 0.18274 0.80134 0.20468 0.55201 0.35153 0.11697
v 0.18220 0.80320 0.20360 0.55201 0.35153 0.11697
v 0.18220 0.80320 0.20360 0.55201 0.35153 0.11697
v 0.18274 0.80134 0.20468 0.55201 0.35153 0.11697
v 0.17980 0.80349 0.20389 0.55201 0.35153 0.11697
v 0.18274 0.80134 0.20468 0.55201 0.35153 0.11697
v 0.17980 0.80162 0.20524 0.55201 0.35153 0.11697
v 0.17980 0.80349 0.20389 0.55201 0.35153 0.11697
v 0.17980 0.80349 0.20389 0.55201 0.35153 0.11697
v 0.17980 0.80162 0.20524 0.55201 0.35153 0.11697
v -0.17980 0.80349 0.20389 0.55201 0.35153 0.11697
v 0.17980 0.80162 0.20524 0.55201 0.35153 0.11697
v -0.17980 0.80162 0.20524 0.55201 0.35153 0.11697
v -0.17980 0.80349 0.20389 0.55201 0.35153 0.11697
v -0.17980 0.80349 0.20389 0.55201 0.35153 0.11697
v -0.17980 0.80162 0.20524 0.55201 0.35153 0.11697
v -0.18220 0.80320 0.20360 0.55201 0.35153 0.11697
v -0.17980 0.80162 0.20524 0.55201 0.35153 0.11697
v -0.18274 0.80134 0.20468 0.55201 0.35153 0.11697
v -0.18220 0.80320 0.20360 0.55201 0.35153 0.11697
v -0.18220 0.80320 0.20360 0.55201 0.35153 0.11697
v -0.18274 0.80134 0.20468 0.55201 0.35153 0.11697
v -0.18396 0.80256 0.20296 0.55201 0.35153 0.11697
v -0.18274 0.80134 0.20468 0.55201 0.35153 0.11697
v -0.18460 0.80080 0.20360 0.55201 0.35153 0.11697
v -0.18396 0.80256 0.20296 0.55201 0.35153 0.11697
v 0.18460 0.80080 0.20360 0.55201 0.35153 0.11697
v 0.18489 0.79840 0.20389 0.55201 0.35153 0.11697
v 0.18274 0.80134 0.20468 0.55201 0.35153 0.11697
v 0.18489 0.79840 0.20389 0.55201 0.35153 0.11697
v 0.18302 0.79840 0.20524 0.55201 0.35153 0.11697
v 0.18274 0.80134 0.20468 0.55201 0.35153 0.11697
v 0.18274 0.80134 0.20468 0.55201 0.35153 0.11697
v 0.18302 0.79840 0.20524 0.55201 0.35153 0.11697
v 0.17980 0.80162 0.20524 0.55201 0.35153 0.11697
v 0.18302 0.79840 0.20524 0.55201 0.35153 0.11697
v 0.17980 0.79840 0.20600 0.55201 0.35153 0.11697
v 0.17980 0.80162 0.20524 0.55201 0.35153 0.11697
v 0.17980 0.80162 0.20524 0.55201 0.35153 0.11697
v 0.17980 0.79840 0.20600 0.55201 0.35153 0.11697
v -0.17980 0.80162 0.20524 0.55201 0.35153 0.11697
v 0.17980 0.79840 0.20600 0.55201 0.35153 0.11697
v -0.17980 0.79840 0.20600 0.55201 0.35153 0.11697
v -0.17980 0.80162 0.20524 0.55201 0.35153 0.11697
v -0.17980 0.80162 0.20524 0.55201 0.35153 0.11697
v -0.17980 0.79840 0.20600 0.55201 0.35153 0.11697
v -0.18274 0.80134 0.20468 0.55201 0.35153 0.11697
v -0.17980 0.79840 0.20600 0.55201 0.35153 0.11697
v -0.18302 0.79840 0.20524 0.55201 0.35153 0.11697
v -0.18274 0.80134 0.20468 0.55201 0.35153 0.11697
v -0.18274 0.80134 0.20468 0.55201 0.35153 0.11697
v -0.18302 0.79840 0.20524 0.55201 0.35153 0.11697
v -0.18460 0.80080 0.20360 0.55201 0.35153 0.11697
v -0.18302 0.79840 0.20524 0.55201 0.35153 0.11697
v -0.18489 0.79840 0.20389 0.55201 0.35153 0.11697
v -0.18460 0.80080 0.20360 0.55201 0.35153 0.11697
v 0.18489 0.79840 0.20389 0.55201 0.35153 0.11697
v 0.18489 0.66580 0.20389 0.55201 0.35153 0.11697
v 0.18302 0.79840 0.20524 0.55201 0.35153 0.11697
v 0.18489 0.66580 0.20389 0.55201 0.35153 0.11697
v 0.18302 0.66580 0.20524 0.55201 0.35153 0.11697
v 0.18302 0.79840 0.20524 0.55201 0.35153 0.11697
v 0.18302 0.79840 0.20524 0.55201 0.35153 0.11697
v 0.18302 0.66580 0.20524 0.55201 0.35153 0.11697
v 0.17980 0.79840 0.20600 0.55201 0.35153 0.11697
v 0.18302 0.66580 0.20524 0.55201 0.35153 0.11697
v 0.17980 0.66580 0.20600 0.55201 0.35153 0.11697
v 0.17980 0.79840 0.20600 0.55201 0.35153 0.11697
v 0.17980 0.79840 0.20600 0.55201 0.35153 0.11697
v 0.17980 0.66580 0.20600 0.55201 0.35153 0.11697
v -0.17980 0.79840 0.20600 0.55201 0.35153 0.11697
v 0.17980 0.66580 0.20600 0.55201 0.35153 0.11697
v -0.17980 0.66580 0.20600 0.55201 0.35153 0.11697
v -0.17980 0.79840 0.20600 0.55201 0.35153 0.11697
v -0.17980 0.79840 0.20600 0.55201 0.35153 0.11697
v -0.17980 0.66580 0.20600 0.55201 0.35153 0.11697
v -0.18302 0.79840 0.20524 0.55201 0.35153 0.11697
v -0.17980 0.66580 0.20600 0.55201 0.35153 0.11697
v -0.18302 0.66580 0.20524 0.55201 0.35153 0.11697
v -0.18302 0.79840 0.20524 0.55201 0.35153 0.11697
v -0.18302 0.79840 0.20524 0.55201 0.35153 0.11697
v -0.18302 0.66580 0.20524 0.55201 0.35153 0.11697
v -0.18489 0.79840 0.20389 0.55201 0.35153 0.11697
v -0.18302 0.66580 0.20524 0.55201 0.35153 0.11697
v -0.18489 0.66580 0.20389 0.55201 0.35153 0.11697
v -0.18489 0.79840 0.20389 0.55201 0.35153 0.11697
v 0.18489 0.66580 0.20389 0.55201 0.35153 0.11697
v 0.18460 0.66340 0.20360 0.55201 0.35153 0.11697
v 0.18302 0.66580 0.20524 0.55201 0.35153 0.11697
v 0.18460 0.66340 0.20360 0.55201 0.35153 0.11697
v 0.18274 0.66286 0.20468 0.55201 0.35153 0.11697
v 0.18302 0.66580 0.20524 0.55201 0.35153 0.11697
v 0.18302 0.66580 0.20524 0.55201 0.35153 0.11697
v 0.18274 0.66286 0.20468 0.55201 0.35153 0.11697
v 0.17980 0.66580 0.20600 0.55201 0.35153 0.11697
v 0.18274 0.66286 0.20468 0.55201 0.35153 0.11697
v 0.17980 0.66258 0.20524 0.55201 0.35153 0.11697
v 0.17980 0.66580 0.20600 0.55201 0.35153 0.11697
v 0.17980 0.66580 0.20600 0.55201 0.35153 0.11697
v 0.17980 0.66258 0.20524 0.55201 0.35153 0.11697
v -0.17980 0.66580 0.20600 0.55201 0.35153 0.11697
v 0.17980 0.66258 0.20524 0.55201 0.35153 0.11697
v -0.17980 0.66258 0.20524 0.55201 0.35153 0.11697
v -0.17980 0.66580 0.20600 0.55201 0.35153 0.11697
v -0.17980 0.66580 0.20600 0.55201 0.35153 0.11697
v -0.17980 0.66258 0.20524 0.55201 0.35153 0.11697
v -0.18302 0.66580 0.20524 0.55201 0.35153 0.11697
v -0.17980 0.66258 0.20524 0.55201 0.35153 0.11697
v -0.18274 0.66286 0.20468 0.55201 0.35153 0.11697
v -0.18302 0.66580 0.20524 0.55201 0.35153 0.11697
v -0.18302 0.66580 0.20524 0.55201 0.35153 0.11697
v -0.18274 0.66286 0.20468 0.55201 0.35153 0.11697
v -0.18489 0.66580 0.20389 0.55201 0.35153 0.11697
v -0.18274 0.66286 0.20468 0.55201 0.35153 0.11697
v -0.18460 0.66340 0.20360 0.55201 0.35153 0.11697
v -0.18489 0.66580 0.20389 0.55201 0.35153 0.11697
v 0.18460 0.66340 0.20360 0.55201 0.35153 0.11697
v 0.18396 0.66164 0.20296 0.55201 0.35153 0.11697
v 0.18274 0.66286 0.20468 0.55201 0.35153 0.11697
v 0.18396 0.66164 0.20296 0.55201 0.35153 0.11697
v 0.18220 0.66100 0.20360 0.55201 0.35153 0.11697
v 0.18274 0.66286 0.20468 0.55201 0.35153 0.11697
v 0.18274 0.66286 0.20468 0.55201 0.35153 0.11697
v 0.18220 0.66100 0.20360 0.55201 0.35153 0.11697
v 0.17980 0.66258 0.20524 0.55201 0.35153 0.11697
v 0.18220 0.66100 0.20360 0.55201 0.35153 0.11697
v 0.17980 0.66071 0.20389 0.55201 0.35153 0.11697
v 0.17980 0.66258 0.20524 0.55201 0.35153 0.11697
v 0.17980 0.66258 0.20524 0.55201 0.35153 0.11697
v 0.17980 0.66071 0.20389 0.55201 0.35153 0.11697
v -0.17980 0.66258 0.20524 0.55201 0.35153 0.11697
v 0.17980 0.66071 0.20389 0.55201 0.35153 0.11697
v -0.17980 0.66071 0.20389 0.55201 0.35153 0.11697
v -0.17980 0.66258 0.20524 0.55201 0.35153 0.11697
v -0.17980 0.66258 0.20524 0.55201 0.35153 0.11697
v -0.17980 0.66071 0.20389 0.55201 0.35153 0.11697
v -0.18274 0.66286 0.20468 0.55201 0.35153 0.11697
v -0.17980 0.66071 0.20389 0.55201 0.35153 0.11697
v -0.18220 0.66100 0.20360 0.55201 0.35153 0.11697
v -0.18274 0.66286 0.20468 0.55201 0.35153 0.11697
v -0.18274 0.66286 0.20468 0.55201 0.35153 0.11697
v -0.18220 0.66100 0.20360 0.55201 0.35153 0.11697
v -0.18460 0.66340 0.20360 0.55201 0.35153 0.11697
v -0.18220 0.66100 0.20360 0.55201 0.35153 0.11697
v -0.18396 0.66164 0.20296 0.55201 0.35153 0.11697
v -0.18460 0.66340 0.20360 0.55201 0.35153 0.11697
v -0.18396 0.80256 0.14904 0.55201 0.35153 0.11697
v -0.18460 0.80080 0.14840 0.55201 0.35153 0.11697
v -0.18220 0.80320 0.14840 0.55201 0.35153 0.11697
v -0.18460 0.80080 0.14840 0.55201 0.35153 0.11697
v -0.18274 0.80134 0.14732 0.55201 0.35153 0.11697
v -0.18220 0.80320 0.14840 0.55201 0.35153 0.11697
v -0.18220 0.80320 0.14840 0.55201 0.35153 0.11697
v -0.18274 0.80134 0.14732 0.55201 0.35153 0.11697
v -0.17980 0.80349 0.14811 0.55201 0.35153 0.11697
v -0.18274 0.80134 0.14732 0.55201 0.35153 0.11697
v -0.17980 0.80162 0.14676 0.55201 0.35153 0.11697
v -0.17980 0.80349 0.14811 0.55201 0.35153 0.11697
v -0.17980 0.80349 0.14811 0.55201 0.35153 0.11697
v -0.17980 0.80162 0.14676 0.55201 0.35153 0.11697
v 0.17980 0.80349 0.14811 0.55201 0.35153 0.11697
v -0.17980 0.80162 0.14676 0.55201 0.35153 0.11697
v 0.17980 0.80162 0.14676 0.55201 0.35153 0.11697
v 0.17980 0.80349 0.14811 0.55201 0.35153 0.11697
v 0.17980 0.80349 0.14811 0.55201 0.35153 0.11697
v 0.17980 0.80162 0.14676 0.55201 0.35153 0.11697
v 0.18220 0.80320 0.14840 0.55201 0.35153 0.11697
v 0.17980 0.80162 0.14676 0.55201 0.35153 0.11697
v 0.18274 0.80134 0.14732 0.55201 0.35153 0.11697
v 0.18220 0.80320 0.14840 0.55201 0.35153 0.11697
v 0.18220 0.80320 0.14840 0.55201 0.35153 0.11697
v 0.18274 0.80134 0.14732 0.55201 0.35153 0.11697
v 0.18396 0.80256 0.14904 0.55201 0.35153 0.11697
v 0.18274 0.80134 0.14732 0.55201 0.35153 0.11697
v 0.18460 0.80080 0.14840 0.55201 0.35153 0.11697
v 0.18396 0.80256 0.14904 0.55201 0.35153 0.11697
v -0.18460 0.80080 0.14840 0.55201 0.35153 0.11697
v -0.18489 0.79840 0.14811 0.55201 0.35153 0.11697
v -0.18274 0.80134 0.14732 0.55201 0.35153 0.11697
v -0.18489 0.79840 0.14811 0.55201 0.35153 0.11697
v -0.18302 0.79840 0.14676 0.55201 0.35153 0.11697
v -0.18274 0.80134 0.14732 0.55201 0.35153 0.11697
v -0.18274 0.80134 0.14732 0.55201 0.35153 0.11697
v -0.18302 0.79840 0.14676 0.55201 0.35153 0.11697
v -0.17980 0.80162 0.14676 0.55201 0.35153 0.11697
v -0.18302 0.79840 0.14676 0.55201 0.35153 0.11697
v -0.17980 0.79840 0.14600 0.55201 0.35153 0.11697
v -0.17980 0.80162 0.14676 0.55201 0.35153 0.11697
v -0.17980 0.80162 0.14676 0.55201 0.35153 0.11697
v -0.17980 0.79840 0.14600 0.55201 0.35153 0.11697
v 0.17980 0.80162 0.14676 0.55201 0.35153 0.11697
v -0.17980 0.79840 0.14600 0.55201 0.35153 0.11697
v 0.17980 0.79840 0.14600 0.55201 0.35153 0.11697
v 0.17980 0.80162 0.14676 0.55201 0.35153 0.11697
v 0.17980 0.80162 0.14676 0.55201 0.35153 0.11697
v 0.17980 0.79840 0.14600 0.55201 0.35153 0.11697
v 0.18274 0.80134 0.14732 0.55201 0.35153 0.11697
v 0.17980 0.79840 0.14600 0.55201 0.35153 0.11697
v 0.18302 0.79840 0.14676 0.55201 0.35153 0.11697
v 0.18274 0.80134 0.14732 0.55201 0.35153 0.11697
v 0.18274 0.80134 0.14732 0.55201 0.35153 0.11697
v 0.18302 0.79840 0.14676 0.55201 0.35153 0.11697
v 0.18460 0.80080 0.14840 0.55201 0.35153 0.11697
v 0.18302 0.79840 0.14676 0.55201 0.35153 0.11697
v 0.18489 0.79840 0.14811 0.55201 0.35153 0.11697
v 0.18460 0.80080 0.14840 0.55201 0.35153 0.11697
v -0.18489 0.79840 0.14811 0.55201 0.35153 0.11697
v -0.18489 0.66580 0.14811 0.55201 0.35153 0.11697
v -0.18302 0.79840 0.14676 0.55201 0.35153 0.11697
v -0.18489 0.66580 0.14811 0.55201 0.35153 0.11697
v -0.18302 0.66580 0.14676 0.55201 0.35153 0.11697
v -0.18302 0.79840 0.14676 0.55201 0.35153 0.11697
v -0.18302 0.79840 0.14676 0.55201 0.35153 0.11697
v -0.18302 0.66580 0.14676 0.55201 0.35153 0.11697
v -0.17980 0.79840 0.14600 0.55201 0.35153 0.11697
v -0.18302 0.66580 0.14676 0.55201 0.35153 0.11697
v -0.17980 0.66580 0.14600 0.55201 0.35153 0.11697
v -0.17980 0.79840 0.14600 0.55201 0.35153 0.11697
v -0.17980 0.79840 0.14600 0.55201 0.35153 0.11697
v -0.17980 0.66580 0.14600 0.55201 0.35153 0.11697
v 0.17980 0.79840 0.14600 0.55201 0.35153 0.11697
v -0.17980 0.66580 0.14600 0.55201 0.35153 0.11697
v 0.17980 0.66580 0.14600 0.55201 0.35153 0.11697
v 0.17980 0.79840 0.14600 0.55201 0.35153 0.11697
v 0.17980 0.79840 0.14600 0.55201 0.35153 0.11697
v 0.17980 0.66580 0.14600 0.55201 0.35153 0.11697
v 0.18302 0.79840 0.14676 0.55201 0.35153 0.11697
v 0.17980 0.66580 0.14600 0.55201 0.35153 0.11697
v 0.18302 0.66580 0.14676 0.55201 0.35153 0.11697
v 0.18302 0.79840 0.14676 0.55201 0.35153 0.11697
v 0.18302 0.79840 0.14676 0.55201 0.35153 0.11697
v 0.18302 0.66580 0.14676 0.55201 0.35153 0.11697
v 0.18489 0.79840 0.14811 0.55201 0.35153 0.11697
v 0.18302 0.66580 0.14676 0.55201 0.35153 0.11697
v 0.18489 0.66580 0.14811 0.55201 0.35153 0.11697
v 0.18489 0.79840 0.14811 0.55201 0.35153 0.11697
v -0.18489 0.66580 0.14811 0.55201 0.35153 0.11697
v -0.18460 0.66340 0.14840 0.55201 0.35153 0.11697
v -0.18302 0.66580 0.14676 0.55201 0.35153 0.11697
v -0.18460 0.66340 0.14840 0.55201 0.35153 0.11697
v -0.18274 0.66286 0.14732 0.55201 0.35153 0.11697
v -0.18302 0.66580 0.14676 0.55201 0.35153 0.11697
v -0.18302 0.66580 0.14676 0.55201 0.35153 0.11697
v -0.18274 0.66286 0.14732 0.55201 0.35153 0.11697
v -0.17980 0.66580 0.14600 0.55201 0.35153 0.11697
v -0.18274 0.66286 0.14732 0.55201 0.35153 0.11697
v -0.17980 0.66258 0.14676 0.55201 0.35153 0.11697
v -0.17980 0.66580 0.14600 0.55201 0.35153 0.11697
v -0.17980 0.66580 0.14600 0.55201 0.35153 0.11697
v -0.17980 0.66258 0.14676 0.55201 0.35153 0.11697
v 0.17980 0.66580 0.14600 0.55201 0.35153 0.11697
v -0.17980 0.66258 0.14676 0.55201 0.35153 0.11697
v 0.17980 0.66258 0.14676 0.55201 0.35153 0.11697
v 0.17980 0.66580 0.14600 0.55201 0.35153 0.11697
v 0.17980 0.66580 0.14600 0.55201 0.35153 0.11697
v 0.17980 0.66258 0.14676 0.55201 0.35153 0.11697
v 0.18302 0.66580 0.14676 0.55201 0.35153 0.11697
v 0.17980 0.66258 0.14676 0.55201 0.35153 0.11697
v 0.18274 0.66286 0.14732 0.55201 0.35153 0.11697
v 0.18302 0.66580 0.14676 0.55201 0.35153 0.11697
v 0.18302 0.66580 0.14676 0.55201 0.35153 0.11697
v 0.18274 0.66286 0.14732 0.55201 0.35153 0.11697
v 0.18489 0.66580 0.14811 0.55201 0.35153 0.11697
v 0.18274 0.66286 0.14732 0.55201 0.35153 0.11697
v 0.18460 0.66340 0.14840 0.55201 0.35153 0.11697
v 0.18489 0.66580 0.14811 0.55201 0.35153 0.11697
v -0.18460 0.66340 0.14840 0.55201 0.35153 0.11697
v -0.18396 0.66164 0.14904 0.55201 0.35153 0.11697
v -0.18274 0.66286 0.14732 0.55201 0.35153 0.11697
v -0.18396 0.66164 0.14904 0.55201 0.35153 0.11697
v -0.18220 0.66100 0.14840 0.55201 0.35153 0.11697
v -0.18274 0.66286 0.14732 0.55201 0.35153 0.11697
v -0.18274 0.66286 0.14732 0.55201 0.35153 0.11697
v -0.18220 0.66100 0.14840 0.55201 0.35153 0.11697
v -0.17980 0.66258 0.14676 0.55201 0.35153 0.11697
v -0.18220 0.66100 0.14840 0.55201 0.35153 0.11697
v -0.17980 0.66071 0.14811 0.55201 0.35153 0.11697
v -0.17980 0.66258 0.14676 0.55201 0.35153 0.11697
v -0.17980 0.66258 0.14676 0.55201 0.35153 0.11697
v -0.17980 0.66071 0.14811 0.55201 0.35153 0.11697
v 0.17980 0.66258 0.14676 0.55201 0.35153 0.11697
v -0.17980 0.66071 0.14811 0.55201 0.35153 0.11697
v 0.17980 0.66071 0.14811 0.55201 0.35153 0.11697
v 0.17980 0.66258 0.14676 0.55201 0.35153 0.11697
v 0.17980 0.66258 0.14676 0.55201 0.35153 0.11697
v 0.17980 0.66071 0.14811 0.55201 0.35153 0.11697
v 0.18274 0.66286 0.14732 0.55201 0.35153 0.11697
v 0.17980 0.66071 0.14811 0.55201 0.35153 0.11697
v 0.18220 0.66100 0.14840 0.55201 0.35153 0.11697
v 0.18274 0.66286 0.14732 0.55201 0.35153 0.11697
v 0.18274 0.66286 0.14732 0.55201 0.35153 0.11697
v 0.18220 0.66100 0.14840 0.55201 0.35153 0.11697
v 0.18460 0.66340 0.14840 0.55201 0.35153 0.11697
v 0.18220 0.66100 0.14840 0.55201 0.35153 0.11697
v 0.18396 0.66164 0.14904 0.55201 0.35153 0.11697
v 0.18460 0.66340 0.14840 0.55201 0.35153 0.11697
v 0.00000 1.11500 0.05950 0.55201 0.35153 0.11697
v 0.00000 1.11500 0.05950 0.55201 0.35153 0.11697
v 0.00000 1.11500 0.05950 0.55201 0.35153 0.11697
v 0.00000 1.11500 0.05950 0.55201 0.35153 0.11697
v 0.00000 1.11500 0.05950 0.55201 0.35153 0.11697
v 0.00000 1.11500 0.05950 0.55201 0.35153 0.11697
v 0.00000 1.11500 0.05950 0.55201 0.35153 0.11697
v 0.00000 1.11500 0.05950 0.55201 0.35153 0.11697
v 0.00000 0.83500 0.19950 0.55201 0.35153 0.11697
v -0.10946 0.83500 0.14679 0.55201 0.35153 0.11697
v -0.13649 0.83500 0.02835 0.55201 0.35153 0.11697
v -0.06074 0.83500 -0.06664 0.55201 0.35153 0.11697
v 0.06074 0.83500 -0.06664 0.55201 0.35153 0.11697
v 0.13649 0.83500 0.02835 0.55201 0.35153 0.11697
v 0.10946 0.83500 0.14679 0.55201 0.35153 0.11697
v 0.00000 0.83500 0.19950 0.55201 0.35153 0.11697
v 0.00000 0.83500 0.05950 0.55201 0.35153 0.11697
v 0.00000 0.83500 0.05950 0.55201 0.35153 0.11697
v 0.00000 0.83500 0.05950 0.55201 0.35153 0.11697
v 0.00000 0.83500 0.05950 0.55201 0.35153 0.11697
v 0.00000 0.83500 0.05950 0.55201 0.35153 0.11697
v 0.00000 0.83500 0.05950 0.55201 0.35153 0.11697
v 0.00000 0.83500 0.05950 0.55201 0.35153 0.11697
v 0.00000 0.83500 0.19950 0.55201 0.35153 0.11697
v -0.10946 0.83500 0.14679 0.55201 0.35153 0.11697
v -0.13649 0.83500 0.02835 0.55201 0.35153 0.11697
v -0.06074 0.83500 -0.06664 0.55201 0.35153 0.11697
v 0.06074 0.83500 -0.06664 0.55201 0.35153 0.11697
v 0.13649 0.83500 0.02835 0.55201 0.35153 0.11697
v 0.10946 0.83500 0.14679 0.55201 0.35153 0.11697
v 0.00000 0.83500 0.19950 0.55201 0.35153 0.11697
v 0.00000 0.98700 0.09800 0.55201 0.35153 0.11697
v -0.02853 0.98700 0.07727 0.55201 0.35153 0.11697
v -0.01763 0.98700 0.04373 0.55201 0.35153 0.11697
v 0.01763 0.98700 0.04373 0.55201 0.35153 0.11697
v 0.02853 0.98700 0.07727 0.55201 0.35153 0.11697
v 0.00000 0.98700 0.09800 0.55201 0.35153 0.11697
v 0.00000 0.82700 0.10800 0.55201 0.35153 0.11697
v -0.03804 0.82700 0.08036 0.55201 0.35153 0.11697
v -0.02351 0.82700 0.03564 0.55201 0.35153 0.11697
v 0.02351 0.82700 0.03564 0.55201 0.35153 0.11697
v 0.03804 0.82700 0.08036 0.55201 0.35153 0.11697
v 0.00000 0.82700 0.10800 0.55201 0.35153 0.11697
v 0.00000 0.98700 0.06800 0.55201 0.35153 0.11697
v 0.00000 0.98700 0.06800 0.55201 0.35153 0.11697
v 0.00000 0.98700 0.06800 0.55201 0.35153 0.11697
v 0.00000 0.98700 0.06800 0.55201 0.35153 0.11697
v 0.00000 0.98700 0.06800 0.55201 0.35153 0.11697
v 0.00000 0.98700 0.09800 0.55201 0.35153 0.11697
v -0.02853 0.98700 0.07727 0.55201 0.35153 0.11697
v -0.01763 0.98700 0.04373 0.55201 0.35153 0.11697
v 0.01763 0.98700 0.04373 0.55201 0.35153 0.11697
v 0.02853 0.98700 0.07727 0.55201 0.35153 0.11697
v 0.00000 0.98700 0.09800 0.55201 0.35153 0.11697
v 0.00000 0.82700 0.06800 0.55201 0.35153 0.11697
v 0.00000 0.82700 0.06800 0.55201 0.35153 0.11697
v 0.00000 0.82700 0.06800 0.55201 0.35153 0.11697
v 0.00000 0.82700 0.06800 0.55201 0.35153 0.11697
v 0.00000 0.82700 0.06800 0.55201 0.35153 0.11697
v 0.00000 0.82700 0.10800 0.55201 0.35153 0.11697
v -0.03804 0.82700 0.08036 0.55201 0.35153 0.11697
v -0.02351 0.82700 0.03564 0.55201 0.35153 0.11697
v 0.02351 0.82700 0.03564 0.55201 0.35153 0.11697
v 0.03804 0.82700 0.08036 0.55201 0.35153 0.11697
v 0.00000 0.82700 0.10800 0.55201 0.35153 0.11697
v 0.25520 0.80620 0.00000 0.55201 0.35153 0.11697
v 0.25520 0.80620 0.00000 0.55201 0.35153 0.11697
v 0.25520 0.80620 0.00000 0.55201 0.35153 0.11697
v 0.25520 0.80620 0.00000 0.55201 0.35153 0.11697
v 0.25520 0.80620 0.00000 0.55201 0.35153 0.11697
v 0.25520 0.80620 0.00000 0.55201 0.35153 0.11697
v 0.25520 0.80620 0.00000 0.55201 0.35153 0.11697
v 0.25520 0.80620 0.00000 0.55201 0.35153 0.11697
v 0.31662 0.78624 0.00000 0.55201 0.35153 0.11697
v 0.29350 0.78624 0.04802 0.55201 0.35153 0.11697
v 0.24153 0.78624 0.05988 0.55201 0.35153 0.11697
v 0.19986 0.78624 0.02665 0.55201 0.35153 0.11697
v 0.19986 0.78624 -0.02665 0.55201 0.35153 0.11697
v 0.24153 0.78624 -0.05988 0.55201 0.35153 0.11697
v 0.29350 0.78624 -0.04802 0.55201 0.35153 0.11697
v 0.31662 0.78624 -0.00000 0.55201 0.35153 0.11697
v 0.35459 0.73399 0.00000 0.55201 0.35153 0.11697
v 0.31717 0.73399 0.07770 0.55201 0.35153 0.11697
v 0.23308 0.73399 0.09689 0.55201 0.35153 0.11697
v 0.16566 0.73399 0.04312 0.55201 0.35153 0.11697
v 0.16566 0.73399 -0.04312 0.55201 0.35153 0.11697
v 0.23308 0.73399 -0.09689 0.55201 0.35153 0.11697
v 0.31717 0.73399 -0.07770 0.55201 0.35153 0.11697
v 0.35459 0.73399 -0.00000 0.55201 0.35153 0.11697
v 0.35459 0.66941 0.00000 0.55201 0.35153 0.11697
v 0.31717 0.66941 0.07770 0.55201 0.35153 0.11697
v 0.23308 0.66941 0.09689 0.55201 0.35153 0.11697
v 0.16566 0.66941 0.04312 0.55201 0.35153 0.11697
v 0.16566 0.66941 -0.04312 0.55201 0.35153 0.11697
v 0.23308 0.66941 -0.09689 0.55201 0.35153 0.11697
v 0.31717 0.66941 -0.07770 0.55201 0.35153 0.11697
v 0.35459 0.66941 -0.00000 0.55201 0.35153 0.11697
v 0.31662 0.61716 0.00000 0.55201 0.35153 0.11697
v 0.29350 0.61716 0.04802 0.55201 0.35153 0.11697
v 0.24153 0.61716 0.05988 0.55201 0.35153 0.11697
v 0.19986 0.61716 0.02665 0.55201 0.35153 0.11697
v 0.19986 0.61716 -0.02665 0.55201 0.35153 0.11697
v 0.24153 0.61716 -0.05988 0.55201 0.35153 0.11697
v 0.29350 0.61716 -0.04802 0.55201 0.35153 0.11697
v 0.31662 0.61716 -0.00000 0.55201 0.35153 0.11697
v 0.25520 0.59720 0.00000 0.55201 0.35153 0.11697
v 0.25520 0.59720 0.00000 0.55201 0.35153 0.11697
v 0.25520 0.59720 0.00000 0.55201 0.35153 0.11697
v 0.25520 0.59720 0.00000 0.55201 0.35153 0.11697
v 0.25520 0.59720 0.00000 0.55201 0.35153 0.11697
v 0.25520 0.59720 0.00000 0.55201 0.35153 0.11697
v 0.25520 0.59720 0.00000 0.55201 0.35153 0.11697
v 0.25520 0.59720 0.00000 0.55201 0.35153 0.11697
v -0.25520 0.80620 0.00000 0.55201 0.35153 0.11697
v -0.25520 0.80620 0.00000 0.55201 0.35153 0.11697
v -0.25520 0.80620 0.00000 0.55201 0.35153 0.11697
v -0.25520 0.80620 0.00000 0.55201 0.35153 0.11697
v -0.25520 0.80620 0.00000 0.55201 0.35153 0.11697
v -0.25520 0.80620 0.00000 0.55201 0.35153 0.11697
v -0.25520 0.80620 0.00000 0.55201 0.35153 0.11697
v -0.25520 0.80620 0.00000 0.55201 0.35153 0.11697
v -0.19378 0.78624 0.00000 0.55201 0.35153 0.11697
v -0.21690 0.78624 0.04802 0.55201 0.35153 0.11697
v -0.26887 0.78624 0.05988 0.55201 0.35153 0.11697
v -0.31054 0.78624 0.02665 0.55201 0.35153 0.11697
v -0.31054 0.78624 -0.02665 0.55201 0.35153 0.11697
v -0.26887 0.78624 -0.05988 0.55201 0.35153 0.11697
v -0.21690 0.78624 -0.04802 0.55201 0.35153 0.11697
v -0.19378 0.78624 -0.00000 0.55201 0.35153 0.11697
v -0.15581 0.73399 0.00000 0.55201 0.35153 0.11697
v -0.19323 0.73399 0.07770 0.55201 0.35153 0.11697
v -0.27732 0.73399 0.09689 0.55201 0.35153 0.11697
v -0.34474 0.73399 0.04312 0.55201 0.35153 0.11697
v -0.34474 0.73399 -0.04312 0.55201 0.35153 0.11697
v -0.27732 0.73399 -0.09689 0.55201 0.35153 0.11697
v -0.19323 0.73399 -0.07770 0.55201 0.35153 0.11697
v -0.15581 0.73399 -0.00000 0.55201 0.35153 0.11697
v -0.15581 0.66941 0.00000 0.55201 0.35153 0.11697
v -0.19323 0.66941 0.07770 0.55201 0.35153 0.11697
v -0.27732 0.66941 0.09689 0.55201 0.35153 0.11697
v -0.34474 0.66941 0.04312 0.55201 0.35153 0.11697
v -0.34474 0.66941 -0.04312 0.55201 0.35153 0.11697
v -0.27732 0.66941 -0.09689 0.55201 0.35153 0.11697
v -0.19323 0.66941 -0.07770 0.55201 0.35153 0.11697
v -0.15581 0.66941 -0.00000 0.55201 0.35153 0.11697
v -0.19378 0.61716 0.00000 0.55201 0.35153 0.11697
v -0.21690 0.61716 0.04802 0.55201 0.35153 0.11697
v -0.26887 0.61716 0.05988 0.55201 0.35153 0.11697
v -0.31054 0.61716 0.02665 0.55201 0.35153 0.11697
v -0.31054 0.61716 -0.02665 0.55201 0.35153 0.11697
v -0.26887 0.61716 -0.05988 0.55201 0.35153 0.11697
v -0.21690 0.61716 -0.04802 0.55201 0.35153 0.11697
v -0.19378 0.61716 -0.00000 0.55201 0.35153 0.11697
v -0.25520 0.59720 0.00000 0.55201 0.35153 0.11697
v -0.25520 0.59720 0.00000 0.55201 0.35153 0.11697
v -0.25520 0.59720 0.00000 0.55201 0.35153 0.11697
v -0.25520 0.59720 0.00000 0.55201 0.35153 0.11697
v -0.25520 0.59720 0.00000 0.55201 0.35153 0.11697
v -0.25520 0.59720 0.00000 0.55201 0.35153 0.11697
v -0.25520 0.59720 0.00000 0.55201 0.35153 0.11697
v -0.25520 0.59720 0.00000 0.55201 0.35153 0.11697
f 4665 4667 4666
f 4668 4670 4669
f 4671 4673 4672
f 4674 4676 4675
f 4677 4679 4678
f 4680 4682 4681
f 4683 4685 4684
f 4686 4688 4687
f 4689 4691 4690
f 4692 4694 4693
f 4695 4697 4696
f 4698 4700 4699
f 4701 4703 4702
f 4704 4706 4705
f 4707 4709 4708
f 4710 4712 4711
f 4713 4715 4714
f 4716 4718 4717
f 4719 4721 4720
f 4722 4724 4723
f 4725 4727 4726
f 4728 4730 4729
f 4731 4733 4732
f 4734 4736 4735
f 4737 4739 4738
f 4740 4742 4741
f 4743 4745 4744
f 4746 4748 4747
f 4749 4751 4750
f 4752 4754 4753
f 4755 4757 4756
f 4758 4760 4759
f 4761 4763 4762
f 4764 4766 4765
f 4767 4769 4768
f 4770 4772 4771
f 4773 4775 4774
f 4776 4778 4777
f 4779 4781 4780
f 4782 4784 4783
f 4785 4787 4786
f 4788 4790 4789
f 4791 4793 4792
f 4794 4796 4795
f 4797 4799 4798
f 4800 4802 4801
f 4803 4805 4804
f 4806 4808 4807
f 4809 4811 4810
f 4812 4814 4813
f 4815 4817 4816
f 4818 4820 4819
f 4821 4823 4822
f 4824 4826 4825
f 4827 4829 4828
f 4830 4832 4831
f 4833 4835 4834
f 4836 4838 4837
f 4839 4841 4840
f 4842 4844 4843
f 4845 4847 4846
f 4848 4850 4849
f 4851 4853 4852
f 4854 4856 4855
f 4857 4859 4858
f 4860 4862 4861
f 4863 4865 4864
f 4866 4868 4867
f 4869 4871 4870
f 4872 4874 4873
f 4875 4877 4876
f 4878 4880 4879
f 4881 4883 4882
f 4884 4886 4885
f 4887 4889 4888
f 4890 4892 4891
f 4893 4895 4894
f 4896 4898 4897
f 4899 4901 4900
f 4902 4904 4903
f 4905 4907 4906
f 4908 4910 4909
f 4911 4913 4912
f 4914 4916 4915
f 4917 4919 4918
f 4920 4922 4921
f 4923 4925 4924
f 4926 4928 4927
f 4929 4931 4930
f 4932 4934 4933
f 4935 4937 4936
f 4938 4940 4939
f 4941 4943 4942
f 4944 4946 4945
f 4947 4949 4948
f 4950 4952 4951
f 4953 4955 4954
f 4956 4958 4957
f 4959 4961 4960
f 4962 4964 4963
f 4965 4967 4966
f 4968 4970 4969
f 4971 4973 4972
f 4974 4976 4975
f 4977 4979 4978
f 4980 4982 4981
f 4983 4985 4984
f 4986 4988 4987
f 4989 4991 4990
f 4992 4994 4993
f 4995 4997 4996
f 4998 5000 4999
f 5001 5003 5002
f 5004 5006 5005
f 5007 5009 5008
f 5010 5012 5011
f 5013 5015 5014
f 5016 5018 5017
f 5019 5021 5020
f 5022 5024 5023
f 5025 5027 5026
f 5028 5030 5029
f 5031 5033 5032
f 5034 5036 5035
f 5037 5039 5038
f 5040 5042 5041
f 5043 5045 5044
f 5046 5048 5047
f 5049 5051 5050
f 5052 5054 5053
f 5055 5057 5056
f 5058 5060 5059
f 5061 5063 5062
f 5064 5066 5065
f 5067 5069 5068
f 5070 5072 5071
f 5073 5075 5074
f 5076 5078 5077
f 5079 5081 5080
f 5082 5084 5083
f 5085 5087 5086
f 5088 5090 5089
f 5091 5093 5092
f 5094 5096 5095
f 5097 5099 5098
f 5100 5102 5101
f 5103 5105 5104
f 5106 5108 5107
f 5109 5111 5110
f 5112 5114 5113
f 5115 5117 5116
f 5118 5120 5119
f 5121 5123 5122
f 5124 5126 5125
f 5127 5129 5128
f 5130 5132 5131
f 5133 5135 5134
f 5136 5138 5137
f 5139 5141 5140
f 5142 5144 5143
f 5145 5147 5146
f 5148 5150 5149
f 5151 5153 5152
f 5154 5156 5155
f 5157 5159 5158
f 5160 5162 5161
f 5163 5165 5164
f 5166 5168 5167
f 5169 5171 5170
f 5172 5174 5173
f 5175 5177 5176
f 5178 5180 5179
f 5181 5183 5182
f 5184 5186 5185
f 5187 5189 5188
f 5190 5192 5191
f 5193 5195 5194
f 5196 5198 5197
f 5199 5201 5200
f 5202 5204 5203
f 5205 5207 5206
f 5208 5210 5209
f 5211 5213 5212
f 5214 5216 5215
f 5217 5219 5218
f 5220 5222 5221
f 5223 5225 5224
f 5226 5228 5227
f 5229 5231 5230
f 5232 5234 5233
f 5235 5237 5236
f 5238 5240 5239
f 5241 5243 5242
f 5244 5246 5245
f 5247 5249 5248
f 5250 5252 5251
f 5253 5255 5254
f 5256 5258 5257
f 5259 5261 5260
f 5262 5264 5263
f 5265 5267 5266
f 5268 5270 5269
f 5271 5273 5272
f 5274 5276 5275
f 5277 5279 5278
f 5280 5282 5281
f 5283 5285 5284
f 5286 5288 5287
f 5289 5291 5290
f 5292 5294 5293
f 5295 5297 5296
f 5298 5300 5299
f 5301 5303 5302
f 5304 5306 5305
f 5307 5309 5308
f 5310 5312 5311
f 5313 5315 5314
f 5316 5318 5317
f 5319 5321 5320
f 5322 5324 5323
f 5325 5327 5326
f 5328 5330 5329
f 5331 5333 5332
f 5334 5336 5335
f 5337 5339 5338
f 5340 5342 5341
f 5343 5345 5344
f 5346 5348 5347
f 5349 5351 5350
f 5352 5354 5353
f 5355 5357 5356
f 5358 5360 5359
f 5361 5363 5362
f 5364 5366 5365
f 5367 5369 5368
f 5370 5372 5371
f 5373 5375 5374
f 5376 5378 5377
f 5379 5381 5380
f 5382 5384 5383
f 5385 5387 5386
f 5388 5390 5389
f 5391 5393 5392
f 5394 5396 5395
f 5397 5399 5398
f 5400 5402 5401
f 5403 5405 5404
f 5406 5408 5407
f 5409 5411 5410
f 5412 5414 5413
f 5415 5417 5416
f 5418 5420 5419
f 5421 5423 5422
f 5424 5426 5425
f 5427 5429 5428
f 5430 5432 5431
f 5433 5435 5434
f 5436 5438 5437
f 5439 5441 5440
f 5442 5444 5443
f 5445 5447 5446
f 5448 5450 5449
f 5451 5453 5452
f 5454 5456 5455
f 5457 5459 5458
f 5460 5462 5461
f 5463 5465 5464
f 5466 5468 5467
f 5469 5471 5470
f 5472 5474 5473
f 5475 5477 5476
f 5478 5480 5479
f 5481 5483 5482
f 5484 5486 5485
f 5487 5489 5488
f 5490 5492 5491
f 5493 5495 5494
f 5496 5498 5497
f 5499 5501 5500
f 5502 5504 5503
f 5505 5507 5506
f 5508 5510 5509
f 5511 5513 5512
f 5514 5516 5515
f 5517 5519 5518
f 5520 5522 5521
f 5523 5525 5524
f 5526 5528 5527
f 5529 5531 5530
f 5532 5534 5533
f 5535 5537 5536
f 5538 5540 5539
f 5541 5543 5542
f 5544 5546 5545
f 5547 5549 5548
f 5550 5552 5551
f 5553 5555 5554
f 5556 5558 5557
f 5559 5561 5560
f 5562 5564 5563
f 5573 5566 5574
f 5574 5567 5575
f 5575 5568 5576
f 5576 5569 5577
f 5577 5570 5578
f 5578 5571 5579
f 5579 5572 5580
f 5589 5581 5588
f 5590 5582 5589
f 5591 5583 5590
f 5592 5584 5591
f 5593 5585 5592
f 5594 5586 5593
f 5595 5587 5594
f 5596 5597 5602
f 5602 5597 5603
f 5597 5598 5603
f 5603 5598 5604
f 5598 5599 5604
f 5604 5599 5605
f 5599 5600 5605
f 5605 5600 5606
f 5600 5601 5606
f 5606 5601 5607
f 5613 5608 5614
f 5614 5609 5615
f 5615 5610 5616
f 5616 5611 5617
f 5617 5612 5618
f 5625 5619 5624
f 5626 5620 5625
f 5627 5621 5626
f 5628 5622 5627
f 5629 5623 5628
f 5630 5639 5638
f 5631 5640 5639
f 5632 5641 5640
f 5633 5642 5641
f 5634 5643 5642
f 5635 5644 5643
f 5636 5645 5644
f 5639 5647 5638
f 5638 5647 5646
f 5640 5648 5639
f 5639 5648 5647
f 5641 5649 5640
f 5640 5649 5648
f 5642 5650 5641
f 5641 5650 5649
f 5643 5651 5642
f 5642 5651 5650
f 5644 5652 5643
f 5643 5652 5651
f 5645 5653 5644
f 5644 5653 5652
f 5647 5655 5646
f 5646 5655 5654
f 5648 5656 5647
f 5647 5656 5655
f 5649 5657 5648
f 5648 5657 5656
f 5650 5658 5649
f 5649 5658 5657
f 5651 5659 5650
f 5650 5659 5658
f 5652 5660 5651
f 5651 5660 5659
f 5653 5661 5652
f 5652 5661 5660
f 5655 5663 5654
f 5654 5663 5662
f 5656 5664 5655
f 5655 5664 5663
f 5657 5665 5656
f 5656 5665 5664
f 5658 5666 5657
f 5657 5666 5665
f 5659 5667 5658
f 5658 5667 5666
f 5660 5668 5659
f 5659 5668 5667
f 5661 5669 5660
f 5660 5669 5668
f 5663 5671 5662
f 5664 5672 5663
f 5665 5673 5664
f 5666 5674 5665
f 5667 5675 5666
f 5668 5676 5667
f 5669 5677 5668
f 5678 5687 5686
f 5679 5688 5687
f 5680 5689 5688
f 5681 5690 5689
f 5682 5691 5690
f 5683 5692 5691
f 5684 5693 5692
f 5687 5695 5686
f 5686 5695 5694
f 5688 5696 5687
f 5687 5696 5695
f 5689 5697 5688
f 5688 5697 5696
f 5690 5698 5689
f 5689 5698 5697
f 5691 5699 5690
f 5690 5699 5698
f 5692 5700 5691
f 5691 5700 5699
f 5693 5701 5692
f 5692 5701 5700
f 5695 5703 5694
f 5694 5703 5702
f 5696 5704 5695
f 5695 5704 5703
f 5697 5705 5696
f 5696 5705 5704
f 5698 5706 5697
f 5697 5706 5705
f 5699 5707 5698
f 5698 5707 5706
f 5700 5708 5699
f 5699 5708 5707
f 5701 5709 5700
f 5700 5709 5708
f 5703 5711 5702
f 5702 5711 5710
f 5704 5712 5703
f 5703 5712 5711
f 5705 5713 5704
f 5704 5713 5712
f 5706 5714 5705
f 5705 5714 5713
f 5707 5715 5706
f 5706 5715 5714
f 5708 5716 5707
f 5707 5716 5715
f 5709 5717 5708
f 5708 5717 5716
f 5711 5719 5710
f 5712 5720 5711
f 5713 5721 5712
f 5714 5722 5713
f 5715 5723 5714
f 5716 5724 5715
f 5717 5725 5716
v 0.05950 1.14750 0.14450 0.01033 0.00700 0.00518
v 0.05950 1.14750 0.14450 0.01033 0.00700 0.00518
v 0.05950 1.14750 0.14450 0.01033 0.00700 0.00518
v 0.05950 1.14750 0.14450 0.01033 0.00700 0.00518
v 0.05950 1.14750 0.14450 0.01033 0.00700 0.00518
v 0.05950 1.14750 0.14450 0.01033 0.00700 0.00518
v 0.05950 1.14750 0.14450 0.01033 0.00700 0.00518
v 0.05950 1.14750 0.14450 0.01033 0.00700 0.00518
v 0.07596 1.14215 0.14450 0.01033 0.00700 0.00518
v 0.06976 1.14215 0.15737 0.01033 0.00700 0.00518
v 0.05584 1.14215 0.16055 0.01033 0.00700 0.00518
v 0.04467 1.14215 0.15164 0.01033 0.00700 0.00518
v 0.04467 1.14215 0.13736 0.01033 0.00700 0.00518
v 0.05584 1.14215 0.12845 0.01033 0.00700 0.00518
v 0.06976 1.14215 0.13163 0.01033 0.00700 0.00518
v 0.07596 1.14215 0.14450 0.01033 0.00700 0.00518
v 0.08613 1.12815 0.14450 0.01033 0.00700 0.00518
v 0.07610 1.12815 0.16532 0.01033 0.00700 0.00518
v 0.05357 1.12815 0.17046 0.01033 0.00700 0.00518
v 0.03551 1.12815 0.15605 0.01033 0.00700 0.00518
v 0.03551 1.12815 0.13295 0.01033 0.00700 0.00518
v 0.05357 1.12815 0.11854 0.01033 0.00700 0.00518
v 0.07610 1.12815 0.12368 0.01033 0.00700 0.00518
v 0.08613 1.12815 0.14450 0.01033 0.00700 0.00518
v 0.08613 1.11085 0.14450 0.01033 0.00700 0.00518
v 0.07610 1.11085 0.16532 0.01033 0.00700 0.00518
v 0.05357 1.11085 0.17046 0.01033 0.00700 0.00518
v 0.03551 1.11085 0.15605 0.01033 0.00700 0.00518
v 0.03551 1.11085 0.13295 0.01033 0.00700 0.00518
v 0.05357 1.11085 0.11854 0.01033 0.00700 0.00518
v 0.07610 1.11085 0.12368 0.01033 0.00700 0.00518
v 0.08613 1.11085 0.14450 0.01033 0.00700 0.00518
v 0.07596 1.09685 0.14450 0.01033 0.00700 0.00518
v 0.06976 1.09685 0.15737 0.01033 0.00700 0.00518
v 0.05584 1.09685 0.16055 0.01033 0.00700 0.00518
v 0.04467 1.09685 0.15164 0.01033 0.00700 0.00518
v 0.04467 1.09685 0.13736 0.01033 0.00700 0.00518
v 0.05584 1.09685 0.12845 0.01033 0.00700 0.00518
v 0.06976 1.09685 0.13163 0.01033 0.00700 0.00518
v 0.07596 1.09685 0.14450 0.01033 0.00700 0.00518
v 0.05950 1.09150 0.14450 0.01033 0.00700 0.00518
v 0.05950 1.09150 0.14450 0.01033 0.00700 0.00518
v 0.05950 1.09150 0.14450 0.01033 0.00700 0.00518
v 0.05950 1.09150 0.14450 0.01033 0.00700 0.00518
v 0.05950 1.09150 0.14450 0.01033 0.00700 0.00518
v 0.05950 1.09150 0.14450 0.01033 0.00700 0.00518
v 0.05950 1.09150 0.14450 0.01033 0.00700 0.00518
v 0.05950 1.09150 0.14450 0.01033 0.00700 0.00518
v -0.05950 1.14750 0.14450 0.01033 0.00700 0.00518
v -0.05950 1.14750 0.14450 0.01033 0.00700 0.00518
v -0.05950 1.14750 0.14450 0.01033 0.00700 0.00518
v -0.05950 1.14750 0.14450 0.01033 0.00700 0.00518
v -0.05950 1.14750 0.14450 0.01033 0.00700 0.00518
v -0.05950 1.14750 0.14450 0.01033 0.00700 0.00518
v -0.05950 1.14750 0.14450 0.01033 0.00700 0.00518
v -0.05950 1.14750 0.14450 0.01033 0.00700 0.00518
v -0.04304 1.14215 0.14450 0.01033 0.00700 0.00518
v -0.04924 1.14215 0.15737 0.01033 0.00700 0.00518
v -0.06316 1.14215 0.16055 0.01033 0.00700 0.00518
v -0.07433 1.14215 0.15164 0.01033 0.00700 0.00518
v -0.07433 1.14215 0.13736 0.01033 0.00700 0.00518
v -0.06316 1.14215 0.12845 0.01033 0.00700 0.00518
v -0.04924 1.14215 0.13163 0.01033 0.00700 0.00518
v -0.04304 1.14215 0.14450 0.01033 0.00700 0.00518
v -0.03287 1.12815 0.14450 0.01033 0.00700 0.00518
v -0.04290 1.12815 0.16532 0.01033 0.00700 0.00518
v -0.06543 1.12815 0.17046 0.01033 0.00700 0.00518
v -0.08349 1.12815 0.15605 0.01033 0.00700 0.00518
v -0.08349 1.12815 0.13295 0.01033 0.00700 0.00518
v -0.06543 1.12815 0.11854 0.01033 0.00700 0.00518
v -0.04290 1.12815 0.12368 0.01033 0.00700 0.00518
v -0.03287 1.12815 0.14450 0.01033 0.00700 0.00518
v -0.03287 1.11085 0.14450 0.01033 0.00700 0.00518
v -0.04290 1.11085 0.16532 0.01033 0.00700 0.00518
v -0.06543 1.11085 0.17046 0.01033 0.00700 0.00518
v -0.08349 1.11085 0.15605 0.01033 0.00700 0.00518
v -0.08349 1.11085 0.13295 0.01033 0.00700 0.00518
v -0.06543 1.11085 0.11854 0.01033 0.00700 0.00518
v -0.04290 1.11085 0.12368 0.01033 0.00700 0.00518
v -0.03287 1.11085 0.14450 0.01033 0.00700 0.00518
v -0.04304 1.09685 0.14450 0.01033 0.00700 0.00518
v -0.04924 1.09685 0.15737 0.01033 0.00700 0.00518
v -0.06316 1.09685 0.16055 0.01033 0.00700 0.00518
v -0.07433 1.09685 0.15164 0.01033 0.00700 0.00518
v -0.07433 1.09685 0.13736 0.01033 0.00700 0.00518
v -0.06316 1.09685 0.12845 0.01033 0.00700 0.00518
v -0.04924 1.09685 0.13163 0.01033 0.00700 0.00518
v -0.04304 1.09685 0.14450 0.01033 0.00700 0.00518
v -0.05950 1.09150 0.14450 0.01033 0.00700 0.00518
v -0.05950 1.09150 0.14450 0.01033 0.00700 0.00518
v -0.05950 1.09150 0.14450 0.01033 0.00700 0.00518
v -0.05950 1.09150 0.14450 0.01033 0.00700 0.00518
v -0.05950 1.09150 0.14450 0.01033 0.00700 0.00518
v -0.05950 1.09150 0.14450 0.01033 0.00700 0.00518
v -0.05950 1.09150 0.14450 0.01033 0.00700 0.00518
v -0.05950 1.09150 0.14450 0.01033 0.00700 0.00518
f 5726 5735 5734
f 5727 5736 5735
f 5728 5737 5736
f 5729 5738 5737
f 5730 5739 5738
f 5731 5740 5739
f 5732 5741 5740
f 5735 5743 5734
f 5734 5743 5742
f 5736 5744 5735
f 5735 5744 5743
f 5737 5745 5736
f 5736 5745 5744
f 5738 5746 5737
f 5737 5746 5745
f 5739 5747 5738
f 5738 5747 5746
f 5740 5748 5739
f 5739 5748 5747
f 5741 5749 5740
f 5740 5749 5748
f 5743 5751 5742
f 5742 5751 5750
f 5744 5752 5743
f 5743 5752 5751
f 5745 5753 5744
f 5744 5753 5752
f 5746 5754 5745
f 5745 5754 5753
f 5747 5755 5746
f 5746 5755 5754
f 5748 5756 5747
f 5747 5756 5755
f 5749 5757 5748
f 5748 5757 5756
f 5751 5759 5750
f 5750 5759 5758
f 5752 5760 5751
f 5751 5760 5759
f 5753 5761 5752
f 5752 5761 5760
f 5754 5762 5753
f 5753 5762 5761
f 5755 5763 5754
f 5754 5763 5762
f 5756 5764 5755
f 5755 5764 5763
f 5757 5765 5756
f 5756 5765 5764
f 5759 5767 5758
f 5760 5768 5759
f 5761 5769 5760
f 5762 5770 5761
f 5763 5771 5762
f 5764 5772 5763
f 5765 5773 5764
f 5774 5783 5782
f 5775 5784 5783
f 5776 5785 5784
f 5777 5786 5785
f 5778 5787 5786
f 5779 5788 5787
f 5780 5789 5788
f 5783 5791 5782
f 5782 5791 5790
f 5784 5792 5783
f 5783 5792 5791
f 5785 5793 5784
f 5784 5793 5792
f 5786 5794 5785
f 5785 5794 5793
f 5787 5795 5786
f 5786 5795 5794
f 5788 5796 5787
f 5787 5796 5795
f 5789 5797 5788
f 5788 5797 5796
f 5791 5799 5790
f 5790 5799 5798
f 5792 5800 5791
f 5791 5800 5799
f 5793 5801 5792
f 5792 5801 5800
f 5794 5802 5793
f 5793 5802 5801
f 5795 5803 5794
f 5794 5803 5802
f 5796 5804 5795
f 5795 5804 5803
f 5797 5805 5796
f 5796 5805 5804
f 5799 5807 5798
f 5798 5807 5806
f 5800 5808 5799
f 5799 5808 5807
f 5801 5809 5800
f 5800 5809 5808
f 5802 5810 5801
f 5801 5810 5809
f 5803 5811 5802
f 5802 5811 5810
f 5804 5812 5803
f 5803 5812 5811
f 5805 5813 5804
f 5804 5813 5812
f 5807 5815 5806
f 5808 5816 5807
f 5809 5817 5808
f 5810 5818 5809
f 5811 5819 5810
f 5812 5820 5811
f 5813 5821 5812
v -0.22745 0.45995 0.16925 0.06848 0.03190 0.01764
v -0.22820 0.45790 0.17000 0.06848 0.03190 0.01764
v -0.22820 0.46070 0.16720 0.06848 0.03190 0.01764
v -0.22820 0.45790 0.17000 0.06848 0.03190 0.01764
v -0.22946 0.45853 0.16783 0.06848 0.03190 0.01764
v -0.22820 0.46070 0.16720 0.06848 0.03190 0.01764
v -0.22820 0.46070 0.16720 0.06848 0.03190 0.01764
v -0.22946 0.45853 0.16783 0.06848 0.03190 0.01764
v -0.22854 0.46104 0.16440 0.06848 0.03190 0.01764
v -0.22946 0.45853 0.16783 0.06848 0.03190 0.01764
v -0.23011 0.45886 0.16440 0.06848 0.03190 0.01764
v -0.22854 0.46104 0.16440 0.06848 0.03190 0.01764
v -0.22854 0.46104 0.16440 0.06848 0.03190 0.01764
v -0.23011 0.45886 0.16440 0.06848 0.03190 0.01764
v -0.22854 0.46104 -0.16440 0.06848 0.03190 0.01764
v -0.23011 0.45886 0.16440 0.06848 0.03190 0.01764
v -0.23011 0.45886 -0.16440 0.06848 0.03190 0.01764
v -0.22854 0.46104 -0.16440 0.06848 0.03190 0.01764
v -0.22854 0.46104 -0.16440 0.06848 0.03190 0.01764
v -0.23011 0.45886 -0.16440 0.06848 0.03190 0.01764
v -0.22820 0.46070 -0.16720 0.06848 0.03190 0.01764
v -0.23011 0.45886 -0.16440 0.06848 0.03190 0.01764
v -0.22946 0.45853 -0.16783 0.06848 0.03190 0.01764
v -0.22820 0.46070 -0.16720 0.06848 0.03190 0.01764
v -0.22820 0.46070 -0.16720 0.06848 0.03190 0.01764
v -0.22946 0.45853 -0.16783 0.06848 0.03190 0.01764
v -0.22745 0.45995 -0.16925 0.06848 0.03190 0.01764
v -0.22946 0.45853 -0.16783 0.06848 0.03190 0.01764
v -0.22820 0.45790 -0.17000 0.06848 0.03190 0.01764
v -0.22745 0.45995 -0.16925 0.06848 0.03190 0.01764
v -0.22820 0.45790 0.17000 0.06848 0.03190 0.01764
v -0.22854 0.45510 0.17034 0.06848 0.03190 0.01764
v -0.22946 0.45853 0.16783 0.06848 0.03190 0.01764
v -0.22854 0.45510 0.17034 0.06848 0.03190 0.01764
v -0.23011 0.45510 0.16816 0.06848 0.03190 0.01764
v -0.22946 0.45853 0.16783 0.06848 0.03190 0.01764
v -0.22946 0.45853 0.16783 0.06848 0.03190 0.01764
v -0.23011 0.45510 0.16816 0.06848 0.03190 0.01764
v -0.23011 0.45886 0.16440 0.06848 0.03190 0.01764
v -0.23011 0.45510 0.16816 0.06848 0.03190 0.01764
v -0.23100 0.45510 0.16440 0.06848 0.03190 0.01764
v -0.23011 0.45886 0.16440 0.06848 0.03190 0.01764
v -0.23011 0.45886 0.16440 0.06848 0.03190 0.01764
v -0.23100 0.45510 0.16440 0.06848 0.03190 0.01764
v -0.23011 0.45886 -0.16440 0.06848 0.03190 0.01764
v -0.23100 0.45510 0.16440 0.06848 0.03190 0.01764
v -0.23100 0.45510 -0.16440 0.06848 0.03190 0.01764
v -0.23011 0.45886 -0.16440 0.06848 0.03190 0.01764
v -0.23011 0.45886 -0.16440 0.06848 0.03190 0.01764
v -0.23100 0.45510 -0.16440 0.06848 0.03190 0.01764
v -0.22946 0.45853 -0.16783 0.06848 0.03190 0.01764
v -0.23100 0.45510 -0.16440 0.06848 0.03190 0.01764
v -0.23011 0.45510 -0.16816 0.06848 0.03190 0.01764
v -0.22946 0.45853 -0.16783 0.06848 0.03190 0.01764
v -0.22946 0.45853 -0.16783 0.06848 0.03190 0.01764
v -0.23011 0.45510 -0.16816 0.06848 0.03190 0.01764
v -0.22820 0.45790 -0.17000 0.06848 0.03190 0.01764
v -0.23011 0.45510 -0.16816 0.06848 0.03190 0.01764
v -0.22854 0.45510 -0.17034 0.06848 0.03190 0.01764
v -0.22820 0.45790 -0.17000 0.06848 0.03190 0.01764
v -0.22854 0.45510 0.17034 0.06848 0.03190 0.01764
v -0.22854 0.40190 0.17034 0.06848 0.03190 0.01764
v -0.23011 0.45510 0.16816 0.06848 0.03190 0.01764
v -0.22854 0.40190 0.17034 0.06848 0.03190 0.01764
v -0.23011 0.40190 0.16816 0.06848 0.03190 0.01764
v -0.23011 0.45510 0.16816 0.06848 0.03190 0.01764
v -0.23011 0.45510 0.16816 0.06848 0.03190 0.01764
v -0.23011 0.40190 0.16816 0.06848 0.03190 0.01764
v -0.23100 0.45510 0.16440 0.06848 0.03190 0.01764
v -0.23011 0.40190 0.16816 0.06848 0.03190 0.01764
v -0.23100 0.40190 0.16440 0.06848 0.03190 0.01764
v -0.23100 0.45510 0.16440 0.06848 0.03190 0.01764
v -0.23100 0.45510 0.16440 0.06848 0.03190 0.01764
v -0.23100 0.40190 0.16440 0.06848 0.03190 0.01764
v -0.23100 0.45510 -0.16440 0.06848 0.03190 0.01764
v -0.23100 0.40190 0.16440 0.06848 0.03190 0.01764
v -0.23100 0.40190 -0.16440 0.06848 0.03190 0.01764
v -0.23100 0.45510 -0.16440 0.06848 0.03190 0.01764
v -0.23100 0.45510 -0.16440 0.06848 0.03190 0.01764
v -0.23100 0.40190 -0.16440 0.06848 0.03190 0.01764
v -0.23011 0.45510 -0.16816 0.06848 0.03190 0.01764
v -0.23100 0.40190 -0.16440 0.06848 0.03190 0.01764
v -0.23011 0.40190 -0.16816 0.06848 0.03190 0.01764
v -0.23011 0.45510 -0.16816 0.06848 0.03190 0.01764
v -0.23011 0.45510 -0.16816 0.06848 0.03190 0.01764
v -0.23011 0.40190 -0.16816 0.06848 0.03190 0.01764
v -0.22854 0.45510 -0.17034 0.06848 0.03190 0.01764
v -0.23011 0.40190 -0.16816 0.06848 0.03190 0.01764
v -0.22854 0.40190 -0.17034 0.06848 0.03190 0.01764
v -0.22854 0.45510 -0.17034 0.06848 0.03190 0.01764
v -0.22854 0.40190 0.17034 0.06848 0.03190 0.01764
v -0.22820 0.39910 0.17000 0.06848 0.03190 0.01764
v -0.23011 0.40190 0.16816 0.06848 0.03190 0.01764
v -0.22820 0.39910 0.17000 0.06848 0.03190 0.01764
v -0.22946 0.39847 0.16783 0.06848 0.03190 0.01764
v -0.23011 0.40190 0.16816 0.06848 0.03190 0.01764
v -0.23011 0.40190 0.16816 0.06848 0.03190 0.01764
v -0.22946 0.39847 0.16783 0.06848 0.03190 0.01764
v -0.23100 0.40190 0.16440 0.06848 0.03190 0.01764
v -0.22946 0.39847 0.16783 0.06848 0.03190 0.01764
v -0.23011 0.39814 0.16440 0.06848 0.03190 0.01764
v -0.23100 0.40190 0.16440 0.06848 0.03190 0.01764
v -0.23100 0.40190 0.16440 0.06848 0.03190 0.01764
v -0.23011 0.39814 0.16440 0.06848 0.03190 0.01764
v -0.23100 0.40190 -0.16440 0.06848 0.03190 0.01764
v -0.23011 0.39814 0.16440 0.06848 0.03190 0.01764
v -0.23011 0.39814 -0.16440 0.06848 0.03190 0.01764
v -0.23100 0.40190 -0.16440 0.06848 0.03190 0.01764
v -0.23100 0.40190 -0.16440 0.06848 0.03190 0.01764
v -0.23011 0.39814 -0.16440 0.06848 0.03190 0.01764
v -0.23011 0.40190 -0.16816 0.06848 0.03190 0.01764
v -0.23011 0.39814 -0.16440 0.06848 0.03190 0.01764
v -0.22946 0.39847 -0.16783 0.06848 0.03190 0.01764
v -0.23011 0.40190 -0.16816 0.06848 0.03190 0.01764
v -0.23011 0.40190 -0.16816 0.06848 0.03190 0.01764
v -0.22946 0.39847 -0.16783 0.06848 0.03190 0.01764
v -0.22854 0.40190 -0.17034 0.06848 0.03190 0.01764
v -0.22946 0.39847 -0.16783 0.06848 0.03190 0.01764
v -0.22820 0.39910 -0.17000 0.06848 0.03190 0.01764
v -0.22854 0.40190 -0.17034 0.06848 0.03190 0.01764
v -0.22820 0.39910 0.17000 0.06848 0.03190 0.01764
v -0.22745 0.39705 0.16925 0.06848 0.03190 0.01764
v -0.22946 0.39847 0.16783 0.06848 0.03190 0.01764
v -0.22745 0.39705 0.16925 0.06848 0.03190 0.01764
v -0.22820 0.39630 0.16720 0.06848 0.03190 0.01764
v -0.22946 0.39847 0.16783 0.06848 0.03190 0.01764
v -0.22946 0.39847 0.16783 0.06848 0.03190 0.01764
v -0.22820 0.39630 0.16720 0.06848 0.03190 0.01764
v -0.23011 0.39814 0.16440 0.06848 0.03190 0.01764
v -0.22820 0.39630 0.16720 0.06848 0.03190 0.01764
v -0.22854 0.39596 0.16440 0.06848 0.03190 0.01764
v -0.23011 0.39814 0.16440 0.06848 0.03190 0.01764
v -0.23011 0.39814 0.16440 0.06848 0.03190 0.01764
v -0.22854 0.39596 0.16440 0.06848 0.03190 0.01764
v -0.23011 0.39814 -0.16440 0.06848 0.03190 0.01764
v -0.22854 0.39596 0.16440 0.06848 0.03190 0.01764
v -0.22854 0.39596 -0.16440 0.06848 0.03190 0.01764
v -0.23011 0.39814 -0.16440 0.06848 0.03190 0.01764
v -0.23011 0.39814 -0.16440 0.06848 0.03190 0.01764
v -0.22854 0.39596 -0.16440 0.06848 0.03190 0.01764
v -0.22946 0.39847 -0.16783 0.06848 0.03190 0.01764
v -0.22854 0.39596 -0.16440 0.06848 0.03190 0.01764
v -0.22820 0.39630 -0.16720 0.06848 0.03190 0.01764
v -0.22946 0.39847 -0.16783 0.06848 0.03190 0.01764
v -0.22946 0.39847 -0.16783 0.06848 0.03190 0.01764
v -0.22820 0.39630 -0.16720 0.06848 0.03190 0.01764
v -0.22820 0.39910 -0.17000 0.06848 0.03190 0.01764
v -0.22820 0.39630 -0.16720 0.06848 0.03190 0.01764
v -0.22745 0.39705 -0.16925 0.06848 0.03190 0.01764
v -0.22820 0.39910 -0.17000 0.06848 0.03190 0.01764
v 0.22745 0.45995 -0.16925 0.06848 0.03190 0.01764
v 0.22820 0.45790 -0.17000 0.06848 0.03190 0.01764
v 0.22820 0.46070 -0.16720 0.06848 0.03190 0.01764
v 0.22820 0.45790 -0.17000 0.06848 0.03190 0.01764
v 0.22946 0.45853 -0.16783 0.06848 0.03190 0.01764
v 0.22820 0.46070 -0.16720 0.06848 0.03190 0.01764
v 0.22820 0.46070 -0.16720 0.06848 0.03190 0.01764
v 0.22946 0.45853 -0.16783 0.06848 0.03190 0.01764
v 0.22854 0.46104 -0.16440 0.06848 0.03190 0.01764
v 0.22946 0.45853 -0.16783 0.06848 0.03190 0.01764
v 0.23011 0.45886 -0.16440 0.06848 0.03190 0.01764
v 0.22854 0.46104 -0.16440 0.06848 0.03190 0.01764
v 0.22854 0.46104 -0.16440 0.06848 0.03190 0.01764
v 0.23011 0.45886 -0.16440 0.06848 0.03190 0.01764
v 0.22854 0.46104 0.16440 0.06848 0.03190 0.01764
v 0.23011 0.45886 -0.16440 0.06848 0.03190 0.01764
v 0.23011 0.45886 0.16440 0.06848 0.03190 0.01764
v 0.22854 0.46104 0.16440 0.06848 0.03190 0.01764
v 0.22854 0.46104 0.16440 0.06848 0.03190 0.01764
v 0.23011 0.45886 0.16440 0.06848 0.03190 0.01764
v 0.22820 0.46070 0.16720 0.06848 0.03190 0.01764
v 0.23011 0.45886 0.16440 0.06848 0.03190 0.01764
v 0.22946 0.45853 0.16783 0.06848 0.03190 0.01764
v 0.22820 0.46070 0.16720 0.06848 0.03190 0.01764
v 0.22820 0.46070 0.16720 0.06848 0.03190 0.01764
v 0.22946 0.45853 0.16783 0.06848 0.03190 0.01764
v 0.22745 0.45995 0.16925 0.06848 0.03190 0.01764
v 0.22946 0.45853 0.16783 0.06848 0.03190 0.01764
v 0.22820 0.45790 0.17000 0.06848 0.03190 0.01764
v 0.22745 0.45995 0.16925 0.06848 0.03190 0.01764
v 0.22820 0.45790 -0.17000 0.06848 0.03190 0.01764
v 0.22854 0.45510 -0.17034 0.06848 0.03190 0.01764
v 0.22946 0.45853 -0.16783 0.06848 0.03190 0.01764
v 0.22854 0.45510 -0.17034 0.06848 0.03190 0.01764
v 0.23011 0.45510 -0.16816 0.06848 0.03190 0.01764
v 0.22946 0.45853 -0.16783 0.06848 0.03190 0.01764
v 0.22946 0.45853 -0.16783 0.06848 0.03190 0.01764
v 0.23011 0.45510 -0.16816 0.06848 0.03190 0.01764
v 0.23011 0.45886 -0.16440 0.06848 0.03190 0.01764
v 0.23011 0.45510 -0.16816 0.06848 0.03190 0.01764
v 0.23100 0.45510 -0.16440 0.06848 0.03190 0.01764
v 0.23011 0.45886 -0.16440 0.06848 0.03190 0.01764
v 0.23011 0.45886 -0.16440 0.06848 0.03190 0.01764
v 0.23100 0.45510 -0.16440 0.06848 0.03190 0.01764
v 0.23011 0.45886 0.16440 0.06848 0.03190 0.01764
v 0.23100 0.45510 -0.16440 0.06848 0.03190 0.01764
v 0.23100 0.45510 0.16440 0.06848 0.03190 0.01764
v 0.23011 0.45886 0.16440 0.06848 0.03190 0.01764
v 0.23011 0.45886 0.16440 0.06848 0.03190 0.01764
v 0.23100 0.45510 0.16440 0.06848 0.03190 0.01764
v 0.22946 0.45853 0.16783 0.06848 0.03190 0.01764
v 0.23100 0.45510 0.16440 0.06848 0.03190 0.01764
v 0.23011 0.45510 0.16816 0.06848 0.03190 0.01764
v 0.22946 0.45853 0.16783 0.06848 0.03190 0.01764
v 0.22946 0.45853 0.16783 0.06848 0.03190 0.01764
v 0.23011 0.45510 0.16816 0.06848 0.03190 0.01764
v 0.22820 0.45790 0.17000 0.06848 0.03190 0.01764
v 0.23011 0.45510 0.16816 0.06848 0.03190 0.01764
v 0.22854 0.45510 0.17034 0.06848 0.03190 0.01764
v 0.22820 0.45790 0.17000 0.06848 0.03190 0.01764
v 0.22854 0.45510 -0.17034 0.06848 0.03190 0.01764
v 0.22854 0.40190 -0.17034 0.06848 0.03190 0.01764
v 0.23011 0.45510 -0.16816 0.06848 0.03190 0.01764
v 0.22854 0.40190 -0.17034 0.06848 0.03190 0.01764
v 0.23011 0.40190 -0.16816 0.06848 0.03190 0.01764
v 0.23011 0.45510 -0.16816 0.06848 0.03190 0.01764
v 0.23011 0.45510 -0.16816 0.06848 0.03190 0.01764
v 0.23011 0.40190 -0.16816 0.06848 0.03190 0.01764
v 0.23100 0.45510 -0.16440 0.06848 0.03190 0.01764
v 0.23011 0.40190 -0.16816 0.06848 0.03190 0.01764
v 0.23100 0.40190 -0.16440 0.06848 0.03190 0.01764
v 0.23100 0.45510 -0.16440 0.06848 0.03190 0.01764
v 0.23100 0.45510 -0.16440 0.06848 0.03190 0.01764
v 0.23100 0.40190 -0.16440 0.06848 0.03190 0.01764
v 0.23100 0.45510 0.16440 0.06848 0.03190 0.01764
v 0.23100 0.40190 -0.16440 0.06848 0.03190 0.01764
v 0.23100 0.40190 0.16440 0.06848 0.03190 0.01764
v 0.23100 0.45510 0.16440 0.06848 0.03190 0.01764
v 0.23100 0.45510 0.16440 0.06848 0.03190 0.01764
v 0.23100 0.40190 0.16440 0.06848 0.03190 0.01764
v 0.23011 0.45510 0.16816 0.06848 0.03190 0.01764
v 0.23100 0.40190 0.16440 0.06848 0.03190 0.01764
v 0.23011 0.40190 0.16816 0.06848 0.03190 0.01764
v 0.23011 0.45510 0.16816 0.06848 0.03190 0.01764
v 0.23011 0.45510 0.16816 0.06848 0.03190 0.01764
v 0.23011 0.40190 0.16816 0.06848 0.03190 0.01764
v 0.22854 0.45510 0.17034 0.06848 0.03190 0.01764
v 0.23011 0.40190 0.16816 0.06848 0.03190 0.01764
v 0.22854 0.40190 0.17034 0.06848 0.03190 0.01764
v 0.22854 0.45510 0.17034 0.06848 0.03190 0.01764
v 0.22854 0.40190 -0.17034 0.06848 0.03190 0.01764
v 0.22820 0.39910 -0.17000 0.06848 0.03190 0.01764
v 0.23011 0.40190 -0.16816 0.06848 0.03190 0.01764
v 0.22820 0.39910 -0.17000 0.06848 0.03190 0.01764
v 0.22946 0.39847 -0.16783 0.06848 0.03190 0.01764
v 0.23011 0.40190 -0.16816 0.06848 0.03190 0.01764
v 0.23011 0.40190 -0.16816 0.06848 0.03190 0.01764
v 0.22946 0.39847 -0.16783 0.06848 0.03190 0.01764
v 0.23100 0.40190 -0.16440 0.06848 0.03190 0.01764
v 0.22946 0.39847 -0.16783 0.06848 0.03190 0.01764
v 0.23011 0.39814 -0.16440 0.06848 0.03190 0.01764
v 0.23100 0.40190 -0.16440 0.06848 0.03190 0.01764
v 0.23100 0.40190 -0.16440 0.06848 0.03190 0.01764
v 0.23011 0.39814 -0.16440 0.06848 0.03190 0.01764
v 0.23100 0.40190 0.16440 0.06848 0.03190 0.01764
v 0.23011 0.39814 -0.16440 0.06848 0.03190 0.01764
v 0.23011 0.39814 0.16440 0.06848 0.03190 0.01764
v 0.23100 0.40190 0.16440 0.06848 0.03190 0.01764
v 0.23100 0.40190 0.16440 0.06848 0.03190 0.01764
v 0.23011 0.39814 0.16440 0.06848 0.03190 0.01764
v 0.23011 0.40190 0.16816 0.06848 0.03190 0.01764
v 0.23011 0.39814 0.16440 0.06848 0.03190 0.01764
v 0.22946 0.39847 0.16783 0.06848 0.03190 0.01764
v 0.23011 0.40190 0.16816 0.06848 0.03190 0.01764
v 0.23011 0.40190 0.16816 0.06848 0.03190 0.01764
v 0.22946 0.39847 0.16783 0.06848 0.03190 0.01764
v 0.22854 0.40190 0.17034 0.06848 0.03190 0.01764
v 0.22946 0.39847 0.16783 0.06848 0.03190 0.01764
v 0.22820 0.39910 0.17000 0.06848 0.03190 0.01764
v 0.22854 0.40190 0.17034 0.06848 0.03190 0.01764
v 0.22820 0.39910 -0.17000 0.06848 0.03190 0.01764
v 0.22745 0.39705 -0.16925 0.06848 0.03190 0.01764
v 0.22946 0.39847 -0.16783 0.06848 0.03190 0.01764
v 0.22745 0.39705 -0.16925 0.06848 0.03190 0.01764
v 0.22820 0.39630 -0.16720 0.06848 0.03190 0.01764
v 0.22946 0.39847 -0.16783 0.06848 0.03190 0.01764
v 0.22946 0.39847 -0.16783 0.06848 0.03190 0.01764
v 0.22820 0.39630 -0.16720 0.06848 0.03190 0.01764
v 0.23011 0.39814 -0.16440 0.06848 0.03190 0.01764
v 0.22820 0.39630 -0.16720 0.06848 0.03190 0.01764
v 0.22854 0.39596 -0.16440 0.06848 0.03190 0.01764
v 0.23011 0.39814 -0.16440 0.06848 0.03190 0.01764
v 0.23011 0.39814 -0.16440 0.06848 0.03190 0.01764
v 0.22854 0.39596 -0.16440 0.06848 0.03190 0.01764
v 0.23011 0.39814 0.16440 0.06848 0.03190 0.01764
v 0.22854 0.39596 -0.16440 0.06848 0.03190 0.01764
v 0.22854 0.39596 0.16440 0.06848 0.03190 0.01764
v 0.23011 0.39814 0.16440 0.06848 0.03190 0.01764
v 0.23011 0.39814 0.16440 0.06848 0.03190 0.01764
v 0.22854 0.39596 0.16440 0.06848 0.03190 0.01764
v 0.22946 0.39847 0.16783 0.06848 0.03190 0.01764
v 0.22854 0.39596 0.16440 0.06848 0.03190 0.01764
v 0.22820 0.39630 0.16720 0.06848 0.03190 0.01764
v 0.22946 0.39847 0.16783 0.06848 0.03190 0.01764
v 0.22946 0.39847 0.16783 0.06848 0.03190 0.01764
v 0.22820 0.39630 0.16720 0.06848 0.03190 0.01764
v 0.22820 0.39910 0.17000 0.06848 0.03190 0.01764
v 0.22820 0.39630 0.16720 0.06848 0.03190 0.01764
v 0.22745 0.39705 0.16925 0.06848 0.03190 0.01764
v 0.22820 0.39910 0.17000 0.06848 0.03190 0.01764
v 0.22745 0.45995 -0.16925 0.06848 0.03190 0.01764
v 0.22820 0.46070 -0.16720 0.06848 0.03190 0.01764
v 0.22540 0.46070 -0.17000 0.06848 0.03190 0.01764
v 0.22820 0.46070 -0.16720 0.06848 0.03190 0.01764
v 0.22603 0.46196 -0.16783 0.06848 0.03190 0.01764
v 0.22540 0.46070 -0.17000 0.06848 0.03190 0.01764
v 0.22540 0.46070 -0.17000 0.06848 0.03190 0.01764
v 0.22603 0.46196 -0.16783 0.06848 0.03190 0.01764
v 0.22260 0.46104 -0.17034 0.06848 0.03190 0.01764
v 0.22603 0.46196 -0.16783 0.06848 0.03190 0.01764
v 0.22260 0.46261 -0.16816 0.06848 0.03190 0.01764
v 0.22260 0.46104 -0.17034 0.06848 0.03190 0.01764
v 0.22260 0.46104 -0.17034 0.06848 0.03190 0.01764
v 0.22260 0.46261 -0.16816 0.06848 0.03190 0.01764
v -0.22260 0.46104 -0.17034 0.06848 0.03190 0.01764
v 0.22260 0.46261 -0.16816 0.06848 0.03190 0.01764
v -0.22260 0.46261 -0.16816 0.06848 0.03190 0.01764
v -0.22260 0.46104 -0.17034 0.06848 0.03190 0.01764
v -0.22260 0.46104 -0.17034 0.06848 0.03190 0.01764
v -0.22260 0.46261 -0.16816 0.06848 0.03190 0.01764
v -0.22540 0.46070 -0.17000 0.06848 0.03190 0.01764
v -0.22260 0.46261 -0.16816 0.06848 0.03190 0.01764
v -0.22603 0.46196 -0.16783 0.06848 0.03190 0.01764
v -0.22540 0.46070 -0.17000 0.06848 0.03190 0.01764
v -0.22540 0.46070 -0.17000 0.06848 0.03190 0.01764
v -0.22603 0.46196 -0.16783 0.06848 0.03190 0.01764
v -0.22745 0.45995 -0.16925 0.06848 0.03190 0.01764
v -0.22603 0.46196 -0.16783 0.06848 0.03190 0.01764
v -0.22820 0.46070 -0.16720 0.06848 0.03190 0.01764
v -0.22745 0.45995 -0.16925 0.06848 0.03190 0.01764
v 0.22820 0.46070 -0.16720 0.06848 0.03190 0.01764
v 0.22854 0.46104 -0.16440 0.06848 0.03190 0.01764
v 0.22603 0.46196 -0.16783 0.06848 0.03190 0.01764
v 0.22854 0.46104 -0.16440 0.06848 0.03190 0.01764
v 0.22636 0.46261 -0.16440 0.06848 0.03190 0.01764
v 0.22603 0.46196 -0.16783 0.06848 0.03190 0.01764
v 0.22603 0.46196 -0.16783 0.06848 0.03190 0.01764
v 0.22636 0.46261 -0.16440 0.06848 0.03190 0.01764
v 0.22260 0.46261 -0.16816 0.06848 0.03190 0.01764
v 0.22636 0.46261 -0.16440 0.06848 0.03190 0.01764
v 0.22260 0.46350 -0.16440 0.06848 0.03190 0.01764
v 0.22260 0.46261 -0.16816 0.06848 0.03190 0.01764
v 0.22260 0.46261 -0.16816 0.06848 0.03190 0.01764
v 0.22260 0.46350 -0.16440 0.06848 0.03190 0.01764
v -0.22260 0.46261 -0.16816 0.06848 0.03190 0.01764
v 0.22260 0.46350 -0.16440 0.06848 0.03190 0.01764
v -0.22260 0.46350 -0.16440 0.06848 0.03190 0.01764
v -0.22260 0.46261 -0.16816 0.06848 0.03190 0.01764
v -0.22260 0.46261 -0.16816 0.06848 0.03190 0.01764
v -0.22260 0.46350 -0.16440 0.06848 0.03190 0.01764
v -0.22603 0.46196 -0.16783 0.06848 0.03190 0.01764
v -0.22260 0.46350 -0.16440 0.06848 0.03190 0.01764
v -0.22636 0.46261 -0.16440 0.06848 0.03190 0.01764
v -0.22603 0.46196 -0.16783 0.06848 0.03190 0.01764
v -0.22603 0.46196 -0.16783 0.06848 0.03190 0.01764
v -0.22636 0.46261 -0.16440 0.06848 0.03190 0.01764
v -0.22820 0.46070 -0.16720 0.06848 0.03190 0.01764
v -0.22636 0.46261 -0.16440 0.06848 0.03190 0.01764
v -0.22854 0.46104 -0.16440 0.06848 0.03190 0.01764
v -0.22820 0.46070 -0.16720 0.06848 0.03190 0.01764
v 0.22854 0.46104 -0.16440 0.06848 0.03190 0.01764
v 0.22854 0.46104 0.16440 0.06848 0.03190 0.01764
v 0.22636 0.46261 -0.16440 0.06848 0.03190 0.01764
v 0.22854 0.46104 0.16440 0.06848 0.03190 0.01764
v 0.22636 0.46261 0.16440 0.06848 0.03190 0.01764
v 0.22636 0.46261 -0.16440 0.06848 0.03190 0.01764
v 0.22636 0.46261 -0.16440 0.06848 0.03190 0.01764
v 0.22636 0.46261 0.16440 0.06848 0.03190 0.01764
v 0.22260 0.46350 -0.16440 0.06848 0.03190 0.01764
v 0.22636 0.46261 0.16440 0.06848 0.03190 0.01764
v 0.22260 0.46350 0.16440 0.06848 0.03190 0.01764
v 0.22260 0.46350 -0.16440 0.06848 0.03190 0.01764
v 0.22260 0.46350 -0.16440 0.06848 0.03190 0.01764
v 0.22260 0.46350 0.16440 0.06848 0.03190 0.01764
v -0.22260 0.46350 -0.16440 0.06848 0.03190 0.01764
v 0.22260 0.46350 0.16440 0.06848 0.03190 0.01764
v -0.22260 0.46350 0.16440 0.06848 0.03190 0.01764
v -0.22260 0.46350 -0.16440 0.06848 0.03190 0.01764
v -0.22260 0.46350 -0.16440 0.06848 0.03190 0.01764
v -0.22260 0.46350 0.16440 0.06848 0.03190 0.01764
v -0.22636 0.46261 -0.16440 0.06848 0.03190 0.01764
v -0.22260 0.46350 0.16440 0.06848 0.03190 0.01764
v -0.22636 0.46261 0.16440 0.06848 0.03190 0.01764
v -0.22636 0.46261 -0.16440 0.06848 0.03190 0.01764
v -0.22636 0.46261 -0.16440 0.06848 0.03190 0.01764
v -0.22636 0.46261 0.16440 0.06848 0.03190 0.01764
v -0.22854 0.46104 -0.16440 0.06848 0.03190 0.01764
v -0.22636 0.46261 0.16440 0.06848 0.03190 0.01764
v -0.22854 0.46104 0.16440 0.06848 0.03190 0.01764
v -0.22854 0.46104 -0.16440 0.06848 0.03190 0.01764
v 0.22854 0.46104 0.16440 0.06848 0.03190 0.01764
v 0.22820 0.46070 0.16720 0.06848 0.03190 0.01764
v 0.22636 0.46261 0.16440 0.06848 0.03190 0.01764
v 0.22820 0.46070 0.16720 0.06848 0.03190 0.01764
v 0.22603 0.46196 0.16783 0.06848 0.03190 0.01764
v 0.22636 0.46261 0.16440 0.06848 0.03190 0.01764
v 0.22636 0.46261 0.16440 0.06848 0.03190 0.01764
v 0.22603 0.46196 0.16783 0.06848 0.03190 0.01764
v 0.22260 0.46350 0.16440 0.06848 0.03190 0.01764
v 0.22603 0.46196 0.16783 0.06848 0.03190 0.01764
v 0.22260 0.46261 0.16816 0.06848 0.03190 0.01764
v 0.22260 0.46350 0.16440 0.06848 0.03190 0.01764
v 0.22260 0.46350 0.16440 0.06848 0.03190 0.01764
v 0.22260 0.46261 0.16816 0.06848 0.03190 0.01764
v -0.22260 0.46350 0.16440 0.06848 0.03190 0.01764
v 0.22260 0.46261 0.16816 0.06848 0.03190 0.01764
v -0.22260 0.46261 0.16816 0.06848 0.03190 0.01764
v -0.22260 0.46350 0.16440 0.06848 0.03190 0.01764
v -0.22260 0.46350 0.16440 0.06848 0.03190 0.01764
v -0.22260 0.46261 0.16816 0.06848 0.03190 0.01764
v -0.22636 0.46261 0.16440 0.06848 0.03190 0.01764
v -0.22260 0.46261 0.16816 0.06848 0.03190 0.01764
v -0.22603 0.46196 0.16783 0.06848 0.03190 0.01764
v -0.22636 0.46261 0.16440 0.06848 0.03190 0.01764
v -0.22636 0.46261 0.16440 0.06848 0.03190 0.01764
v -0.22603 0.46196 0.16783 0.06848 0.03190 0.01764
v -0.22854 0.46104 0.16440 0.06848 0.03190 0.01764
v -0.22603 0.46196 0.16783 0.06848 0.03190 0.01764
v -0.22820 0.46070 0.16720 0.06848 0.03190 0.01764
v -0.22854 0.46104 0.16440 0.06848 0.03190 0.01764
v 0.22820 0.46070 0.16720 0.06848 0.03190 0.01764
v 0.22745 0.45995 0.16925 0.06848 0.03190 0.01764
v 0.22603 0.46196 0.16783 0.06848 0.03190 0.01764
v 0.22745 0.45995 0.16925 0.06848 0.03190 0.01764
v 0.22540 0.46070 0.17000 0.06848 0.03190 0.01764
v 0.22603 0.46196 0.16783 0.06848 0.03190 0.01764
v 0.22603 0.46196 0.16783 0.06848 0.03190 0.01764
v 0.22540 0.46070 0.17000 0.06848 0.03190 0.01764
v 0.22260 0.46261 0.16816 0.06848 0.03190 0.01764
v 0.22540 0.46070 0.17000 0.06848 0.03190 0.01764
v 0.22260 0.46104 0.17034 0.06848 0.03190 0.01764
v 0.22260 0.46261 0.16816 0.06848 0.03190 0.01764
v 0.22260 0.46261 0.16816 0.06848 0.03190 0.01764
v 0.22260 0.46104 0.17034 0.06848 0.03190 0.01764
v -0.22260 0.46261 0.16816 0.06848 0.03190 0.01764
v 0.22260 0.46104 0.17034 0.06848 0.03190 0.01764
v -0.22260 0.46104 0.17034 0.06848 0.03190 0.01764
v -0.22260 0.46261 0.16816 0.06848 0.03190 0.01764
v -0.22260 0.46261 0.16816 0.06848 0.03190 0.01764
v -0.22260 0.46104 0.17034 0.06848 0.03190 0.01764
v -0.22603 0.46196 0.16783 0.06848 0.03190 0.01764
v -0.22260 0.46104 0.17034 0.06848 0.03190 0.01764
v -0.22540 0.46070 0.17000 0.06848 0.03190 0.01764
v -0.22603 0.46196 0.16783 0.06848 0.03190 0.01764
v -0.22603 0.46196 0.16783 0.06848 0.03190 0.01764
v -0.22540 0.46070 0.17000 0.06848 0.03190 0.01764
v -0.22820 0.46070 0.16720 0.06848 0.03190 0.01764
v -0.22540 0.46070 0.17000 0.06848 0.03190 0.01764
v -0.22745 0.45995 0.16925 0.06848 0.03190 0.01764
v -0.22820 0.46070 0.16720 0.06848 0.03190 0.01764
v 0.22745 0.39705 0.16925 0.06848 0.03190 0.01764
v 0.22820 0.39630 0.16720 0.06848 0.03190 0.01764
v 0.22540 0.39630 0.17000 0.06848 0.03190 0.01764
v 0.22820 0.39630 0.16720 0.06848 0.03190 0.01764
v 0.22603 0.39504 0.16783 0.06848 0.03190 0.01764
v 0.22540 0.39630 0.17000 0.06848 0.03190 0.01764
v 0.22540 0.39630 0.17000 0.06848 0.03190 0.01764
v 0.22603 0.39504 0.16783 0.06848 0.03190 0.01764
v 0.22260 0.39596 0.17034 0.06848 0.03190 0.01764
v 0.22603 0.39504 0.16783 0.06848 0.03190 0.01764
v 0.22260 0.39439 0.16816 0.06848 0.03190 0.01764
v 0.22260 0.39596 0.17034 0.06848 0.03190 0.01764
v 0.22260 0.39596 0.17034 0.06848 0.03190 0.01764
v 0.22260 0.39439 0.16816 0.06848 0.03190 0.01764
v -0.22260 0.39596 0.17034 0.06848 0.03190 0.01764
v 0.22260 0.39439 0.16816 0.06848 0.03190 0.01764
v -0.22260 0.39439 0.16816 0.06848 0.03190 0.01764
v -0.22260 0.39596 0.17034 0.06848 0.03190 0.01764
v -0.22260 0.39596 0.17034 0.06848 0.03190 0.01764
v -0.22260 0.39439 0.16816 0.06848 0.03190 0.01764
v -0.22540 0.39630 0.17000 0.06848 0.03190 0.01764
v -0.22260 0.39439 0.16816 0.06848 0.03190 0.01764
v -0.22603 0.39504 0.16783 0.06848 0.03190 0.01764
v -0.22540 0.39630 0.17000 0.06848 0.03190 0.01764
v -0.22540 0.39630 0.17000 0.06848 0.03190 0.01764
v -0.22603 0.39504 0.16783 0.06848 0.03190 0.01764
v -0.22745 0.39705 0.16925 0.06848 0.03190 0.01764
v -0.22603 0.39504 0.16783 0.06848 0.03190 0.01764
v -0.22820 0.39630 0.16720 0.06848 0.03190 0.01764
v -0.22745 0.39705 0.16925 0.06848 0.03190 0.01764
v 0.22820 0.39630 0.16720 0.06848 0.03190 0.01764
v 0.22854 0.39596 0.16440 0.06848 0.03190 0.01764
v 0.22603 0.39504 0.16783 0.06848 0.03190 0.01764
v 0.22854 0.39596 0.16440 0.06848 0.03190 0.01764
v 0.22636 0.39439 0.16440 0.06848 0.03190 0.01764
v 0.22603 0.39504 0.16783 0.06848 0.03190 0.01764
v 0.22603 0.39504 0.16783 0.06848 0.03190 0.01764
v 0.22636 0.39439 0.16440 0.06848 0.03190 0.01764
v 0.22260 0.39439 0.16816 0.06848 0.03190 0.01764
v 0.22636 0.39439 0.16440 0.06848 0.03190 0.01764
v 0.22260 0.39350 0.16440 0.06848 0.03190 0.01764
v 0.22260 0.39439 0.16816 0.06848 0.03190 0.01764
v 0.22260 0.39439 0.16816 0.06848 0.03190 0.01764
v 0.22260 0.39350 0.16440 0.06848 0.03190 0.01764
v -0.22260 0.39439 0.16816 0.06848 0.03190 0.01764
v 0.22260 0.39350 0.16440 0.06848 0.03190 0.01764
v -0.22260 0.39350 0.16440 0.06848 0.03190 0.01764
v -0.22260 0.39439 0.16816 0.06848 0.03190 0.01764
v -0.22260 0.39439 0.16816 0.06848 0.03190 0.01764
v -0.22260 0.39350 0.16440 0.06848 0.03190 0.01764
v -0.22603 0.39504 0.16783 0.06848 0.03190 0.01764
v -0.22260 0.39350 0.16440 0.06848 0.03190 0.01764
v -0.22636 0.39439 0.16440 0.06848 0.03190 0.01764
v -0.22603 0.39504 0.16783 0.06848 0.03190 0.01764
v -0.22603 0.39504 0.16783 0.06848 0.03190 0.01764
v -0.22636 0.39439 0.16440 0.06848 0.03190 0.01764
v -0.22820 0.39630 0.16720 0.06848 0.03190 0.01764
v -0.22636 0.39439 0.16440 0.06848 0.03190 0.01764
v -0.22854 0.39596 0.16440 0.06848 0.03190 0.01764
v -0.22820 0.39630 0.16720 0.06848 0.03190 0.01764
v 0.22854 0.39596 0.16440 0.06848 0.03190 0.01764
v 0.22854 0.39596 -0.16440 0.06848 0.03190 0.01764
v 0.22636 0.39439 0.16440 0.06848 0.03190 0.01764
v 0.22854 0.39596 -0.16440 0.06848 0.03190 0.01764
v 0.22636 0.39439 -0.16440 0.06848 0.03190 0.01764
v 0.22636 0.39439 0.16440 0.06848 0.03190 0.01764
v 0.22636 0.39439 0.16440 0.06848 0.03190 0.01764
v 0.22636 0.39439 -0.16440 0.06848 0.03190 0.01764
v 0.22260 0.39350 0.16440 0.06848 0.03190 0.01764
v 0.22636 0.39439 -0.16440 0.06848 0.03190 0.01764
v 0.22260 0.39350 -0.16440 0.06848 0.03190 0.01764
v 0.22260 0.39350 0.16440 0.06848 0.03190 0.01764
v 0.22260 0.39350 0.16440 0.06848 0.03190 0.01764
v 0.22260 0.39350 -0.16440 0.06848 0.03190 0.01764
v -0.22260 0.39350 0.16440 0.06848 0.03190 0.01764
v 0.22260 0.39350 -0.16440 0.06848 0.03190 0.01764
v -0.22260 0.39350 -0.16440 0.06848 0.03190 0.01764
v -0.22260 0.39350 0.16440 0.06848 0.03190 0.01764
v -0.22260 0.39350 0.16440 0.06848 0.03190 0.01764
v -0.22260 0.39350 -0.16440 0.06848 0.03190 0.01764
v -0.22636 0.39439 0.16440 0.06848 0.03190 0.01764
v -0.22260 0.39350 -0.16440 0.06848 0.03190 0.01764
v -0.22636 0.39439 -0.16440 0.06848 0.03190 0.01764
v -0.22636 0.39439 0.16440 0.06848 0.03190 0.01764
v -0.22636 0.39439 0.16440 0.06848 0.03190 0.01764
v -0.22636 0.39439 -0.16440 0.06848 0.03190 0.01764
v -0.22854 0.39596 0.16440 0.06848 0.03190 0.01764
v -0.22636 0.39439 -0.16440 0.06848 0.03190 0.01764
v -0.22854 0.39596 -0.16440 0.06848 0.03190 0.01764
v -0.22854 0.39596 0.16440 0.06848 0.03190 0.01764
v 0.22854 0.39596 -0.16440 0.06848 0.03190 0.01764
v 0.22820 0.39630 -0.16720 0.06848 0.03190 0.01764
v 0.22636 0.39439 -0.16440 0.06848 0.03190 0.01764
v 0.22820 0.39630 -0.16720 0.06848 0.03190 0.01764
v 0.22603 0.39504 -0.16783 0.06848 0.03190 0.01764
v 0.22636 0.39439 -0.16440 0.06848 0.03190 0.01764
v 0.22636 0.39439 -0.16440 0.06848 0.03190 0.01764
v 0.22603 0.39504 -0.16783 0.06848 0.03190 0.01764
v 0.22260 0.39350 -0.16440 0.06848 0.03190 0.01764
v 0.22603 0.39504 -0.16783 0.06848 0.03190 0.01764
v 0.22260 0.39439 -0.16816 0.06848 0.03190 0.01764
v 0.22260 0.39350 -0.16440 0.06848 0.03190 0.01764
v 0.22260 0.39350 -0.16440 0.06848 0.03190 0.01764
v 0.22260 0.39439 -0.16816 0.06848 0.03190 0.01764
v -0.22260 0.39350 -0.16440 0.06848 0.03190 0.01764
v 0.22260 0.39439 -0.16816 0.06848 0.03190 0.01764
v -0.22260 0.39439 -0.16816 0.06848 0.03190 0.01764
v -0.22260 0.39350 -0.16440 0.06848 0.03190 0.01764
v -0.22260 0.39350 -0.16440 0.06848 0.03190 0.01764
v -0.22260 0.39439 -0.16816 0.06848 0.03190 0.01764
v -0.22636 0.39439 -0.16440 0.06848 0.03190 0.01764
v -0.22260 0.39439 -0.16816 0.06848 0.03190 0.01764
v -0.22603 0.39504 -0.16783 0.06848 0.03190 0.01764
v -0.22636 0.39439 -0.16440 0.06848 0.03190 0.01764
v -0.22636 0.39439 -0.16440 0.06848 0.03190 0.01764
v -0.22603 0.39504 -0.16783 0.06848 0.03190 0.01764
v -0.22854 0.39596 -0.16440 0.06848 0.03190 0.01764
v -0.22603 0.39504 -0.16783 0.06848 0.03190 0.01764
v -0.22820 0.39630 -0.16720 0.06848 0.03190 0.01764
v -0.22854 0.39596 -0.16440 0.06848 0.03190 0.01764
v 0.22820 0.39630 -0.16720 0.06848 0.03190 0.01764
v 0.22745 0.39705 -0.16925 0.06848 0.03190 0.01764
v 0.22603 0.39504 -0.16783 0.06848 0.03190 0.01764
v 0.22745 0.39705 -0.16925 0.06848 0.03190 0.01764
v 0.22540 0.39630 -0.17000 0.06848 0.03190 0.01764
v 0.22603 0.39504 -0.16783 0.06848 0.03190 0.01764
v 0.22603 0.39504 -0.16783 0.06848 0.03190 0.01764
v 0.22540 0.39630 -0.17000 0.06848 0.03190 0.01764
v 0.22260 0.39439 -0.16816 0.06848 0.03190 0.01764
v 0.22540 0.39630 -0.17000 0.06848 0.03190 0.01764
v 0.22260 0.39596 -0.17034 0.06848 0.03190 0.01764
v 0.22260 0.39439 -0.16816 0.06848 0.03190 0.01764
v 0.22260 0.39439 -0.16816 0.06848 0.03190 0.01764
v 0.22260 0.39596 -0.17034 0.06848 0.03190 0.01764
v -0.22260 0.39439 -0.16816 0.06848 0.03190 0.01764
v 0.22260 0.39596 -0.17034 0.06848 0.03190 0.01764
v -0.22260 0.39596 -0.17034 0.06848 0.03190 0.01764
v -0.22260 0.39439 -0.16816 0.06848 0.03190 0.01764
v -0.22260 0.39439 -0.16816 0.06848 0.03190 0.01764
v -0.22260 0.39596 -0.17034 0.06848 0.03190 0.01764
v -0.22603 0.39504 -0.16783 0.06848 0.03190 0.01764
v -0.22260 0.39596 -0.17034 0.06848 0.03190 0.01764
v -0.22540 0.39630 -0.17000 0.06848 0.03190 0.01764
v -0.22603 0.39504 -0.16783 0.06848 0.03190 0.01764
v -0.22603 0.39504 -0.16783 0.06848 0.03190 0.01764
v -0.22540 0.39630 -0.17000 0.06848 0.03190 0.01764
v -0.22820 0.39630 -0.16720 0.06848 0.03190 0.01764
v -0.22540 0.39630 -0.17000 0.06848 0.03190 0.01764
v -0.22745 0.39705 -0.16925 0.06848 0.03190 0.01764
v -0.22820 0.39630 -0.16720 0.06848 0.03190 0.01764
v 0.22745 0.45995 0.16925 0.06848 0.03190 0.01764
v 0.22820 0.45790 0.17000 0.06848 0.03190 0.01764
v 0.22540 0.46070 0.17000 0.06848 0.03190 0.01764
v 0.22820 0.45790 0.17000 0.06848 0.03190 0.01764
v 0.22603 0.45853 0.17126 0.06848 0.03190 0.01764
v 0.22540 0.46070 0.17000 0.06848 0.03190 0.01764
v 0.22540 0.46070 0.17000 0.06848 0.03190 0.01764
v 0.22603 0.45853 0.17126 0.06848 0.03190 0.01764
v 0.22260 0.46104 0.17034 0.06848 0.03190 0.01764
v 0.22603 0.45853 0.17126 0.06848 0.03190 0.01764
v 0.22260 0.45886 0.17191 0.06848 0.03190 0.01764
v 0.22260 0.46104 0.17034 0.06848 0.03190 0.01764
v 0.22260 0.46104 0.17034 0.06848 0.03190 0.01764
v 0.22260 0.45886 0.17191 0.06848 0.03190 0.01764
v -0.22260 0.46104 0.17034 0.06848 0.03190 0.01764
v 0.22260 0.45886 0.17191 0.06848 0.03190 0.01764
v -0.22260 0.45886 0.17191 0.06848 0.03190 0.01764
v -0.22260 0.46104 0.17034 0.06848 0.03190 0.01764
v -0.22260 0.46104 0.17034 0.06848 0.03190 0.01764
v -0.22260 0.45886 0.17191 0.06848 0.03190 0.01764
v -0.22540 0.46070 0.17000 0.06848 0.03190 0.01764
v -0.22260 0.45886 0.17191 0.06848 0.03190 0.01764
v -0.22603 0.45853 0.17126 0.06848 0.03190 0.01764
v -0.22540 0.46070 0.17000 0.06848 0.03190 0.01764
v -0.22540 0.46070 0.17000 0.06848 0.03190 0.01764
v -0.22603 0.45853 0.17126 0.06848 0.03190 0.01764
v -0.22745 0.45995 0.16925 0.06848 0.03190 0.01764
v -0.22603 0.45853 0.17126 0.06848 0.03190 0.01764
v -0.22820 0.45790 0.17000 0.06848 0.03190 0.01764
v -0.22745 0.45995 0.16925 0.06848 0.03190 0.01764
v 0.22820 0.45790 0.17000 0.06848 0.03190 0.01764
v 0.22854 0.45510 0.17034 0.06848 0.03190 0.01764
v 0.22603 0.45853 0.17126 0.06848 0.03190 0.01764
v 0.22854 0.45510 0.17034 0.06848 0.03190 0.01764
v 0.22636 0.45510 0.17191 0.06848 0.03190 0.01764
v 0.22603 0.45853 0.17126 0.06848 0.03190 0.01764
v 0.22603 0.45853 0.17126 0.06848 0.03190 0.01764
v 0.22636 0.45510 0.17191 0.06848 0.03190 0.01764
v 0.22260 0.45886 0.17191 0.06848 0.03190 0.01764
v 0.22636 0.45510 0.17191 0.06848 0.03190 0.01764
v 0.22260 0.45510 0.17280 0.06848 0.03190 0.01764
v 0.22260 0.45886 0.17191 0.06848 0.03190 0.01764
v 0.22260 0.45886 0.17191 0.06848 0.03190 0.01764
v 0.22260 0.45510 0.17280 0.06848 0.03190 0.01764
v -0.22260 0.45886 0.17191 0.06848 0.03190 0.01764
v 0.22260 0.45510 0.17280 0.06848 0.03190 0.01764
v -0.22260 0.45510 0.17280 0.06848 0.03190 0.01764
v -0.22260 0.45886 0.17191 0.06848 0.03190 0.01764
v -0.22260 0.45886 0.17191 0.06848 0.03190 0.01764
v -0.22260 0.45510 0.17280 0.06848 0.03190 0.01764
v -0.22603 0.45853 0.17126 0.06848 0.03190 0.01764
v -0.22260 0.45510 0.17280 0.06848 0.03190 0.01764
v -0.22636 0.45510 0.17191 0.06848 0.03190 0.01764
v -0.22603 0.45853 0.17126 0.06848 0.03190 0.01764
v -0.22603 0.45853 0.17126 0.06848 0.03190 0.01764
v -0.22636 0.45510 0.17191 0.06848 0.03190 0.01764
v -0.22820 0.45790 0.17000 0.06848 0.03190 0.01764
v -0.22636 0.45510 0.17191 0.06848 0.03190 0.01764
v -0.22854 0.45510 0.17034 0.06848 0.03190 0.01764
v -0.22820 0.45790 0.17000 0.06848 0.03190 0.01764
v 0.22854 0.45510 0.17034 0.06848 0.03190 0.01764
v 0.22854 0.40190 0.17034 0.06848 0.03190 0.01764
v 0.22636 0.45510 0.17191 0.06848 0.03190 0.01764
v 0.22854 0.40190 0.17034 0.06848 0.03190 0.01764
v 0.22636 0.40190 0.17191 0.06848 0.03190 0.01764
v 0.22636 0.45510 0.17191 0.06848 0.03190 0.01764
v 0.22636 0.45510 0.17191 0.06848 0.03190 0.01764
v 0.22636 0.40190 0.17191 0.06848 0.03190 0.01764
v 0.22260 0.45510 0.17280 0.06848 0.03190 0.01764
v 0.22636 0.40190 0.17191 0.06848 0.03190 0.01764
v 0.22260 0.40190 0.17280 0.06848 0.03190 0.01764
v 0.22260 0.45510 0.17280 0.06848 0.03190 0.01764
v 0.22260 0.45510 0.17280 0.06848 0.03190 0.01764
v 0.22260 0.40190 0.17280 0.06848 0.03190 0.01764
v -0.22260 0.45510 0.17280 0.06848 0.03190 0.01764
v 0.22260 0.40190 0.17280 0.06848 0.03190 0.01764
v -0.22260 0.40190 0.17280 0.06848 0.03190 0.01764
v -0.22260 0.45510 0.17280 0.06848 0.03190 0.01764
v -0.22260 0.45510 0.17280 0.06848 0.03190 0.01764
v -0.22260 0.40190 0.17280 0.06848 0.03190 0.01764
v -0.22636 0.45510 0.17191 0.06848 0.03190 0.01764
v -0.22260 0.40190 0.17280 0.06848 0.03190 0.01764
v -0.22636 0.40190 0.17191 0.06848 0.03190 0.01764
v -0.22636 0.45510 0.17191 0.06848 0.03190 0.01764
v -0.22636 0.45510 0.17191 0.06848 0.03190 0.01764
v -0.22636 0.40190 0.17191 0.06848 0.03190 0.01764
v -0.22854 0.45510 0.17034 0.06848 0.03190 0.01764
v -0.22636 0.40190 0.17191 0.06848 0.03190 0.01764
v -0.22854 0.40190 0.17034 0.06848 0.03190 0.01764
v -0.22854 0.45510 0.17034 0.06848 0.03190 0.01764
v 0.22854 0.40190 0.17034 0.06848 0.03190 0.01764
v 0.22820 0.39910 0.17000 0.06848 0.03190 0.01764
v 0.22636 0.40190 0.17191 0.06848 0.03190 0.01764
v 0.22820 0.39910 0.17000 0.06848 0.03190 0.01764
v 0.22603 0.39847 0.17126 0.06848 0.03190 0.01764
v 0.22636 0.40190 0.17191 0.06848 0.03190 0.01764
v 0.22636 0.40190 0.17191 0.06848 0.03190 0.01764
v 0.22603 0.39847 0.17126 0.06848 0.03190 0.01764
v 0.22260 0.40190 0.17280 0.06848 0.03190 0.01764
v 0.22603 0.39847 0.17126 0.06848 0.03190 0.01764
v 0.22260 0.39814 0.17191 0.06848 0.03190 0.01764
v 0.22260 0.40190 0.17280 0.06848 0.03190 0.01764
v 0.22260 0.40190 0.17280 0.06848 0.03190 0.01764
v 0.22260 0.39814 0.17191 0.06848 0.03190 0.01764
v -0.22260 0.40190 0.17280 0.06848 0.03190 0.01764
v 0.22260 0.39814 0.17191 0.06848 0.03190 0.01764
v -0.22260 0.39814 0.17191 0.06848 0.03190 0.01764
v -0.22260 0.40190 0.17280 0.06848 0.03190 0.01764
v -0.22260 0.40190 0.17280 0.06848 0.03190 0.01764
v -0.22260 0.39814 0.17191 0.06848 0.03190 0.01764
v -0.22636 0.40190 0.17191 0.06848 0.03190 0.01764
v -0.22260 0.39814 0.17191 0.06848 0.03190 0.01764
v -0.22603 0.39847 0.17126 0.06848 0.03190 0.01764
v -0.22636 0.40190 0.17191 0.06848 0.03190 0.01764
v -0.22636 0.40190 0.17191 0.06848 0.03190 0.01764
v -0.22603 0.39847 0.17126 0.06848 0.03190 0.01764
v -0.22854 0.40190 0.17034 0.06848 0.03190 0.01764
v -0.22603 0.39847 0.17126 0.06848 0.03190 0.01764
v -0.22820 0.39910 0.17000 0.06848 0.03190 0.01764
v -0.22854 0.40190 0.17034 0.06848 0.03190 0.01764
v 0.22820 0.39910 0.17000 0.06848 0.03190 0.01764
v 0.22745 0.39705 0.16925 0.06848 0.03190 0.01764
v 0.22603 0.39847 0.17126 0.06848 0.03190 0.01764
v 0.22745 0.39705 0.16925 0.06848 0.03190 0.01764
v 0.22540 0.39630 0.17000 0.06848 0.03190 0.01764
v 0.22603 0.39847 0.17126 0.06848 0.03190 0.01764
v 0.22603 0.39847 0.17126 0.06848 0.03190 0.01764
v 0.22540 0.39630 0.17000 0.06848 0.03190 0.01764
v 0.22260 0.39814 0.17191 0.06848 0.03190 0.01764
v 0.22540 0.39630 0.17000 0.06848 0.03190 0.01764
v 0.22260 0.39596 0.17034 0.06848 0.03190 0.01764
v 0.22260 0.39814 0.17191 0.06848 0.03190 0.01764
v 0.22260 0.39814 0.17191 0.06848 0.03190 0.01764
v 0.22260 0.39596 0.17034 0.06848 0.03190 0.01764
v -0.22260 0.39814 0.17191 0.06848 0.03190 0.01764
v 0.22260 0.39596 0.17034 0.06848 0.03190 0.01764
v -0.22260 0.39596 0.17034 0.06848 0.03190 0.01764
v -0.22260 0.39814 0.17191 0.06848 0.03190 0.01764
v -0.22260 0.39814 0.17191 0.06848 0.03190 0.01764
v -0.22260 0.39596 0.17034 0.06848 0.03190 0.01764
v -0.22603 0.39847 0.17126 0.06848 0.03190 0.01764
v -0.22260 0.39596 0.17034 0.06848 0.03190 0.01764
v -0.22540 0.39630 0.17000 0.06848 0.03190 0.01764
v -0.22603 0.39847 0.17126 0.06848 0.03190 0.01764
v -0.22603 0.39847 0.17126 0.06848 0.03190 0.01764
v -0.22540 0.39630 0.17000 0.06848 0.03190 0.01764
v -0.22820 0.39910 0.17000 0.06848 0.03190 0.01764
v -0.22540 0.39630 0.17000 0.06848 0.03190 0.01764
v -0.22745 0.39705 0.16925 0.06848 0.03190 0.01764
v -0.22820 0.39910 0.17000 0.06848 0.03190 0.01764
v -0.22745 0.45995 -0.16925 0.06848 0.03190 0.01764
v -0.22820 0.45790 -0.17000 0.06848 0.03190 0.01764
v -0.22540 0.46070 -0.17000 0.06848 0.03190 0.01764
v -0.22820 0.45790 -0.17000 0.06848 0.03190 0.01764
v -0.22603 0.45853 -0.17126 0.06848 0.03190 0.01764
v -0.22540 0.46070 -0.17000 0.06848 0.03190 0.01764
v -0.22540 0.46070 -0.17000 0.06848 0.03190 0.01764
v -0.22603 0.45853 -0.17126 0.06848 0.03190 0.01764
v -0.22260 0.46104 -0.17034 0.06848 0.03190 0.01764
v -0.22603 0.45853 -0.17126 0.06848 0.03190 0.01764
v -0.22260 0.45886 -0.17191 0.06848 0.03190 0.01764
v -0.22260 0.46104 -0.17034 0.06848 0.03190 0.01764
v -0.22260 0.46104 -0.17034 0.06848 0.03190 0.01764
v -0.22260 0.45886 -0.17191 0.06848 0.03190 0.01764
v 0.22260 0.46104 -0.17034 0.06848 0.03190 0.01764
v -0.22260 0.45886 -0.17191 0.06848 0.03190 0.01764
v 0.22260 0.45886 -0.17191 0.06848 0.03190 0.01764
v 0.22260 0.46104 -0.17034 0.06848 0.03190 0.01764
v 0.22260 0.46104 -0.17034 0.06848 0.03190 0.01764
v 0.22260 0.45886 -0.17191 0.06848 0.03190 0.01764
v 0.22540 0.46070 -0.17000 0.06848 0.03190 0.01764
v 0.22260 0.45886 -0.17191 0.06848 0.03190 0.01764
v 0.22603 0.45853 -0.17126 0.06848 0.03190 0.01764
v 0.22540 0.46070 -0.17000 0.06848 0.03190 0.01764
v 0.22540 0.46070 -0.17000 0.06848 0.03190 0.01764
v 0.22603 0.45853 -0.17126 0.06848 0.03190 0.01764
v 0.22745 0.45995 -0.16925 0.06848 0.03190 0.01764
v 0.22603 0.45853 -0.17126 0.06848 0.03190 0.01764
v 0.22820 0.45790 -0.17000 0.06848 0.03190 0.01764
v 0.22745 0.45995 -0.16925 0.06848 0.03190 0.01764
v -0.22820 0.45790 -0.17000 0.06848 0.03190 0.01764
v -0.22854 0.45510 -0.17034 0.06848 0.03190 0.01764
v -0.22603 0.45853 -0.17126 0.06848 0.03190 0.01764
v -0.22854 0.45510 -0.17034 0.06848 0.03190 0.01764
v -0.22636 0.45510 -0.17191 0.06848 0.03190 0.01764
v -0.22603 0.45853 -0.17126 0.06848 0.03190 0.01764
v -0.22603 0.45853 -0.17126 0.06848 0.03190 0.01764
v -0.22636 0.45510 -0.17191 0.06848 0.03190 0.01764
v -0.22260 0.45886 -0.17191 0.06848 0.03190 0.01764
v -0.22636 0.45510 -0.17191 0.06848 0.03190 0.01764
v -0.22260 0.45510 -0.17280 0.06848 0.03190 0.01764
v -0.22260 0.45886 -0.17191 0.06848 0.03190 0.01764
v -0.22260 0.45886 -0.17191 0.06848 0.03190 0.01764
v -0.22260 0.45510 -0.17280 0.06848 0.03190 0.01764
v 0.22260 0.45886 -0.17191 0.06848 0.03190 0.01764
v -0.22260 0.45510 -0.17280 0.06848 0.03190 0.01764
v 0.22260 0.45510 -0.17280 0.06848 0.03190 0.01764
v 0.22260 0.45886 -0.17191 0.06848 0.03190 0.01764
v 0.22260 0.45886 -0.17191 0.06848 0.03190 0.01764
v 0.22260 0.45510 -0.17280 0.06848 0.03190 0.01764
v 0.22603 0.45853 -0.17126 0.06848 0.03190 0.01764
v 0.22260 0.45510 -0.17280 0.06848 0.03190 0.01764
v 0.22636 0.45510 -0.17191 0.06848 0.03190 0.01764
v 0.22603 0.45853 -0.17126 0.06848 0.03190 0.01764
v 0.22603 0.45853 -0.17126 0.06848 0.03190 0.01764
v 0.22636 0.45510 -0.17191 0.06848 0.03190 0.01764
v 0.22820 0.45790 -0.17000 0.06848 0.03190 0.01764
v 0.22636 0.45510 -0.17191 0.06848 0.03190 0.01764
v 0.22854 0.45510 -0.17034 0.06848 0.03190 0.01764
v 0.22820 0.45790 -0.17000 0.06848 0.03190 0.01764
v -0.22854 0.45510 -0.17034 0.06848 0.03190 0.01764
v -0.22854 0.40190 -0.17034 0.06848 0.03190 0.01764
v -0.22636 0.45510 -0.17191 0.06848 0.03190 0.01764
v -0.22854 0.40190 -0.17034 0.06848 0.03190 0.01764
v -0.22636 0.40190 -0.17191 0.06848 0.03190 0.01764
v -0.22636 0.45510 -0.17191 0.06848 0.03190 0.01764
v -0.22636 0.45510 -0.17191 0.06848 0.03190 0.01764
v -0.22636 0.40190 -0.17191 0.06848 0.03190 0.01764
v -0.22260 0.45510 -0.17280 0.06848 0.03190 0.01764
v -0.22636 0.40190 -0.17191 0.06848 0.03190 0.01764
v -0.22260 0.40190 -0.17280 0.06848 0.03190 0.01764
v -0.22260 0.45510 -0.17280 0.06848 0.03190 0.01764
v -0.22260 0.45510 -0.17280 0.06848 0.03190 0.01764
v -0.22260 0.40190 -0.17280 0.06848 0.03190 0.01764
v 0.22260 0.45510 -0.17280 0.06848 0.03190 0.01764
v -0.22260 0.40190 -0.17280 0.06848 0.03190 0.01764
v 0.22260 0.40190 -0.17280 0.06848 0.03190 0.01764
v 0.22260 0.45510 -0.17280 0.06848 0.03190 0.01764
v 0.22260 0.45510 -0.17280 0.06848 0.03190 0.01764
v 0.22260 0.40190 -0.17280 0.06848 0.03190 0.01764
v 0.22636 0.45510 -0.17191 0.06848 0.03190 0.01764
v 0.22260 0.40190 -0.17280 0.06848 0.03190 0.01764
v 0.22636 0.40190 -0.17191 0.06848 0.03190 0.01764
v 0.22636 0.45510 -0.17191 0.06848 0.03190 0.01764
v 0.22636 0.45510 -0.17191 0.06848 0.03190 0.01764
v 0.22636 0.40190 -0.17191 0.06848 0.03190 0.01764
v 0.22854 0.45510 -0.17034 0.06848 0.03190 0.01764
v 0.22636 0.40190 -0.17191 0.06848 0.03190 0.01764
v 0.22854 0.40190 -0.17034 0.06848 0.03190 0.01764
v 0.22854 0.45510 -0.17034 0.06848 0.03190 0.01764
v -0.22854 0.40190 -0.17034 0.06848 0.03190 0.01764
v -0.22820 0.39910 -0.17000 0.06848 0.03190 0.01764
v -0.22636 0.40190 -0.17191 0.06848 0.03190 0.01764
v -0.22820 0.39910 -0.17000 0.06848 0.03190 0.01764
v -0.22603 0.39847 -0.17126 0.06848 0.03190 0.01764
v -0.22636 0.40190 -0.17191 0.06848 0.03190 0.01764
v -0.22636 0.40190 -0.17191 0.06848 0.03190 0.01764
v -0.22603 0.39847 -0.17126 0.06848 0.03190 0.01764
v -0.22260 0.40190 -0.17280 0.06848 0.03190 0.01764
v -0.22603 0.39847 -0.17126 0.06848 0.03190 0.01764
v -0.22260 0.39814 -0.17191 0.06848 0.03190 0.01764
v -0.22260 0.40190 -0.17280 0.06848 0.03190 0.01764
v -0.22260 0.40190 -0.17280 0.06848 0.03190 0.01764
v -0.22260 0.39814 -0.17191 0.06848 0.03190 0.01764
v 0.22260 0.40190 -0.17280 0.06848 0.03190 0.01764
v -0.22260 0.39814 -0.17191 0.06848 0.03190 0.01764
v 0.22260 0.39814 -0.17191 0.06848 0.03190 0.01764
v 0.22260 0.40190 -0.17280 0.06848 0.03190 0.01764
v 0.22260 0.40190 -0.17280 0.06848 0.03190 0.01764
v 0.22260 0.39814 -0.17191 0.06848 0.03190 0.01764
v 0.22636 0.40190 -0.17191 0.06848 0.03190 0.01764
v 0.22260 0.39814 -0.17191 0.06848 0.03190 0.01764
v 0.22603 0.39847 -0.17126 0.06848 0.03190 0.01764
v 0.22636 0.40190 -0.17191 0.06848 0.03190 0.01764
v 0.22636 0.40190 -0.17191 0.06848 0.03190 0.01764
v 0.22603 0.39847 -0.17126 0.06848 0.03190 0.01764
v 0.22854 0.40190 -0.17034 0.06848 0.03190 0.01764
v 0.22603 0.39847 -0.17126 0.06848 0.03190 0.01764
v 0.22820 0.39910 -0.17000 0.06848 0.03190 0.01764
v 0.22854 0.40190 -0.17034 0.06848 0.03190 0.01764
v -0.22820 0.39910 -0.17000 0.06848 0.03190 0.01764
v -0.22745 0.39705 -0.16925 0.06848 0.03190 0.01764
v -0.22603 0.39847 -0.17126 0.06848 0.03190 0.01764
v -0.22745 0.39705 -0.16925 0.06848 0.03190 0.01764
v -0.22540 0.39630 -0.17000 0.06848 0.03190 0.01764
v -0.22603 0.39847 -0.17126 0.06848 0.03190 0.01764
v -0.22603 0.39847 -0.17126 0.06848 0.03190 0.01764
v -0.22540 0.39630 -0.17000 0.06848 0.03190 0.01764
v -0.22260 0.39814 -0.17191 0.06848 0.03190 0.01764
v -0.22540 0.39630 -0.17000 0.06848 0.03190 0.01764
v -0.22260 0.39596 -0.17034 0.06848 0.03190 0.01764
v -0.22260 0.39814 -0.17191 0.06848 0.03190 0.01764
v -0.22260 0.39814 -0.17191 0.06848 0.03190 0.01764
v -0.22260 0.39596 -0.17034 0.06848 0.03190 0.01764
v 0.22260 0.39814 -0.17191 0.06848 0.03190 0.01764
v -0.22260 0.39596 -0.17034 0.06848 0.03190 0.01764
v 0.22260 0.39596 -0.17034 0.06848 0.03190 0.01764
v 0.22260 0.39814 -0.17191 0.06848 0.03190 0.01764
v 0.22260 0.39814 -0.17191 0.06848 0.03190 0.01764
v 0.22260 0.39596 -0.17034 0.06848 0.03190 0.01764
v 0.22603 0.39847 -0.17126 0.06848 0.03190 0.01764
v 0.22260 0.39596 -0.17034 0.06848 0.03190 0.01764
v 0.22540 0.39630 -0.17000 0.06848 0.03190 0.01764
v 0.22603 0.39847 -0.17126 0.06848 0.03190 0.01764
v 0.22603 0.39847 -0.17126 0.06848 0.03190 0.01764
v 0.22540 0.39630 -0.17000 0.06848 0.03190 0.01764
v 0.22820 0.39910 -0.17000 0.06848 0.03190 0.01764
v 0.22540 0.39630 -0.17000 0.06848 0.03190 0.01764
v 0.22745 0.39705 -0.16925 0.06848 0.03190 0.01764
v 0.22820 0.39910 -0.17000 0.06848 0.03190 0.01764
v 0.12320 0.32125 0.00000 0.06848 0.03190 0.01764
v 0.12320 0.32125 0.00000 0.06848 0.03190 0.01764
v 0.12320 0.32125 0.00000 0.06848 0.03190 0.01764
v 0.12320 0.32125 0.00000 0.06848 0.03190 0.01764
v 0.12320 0.32125 0.00000 0.06848 0.03190 0.01764
v 0.12320 0.32125 0.00000 0.06848 0.03190 0.01764
v 0.12320 0.32125 0.00000 0.06848 0.03190 0.01764
v 0.12320 0.32125 0.00000 0.06848 0.03190 0.01764
v 0.18183 0.30220 0.00000 0.06848 0.03190 0.01764
v 0.15976 0.30220 0.04584 0.06848 0.03190 0.01764
v 0.11015 0.30220 0.05716 0.06848 0.03190 0.01764
v 0.07037 0.30220 0.02544 0.06848 0.03190 0.01764
v 0.07037 0.30220 -0.02544 0.06848 0.03190 0.01764
v 0.11015 0.30220 -0.05716 0.06848 0.03190 0.01764
v 0.15976 0.30220 -0.04584 0.06848 0.03190 0.01764
v 0.18183 0.30220 -0.00000 0.06848 0.03190 0.01764
v 0.21807 0.25232 0.00000 0.06848 0.03190 0.01764
v 0.18235 0.25232 0.07417 0.06848 0.03190 0.01764
v 0.10209 0.25232 0.09249 0.06848 0.03190 0.01764
v 0.03773 0.25232 0.04116 0.06848 0.03190 0.01764
v 0.03773 0.25232 -0.04116 0.06848 0.03190 0.01764
v 0.10209 0.25232 -0.09249 0.06848 0.03190 0.01764
v 0.18235 0.25232 -0.07417 0.06848 0.03190 0.01764
v 0.21807 0.25232 -0.00000 0.06848 0.03190 0.01764
v 0.21807 0.19068 0.00000 0.06848 0.03190 0.01764
v 0.18235 0.19068 0.07417 0.06848 0.03190 0.01764
v 0.10209 0.19068 0.09249 0.06848 0.03190 0.01764
v 0.03773 0.19068 0.04116 0.06848 0.03190 0.01764
v 0.03773 0.19068 -0.04116 0.06848 0.03190 0.01764
v 0.10209 0.19068 -0.09249 0.06848 0.03190 0.01764
v 0.18235 0.19068 -0.07417 0.06848 0.03190 0.01764
v 0.21807 0.19068 -0.00000 0.06848 0.03190 0.01764
v 0.18183 0.14080 0.00000 0.06848 0.03190 0.01764
v 0.15976 0.14080 0.04584 0.06848 0.03190 0.01764
v 0.11015 0.14080 0.05716 0.06848 0.03190 0.01764
v 0.07037 0.14080 0.02544 0.06848 0.03190 0.01764
v 0.07037 0.14080 -0.02544 0.06848 0.03190 0.01764
v 0.11015 0.14080 -0.05716 0.06848 0.03190 0.01764
v 0.15976 0.14080 -0.04584 0.06848 0.03190 0.01764
v 0.18183 0.14080 -0.00000 0.06848 0.03190 0.01764
v 0.12320 0.12175 0.00000 0.06848 0.03190 0.01764
v 0.12320 0.12175 0.00000 0.06848 0.03190 0.01764
v 0.12320 0.12175 0.00000 0.06848 0.03190 0.01764
v 0.12320 0.12175 0.00000 0.06848 0.03190 0.01764
v 0.12320 0.12175 0.00000 0.06848 0.03190 0.01764
v 0.12320 0.12175 0.00000 0.06848 0.03190 0.01764
v 0.12320 0.12175 0.00000 0.06848 0.03190 0.01764
v 0.12320 0.12175 0.00000 0.06848 0.03190 0.01764
v 0.05726 0.08844 0.12594 0.06848 0.03190 0.01764
v 0.05640 0.08610 0.12680 0.06848 0.03190 0.01764
v 0.05640 0.08930 0.12360 0.06848 0.03190 0.01764
v 0.05640 0.08610 0.12680 0.06848 0.03190 0.01764
v 0.05496 0.08682 0.12432 0.06848 0.03190 0.01764
v 0.05640 0.08930 0.12360 0.06848 0.03190 0.01764
v 0.05640 0.08930 0.12360 0.06848 0.03190 0.01764
v 0.05496 0.08682 0.12432 0.06848 0.03190 0.01764
v 0.05601 0.08969 0.12040 0.06848 0.03190 0.01764
v 0.05496 0.08682 0.12432 0.06848 0.03190 0.01764
v 0.05421 0.08719 0.12040 0.06848 0.03190 0.01764
v 0.05601 0.08969 0.12040 0.06848 0.03190 0.01764
v 0.05601 0.08969 0.12040 0.06848 0.03190 0.01764
v 0.05421 0.08719 0.12040 0.06848 0.03190 0.01764
v 0.05601 0.08969 -0.06040 0.06848 0.03190 0.01764
v 0.05421 0.08719 0.12040 0.06848 0.03190 0.01764
v 0.05421 0.08719 -0.06040 0.06848 0.03190 0.01764
v 0.05601 0.08969 -0.06040 0.06848 0.03190 0.01764
v 0.05601 0.08969 -0.06040 0.06848 0.03190 0.01764
v 0.05421 0.08719 -0.06040 0.06848 0.03190 0.01764
v 0.05640 0.08930 -0.06360 0.06848 0.03190 0.01764
v 0.05421 0.08719 -0.06040 0.06848 0.03190 0.01764
v 0.05496 0.08682 -0.06432 0.06848 0.03190 0.01764
v 0.05640 0.08930 -0.06360 0.06848 0.03190 0.01764
v 0.05640 0.08930 -0.06360 0.06848 0.03190 0.01764
v 0.05496 0.08682 -0.06432 0.06848 0.03190 0.01764
v 0.05726 0.08844 -0.06594 0.06848 0.03190 0.01764
v 0.05496 0.08682 -0.06432 0.06848 0.03190 0.01764
v 0.05640 0.08610 -0.06680 0.06848 0.03190 0.01764
v 0.05726 0.08844 -0.06594 0.06848 0.03190 0.01764
v 0.05640 0.08610 0.12680 0.06848 0.03190 0.01764
v 0.05601 0.08290 0.12719 0.06848 0.03190 0.01764
v 0.05496 0.08682 0.12432 0.06848 0.03190 0.01764
v 0.05601 0.08290 0.12719 0.06848 0.03190 0.01764
v 0.05421 0.08290 0.12469 0.06848 0.03190 0.01764
v 0.05496 0.08682 0.12432 0.06848 0.03190 0.01764
v 0.05496 0.08682 0.12432 0.06848 0.03190 0.01764
v 0.05421 0.08290 0.12469 0.06848 0.03190 0.01764
v 0.05421 0.08719 0.12040 0.06848 0.03190 0.01764
v 0.05421 0.08290 0.12469 0.06848 0.03190 0.01764
v 0.05320 0.08290 0.12040 0.06848 0.03190 0.01764
v 0.05421 0.08719 0.12040 0.06848 0.03190 0.01764
v 0.05421 0.08719 0.12040 0.06848 0.03190 0.01764
v 0.05320 0.08290 0.12040 0.06848 0.03190 0.01764
v 0.05421 0.08719 -0.06040 0.06848 0.03190 0.01764
v 0.05320 0.08290 0.12040 0.06848 0.03190 0.01764
v 0.05320 0.08290 -0.06040 0.06848 0.03190 0.01764
v 0.05421 0.08719 -0.06040 0.06848 0.03190 0.01764
v 0.05421 0.08719 -0.06040 0.06848 0.03190 0.01764
v 0.05320 0.08290 -0.06040 0.06848 0.03190 0.01764
v 0.05496 0.08682 -0.06432 0.06848 0.03190 0.01764
v 0.05320 0.08290 -0.06040 0.06848 0.03190 0.01764
v 0.05421 0.08290 -0.06469 0.06848 0.03190 0.01764
v 0.05496 0.08682 -0.06432 0.06848 0.03190 0.01764
v 0.05496 0.08682 -0.06432 0.06848 0.03190 0.01764
v 0.05421 0.08290 -0.06469 0.06848 0.03190 0.01764
v 0.05640 0.08610 -0.06680 0.06848 0.03190 0.01764
v 0.05421 0.08290 -0.06469 0.06848 0.03190 0.01764
v 0.05601 0.08290 -0.06719 0.06848 0.03190 0.01764
v 0.05640 0.08610 -0.06680 0.06848 0.03190 0.01764
v 0.05601 0.08290 0.12719 0.06848 0.03190 0.01764
v 0.05601 0.02210 0.12719 0.06848 0.03190 0.01764
v 0.05421 0.08290 0.12469 0.06848 0.03190 0.01764
v 0.05601 0.02210 0.12719 0.06848 0.03190 0.01764
v 0.05421 0.02210 0.12469 0.06848 0.03190 0.01764
v 0.05421 0.08290 0.12469 0.06848 0.03190 0.01764
v 0.05421 0.08290 0.12469 0.06848 0.03190 0.01764
v 0.05421 0.02210 0.12469 0.06848 0.03190 0.01764
v 0.05320 0.08290 0.12040 0.06848 0.03190 0.01764
v 0.05421 0.02210 0.12469 0.06848 0.03190 0.01764
v 0.05320 0.02210 0.12040 0.06848 0.03190 0.01764
v 0.05320 0.08290 0.12040 0.06848 0.03190 0.01764
v 0.05320 0.08290 0.12040 0.06848 0.03190 0.01764
v 0.05320 0.02210 0.12040 0.06848 0.03190 0.01764
v 0.05320 0.08290 -0.06040 0.06848 0.03190 0.01764
v 0.05320 0.02210 0.12040 0.06848 0.03190 0.01764
v 0.05320 0.02210 -0.06040 0.06848 0.03190 0.01764
v 0.05320 0.08290 -0.06040 0.06848 0.03190 0.01764
v 0.05320 0.08290 -0.06040 0.06848 0.03190 0.01764
v 0.05320 0.02210 -0.06040 0.06848 0.03190 0.01764
v 0.05421 0.08290 -0.06469 0.06848 0.03190 0.01764
v 0.05320 0.02210 -0.06040 0.06848 0.03190 0.01764
v 0.05421 0.02210 -0.06469 0.06848 0.03190 0.01764
v 0.05421 0.08290 -0.06469 0.06848 0.03190 0.01764
v 0.05421 0.08290 -0.06469 0.06848 0.03190 0.01764
v 0.05421 0.02210 -0.06469 0.06848 0.03190 0.01764
v 0.05601 0.08290 -0.06719 0.06848 0.03190 0.01764
v 0.05421 0.02210 -0.06469 0.06848 0.03190 0.01764
v 0.05601 0.02210 -0.06719 0.06848 0.03190 0.01764
v 0.05601 0.08290 -0.06719 0.06848 0.03190 0.01764
v 0.05601 0.02210 0.12719 0.06848 0.03190 0.01764
v 0.05640 0.01890 0.12680 0.06848 0.03190 0.01764
v 0.05421 0.02210 0.12469 0.06848 0.03190 0.01764
v 0.05640 0.01890 0.12680 0.06848 0.03190 0.01764
v 0.05496 0.01818 0.12432 0.06848 0.03190 0.01764
v 0.05421 0.02210 0.12469 0.06848 0.03190 0.01764
v 0.05421 0.02210 0.12469 0.06848 0.03190 0.01764
v 0.05496 0.01818 0.12432 0.06848 0.03190 0.01764
v 0.05320 0.02210 0.12040 0.06848 0.03190 0.01764
v 0.05496 0.01818 0.12432 0.06848 0.03190 0.01764
v 0.05421 0.01781 0.12040 0.06848 0.03190 0.01764
v 0.05320 0.02210 0.12040 0.06848 0.03190 0.01764
v 0.05320 0.02210 0.12040 0.06848 0.03190 0.01764
v 0.05421 0.01781 0.12040 0.06848 0.03190 0.01764
v 0.05320 0.02210 -0.06040 0.06848 0.03190 0.01764
v 0.05421 0.01781 0.12040 0.06848 0.03190 0.01764
v 0.05421 0.01781 -0.06040 0.06848 0.03190 0.01764
v 0.05320 0.02210 -0.06040 0.06848 0.03190 0.01764
v 0.05320 0.02210 -0.06040 0.06848 0.03190 0.01764
v 0.05421 0.01781 -0.06040 0.06848 0.03190 0.01764
v 0.05421 0.02210 -0.06469 0.06848 0.03190 0.01764
v 0.05421 0.01781 -0.06040 0.06848 0.03190 0.01764
v 0.05496 0.01818 -0.06432 0.06848 0.03190 0.01764
v 0.05421 0.02210 -0.06469 0.06848 0.03190 0.01764
v 0.05421 0.02210 -0.06469 0.06848 0.03190 0.01764
v 0.05496 0.01818 -0.06432 0.06848 0.03190 0.01764
v 0.05601 0.02210 -0.06719 0.06848 0.03190 0.01764
v 0.05496 0.01818 -0.06432 0.06848 0.03190 0.01764
v 0.05640 0.01890 -0.06680 0.06848 0.03190 0.01764
v 0.05601 0.02210 -0.06719 0.06848 0.03190 0.01764
v 0.05640 0.01890 0.12680 0.06848 0.03190 0.01764
v 0.05726 0.01656 0.12594 0.06848 0.03190 0.01764
v 0.05496 0.01818 0.12432 0.06848 0.03190 0.01764
v 0.05726 0.01656 0.12594 0.06848 0.03190 0.01764
v 0.05640 0.01570 0.12360 0.06848 0.03190 0.01764
v 0.05496 0.01818 0.12432 0.06848 0.03190 0.01764
v 0.05496 0.01818 0.12432 0.06848 0.03190 0.01764
v 0.05640 0.01570 0.12360 0.06848 0.03190 0.01764
v 0.05421 0.01781 0.12040 0.06848 0.03190 0.01764
v 0.05640 0.01570 0.12360 0.06848 0.03190 0.01764
v 0.05601 0.01531 0.12040 0.06848 0.03190 0.01764
v 0.05421 0.01781 0.12040 0.06848 0.03190 0.01764
v 0.05421 0.01781 0.12040 0.06848 0.03190 0.01764
v 0.05601 0.01531 0.12040 0.06848 0.03190 0.01764
v 0.05421 0.01781 -0.06040 0.06848 0.03190 0.01764
v 0.05601 0.01531 0.12040 0.06848 0.03190 0.01764
v 0.05601 0.01531 -0.06040 0.06848 0.03190 0.01764
v 0.05421 0.01781 -0.06040 0.06848 0.03190 0.01764
v 0.05421 0.01781 -0.06040 0.06848 0.03190 0.01764
v 0.05601 0.01531 -0.06040 0.06848 0.03190 0.01764
v 0.05496 0.01818 -0.06432 0.06848 0.03190 0.01764
v 0.05601 0.01531 -0.06040 0.06848 0.03190 0.01764
v 0.05640 0.01570 -0.06360 0.06848 0.03190 0.01764
v 0.05496 0.01818 -0.06432 0.06848 0.03190 0.01764
v 0.05496 0.01818 -0.06432 0.06848 0.03190 0.01764
v 0.05640 0.01570 -0.06360 0.06848 0.03190 0.01764
v 0.05640 0.01890 -0.06680 0.06848 0.03190 0.01764
v 0.05640 0.01570 -0.06360 0.06848 0.03190 0.01764
v 0.05726 0.01656 -0.06594 0.06848 0.03190 0.01764
v 0.05640 0.01890 -0.06680 0.06848 0.03190 0.01764
v 0.18914 0.08844 -0.06594 0.06848 0.03190 0.01764
v 0.19000 0.08610 -0.06680 0.06848 0.03190 0.01764
v 0.19000 0.08930 -0.06360 0.06848 0.03190 0.01764
v 0.19000 0.08610 -0.06680 0.06848 0.03190 0.01764
v 0.19144 0.08682 -0.06432 0.06848 0.03190 0.01764
v 0.19000 0.08930 -0.06360 0.06848 0.03190 0.01764
v 0.19000 0.08930 -0.06360 0.06848 0.03190 0.01764
v 0.19144 0.08682 -0.06432 0.06848 0.03190 0.01764
v 0.19039 0.08969 -0.06040 0.06848 0.03190 0.01764
v 0.19144 0.08682 -0.06432 0.06848 0.03190 0.01764
v 0.19219 0.08719 -0.06040 0.06848 0.03190 0.01764
v 0.19039 0.08969 -0.06040 0.06848 0.03190 0.01764
v 0.19039 0.08969 -0.06040 0.06848 0.03190 0.01764
v 0.19219 0.08719 -0.06040 0.06848 0.03190 0.01764
v 0.19039 0.08969 0.12040 0.06848 0.03190 0.01764
v 0.19219 0.08719 -0.06040 0.06848 0.03190 0.01764
v 0.19219 0.08719 0.12040 0.06848 0.03190 0.01764
v 0.19039 0.08969 0.12040 0.06848 0.03190 0.01764
v 0.19039 0.08969 0.12040 0.06848 0.03190 0.01764
v 0.19219 0.08719 0.12040 0.06848 0.03190 0.01764
v 0.19000 0.08930 0.12360 0.06848 0.03190 0.01764
v 0.19219 0.08719 0.12040 0.06848 0.03190 0.01764
v 0.19144 0.08682 0.12432 0.06848 0.03190 0.01764
v 0.19000 0.08930 0.12360 0.06848 0.03190 0.01764
v 0.19000 0.08930 0.12360 0.06848 0.03190 0.01764
v 0.19144 0.08682 0.12432 0.06848 0.03190 0.01764
v 0.18914 0.08844 0.12594 0.06848 0.03190 0.01764
v 0.19144 0.08682 0.12432 0.06848 0.03190 0.01764
v 0.19000 0.08610 0.12680 0.06848 0.03190 0.01764
v 0.18914 0.08844 0.12594 0.06848 0.03190 0.01764
v 0.19000 0.08610 -0.06680 0.06848 0.03190 0.01764
v 0.19039 0.08290 -0.06719 0.06848 0.03190 0.01764
v 0.19144 0.08682 -0.06432 0.06848 0.03190 0.01764
v 0.19039 0.08290 -0.06719 0.06848 0.03190 0.01764
v 0.19219 0.08290 -0.06469 0.06848 0.03190 0.01764
v 0.19144 0.08682 -0.06432 0.06848 0.03190 0.01764
v 0.19144 0.08682 -0.06432 0.06848 0.03190 0.01764
v 0.19219 0.08290 -0.06469 0.06848 0.03190 0.01764
v 0.19219 0.08719 -0.06040 0.06848 0.03190 0.01764
v 0.19219 0.08290 -0.06469 0.06848 0.03190 0.01764
v 0.19320 0.08290 -0.06040 0.06848 0.03190 0.01764
v 0.19219 0.08719 -0.06040 0.06848 0.03190 0.01764
v 0.19219 0.08719 -0.06040 0.06848 0.03190 0.01764
v 0.19320 0.08290 -0.06040 0.06848 0.03190 0.01764
v 0.19219 0.08719 0.12040 0.06848 0.03190 0.01764
v 0.19320 0.08290 -0.06040 0.06848 0.03190 0.01764
v 0.19320 0.08290 0.12040 0.06848 0.03190 0.01764
v 0.19219 0.08719 0.12040 0.06848 0.03190 0.01764
v 0.19219 0.08719 0.12040 0.06848 0.03190 0.01764
v 0.19320 0.08290 0.12040 0.06848 0.03190 0.01764
v 0.19144 0.08682 0.12432 0.06848 0.03190 0.01764
v 0.19320 0.08290 0.12040 0.06848 0.03190 0.01764
v 0.19219 0.08290 0.12469 0.06848 0.03190 0.01764
v 0.19144 0.08682 0.12432 0.06848 0.03190 0.01764
v 0.19144 0.08682 0.12432 0.06848 0.03190 0.01764
v 0.19219 0.08290 0.12469 0.06848 0.03190 0.01764
v 0.19000 0.08610 0.12680 0.06848 0.03190 0.01764
v 0.19219 0.08290 0.12469 0.06848 0.03190 0.01764
v 0.19039 0.08290 0.12719 0.06848 0.03190 0.01764
v 0.19000 0.08610 0.12680 0.06848 0.03190 0.01764
v 0.19039 0.08290 -0.06719 0.06848 0.03190 0.01764
v 0.19039 0.02210 -0.06719 0.06848 0.03190 0.01764
v 0.19219 0.08290 -0.06469 0.06848 0.03190 0.01764
v 0.19039 0.02210 -0.06719 0.06848 0.03190 0.01764
v 0.19219 0.02210 -0.06469 0.06848 0.03190 0.01764
v 0.19219 0.08290 -0.06469 0.06848 0.03190 0.01764
v 0.19219 0.08290 -0.06469 0.06848 0.03190 0.01764
v 0.19219 0.02210 -0.06469 0.06848 0.03190 0.01764
v 0.19320 0.08290 -0.06040 0.06848 0.03190 0.01764
v 0.19219 0.02210 -0.06469 0.06848 0.03190 0.01764
v 0.19320 0.02210 -0.06040 0.06848 0.03190 0.01764
v 0.19320 0.08290 -0.06040 0.06848 0.03190 0.01764
v 0.19320 0.08290 -0.06040 0.06848 0.03190 0.01764
v 0.19320 0.02210 -0.06040 0.06848 0.03190 0.01764
v 0.19320 0.08290 0.12040 0.06848 0.03190 0.01764
v 0.19320 0.02210 -0.06040 0.06848 0.03190 0.01764
v 0.19320 0.02210 0.12040 0.06848 0.03190 0.01764
v 0.19320 0.08290 0.12040 0.06848 0.03190 0.01764
v 0.19320 0.08290 0.12040 0.06848 0.03190 0.01764
v 0.19320 0.02210 0.12040 0.06848 0.03190 0.01764
v 0.19219 0.08290 0.12469 0.06848 0.03190 0.01764
v 0.19320 0.02210 0.12040 0.06848 0.03190 0.01764
v 0.19219 0.02210 0.12469 0.06848 0.03190 0.01764
v 0.19219 0.08290 0.12469 0.06848 0.03190 0.01764
v 0.19219 0.08290 0.12469 0.06848 0.03190 0.01764
v 0.19219 0.02210 0.12469 0.06848 0.03190 0.01764
v 0.19039 0.08290 0.12719 0.06848 0.03190 0.01764
v 0.19219 0.02210 0.12469 0.06848 0.03190 0.01764
v 0.19039 0.02210 0.12719 0.06848 0.03190 0.01764
v 0.19039 0.08290 0.12719 0.06848 0.03190 0.01764
v 0.19039 0.02210 -0.06719 0.06848 0.03190 0.01764
v 0.19000 0.01890 -0.06680 0.06848 0.03190 0.01764
v 0.19219 0.02210 -0.06469 0.06848 0.03190 0.01764
v 0.19000 0.01890 -0.06680 0.06848 0.03190 0.01764
v 0.19144 0.01818 -0.06432 0.06848 0.03190 0.01764
v 0.19219 0.02210 -0.06469 0.06848 0.03190 0.01764
v 0.19219 0.02210 -0.06469 0.06848 0.03190 0.01764
v 0.19144 0.01818 -0.06432 0.06848 0.03190 0.01764
v 0.19320 0.02210 -0.06040 0.06848 0.03190 0.01764
v 0.19144 0.01818 -0.06432 0.06848 0.03190 0.01764
v 0.19219 0.01781 -0.06040 0.06848 0.03190 0.01764
v 0.19320 0.02210 -0.06040 0.06848 0.03190 0.01764
v 0.19320 0.02210 -0.06040 0.06848 0.03190 0.01764
v 0.19219 0.01781 -0.06040 0.06848 0.03190 0.01764
v 0.19320 0.02210 0.12040 0.06848 0.03190 0.01764
v 0.19219 0.01781 -0.06040 0.06848 0.03190 0.01764
v 0.19219 0.01781 0.12040 0.06848 0.03190 0.01764
v 0.19320 0.02210 0.12040 0.06848 0.03190 0.01764
v 0.19320 0.02210 0.12040 0.06848 0.03190 0.01764
v 0.19219 0.01781 0.12040 0.06848 0.03190 0.01764
v 0.19219 0.02210 0.12469 0.06848 0.03190 0.01764
v 0.19219 0.01781 0.12040 0.06848 0.03190 0.01764
v 0.19144 0.01818 0.12432 0.06848 0.03190 0.01764
v 0.19219 0.02210 0.12469 0.06848 0.03190 0.01764
v 0.19219 0.02210 0.12469 0.06848 0.03190 0.01764
v 0.19144 0.01818 0.12432 0.06848 0.03190 0.01764
v 0.19039 0.02210 0.12719 0.06848 0.03190 0.01764
v 0.19144 0.01818 0.12432 0.06848 0.03190 0.01764
v 0.19000 0.01890 0.12680 0.06848 0.03190 0.01764
v 0.19039 0.02210 0.12719 0.06848 0.03190 0.01764
v 0.19000 0.01890 -0.06680 0.06848 0.03190 0.01764
v 0.18914 0.01656 -0.06594 0.06848 0.03190 0.01764
v 0.19144 0.01818 -0.06432 0.06848 0.03190 0.01764
v 0.18914 0.01656 -0.06594 0.06848 0.03190 0.01764
v 0.19000 0.01570 -0.06360 0.06848 0.03190 0.01764
v 0.19144 0.01818 -0.06432 0.06848 0.03190 0.01764
v 0.19144 0.01818 -0.06432 0.06848 0.03190 0.01764
v 0.19000 0.01570 -0.06360 0.06848 0.03190 0.01764
v 0.19219 0.01781 -0.06040 0.06848 0.03190 0.01764
v 0.19000 0.01570 -0.06360 0.06848 0.03190 0.01764
v 0.19039 0.01531 -0.06040 0.06848 0.03190 0.01764
v 0.19219 0.01781 -0.06040 0.06848 0.03190 0.01764
v 0.19219 0.01781 -0.06040 0.06848 0.03190 0.01764
v 0.19039 0.01531 -0.06040 0.06848 0.03190 0.01764
v 0.19219 0.01781 0.12040 0.06848 0.03190 0.01764
v 0.19039 0.01531 -0.06040 0.06848 0.03190 0.01764
v 0.19039 0.01531 0.12040 0.06848 0.03190 0.01764
v 0.19219 0.01781 0.12040 0.06848 0.03190 0.01764
v 0.19219 0.01781 0.12040 0.06848 0.03190 0.01764
v 0.19039 0.01531 0.12040 0.06848 0.03190 0.01764
v 0.19144 0.01818 0.12432 0.06848 0.03190 0.01764
v 0.19039 0.01531 0.12040 0.06848 0.03190 0.01764
v 0.19000 0.01570 0.12360 0.06848 0.03190 0.01764
v 0.19144 0.01818 0.12432 0.06848 0.03190 0.01764
v 0.19144 0.01818 0.12432 0.06848 0.03190 0.01764
v 0.19000 0.01570 0.12360 0.06848 0.03190 0.01764
v 0.19000 0.01890 0.12680 0.06848 0.03190 0.01764
v 0.19000 0.01570 0.12360 0.06848 0.03190 0.01764
v 0.18914 0.01656 0.12594 0.06848 0.03190 0.01764
v 0.19000 0.01890 0.12680 0.06848 0.03190 0.01764
v 0.18914 0.08844 -0.06594 0.06848 0.03190 0.01764
v 0.19000 0.08930 -0.06360 0.06848 0.03190 0.01764
v 0.18680 0.08930 -0.06680 0.06848 0.03190 0.01764
v 0.19000 0.08930 -0.06360 0.06848 0.03190 0.01764
v 0.18752 0.09074 -0.06432 0.06848 0.03190 0.01764
v 0.18680 0.08930 -0.06680 0.06848 0.03190 0.01764
v 0.18680 0.08930 -0.06680 0.06848 0.03190 0.01764
v 0.18752 0.09074 -0.06432 0.06848 0.03190 0.01764
v 0.18360 0.08969 -0.06719 0.06848 0.03190 0.01764
v 0.18752 0.09074 -0.06432 0.06848 0.03190 0.01764
v 0.18360 0.09149 -0.06469 0.06848 0.03190 0.01764
v 0.18360 0.08969 -0.06719 0.06848 0.03190 0.01764
v 0.18360 0.08969 -0.06719 0.06848 0.03190 0.01764
v 0.18360 0.09149 -0.06469 0.06848 0.03190 0.01764
v 0.06280 0.08969 -0.06719 0.06848 0.03190 0.01764
v 0.18360 0.09149 -0.06469 0.06848 0.03190 0.01764
v 0.06280 0.09149 -0.06469 0.06848 0.03190 0.01764
v 0.06280 0.08969 -0.06719 0.06848 0.03190 0.01764
v 0.06280 0.08969 -0.06719 0.06848 0.03190 0.01764
v 0.06280 0.09149 -0.06469 0.06848 0.03190 0.01764
v 0.05960 0.08930 -0.06680 0.06848 0.03190 0.01764
v 0.06280 0.09149 -0.06469 0.06848 0.03190 0.01764
v 0.05888 0.09074 -0.06432 0.06848 0.03190 0.01764
v 0.05960 0.08930 -0.06680 0.06848 0.03190 0.01764
v 0.05960 0.08930 -0.06680 0.06848 0.03190 0.01764
v 0.05888 0.09074 -0.06432 0.06848 0.03190 0.01764
v 0.05726 0.08844 -0.06594 0.06848 0.03190 0.01764
v 0.05888 0.09074 -0.06432 0.06848 0.03190 0.01764
v 0.05640 0.08930 -0.06360 0.06848 0.03190 0.01764
v 0.05726 0.08844 -0.06594 0.06848 0.03190 0.01764
v 0.19000 0.08930 -0.06360 0.06848 0.03190 0.01764
v 0.19039 0.08969 -0.06040 0.06848 0.03190 0.01764
v 0.18752 0.09074 -0.06432 0.06848 0.03190 0.01764
v 0.19039 0.08969 -0.06040 0.06848 0.03190 0.01764
v 0.18789 0.09149 -0.06040 0.06848 0.03190 0.01764
v 0.18752 0.09074 -0.06432 0.06848 0.03190 0.01764
v 0.18752 0.09074 -0.06432 0.06848 0.03190 0.01764
v 0.18789 0.09149 -0.06040 0.06848 0.03190 0.01764
v 0.18360 0.09149 -0.06469 0.06848 0.03190 0.01764
v 0.18789 0.09149 -0.06040 0.06848 0.03190 0.01764
v 0.18360 0.09250 -0.06040 0.06848 0.03190 0.01764
v 0.18360 0.09149 -0.06469 0.06848 0.03190 0.01764
v 0.18360 0.09149 -0.06469 0.06848 0.03190 0.01764
v 0.18360 0.09250 -0.06040 0.06848 0.03190 0.01764
v 0.06280 0.09149 -0.06469 0.06848 0.03190 0.01764
v 0.18360 0.09250 -0.06040 0.06848 0.03190 0.01764
v 0.06280 0.09250 -0.06040 0.06848 0.03190 0.01764
v 0.06280 0.09149 -0.06469 0.06848 0.03190 0.01764
v 0.06280 0.09149 -0.06469 0.06848 0.03190 0.01764
v 0.06280 0.09250 -0.06040 0.06848 0.03190 0.01764
v 0.05888 0.09074 -0.06432 0.06848 0.03190 0.01764
v 0.06280 0.09250 -0.06040 0.06848 0.03190 0.01764
v 0.05851 0.09149 -0.06040 0.06848 0.03190 0.01764
v 0.05888 0.09074 -0.06432 0.06848 0.03190 0.01764
v 0.05888 0.09074 -0.06432 0.06848 0.03190 0.01764
v 0.05851 0.09149 -0.06040 0.06848 0.03190 0.01764
v 0.05640 0.08930 -0.06360 0.06848 0.03190 0.01764
v 0.05851 0.09149 -0.06040 0.06848 0.03190 0.01764
v 0.05601 0.08969 -0.06040 0.06848 0.03190 0.01764
v 0.05640 0.08930 -0.06360 0.06848 0.03190 0.01764
v 0.19039 0.08969 -0.06040 0.06848 0.03190 0.01764
v 0.19039 0.08969 0.12040 0.06848 0.03190 0.01764
v 0.18789 0.09149 -0.06040 0.06848 0.03190 0.01764
v 0.19039 0.08969 0.12040 0.06848 0.03190 0.01764
v 0.18789 0.09149 0.12040 0.06848 0.03190 0.01764
v 0.18789 0.09149 -0.06040 0.06848 0.03190 0.01764
v 0.18789 0.09149 -0.06040 0.06848 0.03190 0.01764
v 0.18789 0.09149 0.12040 0.06848 0.03190 0.01764
v 0.18360 0.09250 -0.06040 0.06848 0.03190 0.01764
v 0.18789 0.09149 0.12040 0.06848 0.03190 0.01764
v 0.18360 0.09250 0.12040 0.06848 0.03190 0.01764
v 0.18360 0.09250 -0.06040 0.06848 0.03190 0.01764
v 0.18360 0.09250 -0.06040 0.06848 0.03190 0.01764
v 0.18360 0.09250 0.12040 0.06848 0.03190 0.01764
v 0.06280 0.09250 -0.06040 0.06848 0.03190 0.01764
v 0.18360 0.09250 0.12040 0.06848 0.03190 0.01764
v 0.06280 0.09250 0.12040 0.06848 0.03190 0.01764
v 0.06280 0.09250 -0.06040 0.06848 0.03190 0.01764
v 0.06280 0.09250 -0.06040 0.06848 0.03190 0.01764
v 0.06280 0.09250 0.12040 0.06848 0.03190 0.01764
v 0.05851 0.09149 -0.06040 0.06848 0.03190 0.01764
v 0.06280 0.09250 0.12040 0.06848 0.03190 0.01764
v 0.05851 0.09149 0.12040 0.06848 0.03190 0.01764
v 0.05851 0.09149 -0.06040 0.06848 0.03190 0.01764
v 0.05851 0.09149 -0.06040 0.06848 0.03190 0.01764
v 0.05851 0.09149 0.12040 0.06848 0.03190 0.01764
v 0.05601 0.08969 -0.06040 0.06848 0.03190 0.01764
v 0.05851 0.09149 0.12040 0.06848 0.03190 0.01764
v 0.05601 0.08969 0.12040 0.06848 0.03190 0.01764
v 0.05601 0.08969 -0.06040 0.06848 0.03190 0.01764
v 0.19039 0.08969 0.12040 0.06848 0.03190 0.01764
v 0.19000 0.08930 0.12360 0.06848 0.03190 0.01764
v 0.18789 0.09149 0.12040 0.06848 0.03190 0.01764
v 0.19000 0.08930 0.12360 0.06848 0.03190 0.01764
v 0.18752 0.09074 0.12432 0.06848 0.03190 0.01764
v 0.18789 0.09149 0.12040 0.06848 0.03190 0.01764
v 0.18789 0.09149 0.12040 0.06848 0.03190 0.01764
v 0.18752 0.09074 0.12432 0.06848 0.03190 0.01764
v 0.18360 0.09250 0.12040 0.06848 0.03190 0.01764
v 0.18752 0.09074 0.12432 0.06848 0.03190 0.01764
v 0.18360 0.09149 0.12469 0.06848 0.03190 0.01764
v 0.18360 0.09250 0.12040 0.06848 0.03190 0.01764
v 0.18360 0.09250 0.12040 0.06848 0.03190 0.01764
v 0.18360 0.09149 0.12469 0.06848 0.03190 0.01764
v 0.06280 0.09250 0.12040 0.06848 0.03190 0.01764
v 0.18360 0.09149 0.12469 0.06848 0.03190 0.01764
v 0.06280 0.09149 0.12469 0.06848 0.03190 0.01764
v 0.06280 0.09250 0.12040 0.06848 0.03190 0.01764
v 0.06280 0.09250 0.12040 0.06848 0.03190 0.01764
v 0.06280 0.09149 0.12469 0.06848 0.03190 0.01764
v 0.05851 0.09149 0.12040 0.06848 0.03190 0.01764
v 0.06280 0.09149 0.12469 0.06848 0.03190 0.01764
v 0.05888 0.09074 0.12432 0.06848 0.03190 0.01764
v 0.05851 0.09149 0.12040 0.06848 0.03190 0.01764
v 0.05851 0.09149 0.12040 0.06848 0.03190 0.01764
v 0.05888 0.09074 0.12432 0.06848 0.03190 0.01764
v 0.05601 0.08969 0.12040 0.06848 0.03190 0.01764
v 0.05888 0.09074 0.12432 0.06848 0.03190 0.01764
v 0.05640 0.08930 0.12360 0.06848 0.03190 0.01764
v 0.05601 0.08969 0.12040 0.06848 0.03190 0.01764
v 0.19000 0.08930 0.12360 0.06848 0.03190 0.01764
v 0.18914 0.08844 0.12594 0.06848 0.03190 0.01764
v 0.18752 0.09074 0.12432 0.06848 0.03190 0.01764
v 0.18914 0.08844 0.12594 0.06848 0.03190 0.01764
v 0.18680 0.08930 0.12680 0.06848 0.03190 0.01764
v 0.18752 0.09074 0.12432 0.06848 0.03190 0.01764
v 0.18752 0.09074 0.12432 0.06848 0.03190 0.01764
v 0.18680 0.08930 0.12680 0.06848 0.03190 0.01764
v 0.18360 0.09149 0.12469 0.06848 0.03190 0.01764
v 0.18680 0.08930 0.12680 0.06848 0.03190 0.01764
v 0.18360 0.08969 0.12719 0.06848 0.03190 0.01764
v 0.18360 0.09149 0.12469 0.06848 0.03190 0.01764
v 0.18360 0.09149 0.12469 0.06848 0.03190 0.01764
v 0.18360 0.08969 0.12719 0.06848 0.03190 0.01764
v 0.06280 0.09149 0.12469 0.06848 0.03190 0.01764
v 0.18360 0.08969 0.12719 0.06848 0.03190 0.01764
v 0.06280 0.08969 0.12719 0.06848 0.03190 0.01764
v 0.06280 0.09149 0.12469 0.06848 0.03190 0.01764
v 0.06280 0.09149 0.12469 0.06848 0.03190 0.01764
v 0.06280 0.08969 0.12719 0.06848 0.03190 0.01764
v 0.05888 0.09074 0.12432 0.06848 0.03190 0.01764
v 0.06280 0.08969 0.12719 0.06848 0.03190 0.01764
v 0.05960 0.08930 0.12680 0.06848 0.03190 0.01764
v 0.05888 0.09074 0.12432 0.06848 0.03190 0.01764
v 0.05888 0.09074 0.12432 0.06848 0.03190 0.01764
v 0.05960 0.08930 0.12680 0.06848 0.03190 0.01764
v 0.05640 0.08930 0.12360 0.06848 0.03190 0.01764
v 0.05960 0.08930 0.12680 0.06848 0.03190 0.01764
v 0.05726 0.08844 0.12594 0.06848 0.03190 0.01764
v 0.05640 0.08930 0.12360 0.06848 0.03190 0.01764
v 0.18914 0.01656 0.12594 0.06848 0.03190 0.01764
v 0.19000 0.01570 0.12360 0.06848 0.03190 0.01764
v 0.18680 0.01570 0.12680 0.06848 0.03190 0.01764
v 0.19000 0.01570 0.12360 0.06848 0.03190 0.01764
v 0.18752 0.01426 0.12432 0.06848 0.03190 0.01764
v 0.18680 0.01570 0.12680 0.06848 0.03190 0.01764
v 0.18680 0.01570 0.12680 0.06848 0.03190 0.01764
v 0.18752 0.01426 0.12432 0.06848 0.03190 0.01764
v 0.18360 0.01531 0.12719 0.06848 0.03190 0.01764
v 0.18752 0.01426 0.12432 0.06848 0.03190 0.01764
v 0.18360 0.01351 0.12469 0.06848 0.03190 0.01764
v 0.18360 0.01531 0.12719 0.06848 0.03190 0.01764
v 0.18360 0.01531 0.12719 0.06848 0.03190 0.01764
v 0.18360 0.01351 0.12469 0.06848 0.03190 0.01764
v 0.06280 0.01531 0.12719 0.06848 0.03190 0.01764
v 0.18360 0.01351 0.12469 0.06848 0.03190 0.01764
v 0.06280 0.01351 0.12469 0.06848 0.03190 0.01764
v 0.06280 0.01531 0.12719 0.06848 0.03190 0.01764
v 0.06280 0.01531 0.12719 0.06848 0.03190 0.01764
v 0.06280 0.01351 0.12469 0.06848 0.03190 0.01764
v 0.05960 0.01570 0.12680 0.06848 0.03190 0.01764
v 0.06280 0.01351 0.12469 0.06848 0.03190 0.01764
v 0.05888 0.01426 0.12432 0.06848 0.03190 0.01764
v 0.05960 0.01570 0.12680 0.06848 0.03190 0.01764
v 0.05960 0.01570 0.12680 0.06848 0.03190 0.01764
v 0.05888 0.01426 0.12432 0.06848 0.03190 0.01764
v 0.05726 0.01656 0.12594 0.06848 0.03190 0.01764
v 0.05888 0.01426 0.12432 0.06848 0.03190 0.01764
v 0.05640 0.01570 0.12360 0.06848 0.03190 0.01764
v 0.05726 0.01656 0.12594 0.06848 0.03190 0.01764
v 0.19000 0.01570 0.12360 0.06848 0.03190 0.01764
v 0.19039 0.01531 0.12040 0.06848 0.03190 0.01764
v 0.18752 0.01426 0.12432 0.06848 0.03190 0.01764
v 0.19039 0.01531 0.12040 0.06848 0.03190 0.01764
v 0.18789 0.01351 0.12040 0.06848 0.03190 0.01764
v 0.18752 0.01426 0.12432 0.06848 0.03190 0.01764
v 0.18752 0.01426 0.12432 0.06848 0.03190 0.01764
v 0.18789 0.01351 0.12040 0.06848 0.03190 0.01764
v 0.18360 0.01351 0.12469 0.06848 0.03190 0.01764
v 0.18789 0.01351 0.12040 0.06848 0.03190 0.01764
v 0.18360 0.01250 0.12040 0.06848 0.03190 0.01764
v 0.18360 0.01351 0.12469 0.06848 0.03190 0.01764
v 0.18360 0.01351 0.12469 0.06848 0.03190 0.01764
v 0.18360 0.01250 0.12040 0.06848 0.03190 0.01764
v 0.06280 0.01351 0.12469 0.06848 0.03190 0.01764
v 0.18360 0.01250 0.12040 0.06848 0.03190 0.01764
v 0.06280 0.01250 0.12040 0.06848 0.03190 0.01764
v 0.06280 0.01351 0.12469 0.06848 0.03190 0.01764
v 0.06280 0.01351 0.12469 0.06848 0.03190 0.01764
v 0.06280 0.01250 0.12040 0.06848 0.03190 0.01764
v 0.05888 0.01426 0.12432 0.06848 0.03190 0.01764
v 0.06280 0.01250 0.12040 0.06848 0.03190 0.01764
v 0.05851 0.01351 0.12040 0.06848 0.03190 0.01764
v 0.05888 0.01426 0.12432 0.06848 0.03190 0.01764
v 0.05888 0.01426 0.12432 0.06848 0.03190 0.01764
v 0.05851 0.01351 0.12040 0.06848 0.03190 0.01764
v 0.05640 0.01570 0.12360 0.06848 0.03190 0.01764
v 0.05851 0.01351 0.12040 0.06848 0.03190 0.01764
v 0.05601 0.01531 0.12040 0.06848 0.03190 0.01764
v 0.05640 0.01570 0.12360 0.06848 0.03190 0.01764
v 0.19039 0.01531 0.12040 0.06848 0.03190 0.01764
v 0.19039 0.01531 -0.06040 0.06848 0.03190 0.01764
v 0.18789 0.01351 0.12040 0.06848 0.03190 0.01764
v 0.19039 0.01531 -0.06040 0.06848 0.03190 0.01764
v 0.18789 0.01351 -0.06040 0.06848 0.03190 0.01764
v 0.18789 0.01351 0.12040 0.06848 0.03190 0.01764
v 0.18789 0.01351 0.12040 0.06848 0.03190 0.01764
v 0.18789 0.01351 -0.06040 0.06848 0.03190 0.01764
v 0.18360 0.01250 0.12040 0.06848 0.03190 0.01764
v 0.18789 0.01351 -0.06040 0.06848 0.03190 0.01764
v 0.18360 0.01250 -0.06040 0.06848 0.03190 0.01764
v 0.18360 0.01250 0.12040 0.06848 0.03190 0.01764
v 0.18360 0.01250 0.12040 0.06848 0.03190 0.01764
v 0.18360 0.01250 -0.06040 0.06848 0.03190 0.01764
v 0.06280 0.01250 0.12040 0.06848 0.03190 0.01764
v 0.18360 0.01250 -0.06040 0.06848 0.03190 0.01764
v 0.06280 0.01250 -0.06040 0.06848 0.03190 0.01764
v 0.06280 0.01250 0.12040 0.06848 0.03190 0.01764
v 0.06280 0.01250 0.12040 0.06848 0.03190 0.01764
v 0.06280 0.01250 -0.06040 0.06848 0.03190 0.01764
v 0.05851 0.01351 0.12040 0.06848 0.03190 0.01764
v 0.06280 0.01250 -0.06040 0.06848 0.03190 0.01764
v 0.05851 0.01351 -0.06040 0.06848 0.03190 0.01764
v 0.05851 0.01351 0.12040 0.06848 0.03190 0.01764
v 0.05851 0.01351 0.12040 0.06848 0.03190 0.01764
v 0.05851 0.01351 -0.06040 0.06848 0.03190 0.01764
v 0.05601 0.01531 0.12040 0.06848 0.03190 0.01764
v 0.05851 0.01351 -0.06040 0.06848 0.03190 0.01764
v 0.05601 0.01531 -0.06040 0.06848 0.03190 0.01764
v 0.05601 0.01531 0.12040 0.06848 0.03190 0.01764
v 0.19039 0.01531 -0.06040 0.06848 0.03190 0.01764
v 0.19000 0.01570 -0.06360 0.06848 0.03190 0.01764
v 0.18789 0.01351 -0.06040 0.06848 0.03190 0.01764
v 0.19000 0.01570 -0.06360 0.06848 0.03190 0.01764
v 0.18752 0.01426 -0.06432 0.06848 0.03190 0.01764
v 0.18789 0.01351 -0.06040 0.06848 0.03190 0.01764
v 0.18789 0.01351 -0.06040 0.06848 0.03190 0.01764
v 0.18752 0.01426 -0.06432 0.06848 0.03190 0.01764
v 0.18360 0.01250 -0.06040 0.06848 0.03190 0.01764
v 0.18752 0.01426 -0.06432 0.06848 0.03190 0.01764
v 0.18360 0.01351 -0.06469 0.06848 0.03190 0.01764
v 0.18360 0.01250 -0.06040 0.06848 0.03190 0.01764
v 0.18360 0.01250 -0.06040 0.06848 0.03190 0.01764
v 0.18360 0.01351 -0.06469 0.06848 0.03190 0.01764
v 0.06280 0.01250 -0.06040 0.06848 0.03190 0.01764
v 0.18360 0.01351 -0.06469 0.06848 0.03190 0.01764
v 0.06280 0.01351 -0.06469 0.06848 0.03190 0.01764
v 0.06280 0.01250 -0.06040 0.06848 0.03190 0.01764
v 0.06280 0.01250 -0.06040 0.06848 0.03190 0.01764
v 0.06280 0.01351 -0.06469 0.06848 0.03190 0.01764
v 0.05851 0.01351 -0.06040 0.06848 0.03190 0.01764
v 0.06280 0.01351 -0.06469 0.06848 0.03190 0.01764
v 0.05888 0.01426 -0.06432 0.06848 0.03190 0.01764
v 0.05851 0.01351 -0.06040 0.06848 0.03190 0.01764
v 0.05851 0.01351 -0.06040 0.06848 0.03190 0.01764
v 0.05888 0.01426 -0.06432 0.06848 0.03190 0.01764
v 0.05601 0.01531 -0.06040 0.06848 0.03190 0.01764
v 0.05888 0.01426 -0.06432 0.06848 0.03190 0.01764
v 0.05640 0.01570 -0.06360 0.06848 0.03190 0.01764
v 0.05601 0.01531 -0.06040 0.06848 0.03190 0.01764
v 0.19000 0.01570 -0.06360 0.06848 0.03190 0.01764
v 0.18914 0.01656 -0.06594 0.06848 0.03190 0.01764
v 0.18752 0.01426 -0.06432 0.06848 0.03190 0.01764
v 0.18914 0.01656 -0.06594 0.06848 0.03190 0.01764
v 0.18680 0.01570 -0.06680 0.06848 0.03190 0.01764
v 0.18752 0.01426 -0.06432 0.06848 0.03190 0.01764
v 0.18752 0.01426 -0.06432 0.06848 0.03190 0.01764
v 0.18680 0.01570 -0.06680 0.06848 0.03190 0.01764
v 0.18360 0.01351 -0.06469 0.06848 0.03190 0.01764
v 0.18680 0.01570 -0.06680 0.06848 0.03190 0.01764
v 0.18360 0.01531 -0.06719 0.06848 0.03190 0.01764
v 0.18360 0.01351 -0.06469 0.06848 0.03190 0.01764
v 0.18360 0.01351 -0.06469 0.06848 0.03190 0.01764
v 0.18360 0.01531 -0.06719 0.06848 0.03190 0.01764
v 0.06280 0.01351 -0.06469 0.06848 0.03190 0.01764
v 0.18360 0.01531 -0.06719 0.06848 0.03190 0.01764
v 0.06280 0.01531 -0.06719 0.06848 0.03190 0.01764
v 0.06280 0.01351 -0.06469 0.06848 0.03190 0.01764
v 0.06280 0.01351 -0.06469 0.06848 0.03190 0.01764
v 0.06280 0.01531 -0.06719 0.06848 0.03190 0.01764
v 0.05888 0.01426 -0.06432 0.06848 0.03190 0.01764
v 0.06280 0.01531 -0.06719 0.06848 0.03190 0.01764
v 0.05960 0.01570 -0.06680 0.06848 0.03190 0.01764
v 0.05888 0.01426 -0.06432 0.06848 0.03190 0.01764
v 0.05888 0.01426 -0.06432 0.06848 0.03190 0.01764
v 0.05960 0.01570 -0.06680 0.06848 0.03190 0.01764
v 0.05640 0.01570 -0.06360 0.06848 0.03190 0.01764
v 0.05960 0.01570 -0.06680 0.06848 0.03190 0.01764
v 0.05726 0.01656 -0.06594 0.06848 0.03190 0.01764
v 0.05640 0.01570 -0.06360 0.06848 0.03190 0.01764
v 0.18914 0.08844 0.12594 0.06848 0.03190 0.01764
v 0.19000 0.08610 0.12680 0.06848 0.03190 0.01764
v 0.18680 0.08930 0.12680 0.06848 0.03190 0.01764
v 0.19000 0.08610 0.12680 0.06848 0.03190 0.01764
v 0.18752 0.08682 0.12824 0.06848 0.03190 0.01764
v 0.18680 0.08930 0.12680 0.06848 0.03190 0.01764
v 0.18680 0.08930 0.12680 0.06848 0.03190 0.01764
v 0.18752 0.08682 0.12824 0.06848 0.03190 0.01764
v 0.18360 0.08969 0.12719 0.06848 0.03190 0.01764
v 0.18752 0.08682 0.12824 0.06848 0.03190 0.01764
v 0.18360 0.08719 0.12899 0.06848 0.03190 0.01764
v 0.18360 0.08969 0.12719 0.06848 0.03190 0.01764
v 0.18360 0.08969 0.12719 0.06848 0.03190 0.01764
v 0.18360 0.08719 0.12899 0.06848 0.03190 0.01764
v 0.06280 0.08969 0.12719 0.06848 0.03190 0.01764
v 0.18360 0.08719 0.12899 0.06848 0.03190 0.01764
v 0.06280 0.08719 0.12899 0.06848 0.03190 0.01764
v 0.06280 0.08969 0.12719 0.06848 0.03190 0.01764
v 0.06280 0.08969 0.12719 0.06848 0.03190 0.01764
v 0.06280 0.08719 0.12899 0.06848 0.03190 0.01764
v 0.05960 0.08930 0.12680 0.06848 0.03190 0.01764
v 0.06280 0.08719 0.12899 0.06848 0.03190 0.01764
v 0.05888 0.08682 0.12824 0.06848 0.03190 0.01764
v 0.05960 0.08930 0.12680 0.06848 0.03190 0.01764
v 0.05960 0.08930 0.12680 0.06848 0.03190 0.01764
v 0.05888 0.08682 0.12824 0.06848 0.03190 0.01764
v 0.05726 0.08844 0.12594 0.06848 0.03190 0.01764
v 0.05888 0.08682 0.12824 0.06848 0.03190 0.01764
v 0.05640 0.08610 0.12680 0.06848 0.03190 0.01764
v 0.05726 0.08844 0.12594 0.06848 0.03190 0.01764
v 0.19000 0.08610 0.12680 0.06848 0.03190 0.01764
v 0.19039 0.08290 0.12719 0.06848 0.03190 0.01764
v 0.18752 0.08682 0.12824 0.06848 0.03190 0.01764
v 0.19039 0.08290 0.12719 0.06848 0.03190 0.01764
v 0.18789 0.08290 0.12899 0.06848 0.03190 0.01764
v 0.18752 0.08682 0.12824 0.06848 0.03190 0.01764
v 0.18752 0.08682 0.12824 0.06848 0.03190 0.01764
v 0.18789 0.08290 0.12899 0.06848 0.03190 0.01764
v 0.18360 0.08719 0.12899 0.06848 0.03190 0.01764
v 0.18789 0.08290 0.12899 0.06848 0.03190 0.01764
v 0.18360 0.08290 0.13000 0.06848 0.03190 0.01764
v 0.18360 0.08719 0.12899 0.06848 0.03190 0.01764
v 0.18360 0.08719 0.12899 0.06848 0.03190 0.01764
v 0.18360 0.08290 0.13000 0.06848 0.03190 0.01764
v 0.06280 0.08719 0.12899 0.06848 0.03190 0.01764
v 0.18360 0.08290 0.13000 0.06848 0.03190 0.01764
v 0.06280 0.08290 0.13000 0.06848 0.03190 0.01764
v 0.06280 0.08719 0.12899 0.06848 0.03190 0.01764
v 0.06280 0.08719 0.12899 0.06848 0.03190 0.01764
v 0.06280 0.08290 0.13000 0.06848 0.03190 0.01764
v 0.05888 0.08682 0.12824 0.06848 0.03190 0.01764
v 0.06280 0.08290 0.13000 0.06848 0.03190 0.01764
v 0.05851 0.08290 0.12899 0.06848 0.03190 0.01764
v 0.05888 0.08682 0.12824 0.06848 0.03190 0.01764
v 0.05888 0.08682 0.12824 0.06848 0.03190 0.01764
v 0.05851 0.08290 0.12899 0.06848 0.03190 0.01764
v 0.05640 0.08610 0.12680 0.06848 0.03190 0.01764
v 0.05851 0.08290 0.12899 0.06848 0.03190 0.01764
v 0.05601 0.08290 0.12719 0.06848 0.03190 0.01764
v 0.05640 0.08610 0.12680 0.06848 0.03190 0.01764
v 0.19039 0.08290 0.12719 0.06848 0.03190 0.01764
v 0.19039 0.02210 0.12719 0.06848 0.03190 0.01764
v 0.18789 0.08290 0.12899 0.06848 0.03190 0.01764
v 0.19039 0.02210 0.12719 0.06848 0.03190 0.01764
v 0.18789 0.02210 0.12899 0.06848 0.03190 0.01764
v 0.18789 0.08290 0.12899 0.06848 0.03190 0.01764
v 0.18789 0.08290 0.12899 0.06848 0.03190 0.01764
v 0.18789 0.02210 0.12899 0.06848 0.03190 0.01764
v 0.18360 0.08290 0.13000 0.06848 0.03190 0.01764
v 0.18789 0.02210 0.12899 0.06848 0.03190 0.01764
v 0.18360 0.02210 0.13000 0.06848 0.03190 0.01764
v 0.18360 0.08290 0.13000 0.06848 0.03190 0.01764
v 0.18360 0.08290 0.13000 0.06848 0.03190 0.01764
v 0.18360 0.02210 0.13000 0.06848 0.03190 0.01764
v 0.06280 0.08290 0.13000 0.06848 0.03190 0.01764
v 0.18360 0.02210 0.13000 0.06848 0.03190 0.01764
v 0.06280 0.02210 0.13000 0.06848 0.03190 0.01764
v 0.06280 0.08290 0.13000 0.06848 0.03190 0.01764
v 0.06280 0.08290 0.13000 0.06848 0.03190 0.01764
v 0.06280 0.02210 0.13000 0.06848 0.03190 0.01764
v 0.05851 0.08290 0.12899 0.06848 0.03190 0.01764
v 0.06280 0.02210 0.13000 0.06848 0.03190 0.01764
v 0.05851 0.02210 0.12899 0.06848 0.03190 0.01764
v 0.05851 0.08290 0.12899 0.06848 0.03190 0.01764
v 0.05851 0.08290 0.12899 0.06848 0.03190 0.01764
v 0.05851 0.02210 0.12899 0.06848 0.03190 0.01764
v 0.05601 0.08290 0.12719 0.06848 0.03190 0.01764
v 0.05851 0.02210 0.12899 0.06848 0.03190 0.01764
v 0.05601 0.02210 0.12719 0.06848 0.03190 0.01764
v 0.05601 0.08290 0.12719 0.06848 0.03190 0.01764
v 0.19039 0.02210 0.12719 0.06848 0.03190 0.01764
v 0.19000 0.01890 0.12680 0.06848 0.03190 0.01764
v 0.18789 0.02210 0.12899 0.06848 0.03190 0.01764
v 0.19000 0.01890 0.12680 0.06848 0.03190 0.01764
v 0.18752 0.01818 0.12824 0.06848 0.03190 0.01764
v 0.18789 0.02210 0.12899 0.06848 0.03190 0.01764
v 0.18789 0.02210 0.12899 0.06848 0.03190 0.01764
v 0.18752 0.01818 0.12824 0.06848 0.03190 0.01764
v 0.18360 0.02210 0.13000 0.06848 0.03190 0.01764
v 0.18752 0.01818 0.12824 0.06848 0.03190 0.01764
v 0.18360 0.01781 0.12899 0.06848 0.03190 0.01764
v 0.18360 0.02210 0.13000 0.06848 0.03190 0.01764
v 0.18360 0.02210 0.13000 0.06848 0.03190 0.01764
v 0.18360 0.01781 0.12899 0.06848 0.03190 0.01764
v 0.06280 0.02210 0.13000 0.06848 0.03190 0.01764
v 0.18360 0.01781 0.12899 0.06848 0.03190 0.01764
v 0.06280 0.01781 0.12899 0.06848 0.03190 0.01764
v 0.06280 0.02210 0.13000 0.06848 0.03190 0.01764
v 0.06280 0.02210 0.13000 0.06848 0.03190 0.01764
v 0.06280 0.01781 0.12899 0.06848 0.03190 0.01764
v 0.05851 0.02210 0.12899 0.06848 0.03190 0.01764
v 0.06280 0.01781 0.12899 0.06848 0.03190 0.01764
v 0.05888 0.01818 0.12824 0.06848 0.03190 0.01764
v 0.05851 0.02210 0.12899 0.06848 0.03190 0.01764
v 0.05851 0.02210 0.12899 0.06848 0.03190 0.01764
v 0.05888 0.01818 0.12824 0.06848 0.03190 0.01764
v 0.05601 0.02210 0.12719 0.06848 0.03190 0.01764
v 0.05888 0.01818 0.12824 0.06848 0.03190 0.01764
v 0.05640 0.01890 0.12680 0.06848 0.03190 0.01764
v 0.05601 0.02210 0.12719 0.06848 0.03190 0.01764
v 0.19000 0.01890 0.12680 0.06848 0.03190 0.01764
v 0.18914 0.01656 0.12594 0.06848 0.03190 0.01764
v 0.18752 0.01818 0.12824 0.06848 0.03190 0.01764
v 0.18914 0.01656 0.12594 0.06848 0.03190 0.01764
v 0.18680 0.01570 0.12680 0.06848 0.03190 0.01764
v 0.18752 0.01818 0.12824 0.06848 0.03190 0.01764
v 0.18752 0.01818 0.12824 0.06848 0.03190 0.01764
v 0.18680 0.01570 0.12680 0.06848 0.03190 0.01764
v 0.18360 0.01781 0.12899 0.06848 0.03190 0.01764
v 0.18680 0.01570 0.12680 0.06848 0.03190 0.01764
v 0.18360 0.01531 0.12719 0.06848 0.03190 0.01764
v 0.18360 0.01781 0.12899 0.06848 0.03190 0.01764
v 0.18360 0.01781 0.12899 0.06848 0.03190 0.01764
v 0.18360 0.01531 0.12719 0.06848 0.03190 0.01764
v 0.06280 0.01781 0.12899 0.06848 0.03190 0.01764
v 0.18360 0.01531 0.12719 0.06848 0.03190 0.01764
v 0.06280 0.01531 0.12719 0.06848 0.03190 0.01764
v 0.06280 0.01781 0.12899 0.06848 0.03190 0.01764
v 0.06280 0.01781 0.12899 0.06848 0.03190 0.01764
v 0.06280 0.01531 0.12719 0.06848 0.03190 0.01764
v 0.05888 0.01818 0.12824 0.06848 0.03190 0.01764
v 0.06280 0.01531 0.12719 0.06848 0.03190 0.01764
v 0.05960 0.01570 0.12680 0.06848 0.03190 0.01764
v 0.05888 0.01818 0.12824 0.06848 0.03190 0.01764
v 0.05888 0.01818 0.12824 0.06848 0.03190 0.01764
v 0.05960 0.01570 0.12680 0.06848 0.03190 0.01764
v 0.05640 0.01890 0.12680 0.06848 0.03190 0.01764
v 0.05960 0.01570 0.12680 0.06848 0.03190 0.01764
v 0.05726 0.01656 0.12594 0.06848 0.03190 0.01764
v 0.05640 0.01890 0.12680 0.06848 0.03190 0.01764
v 0.05726 0.08844 -0.06594 0.06848 0.03190 0.01764
v 0.05640 0.08610 -0.06680 0.06848 0.03190 0.01764
v 0.05960 0.08930 -0.06680 0.06848 0.03190 0.01764
v 0.05640 0.08610 -0.06680 0.06848 0.03190 0.01764
v 0.05888 0.08682 -0.06824 0.06848 0.03190 0.01764
v 0.05960 0.08930 -0.06680 0.06848 0.03190 0.01764
v 0.05960 0.08930 -0.06680 0.06848 0.03190 0.01764
v 0.05888 0.08682 -0.06824 0.06848 0.03190 0.01764
v 0.06280 0.08969 -0.06719 0.06848 0.03190 0.01764
v 0.05888 0.08682 -0.06824 0.06848 0.03190 0.01764
v 0.06280 0.08719 -0.06899 0.06848 0.03190 0.01764
v 0.06280 0.08969 -0.06719 0.06848 0.03190 0.01764
v 0.06280 0.08969 -0.06719 0.06848 0.03190 0.01764
v 0.06280 0.08719 -0.06899 0.06848 0.03190 0.01764
v 0.18360 0.08969 -0.06719 0.06848 0.03190 0.01764
v 0.06280 0.08719 -0.06899 0.06848 0.03190 0.01764
v 0.18360 0.08719 -0.06899 0.06848 0.03190 0.01764
v 0.18360 0.08969 -0.06719 0.06848 0.03190 0.01764
v 0.18360 0.08969 -0.06719 0.06848 0.03190 0.01764
v 0.18360 0.08719 -0.06899 0.06848 0.03190 0.01764
v 0.18680 0.08930 -0.06680 0.06848 0.03190 0.01764
v 0.18360 0.08719 -0.06899 0.06848 0.03190 0.01764
v 0.18752 0.08682 -0.06824 0.06848 0.03190 0.01764
v 0.18680 0.08930 -0.06680 0.06848 0.03190 0.01764
v 0.18680 0.08930 -0.06680 0.06848 0.03190 0.01764
v 0.18752 0.08682 -0.06824 0.06848 0.03190 0.01764
v 0.18914 0.08844 -0.06594 0.06848 0.03190 0.01764
v 0.18752 0.08682 -0.06824 0.06848 0.03190 0.01764
v 0.19000 0.08610 -0.06680 0.06848 0.03190 0.01764
v 0.18914 0.08844 -0.06594 0.06848 0.03190 0.01764
v 0.05640 0.08610 -0.06680 0.06848 0.03190 0.01764
v 0.05601 0.08290 -0.06719 0.06848 0.03190 0.01764
v 0.05888 0.08682 -0.06824 0.06848 0.03190 0.01764
v 0.05601 0.08290 -0.06719 0.06848 0.03190 0.01764
v 0.05851 0.08290 -0.06899 0.06848 0.03190 0.01764
v 0.05888 0.08682 -0.06824 0.06848 0.03190 0.01764
v 0.05888 0.08682 -0.06824 0.06848 0.03190 0.01764
v 0.05851 0.08290 -0.06899 0.06848 0.03190 0.01764
v 0.06280 0.08719 -0.06899 0.06848 0.03190 0.01764
v 0.05851 0.08290 -0.06899 0.06848 0.03190 0.01764
v 0.06280 0.08290 -0.07000 0.06848 0.03190 0.01764
v 0.06280 0.08719 -0.06899 0.06848 0.03190 0.01764
v 0.06280 0.08719 -0.06899 0.06848 0.03190 0.01764
v 0.06280 0.08290 -0.07000 0.06848 0.03190 0.01764
v 0.18360 0.08719 -0.06899 0.06848 0.03190 0.01764
v 0.06280 0.08290 -0.07000 0.06848 0.03190 0.01764
v 0.18360 0.08290 -0.07000 0.06848 0.03190 0.01764
v 0.18360 0.08719 -0.06899 0.06848 0.03190 0.01764
v 0.18360 0.08719 -0.06899 0.06848 0.03190 0.01764
v 0.18360 0.08290 -0.07000 0.06848 0.03190 0.01764
v 0.18752 0.08682 -0.06824 0.06848 0.03190 0.01764
v 0.18360 0.08290 -0.07000 0.06848 0.03190 0.01764
v 0.18789 0.08290 -0.06899 0.06848 0.03190 0.01764
v 0.18752 0.08682 -0.06824 0.06848 0.03190 0.01764
v 0.18752 0.08682 -0.06824 0.06848 0.03190 0.01764
v 0.18789 0.08290 -0.06899 0.06848 0.03190 0.01764
v 0.19000 0.08610 -0.06680 0.06848 0.03190 0.01764
v 0.18789 0.08290 -0.06899 0.06848 0.03190 0.01764
v 0.19039 0.08290 -0.06719 0.06848 0.03190 0.01764
v 0.19000 0.08610 -0.06680 0.06848 0.03190 0.01764
v 0.05601 0.08290 -0.06719 0.06848 0.03190 0.01764
v 0.05601 0.02210 -0.06719 0.06848 0.03190 0.01764
v 0.05851 0.08290 -0.06899 0.06848 0.03190 0.01764
v 0.05601 0.02210 -0.06719 0.06848 0.03190 0.01764
v 0.05851 0.02210 -0.06899 0.06848 0.03190 0.01764
v 0.05851 0.08290 -0.06899 0.06848 0.03190 0.01764
v 0.05851 0.08290 -0.06899 0.06848 0.03190 0.01764
v 0.05851 0.02210 -0.06899 0.06848 0.03190 0.01764
v 0.06280 0.08290 -0.07000 0.06848 0.03190 0.01764
v 0.05851 0.02210 -0.06899 0.06848 0.03190 0.01764
v 0.06280 0.02210 -0.07000 0.06848 0.03190 0.01764
v 0.06280 0.08290 -0.07000 0.06848 0.03190 0.01764
v 0.06280 0.08290 -0.07000 0.06848 0.03190 0.01764
v 0.06280 0.02210 -0.07000 0.06848 0.03190 0.01764
v 0.18360 0.08290 -0.07000 0.06848 0.03190 0.01764
v 0.06280 0.02210 -0.07000 0.06848 0.03190 0.01764
v 0.18360 0.02210 -0.07000 0.06848 0.03190 0.01764
v 0.18360 0.08290 -0.07000 0.06848 0.03190 0.01764
v 0.18360 0.08290 -0.07000 0.06848 0.03190 0.01764
v 0.18360 0.02210 -0.07000 0.06848 0.03190 0.01764
v 0.18789 0.08290 -0.06899 0.06848 0.03190 0.01764
v 0.18360 0.02210 -0.07000 0.06848 0.03190 0.01764
v 0.18789 0.02210 -0.06899 0.06848 0.03190 0.01764
v 0.18789 0.08290 -0.06899 0.06848 0.03190 0.01764
v 0.18789 0.08290 -0.06899 0.06848 0.03190 0.01764
v 0.18789 0.02210 -0.06899 0.06848 0.03190 0.01764
v 0.19039 0.08290 -0.06719 0.06848 0.03190 0.01764
v 0.18789 0.02210 -0.06899 0.06848 0.03190 0.01764
v 0.19039 0.02210 -0.06719 0.06848 0.03190 0.01764
v 0.19039 0.08290 -0.06719 0.06848 0.03190 0.01764
v 0.05601 0.02210 -0.06719 0.06848 0.03190 0.01764
v 0.05640 0.01890 -0.06680 0.06848 0.03190 0.01764
v 0.05851 0.02210 -0.06899 0.06848 0.03190 0.01764
v 0.05640 0.01890 -0.06680 0.06848 0.03190 0.01764
v 0.05888 0.01818 -0.06824 0.06848 0.03190 0.01764
v 0.05851 0.02210 -0.06899 0.06848 0.03190 0.01764
v 0.05851 0.02210 -0.06899 0.06848 0.03190 0.01764
v 0.05888 0.01818 -0.06824 0.06848 0.03190 0.01764
v 0.06280 0.02210 -0.07000 0.06848 0.03190 0.01764
v 0.05888 0.01818 -0.06824 0.06848 0.03190 0.01764
v 0.06280 0.01781 -0.06899 0.06848 0.03190 0.01764
v 0.06280 0.02210 -0.07000 0.06848 0.03190 0.01764
v 0.06280 0.02210 -0.07000 0.06848 0.03190 0.01764
v 0.06280 0.01781 -0.06899 0.06848 0.03190 0.01764
v 0.18360 0.02210 -0.07000 0.06848 0.03190 0.01764
v 0.06280 0.01781 -0.06899 0.06848 0.03190 0.01764
v 0.18360 0.01781 -0.06899 0.06848 0.03190 0.01764
v 0.18360 0.02210 -0.07000 0.06848 0.03190 0.01764
v 0.18360 0.02210 -0.07000 0.06848 0.03190 0.01764
v 0.18360 0.01781 -0.06899 0.06848 0.03190 0.01764
v 0.18789 0.02210 -0.06899 0.06848 0.03190 0.01764
v 0.18360 0.01781 -0.06899 0.06848 0.03190 0.01764
v 0.18752 0.01818 -0.06824 0.06848 0.03190 0.01764
v 0.18789 0.02210 -0.06899 0.06848 0.03190 0.01764
v 0.18789 0.02210 -0.06899 0.06848 0.03190 0.01764
v 0.18752 0.01818 -0.06824 0.06848 0.03190 0.01764
v 0.19039 0.02210 -0.06719 0.06848 0.03190 0.01764
v 0.18752 0.01818 -0.06824 0.06848 0.03190 0.01764
v 0.19000 0.01890 -0.06680 0.06848 0.03190 0.01764
v 0.19039 0.02210 -0.06719 0.06848 0.03190 0.01764
v 0.05640 0.01890 -0.06680 0.06848 0.03190 0.01764
v 0.05726 0.01656 -0.06594 0.06848 0.03190 0.01764
v 0.05888 0.01818 -0.06824 0.06848 0.03190 0.01764
v 0.05726 0.01656 -0.06594 0.06848 0.03190 0.01764
v 0.05960 0.01570 -0.06680 0.06848 0.03190 0.01764
v 0.05888 0.01818 -0.06824 0.06848 0.03190 0.01764
v 0.05888 0.01818 -0.06824 0.06848 0.03190 0.01764
v 0.05960 0.01570 -0.06680 0.06848 0.03190 0.01764
v 0.06280 0.01781 -0.06899 0.06848 0.03190 0.01764
v 0.05960 0.01570 -0.06680 0.06848 0.03190 0.01764
v 0.06280 0.01531 -0.06719 0.06848 0.03190 0.01764
v 0.06280 0.01781 -0.06899 0.06848 0.03190 0.01764
v 0.06280 0.01781 -0.06899 0.06848 0.03190 0.01764
v 0.06280 0.01531 -0.06719 0.06848 0.03190 0.01764
v 0.18360 0.01781 -0.06899 0.06848 0.03190 0.01764
v 0.06280 0.01531 -0.06719 0.06848 0.03190 0.01764
v 0.18360 0.01531 -0.06719 0.06848 0.03190 0.01764
v 0.18360 0.01781 -0.06899 0.06848 0.03190 0.01764
v 0.18360 0.01781 -0.06899 0.06848 0.03190 0.01764
v 0.18360 0.01531 -0.06719 0.06848 0.03190 0.01764
v 0.18752 0.01818 -0.06824 0.06848 0.03190 0.01764
v 0.18360 0.01531 -0.06719 0.06848 0.03190 0.01764
v 0.18680 0.01570 -0.06680 0.06848 0.03190 0.01764
v 0.18752 0.01818 -0.06824 0.06848 0.03190 0.01764
v 0.18752 0.01818 -0.06824 0.06848 0.03190 0.01764
v 0.18680 0.01570 -0.06680 0.06848 0.03190 0.01764
v 0.19000 0.01890 -0.06680 0.06848 0.03190 0.01764
v 0.18680 0.01570 -0.06680 0.06848 0.03190 0.01764
v 0.18914 0.01656 -0.06594 0.06848 0.03190 0.01764
v 0.19000 0.01890 -0.06680 0.06848 0.03190 0.01764
v -0.12320 0.32125 0.00000 0.06848 0.03190 0.01764
v -0.12320 0.32125 0.00000 0.06848 0.03190 0.01764
v -0.12320 0.32125 0.00000 0.06848 0.03190 0.01764
v -0.12320 0.32125 0.00000 0.06848 0.03190 0.01764
v -0.12320 0.32125 0.00000 0.06848 0.03190 0.01764
v -0.12320 0.32125 0.00000 0.06848 0.03190 0.01764
v -0.12320 0.32125 0.00000 0.06848 0.03190 0.01764
v -0.12320 0.32125 0.00000 0.06848 0.03190 0.01764
v -0.06457 0.30220 0.00000 0.06848 0.03190 0.01764
v -0.08664 0.30220 0.04584 0.06848 0.03190 0.01764
v -0.13625 0.30220 0.05716 0.06848 0.03190 0.01764
v -0.17603 0.30220 0.02544 0.06848 0.03190 0.01764
v -0.17603 0.30220 -0.02544 0.06848 0.03190 0.01764
v -0.13625 0.30220 -0.05716 0.06848 0.03190 0.01764
v -0.08664 0.30220 -0.04584 0.06848 0.03190 0.01764
v -0.06457 0.30220 -0.00000 0.06848 0.03190 0.01764
v -0.02833 0.25232 0.00000 0.06848 0.03190 0.01764
v -0.06405 0.25232 0.07417 0.06848 0.03190 0.01764
v -0.14431 0.25232 0.09249 0.06848 0.03190 0.01764
v -0.20867 0.25232 0.04116 0.06848 0.03190 0.01764
v -0.20867 0.25232 -0.04116 0.06848 0.03190 0.01764
v -0.14431 0.25232 -0.09249 0.06848 0.03190 0.01764
v -0.06405 0.25232 -0.07417 0.06848 0.03190 0.01764
v -0.02833 0.25232 -0.00000 0.06848 0.03190 0.01764
v -0.02833 0.19068 0.00000 0.06848 0.03190 0.01764
v -0.06405 0.19068 0.07417 0.06848 0.03190 0.01764
v -0.14431 0.19068 0.09249 0.06848 0.03190 0.01764
v -0.20867 0.19068 0.04116 0.06848 0.03190 0.01764
v -0.20867 0.19068 -0.04116 0.06848 0.03190 0.01764
v -0.14431 0.19068 -0.09249 0.06848 0.03190 0.01764
v -0.06405 0.19068 -0.07417 0.06848 0.03190 0.01764
v -0.02833 0.19068 -0.00000 0.06848 0.03190 0.01764
v -0.06457 0.14080 0.00000 0.06848 0.03190 0.01764
v -0.08664 0.14080 0.04584 0.06848 0.03190 0.01764
v -0.13625 0.14080 0.05716 0.06848 0.03190 0.01764
v -0.17603 0.14080 0.02544 0.06848 0.03190 0.01764
v -0.17603 0.14080 -0.02544 0.06848 0.03190 0.01764
v -0.13625 0.14080 -0.05716 0.06848 0.03190 0.01764
v -0.08664 0.14080 -0.04584 0.06848 0.03190 0.01764
v -0.06457 0.14080 -0.00000 0.06848 0.03190 0.01764
v -0.12320 0.12175 0.00000 0.06848 0.03190 0.01764
v -0.12320 0.12175 0.00000 0.06848 0.03190 0.01764
v -0.12320 0.12175 0.00000 0.06848 0.03190 0.01764
v -0.12320 0.12175 0.00000 0.06848 0.03190 0.01764
v -0.12320 0.12175 0.00000 0.06848 0.03190 0.01764
v -0.12320 0.12175 0.00000 0.06848 0.03190 0.01764
v -0.12320 0.12175 0.00000 0.06848 0.03190 0.01764
v -0.12320 0.12175 0.00000 0.06848 0.03190 0.01764
v -0.18914 0.08844 0.12594 0.06848 0.03190 0.01764
v -0.19000 0.08610 0.12680 0.06848 0.03190 0.01764
v -0.19000 0.08930 0.12360 0.06848 0.03190 0.01764
v -0.19000 0.08610 0.12680 0.06848 0.03190 0.01764
v -0.19144 0.08682 0.12432 0.06848 0.03190 0.01764
v -0.19000 0.08930 0.12360 0.06848 0.03190 0.01764
v -0.19000 0.08930 0.12360 0.06848 0.03190 0.01764
v -0.19144 0.08682 0.12432 0.06848 0.03190 0.01764
v -0.19039 0.08969 0.12040 0.06848 0.03190 0.01764
v -0.19144 0.08682 0.12432 0.06848 0.03190 0.01764
v -0.19219 0.08719 0.12040 0.06848 0.03190 0.01764
v -0.19039 0.08969 0.12040 0.06848 0.03190 0.01764
v -0.19039 0.08969 0.12040 0.06848 0.03190 0.01764
v -0.19219 0.08719 0.12040 0.06848 0.03190 0.01764
v -0.19039 0.08969 -0.06040 0.06848 0.03190 0.01764
v -0.19219 0.08719 0.12040 0.06848 0.03190 0.01764
v -0.19219 0.08719 -0.06040 0.06848 0.03190 0.01764
v -0.19039 0.08969 -0.06040 0.06848 0.03190 0.01764
v -0.19039 0.08969 -0.06040 0.06848 0.03190 0.01764
v -0.19219 0.08719 -0.06040 0.06848 0.03190 0.01764
v -0.19000 0.08930 -0.06360 0.06848 0.03190 0.01764
v -0.19219 0.08719 -0.06040 0.06848 0.03190 0.01764
v -0.19144 0.08682 -0.06432 0.06848 0.03190 0.01764
v -0.19000 0.08930 -0.06360 0.06848 0.03190 0.01764
v -0.19000 0.08930 -0.06360 0.06848 0.03190 0.01764
v -0.19144 0.08682 -0.06432 0.06848 0.03190 0.01764
v -0.18914 0.08844 -0.06594 0.06848 0.03190 0.01764
v -0.19144 0.08682 -0.06432 0.06848 0.03190 0.01764
v -0.19000 0.08610 -0.06680 0.06848 0.03190 0.01764
v -0.18914 0.08844 -0.06594 0.06848 0.03190 0.01764
v -0.19000 0.08610 0.12680 0.06848 0.03190 0.01764
v -0.19039 0.08290 0.12719 0.06848 0.03190 0.01764
v -0.19144 0.08682 0.12432 0.06848 0.03190 0.01764
v -0.19039 0.08290 0.12719 0.06848 0.03190 0.01764
v -0.19219 0.08290 0.12469 0.06848 0.03190 0.01764
v -0.19144 0.08682 0.12432 0.06848 0.03190 0.01764
v -0.19144 0.08682 0.12432 0.06848 0.03190 0.01764
v -0.19219 0.08290 0.12469 0.06848 0.03190 0.01764
v -0.19219 0.08719 0.12040 0.06848 0.03190 0.01764
v -0.19219 0.08290 0.12469 0.06848 0.03190 0.01764
v -0.19320 0.08290 0.12040 0.06848 0.03190 0.01764
v -0.19219 0.08719 0.12040 0.06848 0.03190 0.01764
v -0.19219 0.08719 0.12040 0.06848 0.03190 0.01764
v -0.19320 0.08290 0.12040 0.06848 0.03190 0.01764
v -0.19219 0.08719 -0.06040 0.06848 0.03190 0.01764
v -0.19320 0.08290 0.12040 0.06848 0.03190 0.01764
v -0.19320 0.08290 -0.06040 0.06848 0.03190 0.01764
v -0.19219 0.08719 -0.06040 0.06848 0.03190 0.01764
v -0.19219 0.08719 -0.06040 0.06848 0.03190 0.01764
v -0.19320 0.08290 -0.06040 0.06848 0.03190 0.01764
v -0.19144 0.08682 -0.06432 0.06848 0.03190 0.01764
v -0.19320 0.08290 -0.06040 0.06848 0.03190 0.01764
v -0.19219 0.08290 -0.06469 0.06848 0.03190 0.01764
v -0.19144 0.08682 -0.06432 0.06848 0.03190 0.01764
v -0.19144 0.08682 -0.06432 0.06848 0.03190 0.01764
v -0.19219 0.08290 -0.06469 0.06848 0.03190 0.01764
v -0.19000 0.08610 -0.06680 0.06848 0.03190 0.01764
v -0.19219 0.08290 -0.06469 0.06848 0.03190 0.01764
v -0.19039 0.08290 -0.06719 0.06848 0.03190 0.01764
v -0.19000 0.08610 -0.06680 0.06848 0.03190 0.01764
v -0.19039 0.08290 0.12719 0.06848 0.03190 0.01764
v -0.19039 0.02210 0.12719 0.06848 0.03190 0.01764
v -0.19219 0.08290 0.12469 0.06848 0.03190 0.01764
v -0.19039 0.02210 0.12719 0.06848 0.03190 0.01764
v -0.19219 0.02210 0.12469 0.06848 0.03190 0.01764
v -0.19219 0.08290 0.12469 0.06848 0.03190 0.01764
v -0.19219 0.08290 0.12469 0.06848 0.03190 0.01764
v -0.19219 0.02210 0.12469 0.06848 0.03190 0.01764
v -0.19320 0.08290 0.12040 0.06848 0.03190 0.01764
v -0.19219 0.02210 0.12469 0.06848 0.03190 0.01764
v -0.19320 0.02210 0.12040 0.06848 0.03190 0.01764
v -0.19320 0.08290 0.12040 0.06848 0.03190 0.01764
v -0.19320 0.08290 0.12040 0.06848 0.03190 0.01764
v -0.19320 0.02210 0.12040 0.06848 0.03190 0.01764
v -0.19320 0.08290 -0.06040 0.06848 0.03190 0.01764
v -0.19320 0.02210 0.12040 0.06848 0.03190 0.01764
v -0.19320 0.02210 -0.06040 0.06848 0.03190 0.01764
v -0.19320 0.08290 -0.06040 0.06848 0.03190 0.01764
v -0.19320 0.08290 -0.06040 0.06848 0.03190 0.01764
v -0.19320 0.02210 -0.06040 0.06848 0.03190 0.01764
v -0.19219 0.08290 -0.06469 0.06848 0.03190 0.01764
v -0.19320 0.02210 -0.06040 0.06848 0.03190 0.01764
v -0.19219 0.02210 -0.06469 0.06848 0.03190 0.01764
v -0.19219 0.08290 -0.06469 0.06848 0.03190 0.01764
v -0.19219 0.08290 -0.06469 0.06848 0.03190 0.01764
v -0.19219 0.02210 -0.06469 0.06848 0.03190 0.01764
v -0.19039 0.08290 -0.06719 0.06848 0.03190 0.01764
v -0.19219 0.02210 -0.06469 0.06848 0.03190 0.01764
v -0.19039 0.02210 -0.06719 0.06848 0.03190 0.01764
v -0.19039 0.08290 -0.06719 0.06848 0.03190 0.01764
v -0.19039 0.02210 0.12719 0.06848 0.03190 0.01764
v -0.19000 0.01890 0.12680 0.06848 0.03190 0.01764
v -0.19219 0.02210 0.12469 0.06848 0.03190 0.01764
v -0.19000 0.01890 0.12680 0.06848 0.03190 0.01764
v -0.19144 0.01818 0.12432 0.06848 0.03190 0.01764
v -0.19219 0.02210 0.12469 0.06848 0.03190 0.01764
v -0.19219 0.02210 0.12469 0.06848 0.03190 0.01764
v -0.19144 0.01818 0.12432 0.06848 0.03190 0.01764
v -0.19320 0.02210 0.12040 0.06848 0.03190 0.01764
v -0.19144 0.01818 0.12432 0.06848 0.03190 0.01764
v -0.19219 0.01781 0.12040 0.06848 0.03190 0.01764
v -0.19320 0.02210 0.12040 0.06848 0.03190 0.01764
v -0.19320 0.02210 0.12040 0.06848 0.03190 0.01764
v -0.19219 0.01781 0.12040 0.06848 0.03190 0.01764
v -0.19320 0.02210 -0.06040 0.06848 0.03190 0.01764
v -0.19219 0.01781 0.12040 0.06848 0.03190 0.01764
v -0.19219 0.01781 -0.06040 0.06848 0.03190 0.01764
v -0.19320 0.02210 -0.06040 0.06848 0.03190 0.01764
v -0.19320 0.02210 -0.06040 0.06848 0.03190 0.01764
v -0.19219 0.01781 -0.06040 0.06848 0.03190 0.01764
v -0.19219 0.02210 -0.06469 0.06848 0.03190 0.01764
v -0.19219 0.01781 -0.06040 0.06848 0.03190 0.01764
v -0.19144 0.01818 -0.06432 0.06848 0.03190 0.01764
v -0.19219 0.02210 -0.06469 0.06848 0.03190 0.01764
v -0.19219 0.02210 -0.06469 0.06848 0.03190 0.01764
v -0.19144 0.01818 -0.06432 0.06848 0.03190 0.01764
v -0.19039 0.02210 -0.06719 0.06848 0.03190 0.01764
v -0.19144 0.01818 -0.06432 0.06848 0.03190 0.01764
v -0.19000 0.01890 -0.06680 0.06848 0.03190 0.01764
v -0.19039 0.02210 -0.06719 0.06848 0.03190 0.01764
v -0.19000 0.01890 0.12680 0.06848 0.03190 0.01764
v -0.18914 0.01656 0.12594 0.06848 0.03190 0.01764
v -0.19144 0.01818 0.12432 0.06848 0.03190 0.01764
v -0.18914 0.01656 0.12594 0.06848 0.03190 0.01764
v -0.19000 0.01570 0.12360 0.06848 0.03190 0.01764
v -0.19144 0.01818 0.12432 0.06848 0.03190 0.01764
v -0.19144 0.01818 0.12432 0.06848 0.03190 0.01764
v -0.19000 0.01570 0.12360 0.06848 0.03190 0.01764
v -0.19219 0.01781 0.12040 0.06848 0.03190 0.01764
v -0.19000 0.01570 0.12360 0.06848 0.03190 0.01764
v -0.19039 0.01531 0.12040 0.06848 0.03190 0.01764
v -0.19219 0.01781 0.12040 0.06848 0.03190 0.01764
v -0.19219 0.01781 0.12040 0.06848 0.03190 0.01764
v -0.19039 0.01531 0.12040 0.06848 0.03190 0.01764
v -0.19219 0.01781 -0.06040 0.06848 0.03190 0.01764
v -0.19039 0.01531 0.12040 0.06848 0.03190 0.01764
v -0.19039 0.01531 -0.06040 0.06848 0.03190 0.01764
v -0.19219 0.01781 -0.06040 0.06848 0.03190 0.01764
v -0.19219 0.01781 -0.06040 0.06848 0.03190 0.01764
v -0.19039 0.01531 -0.06040 0.06848 0.03190 0.01764
v -0.19144 0.01818 -0.06432 0.06848 0.03190 0.01764
v -0.19039 0.01531 -0.06040 0.06848 0.03190 0.01764
v -0.19000 0.01570 -0.06360 0.06848 0.03190 0.01764
v -0.19144 0.01818 -0.06432 0.06848 0.03190 0.01764
v -0.19144 0.01818 -0.06432 0.06848 0.03190 0.01764
v -0.19000 0.01570 -0.06360 0.06848 0.03190 0.01764
v -0.19000 0.01890 -0.06680 0.06848 0.03190 0.01764
v -0.19000 0.01570 -0.06360 0.06848 0.03190 0.01764
v -0.18914 0.01656 -0.06594 0.06848 0.03190 0.01764
v -0.19000 0.01890 -0.06680 0.06848 0.03190 0.01764
v -0.05726 0.08844 -0.06594 0.06848 0.03190 0.01764
v -0.05640 0.08610 -0.06680 0.06848 0.03190 0.01764
v -0.05640 0.08930 -0.06360 0.06848 0.03190 0.01764
v -0.05640 0.08610 -0.06680 0.06848 0.03190 0.01764
v -0.05496 0.08682 -0.06432 0.06848 0.03190 0.01764
v -0.05640 0.08930 -0.06360 0.06848 0.03190 0.01764
v -0.05640 0.08930 -0.06360 0.06848 0.03190 0.01764
v -0.05496 0.08682 -0.06432 0.06848 0.03190 0.01764
v -0.05601 0.08969 -0.06040 0.06848 0.03190 0.01764
v -0.05496 0.08682 -0.06432 0.06848 0.03190 0.01764
v -0.05421 0.08719 -0.06040 0.06848 0.03190 0.01764
v -0.05601 0.08969 -0.06040 0.06848 0.03190 0.01764
v -0.05601 0.08969 -0.06040 0.06848 0.03190 0.01764
v -0.05421 0.08719 -0.06040 0.06848 0.03190 0.01764
v -0.05601 0.08969 0.12040 0.06848 0.03190 0.01764
v -0.05421 0.08719 -0.06040 0.06848 0.03190 0.01764
v -0.05421 0.08719 0.12040 0.06848 0.03190 0.01764
v -0.05601 0.08969 0.12040 0.06848 0.03190 0.01764
v -0.05601 0.08969 0.12040 0.06848 0.03190 0.01764
v -0.05421 0.08719 0.12040 0.06848 0.03190 0.01764
v -0.05640 0.08930 0.12360 0.06848 0.03190 0.01764
v -0.05421 0.08719 0.12040 0.06848 0.03190 0.01764
v -0.05496 0.08682 0.12432 0.06848 0.03190 0.01764
v -0.05640 0.08930 0.12360 0.06848 0.03190 0.01764
v -0.05640 0.08930 0.12360 0.06848 0.03190 0.01764
v -0.05496 0.08682 0.12432 0.06848 0.03190 0.01764
v -0.05726 0.08844 0.12594 0.06848 0.03190 0.01764
v -0.05496 0.08682 0.12432 0.06848 0.03190 0.01764
v -0.05640 0.08610 0.12680 0.06848 0.03190 0.01764
v -0.05726 0.08844 0.12594 0.06848 0.03190 0.01764
v -0.05640 0.08610 -0.06680 0.06848 0.03190 0.01764
v -0.05601 0.08290 -0.06719 0.06848 0.03190 0.01764
v -0.05496 0.08682 -0.06432 0.06848 0.03190 0.01764
v -0.05601 0.08290 -0.06719 0.06848 0.03190 0.01764
v -0.05421 0.08290 -0.06469 0.06848 0.03190 0.01764
v -0.05496 0.08682 -0.06432 0.06848 0.03190 0.01764
v -0.05496 0.08682 -0.06432 0.06848 0.03190 0.01764
v -0.05421 0.08290 -0.06469 0.06848 0.03190 0.01764
v -0.05421 0.08719 -0.06040 0.06848 0.03190 0.01764
v -0.05421 0.08290 -0.06469 0.06848 0.03190 0.01764
v -0.05320 0.08290 -0.06040 0.06848 0.03190 0.01764
v -0.05421 0.08719 -0.06040 0.06848 0.03190 0.01764
v -0.05421 0.08719 -0.06040 0.06848 0.03190 0.01764
v -0.05320 0.08290 -0.06040 0.06848 0.03190 0.01764
v -0.05421 0.08719 0.12040 0.06848 0.03190 0.01764
v -0.05320 0.08290 -0.06040 0.06848 0.03190 0.01764
v -0.05320 0.08290 0.12040 0.06848 0.03190 0.01764
v -0.05421 0.08719 0.12040 0.06848 0.03190 0.01764
v -0.05421 0.08719 0.12040 0.06848 0.03190 0.01764
v -0.05320 0.08290 0.12040 0.06848 0.03190 0.01764
v -0.05496 0.08682 0.12432 0.06848 0.03190 0.01764
v -0.05320 0.08290 0.12040 0.06848 0.03190 0.01764
v -0.05421 0.08290 0.12469 0.06848 0.03190 0.01764
v -0.05496 0.08682 0.12432 0.06848 0.03190 0.01764
v -0.05496 0.08682 0.12432 0.06848 0.03190 0.01764
v -0.05421 0.08290 0.12469 0.06848 0.03190 0.01764
v -0.05640 0.08610 0.12680 0.06848 0.03190 0.01764
v -0.05421 0.08290 0.12469 0.06848 0.03190 0.01764
v -0.05601 0.08290 0.12719 0.06848 0.03190 0.01764
v -0.05640 0.08610 0.12680 0.06848 0.03190 0.01764
v -0.05601 0.08290 -0.06719 0.06848 0.03190 0.01764
v -0.05601 0.02210 -0.06719 0.06848 0.03190 0.01764
v -0.05421 0.08290 -0.06469 0.06848 0.03190 0.01764
v -0.05601 0.02210 -0.06719 0.06848 0.03190 0.01764
v -0.05421 0.02210 -0.06469 0.06848 0.03190 0.01764
v -0.05421 0.08290 -0.06469 0.06848 0.03190 0.01764
v -0.05421 0.08290 -0.06469 0.06848 0.03190 0.01764
v -0.05421 0.02210 -0.06469 0.06848 0.03190 0.01764
v -0.05320 0.08290 -0.06040 0.06848 0.03190 0.01764
v -0.05421 0.02210 -0.06469 0.06848 0.03190 0.01764
v -0.05320 0.02210 -0.06040 0.06848 0.03190 0.01764
v -0.05320 0.08290 -0.06040 0.06848 0.03190 0.01764
v -0.05320 0.08290 -0.06040 0.06848 0.03190 0.01764
v -0.05320 0.02210 -0.06040 0.06848 0.03190 0.01764
v -0.05320 0.08290 0.12040 0.06848 0.03190 0.01764
v -0.05320 0.02210 -0.06040 0.06848 0.03190 0.01764
v -0.05320 0.02210 0.12040 0.06848 0.03190 0.01764
v -0.05320 0.08290 0.12040 0.06848 0.03190 0.01764
v -0.05320 0.08290 0.12040 0.06848 0.03190 0.01764
v -0.05320 0.02210 0.12040 0.06848 0.03190 0.01764
v -0.05421 0.08290 0.12469 0.06848 0.03190 0.01764
v -0.05320 0.02210 0.12040 0.06848 0.03190 0.01764
v -0.05421 0.02210 0.12469 0.06848 0.03190 0.01764
v -0.05421 0.08290 0.12469 0.06848 0.03190 0.01764
v -0.05421 0.08290 0.12469 0.06848 0.03190 0.01764
v -0.05421 0.02210 0.12469 0.06848 0.03190 0.01764
v -0.05601 0.08290 0.12719 0.06848 0.03190 0.01764
v -0.05421 0.02210 0.12469 0.06848 0.03190 0.01764
v -0.05601 0.02210 0.12719 0.06848 0.03190 0.01764
v -0.05601 0.08290 0.12719 0.06848 0.03190 0.01764
v -0.05601 0.02210 -0.06719 0.06848 0.03190 0.01764
v -0.05640 0.01890 -0.06680 0.06848 0.03190 0.01764
v -0.05421 0.02210 -0.06469 0.06848 0.03190 0.01764
v -0.05640 0.01890 -0.06680 0.06848 0.03190 0.01764
v -0.05496 0.01818 -0.06432 0.06848 0.03190 0.01764
v -0.05421 0.02210 -0.06469 0.06848 0.03190 0.01764
v -0.05421 0.02210 -0.06469 0.06848 0.03190 0.01764
v -0.05496 0.01818 -0.06432 0.06848 0.03190 0.01764
v -0.05320 0.02210 -0.06040 0.06848 0.03190 0.01764
v -0.05496 0.01818 -0.06432 0.06848 0.03190 0.01764
v -0.05421 0.01781 -0.06040 0.06848 0.03190 0.01764
v -0.05320 0.02210 -0.06040 0.06848 0.03190 0.01764
v -0.05320 0.02210 -0.06040 0.06848 0.03190 0.01764
v -0.05421 0.01781 -0.06040 0.06848 0.03190 0.01764
v -0.05320 0.02210 0.12040 0.06848 0.03190 0.01764
v -0.05421 0.01781 -0.06040 0.06848 0.03190 0.01764
v -0.05421 0.01781 0.12040 0.06848 0.03190 0.01764
v -0.05320 0.02210 0.12040 0.06848 0.03190 0.01764
v -0.05320 0.02210 0.12040 0.06848 0.03190 0.01764
v -0.05421 0.01781 0.12040 0.06848 0.03190 0.01764
v -0.05421 0.02210 0.12469 0.06848 0.03190 0.01764
v -0.05421 0.01781 0.12040 0.06848 0.03190 0.01764
v -0.05496 0.01818 0.12432 0.06848 0.03190 0.01764
v -0.05421 0.02210 0.12469 0.06848 0.03190 0.01764
v -0.05421 0.02210 0.12469 0.06848 0.03190 0.01764
v -0.05496 0.01818 0.12432 0.06848 0.03190 0.01764
v -0.05601 0.02210 0.12719 0.06848 0.03190 0.01764
v -0.05496 0.01818 0.12432 0.06848 0.03190 0.01764
v -0.05640 0.01890 0.12680 0.06848 0.03190 0.01764
v -0.05601 0.02210 0.12719 0.06848 0.03190 0.01764
v -0.05640 0.01890 -0.06680 0.06848 0.03190 0.01764
v -0.05726 0.01656 -0.06594 0.06848 0.03190 0.01764
v -0.05496 0.01818 -0.06432 0.06848 0.03190 0.01764
v -0.05726 0.01656 -0.06594 0.06848 0.03190 0.01764
v -0.05640 0.01570 -0.06360 0.06848 0.03190 0.01764
v -0.05496 0.01818 -0.06432 0.06848 0.03190 0.01764
v -0.05496 0.01818 -0.06432 0.06848 0.03190 0.01764
v -0.05640 0.01570 -0.06360 0.06848 0.03190 0.01764
v -0.05421 0.01781 -0.06040 0.06848 0.03190 0.01764
v -0.05640 0.01570 -0.06360 0.06848 0.03190 0.01764
v -0.05601 0.01531 -0.06040 0.06848 0.03190 0.01764
v -0.05421 0.01781 -0.06040 0.06848 0.03190 0.01764
v -0.05421 0.01781 -0.06040 0.06848 0.03190 0.01764
v -0.05601 0.01531 -0.06040 0.06848 0.03190 0.01764
v -0.05421 0.01781 0.12040 0.06848 0.03190 0.01764
v -0.05601 0.01531 -0.06040 0.06848 0.03190 0.01764
v -0.05601 0.01531 0.12040 0.06848 0.03190 0.01764
v -0.05421 0.01781 0.12040 0.06848 0.03190 0.01764
v -0.05421 0.01781 0.12040 0.06848 0.03190 0.01764
v -0.05601 0.01531 0.12040 0.06848 0.03190 0.01764
v -0.05496 0.01818 0.12432 0.06848 0.03190 0.01764
v -0.05601 0.01531 0.12040 0.06848 0.03190 0.01764
v -0.05640 0.01570 0.12360 0.06848 0.03190 0.01764
v -0.05496 0.01818 0.12432 0.06848 0.03190 0.01764
v -0.05496 0.01818 0.12432 0.06848 0.03190 0.01764
v -0.05640 0.01570 0.12360 0.06848 0.03190 0.01764
v -0.05640 0.01890 0.12680 0.06848 0.03190 0.01764
v -0.05640 0.01570 0.12360 0.06848 0.03190 0.01764
v -0.05726 0.01656 0.12594 0.06848 0.03190 0.01764
v -0.05640 0.01890 0.12680 0.06848 0.03190 0.01764
v -0.05726 0.08844 -0.06594 0.06848 0.03190 0.01764
v -0.05640 0.08930 -0.06360 0.06848 0.03190 0.01764
v -0.05960 0.08930 -0.06680 0.06848 0.03190 0.01764
v -0.05640 0.08930 -0.06360 0.06848 0.03190 0.01764
v -0.05888 0.09074 -0.06432 0.06848 0.03190 0.01764
v -0.05960 0.08930 -0.06680 0.06848 0.03190 0.01764
v -0.05960 0.08930 -0.06680 0.06848 0.03190 0.01764
v -0.05888 0.09074 -0.06432 0.06848 0.03190 0.01764
v -0.06280 0.08969 -0.06719 0.06848 0.03190 0.01764
v -0.05888 0.09074 -0.06432 0.06848 0.03190 0.01764
v -0.06280 0.09149 -0.06469 0.06848 0.03190 0.01764
v -0.06280 0.08969 -0.06719 0.06848 0.03190 0.01764
v -0.06280 0.08969 -0.06719 0.06848 0.03190 0.01764
v -0.06280 0.09149 -0.06469 0.06848 0.03190 0.01764
v -0.18360 0.08969 -0.06719 0.06848 0.03190 0.01764
v -0.06280 0.09149 -0.06469 0.06848 0.03190 0.01764
v -0.18360 0.09149 -0.06469 0.06848 0.03190 0.01764
v -0.18360 0.08969 -0.06719 0.06848 0.03190 0.01764
v -0.18360 0.08969 -0.06719 0.06848 0.03190 0.01764
v -0.18360 0.09149 -0.06469 0.06848 0.03190 0.01764
v -0.18680 0.08930 -0.06680 0.06848 0.03190 0.01764
v -0.18360 0.09149 -0.06469 0.06848 0.03190 0.01764
v -0.18752 0.09074 -0.06432 0.06848 0.03190 0.01764
v -0.18680 0.08930 -0.06680 0.06848 0.03190 0.01764
v -0.18680 0.08930 -0.06680 0.06848 0.03190 0.01764
v -0.18752 0.09074 -0.06432 0.06848 0.03190 0.01764
v -0.18914 0.08844 -0.06594 0.06848 0.03190 0.01764
v -0.18752 0.09074 -0.06432 0.06848 0.03190 0.01764
v -0.19000 0.08930 -0.06360 0.06848 0.03190 0.01764
v -0.18914 0.08844 -0.06594 0.06848 0.03190 0.01764
v -0.05640 0.08930 -0.06360 0.06848 0.03190 0.01764
v -0.05601 0.08969 -0.06040 0.06848 0.03190 0.01764
v -0.05888 0.09074 -0.06432 0.06848 0.03190 0.01764
v -0.05601 0.08969 -0.06040 0.06848 0.03190 0.01764
v -0.05851 0.09149 -0.06040 0.06848 0.03190 0.01764
v -0.05888 0.09074 -0.06432 0.06848 0.03190 0.01764
v -0.05888 0.09074 -0.06432 0.06848 0.03190 0.01764
v -0.05851 0.09149 -0.06040 0.06848 0.03190 0.01764
v -0.06280 0.09149 -0.06469 0.06848 0.03190 0.01764
v -0.05851 0.09149 -0.06040 0.06848 0.03190 0.01764
v -0.06280 0.09250 -0.06040 0.06848 0.03190 0.01764
v -0.06280 0.09149 -0.06469 0.06848 0.03190 0.01764
v -0.06280 0.09149 -0.06469 0.06848 0.03190 0.01764
v -0.06280 0.09250 -0.06040 0.06848 0.03190 0.01764
v -0.18360 0.09149 -0.06469 0.06848 0.03190 0.01764
v -0.06280 0.09250 -0.06040 0.06848 0.03190 0.01764
v -0.18360 0.09250 -0.06040 0.06848 0.03190 0.01764
v -0.18360 0.09149 -0.06469 0.06848 0.03190 0.01764
v -0.18360 0.09149 -0.06469 0.06848 0.03190 0.01764
v -0.18360 0.09250 -0.06040 0.06848 0.03190 0.01764
v -0.18752 0.09074 -0.06432 0.06848 0.03190 0.01764
v -0.18360 0.09250 -0.06040 0.06848 0.03190 0.01764
v -0.18789 0.09149 -0.06040 0.06848 0.03190 0.01764
v -0.18752 0.09074 -0.06432 0.06848 0.03190 0.01764
v -0.18752 0.09074 -0.06432 0.06848 0.03190 0.01764
v -0.18789 0.09149 -0.06040 0.06848 0.03190 0.01764
v -0.19000 0.08930 -0.06360 0.06848 0.03190 0.01764
v -0.18789 0.09149 -0.06040 0.06848 0.03190 0.01764
v -0.19039 0.08969 -0.06040 0.06848 0.03190 0.01764
v -0.19000 0.08930 -0.06360 0.06848 0.03190 0.01764
v -0.05601 0.08969 -0.06040 0.06848 0.03190 0.01764
v -0.05601 0.08969 0.12040 0.06848 0.03190 0.01764
v -0.05851 0.09149 -0.06040 0.06848 0.03190 0.01764
v -0.05601 0.08969 0.12040 0.06848 0.03190 0.01764
v -0.05851 0.09149 0.12040 0.06848 0.03190 0.01764
v -0.05851 0.09149 -0.06040 0.06848 0.03190 0.01764
v -0.05851 0.09149 -0.06040 0.06848 0.03190 0.01764
v -0.05851 0.09149 0.12040 0.06848 0.03190 0.01764
v -0.06280 0.09250 -0.06040 0.06848 0.03190 0.01764
v -0.05851 0.09149 0.12040 0.06848 0.03190 0.01764
v -0.06280 0.09250 0.12040 0.06848 0.03190 0.01764
v -0.06280 0.09250 -0.06040 0.06848 0.03190 0.01764
v -0.06280 0.09250 -0.06040 0.06848 0.03190 0.01764
v -0.06280 0.09250 0.12040 0.06848 0.03190 0.01764
v -0.18360 0.09250 -0.06040 0.06848 0.03190 0.01764
v -0.06280 0.09250 0.12040 0.06848 0.03190 0.01764
v -0.18360 0.09250 0.12040 0.06848 0.03190 0.01764
v -0.18360 0.09250 -0.06040 0.06848 0.03190 0.01764
v -0.18360 0.09250 -0.06040 0.06848 0.03190 0.01764
v -0.18360 0.09250 0.12040 0.06848 0.03190 0.01764
v -0.18789 0.09149 -0.06040 0.06848 0.03190 0.01764
v -0.18360 0.09250 0.12040 0.06848 0.03190 0.01764
v -0.18789 0.09149 0.12040 0.06848 0.03190 0.01764
v -0.18789 0.09149 -0.06040 0.06848 0.03190 0.01764
v -0.18789 0.09149 -0.06040 0.06848 0.03190 0.01764
v -0.18789 0.09149 0.12040 0.06848 0.03190 0.01764
v -0.19039 0.08969 -0.06040 0.06848 0.03190 0.01764
v -0.18789 0.09149 0.12040 0.06848 0.03190 0.01764
v -0.19039 0.08969 0.12040 0.06848 0.03190 0.01764
v -0.19039 0.08969 -0.06040 0.06848 0.03190 0.01764
v -0.05601 0.08969 0.12040 0.06848 0.03190 0.01764
v -0.05640 0.08930 0.12360 0.06848 0.03190 0.01764
v -0.05851 0.09149 0.12040 0.06848 0.03190 0.01764
v -0.05640 0.08930 0.12360 0.06848 0.03190 0.01764
v -0.05888 0.09074 0.12432 0.06848 0.03190 0.01764
v -0.05851 0.09149 0.12040 0.06848 0.03190 0.01764
v -0.05851 0.09149 0.12040 0.06848 0.03190 0.01764
v -0.05888 0.09074 0.12432 0.06848 0.03190 0.01764
v -0.06280 0.09250 0.12040 0.06848 0.03190 0.01764
v -0.05888 0.09074 0.12432 0.06848 0.03190 0.01764
v -0.06280 0.09149 0.12469 0.06848 0.03190 0.01764
v -0.06280 0.09250 0.12040 0.06848 0.03190 0.01764
v -0.06280 0.09250 0.12040 0.06848 0.03190 0.01764
v -0.06280 0.09149 0.12469 0.06848 0.03190 0.01764
v -0.18360 0.09250 0.12040 0.06848 0.03190 0.01764
v -0.06280 0.09149 0.12469 0.06848 0.03190 0.01764
v -0.18360 0.09149 0.12469 0.06848 0.03190 0.01764
v -0.18360 0.09250 0.12040 0.06848 0.03190 0.01764
v -0.18360 0.09250 0.12040 0.06848 0.03190 0.01764
v -0.18360 0.09149 0.12469 0.06848 0.03190 0.01764
v -0.18789 0.09149 0.12040 0.06848 0.03190 0.01764
v -0.18360 0.09149 0.12469 0.06848 0.03190 0.01764
v -0.18752 0.09074 0.12432 0.06848 0.03190 0.01764
v -0.18789 0.09149 0.12040 0.06848 0.03190 0.01764
v -0.18789 0.09149 0.12040 0.06848 0.03190 0.01764
v -0.18752 0.09074 0.12432 0.06848 0.03190 0.01764
v -0.19039 0.08969 0.12040 0.06848 0.03190 0.01764
v -0.18752 0.09074 0.12432 0.06848 0.03190 0.01764
v -0.19000 0.08930 0.12360 0.06848 0.03190 0.01764
v -0.19039 0.08969 0.12040 0.06848 0.03190 0.01764
v -0.05640 0.08930 0.12360 0.06848 0.03190 0.01764
v -0.05726 0.08844 0.12594 0.06848 0.03190 0.01764
v -0.05888 0.09074 0.12432 0.06848 0.03190 0.01764
v -0.05726 0.08844 0.12594 0.06848 0.03190 0.01764
v -0.05960 0.08930 0.12680 0.06848 0.03190 0.01764
v -0.05888 0.09074 0.12432 0.06848 0.03190 0.01764
v -0.05888 0.09074 0.12432 0.06848 0.03190 0.01764
v -0.05960 0.08930 0.12680 0.06848 0.03190 0.01764
v -0.06280 0.09149 0.12469 0.06848 0.03190 0.01764
v -0.05960 0.08930 0.12680 0.06848 0.03190 0.01764
v -0.06280 0.08969 0.12719 0.06848 0.03190 0.01764
v -0.06280 0.09149 0.12469 0.06848 0.03190 0.01764
v -0.06280 0.09149 0.12469 0.06848 0.03190 0.01764
v -0.06280 0.08969 0.12719 0.06848 0.03190 0.01764
v -0.18360 0.09149 0.12469 0.06848 0.03190 0.01764
v -0.06280 0.08969 0.12719 0.06848 0.03190 0.01764
v -0.18360 0.08969 0.12719 0.06848 0.03190 0.01764
v -0.18360 0.09149 0.12469 0.06848 0.03190 0.01764
v -0.18360 0.09149 0.12469 0.06848 0.03190 0.01764
v -0.18360 0.08969 0.12719 0.06848 0.03190 0.01764
v -0.18752 0.09074 0.12432 0.06848 0.03190 0.01764
v -0.18360 0.08969 0.12719 0.06848 0.03190 0.01764
v -0.18680 0.08930 0.12680 0.06848 0.03190 0.01764
v -0.18752 0.09074 0.12432 0.06848 0.03190 0.01764
v -0.18752 0.09074 0.12432 0.06848 0.03190 0.01764
v -0.18680 0.08930 0.12680 0.06848 0.03190 0.01764
v -0.19000 0.08930 0.12360 0.06848 0.03190 0.01764
v -0.18680 0.08930 0.12680 0.06848 0.03190 0.01764
v -0.18914 0.08844 0.12594 0.06848 0.03190 0.01764
v -0.19000 0.08930 0.12360 0.06848 0.03190 0.01764
v -0.05726 0.01656 0.12594 0.06848 0.03190 0.01764
v -0.05640 0.01570 0.12360 0.06848 0.03190 0.01764
v -0.05960 0.01570 0.12680 0.06848 0.03190 0.01764
v -0.05640 0.01570 0.12360 0.06848 0.03190 0.01764
v -0.05888 0.01426 0.12432 0.06848 0.03190 0.01764
v -0.05960 0.01570 0.12680 0.06848 0.03190 0.01764
v -0.05960 0.01570 0.12680 0.06848 0.03190 0.01764
v -0.05888 0.01426 0.12432 0.06848 0.03190 0.01764
v -0.06280 0.01531 0.12719 0.06848 0.03190 0.01764
v -0.05888 0.01426 0.12432 0.06848 0.03190 0.01764
v -0.06280 0.01351 0.12469 0.06848 0.03190 0.01764
v -0.06280 0.01531 0.12719 0.06848 0.03190 0.01764
v -0.06280 0.01531 0.12719 0.06848 0.03190 0.01764
v -0.06280 0.01351 0.12469 0.06848 0.03190 0.01764
v -0.18360 0.01531 0.12719 0.06848 0.03190 0.01764
v -0.06280 0.01351 0.12469 0.06848 0.03190 0.01764
v -0.18360 0.01351 0.12469 0.06848 0.03190 0.01764
v -0.18360 0.01531 0.12719 0.06848 0.03190 0.01764
v -0.18360 0.01531 0.12719 0.06848 0.03190 0.01764
v -0.18360 0.01351 0.12469 0.06848 0.03190 0.01764
v -0.18680 0.01570 0.12680 0.06848 0.03190 0.01764
v -0.18360 0.01351 0.12469 0.06848 0.03190 0.01764
v -0.18752 0.01426 0.12432 0.06848 0.03190 0.01764
v -0.18680 0.01570 0.12680 0.06848 0.03190 0.01764
v -0.18680 0.01570 0.12680 0.06848 0.03190 0.01764
v -0.18752 0.01426 0.12432 0.06848 0.03190 0.01764
v -0.18914 0.01656 0.12594 0.06848 0.03190 0.01764
v -0.18752 0.01426 0.12432 0.06848 0.03190 0.01764
v -0.19000 0.01570 0.12360 0.06848 0.03190 0.01764
v -0.18914 0.01656 0.12594 0.06848 0.03190 0.01764
v -0.05640 0.01570 0.12360 0.06848 0.03190 0.01764
v -0.05601 0.01531 0.12040 0.06848 0.03190 0.01764
v -0.05888 0.01426 0.12432 0.06848 0.03190 0.01764
v -0.05601 0.01531 0.12040 0.06848 0.03190 0.01764
v -0.05851 0.01351 0.12040 0.06848 0.03190 0.01764
v -0.05888 0.01426 0.12432 0.06848 0.03190 0.01764
v -0.05888 0.01426 0.12432 0.06848 0.03190 0.01764
v -0.05851 0.01351 0.12040 0.06848 0.03190 0.01764
v -0.06280 0.01351 0.12469 0.06848 0.03190 0.01764
v -0.05851 0.01351 0.12040 0.06848 0.03190 0.01764
v -0.06280 0.01250 0.12040 0.06848 0.03190 0.01764
v -0.06280 0.01351 0.12469 0.06848 0.03190 0.01764
v -0.06280 0.01351 0.12469 0.06848 0.03190 0.01764
v -0.06280 0.01250 0.12040 0.06848 0.03190 0.01764
v -0.18360 0.01351 0.12469 0.06848 0.03190 0.01764
v -0.06280 0.01250 0.12040 0.06848 0.03190 0.01764
v -0.18360 0.01250 0.12040 0.06848 0.03190 0.01764
v -0.18360 0.01351 0.12469 0.06848 0.03190 0.01764
v -0.18360 0.01351 0.12469 0.06848 0.03190 0.01764
v -0.18360 0.01250 0.12040 0.06848 0.03190 0.01764
v -0.18752 0.01426 0.12432 0.06848 0.03190 0.01764
v -0.18360 0.01250 0.12040 0.06848 0.03190 0.01764
v -0.18789 0.01351 0.12040 0.06848 0.03190 0.01764
v -0.18752 0.01426 0.12432 0.06848 0.03190 0.01764
v -0.18752 0.01426 0.12432 0.06848 0.03190 0.01764
v -0.18789 0.01351 0.12040 0.06848 0.03190 0.01764
v -0.19000 0.01570 0.12360 0.06848 0.03190 0.01764
v -0.18789 0.01351 0.12040 0.06848 0.03190 0.01764
v -0.19039 0.01531 0.12040 0.06848 0.03190 0.01764
v -0.19000 0.01570 0.12360 0.06848 0.03190 0.01764
v -0.05601 0.01531 0.12040 0.06848 0.03190 0.01764
v -0.05601 0.01531 -0.06040 0.06848 0.03190 0.01764
v -0.05851 0.01351 0.12040 0.06848 0.03190 0.01764
v -0.05601 0.01531 -0.06040 0.06848 0.03190 0.01764
v -0.05851 0.01351 -0.06040 0.06848 0.03190 0.01764
v -0.05851 0.01351 0.12040 0.06848 0.03190 0.01764
v -0.05851 0.01351 0.12040 0.06848 0.03190 0.01764
v -0.05851 0.01351 -0.06040 0.06848 0.03190 0.01764
v -0.06280 0.01250 0.12040 0.06848 0.03190 0.01764
v -0.05851 0.01351 -0.06040 0.06848 0.03190 0.01764
v -0.06280 0.01250 -0.06040 0.06848 0.03190 0.01764
v -0.06280 0.01250 0.12040 0.06848 0.03190 0.01764
v -0.06280 0.01250 0.12040 0.06848 0.03190 0.01764
v -0.06280 0.01250 -0.06040 0.06848 0.03190 0.01764
v -0.18360 0.01250 0.12040 0.06848 0.03190 0.01764
v -0.06280 0.01250 -0.06040 0.06848 0.03190 0.01764
v -0.18360 0.01250 -0.06040 0.06848 0.03190 0.01764
v -0.18360 0.01250 0.12040 0.06848 0.03190 0.01764
v -0.18360 0.01250 0.12040 0.06848 0.03190 0.01764
v -0.18360 0.01250 -0.06040 0.06848 0.03190 0.01764
v -0.18789 0.01351 0.12040 0.06848 0.03190 0.01764
v -0.18360 0.01250 -0.06040 0.06848 0.03190 0.01764
v -0.18789 0.01351 -0.06040 0.06848 0.03190 0.01764
v -0.18789 0.01351 0.12040 0.06848 0.03190 0.01764
v -0.18789 0.01351 0.12040 0.06848 0.03190 0.01764
v -0.18789 0.01351 -0.06040 0.06848 0.03190 0.01764
v -0.19039 0.01531 0.12040 0.06848 0.03190 0.01764
v -0.18789 0.01351 -0.06040 0.06848 0.03190 0.01764
v -0.19039 0.01531 -0.06040 0.06848 0.03190 0.01764
v -0.19039 0.01531 0.12040 0.06848 0.03190 0.01764
v -0.05601 0.01531 -0.06040 0.06848 0.03190 0.01764
v -0.05640 0.01570 -0.06360 0.06848 0.03190 0.01764
v -0.05851 0.01351 -0.06040 0.06848 0.03190 0.01764
v -0.05640 0.01570 -0.06360 0.06848 0.03190 0.01764
v -0.05888 0.01426 -0.06432 0.06848 0.03190 0.01764
v -0.05851 0.01351 -0.06040 0.06848 0.03190 0.01764
v -0.05851 0.01351 -0.06040 0.06848 0.03190 0.01764
v -0.05888 0.01426 -0.06432 0.06848 0.03190 0.01764
v -0.06280 0.01250 -0.06040 0.06848 0.03190 0.01764
v -0.05888 0.01426 -0.06432 0.06848 0.03190 0.01764
v -0.06280 0.01351 -0.06469 0.06848 0.03190 0.01764
v -0.06280 0.01250 -0.06040 0.06848 0.03190 0.01764
v -0.06280 0.01250 -0.06040 0.06848 0.03190 0.01764
v -0.06280 0.01351 -0.06469 0.06848 0.03190 0.01764
v -0.18360 0.01250 -0.06040 0.06848 0.03190 0.01764
v -0.06280 0.01351 -0.06469 0.06848 0.03190 0.01764
v -0.18360 0.01351 -0.06469 0.06848 0.03190 0.01764
v -0.18360 0.01250 -0.06040 0.06848 0.03190 0.01764
v -0.18360 0.01250 -0.06040 0.06848 0.03190 0.01764
v -0.18360 0.01351 -0.06469 0.06848 0.03190 0.01764
v -0.18789 0.01351 -0.06040 0.06848 0.03190 0.01764
v -0.18360 0.01351 -0.06469 0.06848 0.03190 0.01764
v -0.18752 0.01426 -0.06432 0.06848 0.03190 0.01764
v -0.18789 0.01351 -0.06040 0.06848 0.03190 0.01764
v -0.18789 0.01351 -0.06040 0.06848 0.03190 0.01764
v -0.18752 0.01426 -0.06432 0.06848 0.03190 0.01764
v -0.19039 0.01531 -0.06040 0.06848 0.03190 0.01764
v -0.18752 0.01426 -0.06432 0.06848 0.03190 0.01764
v -0.19000 0.01570 -0.06360 0.06848 0.03190 0.01764
v -0.19039 0.01531 -0.06040 0.06848 0.03190 0.01764
v -0.05640 0.01570 -0.06360 0.06848 0.03190 0.01764
v -0.05726 0.01656 -0.06594 0.06848 0.03190 0.01764
v -0.05888 0.01426 -0.06432 0.06848 0.03190 0.01764
v -0.05726 0.01656 -0.06594 0.06848 0.03190 0.01764
v -0.05960 0.01570 -0.06680 0.06848 0.03190 0.01764
v -0.05888 0.01426 -0.06432 0.06848 0.03190 0.01764
v -0.05888 0.01426 -0.06432 0.06848 0.03190 0.01764
v -0.05960 0.01570 -0.06680 0.06848 0.03190 0.01764
v -0.06280 0.01351 -0.06469 0.06848 0.03190 0.01764
v -0.05960 0.01570 -0.06680 0.06848 0.03190 0.01764
v -0.06280 0.01531 -0.06719 0.06848 0.03190 0.01764
v -0.06280 0.01351 -0.06469 0.06848 0.03190 0.01764
v -0.06280 0.01351 -0.06469 0.06848 0.03190 0.01764
v -0.06280 0.01531 -0.06719 0.06848 0.03190 0.01764
v -0.18360 0.01351 -0.06469 0.06848 0.03190 0.01764
v -0.06280 0.01531 -0.06719 0.06848 0.03190 0.01764
v -0.18360 0.01531 -0.06719 0.06848 0.03190 0.01764
v -0.18360 0.01351 -0.06469 0.06848 0.03190 0.01764
v -0.18360 0.01351 -0.06469 0.06848 0.03190 0.01764
v -0.18360 0.01531 -0.06719 0.06848 0.03190 0.01764
v -0.18752 0.01426 -0.06432 0.06848 0.03190 0.01764
v -0.18360 0.01531 -0.06719 0.06848 0.03190 0.01764
v -0.18680 0.01570 -0.06680 0.06848 0.03190 0.01764
v -0.18752 0.01426 -0.06432 0.06848 0.03190 0.01764
v -0.18752 0.01426 -0.06432 0.06848 0.03190 0.01764
v -0.18680 0.01570 -0.06680 0.06848 0.03190 0.01764
v -0.19000 0.01570 -0.06360 0.06848 0.03190 0.01764
v -0.18680 0.01570 -0.06680 0.06848 0.03190 0.01764
v -0.18914 0.01656 -0.06594 0.06848 0.03190 0.01764
v -0.19000 0.01570 -0.06360 0.06848 0.03190 0.01764
v -0.05726 0.08844 0.12594 0.06848 0.03190 0.01764
v -0.05640 0.08610 0.12680 0.06848 0.03190 0.01764
v -0.05960 0.08930 0.12680 0.06848 0.03190 0.01764
v -0.05640 0.08610 0.12680 0.06848 0.03190 0.01764
v -0.05888 0.08682 0.12824 0.06848 0.03190 0.01764
v -0.05960 0.08930 0.12680 0.06848 0.03190 0.01764
v -0.05960 0.08930 0.12680 0.06848 0.03190 0.01764
v -0.05888 0.08682 0.12824 0.06848 0.03190 0.01764
v -0.06280 0.08969 0.12719 0.06848 0.03190 0.01764
v -0.05888 0.08682 0.12824 0.06848 0.03190 0.01764
v -0.06280 0.08719 0.12899 0.06848 0.03190 0.01764
v -0.06280 0.08969 0.12719 0.06848 0.03190 0.01764
v -0.06280 0.08969 0.12719 0.06848 0.03190 0.01764
v -0.06280 0.08719 0.12899 0.06848 0.03190 0.01764
v -0.18360 0.08969 0.12719 0.06848 0.03190 0.01764
v -0.06280 0.08719 0.12899 0.06848 0.03190 0.01764
v -0.18360 0.08719 0.12899 0.06848 0.03190 0.01764
v -0.18360 0.08969 0.12719 0.06848 0.03190 0.01764
v -0.18360 0.08969 0.12719 0.06848 0.03190 0.01764
v -0.18360 0.08719 0.12899 0.06848 0.03190 0.01764
v -0.18680 0.08930 0.12680 0.06848 0.03190 0.01764
v -0.18360 0.08719 0.12899 0.06848 0.03190 0.01764
v -0.18752 0.08682 0.12824 0.06848 0.03190 0.01764
v -0.18680 0.08930 0.12680 0.06848 0.03190 0.01764
v -0.18680 0.08930 0.12680 0.06848 0.03190 0.01764
v -0.18752 0.08682 0.12824 0.06848 0.03190 0.01764
v -0.18914 0.08844 0.12594 0.06848 0.03190 0.01764
v -0.18752 0.08682 0.12824 0.06848 0.03190 0.01764
v -0.19000 0.08610 0.12680 0.06848 0.03190 0.01764
v -0.18914 0.08844 0.12594 0.06848 0.03190 0.01764
v -0.05640 0.08610 0.12680 0.06848 0.03190 0.01764
v -0.05601 0.08290 0.12719 0.06848 0.03190 0.01764
v -0.05888 0.08682 0.12824 0.06848 0.03190 0.01764
v -0.05601 0.08290 0.12719 0.06848 0.03190 0.01764
v -0.05851 0.08290 0.12899 0.06848 0.03190 0.01764
v -0.05888 0.08682 0.12824 0.06848 0.03190 0.01764
v -0.05888 0.08682 0.12824 0.06848 0.03190 0.01764
v -0.05851 0.08290 0.12899 0.06848 0.03190 0.01764
v -0.06280 0.08719 0.12899 0.06848 0.03190 0.01764
v -0.05851 0.08290 0.12899 0.06848 0.03190 0.01764
v -0.06280 0.08290 0.13000 0.06848 0.03190 0.01764
v -0.06280 0.08719 0.12899 0.06848 0.03190 0.01764
v -0.06280 0.08719 0.12899 0.06848 0.03190 0.01764
v -0.06280 0.08290 0.13000 0.06848 0.03190 0.01764
v -0.18360 0.08719 0.12899 0.06848 0.03190 0.01764
v -0.06280 0.08290 0.13000 0.06848 0.03190 0.01764
v -0.18360 0.08290 0.13000 0.06848 0.03190 0.01764
v -0.18360 0.08719 0.12899 0.06848 0.03190 0.01764
v -0.18360 0.08719 0.12899 0.06848 0.03190 0.01764
v -0.18360 0.08290 0.13000 0.06848 0.03190 0.01764
v -0.18752 0.08682 0.12824 0.06848 0.03190 0.01764
v -0.18360 0.08290 0.13000 0.06848 0.03190 0.01764
v -0.18789 0.08290 0.12899 0.06848 0.03190 0.01764
v -0.18752 0.08682 0.12824 0.06848 0.03190 0.01764
v -0.18752 0.08682 0.12824 0.06848 0.03190 0.01764
v -0.18789 0.08290 0.12899 0.06848 0.03190 0.01764
v -0.19000 0.08610 0.12680 0.06848 0.03190 0.01764
v -0.18789 0.08290 0.12899 0.06848 0.03190 0.01764
v -0.19039 0.08290 0.12719 0.06848 0.03190 0.01764
v -0.19000 0.08610 0.12680 0.06848 0.03190 0.01764
v -0.05601 0.08290 0.12719 0.06848 0.03190 0.01764
v -0.05601 0.02210 0.12719 0.06848 0.03190 0.01764
v -0.05851 0.08290 0.12899 0.06848 0.03190 0.01764
v -0.05601 0.02210 0.12719 0.06848 0.03190 0.01764
v -0.05851 0.02210 0.12899 0.06848 0.03190 0.01764
v -0.05851 0.08290 0.12899 0.06848 0.03190 0.01764
v -0.05851 0.08290 0.12899 0.06848 0.03190 0.01764
v -0.05851 0.02210 0.12899 0.06848 0.03190 0.01764
v -0.06280 0.08290 0.13000 0.06848 0.03190 0.01764
v -0.05851 0.02210 0.12899 0.06848 0.03190 0.01764
v -0.06280 0.02210 0.13000 0.06848 0.03190 0.01764
v -0.06280 0.08290 0.13000 0.06848 0.03190 0.01764
v -0.06280 0.08290 0.13000 0.06848 0.03190 0.01764
v -0.06280 0.02210 0.13000 0.06848 0.03190 0.01764
v -0.18360 0.08290 0.13000 0.06848 0.03190 0.01764
v -0.06280 0.02210 0.13000 0.06848 0.03190 0.01764
v -0.18360 0.02210 0.13000 0.06848 0.03190 0.01764
v -0.18360 0.08290 0.13000 0.06848 0.03190 0.01764
v -0.18360 0.08290 0.13000 0.06848 0.03190 0.01764
v -0.18360 0.02210 0.13000 0.06848 0.03190 0.01764
v -0.18789 0.08290 0.12899 0.06848 0.03190 0.01764
v -0.18360 0.02210 0.13000 0.06848 0.03190 0.01764
v -0.18789 0.02210 0.12899 0.06848 0.03190 0.01764
v -0.18789 0.08290 0.12899 0.06848 0.03190 0.01764
v -0.18789 0.08290 0.12899 0.06848 0.03190 0.01764
v -0.18789 0.02210 0.12899 0.06848 0.03190 0.01764
v -0.19039 0.08290 0.12719 0.06848 0.03190 0.01764
v -0.18789 0.02210 0.12899 0.06848 0.03190 0.01764
v -0.19039 0.02210 0.12719 0.06848 0.03190 0.01764
v -0.19039 0.08290 0.12719 0.06848 0.03190 0.01764
v -0.05601 0.02210 0.12719 0.06848 0.03190 0.01764
v -0.05640 0.01890 0.12680 0.06848 0.03190 0.01764
v -0.05851 0.02210 0.12899 0.06848 0.03190 0.01764
v -0.05640 0.01890 0.12680 0.06848 0.03190 0.01764
v -0.05888 0.01818 0.12824 0.06848 0.03190 0.01764
v -0.05851 0.02210 0.12899 0.06848 0.03190 0.01764
v -0.05851 0.02210 0.12899 0.06848 0.03190 0.01764
v -0.05888 0.01818 0.12824 0.06848 0.03190 0.01764
v -0.06280 0.02210 0.13000 0.06848 0.03190 0.01764
v -0.05888 0.01818 0.12824 0.06848 0.03190 0.01764
v -0.06280 0.01781 0.12899 0.06848 0.03190 0.01764
v -0.06280 0.02210 0.13000 0.06848 0.03190 0.01764
v -0.06280 0.02210 0.13000 0.06848 0.03190 0.01764
v -0.06280 0.01781 0.12899 0.06848 0.03190 0.01764
v -0.18360 0.02210 0.13000 0.06848 0.03190 0.01764
v -0.06280 0.01781 0.12899 0.06848 0.03190 0.01764
v -0.18360 0.01781 0.12899 0.06848 0.03190 0.01764
v -0.18360 0.02210 0.13000 0.06848 0.03190 0.01764
v -0.18360 0.02210 0.13000 0.06848 0.03190 0.01764
v -0.18360 0.01781 0.12899 0.06848 0.03190 0.01764
v -0.18789 0.02210 0.12899 0.06848 0.03190 0.01764
v -0.18360 0.01781 0.12899 0.06848 0.03190 0.01764
v -0.18752 0.01818 0.12824 0.06848 0.03190 0.01764
v -0.18789 0.02210 0.12899 0.06848 0.03190 0.01764
v -0.18789 0.02210 0.12899 0.06848 0.03190 0.01764
v -0.18752 0.01818 0.12824 0.06848 0.03190 0.01764
v -0.19039 0.02210 0.12719 0.06848 0.03190 0.01764
v -0.18752 0.01818 0.12824 0.06848 0.03190 0.01764
v -0.19000 0.01890 0.12680 0.06848 0.03190 0.01764
v -0.19039 0.02210 0.12719 0.06848 0.03190 0.01764
v -0.05640 0.01890 0.12680 0.06848 0.03190 0.01764
v -0.05726 0.01656 0.12594 0.06848 0.03190 0.01764
v -0.05888 0.01818 0.12824 0.06848 0.03190 0.01764
v -0.05726 0.01656 0.12594 0.06848 0.03190 0.01764
v -0.05960 0.01570 0.12680 0.06848 0.03190 0.01764
v -0.05888 0.01818 0.12824 0.06848 0.03190 0.01764
v -0.05888 0.01818 0.12824 0.06848 0.03190 0.01764
v -0.05960 0.01570 0.12680 0.06848 0.03190 0.01764
v -0.06280 0.01781 0.12899 0.06848 0.03190 0.01764
v -0.05960 0.01570 0.12680 0.06848 0.03190 0.01764
v -0.06280 0.01531 0.12719 0.06848 0.03190 0.01764
v -0.06280 0.01781 0.12899 0.06848 0.03190 0.01764
v -0.06280 0.01781 0.12899 0.06848 0.03190 0.01764
v -0.06280 0.01531 0.12719 0.06848 0.03190 0.01764
v -0.18360 0.01781 0.12899 0.06848 0.03190 0.01764
v -0.06280 0.01531 0.12719 0.06848 0.03190 0.01764
v -0.18360 0.01531 0.12719 0.06848 0.03190 0.01764
v -0.18360 0.01781 0.12899 0.06848 0.03190 0.01764
v -0.18360 0.01781 0.12899 0.06848 0.03190 0.01764
v -0.18360 0.01531 0.12719 0.06848 0.03190 0.01764
v -0.18752 0.01818 0.12824 0.06848 0.03190 0.01764
v -0.18360 0.01531 0.12719 0.06848 0.03190 0.01764
v -0.18680 0.01570 0.12680 0.06848 0.03190 0.01764
v -0.18752 0.01818 0.12824 0.06848 0.03190 0.01764
v -0.18752 0.01818 0.12824 0.06848 0.03190 0.01764
v -0.18680 0.01570 0.12680 0.06848 0.03190 0.01764
v -0.19000 0.01890 0.12680 0.06848 0.03190 0.01764
v -0.18680 0.01570 0.12680 0.06848 0.03190 0.01764
v -0.18914 0.01656 0.12594 0.06848 0.03190 0.01764
v -0.19000 0.01890 0.12680 0.06848 0.03190 0.01764
v -0.18914 0.08844 -0.06594 0.06848 0.03190 0.01764
v -0.19000 0.08610 -0.06680 0.06848 0.03190 0.01764
v -0.18680 0.08930 -0.06680 0.06848 0.03190 0.01764
v -0.19000 0.08610 -0.06680 0.06848 0.03190 0.01764
v -0.18752 0.08682 -0.06824 0.06848 0.03190 0.01764
v -0.18680 0.08930 -0.06680 0.06848 0.03190 0.01764
v -0.18680 0.08930 -0.06680 0.06848 0.03190 0.01764
v -0.18752 0.08682 -0.06824 0.06848 0.03190 0.01764
v -0.18360 0.08969 -0.06719 0.06848 0.03190 0.01764
v -0.18752 0.08682 -0.06824 0.06848 0.03190 0.01764
v -0.18360 0.08719 -0.06899 0.06848 0.03190 0.01764
v -0.18360 0.08969 -0.06719 0.06848 0.03190 0.01764
v -0.18360 0.08969 -0.06719 0.06848 0.03190 0.01764
v -0.18360 0.08719 -0.06899 0.06848 0.03190 0.01764
v -0.06280 0.08969 -0.06719 0.06848 0.03190 0.01764
v -0.18360 0.08719 -0.06899 0.06848 0.03190 0.01764
v -0.06280 0.08719 -0.06899 0.06848 0.03190 0.01764
v -0.06280 0.08969 -0.06719 0.06848 0.03190 0.01764
v -0.06280 0.08969 -0.06719 0.06848 0.03190 0.01764
v -0.06280 0.08719 -0.06899 0.06848 0.03190 0.01764
v -0.05960 0.08930 -0.06680 0.06848 0.03190 0.01764
v -0.06280 0.08719 -0.06899 0.06848 0.03190 0.01764
v -0.05888 0.08682 -0.06824 0.06848 0.03190 0.01764
v -0.05960 0.08930 -0.06680 0.06848 0.03190 0.01764
v -0.05960 0.08930 -0.06680 0.06848 0.03190 0.01764
v -0.05888 0.08682 -0.06824 0.06848 0.03190 0.01764
v -0.05726 0.08844 -0.06594 0.06848 0.03190 0.01764
v -0.05888 0.08682 -0.06824 0.06848 0.03190 0.01764
v -0.05640 0.08610 -0.06680 0.06848 0.03190 0.01764
v -0.05726 0.08844 -0.06594 0.06848 0.03190 0.01764
v -0.19000 0.08610 -0.06680 0.06848 0.03190 0.01764
v -0.19039 0.08290 -0.06719 0.06848 0.03190 0.01764
v -0.18752 0.08682 -0.06824 0.06848 0.03190 0.01764
v -0.19039 0.08290 -0.06719 0.06848 0.03190 0.01764
v -0.18789 0.08290 -0.06899 0.06848 0.03190 0.01764
v -0.18752 0.08682 -0.06824 0.06848 0.03190 0.01764
v -0.18752 0.08682 -0.06824 0.06848 0.03190 0.01764
v -0.18789 0.08290 -0.06899 0.06848 0.03190 0.01764
v -0.18360 0.08719 -0.06899 0.06848 0.03190 0.01764
v -0.18789 0.08290 -0.06899 0.06848 0.03190 0.01764
v -0.18360 0.08290 -0.07000 0.06848 0.03190 0.01764
v -0.18360 0.08719 -0.06899 0.06848 0.03190 0.01764
v -0.18360 0.08719 -0.06899 0.06848 0.03190 0.01764
v -0.18360 0.08290 -0.07000 0.06848 0.03190 0.01764
v -0.06280 0.08719 -0.06899 0.06848 0.03190 0.01764
v -0.18360 0.08290 -0.07000 0.06848 0.03190 0.01764
v -0.06280 0.08290 -0.07000 0.06848 0.03190 0.01764
v -0.06280 0.08719 -0.06899 0.06848 0.03190 0.01764
v -0.06280 0.08719 -0.06899 0.06848 0.03190 0.01764
v -0.06280 0.08290 -0.07000 0.06848 0.03190 0.01764
v -0.05888 0.08682 -0.06824 0.06848 0.03190 0.01764
v -0.06280 0.08290 -0.07000 0.06848 0.03190 0.01764
v -0.05851 0.08290 -0.06899 0.06848 0.03190 0.01764
v -0.05888 0.08682 -0.06824 0.06848 0.03190 0.01764
v -0.05888 0.08682 -0.06824 0.06848 0.03190 0.01764
v -0.05851 0.08290 -0.06899 0.06848 0.03190 0.01764
v -0.05640 0.08610 -0.06680 0.06848 0.03190 0.01764
v -0.05851 0.08290 -0.06899 0.06848 0.03190 0.01764
v -0.05601 0.08290 -0.06719 0.06848 0.03190 0.01764
v -0.05640 0.08610 -0.06680 0.06848 0.03190 0.01764
v -0.19039 0.08290 -0.06719 0.06848 0.03190 0.01764
v -0.19039 0.02210 -0.06719 0.06848 0.03190 0.01764
v -0.18789 0.08290 -0.06899 0.06848 0.03190 0.01764
v -0.19039 0.02210 -0.06719 0.06848 0.03190 0.01764
v -0.18789 0.02210 -0.06899 0.06848 0.03190 0.01764
v -0.18789 0.08290 -0.06899 0.06848 0.03190 0.01764
v -0.18789 0.08290 -0.06899 0.06848 0.03190 0.01764
v -0.18789 0.02210 -0.06899 0.06848 0.03190 0.01764
v -0.18360 0.08290 -0.07000 0.06848 0.03190 0.01764
v -0.18789 0.02210 -0.06899 0.06848 0.03190 0.01764
v -0.18360 0.02210 -0.07000 0.06848 0.03190 0.01764
v -0.18360 0.08290 -0.07000 0.06848 0.03190 0.01764
v -0.18360 0.08290 -0.07000 0.06848 0.03190 0.01764
v -0.18360 0.02210 -0.07000 0.06848 0.03190 0.01764
v -0.06280 0.08290 -0.07000 0.06848 0.03190 0.01764
v -0.18360 0.02210 -0.07000 0.06848 0.03190 0.01764
v -0.06280 0.02210 -0.07000 0.06848 0.03190 0.01764
v -0.06280 0.08290 -0.07000 0.06848 0.03190 0.01764
v -0.06280 0.08290 -0.07000 0.06848 0.03190 0.01764
v -0.06280 0.02210 -0.07000 0.06848 0.03190 0.01764
v -0.05851 0.08290 -0.06899 0.06848 0.03190 0.01764
v -0.06280 0.02210 -0.07000 0.06848 0.03190 0.01764
v -0.05851 0.02210 -0.06899 0.06848 0.03190 0.01764
v -0.05851 0.08290 -0.06899 0.06848 0.03190 0.01764
v -0.05851 0.08290 -0.06899 0.06848 0.03190 0.01764
v -0.05851 0.02210 -0.06899 0.06848 0.03190 0.01764
v -0.05601 0.08290 -0.06719 0.06848 0.03190 0.01764
v -0.05851 0.02210 -0.06899 0.06848 0.03190 0.01764
v -0.05601 0.02210 -0.06719 0.06848 0.03190 0.01764
v -0.05601 0.08290 -0.06719 0.06848 0.03190 0.01764
v -0.19039 0.02210 -0.06719 0.06848 0.03190 0.01764
v -0.19000 0.01890 -0.06680 0.06848 0.03190 0.01764
v -0.18789 0.02210 -0.06899 0.06848 0.03190 0.01764
v -0.19000 0.01890 -0.06680 0.06848 0.03190 0.01764
v -0.18752 0.01818 -0.06824 0.06848 0.03190 0.01764
v -0.18789 0.02210 -0.06899 0.06848 0.03190 0.01764
v -0.18789 0.02210 -0.06899 0.06848 0.03190 0.01764
v -0.18752 0.01818 -0.06824 0.06848 0.03190 0.01764
v -0.18360 0.02210 -0.07000 0.06848 0.03190 0.01764
v -0.18752 0.01818 -0.06824 0.06848 0.03190 0.01764
v -0.18360 0.01781 -0.06899 0.06848 0.03190 0.01764
v -0.18360 0.02210 -0.07000 0.06848 0.03190 0.01764
v -0.18360 0.02210 -0.07000 0.06848 0.03190 0.01764
v -0.18360 0.01781 -0.06899 0.06848 0.03190 0.01764
v -0.06280 0.02210 -0.07000 0.06848 0.03190 0.01764
v -0.18360 0.01781 -0.06899 0.06848 0.03190 0.01764
v -0.06280 0.01781 -0.06899 0.06848 0.03190 0.01764
v -0.06280 0.02210 -0.07000 0.06848 0.03190 0.01764
v -0.06280 0.02210 -0.07000 0.06848 0.03190 0.01764
v -0.06280 0.01781 -0.06899 0.06848 0.03190 0.01764
v -0.05851 0.02210 -0.06899 0.06848 0.03190 0.01764
v -0.06280 0.01781 -0.06899 0.06848 0.03190 0.01764
v -0.05888 0.01818 -0.06824 0.06848 0.03190 0.01764
v -0.05851 0.02210 -0.06899 0.06848 0.03190 0.01764
v -0.05851 0.02210 -0.06899 0.06848 0.03190 0.01764
v -0.05888 0.01818 -0.06824 0.06848 0.03190 0.01764
v -0.05601 0.02210 -0.06719 0.06848 0.03190 0.01764
v -0.05888 0.01818 -0.06824 0.06848 0.03190 0.01764
v -0.05640 0.01890 -0.06680 0.06848 0.03190 0.01764
v -0.05601 0.02210 -0.06719 0.06848 0.03190 0.01764
v -0.19000 0.01890 -0.06680 0.06848 0.03190 0.01764
v -0.18914 0.01656 -0.06594 0.06848 0.03190 0.01764
v -0.18752 0.01818 -0.06824 0.06848 0.03190 0.01764
v -0.18914 0.01656 -0.06594 0.06848 0.03190 0.01764
v -0.18680 0.01570 -0.06680 0.06848 0.03190 0.01764
v -0.18752 0.01818 -0.06824 0.06848 0.03190 0.01764
v -0.18752 0.01818 -0.06824 0.06848 0.03190 0.01764
v -0.18680 0.01570 -0.06680 0.06848 0.03190 0.01764
v -0.18360 0.01781 -0.06899 0.06848 0.03190 0.01764
v -0.18680 0.01570 -0.06680 0.06848 0.03190 0.01764
v -0.18360 0.01531 -0.06719 0.06848 0.03190 0.01764
v -0.18360 0.01781 -0.06899 0.06848 0.03190 0.01764
v -0.18360 0.01781 -0.06899 0.06848 0.03190 0.01764
v -0.18360 0.01531 -0.06719 0.06848 0.03190 0.01764
v -0.06280 0.01781 -0.06899 0.06848 0.03190 0.01764
v -0.18360 0.01531 -0.06719 0.06848 0.03190 0.01764
v -0.06280 0.01531 -0.06719 0.06848 0.03190 0.01764
v -0.06280 0.01781 -0.06899 0.06848 0.03190 0.01764
v -0.06280 0.01781 -0.06899 0.06848 0.03190 0.01764
v -0.06280 0.01531 -0.06719 0.06848 0.03190 0.01764
v -0.05888 0.01818 -0.06824 0.06848 0.03190 0.01764
v -0.06280 0.01531 -0.06719 0.06848 0.03190 0.01764
v -0.05960 0.01570 -0.06680 0.06848 0.03190 0.01764
v -0.05888 0.01818 -0.06824 0.06848 0.03190 0.01764
v -0.05888 0.01818 -0.06824 0.06848 0.03190 0.01764
v -0.05960 0.01570 -0.06680 0.06848 0.03190 0.01764
v -0.05640 0.01890 -0.06680 0.06848 0.03190 0.01764
v -0.05960 0.01570 -0.06680 0.06848 0.03190 0.01764
v -0.05726 0.01656 -0.06594 0.06848 0.03190 0.01764
v -0.05640 0.01890 -0.06680 0.06848 0.03190 0.01764
f 5822 5824 5823
f 5825 5827 5826
f 5828 5830 5829
f 5831 5833 5832
f 5834 5836 5835
f 5837 5839 5838
f 5840 5842 5841
f 5843 5845 5844
f 5846 5848 5847
f 5849 5851 5850
f 5852 5854 5853
f 5855 5857 5856
f 5858 5860 5859
f 5861 5863 5862
f 5864 5866 5865
f 5867 5869 5868
f 5870 5872 5871
f 5873 5875 5874
f 5876 5878 5877
f 5879 5881 5880
f 5882 5884 5883
f 5885 5887 5886
f 5888 5890 5889
f 5891 5893 5892
f 5894 5896 5895
f 5897 5899 5898
f 5900 5902 5901
f 5903 5905 5904
f 5906 5908 5907
f 5909 5911 5910
f 5912 5914 5913
f 5915 5917 5916
f 5918 5920 5919
f 5921 5923 5922
f 5924 5926 5925
f 5927 5929 5928
f 5930 5932 5931
f 5933 5935 5934
f 5936 5938 5937
f 5939 5941 5940
f 5942 5944 5943
f 5945 5947 5946
f 5948 5950 5949
f 5951 5953 5952
f 5954 5956 5955
f 5957 5959 5958
f 5960 5962 5961
f 5963 5965 5964
f 5966 5968 5967
f 5969 5971 5970
f 5972 5974 5973
f 5975 5977 5976
f 5978 5980 5979
f 5981 5983 5982
f 5984 5986 5985
f 5987 5989 5988
f 5990 5992 5991
f 5993 5995 5994
f 5996 5998 5997
f 5999 6001 6000
f 6002 6004 6003
f 6005 6007 6006
f 6008 6010 6009
f 6011 6013 6012
f 6014 6016 6015
f 6017 6019 6018
f 6020 6022 6021
f 6023 6025 6024
f 6026 6028 6027
f 6029 6031 6030
f 6032 6034 6033
f 6035 6037 6036
f 6038 6040 6039
f 6041 6043 6042
f 6044 6046 6045
f 6047 6049 6048
f 6050 6052 6051
f 6053 6055 6054
f 6056 6058 6057
f 6059 6061 6060
f 6062 6064 6063
f 6065 6067 6066
f 6068 6070 6069
f 6071 6073 6072
f 6074 6076 6075
f 6077 6079 6078
f 6080 6082 6081
f 6083 6085 6084
f 6086 6088 6087
f 6089 6091 6090
f 6092 6094 6093
f 6095 6097 6096
f 6098 6100 6099
f 6101 6103 6102
f 6104 6106 6105
f 6107 6109 6108
f 6110 6112 6111
f 6113 6115 6114
f 6116 6118 6117
f 6119 6121 6120
f 6122 6124 6123
f 6125 6127 6126
f 6128 6130 6129
f 6131 6133 6132
f 6134 6136 6135
f 6137 6139 6138
f 6140 6142 6141
f 6143 6145 6144
f 6146 6148 6147
f 6149 6151 6150
f 6152 6154 6153
f 6155 6157 6156
f 6158 6160 6159
f 6161 6163 6162
f 6164 6166 6165
f 6167 6169 6168
f 6170 6172 6171
f 6173 6175 6174
f 6176 6178 6177
f 6179 6181 6180
f 6182 6184 6183
f 6185 6187 6186
f 6188 6190 6189
f 6191 6193 6192
f 6194 6196 6195
f 6197 6199 6198
f 6200 6202 6201
f 6203 6205 6204
f 6206 6208 6207
f 6209 6211 6210
f 6212 6214 6213
f 6215 6217 6216
f 6218 6220 6219
f 6221 6223 6222
f 6224 6226 6225
f 6227 6229 6228
f 6230 6232 6231
f 6233 6235 6234
f 6236 6238 6237
f 6239 6241 6240
f 6242 6244 6243
f 6245 6247 6246
f 6248 6250 6249
f 6251 6253 6252
f 6254 6256 6255
f 6257 6259 6258
f 6260 6262 6261
f 6263 6265 6264
f 6266 6268 6267
f 6269 6271 6270
f 6272 6274 6273
f 6275 6277 6276
f 6278 6280 6279
f 6281 6283 6282
f 6284 6286 6285
f 6287 6289 6288
f 6290 6292 6291
f 6293 6295 6294
f 6296 6298 6297
f 6299 6301 6300
f 6302 6304 6303
f 6305 6307 6306
f 6308 6310 6309
f 6311 6313 6312
f 6314 6316 6315
f 6317 6319 6318
f 6320 6322 6321
f 6323 6325 6324
f 6326 6328 6327
f 6329 6331 6330
f 6332 6334 6333
f 6335 6337 6336
f 6338 6340 6339
f 6341 6343 6342
f 6344 6346 6345
f 6347 6349 6348
f 6350 6352 6351
f 6353 6355 6354
f 6356 6358 6357
f 6359 6361 6360
f 6362 6364 6363
f 6365 6367 6366
f 6368 6370 6369
f 6371 6373 6372
f 6374 6376 6375
f 6377 6379 6378
f 6380 6382 6381
f 6383 6385 6384
f 6386 6388 6387
f 6389 6391 6390
f 6392 6394 6393
f 6395 6397 6396
f 6398 6400 6399
f 6401 6403 6402
f 6404 6406 6405
f 6407 6409 6408
f 6410 6412 6411
f 6413 6415 6414
f 6416 6418 6417
f 6419 6421 6420
f 6422 6424 6423
f 6425 6427 6426
f 6428 6430 6429
f 6431 6433 6432
f 6434 6436 6435
f 6437 6439 6438
f 6440 6442 6441
f 6443 6445 6444
f 6446 6448 6447
f 6449 6451 6450
f 6452 6454 6453
f 6455 6457 6456
f 6458 6460 6459
f 6461 6463 6462
f 6464 6466 6465
f 6467 6469 6468
f 6470 6472 6471
f 6473 6475 6474
f 6476 6478 6477
f 6479 6481 6480
f 6482 6484 6483
f 6485 6487 6486
f 6488 6490 6489
f 6491 6493 6492
f 6494 6496 6495
f 6497 6499 6498
f 6500 6502 6501
f 6503 6505 6504
f 6506 6508 6507
f 6509 6511 6510
f 6512 6514 6513
f 6515 6517 6516
f 6518 6520 6519
f 6521 6523 6522
f 6524 6526 6525
f 6527 6529 6528
f 6530 6532 6531
f 6533 6535 6534
f 6536 6538 6537
f 6539 6541 6540
f 6542 6544 6543
f 6545 6547 6546
f 6548 6550 6549
f 6551 6553 6552
f 6554 6556 6555
f 6557 6559 6558
f 6560 6562 6561
f 6563 6565 6564
f 6566 6568 6567
f 6569 6571 6570
f 6572 6574 6573
f 6575 6577 6576
f 6578 6580 6579
f 6581 6583 6582
f 6584 6586 6585
f 6587 6589 6588
f 6590 6592 6591
f 6593 6595 6594
f 6596 6598 6597
f 6599 6601 6600
f 6602 6604 6603
f 6605 6607 6606
f 6608 6610 6609
f 6611 6613 6612
f 6614 6616 6615
f 6617 6619 6618
f 6620 6622 6621
f 6623 6625 6624
f 6626 6628 6627
f 6629 6631 6630
f 6632 6634 6633
f 6635 6637 6636
f 6638 6640 6639
f 6641 6643 6642
f 6644 6646 6645
f 6647 6649 6648
f 6650 6652 6651
f 6653 6655 6654
f 6656 6658 6657
f 6659 6661 6660
f 6662 6664 6663
f 6665 6667 6666
f 6668 6670 6669
f 6671 6673 6672
f 6674 6676 6675
f 6677 6679 6678
f 6680 6682 6681
f 6683 6685 6684
f 6686 6688 6687
f 6689 6691 6690
f 6692 6694 6693
f 6695 6697 6696
f 6698 6700 6699
f 6701 6703 6702
f 6704 6706 6705
f 6707 6709 6708
f 6710 6712 6711
f 6713 6715 6714
f 6716 6718 6717
f 6719 6721 6720
f 6722 6731 6730
f 6723 6732 6731
f 6724 6733 6732
f 6725 6734 6733
f 6726 6735 6734
f 6727 6736 6735
f 6728 6737 6736
f 6731 6739 6730
f 6730 6739 6738
f 6732 6740 6731
f 6731 6740 6739
f 6733 6741 6732
f 6732 6741 6740
f 6734 6742 6733
f 6733 6742 6741
f 6735 6743 6734
f 6734 6743 6742
f 6736 6744 6735
f 6735 6744 6743
f 6737 6745 6736
f 6736 6745 6744
f 6739 6747 6738
f 6738 6747 6746
f 6740 6748 6739
f 6739 6748 6747
f 6741 6749 6740
f 6740 6749 6748
f 6742 6750 6741
f 6741 6750 6749
f 6743 6751 6742
f 6742 6751 6750
f 6744 6752 6743
f 6743 6752 6751
f 6745 6753 6744
f 6744 6753 6752
f 6747 6755 6746
f 6746 6755 6754
f 6748 6756 6747
f 6747 6756 6755
f 6749 6757 6748
f 6748 6757 6756
f 6750 6758 6749
f 6749 6758 6757
f 6751 6759 6750
f 6750 6759 6758
f 6752 6760 6751
f 6751 6760 6759
f 6753 6761 6752
f 6752 6761 6760
f 6755 6763 6754
f 6756 6764 6755
f 6757 6765 6756
f 6758 6766 6757
f 6759 6767 6758
f 6760 6768 6759
f 6761 6769 6760
f 6770 6772 6771
f 6773 6775 6774
f 6776 6778 6777
f 6779 6781 6780
f 6782 6784 6783
f 6785 6787 6786
f 6788 6790 6789
f 6791 6793 6792
f 6794 6796 6795
f 6797 6799 6798
f 6800 6802 6801
f 6803 6805 6804
f 6806 6808 6807
f 6809 6811 6810
f 6812 6814 6813
f 6815 6817 6816
f 6818 6820 6819
f 6821 6823 6822
f 6824 6826 6825
f 6827 6829 6828
f 6830 6832 6831
f 6833 6835 6834
f 6836 6838 6837
f 6839 6841 6840
f 6842 6844 6843
f 6845 6847 6846
f 6848 6850 6849
f 6851 6853 6852
f 6854 6856 6855
f 6857 6859 6858
f 6860 6862 6861
f 6863 6865 6864
f 6866 6868 6867
f 6869 6871 6870
f 6872 6874 6873
f 6875 6877 6876
f 6878 6880 6879
f 6881 6883 6882
f 6884 6886 6885
f 6887 6889 6888
f 6890 6892 6891
f 6893 6895 6894
f 6896 6898 6897
f 6899 6901 6900
f 6902 6904 6903
f 6905 6907 6906
f 6908 6910 6909
f 6911 6913 6912
f 6914 6916 6915
f 6917 6919 6918
f 6920 6922 6921
f 6923 6925 6924
f 6926 6928 6927
f 6929 6931 6930
f 6932 6934 6933
f 6935 6937 6936
f 6938 6940 6939
f 6941 6943 6942
f 6944 6946 6945
f 6947 6949 6948
f 6950 6952 6951
f 6953 6955 6954
f 6956 6958 6957
f 6959 6961 6960
f 6962 6964 6963
f 6965 6967 6966
f 6968 6970 6969
f 6971 6973 6972
f 6974 6976 6975
f 6977 6979 6978
f 6980 6982 6981
f 6983 6985 6984
f 6986 6988 6987
f 6989 6991 6990
f 6992 6994 6993
f 6995 6997 6996
f 6998 7000 6999
f 7001 7003 7002
f 7004 7006 7005
f 7007 7009 7008
f 7010 7012 7011
f 7013 7015 7014
f 7016 7018 7017
f 7019 7021 7020
f 7022 7024 7023
f 7025 7027 7026
f 7028 7030 7029
f 7031 7033 7032
f 7034 7036 7035
f 7037 7039 7038
f 7040 7042 7041
f 7043 7045 7044
f 7046 7048 7047
f 7049 7051 7050
f 7052 7054 7053
f 7055 7057 7056
f 7058 7060 7059
f 7061 7063 7062
f 7064 7066 7065
f 7067 7069 7068
f 7070 7072 7071
f 7073 7075 7074
f 7076 7078 7077
f 7079 7081 7080
f 7082 7084 7083
f 7085 7087 7086
f 7088 7090 7089
f 7091 7093 7092
f 7094 7096 7095
f 7097 7099 7098
f 7100 7102 7101
f 7103 7105 7104
f 7106 7108 7107
f 7109 7111 7110
f 7112 7114 7113
f 7115 7117 7116
f 7118 7120 7119
f 7121 7123 7122
f 7124 7126 7125
f 7127 7129 7128
f 7130 7132 7131
f 7133 7135 7134
f 7136 7138 7137
f 7139 7141 7140
f 7142 7144 7143
f 7145 7147 7146
f 7148 7150 7149
f 7151 7153 7152
f 7154 7156 7155
f 7157 7159 7158
f 7160 7162 7161
f 7163 7165 7164
f 7166 7168 7167
f 7169 7171 7170
f 7172 7174 7173
f 7175 7177 7176
f 7178 7180 7179
f 7181 7183 7182
f 7184 7186 7185
f 7187 7189 7188
f 7190 7192 7191
f 7193 7195 7194
f 7196 7198 7197
f 7199 7201 7200
f 7202 7204 7203
f 7205 7207 7206
f 7208 7210 7209
f 7211 7213 7212
f 7214 7216 7215
f 7217 7219 7218
f 7220 7222 7221
f 7223 7225 7224
f 7226 7228 7227
f 7229 7231 7230
f 7232 7234 7233
f 7235 7237 7236
f 7238 7240 7239
f 7241 7243 7242
f 7244 7246 7245
f 7247 7249 7248
f 7250 7252 7251
f 7253 7255 7254
f 7256 7258 7257
f 7259 7261 7260
f 7262 7264 7263
f 7265 7267 7266
f 7268 7270 7269
f 7271 7273 7272
f 7274 7276 7275
f 7277 7279 7278
f 7280 7282 7281
f 7283 7285 7284
f 7286 7288 7287
f 7289 7291 7290
f 7292 7294 7293
f 7295 7297 7296
f 7298 7300 7299
f 7301 7303 7302
f 7304 7306 7305
f 7307 7309 7308
f 7310 7312 7311
f 7313 7315 7314
f 7316 7318 7317
f 7319 7321 7320
f 7322 7324 7323
f 7325 7327 7326
f 7328 7330 7329
f 7331 7333 7332
f 7334 7336 7335
f 7337 7339 7338
f 7340 7342 7341
f 7343 7345 7344
f 7346 7348 7347
f 7349 7351 7350
f 7352 7354 7353
f 7355 7357 7356
f 7358 7360 7359
f 7361 7363 7362
f 7364 7366 7365
f 7367 7369 7368
f 7370 7372 7371
f 7373 7375 7374
f 7376 7378 7377
f 7379 7381 7380
f 7382 7384 7383
f 7385 7387 7386
f 7388 7390 7389
f 7391 7393 7392
f 7394 7396 7395
f 7397 7399 7398
f 7400 7402 7401
f 7403 7405 7404
f 7406 7408 7407
f 7409 7411 7410
f 7412 7414 7413
f 7415 7417 7416
f 7418 7420 7419
f 7421 7423 7422
f 7424 7426 7425
f 7427 7429 7428
f 7430 7432 7431
f 7433 7435 7434
f 7436 7438 7437
f 7439 7441 7440
f 7442 7444 7443
f 7445 7447 7446
f 7448 7450 7449
f 7451 7453 7452
f 7454 7456 7455
f 7457 7459 7458
f 7460 7462 7461
f 7463 7465 7464
f 7466 7468 7467
f 7469 7471 7470
f 7472 7474 7473
f 7475 7477 7476
f 7478 7480 7479
f 7481 7483 7482
f 7484 7486 7485
f 7487 7489 7488
f 7490 7492 7491
f 7493 7495 7494
f 7496 7498 7497
f 7499 7501 7500
f 7502 7504 7503
f 7505 7507 7506
f 7508 7510 7509
f 7511 7513 7512
f 7514 7516 7515
f 7517 7519 7518
f 7520 7522 7521
f 7523 7525 7524
f 7526 7528 7527
f 7529 7531 7530
f 7532 7534 7533
f 7535 7537 7536
f 7538 7540 7539
f 7541 7543 7542
f 7544 7546 7545
f 7547 7549 7548
f 7550 7552 7551
f 7553 7555 7554
f 7556 7558 7557
f 7559 7561 7560
f 7562 7564 7563
f 7565 7567 7566
f 7568 7570 7569
f 7571 7573 7572
f 7574 7576 7575
f 7577 7579 7578
f 7580 7582 7581
f 7583 7585 7584
f 7586 7588 7587
f 7589 7591 7590
f 7592 7594 7593
f 7595 7597 7596
f 7598 7600 7599
f 7601 7603 7602
f 7604 7606 7605
f 7607 7609 7608
f 7610 7612 7611
f 7613 7615 7614
f 7616 7618 7617
f 7619 7621 7620
f 7622 7624 7623
f 7625 7627 7626
f 7628 7630 7629
f 7631 7633 7632
f 7634 7636 7635
f 7637 7639 7638
f 7640 7642 7641
f 7643 7645 7644
f 7646 7648 7647
f 7649 7651 7650
f 7652 7654 7653
f 7655 7657 7656
f 7658 7660 7659
f 7661 7663 7662
f 7664 7666 7665
f 7667 7669 7668
f 7670 7679 7678
f 7671 7680 7679
f 7672 7681 7680
f 7673 7682 7681
f 7674 7683 7682
f 7675 7684 7683
f 7676 7685 7684
f 7679 7687 7678
f 7678 7687 7686
f 7680 7688 7679
f 7679 7688 7687
f 7681 7689 7680
f 7680 7689 7688
f 7682 7690 7681
f 7681 7690 7689
f 7683 7691 7682
f 7682 7691 7690
f 7684 7692 7683
f 7683 7692 7691
f 7685 7693 7684
f 7684 7693 7692
f 7687 7695 7686
f 7686 7695 7694
f 7688 7696 7687
f 7687 7696 7695
f 7689 7697 7688
f 7688 7697 7696
f 7690 7698 7689
f 7689 7698 7697
f 7691 7699 7690
f 7690 7699 7698
f 7692 7700 7691
f 7691 7700 7699
f 7693 7701 7692
f 7692 7701 7700
f 7695 7703 7694
f 7694 7703 7702
f 7696 7704 7695
f 7695 7704 7703
f 7697 7705 7696
f 7696 7705 7704
f 7698 7706 7697
f 7697 7706 7705
f 7699 7707 7698
f 7698 7707 7706
f 7700 7708 7699
f 7699 7708 7707
f 7701 7709 7700
f 7700 7709 7708
f 7703 7711 7702
f 7704 7712 7703
f 7705 7713 7704
f 7706 7714 7705
f 7707 7715 7706
f 7708 7716 7707
f 7709 7717 7708
f 7718 7720 7719
f 7721 7723 7722
f 7724 7726 7725
f 7727 7729 7728
f 7730 7732 7731
f 7733 7735 7734
f 7736 7738 7737
f 7739 7741 7740
f 7742 7744 7743
f 7745 7747 7746
f 7748 7750 7749
f 7751 7753 7752
f 7754 7756 7755
f 7757 7759 7758
f 7760 7762 7761
f 7763 7765 7764
f 7766 7768 7767
f 7769 7771 7770
f 7772 7774 7773
f 7775 7777 7776
f 7778 7780 7779
f 7781 7783 7782
f 7784 7786 7785
f 7787 7789 7788
f 7790 7792 7791
f 7793 7795 7794
f 7796 7798 7797
f 7799 7801 7800
f 7802 7804 7803
f 7805 7807 7806
f 7808 7810 7809
f 7811 7813 7812
f 7814 7816 7815
f 7817 7819 7818
f 7820 7822 7821
f 7823 7825 7824
f 7826 7828 7827
f 7829 7831 7830
f 7832 7834 7833
f 7835 7837 7836
f 7838 7840 7839
f 7841 7843 7842
f 7844 7846 7845
f 7847 7849 7848
f 7850 7852 7851
f 7853 7855 7854
f 7856 7858 7857
f 7859 7861 7860
f 7862 7864 7863
f 7865 7867 7866
f 7868 7870 7869
f 7871 7873 7872
f 7874 7876 7875
f 7877 7879 7878
f 7880 7882 7881
f 7883 7885 7884
f 7886 7888 7887
f 7889 7891 7890
f 7892 7894 7893
f 7895 7897 7896
f 7898 7900 7899
f 7901 7903 7902
f 7904 7906 7905
f 7907 7909 7908
f 7910 7912 7911
f 7913 7915 7914
f 7916 7918 7917
f 7919 7921 7920
f 7922 7924 7923
f 7925 7927 7926
f 7928 7930 7929
f 7931 7933 7932
f 7934 7936 7935
f 7937 7939 7938
f 7940 7942 7941
f 7943 7945 7944
f 7946 7948 7947
f 7949 7951 7950
f 7952 7954 7953
f 7955 7957 7956
f 7958 7960 7959
f 7961 7963 7962
f 7964 7966 7965
f 7967 7969 7968
f 7970 7972 7971
f 7973 7975 7974
f 7976 7978 7977
f 7979 7981 7980
f 7982 7984 7983
f 7985 7987 7986
f 7988 7990 7989
f 7991 7993 7992
f 7994 7996 7995
f 7997 7999 7998
f 8000 8002 8001
f 8003 8005 8004
f 8006 8008 8007
f 8009 8011 8010
f 8012 8014 8013
f 8015 8017 8016
f 8018 8020 8019
f 8021 8023 8022
f 8024 8026 8025
f 8027 8029 8028
f 8030 8032 8031
f 8033 8035 8034
f 8036 8038 8037
f 8039 8041 8040
f 8042 8044 8043
f 8045 8047 8046
f 8048 8050 8049
f 8051 8053 8052
f 8054 8056 8055
f 8057 8059 8058
f 8060 8062 8061
f 8063 8065 8064
f 8066 8068 8067
f 8069 8071 8070
f 8072 8074 8073
f 8075 8077 8076
f 8078 8080 8079
f 8081 8083 8082
f 8084 8086 8085
f 8087 8089 8088
f 8090 8092 8091
f 8093 8095 8094
f 8096 8098 8097
f 8099 8101 8100
f 8102 8104 8103
f 8105 8107 8106
f 8108 8110 8109
f 8111 8113 8112
f 8114 8116 8115
f 8117 8119 8118
f 8120 8122 8121
f 8123 8125 8124
f 8126 8128 8127
f 8129 8131 8130
f 8132 8134 8133
f 8135 8137 8136
f 8138 8140 8139
f 8141 8143 8142
f 8144 8146 8145
f 8147 8149 8148
f 8150 8152 8151
f 8153 8155 8154
f 8156 8158 8157
f 8159 8161 8160
f 8162 8164 8163
f 8165 8167 8166
f 8168 8170 8169
f 8171 8173 8172
f 8174 8176 8175
f 8177 8179 8178
f 8180 8182 8181
f 8183 8185 8184
f 8186 8188 8187
f 8189 8191 8190
f 8192 8194 8193
f 8195 8197 8196
f 8198 8200 8199
f 8201 8203 8202
f 8204 8206 8205
f 8207 8209 8208
f 8210 8212 8211
f 8213 8215 8214
f 8216 8218 8217
f 8219 8221 8220
f 8222 8224 8223
f 8225 8227 8226
f 8228 8230 8229
f 8231 8233 8232
f 8234 8236 8235
f 8237 8239 8238
f 8240 8242 8241
f 8243 8245 8244
f 8246 8248 8247
f 8249 8251 8250
f 8252 8254 8253
f 8255 8257 8256
f 8258 8260 8259
f 8261 8263 8262
f 8264 8266 8265
f 8267 8269 8268
f 8270 8272 8271
f 8273 8275 8274
f 8276 8278 8277
f 8279 8281 8280
f 8282 8284 8283
f 8285 8287 8286
f 8288 8290 8289
f 8291 8293 8292
f 8294 8296 8295
f 8297 8299 8298
f 8300 8302 8301
f 8303 8305 8304
f 8306 8308 8307
f 8309 8311 8310
f 8312 8314 8313
f 8315 8317 8316
f 8318 8320 8319
f 8321 8323 8322
f 8324 8326 8325
f 8327 8329 8328
f 8330 8332 8331
f 8333 8335 8334
f 8336 8338 8337
f 8339 8341 8340
f 8342 8344 8343
f 8345 8347 8346
f 8348 8350 8349
f 8351 8353 8352
f 8354 8356 8355
f 8357 8359 8358
f 8360 8362 8361
f 8363 8365 8364
f 8366 8368 8367
f 8369 8371 8370
f 8372 8374 8373
f 8375 8377 8376
f 8378 8380 8379
f 8381 8383 8382
f 8384 8386 8385
f 8387 8389 8388
f 8390 8392 8391
f 8393 8395 8394
f 8396 8398 8397
f 8399 8401 8400
f 8402 8404 8403
f 8405 8407 8406
f 8408 8410 8409
f 8411 8413 8412
f 8414 8416 8415
f 8417 8419 8418
f 8420 8422 8421
f 8423 8425 8424
f 8426 8428 8427
f 8429 8431 8430
f 8432 8434 8433
f 8435 8437 8436
f 8438 8440 8439
f 8441 8443 8442
f 8444 8446 8445
f 8447 8449 8448
f 8450 8452 8451
f 8453 8455 8454
f 8456 8458 8457
f 8459 8461 8460
f 8462 8464 8463
f 8465 8467 8466
f 8468 8470 8469
f 8471 8473 8472
f 8474 8476 8475
f 8477 8479 8478
f 8480 8482 8481
f 8483 8485 8484
f 8486 8488 8487
f 8489 8491 8490
f 8492 8494 8493
f 8495 8497 8496
f 8498 8500 8499
f 8501 8503 8502
f 8504 8506 8505
f 8507 8509 8508
f 8510 8512 8511
f 8513 8515 8514
f 8516 8518 8517
f 8519 8521 8520
f 8522 8524 8523
f 8525 8527 8526
f 8528 8530 8529
f 8531 8533 8532
f 8534 8536 8535
f 8537 8539 8538
f 8540 8542 8541
f 8543 8545 8544
f 8546 8548 8547
f 8549 8551 8550
f 8552 8554 8553
f 8555 8557 8556
f 8558 8560 8559
f 8561 8563 8562
f 8564 8566 8565
f 8567 8569 8568
f 8570 8572 8571
f 8573 8575 8574
f 8576 8578 8577
f 8579 8581 8580
f 8582 8584 8583
f 8585 8587 8586
f 8588 8590 8589
f 8591 8593 8592
f 8594 8596 8595
f 8597 8599 8598
f 8600 8602 8601
f 8603 8605 8604
f 8606 8608 8607
f 8609 8611 8610
f 8612 8614 8613
f 8615 8617 8616