v -0.14030 0.85714 0.09121 0.64448 0.52712 0.39157
v -0.14194 0.85264 0.09285 0.64448 0.52712 0.39157
v -0.14194 0.85878 0.08671 0.64448 0.52712 0.39157
v -0.14194 0.85264 0.09285 0.64448 0.52712 0.39157
v -0.14470 0.85402 0.08809 0.64448 0.52712 0.39157
v -0.14194 0.85878 0.08671 0.64448 0.52712 0.39157
v -0.14194 0.85878 0.08671 0.64448 0.52712 0.39157
v -0.14470 0.85402 0.08809 0.64448 0.52712 0.39157
v -0.14269 0.85953 0.08057 0.64448 0.52712 0.39157
v -0.14470 0.85402 0.08809 0.64448 0.52712 0.39157
v -0.14614 0.85474 0.08057 0.64448 0.52712 0.39157
v -0.14269 0.85953 0.08057 0.64448 0.52712 0.39157
v -0.14269 0.85953 0.08057 0.64448 0.52712 0.39157
v -0.14614 0.85474 0.08057 0.64448 0.52712 0.39157
v -0.14269 0.85953 -0.08057 0.64448 0.52712 0.39157
v -0.14614 0.85474 0.08057 0.64448 0.52712 0.39157
v -0.14614 0.85474 -0.08057 0.64448 0.52712 0.39157
v -0.14269 0.85953 -0.08057 0.64448 0.52712 0.39157
v -0.14269 0.85953 -0.08057 0.64448 0.52712 0.39157
v -0.14614 0.85474 -0.08057 0.64448 0.52712 0.39157
v -0.14194 0.85878 -0.08671 0.64448 0.52712 0.39157
v -0.14614 0.85474 -0.08057 0.64448 0.52712 0.39157
v -0.14470 0.85402 -0.08809 0.64448 0.52712 0.39157
v -0.14194 0.85878 -0.08671 0.64448 0.52712 0.39157
v -0.14194 0.85878 -0.08671 0.64448 0.52712 0.39157
v -0.14470 0.85402 -0.08809 0.64448 0.52712 0.39157
v -0.14030 0.85714 -0.09121 0.64448 0.52712 0.39157
v -0.14470 0.85402 -0.08809 0.64448 0.52712 0.39157
v -0.14194 0.85264 -0.09285 0.64448 0.52712 0.39157
v -0.14030 0.85714 -0.09121 0.64448 0.52712 0.39157
v -0.14194 0.85264 0.09285 0.64448 0.52712 0.39157
v -0.14269 0.84650 0.09360 0.64448 0.52712 0.39157
v -0.14470 0.85402 0.08809 0.64448 0.52712 0.39157
v -0.14269 0.84650 0.09360 0.64448 0.52712 0.39157
v -0.14614 0.84650 0.08881 0.64448 0.52712 0.39157
v -0.14470 0.85402 0.08809 0.64448 0.52712 0.39157
v -0.14470 0.85402 0.08809 0.64448 0.52712 0.39157
v -0.14614 0.84650 0.08881 0.64448 0.52712 0.39157
v -0.14614 0.85474 0.08057 0.64448 0.52712 0.39157
v -0.14614 0.84650 0.08881 0.64448 0.52712 0.39157
v -0.14808 0.84650 0.08057 0.64448 0.52712 0.39157
v -0.14614 0.85474 0.08057 0.64448 0.52712 0.39157
v -0.14614 0.85474 0.08057 0.64448 0.52712 0.39157
v -0.14808 0.84650 0.08057 0.64448 0.52712 0.39157
v -0.14614 0.85474 -0.08057 0.64448 0.52712 0.39157
v -0.14808 0.84650 0.08057 0.64448 0.52712 0.39157
v -0.14808 0.84650 -0.08057 0.64448 0.52712 0.39157
v -0.14614 0.85474 -0.08057 0.64448 0.52712 0.39157
v -0.14614 0.85474 -0.08057 0.64448 0.52712 0.39157
v -0.14808 0.84650 -0.08057 0.64448 0.52712 0.39157
v -0.14470 0.85402 -0.08809 0.64448 0.52712 0.39157
v -0.14808 0.84650 -0.08057 0.64448 0.52712 0.39157
v -0.14614 0.84650 -0.08881 0.64448 0.52712 0.39157
v -0.14470 0.85402 -0.08809 0.64448 0.52712 0.39157
v -0.14470 0.85402 -0.08809 0.64448 0.52712 0.39157
v -0.14614 0.84650 -0.08881 0.64448 0.52712 0.39157
v -0.14194 0.85264 -0.09285 0.64448 0.52712 0.39157
v -0.14614 0.84650 -0.08881 0.64448 0.52712 0.39157
v -0.14269 0.84650 -0.09360 0.64448 0.52712 0.39157
v -0.14194 0.85264 -0.09285 0.64448 0.52712 0.39157
v -0.14269 0.84650 0.09360 0.64448 0.52712 0.39157
v -0.14269 0.72978 0.09360 0.64448 0.52712 0.39157
v -0.14614 0.84650 0.08881 0.64448 0.52712 0.39157
v -0.14269 0.72978 0.09360 0.64448 0.52712 0.39157
v -0.14614 0.72978 0.08881 0.64448 0.52712 0.39157
v -0.14614 0.84650 0.08881 0.64448 0.52712 0.39157
v -0.14614 0.84650 0.08881 0.64448 0.52712 0.39157
v -0.14614 0.72978 0.08881 0.64448 0.52712 0.39157
v -0.14808 0.84650 0.08057 0.64448 0.52712 0.39157
v -0.14614 0.72978 0.08881 0.64448 0.52712 0.39157
v -0.14808 0.72978 0.08057 0.64448 0.52712 0.39157
v -0.14808 0.84650 0.08057 0.64448 0.52712 0.39157
v -0.14808 0.84650 0.08057 0.64448 0.52712 0.39157
v -0.14808 0.72978 0.08057 0.64448 0.52712 0.39157
v -0.14808 0.84650 -0.08057 0.64448 0.52712 0.39157
v -0.14808 0.72978 0.08057 0.64448 0.52712 0.39157
v -0.14808 0.72978 -0.08057 0.64448 0.52712 0.39157
v -0.14808 0.84650 -0.08057 0.64448 0.52712 0.39157
v -0.14808 0.84650 -0.08057 0.64448 0.52712 0.39157
v -0.14808 0.72978 -0.08057 0.64448 0.52712 0.39157
v -0.14614 0.84650 -0.08881 0.64448 0.52712 0.39157
v -0.14808 0.72978 -0.08057 0.64448 0.52712 0.39157
v -0.14614 0.72978 -0.08881 0.64448 0.52712 0.39157
v -0.14614 0.84650 -0.08881 0.64448 0.52712 0.39157
v -0.14614 0.84650 -0.08881 0.64448 0.52712 0.39157
v -0.14614 0.72978 -0.08881 0.64448 0.52712 0.39157
v -0.14269 0.84650 -0.09360 0.64448 0.52712 0.39157
v -0.14614 0.72978 -0.08881 0.64448 0.52712 0.39157
v -0.14269 0.72978 -0.09360 0.64448 0.52712 0.39157
v -0.14269 0.84650 -0.09360 0.64448 0.52712 0.39157
v -0.14269 0.72978 0.09360 0.64448 0.52712 0.39157
v -0.14194 0.72364 0.09285 0.64448 0.52712 0.39157
v -0.14614 0.72978 0.08881 0.64448 0.52712 0.39157
v -0.14194 0.72364 0.09285 0.64448 0.52712 0.39157
v -0.14470 0.72226 0.08809 0.64448 0.52712 0.39157
v -0.14614 0.72978 0.08881 0.64448 0.52712 0.39157
v -0.14614 0.72978 0.08881 0.64448 0.52712 0.39157
v -0.14470 0.72226 0.08809 0.64448 0.52712 0.39157
v -0.14808 0.72978 0.08057 0.64448 0.52712 0.39157
v -0.14470 0.72226 0.08809 0.64448 0.52712 0.39157
v -0.14614 0.72154 0.08057 0.64448 0.52712 0.39157
v -0.14808 0.72978 0.08057 0.64448 0.52712 0.39157
v -0.14808 0.72978 0.08057 0.64448 0.52712 0.39157
v -0.14614 0.72154 0.08057 0.64448 0.52712 0.39157
v -0.14808 0.72978 -0.08057 0.64448 0.52712 0.39157
v -0.14614 0.72154 0.08057 0.64448 0.52712 0.39157
v -0.14614 0.72154 -0.08057 0.64448 0.52712 0.39157
v -0.14808 0.72978 -0.08057 0.64448 0.52712 0.39157
v -0.14808 0.72978 -0.08057 0.64448 0.52712 0.39157
v -0.14614 0.72154 -0.08057 0.64448 0.52712 0.39157
v -0.14614 0.72978 -0.08881 0.64448 0.52712 0.39157
v -0.14614 0.72154 -0.08057 0.64448 0.52712 0.39157
v -0.14470 0.72226 -0.08809 0.64448 0.52712 0.39157
v -0.14614 0.72978 -0.08881 0.64448 0.52712 0.39157
v -0.14614 0.72978 -0.08881 0.64448 0.52712 0.39157
v -0.14470 0.72226 -0.08809 0.64448 0.52712 0.39157
v -0.14269 0.72978 -0.09360 0.64448 0.52712 0.39157
v -0.14470 0.72226 -0.08809 0.64448 0.52712 0.39157
v -0.14194 0.72364 -0.09285 0.64448 0.52712 0.39157
v -0.14269 0.72978 -0.09360 0.64448 0.52712 0.39157
v -0.14194 0.72364 0.09285 0.64448 0.52712 0.39157
v -0.14030 0.71914 0.09121 0.64448 0.52712 0.39157
v -0.14470 0.72226 0.08809 0.64448 0.52712 0.39157
v -0.14030 0.71914 0.09121 0.64448 0.52712 0.39157
v -0.14194 0.71750 0.08671 0.64448 0.52712 0.39157
v -0.14470 0.72226 0.08809 0.64448 0.52712 0.39157
v -0.14470 0.72226 0.08809 0.64448 0.52712 0.39157
v -0.14194 0.71750 0.08671 0.64448 0.52712 0.39157
v -0.14614 0.72154 0.08057 0.64448 0.52712 0.39157
v -0.14194 0.71750 0.08671 0.64448 0.52712 0.39157
v -0.14269 0.71675 0.08057 0.64448 0.52712 0.39157
v -0.14614 0.72154 0.08057 0.64448 0.52712 0.39157
v -0.14614 0.72154 0.08057 0.64448 0.52712 0.39157
v -0.14269 0.71675 0.08057 0.64448 0.52712 0.39157
v -0.14614 0.72154 -0.08057 0.64448 0.52712 0.39157
v -0.14269 0.71675 0.08057 0.64448 0.52712 0.39157
v -0.14269 0.71675 -0.08057 0.64448 0.52712 0.39157
v -0.14614 0.72154 -0.08057 0.64448 0.52712 0.39157
v -0.14614 0.72154 -0.08057 0.64448 0.52712 0.39157
v -0.14269 0.71675 -0.08057 0.64448 0.52712 0.39157
v -0.14470 0.72226 -0.08809 0.64448 0.52712 0.39157
v -0.14269 0.71675 -0.08057 0.64448 0.52712 0.39157
v -0.14194 0.71750 -0.08671 0.64448 0.52712 0.39157
v -0.14470 0.72226 -0.08809 0.64448 0.52712 0.39157
v -0.14470 0.72226 -0.08809 0.64448 0.52712 0.39157
v -0.14194 0.71750 -0.08671 0.64448 0.52712 0.39157
v -0.14194 0.72364 -0.09285 0.64448 0.52712 0.39157
v -0.14194 0.71750 -0.08671 0.64448 0.52712 0.39157
v -0.14030 0.71914 -0.09121 0.64448 0.52712 0.39157
v -0.14194 0.72364 -0.09285 0.64448 0.52712 0.39157
v 0.14030 0.85714 -0.09121 0.64448 0.52712 0.39157
v 0.14194 0.85264 -0.09285 0.64448 0.52712 0.39157
v 0.14194 0.85878 -0.08671 0.64448 0.52712 0.39157
v 0.14194 0.85264 -0.09285 0.64448 0.52712 0.39157
v 0.14470 0.85402 -0.08809 0.64448 0.52712 0.39157
v 0.14194 0.85878 -0.08671 0.64448 0.52712 0.39157
v 0.14194 0.85878 -0.08671 0.64448 0.52712 0.39157
v 0.14470 0.85402 -0.08809 0.64448 0.52712 0.39157
v 0.14269 0.85953 -0.08057 0.64448 0.52712 0.39157
v 0.14470 0.85402 -0.08809 0.64448 0.52712 0.39157
v 0.14614 0.85474 -0.08057 0.64448 0.52712 0.39157
v 0.14269 0.85953 -0.08057 0.64448 0.52712 0.39157
v 0.14269 0.85953 -0.08057 0.64448 0.52712 0.39157
v 0.14614 0.85474 -0.08057 0.64448 0.52712 0.39157
v 0.14269 0.85953 0.08057 0.64448 0.52712 0.39157
v 0.14614 0.85474 -0.08057 0.64448 0.52712 0.39157
v 0.14614 0.85474 0.08057 0.64448 0.52712 0.39157
v 0.14269 0.85953 0.08057 0.64448 0.52712 0.39157
v 0.14269 0.85953 0.08057 0.64448 0.52712 0.39157
v 0.14614 0.85474 0.08057 0.64448 0.52712 0.39157
v 0.14194 0.85878 0.08671 0.64448 0.52712 0.39157
v 0.14614 0.85474 0.08057 0.64448 0.52712 0.39157
v 0.14470 0.85402 0.08809 0.64448 0.52712 0.39157
v 0.14194 0.85878 0.08671 0.64448 0.52712 0.39157
v 0.14194 0.85878 0.08671 0.64448 0.52712 0.39157
v 0.14470 0.85402 0.08809 0.64448 0.52712 0.39157
v 0.14030 0.85714 0.09121 0.64448 0.52712 0.39157
v 0.14470 0.85402 0.08809 0.64448 0.52712 0.39157
v 0.14194 0.85264 0.09285 0.64448 0.52712 0.39157
v 0.14030 0.85714 0.09121 0.64448 0.52712 0.39157
v 0.14194 0.85264 -0.09285 0.64448 0.52712 0.39157
v 0.14269 0.84650 -0.09360 0.64448 0.52712 0.39157
v 0.14470 0.85402 -0.08809 0.64448 0.52712 0.39157
v 0.14269 0.84650 -0.09360 0.64448 0.52712 0.39157
v 0.14614 0.84650 -0.08881 0.64448 0.52712 0.39157
v 0.14470 0.85402 -0.08809 0.64448 0.52712 0.39157
v 0.14470 0.85402 -0.08809 0.64448 0.52712 0.39157
v 0.14614 0.84650 -0.08881 0.64448 0.52712 0.39157
v 0.14614 0.85474 -0.08057 0.64448 0.52712 0.39157
v 0.14614 0.84650 -0.08881 0.64448 0.52712 0.39157
v 0.14808 0.84650 -0.08057 0.64448 0.52712 0.39157
v 0.14614 0.85474 -0.08057 0.64448 0.52712 0.39157
v 0.14614 0.85474 -0.08057 0.64448 0.52712 0.39157
v 0.14808 0.84650 -0.08057 0.64448 0.52712 0.39157
v 0.14614 0.85474 0.08057 0.64448 0.52712 0.39157
v 0.14808 0.84650 -0.08057 0.64448 0.52712 0.39157
v 0.14808 0.84650 0.08057 0.64448 0.52712 0.39157
v 0.14614 0.85474 0.08057 0.64448 0.52712 0.39157
v 0.14614 0.85474 0.08057 0.64448 0.52712 0.39157
v 0.14808 0.84650 0.08057 0.64448 0.52712 0.39157
v 0.14470 0.85402 0.08809 0.64448 0.52712 0.39157
v 0.14808 0.84650 0.08057 0.64448 0.52712 0.39157
v 0.14614 0.84650 0.08881 0.64448 0.52712 0.39157
v 0.14470 0.85402 0.08809 0.64448 0.52712 0.39157
v 0.14470 0.85402 0.08809 0.64448 0.52712 0.39157
v 0.14614 0.84650 0.08881 0.64448 0.52712 0.39157
v 0.14194 0.85264 0.09285 0.64448 0.52712 0.39157
v 0.14614 0.84650 0.08881 0.64448 0.52712 0.39157
v 0.14269 0.84650 0.09360 0.64448 0.52712 0.39157
v 0.14194 0.85264 0.09285 0.64448 0.52712 0.39157
v 0.14269 0.84650 -0.09360 0.64448 0.52712 0.39157
v 0.14269 0.72978 -0.09360 0.64448 0.52712 0.39157
v 0.14614 0.84650 -0.08881 0.64448 0.52712 0.39157
v 0.14269 0.72978 -0.09360 0.64448 0.52712 0.39157
v 0.14614 0.72978 -0.08881 0.64448 0.52712 0.39157
v 0.14614 0.84650 -0.08881 0.64448 0.52712 0.39157
v 0.14614 0.84650 -0.08881 0.64448 0.52712 0.39157
v 0.14614 0.72978 -0.08881 0.64448 0.52712 0.39157
v 0.14808 0.84650 -0.08057 0.64448 0.52712 0.39157
v 0.14614 0.72978 -0.08881 0.64448 0.52712 0.39157
v 0.14808 0.72978 -0.08057 0.64448 0.52712 0.39157
v 0.14808 0.84650 -0.08057 0.64448 0.52712 0.39157
v 0.14808 0.84650 -0.08057 0.64448 0.52712 0.39157
v 0.14808 0.72978 -0.08057 0.64448 0.52712 0.39157
v 0.14808 0.84650 0.08057 0.64448 0.52712 0.39157
v 0.14808 0.72978 -0.08057 0.64448 0.52712 0.39157
v 0.14808 0.72978 0.08057 0.64448 0.52712 0.39157
v 0.14808 0.84650 0.08057 0.64448 0.52712 0.39157
v 0.14808 0.84650 0.08057 0.64448 0.52712 0.39157
v 0.14808 0.72978 0.08057 0.64448 0.52712 0.39157
v 0.14614 0.84650 0.08881 0.64448 0.52712 0.39157
v 0.14808 0.72978 0.08057 0.64448 0.52712 0.39157
v 0.14614 0.72978 0.08881 0.64448 0.52712 0.39157
v 0.14614 0.84650 0.08881 0.64448 0.52712 0.39157
v 0.14614 0.84650 0.08881 0.64448 0.52712 0.39157
v 0.14614 0.72978 0.08881 0.64448 0.52712 0.39157
v 0.14269 0.84650 0.09360 0.64448 0.52712 0.39157
v 0.14614 0.72978 0.08881 0.64448 0.52712 0.39157
v 0.14269 0.72978 0.09360 0.64448 0.52712 0.39157
v 0.14269 0.84650 0.09360 0.64448 0.52712 0.39157
v 0.14269 0.72978 -0.09360 0.64448 0.52712 0.39157
v 0.14194 0.72364 -0.09285 0.64448 0.52712 0.39157
v 0.14614 0.72978 -0.08881 0.64448 0.52712 0.39157
v 0.14194 0.72364 -0.09285 0.64448 0.52712 0.39157
v 0.14470 0.72226 -0.08809 0.64448 0.52712 0.39157
v 0.14614 0.72978 -0.08881 0.64448 0.52712 0.39157
v 0.14614 0.72978 -0.08881 0.64448 0.52712 0.39157
v 0.14470 0.72226 -0.08809 0.64448 0.52712 0.39157
v 0.14808 0.72978 -0.08057 0.64448 0.52712 0.39157
v 0.14470 0.72226 -0.08809 0.64448 0.52712 0.39157
v 0.14614 0.72154 -0.08057 0.64448 0.52712 0.39157
v 0.14808 0.72978 -0.08057 0.64448 0.52712 0.39157
v 0.14808 0.72978 -0.08057 0.64448 0.52712 0.39157
v 0.14614 0.72154 -0.08057 0.64448 0.52712 0.39157
v 0.14808 0.72978 0.08057 0.64448 0.52712 0.39157
v 0.14614 0.72154 -0.08057 0.64448 0.52712 0.39157
v 0.14614 0.72154 0.08057 0.64448 0.52712 0.39157
v 0.14808 0.72978 0.08057 0.64448 0.52712 0.39157
v 0.14808 0.72978 0.08057 0.64448 0.52712 0.39157
v 0.14614 0.72154 0.08057 0.64448 0.52712 0.39157
v 0.14614 0.72978 0.08881 0.64448 0.52712 0.39157
v 0.14614 0.72154 0.08057 0.64448 0.52712 0.39157
v 0.14470 0.72226 0.08809 0.64448 0.52712 0.39157
v 0.14614 0.72978 0.08881 0.64448 0.52712 0.39157
v 0.14614 0.72978 0.08881 0.64448 0.52712 0.39157
v 0.14470 0.72226 0.08809 0.64448 0.52712 0.39157
v 0.14269 0.72978 0.09360 0.64448 0.52712 0.39157
v 0.14470 0.72226 0.08809 0.64448 0.52712 0.39157
v 0.14194 0.72364 0.09285 0.64448 0.52712 0.39157
v 0.14269 0.72978 0.09360 0.64448 0.52712 0.39157
v 0.14194 0.72364 -0.09285 0.64448 0.52712 0.39157
v 0.14030 0.71914 -0.09121 0.64448 0.52712 0.39157
v 0.14470 0.72226 -0.08809 0.64448 0.52712 0.39157
v 0.14030 0.71914 -0.09121 0.64448 0.52712 0.39157
v 0.14194 0.71750 -0.08671 0.64448 0.52712 0.39157
v 0.14470 0.72226 -0.08809 0.64448 0.52712 0.39157
v 0.14470 0.72226 -0.08809 0.64448 0.52712 0.39157
v 0.14194 0.71750 -0.08671 0.64448 0.52712 0.39157
v 0.14614 0.72154 -0.08057 0.64448 0.52712 0.39157
v 0.14194 0.71750 -0.08671 0.64448 0.52712 0.39157
v 0.14269 0.71675 -0.08057 0.64448 0.52712 0.39157
v 0.14614 0.72154 -0.08057 0.64448 0.52712 0.39157
v 0.14614 0.72154 -0.08057 0.64448 0.52712 0.39157
v 0.14269 0.71675 -0.08057 0.64448 0.52712 0.39157
v 0.14614 0.72154 0.08057 0.64448 0.52712 0.39157
v 0.14269 0.71675 -0.08057 0.64448 0.52712 0.39157
v 0.14269 0.71675 0.08057 0.64448 0.52712 0.39157
v 0.14614 0.72154 0.08057 0.64448 0.52712 0.39157
v 0.14614 0.72154 0.08057 0.64448 0.52712 0.39157
v 0.14269 0.71675 0.08057 0.64448 0.52712 0.39157
v 0.14470 0.72226 0.08809 0.64448 0.52712 0.39157
v 0.14269 0.71675 0.08057 0.64448 0.52712 0.39157
v 0.14194 0.71750 0.08671 0.64448 0.52712 0.39157
v 0.14470 0.72226 0.08809 0.64448 0.52712 0.39157
v 0.14470 0.72226 0.08809 0.64448 0.52712 0.39157
v 0.14194 0.71750 0.08671 0.64448 0.52712 0.39157
v 0.14194 0.72364 0.09285 0.64448 0.52712 0.39157
v 0.14194 0.71750 0.08671 0.64448 0.52712 0.39157
v 0.14030 0.71914 0.09121 0.64448 0.52712 0.39157
v 0.14194 0.72364 0.09285 0.64448 0.52712 0.39157
v 0.14030 0.85714 -0.09121 0.64448 0.52712 0.39157
v 0.14194 0.85878 -0.08671 0.64448 0.52712 0.39157
v 0.13580 0.85878 -0.09285 0.64448 0.52712 0.39157
v 0.14194 0.85878 -0.08671 0.64448 0.52712 0.39157
v 0.13718 0.86154 -0.08809 0.64448 0.52712 0.39157
v 0.13580 0.85878 -0.09285 0.64448 0.52712 0.39157
v 0.13580 0.85878 -0.09285 0.64448 0.52712 0.39157
v 0.13718 0.86154 -0.08809 0.64448 0.52712 0.39157
v 0.12966 0.85953 -0.09360 0.64448 0.52712 0.39157
v 0.13718 0.86154 -0.08809 0.64448 0.52712 0.39157
v 0.12966 0.86298 -0.08881 0.64448 0.52712 0.39157
v 0.12966 0.85953 -0.09360 0.64448 0.52712 0.39157
v 0.12966 0.85953 -0.09360 0.64448 0.52712 0.39157
v 0.12966 0.86298 -0.08881 0.64448 0.52712 0.39157
v -0.12966 0.85953 -0.09360 0.64448 0.52712 0.39157
v 0.12966 0.86298 -0.08881 0.64448 0.52712 0.39157
v -0.12966 0.86298 -0.08881 0.64448 0.52712 0.39157
v -0.12966 0.85953 -0.09360 0.64448 0.52712 0.39157
v -0.12966 0.85953 -0.09360 0.64448 0.52712 0.39157
v -0.12966 0.86298 -0.08881 0.64448 0.52712 0.39157
v -0.13580 0.85878 -0.09285 0.64448 0.52712 0.39157
v -0.12966 0.86298 -0.08881 0.64448 0.52712 0.39157
v -0.13718 0.86154 -0.08809 0.64448 0.52712 0.39157
v -0.13580 0.85878 -0.09285 0.64448 0.52712 0.39157
v -0.13580 0.85878 -0.09285 0.64448 0.52712 0.39157
v -0.13718 0.86154 -0.08809 0.64448 0.52712 0.39157
v -0.14030 0.85714 -0.09121 0.64448 0.52712 0.39157
v -0.13718 0.86154 -0.08809 0.64448 0.52712 0.39157
v -0.14194 0.85878 -0.08671 0.64448 0.52712 0.39157
v -0.14030 0.85714 -0.09121 0.64448 0.52712 0.39157
v 0.14194 0.85878 -0.08671 0.64448 0.52712 0.39157
v 0.14269 0.85953 -0.08057 0.64448 0.52712 0.39157
v 0.13718 0.86154 -0.08809 0.64448 0.52712 0.39157
v 0.14269 0.85953 -0.08057 0.64448 0.52712 0.39157
v 0.13790 0.86298 -0.08057 0.64448 0.52712 0.39157
v 0.13718 0.86154 -0.08809 0.64448 0.52712 0.39157
v 0.13718 0.86154 -0.08809 0.64448 0.52712 0.39157
v 0.13790 0.86298 -0.08057 0.64448 0.52712 0.39157
v 0.12966 0.86298 -0.08881 0.64448 0.52712 0.39157
v 0.13790 0.86298 -0.08057 0.64448 0.52712 0.39157
v 0.12966 0.86492 -0.08057 0.64448 0.52712 0.39157
v 0.12966 0.86298 -0.08881 0.64448 0.52712 0.39157
v 0.12966 0.86298 -0.08881 0.64448 0.52712 0.39157
v 0.12966 0.86492 -0.08057 0.64448 0.52712 0.39157
v -0.12966 0.86298 -0.08881 0.64448 0.52712 0.39157
v 0.12966 0.86492 -0.08057 0.64448 0.52712 0.39157
v -0.12966 0.86492 -0.08057 0.64448 0.52712 0.39157
v -0.12966 0.86298 -0.08881 0.64448 0.52712 0.39157
v -0.12966 0.86298 -0.08881 0.64448 0.52712 0.39157
v -0.12966 0.86492 -0.08057 0.64448 0.52712 0.39157
v -0.13718 0.86154 -0.08809 0.64448 0.52712 0.39157
v -0.12966 0.86492 -0.08057 0.64448 0.52712 0.39157
v -0.13790 0.86298 -0.08057 0.64448 0.52712 0.39157
v -0.13718 0.86154 -0.08809 0.64448 0.52712 0.39157
v -0.13718 0.86154 -0.08809 0.64448 0.52712 0.39157
v -0.13790 0.86298 -0.08057 0.64448 0.52712 0.39157
v -0.14194 0.85878 -0.08671 0.64448 0.52712 0.39157
v -0.13790 0.86298 -0.08057 0.64448 0.52712 0.39157
v -0.14269 0.85953 -0.08057 0.64448 0.52712 0.39157
v -0.14194 0.85878 -0.08671 0.64448 0.52712 0.39157
v 0.14269 0.85953 -0.08057 0.64448 0.52712 0.39157
v 0.14269 0.85953 0.08057 0.64448 0.52712 0.39157
v 0.13790 0.86298 -0.08057 0.64448 0.52712 0.39157
v 0.14269 0.85953 0.08057 0.64448 0.52712 0.39157
v 0.13790 0.86298 0.08057 0.64448 0.52712 0.39157
v 0.13790 0.86298 -0.08057 0.64448 0.52712 0.39157
v 0.13790 0.86298 -0.08057 0.64448 0.52712 0.39157
v 0.13790 0.86298 0.08057 0.64448 0.52712 0.39157
v 0.12966 0.86492 -0.08057 0.64448 0.52712 0.39157
v 0.13790 0.86298 0.08057 0.64448 0.52712 0.39157
v 0.12966 0.86492 0.08057 0.64448 0.52712 0.39157
v 0.12966 0.86492 -0.08057 0.64448 0.52712 0.39157
v 0.12966 0.86492 -0.08057 0.64448 0.52712 0.39157
v 0.12966 0.86492 0.08057 0.64448 0.52712 0.39157
v -0.12966 0.86492 -0.08057 0.64448 0.52712 0.39157
v 0.12966 0.86492 0.08057 0.64448 0.52712 0.39157
v -0.12966 0.86492 0.08057 0.64448 0.52712 0.39157
v -0.12966 0.86492 -0.08057 0.64448 0.52712 0.39157
v -0.12966 0.86492 -0.08057 0.64448 0.52712 0.39157
v -0.12966 0.86492 0.08057 0.64448 0.52712 0.39157
v -0.13790 0.86298 -0.08057 0.64448 0.52712 0.39157
v -0.12966 0.86492 0.08057 0.64448 0.52712 0.39157
v -0.13790 0.86298 0.08057 0.64448 0.52712 0.39157
v -0.13790 0.86298 -0.08057 0.64448 0.52712 0.39157
v -0.13790 0.86298 -0.08057 0.64448 0.52712 0.39157
v -0.13790 0.86298 0.08057 0.64448 0.52712 0.39157
v -0.14269 0.85953 -0.08057 0.64448 0.52712 0.39157
v -0.13790 0.86298 0.08057 0.64448 0.52712 0.39157
v -0.14269 0.85953 0.08057 0.64448 0.52712 0.39157
v -0.14269 0.85953 -0.08057 0.64448 0.52712 0.39157
v 0.14269 0.85953 0.08057 0.64448 0.52712 0.39157
v 0.14194 0.85878 0.08671 0.64448 0.52712 0.39157
v 0.13790 0.86298 0.08057 0.64448 0.52712 0.39157
v 0.14194 0.85878 0.08671 0.64448 0.52712 0.39157
v 0.13718 0.86154 0.08809 0.64448 0.52712 0.39157
v 0.13790 0.86298 0.08057 0.64448 0.52712 0.39157
v 0.13790 0.86298 0.08057 0.64448 0.52712 0.39157
v 0.13718 0.86154 0.08809 0.64448 0.52712 0.39157
v 0.12966 0.86492 0.08057 0.64448 0.52712 0.39157
v 0.13718 0.86154 0.08809 0.64448 0.52712 0.39157
v 0.12966 0.86298 0.08881 0.64448 0.52712 0.39157
v 0.12966 0.86492 0.08057 0.64448 0.52712 0.39157
v 0.12966 0.86492 0.08057 0.64448 0.52712 0.39157
v 0.12966 0.86298 0.08881 0.64448 0.52712 0.39157
v -0.12966 0.86492 0.08057 0.64448 0.52712 0.39157
v 0.12966 0.86298 0.08881 0.64448 0.52712 0.39157
v -0.12966 0.86298 0.08881 0.64448 0.52712 0.39157
v -0.12966 0.86492 0.08057 0.64448 0.52712 0.39157
v -0.12966 0.86492 0.08057 0.64448 0.52712 0.39157
v -0.12966 0.86298 0.08881 0.64448 0.52712 0.39157
v -0.13790 0.86298 0.08057 0.64448 0.52712 0.39157
v -0.12966 0.86298 0.08881 0.64448 0.52712 0.39157
v -0.13718 0.86154 0.08809 0.64448 0.52712 0.39157
v -0.13790 0.86298 0.08057 0.64448 0.52712 0.39157
v -0.13790 0.86298 0.08057 0.64448 0.52712 0.39157
v -0.13718 0.86154 0.08809 0.64448 0.52712 0.39157
v -0.14269 0.85953 0.08057 0.64448 0.52712 0.39157
v -0.13718 0.86154 0.08809 0.64448 0.52712 0.39157
v -0.14194 0.85878 0.08671 0.64448 0.52712 0.39157
v -0.14269 0.85953 0.08057 0.64448 0.52712 0.39157
v 0.14194 0.85878 0.08671 0.64448 0.52712 0.39157
v 0.14030 0.85714 0.09121 0.64448 0.52712 0.39157
v 0.13718 0.86154 0.08809 0.64448 0.52712 0.39157
v 0.14030 0.85714 0.09121 0.64448 0.52712 0.39157
v 0.13580 0.85878 0.09285 0.64448 0.52712 0.39157
v 0.13718 0.86154 0.08809 0.64448 0.52712 0.39157
v 0.13718 0.86154 0.08809 0.64448 0.52712 0.39157
v 0.13580 0.85878 0.09285 0.64448 0.52712 0.39157
v 0.12966 0.86298 0.08881 0.64448 0.52712 0.39157
v 0.13580 0.85878 0.09285 0.64448 0.52712 0.39157
v 0.12966 0.85953 0.09360 0.64448 0.52712 0.39157
v 0.12966 0.86298 0.08881 0.64448 0.52712 0.39157
v 0.12966 0.86298 0.08881 0.64448 0.52712 0.39157
v 0.12966 0.85953 0.09360 0.64448 0.52712 0.39157
v -0.12966 0.86298 0.08881 0.64448 0.52712 0.39157
v 0.12966 0.85953 0.09360 0.64448 0.52712 0.39157
v -0.12966 0.85953 0.09360 0.64448 0.52712 0.39157
v -0.12966 0.86298 0.08881 0.64448 0.52712 0.39157
v -0.12966 0.86298 0.08881 0.64448 0.52712 0.39157
v -0.12966 0.85953 0.09360 0.64448 0.52712 0.39157
v -0.13718 0.86154 0.08809 0.64448 0.52712 0.39157
v -0.12966 0.85953 0.09360 0.64448 0.52712 0.39157
v -0.13580 0.85878 0.09285 0.64448 0.52712 0.39157
v -0.13718 0.86154 0.08809 0.64448 0.52712 0.39157
v -0.13718 0.86154 0.08809 0.64448 0.52712 0.39157
v -0.13580 0.85878 0.09285 0.64448 0.52712 0.39157
v -0.14194 0.85878 0.08671 0.64448 0.52712 0.39157
v -0.13580 0.85878 0.09285 0.64448 0.52712 0.39157
v -0.14030 0.85714 0.09121 0.64448 0.52712 0.39157
v -0.14194 0.85878 0.08671 0.64448 0.52712 0.39157
v 0.14030 0.71914 0.09121 0.64448 0.52712 0.39157
v 0.14194 0.71750 0.08671 0.64448 0.52712 0.39157
v 0.13580 0.71750 0.09285 0.64448 0.52712 0.39157
v 0.14194 0.71750 0.08671 0.64448 0.52712 0.39157
v 0.13718 0.71474 0.08809 0.64448 0.52712 0.39157
v 0.13580 0.71750 0.09285 0.64448 0.52712 0.39157
v 0.13580 0.71750 0.09285 0.64448 0.52712 0.39157
v 0.13718 0.71474 0.08809 0.64448 0.52712 0.39157
v 0.12966 0.71675 0.09360 0.64448 0.52712 0.39157
v 0.13718 0.71474 0.08809 0.64448 0.52712 0.39157
v 0.12966 0.71330 0.08881 0.64448 0.52712 0.39157
v 0.12966 0.71675 0.09360 0.64448 0.52712 0.39157
v 0.12966 0.71675 0.09360 0.64448 0.52712 0.39157
v 0.12966 0.71330 0.08881 0.64448 0.52712 0.39157
v -0.12966 0.71675 0.09360 0.64448 0.52712 0.39157
v 0.12966 0.71330 0.08881 0.64448 0.52712 0.39157
v -0.12966 0.71330 0.08881 0.64448 0.52712 0.39157
v -0.12966 0.71675 0.09360 0.64448 0.52712 0.39157
v -0.12966 0.71675 0.09360 0.64448 0.52712 0.39157
v -0.12966 0.71330 0.08881 0.64448 0.52712 0.39157
v -0.13580 0.71750 0.09285 0.64448 0.52712 0.39157
v -0.12966 0.71330 0.08881 0.64448 0.52712 0.39157
v -0.13718 0.71474 0.08809 0.64448 0.52712 0.39157
v -0.13580 0.71750 0.09285 0.64448 0.52712 0.39157
v -0.13580 0.71750 0.09285 0.64448 0.52712 0.39157
v -0.13718 0.71474 0.08809 0.64448 0.52712 0.39157
v -0.14030 0.71914 0.09121 0.64448 0.52712 0.39157
v -0.13718 0.71474 0.08809 0.64448 0.52712 0.39157
v -0.14194 0.71750 0.08671 0.64448 0.52712 0.39157
v -0.14030 0.71914 0.09121 0.64448 0.52712 0.39157
v 0.14194 0.71750 0.08671 0.64448 0.52712 0.39157
v 0.14269 0.71675 0.08057 0.64448 0.52712 0.39157
v 0.13718 0.71474 0.08809 0.64448 0.52712 0.39157
v 0.14269 0.71675 0.08057 0.64448 0.52712 0.39157
v 0.13790 0.71330 0.08057 0.64448 0.52712 0.39157
v 0.13718 0.71474 0.08809 0.64448 0.52712 0.39157
v 0.13718 0.71474 0.08809 0.64448 0.52712 0.39157
v 0.13790 0.71330 0.08057 0.64448 0.52712 0.39157
v 0.12966 0.71330 0.08881 0.64448 0.52712 0.39157
v 0.13790 0.71330 0.08057 0.64448 0.52712 0.39157
v 0.12966 0.71135 0.08057 0.64448 0.52712 0.39157
v 0.12966 0.71330 0.08881 0.64448 0.52712 0.39157
v 0.12966 0.71330 0.08881 0.64448 0.52712 0.39157
v 0.12966 0.71135 0.08057 0.64448 0.52712 0.39157
v -0.12966 0.71330 0.08881 0.64448 0.52712 0.39157
v 0.12966 0.71135 0.08057 0.64448 0.52712 0.39157
v -0.12966 0.71135 0.08057 0.64448 0.52712 0.39157
v -0.12966 0.71330 0.08881 0.64448 0.52712 0.39157
v -0.12966 0.71330 0.08881 0.64448 0.52712 0.39157
v -0.12966 0.71135 0.08057 0.64448 0.52712 0.39157
v -0.13718 0.71474 0.08809 0.64448 0.52712 0.39157
v -0.12966 0.71135 0.08057 0.64448 0.52712 0.39157
v -0.13790 0.71330 0.08057 0.64448 0.52712 0.39157
v -0.13718 0.71474 0.08809 0.64448 0.52712 0.39157
v -0.13718 0.71474 0.08809 0.64448 0.52712 0.39157
v -0.13790 0.71330 0.08057 0.64448 0.52712 0.39157
v -0.14194 0.71750 0.08671 0.64448 0.52712 0.39157
v -0.13790 0.71330 0.08057 0.64448 0.52712 0.39157
v -0.14269 0.71675 0.08057 0.64448 0.52712 0.39157
v -0.14194 0.71750 0.08671 0.64448 0.52712 0.39157
v 0.14269 0.71675 0.08057 0.64448 0.52712 0.39157
v 0.14269 0.71675 -0.08057 0.64448 0.52712 0.39157
v 0.13790 0.71330 0.08057 0.64448 0.52712 0.39157
v 0.14269 0.71675 -0.08057 0.64448 0.52712 0.39157
v 0.13790 0.71330 -0.08057 0.64448 0.52712 0.39157
v 0.13790 0.71330 0.08057 0.64448 0.52712 0.39157
v 0.13790 0.71330 0.08057 0.64448 0.52712 0.39157
v 0.13790 0.71330 -0.08057 0.64448 0.52712 0.39157
v 0.12966 0.71135 0.08057 0.64448 0.52712 0.39157
v 0.13790 0.71330 -0.08057 0.64448 0.52712 0.39157
v 0.12966 0.71135 -0.08057 0.64448 0.52712 0.39157
v 0.12966 0.71135 0.08057 0.64448 0.52712 0.39157
v 0.12966 0.71135 0.08057 0.64448 0.52712 0.39157
v 0.12966 0.71135 -0.08057 0.64448 0.52712 0.39157
v -0.12966 0.71135 0.08057 0.64448 0.52712 0.39157
v 0.12966 0.71135 -0.08057 0.64448 0.52712 0.39157
v -0.12966 0.71135 -0.08057 0.64448 0.52712 0.39157
v -0.12966 0.71135 0.08057 0.64448 0.52712 0.39157
v -0.12966 0.71135 0.08057 0.64448 0.52712 0.39157
v -0.12966 0.71135 -0.08057 0.64448 0.52712 0.39157
v -0.13790 0.71330 0.08057 0.64448 0.52712 0.39157
v -0.12966 0.71135 -0.08057 0.64448 0.52712 0.39157
v -0.13790 0.71330 -0.08057 0.64448 0.52712 0.39157
v -0.13790 0.71330 0.08057 0.64448 0.52712 0.39157
v -0.13790 0.71330 0.08057 0.64448 0.52712 0.39157
v -0.13790 0.71330 -0.08057 0.64448 0.52712 0.39157
v -0.14269 0.71675 0.08057 0.64448 0.52712 0.39157
v -0.13790 0.71330 -0.08057 0.64448 0.52712 0.39157
v -0.14269 0.71675 -0.08057 0.64448 0.52712 0.39157
v -0.14269 0.71675 0.08057 0.64448 0.52712 0.39157
v 0.14269 0.71675 -0.08057 0.64448 0.52712 0.39157
v 0.14194 0.71750 -0.08671 0.64448 0.52712 0.39157
v 0.13790 0.71330 -0.08057 0.64448 0.52712 0.39157
v 0.14194 0.71750 -0.08671 0.64448 0.52712 0.39157
v 0.13718 0.71474 -0.08809 0.64448 0.52712 0.39157
v 0.13790 0.71330 -0.08057 0.64448 0.52712 0.39157
v 0.13790 0.71330 -0.08057 0.64448 0.52712 0.39157
v 0.13718 0.71474 -0.08809 0.64448 0.52712 0.39157
v 0.12966 0.71135 -0.08057 0.64448 0.52712 0.39157
v 0.13718 0.71474 -0.08809 0.64448 0.52712 0.39157
v 0.12966 0.71330 -0.08881 0.64448 0.52712 0.39157
v 0.12966 0.71135 -0.08057 0.64448 0.52712 0.39157
v 0.12966 0.71135 -0.08057 0.64448 0.52712 0.39157
v 0.12966 0.71330 -0.08881 0.64448 0.52712 0.39157
v -0.12966 0.71135 -0.08057 0.64448 0.52712 0.39157
v 0.12966 0.71330 -0.08881 0.64448 0.52712 0.39157
v -0.12966 0.71330 -0.08881 0.64448 0.52712 0.39157
v -0.12966 0.71135 -0.08057 0.64448 0.52712 0.39157
v -0.12966 0.71135 -0.08057 0.64448 0.52712 0.39157
v -0.12966 0.71330 -0.08881 0.64448 0.52712 0.39157
v -0.13790 0.71330 -0.08057 0.64448 0.52712 0.39157
v -0.12966 0.71330 -0.08881 0.64448 0.52712 0.39157
v -0.13718 0.71474 -0.08809 0.64448 0.52712 0.39157
v -0.13790 0.71330 -0.08057 0.64448 0.52712 0.39157
v -0.13790 0.71330 -0.08057 0.64448 0.52712 0.39157
v -0.13718 0.71474 -0.08809 0.64448 0.52712 0.39157
v -0.14269 0.71675 -0.08057 0.64448 0.52712 0.39157
v -0.13718 0.71474 -0.08809 0.64448 0.52712 0.39157
v -0.14194 0.71750 -0.08671 0.64448 0.52712 0.39157
v -0.14269 0.71675 -0.08057 0.64448 0.52712 0.39157
v 0.14194 0.71750 -0.08671 0.64448 0.52712 0.39157
v 0.14030 0.71914 -0.09121 0.64448 0.52712 0.39157
v 0.13718 0.71474 -0.08809 0.64448 0.52712 0.39157
v 0.14030 0.71914 -0.09121 0.64448 0.52712 0.39157
v 0.13580 0.71750 -0.09285 0.64448 0.52712 0.39157
v 0.13718 0.71474 -0.08809 0.64448 0.52712 0.39157
v 0.13718 0.71474 -0.08809 0.64448 0.52712 0.39157
v 0.13580 0.71750 -0.09285 0.64448 0.52712 0.39157
v 0.12966 0.71330 -0.08881 0.64448 0.52712 0.39157
v 0.13580 0.71750 -0.09285 0.64448 0.52712 0.39157
v 0.12966 0.71675 -0.09360 0.64448 0.52712 0.39157
v 0.12966 0.71330 -0.08881 0.64448 0.52712 0.39157
v 0.12966 0.71330 -0.08881 0.64448 0.52712 0.39157
v 0.12966 0.71675 -0.09360 0.64448 0.52712 0.39157
v -0.12966 0.71330 -0.08881 0.64448 0.52712 0.39157
v 0.12966 0.71675 -0.09360 0.64448 0.52712 0.39157
v -0.12966 0.71675 -0.09360 0.64448 0.52712 0.39157
v -0.12966 0.71330 -0.08881 0.64448 0.52712 0.39157
v -0.12966 0.71330 -0.08881 0.64448 0.52712 0.39157
v -0.12966 0.71675 -0.09360 0.64448 0.52712 0.39157
v -0.13718 0.71474 -0.08809 0.64448 0.52712 0.39157
v -0.12966 0.71675 -0.09360 0.64448 0.52712 0.39157
v -0.13580 0.71750 -0.09285 0.64448 0.52712 0.39157
v -0.13718 0.71474 -0.08809 0.64448 0.52712 0.39157
v -0.13718 0.71474 -0.08809 0.64448 0.52712 0.39157
v -0.13580 0.71750 -0.09285 0.64448 0.52712 0.39157
v -0.14194 0.71750 -0.08671 0.64448 0.52712 0.39157
v -0.13580 0.71750 -0.09285 0.64448 0.52712 0.39157
v -0.14030 0.71914 -0.09121 0.64448 0.52712 0.39157
v -0.14194 0.71750 -0.08671 0.64448 0.52712 0.39157
v 0.14030 0.85714 0.09121 0.64448 0.52712 0.39157
v 0.14194 0.85264 0.09285 0.64448 0.52712 0.39157
v 0.13580 0.85878 0.09285 0.64448 0.52712 0.39157
v 0.14194 0.85264 0.09285 0.64448 0.52712 0.39157
v 0.13718 0.85402 0.09562 0.64448 0.52712 0.39157
v 0.13580 0.85878 0.09285 0.64448 0.52712 0.39157
v 0.13580 0.85878 0.09285 0.64448 0.52712 0.39157
v 0.13718 0.85402 0.09562 0.64448 0.52712 0.39157
v 0.12966 0.85953 0.09360 0.64448 0.52712 0.39157
v 0.13718 0.85402 0.09562 0.64448 0.52712 0.39157
v 0.12966 0.85474 0.09705 0.64448 0.52712 0.39157
v 0.12966 0.85953 0.09360 0.64448 0.52712 0.39157
v 0.12966 0.85953 0.09360 0.64448 0.52712 0.39157
v 0.12966 0.85474 0.09705 0.64448 0.52712 0.39157
v -0.12966 0.85953 0.09360 0.64448 0.52712 0.39157
v 0.12966 0.85474 0.09705 0.64448 0.52712 0.39157
v -0.12966 0.85474 0.09705 0.64448 0.52712 0.39157
v -0.12966 0.85953 0.09360 0.64448 0.52712 0.39157
v -0.12966 0.85953 0.09360 0.64448 0.52712 0.39157
v -0.12966 0.85474 0.09705 0.64448 0.52712 0.39157
v -0.13580 0.85878 0.09285 0.64448 0.52712 0.39157
v -0.12966 0.85474 0.09705 0.64448 0.52712 0.39157
v -0.13718 0.85402 0.09562 0.64448 0.52712 0.39157
v -0.13580 0.85878 0.09285 0.64448 0.52712 0.39157
v -0.13580 0.85878 0.09285 0.64448 0.52712 0.39157
v -0.13718 0.85402 0.09562 0.64448 0.52712 0.39157
v -0.14030 0.85714 0.09121 0.64448 0.52712 0.39157
v -0.13718 0.85402 0.09562 0.64448 0.52712 0.39157
v -0.14194 0.85264 0.09285 0.64448 0.52712 0.39157
v -0.14030 0.85714 0.09121 0.64448 0.52712 0.39157
v 0.14194 0.85264 0.09285 0.64448 0.52712 0.39157
v 0.14269 0.84650 0.09360 0.64448 0.52712 0.39157
v 0.13718 0.85402 0.09562 0.64448 0.52712 0.39157
v 0.14269 0.84650 0.09360 0.64448 0.52712 0.39157
v 0.13790 0.84650 0.09705 0.64448 0.52712 0.39157
v 0.13718 0.85402 0.09562 0.64448 0.52712 0.39157
v 0.13718 0.85402 0.09562 0.64448 0.52712 0.39157
v 0.13790 0.84650 0.09705 0.64448 0.52712 0.39157
v 0.12966 0.85474 0.09705 0.64448 0.52712 0.39157
v 0.13790 0.84650 0.09705 0.64448 0.52712 0.39157
v 0.12966 0.84650 0.09900 0.64448 0.52712 0.39157
v 0.12966 0.85474 0.09705 0.64448 0.52712 0.39157
v 0.12966 0.85474 0.09705 0.64448 0.52712 0.39157
v 0.12966 0.84650 0.09900 0.64448 0.52712 0.39157
v -0.12966 0.85474 0.09705 0.64448 0.52712 0.39157
v 0.12966 0.84650 0.09900 0.64448 0.52712 0.39157
v -0.12966 0.84650 0.09900 0.64448 0.52712 0.39157
v -0.12966 0.85474 0.09705 0.64448 0.52712 0.39157
v -0.12966 0.85474 0.09705 0.64448 0.52712 0.39157
v -0.12966 0.84650 0.09900 0.64448 0.52712 0.39157
v -0.13718 0.85402 0.09562 0.64448 0.52712 0.39157
v -0.12966 0.84650 0.09900 0.64448 0.52712 0.39157
v -0.13790 0.84650 0.09705 0.64448 0.52712 0.39157
v -0.13718 0.85402 0.09562 0.64448 0.52712 0.39157
v -0.13718 0.85402 0.09562 0.64448 0.52712 0.39157
v -0.13790 0.84650 0.09705 0.64448 0.52712 0.39157
v -0.14194 0.85264 0.09285 0.64448 0.52712 0.39157
v -0.13790 0.84650 0.09705 0.64448 0.52712 0.39157
v -0.14269 0.84650 0.09360 0.64448 0.52712 0.39157
v -0.14194 0.85264 0.09285 0.64448 0.52712 0.39157
v 0.14269 0.84650 0.09360 0.64448 0.52712 0.39157
v 0.14269 0.72978 0.09360 0.64448 0.52712 0.39157
v 0.13790 0.84650 0.09705 0.64448 0.52712 0.39157
v 0.14269 0.72978 0.09360 0.64448 0.52712 0.39157
v 0.13790 0.72978 0.09705 0.64448 0.52712 0.39157
v 0.13790 0.84650 0.09705 0.64448 0.52712 0.39157
v 0.13790 0.84650 0.09705 0.64448 0.52712 0.39157
v 0.13790 0.72978 0.09705 0.64448 0.52712 0.39157
v 0.12966 0.84650 0.09900 0.64448 0.52712 0.39157
v 0.13790 0.72978 0.09705 0.64448 0.52712 0.39157
v 0.12966 0.72978 0.09900 0.64448 0.52712 0.39157
v 0.12966 0.84650 0.09900 0.64448 0.52712 0.39157
v 0.12966 0.84650 0.09900 0.64448 0.52712 0.39157
v 0.12966 0.72978 0.09900 0.64448 0.52712 0.39157
v -0.12966 0.84650 0.09900 0.64448 0.52712 0.39157
v 0.12966 0.72978 0.09900 0.64448 0.52712 0.39157
v -0.12966 0.72978 0.09900 0.64448 0.52712 0.39157
v -0.12966 0.84650 0.09900 0.64448 0.52712 0.39157
v -0.12966 0.84650 0.09900 0.64448 0.52712 0.39157
v -0.12966 0.72978 0.09900 0.64448 0.52712 0.39157
v -0.13790 0.84650 0.09705 0.64448 0.52712 0.39157
v -0.12966 0.72978 0.09900 0.64448 0.52712 0.39157
v -0.13790 0.72978 0.09705 0.64448 0.52712 0.39157
v -0.13790 0.84650 0.09705 0.64448 0.52712 0.39157
v -0.13790 0.84650 0.09705 0.64448 0.52712 0.39157
v -0.13790 0.72978 0.09705 0.64448 0.52712 0.39157
v -0.14269 0.84650 0.09360 0.64448 0.52712 0.39157
v -0.13790 0.72978 0.09705 0.64448 0.52712 0.39157
v -0.14269 0.72978 0.09360 0.64448 0.52712 0.39157
v -0.14269 0.84650 0.09360 0.64448 0.52712 0.39157
v 0.14269 0.72978 0.09360 0.64448 0.52712 0.39157
v 0.14194 0.72364 0.09285 0.64448 0.52712 0.39157
v 0.13790 0.72978 0.09705 0.64448 0.52712 0.39157
v 0.14194 0.72364 0.09285 0.64448 0.52712 0.39157
v 0.13718 0.72226 0.09562 0.64448 0.52712 0.39157
v 0.13790 0.72978 0.09705 0.64448 0.52712 0.39157
v 0.13790 0.72978 0.09705 0.64448 0.52712 0.39157
v 0.13718 0.72226 0.09562 0.64448 0.52712 0.39157
v 0.12966 0.72978 0.09900 0.64448 0.52712 0.39157
v 0.13718 0.72226 0.09562 0.64448 0.52712 0.39157
v 0.12966 0.72154 0.09705 0.64448 0.52712 0.39157
v 0.12966 0.72978 0.09900 0.64448 0.52712 0.39157
v 0.12966 0.72978 0.09900 0.64448 0.52712 0.39157
v 0.12966 0.72154 0.09705 0.64448 0.52712 0.39157
v -0.12966 0.72978 0.09900 0.64448 0.52712 0.39157
v 0.12966 0.72154 0.09705 0.64448 0.52712 0.39157
v -0.12966 0.72154 0.09705 0.64448 0.52712 0.39157
v -0.12966 0.72978 0.09900 0.64448 0.52712 0.39157
v -0.12966 0.72978 0.09900 0.64448 0.52712 0.39157
v -0.12966 0.72154 0.09705 0.64448 0.52712 0.39157
v -0.13790 0.72978 0.09705 0.64448 0.52712 0.39157
v -0.12966 0.72154 0.09705 0.64448 0.52712 0.39157
v -0.13718 0.72226 0.09562 0.64448 0.52712 0.39157
v -0.13790 0.72978 0.09705 0.64448 0.52712 0.39157
v -0.13790 0.72978 0.09705 0.64448 0.52712 0.39157
v -0.13718 0.72226 0.09562 0.64448 0.52712 0.39157
v -0.14269 0.72978 0.09360 0.64448 0.52712 0.39157
v -0.13718 0.72226 0.09562 0.64448 0.52712 0.39157
v -0.14194 0.72364 0.09285 0.64448 0.52712 0.39157
v -0.14269 0.72978 0.09360 0.64448 0.52712 0.39157
v 0.14194 0.72364 0.09285 0.64448 0.52712 0.39157
v 0.14030 0.71914 0.09121 0.64448 0.52712 0.39157
v 0.13718 0.72226 0.09562 0.64448 0.52712 0.39157
v 0.14030 0.71914 0.09121 0.64448 0.52712 0.39157
v 0.13580 0.71750 0.09285 0.64448 0.52712 0.39157
v 0.13718 0.72226 0.09562 0.64448 0.52712 0.39157
v 0.13718 0.72226 0.09562 0.64448 0.52712 0.39157
v 0.13580 0.71750 0.09285 0.64448 0.52712 0.39157
v 0.12966 0.72154 0.09705 0.64448 0.52712 0.39157
v 0.13580 0.71750 0.09285 0.64448 0.52712 0.39157
v 0.12966 0.71675 0.09360 0.64448 0.52712 0.39157
v 0.12966 0.72154 0.09705 0.64448 0.52712 0.39157
v 0.12966 0.72154 0.09705 0.64448 0.52712 0.39157
v 0.12966 0.71675 0.09360 0.64448 0.52712 0.39157
v -0.12966 0.72154 0.09705 0.64448 0.52712 0.39157
v 0.12966 0.71675 0.09360 0.64448 0.52712 0.39157
v -0.12966 0.71675 0.09360 0.64448 0.52712 0.39157
v -0.12966 0.72154 0.09705 0.64448 0.52712 0.39157
v -0.12966 0.72154 0.09705 0.64448 0.52712 0.39157
v -0.12966 0.71675 0.09360 0.64448 0.52712 0.39157
v -0.13718 0.72226 0.09562 0.64448 0.52712 0.39157
v -0.12966 0.71675 0.09360 0.64448 0.52712 0.39157
v -0.13580 0.71750 0.09285 0.64448 0.52712 0.39157
v -0.13718 0.72226 0.09562 0.64448 0.52712 0.39157
v -0.13718 0.72226 0.09562 0.64448 0.52712 0.39157
v -0.13580 0.71750 0.09285 0.64448 0.52712 0.39157
v -0.14194 0.72364 0.09285 0.64448 0.52712 0.39157
v -0.13580 0.71750 0.09285 0.64448 0.52712 0.39157
v -0.14030 0.71914 0.09121 0.64448 0.52712 0.39157
v -0.14194 0.72364 0.09285 0.64448 0.52712 0.39157
v -0.14030 0.85714 -0.09121 0.64448 0.52712 0.39157
v -0.14194 0.85264 -0.09285 0.64448 0.52712 0.39157
v -0.13580 0.85878 -0.09285 0.64448 0.52712 0.39157
v -0.14194 0.85264 -0.09285 0.64448 0.52712 0.39157
v -0.13718 0.85402 -0.09562 0.64448 0.52712 0.39157
v -0.13580 0.85878 -0.09285 0.64448 0.52712 0.39157
v -0.13580 0.85878 -0.09285 0.64448 0.52712 0.39157
v -0.13718 0.85402 -0.09562 0.64448 0.52712 0.39157
v -0.12966 0.85953 -0.09360 0.64448 0.52712 0.39157
v -0.13718 0.85402 -0.09562 0.64448 0.52712 0.39157
v -0.12966 0.85474 -0.09705 0.64448 0.52712 0.39157
v -0.12966 0.85953 -0.09360 0.64448 0.52712 0.39157
v -0.12966 0.85953 -0.09360 0.64448 0.52712 0.39157
v -0.12966 0.85474 -0.09705 0.64448 0.52712 0.39157
v 0.12966 0.85953 -0.09360 0.64448 0.52712 0.39157
v -0.12966 0.85474 -0.09705 0.64448 0.52712 0.39157
v 0.12966 0.85474 -0.09705 0.64448 0.52712 0.39157
v 0.12966 0.85953 -0.09360 0.64448 0.52712 0.39157
v 0.12966 0.85953 -0.09360 0.64448 0.52712 0.39157
v 0.12966 0.85474 -0.09705 0.64448 0.52712 0.39157
v 0.13580 0.85878 -0.09285 0.64448 0.52712 0.39157
v 0.12966 0.85474 -0.09705 0.64448 0.52712 0.39157
v 0.13718 0.85402 -0.09562 0.64448 0.52712 0.39157
v 0.13580 0.85878 -0.09285 0.64448 0.52712 0.39157
v 0.13580 0.85878 -0.09285 0.64448 0.52712 0.39157
v 0.13718 0.85402 -0.09562 0.64448 0.52712 0.39157
v 0.14030 0.85714 -0.09121 0.64448 0.52712 0.39157
v 0.13718 0.85402 -0.09562 0.64448 0.52712 0.39157
v 0.14194 0.85264 -0.09285 0.64448 0.52712 0.39157
v 0.14030 0.85714 -0.09121 0.64448 0.52712 0.39157
v -0.14194 0.85264 -0.09285 0.64448 0.52712 0.39157
v -0.14269 0.84650 -0.09360 0.64448 0.52712 0.39157
v -0.13718 0.85402 -0.09562 0.64448 0.52712 0.39157
v -0.14269 0.84650 -0.09360 0.64448 0.52712 0.39157
v -0.13790 0.84650 -0.09705 0.64448 0.52712 0.39157
v -0.13718 0.85402 -0.09562 0.64448 0.52712 0.39157
v -0.13718 0.85402 -0.09562 0.64448 0.52712 0.39157
v -0.13790 0.84650 -0.09705 0.64448 0.52712 0.39157
v -0.12966 0.85474 -0.09705 0.64448 0.52712 0.39157
v -0.13790 0.84650 -0.09705 0.64448 0.52712 0.39157
v -0.12966 0.84650 -0.09900 0.64448 0.52712 0.39157
v -0.12966 0.85474 -0.09705 0.64448 0.52712 0.39157
v -0.12966 0.85474 -0.09705 0.64448 0.52712 0.39157
v -0.12966 0.84650 -0.09900 0.64448 0.52712 0.39157
v 0.12966 0.85474 -0.09705 0.64448 0.52712 0.39157
v -0.12966 0.84650 -0.09900 0.64448 0.52712 0.39157
v 0.12966 0.84650 -0.09900 0.64448 0.52712 0.39157
v 0.12966 0.85474 -0.09705 0.64448 0.52712 0.39157
v 0.12966 0.85474 -0.09705 0.64448 0.52712 0.39157
v 0.12966 0.84650 -0.09900 0.64448 0.52712 0.39157
v 0.13718 0.85402 -0.09562 0.64448 0.52712 0.39157
v 0.12966 0.84650 -0.09900 0.64448 0.52712 0.39157
v 0.13790 0.84650 -0.09705 0.64448 0.52712 0.39157
v 0.13718 0.85402 -0.09562 0.64448 0.52712 0.39157
v 0.13718 0.85402 -0.09562 0.64448 0.52712 0.39157
v 0.13790 0.84650 -0.09705 0.64448 0.52712 0.39157
v 0.14194 0.85264 -0.09285 0.64448 0.52712 0.39157
v 0.13790 0.84650 -0.09705 0.64448 0.52712 0.39157
v 0.14269 0.84650 -0.09360 0.64448 0.52712 0.39157
v 0.14194 0.85264 -0.09285 0.64448 0.52712 0.39157
v -0.14269 0.84650 -0.09360 0.64448 0.52712 0.39157
v -0.14269 0.72978 -0.09360 0.64448 0.52712 0.39157
v -0.13790 0.84650 -0.09705 0.64448 0.52712 0.39157
v -0.14269 0.72978 -0.09360 0.64448 0.52712 0.39157
v -0.13790 0.72978 -0.09705 0.64448 0.52712 0.39157
v -0.13790 0.84650 -0.09705 0.64448 0.52712 0.39157
v -0.13790 0.84650 -0.09705 0.64448 0.52712 0.39157
v -0.13790 0.72978 -0.09705 0.64448 0.52712 0.39157
v -0.12966 0.84650 -0.09900 0.64448 0.52712 0.39157
v -0.13790 0.72978 -0.09705 0.64448 0.52712 0.39157
v -0.12966 0.72978 -0.09900 0.64448 0.52712 0.39157
v -0.12966 0.84650 -0.09900 0.64448 0.52712 0.39157
v -0.12966 0.84650 -0.09900 0.64448 0.52712 0.39157
v -0.12966 0.72978 -0.09900 0.64448 0.52712 0.39157
v 0.12966 0.84650 -0.09900 0.64448 0.52712 0.39157
v -0.12966 0.72978 -0.09900 0.64448 0.52712 0.39157
v 0.12966 0.72978 -0.09900 0.64448 0.52712 0.39157
v 0.12966 0.84650 -0.09900 0.64448 0.52712 0.39157
v 0.12966 0.84650 -0.09900 0.64448 0.52712 0.39157
v 0.12966 0.72978 -0.09900 0.64448 0.52712 0.39157
v 0.13790 0.84650 -0.09705 0.64448 0.52712 0.39157
v 0.12966 0.72978 -0.09900 0.64448 0.52712 0.39157
v 0.13790 0.72978 -0.09705 0.64448 0.52712 0.39157
v 0.13790 0.84650 -0.09705 0.64448 0.52712 0.39157
v 0.13790 0.84650 -0.09705 0.64448 0.52712 0.39157
v 0.13790 0.72978 -0.09705 0.64448 0.52712 0.39157
v 0.14269 0.84650 -0.09360 0.64448 0.52712 0.39157
v 0.13790 0.72978 -0.09705 0.64448 0.52712 0.39157
v 0.14269 0.72978 -0.09360 0.64448 0.52712 0.39157
v 0.14269 0.84650 -0.09360 0.64448 0.52712 0.39157
v -0.14269 0.72978 -0.09360 0.64448 0.52712 0.39157
v -0.14194 0.72364 -0.09285 0.64448 0.52712 0.39157
v -0.13790 0.72978 -0.09705 0.64448 0.52712 0.39157
v -0.14194 0.72364 -0.09285 0.64448 0.52712 0.39157
v -0.13718 0.72226 -0.09562 0.64448 0.52712 0.39157
v -0.13790 0.72978 -0.09705 0.64448 0.52712 0.39157
v -0.13790 0.72978 -0.09705 0.64448 0.52712 0.39157
v -0.13718 0.72226 -0.09562 0.64448 0.52712 0.39157
v -0.12966 0.72978 -0.09900 0.64448 0.52712 0.39157
v -0.13718 0.72226 -0.09562 0.64448 0.52712 0.39157
v -0.12966 0.72154 -0.09705 0.64448 0.52712 0.39157
v -0.12966 0.72978 -0.09900 0.64448 0.52712 0.39157
v -0.12966 0.72978 -0.09900 0.64448 0.52712 0.39157
v -0.12966 0.72154 -0.09705 0.64448 0.52712 0.39157
v 0.12966 0.72978 -0.09900 0.64448 0.52712 0.39157
v -0.12966 0.72154 -0.09705 0.64448 0.52712 0.39157
v 0.12966 0.72154 -0.09705 0.64448 0.52712 0.39157
v 0.12966 0.72978 -0.09900 0.64448 0.52712 0.39157
v 0.12966 0.72978 -0.09900 0.64448 0.52712 0.39157
v 0.12966 0.72154 -0.09705 0.64448 0.52712 0.39157
v 0.13790 0.72978 -0.09705 0.64448 0.52712 0.39157
v 0.12966 0.72154 -0.09705 0.64448 0.52712 0.39157
v 0.13718 0.72226 -0.09562 0.64448 0.52712 0.39157
v 0.13790 0.72978 -0.09705 0.64448 0.52712 0.39157
v 0.13790 0.72978 -0.09705 0.64448 0.52712 0.39157
v 0.13718 0.72226 -0.09562 0.64448 0.52712 0.39157
v 0.14269 0.72978 -0.09360 0.64448 0.52712 0.39157
v 0.13718 0.72226 -0.09562 0.64448 0.52712 0.39157
v 0.14194 0.72364 -0.09285 0.64448 0.52712 0.39157
v 0.14269 0.72978 -0.09360 0.64448 0.52712 0.39157
v -0.14194 0.72364 -0.09285 0.64448 0.52712 0.39157
v -0.14030 0.71914 -0.09121 0.64448 0.52712 0.39157
v -0.13718 0.72226 -0.09562 0.64448 0.52712 0.39157
v -0.14030 0.71914 -0.09121 0.64448 0.52712 0.39157
v -0.13580 0.71750 -0.09285 0.64448 0.52712 0.39157
v -0.13718 0.72226 -0.09562 0.64448 0.52712 0.39157
v -0.13718 0.72226 -0.09562 0.64448 0.52712 0.39157
v -0.13580 0.71750 -0.09285 0.64448 0.52712 0.39157
v -0.12966 0.72154 -0.09705 0.64448 0.52712 0.39157
v -0.13580 0.71750 -0.09285 0.64448 0.52712 0.39157
v -0.12966 0.71675 -0.09360 0.64448 0.52712 0.39157
v -0.12966 0.72154 -0.09705 0.64448 0.52712 0.39157
v -0.12966 0.72154 -0.09705 0.64448 0.52712 0.39157
v -0.12966 0.71675 -0.09360 0.64448 0.52712 0.39157
v 0.12966 0.72154 -0.09705 0.64448 0.52712 0.39157
v -0.12966 0.71675 -0.09360 0.64448 0.52712 0.39157
v 0.12966 0.71675 -0.09360 0.64448 0.52712 0.39157
v 0.12966 0.72154 -0.09705 0.64448 0.52712 0.39157
v 0.12966 0.72154 -0.09705 0.64448 0.52712 0.39157
v 0.12966 0.71675 -0.09360 0.64448 0.52712 0.39157
v 0.13718 0.72226 -0.09562 0.64448 0.52712 0.39157
v 0.12966 0.71675 -0.09360 0.64448 0.52712 0.39157
v 0.13580 0.71750 -0.09285 0.64448 0.52712 0.39157
v 0.13718 0.72226 -0.09562 0.64448 0.52712 0.39157
v 0.13718 0.72226 -0.09562 0.64448 0.52712 0.39157
v 0.13580 0.71750 -0.09285 0.64448 0.52712 0.39157
v 0.14194 0.72364 -0.09285 0.64448 0.52712 0.39157
v 0.13580 0.71750 -0.09285 0.64448 0.52712 0.39157
v 0.14030 0.71914 -0.09121 0.64448 0.52712 0.39157
v 0.14194 0.72364 -0.09285 0.64448 0.52712 0.39157
v -0.15397 1.50154 0.09364 0.64448 0.52712 0.39157
v -0.15620 1.49544 0.09587 0.64448 0.52712 0.39157
v -0.15620 1.50377 0.08753 0.64448 0.52712 0.39157
v -0.15620 1.49544 0.09587 0.64448 0.52712 0.39157
v -0.15995 1.49731 0.08941 0.64448 0.52712 0.39157
v -0.15620 1.50377 0.08753 0.64448 0.52712 0.39157
v -0.15620 1.50377 0.08753 0.64448 0.52712 0.39157
v -0.15995 1.49731 0.08941 0.64448 0.52712 0.39157
v -0.15721 1.50478 0.07920 0.64448 0.52712 0.39157
v -0.15995 1.49731 0.08941 0.64448 0.52712 0.39157
v -0.16190 1.49828 0.07920 0.64448 0.52712 0.39157
v -0.15721 1.50478 0.07920 0.64448 0.52712 0.39157
v -0.15721 1.50478 0.07920 0.64448 0.52712 0.39157
v -0.16190 1.49828 0.07920 0.64448 0.52712 0.39157
v -0.15721 1.50478 -0.07920 0.64448 0.52712 0.39157
v -0.16190 1.49828 0.07920 0.64448 0.52712 0.39157
v -0.16190 1.49828 -0.07920 0.64448 0.52712 0.39157
v -0.15721 1.50478 -0.07920 0.64448 0.52712 0.39157
v -0.15721 1.50478 -0.07920 0.64448 0.52712 0.39157
v -0.16190 1.49828 -0.07920 0.64448 0.52712 0.39157
v -0.15620 1.50377 -0.08753 0.64448 0.52712 0.39157
v -0.16190 1.49828 -0.07920 0.64448 0.52712 0.39157
v -0.15995 1.49731 -0.08941 0.64448 0.52712 0.39157
v -0.15620 1.50377 -0.08753 0.64448 0.52712 0.39157
v -0.15620 1.50377 -0.08753 0.64448 0.52712 0.39157
v -0.15995 1.49731 -0.08941 0.64448 0.52712 0.39157
v -0.15397 1.50154 -0.09364 0.64448 0.52712 0.39157
v -0.15995 1.49731 -0.08941 0.64448 0.52712 0.39157
v -0.15620 1.49544 -0.09587 0.64448 0.52712 0.39157
v -0.15397 1.50154 -0.09364 0.64448 0.52712 0.39157
v -0.15620 1.49544 0.09587 0.64448 0.52712 0.39157
v -0.15721 1.48710 0.09688 0.64448 0.52712 0.39157
v -0.15995 1.49731 0.08941 0.64448 0.52712 0.39157
v -0.15721 1.48710 0.09688 0.64448 0.52712 0.39157
v -0.16190 1.48710 0.09038 0.64448 0.52712 0.39157
v -0.15995 1.49731 0.08941 0.64448 0.52712 0.39157
v -0.15995 1.49731 0.08941 0.64448 0.52712 0.39157
v -0.16190 1.48710 0.09038 0.64448 0.52712 0.39157
v -0.16190 1.49828 0.07920 0.64448 0.52712 0.39157
v -0.16190 1.48710 0.09038 0.64448 0.52712 0.39157
v -0.16454 1.48710 0.07920 0.64448 0.52712 0.39157
v -0.16190 1.49828 0.07920 0.64448 0.52712 0.39157
v -0.16190 1.49828 0.07920 0.64448 0.52712 0.39157
v -0.16454 1.48710 0.07920 0.64448 0.52712 0.39157
v -0.16190 1.49828 -0.07920 0.64448 0.52712 0.39157
v -0.16454 1.48710 0.07920 0.64448 0.52712 0.39157
v -0.16454 1.48710 -0.07920 0.64448 0.52712 0.39157
v -0.16190 1.49828 -0.07920 0.64448 0.52712 0.39157
v -0.16190 1.49828 -0.07920 0.64448 0.52712 0.39157
v -0.16454 1.48710 -0.07920 0.64448 0.52712 0.39157
v -0.15995 1.49731 -0.08941 0.64448 0.52712 0.39157
v -0.16454 1.48710 -0.07920 0.64448 0.52712 0.39157
v -0.16190 1.48710 -0.09038 0.64448 0.52712 0.39157
v -0.15995 1.49731 -0.08941 0.64448 0.52712 0.39157
v -0.15995 1.49731 -0.08941 0.64448 0.52712 0.39157
v -0.16190 1.48710 -0.09038 0.64448 0.52712 0.39157
v -0.15620 1.49544 -0.09587 0.64448 0.52712 0.39157
v -0.16190 1.48710 -0.09038 0.64448 0.52712 0.39157
v -0.15721 1.48710 -0.09688 0.64448 0.52712 0.39157
v -0.15620 1.49544 -0.09587 0.64448 0.52712 0.39157
v -0.15721 1.48710 0.09688 0.64448 0.52712 0.39157
v -0.15721 0.90090 0.09688 0.64448 0.52712 0.39157
v -0.16190 1.48710 0.09038 0.64448 0.52712 0.39157
v -0.15721 0.90090 0.09688 0.64448 0.52712 0.39157
v -0.16190 0.90090 0.09038 0.64448 0.52712 0.39157
v -0.16190 1.48710 0.09038 0.64448 0.52712 0.39157
v -0.16190 1.48710 0.09038 0.64448 0.52712 0.39157
v -0.16190 0.90090 0.09038 0.64448 0.52712 0.39157
v -0.16454 1.48710 0.07920 0.64448 0.52712 0.39157
v -0.16190 0.90090 0.09038 0.64448 0.52712 0.39157
v -0.16454 0.90090 0.07920 0.64448 0.52712 0.39157
v -0.16454 1.48710 0.07920 0.64448 0.52712 0.39157
v -0.16454 1.48710 0.07920 0.64448 0.52712 0.39157
v -0.16454 0.90090 0.07920 0.64448 0.52712 0.39157
v -0.16454 1.48710 -0.07920 0.64448 0.52712 0.39157
v -0.16454 0.90090 0.07920 0.64448 0.52712 0.39157
v -0.16454 0.90090 -0.07920 0.64448 0.52712 0.39157
v -0.16454 1.48710 -0.07920 0.64448 0.52712 0.39157
v -0.16454 1.48710 -0.07920 0.64448 0.52712 0.39157
v -0.16454 0.90090 -0.07920 0.64448 0.52712 0.39157
v -0.16190 1.48710 -0.09038 0.64448 0.52712 0.39157
v -0.16454 0.90090 -0.07920 0.64448 0.52712 0.39157
v -0.16190 0.90090 -0.09038 0.64448 0.52712 0.39157
v -0.16190 1.48710 -0.09038 0.64448 0.52712 0.39157
v -0.16190 1.48710 -0.09038 0.64448 0.52712 0.39157
v -0.16190 0.90090 -0.09038 0.64448 0.52712 0.39157
v -0.15721 1.48710 -0.09688 0.64448 0.52712 0.39157
v -0.16190 0.90090 -0.09038 0.64448 0.52712 0.39157
v -0.15721 0.90090 -0.09688 0.64448 0.52712 0.39157
v -0.15721 1.48710 -0.09688 0.64448 0.52712 0.39157
v -0.15721 0.90090 0.09688 0.64448 0.52712 0.39157
v -0.15620 0.89257 0.09587 0.64448 0.52712 0.39157
v -0.16190 0.90090 0.09038 0.64448 0.52712 0.39157
v -0.15620 0.89257 0.09587 0.64448 0.52712 0.39157
v -0.15995 0.89069 0.08941 0.64448 0.52712 0.39157
v -0.16190 0.90090 0.09038 0.64448 0.52712 0.39157
v -0.16190 0.90090 0.09038 0.64448 0.52712 0.39157
v -0.15995 0.89069 0.08941 0.64448 0.52712 0.39157
v -0.16454 0.90090 0.07920 0.64448 0.52712 0.39157
v -0.15995 0.89069 0.08941 0.64448 0.52712 0.39157
v -0.16190 0.88972 0.07920 0.64448 0.52712 0.39157
v -0.16454 0.90090 0.07920 0.64448 0.52712 0.39157
v -0.16454 0.90090 0.07920 0.64448 0.52712 0.39157
v -0.16190 0.88972 0.07920 0.64448 0.52712 0.39157
v -0.16454 0.90090 -0.07920 0.64448 0.52712 0.39157
v -0.16190 0.88972 0.07920 0.64448 0.52712 0.39157
v -0.16190 0.88972 -0.07920 0.64448 0.52712 0.39157
v -0.16454 0.90090 -0.07920 0.64448 0.52712 0.39157
v -0.16454 0.90090 -0.07920 0.64448 0.52712 0.39157
v -0.16190 0.88972 -0.07920 0.64448 0.52712 0.39157
v -0.16190 0.90090 -0.09038 0.64448 0.52712 0.39157
v -0.16190 0.88972 -0.07920 0.64448 0.52712 0.39157
v -0.15995 0.89069 -0.08941 0.64448 0.52712 0.39157
v -0.16190 0.90090 -0.09038 0.64448 0.52712 0.39157
v -0.16190 0.90090 -0.09038 0.64448 0.52712 0.39157
v -0.15995 0.89069 -0.08941 0.64448 0.52712 0.39157
v -0.15721 0.90090 -0.09688 0.64448 0.52712 0.39157
v -0.15995 0.89069 -0.08941 0.64448 0.52712 0.39157
v -0.15620 0.89257 -0.09587 0.64448 0.52712 0.39157
v -0.15721 0.90090 -0.09688 0.64448 0.52712 0.39157
v -0.15620 0.89257 0.09587 0.64448 0.52712 0.39157
v -0.15397 0.88646 0.09364 0.64448 0.52712 0.39157
v -0.15995 0.89069 0.08941 0.64448 0.52712 0.39157
v -0.15397 0.88646 0.09364 0.64448 0.52712 0.39157
v -0.15620 0.88423 0.08753 0.64448 0.52712 0.39157
v -0.15995 0.89069 0.08941 0.64448 0.52712 0.39157
v -0.15995 0.89069 0.08941 0.64448 0.52712 0.39157
v -0.15620 0.88423 0.08753 0.64448 0.52712 0.39157
v -0.16190 0.88972 0.07920 0.64448 0.52712 0.39157
v -0.15620 0.88423 0.08753 0.64448 0.52712 0.39157
v -0.15721 0.88322 0.07920 0.64448 0.52712 0.39157
v -0.16190 0.88972 0.07920 0.64448 0.52712 0.39157
v -0.16190 0.88972 0.07920 0.64448 0.52712 0.39157
v -0.15721 0.88322 0.07920 0.64448 0.52712 0.39157
v -0.16190 0.88972 -0.07920 0.64448 0.52712 0.39157
v -0.15721 0.88322 0.07920 0.64448 0.52712 0.39157
v -0.15721 0.88322 -0.07920 0.64448 0.52712 0.39157
v -0.16190 0.88972 -0.07920 0.64448 0.52712 0.39157
v -0.16190 0.88972 -0.07920 0.64448 0.52712 0.39157
v -0.15721 0.88322 -0.07920 0.64448 0.52712 0.39157
v -0.15995 0.89069 -0.08941 0.64448 0.52712 0.39157
v -0.15721 0.88322 -0.07920 0.64448 0.52712 0.39157
v -0.15620 0.88423 -0.08753 0.64448 0.52712 0.39157
v -0.15995 0.89069 -0.08941 0.64448 0.52712 0.39157
v -0.15995 0.89069 -0.08941 0.64448 0.52712 0.39157
v -0.15620 0.88423 -0.08753 0.64448 0.52712 0.39157
v -0.15620 0.89257 -0.09587 0.64448 0.52712 0.39157
v -0.15620 0.88423 -0.08753 0.64448 0.52712 0.39157
v -0.15397 0.88646 -0.09364 0.64448 0.52712 0.39157
v -0.15620 0.89257 -0.09587 0.64448 0.52712 0.39157
v 0.15397 1.50154 -0.09364 0.64448 0.52712 0.39157
v 0.15620 1.49544 -0.09587 0.64448 0.52712 0.39157
v 0.15620 1.50377 -0.08753 0.64448 0.52712 0.39157
v 0.15620 1.49544 -0.09587 0.64448 0.52712 0.39157
v 0.15995 1.49731 -0.08941 0.64448 0.52712 0.39157
v 0.15620 1.50377 -0.08753 0.64448 0.52712 0.39157
v 0.15620 1.50377 -0.08753 0.64448 0.52712 0.39157
v 0.15995 1.49731 -0.08941 0.64448 0.52712 0.39157
v 0.15721 1.50478 -0.07920 0.64448 0.52712 0.39157
v 0.15995 1.49731 -0.08941 0.64448 0.52712 0.39157
v 0.16190 1.49828 -0.07920 0.64448 0.52712 0.39157
v 0.15721 1.50478 -0.07920 0.64448 0.52712 0.39157
v 0.15721 1.50478 -0.07920 0.64448 0.52712 0.39157
v 0.16190 1.49828 -0.07920 0.64448 0.52712 0.39157
v 0.15721 1.50478 0.07920 0.64448 0.52712 0.39157
v 0.16190 1.49828 -0.07920 0.64448 0.52712 0.39157
v 0.16190 1.49828 0.07920 0.64448 0.52712 0.39157
v 0.15721 1.50478 0.07920 0.64448 0.52712 0.39157
v 0.15721 1.50478 0.07920 0.64448 0.52712 0.39157
v 0.16190 1.49828 0.07920 0.64448 0.52712 0.39157
v 0.15620 1.50377 0.08753 0.64448 0.52712 0.39157
v 0.16190 1.49828 0.07920 0.64448 0.52712 0.39157
v 0.15995 1.49731 0.08941 0.64448 0.52712 0.39157
v 0.15620 1.50377 0.08753 0.64448 0.52712 0.39157
v 0.15620 1.50377 0.08753 0.64448 0.52712 0.39157
v 0.15995 1.49731 0.08941 0.64448 0.52712 0.39157
v 0.15397 1.50154 0.09364 0.64448 0.52712 0.39157
v 0.15995 1.49731 0.08941 0.64448 0.52712 0.39157
v 0.15620 1.49544 0.09587 0.64448 0.52712 0.39157
v 0.15397 1.50154 0.09364 0.64448 0.52712 0.39157
v 0.15620 1.49544 -0.09587 0.64448 0.52712 0.39157
v 0.15721 1.48710 -0.09688 0.64448 0.52712 0.39157
v 0.15995 1.49731 -0.08941 0.64448 0.52712 0.39157
v 0.15721 1.48710 -0.09688 0.64448 0.52712 0.39157
v 0.16190 1.48710 -0.09038 0.64448 0.52712 0.39157
v 0.15995 1.49731 -0.08941 0.64448 0.52712 0.39157
v 0.15995 1.49731 -0.08941 0.64448 0.52712 0.39157
v 0.16190 1.48710 -0.09038 0.64448 0.52712 0.39157
v 0.16190 1.49828 -0.07920 0.64448 0.52712 0.39157
v 0.16190 1.48710 -0.09038 0.64448 0.52712 0.39157
v 0.16454 1.48710 -0.07920 0.64448 0.52712 0.39157
v 0.16190 1.49828 -0.07920 0.64448 0.52712 0.39157
v 0.16190 1.49828 -0.07920 0.64448 0.52712 0.39157
v 0.16454 1.48710 -0.07920 0.64448 0.52712 0.39157
v 0.16190 1.49828 0.07920 0.64448 0.52712 0.39157
v 0.16454 1.48710 -0.07920 0.64448 0.52712 0.39157
v 0.16454 1.48710 0.07920 0.64448 0.52712 0.39157
v 0.16190 1.49828 0.07920 0.64448 0.52712 0.39157
v 0.16190 1.49828 0.07920 0.64448 0.52712 0.39157
v 0.16454 1.48710 0.07920 0.64448 0.52712 0.39157
v 0.15995 1.49731 0.08941 0.64448 0.52712 0.39157
v 0.16454 1.48710 0.07920 0.64448 0.52712 0.39157
v 0.16190 1.48710 0.09038 0.64448 0.52712 0.39157
v 0.15995 1.49731 0.08941 0.64448 0.52712 0.39157
v 0.15995 1.49731 0.08941 0.64448 0.52712 0.39157
v 0.16190 1.48710 0.09038 0.64448 0.52712 0.39157
v 0.15620 1.49544 0.09587 0.64448 0.52712 0.39157
v 0.16190 1.48710 0.09038 0.64448 0.52712 0.39157
v 0.15721 1.48710 0.09688 0.64448 0.52712 0.39157
v 0.15620 1.49544 0.09587 0.64448 0.52712 0.39157
v 0.15721 1.48710 -0.09688 0.64448 0.52712 0.39157
v 0.15721 0.90090 -0.09688 0.64448 0.52712 0.39157
v 0.16190 1.48710 -0.09038 0.64448 0.52712 0.39157
v 0.15721 0.90090 -0.09688 0.64448 0.52712 0.39157
v 0.16190 0.90090 -0.09038 0.64448 0.52712 0.39157
v 0.16190 1.48710 -0.09038 0.64448 0.52712 0.39157
v 0.16190 1.48710 -0.09038 0.64448 0.52712 0.39157
v 0.16190 0.90090 -0.09038 0.64448 0.52712 0.39157
v 0.16454 1.48710 -0.07920 0.64448 0.52712 0.39157
v 0.16190 0.90090 -0.09038 0.64448 0.52712 0.39157
v 0.16454 0.90090 -0.07920 0.64448 0.52712 0.39157
v 0.16454 1.48710 -0.07920 0.64448 0.52712 0.39157
v 0.16454 1.48710 -0.07920 0.64448 0.52712 0.39157
v 0.16454 0.90090 -0.07920 0.64448 0.52712 0.39157
v 0.16454 1.48710 0.07920 0.64448 0.52712 0.39157
v 0.16454 0.90090 -0.07920 0.64448 0.52712 0.39157
v 0.16454 0.90090 0.07920 0.64448 0.52712 0.39157
v 0.16454 1.48710 0.07920 0.64448 0.52712 0.39157
v 0.16454 1.48710 0.07920 0.64448 0.52712 0.39157
v 0.16454 0.90090 0.07920 0.64448 0.52712 0.39157
v 0.16190 1.48710 0.09038 0.64448 0.52712 0.39157
v 0.16454 0.90090 0.07920 0.64448 0.52712 0.39157
v 0.16190 0.90090 0.09038 0.64448 0.52712 0.39157
v 0.16190 1.48710 0.09038 0.64448 0.52712 0.39157
v 0.16190 1.48710 0.09038 0.64448 0.52712 0.39157
v 0.16190 0.90090 0.09038 0.64448 0.52712 0.39157
v 0.15721 1.48710 0.09688 0.64448 0.52712 0.39157
v 0.16190 0.90090 0.09038 0.64448 0.52712 0.39157
v 0.15721 0.90090 0.09688 0.64448 0.52712 0.39157
v 0.15721 1.48710 0.09688 0.64448 0.52712 0.39157
v 0.15721 0.90090 -0.09688 0.64448 0.52712 0.39157
v 0.15620 0.89257 -0.09587 0.64448 0.52712 0.39157
v 0.16190 0.90090 -0.09038 0.64448 0.52712 0.39157
v 0.15620 0.89257 -0.09587 0.64448 0.52712 0.39157
v 0.15995 0.89069 -0.08941 0.64448 0.52712 0.39157
v 0.16190 0.90090 -0.09038 0.64448 0.52712 0.39157
v 0.16190 0.90090 -0.09038 0.64448 0.52712 0.39157
v 0.15995 0.89069 -0.08941 0.64448 0.52712 0.39157
v 0.16454 0.90090 -0.07920 0.64448 0.52712 0.39157
v 0.15995 0.89069 -0.08941 0.64448 0.52712 0.39157
v 0.16190 0.88972 -0.07920 0.64448 0.52712 0.39157
v 0.16454 0.90090 -0.07920 0.64448 0.52712 0.39157
v 0.16454 0.90090 -0.07920 0.64448 0.52712 0.39157
v 0.16190 0.88972 -0.07920 0.64448 0.52712 0.39157
v 0.16454 0.90090 0.07920 0.64448 0.52712 0.39157
v 0.16190 0.88972 -0.07920 0.64448 0.52712 0.39157
v 0.16190 0.88972 0.07920 0.64448 0.52712 0.39157
v 0.16454 0.90090 0.07920 0.64448 0.52712 0.39157
v 0.16454 0.90090 0.07920 0.64448 0.52712 0.39157
v 0.16190 0.88972 0.07920 0.64448 0.52712 0.39157
v 0.16190 0.90090 0.09038 0.64448 0.52712 0.39157
v 0.16190 0.88972 0.07920 0.64448 0.52712 0.39157
v 0.15995 0.89069 0.08941 0.64448 0.52712 0.39157
v 0.16190 0.90090 0.09038 0.64448 0.52712 0.39157
v 0.16190 0.90090 0.09038 0.64448 0.52712 0.39157
v 0.15995 0.89069 0.08941 0.64448 0.52712 0.39157
v 0.15721 0.90090 0.09688 0.64448 0.52712 0.39157
v 0.15995 0.89069 0.08941 0.64448 0.52712 0.39157
v 0.15620 0.89257 0.09587 0.64448 0.52712 0.39157
v 0.15721 0.90090 0.09688 0.64448 0.52712 0.39157
v 0.15620 0.89257 -0.09587 0.64448 0.52712 0.39157
v 0.15397 0.88646 -0.09364 0.64448 0.52712 0.39157
v 0.15995 0.89069 -0.08941 0.64448 0.52712 0.39157
v 0.15397 0.88646 -0.09364 0.64448 0.52712 0.39157
v 0.15620 0.88423 -0.08753 0.64448 0.52712 0.39157
v 0.15995 0.89069 -0.08941 0.64448 0.52712 0.39157
v 0.15995 0.89069 -0.08941 0.64448 0.52712 0.39157
v 0.15620 0.88423 -0.08753 0.64448 0.52712 0.39157
v 0.16190 0.88972 -0.07920 0.64448 0.52712 0.39157
v 0.15620 0.88423 -0.08753 0.64448 0.52712 0.39157
v 0.15721 0.88322 -0.07920 0.64448 0.52712 0.39157
v 0.16190 0.88972 -0.07920 0.64448 0.52712 0.39157
v 0.16190 0.88972 -0.07920 0.64448 0.52712 0.39157
v 0.15721 0.88322 -0.07920 0.64448 0.52712 0.39157
v 0.16190 0.88972 0.07920 0.64448 0.52712 0.39157
v 0.15721 0.88322 -0.07920 0.64448 0.52712 0.39157
v 0.15721 0.88322 0.07920 0.64448 0.52712 0.39157
v 0.16190 0.88972 0.07920 0.64448 0.52712 0.39157
v 0.16190 0.88972 0.07920 0.64448 0.52712 0.39157
v 0.15721 0.88322 0.07920 0.64448 0.52712 0.39157
v 0.15995 0.89069 0.08941 0.64448 0.52712 0.39157
v 0.15721 0.88322 0.07920 0.64448 0.52712 0.39157
v 0.15620 0.88423 0.08753 0.64448 0.52712 0.39157
v 0.15995 0.89069 0.08941 0.64448 0.52712 0.39157
v 0.15995 0.89069 0.08941 0.64448 0.52712 0.39157
v 0.15620 0.88423 0.08753 0.64448 0.52712 0.39157
v 0.15620 0.89257 0.09587 0.64448 0.52712 0.39157
v 0.15620 0.88423 0.08753 0.64448 0.52712 0.39157
v 0.15397 0.88646 0.09364 0.64448 0.52712 0.39157
v 0.15620 0.89257 0.09587 0.64448 0.52712 0.39157
v 0.15397 1.50154 -0.09364 0.64448 0.52712 0.39157
v 0.15620 1.50377 -0.08753 0.64448 0.52712 0.39157
v 0.14787 1.50377 -0.09587 0.64448 0.52712 0.39157
v 0.15620 1.50377 -0.08753 0.64448 0.52712 0.39157
v 0.14974 1.50752 -0.08941 0.64448 0.52712 0.39157
v 0.14787 1.50377 -0.09587 0.64448 0.52712 0.39157
v 0.14787 1.50377 -0.09587 0.64448 0.52712 0.39157
v 0.14974 1.50752 -0.08941 0.64448 0.52712 0.39157
v 0.13953 1.50478 -0.09688 0.64448 0.52712 0.39157
v 0.14974 1.50752 -0.08941 0.64448 0.52712 0.39157
v 0.13953 1.50947 -0.09038 0.64448 0.52712 0.39157
v 0.13953 1.50478 -0.09688 0.64448 0.52712 0.39157
v 0.13953 1.50478 -0.09688 0.64448 0.52712 0.39157
v 0.13953 1.50947 -0.09038 0.64448 0.52712 0.39157
v -0.13953 1.50478 -0.09688 0.64448 0.52712 0.39157
v 0.13953 1.50947 -0.09038 0.64448 0.52712 0.39157
v -0.13953 1.50947 -0.09038 0.64448 0.52712 0.39157
v -0.13953 1.50478 -0.09688 0.64448 0.52712 0.39157
v -0.13953 1.50478 -0.09688 0.64448 0.52712 0.39157
v -0.13953 1.50947 -0.09038 0.64448 0.52712 0.39157
v -0.14787 1.50377 -0.09587 0.64448 0.52712 0.39157
v -0.13953 1.50947 -0.09038 0.64448 0.52712 0.39157
v -0.14974 1.50752 -0.08941 0.64448 0.52712 0.39157
v -0.14787 1.50377 -0.09587 0.64448 0.52712 0.39157
v -0.14787 1.50377 -0.09587 0.64448 0.52712 0.39157
v -0.14974 1.50752 -0.08941 0.64448 0.52712 0.39157
v -0.15397 1.50154 -0.09364 0.64448 0.52712 0.39157
v -0.14974 1.50752 -0.08941 0.64448 0.52712 0.39157
v -0.15620 1.50377 -0.08753 0.64448 0.52712 0.39157
v -0.15397 1.50154 -0.09364 0.64448 0.52712 0.39157
v 0.15620 1.50377 -0.08753 0.64448 0.52712 0.39157
v 0.15721 1.50478 -0.07920 0.64448 0.52712 0.39157
v 0.14974 1.50752 -0.08941 0.64448 0.52712 0.39157
v 0.15721 1.50478 -0.07920 0.64448 0.52712 0.39157
v 0.15071 1.50947 -0.07920 0.64448 0.52712 0.39157
v 0.14974 1.50752 -0.08941 0.64448 0.52712 0.39157
v 0.14974 1.50752 -0.08941 0.64448 0.52712 0.39157
v 0.15071 1.50947 -0.07920 0.64448 0.52712 0.39157
v 0.13953 1.50947 -0.09038 0.64448 0.52712 0.39157
v 0.15071 1.50947 -0.07920 0.64448 0.52712 0.39157
v 0.13953 1.51211 -0.07920 0.64448 0.52712 0.39157
v 0.13953 1.50947 -0.09038 0.64448 0.52712 0.39157
v 0.13953 1.50947 -0.09038 0.64448 0.52712 0.39157
v 0.13953 1.51211 -0.07920 0.64448 0.52712 0.39157
v -0.13953 1.50947 -0.09038 0.64448 0.52712 0.39157
v 0.13953 1.51211 -0.07920 0.64448 0.52712 0.39157
v -0.13953 1.51211 -0.07920 0.64448 0.52712 0.39157
v -0.13953 1.50947 -0.09038 0.64448 0.52712 0.39157
v -0.13953 1.50947 -0.09038 0.64448 0.52712 0.39157
v -0.13953 1.51211 -0.07920 0.64448 0.52712 0.39157
v -0.14974 1.50752 -0.08941 0.64448 0.52712 0.39157
v -0.13953 1.51211 -0.07920 0.64448 0.52712 0.39157
v -0.15071 1.50947 -0.07920 0.64448 0.52712 0.39157
v -0.14974 1.50752 -0.08941 0.64448 0.52712 0.39157
v -0.14974 1.50752 -0.08941 0.64448 0.52712 0.39157
v -0.15071 1.50947 -0.07920 0.64448 0.52712 0.39157
v -0.15620 1.50377 -0.08753 0.64448 0.52712 0.39157
v -0.15071 1.50947 -0.07920 0.64448 0.52712 0.39157
v -0.15721 1.50478 -0.07920 0.64448 0.52712 0.39157
v -0.15620 1.50377 -0.08753 0.64448 0.52712 0.39157
v 0.15721 1.50478 -0.07920 0.64448 0.52712 0.39157
v 0.15721 1.50478 0.07920 0.64448 0.52712 0.39157
v 0.15071 1.50947 -0.07920 0.64448 0.52712 0.39157
v 0.15721 1.50478 0.07920 0.64448 0.52712 0.39157
v 0.15071 1.50947 0.07920 0.64448 0.52712 0.39157
v 0.15071 1.50947 -0.07920 0.64448 0.52712 0.39157
v 0.15071 1.50947 -0.07920 0.64448 0.52712 0.39157
v 0.15071 1.50947 0.07920 0.64448 0.52712 0.39157
v 0.13953 1.51211 -0.07920 0.64448 0.52712 0.39157
v 0.15071 1.50947 0.07920 0.64448 0.52712 0.39157
v 0.13953 1.51211 0.07920 0.64448 0.52712 0.39157
v 0.13953 1.51211 -0.07920 0.64448 0.52712 0.39157
v 0.13953 1.51211 -0.07920 0.64448 0.52712 0.39157
v 0.13953 1.51211 0.07920 0.64448 0.52712 0.39157
v -0.13953 1.51211 -0.07920 0.64448 0.52712 0.39157
v 0.13953 1.51211 0.07920 0.64448 0.52712 0.39157
v -0.13953 1.51211 0.07920 0.64448 0.52712 0.39157
v -0.13953 1.51211 -0.07920 0.64448 0.52712 0.39157
v -0.13953 1.51211 -0.07920 0.64448 0.52712 0.39157
v -0.13953 1.51211 0.07920 0.64448 0.52712 0.39157
v -0.15071 1.50947 -0.07920 0.64448 0.52712 0.39157
v -0.13953 1.51211 0.07920 0.64448 0.52712 0.39157
v -0.15071 1.50947 0.07920 0.64448 0.52712 0.39157
v -0.15071 1.50947 -0.07920 0.64448 0.52712 0.39157
v -0.15071 1.50947 -0.07920 0.64448 0.52712 0.39157
v -0.15071 1.50947 0.07920 0.64448 0.52712 0.39157
v -0.15721 1.50478 -0.07920 0.64448 0.52712 0.39157
v -0.15071 1.50947 0.07920 0.64448 0.52712 0.39157
v -0.15721 1.50478 0.07920 0.64448 0.52712 0.39157
v -0.15721 1.50478 -0.07920 0.64448 0.52712 0.39157
v 0.15721 1.50478 0.07920 0.64448 0.52712 0.39157
v 0.15620 1.50377 0.08753 0.64448 0.52712 0.39157
v 0.15071 1.50947 0.07920 0.64448 0.52712 0.39157
v 0.15620 1.50377 0.08753 0.64448 0.52712 0.39157
v 0.14974 1.50752 0.08941 0.64448 0.52712 0.39157
v 0.15071 1.50947 0.07920 0.64448 0.52712 0.39157
v 0.15071 1.50947 0.07920 0.64448 0.52712 0.39157
v 0.14974 1.50752 0.08941 0.64448 0.52712 0.39157
v 0.13953 1.51211 0.07920 0.64448 0.52712 0.39157
v 0.14974 1.50752 0.08941 0.64448 0.52712 0.39157
v 0.13953 1.50947 0.09038 0.64448 0.52712 0.39157
v 0.13953 1.51211 0.07920 0.64448 0.52712 0.39157
v 0.13953 1.51211 0.07920 0.64448 0.52712 0.39157
v 0.13953 1.50947 0.09038 0.64448 0.52712 0.39157
v -0.13953 1.51211 0.07920 0.64448 0.52712 0.39157
v 0.13953 1.50947 0.09038 0.64448 0.52712 0.39157
v -0.13953 1.50947 0.09038 0.64448 0.52712 0.39157
v -0.13953 1.51211 0.07920 0.64448 0.52712 0.39157
v -0.13953 1.51211 0.07920 0.64448 0.52712 0.39157
v -0.13953 1.50947 0.09038 0.64448 0.52712 0.39157
v -0.15071 1.50947 0.07920 0.64448 0.52712 0.39157
v -0.13953 1.50947 0.09038 0.64448 0.52712 0.39157
v -0.14974 1.50752 0.08941 0.64448 0.52712 0.39157
v -0.15071 1.50947 0.07920 0.64448 0.52712 0.39157
v -0.15071 1.50947 0.07920 0.64448 0.52712 0.39157
v -0.14974 1.50752 0.08941 0.64448 0.52712 0.39157
v -0.15721 1.50478 0.07920 0.64448 0.52712 0.39157
v -0.14974 1.50752 0.08941 0.64448 0.52712 0.39157
v -0.15620 1.50377 0.08753 0.64448 0.52712 0.39157
v -0.15721 1.50478 0.07920 0.64448 0.52712 0.39157
v 0.15620 1.50377 0.08753 0.64448 0.52712 0.39157
v 0.15397 1.50154 0.09364 0.64448 0.52712 0.39157
v 0.14974 1.50752 0.08941 0.64448 0.52712 0.39157
v 0.15397 1.50154 0.09364 0.64448 0.52712 0.39157
v 0.14787 1.50377 0.09587 0.64448 0.52712 0.39157
v 0.14974 1.50752 0.08941 0.64448 0.52712 0.39157
v 0.14974 1.50752 0.08941 0.64448 0.52712 0.39157
v 0.14787 1.50377 0.09587 0.64448 0.52712 0.39157
v 0.13953 1.50947 0.09038 0.64448 0.52712 0.39157
v 0.14787 1.50377 0.09587 0.64448 0.52712 0.39157
v 0.13953 1.50478 0.09688 0.64448 0.52712 0.39157
v 0.13953 1.50947 0.09038 0.64448 0.52712 0.39157
v 0.13953 1.50947 0.09038 0.64448 0.52712 0.39157
v 0.13953 1.50478 0.09688 0.64448 0.52712 0.39157
v -0.13953 1.50947 0.09038 0.64448 0.52712 0.39157
v 0.13953 1.50478 0.09688 0.64448 0.52712 0.39157
v -0.13953 1.50478 0.09688 0.64448 0.52712 0.39157
v -0.13953 1.50947 0.09038 0.64448 0.52712 0.39157
v -0.13953 1.50947 0.09038 0.64448 0.52712 0.39157
v -0.13953 1.50478 0.09688 0.64448 0.52712 0.39157
v -0.14974 1.50752 0.08941 0.64448 0.52712 0.39157
v -0.13953 1.50478 0.09688 0.64448 0.52712 0.39157
v -0.14787 1.50377 0.09587 0.64448 0.52712 0.39157
v -0.14974 1.50752 0.08941 0.64448 0.52712 0.39157
v -0.14974 1.50752 0.08941 0.64448 0.52712 0.39157
v -0.14787 1.50377 0.09587 0.64448 0.52712 0.39157
v -0.15620 1.50377 0.08753 0.64448 0.52712 0.39157
v -0.14787 1.50377 0.09587 0.64448 0.52712 0.39157
v -0.15397 1.50154 0.09364 0.64448 0.52712 0.39157
v -0.15620 1.50377 0.08753 0.64448 0.52712 0.39157
v 0.15397 0.88646 0.09364 0.64448 0.52712 0.39157
v 0.15620 0.88423 0.08753 0.64448 0.52712 0.39157
v 0.14787 0.88423 0.09587 0.64448 0.52712 0.39157
v 0.15620 0.88423 0.08753 0.64448 0.52712 0.39157
v 0.14974 0.88048 0.08941 0.64448 0.52712 0.39157
v 0.14787 0.88423 0.09587 0.64448 0.52712 0.39157
v 0.14787 0.88423 0.09587 0.64448 0.52712 0.39157
v 0.14974 0.88048 0.08941 0.64448 0.52712 0.39157
v 0.13953 0.88322 0.09688 0.64448 0.52712 0.39157
v 0.14974 0.88048 0.08941 0.64448 0.52712 0.39157
v 0.13953 0.87853 0.09038 0.64448 0.52712 0.39157
v 0.13953 0.88322 0.09688 0.64448 0.52712 0.39157
v 0.13953 0.88322 0.09688 0.64448 0.52712 0.39157
v 0.13953 0.87853 0.09038 0.64448 0.52712 0.39157
v -0.13953 0.88322 0.09688 0.64448 0.52712 0.39157
v 0.13953 0.87853 0.09038 0.64448 0.52712 0.39157
v -0.13953 0.87853 0.09038 0.64448 0.52712 0.39157
v -0.13953 0.88322 0.09688 0.64448 0.52712 0.39157
v -0.13953 0.88322 0.09688 0.64448 0.52712 0.39157
v -0.13953 0.87853 0.09038 0.64448 0.52712 0.39157
v -0.14787 0.88423 0.09587 0.64448 0.52712 0.39157
v -0.13953 0.87853 0.09038 0.64448 0.52712 0.39157
v -0.14974 0.88048 0.08941 0.64448 0.52712 0.39157
v -0.14787 0.88423 0.09587 0.64448 0.52712 0.39157
v -0.14787 0.88423 0.09587 0.64448 0.52712 0.39157
v -0.14974 0.88048 0.08941 0.64448 0.52712 0.39157
v -0.15397 0.88646 0.09364 0.64448 0.52712 0.39157
v -0.14974 0.88048 0.08941 0.64448 0.52712 0.39157
v -0.15620 0.88423 0.08753 0.64448 0.52712 0.39157
v -0.15397 0.88646 0.09364 0.64448 0.52712 0.39157
v 0.15620 0.88423 0.08753 0.64448 0.52712 0.39157
v 0.15721 0.88322 0.07920 0.64448 0.52712 0.39157
v 0.14974 0.88048 0.08941 0.64448 0.52712 0.39157
v 0.15721 0.88322 0.07920 0.64448 0.52712 0.39157
v 0.15071 0.87853 0.07920 0.64448 0.52712 0.39157
v 0.14974 0.88048 0.08941 0.64448 0.52712 0.39157
v 0.14974 0.88048 0.08941 0.64448 0.52712 0.39157
v 0.15071 0.87853 0.07920 0.64448 0.52712 0.39157
v 0.13953 0.87853 0.09038 0.64448 0.52712 0.39157
v 0.15071 0.87853 0.07920 0.64448 0.52712 0.39157
v 0.13953 0.87589 0.07920 0.64448 0.52712 0.39157
v 0.13953 0.87853 0.09038 0.64448 0.52712 0.39157
v 0.13953 0.87853 0.09038 0.64448 0.52712 0.39157
v 0.13953 0.87589 0.07920 0.64448 0.52712 0.39157
v -0.13953 0.87853 0.09038 0.64448 0.52712 0.39157
v 0.13953 0.87589 0.07920 0.64448 0.52712 0.39157
v -0.13953 0.87589 0.07920 0.64448 0.52712 0.39157
v -0.13953 0.87853 0.09038 0.64448 0.52712 0.39157
v -0.13953 0.87853 0.09038 0.64448 0.52712 0.39157
v -0.13953 0.87589 0.07920 0.64448 0.52712 0.39157
v -0.14974 0.88048 0.08941 0.64448 0.52712 0.39157
v -0.13953 0.87589 0.07920 0.64448 0.52712 0.39157
v -0.15071 0.87853 0.07920 0.64448 0.52712 0.39157
v -0.14974 0.88048 0.08941 0.64448 0.52712 0.39157
v -0.14974 0.88048 0.08941 0.64448 0.52712 0.39157
v -0.15071 0.87853 0.07920 0.64448 0.52712 0.39157
v -0.15620 0.88423 0.08753 0.64448 0.52712 0.39157
v -0.15071 0.87853 0.07920 0.64448 0.52712 0.39157
v -0.15721 0.88322 0.07920 0.64448 0.52712 0.39157
v -0.15620 0.88423 0.08753 0.64448 0.52712 0.39157
v 0.15721 0.88322 0.07920 0.64448 0.52712 0.39157
v 0.15721 0.88322 -0.07920 0.64448 0.52712 0.39157
v 0.15071 0.87853 0.07920 0.64448 0.52712 0.39157
v 0.15721 0.88322 -0.07920 0.64448 0.52712 0.39157
v 0.15071 0.87853 -0.07920 0.64448 0.52712 0.39157
v 0.15071 0.87853 0.07920 0.64448 0.52712 0.39157
v 0.15071 0.87853 0.07920 0.64448 0.52712 0.39157
v 0.15071 0.87853 -0.07920 0.64448 0.52712 0.39157
v 0.13953 0.87589 0.07920 0.64448 0.52712 0.39157
v 0.15071 0.87853 -0.07920 0.64448 0.52712 0.39157
v 0.13953 0.87589 -0.07920 0.64448 0.52712 0.39157
v 0.13953 0.87589 0.07920 0.64448 0.52712 0.39157
v 0.13953 0.87589 0.07920 0.64448 0.52712 0.39157
v 0.13953 0.87589 -0.07920 0.64448 0.52712 0.39157
v -0.13953 0.87589 0.07920 0.64448 0.52712 0.39157
v 0.13953 0.87589 -0.07920 0.64448 0.52712 0.39157
v -0.13953 0.87589 -0.07920 0.64448 0.52712 0.39157
v -0.13953 0.87589 0.07920 0.64448 0.52712 0.39157
v -0.13953 0.87589 0.07920 0.64448 0.52712 0.39157
v -0.13953 0.87589 -0.07920 0.64448 0.52712 0.39157
v -0.15071 0.87853 0.07920 0.64448 0.52712 0.39157
v -0.13953 0.87589 -0.07920 0.64448 0.52712 0.39157
v -0.15071 0.87853 -0.07920 0.64448 0.52712 0.39157
v -0.15071 0.87853 0.07920 0.64448 0.52712 0.39157
v -0.15071 0.87853 0.07920 0.64448 0.52712 0.39157
v -0.15071 0.87853 -0.07920 0.64448 0.52712 0.39157
v -0.15721 0.88322 0.07920 0.64448 0.52712 0.39157
v -0.15071 0.87853 -0.07920 0.64448 0.52712 0.39157
v -0.15721 0.88322 -0.07920 0.64448 0.52712 0.39157
v -0.15721 0.88322 0.07920 0.64448 0.52712 0.39157
v 0.15721 0.88322 -0.07920 0.64448 0.52712 0.39157
v 0.15620 0.88423 -0.08753 0.64448 0.52712 0.39157
v 0.15071 0.87853 -0.07920 0.64448 0.52712 0.39157
v 0.15620 0.88423 -0.08753 0.64448 0.52712 0.39157
v 0.14974 0.88048 -0.08941 0.64448 0.52712 0.39157
v 0.15071 0.87853 -0.07920 0.64448 0.52712 0.39157
v 0.15071 0.87853 -0.07920 0.64448 0.52712 0.39157
v 0.14974 0.88048 -0.08941 0.64448 0.52712 0.39157
v 0.13953 0.87589 -0.07920 0.64448 0.52712 0.39157
v 0.14974 0.88048 -0.08941 0.64448 0.52712 0.39157
v 0.13953 0.87853 -0.09038 0.64448 0.52712 0.39157
v 0.13953 0.87589 -0.07920 0.64448 0.52712 0.39157
v 0.13953 0.87589 -0.07920 0.64448 0.52712 0.39157
v 0.13953 0.87853 -0.09038 0.64448 0.52712 0.39157
v -0.13953 0.87589 -0.07920 0.64448 0.52712 0.39157
v 0.13953 0.87853 -0.09038 0.64448 0.52712 0.39157
v -0.13953 0.87853 -0.09038 0.64448 0.52712 0.39157
v -0.13953 0.87589 -0.07920 0.64448 0.52712 0.39157
v -0.13953 0.87589 -0.07920 0.64448 0.52712 0.39157
v -0.13953 0.87853 -0.09038 0.64448 0.52712 0.39157
v -0.15071 0.87853 -0.07920 0.64448 0.52712 0.39157
v -0.13953 0.87853 -0.09038 0.64448 0.52712 0.39157
v -0.14974 0.88048 -0.08941 0.64448 0.52712 0.39157
v -0.15071 0.87853 -0.07920 0.64448 0.52712 0.39157
v -0.15071 0.87853 -0.07920 0.64448 0.52712 0.39157
v -0.14974 0.88048 -0.08941 0.64448 0.52712 0.39157
v -0.15721 0.88322 -0.07920 0.64448 0.52712 0.39157
v -0.14974 0.88048 -0.08941 0.64448 0.52712 0.39157
v -0.15620 0.88423 -0.08753 0.64448 0.52712 0.39157
v -0.15721 0.88322 -0.07920 0.64448 0.52712 0.39157
v 0.15620 0.88423 -0.08753 0.64448 0.52712 0.39157
v 0.15397 0.88646 -0.09364 0.64448 0.52712 0.39157
v 0.14974 0.88048 -0.08941 0.64448 0.52712 0.39157
v 0.15397 0.88646 -0.09364 0.64448 0.52712 0.39157
v 0.14787 0.88423 -0.09587 0.64448 0.52712 0.39157
v 0.14974 0.88048 -0.08941 0.64448 0.52712 0.39157
v 0.14974 0.88048 -0.08941 0.64448 0.52712 0.39157
v 0.14787 0.88423 -0.09587 0.64448 0.52712 0.39157
v 0.13953 0.87853 -0.09038 0.64448 0.52712 0.39157
v 0.14787 0.88423 -0.09587 0.64448 0.52712 0.39157
v 0.13953 0.88322 -0.09688 0.64448 0.52712 0.39157
v 0.13953 0.87853 -0.09038 0.64448 0.52712 0.39157
v 0.13953 0.87853 -0.09038 0.64448 0.52712 0.39157
v 0.13953 0.88322 -0.09688 0.64448 0.52712 0.39157
v -0.13953 0.87853 -0.09038 0.64448 0.52712 0.39157
v 0.13953 0.88322 -0.09688 0.64448 0.52712 0.39157
v -0.13953 0.88322 -0.09688 0.64448 0.52712 0.39157
v -0.13953 0.87853 -0.09038 0.64448 0.52712 0.39157
v -0.13953 0.87853 -0.09038 0.64448 0.52712 0.39157
v -0.13953 0.88322 -0.09688 0.64448 0.52712 0.39157
v -0.14974 0.88048 -0.08941 0.64448 0.52712 0.39157
v -0.13953 0.88322 -0.09688 0.64448 0.52712 0.39157
v -0.14787 0.88423 -0.09587 0.64448 0.52712 0.39157
v -0.14974 0.88048 -0.08941 0.64448 0.52712 0.39157
v -0.14974 0.88048 -0.08941 0.64448 0.52712 0.39157
v -0.14787 0.88423 -0.09587 0.64448 0.52712 0.39157
v -0.15620 0.88423 -0.08753 0.64448 0.52712 0.39157
v -0.14787 0.88423 -0.09587 0.64448 0.52712 0.39157
v -0.15397 0.88646 -0.09364 0.64448 0.52712 0.39157
v -0.15620 0.88423 -0.08753 0.64448 0.52712 0.39157
v 0.15397 1.50154 0.09364 0.64448 0.52712 0.39157
v 0.15620 1.49544 0.09587 0.64448 0.52712 0.39157
v 0.14787 1.50377 0.09587 0.64448 0.52712 0.39157
v 0.15620 1.49544 0.09587 0.64448 0.52712 0.39157
v 0.14974 1.49731 0.09962 0.64448 0.52712 0.39157
v 0.14787 1.50377 0.09587 0.64448 0.52712 0.39157
v 0.14787 1.50377 0.09587 0.64448 0.52712 0.39157
v 0.14974 1.49731 0.09962 0.64448 0.52712 0.39157
v 0.13953 1.50478 0.09688 0.64448 0.52712 0.39157
v 0.14974 1.49731 0.09962 0.64448 0.52712 0.39157
v 0.13953 1.49828 0.10157 0.64448 0.52712 0.39157
v 0.13953 1.50478 0.09688 0.64448 0.52712 0.39157
v 0.13953 1.50478 0.09688 0.64448 0.52712 0.39157
v 0.13953 1.49828 0.10157 0.64448 0.52712 0.39157
v -0.13953 1.50478 0.09688 0.64448 0.52712 0.39157
v 0.13953 1.49828 0.10157 0.64448 0.52712 0.39157
v -0.13953 1.49828 0.10157 0.64448 0.52712 0.39157
v -0.13953 1.50478 0.09688 0.64448 0.52712 0.39157
v -0.13953 1.50478 0.09688 0.64448 0.52712 0.39157
v -0.13953 1.49828 0.10157 0.64448 0.52712 0.39157
v -0.14787 1.50377 0.09587 0.64448 0.52712 0.39157
v -0.13953 1.49828 0.10157 0.64448 0.52712 0.39157
v -0.14974 1.49731 0.09962 0.64448 0.52712 0.39157
v -0.14787 1.50377 0.09587 0.64448 0.52712 0.39157
v -0.14787 1.50377 0.09587 0.64448 0.52712 0.39157
v -0.14974 1.49731 0.09962 0.64448 0.52712 0.39157
v -0.15397 1.50154 0.09364 0.64448 0.52712 0.39157
v -0.14974 1.49731 0.09962 0.64448 0.52712 0.39157
v -0.15620 1.49544 0.09587 0.64448 0.52712 0.39157
v -0.15397 1.50154 0.09364 0.64448 0.52712 0.39157
v 0.15620 1.49544 0.09587 0.64448 0.52712 0.39157
v 0.15721 1.48710 0.09688 0.64448 0.52712 0.39157
v 0.14974 1.49731 0.09962 0.64448 0.52712 0.39157
v 0.15721 1.48710 0.09688 0.64448 0.52712 0.39157
v 0.15071 1.48710 0.10157 0.64448 0.52712 0.39157
v 0.14974 1.49731 0.09962 0.64448 0.52712 0.39157
v 0.14974 1.49731 0.09962 0.64448 0.52712 0.39157
v 0.15071 1.48710 0.10157 0.64448 0.52712 0.39157
v 0.13953 1.49828 0.10157 0.64448 0.52712 0.39157
v 0.15071 1.48710 0.10157 0.64448 0.52712 0.39157
v 0.13953 1.48710 0.10421 0.64448 0.52712 0.39157
v 0.13953 1.49828 0.10157 0.64448 0.52712 0.39157
v 0.13953 1.49828 0.10157 0.64448 0.52712 0.39157
v 0.13953 1.48710 0.10421 0.64448 0.52712 0.39157
v -0.13953 1.49828 0.10157 0.64448 0.52712 0.39157
v 0.13953 1.48710 0.10421 0.64448 0.52712 0.39157
v -0.13953 1.48710 0.10421 0.64448 0.52712 0.39157
v -0.13953 1.49828 0.10157 0.64448 0.52712 0.39157
v -0.13953 1.49828 0.10157 0.64448 0.52712 0.39157
v -0.13953 1.48710 0.10421 0.64448 0.52712 0.39157
v -0.14974 1.49731 0.09962 0.64448 0.52712 0.39157
v -0.13953 1.48710 0.10421 0.64448 0.52712 0.39157
v -0.15071 1.48710 0.10157 0.64448 0.52712 0.39157
v -0.14974 1.49731 0.09962 0.64448 0.52712 0.39157
v -0.14974 1.49731 0.09962 0.64448 0.52712 0.39157
v -0.15071 1.48710 0.10157 0.64448 0.52712 0.39157
v -0.15620 1.49544 0.09587 0.64448 0.52712 0.39157
v -0.15071 1.48710 0.10157 0.64448 0.52712 0.39157
v -0.15721 1.48710 0.09688 0.64448 0.52712 0.39157
v -0.15620 1.49544 0.09587 0.64448 0.52712 0.39157
v 0.15721 1.48710 0.09688 0.64448 0.52712 0.39157
v 0.15721 0.90090 0.09688 0.64448 0.52712 0.39157
v 0.15071 1.48710 0.10157 0.64448 0.52712 0.39157
v 0.15721 0.90090 0.09688 0.64448 0.52712 0.39157
v 0.15071 0.90090 0.10157 0.64448 0.52712 0.39157
v 0.15071 1.48710 0.10157 0.64448 0.52712 0.39157
v 0.15071 1.48710 0.10157 0.64448 0.52712 0.39157
v 0.15071 0.90090 0.10157 0.64448 0.52712 0.39157
v 0.13953 1.48710 0.10421 0.64448 0.52712 0.39157
v 0.15071 0.90090 0.10157 0.64448 0.52712 0.39157
v 0.13953 0.90090 0.10421 0.64448 0.52712 0.39157
v 0.13953 1.48710 0.10421 0.64448 0.52712 0.39157
v 0.13953 1.48710 0.10421 0.64448 0.52712 0.39157
v 0.13953 0.90090 0.10421 0.64448 0.52712 0.39157
v -0.13953 1.48710 0.10421 0.64448 0.52712 0.39157
v 0.13953 0.90090 0.10421 0.64448 0.52712 0.39157
v -0.13953 0.90090 0.10421 0.64448 0.52712 0.39157
v -0.13953 1.48710 0.10421 0.64448 0.52712 0.39157
v -0.13953 1.48710 0.10421 0.64448 0.52712 0.39157
v -0.13953 0.90090 0.10421 0.64448 0.52712 0.39157
v -0.15071 1.48710 0.10157 0.64448 0.52712 0.39157
v -0.13953 0.90090 0.10421 0.64448 0.52712 0.39157
v -0.15071 0.90090 0.10157 0.64448 0.52712 0.39157
v -0.15071 1.48710 0.10157 0.64448 0.52712 0.39157
v -0.15071 1.48710 0.10157 0.64448 0.52712 0.39157
v -0.15071 0.90090 0.10157 0.64448 0.52712 0.39157
v -0.15721 1.48710 0.09688 0.64448 0.52712 0.39157
v -0.15071 0.90090 0.10157 0.64448 0.52712 0.39157
v -0.15721 0.90090 0.09688 0.64448 0.52712 0.39157
v -0.15721 1.48710 0.09688 0.64448 0.52712 0.39157
v 0.15721 0.90090 0.09688 0.64448 0.52712 0.39157
v 0.15620 0.89257 0.09587 0.64448 0.52712 0.39157
v 0.15071 0.90090 0.10157 0.64448 0.52712 0.39157
v 0.15620 0.89257 0.09587 0.64448 0.52712 0.39157
v 0.14974 0.89069 0.09962 0.64448 0.52712 0.39157
v 0.15071 0.90090 0.10157 0.64448 0.52712 0.39157
v 0.15071 0.90090 0.10157 0.64448 0.52712 0.39157
v 0.14974 0.89069 0.09962 0.64448 0.52712 0.39157
v 0.13953 0.90090 0.10421 0.64448 0.52712 0.39157
v 0.14974 0.89069 0.09962 0.64448 0.52712 0.39157
v 0.13953 0.88972 0.10157 0.64448 0.52712 0.39157
v 0.13953 0.90090 0.10421 0.64448 0.52712 0.39157
v 0.13953 0.90090 0.10421 0.64448 0.52712 0.39157
v 0.13953 0.88972 0.10157 0.64448 0.52712 0.39157
v -0.13953 0.90090 0.10421 0.64448 0.52712 0.39157
v 0.13953 0.88972 0.10157 0.64448 0.52712 0.39157
v -0.13953 0.88972 0.10157 0.64448 0.52712 0.39157
v -0.13953 0.90090 0.10421 0.64448 0.52712 0.39157
v -0.13953 0.90090 0.10421 0.64448 0.52712 0.39157
v -0.13953 0.88972 0.10157 0.64448 0.52712 0.39157
v -0.15071 0.90090 0.10157 0.64448 0.52712 0.39157
v -0.13953 0.88972 0.10157 0.64448 0.52712 0.39157
v -0.14974 0.89069 0.09962 0.64448 0.52712 0.39157
v -0.15071 0.90090 0.10157 0.64448 0.52712 0.39157
v -0.15071 0.90090 0.10157 0.64448 0.52712 0.39157
v -0.14974 0.89069 0.09962 0.64448 0.52712 0.39157
v -0.15721 0.90090 0.09688 0.64448 0.52712 0.39157
v -0.14974 0.89069 0.09962 0.64448 0.52712 0.39157
v -0.15620 0.89257 0.09587 0.64448 0.52712 0.39157
v -0.15721 0.90090 0.09688 0.64448 0.52712 0.39157
v 0.15620 0.89257 0.09587 0.64448 0.52712 0.39157
v 0.15397 0.88646 0.09364 0.64448 0.52712 0.39157
v 0.14974 0.89069 0.09962 0.64448 0.52712 0.39157
v 0.15397 0.88646 0.09364 0.64448 0.52712 0.39157
v 0.14787 0.88423 0.09587 0.64448 0.52712 0.39157
v 0.14974 0.89069 0.09962 0.64448 0.52712 0.39157
v 0.14974 0.89069 0.09962 0.64448 0.52712 0.39157
v 0.14787 0.88423 0.09587 0.64448 0.52712 0.39157
v 0.13953 0.88972 0.10157 0.64448 0.52712 0.39157
v 0.14787 0.88423 0.09587 0.64448 0.52712 0.39157
v 0.13953 0.88322 0.09688 0.64448 0.52712 0.39157
v 0.13953 0.88972 0.10157 0.64448 0.52712 0.39157
v 0.13953 0.88972 0.10157 0.64448 0.52712 0.39157
v 0.13953 0.88322 0.09688 0.64448 0.52712 0.39157
v -0.13953 0.88972 0.10157 0.64448 0.52712 0.39157
v 0.13953 0.88322 0.09688 0.64448 0.52712 0.39157
v -0.13953 0.88322 0.09688 0.64448 0.52712 0.39157
v -0.13953 0.88972 0.10157 0.64448 0.52712 0.39157
v -0.13953 0.88972 0.10157 0.64448 0.52712 0.39157
v -0.13953 0.88322 0.09688 0.64448 0.52712 0.39157
v -0.14974 0.89069 0.09962 0.64448 0.52712 0.39157
v -0.13953 0.88322 0.09688 0.64448 0.52712 0.39157
v -0.14787 0.88423 0.09587 0.64448 0.52712 0.39157
v -0.14974 0.89069 0.09962 0.64448 0.52712 0.39157
v -0.14974 0.89069 0.09962 0.64448 0.52712 0.39157
v -0.14787 0.88423 0.09587 0.64448 0.52712 0.39157
v -0.15620 0.89257 0.09587 0.64448 0.52712 0.39157
v -0.14787 0.88423 0.09587 0.64448 0.52712 0.39157
v -0.15397 0.88646 0.09364 0.64448 0.52712 0.39157
v -0.15620 0.89257 0.09587 0.64448 0.52712 0.39157
v -0.15397 1.50154 -0.09364 0.64448 0.52712 0.39157
v -0.15620 1.49544 -0.09587 0.64448 0.52712 0.39157
v -0.14787 1.50377 -0.09587 0.64448 0.52712 0.39157
v -0.15620 1.49544 -0.09587 0.64448 0.52712 0.39157
v -0.14974 1.49731 -0.09962 0.64448 0.52712 0.39157
v -0.14787 1.50377 -0.09587 0.64448 0.52712 0.39157
v -0.14787 1.50377 -0.09587 0.64448 0.52712 0.39157
v -0.14974 1.49731 -0.09962 0.64448 0.52712 0.39157
v -0.13953 1.50478 -0.09688 0.64448 0.52712 0.39157
v -0.14974 1.49731 -0.09962 0.64448 0.52712 0.39157
v -0.13953 1.49828 -0.10157 0.64448 0.52712 0.39157
v -0.13953 1.50478 -0.09688 0.64448 0.52712 0.39157
v -0.13953 1.50478 -0.09688 0.64448 0.52712 0.39157
v -0.13953 1.49828 -0.10157 0.64448 0.52712 0.39157
v 0.13953 1.50478 -0.09688 0.64448 0.52712 0.39157
v -0.13953 1.49828 -0.10157 0.64448 0.52712 0.39157
v 0.13953 1.49828 -0.10157 0.64448 0.52712 0.39157
v 0.13953 1.50478 -0.09688 0.64448 0.52712 0.39157
v 0.13953 1.50478 -0.09688 0.64448 0.52712 0.39157
v 0.13953 1.49828 -0.10157 0.64448 0.52712 0.39157
v 0.14787 1.50377 -0.09587 0.64448 0.52712 0.39157
v 0.13953 1.49828 -0.10157 0.64448 0.52712 0.39157
v 0.14974 1.49731 -0.09962 0.64448 0.52712 0.39157
v 0.14787 1.50377 -0.09587 0.64448 0.52712 0.39157
v 0.14787 1.50377 -0.09587 0.64448 0.52712 0.39157
v 0.14974 1.49731 -0.09962 0.64448 0.52712 0.39157
v 0.15397 1.50154 -0.09364 0.64448 0.52712 0.39157
v 0.14974 1.49731 -0.09962 0.64448 0.52712 0.39157
v 0.15620 1.49544 -0.09587 0.64448 0.52712 0.39157
v 0.15397 1.50154 -0.09364 0.64448 0.52712 0.39157
v -0.15620 1.49544 -0.09587 0.64448 0.52712 0.39157
v -0.15721 1.48710 -0.09688 0.64448 0.52712 0.39157
v -0.14974 1.49731 -0.09962 0.64448 0.52712 0.39157
v -0.15721 1.48710 -0.09688 0.64448 0.52712 0.39157
v -0.15071 1.48710 -0.10157 0.64448 0.52712 0.39157
v -0.14974 1.49731 -0.09962 0.64448 0.52712 0.39157
v -0.14974 1.49731 -0.09962 0.64448 0.52712 0.39157
v -0.15071 1.48710 -0.10157 0.64448 0.52712 0.39157
v -0.13953 1.49828 -0.10157 0.64448 0.52712 0.39157
v -0.15071 1.48710 -0.10157 0.64448 0.52712 0.39157
v -0.13953 1.48710 -0.10421 0.64448 0.52712 0.39157
v -0.13953 1.49828 -0.10157 0.64448 0.52712 0.39157
v -0.13953 1.49828 -0.10157 0.64448 0.52712 0.39157
v -0.13953 1.48710 -0.10421 0.64448 0.52712 0.39157
v 0.13953 1.49828 -0.10157 0.64448 0.52712 0.39157
v -0.13953 1.48710 -0.10421 0.64448 0.52712 0.39157
v 0.13953 1.48710 -0.10421 0.64448 0.52712 0.39157
v 0.13953 1.49828 -0.10157 0.64448 0.52712 0.39157
v 0.13953 1.49828 -0.10157 0.64448 0.52712 0.39157
v 0.13953 1.48710 -0.10421 0.64448 0.52712 0.39157
v 0.14974 1.49731 -0.09962 0.64448 0.52712 0.39157
v 0.13953 1.48710 -0.10421 0.64448 0.52712 0.39157
v 0.15071 1.48710 -0.10157 0.64448 0.52712 0.39157
v 0.14974 1.49731 -0.09962 0.64448 0.52712 0.39157
v 0.14974 1.49731 -0.09962 0.64448 0.52712 0.39157
v 0.15071 1.48710 -0.10157 0.64448 0.52712 0.39157
v 0.15620 1.49544 -0.09587 0.64448 0.52712 0.39157
v 0.15071 1.48710 -0.10157 0.64448 0.52712 0.39157
v 0.15721 1.48710 -0.09688 0.64448 0.52712 0.39157
v 0.15620 1.49544 -0.09587 0.64448 0.52712 0.39157
v -0.15721 1.48710 -0.09688 0.64448 0.52712 0.39157
v -0.15721 0.90090 -0.09688 0.64448 0.52712 0.39157
v -0.15071 1.48710 -0.10157 0.64448 0.52712 0.39157
v -0.15721 0.90090 -0.09688 0.64448 0.52712 0.39157
v -0.15071 0.90090 -0.10157 0.64448 0.52712 0.39157
v -0.15071 1.48710 -0.10157 0.64448 0.52712 0.39157
v -0.15071 1.48710 -0.10157 0.64448 0.52712 0.39157
v -0.15071 0.90090 -0.10157 0.64448 0.52712 0.39157
v -0.13953 1.48710 -0.10421 0.64448 0.52712 0.39157
v -0.15071 0.90090 -0.10157 0.64448 0.52712 0.39157
v -0.13953 0.90090 -0.10421 0.64448 0.52712 0.39157
v -0.13953 1.48710 -0.10421 0.64448 0.52712 0.39157
v -0.13953 1.48710 -0.10421 0.64448 0.52712 0.39157
v -0.13953 0.90090 -0.10421 0.64448 0.52712 0.39157
v 0.13953 1.48710 -0.10421 0.64448 0.52712 0.39157
v -0.13953 0.90090 -0.10421 0.64448 0.52712 0.39157
v 0.13953 0.90090 -0.10421 0.64448 0.52712 0.39157
v 0.13953 1.48710 -0.10421 0.64448 0.52712 0.39157
v 0.13953 1.48710 -0.10421 0.64448 0.52712 0.39157
v 0.13953 0.90090 -0.10421 0.64448 0.52712 0.39157
v 0.15071 1.48710 -0.10157 0.64448 0.52712 0.39157
v 0.13953 0.90090 -0.10421 0.64448 0.52712 0.39157
v 0.15071 0.90090 -0.10157 0.64448 0.52712 0.39157
v 0.15071 1.48710 -0.10157 0.64448 0.52712 0.39157
v 0.15071 1.48710 -0.10157 0.64448 0.52712 0.39157
v 0.15071 0.90090 -0.10157 0.64448 0.52712 0.39157
v 0.15721 1.48710 -0.09688 0.64448 0.52712 0.39157
v 0.15071 0.90090 -0.10157 0.64448 0.52712 0.39157
v 0.15721 0.90090 -0.09688 0.64448 0.52712 0.39157
v 0.15721 1.48710 -0.09688 0.64448 0.52712 0.39157
v -0.15721 0.90090 -0.09688 0.64448 0.52712 0.39157
v -0.15620 0.89257 -0.09587 0.64448 0.52712 0.39157
v -0.15071 0.90090 -0.10157 0.64448 0.52712 0.39157
v -0.15620 0.89257 -0.09587 0.64448 0.52712 0.39157
v -0.14974 0.89069 -0.09962 0.64448 0.52712 0.39157
v -0.15071 0.90090 -0.10157 0.64448 0.52712 0.39157
v -0.15071 0.90090 -0.10157 0.64448 0.52712 0.39157
v -0.14974 0.89069 -0.09962 0.64448 0.52712 0.39157
v -0.13953 0.90090 -0.10421 0.64448 0.52712 0.39157
v -0.14974 0.89069 -0.09962 0.64448 0.52712 0.39157
v -0.13953 0.88972 -0.10157 0.64448 0.52712 0.39157
v -0.13953 0.90090 -0.10421 0.64448 0.52712 0.39157
v -0.13953 0.90090 -0.10421 0.64448 0.52712 0.39157
v -0.13953 0.88972 -0.10157 0.64448 0.52712 0.39157
v 0.13953 0.90090 -0.10421 0.64448 0.52712 0.39157
v -0.13953 0.88972 -0.10157 0.64448 0.52712 0.39157
v 0.13953 0.88972 -0.10157 0.64448 0.52712 0.39157
v 0.13953 0.90090 -0.10421 0.64448 0.52712 0.39157
v 0.13953 0.90090 -0.10421 0.64448 0.52712 0.39157
v 0.13953 0.88972 -0.10157 0.64448 0.52712 0.39157
v 0.15071 0.90090 -0.10157 0.64448 0.52712 0.39157
v 0.13953 0.88972 -0.10157 0.64448 0.52712 0.39157
v 0.14974 0.89069 -0.09962 0.64448 0.52712 0.39157
v 0.15071 0.90090 -0.10157 0.64448 0.52712 0.39157
v 0.15071 0.90090 -0.10157 0.64448 0.52712 0.39157
v 0.14974 0.89069 -0.09962 0.64448 0.52712 0.39157
v 0.15721 0.90090 -0.09688 0.64448 0.52712 0.39157
v 0.14974 0.89069 -0.09962 0.64448 0.52712 0.39157
v 0.15620 0.89257 -0.09587 0.64448 0.52712 0.39157
v 0.15721 0.90090 -0.09688 0.64448 0.52712 0.39157
v -0.15620 0.89257 -0.09587 0.64448 0.52712 0.39157
v -0.15397 0.88646 -0.09364 0.64448 0.52712 0.39157
v -0.14974 0.89069 -0.09962 0.64448 0.52712 0.39157
v -0.15397 0.88646 -0.09364 0.64448 0.52712 0.39157
v -0.14787 0.88423 -0.09587 0.64448 0.52712 0.39157
v -0.14974 0.89069 -0.09962 0.64448 0.52712 0.39157
v -0.14974 0.89069 -0.09962 0.64448 0.52712 0.39157
v -0.14787 0.88423 -0.09587 0.64448 0.52712 0.39157
v -0.13953 0.88972 -0.10157 0.64448 0.52712 0.39157
v -0.14787 0.88423 -0.09587 0.64448 0.52712 0.39157
v -0.13953 0.88322 -0.09688 0.64448 0.52712 0.39157
v -0.13953 0.88972 -0.10157 0.64448 0.52712 0.39157
v -0.13953 0.88972 -0.10157 0.64448 0.52712 0.39157
v -0.13953 0.88322 -0.09688 0.64448 0.52712 0.39157
v 0.13953 0.88972 -0.10157 0.64448 0.52712 0.39157
v -0.13953 0.88322 -0.09688 0.64448 0.52712 0.39157
v 0.13953 0.88322 -0.09688 0.64448 0.52712 0.39157
v 0.13953 0.88972 -0.10157 0.64448 0.52712 0.39157
v 0.13953 0.88972 -0.10157 0.64448 0.52712 0.39157
v 0.13953 0.88322 -0.09688 0.64448 0.52712 0.39157
v 0.14974 0.89069 -0.09962 0.64448 0.52712 0.39157
v 0.13953 0.88322 -0.09688 0.64448 0.52712 0.39157
v 0.14787 0.88423 -0.09587 0.64448 0.52712 0.39157
v 0.14974 0.89069 -0.09962 0.64448 0.52712 0.39157
v 0.14974 0.89069 -0.09962 0.64448 0.52712 0.39157
v 0.14787 0.88423 -0.09587 0.64448 0.52712 0.39157
v 0.15620 0.89257 -0.09587 0.64448 0.52712 0.39157
v 0.14787 0.88423 -0.09587 0.64448 0.52712 0.39157
v 0.15397 0.88646 -0.09364 0.64448 0.52712 0.39157
v 0.15620 0.89257 -0.09587 0.64448 0.52712 0.39157
v -0.14553 1.37408 0.11745 0.64448 0.52712 0.39157
v -0.14781 1.36786 0.11973 0.64448 0.52712 0.39157
v -0.14781 1.37636 0.11122 0.64448 0.52712 0.39157
v -0.14781 1.36786 0.11973 0.64448 0.52712 0.39157
v -0.15163 1.36977 0.11313 0.64448 0.52712 0.39157
v -0.14781 1.37636 0.11122 0.64448 0.52712 0.39157
v -0.14781 1.37636 0.11122 0.64448 0.52712 0.39157
v -0.15163 1.36977 0.11313 0.64448 0.52712 0.39157
v -0.14884 1.37739 0.10272 0.64448 0.52712 0.39157
v -0.15163 1.36977 0.11313 0.64448 0.52712 0.39157
v -0.15362 1.37076 0.10272 0.64448 0.52712 0.39157
v -0.14884 1.37739 0.10272 0.64448 0.52712 0.39157
v -0.14884 1.37739 0.10272 0.64448 0.52712 0.39157
v -0.15362 1.37076 0.10272 0.64448 0.52712 0.39157
v -0.14884 1.37739 -0.05884 0.64448 0.52712 0.39157
v -0.15362 1.37076 0.10272 0.64448 0.52712 0.39157
v -0.15362 1.37076 -0.05884 0.64448 0.52712 0.39157
v -0.14884 1.37739 -0.05884 0.64448 0.52712 0.39157
v -0.14884 1.37739 -0.05884 0.64448 0.52712 0.39157
v -0.15362 1.37076 -0.05884 0.64448 0.52712 0.39157
v -0.14781 1.37636 -0.06735 0.64448 0.52712 0.39157
v -0.15362 1.37076 -0.05884 0.64448 0.52712 0.39157
v -0.15163 1.36977 -0.06926 0.64448 0.52712 0.39157
v -0.14781 1.37636 -0.06735 0.64448 0.52712 0.39157
v -0.14781 1.37636 -0.06735 0.64448 0.52712 0.39157
v -0.15163 1.36977 -0.06926 0.64448 0.52712 0.39157
v -0.14553 1.37408 -0.07357 0.64448 0.52712 0.39157
v -0.15163 1.36977 -0.06926 0.64448 0.52712 0.39157
v -0.14781 1.36786 -0.07585 0.64448 0.52712 0.39157
v -0.14553 1.37408 -0.07357 0.64448 0.52712 0.39157
v -0.14781 1.36786 0.11973 0.64448 0.52712 0.39157
v -0.14884 1.35936 0.12076 0.64448 0.52712 0.39157
v -0.15163 1.36977 0.11313 0.64448 0.52712 0.39157
v -0.14884 1.35936 0.12076 0.64448 0.52712 0.39157
v -0.15362 1.35936 0.11413 0.64448 0.52712 0.39157
v -0.15163 1.36977 0.11313 0.64448 0.52712 0.39157
v -0.15163 1.36977 0.11313 0.64448 0.52712 0.39157
v -0.15362 1.35936 0.11413 0.64448 0.52712 0.39157
v -0.15362 1.37076 0.10272 0.64448 0.52712 0.39157
v -0.15362 1.35936 0.11413 0.64448 0.52712 0.39157
v -0.15631 1.35936 0.10272 0.64448 0.52712 0.39157
v -0.15362 1.37076 0.10272 0.64448 0.52712 0.39157
v -0.15362 1.37076 0.10272 0.64448 0.52712 0.39157
v -0.15631 1.35936 0.10272 0.64448 0.52712 0.39157
v -0.15362 1.37076 -0.05884 0.64448 0.52712 0.39157
v -0.15631 1.35936 0.10272 0.64448 0.52712 0.39157
v -0.15631 1.35936 -0.05884 0.64448 0.52712 0.39157
v -0.15362 1.37076 -0.05884 0.64448 0.52712 0.39157
v -0.15362 1.37076 -0.05884 0.64448 0.52712 0.39157
v -0.15631 1.35936 -0.05884 0.64448 0.52712 0.39157
v -0.15163 1.36977 -0.06926 0.64448 0.52712 0.39157
v -0.15631 1.35936 -0.05884 0.64448 0.52712 0.39157
v -0.15362 1.35936 -0.07025 0.64448 0.52712 0.39157
v -0.15163 1.36977 -0.06926 0.64448 0.52712 0.39157
v -0.15163 1.36977 -0.06926 0.64448 0.52712 0.39157
v -0.15362 1.35936 -0.07025 0.64448 0.52712 0.39157
v -0.14781 1.36786 -0.07585 0.64448 0.52712 0.39157
v -0.15362 1.35936 -0.07025 0.64448 0.52712 0.39157
v -0.14884 1.35936 -0.07688 0.64448 0.52712 0.39157
v -0.14781 1.36786 -0.07585 0.64448 0.52712 0.39157
v -0.14884 1.35936 0.12076 0.64448 0.52712 0.39157
v -0.14884 1.09227 0.12076 0.64448 0.52712 0.39157
v -0.15362 1.35936 0.11413 0.64448 0.52712 0.39157
v -0.14884 1.09227 0.12076 0.64448 0.52712 0.39157
v -0.15362 1.09227 0.11413 0.64448 0.52712 0.39157
v -0.15362 1.35936 0.11413 0.64448 0.52712 0.39157
v -0.15362 1.35936 0.11413 0.64448 0.52712 0.39157
v -0.15362 1.09227 0.11413 0.64448 0.52712 0.39157
v -0.15631 1.35936 0.10272 0.64448 0.52712 0.39157
v -0.15362 1.09227 0.11413 0.64448 0.52712 0.39157
v -0.15631 1.09227 0.10272 0.64448 0.52712 0.39157
v -0.15631 1.35936 0.10272 0.64448 0.52712 0.39157
v -0.15631 1.35936 0.10272 0.64448 0.52712 0.39157
v -0.15631 1.09227 0.10272 0.64448 0.52712 0.39157
v -0.15631 1.35936 -0.05884 0.64448 0.52712 0.39157
v -0.15631 1.09227 0.10272 0.64448 0.52712 0.39157
v -0.15631 1.09227 -0.05884 0.64448 0.52712 0.39157
v -0.15631 1.35936 -0.05884 0.64448 0.52712 0.39157
v -0.15631 1.35936 -0.05884 0.64448 0.52712 0.39157
v -0.15631 1.09227 -0.05884 0.64448 0.52712 0.39157
v -0.15362 1.35936 -0.07025 0.64448 0.52712 0.39157
v -0.15631 1.09227 -0.05884 0.64448 0.52712 0.39157
v -0.15362 1.09227 -0.07025 0.64448 0.52712 0.39157
v -0.15362 1.35936 -0.07025 0.64448 0.52712 0.39157
v -0.15362 1.35936 -0.07025 0.64448 0.52712 0.39157
v -0.15362 1.09227 -0.07025 0.64448 0.52712 0.39157
v -0.14884 1.35936 -0.07688 0.64448 0.52712 0.39157
v -0.15362 1.09227 -0.07025 0.64448 0.52712 0.39157
v -0.14884 1.09227 -0.07688 0.64448 0.52712 0.39157
v -0.14884 1.35936 -0.07688 0.64448 0.52712 0.39157
v -0.14884 1.09227 0.12076 0.64448 0.52712 0.39157
v -0.14781 1.08376 0.11973 0.64448 0.52712 0.39157
v -0.15362 1.09227 0.11413 0.64448 0.52712 0.39157
v -0.14781 1.08376 0.11973 0.64448 0.52712 0.39157
v -0.15163 1.08185 0.11313 0.64448 0.52712 0.39157
v -0.15362 1.09227 0.11413 0.64448 0.52712 0.39157
v -0.15362 1.09227 0.11413 0.64448 0.52712 0.39157
v -0.15163 1.08185 0.11313 0.64448 0.52712 0.39157
v -0.15631 1.09227 0.10272 0.64448 0.52712 0.39157
v -0.15163 1.08185 0.11313 0.64448 0.52712 0.39157
v -0.15362 1.08086 0.10272 0.64448 0.52712 0.39157
v -0.15631 1.09227 0.10272 0.64448 0.52712 0.39157
v -0.15631 1.09227 0.10272 0.64448 0.52712 0.39157
v -0.15362 1.08086 0.10272 0.64448 0.52712 0.39157
v -0.15631 1.09227 -0.05884 0.64448 0.52712 0.39157
v -0.15362 1.08086 0.10272 0.64448 0.52712 0.39157
v -0.15362 1.08086 -0.05884 0.64448 0.52712 0.39157
v -0.15631 1.09227 -0.05884 0.64448 0.52712 0.39157
v -0.15631 1.09227 -0.05884 0.64448 0.52712 0.39157
v -0.15362 1.08086 -0.05884 0.64448 0.52712 0.39157
v -0.15362 1.09227 -0.07025 0.64448 0.52712 0.39157
v -0.15362 1.08086 -0.05884 0.64448 0.52712 0.39157
v -0.15163 1.08185 -0.06926 0.64448 0.52712 0.39157
v -0.15362 1.09227 -0.07025 0.64448 0.52712 0.39157
v -0.15362 1.09227 -0.07025 0.64448 0.52712 0.39157
v -0.15163 1.08185 -0.06926 0.64448 0.52712 0.39157
v -0.14884 1.09227 -0.07688 0.64448 0.52712 0.39157
v -0.15163 1.08185 -0.06926 0.64448 0.52712 0.39157
v -0.14781 1.08376 -0.07585 0.64448 0.52712 0.39157
v -0.14884 1.09227 -0.07688 0.64448 0.52712 0.39157
v -0.14781 1.08376 0.11973 0.64448 0.52712 0.39157
v -0.14553 1.07754 0.11745 0.64448 0.52712 0.39157
v -0.15163 1.08185 0.11313 0.64448 0.52712 0.39157
v -0.14553 1.07754 0.11745 0.64448 0.52712 0.39157
v -0.14781 1.07526 0.11122 0.64448 0.52712 0.39157
v -0.15163 1.08185 0.11313 0.64448 0.52712 0.39157
v -0.15163 1.08185 0.11313 0.64448 0.52712 0.39157
v -0.14781 1.07526 0.11122 0.64448 0.52712 0.39157
v -0.15362 1.08086 0.10272 0.64448 0.52712 0.39157
v -0.14781 1.07526 0.11122 0.64448 0.52712 0.39157
v -0.14884 1.07423 0.10272 0.64448 0.52712 0.39157
v -0.15362 1.08086 0.10272 0.64448 0.52712 0.39157
v -0.15362 1.08086 0.10272 0.64448 0.52712 0.39157
v -0.14884 1.07423 0.10272 0.64448 0.52712 0.39157
v -0.15362 1.08086 -0.05884 0.64448 0.52712 0.39157
v -0.14884 1.07423 0.10272 0.64448 0.52712 0.39157
v -0.14884 1.07423 -0.05884 0.64448 0.52712 0.39157
v -0.15362 1.08086 -0.05884 0.64448 0.52712 0.39157
v -0.15362 1.08086 -0.05884 0.64448 0.52712 0.39157
v -0.14884 1.07423 -0.05884 0.64448 0.52712 0.39157
v -0.15163 1.08185 -0.06926 0.64448 0.52712 0.39157
v -0.14884 1.07423 -0.05884 0.64448 0.52712 0.39157
v -0.14781 1.07526 -0.06735 0.64448 0.52712 0.39157
v -0.15163 1.08185 -0.06926 0.64448 0.52712 0.39157
v -0.15163 1.08185 -0.06926 0.64448 0.52712 0.39157
v -0.14781 1.07526 -0.06735 0.64448 0.52712 0.39157
v -0.14781 1.08376 -0.07585 0.64448 0.52712 0.39157
v -0.14781 1.07526 -0.06735 0.64448 0.52712 0.39157
v -0.14553 1.07754 -0.07357 0.64448 0.52712 0.39157
v -0.14781 1.08376 -0.07585 0.64448 0.52712 0.39157
v 0.14553 1.37408 -0.07357 0.64448 0.52712 0.39157
v 0.14781 1.36786 -0.07585 0.64448 0.52712 0.39157
v 0.14781 1.37636 -0.06735 0.64448 0.52712 0.39157
v 0.14781 1.36786 -0.07585 0.64448 0.52712 0.39157
v 0.15163 1.36977 -0.06926 0.64448 0.52712 0.39157
v 0.14781 1.37636 -0.06735 0.64448 0.52712 0.39157
v 0.14781 1.37636 -0.06735 0.64448 0.52712 0.39157
v 0.15163 1.36977 -0.06926 0.64448 0.52712 0.39157
v 0.14884 1.37739 -0.05884 0.64448 0.52712 0.39157
v 0.15163 1.36977 -0.06926 0.64448 0.52712 0.39157
v 0.15362 1.37076 -0.05884 0.64448 0.52712 0.39157
v 0.14884 1.37739 -0.05884 0.64448 0.52712 0.39157
v 0.14884 1.37739 -0.05884 0.64448 0.52712 0.39157
v 0.15362 1.37076 -0.05884 0.64448 0.52712 0.39157
v 0.14884 1.37739 0.10272 0.64448 0.52712 0.39157
v 0.15362 1.37076 -0.05884 0.64448 0.52712 0.39157
v 0.15362 1.37076 0.10272 0.64448 0.52712 0.39157
v 0.14884 1.37739 0.10272 0.64448 0.52712 0.39157
v 0.14884 1.37739 0.10272 0.64448 0.52712 0.39157
v 0.15362 1.37076 0.10272 0.64448 0.52712 0.39157
v 0.14781 1.37636 0.11122 0.64448 0.52712 0.39157
v 0.15362 1.37076 0.10272 0.64448 0.52712 0.39157
v 0.15163 1.36977 0.11313 0.64448 0.52712 0.39157
v 0.14781 1.37636 0.11122 0.64448 0.52712 0.39157
v 0.14781 1.37636 0.11122 0.64448 0.52712 0.39157
v 0.15163 1.36977 0.11313 0.64448 0.52712 0.39157
v 0.14553 1.37408 0.11745 0.64448 0.52712 0.39157
v 0.15163 1.36977 0.11313 0.64448 0.52712 0.39157
v 0.14781 1.36786 0.11973 0.64448 0.52712 0.39157
v 0.14553 1.37408 0.11745 0.64448 0.52712 0.39157
v 0.14781 1.36786 -0.07585 0.64448 0.52712 0.39157
v 0.14884 1.35936 -0.07688 0.64448 0.52712 0.39157
v 0.15163 1.36977 -0.06926 0.64448 0.52712 0.39157
v 0.14884 1.35936 -0.07688 0.64448 0.52712 0.39157
v 0.15362 1.35936 -0.07025 0.64448 0.52712 0.39157
v 0.15163 1.36977 -0.06926 0.64448 0.52712 0.39157
v 0.15163 1.36977 -0.06926 0.64448 0.52712 0.39157
v 0.15362 1.35936 -0.07025 0.64448 0.52712 0.39157
v 0.15362 1.37076 -0.05884 0.64448 0.52712 0.39157
v 0.15362 1.35936 -0.07025 0.64448 0.52712 0.39157
v 0.15631 1.35936 -0.05884 0.64448 0.52712 0.39157
v 0.15362 1.37076 -0.05884 0.64448 0.52712 0.39157
v 0.15362 1.37076 -0.05884 0.64448 0.52712 0.39157
v 0.15631 1.35936 -0.05884 0.64448 0.52712 0.39157
v 0.15362 1.37076 0.10272 0.64448 0.52712 0.39157
v 0.15631 1.35936 -0.05884 0.64448 0.52712 0.39157
v 0.15631 1.35936 0.10272 0.64448 0.52712 0.39157
v 0.15362 1.37076 0.10272 0.64448 0.52712 0.39157
v 0.15362 1.37076 0.10272 0.64448 0.52712 0.39157
v 0.15631 1.35936 0.10272 0.64448 0.52712 0.39157
v 0.15163 1.36977 0.11313 0.64448 0.52712 0.39157
v 0.15631 1.35936 0.10272 0.64448 0.52712 0.39157
v 0.15362 1.35936 0.11413 0.64448 0.52712 0.39157
v 0.15163 1.36977 0.11313 0.64448 0.52712 0.39157
v 0.15163 1.36977 0.11313 0.64448 0.52712 0.39157
v 0.15362 1.35936 0.11413 0.64448 0.52712 0.39157
v 0.14781 1.36786 0.11973 0.64448 0.52712 0.39157
v 0.15362 1.35936 0.11413 0.64448 0.52712 0.39157
v 0.14884 1.35936 0.12076 0.64448 0.52712 0.39157
v 0.14781 1.36786 0.11973 0.64448 0.52712 0.39157
v 0.14884 1.35936 -0.07688 0.64448 0.52712 0.39157
v 0.14884 1.09227 -0.07688 0.64448 0.52712 0.39157
v 0.15362 1.35936 -0.07025 0.64448 0.52712 0.39157
v 0.14884 1.09227 -0.07688 0.64448 0.52712 0.39157
v 0.15362 1.09227 -0.07025 0.64448 0.52712 0.39157
v 0.15362 1.35936 -0.07025 0.64448 0.52712 0.39157
v 0.15362 1.35936 -0.07025 0.64448 0.52712 0.39157
v 0.15362 1.09227 -0.07025 0.64448 0.52712 0.39157
v 0.15631 1.35936 -0.05884 0.64448 0.52712 0.39157
v 0.15362 1.09227 -0.07025 0.64448 0.52712 0.39157
v 0.15631 1.09227 -0.05884 0.64448 0.52712 0.39157
v 0.15631 1.35936 -0.05884 0.64448 0.52712 0.39157
v 0.15631 1.35936 -0.05884 0.64448 0.52712 0.39157
v 0.15631 1.09227 -0.05884 0.64448 0.52712 0.39157
v 0.15631 1.35936 0.10272 0.64448 0.52712 0.39157
v 0.15631 1.09227 -0.05884 0.64448 0.52712 0.39157
v 0.15631 1.09227 0.10272 0.64448 0.52712 0.39157
v 0.15631 1.35936 0.10272 0.64448 0.52712 0.39157
v 0.15631 1.35936 0.10272 0.64448 0.52712 0.39157
v 0.15631 1.09227 0.10272 0.64448 0.52712 0.39157
v 0.15362 1.35936 0.11413 0.64448 0.52712 0.39157
v 0.15631 1.09227 0.10272 0.64448 0.52712 0.39157
v 0.15362 1.09227 0.11413 0.64448 0.52712 0.39157
v 0.15362 1.35936 0.11413 0.64448 0.52712 0.39157
v 0.15362 1.35936 0.11413 0.64448 0.52712 0.39157
v 0.15362 1.09227 0.11413 0.64448 0.52712 0.39157
v 0.14884 1.35936 0.12076 0.64448 0.52712 0.39157
v 0.15362 1.09227 0.11413 0.64448 0.52712 0.39157
v 0.14884 1.09227 0.12076 0.64448 0.52712 0.39157
v 0.14884 1.35936 0.12076 0.64448 0.52712 0.39157
v 0.14884 1.09227 -0.07688 0.64448 0.52712 0.39157
v 0.14781 1.08376 -0.07585 0.64448 0.52712 0.39157
v 0.15362 1.09227 -0.07025 0.64448 0.52712 0.39157
v 0.14781 1.08376 -0.07585 0.64448 0.52712 0.39157
v 0.15163 1.08185 -0.06926 0.64448 0.52712 0.39157
v 0.15362 1.09227 -0.07025 0.64448 0.52712 0.39157
v 0.15362 1.09227 -0.07025 0.64448 0.52712 0.39157
v 0.15163 1.08185 -0.06926 0.64448 0.52712 0.39157
v 0.15631 1.09227 -0.05884 0.64448 0.52712 0.39157
v 0.15163 1.08185 -0.06926 0.64448 0.52712 0.39157
v 0.15362 1.08086 -0.05884 0.64448 0.52712 0.39157
v 0.15631 1.09227 -0.05884 0.64448 0.52712 0.39157
v 0.15631 1.09227 -0.05884 0.64448 0.52712 0.39157
v 0.15362 1.08086 -0.05884 0.64448 0.52712 0.39157
v 0.15631 1.09227 0.10272 0.64448 0.52712 0.39157
v 0.15362 1.08086 -0.05884 0.64448 0.52712 0.39157
v 0.15362 1.08086 0.10272 0.64448 0.52712 0.39157
v 0.15631 1.09227 0.10272 0.64448 0.52712 0.39157
v 0.15631 1.09227 0.10272 0.64448 0.52712 0.39157
v 0.15362 1.08086 0.10272 0.64448 0.52712 0.39157
v 0.15362 1.09227 0.11413 0.64448 0.52712 0.39157
v 0.15362 1.08086 0.10272 0.64448 0.52712 0.39157
v 0.15163 1.08185 0.11313 0.64448 0.52712 0.39157
v 0.15362 1.09227 0.11413 0.64448 0.52712 0.39157
v 0.15362 1.09227 0.11413 0.64448 0.52712 0.39157
v 0.15163 1.08185 0.11313 0.64448 0.52712 0.39157
v 0.14884 1.09227 0.12076 0.64448 0.52712 0.39157
v 0.15163 1.08185 0.11313 0.64448 0.52712 0.39157
v 0.14781 1.08376 0.11973 0.64448 0.52712 0.39157
v 0.14884 1.09227 0.12076 0.64448 0.52712 0.39157
v 0.14781 1.08376 -0.07585 0.64448 0.52712 0.39157
v 0.14553 1.07754 -0.07357 0.64448 0.52712 0.39157
v 0.15163 1.08185 -0.06926 0.64448 0.52712 0.39157
v 0.14553 1.07754 -0.07357 0.64448 0.52712 0.39157
v 0.14781 1.07526 -0.06735 0.64448 0.52712 0.39157
v 0.15163 1.08185 -0.06926 0.64448 0.52712 0.39157
v 0.15163 1.08185 -0.06926 0.64448 0.52712 0.39157
v 0.14781 1.07526 -0.06735 0.64448 0.52712 0.39157
v 0.15362 1.08086 -0.05884 0.64448 0.52712 0.39157
v 0.14781 1.07526 -0.06735 0.64448 0.52712 0.39157
v 0.14884 1.07423 -0.05884 0.64448 0.52712 0.39157
v 0.15362 1.08086 -0.05884 0.64448 0.52712 0.39157
v 0.15362 1.08086 -0.05884 0.64448 0.52712 0.39157
v 0.14884 1.07423 -0.05884 0.64448 0.52712 0.39157
v 0.15362 1.08086 0.10272 0.64448 0.52712 0.39157
v 0.14884 1.07423 -0.05884 0.64448 0.52712 0.39157
v 0.14884 1.07423 0.10272 0.64448 0.52712 0.39157
v 0.15362 1.08086 0.10272 0.64448 0.52712 0.39157
v 0.15362 1.08086 0.10272 0.64448 0.52712 0.39157
v 0.14884 1.07423 0.10272 0.64448 0.52712 0.39157
v 0.15163 1.08185 0.11313 0.64448 0.52712 0.39157
v 0.14884 1.07423 0.10272 0.64448 0.52712 0.39157
v 0.14781 1.07526 0.11122 0.64448 0.52712 0.39157
v 0.15163 1.08185 0.11313 0.64448 0.52712 0.39157
v 0.15163 1.08185 0.11313 0.64448 0.52712 0.39157
v 0.14781 1.07526 0.11122 0.64448 0.52712 0.39157
v 0.14781 1.08376 0.11973 0.64448 0.52712 0.39157
v 0.14781 1.07526 0.11122 0.64448 0.52712 0.39157
v 0.14553 1.07754 0.11745 0.64448 0.52712 0.39157
v 0.14781 1.08376 0.11973 0.64448 0.52712 0.39157
v 0.14553 1.37408 -0.07357 0.64448 0.52712 0.39157
v 0.14781 1.37636 -0.06735 0.64448 0.52712 0.39157
v 0.13930 1.37636 -0.07585 0.64448 0.52712 0.39157
v 0.14781 1.37636 -0.06735 0.64448 0.52712 0.39157
v 0.14122 1.38018 -0.06926 0.64448 0.52712 0.39157
v 0.13930 1.37636 -0.07585 0.64448 0.52712 0.39157
v 0.13930 1.37636 -0.07585 0.64448 0.52712 0.39157
v 0.14122 1.38018 -0.06926 0.64448 0.52712 0.39157
v 0.13080 1.37739 -0.07688 0.64448 0.52712 0.39157
v 0.14122 1.38018 -0.06926 0.64448 0.52712 0.39157
v 0.13080 1.38217 -0.07025 0.64448 0.52712 0.39157
v 0.13080 1.37739 -0.07688 0.64448 0.52712 0.39157
v 0.13080 1.37739 -0.07688 0.64448 0.52712 0.39157
v 0.13080 1.38217 -0.07025 0.64448 0.52712 0.39157
v -0.13080 1.37739 -0.07688 0.64448 0.52712 0.39157
v 0.13080 1.38217 -0.07025 0.64448 0.52712 0.39157
v -0.13080 1.38217 -0.07025 0.64448 0.52712 0.39157
v -0.13080 1.37739 -0.07688 0.64448 0.52712 0.39157
v -0.13080 1.37739 -0.07688 0.64448 0.52712 0.39157
v -0.13080 1.38217 -0.07025 0.64448 0.52712 0.39157
v -0.13930 1.37636 -0.07585 0.64448 0.52712 0.39157
v -0.13080 1.38217 -0.07025 0.64448 0.52712 0.39157
v -0.14122 1.38018 -0.06926 0.64448 0.52712 0.39157
v -0.13930 1.37636 -0.07585 0.64448 0.52712 0.39157
v -0.13930 1.37636 -0.07585 0.64448 0.52712 0.39157
v -0.14122 1.38018 -0.06926 0.64448 0.52712 0.39157
v -0.14553 1.37408 -0.07357 0.64448 0.52712 0.39157
v -0.14122 1.38018 -0.06926 0.64448 0.52712 0.39157
v -0.14781 1.37636 -0.06735 0.64448 0.52712 0.39157
v -0.14553 1.37408 -0.07357 0.64448 0.52712 0.39157
v 0.14781 1.37636 -0.06735 0.64448 0.52712 0.39157
v 0.14884 1.37739 -0.05884 0.64448 0.52712 0.39157
v 0.14122 1.38018 -0.06926 0.64448 0.52712 0.39157
v 0.14884 1.37739 -0.05884 0.64448 0.52712 0.39157
v 0.14221 1.38217 -0.05884 0.64448 0.52712 0.39157
v 0.14122 1.38018 -0.06926 0.64448 0.52712 0.39157
v 0.14122 1.38018 -0.06926 0.64448 0.52712 0.39157
v 0.14221 1.38217 -0.05884 0.64448 0.52712 0.39157
v 0.13080 1.38217 -0.07025 0.64448 0.52712 0.39157
v 0.14221 1.38217 -0.05884 0.64448 0.52712 0.39157
v 0.13080 1.38487 -0.05884 0.64448 0.52712 0.39157
v 0.13080 1.38217 -0.07025 0.64448 0.52712 0.39157
v 0.13080 1.38217 -0.07025 0.64448 0.52712 0.39157
v 0.13080 1.38487 -0.05884 0.64448 0.52712 0.39157
v -0.13080 1.38217 -0.07025 0.64448 0.52712 0.39157
v 0.13080 1.38487 -0.05884 0.64448 0.52712 0.39157
v -0.13080 1.38487 -0.05884 0.64448 0.52712 0.39157
v -0.13080 1.38217 -0.07025 0.64448 0.52712 0.39157
v -0.13080 1.38217 -0.07025 0.64448 0.52712 0.39157
v -0.13080 1.38487 -0.05884 0.64448 0.52712 0.39157
v -0.14122 1.38018 -0.06926 0.64448 0.52712 0.39157
v -0.13080 1.38487 -0.05884 0.64448 0.52712 0.39157
v -0.14221 1.38217 -0.05884 0.64448 0.52712 0.39157
v -0.14122 1.38018 -0.06926 0.64448 0.52712 0.39157
v -0.14122 1.38018 -0.06926 0.64448 0.52712 0.39157
v -0.14221 1.38217 -0.05884 0.64448 0.52712 0.39157
v -0.14781 1.37636 -0.06735 0.64448 0.52712 0.39157
v -0.14221 1.38217 -0.05884 0.64448 0.52712 0.39157
v -0.14884 1.37739 -0.05884 0.64448 0.52712 0.39157
v -0.14781 1.37636 -0.06735 0.64448 0.52712 0.39157
v 0.14884 1.37739 -0.05884 0.64448 0.52712 0.39157
v 0.14884 1.37739 0.10272 0.64448 0.52712 0.39157
v 0.14221 1.38217 -0.05884 0.64448 0.52712 0.39157
v 0.14884 1.37739 0.10272 0.64448 0.52712 0.39157
v 0.14221 1.38217 0.10272 0.64448 0.52712 0.39157
v 0.14221 1.38217 -0.05884 0.64448 0.52712 0.39157
v 0.14221 1.38217 -0.05884 0.64448 0.52712 0.39157
v 0.14221 1.38217 0.10272 0.64448 0.52712 0.39157
v 0.13080 1.38487 -0.05884 0.64448 0.52712 0.39157
v 0.14221 1.38217 0.10272 0.64448 0.52712 0.39157
v 0.13080 1.38487 0.10272 0.64448 0.52712 0.39157
v 0.13080 1.38487 -0.05884 0.64448 0.52712 0.39157
v 0.13080 1.38487 -0.05884 0.64448 0.52712 0.39157
v 0.13080 1.38487 0.10272 0.64448 0.52712 0.39157
v -0.13080 1.38487 -0.05884 0.64448 0.52712 0.39157
v 0.13080 1.38487 0.10272 0.64448 0.52712 0.39157
v -0.13080 1.38487 0.10272 0.64448 0.52712 0.39157
v -0.13080 1.38487 -0.05884 0.64448 0.52712 0.39157
v -0.13080 1.38487 -0.05884 0.64448 0.52712 0.39157
v -0.13080 1.38487 0.10272 0.64448 0.52712 0.39157
v -0.14221 1.38217 -0.05884 0.64448 0.52712 0.39157
v -0.13080 1.38487 0.10272 0.64448 0.52712 0.39157
v -0.14221 1.38217 0.10272 0.64448 0.52712 0.39157
v -0.14221 1.38217 -0.05884 0.64448 0.52712 0.39157
v -0.14221 1.38217 -0.05884 0.64448 0.52712 0.39157
v -0.14221 1.38217 0.10272 0.64448 0.52712 0.39157
v -0.14884 1.37739 -0.05884 0.64448 0.52712 0.39157
v -0.14221 1.38217 0.10272 0.64448 0.52712 0.39157
v -0.14884 1.37739 0.10272 0.64448 0.52712 0.39157
v -0.14884 1.37739 -0.05884 0.64448 0.52712 0.39157
v 0.14884 1.37739 0.10272 0.64448 0.52712 0.39157
v 0.14781 1.37636 0.11122 0.64448 0.52712 0.39157
v 0.14221 1.38217 0.10272 0.64448 0.52712 0.39157
v 0.14781 1.37636 0.11122 0.64448 0.52712 0.39157
v 0.14122 1.38018 0.11313 0.64448 0.52712 0.39157
v 0.14221 1.38217 0.10272 0.64448 0.52712 0.39157
v 0.14221 1.38217 0.10272 0.64448 0.52712 0.39157
v 0.14122 1.38018 0.11313 0.64448 0.52712 0.39157
v 0.13080 1.38487 0.10272 0.64448 0.52712 0.39157
v 0.14122 1.38018 0.11313 0.64448 0.52712 0.39157
v 0.13080 1.38217 0.11413 0.64448 0.52712 0.39157
v 0.13080 1.38487 0.10272 0.64448 0.52712 0.39157
v 0.13080 1.38487 0.10272 0.64448 0.52712 0.39157
v 0.13080 1.38217 0.11413 0.64448 0.52712 0.39157
v -0.13080 1.38487 0.10272 0.64448 0.52712 0.39157
v 0.13080 1.38217 0.11413 0.64448 0.52712 0.39157
v -0.13080 1.38217 0.11413 0.64448 0.52712 0.39157
v -0.13080 1.38487 0.10272 0.64448 0.52712 0.39157
v -0.13080 1.38487 0.10272 0.64448 0.52712 0.39157
v -0.13080 1.38217 0.11413 0.64448 0.52712 0.39157
v -0.14221 1.38217 0.10272 0.64448 0.52712 0.39157
v -0.13080 1.38217 0.11413 0.64448 0.52712 0.39157
v -0.14122 1.38018 0.11313 0.64448 0.52712 0.39157
v -0.14221 1.38217 0.10272 0.64448 0.52712 0.39157
v -0.14221 1.38217 0.10272 0.64448 0.52712 0.39157
v -0.14122 1.38018 0.11313 0.64448 0.52712 0.39157
v -0.14884 1.37739 0.10272 0.64448 0.52712 0.39157
v -0.14122 1.38018 0.11313 0.64448 0.52712 0.39157
v -0.14781 1.37636 0.11122 0.64448 0.52712 0.39157
v -0.14884 1.37739 0.10272 0.64448 0.52712 0.39157
v 0.14781 1.37636 0.11122 0.64448 0.52712 0.39157
v 0.14553 1.37408 0.11745 0.64448 0.52712 0.39157
v 0.14122 1.38018 0.11313 0.64448 0.52712 0.39157
v 0.14553 1.37408 0.11745 0.64448 0.52712 0.39157
v 0.13930 1.37636 0.11973 0.64448 0.52712 0.39157
v 0.14122 1.38018 0.11313 0.64448 0.52712 0.39157
v 0.14122 1.38018 0.11313 0.64448 0.52712 0.39157
v 0.13930 1.37636 0.11973 0.64448 0.52712 0.39157
v 0.13080 1.38217 0.11413 0.64448 0.52712 0.39157
v 0.13930 1.37636 0.11973 0.64448 0.52712 0.39157
v 0.13080 1.37739 0.12076 0.64448 0.52712 0.39157
v 0.13080 1.38217 0.11413 0.64448 0.52712 0.39157
v 0.13080 1.38217 0.11413 0.64448 0.52712 0.39157
v 0.13080 1.37739 0.12076 0.64448 0.52712 0.39157
v -0.13080 1.38217 0.11413 0.64448 0.52712 0.39157
v 0.13080 1.37739 0.12076 0.64448 0.52712 0.39157
v -0.13080 1.37739 0.12076 0.64448 0.52712 0.39157
v -0.13080 1.38217 0.11413 0.64448 0.52712 0.39157
v -0.13080 1.38217 0.11413 0.64448 0.52712 0.39157
v -0.13080 1.37739 0.12076 0.64448 0.52712 0.39157
v -0.14122 1.38018 0.11313 0.64448 0.52712 0.39157
v -0.13080 1.37739 0.12076 0.64448 0.52712 0.39157
v -0.13930 1.37636 0.11973 0.64448 0.52712 0.39157
v -0.14122 1.38018 0.11313 0.64448 0.52712 0.39157
v -0.14122 1.38018 0.11313 0.64448 0.52712 0.39157
v -0.13930 1.37636 0.11973 0.64448 0.52712 0.39157
v -0.14781 1.37636 0.11122 0.64448 0.52712 0.39157
v -0.13930 1.37636 0.11973 0.64448 0.52712 0.39157
v -0.14553 1.37408 0.11745 0.64448 0.52712 0.39157
v -0.14781 1.37636 0.11122 0.64448 0.52712 0.39157
v 0.14553 1.07754 0.11745 0.64448 0.52712 0.39157
v 0.14781 1.07526 0.11122 0.64448 0.52712 0.39157
v 0.13930 1.07526 0.11973 0.64448 0.52712 0.39157
v 0.14781 1.07526 0.11122 0.64448 0.52712 0.39157
v 0.14122 1.07144 0.11313 0.64448 0.52712 0.39157
v 0.13930 1.07526 0.11973 0.64448 0.52712 0.39157
v 0.13930 1.07526 0.11973 0.64448 0.52712 0.39157
v 0.14122 1.07144 0.11313 0.64448 0.52712 0.39157
v 0.13080 1.07423 0.12076 0.64448 0.52712 0.39157
v 0.14122 1.07144 0.11313 0.64448 0.52712 0.39157
v 0.13080 1.06945 0.11413 0.64448 0.52712 0.39157
v 0.13080 1.07423 0.12076 0.64448 0.52712 0.39157
v 0.13080 1.07423 0.12076 0.64448 0.52712 0.39157
v 0.13080 1.06945 0.11413 0.64448 0.52712 0.39157
v -0.13080 1.07423 0.12076 0.64448 0.52712 0.39157
v 0.13080 1.06945 0.11413 0.64448 0.52712 0.39157
v -0.13080 1.06945 0.11413 0.64448 0.52712 0.39157
v -0.13080 1.07423 0.12076 0.64448 0.52712 0.39157
v -0.13080 1.07423 0.12076 0.64448 0.52712 0.39157
v -0.13080 1.06945 0.11413 0.64448 0.52712 0.39157
v -0.13930 1.07526 0.11973 0.64448 0.52712 0.39157
v -0.13080 1.06945 0.11413 0.64448 0.52712 0.39157
v -0.14122 1.07144 0.11313 0.64448 0.52712 0.39157
v -0.13930 1.07526 0.11973 0.64448 0.52712 0.39157
v -0.13930 1.07526 0.11973 0.64448 0.52712 0.39157
v -0.14122 1.07144 0.11313 0.64448 0.52712 0.39157
v -0.14553 1.07754 0.11745 0.64448 0.52712 0.39157
v -0.14122 1.07144 0.11313 0.64448 0.52712 0.39157
v -0.14781 1.07526 0.11122 0.64448 0.52712 0.39157
v -0.14553 1.07754 0.11745 0.64448 0.52712 0.39157
v 0.14781 1.07526 0.11122 0.64448 0.52712 0.39157
v 0.14884 1.07423 0.10272 0.64448 0.52712 0.39157
v 0.14122 1.07144 0.11313 0.64448 0.52712 0.39157
v 0.14884 1.07423 0.10272 0.64448 0.52712 0.39157
v 0.14221 1.06945 0.10272 0.64448 0.52712 0.39157
v 0.14122 1.07144 0.11313 0.64448 0.52712 0.39157
v 0.14122 1.07144 0.11313 0.64448 0.52712 0.39157
v 0.14221 1.06945 0.10272 0.64448 0.52712 0.39157
v 0.13080 1.06945 0.11413 0.64448 0.52712 0.39157
v 0.14221 1.06945 0.10272 0.64448 0.52712 0.39157
v 0.13080 1.06676 0.10272 0.64448 0.52712 0.39157
v 0.13080 1.06945 0.11413 0.64448 0.52712 0.39157
v 0.13080 1.06945 0.11413 0.64448 0.52712 0.39157
v 0.13080 1.06676 0.10272 0.64448 0.52712 0.39157
v -0.13080 1.06945 0.11413 0.64448 0.52712 0.39157
v 0.13080 1.06676 0.10272 0.64448 0.52712 0.39157
v -0.13080 1.06676 0.10272 0.64448 0.52712 0.39157
v -0.13080 1.06945 0.11413 0.64448 0.52712 0.39157
v -0.13080 1.06945 0.11413 0.64448 0.52712 0.39157
v -0.13080 1.06676 0.10272 0.64448 0.52712 0.39157
v -0.14122 1.07144 0.11313 0.64448 0.52712 0.39157
v -0.13080 1.06676 0.10272 0.64448 0.52712 0.39157
v -0.14221 1.06945 0.10272 0.64448 0.52712 0.39157
v -0.14122 1.07144 0.11313 0.64448 0.52712 0.39157
v -0.14122 1.07144 0.11313 0.64448 0.52712 0.39157
v -0.14221 1.06945 0.10272 0.64448 0.52712 0.39157
v -0.14781 1.07526 0.11122 0.64448 0.52712 0.39157
v -0.14221 1.06945 0.10272 0.64448 0.52712 0.39157
v -0.14884 1.07423 0.10272 0.64448 0.52712 0.39157
v -0.14781 1.07526 0.11122 0.64448 0.52712 0.39157
v 0.14884 1.07423 0.10272 0.64448 0.52712 0.39157
v 0.14884 1.07423 -0.05884 0.64448 0.52712 0.39157
v 0.14221 1.06945 0.10272 0.64448 0.52712 0.39157
v 0.14884 1.07423 -0.05884 0.64448 0.52712 0.39157
v 0.14221 1.06945 -0.05884 0.64448 0.52712 0.39157
v 0.14221 1.06945 0.10272 0.64448 0.52712 0.39157
v 0.14221 1.06945 0.10272 0.64448 0.52712 0.39157
v 0.14221 1.06945 -0.05884 0.64448 0.52712 0.39157
v 0.13080 1.06676 0.10272 0.64448 0.52712 0.39157
v 0.14221 1.06945 -0.05884 0.64448 0.52712 0.39157
v 0.13080 1.06676 -0.05884 0.64448 0.52712 0.39157
v 0.13080 1.06676 0.10272 0.64448 0.52712 0.39157
v 0.13080 1.06676 0.10272 0.64448 0.52712 0.39157
v 0.13080 1.06676 -0.05884 0.64448 0.52712 0.39157
v -0.13080 1.06676 0.10272 0.64448 0.52712 0.39157
v 0.13080 1.06676 -0.05884 0.64448 0.52712 0.39157
v -0.13080 1.06676 -0.05884 0.64448 0.52712 0.39157
v -0.13080 1.06676 0.10272 0.64448 0.52712 0.39157
v -0.13080 1.06676 0.10272 0.64448 0.52712 0.39157
v -0.13080 1.06676 -0.05884 0.64448 0.52712 0.39157
v -0.14221 1.06945 0.10272 0.64448 0.52712 0.39157
v -0.13080 1.06676 -0.05884 0.64448 0.52712 0.39157
v -0.14221 1.06945 -0.05884 0.64448 0.52712 0.39157
v -0.14221 1.06945 0.10272 0.64448 0.52712 0.39157
v -0.14221 1.06945 0.10272 0.64448 0.52712 0.39157
v -0.14221 1.06945 -0.05884 0.64448 0.52712 0.39157
v -0.14884 1.07423 0.10272 0.64448 0.52712 0.39157
v -0.14221 1.06945 -0.05884 0.64448 0.52712 0.39157
v -0.14884 1.07423 -0.05884 0.64448 0.52712 0.39157
v -0.14884 1.07423 0.10272 0.64448 0.52712 0.39157
v 0.14884 1.07423 -0.05884 0.64448 0.52712 0.39157
v 0.14781 1.07526 -0.06735 0.64448 0.52712 0.39157
v 0.14221 1.06945 -0.05884 0.64448 0.52712 0.39157
v 0.14781 1.07526 -0.06735 0.64448 0.52712 0.39157
v 0.14122 1.07144 -0.06926 0.64448 0.52712 0.39157
v 0.14221 1.06945 -0.05884 0.64448 0.52712 0.39157
v 0.14221 1.06945 -0.05884 0.64448 0.52712 0.39157
v 0.14122 1.07144 -0.06926 0.64448 0.52712 0.39157
v 0.13080 1.06676 -0.05884 0.64448 0.52712 0.39157
v 0.14122 1.07144 -0.06926 0.64448 0.52712 0.39157
v 0.13080 1.06945 -0.07025 0.64448 0.52712 0.39157
v 0.13080 1.06676 -0.05884 0.64448 0.52712 0.39157
v 0.13080 1.06676 -0.05884 0.64448 0.52712 0.39157
v 0.13080 1.06945 -0.07025 0.64448 0.52712 0.39157
v -0.13080 1.06676 -0.05884 0.64448 0.52712 0.39157
v 0.13080 1.06945 -0.07025 0.64448 0.52712 0.39157
v -0.13080 1.06945 -0.07025 0.64448 0.52712 0.39157
v -0.13080 1.06676 -0.05884 0.64448 0.52712 0.39157
v -0.13080 1.06676 -0.05884 0.64448 0.52712 0.39157
v -0.13080 1.06945 -0.07025 0.64448 0.52712 0.39157
v -0.14221 1.06945 -0.05884 0.64448 0.52712 0.39157
v -0.13080 1.06945 -0.07025 0.64448 0.52712 0.39157
v -0.14122 1.07144 -0.06926 0.64448 0.52712 0.39157
v -0.14221 1.06945 -0.05884 0.64448 0.52712 0.39157
v -0.14221 1.06945 -0.05884 0.64448 0.52712 0.39157
v -0.14122 1.07144 -0.06926 0.64448 0.52712 0.39157
v -0.14884 1.07423 -0.05884 0.64448 0.52712 0.39157
v -0.14122 1.07144 -0.06926 0.64448 0.52712 0.39157
v -0.14781 1.07526 -0.06735 0.64448 0.52712 0.39157
v -0.14884 1.07423 -0.05884 0.64448 0.52712 0.39157
v 0.14781 1.07526 -0.06735 0.64448 0.52712 0.39157
v 0.14553 1.07754 -0.07357 0.64448 0.52712 0.39157
v 0.14122 1.07144 -0.06926 0.64448 0.52712 0.39157
v 0.14553 1.07754 -0.07357 0.64448 0.52712 0.39157
v 0.13930 1.07526 -0.07585 0.64448 0.52712 0.39157
v 0.14122 1.07144 -0.06926 0.64448 0.52712 0.39157
v 0.14122 1.07144 -0.06926 0.64448 0.52712 0.39157
v 0.13930 1.07526 -0.07585 0.64448 0.52712 0.39157
v 0.13080 1.06945 -0.07025 0.64448 0.52712 0.39157
v 0.13930 1.07526 -0.07585 0.64448 0.52712 0.39157
v 0.13080 1.07423 -0.07688 0.64448 0.52712 0.39157
v 0.13080 1.06945 -0.07025 0.64448 0.52712 0.39157
v 0.13080 1.06945 -0.07025 0.64448 0.52712 0.39157
v 0.13080 1.07423 -0.07688 0.64448 0.52712 0.39157
v -0.13080 1.06945 -0.07025 0.64448 0.52712 0.39157
v 0.13080 1.07423 -0.07688 0.64448 0.52712 0.39157
v -0.13080 1.07423 -0.07688 0.64448 0.52712 0.39157
v -0.13080 1.06945 -0.07025 0.64448 0.52712 0.39157
v -0.13080 1.06945 -0.07025 0.64448 0.52712 0.39157
v -0.13080 1.07423 -0.07688 0.64448 0.52712 0.39157
v -0.14122 1.07144 -0.06926 0.64448 0.52712 0.39157
v -0.13080 1.07423 -0.07688 0.64448 0.52712 0.39157
v -0.13930 1.07526 -0.07585 0.64448 0.52712 0.39157
v -0.14122 1.07144 -0.06926 0.64448 0.52712 0.39157
v -0.14122 1.07144 -0.06926 0.64448 0.52712 0.39157
v -0.13930 1.07526 -0.07585 0.64448 0.52712 0.39157
v -0.14781 1.07526 -0.06735 0.64448 0.52712 0.39157
v -0.13930 1.07526 -0.07585 0.64448 0.52712 0.39157
v -0.14553 1.07754 -0.07357 0.64448 0.52712 0.39157
v -0.14781 1.07526 -0.06735 0.64448 0.52712 0.39157
v 0.14553 1.37408 0.11745 0.64448 0.52712 0.39157
v 0.14781 1.36786 0.11973 0.64448 0.52712 0.39157
v 0.13930 1.37636 0.11973 0.64448 0.52712 0.39157
v 0.14781 1.36786 0.11973 0.64448 0.52712 0.39157
v 0.14122 1.36977 0.12355 0.64448 0.52712 0.39157
v 0.13930 1.37636 0.11973 0.64448 0.52712 0.39157
v 0.13930 1.37636 0.11973 0.64448 0.52712 0.39157
v 0.14122 1.36977 0.12355 0.64448 0.52712 0.39157
v 0.13080 1.37739 0.12076 0.64448 0.52712 0.39157
v 0.14122 1.36977 0.12355 0.64448 0.52712 0.39157
v 0.13080 1.37076 0.12554 0.64448 0.52712 0.39157
v 0.13080 1.37739 0.12076 0.64448 0.52712 0.39157
v 0.13080 1.37739 0.12076 0.64448 0.52712 0.39157
v 0.13080 1.37076 0.12554 0.64448 0.52712 0.39157
v -0.13080 1.37739 0.12076 0.64448 0.52712 0.39157
v 0.13080 1.37076 0.12554 0.64448 0.52712 0.39157
v -0.13080 1.37076 0.12554 0.64448 0.52712 0.39157
v -0.13080 1.37739 0.12076 0.64448 0.52712 0.39157
v -0.13080 1.37739 0.12076 0.64448 0.52712 0.39157
v -0.13080 1.37076 0.12554 0.64448 0.52712 0.39157
v -0.13930 1.37636 0.11973 0.64448 0.52712 0.39157
v -0.13080 1.37076 0.12554 0.64448 0.52712 0.39157
v -0.14122 1.36977 0.12355 0.64448 0.52712 0.39157
v -0.13930 1.37636 0.11973 0.64448 0.52712 0.39157
v -0.13930 1.37636 0.11973 0.64448 0.52712 0.39157
v -0.14122 1.36977 0.12355 0.64448 0.52712 0.39157
v -0.14553 1.37408 0.11745 0.64448 0.52712 0.39157
v -0.14122 1.36977 0.12355 0.64448 0.52712 0.39157
v -0.14781 1.36786 0.11973 0.64448 0.52712 0.39157
v -0.14553 1.37408 0.11745 0.64448 0.52712 0.39157
v 0.14781 1.36786 0.11973 0.64448 0.52712 0.39157
v 0.14884 1.35936 0.12076 0.64448 0.52712 0.39157
v 0.14122 1.36977 0.12355 0.64448 0.52712 0.39157
v 0.14884 1.35936 0.12076 0.64448 0.52712 0.39157
v 0.14221 1.35936 0.12554 0.64448 0.52712 0.39157
v 0.14122 1.36977 0.12355 0.64448 0.52712 0.39157
v 0.14122 1.36977 0.12355 0.64448 0.52712 0.39157
v 0.14221 1.35936 0.12554 0.64448 0.52712 0.39157
v 0.13080 1.37076 0.12554 0.64448 0.52712 0.39157
v 0.14221 1.35936 0.12554 0.64448 0.52712 0.39157
v 0.13080 1.35936 0.12823 0.64448 0.52712 0.39157
v 0.13080 1.37076 0.12554 0.64448 0.52712 0.39157
v 0.13080 1.37076 0.12554 0.64448 0.52712 0.39157
v 0.13080 1.35936 0.12823 0.64448 0.52712 0.39157
v -0.13080 1.37076 0.12554 0.64448 0.52712 0.39157
v 0.13080 1.35936 0.12823 0.64448 0.52712 0.39157
v -0.13080 1.35936 0.12823 0.64448 0.52712 0.39157
v -0.13080 1.37076 0.12554 0.64448 0.52712 0.39157
v -0.13080 1.37076 0.12554 0.64448 0.52712 0.39157
v -0.13080 1.35936 0.12823 0.64448 0.52712 0.39157
v -0.14122 1.36977 0.12355 0.64448 0.52712 0.39157
v -0.13080 1.35936 0.12823 0.64448 0.52712 0.39157
v -0.14221 1.35936 0.12554 0.64448 0.52712 0.39157
v -0.14122 1.36977 0.12355 0.64448 0.52712 0.39157
v -0.14122 1.36977 0.12355 0.64448 0.52712 0.39157
v -0.14221 1.35936 0.12554 0.64448 0.52712 0.39157
v -0.14781 1.36786 0.11973 0.64448 0.52712 0.39157
v -0.14221 1.35936 0.12554 0.64448 0.52712 0.39157
v -0.14884 1.35936 0.12076 0.64448 0.52712 0.39157
v -0.14781 1.36786 0.11973 0.64448 0.52712 0.39157
v 0.14884 1.35936 0.12076 0.64448 0.52712 0.39157
v 0.14884 1.09227 0.12076 0.64448 0.52712 0.39157
v 0.14221 1.35936 0.12554 0.64448 0.52712 0.39157
v 0.14884 1.09227 0.12076 0.64448 0.52712 0.39157
v 0.14221 1.09227 0.12554 0.64448 0.52712 0.39157
v 0.14221 1.35936 0.12554 0.64448 0.52712 0.39157
v 0.14221 1.35936 0.12554 0.64448 0.52712 0.39157
v 0.14221 1.09227 0.12554 0.64448 0.52712 0.39157
v 0.13080 1.35936 0.12823 0.64448 0.52712 0.39157
v 0.14221 1.09227 0.12554 0.64448 0.52712 0.39157
v 0.13080 1.09227 0.12823 0.64448 0.52712 0.39157
v 0.13080 1.35936 0.12823 0.64448 0.52712 0.39157
v 0.13080 1.35936 0.12823 0.64448 0.52712 0.39157
v 0.13080 1.09227 0.12823 0.64448 0.52712 0.39157
v -0.13080 1.35936 0.12823 0.64448 0.52712 0.39157
v 0.13080 1.09227 0.12823 0.64448 0.52712 0.39157
v -0.13080 1.09227 0.12823 0.64448 0.52712 0.39157
v -0.13080 1.35936 0.12823 0.64448 0.52712 0.39157
v -0.13080 1.35936 0.12823 0.64448 0.52712 0.39157
v -0.13080 1.09227 0.12823 0.64448 0.52712 0.39157
v -0.14221 1.35936 0.12554 0.64448 0.52712 0.39157
v -0.13080 1.09227 0.12823 0.64448 0.52712 0.39157
v -0.14221 1.09227 0.12554 0.64448 0.52712 0.39157
v -0.14221 1.35936 0.12554 0.64448 0.52712 0.39157
v -0.14221 1.35936 0.12554 0.64448 0.52712 0.39157
v -0.14221 1.09227 0.12554 0.64448 0.52712 0.39157
v -0.14884 1.35936 0.12076 0.64448 0.52712 0.39157
v -0.14221 1.09227 0.12554 0.64448 0.52712 0.39157
v -0.14884 1.09227 0.12076 0.64448 0.52712 0.39157
v -0.14884 1.35936 0.12076 0.64448 0.52712 0.39157
v 0.14884 1.09227 0.12076 0.64448 0.52712 0.39157
v 0.14781 1.08376 0.11973 0.64448 0.52712 0.39157
v 0.14221 1.09227 0.12554 0.64448 0.52712 0.39157
v 0.14781 1.08376 0.11973 0.64448 0.52712 0.39157
v 0.14122 1.08185 0.12355 0.64448 0.52712 0.39157
v 0.14221 1.09227 0.12554 0.64448 0.52712 0.39157
v 0.14221 1.09227 0.12554 0.64448 0.52712 0.39157
v 0.14122 1.08185 0.12355 0.64448 0.52712 0.39157
v 0.13080 1.09227 0.12823 0.64448 0.52712 0.39157
v 0.14122 1.08185 0.12355 0.64448 0.52712 0.39157
v 0.13080 1.08086 0.12554 0.64448 0.52712 0.39157
v 0.13080 1.09227 0.12823 0.64448 0.52712 0.39157
v 0.13080 1.09227 0.12823 0.64448 0.52712 0.39157
v 0.13080 1.08086 0.12554 0.64448 0.52712 0.39157
v -0.13080 1.09227 0.12823 0.64448 0.52712 0.39157
v 0.13080 1.08086 0.12554 0.64448 0.52712 0.39157
v -0.13080 1.08086 0.12554 0.64448 0.52712 0.39157
v -0.13080 1.09227 0.12823 0.64448 0.52712 0.39157
v -0.13080 1.09227 0.12823 0.64448 0.52712 0.39157
v -0.13080 1.08086 0.12554 0.64448 0.52712 0.39157
v -0.14221 1.09227 0.12554 0.64448 0.52712 0.39157
v -0.13080 1.08086 0.12554 0.64448 0.52712 0.39157
v -0.14122 1.08185 0.12355 0.64448 0.52712 0.39157
v -0.14221 1.09227 0.12554 0.64448 0.52712 0.39157
v -0.14221 1.09227 0.12554 0.64448 0.52712 0.39157
v -0.14122 1.08185 0.12355 0.64448 0.52712 0.39157
v -0.14884 1.09227 0.12076 0.64448 0.52712 0.39157
v -0.14122 1.08185 0.12355 0.64448 0.52712 0.39157
v -0.14781 1.08376 0.11973 0.64448 0.52712 0.39157
v -0.14884 1.09227 0.12076 0.64448 0.52712 0.39157
v 0.14781 1.08376 0.11973 0.64448 0.52712 0.39157
v 0.14553 1.07754 0.11745 0.64448 0.52712 0.39157
v 0.14122 1.08185 0.12355 0.64448 0.52712 0.39157
v 0.14553 1.07754 0.11745 0.64448 0.52712 0.39157
v 0.13930 1.07526 0.11973 0.64448 0.52712 0.39157
v 0.14122 1.08185 0.12355 0.64448 0.52712 0.39157
v 0.14122 1.08185 0.12355 0.64448 0.52712 0.39157
v 0.13930 1.07526 0.11973 0.64448 0.52712 0.39157
v 0.13080 1.08086 0.12554 0.64448 0.52712 0.39157
v 0.13930 1.07526 0.11973 0.64448 0.52712 0.39157
v 0.13080 1.07423 0.12076 0.64448 0.52712 0.39157
v 0.13080 1.08086 0.12554 0.64448 0.52712 0.39157
v 0.13080 1.08086 0.12554 0.64448 0.52712 0.39157
v 0.13080 1.07423 0.12076 0.64448 0.52712 0.39157
v -0.13080 1.08086 0.12554 0.64448 0.52712 0.39157
v 0.13080 1.07423 0.12076 0.64448 0.52712 0.39157
v -0.13080 1.07423 0.12076 0.64448 0.52712 0.39157
v -0.13080 1.08086 0.12554 0.64448 0.52712 0.39157
v -0.13080 1.08086 0.12554 0.64448 0.52712 0.39157
v -0.13080 1.07423 0.12076 0.64448 0.52712 0.39157
v -0.14122 1.08185 0.12355 0.64448 0.52712 0.39157
v -0.13080 1.07423 0.12076 0.64448 0.52712 0.39157
v -0.13930 1.07526 0.11973 0.64448 0.52712 0.39157
v -0.14122 1.08185 0.12355 0.64448 0.52712 0.39157
v -0.14122 1.08185 0.12355 0.64448 0.52712 0.39157
v -0.13930 1.07526 0.11973 0.64448 0.52712 0.39157
v -0.14781 1.08376 0.11973 0.64448 0.52712 0.39157
v -0.13930 1.07526 0.11973 0.64448 0.52712 0.39157
v -0.14553 1.07754 0.11745 0.64448 0.52712 0.39157
v -0.14781 1.08376 0.11973 0.64448 0.52712 0.39157
v -0.14553 1.37408 -0.07357 0.64448 0.52712 0.39157
v -0.14781 1.36786 -0.07585 0.64448 0.52712 0.39157
v -0.13930 1.37636 -0.07585 0.64448 0.52712 0.39157
v -0.14781 1.36786 -0.07585 0.64448 0.52712 0.39157
v -0.14122 1.36977 -0.07967 0.64448 0.52712 0.39157
v -0.13930 1.37636 -0.07585 0.64448 0.52712 0.39157
v -0.13930 1.37636 -0.07585 0.64448 0.52712 0.39157
v -0.14122 1.36977 -0.07967 0.64448 0.52712 0.39157
v -0.13080 1.37739 -0.07688 0.64448 0.52712 0.39157
v -0.14122 1.36977 -0.07967 0.64448 0.52712 0.39157
v -0.13080 1.37076 -0.08166 0.64448 0.52712 0.39157
v -0.13080 1.37739 -0.07688 0.64448 0.52712 0.39157
v -0.13080 1.37739 -0.07688 0.64448 0.52712 0.39157
v -0.13080 1.37076 -0.08166 0.64448 0.52712 0.39157
v 0.13080 1.37739 -0.07688 0.64448 0.52712 0.39157
v -0.13080 1.37076 -0.08166 0.64448 0.52712 0.39157
v 0.13080 1.37076 -0.08166 0.64448 0.52712 0.39157
v 0.13080 1.37739 -0.07688 0.64448 0.52712 0.39157
v 0.13080 1.37739 -0.07688 0.64448 0.52712 0.39157
v 0.13080 1.37076 -0.08166 0.64448 0.52712 0.39157
v 0.13930 1.37636 -0.07585 0.64448 0.52712 0.39157
v 0.13080 1.37076 -0.08166 0.64448 0.52712 0.39157
v 0.14122 1.36977 -0.07967 0.64448 0.52712 0.39157
v 0.13930 1.37636 -0.07585 0.64448 0.52712 0.39157
v 0.13930 1.37636 -0.07585 0.64448 0.52712 0.39157
v 0.14122 1.36977 -0.07967 0.64448 0.52712 0.39157
v 0.14553 1.37408 -0.07357 0.64448 0.52712 0.39157
v 0.14122 1.36977 -0.07967 0.64448 0.52712 0.39157
v 0.14781 1.36786 -0.07585 0.64448 0.52712 0.39157
v 0.14553 1.37408 -0.07357 0.64448 0.52712 0.39157
v -0.14781 1.36786 -0.07585 0.64448 0.52712 0.39157
v -0.14884 1.35936 -0.07688 0.64448 0.52712 0.39157
v -0.14122 1.36977 -0.07967 0.64448 0.52712 0.39157
v -0.14884 1.35936 -0.07688 0.64448 0.52712 0.39157
v -0.14221 1.35936 -0.08166 0.64448 0.52712 0.39157
v -0.14122 1.36977 -0.07967 0.64448 0.52712 0.39157
v -0.14122 1.36977 -0.07967 0.64448 0.52712 0.39157
v -0.14221 1.35936 -0.08166 0.64448 0.52712 0.39157
v -0.13080 1.37076 -0.08166 0.64448 0.52712 0.39157
v -0.14221 1.35936 -0.08166 0.64448 0.52712 0.39157
v -0.13080 1.35936 -0.08435 0.64448 0.52712 0.39157
v -0.13080 1.37076 -0.08166 0.64448 0.52712 0.39157
v -0.13080 1.37076 -0.08166 0.64448 0.52712 0.39157
v -0.13080 1.35936 -0.08435 0.64448 0.52712 0.39157
v 0.13080 1.37076 -0.08166 0.64448 0.52712 0.39157
v -0.13080 1.35936 -0.08435 0.64448 0.52712 0.39157
v 0.13080 1.35936 -0.08435 0.64448 0.52712 0.39157
v 0.13080 1.37076 -0.08166 0.64448 0.52712 0.39157
v 0.13080 1.37076 -0.08166 0.64448 0.52712 0.39157
v 0.13080 1.35936 -0.08435 0.64448 0.52712 0.39157
v 0.14122 1.36977 -0.07967 0.64448 0.52712 0.39157
v 0.13080 1.35936 -0.08435 0.64448 0.52712 0.39157
v 0.14221 1.35936 -0.08166 0.64448 0.52712 0.39157
v 0.14122 1.36977 -0.07967 0.64448 0.52712 0.39157
v 0.14122 1.36977 -0.07967 0.64448 0.52712 0.39157
v 0.14221 1.35936 -0.08166 0.64448 0.52712 0.39157
v 0.14781 1.36786 -0.07585 0.64448 0.52712 0.39157
v 0.14221 1.35936 -0.08166 0.64448 0.52712 0.39157
v 0.14884 1.35936 -0.07688 0.64448 0.52712 0.39157
v 0.14781 1.36786 -0.07585 0.64448 0.52712 0.39157
v -0.14884 1.35936 -0.07688 0.64448 0.52712 0.39157
v -0.14884 1.09227 -0.07688 0.64448 0.52712 0.39157
v -0.14221 1.35936 -0.08166 0.64448 0.52712 0.39157
v -0.14884 1.09227 -0.07688 0.64448 0.52712 0.39157
v -0.14221 1.09227 -0.08166 0.64448 0.52712 0.39157
v -0.14221 1.35936 -0.08166 0.64448 0.52712 0.39157
v -0.14221 1.35936 -0.08166 0.64448 0.52712 0.39157
v -0.14221 1.09227 -0.08166 0.64448 0.52712 0.39157
v -0.13080 1.35936 -0.08435 0.64448 0.52712 0.39157
v -0.14221 1.09227 -0.08166 0.64448 0.52712 0.39157
v -0.13080 1.09227 -0.08435 0.64448 0.52712 0.39157
v -0.13080 1.35936 -0.08435 0.64448 0.52712 0.39157
v -0.13080 1.35936 -0.08435 0.64448 0.52712 0.39157
v -0.13080 1.09227 -0.08435 0.64448 0.52712 0.39157
v 0.13080 1.35936 -0.08435 0.64448 0.52712 0.39157
v -0.13080 1.09227 -0.08435 0.64448 0.52712 0.39157
v 0.13080 1.09227 -0.08435 0.64448 0.52712 0.39157
v 0.13080 1.35936 -0.08435 0.64448 0.52712 0.39157
v 0.13080 1.35936 -0.08435 0.64448 0.52712 0.39157
v 0.13080 1.09227 -0.08435 0.64448 0.52712 0.39157
v 0.14221 1.35936 -0.08166 0.64448 0.52712 0.39157
v 0.13080 1.09227 -0.08435 0.64448 0.52712 0.39157
v 0.14221 1.09227 -0.08166 0.64448 0.52712 0.39157
v 0.14221 1.35936 -0.08166 0.64448 0.52712 0.39157
v 0.14221 1.35936 -0.08166 0.64448 0.52712 0.39157
v 0.14221 1.09227 -0.08166 0.64448 0.52712 0.39157
v 0.14884 1.35936 -0.07688 0.64448 0.52712 0.39157
v 0.14221 1.09227 -0.08166 0.64448 0.52712 0.39157
v 0.14884 1.09227 -0.07688 0.64448 0.52712 0.39157
v 0.14884 1.35936 -0.07688 0.64448 0.52712 0.39157
v -0.14884 1.09227 -0.07688 0.64448 0.52712 0.39157
v -0.14781 1.08376 -0.07585 0.64448 0.52712 0.39157
v -0.14221 1.09227 -0.08166 0.64448 0.52712 0.39157
v -0.14781 1.08376 -0.07585 0.64448 0.52712 0.39157
v -0.14122 1.08185 -0.07967 0.64448 0.52712 0.39157
v -0.14221 1.09227 -0.08166 0.64448 0.52712 0.39157
v -0.14221 1.09227 -0.08166 0.64448 0.52712 0.39157
v -0.14122 1.08185 -0.07967 0.64448 0.52712 0.39157
v -0.13080 1.09227 -0.08435 0.64448 0.52712 0.39157
v -0.14122 1.08185 -0.07967 0.64448 0.52712 0.39157
v -0.13080 1.08086 -0.08166 0.64448 0.52712 0.39157
v -0.13080 1.09227 -0.08435 0.64448 0.52712 0.39157
v -0.13080 1.09227 -0.08435 0.64448 0.52712 0.39157
v -0.13080 1.08086 -0.08166 0.64448 0.52712 0.39157
v 0.13080 1.09227 -0.08435 0.64448 0.52712 0.39157
v -0.13080 1.08086 -0.08166 0.64448 0.52712 0.39157
v 0.13080 1.08086 -0.08166 0.64448 0.52712 0.39157
v 0.13080 1.09227 -0.08435 0.64448 0.52712 0.39157
v 0.13080 1.09227 -0.08435 0.64448 0.52712 0.39157
v 0.13080 1.08086 -0.08166 0.64448 0.52712 0.39157
v 0.14221 1.09227 -0.08166 0.64448 0.52712 0.39157
v 0.13080 1.08086 -0.08166 0.64448 0.52712 0.39157
v 0.14122 1.08185 -0.07967 0.64448 0.52712 0.39157
v 0.14221 1.09227 -0.08166 0.64448 0.52712 0.39157
v 0.14221 1.09227 -0.08166 0.64448 0.52712 0.39157
v 0.14122 1.08185 -0.07967 0.64448 0.52712 0.39157
v 0.14884 1.09227 -0.07688 0.64448 0.52712 0.39157
v 0.14122 1.08185 -0.07967 0.64448 0.52712 0.39157
v 0.14781 1.08376 -0.07585 0.64448 0.52712 0.39157
v 0.14884 1.09227 -0.07688 0.64448 0.52712 0.39157
v -0.14781 1.08376 -0.07585 0.64448 0.52712 0.39157
v -0.14553 1.07754 -0.07357 0.64448 0.52712 0.39157
v -0.14122 1.08185 -0.07967 0.64448 0.52712 0.39157
v -0.14553 1.07754 -0.07357 0.64448 0.52712 0.39157
v -0.13930 1.07526 -0.07585 0.64448 0.52712 0.39157
v -0.14122 1.08185 -0.07967 0.64448 0.52712 0.39157
v -0.14122 1.08185 -0.07967 0.64448 0.52712 0.39157
v -0.13930 1.07526 -0.07585 0.64448 0.52712 0.39157
v -0.13080 1.08086 -0.08166 0.64448 0.52712 0.39157
v -0.13930 1.07526 -0.07585 0.64448 0.52712 0.39157
v -0.13080 1.07423 -0.07688 0.64448 0.52712 0.39157
v -0.13080 1.08086 -0.08166 0.64448 0.52712 0.39157
v -0.13080 1.08086 -0.08166 0.64448 0.52712 0.39157
v -0.13080 1.07423 -0.07688 0.64448 0.52712 0.39157
v 0.13080 1.08086 -0.08166 0.64448 0.52712 0.39157
v -0.13080 1.07423 -0.07688 0.64448 0.52712 0.39157
v 0.13080 1.07423 -0.07688 0.64448 0.52712 0.39157
v 0.13080 1.08086 -0.08166 0.64448 0.52712 0.39157
v 0.13080 1.08086 -0.08166 0.64448 0.52712 0.39157
v 0.13080 1.07423 -0.07688 0.64448 0.52712 0.39157
v 0.14122 1.08185 -0.07967 0.64448 0.52712 0.39157
v 0.13080 1.07423 -0.07688 0.64448 0.52712 0.39157
v 0.13930 1.07526 -0.07585 0.64448 0.52712 0.39157
v 0.14122 1.08185 -0.07967 0.64448 0.52712 0.39157
v 0.14122 1.08185 -0.07967 0.64448 0.52712 0.39157
v 0.13930 1.07526 -0.07585 0.64448 0.52712 0.39157
v 0.14781 1.08376 -0.07585 0.64448 0.52712 0.39157
v 0.13930 1.07526 -0.07585 0.64448 0.52712 0.39157
v 0.14553 1.07754 -0.07357 0.64448 0.52712 0.39157
v 0.14781 1.08376 -0.07585 0.64448 0.52712 0.39157
v 0.00000 1.70955 0.04168 0.64448 0.52712 0.39157
v -0.03259 1.70955 0.02599 0.64448 0.52712 0.39157
v -0.04064 1.70955 -0.00928 0.64448 0.52712 0.39157
v -0.01809 1.70955 -0.03756 0.64448 0.52712 0.39157
v 0.01809 1.70955 -0.03756 0.64448 0.52712 0.39157
v 0.04064 1.70955 -0.00928 0.64448 0.52712 0.39157
v 0.03259 1.70955 0.02599 0.64448 0.52712 0.39157
v 0.00000 1.70955 0.04168 0.64448 0.52712 0.39157
v 0.00000 1.53405 0.05265 0.64448 0.52712 0.39157
v -0.04117 1.53405 0.03283 0.64448 0.52712 0.39157
v -0.05133 1.53405 -0.01172 0.64448 0.52712 0.39157
v -0.02284 1.53405 -0.04744 0.64448 0.52712 0.39157
v 0.02284 1.53405 -0.04744 0.64448 0.52712 0.39157
v 0.05133 1.53405 -0.01172 0.64448 0.52712 0.39157
v 0.04117 1.53405 0.03283 0.64448 0.52712 0.39157
v 0.00000 1.53405 0.05265 0.64448 0.52712 0.39157
v 0.00000 1.70955 0.00000 0.64448 0.52712 0.39157
v 0.00000 1.70955 0.00000 0.64448 0.52712 0.39157
v 0.00000 1.70955 0.00000 0.64448 0.52712 0.39157
v 0.00000 1.70955 0.00000 0.64448 0.52712 0.39157
v 0.00000 1.70955 0.00000 0.64448 0.52712 0.39157
v 0.00000 1.70955 0.00000 0.64448 0.52712 0.39157
v 0.00000 1.70955 0.00000 0.64448 0.52712 0.39157
v 0.00000 1.70955 0.04168 0.64448 0.52712 0.39157
v -0.03259 1.70955 0.02599 0.64448 0.52712 0.39157
v -0.04064 1.70955 -0.00928 0.64448 0.52712 0.39157
v -0.01809 1.70955 -0.03756 0.64448 0.52712 0.39157
v 0.01809 1.70955 -0.03756 0.64448 0.52712 0.39157
v 0.04064 1.70955 -0.00928 0.64448 0.52712 0.39157
v 0.03259 1.70955 0.02599 0.64448 0.52712 0.39157
v 0.00000 1.70955 0.04168 0.64448 0.52712 0.39157
v 0.00000 1.53405 0.00000 0.64448 0.52712 0.39157
v 0.00000 1.53405 0.00000 0.64448 0.52712 0.39157
v 0.00000 1.53405 0.00000 0.64448 0.52712 0.39157
v 0.00000 1.53405 0.00000 0.64448 0.52712 0.39157
v 0.00000 1.53405 0.00000 0.64448 0.52712 0.39157
v 0.00000 1.53405 0.00000 0.64448 0.52712 0.39157
v 0.00000 1.53405 0.00000 0.64448 0.52712 0.39157
v 0.00000 1.53405 0.05265 0.64448 0.52712 0.39157
v -0.04117 1.53405 0.03283 0.64448 0.52712 0.39157
v -0.05133 1.53405 -0.01172 0.64448 0.52712 0.39157
v -0.02284 1.53405 -0.04744 0.64448 0.52712 0.39157
v 0.02284 1.53405 -0.04744 0.64448 0.52712 0.39157
v 0.05133 1.53405 -0.01172 0.64448 0.52712 0.39157
v 0.04117 1.53405 0.03283 0.64448 0.52712 0.39157
v 0.00000 1.53405 0.05265 0.64448 0.52712 0.39157
v 0.00000 1.95000 0.00000 0.64448 0.52712 0.39157
v 0.00000 1.95000 0.00000 0.64448 0.52712 0.39157
v 0.00000 1.95000 0.00000 0.64448 0.52712 0.39157
v 0.00000 1.95000 0.00000 0.64448 0.52712 0.39157
v 0.00000 1.95000 0.00000 0.64448 0.52712 0.39157
v 0.00000 1.95000 0.00000 0.64448 0.52712 0.39157
v 0.00000 1.95000 0.00000 0.64448 0.52712 0.39157
v 0.00000 1.95000 0.00000 0.64448 0.52712 0.39157
v 0.00000 1.95000 0.00000 0.64448 0.52712 0.39157
v 0.00000 1.95000 0.00000 0.64448 0.52712 0.39157
v 0.00000 1.95000 0.00000 0.64448 0.52712 0.39157
v 0.00000 1.95000 0.00000 0.64448 0.52712 0.39157
v 0.00000 1.95000 0.00000 0.64448 0.52712 0.39157
v 0.00000 1.95000 0.00000 0.64448 0.52712 0.39157
v 0.00000 1.95000 0.00000 0.64448 0.52712 0.39157
v 0.00000 1.95000 0.00000 0.64448 0.52712 0.39157
v 0.00000 1.95000 0.00000 0.64448 0.52712 0.39157
v 0.00000 1.95000 0.00000 0.64448 0.52712 0.39157
v 0.03246 1.94584 0.00000 0.64448 0.52712 0.39157
v 0.03027 1.94584 0.01296 0.64448 0.52712 0.39157
v 0.02399 1.94584 0.02417 0.64448 0.52712 0.39157
v 0.01447 1.94584 0.03212 0.64448 0.52712 0.39157
v 0.00300 1.94584 0.03573 0.64448 0.52712 0.39157
v -0.00888 1.94584 0.03451 0.64448 0.52712 0.39157
v -0.01956 1.94584 0.02863 0.64448 0.52712 0.39157
v -0.02760 1.94584 0.01889 0.64448 0.52712 0.39157
v -0.03191 1.94584 0.00659 0.64448 0.52712 0.39157
v -0.03191 1.94584 -0.00659 0.64448 0.52712 0.39157
v -0.02760 1.94584 -0.01889 0.64448 0.52712 0.39157
v -0.01956 1.94584 -0.02863 0.64448 0.52712 0.39157
v -0.00888 1.94584 -0.03451 0.64448 0.52712 0.39157
v 0.00300 1.94584 -0.03573 0.64448 0.52712 0.39157
v 0.01447 1.94584 -0.03212 0.64448 0.52712 0.39157
v 0.02399 1.94584 -0.02417 0.64448 0.52712 0.39157
v 0.03027 1.94584 -0.01296 0.64448 0.52712 0.39157
v 0.03246 1.94584 -0.00000 0.64448 0.52712 0.39157
v 0.06330 1.93358 0.00000 0.64448 0.52712 0.39157
v 0.05903 1.93358 0.02527 0.64448 0.52712 0.39157
v 0.04678 1.93358 0.04713 0.64448 0.52712 0.39157
v 0.02822 1.93358 0.06263 0.64448 0.52712 0.39157
v 0.00584 1.93358 0.06966 0.64448 0.52712 0.39157
v -0.01732 1.93358 0.06729 0.64448 0.52712 0.39157
v -0.03815 1.93358 0.05583 0.64448 0.52712 0.39157
v -0.05382 1.93358 0.03683 0.64448 0.52712 0.39157
v -0.06222 1.93358 0.01286 0.64448 0.52712 0.39157
v -0.06222 1.93358 -0.01286 0.64448 0.52712 0.39157
v -0.05382 1.93358 -0.03683 0.64448 0.52712 0.39157
v -0.03815 1.93358 -0.05583 0.64448 0.52712 0.39157
v -0.01732 1.93358 -0.06729 0.64448 0.52712 0.39157
v 0.00584 1.93358 -0.06966 0.64448 0.52712 0.39157
v 0.02822 1.93358 -0.06263 0.64448 0.52712 0.39157
v 0.04678 1.93358 -0.04713 0.64448 0.52712 0.39157
v 0.05903 1.93358 -0.02527 0.64448 0.52712 0.39157
v 0.06330 1.93358 -0.00000 0.64448 0.52712 0.39157
v 0.09096 1.91382 0.00000 0.64448 0.52712 0.39157
v 0.08482 1.91382 0.03632 0.64448 0.52712 0.39157
v 0.06722 1.91382 0.06773 0.64448 0.52712 0.39157
v 0.04054 1.91382 0.09000 0.64448 0.52712 0.39157
v 0.00839 1.91382 0.10011 0.64448 0.52712 0.39157
v -0.02489 1.91382 0.09670 0.64448 0.52712 0.39157
v -0.05482 1.91382 0.08023 0.64448 0.52712 0.39157
v -0.07734 1.91382 0.05293 0.64448 0.52712 0.39157
v -0.08941 1.91382 0.01847 0.64448 0.52712 0.39157
v -0.08941 1.91382 -0.01847 0.64448 0.52712 0.39157
v -0.07734 1.91382 -0.05293 0.64448 0.52712 0.39157
v -0.05482 1.91382 -0.08023 0.64448 0.52712 0.39157
v -0.02489 1.91382 -0.09670 0.64448 0.52712 0.39157
v 0.00839 1.91382 -0.10011 0.64448 0.52712 0.39157
v 0.04054 1.91382 -0.09000 0.64448 0.52712 0.39157
v 0.06722 1.91382 -0.06773 0.64448 0.52712 0.39157
v 0.08482 1.91382 -0.03632 0.64448 0.52712 0.39157
v 0.09096 1.91382 -0.00000 0.64448 0.52712 0.39157
v 0.11406 1.88755 0.00000 0.64448 0.52712 0.39157
v 0.10636 1.88755 0.04554 0.64448 0.52712 0.39157
v 0.08429 1.88755 0.08493 0.64448 0.52712 0.39157
v 0.05084 1.88755 0.11285 0.64448 0.52712 0.39157
v 0.01052 1.88755 0.12553 0.64448 0.52712 0.39157
v -0.03121 1.88755 0.12126 0.64448 0.52712 0.39157
v -0.06874 1.88755 0.10060 0.64448 0.52712 0.39157
v -0.09698 1.88755 0.06637 0.64448 0.52712 0.39157
v -0.11212 1.88755 0.02317 0.64448 0.52712 0.39157
v -0.11212 1.88755 -0.02317 0.64448 0.52712 0.39157
v -0.09698 1.88755 -0.06637 0.64448 0.52712 0.39157
v -0.06874 1.88755 -0.10060 0.64448 0.52712 0.39157
v -0.03121 1.88755 -0.12126 0.64448 0.52712 0.39157
v 0.01052 1.88755 -0.12553 0.64448 0.52712 0.39157
v 0.05084 1.88755 -0.11285 0.64448 0.52712 0.39157
v 0.08429 1.88755 -0.08493 0.64448 0.52712 0.39157
v 0.10636 1.88755 -0.04554 0.64448 0.52712 0.39157
v 0.11406 1.88755 -0.00000 0.64448 0.52712 0.39157
v 0.13144 1.85611 0.00000 0.64448 0.52712 0.39157
v 0.12257 1.85611 0.05248 0.64448 0.52712 0.39157
v 0.09714 1.85611 0.09787 0.64448 0.52712 0.39157
v 0.05859 1.85611 0.13005 0.64448 0.52712 0.39157
v 0.01213 1.85611 0.14466 0.64448 0.52712 0.39157
v -0.03597 1.85611 0.13973 0.64448 0.52712 0.39157
v -0.07921 1.85611 0.11594 0.64448 0.52712 0.39157
v -0.11176 1.85611 0.07648 0.64448 0.52712 0.39157
v -0.12920 1.85611 0.02669 0.64448 0.52712 0.39157
v -0.12920 1.85611 -0.02669 0.64448 0.52712 0.39157
v -0.11176 1.85611 -0.07648 0.64448 0.52712 0.39157
v -0.07921 1.85611 -0.11594 0.64448 0.52712 0.39157
v -0.03597 1.85611 -0.13973 0.64448 0.52712 0.39157
v 0.01213 1.85611 -0.14466 0.64448 0.52712 0.39157
v 0.05859 1.85611 -0.13005 0.64448 0.52712 0.39157
v 0.09714 1.85611 -0.09787 0.64448 0.52712 0.39157
v 0.12257 1.85611 -0.05248 0.64448 0.52712 0.39157
v 0.13144 1.85611 -0.00000 0.64448 0.52712 0.39157
v 0.14223 1.82105 0.00000 0.64448 0.52712 0.39157
v 0.13263 1.82105 0.05679 0.64448 0.52712 0.39157
v 0.10511 1.82105 0.10591 0.64448 0.52712 0.39157
v 0.06340 1.82105 0.14072 0.64448 0.52712 0.39157
v 0.01312 1.82105 0.15653 0.64448 0.52712 0.39157
v -0.03892 1.82105 0.15120 0.64448 0.52712 0.39157
v -0.08571 1.82105 0.12545 0.64448 0.52712 0.39157
v -0.12093 1.82105 0.08276 0.64448 0.52712 0.39157
v -0.13981 1.82105 0.02889 0.64448 0.52712 0.39157
v -0.13981 1.82105 -0.02889 0.64448 0.52712 0.39157
v -0.12093 1.82105 -0.08276 0.64448 0.52712 0.39157
v -0.08571 1.82105 -0.12545 0.64448 0.52712 0.39157
v -0.03892 1.82105 -0.15120 0.64448 0.52712 0.39157
v 0.01312 1.82105 -0.15653 0.64448 0.52712 0.39157
v 0.06340 1.82105 -0.14072 0.64448 0.52712 0.39157
v 0.10511 1.82105 -0.10591 0.64448 0.52712 0.39157
v 0.13263 1.82105 -0.05679 0.64448 0.52712 0.39157
v 0.14223 1.82105 -0.00000 0.64448 0.52712 0.39157
v 0.14589 1.78415 0.00000 0.64448 0.52712 0.39157
v 0.13604 1.78415 0.05825 0.64448 0.52712 0.39157
v 0.10781 1.78415 0.10863 0.64448 0.52712 0.39157
v 0.06503 1.78415 0.14434 0.64448 0.52712 0.39157
v 0.01346 1.78415 0.16056 0.64448 0.52712 0.39157
v -0.03992 1.78415 0.15509 0.64448 0.52712 0.39157
v -0.08792 1.78415 0.12868 0.64448 0.52712 0.39157
v -0.12404 1.78415 0.08489 0.64448 0.52712 0.39157
v -0.14341 1.78415 0.02963 0.64448 0.52712 0.39157
v -0.14341 1.78415 -0.02963 0.64448 0.52712 0.39157
v -0.12404 1.78415 -0.08489 0.64448 0.52712 0.39157
v -0.08792 1.78415 -0.12868 0.64448 0.52712 0.39157
v -0.03992 1.78415 -0.15509 0.64448 0.52712 0.39157
v 0.01346 1.78415 -0.16056 0.64448 0.52712 0.39157
v 0.06503 1.78415 -0.14434 0.64448 0.52712 0.39157
v 0.10781 1.78415 -0.10863 0.64448 0.52712 0.39157
v 0.13604 1.78415 -0.05825 0.64448 0.52712 0.39157
v 0.14589 1.78415 -0.00000 0.64448 0.52712 0.39157
v 0.14223 1.74724 0.00000 0.64448 0.52712 0.39157
v 0.13263 1.74724 0.05679 0.64448 0.52712 0.39157
v 0.10511 1.74724 0.10591 0.64448 0.52712 0.39157
v 0.06340 1.74724 0.14072 0.64448 0.52712 0.39157
v 0.01312 1.74724 0.15653 0.64448 0.52712 0.39157
v -0.03892 1.74724 0.15120 0.64448 0.52712 0.39157
v -0.08571 1.74724 0.12545 0.64448 0.52712 0.39157
v -0.12093 1.74724 0.08276 0.64448 0.52712 0.39157
v -0.13981 1.74724 0.02889 0.64448 0.52712 0.39157
v -0.13981 1.74724 -0.02889 0.64448 0.52712 0.39157
v -0.12093 1.74724 -0.08276 0.64448 0.52712 0.39157
v -0.08571 1.74724 -0.12545 0.64448 0.52712 0.39157
v -0.03892 1.74724 -0.15120 0.64448 0.52712 0.39157
v 0.01312 1.74724 -0.15653 0.64448 0.52712 0.39157
v 0.06340 1.74724 -0.14072 0.64448 0.52712 0.39157
v 0.10511 1.74724 -0.10591 0.64448 0.52712 0.39157
v 0.13263 1.74724 -0.05679 0.64448 0.52712 0.39157
v 0.14223 1.74724 -0.00000 0.64448 0.52712 0.39157
v 0.13144 1.71218 0.00000 0.64448 0.52712 0.39157
v 0.12257 1.71218 0.05248 0.64448 0.52712 0.39157
v 0.09714 1.71218 0.09787 0.64448 0.52712 0.39157
v 0.05859 1.71218 0.13005 0.64448 0.52712 0.39157
v 0.01213 1.71218 0.14466 0.64448 0.52712 0.39157
v -0.03597 1.71218 0.13973 0.64448 0.52712 0.39157
v -0.07921 1.71218 0.11594 0.64448 0.52712 0.39157
v -0.11176 1.71218 0.07648 0.64448 0.52712 0.39157
v -0.12920 1.71218 0.02669 0.64448 0.52712 0.39157
v -0.12920 1.71218 -0.02669 0.64448 0.52712 0.39157
v -0.11176 1.71218 -0.07648 0.64448 0.52712 0.39157
v -0.07921 1.71218 -0.11594 0.64448 0.52712 0.39157
v -0.03597 1.71218 -0.13973 0.64448 0.52712 0.39157
v 0.01213 1.71218 -0.14466 0.64448 0.52712 0.39157
v 0.05859 1.71218 -0.13005 0.64448 0.52712 0.39157
v 0.09714 1.71218 -0.09787 0.64448 0.52712 0.39157
v 0.12257 1.71218 -0.05248 0.64448 0.52712 0.39157
v 0.13144 1.71218 -0.00000 0.64448 0.52712 0.39157
v 0.11406 1.68074 0.00000 0.64448 0.52712 0.39157
v 0.10636 1.68074 0.04554 0.64448 0.52712 0.39157
v 0.08429 1.68074 0.08493 0.64448 0.52712 0.39157
v 0.05084 1.68074 0.11285 0.64448 0.52712 0.39157
v 0.01052 1.68074 0.12553 0.64448 0.52712 0.39157
v -0.03121 1.68074 0.12126 0.64448 0.52712 0.39157
v -0.06874 1.68074 0.10060 0.64448 0.52712 0.39157
v -0.09698 1.68074 0.06637 0.64448 0.52712 0.39157
v -0.11212 1.68074 0.02317 0.64448 0.52712 0.39157
v -0.11212 1.68074 -0.02317 0.64448 0.52712 0.39157
v -0.09698 1.68074 -0.06637 0.64448 0.52712 0.39157
v -0.06874 1.68074 -0.10060 0.64448 0.52712 0.39157
v -0.03121 1.68074 -0.12126 0.64448 0.52712 0.39157
v 0.01052 1.68074 -0.12553 0.64448 0.52712 0.39157
v 0.05084 1.68074 -0.11285 0.64448 0.52712 0.39157
v 0.08429 1.68074 -0.08493 0.64448 0.52712 0.39157
v 0.10636 1.68074 -0.04554 0.64448 0.52712 0.39157
v 0.11406 1.68074 -0.00000 0.64448 0.52712 0.39157
v 0.09096 1.65447 0.00000 0.64448 0.52712 0.39157
v 0.08482 1.65447 0.03632 0.64448 0.52712 0.39157
v 0.06722 1.65447 0.06773 0.64448 0.52712 0.39157
v 0.04054 1.65447 0.09000 0.64448 0.52712 0.39157
v 0.00839 1.65447 0.10011 0.64448 0.52712 0.39157
v -0.02489 1.65447 0.09670 0.64448 0.52712 0.39157
v -0.05482 1.65447 0.08023 0.64448 0.52712 0.39157
v -0.07734 1.65447 0.05293 0.64448 0.52712 0.39157
v -0.08941 1.65447 0.01847 0.64448 0.52712 0.39157
v -0.08941 1.65447 -0.01847 0.64448 0.52712 0.39157
v -0.07734 1.65447 -0.05293 0.64448 0.52712 0.39157
v -0.05482 1.65447 -0.08023 0.64448 0.52712 0.39157
v -0.02489 1.65447 -0.09670 0.64448 0.52712 0.39157
v 0.00839 1.65447 -0.10011 0.64448 0.52712 0.39157
v 0.04054 1.65447 -0.09000 0.64448 0.52712 0.39157
v 0.06722 1.65447 -0.06773 0.64448 0.52712 0.39157
v 0.08482 1.65447 -0.03632 0.64448 0.52712 0.39157
v 0.09096 1.65447 -0.00000 0.64448 0.52712 0.39157
v 0.06330 1.63472 0.00000 0.64448 0.52712 0.39157
v 0.05903 1.63472 0.02527 0.64448 0.52712 0.39157
v 0.04678 1.63472 0.04713 0.64448 0.52712 0.39157
v 0.02822 1.63472 0.06263 0.64448 0.52712 0.39157
v 0.00584 1.63472 0.06966 0.64448 0.52712 0.39157
v -0.01732 1.63472 0.06729 0.64448 0.52712 0.39157
v -0.03815 1.63472 0.05583 0.64448 0.52712 0.39157
v -0.05382 1.63472 0.03683 0.64448 0.52712 0.39157
v -0.06222 1.63472 0.01286 0.64448 0.52712 0.39157
v -0.06222 1.63472 -0.01286 0.64448 0.52712 0.39157
v -0.05382 1.63472 -0.03683 0.64448 0.52712 0.39157
v -0.03815 1.63472 -0.05583 0.64448 0.52712 0.39157
v -0.01732 1.63472 -0.06729 0.64448 0.52712 0.39157
v 0.00584 1.63472 -0.06966 0.64448 0.52712 0.39157
v 0.02822 1.63472 -0.06263 0.64448 0.52712 0.39157
v 0.04678 1.63472 -0.04713 0.64448 0.52712 0.39157
v 0.05903 1.63472 -0.02527 0.64448 0.52712 0.39157
v 0.06330 1.63472 -0.00000 0.64448 0.52712 0.39157
v 0.03246 1.62245 0.00000 0.64448 0.52712 0.39157
v 0.03027 1.62245 0.01296 0.64448 0.52712 0.39157
v 0.02399 1.62245 0.02417 0.64448 0.52712 0.39157
v 0.01447 1.62245 0.03212 0.64448 0.52712 0.39157
v 0.00300 1.62245 0.03573 0.64448 0.52712 0.39157
v -0.00888 1.62245 0.03451 0.64448 0.52712 0.39157
v -0.01956 1.62245 0.02863 0.64448 0.52712 0.39157
v -0.02760 1.62245 0.01889 0.64448 0.52712 0.39157
v -0.03191 1.62245 0.00659 0.64448 0.52712 0.39157
v -0.03191 1.62245 -0.00659 0.64448 0.52712 0.39157
v -0.02760 1.62245 -0.01889 0.64448 0.52712 0.39157
v -0.01956 1.62245 -0.02863 0.64448 0.52712 0.39157
v -0.00888 1.62245 -0.03451 0.64448 0.52712 0.39157
v 0.00300 1.62245 -0.03573 0.64448 0.52712 0.39157
v 0.01447 1.62245 -0.03212 0.64448 0.52712 0.39157
v 0.02399 1.62245 -0.02417 0.64448 0.52712 0.39157
v 0.03027 1.62245 -0.01296 0.64448 0.52712 0.39157
v 0.03246 1.62245 -0.00000 0.64448 0.52712 0.39157
v 0.00000 1.61829 0.00000 0.64448 0.52712 0.39157
v 0.00000 1.61829 0.00000 0.64448 0.52712 0.39157
v 0.00000 1.61829 0.00000 0.64448 0.52712 0.39157
v 0.00000 1.61829 0.00000 0.64448 0.52712 0.39157
v 0.00000 1.61829 0.00000 0.64448 0.52712 0.39157
v 0.00000 1.61829 0.00000 0.64448 0.52712 0.39157
v 0.00000 1.61829 0.00000 0.64448 0.52712 0.39157
v 0.00000 1.61829 0.00000 0.64448 0.52712 0.39157
v 0.00000 1.61829 0.00000 0.64448 0.52712 0.39157
v 0.00000 1.61829 0.00000 0.64448 0.52712 0.39157
v 0.00000 1.61829 0.00000 0.64448 0.52712 0.39157
v 0.00000 1.61829 0.00000 0.64448 0.52712 0.39157
v 0.00000 1.61829 0.00000 0.64448 0.52712 0.39157
v 0.00000 1.61829 0.00000 0.64448 0.52712 0.39157
v 0.00000 1.61829 0.00000 0.64448 0.52712 0.39157
v 0.00000 1.61829 0.00000 0.64448 0.52712 0.39157
v 0.00000 1.61829 0.00000 0.64448 0.52712 0.39157
v 0.00000 1.61829 0.00000 0.64448 0.52712 0.39157
v 0.04700 1.87952 -0.05577 0.64448 0.52712 0.39157
v 0.04700 1.87952 -0.05577 0.64448 0.52712 0.39157
v 0.04700 1.87952 -0.05577 0.64448 0.52712 0.39157
v 0.04700 1.87952 -0.05577 0.64448 0.52712 0.39157
v 0.04700 1.87952 -0.05577 0.64448 0.52712 0.39157
v 0.04700 1.87952 -0.05577 0.64448 0.52712 0.39157
v 0.24478 1.73444 0.04725 0.64448 0.52712 0.39157
v 0.22068 1.69884 0.03350 0.64448 0.52712 0.39157
v 0.22989 1.69178 -0.01011 0.64448 0.52712 0.39157
v 0.25968 1.72301 -0.02332 0.64448 0.52712 0.39157
v 0.26888 1.74937 0.01214 0.64448 0.52712 0.39157
v 0.24478 1.73444 0.04725 0.64448 0.52712 0.39157
v 0.24478 1.71949 0.01189 0.64448 0.52712 0.39157
v 0.24478 1.71949 0.01189 0.64448 0.52712 0.39157
v 0.24478 1.71949 0.01189 0.64448 0.52712 0.39157
v 0.24478 1.71949 0.01189 0.64448 0.52712 0.39157
v 0.24478 1.71949 0.01189 0.64448 0.52712 0.39157
v 0.24478 1.73444 0.04725 0.64448 0.52712 0.39157
v 0.22068 1.69884 0.03350 0.64448 0.52712 0.39157
v 0.22989 1.69178 -0.01011 0.64448 0.52712 0.39157
v 0.25968 1.72301 -0.02332 0.64448 0.52712 0.39157
v 0.26888 1.74937 0.01214 0.64448 0.52712 0.39157
v 0.24478 1.73444 0.04725 0.64448 0.52712 0.39157
v -0.04700 1.87952 -0.05577 0.64448 0.52712 0.39157
v -0.04700 1.87952 -0.05577 0.64448 0.52712 0.39157
v -0.04700 1.87952 -0.05577 0.64448 0.52712 0.39157
v -0.04700 1.87952 -0.05577 0.64448 0.52712 0.39157
v -0.04700 1.87952 -0.05577 0.64448 0.52712 0.39157
v -0.04700 1.87952 -0.05577 0.64448 0.52712 0.39157
v -0.24478 1.73444 0.04725 0.64448 0.52712 0.39157
v -0.26888 1.74937 0.01214 0.64448 0.52712 0.39157
v -0.25968 1.72301 -0.02332 0.64448 0.52712 0.39157
v -0.22989 1.69178 -0.01011 0.64448 0.52712 0.39157
v -0.22068 1.69884 0.03350 0.64448 0.52712 0.39157
v -0.24478 1.73444 0.04725 0.64448 0.52712 0.39157
v -0.24478 1.71949 0.01189 0.64448 0.52712 0.39157
v -0.24478 1.71949 0.01189 0.64448 0.52712 0.39157
v -0.24478 1.71949 0.01189 0.64448 0.52712 0.39157
v -0.24478 1.71949 0.01189 0.64448 0.52712 0.39157
v -0.24478 1.71949 0.01189 0.64448 0.52712 0.39157
v -0.24478 1.73444 0.04725 0.64448 0.52712 0.39157
v -0.26888 1.74937 0.01214 0.64448 0.52712 0.39157
v -0.25968 1.72301 -0.02332 0.64448 0.52712 0.39157
v -0.22989 1.69178 -0.01011 0.64448 0.52712 0.39157
v -0.22068 1.69884 0.03350 0.64448 0.52712 0.39157
v -0.24478 1.73444 0.04725 0.64448 0.52712 0.39157
v 0.18099 1.48880 0.00000 0.64448 0.52712 0.39157
v 0.18099 1.48880 0.00000 0.64448 0.52712 0.39157
v 0.18099 1.48880 0.00000 0.64448 0.52712 0.39157
v 0.18099 1.48880 0.00000 0.64448 0.52712 0.39157
v 0.18099 1.48880 0.00000 0.64448 0.52712 0.39157
v 0.18099 1.48880 0.00000 0.64448 0.52712 0.39157
v 0.18099 1.48880 0.00000 0.64448 0.52712 0.39157
v 0.18099 1.48880 0.00000 0.64448 0.52712 0.39157
v 0.18099 1.48880 0.00000 0.64448 0.52712 0.39157
v 0.18099 1.48880 0.00000 0.64448 0.52712 0.39157
v 0.21371 1.48133 0.00000 0.64448 0.52712 0.39157
v 0.20606 1.48133 0.02103 0.64448 0.52712 0.39157
v 0.18667 1.48133 0.03222 0.64448 0.52712 0.39157
v 0.16463 1.48133 0.02834 0.64448 0.52712 0.39157
v 0.15024 1.48133 0.01119 0.64448 0.52712 0.39157
v 0.15024 1.48133 -0.01119 0.64448 0.52712 0.39157
v 0.16463 1.48133 -0.02834 0.64448 0.52712 0.39157
v 0.18667 1.48133 -0.03222 0.64448 0.52712 0.39157
v 0.20606 1.48133 -0.02103 0.64448 0.52712 0.39157
v 0.21371 1.48133 -0.00000 0.64448 0.52712 0.39157
v 0.23995 1.46040 0.00000 0.64448 0.52712 0.39157
v 0.22616 1.46040 0.03790 0.64448 0.52712 0.39157
v 0.19123 1.46040 0.05806 0.64448 0.52712 0.39157
v 0.15151 1.46040 0.05106 0.64448 0.52712 0.39157
v 0.12559 1.46040 0.02017 0.64448 0.52712 0.39157
v 0.12559 1.46040 -0.02017 0.64448 0.52712 0.39157
v 0.15151 1.46040 -0.05106 0.64448 0.52712 0.39157
v 0.19123 1.46040 -0.05806 0.64448 0.52712 0.39157
v 0.22616 1.46040 -0.03790 0.64448 0.52712 0.39157
v 0.23995 1.46040 -0.00000 0.64448 0.52712 0.39157
v 0.25451 1.43017 0.00000 0.64448 0.52712 0.39157
v 0.23731 1.43017 0.04726 0.64448 0.52712 0.39157
v 0.19376 1.43017 0.07241 0.64448 0.52712 0.39157
v 0.14423 1.43017 0.06367 0.64448 0.52712 0.39157
v 0.11190 1.43017 0.02515 0.64448 0.52712 0.39157
v 0.11190 1.43017 -0.02515 0.64448 0.52712 0.39157
v 0.14423 1.43017 -0.06367 0.64448 0.52712 0.39157
v 0.19376 1.43017 -0.07241 0.64448 0.52712 0.39157
v 0.23731 1.43017 -0.04726 0.64448 0.52712 0.39157
v 0.25451 1.43017 -0.00000 0.64448 0.52712 0.39157
v 0.25451 1.39660 0.00000 0.64448 0.52712 0.39157
v 0.23731 1.39660 0.04726 0.64448 0.52712 0.39157
v 0.19376 1.39660 0.07241 0.64448 0.52712 0.39157
v 0.14423 1.39660 0.06367 0.64448 0.52712 0.39157
v 0.11190 1.39660 0.02515 0.64448 0.52712 0.39157
v 0.11190 1.39660 -0.02515 0.64448 0.52712 0.39157
v 0.14423 1.39660 -0.06367 0.64448 0.52712 0.39157
v 0.19376 1.39660 -0.07241 0.64448 0.52712 0.39157
v 0.23731 1.39660 -0.04726 0.64448 0.52712 0.39157
v 0.25451 1.39660 -0.00000 0.64448 0.52712 0.39157
v 0.23995 1.36637 0.00000 0.64448 0.52712 0.39157
v 0.22616 1.36637 0.03790 0.64448 0.52712 0.39157
v 0.19123 1.36637 0.05806 0.64448 0.52712 0.39157
v 0.15151 1.36637 0.05106 0.64448 0.52712 0.39157
v 0.12559 1.36637 0.02017 0.64448 0.52712 0.39157
v 0.12559 1.36637 -0.02017 0.64448 0.52712 0.39157
v 0.15151 1.36637 -0.05106 0.64448 0.52712 0.39157
v 0.19123 1.36637 -0.05806 0.64448 0.52712 0.39157
v 0.22616 1.36637 -0.03790 0.64448 0.52712 0.39157
v 0.23995 1.36637 -0.00000 0.64448 0.52712 0.39157
v 0.21371 1.34544 0.00000 0.64448 0.52712 0.39157
v 0.20606 1.34544 0.02103 0.64448 0.52712 0.39157
v 0.18667 1.34544 0.03222 0.64448 0.52712 0.39157
v 0.16463 1.34544 0.02834 0.64448 0.52712 0.39157
v 0.15024 1.34544 0.01119 0.64448 0.52712 0.39157
v 0.15024 1.34544 -0.01119 0.64448 0.52712 0.39157
v 0.16463 1.34544 -0.02834 0.64448 0.52712 0.39157
v 0.18667 1.34544 -0.03222 0.64448 0.52712 0.39157
v 0.20606 1.34544 -0.02103 0.64448 0.52712 0.39157
v 0.21371 1.34544 -0.00000 0.64448 0.52712 0.39157
v 0.18099 1.33797 0.00000 0.64448 0.52712 0.39157
v 0.18099 1.33797 0.00000 0.64448 0.52712 0.39157
v 0.18099 1.33797 0.00000 0.64448 0.52712 0.39157
v 0.18099 1.33797 0.00000 0.64448 0.52712 0.39157
v 0.18099 1.33797 0.00000 0.64448 0.52712 0.39157
v 0.18099 1.33797 0.00000 0.64448 0.52712 0.39157
v 0.18099 1.33797 0.00000 0.64448 0.52712 0.39157
v 0.18099 1.33797 0.00000 0.64448 0.52712 0.39157
v 0.18099 1.33797 0.00000 0.64448 0.52712 0.39157
v 0.18099 1.33797 0.00000 0.64448 0.52712 0.39157
v 0.18099 1.06281 0.00000 0.64448 0.52712 0.39157
v 0.18099 1.06281 0.00000 0.64448 0.52712 0.39157
v 0.18099 1.06281 0.00000 0.64448 0.52712 0.39157
v 0.18099 1.06281 0.00000 0.64448 0.52712 0.39157
v 0.18099 1.06281 0.00000 0.64448 0.52712 0.39157
v 0.18099 1.06281 0.00000 0.64448 0.52712 0.39157
v 0.18099 1.06281 0.00000 0.64448 0.52712 0.39157
v 0.18099 1.06281 0.00000 0.64448 0.52712 0.39157
v 0.18099 1.06281 0.00000 0.64448 0.52712 0.39157
v 0.18099 1.06281 0.00000 0.64448 0.52712 0.39157
v 0.19964 1.06576 0.00000 0.64448 0.52712 0.39157
v 0.19527 1.06576 0.01198 0.64448 0.52712 0.39157
v 0.18423 1.06576 0.01836 0.64448 0.52712 0.39157
v 0.17167 1.06576 0.01615 0.64448 0.52712 0.39157
v 0.16347 1.06576 0.00638 0.64448 0.52712 0.39157
v 0.16347 1.06576 -0.00638 0.64448 0.52712 0.39157
v 0.17167 1.06576 -0.01615 0.64448 0.52712 0.39157
v 0.18423 1.06576 -0.01836 0.64448 0.52712 0.39157
v 0.19527 1.06576 -0.01198 0.64448 0.52712 0.39157
v 0.19964 1.06576 -0.00000 0.64448 0.52712 0.39157
v 0.21645 1.07433 0.00000 0.64448 0.52712 0.39157
v 0.20816 1.07433 0.02279 0.64448 0.52712 0.39157
v 0.18715 1.07433 0.03492 0.64448 0.52712 0.39157
v 0.16326 1.07433 0.03071 0.64448 0.52712 0.39157
v 0.14767 1.07433 0.01213 0.64448 0.52712 0.39157
v 0.14767 1.07433 -0.01213 0.64448 0.52712 0.39157
v 0.16326 1.07433 -0.03071 0.64448 0.52712 0.39157
v 0.18715 1.07433 -0.03492 0.64448 0.52712 0.39157
v 0.20816 1.07433 -0.02279 0.64448 0.52712 0.39157
v 0.21645 1.07433 -0.00000 0.64448 0.52712 0.39157
v 0.22980 1.08768 0.00000 0.64448 0.52712 0.39157
v 0.21838 1.08768 0.03137 0.64448 0.52712 0.39157
v 0.18947 1.08768 0.04807 0.64448 0.52712 0.39157
v 0.15659 1.08768 0.04227 0.64448 0.52712 0.39157
v 0.13513 1.08768 0.01669 0.64448 0.52712 0.39157
v 0.13513 1.08768 -0.01669 0.64448 0.52712 0.39157
v 0.15659 1.08768 -0.04227 0.64448 0.52712 0.39157
v 0.18947 1.08768 -0.04807 0.64448 0.52712 0.39157
v 0.21838 1.08768 -0.03137 0.64448 0.52712 0.39157
v 0.22980 1.08768 -0.00000 0.64448 0.52712 0.39157
v 0.23837 1.10450 0.00000 0.64448 0.52712 0.39157
v 0.22495 1.10450 0.03688 0.64448 0.52712 0.39157
v 0.19096 1.10450 0.05651 0.64448 0.52712 0.39157
v 0.15230 1.10450 0.04969 0.64448 0.52712 0.39157
v 0.12707 1.10450 0.01962 0.64448 0.52712 0.39157
v 0.12707 1.10450 -0.01962 0.64448 0.52712 0.39157
v 0.15230 1.10450 -0.04969 0.64448 0.52712 0.39157
v 0.19096 1.10450 -0.05651 0.64448 0.52712 0.39157
v 0.22495 1.10450 -0.03688 0.64448 0.52712 0.39157
v 0.23837 1.10450 -0.00000 0.64448 0.52712 0.39157
v 0.24132 1.12314 0.00000 0.64448 0.52712 0.39157
v 0.22721 1.12314 0.03878 0.64448 0.52712 0.39157
v 0.19147 1.12314 0.05941 0.64448 0.52712 0.39157
v 0.15083 1.12314 0.05225 0.64448 0.52712 0.39157
v 0.12430 1.12314 0.02063 0.64448 0.52712 0.39157
v 0.12430 1.12314 -0.02063 0.64448 0.52712 0.39157
v 0.15083 1.12314 -0.05225 0.64448 0.52712 0.39157
v 0.19147 1.12314 -0.05941 0.64448 0.52712 0.39157
v 0.22721 1.12314 -0.03878 0.64448 0.52712 0.39157
v 0.24132 1.12314 -0.00000 0.64448 0.52712 0.39157
v 0.24132 1.37192 0.00000 0.64448 0.52712 0.39157
v 0.22721 1.37192 0.03878 0.64448 0.52712 0.39157
v 0.19147 1.37192 0.05941 0.64448 0.52712 0.39157
v 0.15083 1.37192 0.05225 0.64448 0.52712 0.39157
v 0.12430 1.37192 0.02063 0.64448 0.52712 0.39157
v 0.12430 1.37192 -0.02063 0.64448 0.52712 0.39157
v 0.15083 1.37192 -0.05225 0.64448 0.52712 0.39157
v 0.19147 1.37192 -0.05941 0.64448 0.52712 0.39157
v 0.22721 1.37192 -0.03878 0.64448 0.52712 0.39157
v 0.24132 1.37192 -0.00000 0.64448 0.52712 0.39157
v 0.23837 1.39056 0.00000 0.64448 0.52712 0.39157
v 0.22495 1.39056 0.03688 0.64448 0.52712 0.39157
v 0.19096 1.39056 0.05651 0.64448 0.52712 0.39157
v 0.15230 1.39056 0.04969 0.64448 0.52712 0.39157
v 0.12707 1.39056 0.01962 0.64448 0.52712 0.39157
v 0.12707 1.39056 -0.01962 0.64448 0.52712 0.39157
v 0.15230 1.39056 -0.04969 0.64448 0.52712 0.39157
v 0.19096 1.39056 -0.05651 0.64448 0.52712 0.39157
v 0.22495 1.39056 -0.03688 0.64448 0.52712 0.39157
v 0.23837 1.39056 -0.00000 0.64448 0.52712 0.39157
v 0.22980 1.40738 0.00000 0.64448 0.52712 0.39157
v 0.21838 1.40738 0.03137 0.64448 0.52712 0.39157
v 0.18947 1.40738 0.04807 0.64448 0.52712 0.39157
v 0.15659 1.40738 0.04227 0.64448 0.52712 0.39157
v 0.13513 1.40738 0.01669 0.64448 0.52712 0.39157
v 0.13513 1.40738 -0.01669 0.64448 0.52712 0.39157
v 0.15659 1.40738 -0.04227 0.64448 0.52712 0.39157
v 0.18947 1.40738 -0.04807 0.64448 0.52712 0.39157
v 0.21838 1.40738 -0.03137 0.64448 0.52712 0.39157
v 0.22980 1.40738 -0.00000 0.64448 0.52712 0.39157
v 0.21645 1.42073 0.00000 0.64448 0.52712 0.39157
v 0.20816 1.42073 0.02279 0.64448 0.52712 0.39157
v 0.18715 1.42073 0.03492 0.64448 0.52712 0.39157
v 0.16326 1.42073 0.03071 0.64448 0.52712 0.39157
v 0.14767 1.42073 0.01213 0.64448 0.52712 0.39157
v 0.14767 1.42073 -0.01213 0.64448 0.52712 0.39157
v 0.16326 1.42073 -0.03071 0.64448 0.52712 0.39157
v 0.18715 1.42073 -0.03492 0.64448 0.52712 0.39157
v 0.20816 1.42073 -0.02279 0.64448 0.52712 0.39157
v 0.21645 1.42073 -0.00000 0.64448 0.52712 0.39157
v 0.19964 1.42930 0.00000 0.64448 0.52712 0.39157
v 0.19527 1.42930 0.01198 0.64448 0.52712 0.39157
v 0.18423 1.42930 0.01836 0.64448 0.52712 0.39157
v 0.17167 1.42930 0.01615 0.64448 0.52712 0.39157
v 0.16347 1.42930 0.00638 0.64448 0.52712 0.39157
v 0.16347 1.42930 -0.00638 0.64448 0.52712 0.39157
v 0.17167 1.42930 -0.01615 0.64448 0.52712 0.39157
v 0.18423 1.42930 -0.01836 0.64448 0.52712 0.39157
v 0.19527 1.42930 -0.01198 0.64448 0.52712 0.39157
v 0.19964 1.42930 -0.00000 0.64448 0.52712 0.39157
v 0.18099 1.43225 0.00000 0.64448 0.52712 0.39157
v 0.18099 1.43225 0.00000 0.64448 0.52712 0.39157
v 0.18099 1.43225 0.00000 0.64448 0.52712 0.39157
v 0.18099 1.43225 0.00000 0.64448 0.52712 0.39157
v 0.18099 1.43225 0.00000 0.64448 0.52712 0.39157
v 0.18099 1.43225 -0.00000 0.64448 0.52712 0.39157
v 0.18099 1.43225 -0.00000 0.64448 0.52712 0.39157
v 0.18099 1.43225 -0.00000 0.64448 0.52712 0.39157
v 0.18099 1.43225 -0.00000 0.64448 0.52712 0.39157
v 0.18099 1.43225 -0.00000 0.64448 0.52712 0.39157
v 0.18099 0.82006 0.00000 0.64448 0.52712 0.39157
v 0.18099 0.82006 0.00000 0.64448 0.52712 0.39157
v 0.18099 0.82006 0.00000 0.64448 0.52712 0.39157
v 0.18099 0.82006 0.00000 0.64448 0.52712 0.39157
v 0.18099 0.82006 0.00000 0.64448 0.52712 0.39157
v 0.18099 0.82006 0.00000 0.64448 0.52712 0.39157
v 0.18099 0.82006 0.00000 0.64448 0.52712 0.39157
v 0.18099 0.82006 0.00000 0.64448 0.52712 0.39157
v 0.18099 0.82006 0.00000 0.64448 0.52712 0.39157
v 0.18099 0.82006 0.00000 0.64448 0.52712 0.39157
v 0.19777 0.82272 0.00000 0.64448 0.52712 0.39157
v 0.19385 0.82272 0.01079 0.64448 0.52712 0.39157
v 0.18391 0.82272 0.01652 0.64448 0.52712 0.39157
v 0.17260 0.82272 0.01453 0.64448 0.52712 0.39157
v 0.16523 0.82272 0.00574 0.64448 0.52712 0.39157
v 0.16523 0.82272 -0.00574 0.64448 0.52712 0.39157
v 0.17260 0.82272 -0.01453 0.64448 0.52712 0.39157
v 0.18391 0.82272 -0.01652 0.64448 0.52712 0.39157
v 0.19385 0.82272 -0.01079 0.64448 0.52712 0.39157
v 0.19777 0.82272 -0.00000 0.64448 0.52712 0.39157
v 0.21291 0.83043 0.00000 0.64448 0.52712 0.39157
v 0.20544 0.83043 0.02051 0.64448 0.52712 0.39157
v 0.18653 0.83043 0.03143 0.64448 0.52712 0.39157
v 0.16503 0.83043 0.02764 0.64448 0.52712 0.39157
v 0.15100 0.83043 0.01092 0.64448 0.52712 0.39157
v 0.15100 0.83043 -0.01092 0.64448 0.52712 0.39157
v 0.16503 0.83043 -0.02764 0.64448 0.52712 0.39157
v 0.18653 0.83043 -0.03143 0.64448 0.52712 0.39157
v 0.20544 0.83043 -0.02051 0.64448 0.52712 0.39157
v 0.21291 0.83043 -0.00000 0.64448 0.52712 0.39157
v 0.22492 0.84244 0.00000 0.64448 0.52712 0.39157
v 0.21464 0.84244 0.02824 0.64448 0.52712 0.39157
v 0.18862 0.84244 0.04326 0.64448 0.52712 0.39157
v 0.15903 0.84244 0.03804 0.64448 0.52712 0.39157
v 0.13971 0.84244 0.01502 0.64448 0.52712 0.39157
v 0.13971 0.84244 -0.01502 0.64448 0.52712 0.39157
v 0.15903 0.84244 -0.03804 0.64448 0.52712 0.39157
v 0.18862 0.84244 -0.04326 0.64448 0.52712 0.39157
v 0.21464 0.84244 -0.02824 0.64448 0.52712 0.39157
v 0.22492 0.84244 -0.00000 0.64448 0.52712 0.39157
v 0.23263 0.85758 0.00000 0.64448 0.52712 0.39157
v 0.22055 0.85758 0.03319 0.64448 0.52712 0.39157
v 0.18996 0.85758 0.05086 0.64448 0.52712 0.39157
v 0.15517 0.85758 0.04472 0.64448 0.52712 0.39157
v 0.13247 0.85758 0.01766 0.64448 0.52712 0.39157
v 0.13247 0.85758 -0.01766 0.64448 0.52712 0.39157
v 0.15517 0.85758 -0.04472 0.64448 0.52712 0.39157
v 0.18996 0.85758 -0.05086 0.64448 0.52712 0.39157
v 0.22055 0.85758 -0.03319 0.64448 0.52712 0.39157
v 0.23263 0.85758 -0.00000 0.64448 0.52712 0.39157
v 0.23529 0.87436 0.00000 0.64448 0.52712 0.39157
v 0.22259 0.87436 0.03490 0.64448 0.52712 0.39157
v 0.19042 0.87436 0.05347 0.64448 0.52712 0.39157
v 0.15384 0.87436 0.04702 0.64448 0.52712 0.39157
v 0.12997 0.87436 0.01857 0.64448 0.52712 0.39157
v 0.12997 0.87436 -0.01857 0.64448 0.52712 0.39157
v 0.15384 0.87436 -0.04702 0.64448 0.52712 0.39157
v 0.19042 0.87436 -0.05347 0.64448 0.52712 0.39157
v 0.22259 0.87436 -0.03490 0.64448 0.52712 0.39157
v 0.23529 0.87436 -0.00000 0.64448 0.52712 0.39157
v 0.23529 1.07575 0.00000 0.64448 0.52712 0.39157
v 0.22259 1.07575 0.03490 0.64448 0.52712 0.39157
v 0.19042 1.07575 0.05347 0.64448 0.52712 0.39157
v 0.15384 1.07575 0.04702 0.64448 0.52712 0.39157
v 0.12997 1.07575 0.01857 0.64448 0.52712 0.39157
v 0.12997 1.07575 -0.01857 0.64448 0.52712 0.39157
v 0.15384 1.07575 -0.04702 0.64448 0.52712 0.39157
v 0.19042 1.07575 -0.05347 0.64448 0.52712 0.39157
v 0.22259 1.07575 -0.03490 0.64448 0.52712 0.39157
v 0.23529 1.07575 -0.00000 0.64448 0.52712 0.39157
v 0.23263 1.09253 0.00000 0.64448 0.52712 0.39157
v 0.22055 1.09253 0.03319 0.64448 0.52712 0.39157
v 0.18996 1.09253 0.05086 0.64448 0.52712 0.39157
v 0.15517 1.09253 0.04472 0.64448 0.52712 0.39157
v 0.13247 1.09253 0.01766 0.64448 0.52712 0.39157
v 0.13247 1.09253 -0.01766 0.64448 0.52712 0.39157
v 0.15517 1.09253 -0.04472 0.64448 0.52712 0.39157
v 0.18996 1.09253 -0.05086 0.64448 0.52712 0.39157
v 0.22055 1.09253 -0.03319 0.64448 0.52712 0.39157
v 0.23263 1.09253 -0.00000 0.64448 0.52712 0.39157
v 0.22492 1.10767 0.00000 0.64448 0.52712 0.39157
v 0.21464 1.10767 0.02824 0.64448 0.52712 0.39157
v 0.18862 1.10767 0.04326 0.64448 0.52712 0.39157
v 0.15903 1.10767 0.03804 0.64448 0.52712 0.39157
v 0.13971 1.10767 0.01502 0.64448 0.52712 0.39157
v 0.13971 1.10767 -0.01502 0.64448 0.52712 0.39157
v 0.15903 1.10767 -0.03804 0.64448 0.52712 0.39157
v 0.18862 1.10767 -0.04326 0.64448 0.52712 0.39157
v 0.21464 1.10767 -0.02824 0.64448 0.52712 0.39157
v 0.22492 1.10767 -0.00000 0.64448 0.52712 0.39157
v 0.21291 1.11968 0.00000 0.64448 0.52712 0.39157
v 0.20544 1.11968 0.02051 0.64448 0.52712 0.39157
v 0.18653 1.11968 0.03143 0.64448 0.52712 0.39157
v 0.16503 1.11968 0.02764 0.64448 0.52712 0.39157
v 0.15100 1.11968 0.01092 0.64448 0.52712 0.39157
v 0.15100 1.11968 -0.01092 0.64448 0.52712 0.39157
v 0.16503 1.11968 -0.02764 0.64448 0.52712 0.39157
v 0.18653 1.11968 -0.03143 0.64448 0.52712 0.39157
v 0.20544 1.11968 -0.02051 0.64448 0.52712 0.39157
v 0.21291 1.11968 -0.00000 0.64448 0.52712 0.39157
v 0.19777 1.12739 0.00000 0.64448 0.52712 0.39157
v 0.19385 1.12739 0.01079 0.64448 0.52712 0.39157
v 0.18391 1.12739 0.01652 0.64448 0.52712 0.39157
v 0.17260 1.12739 0.01453 0.64448 0.52712 0.39157
v 0.16523 1.12739 0.00574 0.64448 0.52712 0.39157
v 0.16523 1.12739 -0.00574 0.64448 0.52712 0.39157
v 0.17260 1.12739 -0.01453 0.64448 0.52712 0.39157
v 0.18391 1.12739 -0.01652 0.64448 0.52712 0.39157
v 0.19385 1.12739 -0.01079 0.64448 0.52712 0.39157
v 0.19777 1.12739 -0.00000 0.64448 0.52712 0.39157
v 0.18099 1.13005 0.00000 0.64448 0.52712 0.39157
v 0.18099 1.13005 0.00000 0.64448 0.52712 0.39157
v 0.18099 1.13005 0.00000 0.64448 0.52712 0.39157
v 0.18099 1.13005 0.00000 0.64448 0.52712 0.39157
v 0.18099 1.13005 0.00000 0.64448 0.52712 0.39157
v 0.18099 1.13005 -0.00000 0.64448 0.52712 0.39157
v 0.18099 1.13005 -0.00000 0.64448 0.52712 0.39157
v 0.18099 1.13005 -0.00000 0.64448 0.52712 0.39157
v 0.18099 1.13005 -0.00000 0.64448 0.52712 0.39157
v 0.18099 1.13005 -0.00000 0.64448 0.52712 0.39157
v 0.18099 0.91412 0.00000 0.64448 0.52712 0.39157
v 0.18099 0.91412 0.00000 0.64448 0.52712 0.39157
v 0.18099 0.91412 0.00000 0.64448 0.52712 0.39157
v 0.18099 0.91412 0.00000 0.64448 0.52712 0.39157
v 0.18099 0.91412 0.00000 0.64448 0.52712 0.39157
v 0.18099 0.91412 0.00000 0.64448 0.52712 0.39157
v 0.18099 0.91412 0.00000 0.64448 0.52712 0.39157
v 0.18099 0.91412 0.00000 0.64448 0.52712 0.39157
v 0.18099 0.91412 0.00000 0.64448 0.52712 0.39157
v 0.18099 0.91412 0.00000 0.64448 0.52712 0.39157
v 0.21110 0.90725 0.00000 0.64448 0.52712 0.39157
v 0.20405 0.90725 0.01935 0.64448 0.52712 0.39157
v 0.18622 0.90725 0.02965 0.64448 0.52712 0.39157
v 0.16594 0.90725 0.02607 0.64448 0.52712 0.39157
v 0.15270 0.90725 0.01030 0.64448 0.52712 0.39157
v 0.15270 0.90725 -0.01030 0.64448 0.52712 0.39157
v 0.16594 0.90725 -0.02607 0.64448 0.52712 0.39157
v 0.18622 0.90725 -0.02965 0.64448 0.52712 0.39157
v 0.20405 0.90725 -0.01935 0.64448 0.52712 0.39157
v 0.21110 0.90725 -0.00000 0.64448 0.52712 0.39157
v 0.23524 0.88800 0.00000 0.64448 0.52712 0.39157
v 0.22255 0.88800 0.03487 0.64448 0.52712 0.39157
v 0.19041 0.88800 0.05342 0.64448 0.52712 0.39157
v 0.15387 0.88800 0.04698 0.64448 0.52712 0.39157
v 0.13002 0.88800 0.01855 0.64448 0.52712 0.39157
v 0.13002 0.88800 -0.01855 0.64448 0.52712 0.39157
v 0.15387 0.88800 -0.04698 0.64448 0.52712 0.39157
v 0.19041 0.88800 -0.05342 0.64448 0.52712 0.39157
v 0.22255 0.88800 -0.03487 0.64448 0.52712 0.39157
v 0.23524 0.88800 -0.00000 0.64448 0.52712 0.39157
v 0.24863 0.86018 0.00000 0.64448 0.52712 0.39157
v 0.23281 0.86018 0.04348 0.64448 0.52712 0.39157
v 0.19274 0.86018 0.06661 0.64448 0.52712 0.39157
v 0.14717 0.86018 0.05858 0.64448 0.52712 0.39157
v 0.11743 0.86018 0.02313 0.64448 0.52712 0.39157
v 0.11743 0.86018 -0.02313 0.64448 0.52712 0.39157
v 0.14717 0.86018 -0.05858 0.64448 0.52712 0.39157
v 0.19274 0.86018 -0.06661 0.64448 0.52712 0.39157
v 0.23281 0.86018 -0.04348 0.64448 0.52712 0.39157
v 0.24863 0.86018 -0.00000 0.64448 0.52712 0.39157
v 0.24863 0.82930 0.00000 0.64448 0.52712 0.39157
v 0.23281 0.82930 0.04348 0.64448 0.52712 0.39157
v 0.19274 0.82930 0.06661 0.64448 0.52712 0.39157
v 0.14717 0.82930 0.05858 0.64448 0.52712 0.39157
v 0.11743 0.82930 0.02313 0.64448 0.52712 0.39157
v 0.11743 0.82930 -0.02313 0.64448 0.52712 0.39157
v 0.14717 0.82930 -0.05858 0.64448 0.52712 0.39157
v 0.19274 0.82930 -0.06661 0.64448 0.52712 0.39157
v 0.23281 0.82930 -0.04348 0.64448 0.52712 0.39157
v 0.24863 0.82930 -0.00000 0.64448 0.52712 0.39157
v 0.23524 0.80148 0.00000 0.64448 0.52712 0.39157
v 0.22255 0.80148 0.03487 0.64448 0.52712 0.39157
v 0.19041 0.80148 0.05342 0.64448 0.52712 0.39157
v 0.15387 0.80148 0.04698 0.64448 0.52712 0.39157
v 0.13002 0.80148 0.01855 0.64448 0.52712 0.39157
v 0.13002 0.80148 -0.01855 0.64448 0.52712 0.39157
v 0.15387 0.80148 -0.04698 0.64448 0.52712 0.39157
v 0.19041 0.80148 -0.05342 0.64448 0.52712 0.39157
v 0.22255 0.80148 -0.03487 0.64448 0.52712 0.39157
v 0.23524 0.80148 -0.00000 0.64448 0.52712 0.39157
v 0.21110 0.78223 0.00000 0.64448 0.52712 0.39157
v 0.20405 0.78223 0.01935 0.64448 0.52712 0.39157
v 0.18622 0.78223 0.02965 0.64448 0.52712 0.39157
v 0.16594 0.78223 0.02607 0.64448 0.52712 0.39157
v 0.15270 0.78223 0.01030 0.64448 0.52712 0.39157
v 0.15270 0.78223 -0.01030 0.64448 0.52712 0.39157
v 0.16594 0.78223 -0.02607 0.64448 0.52712 0.39157
v 0.18622 0.78223 -0.02965 0.64448 0.52712 0.39157
v 0.20405 0.78223 -0.01935 0.64448 0.52712 0.39157
v 0.21110 0.78223 -0.00000 0.64448 0.52712 0.39157
v 0.18099 0.77536 0.00000 0.64448 0.52712 0.39157
v 0.18099 0.77536 0.00000 0.64448 0.52712 0.39157
v 0.18099 0.77536 0.00000 0.64448 0.52712 0.39157
v 0.18099 0.77536 0.00000 0.64448 0.52712 0.39157
v 0.18099 0.77536 0.00000 0.64448 0.52712 0.39157
v 0.18099 0.77536 0.00000 0.64448 0.52712 0.39157
v 0.18099 0.77536 0.00000 0.64448 0.52712 0.39157
v 0.18099 0.77536 0.00000 0.64448 0.52712 0.39157
v 0.18099 0.77536 0.00000 0.64448 0.52712 0.39157
v 0.18099 0.77536 0.00000 0.64448 0.52712 0.39157
v 0.23981 0.74248 0.00905 0.64448 0.52712 0.39157
v 0.23981 0.74248 0.00905 0.64448 0.52712 0.39157
v 0.23981 0.74248 0.00905 0.64448 0.52712 0.39157
v 0.23981 0.74248 0.00905 0.64448 0.52712 0.39157
v 0.23981 0.74248 0.00905 0.64448 0.52712 0.39157
v 0.23981 0.74248 0.00905 0.64448 0.52712 0.39157
v 0.24645 0.74426 0.00905 0.64448 0.52712 0.39157
v 0.24187 0.74426 0.01536 0.64448 0.52712 0.39157
v 0.23445 0.74426 0.01295 0.64448 0.52712 0.39157
v 0.23445 0.74426 0.00515 0.64448 0.52712 0.39157
v 0.24187 0.74426 0.00274 0.64448 0.52712 0.39157
v 0.24645 0.74426 0.00905 0.64448 0.52712 0.39157
v 0.25131 0.74912 0.00905 0.64448 0.52712 0.39157
v 0.24337 0.74912 0.01998 0.64448 0.52712 0.39157
v 0.23052 0.74912 0.01581 0.64448 0.52712 0.39157
v 0.23052 0.74912 0.00229 0.64448 0.52712 0.39157
v 0.24337 0.74912 -0.00188 0.64448 0.52712 0.39157
v 0.25131 0.74912 0.00905 0.64448 0.52712 0.39157
v 0.25309 0.75575 0.00905 0.64448 0.52712 0.39157
v 0.24392 0.75575 0.02167 0.64448 0.52712 0.39157
v 0.22908 0.75575 0.01685 0.64448 0.52712 0.39157
v 0.22908 0.75575 0.00125 0.64448 0.52712 0.39157
v 0.24392 0.75575 -0.00357 0.64448 0.52712 0.39157
v 0.25309 0.75575 0.00905 0.64448 0.52712 0.39157
v 0.25309 0.78893 0.00905 0.64448 0.52712 0.39157
v 0.24392 0.78893 0.02167 0.64448 0.52712 0.39157
v 0.22908 0.78893 0.01685 0.64448 0.52712 0.39157
v 0.22908 0.78893 0.00125 0.64448 0.52712 0.39157
v 0.24392 0.78893 -0.00357 0.64448 0.52712 0.39157
v 0.25309 0.78893 0.00905 0.64448 0.52712 0.39157
v 0.25131 0.79557 0.00905 0.64448 0.52712 0.39157
v 0.24337 0.79557 0.01998 0.64448 0.52712 0.39157
v 0.23052 0.79557 0.01581 0.64448 0.52712 0.39157
v 0.23052 0.79557 0.00229 0.64448 0.52712 0.39157
v 0.24337 0.79557 -0.00188 0.64448 0.52712 0.39157
v 0.25131 0.79557 0.00905 0.64448 0.52712 0.39157
v 0.24645 0.80043 0.00905 0.64448 0.52712 0.39157
v 0.24187 0.80043 0.01536 0.64448 0.52712 0.39157
v 0.23445 0.80043 0.01295 0.64448 0.52712 0.39157
v 0.23445 0.80043 0.00515 0.64448 0.52712 0.39157
v 0.24187 0.80043 0.00274 0.64448 0.52712 0.39157
v 0.24645 0.80043 0.00905 0.64448 0.52712 0.39157
v 0.23981 0.80221 0.00905 0.64448 0.52712 0.39157
v 0.23981 0.80221 0.00905 0.64448 0.52712 0.39157
v 0.23981 0.80221 0.00905 0.64448 0.52712 0.39157
v 0.23981 0.80221 0.00905 0.64448 0.52712 0.39157
v 0.23981 0.80221 0.00905 0.64448 0.52712 0.39157
v 0.23981 0.80221 0.00905 0.64448 0.52712 0.39157
v 0.20060 0.74248 0.00905 0.64448 0.52712 0.39157
v 0.20060 0.74248 0.00905 0.64448 0.52712 0.39157
v 0.20060 0.74248 0.00905 0.64448 0.52712 0.39157
v 0.20060 0.74248 0.00905 0.64448 0.52712 0.39157
v 0.20060 0.74248 0.00905 0.64448 0.52712 0.39157
v 0.20060 0.74248 0.00905 0.64448 0.52712 0.39157
v 0.20724 0.74426 0.00905 0.64448 0.52712 0.39157
v 0.20265 0.74426 0.01536 0.64448 0.52712 0.39157
v 0.19523 0.74426 0.01295 0.64448 0.52712 0.39157
v 0.19523 0.74426 0.00515 0.64448 0.52712 0.39157
v 0.20265 0.74426 0.00274 0.64448 0.52712 0.39157
v 0.20724 0.74426 0.00905 0.64448 0.52712 0.39157
v 0.21209 0.74912 0.00905 0.64448 0.52712 0.39157
v 0.20415 0.74912 0.01998 0.64448 0.52712 0.39157
v 0.19130 0.74912 0.01581 0.64448 0.52712 0.39157
v 0.19130 0.74912 0.00229 0.64448 0.52712 0.39157
v 0.20415 0.74912 -0.00188 0.64448 0.52712 0.39157
v 0.21209 0.74912 0.00905 0.64448 0.52712 0.39157
v 0.21387 0.75575 0.00905 0.64448 0.52712 0.39157
v 0.20470 0.75575 0.02167 0.64448 0.52712 0.39157
v 0.18986 0.75575 0.01685 0.64448 0.52712 0.39157
v 0.18986 0.75575 0.00125 0.64448 0.52712 0.39157
v 0.20470 0.75575 -0.00357 0.64448 0.52712 0.39157
v 0.21387 0.75575 0.00905 0.64448 0.52712 0.39157
v 0.21387 0.78893 0.00905 0.64448 0.52712 0.39157
v 0.20470 0.78893 0.02167 0.64448 0.52712 0.39157
v 0.18986 0.78893 0.01685 0.64448 0.52712 0.39157
v 0.18986 0.78893 0.00125 0.64448 0.52712 0.39157
v 0.20470 0.78893 -0.00357 0.64448 0.52712 0.39157
v 0.21387 0.78893 0.00905 0.64448 0.52712 0.39157
v 0.21209 0.79557 0.00905 0.64448 0.52712 0.39157
v 0.20415 0.79557 0.01998 0.64448 0.52712 0.39157
v 0.19130 0.79557 0.01581 0.64448 0.52712 0.39157
v 0.19130 0.79557 0.00229 0.64448 0.52712 0.39157
v 0.20415 0.79557 -0.00188 0.64448 0.52712 0.39157
v 0.21209 0.79557 0.00905 0.64448 0.52712 0.39157
v 0.20724 0.80043 0.00905 0.64448 0.52712 0.39157
v 0.20265 0.80043 0.01536 0.64448 0.52712 0.39157
v 0.19523 0.80043 0.01295 0.64448 0.52712 0.39157
v 0.19523 0.80043 0.00515 0.64448 0.52712 0.39157
v 0.20265 0.80043 0.00274 0.64448 0.52712 0.39157
v 0.20724 0.80043 0.00905 0.64448 0.52712 0.39157
v 0.20060 0.80221 0.00905 0.64448 0.52712 0.39157
v 0.20060 0.80221 0.00905 0.64448 0.52712 0.39157
v 0.20060 0.80221 0.00905 0.64448 0.52712 0.39157
v 0.20060 0.80221 0.00905 0.64448 0.52712 0.39157
v 0.20060 0.80221 0.00905 0.64448 0.52712 0.39157
v 0.20060 0.80221 0.00905 0.64448 0.52712 0.39157
v 0.16138 0.74248 0.00905 0.64448 0.52712 0.39157
v 0.16138 0.74248 0.00905 0.64448 0.52712 0.39157
v 0.16138 0.74248 0.00905 0.64448 0.52712 0.39157
v 0.16138 0.74248 0.00905 0.64448 0.52712 0.39157
v 0.16138 0.74248 0.00905 0.64448 0.52712 0.39157
v 0.16138 0.74248 0.00905 0.64448 0.52712 0.39157
v 0.16802 0.74426 0.00905 0.64448 0.52712 0.39157
v 0.16344 0.74426 0.01536 0.64448 0.52712 0.39157
v 0.15602 0.74426 0.01295 0.64448 0.52712 0.39157
v 0.15602 0.74426 0.00515 0.64448 0.52712 0.39157
v 0.16344 0.74426 0.00274 0.64448 0.52712 0.39157
v 0.16802 0.74426 0.00905 0.64448 0.52712 0.39157
v 0.17288 0.74912 0.00905 0.64448 0.52712 0.39157
v 0.16494 0.74912 0.01998 0.64448 0.52712 0.39157
v 0.15209 0.74912 0.01581 0.64448 0.52712 0.39157
v 0.15209 0.74912 0.00229 0.64448 0.52712 0.39157
v 0.16494 0.74912 -0.00188 0.64448 0.52712 0.39157
v 0.17288 0.74912 0.00905 0.64448 0.52712 0.39157
v 0.17466 0.75575 0.00905 0.64448 0.52712 0.39157
v 0.16549 0.75575 0.02167 0.64448 0.52712 0.39157
v 0.15065 0.75575 0.01685 0.64448 0.52712 0.39157
v 0.15065 0.75575 0.00125 0.64448 0.52712 0.39157
v 0.16549 0.75575 -0.00357 0.64448 0.52712 0.39157
v 0.17466 0.75575 0.00905 0.64448 0.52712 0.39157
v 0.17466 0.78893 0.00905 0.64448 0.52712 0.39157
v 0.16549 0.78893 0.02167 0.64448 0.52712 0.39157
v 0.15065 0.78893 0.01685 0.64448 0.52712 0.39157
v 0.15065 0.78893 0.00125 0.64448 0.52712 0.39157
v 0.16549 0.78893 -0.00357 0.64448 0.52712 0.39157
v 0.17466 0.78893 0.00905 0.64448 0.52712 0.39157
v 0.17288 0.79557 0.00905 0.64448 0.52712 0.39157
v 0.16494 0.79557 0.01998 0.64448 0.52712 0.39157
v 0.15209 0.79557 0.01581 0.64448 0.52712 0.39157
v 0.15209 0.79557 0.00229 0.64448 0.52712 0.39157
v 0.16494 0.79557 -0.00188 0.64448 0.52712 0.39157
v 0.17288 0.79557 0.00905 0.64448 0.52712 0.39157
v 0.16802 0.80043 0.00905 0.64448 0.52712 0.39157
v 0.16344 0.80043 0.01536 0.64448 0.52712 0.39157
v 0.15602 0.80043 0.01295 0.64448 0.52712 0.39157
v 0.15602 0.80043 0.00515 0.64448 0.52712 0.39157
v 0.16344 0.80043 0.00274 0.64448 0.52712 0.39157
v 0.16802 0.80043 0.00905 0.64448 0.52712 0.39157
v 0.16138 0.80221 0.00905 0.64448 0.52712 0.39157
v 0.16138 0.80221 0.00905 0.64448 0.52712 0.39157
v 0.16138 0.80221 0.00905 0.64448 0.52712 0.39157
v 0.16138 0.80221 0.00905 0.64448 0.52712 0.39157
v 0.16138 0.80221 0.00905 0.64448 0.52712 0.39157
v 0.16138 0.80221 0.00905 0.64448 0.52712 0.39157
v 0.12217 0.74248 0.00905 0.64448 0.52712 0.39157
v 0.12217 0.74248 0.00905 0.64448 0.52712 0.39157
v 0.12217 0.74248 0.00905 0.64448 0.52712 0.39157
v 0.12217 0.74248 0.00905 0.64448 0.52712 0.39157
v 0.12217 0.74248 0.00905 0.64448 0.52712 0.39157
v 0.12217 0.74248 0.00905 0.64448 0.52712 0.39157
v 0.12881 0.74426 0.00905 0.64448 0.52712 0.39157
v 0.12422 0.74426 0.01536 0.64448 0.52712 0.39157
v 0.11680 0.74426 0.01295 0.64448 0.52712 0.39157
v 0.11680 0.74426 0.00515 0.64448 0.52712 0.39157
v 0.12422 0.74426 0.00274 0.64448 0.52712 0.39157
v 0.12881 0.74426 0.00905 0.64448 0.52712 0.39157
v 0.13366 0.74912 0.00905 0.64448 0.52712 0.39157
v 0.12572 0.74912 0.01998 0.64448 0.52712 0.39157
v 0.11287 0.74912 0.01581 0.64448 0.52712 0.39157
v 0.11287 0.74912 0.00229 0.64448 0.52712 0.39157
v 0.12572 0.74912 -0.00188 0.64448 0.52712 0.39157
v 0.13366 0.74912 0.00905 0.64448 0.52712 0.39157
v 0.13544 0.75575 0.00905 0.64448 0.52712 0.39157
v 0.12627 0.75575 0.02167 0.64448 0.52712 0.39157
v 0.11143 0.75575 0.01685 0.64448 0.52712 0.39157
v 0.11143 0.75575 0.00125 0.64448 0.52712 0.39157
v 0.12627 0.75575 -0.00357 0.64448 0.52712 0.39157
v 0.13544 0.75575 0.00905 0.64448 0.52712 0.39157
v 0.13544 0.78893 0.00905 0.64448 0.52712 0.39157
v 0.12627 0.78893 0.02167 0.64448 0.52712 0.39157
v 0.11143 0.78893 0.01685 0.64448 0.52712 0.39157
v 0.11143 0.78893 0.00125 0.64448 0.52712 0.39157
v 0.12627 0.78893 -0.00357 0.64448 0.52712 0.39157
v 0.13544 0.78893 0.00905 0.64448 0.52712 0.39157
v 0.13366 0.79557 0.00905 0.64448 0.52712 0.39157
v 0.12572 0.79557 0.01998 0.64448 0.52712 0.39157
v 0.11287 0.79557 0.01581 0.64448 0.52712 0.39157
v 0.11287 0.79557 0.00229 0.64448 0.52712 0.39157
v 0.12572 0.79557 -0.00188 0.64448 0.52712 0.39157
v 0.13366 0.79557 0.00905 0.64448 0.52712 0.39157
v 0.12881 0.80043 0.00905 0.64448 0.52712 0.39157
v 0.12422 0.80043 0.01536 0.64448 0.52712 0.39157
v 0.11680 0.80043 0.01295 0.64448 0.52712 0.39157
v 0.11680 0.80043 0.00515 0.64448 0.52712 0.39157
v 0.12422 0.80043 0.00274 0.64448 0.52712 0.39157
v 0.12881 0.80043 0.00905 0.64448 0.52712 0.39157
v 0.12217 0.80221 0.00905 0.64448 0.52712 0.39157
v 0.12217 0.80221 0.00905 0.64448 0.52712 0.39157
v 0.12217 0.80221 0.00905 0.64448 0.52712 0.39157
v 0.12217 0.80221 0.00905 0.64448 0.52712 0.39157
v 0.12217 0.80221 0.00905 0.64448 0.52712 0.39157
v 0.12217 0.80221 0.00905 0.64448 0.52712 0.39157
v -0.18099 1.48880 0.00000 0.64448 0.52712 0.39157
v -0.18099 1.48880 0.00000 0.64448 0.52712 0.39157
v -0.18099 1.48880 0.00000 0.64448 0.52712 0.39157
v -0.18099 1.48880 0.00000 0.64448 0.52712 0.39157
v -0.18099 1.48880 0.00000 0.64448 0.52712 0.39157
v -0.18099 1.48880 0.00000 0.64448 0.52712 0.39157
v -0.18099 1.48880 0.00000 0.64448 0.52712 0.39157
v -0.18099 1.48880 0.00000 0.64448 0.52712 0.39157
v -0.18099 1.48880 0.00000 0.64448 0.52712 0.39157
v -0.18099 1.48880 0.00000 0.64448 0.52712 0.39157
v -0.14827 1.48133 0.00000 0.64448 0.52712 0.39157
v -0.15593 1.48133 0.02103 0.64448 0.52712 0.39157
v -0.17531 1.48133 0.03222 0.64448 0.52712 0.39157
v -0.19735 1.48133 0.02834 0.64448 0.52712 0.39157
v -0.21174 1.48133 0.01119 0.64448 0.52712 0.39157
v -0.21174 1.48133 -0.01119 0.64448 0.52712 0.39157
v -0.19735 1.48133 -0.02834 0.64448 0.52712 0.39157
v -0.17531 1.48133 -0.03222 0.64448 0.52712 0.39157
v -0.15593 1.48133 -0.02103 0.64448 0.52712 0.39157
v -0.14827 1.48133 -0.00000 0.64448 0.52712 0.39157
v -0.12203 1.46040 0.00000 0.64448 0.52712 0.39157
v -0.13583 1.46040 0.03790 0.64448 0.52712 0.39157
v -0.17075 1.46040 0.05806 0.64448 0.52712 0.39157
v -0.21047 1.46040 0.05106 0.64448 0.52712 0.39157
v -0.23640 1.46040 0.02017 0.64448 0.52712 0.39157
v -0.23640 1.46040 -0.02017 0.64448 0.52712 0.39157
v -0.21047 1.46040 -0.05106 0.64448 0.52712 0.39157
v -0.17075 1.46040 -0.05806 0.64448 0.52712 0.39157
v -0.13583 1.46040 -0.03790 0.64448 0.52712 0.39157
v -0.12203 1.46040 -0.00000 0.64448 0.52712 0.39157
v -0.10747 1.43017 0.00000 0.64448 0.52712 0.39157
v -0.12467 1.43017 0.04726 0.64448 0.52712 0.39157
v -0.16823 1.43017 0.07241 0.64448 0.52712 0.39157
v -0.21775 1.43017 0.06367 0.64448 0.52712 0.39157
v -0.25008 1.43017 0.02515 0.64448 0.52712 0.39157
v -0.25008 1.43017 -0.02515 0.64448 0.52712 0.39157
v -0.21775 1.43017 -0.06367 0.64448 0.52712 0.39157
v -0.16823 1.43017 -0.07241 0.64448 0.52712 0.39157
v -0.12467 1.43017 -0.04726 0.64448 0.52712 0.39157
v -0.10747 1.43017 -0.00000 0.64448 0.52712 0.39157
v -0.10747 1.39660 0.00000 0.64448 0.52712 0.39157
v -0.12467 1.39660 0.04726 0.64448 0.52712 0.39157
v -0.16823 1.39660 0.07241 0.64448 0.52712 0.39157
v -0.21775 1.39660 0.06367 0.64448 0.52712 0.39157
v -0.25008 1.39660 0.02515 0.64448 0.52712 0.39157
v -0.25008 1.39660 -0.02515 0.64448 0.52712 0.39157
v -0.21775 1.39660 -0.06367 0.64448 0.52712 0.39157
v -0.16823 1.39660 -0.07241 0.64448 0.52712 0.39157
v -0.12467 1.39660 -0.04726 0.64448 0.52712 0.39157
v -0.10747 1.39660 -0.00000 0.64448 0.52712 0.39157
v -0.12203 1.36637 0.00000 0.64448 0.52712 0.39157
v -0.13583 1.36637 0.03790 0.64448 0.52712 0.39157
v -0.17075 1.36637 0.05806 0.64448 0.52712 0.39157
v -0.21047 1.36637 0.05106 0.64448 0.52712 0.39157
v -0.23640 1.36637 0.02017 0.64448 0.52712 0.39157
v -0.23640 1.36637 -0.02017 0.64448 0.52712 0.39157
v -0.21047 1.36637 -0.05106 0.64448 0.52712 0.39157
v -0.17075 1.36637 -0.05806 0.64448 0.52712 0.39157
v -0.13583 1.36637 -0.03790 0.64448 0.52712 0.39157
v -0.12203 1.36637 -0.00000 0.64448 0.52712 0.39157
v -0.14827 1.34544 0.00000 0.64448 0.52712 0.39157
v -0.15593 1.34544 0.02103 0.64448 0.52712 0.39157
v -0.17531 1.34544 0.03222 0.64448 0.52712 0.39157
v -0.19735 1.34544 0.02834 0.64448 0.52712 0.39157
v -0.21174 1.34544 0.01119 0.64448 0.52712 0.39157
v -0.21174 1.34544 -0.01119 0.64448 0.52712 0.39157
v -0.19735 1.34544 -0.02834 0.64448 0.52712 0.39157
v -0.17531 1.34544 -0.03222 0.64448 0.52712 0.39157
v -0.15593 1.34544 -0.02103 0.64448 0.52712 0.39157
v -0.14827 1.34544 -0.00000 0.64448 0.52712 0.39157
v -0.18099 1.33797 0.00000 0.64448 0.52712 0.39157
v -0.18099 1.33797 0.00000 0.64448 0.52712 0.39157
v -0.18099 1.33797 0.00000 0.64448 0.52712 0.39157
v -0.18099 1.33797 0.00000 0.64448 0.52712 0.39157
v -0.18099 1.33797 0.00000 0.64448 0.52712 0.39157
v -0.18099 1.33797 0.00000 0.64448 0.52712 0.39157
v -0.18099 1.33797 0.00000 0.64448 0.52712 0.39157
v -0.18099 1.33797 0.00000 0.64448 0.52712 0.39157
v -0.18099 1.33797 0.00000 0.64448 0.52712 0.39157
v -0.18099 1.33797 0.00000 0.64448 0.52712 0.39157
v -0.18099 1.06281 0.00000 0.64448 0.52712 0.39157
v -0.18099 1.06281 0.00000 0.64448 0.52712 0.39157
v -0.18099 1.06281 0.00000 0.64448 0.52712 0.39157
v -0.18099 1.06281 0.00000 0.64448 0.52712 0.39157
v -0.18099 1.06281 0.00000 0.64448 0.52712 0.39157
v -0.18099 1.06281 0.00000 0.64448 0.52712 0.39157
v -0.18099 1.06281 0.00000 0.64448 0.52712 0.39157
v -0.18099 1.06281 0.00000 0.64448 0.52712 0.39157
v -0.18099 1.06281 0.00000 0.64448 0.52712 0.39157
v -0.18099 1.06281 0.00000 0.64448 0.52712 0.39157
v -0.16235 1.06576 0.00000 0.64448 0.52712 0.39157
v -0.16671 1.06576 0.01198 0.64448 0.52712 0.39157
v -0.17775 1.06576 0.01836 0.64448 0.52712 0.39157
v -0.19031 1.06576 0.01615 0.64448 0.52712 0.39157
v -0.19851 1.06576 0.00638 0.64448 0.52712 0.39157
v -0.19851 1.06576 -0.00638 0.64448 0.52712 0.39157
v -0.19031 1.06576 -0.01615 0.64448 0.52712 0.39157
v -0.17775 1.06576 -0.01836 0.64448 0.52712 0.39157
v -0.16671 1.06576 -0.01198 0.64448 0.52712 0.39157
v -0.16235 1.06576 -0.00000 0.64448 0.52712 0.39157
v -0.14553 1.07433 0.00000 0.64448 0.52712 0.39157
v -0.15383 1.07433 0.02279 0.64448 0.52712 0.39157
v -0.17483 1.07433 0.03492 0.64448 0.52712 0.39157
v -0.19872 1.07433 0.03071 0.64448 0.52712 0.39157
v -0.21432 1.07433 0.01213 0.64448 0.52712 0.39157
v -0.21432 1.07433 -0.01213 0.64448 0.52712 0.39157
v -0.19872 1.07433 -0.03071 0.64448 0.52712 0.39157
v -0.17483 1.07433 -0.03492 0.64448 0.52712 0.39157
v -0.15383 1.07433 -0.02279 0.64448 0.52712 0.39157
v -0.14553 1.07433 -0.00000 0.64448 0.52712 0.39157
v -0.13218 1.08768 0.00000 0.64448 0.52712 0.39157
v -0.14360 1.08768 0.03137 0.64448 0.52712 0.39157
v -0.17252 1.08768 0.04807 0.64448 0.52712 0.39157
v -0.20540 1.08768 0.04227 0.64448 0.52712 0.39157
v -0.22686 1.08768 0.01669 0.64448 0.52712 0.39157
v -0.22686 1.08768 -0.01669 0.64448 0.52712 0.39157
v -0.20540 1.08768 -0.04227 0.64448 0.52712 0.39157
v -0.17252 1.08768 -0.04807 0.64448 0.52712 0.39157
v -0.14360 1.08768 -0.03137 0.64448 0.52712 0.39157
v -0.13218 1.08768 -0.00000 0.64448 0.52712 0.39157
v -0.12361 1.10450 0.00000 0.64448 0.52712 0.39157
v -0.13704 1.10450 0.03688 0.64448 0.52712 0.39157
v -0.17103 1.10450 0.05651 0.64448 0.52712 0.39157
v -0.20968 1.10450 0.04969 0.64448 0.52712 0.39157
v -0.23491 1.10450 0.01962 0.64448 0.52712 0.39157
v -0.23491 1.10450 -0.01962 0.64448 0.52712 0.39157
v -0.20968 1.10450 -0.04969 0.64448 0.52712 0.39157
v -0.17103 1.10450 -0.05651 0.64448 0.52712 0.39157
v -0.13704 1.10450 -0.03688 0.64448 0.52712 0.39157
v -0.12361 1.10450 -0.00000 0.64448 0.52712 0.39157
v -0.12066 1.12314 0.00000 0.64448 0.52712 0.39157
v -0.13478 1.12314 0.03878 0.64448 0.52712 0.39157
v -0.17052 1.12314 0.05941 0.64448 0.52712 0.39157
v -0.21116 1.12314 0.05225 0.64448 0.52712 0.39157
v -0.23768 1.12314 0.02063 0.64448 0.52712 0.39157
v -0.23768 1.12314 -0.02063 0.64448 0.52712 0.39157
v -0.21116 1.12314 -0.05225 0.64448 0.52712 0.39157
v -0.17052 1.12314 -0.05941 0.64448 0.52712 0.39157
v -0.13478 1.12314 -0.03878 0.64448 0.52712 0.39157
v -0.12066 1.12314 -0.00000 0.64448 0.52712 0.39157
v -0.12066 1.37192 0.00000 0.64448 0.52712 0.39157
v -0.13478 1.37192 0.03878 0.64448 0.52712 0.39157
v -0.17052 1.37192 0.05941 0.64448 0.52712 0.39157
v -0.21116 1.37192 0.05225 0.64448 0.52712 0.39157
v -0.23768 1.37192 0.02063 0.64448 0.52712 0.39157
v -0.23768 1.37192 -0.02063 0.64448 0.52712 0.39157
v -0.21116 1.37192 -0.05225 0.64448 0.52712 0.39157
v -0.17052 1.37192 -0.05941 0.64448 0.52712 0.39157
v -0.13478 1.37192 -0.03878 0.64448 0.52712 0.39157
v -0.12066 1.37192 -0.00000 0.64448 0.52712 0.39157
v -0.12361 1.39056 0.00000 0.64448 0.52712 0.39157
v -0.13704 1.39056 0.03688 0.64448 0.52712 0.39157
v -0.17103 1.39056 0.05651 0.64448 0.52712 0.39157
v -0.20968 1.39056 0.04969 0.64448 0.52712 0.39157
v -0.23491 1.39056 0.01962 0.64448 0.52712 0.39157
v -0.23491 1.39056 -0.01962 0.64448 0.52712 0.39157
v -0.20968 1.39056 -0.04969 0.64448 0.52712 0.39157
v -0.17103 1.39056 -0.05651 0.64448 0.52712 0.39157
v -0.13704 1.39056 -0.03688 0.64448 0.52712 0.39157
v -0.12361 1.39056 -0.00000 0.64448 0.52712 0.39157
v -0.13218 1.40738 0.00000 0.64448 0.52712 0.39157
v -0.14360 1.40738 0.03137 0.64448 0.52712 0.39157
v -0.17252 1.40738 0.04807 0.64448 0.52712 0.39157
v -0.20540 1.40738 0.04227 0.64448 0.52712 0.39157
v -0.22686 1.40738 0.01669 0.64448 0.52712 0.39157
v -0.22686 1.40738 -0.01669 0.64448 0.52712 0.39157
v -0.20540 1.40738 -0.04227 0.64448 0.52712 0.39157
v -0.17252 1.40738 -0.04807 0.64448 0.52712 0.39157
v -0.14360 1.40738 -0.03137 0.64448 0.52712 0.39157
v -0.13218 1.40738 -0.00000 0.64448 0.52712 0.39157
v -0.14553 1.42073 0.00000 0.64448 0.52712 0.39157
v -0.15383 1.42073 0.02279 0.64448 0.52712 0.39157
v -0.17483 1.42073 0.03492 0.64448 0.52712 0.39157
v -0.19872 1.42073 0.03071 0.64448 0.52712 0.39157
v -0.21432 1.42073 0.01213 0.64448 0.52712 0.39157
v -0.21432 1.42073 -0.01213 0.64448 0.52712 0.39157
v -0.19872 1.42073 -0.03071 0.64448 0.52712 0.39157
v -0.17483 1.42073 -0.03492 0.64448 0.52712 0.39157
v -0.15383 1.42073 -0.02279 0.64448 0.52712 0.39157
v -0.14553 1.42073 -0.00000 0.64448 0.52712 0.39157
v -0.16235 1.42930 0.00000 0.64448 0.52712 0.39157
v -0.16671 1.42930 0.01198 0.64448 0.52712 0.39157
v -0.17775 1.42930 0.01836 0.64448 0.52712 0.39157
v -0.19031 1.42930 0.01615 0.64448 0.52712 0.39157
v -0.19851 1.42930 0.00638 0.64448 0.52712 0.39157
v -0.19851 1.42930 -0.00638 0.64448 0.52712 0.39157
v -0.19031 1.42930 -0.01615 0.64448 0.52712 0.39157
v -0.17775 1.42930 -0.01836 0.64448 0.52712 0.39157
v -0.16671 1.42930 -0.01198 0.64448 0.52712 0.39157
v -0.16235 1.42930 -0.00000 0.64448 0.52712 0.39157
v -0.18099 1.43225 0.00000 0.64448 0.52712 0.39157
v -0.18099 1.43225 0.00000 0.64448 0.52712 0.39157
v -0.18099 1.43225 0.00000 0.64448 0.52712 0.39157
v -0.18099 1.43225 0.00000 0.64448 0.52712 0.39157
v -0.18099 1.43225 0.00000 0.64448 0.52712 0.39157
v -0.18099 1.43225 -0.00000 0.64448 0.52712 0.39157
v -0.18099 1.43225 -0.00000 0.64448 0.52712 0.39157
v -0.18099 1.43225 -0.00000 0.64448 0.52712 0.39157
v -0.18099 1.43225 -0.00000 0.64448 0.52712 0.39157
v -0.18099 1.43225 -0.00000 0.64448 0.52712 0.39157
v -0.18099 0.82006 0.00000 0.64448 0.52712 0.39157
v -0.18099 0.82006 0.00000 0.64448 0.52712 0.39157
v -0.18099 0.82006 0.00000 0.64448 0.52712 0.39157
v -0.18099 0.82006 0.00000 0.64448 0.52712 0.39157
v -0.18099 0.82006 0.00000 0.64448 0.52712 0.39157
v -0.18099 0.82006 0.00000 0.64448 0.52712 0.39157
v -0.18099 0.82006 0.00000 0.64448 0.52712 0.39157
v -0.18099 0.82006 0.00000 0.64448 0.52712 0.39157
v -0.18099 0.82006 0.00000 0.64448 0.52712 0.39157
v -0.18099 0.82006 0.00000 0.64448 0.52712 0.39157
v -0.16421 0.82272 0.00000 0.64448 0.52712 0.39157
v -0.16814 0.82272 0.01079 0.64448 0.52712 0.39157
v -0.17808 0.82272 0.01652 0.64448 0.52712 0.39157
v -0.18938 0.82272 0.01453 0.64448 0.52712 0.39157
v -0.19676 0.82272 0.00574 0.64448 0.52712 0.39157
v -0.19676 0.82272 -0.00574 0.64448 0.52712 0.39157
v -0.18938 0.82272 -0.01453 0.64448 0.52712 0.39157
v -0.17808 0.82272 -0.01652 0.64448 0.52712 0.39157
v -0.16814 0.82272 -0.01079 0.64448 0.52712 0.39157
v -0.16421 0.82272 -0.00000 0.64448 0.52712 0.39157
v -0.14908 0.83043 0.00000 0.64448 0.52712 0.39157
v -0.15654 0.83043 0.02051 0.64448 0.52712 0.39157
v -0.17545 0.83043 0.03143 0.64448 0.52712 0.39157
v -0.19695 0.83043 0.02764 0.64448 0.52712 0.39157
v -0.21098 0.83043 0.01092 0.64448 0.52712 0.39157
v -0.21098 0.83043 -0.01092 0.64448 0.52712 0.39157
v -0.19695 0.83043 -0.02764 0.64448 0.52712 0.39157
v -0.17545 0.83043 -0.03143 0.64448 0.52712 0.39157
v -0.15654 0.83043 -0.02051 0.64448 0.52712 0.39157
v -0.14908 0.83043 -0.00000 0.64448 0.52712 0.39157
v -0.13706 0.84244 0.00000 0.64448 0.52712 0.39157
v -0.14734 0.84244 0.02824 0.64448 0.52712 0.39157
v -0.17336 0.84244 0.04326 0.64448 0.52712 0.39157
v -0.20296 0.84244 0.03804 0.64448 0.52712 0.39157
v -0.22227 0.84244 0.01502 0.64448 0.52712 0.39157
v -0.22227 0.84244 -0.01502 0.64448 0.52712 0.39157
v -0.20296 0.84244 -0.03804 0.64448 0.52712 0.39157
v -0.17336 0.84244 -0.04326 0.64448 0.52712 0.39157
v -0.14734 0.84244 -0.02824 0.64448 0.52712 0.39157
v -0.13706 0.84244 -0.00000 0.64448 0.52712 0.39157
v -0.12935 0.85758 0.00000 0.64448 0.52712 0.39157
v -0.14143 0.85758 0.03319 0.64448 0.52712 0.39157
v -0.17203 0.85758 0.05086 0.64448 0.52712 0.39157
v -0.20681 0.85758 0.04472 0.64448 0.52712 0.39157
v -0.22952 0.85758 0.01766 0.64448 0.52712 0.39157
v -0.22952 0.85758 -0.01766 0.64448 0.52712 0.39157
v -0.20681 0.85758 -0.04472 0.64448 0.52712 0.39157
v -0.17203 0.85758 -0.05086 0.64448 0.52712 0.39157
v -0.14143 0.85758 -0.03319 0.64448 0.52712 0.39157
v -0.12935 0.85758 -0.00000 0.64448 0.52712 0.39157
v -0.12669 0.87436 0.00000 0.64448 0.52712 0.39157
v -0.13940 0.87436 0.03490 0.64448 0.52712 0.39157
v -0.17156 0.87436 0.05347 0.64448 0.52712 0.39157
v -0.20814 0.87436 0.04702 0.64448 0.52712 0.39157
v -0.23202 0.87436 0.01857 0.64448 0.52712 0.39157
v -0.23202 0.87436 -0.01857 0.64448 0.52712 0.39157
v -0.20814 0.87436 -0.04702 0.64448 0.52712 0.39157
v -0.17156 0.87436 -0.05347 0.64448 0.52712 0.39157
v -0.13940 0.87436 -0.03490 0.64448 0.52712 0.39157
v -0.12669 0.87436 -0.00000 0.64448 0.52712 0.39157
v -0.12669 1.07575 0.00000 0.64448 0.52712 0.39157
v -0.13940 1.07575 0.03490 0.64448 0.52712 0.39157
v -0.17156 1.07575 0.05347 0.64448 0.52712 0.39157
v -0.20814 1.07575 0.04702 0.64448 0.52712 0.39157
v -0.23202 1.07575 0.01857 0.64448 0.52712 0.39157
v -0.23202 1.07575 -0.01857 0.64448 0.52712 0.39157
v -0.20814 1.07575 -0.04702 0.64448 0.52712 0.39157
v -0.17156 1.07575 -0.05347 0.64448 0.52712 0.39157
v -0.13940 1.07575 -0.03490 0.64448 0.52712 0.39157
v -0.12669 1.07575 -0.00000 0.64448 0.52712 0.39157
v -0.12935 1.09253 0.00000 0.64448 0.52712 0.39157
v -0.14143 1.09253 0.03319 0.64448 0.52712 0.39157
v -0.17203 1.09253 0.05086 0.64448 0.52712 0.39157
v -0.20681 1.09253 0.04472 0.64448 0.52712 0.39157
v -0.22952 1.09253 0.01766 0.64448 0.52712 0.39157
v -0.22952 1.09253 -0.01766 0.64448 0.52712 0.39157
v -0.20681 1.09253 -0.04472 0.64448 0.52712 0.39157
v -0.17203 1.09253 -0.05086 0.64448 0.52712 0.39157
v -0.14143 1.09253 -0.03319 0.64448 0.52712 0.39157
v -0.12935 1.09253 -0.00000 0.64448 0.52712 0.39157
v -0.13706 1.10767 0.00000 0.64448 0.52712 0.39157
v -0.14734 1.10767 0.02824 0.64448 0.52712 0.39157
v -0.17336 1.10767 0.04326 0.64448 0.52712 0.39157
v -0.20296 1.10767 0.03804 0.64448 0.52712 0.39157
v -0.22227 1.10767 0.01502 0.64448 0.52712 0.39157
v -0.22227 1.10767 -0.01502 0.64448 0.52712 0.39157
v -0.20296 1.10767 -0.03804 0.64448 0.52712 0.39157
v -0.17336 1.10767 -0.04326 0.64448 0.52712 0.39157
v -0.14734 1.10767 -0.02824 0.64448 0.52712 0.39157
v -0.13706 1.10767 -0.00000 0.64448 0.52712 0.39157
v -0.14908 1.11968 0.00000 0.64448 0.52712 0.39157
v -0.15654 1.11968 0.02051 0.64448 0.52712 0.39157
v -0.17545 1.11968 0.03143 0.64448 0.52712 0.39157
v -0.19695 1.11968 0.02764 0.64448 0.52712 0.39157
v -0.21098 1.11968 0.01092 0.64448 0.52712 0.39157
v -0.21098 1.11968 -0.01092 0.64448 0.52712 0.39157
v -0.19695 1.11968 -0.02764 0.64448 0.52712 0.39157
v -0.17545 1.11968 -0.03143 0.64448 0.52712 0.39157
v -0.15654 1.11968 -0.02051 0.64448 0.52712 0.39157
v -0.14908 1.11968 -0.00000 0.64448 0.52712 0.39157
v -0.16421 1.12739 0.00000 0.64448 0.52712 0.39157
v -0.16814 1.12739 0.01079 0.64448 0.52712 0.39157
v -0.17808 1.12739 0.01652 0.64448 0.52712 0.39157
v -0.18938 1.12739 0.01453 0.64448 0.52712 0.39157
v -0.19676 1.12739 0.00574 0.64448 0.52712 0.39157
v -0.19676 1.12739 -0.00574 0.64448 0.52712 0.39157
v -0.18938 1.12739 -0.01453 0.64448 0.52712 0.39157
v -0.17808 1.12739 -0.01652 0.64448 0.52712 0.39157
v -0.16814 1.12739 -0.01079 0.64448 0.52712 0.39157
v -0.16421 1.12739 -0.00000 0.64448 0.52712 0.39157
v -0.18099 1.13005 0.00000 0.64448 0.52712 0.39157
v -0.18099 1.13005 0.00000 0.64448 0.52712 0.39157
v -0.18099 1.13005 0.00000 0.64448 0.52712 0.39157
v -0.18099 1.13005 0.00000 0.64448 0.52712 0.39157
v -0.18099 1.13005 0.00000 0.64448 0.52712 0.39157
v -0.18099 1.13005 -0.00000 0.64448 0.52712 0.39157
v -0.18099 1.13005 -0.00000 0.64448 0.52712 0.39157
v -0.18099 1.13005 -0.00000 0.64448 0.52712 0.39157
v -0.18099 1.13005 -0.00000 0.64448 0.52712 0.39157
v -0.18099 1.13005 -0.00000 0.64448 0.52712 0.39157
v -0.18099 0.91412 0.00000 0.64448 0.52712 0.39157
v -0.18099 0.91412 0.00000 0.64448 0.52712 0.39157
v -0.18099 0.91412 0.00000 0.64448 0.52712 0.39157
v -0.18099 0.91412 0.00000 0.64448 0.52712 0.39157
v -0.18099 0.91412 0.00000 0.64448 0.52712 0.39157
v -0.18099 0.91412 0.00000 0.64448 0.52712 0.39157
v -0.18099 0.91412 0.00000 0.64448 0.52712 0.39157
v -0.18099 0.91412 0.00000 0.64448 0.52712 0.39157
v -0.18099 0.91412 0.00000 0.64448 0.52712 0.39157
v -0.18099 0.91412 0.00000 0.64448 0.52712 0.39157
v -0.15089 0.90725 0.00000 0.64448 0.52712 0.39157
v -0.15793 0.90725 0.01935 0.64448 0.52712 0.39157
v -0.17576 0.90725 0.02965 0.64448 0.52712 0.39157
v -0.19604 0.90725 0.02607 0.64448 0.52712 0.39157
v -0.20928 0.90725 0.01030 0.64448 0.52712 0.39157
v -0.20928 0.90725 -0.01030 0.64448 0.52712 0.39157
v -0.19604 0.90725 -0.02607 0.64448 0.52712 0.39157
v -0.17576 0.90725 -0.02965 0.64448 0.52712 0.39157
v -0.15793 0.90725 -0.01935 0.64448 0.52712 0.39157
v -0.15089 0.90725 -0.00000 0.64448 0.52712 0.39157
v -0.12675 0.88800 0.00000 0.64448 0.52712 0.39157
v -0.13944 0.88800 0.03487 0.64448 0.52712 0.39157
v -0.17157 0.88800 0.05342 0.64448 0.52712 0.39157
v -0.20811 0.88800 0.04698 0.64448 0.52712 0.39157
v -0.23196 0.88800 0.01855 0.64448 0.52712 0.39157
v -0.23196 0.88800 -0.01855 0.64448 0.52712 0.39157
v -0.20811 0.88800 -0.04698 0.64448 0.52712 0.39157
v -0.17157 0.88800 -0.05342 0.64448 0.52712 0.39157
v -0.13944 0.88800 -0.03487 0.64448 0.52712 0.39157
v -0.12675 0.88800 -0.00000 0.64448 0.52712 0.39157
v -0.11335 0.86018 0.00000 0.64448 0.52712 0.39157
v -0.12918 0.86018 0.04348 0.64448 0.52712 0.39157
v -0.16925 0.86018 0.06661 0.64448 0.52712 0.39157
v -0.21481 0.86018 0.05858 0.64448 0.52712 0.39157
v -0.24455 0.86018 0.02313 0.64448 0.52712 0.39157
v -0.24455 0.86018 -0.02313 0.64448 0.52712 0.39157
v -0.21481 0.86018 -0.05858 0.64448 0.52712 0.39157
v -0.16925 0.86018 -0.06661 0.64448 0.52712 0.39157
v -0.12918 0.86018 -0.04348 0.64448 0.52712 0.39157
v -0.11335 0.86018 -0.00000 0.64448 0.52712 0.39157
v -0.11335 0.82930 0.00000 0.64448 0.52712 0.39157
v -0.12918 0.82930 0.04348 0.64448 0.52712 0.39157
v -0.16925 0.82930 0.06661 0.64448 0.52712 0.39157
v -0.21481 0.82930 0.05858 0.64448 0.52712 0.39157
v -0.24455 0.82930 0.02313 0.64448 0.52712 0.39157
v -0.24455 0.82930 -0.02313 0.64448 0.52712 0.39157
v -0.21481 0.82930 -0.05858 0.64448 0.52712 0.39157
v -0.16925 0.82930 -0.06661 0.64448 0.52712 0.39157
v -0.12918 0.82930 -0.04348 0.64448 0.52712 0.39157
v -0.11335 0.82930 -0.00000 0.64448 0.52712 0.39157
v -0.12675 0.80148 0.00000 0.64448 0.52712 0.39157
v -0.13944 0.80148 0.03487 0.64448 0.52712 0.39157
v -0.17157 0.80148 0.05342 0.64448 0.52712 0.39157
v -0.20811 0.80148 0.04698 0.64448 0.52712 0.39157
v -0.23196 0.80148 0.01855 0.64448 0.52712 0.39157
v -0.23196 0.80148 -0.01855 0.64448 0.52712 0.39157
v -0.20811 0.80148 -0.04698 0.64448 0.52712 0.39157
v -0.17157 0.80148 -0.05342 0.64448 0.52712 0.39157
v -0.13944 0.80148 -0.03487 0.64448 0.52712 0.39157
v -0.12675 0.80148 -0.00000 0.64448 0.52712 0.39157
v -0.15089 0.78223 0.00000 0.64448 0.52712 0.39157
v -0.15793 0.78223 0.01935 0.64448 0.52712 0.39157
v -0.17576 0.78223 0.02965 0.64448 0.52712 0.39157
v -0.19604 0.78223 0.02607 0.64448 0.52712 0.39157
v -0.20928 0.78223 0.01030 0.64448 0.52712 0.39157
v -0.20928 0.78223 -0.01030 0.64448 0.52712 0.39157
v -0.19604 0.78223 -0.02607 0.64448 0.52712 0.39157
v -0.17576 0.78223 -0.02965 0.64448 0.52712 0.39157
v -0.15793 0.78223 -0.01935 0.64448 0.52712 0.39157
v -0.15089 0.78223 -0.00000 0.64448 0.52712 0.39157
v -0.18099 0.77536 0.00000 0.64448 0.52712 0.39157
v -0.18099 0.77536 0.00000 0.64448 0.52712 0.39157
v -0.18099 0.77536 0.00000 0.64448 0.52712 0.39157
v -0.18099 0.77536 0.00000 0.64448 0.52712 0.39157
v -0.18099 0.77536 0.00000 0.64448 0.52712 0.39157
v -0.18099 0.77536 0.00000 0.64448 0.52712 0.39157
v -0.18099 0.77536 0.00000 0.64448 0.52712 0.39157
v -0.18099 0.77536 0.00000 0.64448 0.52712 0.39157
v -0.18099 0.77536 0.00000 0.64448 0.52712 0.39157
v -0.18099 0.77536 0.00000 0.64448 0.52712 0.39157
v -0.12217 0.74248 0.00905 0.64448 0.52712 0.39157
v -0.12217 0.74248 0.00905 0.64448 0.52712 0.39157
v -0.12217 0.74248 0.00905 0.64448 0.52712 0.39157
v -0.12217 0.74248 0.00905 0.64448 0.52712 0.39157
v -0.12217 0.74248 0.00905 0.64448 0.52712 0.39157
v -0.12217 0.74248 0.00905 0.64448 0.52712 0.39157
v -0.11553 0.74426 0.00905 0.64448 0.52712 0.39157
v -0.12012 0.74426 0.01536 0.64448 0.52712 0.39157
v -0.12754 0.74426 0.01295 0.64448 0.52712 0.39157
v -0.12754 0.74426 0.00515 0.64448 0.52712 0.39157
v -0.12012 0.74426 0.00274 0.64448 0.52712 0.39157
v -0.11553 0.74426 0.00905 0.64448 0.52712 0.39157
v -0.11068 0.74912 0.00905 0.64448 0.52712 0.39157
v -0.11862 0.74912 0.01998 0.64448 0.52712 0.39157
v -0.13147 0.74912 0.01581 0.64448 0.52712 0.39157
v -0.13147 0.74912 0.00229 0.64448 0.52712 0.39157
v -0.11862 0.74912 -0.00188 0.64448 0.52712 0.39157
v -0.11068 0.74912 0.00905 0.64448 0.52712 0.39157
v -0.10890 0.75575 0.00905 0.64448 0.52712 0.39157
v -0.11807 0.75575 0.02167 0.64448 0.52712 0.39157
v -0.13291 0.75575 0.01685 0.64448 0.52712 0.39157
v -0.13291 0.75575 0.00125 0.64448 0.52712 0.39157
v -0.11807 0.75575 -0.00357 0.64448 0.52712 0.39157
v -0.10890 0.75575 0.00905 0.64448 0.52712 0.39157
v -0.10890 0.78893 0.00905 0.64448 0.52712 0.39157
v -0.11807 0.78893 0.02167 0.64448 0.52712 0.39157
v -0.13291 0.78893 0.01685 0.64448 0.52712 0.39157
v -0.13291 0.78893 0.00125 0.64448 0.52712 0.39157
v -0.11807 0.78893 -0.00357 0.64448 0.52712 0.39157
v -0.10890 0.78893 0.00905 0.64448 0.52712 0.39157
v -0.11068 0.79557 0.00905 0.64448 0.52712 0.39157
v -0.11862 0.79557 0.01998 0.64448 0.52712 0.39157
v -0.13147 0.79557 0.01581 0.64448 0.52712 0.39157
v -0.13147 0.79557 0.00229 0.64448 0.52712 0.39157
v -0.11862 0.79557 -0.00188 0.64448 0.52712 0.39157
v -0.11068 0.79557 0.00905 0.64448 0.52712 0.39157
v -0.11553 0.80043 0.00905 0.64448 0.52712 0.39157
v -0.12012 0.80043 0.01536 0.64448 0.52712 0.39157
v -0.12754 0.80043 0.01295 0.64448 0.52712 0.39157
v -0.12754 0.80043 0.00515 0.64448 0.52712 0.39157
v -0.12012 0.80043 0.00274 0.64448 0.52712 0.39157
v -0.11553 0.80043 0.00905 0.64448 0.52712 0.39157
v -0.12217 0.80221 0.00905 0.64448 0.52712 0.39157
v -0.12217 0.80221 0.00905 0.64448 0.52712 0.39157
v -0.12217 0.80221 0.00905 0.64448 0.52712 0.39157
v -0.12217 0.80221 0.00905 0.64448 0.52712 0.39157
v -0.12217 0.80221 0.00905 0.64448 0.52712 0.39157
v -0.12217 0.80221 0.00905 0.64448 0.52712 0.39157
v -0.16138 0.74248 0.00905 0.64448 0.52712 0.39157
v -0.16138 0.74248 0.00905 0.64448 0.52712 0.39157
v -0.16138 0.74248 0.00905 0.64448 0.52712 0.39157
v -0.16138 0.74248 0.00905 0.64448 0.52712 0.39157
v -0.16138 0.74248 0.00905 0.64448 0.52712 0.39157
v -0.16138 0.74248 0.00905 0.64448 0.52712 0.39157
v -0.15475 0.74426 0.00905 0.64448 0.52712 0.39157
v -0.15933 0.74426 0.01536 0.64448 0.52712 0.39157
v -0.16675 0.74426 0.01295 0.64448 0.52712 0.39157
v -0.16675 0.74426 0.00515 0.64448 0.52712 0.39157
v -0.15933 0.74426 0.00274 0.64448 0.52712 0.39157
v -0.15475 0.74426 0.00905 0.64448 0.52712 0.39157
v -0.14989 0.74912 0.00905 0.64448 0.52712 0.39157
v -0.15783 0.74912 0.01998 0.64448 0.52712 0.39157
v -0.17068 0.74912 0.01581 0.64448 0.52712 0.39157
v -0.17068 0.74912 0.00229 0.64448 0.52712 0.39157
v -0.15783 0.74912 -0.00188 0.64448 0.52712 0.39157
v -0.14989 0.74912 0.00905 0.64448 0.52712 0.39157
v -0.14811 0.75575 0.00905 0.64448 0.52712 0.39157
v -0.15728 0.75575 0.02167 0.64448 0.52712 0.39157
v -0.17212 0.75575 0.01685 0.64448 0.52712 0.39157
v -0.17212 0.75575 0.00125 0.64448 0.52712 0.39157
v -0.15728 0.75575 -0.00357 0.64448 0.52712 0.39157
v -0.14811 0.75575 0.00905 0.64448 0.52712 0.39157
v -0.14811 0.78893 0.00905 0.64448 0.52712 0.39157
v -0.15728 0.78893 0.02167 0.64448 0.52712 0.39157
v -0.17212 0.78893 0.01685 0.64448 0.52712 0.39157
v -0.17212 0.78893 0.00125 0.64448 0.52712 0.39157
v -0.15728 0.78893 -0.00357 0.64448 0.52712 0.39157
v -0.14811 0.78893 0.00905 0.64448 0.52712 0.39157
v -0.14989 0.79557 0.00905 0.64448 0.52712 0.39157
v -0.15783 0.79557 0.01998 0.64448 0.52712 0.39157
v -0.17068 0.79557 0.01581 0.64448 0.52712 0.39157
v -0.17068 0.79557 0.00229 0.64448 0.52712 0.39157
v -0.15783 0.79557 -0.00188 0.64448 0.52712 0.39157
v -0.14989 0.79557 0.00905 0.64448 0.52712 0.39157
v -0.15475 0.80043 0.00905 0.64448 0.52712 0.39157
v -0.15933 0.80043 0.01536 0.64448 0.52712 0.39157
v -0.16675 0.80043 0.01295 0.64448 0.52712 0.39157
v -0.16675 0.80043 0.00515 0.64448 0.52712 0.39157
v -0.15933 0.80043 0.00274 0.64448 0.52712 0.39157
v -0.15475 0.80043 0.00905 0.64448 0.52712 0.39157
v -0.16138 0.80221 0.00905 0.64448 0.52712 0.39157
v -0.16138 0.80221 0.00905 0.64448 0.52712 0.39157
v -0.16138 0.80221 0.00905 0.64448 0.52712 0.39157
v -0.16138 0.80221 0.00905 0.64448 0.52712 0.39157
v -0.16138 0.80221 0.00905 0.64448 0.52712 0.39157
v -0.16138 0.80221 0.00905 0.64448 0.52712 0.39157
v -0.20060 0.74248 0.00905 0.64448 0.52712 0.39157
v -0.20060 0.74248 0.00905 0.64448 0.52712 0.39157
v -0.20060 0.74248 0.00905 0.64448 0.52712 0.39157
v -0.20060 0.74248 0.00905 0.64448 0.52712 0.39157
v -0.20060 0.74248 0.00905 0.64448 0.52712 0.39157
v -0.20060 0.74248 0.00905 0.64448 0.52712 0.39157
v -0.19396 0.74426 0.00905 0.64448 0.52712 0.39157
v -0.19855 0.74426 0.01536 0.64448 0.52712 0.39157
v -0.20597 0.74426 0.01295 0.64448 0.52712 0.39157
v -0.20597 0.74426 0.00515 0.64448 0.52712 0.39157
v -0.19855 0.74426 0.00274 0.64448 0.52712 0.39157
v -0.19396 0.74426 0.00905 0.64448 0.52712 0.39157
v -0.18911 0.74912 0.00905 0.64448 0.52712 0.39157
v -0.19705 0.74912 0.01998 0.64448 0.52712 0.39157
v -0.20990 0.74912 0.01581 0.64448 0.52712 0.39157
v -0.20990 0.74912 0.00229 0.64448 0.52712 0.39157
v -0.19705 0.74912 -0.00188 0.64448 0.52712 0.39157
v -0.18911 0.74912 0.00905 0.64448 0.52712 0.39157
v -0.18733 0.75575 0.00905 0.64448 0.52712 0.39157
v -0.19650 0.75575 0.02167 0.64448 0.52712 0.39157
v -0.21134 0.75575 0.01685 0.64448 0.52712 0.39157
v -0.21134 0.75575 0.00125 0.64448 0.52712 0.39157
v -0.19650 0.75575 -0.00357 0.64448 0.52712 0.39157
v -0.18733 0.75575 0.00905 0.64448 0.52712 0.39157
v -0.18733 0.78893 0.00905 0.64448 0.52712 0.39157
v -0.19650 0.78893 0.02167 0.64448 0.52712 0.39157
v -0.21134 0.78893 0.01685 0.64448 0.52712 0.39157
v -0.21134 0.78893 0.00125 0.64448 0.52712 0.39157
v -0.19650 0.78893 -0.00357 0.64448 0.52712 0.39157
v -0.18733 0.78893 0.00905 0.64448 0.52712 0.39157
v -0.18911 0.79557 0.00905 0.64448 0.52712 0.39157
v -0.19705 0.79557 0.01998 0.64448 0.52712 0.39157
v -0.20990 0.79557 0.01581 0.64448 0.52712 0.39157
v -0.20990 0.79557 0.00229 0.64448 0.52712 0.39157
v -0.19705 0.79557 -0.00188 0.64448 0.52712 0.39157
v -0.18911 0.79557 0.00905 0.64448 0.52712 0.39157
v -0.19396 0.80043 0.00905 0.64448 0.52712 0.39157
v -0.19855 0.80043 0.01536 0.64448 0.52712 0.39157
v -0.20597 0.80043 0.01295 0.64448 0.52712 0.39157
v -0.20597 0.80043 0.00515 0.64448 0.52712 0.39157
v -0.19855 0.80043 0.00274 0.64448 0.52712 0.39157
v -0.19396 0.80043 0.00905 0.64448 0.52712 0.39157
v -0.20060 0.80221 0.00905 0.64448 0.52712 0.39157
v -0.20060 0.80221 0.00905 0.64448 0.52712 0.39157
v -0.20060 0.80221 0.00905 0.64448 0.52712 0.39157
v -0.20060 0.80221 0.00905 0.64448 0.52712 0.39157
v -0.20060 0.80221 0.00905 0.64448 0.52712 0.39157
v -0.20060 0.80221 0.00905 0.64448 0.52712 0.39157
v -0.23981 0.74248 0.00905 0.64448 0.52712 0.39157
v -0.23981 0.74248 0.00905 0.64448 0.52712 0.39157
v -0.23981 0.74248 0.00905 0.64448 0.52712 0.39157
v -0.23981 0.74248 0.00905 0.64448 0.52712 0.39157
v -0.23981 0.74248 0.00905 0.64448 0.52712 0.39157
v -0.23981 0.74248 0.00905 0.64448 0.52712 0.39157
v -0.23318 0.74426 0.00905 0.64448 0.52712 0.39157
v -0.23776 0.74426 0.01536 0.64448 0.52712 0.39157
v -0.24518 0.74426 0.01295 0.64448 0.52712 0.39157
v -0.24518 0.74426 0.00515 0.64448 0.52712 0.39157
v -0.23776 0.74426 0.00274 0.64448 0.52712 0.39157
v -0.23318 0.74426 0.00905 0.64448 0.52712 0.39157
v -0.22832 0.74912 0.00905 0.64448 0.52712 0.39157
v -0.23626 0.74912 0.01998 0.64448 0.52712 0.39157
v -0.24911 0.74912 0.01581 0.64448 0.52712 0.39157
v -0.24911 0.74912 0.00229 0.64448 0.52712 0.39157
v -0.23626 0.74912 -0.00188 0.64448 0.52712 0.39157
v -0.22832 0.74912 0.00905 0.64448 0.52712 0.39157
v -0.22654 0.75575 0.00905 0.64448 0.52712 0.39157
v -0.23571 0.75575 0.02167 0.64448 0.52712 0.39157
v -0.25055 0.75575 0.01685 0.64448 0.52712 0.39157
v -0.25055 0.75575 0.00125 0.64448 0.52712 0.39157
v -0.23571 0.75575 -0.00357 0.64448 0.52712 0.39157
v -0.22654 0.75575 0.00905 0.64448 0.52712 0.39157
v -0.22654 0.78893 0.00905 0.64448 0.52712 0.39157
v -0.23571 0.78893 0.02167 0.64448 0.52712 0.39157
v -0.25055 0.78893 0.01685 0.64448 0.52712 0.39157
v -0.25055 0.78893 0.00125 0.64448 0.52712 0.39157
v -0.23571 0.78893 -0.00357 0.64448 0.52712 0.39157
v -0.22654 0.78893 0.00905 0.64448 0.52712 0.39157
v -0.22832 0.79557 0.00905 0.64448 0.52712 0.39157
v -0.23626 0.79557 0.01998 0.64448 0.52712 0.39157
v -0.24911 0.79557 0.01581 0.64448 0.52712 0.39157
v -0.24911 0.79557 0.00229 0.64448 0.52712 0.39157
v -0.23626 0.79557 -0.00188 0.64448 0.52712 0.39157
v -0.22832 0.79557 0.00905 0.64448 0.52712 0.39157
v -0.23318 0.80043 0.00905 0.64448 0.52712 0.39157
v -0.23776 0.80043 0.01536 0.64448 0.52712 0.39157
v -0.24518 0.80043 0.01295 0.64448 0.52712 0.39157
v -0.24518 0.80043 0.00515 0.64448 0.52712 0.39157
v -0.23776 0.80043 0.00274 0.64448 0.52712 0.39157
v -0.23318 0.80043 0.00905 0.64448 0.52712 0.39157
v -0.23981 0.80221 0.00905 0.64448 0.52712 0.39157
v -0.23981 0.80221 0.00905 0.64448 0.52712 0.39157
v -0.23981 0.80221 0.00905 0.64448 0.52712 0.39157
v -0.23981 0.80221 0.00905 0.64448 0.52712 0.39157
v -0.23981 0.80221 0.00905 0.64448 0.52712 0.39157
v -0.23981 0.80221 0.00905 0.64448 0.52712 0.39157
v 0.09214 0.35787 0.00000 0.64448 0.52712 0.39157
v 0.09214 0.35787 0.00000 0.64448 0.52712 0.39157
v 0.09214 0.35787 0.00000 0.64448 0.52712 0.39157
v 0.09214 0.35787 0.00000 0.64448 0.52712 0.39157
v 0.09214 0.35787 0.00000 0.64448 0.52712 0.39157
v 0.09214 0.35787 0.00000 0.64448 0.52712 0.39157
v 0.09214 0.35787 0.00000 0.64448 0.52712 0.39157
v 0.09214 0.35787 0.00000 0.64448 0.52712 0.39157
v 0.09214 0.35787 0.00000 0.64448 0.52712 0.39157
v 0.09214 0.35787 0.00000 0.64448 0.52712 0.39157
v 0.10985 0.36068 0.00000 0.64448 0.52712 0.39157
v 0.10571 0.36068 0.01138 0.64448 0.52712 0.39157
v 0.09522 0.36068 0.01744 0.64448 0.52712 0.39157
v 0.08329 0.36068 0.01534 0.64448 0.52712 0.39157
v 0.07550 0.36068 0.00606 0.64448 0.52712 0.39157
v 0.07550 0.36068 -0.00606 0.64448 0.52712 0.39157
v 0.08329 0.36068 -0.01534 0.64448 0.52712 0.39157
v 0.09522 0.36068 -0.01744 0.64448 0.52712 0.39157
v 0.10571 0.36068 -0.01138 0.64448 0.52712 0.39157
v 0.10985 0.36068 -0.00000 0.64448 0.52712 0.39157
v 0.12583 0.36882 0.00000 0.64448 0.52712 0.39157
v 0.11795 0.36882 0.02165 0.64448 0.52712 0.39157
v 0.09799 0.36882 0.03318 0.64448 0.52712 0.39157
v 0.07530 0.36882 0.02918 0.64448 0.52712 0.39157
v 0.06048 0.36882 0.01152 0.64448 0.52712 0.39157
v 0.06048 0.36882 -0.01152 0.64448 0.52712 0.39157
v 0.07530 0.36882 -0.02918 0.64448 0.52712 0.39157
v 0.09799 0.36882 -0.03318 0.64448 0.52712 0.39157
v 0.11795 0.36882 -0.02165 0.64448 0.52712 0.39157
v 0.12583 0.36882 -0.00000 0.64448 0.52712 0.39157
v 0.13851 0.38150 0.00000 0.64448 0.52712 0.39157
v 0.12766 0.38150 0.02980 0.64448 0.52712 0.39157
v 0.10019 0.38150 0.04566 0.64448 0.52712 0.39157
v 0.06896 0.38150 0.04016 0.64448 0.52712 0.39157
v 0.04857 0.38150 0.01586 0.64448 0.52712 0.39157
v 0.04857 0.38150 -0.01586 0.64448 0.52712 0.39157
v 0.06896 0.38150 -0.04016 0.64448 0.52712 0.39157
v 0.10019 0.38150 -0.04566 0.64448 0.52712 0.39157
v 0.12766 0.38150 -0.02980 0.64448 0.52712 0.39157
v 0.13851 0.38150 -0.00000 0.64448 0.52712 0.39157
v 0.14665 0.39747 0.00000 0.64448 0.52712 0.39157
v 0.13390 0.39747 0.03504 0.64448 0.52712 0.39157
v 0.10161 0.39747 0.05368 0.64448 0.52712 0.39157
v 0.06489 0.39747 0.04721 0.64448 0.52712 0.39157
v 0.04092 0.39747 0.01864 0.64448 0.52712 0.39157
v 0.04092 0.39747 -0.01864 0.64448 0.52712 0.39157
v 0.06489 0.39747 -0.04721 0.64448 0.52712 0.39157
v 0.10161 0.39747 -0.05368 0.64448 0.52712 0.39157
v 0.13390 0.39747 -0.03504 0.64448 0.52712 0.39157
v 0.14665 0.39747 -0.00000 0.64448 0.52712 0.39157
v 0.14946 0.41519 0.00000 0.64448 0.52712 0.39157
v 0.13605 0.41519 0.03684 0.64448 0.52712 0.39157
v 0.10209 0.41519 0.05644 0.64448 0.52712 0.39157
v 0.06348 0.41519 0.04964 0.64448 0.52712 0.39157
v 0.03828 0.41519 0.01960 0.64448 0.52712 0.39157
v 0.03828 0.41519 -0.01960 0.64448 0.52712 0.39157
v 0.06348 0.41519 -0.04964 0.64448 0.52712 0.39157
v 0.10209 0.41519 -0.05644 0.64448 0.52712 0.39157
v 0.13605 0.41519 -0.03684 0.64448 0.52712 0.39157
v 0.14946 0.41519 -0.00000 0.64448 0.52712 0.39157
v 0.14946 0.71355 0.00000 0.64448 0.52712 0.39157
v 0.13605 0.71355 0.03684 0.64448 0.52712 0.39157
v 0.10209 0.71355 0.05644 0.64448 0.52712 0.39157
v 0.06348 0.71355 0.04964 0.64448 0.52712 0.39157
v 0.03828 0.71355 0.01960 0.64448 0.52712 0.39157
v 0.03828 0.71355 -0.01960 0.64448 0.52712 0.39157
v 0.06348 0.71355 -0.04964 0.64448 0.52712 0.39157
v 0.10209 0.71355 -0.05644 0.64448 0.52712 0.39157
v 0.13605 0.71355 -0.03684 0.64448 0.52712 0.39157
v 0.14946 0.71355 -0.00000 0.64448 0.52712 0.39157
v 0.14665 0.73126 0.00000 0.64448 0.52712 0.39157
v 0.13390 0.73126 0.03504 0.64448 0.52712 0.39157
v 0.10161 0.73126 0.05368 0.64448 0.52712 0.39157
v 0.06489 0.73126 0.04721 0.64448 0.52712 0.39157
v 0.04092 0.73126 0.01864 0.64448 0.52712 0.39157
v 0.04092 0.73126 -0.01864 0.64448 0.52712 0.39157
v 0.06489 0.73126 -0.04721 0.64448 0.52712 0.39157
v 0.10161 0.73126 -0.05368 0.64448 0.52712 0.39157
v 0.13390 0.73126 -0.03504 0.64448 0.52712 0.39157
v 0.14665 0.73126 -0.00000 0.64448 0.52712 0.39157
v 0.13851 0.74724 0.00000 0.64448 0.52712 0.39157
v 0.12766 0.74724 0.02980 0.64448 0.52712 0.39157
v 0.10019 0.74724 0.04566 0.64448 0.52712 0.39157
v 0.06896 0.74724 0.04016 0.64448 0.52712 0.39157
v 0.04857 0.74724 0.01586 0.64448 0.52712 0.39157
v 0.04857 0.74724 -0.01586 0.64448 0.52712 0.39157
v 0.06896 0.74724 -0.04016 0.64448 0.52712 0.39157
v 0.10019 0.74724 -0.04566 0.64448 0.52712 0.39157
v 0.12766 0.74724 -0.02980 0.64448 0.52712 0.39157
v 0.13851 0.74724 -0.00000 0.64448 0.52712 0.39157
v 0.12583 0.75992 0.00000 0.64448 0.52712 0.39157
v 0.11795 0.75992 0.02165 0.64448 0.52712 0.39157
v 0.09799 0.75992 0.03318 0.64448 0.52712 0.39157
v 0.07530 0.75992 0.02918 0.64448 0.52712 0.39157
v 0.06048 0.75992 0.01152 0.64448 0.52712 0.39157
v 0.06048 0.75992 -0.01152 0.64448 0.52712 0.39157
v 0.07530 0.75992 -0.02918 0.64448 0.52712 0.39157
v 0.09799 0.75992 -0.03318 0.64448 0.52712 0.39157
v 0.11795 0.75992 -0.02165 0.64448 0.52712 0.39157
v 0.12583 0.75992 -0.00000 0.64448 0.52712 0.39157
v 0.10985 0.76806 0.00000 0.64448 0.52712 0.39157
v 0.10571 0.76806 0.01138 0.64448 0.52712 0.39157
v 0.09522 0.76806 0.01744 0.64448 0.52712 0.39157
v 0.08329 0.76806 0.01534 0.64448 0.52712 0.39157
v 0.07550 0.76806 0.00606 0.64448 0.52712 0.39157
v 0.07550 0.76806 -0.00606 0.64448 0.52712 0.39157
v 0.08329 0.76806 -0.01534 0.64448 0.52712 0.39157
v 0.09522 0.76806 -0.01744 0.64448 0.52712 0.39157
v 0.10571 0.76806 -0.01138 0.64448 0.52712 0.39157
v 0.10985 0.76806 -0.00000 0.64448 0.52712 0.39157
v 0.09214 0.77086 0.00000 0.64448 0.52712 0.39157
v 0.09214 0.77086 0.00000 0.64448 0.52712 0.39157
v 0.09214 0.77086 0.00000 0.64448 0.52712 0.39157
v 0.09214 0.77086 0.00000 0.64448 0.52712 0.39157
v 0.09214 0.77086 0.00000 0.64448 0.52712 0.39157
v 0.09214 0.77086 -0.00000 0.64448 0.52712 0.39157
v 0.09214 0.77086 -0.00000 0.64448 0.52712 0.39157
v 0.09214 0.77086 -0.00000 0.64448 0.52712 0.39157
v 0.09214 0.77086 -0.00000 0.64448 0.52712 0.39157
v 0.09214 0.77086 -0.00000 0.64448 0.52712 0.39157
v 0.09214 0.02523 0.00000 0.64448 0.52712 0.39157
v 0.09214 0.02523 0.00000 0.64448 0.52712 0.39157
v 0.09214 0.02523 0.00000 0.64448 0.52712 0.39157
v 0.09214 0.02523 0.00000 0.64448 0.52712 0.39157
v 0.09214 0.02523 0.00000 0.64448 0.52712 0.39157
v 0.09214 0.02523 0.00000 0.64448 0.52712 0.39157
v 0.09214 0.02523 0.00000 0.64448 0.52712 0.39157
v 0.09214 0.02523 0.00000 0.64448 0.52712 0.39157
v 0.09214 0.02523 0.00000 0.64448 0.52712 0.39157
v 0.09214 0.02523 0.00000 0.64448 0.52712 0.39157
v 0.10892 0.02789 0.00000 0.64448 0.52712 0.39157
v 0.10499 0.02789 0.01079 0.64448 0.52712 0.39157
v 0.09506 0.02789 0.01652 0.64448 0.52712 0.39157
v 0.08375 0.02789 0.01453 0.64448 0.52712 0.39157
v 0.07637 0.02789 0.00574 0.64448 0.52712 0.39157
v 0.07637 0.02789 -0.00574 0.64448 0.52712 0.39157
v 0.08375 0.02789 -0.01453 0.64448 0.52712 0.39157
v 0.09506 0.02789 -0.01652 0.64448 0.52712 0.39157
v 0.10499 0.02789 -0.01079 0.64448 0.52712 0.39157
v 0.10892 0.02789 -0.00000 0.64448 0.52712 0.39157
v 0.12406 0.03560 0.00000 0.64448 0.52712 0.39157
v 0.11659 0.03560 0.02051 0.64448 0.52712 0.39157
v 0.09768 0.03560 0.03143 0.64448 0.52712 0.39157
v 0.07618 0.03560 0.02764 0.64448 0.52712 0.39157
v 0.06215 0.03560 0.01092 0.64448 0.52712 0.39157
v 0.06215 0.03560 -0.01092 0.64448 0.52712 0.39157
v 0.07618 0.03560 -0.02764 0.64448 0.52712 0.39157
v 0.09768 0.03560 -0.03143 0.64448 0.52712 0.39157
v 0.11659 0.03560 -0.02051 0.64448 0.52712 0.39157
v 0.12406 0.03560 -0.00000 0.64448 0.52712 0.39157
v 0.13607 0.04761 0.00000 0.64448 0.52712 0.39157
v 0.12579 0.04761 0.02824 0.64448 0.52712 0.39157
v 0.09977 0.04761 0.04326 0.64448 0.52712 0.39157
v 0.07018 0.04761 0.03804 0.64448 0.52712 0.39157
v 0.05086 0.04761 0.01502 0.64448 0.52712 0.39157
v 0.05086 0.04761 -0.01502 0.64448 0.52712 0.39157
v 0.07018 0.04761 -0.03804 0.64448 0.52712 0.39157
v 0.09977 0.04761 -0.04326 0.64448 0.52712 0.39157
v 0.12579 0.04761 -0.02824 0.64448 0.52712 0.39157
v 0.13607 0.04761 -0.00000 0.64448 0.52712 0.39157
v 0.14378 0.06275 0.00000 0.64448 0.52712 0.39157
v 0.13170 0.06275 0.03319 0.64448 0.52712 0.39157
v 0.10111 0.06275 0.05086 0.64448 0.52712 0.39157
v 0.06632 0.06275 0.04472 0.64448 0.52712 0.39157
v 0.04362 0.06275 0.01766 0.64448 0.52712 0.39157
v 0.04362 0.06275 -0.01766 0.64448 0.52712 0.39157
v 0.06632 0.06275 -0.04472 0.64448 0.52712 0.39157
v 0.10111 0.06275 -0.05086 0.64448 0.52712 0.39157
v 0.13170 0.06275 -0.03319 0.64448 0.52712 0.39157
v 0.14378 0.06275 -0.00000 0.64448 0.52712 0.39157
v 0.14644 0.07953 0.00000 0.64448 0.52712 0.39157
v 0.13374 0.07953 0.03490 0.64448 0.52712 0.39157
v 0.10157 0.07953 0.05347 0.64448 0.52712 0.39157
v 0.06499 0.07953 0.04702 0.64448 0.52712 0.39157
v 0.04112 0.07953 0.01857 0.64448 0.52712 0.39157
v 0.04112 0.07953 -0.01857 0.64448 0.52712 0.39157
v 0.06499 0.07953 -0.04702 0.64448 0.52712 0.39157
v 0.10157 0.07953 -0.05347 0.64448 0.52712 0.39157
v 0.13374 0.07953 -0.03490 0.64448 0.52712 0.39157
v 0.14644 0.07953 -0.00000 0.64448 0.52712 0.39157
v 0.14644 0.33314 0.00000 0.64448 0.52712 0.39157
v 0.13374 0.33314 0.03490 0.64448 0.52712 0.39157
v 0.10157 0.33314 0.05347 0.64448 0.52712 0.39157
v 0.06499 0.33314 0.04702 0.64448 0.52712 0.39157
v 0.04112 0.33314 0.01857 0.64448 0.52712 0.39157
v 0.04112 0.33314 -0.01857 0.64448 0.52712 0.39157
v 0.06499 0.33314 -0.04702 0.64448 0.52712 0.39157
v 0.10157 0.33314 -0.05347 0.64448 0.52712 0.39157
v 0.13374 0.33314 -0.03490 0.64448 0.52712 0.39157
v 0.14644 0.33314 -0.00000 0.64448 0.52712 0.39157
v 0.14378 0.34991 0.00000 0.64448 0.52712 0.39157
v 0.13170 0.34991 0.03319 0.64448 0.52712 0.39157
v 0.10111 0.34991 0.05086 0.64448 0.52712 0.39157
v 0.06632 0.34991 0.04472 0.64448 0.52712 0.39157
v 0.04362 0.34991 0.01766 0.64448 0.52712 0.39157
v 0.04362 0.34991 -0.01766 0.64448 0.52712 0.39157
v 0.06632 0.34991 -0.04472 0.64448 0.52712 0.39157
v 0.10111 0.34991 -0.05086 0.64448 0.52712 0.39157
v 0.13170 0.34991 -0.03319 0.64448 0.52712 0.39157
v 0.14378 0.34991 -0.00000 0.64448 0.52712 0.39157
v 0.13607 0.36505 0.00000 0.64448 0.52712 0.39157
v 0.12579 0.36505 0.02824 0.64448 0.52712 0.39157
v 0.09977 0.36505 0.04326 0.64448 0.52712 0.39157
v 0.07018 0.36505 0.03804 0.64448 0.52712 0.39157
v 0.05086 0.36505 0.01502 0.64448 0.52712 0.39157
v 0.05086 0.36505 -0.01502 0.64448 0.52712 0.39157
v 0.07018 0.36505 -0.03804 0.64448 0.52712 0.39157
v 0.09977 0.36505 -0.04326 0.64448 0.52712 0.39157
v 0.12579 0.36505 -0.02824 0.64448 0.52712 0.39157
v 0.13607 0.36505 -0.00000 0.64448 0.52712 0.39157
v 0.12406 0.37706 0.00000 0.64448 0.52712 0.39157
v 0.11659 0.37706 0.02051 0.64448 0.52712 0.39157
v 0.09768 0.37706 0.03143 0.64448 0.52712 0.39157
v 0.07618 0.37706 0.02764 0.64448 0.52712 0.39157
v 0.06215 0.37706 0.01092 0.64448 0.52712 0.39157
v 0.06215 0.37706 -0.01092 0.64448 0.52712 0.39157
v 0.07618 0.37706 -0.02764 0.64448 0.52712 0.39157
v 0.09768 0.37706 -0.03143 0.64448 0.52712 0.39157
v 0.11659 0.37706 -0.02051 0.64448 0.52712 0.39157
v 0.12406 0.37706 -0.00000 0.64448 0.52712 0.39157
v 0.10892 0.38478 0.00000 0.64448 0.52712 0.39157
v 0.10499 0.38478 0.01079 0.64448 0.52712 0.39157
v 0.09506 0.38478 0.01652 0.64448 0.52712 0.39157
v 0.08375 0.38478 0.01453 0.64448 0.52712 0.39157
v 0.07637 0.38478 0.00574 0.64448 0.52712 0.39157
v 0.07637 0.38478 -0.00574 0.64448 0.52712 0.39157
v 0.08375 0.38478 -0.01453 0.64448 0.52712 0.39157
v 0.09506 0.38478 -0.01652 0.64448 0.52712 0.39157
v 0.10499 0.38478 -0.01079 0.64448 0.52712 0.39157
v 0.10892 0.38478 -0.00000 0.64448 0.52712 0.39157
v 0.09214 0.38743 0.00000 0.64448 0.52712 0.39157
v 0.09214 0.38743 0.00000 0.64448 0.52712 0.39157
v 0.09214 0.38743 0.00000 0.64448 0.52712 0.39157
v 0.09214 0.38743 0.00000 0.64448 0.52712 0.39157
v 0.09214 0.38743 0.00000 0.64448 0.52712 0.39157
v 0.09214 0.38743 -0.00000 0.64448 0.52712 0.39157
v 0.09214 0.38743 -0.00000 0.64448 0.52712 0.39157
v 0.09214 0.38743 -0.00000 0.64448 0.52712 0.39157
v 0.09214 0.38743 -0.00000 0.64448 0.52712 0.39157
v 0.09214 0.38743 -0.00000 0.64448 0.52712 0.39157
v -0.09214 0.35787 0.00000 0.64448 0.52712 0.39157
v -0.09214 0.35787 0.00000 0.64448 0.52712 0.39157
v -0.09214 0.35787 0.00000 0.64448 0.52712 0.39157
v -0.09214 0.35787 0.00000 0.64448 0.52712 0.39157
v -0.09214 0.35787 0.00000 0.64448 0.52712 0.39157
v -0.09214 0.35787 0.00000 0.64448 0.52712 0.39157
v -0.09214 0.35787 0.00000 0.64448 0.52712 0.39157
v -0.09214 0.35787 0.00000 0.64448 0.52712 0.39157
v -0.09214 0.35787 0.00000 0.64448 0.52712 0.39157
v -0.09214 0.35787 0.00000 0.64448 0.52712 0.39157
v -0.07443 0.36068 0.00000 0.64448 0.52712 0.39157
v -0.07857 0.36068 0.01138 0.64448 0.52712 0.39157
v -0.08907 0.36068 0.01744 0.64448 0.52712 0.39157
v -0.10100 0.36068 0.01534 0.64448 0.52712 0.39157
v -0.10878 0.36068 0.00606 0.64448 0.52712 0.39157
v -0.10878 0.36068 -0.00606 0.64448 0.52712 0.39157
v -0.10100 0.36068 -0.01534 0.64448 0.52712 0.39157
v -0.08907 0.36068 -0.01744 0.64448 0.52712 0.39157
v -0.07857 0.36068 -0.01138 0.64448 0.52712 0.39157
v -0.07443 0.36068 -0.00000 0.64448 0.52712 0.39157
v -0.05845 0.36882 0.00000 0.64448 0.52712 0.39157
v -0.06633 0.36882 0.02165 0.64448 0.52712 0.39157
v -0.08629 0.36882 0.03318 0.64448 0.52712 0.39157
v -0.10899 0.36882 0.02918 0.64448 0.52712 0.39157
v -0.12380 0.36882 0.01152 0.64448 0.52712 0.39157
v -0.12380 0.36882 -0.01152 0.64448 0.52712 0.39157
v -0.10899 0.36882 -0.02918 0.64448 0.52712 0.39157
v -0.08629 0.36882 -0.03318 0.64448 0.52712 0.39157
v -0.06633 0.36882 -0.02165 0.64448 0.52712 0.39157
v -0.05845 0.36882 -0.00000 0.64448 0.52712 0.39157
v -0.04577 0.38150 0.00000 0.64448 0.52712 0.39157
v -0.05662 0.38150 0.02980 0.64448 0.52712 0.39157
v -0.08409 0.38150 0.04566 0.64448 0.52712 0.39157
v -0.11533 0.38150 0.04016 0.64448 0.52712 0.39157
v -0.13571 0.38150 0.01586 0.64448 0.52712 0.39157
v -0.13571 0.38150 -0.01586 0.64448 0.52712 0.39157
v -0.11533 0.38150 -0.04016 0.64448 0.52712 0.39157
v -0.08409 0.38150 -0.04566 0.64448 0.52712 0.39157
v -0.05662 0.38150 -0.02980 0.64448 0.52712 0.39157
v -0.04577 0.38150 -0.00000 0.64448 0.52712 0.39157
v -0.03763 0.39747 0.00000 0.64448 0.52712 0.39157
v -0.05039 0.39747 0.03504 0.64448 0.52712 0.39157
v -0.08268 0.39747 0.05368 0.64448 0.52712 0.39157
v -0.11940 0.39747 0.04721 0.64448 0.52712 0.39157
v -0.14336 0.39747 0.01864 0.64448 0.52712 0.39157
v -0.14336 0.39747 -0.01864 0.64448 0.52712 0.39157
v -0.11940 0.39747 -0.04721 0.64448 0.52712 0.39157
v -0.08268 0.39747 -0.05368 0.64448 0.52712 0.39157
v -0.05039 0.39747 -0.03504 0.64448 0.52712 0.39157
v -0.03763 0.39747 -0.00000 0.64448 0.52712 0.39157
v -0.03483 0.41519 0.00000 0.64448 0.52712 0.39157
v -0.04824 0.41519 0.03684 0.64448 0.52712 0.39157
v -0.08219 0.41519 0.05644 0.64448 0.52712 0.39157
v -0.12080 0.41519 0.04964 0.64448 0.52712 0.39157
v -0.14600 0.41519 0.01960 0.64448 0.52712 0.39157
v -0.14600 0.41519 -0.01960 0.64448 0.52712 0.39157
v -0.12080 0.41519 -0.04964 0.64448 0.52712 0.39157
v -0.08219 0.41519 -0.05644 0.64448 0.52712 0.39157
v -0.04824 0.41519 -0.03684 0.64448 0.52712 0.39157
v -0.03483 0.41519 -0.00000 0.64448 0.52712 0.39157
v -0.03483 0.71355 0.00000 0.64448 0.52712 0.39157
v -0.04824 0.71355 0.03684 0.64448 0.52712 0.39157
v -0.08219 0.71355 0.05644 0.64448 0.52712 0.39157
v -0.12080 0.71355 0.04964 0.64448 0.52712 0.39157
v -0.14600 0.71355 0.01960 0.64448 0.52712 0.39157
v -0.14600 0.71355 -0.01960 0.64448 0.52712 0.39157
v -0.12080 0.71355 -0.04964 0.64448 0.52712 0.39157
v -0.08219 0.71355 -0.05644 0.64448 0.52712 0.39157
v -0.04824 0.71355 -0.03684 0.64448 0.52712 0.39157
v -0.03483 0.71355 -0.00000 0.64448 0.52712 0.39157
v -0.03763 0.73126 0.00000 0.64448 0.52712 0.39157
v -0.05039 0.73126 0.03504 0.64448 0.52712 0.39157
v -0.08268 0.73126 0.05368 0.64448 0.52712 0.39157
v -0.11940 0.73126 0.04721 0.64448 0.52712 0.39157
v -0.14336 0.73126 0.01864 0.64448 0.52712 0.39157
v -0.14336 0.73126 -0.01864 0.64448 0.52712 0.39157
v -0.11940 0.73126 -0.04721 0.64448 0.52712 0.39157
v -0.08268 0.73126 -0.05368 0.64448 0.52712 0.39157
v -0.05039 0.73126 -0.03504 0.64448 0.52712 0.39157
v -0.03763 0.73126 -0.00000 0.64448 0.52712 0.39157
v -0.04577 0.74724 0.00000 0.64448 0.52712 0.39157
v -0.05662 0.74724 0.02980 0.64448 0.52712 0.39157
v -0.08409 0.74724 0.04566 0.64448 0.52712 0.39157
v -0.11533 0.74724 0.04016 0.64448 0.52712 0.39157
v -0.13571 0.74724 0.01586 0.64448 0.52712 0.39157
v -0.13571 0.74724 -0.01586 0.64448 0.52712 0.39157
v -0.11533 0.74724 -0.04016 0.64448 0.52712 0.39157
v -0.08409 0.74724 -0.04566 0.64448 0.52712 0.39157
v -0.05662 0.74724 -0.02980 0.64448 0.52712 0.39157
v -0.04577 0.74724 -0.00000 0.64448 0.52712 0.39157
v -0.05845 0.75992 0.00000 0.64448 0.52712 0.39157
v -0.06633 0.75992 0.02165 0.64448 0.52712 0.39157
v -0.08629 0.75992 0.03318 0.64448 0.52712 0.39157
v -0.10899 0.75992 0.02918 0.64448 0.52712 0.39157
v -0.12380 0.75992 0.01152 0.64448 0.52712 0.39157
v -0.12380 0.75992 -0.01152 0.64448 0.52712 0.39157
v -0.10899 0.75992 -0.02918 0.64448 0.52712 0.39157
v -0.08629 0.75992 -0.03318 0.64448 0.52712 0.39157
v -0.06633 0.75992 -0.02165 0.64448 0.52712 0.39157
v -0.05845 0.75992 -0.00000 0.64448 0.52712 0.39157
v -0.07443 0.76806 0.00000 0.64448 0.52712 0.39157
v -0.07857 0.76806 0.01138 0.64448 0.52712 0.39157
v -0.08907 0.76806 0.01744 0.64448 0.52712 0.39157
v -0.10100 0.76806 0.01534 0.64448 0.52712 0.39157
v -0.10878 0.76806 0.00606 0.64448 0.52712 0.39157
v -0.10878 0.76806 -0.00606 0.64448 0.52712 0.39157
v -0.10100 0.76806 -0.01534 0.64448 0.52712 0.39157
v -0.08907 0.76806 -0.01744 0.64448 0.52712 0.39157
v -0.07857 0.76806 -0.01138 0.64448 0.52712 0.39157
v -0.07443 0.76806 -0.00000 0.64448 0.52712 0.39157
v -0.09214 0.77086 0.00000 0.64448 0.52712 0.39157
v -0.09214 0.77086 0.00000 0.64448 0.52712 0.39157
v -0.09214 0.77086 0.00000 0.64448 0.52712 0.39157
v -0.09214 0.77086 0.00000 0.64448 0.52712 0.39157
v -0.09214 0.77086 0.00000 0.64448 0.52712 0.39157
v -0.09214 0.77086 -0.00000 0.64448 0.52712 0.39157
v -0.09214 0.77086 -0.00000 0.64448 0.52712 0.39157
v -0.09214 0.77086 -0.00000 0.64448 0.52712 0.39157
v -0.09214 0.77086 -0.00000 0.64448 0.52712 0.39157
v -0.09214 0.77086 -0.00000 0.64448 0.52712 0.39157
v -0.09214 0.02523 0.00000 0.64448 0.52712 0.39157
v -0.09214 0.02523 0.00000 0.64448 0.52712 0.39157
v -0.09214 0.02523 0.00000 0.64448 0.52712 0.39157
v -0.09214 0.02523 0.00000 0.64448 0.52712 0.39157
v -0.09214 0.02523 0.00000 0.64448 0.52712 0.39157
v -0.09214 0.02523 0.00000 0.64448 0.52712 0.39157
v -0.09214 0.02523 0.00000 0.64448 0.52712 0.39157
v -0.09214 0.02523 0.00000 0.64448 0.52712 0.39157
v -0.09214 0.02523 0.00000 0.64448 0.52712 0.39157
v -0.09214 0.02523 0.00000 0.64448 0.52712 0.39157
v -0.07536 0.02789 0.00000 0.64448 0.52712 0.39157
v -0.07929 0.02789 0.01079 0.64448 0.52712 0.39157
v -0.08923 0.02789 0.01652 0.64448 0.52712 0.39157
v -0.10053 0.02789 0.01453 0.64448 0.52712 0.39157
v -0.10791 0.02789 0.00574 0.64448 0.52712 0.39157
v -0.10791 0.02789 -0.00574 0.64448 0.52712 0.39157
v -0.10053 0.02789 -0.01453 0.64448 0.52712 0.39157
v -0.08923 0.02789 -0.01652 0.64448 0.52712 0.39157
v -0.07929 0.02789 -0.01079 0.64448 0.52712 0.39157
v -0.07536 0.02789 -0.00000 0.64448 0.52712 0.39157
v -0.06023 0.03560 0.00000 0.64448 0.52712 0.39157
v -0.06769 0.03560 0.02051 0.64448 0.52712 0.39157
v -0.08660 0.03560 0.03143 0.64448 0.52712 0.39157
v -0.10810 0.03560 0.02764 0.64448 0.52712 0.39157
v -0.12213 0.03560 0.01092 0.64448 0.52712 0.39157
v -0.12213 0.03560 -0.01092 0.64448 0.52712 0.39157
v -0.10810 0.03560 -0.02764 0.64448 0.52712 0.39157
v -0.08660 0.03560 -0.03143 0.64448 0.52712 0.39157
v -0.06769 0.03560 -0.02051 0.64448 0.52712 0.39157
v -0.06023 0.03560 -0.00000 0.64448 0.52712 0.39157
v -0.04821 0.04761 0.00000 0.64448 0.52712 0.39157
v -0.05849 0.04761 0.02824 0.64448 0.52712 0.39157
v -0.08451 0.04761 0.04326 0.64448 0.52712 0.39157
v -0.11411 0.04761 0.03804 0.64448 0.52712 0.39157
v -0.13342 0.04761 0.01502 0.64448 0.52712 0.39157
v -0.13342 0.04761 -0.01502 0.64448 0.52712 0.39157
v -0.11411 0.04761 -0.03804 0.64448 0.52712 0.39157
v -0.08451 0.04761 -0.04326 0.64448 0.52712 0.39157
v -0.05849 0.04761 -0.02824 0.64448 0.52712 0.39157
v -0.04821 0.04761 -0.00000 0.64448 0.52712 0.39157
v -0.04050 0.06275 0.00000 0.64448 0.52712 0.39157
v -0.05258 0.06275 0.03319 0.64448 0.52712 0.39157
v -0.08317 0.06275 0.05086 0.64448 0.52712 0.39157
v -0.11796 0.06275 0.04472 0.64448 0.52712 0.39157
v -0.14067 0.06275 0.01766 0.64448 0.52712 0.39157
v -0.14067 0.06275 -0.01766 0.64448 0.52712 0.39157
v -0.11796 0.06275 -0.04472 0.64448 0.52712 0.39157
v -0.08317 0.06275 -0.05086 0.64448 0.52712 0.39157
v -0.05258 0.06275 -0.03319 0.64448 0.52712 0.39157
v -0.04050 0.06275 -0.00000 0.64448 0.52712 0.39157
v -0.03784 0.07953 0.00000 0.64448 0.52712 0.39157
v -0.05055 0.07953 0.03490 0.64448 0.52712 0.39157
v -0.08271 0.07953 0.05347 0.64448 0.52712 0.39157
v -0.11929 0.07953 0.04702 0.64448 0.52712 0.39157
v -0.14316 0.07953 0.01857 0.64448 0.52712 0.39157
v -0.14316 0.07953 -0.01857 0.64448 0.52712 0.39157
v -0.11929 0.07953 -0.04702 0.64448 0.52712 0.39157
v -0.08271 0.07953 -0.05347 0.64448 0.52712 0.39157
v -0.05055 0.07953 -0.03490 0.64448 0.52712 0.39157
v -0.03784 0.07953 -0.00000 0.64448 0.52712 0.39157
v -0.03784 0.33314 0.00000 0.64448 0.52712 0.39157
v -0.05055 0.33314 0.03490 0.64448 0.52712 0.39157
v -0.08271 0.33314 0.05347 0.64448 0.52712 0.39157
v -0.11929 0.33314 0.04702 0.64448 0.52712 0.39157
v -0.14316 0.33314 0.01857 0.64448 0.52712 0.39157
v -0.14316 0.33314 -0.01857 0.64448 0.52712 0.39157
v -0.11929 0.33314 -0.04702 0.64448 0.52712 0.39157
v -0.08271 0.33314 -0.05347 0.64448 0.52712 0.39157
v -0.05055 0.33314 -0.03490 0.64448 0.52712 0.39157
v -0.03784 0.33314 -0.00000 0.64448 0.52712 0.39157
v -0.04050 0.34991 0.00000 0.64448 0.52712 0.39157
v -0.05258 0.34991 0.03319 0.64448 0.52712 0.39157
v -0.08317 0.34991 0.05086 0.64448 0.52712 0.39157
v -0.11796 0.34991 0.04472 0.64448 0.52712 0.39157
v -0.14067 0.34991 0.01766 0.64448 0.52712 0.39157
v -0.14067 0.34991 -0.01766 0.64448 0.52712 0.39157
v -0.11796 0.34991 -0.04472 0.64448 0.52712 0.39157
v -0.08317 0.34991 -0.05086 0.64448 0.52712 0.39157
v -0.05258 0.34991 -0.03319 0.64448 0.52712 0.39157
v -0.04050 0.34991 -0.00000 0.64448 0.52712 0.39157
v -0.04821 0.36505 0.00000 0.64448 0.52712 0.39157
v -0.05849 0.36505 0.02824 0.64448 0.52712 0.39157
v -0.08451 0.36505 0.04326 0.64448 0.52712 0.39157
v -0.11411 0.36505 0.03804 0.64448 0.52712 0.39157
v -0.13342 0.36505 0.01502 0.64448 0.52712 0.39157
v -0.13342 0.36505 -0.01502 0.64448 0.52712 0.39157
v -0.11411 0.36505 -0.03804 0.64448 0.52712 0.39157
v -0.08451 0.36505 -0.04326 0.64448 0.52712 0.39157
v -0.05849 0.36505 -0.02824 0.64448 0.52712 0.39157
v -0.04821 0.36505 -0.00000 0.64448 0.52712 0.39157
v -0.06023 0.37706 0.00000 0.64448 0.52712 0.39157
v -0.06769 0.37706 0.02051 0.64448 0.52712 0.39157
v -0.08660 0.37706 0.03143 0.64448 0.52712 0.39157
v -0.10810 0.37706 0.02764 0.64448 0.52712 0.39157
v -0.12213 0.37706 0.01092 0.64448 0.52712 0.39157
v -0.12213 0.37706 -0.01092 0.64448 0.52712 0.39157
v -0.10810 0.37706 -0.02764 0.64448 0.52712 0.39157
v -0.08660 0.37706 -0.03143 0.64448 0.52712 0.39157
v -0.06769 0.37706 -0.02051 0.64448 0.52712 0.39157
v -0.06023 0.37706 -0.00000 0.64448 0.52712 0.39157
v -0.07536 0.38478 0.00000 0.64448 0.52712 0.39157
v -0.07929 0.38478 0.01079 0.64448 0.52712 0.39157
v -0.08923 0.38478 0.01652 0.64448 0.52712 0.39157
v -0.10053 0.38478 0.01453 0.64448 0.52712 0.39157
v -0.10791 0.38478 0.00574 0.64448 0.52712 0.39157
v -0.10791 0.38478 -0.00574 0.64448 0.52712 0.39157
v -0.10053 0.38478 -0.01453 0.64448 0.52712 0.39157
v -0.08923 0.38478 -0.01652 0.64448 0.52712 0.39157
v -0.07929 0.38478 -0.01079 0.64448 0.52712 0.39157
v -0.07536 0.38478 -0.00000 0.64448 0.52712 0.39157
v -0.09214 0.38743 0.00000 0.64448 0.52712 0.39157
v -0.09214 0.38743 0.00000 0.64448 0.52712 0.39157
v -0.09214 0.38743 0.00000 0.64448 0.52712 0.39157
v -0.09214 0.38743 0.00000 0.64448 0.52712 0.39157
v -0.09214 0.38743 0.00000 0.64448 0.52712 0.39157
v -0.09214 0.38743 -0.00000 0.64448 0.52712 0.39157
v -0.09214 0.38743 -0.00000 0.64448 0.52712 0.39157
v -0.09214 0.38743 -0.00000 0.64448 0.52712 0.39157
v -0.09214 0.38743 -0.00000 0.64448 0.52712 0.39157
v -0.09214 0.38743 -0.00000 0.64448 0.52712 0.39157
f 1 3 2
f 4 6 5
f 7 9 8
f 10 12 11
f 13 15 14
f 16 18 17
f 19 21 20
f 22 24 23
f 25 27 26
f 28 30 29
f 31 33 32
f 34 36 35
f 37 39 38
f 40 42 41
f 43 45 44
f 46 48 47
f 49 51 50
f 52 54 53
f 55 57 56
f 58 60 59
f 61 63 62
f 64 66 65
f 67 69 68
f 70 72 71
f 73 75 74
f 76 78 77
f 79 81 80
f 82 84 83
f 85 87 86
f 88 90 89
f 91 93 92
f 94 96 95
f 97 99 98
f 100 102 101
f 103 105 104
f 106 108 107
f 109 111 110
f 112 114 113
f 115 117 116
f 118 120 119
f 121 123 122
f 124 126 125
f 127 129 128
f 130 132 131
f 133 135 134
f 136 138 137
f 139 141 140
f 142 144 143
f 145 147 146
f 148 150 149
f 151 153 152
f 154 156 155
f 157 159 158
f 160 162 161
f 163 165 164
f 166 168 167
f 169 171 170
f 172 174 173
f 175 177 176
f 178 180 179
f 181 183 182
f 184 186 185
f 187 189 188
f 190 192 191
f 193 195 194
f 196 198 197
f 199 201 200
f 202 204 203
f 205 207 206
f 208 210 209
f 211 213 212
f 214 216 215
f 217 219 218
f 220 222 221
f 223 225 224
f 226 228 227
f 229 231 230
f 232 234 233
f 235 237 236
f 238 240 239
f 241 243 242
f 244 246 245
f 247 249 248
f 250 252 251
f 253 255 254
f 256 258 257
f 259 261 260
f 262 264 263
f 265 267 266
f 268 270 269
f 271 273 272
f 274 276 275
f 277 279 278
f 280 282 281
f 283 285 284
f 286 288 287
f 289 291 290
f 292 294 293
f 295 297 296
f 298 300 299
f 301 303 302
f 304 306 305
f 307 309 308
f 310 312 311
f 313 315 314
f 316 318 317
f 319 321 320
f 322 324 323
f 325 327 326
f 328 330 329
f 331 333 332
f 334 336 335
f 337 339 338
f 340 342 341
f 343 345 344
f 346 348 347
f 349 351 350
f 352 354 353
f 355 357 356
f 358 360 359
f 361 363 362
f 364 366 365
f 367 369 368
f 370 372 371
f 373 375 374
f 376 378 377
f 379 381 380
f 382 384 383
f 385 387 386
f 388 390 389
f 391 393 392
f 394 396 395
f 397 399 398
f 400 402 401
f 403 405 404
f 406 408 407
f 409 411 410
f 412 414 413
f 415 417 416
f 418 420 419
f 421 423 422
f 424 426 425
f 427 429 428
f 430 432 431
f 433 435 434
f 436 438 437
f 439 441 440
f 442 444 443
f 445 447 446
f 448 450 449
f 451 453 452
f 454 456 455
f 457 459 458
f 460 462 461
f 463 465 464
f 466 468 467
f 469 471 470
f 472 474 473
f 475 477 476
f 478 480 479
f 481 483 482
f 484 486 485
f 487 489 488
f 490 492 491
f 493 495 494
f 496 498 497
f 499 501 500
f 502 504 503
f 505 507 506
f 508 510 509
f 511 513 512
f 514 516 515
f 517 519 518
f 520 522 521
f 523 525 524
f 526 528 527
f 529 531 530
f 532 534 533
f 535 537 536
f 538 540 539
f 541 543 542
f 544 546 545
f 547 549 548
f 550 552 551
f 553 555 554
f 556 558 557
f 559 561 560
f 562 564 563
f 565 567 566
f 568 570 569
f 571 573 572
f 574 576 575
f 577 579 578
f 580 582 581
f 583 585 584
f 586 588 587
f 589 591 590
f 592 594 593
f 595 597 596
f 598 600 599
f 601 603 602
f 604 606 605
f 607 609 608
f 610 612 611
f 613 615 614
f 616 618 617
f 619 621 620
f 622 624 623
f 625 627 626
f 628 630 629
f 631 633 632
f 634 636 635
f 637 639 638
f 640 642 641
f 643 645 644
f 646 648 647
f 649 651 650
f 652 654 653
f 655 657 656
f 658 660 659
f 661 663 662
f 664 666 665
f 667 669 668
f 670 672 671
f 673 675 674
f 676 678 677
f 679 681 680
f 682 684 683
f 685 687 686
f 688 690 689
f 691 693 692
f 694 696 695
f 697 699 698
f 700 702 701
f 703 705 704
f 706 708 707
f 709 711 710
f 712 714 713
f 715 717 716
f 718 720 719
f 721 723 722
f 724 726 725
f 727 729 728
f 730 732 731
f 733 735 734
f 736 738 737
f 739 741 740
f 742 744 743
f 745 747 746
f 748 750 749
f 751 753 752
f 754 756 755
f 757 759 758
f 760 762 761
f 763 765 764
f 766 768 767
f 769 771 770
f 772 774 773
f 775 777 776
f 778 780 779
f 781 783 782
f 784 786 785
f 787 789 788
f 790 792 791
f 793 795 794
f 796 798 797
f 799 801 800
f 802 804 803
f 805 807 806
f 808 810 809
f 811 813 812
f 814 816 815
f 817 819 818
f 820 822 821
f 823 825 824
f 826 828 827
f 829 831 830
f 832 834 833
f 835 837 836
f 838 840 839
f 841 843 842
f 844 846 845
f 847 849 848
f 850 852 851
f 853 855 854
f 856 858 857
f 859 861 860
f 862 864 863
f 865 867 866
f 868 870 869
f 871 873 872
f 874 876 875
f 877 879 878
f 880 882 881
f 883 885 884
f 886 888 887
f 889 891 890
f 892 894 893
f 895 897 896
f 898 900 899
f 901 903 902
f 904 906 905
f 907 909 908
f 910 912 911
f 913 915 914
f 916 918 917
f 919 921 920
f 922 924 923
f 925 927 926
f 928 930 929
f 931 933 932
f 934 936 935
f 937 939 938
f 940 942 941
f 943 945 944
f 946 948 947
f 949 951 950
f 952 954 953
f 955 957 956
f 958 960 959
f 961 963 962
f 964 966 965
f 967 969 968
f 970 972 971
f 973 975 974
f 976 978 977
f 979 981 980
f 982 984 983
f 985 987 986
f 988 990 989
f 991 993 992
f 994 996 995
f 997 999 998
f 1000 1002 1001
f 1003 1005 1004
f 1006 1008 1007
f 1009 1011 1010
f 1012 1014 1013
f 1015 1017 1016
f 1018 1020 1019
f 1021 1023 1022
f 1024 1026 1025
f 1027 1029 1028
f 1030 1032 1031
f 1033 1035 1034
f 1036 1038 1037
f 1039 1041 1040
f 1042 1044 1043
f 1045 1047 1046
f 1048 1050 1049
f 1051 1053 1052
f 1054 1056 1055
f 1057 1059 1058
f 1060 1062 1061
f 1063 1065 1064
f 1066 1068 1067
f 1069 1071 1070
f 1072 1074 1073
f 1075 1077 1076
f 1078 1080 1079
f 1081 1083 1082
f 1084 1086 1085
f 1087 1089 1088
f 1090 1092 1091
f 1093 1095 1094
f 1096 1098 1097
f 1099 1101 1100
f 1102 1104 1103
f 1105 1107 1106
f 1108 1110 1109
f 1111 1113 1112
f 1114 1116 1115
f 1117 1119 1118
f 1120 1122 1121
f 1123 1125 1124
f 1126 1128 1127
f 1129 1131 1130
f 1132 1134 1133
f 1135 1137 1136
f 1138 1140 1139
f 1141 1143 1142
f 1144 1146 1145
f 1147 1149 1148
f 1150 1152 1151
f 1153 1155 1154
f 1156 1158 1157
f 1159 1161 1160
f 1162 1164 1163
f 1165 1167 1166
f 1168 1170 1169
f 1171 1173 1172
f 1174 1176 1175
f 1177 1179 1178
f 1180 1182 1181
f 1183 1185 1184
f 1186 1188 1187
f 1189 1191 1190
f 1192 1194 1193
f 1195 1197 1196
f 1198 1200 1199
f 1201 1203 1202
f 1204 1206 1205
f 1207 1209 1208
f 1210 1212 1211
f 1213 1215 1214
f 1216 1218 1217
f 1219 1221 1220
f 1222 1224 1223
f 1225 1227 1226
f 1228 1230 1229
f 1231 1233 1232
f 1234 1236 1235
f 1237 1239 1238
f 1240 1242 1241
f 1243 1245 1244
f 1246 1248 1247
f 1249 1251 1250
f 1252 1254 1253
f 1255 1257 1256
f 1258 1260 1259
f 1261 1263 1262
f 1264 1266 1265
f 1267 1269 1268
f 1270 1272 1271
f 1273 1275 1274
f 1276 1278 1277
f 1279 1281 1280
f 1282 1284 1283
f 1285 1287 1286
f 1288 1290 1289
f 1291 1293 1292
f 1294 1296 1295
f 1297 1299 1298
f 1300 1302 1301
f 1303 1305 1304
f 1306 1308 1307
f 1309 1311 1310
f 1312 1314 1313
f 1315 1317 1316
f 1318 1320 1319
f 1321 1323 1322
f 1324 1326 1325
f 1327 1329 1328
f 1330 1332 1331
f 1333 1335 1334
f 1336 1338 1337
f 1339 1341 1340
f 1342 1344 1343
f 1345 1347 1346
f 1348 1350 1349
f 1351 1353 1352
f 1354 1356 1355
f 1357 1359 1358
f 1360 1362 1361
f 1363 1365 1364
f 1366 1368 1367
f 1369 1371 1370
f 1372 1374 1373
f 1375 1377 1376
f 1378 1380 1379
f 1381 1383 1382
f 1384 1386 1385
f 1387 1389 1388
f 1390 1392 1391
f 1393 1395 1394
f 1396 1398 1397
f 1399 1401 1400
f 1402 1404 1403
f 1405 1407 1406
f 1408 1410 1409
f 1411 1413 1412
f 1414 1416 1415
f 1417 1419 1418
f 1420 1422 1421
f 1423 1425 1424
f 1426 1428 1427
f 1429 1431 1430
f 1432 1434 1433
f 1435 1437 1436
f 1438 1440 1439
f 1441 1443 1442
f 1444 1446 1445
f 1447 1449 1448
f 1450 1452 1451
f 1453 1455 1454
f 1456 1458 1457
f 1459 1461 1460
f 1462 1464 1463
f 1465 1467 1466
f 1468 1470 1469
f 1471 1473 1472
f 1474 1476 1475
f 1477 1479 1478
f 1480 1482 1481
f 1483 1485 1484
f 1486 1488 1487
f 1489 1491 1490
f 1492 1494 1493
f 1495 1497 1496
f 1498 1500 1499
f 1501 1503 1502
f 1504 1506 1505
f 1507 1509 1508
f 1510 1512 1511
f 1513 1515 1514
f 1516 1518 1517
f 1519 1521 1520
f 1522 1524 1523
f 1525 1527 1526
f 1528 1530 1529
f 1531 1533 1532
f 1534 1536 1535
f 1537 1539 1538
f 1540 1542 1541
f 1543 1545 1544
f 1546 1548 1547
f 1549 1551 1550
f 1552 1554 1553
f 1555 1557 1556
f 1558 1560 1559
f 1561 1563 1562
f 1564 1566 1565
f 1567 1569 1568
f 1570 1572 1571
f 1573 1575 1574
f 1576 1578 1577
f 1579 1581 1580
f 1582 1584 1583
f 1585 1587 1586
f 1588 1590 1589
f 1591 1593 1592
f 1594 1596 1595
f 1597 1599 1598
f 1600 1602 1601
f 1603 1605 1604
f 1606 1608 1607
f 1609 1611 1610
f 1612 1614 1613
f 1615 1617 1616
f 1618 1620 1619
f 1621 1623 1622
f 1624 1626 1625
f 1627 1629 1628
f 1630 1632 1631
f 1633 1635 1634
f 1636 1638 1637
f 1639 1641 1640
f 1642 1644 1643
f 1645 1647 1646
f 1648 1650 1649
f 1651 1653 1652
f 1654 1656 1655
f 1657 1659 1658
f 1660 1662 1661
f 1663 1665 1664
f 1666 1668 1667
f 1669 1671 1670
f 1672 1674 1673
f 1675 1677 1676
f 1678 1680 1679
f 1681 1683 1682
f 1684 1686 1685
f 1687 1689 1688
f 1690 1692 1691
f 1693 1695 1694
f 1696 1698 1697
f 1699 1701 1700
f 1702 1704 1703
f 1705 1707 1706
f 1708 1710 1709
f 1711 1713 1712
f 1714 1716 1715
f 1717 1719 1718
f 1720 1722 1721
f 1723 1725 1724
f 1726 1728 1727
f 1729 1731 1730
f 1732 1734 1733
f 1735 1737 1736
f 1738 1740 1739
f 1741 1743 1742
f 1744 1746 1745
f 1747 1749 1748
f 1750 1752 1751
f 1753 1755 1754
f 1756 1758 1757
f 1759 1761 1760
f 1762 1764 1763
f 1765 1767 1766
f 1768 1770 1769
f 1771 1773 1772
f 1774 1776 1775
f 1777 1779 1778
f 1780 1782 1781
f 1783 1785 1784
f 1786 1788 1787
f 1789 1791 1790
f 1792 1794 1793
f 1795 1797 1796
f 1798 1800 1799
f 1801 1803 1802
f 1804 1806 1805
f 1807 1809 1808
f 1810 1812 1811
f 1813 1815 1814
f 1816 1818 1817
f 1819 1821 1820
f 1822 1824 1823
f 1825 1827 1826
f 1828 1830 1829
f 1831 1833 1832
f 1834 1836 1835
f 1837 1839 1838
f 1840 1842 1841
f 1843 1845 1844
f 1846 1848 1847
f 1849 1851 1850
f 1852 1854 1853
f 1855 1857 1856
f 1858 1860 1859
f 1861 1863 1862
f 1864 1866 1865
f 1867 1869 1868
f 1870 1872 1871
f 1873 1875 1874
f 1876 1878 1877
f 1879 1881 1880
f 1882 1884 1883
f 1885 1887 1886
f 1888 1890 1889
f 1891 1893 1892
f 1894 1896 1895
f 1897 1899 1898
f 1900 1902 1901
f 1903 1905 1904
f 1906 1908 1907
f 1909 1911 1910
f 1912 1914 1913
f 1915 1917 1916
f 1918 1920 1919
f 1921 1923 1922
f 1924 1926 1925
f 1927 1929 1928
f 1930 1932 1931
f 1933 1935 1934
f 1936 1938 1937
f 1939 1941 1940
f 1942 1944 1943
f 1945 1947 1946
f 1948 1950 1949
f 1951 1953 1952
f 1954 1956 1955
f 1957 1959 1958
f 1960 1962 1961
f 1963 1965 1964
f 1966 1968 1967
f 1969 1971 1970
f 1972 1974 1973
f 1975 1977 1976
f 1978 1980 1979
f 1981 1983 1982
f 1984 1986 1985
f 1987 1989 1988
f 1990 1992 1991
f 1993 1995 1994
f 1996 1998 1997
f 1999 2001 2000
f 2002 2004 2003
f 2005 2007 2006
f 2008 2010 2009
f 2011 2013 2012
f 2014 2016 2015
f 2017 2019 2018
f 2020 2022 2021
f 2023 2025 2024
f 2026 2028 2027
f 2029 2031 2030
f 2032 2034 2033
f 2035 2037 2036
f 2038 2040 2039
f 2041 2043 2042
f 2044 2046 2045
f 2047 2049 2048
f 2050 2052 2051
f 2053 2055 2054
f 2056 2058 2057
f 2059 2061 2060
f 2062 2064 2063
f 2065 2067 2066
f 2068 2070 2069
f 2071 2073 2072
f 2074 2076 2075
f 2077 2079 2078
f 2080 2082 2081
f 2083 2085 2084
f 2086 2088 2087
f 2089 2091 2090
f 2092 2094 2093
f 2095 2097 2096
f 2098 2100 2099
f 2101 2103 2102
f 2104 2106 2105
f 2107 2109 2108
f 2110 2112 2111
f 2113 2115 2114
f 2116 2118 2117
f 2119 2121 2120
f 2122 2124 2123
f 2125 2127 2126
f 2128 2130 2129
f 2131 2133 2132
f 2134 2136 2135
f 2137 2139 2138
f 2140 2142 2141
f 2143 2145 2144
f 2146 2148 2147
f 2149 2151 2150
f 2152 2154 2153
f 2155 2157 2156
f 2158 2160 2159
f 2161 2163 2162
f 2164 2166 2165
f 2167 2169 2168
f 2170 2172 2171
f 2173 2175 2174
f 2176 2178 2177
f 2179 2181 2180
f 2182 2184 2183
f 2185 2187 2186
f 2188 2190 2189
f 2191 2193 2192
f 2194 2196 2195
f 2197 2199 2198
f 2200 2202 2201
f 2203 2205 2204
f 2206 2208 2207
f 2209 2211 2210
f 2212 2214 2213
f 2215 2217 2216
f 2218 2220 2219
f 2221 2223 2222
f 2224 2226 2225
f 2227 2229 2228
f 2230 2232 2231
f 2233 2235 2234
f 2236 2238 2237
f 2239 2241 2240
f 2242 2244 2243
f 2245 2247 2246
f 2248 2250 2249
f 2251 2253 2252
f 2254 2256 2255
f 2257 2259 2258
f 2260 2262 2261
f 2263 2265 2264
f 2266 2268 2267
f 2269 2271 2270
f 2272 2274 2273
f 2275 2277 2276
f 2278 2280 2279
f 2281 2283 2282
f 2284 2286 2285
f 2287 2289 2288
f 2290 2292 2291
f 2293 2295 2294
f 2296 2298 2297
f 2299 2301 2300
f 2302 2304 2303
f 2305 2307 2306
f 2308 2310 2309
f 2311 2313 2312
f 2314 2316 2315
f 2317 2319 2318
f 2320 2322 2321
f 2323 2325 2324
f 2326 2328 2327
f 2329 2331 2330
f 2332 2334 2333
f 2335 2337 2336
f 2338 2340 2339
f 2341 2343 2342
f 2344 2346 2345
f 2347 2349 2348
f 2350 2352 2351
f 2353 2355 2354
f 2356 2358 2357
f 2359 2361 2360
f 2362 2364 2363
f 2365 2367 2366
f 2368 2370 2369
f 2371 2373 2372
f 2374 2376 2375
f 2377 2379 2378
f 2380 2382 2381
f 2383 2385 2384
f 2386 2388 2387
f 2389 2391 2390
f 2392 2394 2393
f 2395 2397 2396
f 2398 2400 2399
f 2401 2403 2402
f 2404 2406 2405
f 2407 2409 2408
f 2410 2412 2411
f 2413 2415 2414
f 2416 2418 2417
f 2419 2421 2420
f 2422 2424 2423
f 2425 2427 2426
f 2428 2430 2429
f 2431 2433 2432
f 2434 2436 2435
f 2437 2439 2438
f 2440 2442 2441
f 2443 2445 2444
f 2446 2448 2447
f 2449 2451 2450
f 2452 2454 2453
f 2455 2457 2456
f 2458 2460 2459
f 2461 2463 2462
f 2464 2466 2465
f 2467 2469 2468
f 2470 2472 2471
f 2473 2475 2474
f 2476 2478 2477
f 2479 2481 2480
f 2482 2484 2483
f 2485 2487 2486
f 2488 2490 2489
f 2491 2493 2492
f 2494 2496 2495
f 2497 2499 2498
f 2500 2502 2501
f 2503 2505 2504
f 2506 2508 2507
f 2509 2511 2510
f 2512 2514 2513
f 2515 2517 2516
f 2518 2520 2519
f 2521 2523 2522
f 2524 2526 2525
f 2527 2529 2528
f 2530 2532 2531
f 2533 2535 2534
f 2536 2538 2537
f 2539 2541 2540
f 2542 2544 2543
f 2545 2547 2546
f 2548 2550 2549
f 2551 2553 2552
f 2554 2556 2555
f 2557 2559 2558
f 2560 2562 2561
f 2563 2565 2564
f 2566 2568 2567
f 2569 2571 2570
f 2572 2574 2573
f 2575 2577 2576
f 2578 2580 2579
f 2581 2583 2582
f 2584 2586 2585
f 2587 2589 2588
f 2590 2592 2591
f 2593 2595 2594
f 2596 2598 2597
f 2599 2601 2600
f 2602 2604 2603
f 2605 2607 2606
f 2608 2610 2609
f 2611 2613 2612
f 2614 2616 2615
f 2617 2619 2618
f 2620 2622 2621
f 2623 2625 2624
f 2626 2628 2627
f 2629 2631 2630
f 2632 2634 2633
f 2635 2637 2636
f 2638 2640 2639
f 2641 2643 2642
f 2644 2646 2645
f 2647 2649 2648
f 2650 2652 2651
f 2653 2655 2654
f 2656 2658 2657
f 2659 2661 2660
f 2662 2664 2663
f 2665 2667 2666
f 2668 2670 2669
f 2671 2673 2672
f 2674 2676 2675
f 2677 2679 2678
f 2680 2682 2681
f 2683 2685 2684
f 2686 2688 2687
f 2689 2691 2690
f 2692 2694 2693
f 2695 2697 2696
f 2698 2700 2699
f 2701 2702 2709
f 2709 2702 2710
f 2702 2703 2710
f 2710 2703 2711
f 2703 2704 2711
f 2711 2704 2712
f 2704 2705 2712
f 2712 2705 2713
f 2705 2706 2713
f 2713 2706 2714
f 2706 2707 2714
f 2714 2707 2715
f 2707 2708 2715
f 2715 2708 2716
f 2724 2717 2725
f 2725 2718 2726
f 2726 2719 2727
f 2727 2720 2728
f 2728 2721 2729
f 2729 2722 2730
f 2730 2723 2731
f 2740 2732 2739
f 2741 2733 2740
f 2742 2734 2741
f 2743 2735 2742
f 2744 2736 2743
f 2745 2737 2744
f 2746 2738 2745
f 2747 2766 2765
f 2748 2767 2766
f 2749 2768 2767
f 2750 2769 2768
f 2751 2770 2769
f 2752 2771 2770
f 2753 2772 2771
f 2754 2773 2772
f 2755 2774 2773
f 2756 2775 2774
f 2757 2776 2775
f 2758 2777 2776
f 2759 2778 2777
f 2760 2779 2778
f 2761 2780 2779
f 2762 2781 2780
f 2763 2782 2781
f 2766 2784 2765
f 2765 2784 2783
f 2767 2785 2766
f 2766 2785 2784
f 2768 2786 2767
f 2767 2786 2785
f 2769 2787 2768
f 2768 2787 2786
f 2770 2788 2769
f 2769 2788 2787
f 2771 2789 2770
f 2770 2789 2788
f 2772 2790 2771
f 2771 2790 2789
f 2773 2791 2772
f 2772 2791 2790
f 2774 2792 2773
f 2773 2792 2791
f 2775 2793 2774
f 2774 2793 2792
f 2776 2794 2775
f 2775 2794 2793
f 2777 2795 2776
f 2776 2795 2794
f 2778 2796 2777
f 2777 2796 2795
f 2779 2797 2778
f 2778 2797 2796
f 2780 2798 2779
f 2779 2798 2797
f 2781 2799 2780
f 2780 2799 2798
f 2782 2800 2781
f 2781 2800 2799
f 2784 2802 2783
f 2783 2802 2801
f 2785 2803 2784
f 2784 2803 2802
f 2786 2804 2785
f 2785 2804 2803
f 2787 2805 2786
f 2786 2805 2804
f 2788 2806 2787
f 2787 2806 2805
f 2789 2807 2788
f 2788 2807 2806
f 2790 2808 2789
f 2789 2808 2807
f 2791 2809 2790
f 2790 2809 2808
f 2792 2810 2791
f 2791 2810 2809
f 2793 2811 2792
f 2792 2811 2810
f 2794 2812 2793
f 2793 2812 2811
f 2795 2813 2794
f 2794 2813 2812
f 2796 2814 2795
f 2795 2814 2813
f 2797 2815 2796
f 2796 2815 2814
f 2798 2816 2797
f 2797 2816 2815
f 2799 2817 2798
f 2798 2817 2816
f 2800 2818 2799
f 2799 2818 2817
f 2802 2820 2801
f 2801 2820 2819
f 2803 2821 2802
f 2802 2821 2820
f 2804 2822 2803
f 2803 2822 2821
f 2805 2823 2804
f 2804 2823 2822
f 2806 2824 2805
f 2805 2824 2823
f 2807 2825 2806
f 2806 2825 2824
f 2808 2826 2807
f 2807 2826 2825
f 2809 2827 2808
f 2808 2827 2826
f 2810 2828 2809
f 2809 2828 2827
f 2811 2829 2810
f 2810 2829 2828
f 2812 2830 2811
f 2811 2830 2829
f 2813 2831 2812
f 2812 2831 2830
f 2814 2832 2813
f 2813 2832 2831
f 2815 2833 2814
f 2814 2833 2832
f 2816 2834 2815
f 2815 2834 2833
f 2817 2835 2816
f 2816 2835 2834
f 2818 2836 2817
f 2817 2836 2835
f 2820 2838 2819
f 2819 2838 2837
f 2821 2839 2820
f 2820 2839 2838
f 2822 2840 2821
f 2821 2840 2839
f 2823 2841 2822
f 2822 2841 2840
f 2824 2842 2823
f 2823 2842 2841
f 2825 2843 2824
f 2824 2843 2842
f 2826 2844 2825
f 2825 2844 2843
f 2827 2845 2826
f 2826 2845 2844
f 2828 2846 2827
f 2827 2846 2845
f 2829 2847 2828
f 2828 2847 2846
f 2830 2848 2829
f 2829 2848 2847
f 2831 2849 2830
f 2830 2849 2848
f 2832 2850 2831
f 2831 2850 2849
f 2833 2851 2832
f 2832 2851 2850
f 2834 2852 2833
f 2833 2852 2851
f 2835 2853 2834
f 2834 2853 2852
f 2836 2854 2835
f 2835 2854 2853
f 2838 2856 2837
f 2837 2856 2855
f 2839 2857 2838
f 2838 2857 2856
f 2840 2858 2839
f 2839 2858 2857
f 2841 2859 2840
f 2840 2859 2858
f 2842 2860 2841
f 2841 2860 2859
f 2843 2861 2842
f 2842 2861 2860
f 2844 2862 2843
f 2843 2862 2861
f 2845 2863 2844
f 2844 2863 2862
f 2846 2864 2845
f 2845 2864 2863
f 2847 2865 2846
f 2846 2865 2864
f 2848 2866 2847
f 2847 2866 2865
f 2849 2867 2848
f 2848 2867 2866
f 2850 2868 2849
f 2849 2868 2867
f 2851 2869 2850
f 2850 2869 2868
f 2852 2870 2851
f 2851 2870 2869
f 2853 2871 2852
f 2852 2871 2870
f 2854 2872 2853
f 2853 2872 2871
f 2856 2874 2855
f 2855 2874 2873
f 2857 2875 2856
f 2856 2875 2874
f 2858 2876 2857
f 2857 2876 2875
f 2859 2877 2858
f 2858 2877 2876
f 2860 2878 2859
f 2859 2878 2877
f 2861 2879 2860
f 2860 2879 2878
f 2862 2880 2861
f 2861 2880 2879
f 2863 2881 2862
f 2862 2881 2880
f 2864 2882 2863
f 2863 2882 2881
f 2865 2883 2864
f 2864 2883 2882
f 2866 2884 2865
f 2865 2884 2883
f 2867 2885 2866
f 2866 2885 2884
f 2868 2886 2867
f 2867 2886 2885
f 2869 2887 2868
f 2868 2887 2886
f 2870 2888 2869
f 2869 2888 2887
f 2871 2889 2870
f 2870 2889 2888
f 2872 2890 2871
f 2871 2890 2889
f 2874 2892 2873
f 2873 2892 2891
f 2875 2893 2874
f 2874 2893 2892
f 2876 2894 2875
f 2875 2894 2893
f 2877 2895 2876
f 2876 2895 2894
f 2878 2896 2877
f 2877 2896 2895
f 2879 2897 2878
f 2878 2897 2896
f 2880 2898 2879
f 2879 2898 2897
f 2881 2899 2880
f 2880 2899 2898
f 2882 2900 2881
f 2881 2900 2899
f 2883 2901 2882
f 2882 2901 2900
f 2884 2902 2883
f 2883 2902 2901
f 2885 2903 2884
f 2884 2903 2902
f 2886 2904 2885
f 2885 2904 2903
f 2887 2905 2886
f 2886 2905 2904
f 2888 2906 2887
f 2887 2906 2905
f 2889 2907 2888
f 2888 2907 2906
f 2890 2908 2889
f 2889 2908 2907
f 2892 2910 2891
f 2891 2910 2909
f 2893 2911 2892
f 2892 2911 2910
f 2894 2912 2893
f 2893 2912 2911
f 2895 2913 2894
f 2894 2913 2912
f 2896 2914 2895
f 2895 2914 2913
f 2897 2915 2896
f 2896 2915 2914
f 2898 2916 2897
f 2897 2916 2915
f 2899 2917 2898
f 2898 2917 2916
f 2900 2918 2899
f 2899 2918 2917
f 2901 2919 2900
f 2900 2919 2918
f 2902 2920 2901
f 2901 2920 2919
f 2903 2921 2902
f 2902 2921 2920
f 2904 2922 2903
f 2903 2922 2921
f 2905 2923 2904
f 2904 2923 2922
f 2906 2924 2905
f 2905 2924 2923
f 2907 2925 2906
f 2906 2925 2924
f 2908 2926 2907
f 2907 2926 2925
f 2910 2928 2909
f 2909 2928 2927
f 2911 2929 2910
f 2910 2929 2928
f 2912 2930 2911
f 2911 2930 2929
f 2913 2931 2912
f 2912 2931 2930
f 2914 2932 2913
f 2913 2932 2931
f 2915 2933 2914
f 2914 2933 2932
f 2916 2934 2915
f 2915 2934 2933
f 2917 2935 2916
f 2916 2935 2934
f 2918 2936 2917
f 2917 2936 2935
f 2919 2937 2918
f 2918 2937 2936
f 2920 2938 2919
f 2919 2938 2937
f 2921 2939 2920
f 2920 2939 2938
f 2922 2940 2921
f 2921 2940 2939
f 2923 2941 2922
f 2922 2941 2940
f 2924 2942 2923
f 2923 2942 2941
f 2925 2943 2924
f 2924 2943 2942
f 2926 2944 2925
f 2925 2944 2943
f 2928 2946 2927
f 2927 2946 2945
f 2929 2947 2928
f 2928 2947 2946
f 2930 2948 2929
f 2929 2948 2947
f 2931 2949 2930
f 2930 2949 2948
f 2932 2950 2931
f 2931 2950 2949
f 2933 2951 2932
f 2932 2951 2950
f 2934 2952 2933
f 2933 2952 2951
f 2935 2953 2934
f 2934 2953 2952
f 2936 2954 2935
f 2935 2954 2953
f 2937 2955 2936
f 2936 2955 2954
f 2938 2956 2937
f 2937 2956 2955
f 2939 2957 2938
f 2938 2957 2956
f 2940 2958 2939
f 2939 2958 2957
f 2941 2959 2940
f 2940 2959 2958
f 2942 2960 2941
f 2941 2960 2959
f 2943 2961 2942
f 2942 2961 2960
f 2944 2962 2943
f 2943 2962 2961
f 2946 2964 2945
f 2945 2964 2963
f 2947 2965 2946
f 2946 2965 2964
f 2948 2966 2947
f 2947 2966 2965
f 2949 2967 2948
f 2948 2967 2966
f 2950 2968 2949
f 2949 2968 2967
f 2951 2969 2950
f 2950 2969 2968
f 2952 2970 2951
f 2951 2970 2969
f 2953 2971 2952
f 2952 2971 2970
f 2954 2972 2953
f 2953 2972 2971
f 2955 2973 2954
f 2954 2973 2972
f 2956 2974 2955
f 2955 2974 2973
f 2957 2975 2956
f 2956 2975 2974
f 2958 2976 2957
f 2957 2976 2975
f 2959 2977 2958
f 2958 2977 2976
f 2960 2978 2959
f 2959 2978 2977
f 2961 2979 2960
f 2960 2979 2978
f 2962 2980 2961
f 2961 2980 2979
f 2964 2982 2963
f 2963 2982 2981
f 2965 2983 2964
f 2964 2983 2982
f 2966 2984 2965
f 2965 2984 2983
f 2967 2985 2966
f 2966 2985 2984
f 2968 2986 2967
f 2967 2986 2985
f 2969 2987 2968
f 2968 2987 2986
f 2970 2988 2969
f 2969 2988 2987
f 2971 2989 2970
f 2970 2989 2988
f 2972 2990 2971
f 2971 2990 2989
f 2973 2991 2972
f 2972 2991 2990
f 2974 2992 2973
f 2973 2992 2991
f 2975 2993 2974
f 2974 2993 2992
f 2976 2994 2975
f 2975 2994 2993
f 2977 2995 2976
f 2976 2995 2994
f 2978 2996 2977
f 2977 2996 2995
f 2979 2997 2978
f 2978 2997 2996
f 2980 2998 2979
f 2979 2998 2997
f 2982 3000 2981
f 2983 3001 2982
f 2984 3002 2983
f 2985 3003 2984
f 2986 3004 2985
f 2987 3005 2986
f 2988 3006 2987
f 2989 3007 2988
f 2990 3008 2989
f 2991 3009 2990
f 2992 3010 2991
f 2993 3011 2992
f 2994 3012 2993
f 2995 3013 2994
f 2996 3014 2995
f 2997 3015 2996
f 2998 3016 2997
f 3023 3018 3024
f 3024 3019 3025
f 3025 3020 3026
f 3026 3021 3027
f 3027 3022 3028
f 3035 3029 3034
f 3036 3030 3035
f 3037 3031 3036
f 3038 3032 3037
f 3039 3033 3038
f 3046 3041 3047
f 3047 3042 3048
f 3048 3043 3049
f 3049 3044 3050
f 3050 3045 3051
f 3058 3052 3057
f 3059 3053 3058
f 3060 3054 3059
f 3061 3055 3060
f 3062 3056 3061
f 3063 3074 3073
f 3064 3075 3074
f 3065 3076 3075
f 3066 3077 3076
f 3067 3078 3077
f 3068 3079 3078
f 3069 3080 3079
f 3070 3081 3080
f 3071 3082 3081
f 3074 3084 3073
f 3073 3084 3083
f 3075 3085 3074
f 3074 3085 3084
f 3076 3086 3075
f 3075 3086 3085
f 3077 3087 3076
f 3076 3087 3086
f 3078 3088 3077
f 3077 3088 3087
f 3079 3089 3078
f 3078 3089 3088
f 3080 3090 3079
f 3079 3090 3089
f 3081 3091 3080
f 3080 3091 3090
f 3082 3092 3081
f 3081 3092 3091
f 3084 3094 3083
f 3083 3094 3093
f 3085 3095 3084
f 3084 3095 3094
f 3086 3096 3085
f 3085 3096 3095
f 3087 3097 3086
f 3086 3097 3096
f 3088 3098 3087
f 3087 3098 3097
f 3089 3099 3088
f 3088 3099 3098
f 3090 3100 3089
f 3089 3100 3099
f 3091 3101 3090
f 3090 3101 3100
f 3092 3102 3091
f 3091 3102 3101
f 3094 3104 3093
f 3093 3104 3103
f 3095 3105 3094
f 3094 3105 3104
f 3096 3106 3095
f 3095 3106 3105
f 3097 3107 3096
f 3096 3107 3106
f 3098 3108 3097
f 3097 3108 3107
f 3099 3109 3098
f 3098 3109 3108
f 3100 3110 3099
f 3099 3110 3109
f 3101 3111 3100
f 3100 3111 3110
f 3102 3112 3101
f 3101 3112 3111
f 3104 3114 3103
f 3103 3114 3113
f 3105 3115 3104
f 3104 3115 3114
f 3106 3116 3105
f 3105 3116 3115
f 3107 3117 3106
f 3106 3117 3116
f 3108 3118 3107
f 3107 3118 3117
f 3109 3119 3108
f 3108 3119 3118
f 3110 3120 3109
f 3109 3120 3119
f 3111 3121 3110
f 3110 3121 3120
f 3112 3122 3111
f 3111 3122 3121
f 3114 3124 3113
f 3113 3124 3123
f 3115 3125 3114
f 3114 3125 3124
f 3116 3126 3115
f 3115 3126 3125
f 3117 3127 3116
f 3116 3127 3126
f 3118 3128 3117
f 3117 3128 3127
f 3119 3129 3118
f 3118 3129 3128
f 3120 3130 3119
f 3119 3130 3129
f 3121 3131 3120
f 3120 3131 3130
f 3122 3132 3121
f 3121 3132 3131
f 3124 3134 3123
f 3125 3135 3124
f 3126 3136 3125
f 3127 3137 3126
f 3128 3138 3127
f 3129 3139 3128
f 3130 3140 3129
f 3131 3141 3130
f 3132 3142 3131
f 3143 3153 3144
f 3144 3153 3154
f 3144 3154 3145
f 3145 3154 3155
f 3145 3155 3146
f 3146 3155 3156
f 3146 3156 3147
f 3147 3156 3157
f 3147 3157 3148
f 3148 3157 3158
f 3148 3158 3149
f 3149 3158 3159
f 3149 3159 3150
f 3150 3159 3160
f 3150 3160 3151
f 3151 3160 3161
f 3151 3161 3152
f 3152 3161 3162
f 3153 3163 3154
f 3154 3163 3164
f 3154 3164 3155
f 3155 3164 3165
f 3155 3165 3156
f 3156 3165 3166
f 3156 3166 3157
f 3157 3166 3167
f 3157 3167 3158
f 3158 3167 3168
f 3158 3168 3159
f 3159 3168 3169
f 3159 3169 3160
f 3160 3169 3170
f 3160 3170 3161
f 3161 3170 3171
f 3161 3171 3162
f 3162 3171 3172
f 3163 3173 3164
f 3164 3173 3174
f 3164 3174 3165
f 3165 3174 3175
f 3165 3175 3166
f 3166 3175 3176
f 3166 3176 3167
f 3167 3176 3177
f 3167 3177 3168
f 3168 3177 3178
f 3168 3178 3169
f 3169 3178 3179
f 3169 3179 3170
f 3170 3179 3180
f 3170 3180 3171
f 3171 3180 3181
f 3171 3181 3172
f 3172 3181 3182
f 3173 3183 3174
f 3174 3183 3184
f 3174 3184 3175
f 3175 3184 3185
f 3175 3185 3176
f 3176 3185 3186
f 3176 3186 3177
f 3177 3186 3187
f 3177 3187 3178
f 3178 3187 3188
f 3178 3188 3179
f 3179 3188 3189
f 3179 3189 3180
f 3180 3189 3190
f 3180 3190 3181
f 3181 3190 3191
f 3181 3191 3182
f 3182 3191 3192
f 3183 3193 3184
f 3184 3193 3194
f 3184 3194 3185
f 3185 3194 3195
f 3185 3195 3186
f 3186 3195 3196
f 3186 3196 3187
f 3187 3196 3197
f 3187 3197 3188
f 3188 3197 3198
f 3188 3198 3189
f 3189 3198 3199
f 3189 3199 3190
f 3190 3199 3200
f 3190 3200 3191
f 3191 3200 3201
f 3191 3201 3192
f 3192 3201 3202
f 3193 3203 3194
f 3194 3203 3204
f 3194 3204 3195
f 3195 3204 3205
f 3195 3205 3196
f 3196 3205 3206
f 3196 3206 3197
f 3197 3206 3207
f 3197 3207 3198
f 3198 3207 3208
f 3198 3208 3199
f 3199 3208 3209
f 3199 3209 3200
f 3200 3209 3210
f 3200 3210 3201
f 3201 3210 3211
f 3201 3211 3202
f 3202 3211 3212
f 3203 3213 3204
f 3204 3213 3214
f 3204 3214 3205
f 3205 3214 3215
f 3205 3215 3206
f 3206 3215 3216
f 3206 3216 3207
f 3207 3216 3217
f 3207 3217 3208
f 3208 3217 3218
f 3208 3218 3209
f 3209 3218 3219
f 3209 3219 3210
f 3210 3219 3220
f 3210 3220 3211
f 3211 3220 3221
f 3211 3221 3212
f 3212 3221 3222
f 3213 3223 3214
f 3214 3223 3224
f 3214 3224 3215
f 3215 3224 3225
f 3215 3225 3216
f 3216 3225 3226
f 3216 3226 3217
f 3217 3226 3227
f 3217 3227 3218
f 3218 3227 3228
f 3218 3228 3219
f 3219 3228 3229
f 3219 3229 3220
f 3220 3229 3230
f 3220 3230 3221
f 3221 3230 3231
f 3221 3231 3222
f 3222 3231 3232
f 3223 3233 3224
f 3224 3233 3234
f 3224 3234 3225
f 3225 3234 3235
f 3225 3235 3226
f 3226 3235 3236
f 3226 3236 3227
f 3227 3236 3237
f 3227 3237 3228
f 3228 3237 3238
f 3228 3238 3229
f 3229 3238 3239
f 3229 3239 3230
f 3230 3239 3240
f 3230 3240 3231
f 3231 3240 3241
f 3231 3241 3232
f 3232 3241 3242
f 3233 3243 3234
f 3234 3243 3244
f 3234 3244 3235
f 3235 3244 3245
f 3235 3245 3236
f 3236 3245 3246
f 3236 3246 3237
f 3237 3246 3247
f 3237 3247 3238
f 3238 3247 3248
f 3238 3248 3239
f 3239 3248 3249
f 3239 3249 3240
f 3240 3249 3250
f 3240 3250 3241
f 3241 3250 3251
f 3241 3251 3242
f 3242 3251 3252
f 3243 3253 3244
f 3244 3253 3254
f 3244 3254 3245
f 3245 3254 3255
f 3245 3255 3246
f 3246 3255 3256
f 3246 3256 3247
f 3247 3256 3257
f 3247 3257 3248
f 3248 3257 3258
f 3248 3258 3249
f 3249 3258 3259
f 3249 3259 3250
f 3250 3259 3260
f 3250 3260 3251
f 3251 3260 3261
f 3251 3261 3252
f 3252 3261 3262
f 3263 3273 3264
f 3264 3273 3274
f 3264 3274 3265
f 3265 3274 3275
f 3265 3275 3266
f 3266 3275 3276
f 3266 3276 3267
f 3267 3276 3277
f 3267 3277 3268
f 3268 3277 3278
f 3268 3278 3269
f 3269 3278 3279
f 3269 3279 3270
f 3270 3279 3280
f 3270 3280 3271
f 3271 3280 3281
f 3271 3281 3272
f 3272 3281 3282
f 3273 3283 3274
f 3274 3283 3284
f 3274 3284 3275
f 3275 3284 3285
f 3275 3285 3276
f 3276 3285 3286
f 3276 3286 3277
f 3277 3286 3287
f 3277 3287 3278
f 3278 3287 3288
f 3278 3288 3279
f 3279 3288 3289
f 3279 3289 3280
f 3280 3289 3290
f 3280 3290 3281
f 3281 3290 3291
f 3281 3291 3282
f 3282 3291 3292
f 3283 3293 3284
f 3284 3293 3294
f 3284 3294 3285
f 3285 3294 3295
f 3285 3295 3286
f 3286 3295 3296
f 3286 3296 3287
f 3287 3296 3297
f 3287 3297 3288
f 3288 3297 3298
f 3288 3298 3289
f 3289 3298 3299
f 3289 3299 3290
f 3290 3299 3300
f 3290 3300 3291
f 3291 3300 3301
f 3291 3301 3292
f 3292 3301 3302
f 3293 3303 3294
f 3294 3303 3304
f 3294 3304 3295
f 3295 3304 3305
f 3295 3305 3296
f 3296 3305 3306
f 3296 3306 3297
f 3297 3306 3307
f 3297 3307 3298
f 3298 3307 3308
f 3298 3308 3299
f 3299 3308 3309
f 3299 3309 3300
f 3300 3309 3310
f 3300 3310 3301
f 3301 3310 3311
f 3301 3311 3302
f 3302 3311 3312
f 3303 3313 3304
f 3304 3313 3314
f 3304 3314 3305
f 3305 3314 3315
f 3305 3315 3306
f 3306 3315 3316
f 3306 3316 3307
f 3307 3316 3317
f 3307 3317 3308
f 3308 3317 3318
f 3308 3318 3309
f 3309 3318 3319
f 3309 3319 3310
f 3310 3319 3320
f 3310 3320 3311
f 3311 3320 3321
f 3311 3321 3312
f 3312 3321 3322
f 3313 3323 3314
f 3314 3323 3324
f 3314 3324 3315
f 3315 3324 3325
f 3315 3325 3316
f 3316 3325 3326
f 3316 3326 3317
f 3317 3326 3327
f 3317 3327 3318
f 3318 3327 3328
f 3318 3328 3319
f 3319 3328 3329
f 3319 3329 3320
f 3320 3329 3330
f 3320 3330 3321
f 3321 3330 3331
f 3321 3331 3322
f 3322 3331 3332
f 3323 3333 3324
f 3324 3333 3334
f 3324 3334 3325
f 3325 3334 3335
f 3325 3335 3326
f 3326 3335 3336
f 3326 3336 3327
f 3327 3336 3337
f 3327 3337 3328
f 3328 3337 3338
f 3328 3338 3329
f 3329 3338 3339
f 3329 3339 3330
f 3330 3339 3340
f 3330 3340 3331
f 3331 3340 3341
f 3331 3341 3332
f 3332 3341 3342
f 3333 3343 3334
f 3334 3343 3344
f 3334 3344 3335
f 3335 3344 3345
f 3335 3345 3336
f 3336 3345 3346
f 3336 3346 3337
f 3337 3346 3347
f 3337 3347 3338
f 3338 3347 3348
f 3338 3348 3339
f 3339 3348 3349
f 3339 3349 3340
f 3340 3349 3350
f 3340 3350 3341
f 3341 3350 3351
f 3341 3351 3342
f 3342 3351 3352
f 3343 3353 3344
f 3344 3353 3354
f 3344 3354 3345
f 3345 3354 3355
f 3345 3355 3346
f 3346 3355 3356
f 3346 3356 3347
f 3347 3356 3357
f 3347 3357 3348
f 3348 3357 3358
f 3348 3358 3349
f 3349 3358 3359
f 3349 3359 3350
f 3350 3359 3360
f 3350 3360 3351
f 3351 3360 3361
f 3351 3361 3352
f 3352 3361 3362
f 3353 3363 3354
f 3354 3363 3364
f 3354 3364 3355
f 3355 3364 3365
f 3355 3365 3356
f 3356 3365 3366
f 3356 3366 3357
f 3357 3366 3367
f 3357 3367 3358
f 3358 3367 3368
f 3358 3368 3359
f 3359 3368 3369
f 3359 3369 3360
f 3360 3369 3370
f 3360 3370 3361
f 3361 3370 3371
f 3361 3371 3362
f 3362 3371 3372
f 3363 3373 3364
f 3364 3373 3374
f 3364 3374 3365
f 3365 3374 3375
f 3365 3375 3366
f 3366 3375 3376
f 3366 3376 3367
f 3367 3376 3377
f 3367 3377 3368
f 3368 3377 3378
f 3368 3378 3369
f 3369 3378 3379
f 3369 3379 3370
f 3370 3379 3380
f 3370 3380 3371
f 3371 3380 3381
f 3371 3381 3372
f 3372 3381 3382
f 3383 3394 3393
f 3384 3395 3394
f 3385 3396 3395
f 3386 3397 3396
f 3387 3398 3397
f 3388 3399 3398
f 3389 3400 3399
f 3390 3401 3400
f 3391 3402 3401
f 3394 3404 3393
f 3393 3404 3403
f 3395 3405 3394
f 3394 3405 3404
f 3396 3406 3395
f 3395 3406 3405
f 3397 3407 3396
f 3396 3407 3406
f 3398 3408 3397
f 3397 3408 3407
f 3399 3409 3398
f 3398 3409 3408
f 3400 3410 3399
f 3399 3410 3409
f 3401 3411 3400
f 3400 3411 3410
f 3402 3412 3401
f 3401 3412 3411
f 3404 3414 3403
f 3403 3414 3413
f 3405 3415 3404
f 3404 3415 3414
f 3406 3416 3405
f 3405 3416 3415
f 3407 3417 3406
f 3406 3417 3416
f 3408 3418 3407
f 3407 3418 3417
f 3409 3419 3408
f 3408 3419 3418
f 3410 3420 3409
f 3409 3420 3419
f 3411 3421 3410
f 3410 3421 3420
f 3412 3422 3411
f 3411 3422 3421
f 3414 3424 3413
f 3413 3424 3423
f 3415 3425 3414
f 3414 3425 3424
f 3416 3426 3415
f 3415 3426 3425
f 3417 3427 3416
f 3416 3427 3426
f 3418 3428 3417
f 3417 3428 3427
f 3419 3429 3418
f 3418 3429 3428
f 3420 3430 3419
f 3419 3430 3429
f 3421 3431 3420
f 3420 3431 3430
f 3422 3432 3421
f 3421 3432 3431
f 3424 3434 3423
f 3423 3434 3433
f 3425 3435 3424
f 3424 3435 3434
f 3426 3436 3425
f 3425 3436 3435
f 3427 3437 3426
f 3426 3437 3436
f 3428 3438 3427
f 3427 3438 3437
f 3429 3439 3428
f 3428 3439 3438
f 3430 3440 3429
f 3429 3440 3439
f 3431 3441 3430
f 3430 3441 3440
f 3432 3442 3431
f 3431 3442 3441
f 3434 3444 3433
f 3433 3444 3443
f 3435 3445 3434
f 3434 3445 3444
f 3436 3446 3435
f 3435 3446 3445
f 3437 3447 3436
f 3436 3447 3446
f 3438 3448 3437
f 3437 3448 3447
f 3439 3449 3438
f 3438 3449 3448
f 3440 3450 3439
f 3439 3450 3449
f 3441 3451 3440
f 3440 3451 3450
f 3442 3452 3441
f 3441 3452 3451
f 3444 3454 3443
f 3445 3455 3444
f 3446 3456 3445
f 3447 3457 3446
f 3448 3458 3447
f 3449 3459 3448
f 3450 3460 3449
f 3451 3461 3450
f 3452 3462 3451
f 3463 3469 3464
f 3464 3469 3470
f 3464 3470 3465
f 3465 3470 3471
f 3465 3471 3466
f 3466 3471 3472
f 3466 3472 3467
f 3467 3472 3473
f 3467 3473 3468
f 3468 3473 3474
f 3469 3475 3470
f 3470 3475 3476
f 3470 3476 3471
f 3471 3476 3477
f 3471 3477 3472
f 3472 3477 3478
f 3472 3478 3473
f 3473 3478 3479
f 3473 3479 3474
f 3474 3479 3480
f 3475 3481 3476
f 3476 3481 3482
f 3476 3482 3477
f 3477 3482 3483
f 3477 3483 3478
f 3478 3483 3484
f 3478 3484 3479
f 3479 3484 3485
f 3479 3485 3480
f 3480 3485 3486
f 3481 3487 3482
f 3482 3487 3488
f 3482 3488 3483
f 3483 3488 3489
f 3483 3489 3484
f 3484 3489 3490
f 3484 3490 3485
f 3485 3490 3491
f 3485 3491 3486
f 3486 3491 3492
f 3487 3493 3488
f 3488 3493 3494
f 3488 3494 3489
f 3489 3494 3495
f 3489 3495 3490
f 3490 3495 3496
f 3490 3496 3491
f 3491 3496 3497
f 3491 3497 3492
f 3492 3497 3498
f 3493 3499 3494
f 3494 3499 3500
f 3494 3500 3495
f 3495 3500 3501
f 3495 3501 3496
f 3496 3501 3502
f 3496 3502 3497
f 3497 3502 3503
f 3497 3503 3498
f 3498 3503 3504
f 3499 3505 3500
f 3500 3505 3506
f 3500 3506 3501
f 3501 3506 3507
f 3501 3507 3502
f 3502 3507 3508
f 3502 3508 3503
f 3503 3508 3509
f 3503 3509 3504
f 3504 3509 3510
f 3511 3517 3512
f 3512 3517 3518
f 3512 3518 3513
f 3513 3518 3519
f 3513 3519 3514
f 3514 3519 3520
f 3514 3520 3515
f 3515 3520 3521
f 3515 3521 3516
f 3516 3521 3522
f 3517 3523 3518
f 3518 3523 3524
f 3518 3524 3519
f 3519 3524 3525
f 3519 3525 3520
f 3520 3525 3526
f 3520 3526 3521
f 3521 3526 3527
f 3521 3527 3522
f 3522 3527 3528
f 3523 3529 3524
f 3524 3529 3530
f 3524 3530 3525
f 3525 3530 3531
f 3525 3531 3526
f 3526 3531 3532
f 3526 3532 3527
f 3527 3532 3533
f 3527 3533 3528
f 3528 3533 3534
f 3529 3535 3530
f 3530 3535 3536
f 3530 3536 3531
f 3531 3536 3537
f 3531 3537 3532
f 3532 3537 3538
f 3532 3538 3533
f 3533 3538 3539
f 3533 3539 3534
f 3534 3539 3540
f 3535 3541 3536
f 3536 3541 3542
f 3536 3542 3537
f 3537 3542 3543
f 3537 3543 3538
f 3538 3543 3544
f 3538 3544 3539
f 3539 3544 3545
f 3539 3545 3540
f 3540 3545 3546
f 3541 3547 3542
f 3542 3547 3548
f 3542 3548 3543
f 3543 3548 3549
f 3543 3549 3544
f 3544 3549 3550
f 3544 3550 3545
f 3545 3550 3551
f 3545 3551 3546
f 3546 3551 3552
f 3547 3553 3548
f 3548 3553 3554
f 3548 3554 3549
f 3549 3554 3555
f 3549 3555 3550
f 3550 3555 3556
f 3550 3556 3551
f 3551 3556 3557
f 3551 3557 3552
f 3552 3557 3558
f 3559 3565 3560
f 3560 3565 3566
f 3560 3566 3561
f 3561 3566 3567
f 3561 3567 3562
f 3562 3567 3568
f 3562 3568 3563
f 3563 3568 3569
f 3563 3569 3564
f 3564 3569 3570
f 3565 3571 3566
f 3566 3571 3572
f 3566 3572 3567
f 3567 3572 3573
f 3567 3573 3568
f 3568 3573 3574
f 3568 3574 3569
f 3569 3574 3575
f 3569 3575 3570
f 3570 3575 3576
f 3571 3577 3572
f 3572 3577 3578
f 3572 3578 3573
f 3573 3578 3579
f 3573 3579 3574
f 3574 3579 3580
f 3574 3580 3575
f 3575 3580 3581
f 3575 3581 3576
f 3576 3581 3582
f 3577 3583 3578
f 3578 3583 3584
f 3578 3584 3579
f 3579 3584 3585
f 3579 3585 3580
f 3580 3585 3586
f 3580 3586 3581
f 3581 3586 3587
f 3581 3587 3582
f 3582 3587 3588
f 3583 3589 3584
f 3584 3589 3590
f 3584 3590 3585
f 3585 3590 3591
f 3585 3591 3586
f 3586 3591 3592
f 3586 3592 3587
f 3587 3592 3593
f 3587 3593 3588
f 3588 3593 3594
f 3589 3595 3590
f 3590 3595 3596
f 3590 3596 3591
f 3591 3596 3597
f 3591 3597 3592
f 3592 3597 3598
f 3592 3598 3593
f 3593 3598 3599
f 3593 3599 3594
f 3594 3599 3600
f 3595 3601 3596
f 3596 3601 3602
f 3596 3602 3597
f 3597 3602 3603
f 3597 3603 3598
f 3598 3603 3604
f 3598 3604 3599
f 3599 3604 3605
f 3599 3605 3600
f 3600 3605 3606
f 3607 3613 3608
f 3608 3613 3614
f 3608 3614 3609
f 3609 3614 3615
f 3609 3615 3610
f 3610 3615 3616
f 3610 3616 3611
f 3611 3616 3617
f 3611 3617 3612
f 3612 3617 3618
f 3613 3619 3614
f 3614 3619 3620
f 3614 3620 3615
f 3615 3620 3621
f 3615 3621 3616
f 3616 3621 3622
f 3616 3622 3617
f 3617 3622 3623
f 3617 3623 3618
f 3618 3623 3624
f 3619 3625 3620
f 3620 3625 3626
f 3620 3626 3621
f 3621 3626 3627
f 3621 3627 3622
f 3622 3627 3628
f 3622 3628 3623
f 3623 3628 3629
f 3623 3629 3624
f 3624 3629 3630
f 3625 3631 3626
f 3626 3631 3632
f 3626 3632 3627
f 3627 3632 3633
f 3627 3633 3628
f 3628 3633 3634
f 3628 3634 3629
f 3629 3634 3635
f 3629 3635 3630
f 3630 3635 3636
f 3631 3637 3632
f 3632 3637 3638
f 3632 3638 3633
f 3633 3638 3639
f 3633 3639 3634
f 3634 3639 3640
f 3634 3640 3635
f 3635 3640 3641
f 3635 3641 3636
f 3636 3641 3642
f 3637 3643 3638
f 3638 3643 3644
f 3638 3644 3639
f 3639 3644 3645
f 3639 3645 3640
f 3640 3645 3646
f 3640 3646 3641
f 3641 3646 3647
f 3641 3647 3642
f 3642 3647 3648
f 3643 3649 3644
f 3644 3649 3650
f 3644 3650 3645
f 3645 3650 3651
f 3645 3651 3646
f 3646 3651 3652
f 3646 3652 3647
f 3647 3652 3653
f 3647 3653 3648
f 3648 3653 3654
f 3655 3666 3665
f 3656 3667 3666
f 3657 3668 3667
f 3658 3669 3668
f 3659 3670 3669
f 3660 3671 3670
f 3661 3672 3671
f 3662 3673 3672
f 3663 3674 3673
f 3666 3676 3665
f 3665 3676 3675
f 3667 3677 3666
f 3666 3677 3676
f 3668 3678 3667
f 3667 3678 3677
f 3669 3679 3668
f 3668 3679 3678
f 3670 3680 3669
f 3669 3680 3679
f 3671 3681 3670
f 3670 3681 3680
f 3672 3682 3671
f 3671 3682 3681
f 3673 3683 3672
f 3672 3683 3682
f 3674 3684 3673
f 3673 3684 3683
f 3676 3686 3675
f 3675 3686 3685
f 3677 3687 3676
f 3676 3687 3686
f 3678 3688 3677
f 3677 3688 3687
f 3679 3689 3678
f 3678 3689 3688
f 3680 3690 3679
f 3679 3690 3689
f 3681 3691 3680
f 3680 3691 3690
f 3682 3692 3681
f 3681 3692 3691
f 3683 3693 3682
f 3682 3693 3692
f 3684 3694 3683
f 3683 3694 3693
f 3686 3696 3685
f 3685 3696 3695
f 3687 3697 3686
f 3686 3697 3696
f 3688 3698 3687
f 3687 3698 3697
f 3689 3699 3688
f 3688 3699 3698
f 3690 3700 3689
f 3689 3700 3699
f 3691 3701 3690
f 3690 3701 3700
f 3692 3702 3691
f 3691 3702 3701
f 3693 3703 3692
f 3692 3703 3702
f 3694 3704 3693
f 3693 3704 3703
f 3696 3706 3695
f 3695 3706 3705
f 3697 3707 3696
f 3696 3707 3706
f 3698 3708 3697
f 3697 3708 3707
f 3699 3709 3698
f 3698 3709 3708
f 3700 3710 3699
f 3699 3710 3709
f 3701 3711 3700
f 3700 3711 3710
f 3702 3712 3701
f 3701 3712 3711
f 3703 3713 3702
f 3702 3713 3712
f 3704 3714 3703
f 3703 3714 3713
f 3706 3716 3705
f 3705 3716 3715
f 3707 3717 3706
f 3706 3717 3716
f 3708 3718 3707
f 3707 3718 3717
f 3709 3719 3708
f 3708 3719 3718
f 3710 3720 3709
f 3709 3720 3719
f 3711 3721 3710
f 3710 3721 3720
f 3712 3722 3711
f 3711 3722 3721
f 3713 3723 3712
f 3712 3723 3722
f 3714 3724 3713
f 3713 3724 3723
f 3716 3726 3715
f 3717 3727 3716
f 3718 3728 3717
f 3719 3729 3718
f 3720 3730 3719
f 3721 3731 3720
f 3722 3732 3721
f 3723 3733 3722
f 3724 3734 3723
f 3735 3745 3736
f 3736 3745 3746
f 3736 3746 3737
f 3737 3746 3747
f 3737 3747 3738
f 3738 3747 3748
f 3738 3748 3739
f 3739 3748 3749
f 3739 3749 3740
f 3740 3749 3750
f 3740 3750 3741
f 3741 3750 3751
f 3741 3751 3742
f 3742 3751 3752
f 3742 3752 3743
f 3743 3752 3753
f 3743 3753 3744
f 3744 3753 3754
f 3745 3755 3746
f 3746 3755 3756
f 3746 3756 3747
f 3747 3756 3757
f 3747 3757 3748
f 3748 3757 3758
f 3748 3758 3749
f 3749 3758 3759
f 3749 3759 3750
f 3750 3759 3760
f 3750 3760 3751
f 3751 3760 3761
f 3751 3761 3752
f 3752 3761 3762
f 3752 3762 3753
f 3753 3762 3763
f 3753 3763 3754
f 3754 3763 3764
f 3755 3765 3756
f 3756 3765 3766
f 3756 3766 3757
f 3757 3766 3767
f 3757 3767 3758
f 3758 3767 3768
f 3758 3768 3759
f 3759 3768 3769
f 3759 3769 3760
f 3760 3769 3770
f 3760 3770 3761
f 3761 3770 3771
f 3761 3771 3762
f 3762 3771 3772
f 3762 3772 3763
f 3763 3772 3773
f 3763 3773 3764
f 3764 3773 3774
f 3765 3775 3766
f 3766 3775 3776
f 3766 3776 3767
f 3767 3776 3777
f 3767 3777 3768
f 3768 3777 3778
f 3768 3778 3769
f 3769 3778 3779
f 3769 3779 3770
f 3770 3779 3780
f 3770 3780 3771
f 3771 3780 3781
f 3771 3781 3772
f 3772 3781 3782
f 3772 3782 3773
f 3773 3782 3783
f 3773 3783 3774
f 3774 3783 3784
f 3775 3785 3776
f 3776 3785 3786
f 3776 3786 3777
f 3777 3786 3787
f 3777 3787 3778
f 3778 3787 3788
f 3778 3788 3779
f 3779 3788 3789
f 3779 3789 3780
f 3780 3789 3790
f 3780 3790 3781
f 3781 3790 3791
f 3781 3791 3782
f 3782 3791 3792
f 3782 3792 3783
f 3783 3792 3793
f 3783 3793 3784
f 3784 3793 3794
f 3785 3795 3786
f 3786 3795 3796
f 3786 3796 3787
f 3787 3796 3797
f 3787 3797 3788
f 3788 3797 3798
f 3788 3798 3789
f 3789 3798 3799
f 3789 3799 3790
f 3790 3799 3800
f 3790 3800 3791
f 3791 3800 3801
f 3791 3801 3792
f 3792 3801 3802
f 3792 3802 3793
f 3793 3802 3803
f 3793 3803 3794
f 3794 3803 3804
f 3795 3805 3796
f 3796 3805 3806
f 3796 3806 3797
f 3797 3806 3807
f 3797 3807 3798
f 3798 3807 3808
f 3798 3808 3799
f 3799 3808 3809
f 3799 3809 3800
f 3800 3809 3810
f 3800 3810 3801
f 3801 3810 3811
f 3801 3811 3802
f 3802 3811 3812
f 3802 3812 3803
f 3803 3812 3813
f 3803 3813 3804
f 3804 3813 3814
f 3805 3815 3806
f 3806 3815 3816
f 3806 3816 3807
f 3807 3816 3817
f 3807 3817 3808
f 3808 3817 3818
f 3808 3818 3809
f 3809 3818 3819
f 3809 3819 3810
f 3810 3819 3820
f 3810 3820 3811
f 3811 3820 3821
f 3811 3821 3812
f 3812 3821 3822
f 3812 3822 3813
f 3813 3822 3823
f 3813 3823 3814
f 3814 3823 3824
f 3815 3825 3816
f 3816 3825 3826
f 3816 3826 3817
f 3817 3826 3827
f 3817 3827 3818
f 3818 3827 3828
f 3818 3828 3819
f 3819 3828 3829
f 3819 3829 3820
f 3820 3829 3830
f 3820 3830 3821
f 3821 3830 3831
f 3821 3831 3822
f 3822 3831 3832
f 3822 3832 3823
f 3823 3832 3833
f 3823 3833 3824
f 3824 3833 3834
f 3825 3835 3826
f 3826 3835 3836
f 3826 3836 3827
f 3827 3836 3837
f 3827 3837 3828
f 3828 3837 3838
f 3828 3838 3829
f 3829 3838 3839
f 3829 3839 3830
f 3830 3839 3840
f 3830 3840 3831
f 3831 3840 3841
f 3831 3841 3832
f 3832 3841 3842
f 3832 3842 3833
f 3833 3842 3843
f 3833 3843 3834
f 3834 3843 3844
f 3835 3845 3836
f 3836 3845 3846
f 3836 3846 3837
f 3837 3846 3847
f 3837 3847 3838
f 3838 3847 3848
f 3838 3848 3839
f 3839 3848 3849
f 3839 3849 3840
f 3840 3849 3850
f 3840 3850 3841
f 3841 3850 3851
f 3841 3851 3842
f 3842 3851 3852
f 3842 3852 3843
f 3843 3852 3853
f 3843 3853 3844
f 3844 3853 3854
f 3855 3865 3856
f 3856 3865 3866
f 3856 3866 3857
f 3857 3866 3867
f 3857 3867 3858
f 3858 3867 3868
f 3858 3868 3859
f 3859 3868 3869
f 3859 3869 3860
f 3860 3869 3870
f 3860 3870 3861
f 3861 3870 3871
f 3861 3871 3862
f 3862 3871 3872
f 3862 3872 3863
f 3863 3872 3873
f 3863 3873 3864
f 3864 3873 3874
f 3865 3875 3866
f 3866 3875 3876
f 3866 3876 3867
f 3867 3876 3877
f 3867 3877 3868
f 3868 3877 3878
f 3868 3878 3869
f 3869 3878 3879
f 3869 3879 3870
f 3870 3879 3880
f 3870 3880 3871
f 3871 3880 3881
f 3871 3881 3872
f 3872 3881 3882
f 3872 3882 3873
f 3873 3882 3883
f 3873 3883 3874
f 3874 3883 3884
f 3875 3885 3876
f 3876 3885 3886
f 3876 3886 3877
f 3877 3886 3887
f 3877 3887 3878
f 3878 3887 3888
f 3878 3888 3879
f 3879 3888 3889
f 3879 3889 3880
f 3880 3889 3890
f 3880 3890 3881
f 3881 3890 3891
f 3881 3891 3882
f 3882 3891 3892
f 3882 3892 3883
f 3883 3892 3893
f 3883 3893 3884
f 3884 3893 3894
f 3885 3895 3886
f 3886 3895 3896
f 3886 3896 3887
f 3887 3896 3897
f 3887 3897 3888
f 3888 3897 3898
f 3888 3898 3889
f 3889 3898 3899
f 3889 3899 3890
f 3890 3899 3900
f 3890 3900 3891
f 3891 3900 3901
f 3891 3901 3892
f 3892 3901 3902
f 3892 3902 3893
f 3893 3902 3903
f 3893 3903 3894
f 3894 3903 3904
f 3895 3905 3896
f 3896 3905 3906
f 3896 3906 3897
f 3897 3906 3907
f 3897 3907 3898
f 3898 3907 3908
f 3898 3908 3899
f 3899 3908 3909
f 3899 3909 3900
f 3900 3909 3910
f 3900 3910 3901
f 3901 3910 3911
f 3901 3911 3902
f 3902 3911 3912
f 3902 3912 3903
f 3903 3912 3913
f 3903 3913 3904
f 3904 3913 3914
f 3905 3915 3906
f 3906 3915 3916
f 3906 3916 3907
f 3907 3916 3917
f 3907 3917 3908
f 3908 3917 3918
f 3908 3918 3909
f 3909 3918 3919
f 3909 3919 3910
f 3910 3919 3920
f 3910 3920 3911
f 3911 3920 3921
f 3911 3921 3912
f 3912 3921 3922
f 3912 3922 3913
f 3913 3922 3923
f 3913 3923 3914
f 3914 3923 3924
f 3915 3925 3916
f 3916 3925 3926
f 3916 3926 3917
f 3917 3926 3927
f 3917 3927 3918
f 3918 3927 3928
f 3918 3928 3919
f 3919 3928 3929
f 3919 3929 3920
f 3920 3929 3930
f 3920 3930 3921
f 3921 3930 3931
f 3921 3931 3922
f 3922 3931 3932
f 3922 3932 3923
f 3923 3932 3933
f 3923 3933 3924
f 3924 3933 3934
f 3925 3935 3926
f 3926 3935 3936
f 3926 3936 3927
f 3927 3936 3937
f 3927 3937 3928
f 3928 3937 3938
f 3928 3938 3929
f 3929 3938 3939
f 3929 3939 3930
f 3930 3939 3940
f 3930 3940 3931
f 3931 3940 3941
f 3931 3941 3932
f 3932 3941 3942
f 3932 3942 3933
f 3933 3942 3943
f 3933 3943 3934
f 3934 3943 3944
f 3935 3945 3936
f 3936 3945 3946
f 3936 3946 3937
f 3937 3946 3947
f 3937 3947 3938
f 3938 3947 3948
f 3938 3948 3939
f 3939 3948 3949
f 3939 3949 3940
f 3940 3949 3950
f 3940 3950 3941
f 3941 3950 3951
f 3941 3951 3942
f 3942 3951 3952
f 3942 3952 3943
f 3943 3952 3953
f 3943 3953 3944
f 3944 3953 3954
f 3945 3955 3946
f 3946 3955 3956
f 3946 3956 3947
f 3947 3956 3957
f 3947 3957 3948
f 3948 3957 3958
f 3948 3958 3949
f 3949 3958 3959
f 3949 3959 3950
f 3950 3959 3960
f 3950 3960 3951
f 3951 3960 3961
f 3951 3961 3952
f 3952 3961 3962
f 3952 3962 3953
f 3953 3962 3963
f 3953 3963 3954
f 3954 3963 3964
f 3955 3965 3956
f 3956 3965 3966
f 3956 3966 3957
f 3957 3966 3967
f 3957 3967 3958
f 3958 3967 3968
f 3958 3968 3959
f 3959 3968 3969
f 3959 3969 3960
f 3960 3969 3970
f 3960 3970 3961
f 3961 3970 3971
f 3961 3971 3962
f 3962 3971 3972
f 3962 3972 3963
f 3963 3972 3973
f 3963 3973 3964
f 3964 3973 3974
f 3975 3986 3985
f 3976 3987 3986
f 3977 3988 3987
f 3978 3989 3988
f 3979 3990 3989
f 3980 3991 3990
f 3981 3992 3991
f 3982 3993 3992
f 3983 3994 3993
f 3986 3996 3985
f 3985 3996 3995
f 3987 3997 3986
f 3986 3997 3996
f 3988 3998 3987
f 3987 3998 3997
f 3989 3999 3988
f 3988 3999 3998
f 3990 4000 3989
f 3989 4000 3999
f 3991 4001 3990
f 3990 4001 4000
f 3992 4002 3991
f 3991 4002 4001
f 3993 4003 3992
f 3992 4003 4002
f 3994 4004 3993
f 3993 4004 4003
f 3996 4006 3995
f 3995 4006 4005
f 3997 4007 3996
f 3996 4007 4006
f 3998 4008 3997
f 3997 4008 4007
f 3999 4009 3998
f 3998 4009 4008
f 4000 4010 3999
f 3999 4010 4009
f 4001 4011 4000
f 4000 4011 4010
f 4002 4012 4001
f 4001 4012 4011
f 4003 4013 4002
f 4002 4013 4012
f 4004 4014 4003
f 4003 4014 4013
f 4006 4016 4005
f 4005 4016 4015
f 4007 4017 4006
f 4006 4017 4016
f 4008 4018 4007
f 4007 4018 4017
f 4009 4019 4008
f 4008 4019 4018
f 4010 4020 4009
f 4009 4020 4019
f 4011 4021 4010
f 4010 4021 4020
f 4012 4022 4011
f 4011 4022 4021
f 4013 4023 4012
f 4012 4023 4022
f 4014 4024 4013
f 4013 4024 4023
f 4016 4026 4015
f 4015 4026 4025
f 4017 4027 4016
f 4016 4027 4026
f 4018 4028 4017
f 4017 4028 4027
f 4019 4029 4018
f 4018 4029 4028
f 4020 4030 4019
f 4019 4030 4029
f 4021 4031 4020
f 4020 4031 4030
f 4022 4032 4021
f 4021 4032 4031
f 4023 4033 4022
f 4022 4033 4032
f 4024 4034 4023
f 4023 4034 4033
f 4026 4036 4025
f 4025 4036 4035
f 4027 4037 4026
f 4026 4037 4036
f 4028 4038 4027
f 4027 4038 4037
f 4029 4039 4028
f 4028 4039 4038
f 4030 4040 4029
f 4029 4040 4039
f 4031 4041 4030
f 4030 4041 4040
f 4032 4042 4031
f 4031 4042 4041
f 4033 4043 4032
f 4032 4043 4042
f 4034 4044 4033
f 4033 4044 4043
f 4036 4046 4035
f 4037 4047 4036
f 4038 4048 4037
f 4039 4049 4038
f 4040 4050 4039
f 4041 4051 4040
f 4042 4052 4041
f 4043 4053 4042
f 4044 4054 4043
f 4055 4061 4056
f 4056 4061 4062
f 4056 4062 4057
f 4057 4062 4063
f 4057 4063 4058
f 4058 4063 4064
f 4058 4064 4059
f 4059 4064 4065
f 4059 4065 4060
f 4060 4065 4066
f 4061 4067 4062
f 4062 4067 4068
f 4062 4068 4063
f 4063 4068 4069
f 4063 4069 4064
f 4064 4069 4070
f 4064 4070 4065
f 4065 4070 4071
f 4065 4071 4066
f 4066 4071 4072
f 4067 4073 4068
f 4068 4073 4074
f 4068 4074 4069
f 4069 4074 4075
f 4069 4075 4070
f 4070 4075 4076
f 4070 4076 4071
f 4071 4076 4077
f 4071 4077 4072
f 4072 4077 4078
f 4073 4079 4074
f 4074 4079 4080
f 4074 4080 4075
f 4075 4080 4081
f 4075 4081 4076
f 4076 4081 4082
f 4076 4082 4077
f 4077 4082 4083
f 4077 4083 4078
f 4078 4083 4084
f 4079 4085 4080
f 4080 4085 4086
f 4080 4086 4081
f 4081 4086 4087
f 4081 4087 4082
f 4082 4087 4088
f 4082 4088 4083
f 4083 4088 4089
f 4083 4089 4084
f 4084 4089 4090
f 4085 4091 4086
f 4086 4091 4092
f 4086 4092 4087
f 4087 4092 4093
f 4087 4093 4088
f 4088 4093 4094
f 4088 4094 4089
f 4089 4094 4095
f 4089 4095 4090
f 4090 4095 4096
f 4091 4097 4092
f 4092 4097 4098
f 4092 4098 4093
f 4093 4098 4099
f 4093 4099 4094
f 4094 4099 4100
f 4094 4100 4095
f 4095 4100 4101
f 4095 4101 4096
f 4096 4101 4102
f 4103 4109 4104
f 4104 4109 4110
f 4104 4110 4105
f 4105 4110 4111
f 4105 4111 4106
f 4106 4111 4112
f 4106 4112 4107
f 4107 4112 4113
f 4107 4113 4108
f 4108 4113 4114
f 4109 4115 4110
f 4110 4115 4116
f 4110 4116 4111
f 4111 4116 4117
f 4111 4117 4112
f 4112 4117 4118
f 4112 4118 4113
f 4113 4118 4119
f 4113 4119 4114
f 4114 4119 4120
f 4115 4121 4116
f 4116 4121 4122
f 4116 4122 4117
f 4117 4122 4123
f 4117 4123 4118
f 4118 4123 4124
f 4118 4124 4119
f 4119 4124 4125
f 4119 4125 4120
f 4120 4125 4126
f 4121 4127 4122
f 4122 4127 4128
f 4122 4128 4123
f 4123 4128 4129
f 4123 4129 4124
f 4124 4129 4130
f 4124 4130 4125
f 4125 4130 4131
f 4125 4131 4126
f 4126 4131 4132
f 4127 4133 4128
f 4128 4133 4134
f 4128 4134 4129
f 4129 4134 4135
f 4129 4135 4130
f 4130 4135 4136
f 4130 4136 4131
f 4131 4136 4137
f 4131 4137 4132
f 4132 4137 4138
f 4133 4139 4134
f 4134 4139 4140
f 4134 4140 4135
f 4135 4140 4141
f 4135 4141 4136
f 4136 4141 4142
f 4136 4142 4137
f 4137 4142 4143
f 4137 4143 4138
f 4138 4143 4144
f 4139 4145 4140
f 4140 4145 4146
f 4140 4146 4141
f 4141 4146 4147
f 4141 4147 4142
f 4142 4147 4148
f 4142 4148 4143
f 4143 4148 4149
f 4143 4149 4144
f 4144 4149 4150
f 4151 4157 4152
f 4152 4157 4158
f 4152 4158 4153
f 4153 4158 4159
f 4153 4159 4154
f 4154 4159 4160
f 4154 4160 4155
f 4155 4160 4161
f 4155 4161 4156
f 4156 4161 4162
f 4157 4163 4158
f 4158 4163 4164
f 4158 4164 4159
f 4159 4164 4165
f 4159 4165 4160
f 4160 4165 4166
f 4160 4166 4161
f 4161 4166 4167
f 4161 4167 4162
f 4162 4167 4168
f 4163 4169 4164
f 4164 4169 4170
f 4164 4170 4165
f 4165 4170 4171
f 4165 4171 4166
f 4166 4171 4172
f 4166 4172 4167
f 4167 4172 4173
f 4167 4173 4168
f 4168 4173 4174
f 4169 4175 4170
f 4170 4175 4176
f 4170 4176 4171
f 4171 4176 4177
f 4171 4177 4172
f 4172 4177 4178
f 4172 4178 4173
f 4173 4178 4179
f 4173 4179 4174
f 4174 4179 4180
f 4175 4181 4176
f 4176 4181 4182
f 4176 4182 4177
f 4177 4182 4183
f 4177 4183 4178
f 4178 4183 4184
f 4178 4184 4179
f 4179 4184 4185
f 4179 4185 4180
f 4180 4185 4186
f 4181 4187 4182
f 4182 4187 4188
f 4182 4188 4183
f 4183 4188 4189
f 4183 4189 4184
f 4184 4189 4190
f 4184 4190 4185
f 4185 4190 4191
f 4185 4191 4186
f 4186 4191 4192
f 4187 4193 4188
f 4188 4193 4194
f 4188 4194 4189
f 4189 4194 4195
f 4189 4195 4190
f 4190 4195 4196
f 4190 4196 4191
f 4191 4196 4197
f 4191 4197 4192
f 4192 4197 4198
f 4199 4205 4200
f 4200 4205 4206
f 4200 4206 4201
f 4201 4206 4207
f 4201 4207 4202
f 4202 4207 4208
f 4202 4208 4203
f 4203 4208 4209
f 4203 4209 4204
f 4204 4209 4210
f 4205 4211 4206
f 4206 4211 4212
f 4206 4212 4207
f 4207 4212 4213
f 4207 4213 4208
f 4208 4213 4214
f 4208 4214 4209
f 4209 4214 4215
f 4209 4215 4210
f 4210 4215 4216
f 4211 4217 4212
f 4212 4217 4218
f 4212 4218 4213
f 4213 4218 4219
f 4213 4219 4214
f 4214 4219 4220
f 4214 4220 4215
f 4215 4220 4221
f 4215 4221 4216
f 4216 4221 4222
f 4217 4223 4218
f 4218 4223 4224
f 4218 4224 4219
f 4219 4224 4225
f 4219 4225 4220
f 4220 4225 4226
f 4220 4226 4221
f 4221 4226 4227
f 4221 4227 4222
f 4222 4227 4228
f 4223 4229 4224
f 4224 4229 4230
f 4224 4230 4225
f 4225 4230 4231
f 4225 4231 4226
f 4226 4231 4232
f 4226 4232 4227
f 4227 4232 4233
f 4227 4233 4228
f 4228 4233 4234
f 4229 4235 4230
f 4230 4235 4236
f 4230 4236 4231
f 4231 4236 4237
f 4231 4237 4232
f 4232 4237 4238
f 4232 4238 4233
f 4233 4238 4239
f 4233 4239 4234
f 4234 4239 4240
f 4235 4241 4236
f 4236 4241 4242
f 4236 4242 4237
f 4237 4242 4243
f 4237 4243 4238
f 4238 4243 4244
f 4238 4244 4239
f 4239 4244 4245
f 4239 4245 4240
f 4240 4245 4246
f 4247 4257 4248
f 4248 4257 4258
f 4248 4258 4249
f 4249 4258 4259
f 4249 4259 4250
f 4250 4259 4260
f 4250 4260 4251
f 4251 4260 4261
f 4251 4261 4252
f 4252 4261 4262
f 4252 4262 4253
f 4253 4262 4263
f 4253 4263 4254
f 4254 4263 4264
f 4254 4264 4255
f 4255 4264 4265
f 4255 4265 4256
f 4256 4265 4266
f 4257 4267 4258
f 4258 4267 4268
f 4258 4268 4259
f 4259 4268 4269
f 4259 4269 4260
f 4260 4269 4270
f 4260 4270 4261
f 4261 4270 4271
f 4261 4271 4262
f 4262 4271 4272
f 4262 4272 4263
f 4263 4272 4273
f 4263 4273 4264
f 4264 4273 4274
f 4264 4274 4265
f 4265 4274 4275
f 4265 4275 4266
f 4266 4275 4276
f 4267 4277 4268
f 4268 4277 4278
f 4268 4278 4269
f 4269 4278 4279
f 4269 4279 4270
f 4270 4279 4280
f 4270 4280 4271
f 4271 4280 4281
f 4271 4281 4272
f 4272 4281 4282
f 4272 4282 4273
f 4273 4282 4283
f 4273 4283 4274
f 4274 4283 4284
f 4274 4284 4275
f 4275 4284 4285
f 4275 4285 4276
f 4276 4285 4286
f 4277 4287 4278
f 4278 4287 4288
f 4278 4288 4279
f 4279 4288 4289
f 4279 4289 4280
f 4280 4289 4290
f 4280 4290 4281
f 4281 4290 4291
f 4281 4291 4282
f 4282 4291 4292
f 4282 4292 4283
f 4283 4292 4293
f 4283 4293 4284
f 4284 4293 4294
f 4284 4294 4285
f 4285 4294 4295
f 4285 4295 4286
f 4286 4295 4296
f 4287 4297 4288
f 4288 4297 4298
f 4288 4298 4289
f 4289 4298 4299
f 4289 4299 4290
f 4290 4299 4300
f 4290 4300 4291
f 4291 4300 4301
f 4291 4301 4292
f 4292 4301 4302
f 4292 4302 4293
f 4293 4302 4303
f 4293 4303 4294
f 4294 4303 4304
f 4294 4304 4295
f 4295 4304 4305
f 4295 4305 4296
f 4296 4305 4306
f 4297 4307 4298
f 4298 4307 4308
f 4298 4308 4299
f 4299 4308 4309
f 4299 4309 4300
f 4300 4309 4310
f 4300 4310 4301
f 4301 4310 4311
f 4301 4311 4302
f 4302 4311 4312
f 4302 4312 4303
f 4303 4312 4313
f 4303 4313 4304
f 4304 4313 4314
f 4304 4314 4305
f 4305 4314 4315
f 4305 4315 4306
f 4306 4315 4316
f 4307 4317 4308
f 4308 4317 4318
f 4308 4318 4309
f 4309 4318 4319
f 4309 4319 4310
f 4310 4319 4320
f 4310 4320 4311
f 4311 4320 4321
f 4311 4321 4312
f 4312 4321 4322
f 4312 4322 4313
f 4313 4322 4323
f 4313 4323 4314
f 4314 4323 4324
f 4314 4324 4315
f 4315 4324 4325
f 4315 4325 4316
f 4316 4325 4326
f 4317 4327 4318
f 4318 4327 4328
f 4318 4328 4319
f 4319 4328 4329
f 4319 4329 4320
f 4320 4329 4330
f 4320 4330 4321
f 4321 4330 4331
f 4321 4331 4322
f 4322 4331 4332
f 4322 4332 4323
f 4323 4332 4333
f 4323 4333 4324
f 4324 4333 4334
f 4324 4334 4325
f 4325 4334 4335
f 4325 4335 4326
f 4326 4335 4336
f 4327 4337 4328
f 4328 4337 4338
f 4328 4338 4329
f 4329 4338 4339
f 4329 4339 4330
f 4330 4339 4340
f 4330 4340 4331
f 4331 4340 4341
f 4331 4341 4332
f 4332 4341 4342
f 4332 4342 4333
f 4333 4342 4343
f 4333 4343 4334
f 4334 4343 4344
f 4334 4344 4335
f 4335 4344 4345
f 4335 4345 4336
f 4336 4345 4346
f 4337 4347 4338
f 4338 4347 4348
f 4338 4348 4339
f 4339 4348 4349
f 4339 4349 4340
f 4340 4349 4350
f 4340 4350 4341
f 4341 4350 4351
f 4341 4351 4342
f 4342 4351 4352
f 4342 4352 4343
f 4343 4352 4353
f 4343 4353 4344
f 4344 4353 4354
f 4344 4354 4345
f 4345 4354 4355
f 4345 4355 4346
f 4346 4355 4356
f 4347 4357 4348
f 4348 4357 4358
f 4348 4358 4349
f 4349 4358 4359
f 4349 4359 4350
f 4350 4359 4360
f 4350 4360 4351
f 4351 4360 4361
f 4351 4361 4352
f 4352 4361 4362
f 4352 4362 4353
f 4353 4362 4363
f 4353 4363 4354
f 4354 4363 4364
f 4354 4364 4355
f 4355 4364 4365
f 4355 4365 4356
f 4356 4365 4366
f 4367 4377 4368
f 4368 4377 4378
f 4368 4378 4369
f 4369 4378 4379
f 4369 4379 4370
f 4370 4379 4380
f 4370 4380 4371
f 4371 4380 4381
f 4371 4381 4372
f 4372 4381 4382
f 4372 4382 4373
f 4373 4382 4383
f 4373 4383 4374
f 4374 4383 4384
f 4374 4384 4375
f 4375 4384 4385
f 4375 4385 4376
f 4376 4385 4386
f 4377 4387 4378
f 4378 4387 4388
f 4378 4388 4379
f 4379 4388 4389
f 4379 4389 4380
f 4380 4389 4390
f 4380 4390 4381
f 4381 4390 4391
f 4381 4391 4382
f 4382 4391 4392
f 4382 4392 4383
f 4383 4392 4393
f 4383 4393 4384
f 4384 4393 4394
f 4384 4394 4385
f 4385 4394 4395
f 4385 4395 4386
f 4386 4395 4396
f 4387 4397 4388
f 4388 4397 4398
f 4388 4398 4389
f 4389 4398 4399
f 4389 4399 4390
f 4390 4399 4400
f 4390 4400 4391
f 4391 4400 4401
f 4391 4401 4392
f 4392 4401 4402
f 4392 4402 4393
f 4393 4402 4403
f 4393 4403 4394
f 4394 4403 4404
f 4394 4404 4395
f 4395 4404 4405
f 4395 4405 4396
f 4396 4405 4406
f 4397 4407 4398
f 4398 4407 4408
f 4398 4408 4399
f 4399 4408 4409
f 4399 4409 4400
f 4400 4409 4410
f 4400 4410 4401
f 4401 4410 4411
f 4401 4411 4402
f 4402 4411 4412
f 4402 4412 4403
f 4403 4412 4413
f 4403 4413 4404
f 4404 4413 4414
f 4404 4414 4405
f 4405 4414 4415
f 4405 4415 4406
f 4406 4415 4416
f 4407 4417 4408
f 4408 4417 4418
f 4408 4418 4409
f 4409 4418 4419
f 4409 4419 4410
f 4410 4419 4420
f 4410 4420 4411
f 4411 4420 4421
f 4411 4421 4412
f 4412 4421 4422
f 4412 4422 4413
f 4413 4422 4423
f 4413 4423 4414
f 4414 4423 4424
f 4414 4424 4415
f 4415 4424 4425
f 4415 4425 4416
f 4416 4425 4426
f 4417 4427 4418
f 4418 4427 4428
f 4418 4428 4419
f 4419 4428 4429
f 4419 4429 4420
f 4420 4429 4430
f 4420 4430 4421
f 4421 4430 4431
f 4421 4431 4422
f 4422 4431 4432
f 4422 4432 4423
f 4423 4432 4433
f 4423 4433 4424
f 4424 4433 4434
f 4424 4434 4425
f 4425 4434 4435
f 4425 4435 4426
f 4426 4435 4436
f 4427 4437 4428
f 4428 4437 4438
f 4428 4438 4429
f 4429 4438 4439
f 4429 4439 4430
f 4430 4439 4440
f 4430 4440 4431
f 4431 4440 4441
f 4431 4441 4432
f 4432 4441 4442
f 4432 4442 4433
f 4433 4442 4443
f 4433 4443 4434
f 4434 4443 4444
f 4434 4444 4435
f 4435 4444 4445
f 4435 4445 4436
f 4436 4445 4446
f 4437 4447 4438
f 4438 4447 4448
f 4438 4448 4439
f 4439 4448 4449
f 4439 4449 4440
f 4440 4449 4450
f 4440 4450 4441
f 4441 4450 4451
f 4441 4451 4442
f 4442 4451 4452
f 4442 4452 4443
f 4443 4452 4453
f 4443 4453 4444
f 4444 4453 4454
f 4444 4454 4445
f 4445 4454 4455
f 4445 4455 4446
f 4446 4455 4456
f 4447 4457 4448
f 4448 4457 4458
f 4448 4458 4449
f 4449 4458 4459
f 4449 4459 4450
f 4450 4459 4460
f 4450 4460 4451
f 4451 4460 4461
f 4451 4461 4452
f 4452 4461 4462
f 4452 4462 4453
f 4453 4462 4463
f 4453 4463 4454
f 4454 4463 4464
f 4454 4464 4455
f 4455 4464 4465
f 4455 4465 4456
f 4456 4465 4466
f 4457 4467 4458
f 4458 4467 4468
f 4458 4468 4459
f 4459 4468 4469
f 4459 4469 4460
f 4460 4469 4470
f 4460 4470 4461
f 4461 4470 4471
f 4461 4471 4462
f 4462 4471 4472
f 4462 4472 4463
f 4463 4472 4473
f 4463 4473 4464
f 4464 4473 4474
f 4464 4474 4465
f 4465 4474 4475
f 4465 4475 4466
f 4466 4475 4476
f 4467 4477 4468
f 4468 4477 4478
f 4468 4478 4469
f 4469 4478 4479
f 4469 4479 4470
f 4470 4479 4480
f 4470 4480 4471
f 4471 4480 4481
f 4471 4481 4472
f 4472 4481 4482
f 4472 4482 4473
f 4473 4482 4483
f 4473 4483 4474
f 4474 4483 4484
f 4474 4484 4475
f 4475 4484 4485
f 4475 4485 4476
f 4476 4485 4486
f 4487 4497 4488
f 4488 4497 4498
f 4488 4498 4489
f 4489 4498 4499
f 4489 4499 4490
f 4490 4499 4500
f 4490 4500 4491
f 4491 4500 4501
f 4491 4501 4492
f 4492 4501 4502
f 4492 4502 4493
f 4493 4502 4503
f 4493 4503 4494
f 4494 4503 4504
f 4494 4504 4495
f 4495 4504 4505
f 4495 4505 4496
f 4496 4505 4506
f 4497 4507 4498
f 4498 4507 4508
f 4498 4508 4499
f 4499 4508 4509
f 4499 4509 4500
f 4500 4509 4510
f 4500 4510 4501
f 4501 4510 4511
f 4501 4511 4502
f 4502 4511 4512
f 4502 4512 4503
f 4503 4512 4513
f 4503 4513 4504
f 4504 4513 4514
f 4504 4514 4505
f 4505 4514 4515
f 4505 4515 4506
f 4506 4515 4516
f 4507 4517 4508
f 4508 4517 4518
f 4508 4518 4509
f 4509 4518 4519
f 4509 4519 4510
f 4510 4519 4520
f 4510 4520 4511
f 4511 4520 4521
f 4511 4521 4512
f 4512 4521 4522
f 4512 4522 4513
f 4513 4522 4523
f 4513 4523 4514
f 4514 4523 4524
f 4514 4524 4515
f 4515 4524 4525
f 4515 4525 4516
f 4516 4525 4526
f 4517 4527 4518
f 4518 4527 4528
f 4518 4528 4519
f 4519 4528 4529
f 4519 4529 4520
f 4520 4529 4530
f 4520 4530 4521
f 4521 4530 4531
f 4521 4531 4522
f 4522 4531 4532
f 4522 4532 4523
f 4523 4532 4533
f 4523 4533 4524
f 4524 4533 4534
f 4524 4534 4525
f 4525 4534 4535
f 4525 4535 4526
f 4526 4535 4536
f 4527 4537 4528
f 4528 4537 4538
f 4528 4538 4529
f 4529 4538 4539
f 4529 4539 4530
f 4530 4539 4540
f 4530 4540 4531
f 4531 4540 4541
f 4531 4541 4532
f 4532 4541 4542
f 4532 4542 4533
f 4533 4542 4543
f 4533 4543 4534
f 4534 4543 4544
f 4534 4544 4535
f 4535 4544 4545
f 4535 4545 4536
f 4536 4545 4546
f 4537 4547 4538
f 4538 4547 4548
f 4538 4548 4539
f 4539 4548 4549
f 4539 4549 4540
f 4540 4549 4550
f 4540 4550 4541
f 4541 4550 4551
f 4541 4551 4542
f 4542 4551 4552
f 4542 4552 4543
f 4543 4552 4553
f 4543 4553 4544
f 4544 4553 4554
f 4544 4554 4545
f 4545 4554 4555
f 4545 4555 4546
f 4546 4555 4556
f 4547 4557 4548
f 4548 4557 4558
f 4548 4558 4549
f 4549 4558 4559
f 4549 4559 4550
f 4550 4559 4560
f 4550 4560 4551
f 4551 4560 4561
f 4551 4561 4552
f 4552 4561 4562
f 4552 4562 4553
f 4553 4562 4563
f 4553 4563 4554
f 4554 4563 4564
f 4554 4564 4555
f 4555 4564 4565
f 4555 4565 4556
f 4556 4565 4566
f 4557 4567 4558
f 4558 4567 4568
f 4558 4568 4559
f 4559 4568 4569
f 4559 4569 4560
f 4560 4569 4570
f 4560 4570 4561
f 4561 4570 4571
f 4561 4571 4562
f 4562 4571 4572
f 4562 4572 4563
f 4563 4572 4573
f 4563 4573 4564
f 4564 4573 4574
f 4564 4574 4565
f 4565 4574 4575
f 4565 4575 4566
f 4566 4575 4576
f 4567 4577 4568
f 4568 4577 4578
f 4568 4578 4569
f 4569 4578 4579
f 4569 4579 4570
f 4570 4579 4580
f 4570 4580 4571
f 4571 4580 4581
f 4571 4581 4572
f 4572 4581 4582
f 4572 4582 4573
f 4573 4582 4583
f 4573 4583 4574
f 4574 4583 4584
f 4574 4584 4575
f 4575 4584 4585
f 4575 4585 4576
f 4576 4585 4586
f 4577 4587 4578
f 4578 4587 4588
f 4578 4588 4579
f 4579 4588 4589
f 4579 4589 4580
f 4580 4589 4590
f 4580 4590 4581
f 4581 4590 4591
f 4581 4591 4582
f 4582 4591 4592
f 4582 4592 4583
f 4583 4592 4593
f 4583 4593 4584
f 4584 4593 4594
f 4584 4594 4585
f 4585 4594 4595
f 4585 4595 4586
f 4586 4595 4596
f 4587 4597 4588
f 4588 4597 4598
f 4588 4598 4589
f 4589 4598 4599
f 4589 4599 4590
f 4590 4599 4600
f 4590 4600 4591
f 4591 4600 4601
f 4591 4601 4592
f 4592 4601 4602
f 4592 4602 4593
f 4593 4602 4603
f 4593 4603 4594
f 4594 4603 4604
f 4594 4604 4595
f 4595 4604 4605
f 4595 4605 4596
f 4596 4605 4606
f 4607 4617 4608
f 4608 4617 4618
f 4608 4618 4609
f 4609 4618 4619
f 4609 4619 4610
f 4610 4619 4620
f 4610 4620 4611
f 4611 4620 4621
f 4611 4621 4612
f 4612 4621 4622
f 4612 4622 4613
f 4613 4622 4623
f 4613 4623 4614
f 4614 4623 4624
f 4614 4624 4615
f 4615 4624 4625
f 4615 4625 4616
f 4616 4625 4626
f 4617 4627 4618
f 4618 4627 4628
f 4618 4628 4619
f 4619 4628 4629
f 4619 4629 4620
f 4620 4629 4630
f 4620 4630 4621
f 4621 4630 4631
f 4621 4631 4622
f 4622 4631 4632
f 4622 4632 4623
f 4623 4632 4633
f 4623 4633 4624
f 4624 4633 4634
f 4624 4634 4625
f 4625 4634 4635
f 4625 4635 4626
f 4626 4635 4636
f 4627 4637 4628
f 4628 4637 4638
f 4628 4638 4629
f 4629 4638 4639
f 4629 4639 4630
f 4630 4639 4640
f 4630 4640 4631
f 4631 4640 4641
f 4631 4641 4632
f 4632 4641 4642
f 4632 4642 4633
f 4633 4642 4643
f 4633 4643 4634
f 4634 4643 4644
f 4634 4644 4635
f 4635 4644 4645
f 4635 4645 4636
f 4636 4645 4646
f 4637 4647 4638
f 4638 4647 4648
f 4638 4648 4639
f 4639 4648 4649
f 4639 4649 4640
f 4640 4649 4650
f 4640 4650 4641
f 4641 4650 4651
f 4641 4651 4642
f 4642 4651 4652
f 4642 4652 4643
f 4643 4652 4653
f 4643 4653 4644
f 4644 4653 4654
f 4644 4654 4645
f 4645 4654 4655
f 4645 4655 4646
f 4646 4655 4656
f 4647 4657 4648
f 4648 4657 4658
f 4648 4658 4649
f 4649 4658 4659
f 4649 4659 4650
f 4650 4659 4660
f 4650 4660 4651
f 4651 4660 4661
f 4651 4661 4652
f 4652 4661 4662
f 4652 4662 4653
f 4653 4662 4663
f 4653 4663 4654
f 4654 4663 4664
f 4654 4664 4655
f 4655 4664 4665
f 4655 4665 4656
f 4656 4665 4666
f 4657 4667 4658
f 4658 4667 4668
f 4658 4668 4659
f 4659 4668 4669
f 4659 4669 4660
f 4660 4669 4670
f 4660 4670 4661
f 4661 4670 4671
f 4661 4671 4662
f 4662 4671 4672
f 4662 4672 4663
f 4663 4672 4673
f 4663 4673 4664
f 4664 4673 4674
f 4664 4674 4665
f 4665 4674 4675
f 4665 4675 4666
f 4666 4675 4676
f 4667 4677 4668
f 4668 4677 4678
f 4668 4678 4669
f 4669 4678 4679
f 4669 4679 4670
f 4670 4679 4680
f 4670 4680 4671
f 4671 4680 4681
f 4671 4681 4672
f 4672 4681 4682
f 4672 4682 4673
f 4673 4682 4683
f 4673 4683 4674
f 4674 4683 4684
f 4674 4684 4675
f 4675 4684 4685
f 4675 4685 4676
f 4676 4685 4686
f 4677 4687 4678
f 4678 4687 4688
f 4678 4688 4679
f 4679 4688 4689
f 4679 4689 4680
f 4680 4689 4690
f 4680 4690 4681
f 4681 4690 4691
f 4681 4691 4682
f 4682 4691 4692
f 4682 4692 4683
f 4683 4692 4693
f 4683 4693 4684
f 4684 4693 4694
f 4684 4694 4685
f 4685 4694 4695
f 4685 4695 4686
f 4686 4695 4696
f 4687 4697 4688
f 4688 4697 4698
f 4688 4698 4689
f 4689 4698 4699
f 4689 4699 4690
f 4690 4699 4700
f 4690 4700 4691
f 4691 4700 4701
f 4691 4701 4692
f 4692 4701 4702
f 4692 4702 4693
f 4693 4702 4703
f 4693 4703 4694
f 4694 4703 4704
f 4694 4704 4695
f 4695 4704 4705
f 4695 4705 4696
f 4696 4705 4706
f 4697 4707 4698
f 4698 4707 4708
f 4698 4708 4699
f 4699 4708 4709
f 4699 4709 4700
f 4700 4709 4710
f 4700 4710 4701
f 4701 4710 4711
f 4701 4711 4702
f 4702 4711 4712
f 4702 4712 4703
f 4703 4712 4713
f 4703 4713 4704
f 4704 4713 4714
f 4704 4714 4705
f 4705 4714 4715
f 4705 4715 4706
f 4706 4715 4716
f 4707 4717 4708
f 4708 4717 4718
f 4708 4718 4709
f 4709 4718 4719
f 4709 4719 4710
f 4710 4719 4720
f 4710 4720 4711
f 4711 4720 4721
f 4711 4721 4712
f 4712 4721 4722
f 4712 4722 4713
f 4713 4722 4723
f 4713 4723 4714
f 4714 4723 4724
f 4714 4724 4715
f 4715 4724 4725
f 4715 4725 4716
f 4716 4725 4726
v -0.11073 1.05529 0.08934 0.19462 0.32314 0.13843
v -0.11167 1.05272 0.09028 0.19462 0.32314 0.13843
v -0.11167 1.05623 0.08677 0.19462 0.32314 0.13843
v -0.11167 1.05272 0.09028 0.19462 0.32314 0.13843
v -0.11324 1.05351 0.08756 0.19462 0.32314 0.13843
v -0.11167 1.05623 0.08677 0.19462 0.32314 0.13843
v -0.11167 1.05623 0.08677 0.19462 0.32314 0.13843
v -0.11324 1.05351 0.08756 0.19462 0.32314 0.13843
v -0.11209 1.05665 0.08326 0.19462 0.32314 0.13843
v -0.11324 1.05351 0.08756 0.19462 0.32314 0.13843
v -0.11407 1.05392 0.08326 0.19462 0.32314 0.13843
v -0.11209 1.05665 0.08326 0.19462 0.32314 0.13843
v -0.11209 1.05665 0.08326 0.19462 0.32314 0.13843
v -0.11407 1.05392 0.08326 0.19462 0.32314 0.13843
v -0.11209 1.05665 -0.08326 0.19462 0.32314 0.13843
v -0.11407 1.05392 0.08326 0.19462 0.32314 0.13843
v -0.11407 1.05392 -0.08326 0.19462 0.32314 0.13843
v -0.11209 1.05665 -0.08326 0.19462 0.32314 0.13843
v -0.11209 1.05665 -0.08326 0.19462 0.32314 0.13843
v -0.11407 1.05392 -0.08326 0.19462 0.32314 0.13843
v -0.11167 1.05623 -0.08677 0.19462 0.32314 0.13843
v -0.11407 1.05392 -0.08326 0.19462 0.32314 0.13843
v -0.11324 1.05351 -0.08756 0.19462 0.32314 0.13843
v -0.11167 1.05623 -0.08677 0.19462 0.32314 0.13843
v -0.11167 1.05623 -0.08677 0.19462 0.32314 0.13843
v -0.11324 1.05351 -0.08756 0.19462 0.32314 0.13843
v -0.11073 1.05529 -0.08934 0.19462 0.32314 0.13843
v -0.11324 1.05351 -0.08756 0.19462 0.32314 0.13843
v -0.11167 1.05272 -0.09028 0.19462 0.32314 0.13843
v -0.11073 1.05529 -0.08934 0.19462 0.32314 0.13843
v -0.11167 1.05272 0.09028 0.19462 0.32314 0.13843
v -0.11209 1.04921 0.09070 0.19462 0.32314 0.13843
v -0.11324 1.05351 0.08756 0.19462 0.32314 0.13843
v -0.11209 1.04921 0.09070 0.19462 0.32314 0.13843
v -0.11407 1.04921 0.08797 0.19462 0.32314 0.13843
v -0.11324 1.05351 0.08756 0.19462 0.32314 0.13843
v -0.11324 1.05351 0.08756 0.19462 0.32314 0.13843
v -0.11407 1.04921 0.08797 0.19462 0.32314 0.13843
v -0.11407 1.05392 0.08326 0.19462 0.32314 0.13843
v -0.11407 1.04921 0.08797 0.19462 0.32314 0.13843
v -0.11518 1.04921 0.08326 0.19462 0.32314 0.13843
v -0.11407 1.05392 0.08326 0.19462 0.32314 0.13843
v -0.11407 1.05392 0.08326 0.19462 0.32314 0.13843
v -0.11518 1.04921 0.08326 0.19462 0.32314 0.13843
v -0.11407 1.05392 -0.08326 0.19462 0.32314 0.13843
v -0.11518 1.04921 0.08326 0.19462 0.32314 0.13843
v -0.11518 1.04921 -0.08326 0.19462 0.32314 0.13843
v -0.11407 1.05392 -0.08326 0.19462 0.32314 0.13843
v -0.11407 1.05392 -0.08326 0.19462 0.32314 0.13843
v -0.11518 1.04921 -0.08326 0.19462 0.32314 0.13843
v -0.11324 1.05351 -0.08756 0.19462 0.32314 0.13843
v -0.11518 1.04921 -0.08326 0.19462 0.32314 0.13843
v -0.11407 1.04921 -0.08797 0.19462 0.32314 0.13843
v -0.11324 1.05351 -0.08756 0.19462 0.32314 0.13843
v -0.11324 1.05351 -0.08756 0.19462 0.32314 0.13843
v -0.11407 1.04921 -0.08797 0.19462 0.32314 0.13843
v -0.11167 1.05272 -0.09028 0.19462 0.32314 0.13843
v -0.11407 1.04921 -0.08797 0.19462 0.32314 0.13843
v -0.11209 1.04921 -0.09070 0.19462 0.32314 0.13843
v -0.11167 1.05272 -0.09028 0.19462 0.32314 0.13843
v -0.11209 1.04921 0.09070 0.19462 0.32314 0.13843
v -0.11209 0.98251 0.09070 0.19462 0.32314 0.13843
v -0.11407 1.04921 0.08797 0.19462 0.32314 0.13843
v -0.11209 0.98251 0.09070 0.19462 0.32314 0.13843
v -0.11407 0.98251 0.08797 0.19462 0.32314 0.13843
v -0.11407 1.04921 0.08797 0.19462 0.32314 0.13843
v -0.11407 1.04921 0.08797 0.19462 0.32314 0.13843
v -0.11407 0.98251 0.08797 0.19462 0.32314 0.13843
v -0.11518 1.04921 0.08326 0.19462 0.32314 0.13843
v -0.11407 0.98251 0.08797 0.19462 0.32314 0.13843
v -0.11518 0.98251 0.08326 0.19462 0.32314 0.13843
v -0.11518 1.04921 0.08326 0.19462 0.32314 0.13843
v -0.11518 1.04921 0.08326 0.19462 0.32314 0.13843
v -0.11518 0.98251 0.08326 0.19462 0.32314 0.13843
v -0.11518 1.04921 -0.08326 0.19462 0.32314 0.13843
v -0.11518 0.98251 0.08326 0.19462 0.32314 0.13843
v -0.11518 0.98251 -0.08326 0.19462 0.32314 0.13843
v -0.11518 1.04921 -0.08326 0.19462 0.32314 0.13843
v -0.11518 1.04921 -0.08326 0.19462 0.32314 0.13843
v -0.11518 0.98251 -0.08326 0.19462 0.32314 0.13843
v -0.11407 1.04921 -0.08797 0.19462 0.32314 0.13843
v -0.11518 0.98251 -0.08326 0.19462 0.32314 0.13843
v -0.11407 0.98251 -0.08797 0.19462 0.32314 0.13843
v -0.11407 1.04921 -0.08797 0.19462 0.32314 0.13843
v -0.11407 1.04921 -0.08797 0.19462 0.32314 0.13843
v -0.11407 0.98251 -0.08797 0.19462 0.32314 0.13843
v -0.11209 1.04921 -0.09070 0.19462 0.32314 0.13843
v -0.11407 0.98251 -0.08797 0.19462 0.32314 0.13843
v -0.11209 0.98251 -0.09070 0.19462 0.32314 0.13843
v -0.11209 1.04921 -0.09070 0.19462 0.32314 0.13843
v -0.11209 0.98251 0.09070 0.19462 0.32314 0.13843
v -0.11167 0.97900 0.09028 0.19462 0.32314 0.13843
v -0.11407 0.98251 0.08797 0.19462 0.32314 0.13843
v -0.11167 0.97900 0.09028 0.19462 0.32314 0.13843
v -0.11324 0.97821 0.08756 0.19462 0.32314 0.13843
v -0.11407 0.98251 0.08797 0.19462 0.32314 0.13843
v -0.11407 0.98251 0.08797 0.19462 0.32314 0.13843
v -0.11324 0.97821 0.08756 0.19462 0.32314 0.13843
v -0.11518 0.98251 0.08326 0.19462 0.32314 0.13843
v -0.11324 0.97821 0.08756 0.19462 0.32314 0.13843
v -0.11407 0.97780 0.08326 0.19462 0.32314 0.13843
v -0.11518 0.98251 0.08326 0.19462 0.32314 0.13843
v -0.11518 0.98251 0.08326 0.19462 0.32314 0.13843
v -0.11407 0.97780 0.08326 0.19462 0.32314 0.13843
v -0.11518 0.98251 -0.08326 0.19462 0.32314 0.13843
v -0.11407 0.97780 0.08326 0.19462 0.32314 0.13843
v -0.11407 0.97780 -0.08326 0.19462 0.32314 0.13843
v -0.11518 0.98251 -0.08326 0.19462 0.32314 0.13843
v -0.11518 0.98251 -0.08326 0.19462 0.32314 0.13843
v -0.11407 0.97780 -0.08326 0.19462 0.32314 0.13843
v -0.11407 0.98251 -0.08797 0.19462 0.32314 0.13843
v -0.11407 0.97780 -0.08326 0.19462 0.32314 0.13843
v -0.11324 0.97821 -0.08756 0.19462 0.32314 0.13843
v -0.11407 0.98251 -0.08797 0.19462 0.32314 0.13843
v -0.11407 0.98251 -0.08797 0.19462 0.32314 0.13843
v -0.11324 0.97821 -0.08756 0.19462 0.32314 0.13843
v -0.11209 0.98251 -0.09070 0.19462 0.32314 0.13843
v -0.11324 0.97821 -0.08756 0.19462 0.32314 0.13843
v -0.11167 0.97900 -0.09028 0.19462 0.32314 0.13843
v -0.11209 0.98251 -0.09070 0.19462 0.32314 0.13843
v -0.11167 0.97900 0.09028 0.19462 0.32314 0.13843
v -0.11073 0.97643 0.08934 0.19462 0.32314 0.13843
v -0.11324 0.97821 0.08756 0.19462 0.32314 0.13843
v -0.11073 0.97643 0.08934 0.19462 0.32314 0.13843
v -0.11167 0.97549 0.08677 0.19462 0.32314 0.13843
v -0.11324 0.97821 0.08756 0.19462 0.32314 0.13843
v -0.11324 0.97821 0.08756 0.19462 0.32314 0.13843
v -0.11167 0.97549 0.08677 0.19462 0.32314 0.13843
v -0.11407 0.97780 0.08326 0.19462 0.32314 0.13843
v -0.11167 0.97549 0.08677 0.19462 0.32314 0.13843
v -0.11209 0.97507 0.08326 0.19462 0.32314 0.13843
v -0.11407 0.97780 0.08326 0.19462 0.32314 0.13843
v -0.11407 0.97780 0.08326 0.19462 0.32314 0.13843
v -0.11209 0.97507 0.08326 0.19462 0.32314 0.13843
v -0.11407 0.97780 -0.08326 0.19462 0.32314 0.13843
v -0.11209 0.97507 0.08326 0.19462 0.32314 0.13843
v -0.11209 0.97507 -0.08326 0.19462 0.32314 0.13843
v -0.11407 0.97780 -0.08326 0.19462 0.32314 0.13843
v -0.11407 0.97780 -0.08326 0.19462 0.32314 0.13843
v -0.11209 0.97507 -0.08326 0.19462 0.32314 0.13843
v -0.11324 0.97821 -0.08756 0.19462 0.32314 0.13843
v -0.11209 0.97507 -0.08326 0.19462 0.32314 0.13843
v -0.11167 0.97549 -0.08677 0.19462 0.32314 0.13843
v -0.11324 0.97821 -0.08756 0.19462 0.32314 0.13843
v -0.11324 0.97821 -0.08756 0.19462 0.32314 0.13843
v -0.11167 0.97549 -0.08677 0.19462 0.32314 0.13843
v -0.11167 0.97900 -0.09028 0.19462 0.32314 0.13843
v -0.11167 0.97549 -0.08677 0.19462 0.32314 0.13843
v -0.11073 0.97643 -0.08934 0.19462 0.32314 0.13843
v -0.11167 0.97900 -0.09028 0.19462 0.32314 0.13843
v 0.11073 1.05529 -0.08934 0.19462 0.32314 0.13843
v 0.11167 1.05272 -0.09028 0.19462 0.32314 0.13843
v 0.11167 1.05623 -0.08677 0.19462 0.32314 0.13843
v 0.11167 1.05272 -0.09028 0.19462 0.32314 0.13843
v 0.11324 1.05351 -0.08756 0.19462 0.32314 0.13843
v 0.11167 1.05623 -0.08677 0.19462 0.32314 0.13843
v 0.11167 1.05623 -0.08677 0.19462 0.32314 0.13843
v 0.11324 1.05351 -0.08756 0.19462 0.32314 0.13843
v 0.11209 1.05665 -0.08326 0.19462 0.32314 0.13843
v 0.11324 1.05351 -0.08756 0.19462 0.32314 0.13843
v 0.11407 1.05392 -0.08326 0.19462 0.32314 0.13843
v 0.11209 1.05665 -0.08326 0.19462 0.32314 0.13843
v 0.11209 1.05665 -0.08326 0.19462 0.32314 0.13843
v 0.11407 1.05392 -0.08326 0.19462 0.32314 0.13843
v 0.11209 1.05665 0.08326 0.19462 0.32314 0.13843
v 0.11407 1.05392 -0.08326 0.19462 0.32314 0.13843
v 0.11407 1.05392 0.08326 0.19462 0.32314 0.13843
v 0.11209 1.05665 0.08326 0.19462 0.32314 0.13843
v 0.11209 1.05665 0.08326 0.19462 0.32314 0.13843
v 0.11407 1.05392 0.08326 0.19462 0.32314 0.13843
v 0.11167 1.05623 0.08677 0.19462 0.32314 0.13843
v 0.11407 1.05392 0.08326 0.19462 0.32314 0.13843
v 0.11324 1.05351 0.08756 0.19462 0.32314 0.13843
v 0.11167 1.05623 0.08677 0.19462 0.32314 0.13843
v 0.11167 1.05623 0.08677 0.19462 0.32314 0.13843
v 0.11324 1.05351 0.08756 0.19462 0.32314 0.13843
v 0.11073 1.05529 0.08934 0.19462 0.32314 0.13843
v 0.11324 1.05351 0.08756 0.19462 0.32314 0.13843
v 0.11167 1.05272 0.09028 0.19462 0.32314 0.13843
v 0.11073 1.05529 0.08934 0.19462 0.32314 0.13843
v 0.11167 1.05272 -0.09028 0.19462 0.32314 0.13843
v 0.11209 1.04921 -0.09070 0.19462 0.32314 0.13843
v 0.11324 1.05351 -0.08756 0.19462 0.32314 0.13843
v 0.11209 1.04921 -0.09070 0.19462 0.32314 0.13843
v 0.11407 1.04921 -0.08797 0.19462 0.32314 0.13843
v 0.11324 1.05351 -0.08756 0.19462 0.32314 0.13843
v 0.11324 1.05351 -0.08756 0.19462 0.32314 0.13843
v 0.11407 1.04921 -0.08797 0.19462 0.32314 0.13843
v 0.11407 1.05392 -0.08326 0.19462 0.32314 0.13843
v 0.11407 1.04921 -0.08797 0.19462 0.32314 0.13843
v 0.11518 1.04921 -0.08326 0.19462 0.32314 0.13843
v 0.11407 1.05392 -0.08326 0.19462 0.32314 0.13843
v 0.11407 1.05392 -0.08326 0.19462 0.32314 0.13843
v 0.11518 1.04921 -0.08326 0.19462 0.32314 0.13843
v 0.11407 1.05392 0.08326 0.19462 0.32314 0.13843
v 0.11518 1.04921 -0.08326 0.19462 0.32314 0.13843
v 0.11518 1.04921 0.08326 0.19462 0.32314 0.13843
v 0.11407 1.05392 0.08326 0.19462 0.32314 0.13843
v 0.11407 1.05392 0.08326 0.19462 0.32314 0.13843
v 0.11518 1.04921 0.08326 0.19462 0.32314 0.13843
v 0.11324 1.05351 0.08756 0.19462 0.32314 0.13843
v 0.11518 1.04921 0.08326 0.19462 0.32314 0.13843
v 0.11407 1.04921 0.08797 0.19462 0.32314 0.13843
v 0.11324 1.05351 0.08756 0.19462 0.32314 0.13843
v 0.11324 1.05351 0.08756 0.19462 0.32314 0.13843
v 0.11407 1.04921 0.08797 0.19462 0.32314 0.13843
v 0.11167 1.05272 0.09028 0.19462 0.32314 0.13843
v 0.11407 1.04921 0.08797 0.19462 0.32314 0.13843
v 0.11209 1.04921 0.09070 0.19462 0.32314 0.13843
v 0.11167 1.05272 0.09028 0.19462 0.32314 0.13843
v 0.11209 1.04921 -0.09070 0.19462 0.32314 0.13843
v 0.11209 0.98251 -0.09070 0.19462 0.32314 0.13843
v 0.11407 1.04921 -0.08797 0.19462 0.32314 0.13843
v 0.11209 0.98251 -0.09070 0.19462 0.32314 0.13843
v 0.11407 0.98251 -0.08797 0.19462 0.32314 0.13843
v 0.11407 1.04921 -0.08797 0.19462 0.32314 0.13843
v 0.11407 1.04921 -0.08797 0.19462 0.32314 0.13843
v 0.11407 0.98251 -0.08797 0.19462 0.32314 0.13843
v 0.11518 1.04921 -0.08326 0.19462 0.32314 0.13843
v 0.11407 0.98251 -0.08797 0.19462 0.32314 0.13843
v 0.11518 0.98251 -0.08326 0.19462 0.32314 0.13843
v 0.11518 1.04921 -0.08326 0.19462 0.32314 0.13843
v 0.11518 1.04921 -0.08326 0.19462 0.32314 0.13843
v 0.11518 0.98251 -0.08326 0.19462 0.32314 0.13843
v 0.11518 1.04921 0.08326 0.19462 0.32314 0.13843
v 0.11518 0.98251 -0.08326 0.19462 0.32314 0.13843
v 0.11518 0.98251 0.08326 0.19462 0.32314 0.13843
v 0.11518 1.04921 0.08326 0.19462 0.32314 0.13843
v 0.11518 1.04921 0.08326 0.19462 0.32314 0.13843
v 0.11518 0.98251 0.08326 0.19462 0.32314 0.13843
v 0.11407 1.04921 0.08797 0.19462 0.32314 0.13843
v 0.11518 0.98251 0.08326 0.19462 0.32314 0.13843
v 0.11407 0.98251 0.08797 0.19462 0.32314 0.13843
v 0.11407 1.04921 0.08797 0.19462 0.32314 0.13843
v 0.11407 1.04921 0.08797 0.19462 0.32314 0.13843
v 0.11407 0.98251 0.08797 0.19462 0.32314 0.13843
v 0.11209 1.04921 0.09070 0.19462 0.32314 0.13843
v 0.11407 0.98251 0.08797 0.19462 0.32314 0.13843
v 0.11209 0.98251 0.09070 0.19462 0.32314 0.13843
v 0.11209 1.04921 0.09070 0.19462 0.32314 0.13843
v 0.11209 0.98251 -0.09070 0.19462 0.32314 0.13843
v 0.11167 0.97900 -0.09028 0.19462 0.32314 0.13843
v 0.11407 0.98251 -0.08797 0.19462 0.32314 0.13843
v 0.11167 0.97900 -0.09028 0.19462 0.32314 0.13843
v 0.11324 0.97821 -0.08756 0.19462 0.32314 0.13843
v 0.11407 0.98251 -0.08797 0.19462 0.32314 0.13843
v 0.11407 0.98251 -0.08797 0.19462 0.32314 0.13843
v 0.11324 0.97821 -0.08756 0.19462 0.32314 0.13843
v 0.11518 0.98251 -0.08326 0.19462 0.32314 0.13843
v 0.11324 0.97821 -0.08756 0.19462 0.32314 0.13843
v 0.11407 0.97780 -0.08326 0.19462 0.32314 0.13843
v 0.11518 0.98251 -0.08326 0.19462 0.32314 0.13843
v 0.11518 0.98251 -0.08326 0.19462 0.32314 0.13843
v 0.11407 0.97780 -0.08326 0.19462 0.32314 0.13843
v 0.11518 0.98251 0.08326 0.19462 0.32314 0.13843
v 0.11407 0.97780 -0.08326 0.19462 0.32314 0.13843
v 0.11407 0.97780 0.08326 0.19462 0.32314 0.13843
v 0.11518 0.98251 0.08326 0.19462 0.32314 0.13843
v 0.11518 0.98251 0.08326 0.19462 0.32314 0.13843
v 0.11407 0.97780 0.08326 0.19462 0.32314 0.13843
v 0.11407 0.98251 0.08797 0.19462 0.32314 0.13843
v 0.11407 0.97780 0.08326 0.19462 0.32314 0.13843
v 0.11324 0.97821 0.08756 0.19462 0.32314 0.13843
v 0.11407 0.98251 0.08797 0.19462 0.32314 0.13843
v 0.11407 0.98251 0.08797 0.19462 0.32314 0.13843
v 0.11324 0.97821 0.08756 0.19462 0.32314 0.13843
v 0.11209 0.98251 0.09070 0.19462 0.32314 0.13843
v 0.11324 0.97821 0.08756 0.19462 0.32314 0.13843
v 0.11167 0.97900 0.09028 0.19462 0.32314 0.13843
v 0.11209 0.98251 0.09070 0.19462 0.32314 0.13843
v 0.11167 0.97900 -0.09028 0.19462 0.32314 0.13843
v 0.11073 0.97643 -0.08934 0.19462 0.32314 0.13843
v 0.11324 0.97821 -0.08756 0.19462 0.32314 0.13843
v 0.11073 0.97643 -0.08934 0.19462 0.32314 0.13843
v 0.11167 0.97549 -0.08677 0.19462 0.32314 0.13843
v 0.11324 0.97821 -0.08756 0.19462 0.32314 0.13843
v 0.11324 0.97821 -0.08756 0.19462 0.32314 0.13843
v 0.11167 0.97549 -0.08677 0.19462 0.32314 0.13843
v 0.11407 0.97780 -0.08326 0.19462 0.32314 0.13843
v 0.11167 0.97549 -0.08677 0.19462 0.32314 0.13843
v 0.11209 0.97507 -0.08326 0.19462 0.32314 0.13843
v 0.11407 0.97780 -0.08326 0.19462 0.32314 0.13843
v 0.11407 0.97780 -0.08326 0.19462 0.32314 0.13843
v 0.11209 0.97507 -0.08326 0.19462 0.32314 0.13843
v 0.11407 0.97780 0.08326 0.19462 0.32314 0.13843
v 0.11209 0.97507 -0.08326 0.19462 0.32314 0.13843
v 0.11209 0.97507 0.08326 0.19462 0.32314 0.13843
v 0.11407 0.97780 0.08326 0.19462 0.32314 0.13843
v 0.11407 0.97780 0.08326 0.19462 0.32314 0.13843
v 0.11209 0.97507 0.08326 0.19462 0.32314 0.13843
v 0.11324 0.97821 0.08756 0.19462 0.32314 0.13843
v 0.11209 0.97507 0.08326 0.19462 0.32314 0.13843
v 0.11167 0.97549 0.08677 0.19462 0.32314 0.13843
v 0.11324 0.97821 0.08756 0.19462 0.32314 0.13843
v 0.11324 0.97821 0.08756 0.19462 0.32314 0.13843
v 0.11167 0.97549 0.08677 0.19462 0.32314 0.13843
v 0.11167 0.97900 0.09028 0.19462 0.32314 0.13843
v 0.11167 0.97549 0.08677 0.19462 0.32314 0.13843
v 0.11073 0.97643 0.08934 0.19462 0.32314 0.13843
v 0.11167 0.97900 0.09028 0.19462 0.32314 0.13843
v 0.11073 1.05529 -0.08934 0.19462 0.32314 0.13843
v 0.11167 1.05623 -0.08677 0.19462 0.32314 0.13843
v 0.10816 1.05623 -0.09028 0.19462 0.32314 0.13843
v 0.11167 1.05623 -0.08677 0.19462 0.32314 0.13843
v 0.10895 1.05780 -0.08756 0.19462 0.32314 0.13843
v 0.10816 1.05623 -0.09028 0.19462 0.32314 0.13843
v 0.10816 1.05623 -0.09028 0.19462 0.32314 0.13843
v 0.10895 1.05780 -0.08756 0.19462 0.32314 0.13843
v 0.10465 1.05665 -0.09070 0.19462 0.32314 0.13843
v 0.10895 1.05780 -0.08756 0.19462 0.32314 0.13843
v 0.10465 1.05863 -0.08797 0.19462 0.32314 0.13843
v 0.10465 1.05665 -0.09070 0.19462 0.32314 0.13843
v 0.10465 1.05665 -0.09070 0.19462 0.32314 0.13843
v 0.10465 1.05863 -0.08797 0.19462 0.32314 0.13843
v -0.10465 1.05665 -0.09070 0.19462 0.32314 0.13843
v 0.10465 1.05863 -0.08797 0.19462 0.32314 0.13843
v -0.10465 1.05863 -0.08797 0.19462 0.32314 0.13843
v -0.10465 1.05665 -0.09070 0.19462 0.32314 0.13843
v -0.10465 1.05665 -0.09070 0.19462 0.32314 0.13843
v -0.10465 1.05863 -0.08797 0.19462 0.32314 0.13843
v -0.10816 1.05623 -0.09028 0.19462 0.32314 0.13843
v -0.10465 1.05863 -0.08797 0.19462 0.32314 0.13843
v -0.10895 1.05780 -0.08756 0.19462 0.32314 0.13843
v -0.10816 1.05623 -0.09028 0.19462 0.32314 0.13843
v -0.10816 1.05623 -0.09028 0.19462 0.32314 0.13843
v -0.10895 1.05780 -0.08756 0.19462 0.32314 0.13843
v -0.11073 1.05529 -0.08934 0.19462 0.32314 0.13843
v -0.10895 1.05780 -0.08756 0.19462 0.32314 0.13843
v -0.11167 1.05623 -0.08677 0.19462 0.32314 0.13843
v -0.11073 1.05529 -0.08934 0.19462 0.32314 0.13843
v 0.11167 1.05623 -0.08677 0.19462 0.32314 0.13843
v 0.11209 1.05665 -0.08326 0.19462 0.32314 0.13843
v 0.10895 1.05780 -0.08756 0.19462 0.32314 0.13843
v 0.11209 1.05665 -0.08326 0.19462 0.32314 0.13843
v 0.10936 1.05863 -0.08326 0.19462 0.32314 0.13843
v 0.10895 1.05780 -0.08756 0.19462 0.32314 0.13843
v 0.10895 1.05780 -0.08756 0.19462 0.32314 0.13843
v 0.10936 1.05863 -0.08326 0.19462 0.32314 0.13843
v 0.10465 1.05863 -0.08797 0.19462 0.32314 0.13843
v 0.10936 1.05863 -0.08326 0.19462 0.32314 0.13843
v 0.10465 1.05974 -0.08326 0.19462 0.32314 0.13843
v 0.10465 1.05863 -0.08797 0.19462 0.32314 0.13843
v 0.10465 1.05863 -0.08797 0.19462 0.32314 0.13843
v 0.10465 1.05974 -0.08326 0.19462 0.32314 0.13843
v -0.10465 1.05863 -0.08797 0.19462 0.32314 0.13843
v 0.10465 1.05974 -0.08326 0.19462 0.32314 0.13843
v -0.10465 1.05974 -0.08326 0.19462 0.32314 0.13843
v -0.10465 1.05863 -0.08797 0.19462 0.32314 0.13843
v -0.10465 1.05863 -0.08797 0.19462 0.32314 0.13843
v -0.10465 1.05974 -0.08326 0.19462 0.32314 0.13843
v -0.10895 1.05780 -0.08756 0.19462 0.32314 0.13843
v -0.10465 1.05974 -0.08326 0.19462 0.32314 0.13843
v -0.10936 1.05863 -0.08326 0.19462 0.32314 0.13843
v -0.10895 1.05780 -0.08756 0.19462 0.32314 0.13843
v -0.10895 1.05780 -0.08756 0.19462 0.32314 0.13843
v -0.10936 1.05863 -0.08326 0.19462 0.32314 0.13843
v -0.11167 1.05623 -0.08677 0.19462 0.32314 0.13843
v -0.10936 1.05863 -0.08326 0.19462 0.32314 0.13843
v -0.11209 1.05665 -0.08326 0.19462 0.32314 0.13843
v -0.11167 1.05623 -0.08677 0.19462 0.32314 0.13843
v 0.11209 1.05665 -0.08326 0.19462 0.32314 0.13843
v 0.11209 1.05665 0.08326 0.19462 0.32314 0.13843
v 0.10936 1.05863 -0.08326 0.19462 0.32314 0.13843
v 0.11209 1.05665 0.08326 0.19462 0.32314 0.13843
v 0.10936 1.05863 0.08326 0.19462 0.32314 0.13843
v 0.10936 1.05863 -0.08326 0.19462 0.32314 0.13843
v 0.10936 1.05863 -0.08326 0.19462 0.32314 0.13843
v 0.10936 1.05863 0.08326 0.19462 0.32314 0.13843
v 0.10465 1.05974 -0.08326 0.19462 0.32314 0.13843
v 0.10936 1.05863 0.08326 0.19462 0.32314 0.13843
v 0.10465 1.05974 0.08326 0.19462 0.32314 0.13843
v 0.10465 1.05974 -0.08326 0.19462 0.32314 0.13843
v 0.10465 1.05974 -0.08326 0.19462 0.32314 0.13843
v 0.10465 1.05974 0.08326 0.19462 0.32314 0.13843
v -0.10465 1.05974 -0.08326 0.19462 0.32314 0.13843
v 0.10465 1.05974 0.08326 0.19462 0.32314 0.13843
v -0.10465 1.05974 0.08326 0.19462 0.32314 0.13843
v -0.10465 1.05974 -0.08326 0.19462 0.32314 0.13843
v -0.10465 1.05974 -0.08326 0.19462 0.32314 0.13843
v -0.10465 1.05974 0.08326 0.19462 0.32314 0.13843
v -0.10936 1.05863 -0.08326 0.19462 0.32314 0.13843
v -0.10465 1.05974 0.08326 0.19462 0.32314 0.13843
v -0.10936 1.05863 0.08326 0.19462 0.32314 0.13843
v -0.10936 1.05863 -0.08326 0.19462 0.32314 0.13843
v -0.10936 1.05863 -0.08326 0.19462 0.32314 0.13843
v -0.10936 1.05863 0.08326 0.19462 0.32314 0.13843
v -0.11209 1.05665 -0.08326 0.19462 0.32314 0.13843
v -0.10936 1.05863 0.08326 0.19462 0.32314 0.13843
v -0.11209 1.05665 0.08326 0.19462 0.32314 0.13843
v -0.11209 1.05665 -0.08326 0.19462 0.32314 0.13843
v 0.11209 1.05665 0.08326 0.19462 0.32314 0.13843
v 0.11167 1.05623 0.08677 0.19462 0.32314 0.13843
v 0.10936 1.05863 0.08326 0.19462 0.32314 0.13843
v 0.11167 1.05623 0.08677 0.19462 0.32314 0.13843
v 0.10895 1.05780 0.08756 0.19462 0.32314 0.13843
v 0.10936 1.05863 0.08326 0.19462 0.32314 0.13843
v 0.10936 1.05863 0.08326 0.19462 0.32314 0.13843
v 0.10895 1.05780 0.08756 0.19462 0.32314 0.13843
v 0.10465 1.05974 0.08326 0.19462 0.32314 0.13843
v 0.10895 1.05780 0.08756 0.19462 0.32314 0.13843
v 0.10465 1.05863 0.08797 0.19462 0.32314 0.13843
v 0.10465 1.05974 0.08326 0.19462 0.32314 0.13843
v 0.10465 1.05974 0.08326 0.19462 0.32314 0.13843
v 0.10465 1.05863 0.08797 0.19462 0.32314 0.13843
v -0.10465 1.05974 0.08326 0.19462 0.32314 0.13843
v 0.10465 1.05863 0.08797 0.19462 0.32314 0.13843
v -0.10465 1.05863 0.08797 0.19462 0.32314 0.13843
v -0.10465 1.05974 0.08326 0.19462 0.32314 0.13843
v -0.10465 1.05974 0.08326 0.19462 0.32314 0.13843
v -0.10465 1.05863 0.08797 0.19462 0.32314 0.13843
v -0.10936 1.05863 0.08326 0.19462 0.32314 0.13843
v -0.10465 1.05863 0.08797 0.19462 0.32314 0.13843
v -0.10895 1.05780 0.08756 0.19462 0.32314 0.13843
v -0.10936 1.05863 0.08326 0.19462 0.32314 0.13843
v -0.10936 1.05863 0.08326 0.19462 0.32314 0.13843
v -0.10895 1.05780 0.08756 0.19462 0.32314 0.13843
v -0.11209 1.05665 0.08326 0.19462 0.32314 0.13843
v -0.10895 1.05780 0.08756 0.19462 0.32314 0.13843
v -0.11167 1.05623 0.08677 0.19462 0.32314 0.13843
v -0.11209 1.05665 0.08326 0.19462 0.32314 0.13843
v 0.11167 1.05623 0.08677 0.19462 0.32314 0.13843
v 0.11073 1.05529 0.08934 0.19462 0.32314 0.13843
v 0.10895 1.05780 0.08756 0.19462 0.32314 0.13843
v 0.11073 1.05529 0.08934 0.19462 0.32314 0.13843
v 0.10816 1.05623 0.09028 0.19462 0.32314 0.13843
v 0.10895 1.05780 0.08756 0.19462 0.32314 0.13843
v 0.10895 1.05780 0.08756 0.19462 0.32314 0.13843
v 0.10816 1.05623 0.09028 0.19462 0.32314 0.13843
v 0.10465 1.05863 0.08797 0.19462 0.32314 0.13843
v 0.10816 1.05623 0.09028 0.19462 0.32314 0.13843
v 0.10465 1.05665 0.09070 0.19462 0.32314 0.13843
v 0.10465 1.05863 0.08797 0.19462 0.32314 0.13843
v 0.10465 1.05863 0.08797 0.19462 0.32314 0.13843
v 0.10465 1.05665 0.09070 0.19462 0.32314 0.13843
v -0.10465 1.05863 0.08797 0.19462 0.32314 0.13843
v 0.10465 1.05665 0.09070 0.19462 0.32314 0.13843
v -0.10465 1.05665 0.09070 0.19462 0.32314 0.13843
v -0.10465 1.05863 0.08797 0.19462 0.32314 0.13843
v -0.10465 1.05863 0.08797 0.19462 0.32314 0.13843
v -0.10465 1.05665 0.09070 0.19462 0.32314 0.13843
v -0.10895 1.05780 0.08756 0.19462 0.32314 0.13843
v -0.10465 1.05665 0.09070 0.19462 0.32314 0.13843
v -0.10816 1.05623 0.09028 0.19462 0.32314 0.13843
v -0.10895 1.05780 0.08756 0.19462 0.32314 0.13843
v -0.10895 1.05780 0.08756 0.19462 0.32314 0.13843
v -0.10816 1.05623 0.09028 0.19462 0.32314 0.13843
v -0.11167 1.05623 0.08677 0.19462 0.32314 0.13843
v -0.10816 1.05623 0.09028 0.19462 0.32314 0.13843
v -0.11073 1.05529 0.08934 0.19462 0.32314 0.13843
v -0.11167 1.05623 0.08677 0.19462 0.32314 0.13843
v 0.11073 0.97643 0.08934 0.19462 0.32314 0.13843
v 0.11167 0.97549 0.08677 0.19462 0.32314 0.13843
v 0.10816 0.97549 0.09028 0.19462 0.32314 0.13843
v 0.11167 0.97549 0.08677 0.19462 0.32314 0.13843
v 0.10895 0.97392 0.08756 0.19462 0.32314 0.13843
v 0.10816 0.97549 0.09028 0.19462 0.32314 0.13843
v 0.10816 0.97549 0.09028 0.19462 0.32314 0.13843
v 0.10895 0.97392 0.08756 0.19462 0.32314 0.13843
v 0.10465 0.97507 0.09070 0.19462 0.32314 0.13843
v 0.10895 0.97392 0.08756 0.19462 0.32314 0.13843
v 0.10465 0.97310 0.08797 0.19462 0.32314 0.13843
v 0.10465 0.97507 0.09070 0.19462 0.32314 0.13843
v 0.10465 0.97507 0.09070 0.19462 0.32314 0.13843
v 0.10465 0.97310 0.08797 0.19462 0.32314 0.13843
v -0.10465 0.97507 0.09070 0.19462 0.32314 0.13843
v 0.10465 0.97310 0.08797 0.19462 0.32314 0.13843
v -0.10465 0.97310 0.08797 0.19462 0.32314 0.13843
v -0.10465 0.97507 0.09070 0.19462 0.32314 0.13843
v -0.10465 0.97507 0.09070 0.19462 0.32314 0.13843
v -0.10465 0.97310 0.08797 0.19462 0.32314 0.13843
v -0.10816 0.97549 0.09028 0.19462 0.32314 0.13843
v -0.10465 0.97310 0.08797 0.19462 0.32314 0.13843
v -0.10895 0.97392 0.08756 0.19462 0.32314 0.13843
v -0.10816 0.97549 0.09028 0.19462 0.32314 0.13843
v -0.10816 0.97549 0.09028 0.19462 0.32314 0.13843
v -0.10895 0.97392 0.08756 0.19462 0.32314 0.13843
v -0.11073 0.97643 0.08934 0.19462 0.32314 0.13843
v -0.10895 0.97392 0.08756 0.19462 0.32314 0.13843
v -0.11167 0.97549 0.08677 0.19462 0.32314 0.13843
v -0.11073 0.97643 0.08934 0.19462 0.32314 0.13843
v 0.11167 0.97549 0.08677 0.19462 0.32314 0.13843
v 0.11209 0.97507 0.08326 0.19462 0.32314 0.13843
v 0.10895 0.97392 0.08756 0.19462 0.32314 0.13843
v 0.11209 0.97507 0.08326 0.19462 0.32314 0.13843
v 0.10936 0.97310 0.08326 0.19462 0.32314 0.13843
v 0.10895 0.97392 0.08756 0.19462 0.32314 0.13843
v 0.10895 0.97392 0.08756 0.19462 0.32314 0.13843
v 0.10936 0.97310 0.08326 0.19462 0.32314 0.13843
v 0.10465 0.97310 0.08797 0.19462 0.32314 0.13843
v 0.10936 0.97310 0.08326 0.19462 0.32314 0.13843
v 0.10465 0.97198 0.08326 0.19462 0.32314 0.13843
v 0.10465 0.97310 0.08797 0.19462 0.32314 0.13843
v 0.10465 0.97310 0.08797 0.19462 0.32314 0.13843
v 0.10465 0.97198 0.08326 0.19462 0.32314 0.13843
v -0.10465 0.97310 0.08797 0.19462 0.32314 0.13843
v 0.10465 0.97198 0.08326 0.19462 0.32314 0.13843
v -0.10465 0.97198 0.08326 0.19462 0.32314 0.13843
v -0.10465 0.97310 0.08797 0.19462 0.32314 0.13843
v -0.10465 0.97310 0.08797 0.19462 0.32314 0.13843
v -0.10465 0.97198 0.08326 0.19462 0.32314 0.13843
v -0.10895 0.97392 0.08756 0.19462 0.32314 0.13843
v -0.10465 0.97198 0.08326 0.19462 0.32314 0.13843
v -0.10936 0.97310 0.08326 0.19462 0.32314 0.13843
v -0.10895 0.97392 0.08756 0.19462 0.32314 0.13843
v -0.10895 0.97392 0.08756 0.19462 0.32314 0.13843
v -0.10936 0.97310 0.08326 0.19462 0.32314 0.13843
v -0.11167 0.97549 0.08677 0.19462 0.32314 0.13843
v -0.10936 0.97310 0.08326 0.19462 0.32314 0.13843
v -0.11209 0.97507 0.08326 0.19462 0.32314 0.13843
v -0.11167 0.97549 0.08677 0.19462 0.32314 0.13843
v 0.11209 0.97507 0.08326 0.19462 0.32314 0.13843
v 0.11209 0.97507 -0.08326 0.19462 0.32314 0.13843
v 0.10936 0.97310 0.08326 0.19462 0.32314 0.13843
v 0.11209 0.97507 -0.08326 0.19462 0.32314 0.13843
v 0.10936 0.97310 -0.08326 0.19462 0.32314 0.13843
v 0.10936 0.97310 0.08326 0.19462 0.32314 0.13843
v 0.10936 0.97310 0.08326 0.19462 0.32314 0.13843
v 0.10936 0.97310 -0.08326 0.19462 0.32314 0.13843
v 0.10465 0.97198 0.08326 0.19462 0.32314 0.13843
v 0.10936 0.97310 -0.08326 0.19462 0.32314 0.13843
v 0.10465 0.97198 -0.08326 0.19462 0.32314 0.13843
v 0.10465 0.97198 0.08326 0.19462 0.32314 0.13843
v 0.10465 0.97198 0.08326 0.19462 0.32314 0.13843
v 0.10465 0.97198 -0.08326 0.19462 0.32314 0.13843
v -0.10465 0.97198 0.08326 0.19462 0.32314 0.13843
v 0.10465 0.97198 -0.08326 0.19462 0.32314 0.13843
v -0.10465 0.97198 -0.08326 0.19462 0.32314 0.13843
v -0.10465 0.97198 0.08326 0.19462 0.32314 0.13843
v -0.10465 0.97198 0.08326 0.19462 0.32314 0.13843
v -0.10465 0.97198 -0.08326 0.19462 0.32314 0.13843
v -0.10936 0.97310 0.08326 0.19462 0.32314 0.13843
v -0.10465 0.97198 -0.08326 0.19462 0.32314 0.13843
v -0.10936 0.97310 -0.08326 0.19462 0.32314 0.13843
v -0.10936 0.97310 0.08326 0.19462 0.32314 0.13843
v -0.10936 0.97310 0.08326 0.19462 0.32314 0.13843
v -0.10936 0.97310 -0.08326 0.19462 0.32314 0.13843
v -0.11209 0.97507 0.08326 0.19462 0.32314 0.13843
v -0.10936 0.97310 -0.08326 0.19462 0.32314 0.13843
v -0.11209 0.97507 -0.08326 0.19462 0.32314 0.13843
v -0.11209 0.97507 0.08326 0.19462 0.32314 0.13843
v 0.11209 0.97507 -0.08326 0.19462 0.32314 0.13843
v 0.11167 0.97549 -0.08677 0.19462 0.32314 0.13843
v 0.10936 0.97310 -0.08326 0.19462 0.32314 0.13843
v 0.11167 0.97549 -0.08677 0.19462 0.32314 0.13843
v 0.10895 0.97392 -0.08756 0.19462 0.32314 0.13843
v 0.10936 0.97310 -0.08326 0.19462 0.32314 0.13843
v 0.10936 0.97310 -0.08326 0.19462 0.32314 0.13843
v 0.10895 0.97392 -0.08756 0.19462 0.32314 0.13843
v 0.10465 0.97198 -0.08326 0.19462 0.32314 0.13843
v 0.10895 0.97392 -0.08756 0.19462 0.32314 0.13843
v 0.10465 0.97310 -0.08797 0.19462 0.32314 0.13843
v 0.10465 0.97198 -0.08326 0.19462 0.32314 0.13843
v 0.10465 0.97198 -0.08326 0.19462 0.32314 0.13843
v 0.10465 0.97310 -0.08797 0.19462 0.32314 0.13843
v -0.10465 0.97198 -0.08326 0.19462 0.32314 0.13843
v 0.10465 0.97310 -0.08797 0.19462 0.32314 0.13843
v -0.10465 0.97310 -0.08797 0.19462 0.32314 0.13843
v -0.10465 0.97198 -0.08326 0.19462 0.32314 0.13843
v -0.10465 0.97198 -0.08326 0.19462 0.32314 0.13843
v -0.10465 0.97310 -0.08797 0.19462 0.32314 0.13843
v -0.10936 0.97310 -0.08326 0.19462 0.32314 0.13843
v -0.10465 0.97310 -0.08797 0.19462 0.32314 0.13843
v -0.10895 0.97392 -0.08756 0.19462 0.32314 0.13843
v -0.10936 0.97310 -0.08326 0.19462 0.32314 0.13843
v -0.10936 0.97310 -0.08326 0.19462 0.32314 0.13843
v -0.10895 0.97392 -0.08756 0.19462 0.32314 0.13843
v -0.11209 0.97507 -0.08326 0.19462 0.32314 0.13843
v -0.10895 0.97392 -0.08756 0.19462 0.32314 0.13843
v -0.11167 0.97549 -0.08677 0.19462 0.32314 0.13843
v -0.11209 0.97507 -0.08326 0.19462 0.32314 0.13843
v 0.11167 0.97549 -0.08677 0.19462 0.32314 0.13843
v 0.11073 0.97643 -0.08934 0.19462 0.32314 0.13843
v 0.10895 0.97392 -0.08756 0.19462 0.32314 0.13843
v 0.11073 0.97643 -0.08934 0.19462 0.32314 0.13843
v 0.10816 0.97549 -0.09028 0.19462 0.32314 0.13843
v 0.10895 0.97392 -0.08756 0.19462 0.32314 0.13843
v 0.10895 0.97392 -0.08756 0.19462 0.32314 0.13843
v 0.10816 0.97549 -0.09028 0.19462 0.32314 0.13843
v 0.10465 0.97310 -0.08797 0.19462 0.32314 0.13843
v 0.10816 0.97549 -0.09028 0.19462 0.32314 0.13843
v 0.10465 0.97507 -0.09070 0.19462 0.32314 0.13843
v 0.10465 0.97310 -0.08797 0.19462 0.32314 0.13843
v 0.10465 0.97310 -0.08797 0.19462 0.32314 0.13843
v 0.10465 0.97507 -0.09070 0.19462 0.32314 0.13843
v -0.10465 0.97310 -0.08797 0.19462 0.32314 0.13843
v 0.10465 0.97507 -0.09070 0.19462 0.32314 0.13843
v -0.10465 0.97507 -0.09070 0.19462 0.32314 0.13843
v -0.10465 0.97310 -0.08797 0.19462 0.32314 0.13843
v -0.10465 0.97310 -0.08797 0.19462 0.32314 0.13843
v -0.10465 0.97507 -0.09070 0.19462 0.32314 0.13843
v -0.10895 0.97392 -0.08756 0.19462 0.32314 0.13843
v -0.10465 0.97507 -0.09070 0.19462 0.32314 0.13843
v -0.10816 0.97549 -0.09028 0.19462 0.32314 0.13843
v -0.10895 0.97392 -0.08756 0.19462 0.32314 0.13843
v -0.10895 0.97392 -0.08756 0.19462 0.32314 0.13843
v -0.10816 0.97549 -0.09028 0.19462 0.32314 0.13843
v -0.11167 0.97549 -0.08677 0.19462 0.32314 0.13843
v -0.10816 0.97549 -0.09028 0.19462 0.32314 0.13843
v -0.11073 0.97643 -0.08934 0.19462 0.32314 0.13843
v -0.11167 0.97549 -0.08677 0.19462 0.32314 0.13843
v 0.11073 1.05529 0.08934 0.19462 0.32314 0.13843
v 0.11167 1.05272 0.09028 0.19462 0.32314 0.13843
v 0.10816 1.05623 0.09028 0.19462 0.32314 0.13843
v 0.11167 1.05272 0.09028 0.19462 0.32314 0.13843
v 0.10895 1.05351 0.09185 0.19462 0.32314 0.13843
v 0.10816 1.05623 0.09028 0.19462 0.32314 0.13843
v 0.10816 1.05623 0.09028 0.19462 0.32314 0.13843
v 0.10895 1.05351 0.09185 0.19462 0.32314 0.13843
v 0.10465 1.05665 0.09070 0.19462 0.32314 0.13843
v 0.10895 1.05351 0.09185 0.19462 0.32314 0.13843
v 0.10465 1.05392 0.09268 0.19462 0.32314 0.13843
v 0.10465 1.05665 0.09070 0.19462 0.32314 0.13843
v 0.10465 1.05665 0.09070 0.19462 0.32314 0.13843
v 0.10465 1.05392 0.09268 0.19462 0.32314 0.13843
v -0.10465 1.05665 0.09070 0.19462 0.32314 0.13843
v 0.10465 1.05392 0.09268 0.19462 0.32314 0.13843
v -0.10465 1.05392 0.09268 0.19462 0.32314 0.13843
v -0.10465 1.05665 0.09070 0.19462 0.32314 0.13843
v -0.10465 1.05665 0.09070 0.19462 0.32314 0.13843
v -0.10465 1.05392 0.09268 0.19462 0.32314 0.13843
v -0.10816 1.05623 0.09028 0.19462 0.32314 0.13843
v -0.10465 1.05392 0.09268 0.19462 0.32314 0.13843
v -0.10895 1.05351 0.09185 0.19462 0.32314 0.13843
v -0.10816 1.05623 0.09028 0.19462 0.32314 0.13843
v -0.10816 1.05623 0.09028 0.19462 0.32314 0.13843
v -0.10895 1.05351 0.09185 0.19462 0.32314 0.13843
v -0.11073 1.05529 0.08934 0.19462 0.32314 0.13843
v -0.10895 1.05351 0.09185 0.19462 0.32314 0.13843
v -0.11167 1.05272 0.09028 0.19462 0.32314 0.13843
v -0.11073 1.05529 0.08934 0.19462 0.32314 0.13843
v 0.11167 1.05272 0.09028 0.19462 0.32314 0.13843
v 0.11209 1.04921 0.09070 0.19462 0.32314 0.13843
v 0.10895 1.05351 0.09185 0.19462 0.32314 0.13843
v 0.11209 1.04921 0.09070 0.19462 0.32314 0.13843
v 0.10936 1.04921 0.09268 0.19462 0.32314 0.13843
v 0.10895 1.05351 0.09185 0.19462 0.32314 0.13843
v 0.10895 1.05351 0.09185 0.19462 0.32314 0.13843
v 0.10936 1.04921 0.09268 0.19462 0.32314 0.13843
v 0.10465 1.05392 0.09268 0.19462 0.32314 0.13843
v 0.10936 1.04921 0.09268 0.19462 0.32314 0.13843
v 0.10465 1.04921 0.09379 0.19462 0.32314 0.13843
v 0.10465 1.05392 0.09268 0.19462 0.32314 0.13843
v 0.10465 1.05392 0.09268 0.19462 0.32314 0.13843
v 0.10465 1.04921 0.09379 0.19462 0.32314 0.13843
v -0.10465 1.05392 0.09268 0.19462 0.32314 0.13843
v 0.10465 1.04921 0.09379 0.19462 0.32314 0.13843
v -0.10465 1.04921 0.09379 0.19462 0.32314 0.13843
v -0.10465 1.05392 0.09268 0.19462 0.32314 0.13843
v -0.10465 1.05392 0.09268 0.19462 0.32314 0.13843
v -0.10465 1.04921 0.09379 0.19462 0.32314 0.13843
v -0.10895 1.05351 0.09185 0.19462 0.32314 0.13843
v -0.10465 1.04921 0.09379 0.19462 0.32314 0.13843
v -0.10936 1.04921 0.09268 0.19462 0.32314 0.13843
v -0.10895 1.05351 0.09185 0.19462 0.32314 0.13843
v -0.10895 1.05351 0.09185 0.19462 0.32314 0.13843
v -0.10936 1.04921 0.09268 0.19462 0.32314 0.13843
v -0.11167 1.05272 0.09028 0.19462 0.32314 0.13843
v -0.10936 1.04921 0.09268 0.19462 0.32314 0.13843
v -0.11209 1.04921 0.09070 0.19462 0.32314 0.13843
v -0.11167 1.05272 0.09028 0.19462 0.32314 0.13843
v 0.11209 1.04921 0.09070 0.19462 0.32314 0.13843
v 0.11209 0.98251 0.09070 0.19462 0.32314 0.13843
v 0.10936 1.04921 0.09268 0.19462 0.32314 0.13843
v 0.11209 0.98251 0.09070 0.19462 0.32314 0.13843
v 0.10936 0.98251 0.09268 0.19462 0.32314 0.13843
v 0.10936 1.04921 0.09268 0.19462 0.32314 0.13843
v 0.10936 1.04921 0.09268 0.19462 0.32314 0.13843
v 0.10936 0.98251 0.09268 0.19462 0.32314 0.13843
v 0.10465 1.04921 0.09379 0.19462 0.32314 0.13843
v 0.10936 0.98251 0.09268 0.19462 0.32314 0.13843
v 0.10465 0.98251 0.09379 0.19462 0.32314 0.13843
v 0.10465 1.04921 0.09379 0.19462 0.32314 0.13843
v 0.10465 1.04921 0.09379 0.19462 0.32314 0.13843
v 0.10465 0.98251 0.09379 0.19462 0.32314 0.13843
v -0.10465 1.04921 0.09379 0.19462 0.32314 0.13843
v 0.10465 0.98251 0.09379 0.19462 0.32314 0.13843
v -0.10465 0.98251 0.09379 0.19462 0.32314 0.13843
v -0.10465 1.04921 0.09379 0.19462 0.32314 0.13843
v -0.10465 1.04921 0.09379 0.19462 0.32314 0.13843
v -0.10465 0.98251 0.09379 0.19462 0.32314 0.13843
v -0.10936 1.04921 0.09268 0.19462 0.32314 0.13843
v -0.10465 0.98251 0.09379 0.19462 0.32314 0.13843
v -0.10936 0.98251 0.09268 0.19462 0.32314 0.13843
v -0.10936 1.04921 0.09268 0.19462 0.32314 0.13843
v -0.10936 1.04921 0.09268 0.19462 0.32314 0.13843
v -0.10936 0.98251 0.09268 0.19462 0.32314 0.13843
v -0.11209 1.04921 0.09070 0.19462 0.32314 0.13843
v -0.10936 0.98251 0.09268 0.19462 0.32314 0.13843
v -0.11209 0.98251 0.09070 0.19462 0.32314 0.13843
v -0.11209 1.04921 0.09070 0.19462 0.32314 0.13843
v 0.11209 0.98251 0.09070 0.19462 0.32314 0.13843
v 0.11167 0.97900 0.09028 0.19462 0.32314 0.13843
v 0.10936 0.98251 0.09268 0.19462 0.32314 0.13843
v 0.11167 0.97900 0.09028 0.19462 0.32314 0.13843
v 0.10895 0.97821 0.09185 0.19462 0.32314 0.13843
v 0.10936 0.98251 0.09268 0.19462 0.32314 0.13843
v 0.10936 0.98251 0.09268 0.19462 0.32314 0.13843
v 0.10895 0.97821 0.09185 0.19462 0.32314 0.13843
v 0.10465 0.98251 0.09379 0.19462 0.32314 0.13843
v 0.10895 0.97821 0.09185 0.19462 0.32314 0.13843
v 0.10465 0.97780 0.09268 0.19462 0.32314 0.13843
v 0.10465 0.98251 0.09379 0.19462 0.32314 0.13843
v 0.10465 0.98251 0.09379 0.19462 0.32314 0.13843
v 0.10465 0.97780 0.09268 0.19462 0.32314 0.13843
v -0.10465 0.98251 0.09379 0.19462 0.32314 0.13843
v 0.10465 0.97780 0.09268 0.19462 0.32314 0.13843
v -0.10465 0.97780 0.09268 0.19462 0.32314 0.13843
v -0.10465 0.98251 0.09379 0.19462 0.32314 0.13843
v -0.10465 0.98251 0.09379 0.19462 0.32314 0.13843
v -0.10465 0.97780 0.09268 0.19462 0.32314 0.13843
v -0.10936 0.98251 0.09268 0.19462 0.32314 0.13843
v -0.10465 0.97780 0.09268 0.19462 0.32314 0.13843
v -0.10895 0.97821 0.09185 0.19462 0.32314 0.13843
v -0.10936 0.98251 0.09268 0.19462 0.32314 0.13843
v -0.10936 0.98251 0.09268 0.19462 0.32314 0.13843
v -0.10895 0.97821 0.09185 0.19462 0.32314 0.13843
v -0.11209 0.98251 0.09070 0.19462 0.32314 0.13843
v -0.10895 0.97821 0.09185 0.19462 0.32314 0.13843
v -0.11167 0.97900 0.09028 0.19462 0.32314 0.13843
v -0.11209 0.98251 0.09070 0.19462 0.32314 0.13843
v 0.11167 0.97900 0.09028 0.19462 0.32314 0.13843
v 0.11073 0.97643 0.08934 0.19462 0.32314 0.13843
v 0.10895 0.97821 0.09185 0.19462 0.32314 0.13843
v 0.11073 0.97643 0.08934 0.19462 0.32314 0.13843
v 0.10816 0.97549 0.09028 0.19462 0.32314 0.13843
v 0.10895 0.97821 0.09185 0.19462 0.32314 0.13843
v 0.10895 0.97821 0.09185 0.19462 0.32314 0.13843
v 0.10816 0.97549 0.09028 0.19462 0.32314 0.13843
v 0.10465 0.97780 0.09268 0.19462 0.32314 0.13843
v 0.10816 0.97549 0.09028 0.19462 0.32314 0.13843
v 0.10465 0.97507 0.09070 0.19462 0.32314 0.13843
v 0.10465 0.97780 0.09268 0.19462 0.32314 0.13843
v 0.10465 0.97780 0.09268 0.19462 0.32314 0.13843
v 0.10465 0.97507 0.09070 0.19462 0.32314 0.13843
v -0.10465 0.97780 0.09268 0.19462 0.32314 0.13843
v 0.10465 0.97507 0.09070 0.19462 0.32314 0.13843
v -0.10465 0.97507 0.09070 0.19462 0.32314 0.13843
v -0.10465 0.97780 0.09268 0.19462 0.32314 0.13843
v -0.10465 0.97780 0.09268 0.19462 0.32314 0.13843
v -0.10465 0.97507 0.09070 0.19462 0.32314 0.13843
v -0.10895 0.97821 0.09185 0.19462 0.32314 0.13843
v -0.10465 0.97507 0.09070 0.19462 0.32314 0.13843
v -0.10816 0.97549 0.09028 0.19462 0.32314 0.13843
v -0.10895 0.97821 0.09185 0.19462 0.32314 0.13843
v -0.10895 0.97821 0.09185 0.19462 0.32314 0.13843
v -0.10816 0.97549 0.09028 0.19462 0.32314 0.13843
v -0.11167 0.97900 0.09028 0.19462 0.32314 0.13843
v -0.10816 0.97549 0.09028 0.19462 0.32314 0.13843
v -0.11073 0.97643 0.08934 0.19462 0.32314 0.13843
v -0.11167 0.97900 0.09028 0.19462 0.32314 0.13843
v -0.11073 1.05529 -0.08934 0.19462 0.32314 0.13843
v -0.11167 1.05272 -0.09028 0.19462 0.32314 0.13843
v -0.10816 1.05623 -0.09028 0.19462 0.32314 0.13843
v -0.11167 1.05272 -0.09028 0.19462 0.32314 0.13843
v -0.10895 1.05351 -0.09185 0.19462 0.32314 0.13843
v -0.10816 1.05623 -0.09028 0.19462 0.32314 0.13843
v -0.10816 1.05623 -0.09028 0.19462 0.32314 0.13843
v -0.10895 1.05351 -0.09185 0.19462 0.32314 0.13843
v -0.10465 1.05665 -0.09070 0.19462 0.32314 0.13843
v -0.10895 1.05351 -0.09185 0.19462 0.32314 0.13843
v -0.10465 1.05392 -0.09268 0.19462 0.32314 0.13843
v -0.10465 1.05665 -0.09070 0.19462 0.32314 0.13843
v -0.10465 1.05665 -0.09070 0.19462 0.32314 0.13843
v -0.10465 1.05392 -0.09268 0.19462 0.32314 0.13843
v 0.10465 1.05665 -0.09070 0.19462 0.32314 0.13843
v -0.10465 1.05392 -0.09268 0.19462 0.32314 0.13843
v 0.10465 1.05392 -0.09268 0.19462 0.32314 0.13843
v 0.10465 1.05665 -0.09070 0.19462 0.32314 0.13843
v 0.10465 1.05665 -0.09070 0.19462 0.32314 0.13843
v 0.10465 1.05392 -0.09268 0.19462 0.32314 0.13843
v 0.10816 1.05623 -0.09028 0.19462 0.32314 0.13843
v 0.10465 1.05392 -0.09268 0.19462 0.32314 0.13843
v 0.10895 1.05351 -0.09185 0.19462 0.32314 0.13843
v 0.10816 1.05623 -0.09028 0.19462 0.32314 0.13843
v 0.10816 1.05623 -0.09028 0.19462 0.32314 0.13843
v 0.10895 1.05351 -0.09185 0.19462 0.32314 0.13843
v 0.11073 1.05529 -0.08934 0.19462 0.32314 0.13843
v 0.10895 1.05351 -0.09185 0.19462 0.32314 0.13843
v 0.11167 1.05272 -0.09028 0.19462 0.32314 0.13843
v 0.11073 1.05529 -0.08934 0.19462 0.32314 0.13843
v -0.11167 1.05272 -0.09028 0.19462 0.32314 0.13843
v -0.11209 1.04921 -0.09070 0.19462 0.32314 0.13843
v -0.10895 1.05351 -0.09185 0.19462 0.32314 0.13843
v -0.11209 1.04921 -0.09070 0.19462 0.32314 0.13843
v -0.10936 1.04921 -0.09268 0.19462 0.32314 0.13843
v -0.10895 1.05351 -0.09185 0.19462 0.32314 0.13843
v -0.10895 1.05351 -0.09185 0.19462 0.32314 0.13843
v -0.10936 1.04921 -0.09268 0.19462 0.32314 0.13843
v -0.10465 1.05392 -0.09268 0.19462 0.32314 0.13843
v -0.10936 1.04921 -0.09268 0.19462 0.32314 0.13843
v -0.10465 1.04921 -0.09379 0.19462 0.32314 0.13843
v -0.10465 1.05392 -0.09268 0.19462 0.32314 0.13843
v -0.10465 1.05392 -0.09268 0.19462 0.32314 0.13843
v -0.10465 1.04921 -0.09379 0.19462 0.32314 0.13843
v 0.10465 1.05392 -0.09268 0.19462 0.32314 0.13843
v -0.10465 1.04921 -0.09379 0.19462 0.32314 0.13843
v 0.10465 1.04921 -0.09379 0.19462 0.32314 0.13843
v 0.10465 1.05392 -0.09268 0.19462 0.32314 0.13843
v 0.10465 1.05392 -0.09268 0.19462 0.32314 0.13843
v 0.10465 1.04921 -0.09379 0.19462 0.32314 0.13843
v 0.10895 1.05351 -0.09185 0.19462 0.32314 0.13843
v 0.10465 1.04921 -0.09379 0.19462 0.32314 0.13843
v 0.10936 1.04921 -0.09268 0.19462 0.32314 0.13843
v 0.10895 1.05351 -0.09185 0.19462 0.32314 0.13843
v 0.10895 1.05351 -0.09185 0.19462 0.32314 0.13843
v 0.10936 1.04921 -0.09268 0.19462 0.32314 0.13843
v 0.11167 1.05272 -0.09028 0.19462 0.32314 0.13843
v 0.10936 1.04921 -0.09268 0.19462 0.32314 0.13843
v 0.11209 1.04921 -0.09070 0.19462 0.32314 0.13843
v 0.11167 1.05272 -0.09028 0.19462 0.32314 0.13843
v -0.11209 1.04921 -0.09070 0.19462 0.32314 0.13843
v -0.11209 0.98251 -0.09070 0.19462 0.32314 0.13843
v -0.10936 1.04921 -0.09268 0.19462 0.32314 0.13843
v -0.11209 0.98251 -0.09070 0.19462 0.32314 0.13843
v -0.10936 0.98251 -0.09268 0.19462 0.32314 0.13843
v -0.10936 1.04921 -0.09268 0.19462 0.32314 0.13843
v -0.10936 1.04921 -0.09268 0.19462 0.32314 0.13843
v -0.10936 0.98251 -0.09268 0.19462 0.32314 0.13843
v -0.10465 1.04921 -0.09379 0.19462 0.32314 0.13843
v -0.10936 0.98251 -0.09268 0.19462 0.32314 0.13843
v -0.10465 0.98251 -0.09379 0.19462 0.32314 0.13843
v -0.10465 1.04921 -0.09379 0.19462 0.32314 0.13843
v -0.10465 1.04921 -0.09379 0.19462 0.32314 0.13843
v -0.10465 0.98251 -0.09379 0.19462 0.32314 0.13843
v 0.10465 1.04921 -0.09379 0.19462 0.32314 0.13843
v -0.10465 0.98251 -0.09379 0.19462 0.32314 0.13843
v 0.10465 0.98251 -0.09379 0.19462 0.32314 0.13843
v 0.10465 1.04921 -0.09379 0.19462 0.32314 0.13843
v 0.10465 1.04921 -0.09379 0.19462 0.32314 0.13843
v 0.10465 0.98251 -0.09379 0.19462 0.32314 0.13843
v 0.10936 1.04921 -0.09268 0.19462 0.32314 0.13843
v 0.10465 0.98251 -0.09379 0.19462 0.32314 0.13843
v 0.10936 0.98251 -0.09268 0.19462 0.32314 0.13843
v 0.10936 1.04921 -0.09268 0.19462 0.32314 0.13843
v 0.10936 1.04921 -0.09268 0.19462 0.32314 0.13843
v 0.10936 0.98251 -0.09268 0.19462 0.32314 0.13843
v 0.11209 1.04921 -0.09070 0.19462 0.32314 0.13843
v 0.10936 0.98251 -0.09268 0.19462 0.32314 0.13843
v 0.11209 0.98251 -0.09070 0.19462 0.32314 0.13843
v 0.11209 1.04921 -0.09070 0.19462 0.32314 0.13843
v -0.11209 0.98251 -0.09070 0.19462 0.32314 0.13843
v -0.11167 0.97900 -0.09028 0.19462 0.32314 0.13843
v -0.10936 0.98251 -0.09268 0.19462 0.32314 0.13843
v -0.11167 0.97900 -0.09028 0.19462 0.32314 0.13843
v -0.10895 0.97821 -0.09185 0.19462 0.32314 0.13843
v -0.10936 0.98251 -0.09268 0.19462 0.32314 0.13843
v -0.10936 0.98251 -0.09268 0.19462 0.32314 0.13843
v -0.10895 0.97821 -0.09185 0.19462 0.32314 0.13843
v -0.10465 0.98251 -0.09379 0.19462 0.32314 0.13843
v -0.10895 0.97821 -0.09185 0.19462 0.32314 0.13843
v -0.10465 0.97780 -0.09268 0.19462 0.32314 0.13843
v -0.10465 0.98251 -0.09379 0.19462 0.32314 0.13843
v -0.10465 0.98251 -0.09379 0.19462 0.32314 0.13843
v -0.10465 0.97780 -0.09268 0.19462 0.32314 0.13843
v 0.10465 0.98251 -0.09379 0.19462 0.32314 0.13843
v -0.10465 0.97780 -0.09268 0.19462 0.32314 0.13843
v 0.10465 0.97780 -0.09268 0.19462 0.32314 0.13843
v 0.10465 0.98251 -0.09379 0.19462 0.32314 0.13843
v 0.10465 0.98251 -0.09379 0.19462 0.32314 0.13843
v 0.10465 0.97780 -0.09268 0.19462 0.32314 0.13843
v 0.10936 0.98251 -0.09268 0.19462 0.32314 0.13843
v 0.10465 0.97780 -0.09268 0.19462 0.32314 0.13843
v 0.10895 0.97821 -0.09185 0.19462 0.32314 0.13843
v 0.10936 0.98251 -0.09268 0.19462 0.32314 0.13843
v 0.10936 0.98251 -0.09268 0.19462 0.32314 0.13843
v 0.10895 0.97821 -0.09185 0.19462 0.32314 0.13843
v 0.11209 0.98251 -0.09070 0.19462 0.32314 0.13843
v 0.10895 0.97821 -0.09185 0.19462 0.32314 0.13843
v 0.11167 0.97900 -0.09028 0.19462 0.32314 0.13843
v 0.11209 0.98251 -0.09070 0.19462 0.32314 0.13843
v -0.11167 0.97900 -0.09028 0.19462 0.32314 0.13843
v -0.11073 0.97643 -0.08934 0.19462 0.32314 0.13843
v -0.10895 0.97821 -0.09185 0.19462 0.32314 0.13843
v -0.11073 0.97643 -0.08934 0.19462 0.32314 0.13843
v -0.10816 0.97549 -0.09028 0.19462 0.32314 0.13843
v -0.10895 0.97821 -0.09185 0.19462 0.32314 0.13843
v -0.10895 0.97821 -0.09185 0.19462 0.32314 0.13843
v -0.10816 0.97549 -0.09028 0.19462 0.32314 0.13843
v -0.10465 0.97780 -0.09268 0.19462 0.32314 0.13843
v -0.10816 0.97549 -0.09028 0.19462 0.32314 0.13843
v -0.10465 0.97507 -0.09070 0.19462 0.32314 0.13843
v -0.10465 0.97780 -0.09268 0.19462 0.32314 0.13843
v -0.10465 0.97780 -0.09268 0.19462 0.32314 0.13843
v -0.10465 0.97507 -0.09070 0.19462 0.32314 0.13843
v 0.10465 0.97780 -0.09268 0.19462 0.32314 0.13843
v -0.10465 0.97507 -0.09070 0.19462 0.32314 0.13843
v 0.10465 0.97507 -0.09070 0.19462 0.32314 0.13843
v 0.10465 0.97780 -0.09268 0.19462 0.32314 0.13843
v 0.10465 0.97780 -0.09268 0.19462 0.32314 0.13843
v 0.10465 0.97507 -0.09070 0.19462 0.32314 0.13843
v 0.10895 0.97821 -0.09185 0.19462 0.32314 0.13843
v 0.10465 0.97507 -0.09070 0.19462 0.32314 0.13843
v 0.10816 0.97549 -0.09028 0.19462 0.32314 0.13843
v 0.10895 0.97821 -0.09185 0.19462 0.32314 0.13843
v 0.10895 0.97821 -0.09185 0.19462 0.32314 0.13843
v 0.10816 0.97549 -0.09028 0.19462 0.32314 0.13843
v 0.11167 0.97900 -0.09028 0.19462 0.32314 0.13843
v 0.10816 0.97549 -0.09028 0.19462 0.32314 0.13843
v 0.11073 0.97643 -0.08934 0.19462 0.32314 0.13843
v 0.11167 0.97900 -0.09028 0.19462 0.32314 0.13843
v 0.18099 1.17173 0.00000 0.19462 0.32314 0.13843
v 0.18099 1.17173 0.00000 0.19462 0.32314 0.13843
v 0.18099 1.17173 0.00000 0.19462 0.32314 0.13843
v 0.18099 1.17173 0.00000 0.19462 0.32314 0.13843
v 0.18099 1.17173 0.00000 0.19462 0.32314 0.13843
v 0.18099 1.17173 0.00000 0.19462 0.32314 0.13843
v 0.18099 1.17173 0.00000 0.19462 0.32314 0.13843
v 0.18099 1.17173 0.00000 0.19462 0.32314 0.13843
v 0.22000 1.15906 0.00000 0.19462 0.32314 0.13843
v 0.20531 1.15906 0.03050 0.19462 0.32314 0.13843
v 0.17231 1.15906 0.03803 0.19462 0.32314 0.13843
v 0.14585 1.15906 0.01692 0.19462 0.32314 0.13843
v 0.14585 1.15906 -0.01692 0.19462 0.32314 0.13843
v 0.17231 1.15906 -0.03803 0.19462 0.32314 0.13843
v 0.20531 1.15906 -0.03050 0.19462 0.32314 0.13843
v 0.22000 1.15906 -0.00000 0.19462 0.32314 0.13843
v 0.24411 1.12588 0.00000 0.19462 0.32314 0.13843
v 0.22034 1.12588 0.04935 0.19462 0.32314 0.13843
v 0.16695 1.12588 0.06153 0.19462 0.32314 0.13843
v 0.12413 1.12588 0.02738 0.19462 0.32314 0.13843
v 0.12413 1.12588 -0.02738 0.19462 0.32314 0.13843
v 0.16695 1.12588 -0.06153 0.19462 0.32314 0.13843
v 0.22034 1.12588 -0.04935 0.19462 0.32314 0.13843
v 0.24411 1.12588 -0.00000 0.19462 0.32314 0.13843
v 0.24411 1.08486 0.00000 0.19462 0.32314 0.13843
v 0.22034 1.08486 0.04935 0.19462 0.32314 0.13843
v 0.16695 1.08486 0.06153 0.19462 0.32314 0.13843
v 0.12413 1.08486 0.02738 0.19462 0.32314 0.13843
v 0.12413 1.08486 -0.02738 0.19462 0.32314 0.13843
v 0.16695 1.08486 -0.06153 0.19462 0.32314 0.13843
v 0.22034 1.08486 -0.04935 0.19462 0.32314 0.13843
v 0.24411 1.08486 -0.00000 0.19462 0.32314 0.13843
v 0.22000 1.05168 0.00000 0.19462 0.32314 0.13843
v 0.20531 1.05168 0.03050 0.19462 0.32314 0.13843
v 0.17231 1.05168 0.03803 0.19462 0.32314 0.13843
v 0.14585 1.05168 0.01692 0.19462 0.32314 0.13843
v 0.14585 1.05168 -0.01692 0.19462 0.32314 0.13843
v 0.17231 1.05168 -0.03803 0.19462 0.32314 0.13843
v 0.20531 1.05168 -0.03050 0.19462 0.32314 0.13843
v 0.22000 1.05168 -0.00000 0.19462 0.32314 0.13843
v 0.18099 1.03901 0.00000 0.19462 0.32314 0.13843
v 0.18099 1.03901 0.00000 0.19462 0.32314 0.13843
v 0.18099 1.03901 0.00000 0.19462 0.32314 0.13843
v 0.18099 1.03901 0.00000 0.19462 0.32314 0.13843
v 0.18099 1.03901 0.00000 0.19462 0.32314 0.13843
v 0.18099 1.03901 0.00000 0.19462 0.32314 0.13843
v 0.18099 1.03901 0.00000 0.19462 0.32314 0.13843
v 0.18099 1.03901 0.00000 0.19462 0.32314 0.13843
v -0.18099 1.17173 0.00000 0.19462 0.32314 0.13843
v -0.18099 1.17173 0.00000 0.19462 0.32314 0.13843
v -0.18099 1.17173 0.00000 0.19462 0.32314 0.13843
v -0.18099 1.17173 0.00000 0.19462 0.32314 0.13843
v -0.18099 1.17173 0.00000 0.19462 0.32314 0.13843
v -0.18099 1.17173 0.00000 0.19462 0.32314 0.13843
v -0.18099 1.17173 0.00000 0.19462 0.32314 0.13843
v -0.18099 1.17173 0.00000 0.19462 0.32314 0.13843
v -0.14198 1.15906 0.00000 0.19462 0.32314 0.13843
v -0.15667 1.15906 0.03050 0.19462 0.32314 0.13843
v -0.18967 1.15906 0.03803 0.19462 0.32314 0.13843
v -0.21614 1.15906 0.01692 0.19462 0.32314 0.13843
v -0.21614 1.15906 -0.01692 0.19462 0.32314 0.13843
v -0.18967 1.15906 -0.03803 0.19462 0.32314 0.13843
v -0.15667 1.15906 -0.03050 0.19462 0.32314 0.13843
v -0.14198 1.15906 -0.00000 0.19462 0.32314 0.13843
v -0.11788 1.12588 0.00000 0.19462 0.32314 0.13843
v -0.14164 1.12588 0.04935 0.19462 0.32314 0.13843
v -0.19504 1.12588 0.06153 0.19462 0.32314 0.13843
v -0.23786 1.12588 0.02738 0.19462 0.32314 0.13843
v -0.23786 1.12588 -0.02738 0.19462 0.32314 0.13843
v -0.19504 1.12588 -0.06153 0.19462 0.32314 0.13843
v -0.14164 1.12588 -0.04935 0.19462 0.32314 0.13843
v -0.11788 1.12588 -0.00000 0.19462 0.32314 0.13843
v -0.11788 1.08486 0.00000 0.19462 0.32314 0.13843
v -0.14164 1.08486 0.04935 0.19462 0.32314 0.13843
v -0.19504 1.08486 0.06153 0.19462 0.32314 0.13843
v -0.23786 1.08486 0.02738 0.19462 0.32314 0.13843
v -0.23786 1.08486 -0.02738 0.19462 0.32314 0.13843
v -0.19504 1.08486 -0.06153 0.19462 0.32314 0.13843
v -0.14164 1.08486 -0.04935 0.19462 0.32314 0.13843
v -0.11788 1.08486 -0.00000 0.19462 0.32314 0.13843
v -0.14198 1.05168 0.00000 0.19462 0.32314 0.13843
v -0.15667 1.05168 0.03050 0.19462 0.32314 0.13843
v -0.18967 1.05168 0.03803 0.19462 0.32314 0.13843
v -0.21614 1.05168 0.01692 0.19462 0.32314 0.13843
v -0.21614 1.05168 -0.01692 0.19462 0.32314 0.13843
v -0.18967 1.05168 -0.03803 0.19462 0.32314 0.13843
v -0.15667 1.05168 -0.03050 0.19462 0.32314 0.13843
v -0.14198 1.05168 -0.00000 0.19462 0.32314 0.13843
v -0.18099 1.03901 0.00000 0.19462 0.32314 0.13843
v -0.18099 1.03901 0.00000 0.19462 0.32314 0.13843
v -0.18099 1.03901 0.00000 0.19462 0.32314 0.13843
v -0.18099 1.03901 0.00000 0.19462 0.32314 0.13843
v -0.18099 1.03901 0.00000 0.19462 0.32314 0.13843
v -0.18099 1.03901 0.00000 0.19462 0.32314 0.13843
v -0.18099 1.03901 0.00000 0.19462 0.32314 0.13843
v -0.18099 1.03901 0.00000 0.19462 0.32314 0.13843
f 4727 4729 4728
f 4730 4732 4731
f 4733 4735 4734
f 4736 4738 4737
f 4739 4741 4740
f 4742 4744 4743
f 4745 4747 4746
f 4748 4750 4749
f 4751 4753 4752
f 4754 4756 4755
f 4757 4759 4758
f 4760 4762 4761
f 4763 4765 4764
f 4766 4768 4767
f 4769 4771 4770
f 4772 4774 4773
f 4775 4777 4776
f 4778 4780 4779
f 4781 4783 4782
f 4784 4786 4785
f 4787 4789 4788
f 4790 4792 4791
f 4793 4795 4794
f 4796 4798 4797
f 4799 4801 4800
f 4802 4804 4803
f 4805 4807 4806
f 4808 4810 4809
f 4811 4813 4812
f 4814 4816 4815
f 4817 4819 4818
f 4820 4822 4821
f 4823 4825 4824
f 4826 4828 4827
f 4829 4831 4830
f 4832 4834 4833
f 4835 4837 4836
f 4838 4840 4839
f 4841 4843 4842
f 4844 4846 4845
f 4847 4849 4848
f 4850 4852 4851
f 4853 4855 4854
f 4856 4858 4857
f 4859 4861 4860
f 4862 4864 4863
f 4865 4867 4866
f 4868 4870 4869
f 4871 4873 4872
f 4874 4876 4875
f 4877 4879 4878
f 4880 4882 4881
f 4883 4885 4884
f 4886 4888 4887
f 4889 4891 4890
f 4892 4894 4893
f 4895 4897 4896
f 4898 4900 4899
f 4901 4903 4902
f 4904 4906 4905
f 4907 4909 4908
f 4910 4912 4911
f 4913 4915 4914
f 4916 4918 4917
f 4919 4921 4920
f 4922 4924 4923
f 4925 4927 4926
f 4928 4930 4929
f 4931 4933 4932
f 4934 4936 4935
f 4937 4939 4938
f 4940 4942 4941
f 4943 4945 4944
f 4946 4948 4947
f 4949 4951 4950
f 4952 4954 4953
f 4955 4957 4956
f 4958 4960 4959
f 4961 4963 4962
f 4964 4966 4965
f 4967 4969 4968
f 4970 4972 4971
f 4973 4975 4974
f 4976 4978 4977
f 4979 4981 4980
f 4982 4984 4983
f 4985 4987 4986
f 4988 4990 4989
f 4991 4993 4992
f 4994 4996 4995
f 4997 4999 4998
f 5000 5002 5001
f 5003 5005 5004
f 5006 5008 5007
f 5009 5011 5010
f 5012 5014 5013
f 5015 5017 5016
f 5018 5020 5019
f 5021 5023 5022
f 5024 5026 5025
f 5027 5029 5028
f 5030 5032 5031
f 5033 5035 5034
f 5036 5038 5037
f 5039 5041 5040
f 5042 5044 5043
f 5045 5047 5046
f 5048 5050 5049
f 5051 5053 5052
f 5054 5056 5055
f 5057 5059 5058
f 5060 5062 5061
f 5063 5065 5064
f 5066 5068 5067
f 5069 5071 5070
f 5072 5074 5073
f 5075 5077 5076
f 5078 5080 5079
f 5081 5083 5082
f 5084 5086 5085
f 5087 5089 5088
f 5090 5092 5091
f 5093 5095 5094
f 5096 5098 5097
f 5099 5101 5100
f 5102 5104 5103
f 5105 5107 5106
f 5108 5110 5109
f 5111 5113 5112
f 5114 5116 5115
f 5117 5119 5118
f 5120 5122 5121
f 5123 5125 5124
f 5126 5128 5127
f 5129 5131 5130
f 5132 5134 5133
f 5135 5137 5136
f 5138 5140 5139
f 5141 5143 5142
f 5144 5146 5145
f 5147 5149 5148
f 5150 5152 5151
f 5153 5155 5154
f 5156 5158 5157
f 5159 5161 5160
f 5162 5164 5163
f 5165 5167 5166
f 5168 5170 5169
f 5171 5173 5172
f 5174 5176 5175
f 5177 5179 5178
f 5180 5182 5181
f 5183 5185 5184
f 5186 5188 5187
f 5189 5191 5190
f 5192 5194 5193
f 5195 5197 5196
f 5198 5200 5199
f 5201 5203 5202
f 5204 5206 5205
f 5207 5209 5208
f 5210 5212 5211
f 5213 5215 5214
f 5216 5218 5217
f 5219 5221 5220
f 5222 5224 5223
f 5225 5227 5226
f 5228 5230 5229
f 5231 5233 5232
f 5234 5236 5235
f 5237 5239 5238
f 5240 5242 5241
f 5243 5245 5244
f 5246 5248 5247
f 5249 5251 5250
f 5252 5254 5253
f 5255 5257 5256
f 5258 5260 5259
f 5261 5263 5262
f 5264 5266 5265
f 5267 5269 5268
f 5270 5272 5271
f 5273 5275 5274
f 5276 5278 5277
f 5279 5281 5280
f 5282 5284 5283
f 5285 5287 5286
f 5288 5290 5289
f 5291 5293 5292
f 5294 5296 5295
f 5297 5299 5298
f 5300 5302 5301
f 5303 5305 5304
f 5306 5308 5307
f 5309 5311 5310
f 5312 5314 5313
f 5315 5317 5316
f 5318 5320 5319
f 5321 5323 5322
f 5324 5326 5325
f 5327 5329 5328
f 5330 5332 5331
f 5333 5335 5334
f 5336 5338 5337
f 5339 5341 5340
f 5342 5344 5343
f 5345 5347 5346
f 5348 5350 5349
f 5351 5353 5352
f 5354 5356 5355
f 5357 5359 5358
f 5360 5362 5361
f 5363 5365 5364
f 5366 5368 5367
f 5369 5371 5370
f 5372 5374 5373
f 5375 5377 5376
f 5378 5380 5379
f 5381 5383 5382
f 5384 5386 5385
f 5387 5389 5388
f 5390 5392 5391
f 5393 5395 5394
f 5396 5398 5397
f 5399 5401 5400
f 5402 5404 5403
f 5405 5407 5406
f 5408 5410 5409
f 5411 5413 5412
f 5414 5416 5415
f 5417 5419 5418
f 5420 5422 5421
f 5423 5425 5424
f 5426 5428 5427
f 5429 5431 5430
f 5432 5434 5433
f 5435 5437 5436
f 5438 5440 5439
f 5441 5443 5442
f 5444 5446 5445
f 5447 5449 5448
f 5450 5452 5451
f 5453 5455 5454
f 5456 5458 5457
f 5459 5461 5460
f 5462 5464 5463
f 5465 5467 5466
f 5468 5470 5469
f 5471 5473 5472
f 5474 5476 5475
f 5477 5479 5478
f 5480 5482 5481
f 5483 5485 5484
f 5486 5488 5487
f 5489 5491 5490
f 5492 5494 5493
f 5495 5497 5496
f 5498 5500 5499
f 5501 5503 5502
f 5504 5506 5505
f 5507 5509 5508
f 5510 5512 5511
f 5513 5515 5514
f 5516 5518 5517
f 5519 5521 5520
f 5522 5524 5523
f 5525 5527 5526
f 5528 5530 5529
f 5531 5533 5532
f 5534 5536 5535
f 5537 5539 5538
f 5540 5542 5541
f 5543 5545 5544
f 5546 5548 5547
f 5549 5551 5550
f 5552 5554 5553
f 5555 5557 5556
f 5558 5560 5559
f 5561 5563 5562
f 5564 5566 5565
f 5567 5569 5568
f 5570 5572 5571
f 5573 5575 5574
f 5576 5578 5577
f 5579 5581 5580
f 5582 5584 5583
f 5585 5587 5586
f 5588 5590 5589
f 5591 5593 5592
f 5594 5596 5595
f 5597 5599 5598
f 5600 5602 5601
f 5603 5605 5604
f 5606 5608 5607
f 5609 5611 5610
f 5612 5614 5613
f 5615 5617 5616
f 5618 5620 5619
f 5621 5623 5622
f 5624 5626 5625
f 5627 5636 5635
f 5628 5637 5636
f 5629 5638 5637
f 5630 5639 5638
f 5631 5640 5639
f 5632 5641 5640
f 5633 5642 5641
f 5636 5644 5635
f 5635 5644 5643
f 5637 5645 5636
f 5636 5645 5644
f 5638 5646 5637
f 5637 5646 5645
f 5639 5647 5638
f 5638 5647 5646
f 5640 5648 5639
f 5639 5648 5647
f 5641 5649 5640
f 5640 5649 5648
f 5642 5650 5641
f 5641 5650 5649
f 5644 5652 5643
f 5643 5652 5651
f 5645 5653 5644
f 5644 5653 5652
f 5646 5654 5645
f 5645 5654 5653
f 5647 5655 5646
f 5646 5655 5654
f 5648 5656 5647
f 5647 5656 5655
f 5649 5657 5648
f 5648 5657 5656
f 5650 5658 5649
f 5649 5658 5657
f 5652 5660 5651
f 5651 5660 5659
f 5653 5661 5652
f 5652 5661 5660
f 5654 5662 5653
f 5653 5662 5661
f 5655 5663 5654
f 5654 5663 5662
f 5656 5664 5655
f 5655 5664 5663
f 5657 5665 5656
f 5656 5665 5664
f 5658 5666 5657
f 5657 5666 5665
f 5660 5668 5659
f 5661 5669 5660
f 5662 5670 5661
f 5663 5671 5662
f 5664 5672 5663
f 5665 5673 5664
f 5666 5674 5665
f 5675 5684 5683
f 5676 5685 5684
f 5677 5686 5685
f 5678 5687 5686
f 5679 5688 5687
f 5680 5689 5688
f 5681 5690 5689
f 5684 5692 5683
f 5683 5692 5691
f 5685 5693 5684
f 5684 5693 5692
f 5686 5694 5685
f 5685 5694 5693
f 5687 5695 5686
f 5686 5695 5694
f 5688 5696 5687
f 5687 5696 5695
f 5689 5697 5688
f 5688 5697 5696
f 5690 5698 5689
f 5689 5698 5697
f 5692 5700 5691
f 5691 5700 5699
f 5693 5701 5692
f 5692 5701 5700
f 5694 5702 5693
f 5693 5702 5701
f 5695 5703 5694
f 5694 5703 5702
f 5696 5704 5695
f 5695 5704 5703
f 5697 5705 5696
f 5696 5705 5704
f 5698 5706 5697
f 5697 5706 5705
f 5700 5708 5699
f 5699 5708 5707
f 5701 5709 5700
f 5700 5709 5708
f 5702 5710 5701
f 5701 5710 5709
f 5703 5711 5702
f 5702 5711 5710
f 5704 5712 5703
f 5703 5712 5711
f 5705 5713 5704
f 5704 5713 5712
f 5706 5714 5705
f 5705 5714 5713
f 5708 5716 5707
f 5709 5717 5708
f 5710 5718 5709
f 5711 5719 5710
f 5712 5720 5711
f 5713 5721 5712
f 5714 5722 5713
v 0.04914 1.83636 0.13514 0.04509 0.10839 0.06835
v 0.04914 1.83636 0.13514 0.04509 0.10839 0.06835
v 0.04914 1.83636 0.13514 0.04509 0.10839 0.06835
v 0.04914 1.83636 0.13514 0.04509 0.10839 0.06835
v 0.04914 1.83636 0.13514 0.04509 0.10839 0.06835
v 0.04914 1.83636 0.13514 0.04509 0.10839 0.06835
v 0.04914 1.83636 0.13514 0.04509 0.10839 0.06835
v 0.04914 1.83636 0.13514 0.04509 0.10839 0.06835
v 0.06720 1.83049 0.13514 0.04509 0.10839 0.06835
v 0.06040 1.83049 0.14926 0.04509 0.10839 0.06835
v 0.04512 1.83049 0.15274 0.04509 0.10839 0.06835
v 0.03288 1.83049 0.14297 0.04509 0.10839 0.06835
v 0.03288 1.83049 0.12731 0.04509 0.10839 0.06835
v 0.04512 1.83049 0.11754 0.04509 0.10839 0.06835
v 0.06040 1.83049 0.12103 0.04509 0.10839 0.06835
v 0.06720 1.83049 0.13514 0.04509 0.10839 0.06835
v 0.07835 1.81514 0.13514 0.04509 0.10839 0.06835
v 0.06735 1.81514 0.15798 0.04509 0.10839 0.06835
v 0.04264 1.81514 0.16362 0.04509 0.10839 0.06835
v 0.02282 1.81514 0.14781 0.04509 0.10839 0.06835
v 0.02282 1.81514 0.12247 0.04509 0.10839 0.06835
v 0.04264 1.81514 0.10666 0.04509 0.10839 0.06835
v 0.06735 1.81514 0.11230 0.04509 0.10839 0.06835
v 0.07835 1.81514 0.13514 0.04509 0.10839 0.06835
v 0.07835 1.79615 0.13514 0.04509 0.10839 0.06835
v 0.06735 1.79615 0.15798 0.04509 0.10839 0.06835
v 0.04264 1.79615 0.16362 0.04509 0.10839 0.06835
v 0.02282 1.79615 0.14781 0.04509 0.10839 0.06835
v 0.02282 1.79615 0.12247 0.04509 0.10839 0.06835
v 0.04264 1.79615 0.10666 0.04509 0.10839 0.06835
v 0.06735 1.79615 0.11230 0.04509 0.10839 0.06835
v 0.07835 1.79615 0.13514 0.04509 0.10839 0.06835
v 0.06720 1.78080 0.13514 0.04509 0.10839 0.06835
v 0.06040 1.78080 0.14926 0.04509 0.10839 0.06835
v 0.04512 1.78080 0.15274 0.04509 0.10839 0.06835
v 0.03288 1.78080 0.14297 0.04509 0.10839 0.06835
v 0.03288 1.78080 0.12731 0.04509 0.10839 0.06835
v 0.04512 1.78080 0.11754 0.04509 0.10839 0.06835
v 0.06040 1.78080 0.12103 0.04509 0.10839 0.06835
v 0.06720 1.78080 0.13514 0.04509 0.10839 0.06835
v 0.04914 1.77493 0.13514 0.04509 0.10839 0.06835
v 0.04914 1.77493 0.13514 0.04509 0.10839 0.06835
v 0.04914 1.77493 0.13514 0.04509 0.10839 0.06835
v 0.04914 1.77493 0.13514 0.04509 0.10839 0.06835
v 0.04914 1.77493 0.13514 0.04509 0.10839 0.06835
v 0.04914 1.77493 0.13514 0.04509 0.10839 0.06835
v 0.04914 1.77493 0.13514 0.04509 0.10839 0.06835
v 0.04914 1.77493 0.13514 0.04509 0.10839 0.06835
v -0.04914 1.83636 0.13514 0.04509 0.10839 0.06835
v -0.04914 1.83636 0.13514 0.04509 0.10839 0.06835
v -0.04914 1.83636 0.13514 0.04509 0.10839 0.06835
v -0.04914 1.83636 0.13514 0.04509 0.10839 0.06835
v -0.04914 1.83636 0.13514 0.04509 0.10839 0.06835
v -0.04914 1.83636 0.13514 0.04509 0.10839 0.06835
v -0.04914 1.83636 0.13514 0.04509 0.10839 0.06835
v -0.04914 1.83636 0.13514 0.04509 0.10839 0.06835
v -0.03109 1.83049 0.13514 0.04509 0.10839 0.06835
v -0.03789 1.83049 0.14926 0.04509 0.10839 0.06835
v -0.05316 1.83049 0.15274 0.04509 0.10839 0.06835
v -0.06541 1.83049 0.14297 0.04509 0.10839 0.06835
v -0.06541 1.83049 0.12731 0.04509 0.10839 0.06835
v -0.05316 1.83049 0.11754 0.04509 0.10839 0.06835
v -0.03789 1.83049 0.12103 0.04509 0.10839 0.06835
v -0.03109 1.83049 0.13514 0.04509 0.10839 0.06835
v -0.01993 1.81514 0.13514 0.04509 0.10839 0.06835
v -0.03093 1.81514 0.15798 0.04509 0.10839 0.06835
v -0.05564 1.81514 0.16362 0.04509 0.10839 0.06835
v -0.07546 1.81514 0.14781 0.04509 0.10839 0.06835
v -0.07546 1.81514 0.12247 0.04509 0.10839 0.06835
v -0.05564 1.81514 0.10666 0.04509 0.10839 0.06835
v -0.03093 1.81514 0.11230 0.04509 0.10839 0.06835
v -0.01993 1.81514 0.13514 0.04509 0.10839 0.06835
v -0.01993 1.79615 0.13514 0.04509 0.10839 0.06835
v -0.03093 1.79615 0.15798 0.04509 0.10839 0.06835
v -0.05564 1.79615 0.16362 0.04509 0.10839 0.06835
v -0.07546 1.79615 0.14781 0.04509 0.10839 0.06835
v -0.07546 1.79615 0.12247 0.04509 0.10839 0.06835
v -0.05564 1.79615 0.10666 0.04509 0.10839 0.06835
v -0.03093 1.79615 0.11230 0.04509 0.10839 0.06835
v -0.01993 1.79615 0.13514 0.04509 0.10839 0.06835
v -0.03109 1.78080 0.13514 0.04509 0.10839 0.06835
v -0.03789 1.78080 0.14926 0.04509 0.10839 0.06835
v -0.05316 1.78080 0.15274 0.04509 0.10839 0.06835
v -0.06541 1.78080 0.14297 0.04509 0.10839 0.06835
v -0.06541 1.78080 0.12731 0.04509 0.10839 0.06835
v -0.05316 1.78080 0.11754 0.04509 0.10839 0.06835
v -0.03789 1.78080 0.12103 0.04509 0.10839 0.06835
v -0.03109 1.78080 0.13514 0.04509 0.10839 0.06835
v -0.04914 1.77493 0.13514 0.04509 0.10839 0.06835
v -0.04914 1.77493 0.13514 0.04509 0.10839 0.06835
v -0.04914 1.77493 0.13514 0.04509 0.10839 0.06835
v -0.04914 1.77493 0.13514 0.04509 0.10839 0.06835
v -0.04914 1.77493 0.13514 0.04509 0.10839 0.06835
v -0.04914 1.77493 0.13514 0.04509 0.10839 0.06835
v -0.04914 1.77493 0.13514 0.04509 0.10839 0.06835
v -0.04914 1.77493 0.13514 0.04509 0.10839 0.06835
f 5723 5732 5731
f 5724 5733 5732
f 5725 5734 5733
f 5726 5735 5734
f 5727 5736 5735
f 5728 5737 5736
f 5729 5738 5737
f 5732 5740 5731
f 5731 5740 5739
f 5733 5741 5732
f 5732 5741 5740
f 5734 5742 5733
f 5733 5742 5741
f 5735 5743 5734
f 5734 5743 5742
f 5736 5744 5735
f 5735 5744 5743
f 5737 5745 5736
f 5736 5745 5744
f 5738 5746 5737
f 5737 5746 5745
f 5740 5748 5739
f 5739 5748 5747
f 5741 5749 5740
f 5740 5749 5748
f 5742 5750 5741
f 5741 5750 5749
f 5743 5751 5742
f 5742 5751 5750
f 5744 5752 5743
f 5743 5752 5751
f 5745 5753 5744
f 5744 5753 5752
f 5746 5754 5745
f 5745 5754 5753
f 5748 5756 5747
f 5747 5756 5755
f 5749 5757 5748
f 5748 5757 5756
f 5750 5758 5749
f 5749 5758 5757
f 5751 5759 5750
f 5750 5759 5758
f 5752 5760 5751
f 5751 5760 5759
f 5753 5761 5752
f 5752 5761 5760
f 5754 5762 5753
f 5753 5762 5761
f 5756 5764 5755
f 5757 5765 5756
f 5758 5766 5757
f 5759 5767 5758
f 5760 5768 5759
f 5761 5769 5760
f 5762 5770 5761
f 5771 5780 5779
f 5772 5781 5780
f 5773 5782 5781
f 5774 5783 5782
f 5775 5784 5783
f 5776 5785 5784
f 5777 5786 5785
f 5780 5788 5779
f 5779 5788 5787
f 5781 5789 5780
f 5780 5789 5788
f 5782 5790 5781
f 5781 5790 5789
f 5783 5791 5782
f 5782 5791 5790
f 5784 5792 5783
f 5783 5792 5791
f 5785 5793 5784
f 5784 5793 5792
f 5786 5794 5785
f 5785 5794 5793
f 5788 5796 5787
f 5787 5796 5795
f 5789 5797 5788
f 5788 5797 5796
f 5790 5798 5789
f 5789 5798 5797
f 5791 5799 5790
f 5790 5799 5798
f 5792 5800 5791
f 5791 5800 5799
f 5793 5801 5792
f 5792 5801 5800
f 5794 5802 5793
f 5793 5802 5801
f 5796 5804 5795
f 5795 5804 5803
f 5797 5805 5796
f 5796 5805 5804
f 5798 5806 5797
f 5797 5806 5805
f 5799 5807 5798
f 5798 5807 5806
f 5800 5808 5799
f 5799 5808 5807
f 5801 5809 5800
f 5800 5809 5808
f 5802 5810 5801
f 5801 5810 5809
f 5804 5812 5803
f 5805 5813 5804
f 5806 5814 5805
f 5807 5815 5806
f 5808 5816 5807
f 5809 5817 5808
f 5810 5818 5809
v -0.13763 0.82979 0.10719 0.02732 0.04231 0.03190
v -0.13810 0.82851 0.10766 0.02732 0.04231 0.03190
v -0.13810 0.83026 0.10591 0.02732 0.04231 0.03190
v -0.13810 0.82851 0.10766 0.02732 0.04231 0.03190
v -0.13889 0.82890 0.10630 0.02732 0.04231 0.03190
v -0.13810 0.83026 0.10591 0.02732 0.04231 0.03190
v -0.13810 0.83026 0.10591 0.02732 0.04231 0.03190
v -0.13889 0.82890 0.10630 0.02732 0.04231 0.03190
v -0.13832 0.83047 0.10415 0.02732 0.04231 0.03190
v -0.13889 0.82890 0.10630 0.02732 0.04231 0.03190
v -0.13930 0.82911 0.10415 0.02732 0.04231 0.03190
v -0.13832 0.83047 0.10415 0.02732 0.04231 0.03190
v -0.13832 0.83047 0.10415 0.02732 0.04231 0.03190
v -0.13930 0.82911 0.10415 0.02732 0.04231 0.03190
v -0.13832 0.83047 -0.10415 0.02732 0.04231 0.03190
v -0.13930 0.82911 0.10415 0.02732 0.04231 0.03190
v -0.13930 0.82911 -0.10415 0.02732 0.04231 0.03190
v -0.13832 0.83047 -0.10415 0.02732 0.04231 0.03190
v -0.13832 0.83047 -0.10415 0.02732 0.04231 0.03190
v -0.13930 0.82911 -0.10415 0.02732 0.04231 0.03190
v -0.13810 0.83026 -0.10591 0.02732 0.04231 0.03190
v -0.13930 0.82911 -0.10415 0.02732 0.04231 0.03190
v -0.13889 0.82890 -0.10630 0.02732 0.04231 0.03190
v -0.13810 0.83026 -0.10591 0.02732 0.04231 0.03190
v -0.13810 0.83026 -0.10591 0.02732 0.04231 0.03190
v -0.13889 0.82890 -0.10630 0.02732 0.04231 0.03190
v -0.13763 0.82979 -0.10719 0.02732 0.04231 0.03190
v -0.13889 0.82890 -0.10630 0.02732 0.04231 0.03190
v -0.13810 0.82851 -0.10766 0.02732 0.04231 0.03190
v -0.13763 0.82979 -0.10719 0.02732 0.04231 0.03190
v -0.13810 0.82851 0.10766 0.02732 0.04231 0.03190
v -0.13832 0.82675 0.10788 0.02732 0.04231 0.03190
v -0.13889 0.82890 0.10630 0.02732 0.04231 0.03190
v -0.13832 0.82675 0.10788 0.02732 0.04231 0.03190
v -0.13930 0.82675 0.10651 0.02732 0.04231 0.03190
v -0.13889 0.82890 0.10630 0.02732 0.04231 0.03190
v -0.13889 0.82890 0.10630 0.02732 0.04231 0.03190
v -0.13930 0.82675 0.10651 0.02732 0.04231 0.03190
v -0.13930 0.82911 0.10415 0.02732 0.04231 0.03190
v -0.13930 0.82675 0.10651 0.02732 0.04231 0.03190
v -0.13986 0.82675 0.10415 0.02732 0.04231 0.03190
v -0.13930 0.82911 0.10415 0.02732 0.04231 0.03190
v -0.13930 0.82911 0.10415 0.02732 0.04231 0.03190
v -0.13986 0.82675 0.10415 0.02732 0.04231 0.03190
v -0.13930 0.82911 -0.10415 0.02732 0.04231 0.03190
v -0.13986 0.82675 0.10415 0.02732 0.04231 0.03190
v -0.13986 0.82675 -0.10415 0.02732 0.04231 0.03190
v -0.13930 0.82911 -0.10415 0.02732 0.04231 0.03190
v -0.13930 0.82911 -0.10415 0.02732 0.04231 0.03190
v -0.13986 0.82675 -0.10415 0.02732 0.04231 0.03190
v -0.13889 0.82890 -0.10630 0.02732 0.04231 0.03190
v -0.13986 0.82675 -0.10415 0.02732 0.04231 0.03190
v -0.13930 0.82675 -0.10651 0.02732 0.04231 0.03190
v -0.13889 0.82890 -0.10630 0.02732 0.04231 0.03190
v -0.13889 0.82890 -0.10630 0.02732 0.04231 0.03190
v -0.13930 0.82675 -0.10651 0.02732 0.04231 0.03190
v -0.13810 0.82851 -0.10766 0.02732 0.04231 0.03190
v -0.13930 0.82675 -0.10651 0.02732 0.04231 0.03190
v -0.13832 0.82675 -0.10788 0.02732 0.04231 0.03190
v -0.13810 0.82851 -0.10766 0.02732 0.04231 0.03190
v -0.13832 0.82675 0.10788 0.02732 0.04231 0.03190
v -0.13832 0.79340 0.10788 0.02732 0.04231 0.03190
v -0.13930 0.82675 0.10651 0.02732 0.04231 0.03190
v -0.13832 0.79340 0.10788 0.02732 0.04231 0.03190
v -0.13930 0.79340 0.10651 0.02732 0.04231 0.03190
v -0.13930 0.82675 0.10651 0.02732 0.04231 0.03190
v -0.13930 0.82675 0.10651 0.02732 0.04231 0.03190
v -0.13930 0.79340 0.10651 0.02732 0.04231 0.03190
v -0.13986 0.82675 0.10415 0.02732 0.04231 0.03190
v -0.13930 0.79340 0.10651 0.02732 0.04231 0.03190
v -0.13986 0.79340 0.10415 0.02732 0.04231 0.03190
v -0.13986 0.82675 0.10415 0.02732 0.04231 0.03190
v -0.13986 0.82675 0.10415 0.02732 0.04231 0.03190
v -0.13986 0.79340 0.10415 0.02732 0.04231 0.03190
v -0.13986 0.82675 -0.10415 0.02732 0.04231 0.03190
v -0.13986 0.79340 0.10415 0.02732 0.04231 0.03190
v -0.13986 0.79340 -0.10415 0.02732 0.04231 0.03190
v -0.13986 0.82675 -0.10415 0.02732 0.04231 0.03190
v -0.13986 0.82675 -0.10415 0.02732 0.04231 0.03190
v -0.13986 0.79340 -0.10415 0.02732 0.04231 0.03190
v -0.13930 0.82675 -0.10651 0.02732 0.04231 0.03190
v -0.13986 0.79340 -0.10415 0.02732 0.04231 0.03190
v -0.13930 0.79340 -0.10651 0.02732 0.04231 0.03190
v -0.13930 0.82675 -0.10651 0.02732 0.04231 0.03190
v -0.13930 0.82675 -0.10651 0.02732 0.04231 0.03190
v -0.13930 0.79340 -0.10651 0.02732 0.04231 0.03190
v -0.13832 0.82675 -0.10788 0.02732 0.04231 0.03190
v -0.13930 0.79340 -0.10651 0.02732 0.04231 0.03190
v -0.13832 0.79340 -0.10788 0.02732 0.04231 0.03190
v -0.13832 0.82675 -0.10788 0.02732 0.04231 0.03190
v -0.13832 0.79340 0.10788 0.02732 0.04231 0.03190
v -0.13810 0.79165 0.10766 0.02732 0.04231 0.03190
v -0.13930 0.79340 0.10651 0.02732 0.04231 0.03190
v -0.13810 0.79165 0.10766 0.02732 0.04231 0.03190
v -0.13889 0.79125 0.10630 0.02732 0.04231 0.03190
v -0.13930 0.79340 0.10651 0.02732 0.04231 0.03190
v -0.13930 0.79340 0.10651 0.02732 0.04231 0.03190
v -0.13889 0.79125 0.10630 0.02732 0.04231 0.03190
v -0.13986 0.79340 0.10415 0.02732 0.04231 0.03190
v -0.13889 0.79125 0.10630 0.02732 0.04231 0.03190
v -0.13930 0.79105 0.10415 0.02732 0.04231 0.03190
v -0.13986 0.79340 0.10415 0.02732 0.04231 0.03190
v -0.13986 0.79340 0.10415 0.02732 0.04231 0.03190
v -0.13930 0.79105 0.10415 0.02732 0.04231 0.03190
v -0.13986 0.79340 -0.10415 0.02732 0.04231 0.03190
v -0.13930 0.79105 0.10415 0.02732 0.04231 0.03190
v -0.13930 0.79105 -0.10415 0.02732 0.04231 0.03190
v -0.13986 0.79340 -0.10415 0.02732 0.04231 0.03190
v -0.13986 0.79340 -0.10415 0.02732 0.04231 0.03190
v -0.13930 0.79105 -0.10415 0.02732 0.04231 0.03190
v -0.13930 0.79340 -0.10651 0.02732 0.04231 0.03190
v -0.13930 0.79105 -0.10415 0.02732 0.04231 0.03190
v -0.13889 0.79125 -0.10630 0.02732 0.04231 0.03190
v -0.13930 0.79340 -0.10651 0.02732 0.04231 0.03190
v -0.13930 0.79340 -0.10651 0.02732 0.04231 0.03190
v -0.13889 0.79125 -0.10630 0.02732 0.04231 0.03190
v -0.13832 0.79340 -0.10788 0.02732 0.04231 0.03190
v -0.13889 0.79125 -0.10630 0.02732 0.04231 0.03190
v -0.13810 0.79165 -0.10766 0.02732 0.04231 0.03190
v -0.13832 0.79340 -0.10788 0.02732 0.04231 0.03190
v -0.13810 0.79165 0.10766 0.02732 0.04231 0.03190
v -0.13763 0.79036 0.10719 0.02732 0.04231 0.03190
v -0.13889 0.79125 0.10630 0.02732 0.04231 0.03190
v -0.13763 0.79036 0.10719 0.02732 0.04231 0.03190
v -0.13810 0.78989 0.10591 0.02732 0.04231 0.03190
v -0.13889 0.79125 0.10630 0.02732 0.04231 0.03190
v -0.13889 0.79125 0.10630 0.02732 0.04231 0.03190
v -0.13810 0.78989 0.10591 0.02732 0.04231 0.03190
v -0.13930 0.79105 0.10415 0.02732 0.04231 0.03190
v -0.13810 0.78989 0.10591 0.02732 0.04231 0.03190
v -0.13832 0.78968 0.10415 0.02732 0.04231 0.03190
v -0.13930 0.79105 0.10415 0.02732 0.04231 0.03190
v -0.13930 0.79105 0.10415 0.02732 0.04231 0.03190
v -0.13832 0.78968 0.10415 0.02732 0.04231 0.03190
v -0.13930 0.79105 -0.10415 0.02732 0.04231 0.03190
v -0.13832 0.78968 0.10415 0.02732 0.04231 0.03190
v -0.13832 0.78968 -0.10415 0.02732 0.04231 0.03190
v -0.13930 0.79105 -0.10415 0.02732 0.04231 0.03190
v -0.13930 0.79105 -0.10415 0.02732 0.04231 0.03190
v -0.13832 0.78968 -0.10415 0.02732 0.04231 0.03190
v -0.13889 0.79125 -0.10630 0.02732 0.04231 0.03190
v -0.13832 0.78968 -0.10415 0.02732 0.04231 0.03190
v -0.13810 0.78989 -0.10591 0.02732 0.04231 0.03190
v -0.13889 0.79125 -0.10630 0.02732 0.04231 0.03190
v -0.13889 0.79125 -0.10630 0.02732 0.04231 0.03190
v -0.13810 0.78989 -0.10591 0.02732 0.04231 0.03190
v -0.13810 0.79165 -0.10766 0.02732 0.04231 0.03190
v -0.13810 0.78989 -0.10591 0.02732 0.04231 0.03190
v -0.13763 0.79036 -0.10719 0.02732 0.04231 0.03190
v -0.13810 0.79165 -0.10766 0.02732 0.04231 0.03190
v 0.13763 0.82979 -0.10719 0.02732 0.04231 0.03190
v 0.13810 0.82851 -0.10766 0.02732 0.04231 0.03190
v 0.13810 0.83026 -0.10591 0.02732 0.04231 0.03190
v 0.13810 0.82851 -0.10766 0.02732 0.04231 0.03190
v 0.13889 0.82890 -0.10630 0.02732 0.04231 0.03190
v 0.13810 0.83026 -0.10591 0.02732 0.04231 0.03190
v 0.13810 0.83026 -0.10591 0.02732 0.04231 0.03190
v 0.13889 0.82890 -0.10630 0.02732 0.04231 0.03190
v 0.13832 0.83047 -0.10415 0.02732 0.04231 0.03190
v 0.13889 0.82890 -0.10630 0.02732 0.04231 0.03190
v 0.13930 0.82911 -0.10415 0.02732 0.04231 0.03190
v 0.13832 0.83047 -0.10415 0.02732 0.04231 0.03190
v 0.13832 0.83047 -0.10415 0.02732 0.04231 0.03190
v 0.13930 0.82911 -0.10415 0.02732 0.04231 0.03190
v 0.13832 0.83047 0.10415 0.02732 0.04231 0.03190
v 0.13930 0.82911 -0.10415 0.02732 0.04231 0.03190
v 0.13930 0.82911 0.10415 0.02732 0.04231 0.03190
v 0.13832 0.83047 0.10415 0.02732 0.04231 0.03190
v 0.13832 0.83047 0.10415 0.02732 0.04231 0.03190
v 0.13930 0.82911 0.10415 0.02732 0.04231 0.03190
v 0.13810 0.83026 0.10591 0.02732 0.04231 0.03190
v 0.13930 0.82911 0.10415 0.02732 0.04231 0.03190
v 0.13889 0.82890 0.10630 0.02732 0.04231 0.03190
v 0.13810 0.83026 0.10591 0.02732 0.04231 0.03190
v 0.13810 0.83026 0.10591 0.02732 0.04231 0.03190
v 0.13889 0.82890 0.10630 0.02732 0.04231 0.03190
v 0.13763 0.82979 0.10719 0.02732 0.04231 0.03190
v 0.13889 0.82890 0.10630 0.02732 0.04231 0.03190
v 0.13810 0.82851 0.10766 0.02732 0.04231 0.03190
v 0.13763 0.82979 0.10719 0.02732 0.04231 0.03190
v 0.13810 0.82851 -0.10766 0.02732 0.04231 0.03190
v 0.13832 0.82675 -0.10788 0.02732 0.04231 0.03190
v 0.13889 0.82890 -0.10630 0.02732 0.04231 0.03190
v 0.13832 0.82675 -0.10788 0.02732 0.04231 0.03190
v 0.13930 0.82675 -0.10651 0.02732 0.04231 0.03190
v 0.13889 0.82890 -0.10630 0.02732 0.04231 0.03190
v 0.13889 0.82890 -0.10630 0.02732 0.04231 0.03190
v 0.13930 0.82675 -0.10651 0.02732 0.04231 0.03190
v 0.13930 0.82911 -0.10415 0.02732 0.04231 0.03190
v 0.13930 0.82675 -0.10651 0.02732 0.04231 0.03190
v 0.13986 0.82675 -0.10415 0.02732 0.04231 0.03190
v 0.13930 0.82911 -0.10415 0.02732 0.04231 0.03190
v 0.13930 0.82911 -0.10415 0.02732 0.04231 0.03190
v 0.13986 0.82675 -0.10415 0.02732 0.04231 0.03190
v 0.13930 0.82911 0.10415 0.02732 0.04231 0.03190
v 0.13986 0.82675 -0.10415 0.02732 0.04231 0.03190
v 0.13986 0.82675 0.10415 0.02732 0.04231 0.03190
v 0.13930 0.82911 0.10415 0.02732 0.04231 0.03190
v 0.13930 0.82911 0.10415 0.02732 0.04231 0.03190
v 0.13986 0.82675 0.10415 0.02732 0.04231 0.03190
v 0.13889 0.82890 0.10630 0.02732 0.04231 0.03190
v 0.13986 0.82675 0.10415 0.02732 0.04231 0.03190
v 0.13930 0.82675 0.10651 0.02732 0.04231 0.03190
v 0.13889 0.82890 0.10630 0.02732 0.04231 0.03190
v 0.13889 0.82890 0.10630 0.02732 0.04231 0.03190
v 0.13930 0.82675 0.10651 0.02732 0.04231 0.03190
v 0.13810 0.82851 0.10766 0.02732 0.04231 0.03190
v 0.13930 0.82675 0.10651 0.02732 0.04231 0.03190
v 0.13832 0.82675 0.10788 0.02732 0.04231 0.03190
v 0.13810 0.82851 0.10766 0.02732 0.04231 0.03190
v 0.13832 0.82675 -0.10788 0.02732 0.04231 0.03190
v 0.13832 0.79340 -0.10788 0.02732 0.04231 0.03190
v 0.13930 0.82675 -0.10651 0.02732 0.04231 0.03190
v 0.13832 0.79340 -0.10788 0.02732 0.04231 0.03190
v 0.13930 0.79340 -0.10651 0.02732 0.04231 0.03190
v 0.13930 0.82675 -0.10651 0.02732 0.04231 0.03190
v 0.13930 0.82675 -0.10651 0.02732 0.04231 0.03190
v 0.13930 0.79340 -0.10651 0.02732 0.04231 0.03190
v 0.13986 0.82675 -0.10415 0.02732 0.04231 0.03190
v 0.13930 0.79340 -0.10651 0.02732 0.04231 0.03190
v 0.13986 0.79340 -0.10415 0.02732 0.04231 0.03190
v 0.13986 0.82675 -0.10415 0.02732 0.04231 0.03190
v 0.13986 0.82675 -0.10415 0.02732 0.04231 0.03190
v 0.13986 0.79340 -0.10415 0.02732 0.04231 0.03190
v 0.13986 0.82675 0.10415 0.02732 0.04231 0.03190
v 0.13986 0.79340 -0.10415 0.02732 0.04231 0.03190
v 0.13986 0.79340 0.10415 0.02732 0.04231 0.03190
v 0.13986 0.82675 0.10415 0.02732 0.04231 0.03190
v 0.13986 0.82675 0.10415 0.02732 0.04231 0.03190
v 0.13986 0.79340 0.10415 0.02732 0.04231 0.03190
v 0.13930 0.82675 0.10651 0.02732 0.04231 0.03190
v 0.13986 0.79340 0.10415 0.02732 0.04231 0.03190
v 0.13930 0.79340 0.10651 0.02732 0.04231 0.03190
v 0.13930 0.82675 0.10651 0.02732 0.04231 0.03190
v 0.13930 0.82675 0.10651 0.02732 0.04231 0.03190
v 0.13930 0.79340 0.10651 0.02732 0.04231 0.03190
v 0.13832 0.82675 0.10788 0.02732 0.04231 0.03190
v 0.13930 0.79340 0.10651 0.02732 0.04231 0.03190
v 0.13832 0.79340 0.10788 0.02732 0.04231 0.03190
v 0.13832 0.82675 0.10788 0.02732 0.04231 0.03190
v 0.13832 0.79340 -0.10788 0.02732 0.04231 0.03190
v 0.13810 0.79165 -0.10766 0.02732 0.04231 0.03190
v 0.13930 0.79340 -0.10651 0.02732 0.04231 0.03190
v 0.13810 0.79165 -0.10766 0.02732 0.04231 0.03190
v 0.13889 0.79125 -0.10630 0.02732 0.04231 0.03190
v 0.13930 0.79340 -0.10651 0.02732 0.04231 0.03190
v 0.13930 0.79340 -0.10651 0.02732 0.04231 0.03190
v 0.13889 0.79125 -0.10630 0.02732 0.04231 0.03190
v 0.13986 0.79340 -0.10415 0.02732 0.04231 0.03190
v 0.13889 0.79125 -0.10630 0.02732 0.04231 0.03190
v 0.13930 0.79105 -0.10415 0.02732 0.04231 0.03190
v 0.13986 0.79340 -0.10415 0.02732 0.04231 0.03190
v 0.13986 0.79340 -0.10415 0.02732 0.04231 0.03190
v 0.13930 0.79105 -0.10415 0.02732 0.04231 0.03190
v 0.13986 0.79340 0.10415 0.02732 0.04231 0.03190
v 0.13930 0.79105 -0.10415 0.02732 0.04231 0.03190
v 0.13930 0.79105 0.10415 0.02732 0.04231 0.03190
v 0.13986 0.79340 0.10415 0.02732 0.04231 0.03190
v 0.13986 0.79340 0.10415 0.02732 0.04231 0.03190
v 0.13930 0.79105 0.10415 0.02732 0.04231 0.03190
v 0.13930 0.79340 0.10651 0.02732 0.04231 0.03190
v 0.13930 0.79105 0.10415 0.02732 0.04231 0.03190
v 0.13889 0.79125 0.10630 0.02732 0.04231 0.03190
v 0.13930 0.79340 0.10651 0.02732 0.04231 0.03190
v 0.13930 0.79340 0.10651 0.02732 0.04231 0.03190
v 0.13889 0.79125 0.10630 0.02732 0.04231 0.03190
v 0.13832 0.79340 0.10788 0.02732 0.04231 0.03190
v 0.13889 0.79125 0.10630 0.02732 0.04231 0.03190
v 0.13810 0.79165 0.10766 0.02732 0.04231 0.03190
v 0.13832 0.79340 0.10788 0.02732 0.04231 0.03190
v 0.13810 0.79165 -0.10766 0.02732 0.04231 0.03190
v 0.13763 0.79036 -0.10719 0.02732 0.04231 0.03190
v 0.13889 0.79125 -0.10630 0.02732 0.04231 0.03190
v 0.13763 0.79036 -0.10719 0.02732 0.04231 0.03190
v 0.13810 0.78989 -0.10591 0.02732 0.04231 0.03190
v 0.13889 0.79125 -0.10630 0.02732 0.04231 0.03190
v 0.13889 0.79125 -0.10630 0.02732 0.04231 0.03190
v 0.13810 0.78989 -0.10591 0.02732 0.04231 0.03190
v 0.13930 0.79105 -0.10415 0.02732 0.04231 0.03190
v 0.13810 0.78989 -0.10591 0.02732 0.04231 0.03190
v 0.13832 0.78968 -0.10415 0.02732 0.04231 0.03190
v 0.13930 0.79105 -0.10415 0.02732 0.04231 0.03190
v 0.13930 0.79105 -0.10415 0.02732 0.04231 0.03190
v 0.13832 0.78968 -0.10415 0.02732 0.04231 0.03190
v 0.13930 0.79105 0.10415 0.02732 0.04231 0.03190
v 0.13832 0.78968 -0.10415 0.02732 0.04231 0.03190
v 0.13832 0.78968 0.10415 0.02732 0.04231 0.03190
v 0.13930 0.79105 0.10415 0.02732 0.04231 0.03190
v 0.13930 0.79105 0.10415 0.02732 0.04231 0.03190
v 0.13832 0.78968 0.10415 0.02732 0.04231 0.03190
v 0.13889 0.79125 0.10630 0.02732 0.04231 0.03190
v 0.13832 0.78968 0.10415 0.02732 0.04231 0.03190
v 0.13810 0.78989 0.10591 0.02732 0.04231 0.03190
v 0.13889 0.79125 0.10630 0.02732 0.04231 0.03190
v 0.13889 0.79125 0.10630 0.02732 0.04231 0.03190
v 0.13810 0.78989 0.10591 0.02732 0.04231 0.03190
v 0.13810 0.79165 0.10766 0.02732 0.04231 0.03190
v 0.13810 0.78989 0.10591 0.02732 0.04231 0.03190
v 0.13763 0.79036 0.10719 0.02732 0.04231 0.03190
v 0.13810 0.79165 0.10766 0.02732 0.04231 0.03190
v 0.13763 0.82979 -0.10719 0.02732 0.04231 0.03190
v 0.13810 0.83026 -0.10591 0.02732 0.04231 0.03190
v 0.13635 0.83026 -0.10766 0.02732 0.04231 0.03190
v 0.13810 0.83026 -0.10591 0.02732 0.04231 0.03190
v 0.13674 0.83105 -0.10630 0.02732 0.04231 0.03190
v 0.13635 0.83026 -0.10766 0.02732 0.04231 0.03190
v 0.13635 0.83026 -0.10766 0.02732 0.04231 0.03190
v 0.13674 0.83105 -0.10630 0.02732 0.04231 0.03190
v 0.13459 0.83047 -0.10788 0.02732 0.04231 0.03190
v 0.13674 0.83105 -0.10630 0.02732 0.04231 0.03190
v 0.13459 0.83146 -0.10651 0.02732 0.04231 0.03190
v 0.13459 0.83047 -0.10788 0.02732 0.04231 0.03190
v 0.13459 0.83047 -0.10788 0.02732 0.04231 0.03190
v 0.13459 0.83146 -0.10651 0.02732 0.04231 0.03190
v -0.13459 0.83047 -0.10788 0.02732 0.04231 0.03190
v 0.13459 0.83146 -0.10651 0.02732 0.04231 0.03190
v -0.13459 0.83146 -0.10651 0.02732 0.04231 0.03190
v -0.13459 0.83047 -0.10788 0.02732 0.04231 0.03190
v -0.13459 0.83047 -0.10788 0.02732 0.04231 0.03190
v -0.13459 0.83146 -0.10651 0.02732 0.04231 0.03190
v -0.13635 0.83026 -0.10766 0.02732 0.04231 0.03190
v -0.13459 0.83146 -0.10651 0.02732 0.04231 0.03190
v -0.13674 0.83105 -0.10630 0.02732 0.04231 0.03190
v -0.13635 0.83026 -0.10766 0.02732 0.04231 0.03190
v -0.13635 0.83026 -0.10766 0.02732 0.04231 0.03190
v -0.13674 0.83105 -0.10630 0.02732 0.04231 0.03190
v -0.13763 0.82979 -0.10719 0.02732 0.04231 0.03190
v -0.13674 0.83105 -0.10630 0.02732 0.04231 0.03190
v -0.13810 0.83026 -0.10591 0.02732 0.04231 0.03190
v -0.13763 0.82979 -0.10719 0.02732 0.04231 0.03190
v 0.13810 0.83026 -0.10591 0.02732 0.04231 0.03190
v 0.13832 0.83047 -0.10415 0.02732 0.04231 0.03190
v 0.13674 0.83105 -0.10630 0.02732 0.04231 0.03190
v 0.13832 0.83047 -0.10415 0.02732 0.04231 0.03190
v 0.13695 0.83146 -0.10415 0.02732 0.04231 0.03190
v 0.13674 0.83105 -0.10630 0.02732 0.04231 0.03190
v 0.13674 0.83105 -0.10630 0.02732 0.04231 0.03190
v 0.13695 0.83146 -0.10415 0.02732 0.04231 0.03190
v 0.13459 0.83146 -0.10651 0.02732 0.04231 0.03190
v 0.13695 0.83146 -0.10415 0.02732 0.04231 0.03190
v 0.13459 0.83202 -0.10415 0.02732 0.04231 0.03190
v 0.13459 0.83146 -0.10651 0.02732 0.04231 0.03190
v 0.13459 0.83146 -0.10651 0.02732 0.04231 0.03190
v 0.13459 0.83202 -0.10415 0.02732 0.04231 0.03190
v -0.13459 0.83146 -0.10651 0.02732 0.04231 0.03190
v 0.13459 0.83202 -0.10415 0.02732 0.04231 0.03190
v -0.13459 0.83202 -0.10415 0.02732 0.04231 0.03190
v -0.13459 0.83146 -0.10651 0.02732 0.04231 0.03190
v -0.13459 0.83146 -0.10651 0.02732 0.04231 0.03190
v -0.13459 0.83202 -0.10415 0.02732 0.04231 0.03190
v -0.13674 0.83105 -0.10630 0.02732 0.04231 0.03190
v -0.13459 0.83202 -0.10415 0.02732 0.04231 0.03190
v -0.13695 0.83146 -0.10415 0.02732 0.04231 0.03190
v -0.13674 0.83105 -0.10630 0.02732 0.04231 0.03190
v -0.13674 0.83105 -0.10630 0.02732 0.04231 0.03190
v -0.13695 0.83146 -0.10415 0.02732 0.04231 0.03190
v -0.13810 0.83026 -0.10591 0.02732 0.04231 0.03190
v -0.13695 0.83146 -0.10415 0.02732 0.04231 0.03190
v -0.13832 0.83047 -0.10415 0.02732 0.04231 0.03190
v -0.13810 0.83026 -0.10591 0.02732 0.04231 0.03190
v 0.13832 0.83047 -0.10415 0.02732 0.04231 0.03190
v 0.13832 0.83047 0.10415 0.02732 0.04231 0.03190
v 0.13695 0.83146 -0.10415 0.02732 0.04231 0.03190
v 0.13832 0.83047 0.10415 0.02732 0.04231 0.03190
v 0.13695 0.83146 0.10415 0.02732 0.04231 0.03190
v 0.13695 0.83146 -0.10415 0.02732 0.04231 0.03190
v 0.13695 0.83146 -0.10415 0.02732 0.04231 0.03190
v 0.13695 0.83146 0.10415 0.02732 0.04231 0.03190
v 0.13459 0.83202 -0.10415 0.02732 0.04231 0.03190
v 0.13695 0.83146 0.10415 0.02732 0.04231 0.03190
v 0.13459 0.83202 0.10415 0.02732 0.04231 0.03190
v 0.13459 0.83202 -0.10415 0.02732 0.04231 0.03190
v 0.13459 0.83202 -0.10415 0.02732 0.04231 0.03190
v 0.13459 0.83202 0.10415 0.02732 0.04231 0.03190
v -0.13459 0.83202 -0.10415 0.02732 0.04231 0.03190
v 0.13459 0.83202 0.10415 0.02732 0.04231 0.03190
v -0.13459 0.83202 0.10415 0.02732 0.04231 0.03190
v -0.13459 0.83202 -0.10415 0.02732 0.04231 0.03190
v -0.13459 0.83202 -0.10415 0.02732 0.04231 0.03190
v -0.13459 0.83202 0.10415 0.02732 0.04231 0.03190
v -0.13695 0.83146 -0.10415 0.02732 0.04231 0.03190
v -0.13459 0.83202 0.10415 0.02732 0.04231 0.03190
v -0.13695 0.83146 0.10415 0.02732 0.04231 0.03190
v -0.13695 0.83146 -0.10415 0.02732 0.04231 0.03190
v -0.13695 0.83146 -0.10415 0.02732 0.04231 0.03190
v -0.13695 0.83146 0.10415 0.02732 0.04231 0.03190
v -0.13832 0.83047 -0.10415 0.02732 0.04231 0.03190
v -0.13695 0.83146 0.10415 0.02732 0.04231 0.03190
v -0.13832 0.83047 0.10415 0.02732 0.04231 0.03190
v -0.13832 0.83047 -0.10415 0.02732 0.04231 0.03190
v 0.13832 0.83047 0.10415 0.02732 0.04231 0.03190
v 0.13810 0.83026 0.10591 0.02732 0.04231 0.03190
v 0.13695 0.83146 0.10415 0.02732 0.04231 0.03190
v 0.13810 0.83026 0.10591 0.02732 0.04231 0.03190
v 0.13674 0.83105 0.10630 0.02732 0.04231 0.03190
v 0.13695 0.83146 0.10415 0.02732 0.04231 0.03190
v 0.13695 0.83146 0.10415 0.02732 0.04231 0.03190
v 0.13674 0.83105 0.10630 0.02732 0.04231 0.03190
v 0.13459 0.83202 0.10415 0.02732 0.04231 0.03190
v 0.13674 0.83105 0.10630 0.02732 0.04231 0.03190
v 0.13459 0.83146 0.10651 0.02732 0.04231 0.03190
v 0.13459 0.83202 0.10415 0.02732 0.04231 0.03190
v 0.13459 0.83202 0.10415 0.02732 0.04231 0.03190
v 0.13459 0.83146 0.10651 0.02732 0.04231 0.03190
v -0.13459 0.83202 0.10415 0.02732 0.04231 0.03190
v 0.13459 0.83146 0.10651 0.02732 0.04231 0.03190
v -0.13459 0.83146 0.10651 0.02732 0.04231 0.03190
v -0.13459 0.83202 0.10415 0.02732 0.04231 0.03190
v -0.13459 0.83202 0.10415 0.02732 0.04231 0.03190
v -0.13459 0.83146 0.10651 0.02732 0.04231 0.03190
v -0.13695 0.83146 0.10415 0.02732 0.04231 0.03190
v -0.13459 0.83146 0.10651 0.02732 0.04231 0.03190
v -0.13674 0.83105 0.10630 0.02732 0.04231 0.03190
v -0.13695 0.83146 0.10415 0.02732 0.04231 0.03190
v -0.13695 0.83146 0.10415 0.02732 0.04231 0.03190
v -0.13674 0.83105 0.10630 0.02732 0.04231 0.03190
v -0.13832 0.83047 0.10415 0.02732 0.04231 0.03190
v -0.13674 0.83105 0.10630 0.02732 0.04231 0.03190
v -0.13810 0.83026 0.10591 0.02732 0.04231 0.03190
v -0.13832 0.83047 0.10415 0.02732 0.04231 0.03190
v 0.13810 0.83026 0.10591 0.02732 0.04231 0.03190
v 0.13763 0.82979 0.10719 0.02732 0.04231 0.03190
v 0.13674 0.83105 0.10630 0.02732 0.04231 0.03190
v 0.13763 0.82979 0.10719 0.02732 0.04231 0.03190
v 0.13635 0.83026 0.10766 0.02732 0.04231 0.03190
v 0.13674 0.83105 0.10630 0.02732 0.04231 0.03190
v 0.13674 0.83105 0.10630 0.02732 0.04231 0.03190
v 0.13635 0.83026 0.10766 0.02732 0.04231 0.03190
v 0.13459 0.83146 0.10651 0.02732 0.04231 0.03190
v 0.13635 0.83026 0.10766 0.02732 0.04231 0.03190
v 0.13459 0.83047 0.10788 0.02732 0.04231 0.03190
v 0.13459 0.83146 0.10651 0.02732 0.04231 0.03190
v 0.13459 0.83146 0.10651 0.02732 0.04231 0.03190
v 0.13459 0.83047 0.10788 0.02732 0.04231 0.03190
v -0.13459 0.83146 0.10651 0.02732 0.04231 0.03190
v 0.13459 0.83047 0.10788 0.02732 0.04231 0.03190
v -0.13459 0.83047 0.10788 0.02732 0.04231 0.03190
v -0.13459 0.83146 0.10651 0.02732 0.04231 0.03190
v -0.13459 0.83146 0.10651 0.02732 0.04231 0.03190
v -0.13459 0.83047 0.10788 0.02732 0.04231 0.03190
v -0.13674 0.83105 0.10630 0.02732 0.04231 0.03190
v -0.13459 0.83047 0.10788 0.02732 0.04231 0.03190
v -0.13635 0.83026 0.10766 0.02732 0.04231 0.03190
v -0.13674 0.83105 0.10630 0.02732 0.04231 0.03190
v -0.13674 0.83105 0.10630 0.02732 0.04231 0.03190
v -0.13635 0.83026 0.10766 0.02732 0.04231 0.03190
v -0.13810 0.83026 0.10591 0.02732 0.04231 0.03190
v -0.13635 0.83026 0.10766 0.02732 0.04231 0.03190
v -0.13763 0.82979 0.10719 0.02732 0.04231 0.03190
v -0.13810 0.83026 0.10591 0.02732 0.04231 0.03190
v 0.13763 0.79036 0.10719 0.02732 0.04231 0.03190
v 0.13810 0.78989 0.10591 0.02732 0.04231 0.03190
v 0.13635 0.78989 0.10766 0.02732 0.04231 0.03190
v 0.13810 0.78989 0.10591 0.02732 0.04231 0.03190
v 0.13674 0.78911 0.10630 0.02732 0.04231 0.03190
v 0.13635 0.78989 0.10766 0.02732 0.04231 0.03190
v 0.13635 0.78989 0.10766 0.02732 0.04231 0.03190
v 0.13674 0.78911 0.10630 0.02732 0.04231 0.03190
v 0.13459 0.78968 0.10788 0.02732 0.04231 0.03190
v 0.13674 0.78911 0.10630 0.02732 0.04231 0.03190
v 0.13459 0.78870 0.10651 0.02732 0.04231 0.03190
v 0.13459 0.78968 0.10788 0.02732 0.04231 0.03190
v 0.13459 0.78968 0.10788 0.02732 0.04231 0.03190
v 0.13459 0.78870 0.10651 0.02732 0.04231 0.03190
v -0.13459 0.78968 0.10788 0.02732 0.04231 0.03190
v 0.13459 0.78870 0.10651 0.02732 0.04231 0.03190
v -0.13459 0.78870 0.10651 0.02732 0.04231 0.03190
v -0.13459 0.78968 0.10788 0.02732 0.04231 0.03190
v -0.13459 0.78968 0.10788 0.02732 0.04231 0.03190
v -0.13459 0.78870 0.10651 0.02732 0.04231 0.03190
v -0.13635 0.78989 0.10766 0.02732 0.04231 0.03190
v -0.13459 0.78870 0.10651 0.02732 0.04231 0.03190
v -0.13674 0.78911 0.10630 0.02732 0.04231 0.03190
v -0.13635 0.78989 0.10766 0.02732 0.04231 0.03190
v -0.13635 0.78989 0.10766 0.02732 0.04231 0.03190
v -0.13674 0.78911 0.10630 0.02732 0.04231 0.03190
v -0.13763 0.79036 0.10719 0.02732 0.04231 0.03190
v -0.13674 0.78911 0.10630 0.02732 0.04231 0.03190
v -0.13810 0.78989 0.10591 0.02732 0.04231 0.03190
v -0.13763 0.79036 0.10719 0.02732 0.04231 0.03190
v 0.13810 0.78989 0.10591 0.02732 0.04231 0.03190
v 0.13832 0.78968 0.10415 0.02732 0.04231 0.03190
v 0.13674 0.78911 0.10630 0.02732 0.04231 0.03190
v 0.13832 0.78968 0.10415 0.02732 0.04231 0.03190
v 0.13695 0.78870 0.10415 0.02732 0.04231 0.03190
v 0.13674 0.78911 0.10630 0.02732 0.04231 0.03190
v 0.13674 0.78911 0.10630 0.02732 0.04231 0.03190
v 0.13695 0.78870 0.10415 0.02732 0.04231 0.03190
v 0.13459 0.78870 0.10651 0.02732 0.04231 0.03190
v 0.13695 0.78870 0.10415 0.02732 0.04231 0.03190
v 0.13459 0.78814 0.10415 0.02732 0.04231 0.03190
v 0.13459 0.78870 0.10651 0.02732 0.04231 0.03190
v 0.13459 0.78870 0.10651 0.02732 0.04231 0.03190
v 0.13459 0.78814 0.10415 0.02732 0.04231 0.03190
v -0.13459 0.78870 0.10651 0.02732 0.04231 0.03190
v 0.13459 0.78814 0.10415 0.02732 0.04231 0.03190
v -0.13459 0.78814 0.10415 0.02732 0.04231 0.03190
v -0.13459 0.78870 0.10651 0.02732 0.04231 0.03190
v -0.13459 0.78870 0.10651 0.02732 0.04231 0.03190
v -0.13459 0.78814 0.10415 0.02732 0.04231 0.03190
v -0.13674 0.78911 0.10630 0.02732 0.04231 0.03190
v -0.13459 0.78814 0.10415 0.02732 0.04231 0.03190
v -0.13695 0.78870 0.10415 0.02732 0.04231 0.03190
v -0.13674 0.78911 0.10630 0.02732 0.04231 0.03190
v -0.13674 0.78911 0.10630 0.02732 0.04231 0.03190
v -0.13695 0.78870 0.10415 0.02732 0.04231 0.03190
v -0.13810 0.78989 0.10591 0.02732 0.04231 0.03190
v -0.13695 0.78870 0.10415 0.02732 0.04231 0.03190
v -0.13832 0.78968 0.10415 0.02732 0.04231 0.03190
v -0.13810 0.78989 0.10591 0.02732 0.04231 0.03190
v 0.13832 0.78968 0.10415 0.02732 0.04231 0.03190
v 0.13832 0.78968 -0.10415 0.02732 0.04231 0.03190
v 0.13695 0.78870 0.10415 0.02732 0.04231 0.03190
v 0.13832 0.78968 -0.10415 0.02732 0.04231 0.03190
v 0.13695 0.78870 -0.10415 0.02732 0.04231 0.03190
v 0.13695 0.78870 0.10415 0.02732 0.04231 0.03190
v 0.13695 0.78870 0.10415 0.02732 0.04231 0.03190
v 0.13695 0.78870 -0.10415 0.02732 0.04231 0.03190
v 0.13459 0.78814 0.10415 0.02732 0.04231 0.03190
v 0.13695 0.78870 -0.10415 0.02732 0.04231 0.03190
v 0.13459 0.78814 -0.10415 0.02732 0.04231 0.03190
v 0.13459 0.78814 0.10415 0.02732 0.04231 0.03190
v 0.13459 0.78814 0.10415 0.02732 0.04231 0.03190
v 0.13459 0.78814 -0.10415 0.02732 0.04231 0.03190
v -0.13459 0.78814 0.10415 0.02732 0.04231 0.03190
v 0.13459 0.78814 -0.10415 0.02732 0.04231 0.03190
v -0.13459 0.78814 -0.10415 0.02732 0.04231 0.03190
v -0.13459 0.78814 0.10415 0.02732 0.04231 0.03190
v -0.13459 0.78814 0.10415 0.02732 0.04231 0.03190
v -0.13459 0.78814 -0.10415 0.02732 0.04231 0.03190
v -0.13695 0.78870 0.10415 0.02732 0.04231 0.03190
v -0.13459 0.78814 -0.10415 0.02732 0.04231 0.03190
v -0.13695 0.78870 -0.10415 0.02732 0.04231 0.03190
v -0.13695 0.78870 0.10415 0.02732 0.04231 0.03190
v -0.13695 0.78870 0.10415 0.02732 0.04231 0.03190
v -0.13695 0.78870 -0.10415 0.02732 0.04231 0.03190
v -0.13832 0.78968 0.10415 0.02732 0.04231 0.03190
v -0.13695 0.78870 -0.10415 0.02732 0.04231 0.03190
v -0.13832 0.78968 -0.10415 0.02732 0.04231 0.03190
v -0.13832 0.78968 0.10415 0.02732 0.04231 0.03190
v 0.13832 0.78968 -0.10415 0.02732 0.04231 0.03190
v 0.13810 0.78989 -0.10591 0.02732 0.04231 0.03190
v 0.13695 0.78870 -0.10415 0.02732 0.04231 0.03190
v 0.13810 0.78989 -0.10591 0.02732 0.04231 0.03190
v 0.13674 0.78911 -0.10630 0.02732 0.04231 0.03190
v 0.13695 0.78870 -0.10415 0.02732 0.04231 0.03190
v 0.13695 0.78870 -0.10415 0.02732 0.04231 0.03190
v 0.13674 0.78911 -0.10630 0.02732 0.04231 0.03190
v 0.13459 0.78814 -0.10415 0.02732 0.04231 0.03190
v 0.13674 0.78911 -0.10630 0.02732 0.04231 0.03190
v 0.13459 0.78870 -0.10651 0.02732 0.04231 0.03190
v 0.13459 0.78814 -0.10415 0.02732 0.04231 0.03190
v 0.13459 0.78814 -0.10415 0.02732 0.04231 0.03190
v 0.13459 0.78870 -0.10651 0.02732 0.04231 0.03190
v -0.13459 0.78814 -0.10415 0.02732 0.04231 0.03190
v 0.13459 0.78870 -0.10651 0.02732 0.04231 0.03190
v -0.13459 0.78870 -0.10651 0.02732 0.04231 0.03190
v -0.13459 0.78814 -0.10415 0.02732 0.04231 0.03190
v -0.13459 0.78814 -0.10415 0.02732 0.04231 0.03190
v -0.13459 0.78870 -0.10651 0.02732 0.04231 0.03190
v -0.13695 0.78870 -0.10415 0.02732 0.04231 0.03190
v -0.13459 0.78870 -0.10651 0.02732 0.04231 0.03190
v -0.13674 0.78911 -0.10630 0.02732 0.04231 0.03190
v -0.13695 0.78870 -0.10415 0.02732 0.04231 0.03190
v -0.13695 0.78870 -0.10415 0.02732 0.04231 0.03190
v -0.13674 0.78911 -0.10630 0.02732 0.04231 0.03190
v -0.13832 0.78968 -0.10415 0.02732 0.04231 0.03190
v -0.13674 0.78911 -0.10630 0.02732 0.04231 0.03190
v -0.13810 0.78989 -0.10591 0.02732 0.04231 0.03190
v -0.13832 0.78968 -0.10415 0.02732 0.04231 0.03190
v 0.13810 0.78989 -0.10591 0.02732 0.04231 0.03190
v 0.13763 0.79036 -0.10719 0.02732 0.04231 0.03190
v 0.13674 0.78911 -0.10630 0.02732 0.04231 0.03190
v 0.13763 0.79036 -0.10719 0.02732 0.04231 0.03190
v 0.13635 0.78989 -0.10766 0.02732 0.04231 0.03190
v 0.13674 0.78911 -0.10630 0.02732 0.04231 0.03190
v 0.13674 0.78911 -0.10630 0.02732 0.04231 0.03190
v 0.13635 0.78989 -0.10766 0.02732 0.04231 0.03190
v 0.13459 0.78870 -0.10651 0.02732 0.04231 0.03190
v 0.13635 0.78989 -0.10766 0.02732 0.04231 0.03190
v 0.13459 0.78968 -0.10788 0.02732 0.04231 0.03190
v 0.13459 0.78870 -0.10651 0.02732 0.04231 0.03190
v 0.13459 0.78870 -0.10651 0.02732 0.04231 0.03190
v 0.13459 0.78968 -0.10788 0.02732 0.04231 0.03190
v -0.13459 0.78870 -0.10651 0.02732 0.04231 0.03190
v 0.13459 0.78968 -0.10788 0.02732 0.04231 0.03190
v -0.13459 0.78968 -0.10788 0.02732 0.04231 0.03190
v -0.13459 0.78870 -0.10651 0.02732 0.04231 0.03190
v -0.13459 0.78870 -0.10651 0.02732 0.04231 0.03190
v -0.13459 0.78968 -0.10788 0.02732 0.04231 0.03190
v -0.13674 0.78911 -0.10630 0.02732 0.04231 0.03190
v -0.13459 0.78968 -0.10788 0.02732 0.04231 0.03190
v -0.13635 0.78989 -0.10766 0.02732 0.04231 0.03190
v -0.13674 0.78911 -0.10630 0.02732 0.04231 0.03190
v -0.13674 0.78911 -0.10630 0.02732 0.04231 0.03190
v -0.13635 0.78989 -0.10766 0.02732 0.04231 0.03190
v -0.13810 0.78989 -0.10591 0.02732 0.04231 0.03190
v -0.13635 0.78989 -0.10766 0.02732 0.04231 0.03190
v -0.13763 0.79036 -0.10719 0.02732 0.04231 0.03190
v -0.13810 0.78989 -0.10591 0.02732 0.04231 0.03190
v 0.13763 0.82979 0.10719 0.02732 0.04231 0.03190
v 0.13810 0.82851 0.10766 0.02732 0.04231 0.03190
v 0.13635 0.83026 0.10766 0.02732 0.04231 0.03190
v 0.13810 0.82851 0.10766 0.02732 0.04231 0.03190
v 0.13674 0.82890 0.10845 0.02732 0.04231 0.03190
v 0.13635 0.83026 0.10766 0.02732 0.04231 0.03190
v 0.13635 0.83026 0.10766 0.02732 0.04231 0.03190
v 0.13674 0.82890 0.10845 0.02732 0.04231 0.03190
v 0.13459 0.83047 0.10788 0.02732 0.04231 0.03190
v 0.13674 0.82890 0.10845 0.02732 0.04231 0.03190
v 0.13459 0.82911 0.10886 0.02732 0.04231 0.03190
v 0.13459 0.83047 0.10788 0.02732 0.04231 0.03190
v 0.13459 0.83047 0.10788 0.02732 0.04231 0.03190
v 0.13459 0.82911 0.10886 0.02732 0.04231 0.03190
v -0.13459 0.83047 0.10788 0.02732 0.04231 0.03190
v 0.13459 0.82911 0.10886 0.02732 0.04231 0.03190
v -0.13459 0.82911 0.10886 0.02732 0.04231 0.03190
v -0.13459 0.83047 0.10788 0.02732 0.04231 0.03190
v -0.13459 0.83047 0.10788 0.02732 0.04231 0.03190
v -0.13459 0.82911 0.10886 0.02732 0.04231 0.03190
v -0.13635 0.83026 0.10766 0.02732 0.04231 0.03190
v -0.13459 0.82911 0.10886 0.02732 0.04231 0.03190
v -0.13674 0.82890 0.10845 0.02732 0.04231 0.03190
v -0.13635 0.83026 0.10766 0.02732 0.04231 0.03190
v -0.13635 0.83026 0.10766 0.02732 0.04231 0.03190
v -0.13674 0.82890 0.10845 0.02732 0.04231 0.03190
v -0.13763 0.82979 0.10719 0.02732 0.04231 0.03190
v -0.13674 0.82890 0.10845 0.02732 0.04231 0.03190
v -0.13810 0.82851 0.10766 0.02732 0.04231 0.03190
v -0.13763 0.82979 0.10719 0.02732 0.04231 0.03190
v 0.13810 0.82851 0.10766 0.02732 0.04231 0.03190
v 0.13832 0.82675 0.10788 0.02732 0.04231 0.03190
v 0.13674 0.82890 0.10845 0.02732 0.04231 0.03190
v 0.13832 0.82675 0.10788 0.02732 0.04231 0.03190
v 0.13695 0.82675 0.10886 0.02732 0.04231 0.03190
v 0.13674 0.82890 0.10845 0.02732 0.04231 0.03190
v 0.13674 0.82890 0.10845 0.02732 0.04231 0.03190
v 0.13695 0.82675 0.10886 0.02732 0.04231 0.03190
v 0.13459 0.82911 0.10886 0.02732 0.04231 0.03190
v 0.13695 0.82675 0.10886 0.02732 0.04231 0.03190
v 0.13459 0.82675 0.10942 0.02732 0.04231 0.03190
v 0.13459 0.82911 0.10886 0.02732 0.04231 0.03190
v 0.13459 0.82911 0.10886 0.02732 0.04231 0.03190
v 0.13459 0.82675 0.10942 0.02732 0.04231 0.03190
v -0.13459 0.82911 0.10886 0.02732 0.04231 0.03190
v 0.13459 0.82675 0.10942 0.02732 0.04231 0.03190
v -0.13459 0.82675 0.10942 0.02732 0.04231 0.03190
v -0.13459 0.82911 0.10886 0.02732 0.04231 0.03190
v -0.13459 0.82911 0.10886 0.02732 0.04231 0.03190
v -0.13459 0.82675 0.10942 0.02732 0.04231 0.03190
v -0.13674 0.82890 0.10845 0.02732 0.04231 0.03190
v -0.13459 0.82675 0.10942 0.02732 0.04231 0.03190
v -0.13695 0.82675 0.10886 0.02732 0.04231 0.03190
v -0.13674 0.82890 0.10845 0.02732 0.04231 0.03190
v -0.13674 0.82890 0.10845 0.02732 0.04231 0.03190
v -0.13695 0.82675 0.10886 0.02732 0.04231 0.03190
v -0.13810 0.82851 0.10766 0.02732 0.04231 0.03190
v -0.13695 0.82675 0.10886 0.02732 0.04231 0.03190
v -0.13832 0.82675 0.10788 0.02732 0.04231 0.03190
v -0.13810 0.82851 0.10766 0.02732 0.04231 0.03190
v 0.13832 0.82675 0.10788 0.02732 0.04231 0.03190
v 0.13832 0.79340 0.10788 0.02732 0.04231 0.03190
v 0.13695 0.82675 0.10886 0.02732 0.04231 0.03190
v 0.13832 0.79340 0.10788 0.02732 0.04231 0.03190
v 0.13695 0.79340 0.10886 0.02732 0.04231 0.03190
v 0.13695 0.82675 0.10886 0.02732 0.04231 0.03190
v 0.13695 0.82675 0.10886 0.02732 0.04231 0.03190
v 0.13695 0.79340 0.10886 0.02732 0.04231 0.03190
v 0.13459 0.82675 0.10942 0.02732 0.04231 0.03190
v 0.13695 0.79340 0.10886 0.02732 0.04231 0.03190
v 0.13459 0.79340 0.10942 0.02732 0.04231 0.03190
v 0.13459 0.82675 0.10942 0.02732 0.04231 0.03190
v 0.13459 0.82675 0.10942 0.02732 0.04231 0.03190
v 0.13459 0.79340 0.10942 0.02732 0.04231 0.03190
v -0.13459 0.82675 0.10942 0.02732 0.04231 0.03190
v 0.13459 0.79340 0.10942 0.02732 0.04231 0.03190
v -0.13459 0.79340 0.10942 0.02732 0.04231 0.03190
v -0.13459 0.82675 0.10942 0.02732 0.04231 0.03190
v -0.13459 0.82675 0.10942 0.02732 0.04231 0.03190
v -0.13459 0.79340 0.10942 0.02732 0.04231 0.03190
v -0.13695 0.82675 0.10886 0.02732 0.04231 0.03190
v -0.13459 0.79340 0.10942 0.02732 0.04231 0.03190
v -0.13695 0.79340 0.10886 0.02732 0.04231 0.03190
v -0.13695 0.82675 0.10886 0.02732 0.04231 0.03190
v -0.13695 0.82675 0.10886 0.02732 0.04231 0.03190
v -0.13695 0.79340 0.10886 0.02732 0.04231 0.03190
v -0.13832 0.82675 0.10788 0.02732 0.04231 0.03190
v -0.13695 0.79340 0.10886 0.02732 0.04231 0.03190
v -0.13832 0.79340 0.10788 0.02732 0.04231 0.03190
v -0.13832 0.82675 0.10788 0.02732 0.04231 0.03190
v 0.13832 0.79340 0.10788 0.02732 0.04231 0.03190
v 0.13810 0.79165 0.10766 0.02732 0.04231 0.03190
v 0.13695 0.79340 0.10886 0.02732 0.04231 0.03190
v 0.13810 0.79165 0.10766 0.02732 0.04231 0.03190
v 0.13674 0.79125 0.10845 0.02732 0.04231 0.03190
v 0.13695 0.79340 0.10886 0.02732 0.04231 0.03190
v 0.13695 0.79340 0.10886 0.02732 0.04231 0.03190
v 0.13674 0.79125 0.10845 0.02732 0.04231 0.03190
v 0.13459 0.79340 0.10942 0.02732 0.04231 0.03190
v 0.13674 0.79125 0.10845 0.02732 0.04231 0.03190
v 0.13459 0.79105 0.10886 0.02732 0.04231 0.03190
v 0.13459 0.79340 0.10942 0.02732 0.04231 0.03190
v 0.13459 0.79340 0.10942 0.02732 0.04231 0.03190
v 0.13459 0.79105 0.10886 0.02732 0.04231 0.03190
v -0.13459 0.79340 0.10942 0.02732 0.04231 0.03190
v 0.13459 0.79105 0.10886 0.02732 0.04231 0.03190
v -0.13459 0.79105 0.10886 0.02732 0.04231 0.03190
v -0.13459 0.79340 0.10942 0.02732 0.04231 0.03190
v -0.13459 0.79340 0.10942 0.02732 0.04231 0.03190
v -0.13459 0.79105 0.10886 0.02732 0.04231 0.03190
v -0.13695 0.79340 0.10886 0.02732 0.04231 0.03190
v -0.13459 0.79105 0.10886 0.02732 0.04231 0.03190
v -0.13674 0.79125 0.10845 0.02732 0.04231 0.03190
v -0.13695 0.79340 0.10886 0.02732 0.04231 0.03190
v -0.13695 0.79340 0.10886 0.02732 0.04231 0.03190
v -0.13674 0.79125 0.10845 0.02732 0.04231 0.03190
v -0.13832 0.79340 0.10788 0.02732 0.04231 0.03190
v -0.13674 0.79125 0.10845 0.02732 0.04231 0.03190
v -0.13810 0.79165 0.10766 0.02732 0.04231 0.03190
v -0.13832 0.79340 0.10788 0.02732 0.04231 0.03190
v 0.13810 0.79165 0.10766 0.02732 0.04231 0.03190
v 0.13763 0.79036 0.10719 0.02732 0.04231 0.03190
v 0.13674 0.79125 0.10845 0.02732 0.04231 0.03190
v 0.13763 0.79036 0.10719 0.02732 0.04231 0.03190
v 0.13635 0.78989 0.10766 0.02732 0.04231 0.03190
v 0.13674 0.79125 0.10845 0.02732 0.04231 0.03190
v 0.13674 0.79125 0.10845 0.02732 0.04231 0.03190
v 0.13635 0.78989 0.10766 0.02732 0.04231 0.03190
v 0.13459 0.79105 0.10886 0.02732 0.04231 0.03190
v 0.13635 0.78989 0.10766 0.02732 0.04231 0.03190
v 0.13459 0.78968 0.10788 0.02732 0.04231 0.03190
v 0.13459 0.79105 0.10886 0.02732 0.04231 0.03190
v 0.13459 0.79105 0.10886 0.02732 0.04231 0.03190
v 0.13459 0.78968 0.10788 0.02732 0.04231 0.03190
v -0.13459 0.79105 0.10886 0.02732 0.04231 0.03190
v 0.13459 0.78968 0.10788 0.02732 0.04231 0.03190
v -0.13459 0.78968 0.10788 0.02732 0.04231 0.03190
v -0.13459 0.79105 0.10886 0.02732 0.04231 0.03190
v -0.13459 0.79105 0.10886 0.02732 0.04231 0.03190
v -0.13459 0.78968 0.10788 0.02732 0.04231 0.03190
v -0.13674 0.79125 0.10845 0.02732 0.04231 0.03190
v -0.13459 0.78968 0.10788 0.02732 0.04231 0.03190
v -0.13635 0.78989 0.10766 0.02732 0.04231 0.03190
v -0.13674 0.79125 0.10845 0.02732 0.04231 0.03190
v -0.13674 0.79125 0.10845 0.02732 0.04231 0.03190
v -0.13635 0.78989 0.10766 0.02732 0.04231 0.03190
v -0.13810 0.79165 0.10766 0.02732 0.04231 0.03190
v -0.13635 0.78989 0.10766 0.02732 0.04231 0.03190
v -0.13763 0.79036 0.10719 0.02732 0.04231 0.03190
v -0.13810 0.79165 0.10766 0.02732 0.04231 0.03190
v -0.13763 0.82979 -0.10719 0.02732 0.04231 0.03190
v -0.13810 0.82851 -0.10766 0.02732 0.04231 0.03190
v -0.13635 0.83026 -0.10766 0.02732 0.04231 0.03190
v -0.13810 0.82851 -0.10766 0.02732 0.04231 0.03190
v -0.13674 0.82890 -0.10845 0.02732 0.04231 0.03190
v -0.13635 0.83026 -0.10766 0.02732 0.04231 0.03190
v -0.13635 0.83026 -0.10766 0.02732 0.04231 0.03190
v -0.13674 0.82890 -0.10845 0.02732 0.04231 0.03190
v -0.13459 0.83047 -0.10788 0.02732 0.04231 0.03190
v -0.13674 0.82890 -0.10845 0.02732 0.04231 0.03190
v -0.13459 0.82911 -0.10886 0.02732 0.04231 0.03190
v -0.13459 0.83047 -0.10788 0.02732 0.04231 0.03190
v -0.13459 0.83047 -0.10788 0.02732 0.04231 0.03190
v -0.13459 0.82911 -0.10886 0.02732 0.04231 0.03190
v 0.13459 0.83047 -0.10788 0.02732 0.04231 0.03190
v -0.13459 0.82911 -0.10886 0.02732 0.04231 0.03190
v 0.13459 0.82911 -0.10886 0.02732 0.04231 0.03190
v 0.13459 0.83047 -0.10788 0.02732 0.04231 0.03190
v 0.13459 0.83047 -0.10788 0.02732 0.04231 0.03190
v 0.13459 0.82911 -0.10886 0.02732 0.04231 0.03190
v 0.13635 0.83026 -0.10766 0.02732 0.04231 0.03190
v 0.13459 0.82911 -0.10886 0.02732 0.04231 0.03190
v 0.13674 0.82890 -0.10845 0.02732 0.04231 0.03190
v 0.13635 0.83026 -0.10766 0.02732 0.04231 0.03190
v 0.13635 0.83026 -0.10766 0.02732 0.04231 0.03190
v 0.13674 0.82890 -0.10845 0.02732 0.04231 0.03190
v 0.13763 0.82979 -0.10719 0.02732 0.04231 0.03190
v 0.13674 0.82890 -0.10845 0.02732 0.04231 0.03190
v 0.13810 0.82851 -0.10766 0.02732 0.04231 0.03190
v 0.13763 0.82979 -0.10719 0.02732 0.04231 0.03190
v -0.13810 0.82851 -0.10766 0.02732 0.04231 0.03190
v -0.13832 0.82675 -0.10788 0.02732 0.04231 0.03190
v -0.13674 0.82890 -0.10845 0.02732 0.04231 0.03190
v -0.13832 0.82675 -0.10788 0.02732 0.04231 0.03190
v -0.13695 0.82675 -0.10886 0.02732 0.04231 0.03190
v -0.13674 0.82890 -0.10845 0.02732 0.04231 0.03190
v -0.13674 0.82890 -0.10845 0.02732 0.04231 0.03190
v -0.13695 0.82675 -0.10886 0.02732 0.04231 0.03190
v -0.13459 0.82911 -0.10886 0.02732 0.04231 0.03190
v -0.13695 0.82675 -0.10886 0.02732 0.04231 0.03190
v -0.13459 0.82675 -0.10942 0.02732 0.04231 0.03190
v -0.13459 0.82911 -0.10886 0.02732 0.04231 0.03190
v -0.13459 0.82911 -0.10886 0.02732 0.04231 0.03190
v -0.13459 0.82675 -0.10942 0.02732 0.04231 0.03190
v 0.13459 0.82911 -0.10886 0.02732 0.04231 0.03190
v -0.13459 0.82675 -0.10942 0.02732 0.04231 0.03190
v 0.13459 0.82675 -0.10942 0.02732 0.04231 0.03190
v 0.13459 0.82911 -0.10886 0.02732 0.04231 0.03190
v 0.13459 0.82911 -0.10886 0.02732 0.04231 0.03190
v 0.13459 0.82675 -0.10942 0.02732 0.04231 0.03190
v 0.13674 0.82890 -0.10845 0.02732 0.04231 0.03190
v 0.13459 0.82675 -0.10942 0.02732 0.04231 0.03190
v 0.13695 0.82675 -0.10886 0.02732 0.04231 0.03190
v 0.13674 0.82890 -0.10845 0.02732 0.04231 0.03190
v 0.13674 0.82890 -0.10845 0.02732 0.04231 0.03190
v 0.13695 0.82675 -0.10886 0.02732 0.04231 0.03190
v 0.13810 0.82851 -0.10766 0.02732 0.04231 0.03190
v 0.13695 0.82675 -0.10886 0.02732 0.04231 0.03190
v 0.13832 0.82675 -0.10788 0.02732 0.04231 0.03190
v 0.13810 0.82851 -0.10766 0.02732 0.04231 0.03190
v -0.13832 0.82675 -0.10788 0.02732 0.04231 0.03190
v -0.13832 0.79340 -0.10788 0.02732 0.04231 0.03190
v -0.13695 0.82675 -0.10886 0.02732 0.04231 0.03190
v -0.13832 0.79340 -0.10788 0.02732 0.04231 0.03190
v -0.13695 0.79340 -0.10886 0.02732 0.04231 0.03190
v -0.13695 0.82675 -0.10886 0.02732 0.04231 0.03190
v -0.13695 0.82675 -0.10886 0.02732 0.04231 0.03190
v -0.13695 0.79340 -0.10886 0.02732 0.04231 0.03190
v -0.13459 0.82675 -0.10942 0.02732 0.04231 0.03190
v -0.13695 0.79340 -0.10886 0.02732 0.04231 0.03190
v -0.13459 0.79340 -0.10942 0.02732 0.04231 0.03190
v -0.13459 0.82675 -0.10942 0.02732 0.04231 0.03190
v -0.13459 0.82675 -0.10942 0.02732 0.04231 0.03190
v -0.13459 0.79340 -0.10942 0.02732 0.04231 0.03190
v 0.13459 0.82675 -0.10942 0.02732 0.04231 0.03190
v -0.13459 0.79340 -0.10942 0.02732 0.04231 0.03190
v 0.13459 0.79340 -0.10942 0.02732 0.04231 0.03190
v 0.13459 0.82675 -0.10942 0.02732 0.04231 0.03190
v 0.13459 0.82675 -0.10942 0.02732 0.04231 0.03190
v 0.13459 0.79340 -0.10942 0.02732 0.04231 0.03190
v 0.13695 0.82675 -0.10886 0.02732 0.04231 0.03190
v 0.13459 0.79340 -0.10942 0.02732 0.04231 0.03190
v 0.13695 0.79340 -0.10886 0.02732 0.04231 0.03190
v 0.13695 0.82675 -0.10886 0.02732 0.04231 0.03190
v 0.13695 0.82675 -0.10886 0.02732 0.04231 0.03190
v 0.13695 0.79340 -0.10886 0.02732 0.04231 0.03190
v 0.13832 0.82675 -0.10788 0.02732 0.04231 0.03190
v 0.13695 0.79340 -0.10886 0.02732 0.04231 0.03190
v 0.13832 0.79340 -0.10788 0.02732 0.04231 0.03190
v 0.13832 0.82675 -0.10788 0.02732 0.04231 0.03190
v -0.13832 0.79340 -0.10788 0.02732 0.04231 0.03190
v -0.13810 0.79165 -0.10766 0.02732 0.04231 0.03190
v -0.13695 0.79340 -0.10886 0.02732 0.04231 0.03190
v -0.13810 0.79165 -0.10766 0.02732 0.04231 0.03190
v -0.13674 0.79125 -0.10845 0.02732 0.04231 0.03190
v -0.13695 0.79340 -0.10886 0.02732 0.04231 0.03190
v -0.13695 0.79340 -0.10886 0.02732 0.04231 0.03190
v -0.13674 0.79125 -0.10845 0.02732 0.04231 0.03190
v -0.13459 0.79340 -0.10942 0.02732 0.04231 0.03190
v -0.13674 0.79125 -0.10845 0.02732 0.04231 0.03190
v -0.13459 0.79105 -0.10886 0.02732 0.04231 0.03190
v -0.13459 0.79340 -0.10942 0.02732 0.04231 0.03190
v -0.13459 0.79340 -0.10942 0.02732 0.04231 0.03190
v -0.13459 0.79105 -0.10886 0.02732 0.04231 0.03190
v 0.13459 0.79340 -0.10942 0.02732 0.04231 0.03190
v -0.13459 0.79105 -0.10886 0.02732 0.04231 0.03190
v 0.13459 0.79105 -0.10886 0.02732 0.04231 0.03190
v 0.13459 0.79340 -0.10942 0.02732 0.04231 0.03190
v 0.13459 0.79340 -0.10942 0.02732 0.04231 0.03190
v 0.13459 0.79105 -0.10886 0.02732 0.04231 0.03190
v 0.13695 0.79340 -0.10886 0.02732 0.04231 0.03190
v 0.13459 0.79105 -0.10886 0.02732 0.04231 0.03190
v 0.13674 0.79125 -0.10845 0.02732 0.04231 0.03190
v 0.13695 0.79340 -0.10886 0.02732 0.04231 0.03190
v 0.13695 0.79340 -0.10886 0.02732 0.04231 0.03190
v 0.13674 0.79125 -0.10845 0.02732 0.04231 0.03190
v 0.13832 0.79340 -0.10788 0.02732 0.04231 0.03190
v 0.13674 0.79125 -0.10845 0.02732 0.04231 0.03190
v 0.13810 0.79165 -0.10766 0.02732 0.04231 0.03190
v 0.13832 0.79340 -0.10788 0.02732 0.04231 0.03190
v -0.13810 0.79165 -0.10766 0.02732 0.04231 0.03190
v -0.13763 0.79036 -0.10719 0.02732 0.04231 0.03190
v -0.13674 0.79125 -0.10845 0.02732 0.04231 0.03190
v -0.13763 0.79036 -0.10719 0.02732 0.04231 0.03190
v -0.13635 0.78989 -0.10766 0.02732 0.04231 0.03190
v -0.13674 0.79125 -0.10845 0.02732 0.04231 0.03190
v -0.13674 0.79125 -0.10845 0.02732 0.04231 0.03190
v -0.13635 0.78989 -0.10766 0.02732 0.04231 0.03190
v -0.13459 0.79105 -0.10886 0.02732 0.04231 0.03190
v -0.13635 0.78989 -0.10766 0.02732 0.04231 0.03190
v -0.13459 0.78968 -0.10788 0.02732 0.04231 0.03190
v -0.13459 0.79105 -0.10886 0.02732 0.04231 0.03190
v -0.13459 0.79105 -0.10886 0.02732 0.04231 0.03190
v -0.13459 0.78968 -0.10788 0.02732 0.04231 0.03190
v 0.13459 0.79105 -0.10886 0.02732 0.04231 0.03190
v -0.13459 0.78968 -0.10788 0.02732 0.04231 0.03190
v 0.13459 0.78968 -0.10788 0.02732 0.04231 0.03190
v 0.13459 0.79105 -0.10886 0.02732 0.04231 0.03190
v 0.13459 0.79105 -0.10886 0.02732 0.04231 0.03190
v 0.13459 0.78968 -0.10788 0.02732 0.04231 0.03190
v 0.13674 0.79125 -0.10845 0.02732 0.04231 0.03190
v 0.13459 0.78968 -0.10788 0.02732 0.04231 0.03190
v 0.13635 0.78989 -0.10766 0.02732 0.04231 0.03190
v 0.13674 0.79125 -0.10845 0.02732 0.04231 0.03190
v 0.13674 0.79125 -0.10845 0.02732 0.04231 0.03190
v 0.13635 0.78989 -0.10766 0.02732 0.04231 0.03190
v 0.13810 0.79165 -0.10766 0.02732 0.04231 0.03190
v 0.13635 0.78989 -0.10766 0.02732 0.04231 0.03190
v 0.13763 0.79036 -0.10719 0.02732 0.04231 0.03190
v 0.13810 0.79165 -0.10766 0.02732 0.04231 0.03190
v 0.09214 0.44124 0.00000 0.02732 0.04231 0.03190
v 0.09214 0.44124 0.00000 0.02732 0.04231 0.03190
v 0.09214 0.44124 0.00000 0.02732 0.04231 0.03190
v 0.09214 0.44124 0.00000 0.02732 0.04231 0.03190
v 0.09214 0.44124 0.00000 0.02732 0.04231 0.03190
v 0.09214 0.44124 0.00000 0.02732 0.04231 0.03190
v 0.09214 0.44124 0.00000 0.02732 0.04231 0.03190
v 0.09214 0.44124 0.00000 0.02732 0.04231 0.03190
v 0.12938 0.42914 0.00000 0.02732 0.04231 0.03190
v 0.11536 0.42914 0.02911 0.02732 0.04231 0.03190
v 0.08386 0.42914 0.03630 0.02732 0.04231 0.03190
v 0.05859 0.42914 0.01616 0.02732 0.04231 0.03190
v 0.05859 0.42914 -0.01616 0.02732 0.04231 0.03190
v 0.08386 0.42914 -0.03630 0.02732 0.04231 0.03190
v 0.11536 0.42914 -0.02911 0.02732 0.04231 0.03190
v 0.12938 0.42914 -0.00000 0.02732 0.04231 0.03190
v 0.15239 0.39747 0.00000 0.02732 0.04231 0.03190
v 0.12970 0.39747 0.04710 0.02732 0.04231 0.03190
v 0.07874 0.39747 0.05874 0.02732 0.04231 0.03190
v 0.03786 0.39747 0.02614 0.02732 0.04231 0.03190
v 0.03786 0.39747 -0.02614 0.02732 0.04231 0.03190
v 0.07874 0.39747 -0.05874 0.02732 0.04231 0.03190
v 0.12970 0.39747 -0.04710 0.02732 0.04231 0.03190
v 0.15239 0.39747 -0.00000 0.02732 0.04231 0.03190
v 0.15239 0.35831 0.00000 0.02732 0.04231 0.03190
v 0.12970 0.35831 0.04710 0.02732 0.04231 0.03190
v 0.07874 0.35831 0.05874 0.02732 0.04231 0.03190
v 0.03786 0.35831 0.02614 0.02732 0.04231 0.03190
v 0.03786 0.35831 -0.02614 0.02732 0.04231 0.03190
v 0.07874 0.35831 -0.05874 0.02732 0.04231 0.03190
v 0.12970 0.35831 -0.04710 0.02732 0.04231 0.03190
v 0.15239 0.35831 -0.00000 0.02732 0.04231 0.03190
v 0.12938 0.32664 0.00000 0.02732 0.04231 0.03190
v 0.11536 0.32664 0.02911 0.02732 0.04231 0.03190
v 0.08386 0.32664 0.03630 0.02732 0.04231 0.03190
v 0.05859 0.32664 0.01616 0.02732 0.04231 0.03190
v 0.05859 0.32664 -0.01616 0.02732 0.04231 0.03190
v 0.08386 0.32664 -0.03630 0.02732 0.04231 0.03190
v 0.11536 0.32664 -0.02911 0.02732 0.04231 0.03190
v 0.12938 0.32664 -0.00000 0.02732 0.04231 0.03190
v 0.09214 0.31454 0.00000 0.02732 0.04231 0.03190
v 0.09214 0.31454 0.00000 0.02732 0.04231 0.03190
v 0.09214 0.31454 0.00000 0.02732 0.04231 0.03190
v 0.09214 0.31454 0.00000 0.02732 0.04231 0.03190
v 0.09214 0.31454 0.00000 0.02732 0.04231 0.03190
v 0.09214 0.31454 0.00000 0.02732 0.04231 0.03190
v 0.09214 0.31454 0.00000 0.02732 0.04231 0.03190
v 0.09214 0.31454 0.00000 0.02732 0.04231 0.03190
v 0.04036 0.05727 0.12528 0.02732 0.04231 0.03190
v 0.03971 0.05550 0.12593 0.02732 0.04231 0.03190
v 0.03971 0.05792 0.12351 0.02732 0.04231 0.03190
v 0.03971 0.05550 0.12593 0.02732 0.04231 0.03190
v 0.03862 0.05605 0.12406 0.02732 0.04231 0.03190
v 0.03971 0.05792 0.12351 0.02732 0.04231 0.03190
v 0.03971 0.05792 0.12351 0.02732 0.04231 0.03190
v 0.03862 0.05605 0.12406 0.02732 0.04231 0.03190
v 0.03942 0.05821 0.12110 0.02732 0.04231 0.03190
v 0.03862 0.05605 0.12406 0.02732 0.04231 0.03190
v 0.03806 0.05633 0.12110 0.02732 0.04231 0.03190
v 0.03942 0.05821 0.12110 0.02732 0.04231 0.03190
v 0.03942 0.05821 0.12110 0.02732 0.04231 0.03190
v 0.03806 0.05633 0.12110 0.02732 0.04231 0.03190
v 0.03942 0.05821 -0.06187 0.02732 0.04231 0.03190
v 0.03806 0.05633 0.12110 0.02732 0.04231 0.03190
v 0.03806 0.05633 -0.06187 0.02732 0.04231 0.03190
v 0.03942 0.05821 -0.06187 0.02732 0.04231 0.03190
v 0.03942 0.05821 -0.06187 0.02732 0.04231 0.03190
v 0.03806 0.05633 -0.06187 0.02732 0.04231 0.03190
v 0.03971 0.05792 -0.06428 0.02732 0.04231 0.03190
v 0.03806 0.05633 -0.06187 0.02732 0.04231 0.03190
v 0.03862 0.05605 -0.06482 0.02732 0.04231 0.03190
v 0.03971 0.05792 -0.06428 0.02732 0.04231 0.03190
v 0.03971 0.05792 -0.06428 0.02732 0.04231 0.03190
v 0.03862 0.05605 -0.06482 0.02732 0.04231 0.03190
v 0.04036 0.05727 -0.06605 0.02732 0.04231 0.03190
v 0.03862 0.05605 -0.06482 0.02732 0.04231 0.03190
v 0.03971 0.05550 -0.06669 0.02732 0.04231 0.03190
v 0.04036 0.05727 -0.06605 0.02732 0.04231 0.03190
v 0.03971 0.05550 0.12593 0.02732 0.04231 0.03190
v 0.03942 0.05309 0.12622 0.02732 0.04231 0.03190
v 0.03862 0.05605 0.12406 0.02732 0.04231 0.03190
v 0.03942 0.05309 0.12622 0.02732 0.04231 0.03190
v 0.03806 0.05309 0.12434 0.02732 0.04231 0.03190
v 0.03862 0.05605 0.12406 0.02732 0.04231 0.03190
v 0.03862 0.05605 0.12406 0.02732 0.04231 0.03190
v 0.03806 0.05309 0.12434 0.02732 0.04231 0.03190
v 0.03806 0.05633 0.12110 0.02732 0.04231 0.03190
v 0.03806 0.05309 0.12434 0.02732 0.04231 0.03190
v 0.03730 0.05309 0.12110 0.02732 0.04231 0.03190
v 0.03806 0.05633 0.12110 0.02732 0.04231 0.03190
v 0.03806 0.05633 0.12110 0.02732 0.04231 0.03190
v 0.03730 0.05309 0.12110 0.02732 0.04231 0.03190
v 0.03806 0.05633 -0.06187 0.02732 0.04231 0.03190
v 0.03730 0.05309 0.12110 0.02732 0.04231 0.03190
v 0.03730 0.05309 -0.06187 0.02732 0.04231 0.03190
v 0.03806 0.05633 -0.06187 0.02732 0.04231 0.03190
v 0.03806 0.05633 -0.06187 0.02732 0.04231 0.03190
v 0.03730 0.05309 -0.06187 0.02732 0.04231 0.03190
v 0.03862 0.05605 -0.06482 0.02732 0.04231 0.03190
v 0.03730 0.05309 -0.06187 0.02732 0.04231 0.03190
v 0.03806 0.05309 -0.06510 0.02732 0.04231 0.03190
v 0.03862 0.05605 -0.06482 0.02732 0.04231 0.03190
v 0.03862 0.05605 -0.06482 0.02732 0.04231 0.03190
v 0.03806 0.05309 -0.06510 0.02732 0.04231 0.03190
v 0.03971 0.05550 -0.06669 0.02732 0.04231 0.03190
v 0.03806 0.05309 -0.06510 0.02732 0.04231 0.03190
v 0.03942 0.05309 -0.06699 0.02732 0.04231 0.03190
v 0.03971 0.05550 -0.06669 0.02732 0.04231 0.03190
v 0.03942 0.05309 0.12622 0.02732 0.04231 0.03190
v 0.03942 0.00724 0.12622 0.02732 0.04231 0.03190
v 0.03806 0.05309 0.12434 0.02732 0.04231 0.03190
v 0.03942 0.00724 0.12622 0.02732 0.04231 0.03190
v 0.03806 0.00724 0.12434 0.02732 0.04231 0.03190
v 0.03806 0.05309 0.12434 0.02732 0.04231 0.03190
v 0.03806 0.05309 0.12434 0.02732 0.04231 0.03190
v 0.03806 0.00724 0.12434 0.02732 0.04231 0.03190
v 0.03730 0.05309 0.12110 0.02732 0.04231 0.03190
v 0.03806 0.00724 0.12434 0.02732 0.04231 0.03190
v 0.03730 0.00724 0.12110 0.02732 0.04231 0.03190
v 0.03730 0.05309 0.12110 0.02732 0.04231 0.03190
v 0.03730 0.05309 0.12110 0.02732 0.04231 0.03190
v 0.03730 0.00724 0.12110 0.02732 0.04231 0.03190
v 0.03730 0.05309 -0.06187 0.02732 0.04231 0.03190
v 0.03730 0.00724 0.12110 0.02732 0.04231 0.03190
v 0.03730 0.00724 -0.06187 0.02732 0.04231 0.03190
v 0.03730 0.05309 -0.06187 0.02732 0.04231 0.03190
v 0.03730 0.05309 -0.06187 0.02732 0.04231 0.03190
v 0.03730 0.00724 -0.06187 0.02732 0.04231 0.03190
v 0.03806 0.05309 -0.06510 0.02732 0.04231 0.03190
v 0.03730 0.00724 -0.06187 0.02732 0.04231 0.03190
v 0.03806 0.00724 -0.06510 0.02732 0.04231 0.03190
v 0.03806 0.05309 -0.06510 0.02732 0.04231 0.03190
v 0.03806 0.05309 -0.06510 0.02732 0.04231 0.03190
v 0.03806 0.00724 -0.06510 0.02732 0.04231 0.03190
v 0.03942 0.05309 -0.06699 0.02732 0.04231 0.03190
v 0.03806 0.00724 -0.06510 0.02732 0.04231 0.03190
v 0.03942 0.00724 -0.06699 0.02732 0.04231 0.03190
v 0.03942 0.05309 -0.06699 0.02732 0.04231 0.03190
v 0.03942 0.00724 0.12622 0.02732 0.04231 0.03190
v 0.03971 0.00483 0.12593 0.02732 0.04231 0.03190
v 0.03806 0.00724 0.12434 0.02732 0.04231 0.03190
v 0.03971 0.00483 0.12593 0.02732 0.04231 0.03190
v 0.03862 0.00428 0.12406 0.02732 0.04231 0.03190
v 0.03806 0.00724 0.12434 0.02732 0.04231 0.03190
v 0.03806 0.00724 0.12434 0.02732 0.04231 0.03190
v 0.03862 0.00428 0.12406 0.02732 0.04231 0.03190
v 0.03730 0.00724 0.12110 0.02732 0.04231 0.03190
v 0.03862 0.00428 0.12406 0.02732 0.04231 0.03190
v 0.03806 0.00400 0.12110 0.02732 0.04231 0.03190
v 0.03730 0.00724 0.12110 0.02732 0.04231 0.03190
v 0.03730 0.00724 0.12110 0.02732 0.04231 0.03190
v 0.03806 0.00400 0.12110 0.02732 0.04231 0.03190
v 0.03730 0.00724 -0.06187 0.02732 0.04231 0.03190
v 0.03806 0.00400 0.12110 0.02732 0.04231 0.03190
v 0.03806 0.00400 -0.06187 0.02732 0.04231 0.03190
v 0.03730 0.00724 -0.06187 0.02732 0.04231 0.03190
v 0.03730 0.00724 -0.06187 0.02732 0.04231 0.03190
v 0.03806 0.00400 -0.06187 0.02732 0.04231 0.03190
v 0.03806 0.00724 -0.06510 0.02732 0.04231 0.03190
v 0.03806 0.00400 -0.06187 0.02732 0.04231 0.03190
v 0.03862 0.00428 -0.06482 0.02732 0.04231 0.03190
v 0.03806 0.00724 -0.06510 0.02732 0.04231 0.03190
v 0.03806 0.00724 -0.06510 0.02732 0.04231 0.03190
v 0.03862 0.00428 -0.06482 0.02732 0.04231 0.03190
v 0.03942 0.00724 -0.06699 0.02732 0.04231 0.03190
v 0.03862 0.00428 -0.06482 0.02732 0.04231 0.03190
v 0.03971 0.00483 -0.06669 0.02732 0.04231 0.03190
v 0.03942 0.00724 -0.06699 0.02732 0.04231 0.03190
v 0.03971 0.00483 0.12593 0.02732 0.04231 0.03190
v 0.04036 0.00306 0.12528 0.02732 0.04231 0.03190
v 0.03862 0.00428 0.12406 0.02732 0.04231 0.03190
v 0.04036 0.00306 0.12528 0.02732 0.04231 0.03190
v 0.03971 0.00241 0.12351 0.02732 0.04231 0.03190
v 0.03862 0.00428 0.12406 0.02732 0.04231 0.03190
v 0.03862 0.00428 0.12406 0.02732 0.04231 0.03190
v 0.03971 0.00241 0.12351 0.02732 0.04231 0.03190
v 0.03806 0.00400 0.12110 0.02732 0.04231 0.03190
v 0.03971 0.00241 0.12351 0.02732 0.04231 0.03190
v 0.03942 0.00212 0.12110 0.02732 0.04231 0.03190
v 0.03806 0.00400 0.12110 0.02732 0.04231 0.03190
v 0.03806 0.00400 0.12110 0.02732 0.04231 0.03190
v 0.03942 0.00212 0.12110 0.02732 0.04231 0.03190
v 0.03806 0.00400 -0.06187 0.02732 0.04231 0.03190
v 0.03942 0.00212 0.12110 0.02732 0.04231 0.03190
v 0.03942 0.00212 -0.06187 0.02732 0.04231 0.03190
v 0.03806 0.00400 -0.06187 0.02732 0.04231 0.03190
v 0.03806 0.00400 -0.06187 0.02732 0.04231 0.03190
v 0.03942 0.00212 -0.06187 0.02732 0.04231 0.03190
v 0.03862 0.00428 -0.06482 0.02732 0.04231 0.03190
v 0.03942 0.00212 -0.06187 0.02732 0.04231 0.03190
v 0.03971 0.00241 -0.06428 0.02732 0.04231 0.03190
v 0.03862 0.00428 -0.06482 0.02732 0.04231 0.03190
v 0.03862 0.00428 -0.06482 0.02732 0.04231 0.03190
v 0.03971 0.00241 -0.06428 0.02732 0.04231 0.03190
v 0.03971 0.00483 -0.06669 0.02732 0.04231 0.03190
v 0.03971 0.00241 -0.06428 0.02732 0.04231 0.03190
v 0.04036 0.00306 -0.06605 0.02732 0.04231 0.03190
v 0.03971 0.00483 -0.06669 0.02732 0.04231 0.03190
v 0.14393 0.05727 -0.06605 0.02732 0.04231 0.03190
v 0.14457 0.05550 -0.06669 0.02732 0.04231 0.03190
v 0.14457 0.05792 -0.06428 0.02732 0.04231 0.03190
v 0.14457 0.05550 -0.06669 0.02732 0.04231 0.03190
v 0.14566 0.05605 -0.06482 0.02732 0.04231 0.03190
v 0.14457 0.05792 -0.06428 0.02732 0.04231 0.03190
v 0.14457 0.05792 -0.06428 0.02732 0.04231 0.03190
v 0.14566 0.05605 -0.06482 0.02732 0.04231 0.03190
v 0.14487 0.05821 -0.06187 0.02732 0.04231 0.03190
v 0.14566 0.05605 -0.06482 0.02732 0.04231 0.03190
v 0.14622 0.05633 -0.06187 0.02732 0.04231 0.03190
v 0.14487 0.05821 -0.06187 0.02732 0.04231 0.03190
v 0.14487 0.05821 -0.06187 0.02732 0.04231 0.03190
v 0.14622 0.05633 -0.06187 0.02732 0.04231 0.03190
v 0.14487 0.05821 0.12110 0.02732 0.04231 0.03190
v 0.14622 0.05633 -0.06187 0.02732 0.04231 0.03190
v 0.14622 0.05633 0.12110 0.02732 0.04231 0.03190
v 0.14487 0.05821 0.12110 0.02732 0.04231 0.03190
v 0.14487 0.05821 0.12110 0.02732 0.04231 0.03190
v 0.14622 0.05633 0.12110 0.02732 0.04231 0.03190
v 0.14457 0.05792 0.12351 0.02732 0.04231 0.03190
v 0.14622 0.05633 0.12110 0.02732 0.04231 0.03190
v 0.14566 0.05605 0.12406 0.02732 0.04231 0.03190
v 0.14457 0.05792 0.12351 0.02732 0.04231 0.03190
v 0.14457 0.05792 0.12351 0.02732 0.04231 0.03190
v 0.14566 0.05605 0.12406 0.02732 0.04231 0.03190
v 0.14393 0.05727 0.12528 0.02732 0.04231 0.03190
v 0.14566 0.05605 0.12406 0.02732 0.04231 0.03190
v 0.14457 0.05550 0.12593 0.02732 0.04231 0.03190
v 0.14393 0.05727 0.12528 0.02732 0.04231 0.03190
v 0.14457 0.05550 -0.06669 0.02732 0.04231 0.03190
v 0.14487 0.05309 -0.06699 0.02732 0.04231 0.03190
v 0.14566 0.05605 -0.06482 0.02732 0.04231 0.03190
v 0.14487 0.05309 -0.06699 0.02732 0.04231 0.03190
v 0.14622 0.05309 -0.06510 0.02732 0.04231 0.03190
v 0.14566 0.05605 -0.06482 0.02732 0.04231 0.03190
v 0.14566 0.05605 -0.06482 0.02732 0.04231 0.03190
v 0.14622 0.05309 -0.06510 0.02732 0.04231 0.03190
v 0.14622 0.05633 -0.06187 0.02732 0.04231 0.03190
v 0.14622 0.05309 -0.06510 0.02732 0.04231 0.03190
v 0.14699 0.05309 -0.06187 0.02732 0.04231 0.03190
v 0.14622 0.05633 -0.06187 0.02732 0.04231 0.03190
v 0.14622 0.05633 -0.06187 0.02732 0.04231 0.03190
v 0.14699 0.05309 -0.06187 0.02732 0.04231 0.03190
v 0.14622 0.05633 0.12110 0.02732 0.04231 0.03190
v 0.14699 0.05309 -0.06187 0.02732 0.04231 0.03190
v 0.14699 0.05309 0.12110 0.02732 0.04231 0.03190
v 0.14622 0.05633 0.12110 0.02732 0.04231 0.03190
v 0.14622 0.05633 0.12110 0.02732 0.04231 0.03190
v 0.14699 0.05309 0.12110 0.02732 0.04231 0.03190
v 0.14566 0.05605 0.12406 0.02732 0.04231 0.03190
v 0.14699 0.05309 0.12110 0.02732 0.04231 0.03190
v 0.14622 0.05309 0.12434 0.02732 0.04231 0.03190
v 0.14566 0.05605 0.12406 0.02732 0.04231 0.03190
v 0.14566 0.05605 0.12406 0.02732 0.04231 0.03190
v 0.14622 0.05309 0.12434 0.02732 0.04231 0.03190
v 0.14457 0.05550 0.12593 0.02732 0.04231 0.03190
v 0.14622 0.05309 0.12434 0.02732 0.04231 0.03190
v 0.14487 0.05309 0.12622 0.02732 0.04231 0.03190
v 0.14457 0.05550 0.12593 0.02732 0.04231 0.03190
v 0.14487 0.05309 -0.06699 0.02732 0.04231 0.03190
v 0.14487 0.00724 -0.06699 0.02732 0.04231 0.03190
v 0.14622 0.05309 -0.06510 0.02732 0.04231 0.03190
v 0.14487 0.00724 -0.06699 0.02732 0.04231 0.03190
v 0.14622 0.00724 -0.06510 0.02732 0.04231 0.03190
v 0.14622 0.05309 -0.06510 0.02732 0.04231 0.03190
v 0.14622 0.05309 -0.06510 0.02732 0.04231 0.03190
v 0.14622 0.00724 -0.06510 0.02732 0.04231 0.03190
v 0.14699 0.05309 -0.06187 0.02732 0.04231 0.03190
v 0.14622 0.00724 -0.06510 0.02732 0.04231 0.03190
v 0.14699 0.00724 -0.06187 0.02732 0.04231 0.03190
v 0.14699 0.05309 -0.06187 0.02732 0.04231 0.03190
v 0.14699 0.05309 -0.06187 0.02732 0.04231 0.03190
v 0.14699 0.00724 -0.06187 0.02732 0.04231 0.03190
v 0.14699 0.05309 0.12110 0.02732 0.04231 0.03190
v 0.14699 0.00724 -0.06187 0.02732 0.04231 0.03190
v 0.14699 0.00724 0.12110 0.02732 0.04231 0.03190
v 0.14699 0.05309 0.12110 0.02732 0.04231 0.03190
v 0.14699 0.05309 0.12110 0.02732 0.04231 0.03190
v 0.14699 0.00724 0.12110 0.02732 0.04231 0.03190
v 0.14622 0.05309 0.12434 0.02732 0.04231 0.03190
v 0.14699 0.00724 0.12110 0.02732 0.04231 0.03190
v 0.14622 0.00724 0.12434 0.02732 0.04231 0.03190
v 0.14622 0.05309 0.12434 0.02732 0.04231 0.03190
v 0.14622 0.05309 0.12434 0.02732 0.04231 0.03190
v 0.14622 0.00724 0.12434 0.02732 0.04231 0.03190
v 0.14487 0.05309 0.12622 0.02732 0.04231 0.03190
v 0.14622 0.00724 0.12434 0.02732 0.04231 0.03190
v 0.14487 0.00724 0.12622 0.02732 0.04231 0.03190
v 0.14487 0.05309 0.12622 0.02732 0.04231 0.03190
v 0.14487 0.00724 -0.06699 0.02732 0.04231 0.03190
v 0.14457 0.00483 -0.06669 0.02732 0.04231 0.03190
v 0.14622 0.00724 -0.06510 0.02732 0.04231 0.03190
v 0.14457 0.00483 -0.06669 0.02732 0.04231 0.03190
v 0.14566 0.00428 -0.06482 0.02732 0.04231 0.03190
v 0.14622 0.00724 -0.06510 0.02732 0.04231 0.03190
v 0.14622 0.00724 -0.06510 0.02732 0.04231 0.03190
v 0.14566 0.00428 -0.06482 0.02732 0.04231 0.03190
v 0.14699 0.00724 -0.06187 0.02732 0.04231 0.03190
v 0.14566 0.00428 -0.06482 0.02732 0.04231 0.03190
v 0.14622 0.00400 -0.06187 0.02732 0.04231 0.03190
v 0.14699 0.00724 -0.06187 0.02732 0.04231 0.03190
v 0.14699 0.00724 -0.06187 0.02732 0.04231 0.03190
v 0.14622 0.00400 -0.06187 0.02732 0.04231 0.03190
v 0.14699 0.00724 0.12110 0.02732 0.04231 0.03190
v 0.14622 0.00400 -0.06187 0.02732 0.04231 0.03190
v 0.14622 0.00400 0.12110 0.02732 0.04231 0.03190
v 0.14699 0.00724 0.12110 0.02732 0.04231 0.03190
v 0.14699 0.00724 0.12110 0.02732 0.04231 0.03190
v 0.14622 0.00400 0.12110 0.02732 0.04231 0.03190
v 0.14622 0.00724 0.12434 0.02732 0.04231 0.03190
v 0.14622 0.00400 0.12110 0.02732 0.04231 0.03190
v 0.14566 0.00428 0.12406 0.02732 0.04231 0.03190
v 0.14622 0.00724 0.12434 0.02732 0.04231 0.03190
v 0.14622 0.00724 0.12434 0.02732 0.04231 0.03190
v 0.14566 0.00428 0.12406 0.02732 0.04231 0.03190
v 0.14487 0.00724 0.12622 0.02732 0.04231 0.03190
v 0.14566 0.00428 0.12406 0.02732 0.04231 0.03190
v 0.14457 0.00483 0.12593 0.02732 0.04231 0.03190
v 0.14487 0.00724 0.12622 0.02732 0.04231 0.03190
v 0.14457 0.00483 -0.06669 0.02732 0.04231 0.03190
v 0.14393 0.00306 -0.06605 0.02732 0.04231 0.03190
v 0.14566 0.00428 -0.06482 0.02732 0.04231 0.03190
v 0.14393 0.00306 -0.06605 0.02732 0.04231 0.03190
v 0.14457 0.00241 -0.06428 0.02732 0.04231 0.03190
v 0.14566 0.00428 -0.06482 0.02732 0.04231 0.03190
v 0.14566 0.00428 -0.06482 0.02732 0.04231 0.03190
v 0.14457 0.00241 -0.06428 0.02732 0.04231 0.03190
v 0.14622 0.00400 -0.06187 0.02732 0.04231 0.03190
v 0.14457 0.00241 -0.06428 0.02732 0.04231 0.03190
v 0.14487 0.00212 -0.06187 0.02732 0.04231 0.03190
v 0.14622 0.00400 -0.06187 0.02732 0.04231 0.03190
v 0.14622 0.00400 -0.06187 0.02732 0.04231 0.03190
v 0.14487 0.00212 -0.06187 0.02732 0.04231 0.03190
v 0.14622 0.00400 0.12110 0.02732 0.04231 0.03190
v 0.14487 0.00212 -0.06187 0.02732 0.04231 0.03190
v 0.14487 0.00212 0.12110 0.02732 0.04231 0.03190
v 0.14622 0.00400 0.12110 0.02732 0.04231 0.03190
v 0.14622 0.00400 0.12110 0.02732 0.04231 0.03190
v 0.14487 0.00212 0.12110 0.02732 0.04231 0.03190
v 0.14566 0.00428 0.12406 0.02732 0.04231 0.03190
v 0.14487 0.00212 0.12110 0.02732 0.04231 0.03190
v 0.14457 0.00241 0.12351 0.02732 0.04231 0.03190
v 0.14566 0.00428 0.12406 0.02732 0.04231 0.03190
v 0.14566 0.00428 0.12406 0.02732 0.04231 0.03190
v 0.14457 0.00241 0.12351 0.02732 0.04231 0.03190
v 0.14457 0.00483 0.12593 0.02732 0.04231 0.03190
v 0.14457 0.00241 0.12351 0.02732 0.04231 0.03190
v 0.14393 0.00306 0.12528 0.02732 0.04231 0.03190
v 0.14457 0.00483 0.12593 0.02732 0.04231 0.03190
v 0.14393 0.05727 -0.06605 0.02732 0.04231 0.03190
v 0.14457 0.05792 -0.06428 0.02732 0.04231 0.03190
v 0.14216 0.05792 -0.06669 0.02732 0.04231 0.03190
v 0.14457 0.05792 -0.06428 0.02732 0.04231 0.03190
v 0.14270 0.05900 -0.06482 0.02732 0.04231 0.03190
v 0.14216 0.05792 -0.06669 0.02732 0.04231 0.03190
v 0.14216 0.05792 -0.06669 0.02732 0.04231 0.03190
v 0.14270 0.05900 -0.06482 0.02732 0.04231 0.03190
v 0.13975 0.05821 -0.06699 0.02732 0.04231 0.03190
v 0.14270 0.05900 -0.06482 0.02732 0.04231 0.03190
v 0.13975 0.05957 -0.06510 0.02732 0.04231 0.03190
v 0.13975 0.05821 -0.06699 0.02732 0.04231 0.03190
v 0.13975 0.05821 -0.06699 0.02732 0.04231 0.03190
v 0.13975 0.05957 -0.06510 0.02732 0.04231 0.03190
v 0.04454 0.05821 -0.06699 0.02732 0.04231 0.03190
v 0.13975 0.05957 -0.06510 0.02732 0.04231 0.03190
v 0.04454 0.05957 -0.06510 0.02732 0.04231 0.03190
v 0.04454 0.05821 -0.06699 0.02732 0.04231 0.03190
v 0.04454 0.05821 -0.06699 0.02732 0.04231 0.03190
v 0.04454 0.05957 -0.06510 0.02732 0.04231 0.03190
v 0.04212 0.05792 -0.06669 0.02732 0.04231 0.03190
v 0.04454 0.05957 -0.06510 0.02732 0.04231 0.03190
v 0.04158 0.05900 -0.06482 0.02732 0.04231 0.03190
v 0.04212 0.05792 -0.06669 0.02732 0.04231 0.03190
v 0.04212 0.05792 -0.06669 0.02732 0.04231 0.03190
v 0.04158 0.05900 -0.06482 0.02732 0.04231 0.03190
v 0.04036 0.05727 -0.06605 0.02732 0.04231 0.03190
v 0.04158 0.05900 -0.06482 0.02732 0.04231 0.03190
v 0.03971 0.05792 -0.06428 0.02732 0.04231 0.03190
v 0.04036 0.05727 -0.06605 0.02732 0.04231 0.03190
v 0.14457 0.05792 -0.06428 0.02732 0.04231 0.03190
v 0.14487 0.05821 -0.06187 0.02732 0.04231 0.03190
v 0.14270 0.05900 -0.06482 0.02732 0.04231 0.03190
v 0.14487 0.05821 -0.06187 0.02732 0.04231 0.03190
v 0.14299 0.05957 -0.06187 0.02732 0.04231 0.03190
v 0.14270 0.05900 -0.06482 0.02732 0.04231 0.03190
v 0.14270 0.05900 -0.06482 0.02732 0.04231 0.03190
v 0.14299 0.05957 -0.06187 0.02732 0.04231 0.03190
v 0.13975 0.05957 -0.06510 0.02732 0.04231 0.03190
v 0.14299 0.05957 -0.06187 0.02732 0.04231 0.03190
v 0.13975 0.06033 -0.06187 0.02732 0.04231 0.03190
v 0.13975 0.05957 -0.06510 0.02732 0.04231 0.03190
v 0.13975 0.05957 -0.06510 0.02732 0.04231 0.03190
v 0.13975 0.06033 -0.06187 0.02732 0.04231 0.03190
v 0.04454 0.05957 -0.06510 0.02732 0.04231 0.03190
v 0.13975 0.06033 -0.06187 0.02732 0.04231 0.03190
v 0.04454 0.06033 -0.06187 0.02732 0.04231 0.03190
v 0.04454 0.05957 -0.06510 0.02732 0.04231 0.03190
v 0.04454 0.05957 -0.06510 0.02732 0.04231 0.03190
v 0.04454 0.06033 -0.06187 0.02732 0.04231 0.03190
v 0.04158 0.05900 -0.06482 0.02732 0.04231 0.03190
v 0.04454 0.06033 -0.06187 0.02732 0.04231 0.03190
v 0.04130 0.05957 -0.06187 0.02732 0.04231 0.03190
v 0.04158 0.05900 -0.06482 0.02732 0.04231 0.03190
v 0.04158 0.05900 -0.06482 0.02732 0.04231 0.03190
v 0.04130 0.05957 -0.06187 0.02732 0.04231 0.03190
v 0.03971 0.05792 -0.06428 0.02732 0.04231 0.03190
v 0.04130 0.05957 -0.06187 0.02732 0.04231 0.03190
v 0.03942 0.05821 -0.06187 0.02732 0.04231 0.03190
v 0.03971 0.05792 -0.06428 0.02732 0.04231 0.03190
v 0.14487 0.05821 -0.06187 0.02732 0.04231 0.03190
v 0.14487 0.05821 0.12110 0.02732 0.04231 0.03190
v 0.14299 0.05957 -0.06187 0.02732 0.04231 0.03190
v 0.14487 0.05821 0.12110 0.02732 0.04231 0.03190
v 0.14299 0.05957 0.12110 0.02732 0.04231 0.03190
v 0.14299 0.05957 -0.06187 0.02732 0.04231 0.03190
v 0.14299 0.05957 -0.06187 0.02732 0.04231 0.03190
v 0.14299 0.05957 0.12110 0.02732 0.04231 0.03190
v 0.13975 0.06033 -0.06187 0.02732 0.04231 0.03190
v 0.14299 0.05957 0.12110 0.02732 0.04231 0.03190
v 0.13975 0.06033 0.12110 0.02732 0.04231 0.03190
v 0.13975 0.06033 -0.06187 0.02732 0.04231 0.03190
v 0.13975 0.06033 -0.06187 0.02732 0.04231 0.03190
v 0.13975 0.06033 0.12110 0.02732 0.04231 0.03190
v 0.04454 0.06033 -0.06187 0.02732 0.04231 0.03190
v 0.13975 0.06033 0.12110 0.02732 0.04231 0.03190
v 0.04454 0.06033 0.12110 0.02732 0.04231 0.03190
v 0.04454 0.06033 -0.06187 0.02732 0.04231 0.03190
v 0.04454 0.06033 -0.06187 0.02732 0.04231 0.03190
v 0.04454 0.06033 0.12110 0.02732 0.04231 0.03190
v 0.04130 0.05957 -0.06187 0.02732 0.04231 0.03190
v 0.04454 0.06033 0.12110 0.02732 0.04231 0.03190
v 0.04130 0.05957 0.12110 0.02732 0.04231 0.03190
v 0.04130 0.05957 -0.06187 0.02732 0.04231 0.03190
v 0.04130 0.05957 -0.06187 0.02732 0.04231 0.03190
v 0.04130 0.05957 0.12110 0.02732 0.04231 0.03190
v 0.03942 0.05821 -0.06187 0.02732 0.04231 0.03190
v 0.04130 0.05957 0.12110 0.02732 0.04231 0.03190
v 0.03942 0.05821 0.12110 0.02732 0.04231 0.03190
v 0.03942 0.05821 -0.06187 0.02732 0.04231 0.03190
v 0.14487 0.05821 0.12110 0.02732 0.04231 0.03190
v 0.14457 0.05792 0.12351 0.02732 0.04231 0.03190
v 0.14299 0.05957 0.12110 0.02732 0.04231 0.03190
v 0.14457 0.05792 0.12351 0.02732 0.04231 0.03190
v 0.14270 0.05900 0.12406 0.02732 0.04231 0.03190
v 0.14299 0.05957 0.12110 0.02732 0.04231 0.03190
v 0.14299 0.05957 0.12110 0.02732 0.04231 0.03190
v 0.14270 0.05900 0.12406 0.02732 0.04231 0.03190
v 0.13975 0.06033 0.12110 0.02732 0.04231 0.03190
v 0.14270 0.05900 0.12406 0.02732 0.04231 0.03190
v 0.13975 0.05957 0.12434 0.02732 0.04231 0.03190
v 0.13975 0.06033 0.12110 0.02732 0.04231 0.03190
v 0.13975 0.06033 0.12110 0.02732 0.04231 0.03190
v 0.13975 0.05957 0.12434 0.02732 0.04231 0.03190
v 0.04454 0.06033 0.12110 0.02732 0.04231 0.03190
v 0.13975 0.05957 0.12434 0.02732 0.04231 0.03190
v 0.04454 0.05957 0.12434 0.02732 0.04231 0.03190
v 0.04454 0.06033 0.12110 0.02732 0.04231 0.03190
v 0.04454 0.06033 0.12110 0.02732 0.04231 0.03190
v 0.04454 0.05957 0.12434 0.02732 0.04231 0.03190
v 0.04130 0.05957 0.12110 0.02732 0.04231 0.03190
v 0.04454 0.05957 0.12434 0.02732 0.04231 0.03190
v 0.04158 0.05900 0.12406 0.02732 0.04231 0.03190
v 0.04130 0.05957 0.12110 0.02732 0.04231 0.03190
v 0.04130 0.05957 0.12110 0.02732 0.04231 0.03190
v 0.04158 0.05900 0.12406 0.02732 0.04231 0.03190
v 0.03942 0.05821 0.12110 0.02732 0.04231 0.03190
v 0.04158 0.05900 0.12406 0.02732 0.04231 0.03190
v 0.03971 0.05792 0.12351 0.02732 0.04231 0.03190
v 0.03942 0.05821 0.12110 0.02732 0.04231 0.03190
v 0.14457 0.05792 0.12351 0.02732 0.04231 0.03190
v 0.14393 0.05727 0.12528 0.02732 0.04231 0.03190
v 0.14270 0.05900 0.12406 0.02732 0.04231 0.03190
v 0.14393 0.05727 0.12528 0.02732 0.04231 0.03190
v 0.14216 0.05792 0.12593 0.02732 0.04231 0.03190
v 0.14270 0.05900 0.12406 0.02732 0.04231 0.03190
v 0.14270 0.05900 0.12406 0.02732 0.04231 0.03190
v 0.14216 0.05792 0.12593 0.02732 0.04231 0.03190
v 0.13975 0.05957 0.12434 0.02732 0.04231 0.03190
v 0.14216 0.05792 0.12593 0.02732 0.04231 0.03190
v 0.13975 0.05821 0.12622 0.02732 0.04231 0.03190
v 0.13975 0.05957 0.12434 0.02732 0.04231 0.03190
v 0.13975 0.05957 0.12434 0.02732 0.04231 0.03190
v 0.13975 0.05821 0.12622 0.02732 0.04231 0.03190
v 0.04454 0.05957 0.12434 0.02732 0.04231 0.03190
v 0.13975 0.05821 0.12622 0.02732 0.04231 0.03190
v 0.04454 0.05821 0.12622 0.02732 0.04231 0.03190
v 0.04454 0.05957 0.12434 0.02732 0.04231 0.03190
v 0.04454 0.05957 0.12434 0.02732 0.04231 0.03190
v 0.04454 0.05821 0.12622 0.02732 0.04231 0.03190
v 0.04158 0.05900 0.12406 0.02732 0.04231 0.03190
v 0.04454 0.05821 0.12622 0.02732 0.04231 0.03190
v 0.04212 0.05792 0.12593 0.02732 0.04231 0.03190
v 0.04158 0.05900 0.12406 0.02732 0.04231 0.03190
v 0.04158 0.05900 0.12406 0.02732 0.04231 0.03190
v 0.04212 0.05792 0.12593 0.02732 0.04231 0.03190
v 0.03971 0.05792 0.12351 0.02732 0.04231 0.03190
v 0.04212 0.05792 0.12593 0.02732 0.04231 0.03190
v 0.04036 0.05727 0.12528 0.02732 0.04231 0.03190
v 0.03971 0.05792 0.12351 0.02732 0.04231 0.03190
v 0.14393 0.00306 0.12528 0.02732 0.04231 0.03190
v 0.14457 0.00241 0.12351 0.02732 0.04231 0.03190
v 0.14216 0.00241 0.12593 0.02732 0.04231 0.03190
v 0.14457 0.00241 0.12351 0.02732 0.04231 0.03190
v 0.14270 0.00133 0.12406 0.02732 0.04231 0.03190
v 0.14216 0.00241 0.12593 0.02732 0.04231 0.03190
v 0.14216 0.00241 0.12593 0.02732 0.04231 0.03190
v 0.14270 0.00133 0.12406 0.02732 0.04231 0.03190
v 0.13975 0.00212 0.12622 0.02732 0.04231 0.03190
v 0.14270 0.00133 0.12406 0.02732 0.04231 0.03190
v 0.13975 0.00076 0.12434 0.02732 0.04231 0.03190
v 0.13975 0.00212 0.12622 0.02732 0.04231 0.03190
v 0.13975 0.00212 0.12622 0.02732 0.04231 0.03190
v 0.13975 0.00076 0.12434 0.02732 0.04231 0.03190
v 0.04454 0.00212 0.12622 0.02732 0.04231 0.03190
v 0.13975 0.00076 0.12434 0.02732 0.04231 0.03190
v 0.04454 0.00076 0.12434 0.02732 0.04231 0.03190
v 0.04454 0.00212 0.12622 0.02732 0.04231 0.03190
v 0.04454 0.00212 0.12622 0.02732 0.04231 0.03190
v 0.04454 0.00076 0.12434 0.02732 0.04231 0.03190
v 0.04212 0.00241 0.12593 0.02732 0.04231 0.03190
v 0.04454 0.00076 0.12434 0.02732 0.04231 0.03190
v 0.04158 0.00133 0.12406 0.02732 0.04231 0.03190
v 0.04212 0.00241 0.12593 0.02732 0.04231 0.03190
v 0.04212 0.00241 0.12593 0.02732 0.04231 0.03190
v 0.04158 0.00133 0.12406 0.02732 0.04231 0.03190
v 0.04036 0.00306 0.12528 0.02732 0.04231 0.03190
v 0.04158 0.00133 0.12406 0.02732 0.04231 0.03190
v 0.03971 0.00241 0.12351 0.02732 0.04231 0.03190
v 0.04036 0.00306 0.12528 0.02732 0.04231 0.03190
v 0.14457 0.00241 0.12351 0.02732 0.04231 0.03190
v 0.14487 0.00212 0.12110 0.02732 0.04231 0.03190
v 0.14270 0.00133 0.12406 0.02732 0.04231 0.03190
v 0.14487 0.00212 0.12110 0.02732 0.04231 0.03190
v 0.14299 0.00076 0.12110 0.02732 0.04231 0.03190
v 0.14270 0.00133 0.12406 0.02732 0.04231 0.03190
v 0.14270 0.00133 0.12406 0.02732 0.04231 0.03190
v 0.14299 0.00076 0.12110 0.02732 0.04231 0.03190
v 0.13975 0.00076 0.12434 0.02732 0.04231 0.03190
v 0.14299 0.00076 0.12110 0.02732 0.04231 0.03190
v 0.13975 -0.00000 0.12110 0.02732 0.04231 0.03190
v 0.13975 0.00076 0.12434 0.02732 0.04231 0.03190
v 0.13975 0.00076 0.12434 0.02732 0.04231 0.03190
v 0.13975 -0.00000 0.12110 0.02732 0.04231 0.03190
v 0.04454 0.00076 0.12434 0.02732 0.04231 0.03190
v 0.13975 -0.00000 0.12110 0.02732 0.04231 0.03190
v 0.04454 -0.00000 0.12110 0.02732 0.04231 0.03190
v 0.04454 0.00076 0.12434 0.02732 0.04231 0.03190
v 0.04454 0.00076 0.12434 0.02732 0.04231 0.03190
v 0.04454 -0.00000 0.12110 0.02732 0.04231 0.03190
v 0.04158 0.00133 0.12406 0.02732 0.04231 0.03190
v 0.04454 -0.00000 0.12110 0.02732 0.04231 0.03190
v 0.04130 0.00076 0.12110 0.02732 0.04231 0.03190
v 0.04158 0.00133 0.12406 0.02732 0.04231 0.03190
v 0.04158 0.00133 0.12406 0.02732 0.04231 0.03190
v 0.04130 0.00076 0.12110 0.02732 0.04231 0.03190
v 0.03971 0.00241 0.12351 0.02732 0.04231 0.03190
v 0.04130 0.00076 0.12110 0.02732 0.04231 0.03190
v 0.03942 0.00212 0.12110 0.02732 0.04231 0.03190
v 0.03971 0.00241 0.12351 0.02732 0.04231 0.03190
v 0.14487 0.00212 0.12110 0.02732 0.04231 0.03190
v 0.14487 0.00212 -0.06187 0.02732 0.04231 0.03190
v 0.14299 0.00076 0.12110 0.02732 0.04231 0.03190
v 0.14487 0.00212 -0.06187 0.02732 0.04231 0.03190
v 0.14299 0.00076 -0.06187 0.02732 0.04231 0.03190
v 0.14299 0.00076 0.12110 0.02732 0.04231 0.03190
v 0.14299 0.00076 0.12110 0.02732 0.04231 0.03190
v 0.14299 0.00076 -0.06187 0.02732 0.04231 0.03190
v 0.13975 -0.00000 0.12110 0.02732 0.04231 0.03190
v 0.14299 0.00076 -0.06187 0.02732 0.04231 0.03190
v 0.13975 -0.00000 -0.06187 0.02732 0.04231 0.03190
v 0.13975 -0.00000 0.12110 0.02732 0.04231 0.03190
v 0.13975 -0.00000 0.12110 0.02732 0.04231 0.03190
v 0.13975 -0.00000 -0.06187 0.02732 0.04231 0.03190
v 0.04454 -0.00000 0.12110 0.02732 0.04231 0.03190
v 0.13975 -0.00000 -0.06187 0.02732 0.04231 0.03190
v 0.04454 -0.00000 -0.06187 0.02732 0.04231 0.03190
v 0.04454 -0.00000 0.12110 0.02732 0.04231 0.03190
v 0.04454 -0.00000 0.12110 0.02732 0.04231 0.03190
v 0.04454 -0.00000 -0.06187 0.02732 0.04231 0.03190
v 0.04130 0.00076 0.12110 0.02732 0.04231 0.03190
v 0.04454 -0.00000 -0.06187 0.02732 0.04231 0.03190
v 0.04130 0.00076 -0.06187 0.02732 0.04231 0.03190
v 0.04130 0.00076 0.12110 0.02732 0.04231 0.03190
v 0.04130 0.00076 0.12110 0.02732 0.04231 0.03190
v 0.04130 0.00076 -0.06187 0.02732 0.04231 0.03190
v 0.03942 0.00212 0.12110 0.02732 0.04231 0.03190
v 0.04130 0.00076 -0.06187 0.02732 0.04231 0.03190
v 0.03942 0.00212 -0.06187 0.02732 0.04231 0.03190
v 0.03942 0.00212 0.12110 0.02732 0.04231 0.03190
v 0.14487 0.00212 -0.06187 0.02732 0.04231 0.03190
v 0.14457 0.00241 -0.06428 0.02732 0.04231 0.03190
v 0.14299 0.00076 -0.06187 0.02732 0.04231 0.03190
v 0.14457 0.00241 -0.06428 0.02732 0.04231 0.03190
v 0.14270 0.00133 -0.06482 0.02732 0.04231 0.03190
v 0.14299 0.00076 -0.06187 0.02732 0.04231 0.03190
v 0.14299 0.00076 -0.06187 0.02732 0.04231 0.03190
v 0.14270 0.00133 -0.06482 0.02732 0.04231 0.03190
v 0.13975 -0.00000 -0.06187 0.02732 0.04231 0.03190
v 0.14270 0.00133 -0.06482 0.02732 0.04231 0.03190
v 0.13975 0.00076 -0.06510 0.02732 0.04231 0.03190
v 0.13975 -0.00000 -0.06187 0.02732 0.04231 0.03190
v 0.13975 -0.00000 -0.06187 0.02732 0.04231 0.03190
v 0.13975 0.00076 -0.06510 0.02732 0.04231 0.03190
v 0.04454 -0.00000 -0.06187 0.02732 0.04231 0.03190
v 0.13975 0.00076 -0.06510 0.02732 0.04231 0.03190
v 0.04454 0.00076 -0.06510 0.02732 0.04231 0.03190
v 0.04454 -0.00000 -0.06187 0.02732 0.04231 0.03190
v 0.04454 -0.00000 -0.06187 0.02732 0.04231 0.03190
v 0.04454 0.00076 -0.06510 0.02732 0.04231 0.03190
v 0.04130 0.00076 -0.06187 0.02732 0.04231 0.03190
v 0.04454 0.00076 -0.06510 0.02732 0.04231 0.03190
v 0.04158 0.00133 -0.06482 0.02732 0.04231 0.03190
v 0.04130 0.00076 -0.06187 0.02732 0.04231 0.03190
v 0.04130 0.00076 -0.06187 0.02732 0.04231 0.03190
v 0.04158 0.00133 -0.06482 0.02732 0.04231 0.03190
v 0.03942 0.00212 -0.06187 0.02732 0.04231 0.03190
v 0.04158 0.00133 -0.06482 0.02732 0.04231 0.03190
v 0.03971 0.00241 -0.06428 0.02732 0.04231 0.03190
v 0.03942 0.00212 -0.06187 0.02732 0.04231 0.03190
v 0.14457 0.00241 -0.06428 0.02732 0.04231 0.03190
v 0.14393 0.00306 -0.06605 0.02732 0.04231 0.03190
v 0.14270 0.00133 -0.06482 0.02732 0.04231 0.03190
v 0.14393 0.00306 -0.06605 0.02732 0.04231 0.03190
v 0.14216 0.00241 -0.06669 0.02732 0.04231 0.03190
v 0.14270 0.00133 -0.06482 0.02732 0.04231 0.03190
v 0.14270 0.00133 -0.06482 0.02732 0.04231 0.03190
v 0.14216 0.00241 -0.06669 0.02732 0.04231 0.03190
v 0.13975 0.00076 -0.06510 0.02732 0.04231 0.03190
v 0.14216 0.00241 -0.06669 0.02732 0.04231 0.03190
v 0.13975 0.00212 -0.06699 0.02732 0.04231 0.03190
v 0.13975 0.00076 -0.06510 0.02732 0.04231 0.03190
v 0.13975 0.00076 -0.06510 0.02732 0.04231 0.03190
v 0.13975 0.00212 -0.06699 0.02732 0.04231 0.03190
v 0.04454 0.00076 -0.06510 0.02732 0.04231 0.03190
v 0.13975 0.00212 -0.06699 0.02732 0.04231 0.03190
v 0.04454 0.00212 -0.06699 0.02732 0.04231 0.03190
v 0.04454 0.00076 -0.06510 0.02732 0.04231 0.03190
v 0.04454 0.00076 -0.06510 0.02732 0.04231 0.03190
v 0.04454 0.00212 -0.06699 0.02732 0.04231 0.03190
v 0.04158 0.00133 -0.06482 0.02732 0.04231 0.03190
v 0.04454 0.00212 -0.06699 0.02732 0.04231 0.03190
v 0.04212 0.00241 -0.06669 0.02732 0.04231 0.03190
v 0.04158 0.00133 -0.06482 0.02732 0.04231 0.03190
v 0.04158 0.00133 -0.06482 0.02732 0.04231 0.03190
v 0.04212 0.00241 -0.06669 0.02732 0.04231 0.03190
v 0.03971 0.00241 -0.06428 0.02732 0.04231 0.03190
v 0.04212 0.00241 -0.06669 0.02732 0.04231 0.03190
v 0.04036 0.00306 -0.06605 0.02732 0.04231 0.03190
v 0.03971 0.00241 -0.06428 0.02732 0.04231 0.03190
v 0.14393 0.05727 0.12528 0.02732 0.04231 0.03190
v 0.14457 0.05550 0.12593 0.02732 0.04231 0.03190
v 0.14216 0.05792 0.12593 0.02732 0.04231 0.03190
v 0.14457 0.05550 0.12593 0.02732 0.04231 0.03190
v 0.14270 0.05605 0.12701 0.02732 0.04231 0.03190
v 0.14216 0.05792 0.12593 0.02732 0.04231 0.03190
v 0.14216 0.05792 0.12593 0.02732 0.04231 0.03190
v 0.14270 0.05605 0.12701 0.02732 0.04231 0.03190
v 0.13975 0.05821 0.12622 0.02732 0.04231 0.03190
v 0.14270 0.05605 0.12701 0.02732 0.04231 0.03190
v 0.13975 0.05633 0.12758 0.02732 0.04231 0.03190
v 0.13975 0.05821 0.12622 0.02732 0.04231 0.03190
v 0.13975 0.05821 0.12622 0.02732 0.04231 0.03190
v 0.13975 0.05633 0.12758 0.02732 0.04231 0.03190
v 0.04454 0.05821 0.12622 0.02732 0.04231 0.03190
v 0.13975 0.05633 0.12758 0.02732 0.04231 0.03190
v 0.04454 0.05633 0.12758 0.02732 0.04231 0.03190
v 0.04454 0.05821 0.12622 0.02732 0.04231 0.03190
v 0.04454 0.05821 0.12622 0.02732 0.04231 0.03190
v 0.04454 0.05633 0.12758 0.02732 0.04231 0.03190
v 0.04212 0.05792 0.12593 0.02732 0.04231 0.03190
v 0.04454 0.05633 0.12758 0.02732 0.04231 0.03190
v 0.04158 0.05605 0.12701 0.02732 0.04231 0.03190
v 0.04212 0.05792 0.12593 0.02732 0.04231 0.03190
v 0.04212 0.05792 0.12593 0.02732 0.04231 0.03190
v 0.04158 0.05605 0.12701 0.02732 0.04231 0.03190
v 0.04036 0.05727 0.12528 0.02732 0.04231 0.03190
v 0.04158 0.05605 0.12701 0.02732 0.04231 0.03190
v 0.03971 0.05550 0.12593 0.02732 0.04231 0.03190
v 0.04036 0.05727 0.12528 0.02732 0.04231 0.03190
v 0.14457 0.05550 0.12593 0.02732 0.04231 0.03190
v 0.14487 0.05309 0.12622 0.02732 0.04231 0.03190
v 0.14270 0.05605 0.12701 0.02732 0.04231 0.03190
v 0.14487 0.05309 0.12622 0.02732 0.04231 0.03190
v 0.14299 0.05309 0.12758 0.02732 0.04231 0.03190
v 0.14270 0.05605 0.12701 0.02732 0.04231 0.03190
v 0.14270 0.05605 0.12701 0.02732 0.04231 0.03190
v 0.14299 0.05309 0.12758 0.02732 0.04231 0.03190
v 0.13975 0.05633 0.12758 0.02732 0.04231 0.03190
v 0.14299 0.05309 0.12758 0.02732 0.04231 0.03190
v 0.13975 0.05309 0.12834 0.02732 0.04231 0.03190
v 0.13975 0.05633 0.12758 0.02732 0.04231 0.03190
v 0.13975 0.05633 0.12758 0.02732 0.04231 0.03190
v 0.13975 0.05309 0.12834 0.02732 0.04231 0.03190
v 0.04454 0.05633 0.12758 0.02732 0.04231 0.03190
v 0.13975 0.05309 0.12834 0.02732 0.04231 0.03190
v 0.04454 0.05309 0.12834 0.02732 0.04231 0.03190
v 0.04454 0.05633 0.12758 0.02732 0.04231 0.03190
v 0.04454 0.05633 0.12758 0.02732 0.04231 0.03190
v 0.04454 0.05309 0.12834 0.02732 0.04231 0.03190
v 0.04158 0.05605 0.12701 0.02732 0.04231 0.03190
v 0.04454 0.05309 0.12834 0.02732 0.04231 0.03190
v 0.04130 0.05309 0.12758 0.02732 0.04231 0.03190
v 0.04158 0.05605 0.12701 0.02732 0.04231 0.03190
v 0.04158 0.05605 0.12701 0.02732 0.04231 0.03190
v 0.04130 0.05309 0.12758 0.02732 0.04231 0.03190
v 0.03971 0.05550 0.12593 0.02732 0.04231 0.03190
v 0.04130 0.05309 0.12758 0.02732 0.04231 0.03190
v 0.03942 0.05309 0.12622 0.02732 0.04231 0.03190
v 0.03971 0.05550 0.12593 0.02732 0.04231 0.03190
v 0.14487 0.05309 0.12622 0.02732 0.04231 0.03190
v 0.14487 0.00724 0.12622 0.02732 0.04231 0.03190
v 0.14299 0.05309 0.12758 0.02732 0.04231 0.03190
v 0.14487 0.00724 0.12622 0.02732 0.04231 0.03190
v 0.14299 0.00724 0.12758 0.02732 0.04231 0.03190
v 0.14299 0.05309 0.12758 0.02732 0.04231 0.03190
v 0.14299 0.05309 0.12758 0.02732 0.04231 0.03190
v 0.14299 0.00724 0.12758 0.02732 0.04231 0.03190
v 0.13975 0.05309 0.12834 0.02732 0.04231 0.03190
v 0.14299 0.00724 0.12758 0.02732 0.04231 0.03190
v 0.13975 0.00724 0.12834 0.02732 0.04231 0.03190
v 0.13975 0.05309 0.12834 0.02732 0.04231 0.03190
v 0.13975 0.05309 0.12834 0.02732 0.04231 0.03190
v 0.13975 0.00724 0.12834 0.02732 0.04231 0.03190
v 0.04454 0.05309 0.12834 0.02732 0.04231 0.03190
v 0.13975 0.00724 0.12834 0.02732 0.04231 0.03190
v 0.04454 0.00724 0.12834 0.02732 0.04231 0.03190
v 0.04454 0.05309 0.12834 0.02732 0.04231 0.03190
v 0.04454 0.05309 0.12834 0.02732 0.04231 0.03190
v 0.04454 0.00724 0.12834 0.02732 0.04231 0.03190
v 0.04130 0.05309 0.12758 0.02732 0.04231 0.03190
v 0.04454 0.00724 0.12834 0.02732 0.04231 0.03190
v 0.04130 0.00724 0.12758 0.02732 0.04231 0.03190
v 0.04130 0.05309 0.12758 0.02732 0.04231 0.03190
v 0.04130 0.05309 0.12758 0.02732 0.04231 0.03190
v 0.04130 0.00724 0.12758 0.02732 0.04231 0.03190
v 0.03942 0.05309 0.12622 0.02732 0.04231 0.03190
v 0.04130 0.00724 0.12758 0.02732 0.04231 0.03190
v 0.03942 0.00724 0.12622 0.02732 0.04231 0.03190
v 0.03942 0.05309 0.12622 0.02732 0.04231 0.03190
v 0.14487 0.00724 0.12622 0.02732 0.04231 0.03190
v 0.14457 0.00483 0.12593 0.02732 0.04231 0.03190
v 0.14299 0.00724 0.12758 0.02732 0.04231 0.03190
v 0.14457 0.00483 0.12593 0.02732 0.04231 0.03190
v 0.14270 0.00428 0.12701 0.02732 0.04231 0.03190
v 0.14299 0.00724 0.12758 0.02732 0.04231 0.03190
v 0.14299 0.00724 0.12758 0.02732 0.04231 0.03190
v 0.14270 0.00428 0.12701 0.02732 0.04231 0.03190
v 0.13975 0.00724 0.12834 0.02732 0.04231 0.03190
v 0.14270 0.00428 0.12701 0.02732 0.04231 0.03190
v 0.13975 0.00400 0.12758 0.02732 0.04231 0.03190
v 0.13975 0.00724 0.12834 0.02732 0.04231 0.03190
v 0.13975 0.00724 0.12834 0.02732 0.04231 0.03190
v 0.13975 0.00400 0.12758 0.02732 0.04231 0.03190
v 0.04454 0.00724 0.12834 0.02732 0.04231 0.03190
v 0.13975 0.00400 0.12758 0.02732 0.04231 0.03190
v 0.04454 0.00400 0.12758 0.02732 0.04231 0.03190
v 0.04454 0.00724 0.12834 0.02732 0.04231 0.03190
v 0.04454 0.00724 0.12834 0.02732 0.04231 0.03190
v 0.04454 0.00400 0.12758 0.02732 0.04231 0.03190
v 0.04130 0.00724 0.12758 0.02732 0.04231 0.03190
v 0.04454 0.00400 0.12758 0.02732 0.04231 0.03190
v 0.04158 0.00428 0.12701 0.02732 0.04231 0.03190
v 0.04130 0.00724 0.12758 0.02732 0.04231 0.03190
v 0.04130 0.00724 0.12758 0.02732 0.04231 0.03190
v 0.04158 0.00428 0.12701 0.02732 0.04231 0.03190
v 0.03942 0.00724 0.12622 0.02732 0.04231 0.03190
v 0.04158 0.00428 0.12701 0.02732 0.04231 0.03190
v 0.03971 0.00483 0.12593 0.02732 0.04231 0.03190
v 0.03942 0.00724 0.12622 0.02732 0.04231 0.03190
v 0.14457 0.00483 0.12593 0.02732 0.04231 0.03190
v 0.14393 0.00306 0.12528 0.02732 0.04231 0.03190
v 0.14270 0.00428 0.12701 0.02732 0.04231 0.03190
v 0.14393 0.00306 0.12528 0.02732 0.04231 0.03190
v 0.14216 0.00241 0.12593 0.02732 0.04231 0.03190
v 0.14270 0.00428 0.12701 0.02732 0.04231 0.03190
v 0.14270 0.00428 0.12701 0.02732 0.04231 0.03190
v 0.14216 0.00241 0.12593 0.02732 0.04231 0.03190
v 0.13975 0.00400 0.12758 0.02732 0.04231 0.03190
v 0.14216 0.00241 0.12593 0.02732 0.04231 0.03190
v 0.13975 0.00212 0.12622 0.02732 0.04231 0.03190
v 0.13975 0.00400 0.12758 0.02732 0.04231 0.03190
v 0.13975 0.00400 0.12758 0.02732 0.04231 0.03190
v 0.13975 0.00212 0.12622 0.02732 0.04231 0.03190
v 0.04454 0.00400 0.12758 0.02732 0.04231 0.03190
v 0.13975 0.00212 0.12622 0.02732 0.04231 0.03190
v 0.04454 0.00212 0.12622 0.02732 0.04231 0.03190
v 0.04454 0.00400 0.12758 0.02732 0.04231 0.03190
v 0.04454 0.00400 0.12758 0.02732 0.04231 0.03190
v 0.04454 0.00212 0.12622 0.02732 0.04231 0.03190
v 0.04158 0.00428 0.12701 0.02732 0.04231 0.03190
v 0.04454 0.00212 0.12622 0.02732 0.04231 0.03190
v 0.04212 0.00241 0.12593 0.02732 0.04231 0.03190
v 0.04158 0.00428 0.12701 0.02732 0.04231 0.03190
v 0.04158 0.00428 0.12701 0.02732 0.04231 0.03190
v 0.04212 0.00241 0.12593 0.02732 0.04231 0.03190
v 0.03971 0.00483 0.12593 0.02732 0.04231 0.03190
v 0.04212 0.00241 0.12593 0.02732 0.04231 0.03190
v 0.04036 0.00306 0.12528 0.02732 0.04231 0.03190
v 0.03971 0.00483 0.12593 0.02732 0.04231 0.03190
v 0.04036 0.05727 -0.06605 0.02732 0.04231 0.03190
v 0.03971 0.05550 -0.06669 0.02732 0.04231 0.03190
v 0.04212 0.05792 -0.06669 0.02732 0.04231 0.03190
v 0.03971 0.05550 -0.06669 0.02732 0.04231 0.03190
v 0.04158 0.05605 -0.06778 0.02732 0.04231 0.03190
v 0.04212 0.05792 -0.06669 0.02732 0.04231 0.03190
v 0.04212 0.05792 -0.06669 0.02732 0.04231 0.03190
v 0.04158 0.05605 -0.06778 0.02732 0.04231 0.03190
v 0.04454 0.05821 -0.06699 0.02732 0.04231 0.03190
v 0.04158 0.05605 -0.06778 0.02732 0.04231 0.03190
v 0.04454 0.05633 -0.06834 0.02732 0.04231 0.03190
v 0.04454 0.05821 -0.06699 0.02732 0.04231 0.03190
v 0.04454 0.05821 -0.06699 0.02732 0.04231 0.03190
v 0.04454 0.05633 -0.06834 0.02732 0.04231 0.03190
v 0.13975 0.05821 -0.06699 0.02732 0.04231 0.03190
v 0.04454 0.05633 -0.06834 0.02732 0.04231 0.03190
v 0.13975 0.05633 -0.06834 0.02732 0.04231 0.03190
v 0.13975 0.05821 -0.06699 0.02732 0.04231 0.03190
v 0.13975 0.05821 -0.06699 0.02732 0.04231 0.03190
v 0.13975 0.05633 -0.06834 0.02732 0.04231 0.03190
v 0.14216 0.05792 -0.06669 0.02732 0.04231 0.03190
v 0.13975 0.05633 -0.06834 0.02732 0.04231 0.03190
v 0.14270 0.05605 -0.06778 0.02732 0.04231 0.03190
v 0.14216 0.05792 -0.06669 0.02732 0.04231 0.03190
v 0.14216 0.05792 -0.06669 0.02732 0.04231 0.03190
v 0.14270 0.05605 -0.06778 0.02732 0.04231 0.03190
v 0.14393 0.05727 -0.06605 0.02732 0.04231 0.03190
v 0.14270 0.05605 -0.06778 0.02732 0.04231 0.03190
v 0.14457 0.05550 -0.06669 0.02732 0.04231 0.03190
v 0.14393 0.05727 -0.06605 0.02732 0.04231 0.03190
v 0.03971 0.05550 -0.06669 0.02732 0.04231 0.03190
v 0.03942 0.05309 -0.06699 0.02732 0.04231 0.03190
v 0.04158 0.05605 -0.06778 0.02732 0.04231 0.03190
v 0.03942 0.05309 -0.06699 0.02732 0.04231 0.03190
v 0.04130 0.05309 -0.06834 0.02732 0.04231 0.03190
v 0.04158 0.05605 -0.06778 0.02732 0.04231 0.03190
v 0.04158 0.05605 -0.06778 0.02732 0.04231 0.03190
v 0.04130 0.05309 -0.06834 0.02732 0.04231 0.03190
v 0.04454 0.05633 -0.06834 0.02732 0.04231 0.03190
v 0.04130 0.05309 -0.06834 0.02732 0.04231 0.03190
v 0.04454 0.05309 -0.06911 0.02732 0.04231 0.03190
v 0.04454 0.05633 -0.06834 0.02732 0.04231 0.03190
v 0.04454 0.05633 -0.06834 0.02732 0.04231 0.03190
v 0.04454 0.05309 -0.06911 0.02732 0.04231 0.03190
v 0.13975 0.05633 -0.06834 0.02732 0.04231 0.03190
v 0.04454 0.05309 -0.06911 0.02732 0.04231 0.03190
v 0.13975 0.05309 -0.06911 0.02732 0.04231 0.03190
v 0.13975 0.05633 -0.06834 0.02732 0.04231 0.03190
v 0.13975 0.05633 -0.06834 0.02732 0.04231 0.03190
v 0.13975 0.05309 -0.06911 0.02732 0.04231 0.03190
v 0.14270 0.05605 -0.06778 0.02732 0.04231 0.03190
v 0.13975 0.05309 -0.06911 0.02732 0.04231 0.03190
v 0.14299 0.05309 -0.06834 0.02732 0.04231 0.03190
v 0.14270 0.05605 -0.06778 0.02732 0.04231 0.03190
v 0.14270 0.05605 -0.06778 0.02732 0.04231 0.03190
v 0.14299 0.05309 -0.06834 0.02732 0.04231 0.03190
v 0.14457 0.05550 -0.06669 0.02732 0.04231 0.03190
v 0.14299 0.05309 -0.06834 0.02732 0.04231 0.03190
v 0.14487 0.05309 -0.06699 0.02732 0.04231 0.03190
v 0.14457 0.05550 -0.06669 0.02732 0.04231 0.03190
v 0.03942 0.05309 -0.06699 0.02732 0.04231 0.03190
v 0.03942 0.00724 -0.06699 0.02732 0.04231 0.03190
v 0.04130 0.05309 -0.06834 0.02732 0.04231 0.03190
v 0.03942 0.00724 -0.06699 0.02732 0.04231 0.03190
v 0.04130 0.00724 -0.06834 0.02732 0.04231 0.03190
v 0.04130 0.05309 -0.06834 0.02732 0.04231 0.03190
v 0.04130 0.05309 -0.06834 0.02732 0.04231 0.03190
v 0.04130 0.00724 -0.06834 0.02732 0.04231 0.03190
v 0.04454 0.05309 -0.06911 0.02732 0.04231 0.03190
v 0.04130 0.00724 -0.06834 0.02732 0.04231 0.03190
v 0.04454 0.00724 -0.06911 0.02732 0.04231 0.03190
v 0.04454 0.05309 -0.06911 0.02732 0.04231 0.03190
v 0.04454 0.05309 -0.06911 0.02732 0.04231 0.03190
v 0.04454 0.00724 -0.06911 0.02732 0.04231 0.03190
v 0.13975 0.05309 -0.06911 0.02732 0.04231 0.03190
v 0.04454 0.00724 -0.06911 0.02732 0.04231 0.03190
v 0.13975 0.00724 -0.06911 0.02732 0.04231 0.03190
v 0.13975 0.05309 -0.06911 0.02732 0.04231 0.03190
v 0.13975 0.05309 -0.06911 0.02732 0.04231 0.03190
v 0.13975 0.00724 -0.06911 0.02732 0.04231 0.03190
v 0.14299 0.05309 -0.06834 0.02732 0.04231 0.03190
v 0.13975 0.00724 -0.06911 0.02732 0.04231 0.03190
v 0.14299 0.00724 -0.06834 0.02732 0.04231 0.03190
v 0.14299 0.05309 -0.06834 0.02732 0.04231 0.03190
v 0.14299 0.05309 -0.06834 0.02732 0.04231 0.03190
v 0.14299 0.00724 -0.06834 0.02732 0.04231 0.03190
v 0.14487 0.05309 -0.06699 0.02732 0.04231 0.03190
v 0.14299 0.00724 -0.06834 0.02732 0.04231 0.03190
v 0.14487 0.00724 -0.06699 0.02732 0.04231 0.03190
v 0.14487 0.05309 -0.06699 0.02732 0.04231 0.03190
v 0.03942 0.00724 -0.06699 0.02732 0.04231 0.03190
v 0.03971 0.00483 -0.06669 0.02732 0.04231 0.03190
v 0.04130 0.00724 -0.06834 0.02732 0.04231 0.03190
v 0.03971 0.00483 -0.06669 0.02732 0.04231 0.03190
v 0.04158 0.00428 -0.06778 0.02732 0.04231 0.03190
v 0.04130 0.00724 -0.06834 0.02732 0.04231 0.03190
v 0.04130 0.00724 -0.06834 0.02732 0.04231 0.03190
v 0.04158 0.00428 -0.06778 0.02732 0.04231 0.03190
v 0.04454 0.00724 -0.06911 0.02732 0.04231 0.03190
v 0.04158 0.00428 -0.06778 0.02732 0.04231 0.03190
v 0.04454 0.00400 -0.06834 0.02732 0.04231 0.03190
v 0.04454 0.00724 -0.06911 0.02732 0.04231 0.03190
v 0.04454 0.00724 -0.06911 0.02732 0.04231 0.03190
v 0.04454 0.00400 -0.06834 0.02732 0.04231 0.03190
v 0.13975 0.00724 -0.06911 0.02732 0.04231 0.03190
v 0.04454 0.00400 -0.06834 0.02732 0.04231 0.03190
v 0.13975 0.00400 -0.06834 0.02732 0.04231 0.03190
v 0.13975 0.00724 -0.06911 0.02732 0.04231 0.03190
v 0.13975 0.00724 -0.06911 0.02732 0.04231 0.03190
v 0.13975 0.00400 -0.06834 0.02732 0.04231 0.03190
v 0.14299 0.00724 -0.06834 0.02732 0.04231 0.03190
v 0.13975 0.00400 -0.06834 0.02732 0.04231 0.03190
v 0.14270 0.00428 -0.06778 0.02732 0.04231 0.03190
v 0.14299 0.00724 -0.06834 0.02732 0.04231 0.03190
v 0.14299 0.00724 -0.06834 0.02732 0.04231 0.03190
v 0.14270 0.00428 -0.06778 0.02732 0.04231 0.03190
v 0.14487 0.00724 -0.06699 0.02732 0.04231 0.03190
v 0.14270 0.00428 -0.06778 0.02732 0.04231 0.03190
v 0.14457 0.00483 -0.06669 0.02732 0.04231 0.03190
v 0.14487 0.00724 -0.06699 0.02732 0.04231 0.03190
v 0.03971 0.00483 -0.06669 0.02732 0.04231 0.03190
v 0.04036 0.00306 -0.06605 0.02732 0.04231 0.03190
v 0.04158 0.00428 -0.06778 0.02732 0.04231 0.03190
v 0.04036 0.00306 -0.06605 0.02732 0.04231 0.03190
v 0.04212 0.00241 -0.06669 0.02732 0.04231 0.03190
v 0.04158 0.00428 -0.06778 0.02732 0.04231 0.03190
v 0.04158 0.00428 -0.06778 0.02732 0.04231 0.03190
v 0.04212 0.00241 -0.06669 0.02732 0.04231 0.03190
v 0.04454 0.00400 -0.06834 0.02732 0.04231 0.03190
v 0.04212 0.00241 -0.06669 0.02732 0.04231 0.03190
v 0.04454 0.00212 -0.06699 0.02732 0.04231 0.03190
v 0.04454 0.00400 -0.06834 0.02732 0.04231 0.03190
v 0.04454 0.00400 -0.06834 0.02732 0.04231 0.03190
v 0.04454 0.00212 -0.06699 0.02732 0.04231 0.03190
v 0.13975 0.00400 -0.06834 0.02732 0.04231 0.03190
v 0.04454 0.00212 -0.06699 0.02732 0.04231 0.03190
v 0.13975 0.00212 -0.06699 0.02732 0.04231 0.03190
v 0.13975 0.00400 -0.06834 0.02732 0.04231 0.03190
v 0.13975 0.00400 -0.06834 0.02732 0.04231 0.03190
v 0.13975 0.00212 -0.06699 0.02732 0.04231 0.03190
v 0.14270 0.00428 -0.06778 0.02732 0.04231 0.03190
v 0.13975 0.00212 -0.06699 0.02732 0.04231 0.03190
v 0.14216 0.00241 -0.06669 0.02732 0.04231 0.03190
v 0.14270 0.00428 -0.06778 0.02732 0.04231 0.03190
v 0.14270 0.00428 -0.06778 0.02732 0.04231 0.03190
v 0.14216 0.00241 -0.06669 0.02732 0.04231 0.03190
v 0.14457 0.00483 -0.06669 0.02732 0.04231 0.03190
v 0.14216 0.00241 -0.06669 0.02732 0.04231 0.03190
v 0.14393 0.00306 -0.06605 0.02732 0.04231 0.03190
v 0.14457 0.00483 -0.06669 0.02732 0.04231 0.03190
v -0.09214 0.44124 0.00000 0.02732 0.04231 0.03190
v -0.09214 0.44124 0.00000 0.02732 0.04231 0.03190
v -0.09214 0.44124 0.00000 0.02732 0.04231 0.03190
v -0.09214 0.44124 0.00000 0.02732 0.04231 0.03190
v -0.09214 0.44124 0.00000 0.02732 0.04231 0.03190
v -0.09214 0.44124 0.00000 0.02732 0.04231 0.03190
v -0.09214 0.44124 0.00000 0.02732 0.04231 0.03190
v -0.09214 0.44124 0.00000 0.02732 0.04231 0.03190
v -0.05491 0.42914 0.00000 0.02732 0.04231 0.03190
v -0.06893 0.42914 0.02911 0.02732 0.04231 0.03190
v -0.10043 0.42914 0.03630 0.02732 0.04231 0.03190
v -0.12569 0.42914 0.01616 0.02732 0.04231 0.03190
v -0.12569 0.42914 -0.01616 0.02732 0.04231 0.03190
v -0.10043 0.42914 -0.03630 0.02732 0.04231 0.03190
v -0.06893 0.42914 -0.02911 0.02732 0.04231 0.03190
v -0.05491 0.42914 -0.00000 0.02732 0.04231 0.03190
v -0.03189 0.39747 0.00000 0.02732 0.04231 0.03190
v -0.05458 0.39747 0.04710 0.02732 0.04231 0.03190
v -0.10555 0.39747 0.05874 0.02732 0.04231 0.03190
v -0.14642 0.39747 0.02614 0.02732 0.04231 0.03190
v -0.14642 0.39747 -0.02614 0.02732 0.04231 0.03190
v -0.10555 0.39747 -0.05874 0.02732 0.04231 0.03190
v -0.05458 0.39747 -0.04710 0.02732 0.04231 0.03190
v -0.03189 0.39747 -0.00000 0.02732 0.04231 0.03190
v -0.03189 0.35831 0.00000 0.02732 0.04231 0.03190
v -0.05458 0.35831 0.04710 0.02732 0.04231 0.03190
v -0.10555 0.35831 0.05874 0.02732 0.04231 0.03190
v -0.14642 0.35831 0.02614 0.02732 0.04231 0.03190
v -0.14642 0.35831 -0.02614 0.02732 0.04231 0.03190
v -0.10555 0.35831 -0.05874 0.02732 0.04231 0.03190
v -0.05458 0.35831 -0.04710 0.02732 0.04231 0.03190
v -0.03189 0.35831 -0.00000 0.02732 0.04231 0.03190
v -0.05491 0.32664 0.00000 0.02732 0.04231 0.03190
v -0.06893 0.32664 0.02911 0.02732 0.04231 0.03190
v -0.10043 0.32664 0.03630 0.02732 0.04231 0.03190
v -0.12569 0.32664 0.01616 0.02732 0.04231 0.03190
v -0.12569 0.32664 -0.01616 0.02732 0.04231 0.03190
v -0.10043 0.32664 -0.03630 0.02732 0.04231 0.03190
v -0.06893 0.32664 -0.02911 0.02732 0.04231 0.03190
v -0.05491 0.32664 -0.00000 0.02732 0.04231 0.03190
v -0.09214 0.31454 0.00000 0.02732 0.04231 0.03190
v -0.09214 0.31454 0.00000 0.02732 0.04231 0.03190
v -0.09214 0.31454 0.00000 0.02732 0.04231 0.03190
v -0.09214 0.31454 0.00000 0.02732 0.04231 0.03190
v -0.09214 0.31454 0.00000 0.02732 0.04231 0.03190
v -0.09214 0.31454 0.00000 0.02732 0.04231 0.03190
v -0.09214 0.31454 0.00000 0.02732 0.04231 0.03190
v -0.09214 0.31454 0.00000 0.02732 0.04231 0.03190
v -0.14393 0.05727 0.12528 0.02732 0.04231 0.03190
v -0.14457 0.05550 0.12593 0.02732 0.04231 0.03190
v -0.14457 0.05792 0.12351 0.02732 0.04231 0.03190
v -0.14457 0.05550 0.12593 0.02732 0.04231 0.03190
v -0.14566 0.05605 0.12406 0.02732 0.04231 0.03190
v -0.14457 0.05792 0.12351 0.02732 0.04231 0.03190
v -0.14457 0.05792 0.12351 0.02732 0.04231 0.03190
v -0.14566 0.05605 0.12406 0.02732 0.04231 0.03190
v -0.14487 0.05821 0.12110 0.02732 0.04231 0.03190
v -0.14566 0.05605 0.12406 0.02732 0.04231 0.03190
v -0.14622 0.05633 0.12110 0.02732 0.04231 0.03190
v -0.14487 0.05821 0.12110 0.02732 0.04231 0.03190
v -0.14487 0.05821 0.12110 0.02732 0.04231 0.03190
v -0.14622 0.05633 0.12110 0.02732 0.04231 0.03190
v -0.14487 0.05821 -0.06187 0.02732 0.04231 0.03190
v -0.14622 0.05633 0.12110 0.02732 0.04231 0.03190
v -0.14622 0.05633 -0.06187 0.02732 0.04231 0.03190
v -0.14487 0.05821 -0.06187 0.02732 0.04231 0.03190
v -0.14487 0.05821 -0.06187 0.02732 0.04231 0.03190
v -0.14622 0.05633 -0.06187 0.02732 0.04231 0.03190
v -0.14457 0.05792 -0.06428 0.02732 0.04231 0.03190
v -0.14622 0.05633 -0.06187 0.02732 0.04231 0.03190
v -0.14566 0.05605 -0.06482 0.02732 0.04231 0.03190
v -0.14457 0.05792 -0.06428 0.02732 0.04231 0.03190
v -0.14457 0.05792 -0.06428 0.02732 0.04231 0.03190
v -0.14566 0.05605 -0.06482 0.02732 0.04231 0.03190
v -0.14393 0.05727 -0.06605 0.02732 0.04231 0.03190
v -0.14566 0.05605 -0.06482 0.02732 0.04231 0.03190
v -0.14457 0.05550 -0.06669 0.02732 0.04231 0.03190
v -0.14393 0.05727 -0.06605 0.02732 0.04231 0.03190
v -0.14457 0.05550 0.12593 0.02732 0.04231 0.03190
v -0.14487 0.05309 0.12622 0.02732 0.04231 0.03190
v -0.14566 0.05605 0.12406 0.02732 0.04231 0.03190
v -0.14487 0.05309 0.12622 0.02732 0.04231 0.03190
v -0.14622 0.05309 0.12434 0.02732 0.04231 0.03190
v -0.14566 0.05605 0.12406 0.02732 0.04231 0.03190
v -0.14566 0.05605 0.12406 0.02732 0.04231 0.03190
v -0.14622 0.05309 0.12434 0.02732 0.04231 0.03190
v -0.14622 0.05633 0.12110 0.02732 0.04231 0.03190
v -0.14622 0.05309 0.12434 0.02732 0.04231 0.03190
v -0.14699 0.05309 0.12110 0.02732 0.04231 0.03190
v -0.14622 0.05633 0.12110 0.02732 0.04231 0.03190
v -0.14622 0.05633 0.12110 0.02732 0.04231 0.03190
v -0.14699 0.05309 0.12110 0.02732 0.04231 0.03190
v -0.14622 0.05633 -0.06187 0.02732 0.04231 0.03190
v -0.14699 0.05309 0.12110 0.02732 0.04231 0.03190
v -0.14699 0.05309 -0.06187 0.02732 0.04231 0.03190
v -0.14622 0.05633 -0.06187 0.02732 0.04231 0.03190
v -0.14622 0.05633 -0.06187 0.02732 0.04231 0.03190
v -0.14699 0.05309 -0.06187 0.02732 0.04231 0.03190
v -0.14566 0.05605 -0.06482 0.02732 0.04231 0.03190
v -0.14699 0.05309 -0.06187 0.02732 0.04231 0.03190
v -0.14622 0.05309 -0.06510 0.02732 0.04231 0.03190
v -0.14566 0.05605 -0.06482 0.02732 0.04231 0.03190
v -0.14566 0.05605 -0.06482 0.02732 0.04231 0.03190
v -0.14622 0.05309 -0.06510 0.02732 0.04231 0.03190
v -0.14457 0.05550 -0.06669 0.02732 0.04231 0.03190
v -0.14622 0.05309 -0.06510 0.02732 0.04231 0.03190
v -0.14487 0.05309 -0.06699 0.02732 0.04231 0.03190
v -0.14457 0.05550 -0.06669 0.02732 0.04231 0.03190
v -0.14487 0.05309 0.12622 0.02732 0.04231 0.03190
v -0.14487 0.00724 0.12622 0.02732 0.04231 0.03190
v -0.14622 0.05309 0.12434 0.02732 0.04231 0.03190
v -0.14487 0.00724 0.12622 0.02732 0.04231 0.03190
v -0.14622 0.00724 0.12434 0.02732 0.04231 0.03190
v -0.14622 0.05309 0.12434 0.02732 0.04231 0.03190
v -0.14622 0.05309 0.12434 0.02732 0.04231 0.03190
v -0.14622 0.00724 0.12434 0.02732 0.04231 0.03190
v -0.14699 0.05309 0.12110 0.02732 0.04231 0.03190
v -0.14622 0.00724 0.12434 0.02732 0.04231 0.03190
v -0.14699 0.00724 0.12110 0.02732 0.04231 0.03190
v -0.14699 0.05309 0.12110 0.02732 0.04231 0.03190
v -0.14699 0.05309 0.12110 0.02732 0.04231 0.03190
v -0.14699 0.00724 0.12110 0.02732 0.04231 0.03190
v -0.14699 0.05309 -0.06187 0.02732 0.04231 0.03190
v -0.14699 0.00724 0.12110 0.02732 0.04231 0.03190
v -0.14699 0.00724 -0.06187 0.02732 0.04231 0.03190
v -0.14699 0.05309 -0.06187 0.02732 0.04231 0.03190
v -0.14699 0.05309 -0.06187 0.02732 0.04231 0.03190
v -0.14699 0.00724 -0.06187 0.02732 0.04231 0.03190
v -0.14622 0.05309 -0.06510 0.02732 0.04231 0.03190
v -0.14699 0.00724 -0.06187 0.02732 0.04231 0.03190
v -0.14622 0.00724 -0.06510 0.02732 0.04231 0.03190
v -0.14622 0.05309 -0.06510 0.02732 0.04231 0.03190
v -0.14622 0.05309 -0.06510 0.02732 0.04231 0.03190
v -0.14622 0.00724 -0.06510 0.02732 0.04231 0.03190
v -0.14487 0.05309 -0.06699 0.02732 0.04231 0.03190
v -0.14622 0.00724 -0.06510 0.02732 0.04231 0.03190
v -0.14487 0.00724 -0.06699 0.02732 0.04231 0.03190
v -0.14487 0.05309 -0.06699 0.02732 0.04231 0.03190
v -0.14487 0.00724 0.12622 0.02732 0.04231 0.03190
v -0.14457 0.00483 0.12593 0.02732 0.04231 0.03190
v -0.14622 0.00724 0.12434 0.02732 0.04231 0.03190
v -0.14457 0.00483 0.12593 0.02732 0.04231 0.03190
v -0.14566 0.00428 0.12406 0.02732 0.04231 0.03190
v -0.14622 0.00724 0.12434 0.02732 0.04231 0.03190
v -0.14622 0.00724 0.12434 0.02732 0.04231 0.03190
v -0.14566 0.00428 0.12406 0.02732 0.04231 0.03190
v -0.14699 0.00724 0.12110 0.02732 0.04231 0.03190
v -0.14566 0.00428 0.12406 0.02732 0.04231 0.03190
v -0.14622 0.00400 0.12110 0.02732 0.04231 0.03190
v -0.14699 0.00724 0.12110 0.02732 0.04231 0.03190
v -0.14699 0.00724 0.12110 0.02732 0.04231 0.03190
v -0.14622 0.00400 0.12110 0.02732 0.04231 0.03190
v -0.14699 0.00724 -0.06187 0.02732 0.04231 0.03190
v -0.14622 0.00400 0.12110 0.02732 0.04231 0.03190
v -0.14622 0.00400 -0.06187 0.02732 0.04231 0.03190
v -0.14699 0.00724 -0.06187 0.02732 0.04231 0.03190
v -0.14699 0.00724 -0.06187 0.02732 0.04231 0.03190
v -0.14622 0.00400 -0.06187 0.02732 0.04231 0.03190
v -0.14622 0.00724 -0.06510 0.02732 0.04231 0.03190
v -0.14622 0.00400 -0.06187 0.02732 0.04231 0.03190
v -0.14566 0.00428 -0.06482 0.02732 0.04231 0.03190
v -0.14622 0.00724 -0.06510 0.02732 0.04231 0.03190
v -0.14622 0.00724 -0.06510 0.02732 0.04231 0.03190
v -0.14566 0.00428 -0.06482 0.02732 0.04231 0.03190
v -0.14487 0.00724 -0.06699 0.02732 0.04231 0.03190
v -0.14566 0.00428 -0.06482 0.02732 0.04231 0.03190
v -0.14457 0.00483 -0.06669 0.02732 0.04231 0.03190
v -0.14487 0.00724 -0.06699 0.02732 0.04231 0.03190
v -0.14457 0.00483 0.12593 0.02732 0.04231 0.03190
v -0.14393 0.00306 0.12528 0.02732 0.04231 0.03190
v -0.14566 0.00428 0.12406 0.02732 0.04231 0.03190
v -0.14393 0.00306 0.12528 0.02732 0.04231 0.03190
v -0.14457 0.00241 0.12351 0.02732 0.04231 0.03190
v -0.14566 0.00428 0.12406 0.02732 0.04231 0.03190
v -0.14566 0.00428 0.12406 0.02732 0.04231 0.03190
v -0.14457 0.00241 0.12351 0.02732 0.04231 0.03190
v -0.14622 0.00400 0.12110 0.02732 0.04231 0.03190
v -0.14457 0.00241 0.12351 0.02732 0.04231 0.03190
v -0.14487 0.00212 0.12110 0.02732 0.04231 0.03190
v -0.14622 0.00400 0.12110 0.02732 0.04231 0.03190
v -0.14622 0.00400 0.12110 0.02732 0.04231 0.03190
v -0.14487 0.00212 0.12110 0.02732 0.04231 0.03190
v -0.14622 0.00400 -0.06187 0.02732 0.04231 0.03190
v -0.14487 0.00212 0.12110 0.02732 0.04231 0.03190
v -0.14487 0.00212 -0.06187 0.02732 0.04231 0.03190
v -0.14622 0.00400 -0.06187 0.02732 0.04231 0.03190
v -0.14622 0.00400 -0.06187 0.02732 0.04231 0.03190
v -0.14487 0.00212 -0.06187 0.02732 0.04231 0.03190
v -0.14566 0.00428 -0.06482 0.02732 0.04231 0.03190
v -0.14487 0.00212 -0.06187 0.02732 0.04231 0.03190
v -0.14457 0.00241 -0.06428 0.02732 0.04231 0.03190
v -0.14566 0.00428 -0.06482 0.02732 0.04231 0.03190
v -0.14566 0.00428 -0.06482 0.02732 0.04231 0.03190
v -0.14457 0.00241 -0.06428 0.02732 0.04231 0.03190
v -0.14457 0.00483 -0.06669 0.02732 0.04231 0.03190
v -0.14457 0.00241 -0.06428 0.02732 0.04231 0.03190
v -0.14393 0.00306 -0.06605 0.02732 0.04231 0.03190
v -0.14457 0.00483 -0.06669 0.02732 0.04231 0.03190
v -0.04036 0.05727 -0.06605 0.02732 0.04231 0.03190
v -0.03971 0.05550 -0.06669 0.02732 0.04231 0.03190
v -0.03971 0.05792 -0.06428 0.02732 0.04231 0.03190
v -0.03971 0.05550 -0.06669 0.02732 0.04231 0.03190
v -0.03862 0.05605 -0.06482 0.02732 0.04231 0.03190
v -0.03971 0.05792 -0.06428 0.02732 0.04231 0.03190
v -0.03971 0.05792 -0.06428 0.02732 0.04231 0.03190
v -0.03862 0.05605 -0.06482 0.02732 0.04231 0.03190
v -0.03942 0.05821 -0.06187 0.02732 0.04231 0.03190
v -0.03862 0.05605 -0.06482 0.02732 0.04231 0.03190
v -0.03806 0.05633 -0.06187 0.02732 0.04231 0.03190
v -0.03942 0.05821 -0.06187 0.02732 0.04231 0.03190
v -0.03942 0.05821 -0.06187 0.02732 0.04231 0.03190
v -0.03806 0.05633 -0.06187 0.02732 0.04231 0.03190
v -0.03942 0.05821 0.12110 0.02732 0.04231 0.03190
v -0.03806 0.05633 -0.06187 0.02732 0.04231 0.03190
v -0.03806 0.05633 0.12110 0.02732 0.04231 0.03190
v -0.03942 0.05821 0.12110 0.02732 0.04231 0.03190
v -0.03942 0.05821 0.12110 0.02732 0.04231 0.03190
v -0.03806 0.05633 0.12110 0.02732 0.04231 0.03190
v -0.03971 0.05792 0.12351 0.02732 0.04231 0.03190
v -0.03806 0.05633 0.12110 0.02732 0.04231 0.03190
v -0.03862 0.05605 0.12406 0.02732 0.04231 0.03190
v -0.03971 0.05792 0.12351 0.02732 0.04231 0.03190
v -0.03971 0.05792 0.12351 0.02732 0.04231 0.03190
v -0.03862 0.05605 0.12406 0.02732 0.04231 0.03190
v -0.04036 0.05727 0.12528 0.02732 0.04231 0.03190
v -0.03862 0.05605 0.12406 0.02732 0.04231 0.03190
v -0.03971 0.05550 0.12593 0.02732 0.04231 0.03190
v -0.04036 0.05727 0.12528 0.02732 0.04231 0.03190
v -0.03971 0.05550 -0.06669 0.02732 0.04231 0.03190
v -0.03942 0.05309 -0.06699 0.02732 0.04231 0.03190
v -0.03862 0.05605 -0.06482 0.02732 0.04231 0.03190
v -0.03942 0.05309 -0.06699 0.02732 0.04231 0.03190
v -0.03806 0.05309 -0.06510 0.02732 0.04231 0.03190
v -0.03862 0.05605 -0.06482 0.02732 0.04231 0.03190
v -0.03862 0.05605 -0.06482 0.02732 0.04231 0.03190
v -0.03806 0.05309 -0.06510 0.02732 0.04231 0.03190
v -0.03806 0.05633 -0.06187 0.02732 0.04231 0.03190
v -0.03806 0.05309 -0.06510 0.02732 0.04231 0.03190
v -0.03730 0.05309 -0.06187 0.02732 0.04231 0.03190
v -0.03806 0.05633 -0.06187 0.02732 0.04231 0.03190
v -0.03806 0.05633 -0.06187 0.02732 0.04231 0.03190
v -0.03730 0.05309 -0.06187 0.02732 0.04231 0.03190
v -0.03806 0.05633 0.12110 0.02732 0.04231 0.03190
v -0.03730 0.05309 -0.06187 0.02732 0.04231 0.03190
v -0.03730 0.05309 0.12110 0.02732 0.04231 0.03190
v -0.03806 0.05633 0.12110 0.02732 0.04231 0.03190
v -0.03806 0.05633 0.12110 0.02732 0.04231 0.03190
v -0.03730 0.05309 0.12110 0.02732 0.04231 0.03190
v -0.03862 0.05605 0.12406 0.02732 0.04231 0.03190
v -0.03730 0.05309 0.12110 0.02732 0.04231 0.03190
v -0.03806 0.05309 0.12434 0.02732 0.04231 0.03190
v -0.03862 0.05605 0.12406 0.02732 0.04231 0.03190
v -0.03862 0.05605 0.12406 0.02732 0.04231 0.03190
v -0.03806 0.05309 0.12434 0.02732 0.04231 0.03190
v -0.03971 0.05550 0.12593 0.02732 0.04231 0.03190
v -0.03806 0.05309 0.12434 0.02732 0.04231 0.03190
v -0.03942 0.05309 0.12622 0.02732 0.04231 0.03190
v -0.03971 0.05550 0.12593 0.02732 0.04231 0.03190
v -0.03942 0.05309 -0.06699 0.02732 0.04231 0.03190
v -0.03942 0.00724 -0.06699 0.02732 0.04231 0.03190
v -0.03806 0.05309 -0.06510 0.02732 0.04231 0.03190
v -0.03942 0.00724 -0.06699 0.02732 0.04231 0.03190
v -0.03806 0.00724 -0.06510 0.02732 0.04231 0.03190
v -0.03806 0.05309 -0.06510 0.02732 0.04231 0.03190
v -0.03806 0.05309 -0.06510 0.02732 0.04231 0.03190
v -0.03806 0.00724 -0.06510 0.02732 0.04231 0.03190
v -0.03730 0.05309 -0.06187 0.02732 0.04231 0.03190
v -0.03806 0.00724 -0.06510 0.02732 0.04231 0.03190
v -0.03730 0.00724 -0.06187 0.02732 0.04231 0.03190
v -0.03730 0.05309 -0.06187 0.02732 0.04231 0.03190
v -0.03730 0.05309 -0.06187 0.02732 0.04231 0.03190
v -0.03730 0.00724 -0.06187 0.02732 0.04231 0.03190
v -0.03730 0.05309 0.12110 0.02732 0.04231 0.03190
v -0.03730 0.00724 -0.06187 0.02732 0.04231 0.03190
v -0.03730 0.00724 0.12110 0.02732 0.04231 0.03190
v -0.03730 0.05309 0.12110 0.02732 0.04231 0.03190
v -0.03730 0.05309 0.12110 0.02732 0.04231 0.03190
v -0.03730 0.00724 0.12110 0.02732 0.04231 0.03190
v -0.03806 0.05309 0.12434 0.02732 0.04231 0.03190
v -0.03730 0.00724 0.12110 0.02732 0.04231 0.03190
v -0.03806 0.00724 0.12434 0.02732 0.04231 0.03190
v -0.03806 0.05309 0.12434 0.02732 0.04231 0.03190
v -0.03806 0.05309 0.12434 0.02732 0.04231 0.03190
v -0.03806 0.00724 0.12434 0.02732 0.04231 0.03190
v -0.03942 0.05309 0.12622 0.02732 0.04231 0.03190
v -0.03806 0.00724 0.12434 0.02732 0.04231 0.03190
v -0.03942 0.00724 0.12622 0.02732 0.04231 0.03190
v -0.03942 0.05309 0.12622 0.02732 0.04231 0.03190
v -0.03942 0.00724 -0.06699 0.02732 0.04231 0.03190
v -0.03971 0.00483 -0.06669 0.02732 0.04231 0.03190
v -0.03806 0.00724 -0.06510 0.02732 0.04231 0.03190
v -0.03971 0.00483 -0.06669 0.02732 0.04231 0.03190
v -0.03862 0.00428 -0.06482 0.02732 0.04231 0.03190
v -0.03806 0.00724 -0.06510 0.02732 0.04231 0.03190
v -0.03806 0.00724 -0.06510 0.02732 0.04231 0.03190
v -0.03862 0.00428 -0.06482 0.02732 0.04231 0.03190
v -0.03730 0.00724 -0.06187 0.02732 0.04231 0.03190
v -0.03862 0.00428 -0.06482 0.02732 0.04231 0.03190
v -0.03806 0.00400 -0.06187 0.02732 0.04231 0.03190
v -0.03730 0.00724 -0.06187 0.02732 0.04231 0.03190
v -0.03730 0.00724 -0.06187 0.02732 0.04231 0.03190
v -0.03806 0.00400 -0.06187 0.02732 0.04231 0.03190
v -0.03730 0.00724 0.12110 0.02732 0.04231 0.03190
v -0.03806 0.00400 -0.06187 0.02732 0.04231 0.03190
v -0.03806 0.00400 0.12110 0.02732 0.04231 0.03190
v -0.03730 0.00724 0.12110 0.02732 0.04231 0.03190
v -0.03730 0.00724 0.12110 0.02732 0.04231 0.03190
v -0.03806 0.00400 0.12110 0.02732 0.04231 0.03190
v -0.03806 0.00724 0.12434 0.02732 0.04231 0.03190
v -0.03806 0.00400 0.12110 0.02732 0.04231 0.03190
v -0.03862 0.00428 0.12406 0.02732 0.04231 0.03190
v -0.03806 0.00724 0.12434 0.02732 0.04231 0.03190
v -0.03806 0.00724 0.12434 0.02732 0.04231 0.03190
v -0.03862 0.00428 0.12406 0.02732 0.04231 0.03190
v -0.03942 0.00724 0.12622 0.02732 0.04231 0.03190
v -0.03862 0.00428 0.12406 0.02732 0.04231 0.03190
v -0.03971 0.00483 0.12593 0.02732 0.04231 0.03190
v -0.03942 0.00724 0.12622 0.02732 0.04231 0.03190
v -0.03971 0.00483 -0.06669 0.02732 0.04231 0.03190
v -0.04036 0.00306 -0.06605 0.02732 0.04231 0.03190
v -0.03862 0.00428 -0.06482 0.02732 0.04231 0.03190
v -0.04036 0.00306 -0.06605 0.02732 0.04231 0.03190
v -0.03971 0.00241 -0.06428 0.02732 0.04231 0.03190
v -0.03862 0.00428 -0.06482 0.02732 0.04231 0.03190
v -0.03862 0.00428 -0.06482 0.02732 0.04231 0.03190
v -0.03971 0.00241 -0.06428 0.02732 0.04231 0.03190
v -0.03806 0.00400 -0.06187 0.02732 0.04231 0.03190
v -0.03971 0.00241 -0.06428 0.02732 0.04231 0.03190
v -0.03942 0.00212 -0.06187 0.02732 0.04231 0.03190
v -0.03806 0.00400 -0.06187 0.02732 0.04231 0.03190
v -0.03806 0.00400 -0.06187 0.02732 0.04231 0.03190
v -0.03942 0.00212 -0.06187 0.02732 0.04231 0.03190
v -0.03806 0.00400 0.12110 0.02732 0.04231 0.03190
v -0.03942 0.00212 -0.06187 0.02732 0.04231 0.03190
v -0.03942 0.00212 0.12110 0.02732 0.04231 0.03190
v -0.03806 0.00400 0.12110 0.02732 0.04231 0.03190
v -0.03806 0.00400 0.12110 0.02732 0.04231 0.03190
v -0.03942 0.00212 0.12110 0.02732 0.04231 0.03190
v -0.03862 0.00428 0.12406 0.02732 0.04231 0.03190
v -0.03942 0.00212 0.12110 0.02732 0.04231 0.03190
v -0.03971 0.00241 0.12351 0.02732 0.04231 0.03190
v -0.03862 0.00428 0.12406 0.02732 0.04231 0.03190
v -0.03862 0.00428 0.12406 0.02732 0.04231 0.03190
v -0.03971 0.00241 0.12351 0.02732 0.04231 0.03190
v -0.03971 0.00483 0.12593 0.02732 0.04231 0.03190
v -0.03971 0.00241 0.12351 0.02732 0.04231 0.03190
v -0.04036 0.00306 0.12528 0.02732 0.04231 0.03190
v -0.03971 0.00483 0.12593 0.02732 0.04231 0.03190
v -0.04036 0.05727 -0.06605 0.02732 0.04231 0.03190
v -0.03971 0.05792 -0.06428 0.02732 0.04231 0.03190
v -0.04212 0.05792 -0.06669 0.02732 0.04231 0.03190
v -0.03971 0.05792 -0.06428 0.02732 0.04231 0.03190
v -0.04158 0.05900 -0.06482 0.02732 0.04231 0.03190
v -0.04212 0.05792 -0.06669 0.02732 0.04231 0.03190
v -0.04212 0.05792 -0.06669 0.02732 0.04231 0.03190
v -0.04158 0.05900 -0.06482 0.02732 0.04231 0.03190
v -0.04454 0.05821 -0.06699 0.02732 0.04231 0.03190
v -0.04158 0.05900 -0.06482 0.02732 0.04231 0.03190
v -0.04454 0.05957 -0.06510 0.02732 0.04231 0.03190
v -0.04454 0.05821 -0.06699 0.02732 0.04231 0.03190
v -0.04454 0.05821 -0.06699 0.02732 0.04231 0.03190
v -0.04454 0.05957 -0.06510 0.02732 0.04231 0.03190
v -0.13975 0.05821 -0.06699 0.02732 0.04231 0.03190
v -0.04454 0.05957 -0.06510 0.02732 0.04231 0.03190
v -0.13975 0.05957 -0.06510 0.02732 0.04231 0.03190
v -0.13975 0.05821 -0.06699 0.02732 0.04231 0.03190
v -0.13975 0.05821 -0.06699 0.02732 0.04231 0.03190
v -0.13975 0.05957 -0.06510 0.02732 0.04231 0.03190
v -0.14216 0.05792 -0.06669 0.02732 0.04231 0.03190
v -0.13975 0.05957 -0.06510 0.02732 0.04231 0.03190
v -0.14270 0.05900 -0.06482 0.02732 0.04231 0.03190
v -0.14216 0.05792 -0.06669 0.02732 0.04231 0.03190
v -0.14216 0.05792 -0.06669 0.02732 0.04231 0.03190
v -0.14270 0.05900 -0.06482 0.02732 0.04231 0.03190
v -0.14393 0.05727 -0.06605 0.02732 0.04231 0.03190
v -0.14270 0.05900 -0.06482 0.02732 0.04231 0.03190
v -0.14457 0.05792 -0.06428 0.02732 0.04231 0.03190
v -0.14393 0.05727 -0.06605 0.02732 0.04231 0.03190
v -0.03971 0.05792 -0.06428 0.02732 0.04231 0.03190
v -0.03942 0.05821 -0.06187 0.02732 0.04231 0.03190
v -0.04158 0.05900 -0.06482 0.02732 0.04231 0.03190
v -0.03942 0.05821 -0.06187 0.02732 0.04231 0.03190
v -0.04130 0.05957 -0.06187 0.02732 0.04231 0.03190
v -0.04158 0.05900 -0.06482 0.02732 0.04231 0.03190
v -0.04158 0.05900 -0.06482 0.02732 0.04231 0.03190
v -0.04130 0.05957 -0.06187 0.02732 0.04231 0.03190
v -0.04454 0.05957 -0.06510 0.02732 0.04231 0.03190
v -0.04130 0.05957 -0.06187 0.02732 0.04231 0.03190
v -0.04454 0.06033 -0.06187 0.02732 0.04231 0.03190
v -0.04454 0.05957 -0.06510 0.02732 0.04231 0.03190
v -0.04454 0.05957 -0.06510 0.02732 0.04231 0.03190
v -0.04454 0.06033 -0.06187 0.02732 0.04231 0.03190
v -0.13975 0.05957 -0.06510 0.02732 0.04231 0.03190
v -0.04454 0.06033 -0.06187 0.02732 0.04231 0.03190
v -0.13975 0.06033 -0.06187 0.02732 0.04231 0.03190
v -0.13975 0.05957 -0.06510 0.02732 0.04231 0.03190
v -0.13975 0.05957 -0.06510 0.02732 0.04231 0.03190
v -0.13975 0.06033 -0.06187 0.02732 0.04231 0.03190
v -0.14270 0.05900 -0.06482 0.02732 0.04231 0.03190
v -0.13975 0.06033 -0.06187 0.02732 0.04231 0.03190
v -0.14299 0.05957 -0.06187 0.02732 0.04231 0.03190
v -0.14270 0.05900 -0.06482 0.02732 0.04231 0.03190
v -0.14270 0.05900 -0.06482 0.02732 0.04231 0.03190
v -0.14299 0.05957 -0.06187 0.02732 0.04231 0.03190
v -0.14457 0.05792 -0.06428 0.02732 0.04231 0.03190
v -0.14299 0.05957 -0.06187 0.02732 0.04231 0.03190
v -0.14487 0.05821 -0.06187 0.02732 0.04231 0.03190
v -0.14457 0.05792 -0.06428 0.02732 0.04231 0.03190
v -0.03942 0.05821 -0.06187 0.02732 0.04231 0.03190
v -0.03942 0.05821 0.12110 0.02732 0.04231 0.03190
v -0.04130 0.05957 -0.06187 0.02732 0.04231 0.03190
v -0.03942 0.05821 0.12110 0.02732 0.04231 0.03190
v -0.04130 0.05957 0.12110 0.02732 0.04231 0.03190
v -0.04130 0.05957 -0.06187 0.02732 0.04231 0.03190
v -0.04130 0.05957 -0.06187 0.02732 0.04231 0.03190
v -0.04130 0.05957 0.12110 0.02732 0.04231 0.03190
v -0.04454 0.06033 -0.06187 0.02732 0.04231 0.03190
v -0.04130 0.05957 0.12110 0.02732 0.04231 0.03190
v -0.04454 0.06033 0.12110 0.02732 0.04231 0.03190
v -0.04454 0.06033 -0.06187 0.02732 0.04231 0.03190
v -0.04454 0.06033 -0.06187 0.02732 0.04231 0.03190
v -0.04454 0.06033 0.12110 0.02732 0.04231 0.03190
v -0.13975 0.06033 -0.06187 0.02732 0.04231 0.03190
v -0.04454 0.06033 0.12110 0.02732 0.04231 0.03190
v -0.13975 0.06033 0.12110 0.02732 0.04231 0.03190
v -0.13975 0.06033 -0.06187 0.02732 0.04231 0.03190
v -0.13975 0.06033 -0.06187 0.02732 0.04231 0.03190
v -0.13975 0.06033 0.12110 0.02732 0.04231 0.03190
v -0.14299 0.05957 -0.06187 0.02732 0.04231 0.03190
v -0.13975 0.06033 0.12110 0.02732 0.04231 0.03190
v -0.14299 0.05957 0.12110 0.02732 0.04231 0.03190
v -0.14299 0.05957 -0.06187 0.02732 0.04231 0.03190
v -0.14299 0.05957 -0.06187 0.02732 0.04231 0.03190
v -0.14299 0.05957 0.12110 0.02732 0.04231 0.03190
v -0.14487 0.05821 -0.06187 0.02732 0.04231 0.03190
v -0.14299 0.05957 0.12110 0.02732 0.04231 0.03190
v -0.14487 0.05821 0.12110 0.02732 0.04231 0.03190
v -0.14487 0.05821 -0.06187 0.02732 0.04231 0.03190
v -0.03942 0.05821 0.12110 0.02732 0.04231 0.03190
v -0.03971 0.05792 0.12351 0.02732 0.04231 0.03190
v -0.04130 0.05957 0.12110 0.02732 0.04231 0.03190
v -0.03971 0.05792 0.12351 0.02732 0.04231 0.03190
v -0.04158 0.05900 0.12406 0.02732 0.04231 0.03190
v -0.04130 0.05957 0.12110 0.02732 0.04231 0.03190
v -0.04130 0.05957 0.12110 0.02732 0.04231 0.03190
v -0.04158 0.05900 0.12406 0.02732 0.04231 0.03190
v -0.04454 0.06033 0.12110 0.02732 0.04231 0.03190
v -0.04158 0.05900 0.12406 0.02732 0.04231 0.03190
v -0.04454 0.05957 0.12434 0.02732 0.04231 0.03190
v -0.04454 0.06033 0.12110 0.02732 0.04231 0.03190
v -0.04454 0.06033 0.12110 0.02732 0.04231 0.03190
v -0.04454 0.05957 0.12434 0.02732 0.04231 0.03190
v -0.13975 0.06033 0.12110 0.02732 0.04231 0.03190
v -0.04454 0.05957 0.12434 0.02732 0.04231 0.03190
v -0.13975 0.05957 0.12434 0.02732 0.04231 0.03190
v -0.13975 0.06033 0.12110 0.02732 0.04231 0.03190
v -0.13975 0.06033 0.12110 0.02732 0.04231 0.03190
v -0.13975 0.05957 0.12434 0.02732 0.04231 0.03190
v -0.14299 0.05957 0.12110 0.02732 0.04231 0.03190
v -0.13975 0.05957 0.12434 0.02732 0.04231 0.03190
v -0.14270 0.05900 0.12406 0.02732 0.04231 0.03190
v -0.14299 0.05957 0.12110 0.02732 0.04231 0.03190
v -0.14299 0.05957 0.12110 0.02732 0.04231 0.03190
v -0.14270 0.05900 0.12406 0.02732 0.04231 0.03190
v -0.14487 0.05821 0.12110 0.02732 0.04231 0.03190
v -0.14270 0.05900 0.12406 0.02732 0.04231 0.03190
v -0.14457 0.05792 0.12351 0.02732 0.04231 0.03190
v -0.14487 0.05821 0.12110 0.02732 0.04231 0.03190
v -0.03971 0.05792 0.12351 0.02732 0.04231 0.03190
v -0.04036 0.05727 0.12528 0.02732 0.04231 0.03190
v -0.04158 0.05900 0.12406 0.02732 0.04231 0.03190
v -0.04036 0.05727 0.12528 0.02732 0.04231 0.03190
v -0.04212 0.05792 0.12593 0.02732 0.04231 0.03190
v -0.04158 0.05900 0.12406 0.02732 0.04231 0.03190
v -0.04158 0.05900 0.12406 0.02732 0.04231 0.03190
v -0.04212 0.05792 0.12593 0.02732 0.04231 0.03190
v -0.04454 0.05957 0.12434 0.02732 0.04231 0.03190
v -0.04212 0.05792 0.12593 0.02732 0.04231 0.03190
v -0.04454 0.05821 0.12622 0.02732 0.04231 0.03190
v -0.04454 0.05957 0.12434 0.02732 0.04231 0.03190
v -0.04454 0.05957 0.12434 0.02732 0.04231 0.03190
v -0.04454 0.05821 0.12622 0.02732 0.04231 0.03190
v -0.13975 0.05957 0.12434 0.02732 0.04231 0.03190
v -0.04454 0.05821 0.12622 0.02732 0.04231 0.03190
v -0.13975 0.05821 0.12622 0.02732 0.04231 0.03190
v -0.13975 0.05957 0.12434 0.02732 0.04231 0.03190
v -0.13975 0.05957 0.12434 0.02732 0.04231 0.03190
v -0.13975 0.05821 0.12622 0.02732 0.04231 0.03190
v -0.14270 0.05900 0.12406 0.02732 0.04231 0.03190
v -0.13975 0.05821 0.12622 0.02732 0.04231 0.03190
v -0.14216 0.05792 0.12593 0.02732 0.04231 0.03190
v -0.14270 0.05900 0.12406 0.02732 0.04231 0.03190
v -0.14270 0.05900 0.12406 0.02732 0.04231 0.03190
v -0.14216 0.05792 0.12593 0.02732 0.04231 0.03190
v -0.14457 0.05792 0.12351 0.02732 0.04231 0.03190
v -0.14216 0.05792 0.12593 0.02732 0.04231 0.03190
v -0.14393 0.05727 0.12528 0.02732 0.04231 0.03190
v -0.14457 0.05792 0.12351 0.02732 0.04231 0.03190
v -0.04036 0.00306 0.12528 0.02732 0.04231 0.03190
v -0.03971 0.00241 0.12351 0.02732 0.04231 0.03190
v -0.04212 0.00241 0.12593 0.02732 0.04231 0.03190
v -0.03971 0.00241 0.12351 0.02732 0.04231 0.03190
v -0.04158 0.00133 0.12406 0.02732 0.04231 0.03190
v -0.04212 0.00241 0.12593 0.02732 0.04231 0.03190
v -0.04212 0.00241 0.12593 0.02732 0.04231 0.03190
v -0.04158 0.00133 0.12406 0.02732 0.04231 0.03190
v -0.04454 0.00212 0.12622 0.02732 0.04231 0.03190
v -0.04158 0.00133 0.12406 0.02732 0.04231 0.03190
v -0.04454 0.00076 0.12434 0.02732 0.04231 0.03190
v -0.04454 0.00212 0.12622 0.02732 0.04231 0.03190
v -0.04454 0.00212 0.12622 0.02732 0.04231 0.03190
v -0.04454 0.00076 0.12434 0.02732 0.04231 0.03190
v -0.13975 0.00212 0.12622 0.02732 0.04231 0.03190
v -0.04454 0.00076 0.12434 0.02732 0.04231 0.03190
v -0.13975 0.00076 0.12434 0.02732 0.04231 0.03190
v -0.13975 0.00212 0.12622 0.02732 0.04231 0.03190
v -0.13975 0.00212 0.12622 0.02732 0.04231 0.03190
v -0.13975 0.00076 0.12434 0.02732 0.04231 0.03190
v -0.14216 0.00241 0.12593 0.02732 0.04231 0.03190
v -0.13975 0.00076 0.12434 0.02732 0.04231 0.03190
v -0.14270 0.00133 0.12406 0.02732 0.04231 0.03190
v -0.14216 0.00241 0.12593 0.02732 0.04231 0.03190
v -0.14216 0.00241 0.12593 0.02732 0.04231 0.03190
v -0.14270 0.00133 0.12406 0.02732 0.04231 0.03190
v -0.14393 0.00306 0.12528 0.02732 0.04231 0.03190
v -0.14270 0.00133 0.12406 0.02732 0.04231 0.03190
v -0.14457 0.00241 0.12351 0.02732 0.04231 0.03190
v -0.14393 0.00306 0.12528 0.02732 0.04231 0.03190
v -0.03971 0.00241 0.12351 0.02732 0.04231 0.03190
v -0.03942 0.00212 0.12110 0.02732 0.04231 0.03190
v -0.04158 0.00133 0.12406 0.02732 0.04231 0.03190
v -0.03942 0.00212 0.12110 0.02732 0.04231 0.03190
v -0.04130 0.00076 0.12110 0.02732 0.04231 0.03190
v -0.04158 0.00133 0.12406 0.02732 0.04231 0.03190
v -0.04158 0.00133 0.12406 0.02732 0.04231 0.03190
v -0.04130 0.00076 0.12110 0.02732 0.04231 0.03190
v -0.04454 0.00076 0.12434 0.02732 0.04231 0.03190
v -0.04130 0.00076 0.12110 0.02732 0.04231 0.03190
v -0.04454 -0.00000 0.12110 0.02732 0.04231 0.03190
v -0.04454 0.00076 0.12434 0.02732 0.04231 0.03190
v -0.04454 0.00076 0.12434 0.02732 0.04231 0.03190
v -0.04454 -0.00000 0.12110 0.02732 0.04231 0.03190
v -0.13975 0.00076 0.12434 0.02732 0.04231 0.03190
v -0.04454 -0.00000 0.12110 0.02732 0.04231 0.03190
v -0.13975 -0.00000 0.12110 0.02732 0.04231 0.03190
v -0.13975 0.00076 0.12434 0.02732 0.04231 0.03190
v -0.13975 0.00076 0.12434 0.02732 0.04231 0.03190
v -0.13975 -0.00000 0.12110 0.02732 0.04231 0.03190
v -0.14270 0.00133 0.12406 0.02732 0.04231 0.03190
v -0.13975 -0.00000 0.12110 0.02732 0.04231 0.03190
v -0.14299 0.00076 0.12110 0.02732 0.04231 0.03190
v -0.14270 0.00133 0.12406 0.02732 0.04231 0.03190
v -0.14270 0.00133 0.12406 0.02732 0.04231 0.03190
v -0.14299 0.00076 0.12110 0.02732 0.04231 0.03190
v -0.14457 0.00241 0.12351 0.02732 0.04231 0.03190
v -0.14299 0.00076 0.12110 0.02732 0.04231 0.03190
v -0.14487 0.00212 0.12110 0.02732 0.04231 0.03190
v -0.14457 0.00241 0.12351 0.02732 0.04231 0.03190
v -0.03942 0.00212 0.12110 0.02732 0.04231 0.03190
v -0.03942 0.00212 -0.06187 0.02732 0.04231 0.03190
v -0.04130 0.00076 0.12110 0.02732 0.04231 0.03190
v -0.03942 0.00212 -0.06187 0.02732 0.04231 0.03190
v -0.04130 0.00076 -0.06187 0.02732 0.04231 0.03190
v -0.04130 0.00076 0.12110 0.02732 0.04231 0.03190
v -0.04130 0.00076 0.12110 0.02732 0.04231 0.03190
v -0.04130 0.00076 -0.06187 0.02732 0.04231 0.03190
v -0.04454 -0.00000 0.12110 0.02732 0.04231 0.03190
v -0.04130 0.00076 -0.06187 0.02732 0.04231 0.03190
v -0.04454 -0.00000 -0.06187 0.02732 0.04231 0.03190
v -0.04454 -0.00000 0.12110 0.02732 0.04231 0.03190
v -0.04454 -0.00000 0.12110 0.02732 0.04231 0.03190
v -0.04454 -0.00000 -0.06187 0.02732 0.04231 0.03190
v -0.13975 -0.00000 0.12110 0.02732 0.04231 0.03190
v -0.04454 -0.00000 -0.06187 0.02732 0.04231 0.03190
v -0.13975 -0.00000 -0.06187 0.02732 0.04231 0.03190
v -0.13975 -0.00000 0.12110 0.02732 0.04231 0.03190
v -0.13975 -0.00000 0.12110 0.02732 0.04231 0.03190
v -0.13975 -0.00000 -0.06187 0.02732 0.04231 0.03190
v -0.14299 0.00076 0.12110 0.02732 0.04231 0.03190
v -0.13975 -0.00000 -0.06187 0.02732 0.04231 0.03190
v -0.14299 0.00076 -0.06187 0.02732 0.04231 0.03190
v -0.14299 0.00076 0.12110 0.02732 0.04231 0.03190
v -0.14299 0.00076 0.12110 0.02732 0.04231 0.03190
v -0.14299 0.00076 -0.06187 0.02732 0.04231 0.03190
v -0.14487 0.00212 0.12110 0.02732 0.04231 0.03190
v -0.14299 0.00076 -0.06187 0.02732 0.04231 0.03190
v -0.14487 0.00212 -0.06187 0.02732 0.04231 0.03190
v -0.14487 0.00212 0.12110 0.02732 0.04231 0.03190
v -0.03942 0.00212 -0.06187 0.02732 0.04231 0.03190
v -0.03971 0.00241 -0.06428 0.02732 0.04231 0.03190
v -0.04130 0.00076 -0.06187 0.02732 0.04231 0.03190
v -0.03971 0.00241 -0.06428 0.02732 0.04231 0.03190
v -0.04158 0.00133 -0.06482 0.02732 0.04231 0.03190
v -0.04130 0.00076 -0.06187 0.02732 0.04231 0.03190
v -0.04130 0.00076 -0.06187 0.02732 0.04231 0.03190
v -0.04158 0.00133 -0.06482 0.02732 0.04231 0.03190
v -0.04454 -0.00000 -0.06187 0.02732 0.04231 0.03190
v -0.04158 0.00133 -0.06482 0.02732 0.04231 0.03190
v -0.04454 0.00076 -0.06510 0.02732 0.04231 0.03190
v -0.04454 -0.00000 -0.06187 0.02732 0.04231 0.03190
v -0.04454 -0.00000 -0.06187 0.02732 0.04231 0.03190
v -0.04454 0.00076 -0.06510 0.02732 0.04231 0.03190
v -0.13975 -0.00000 -0.06187 0.02732 0.04231 0.03190
v -0.04454 0.00076 -0.06510 0.02732 0.04231 0.03190
v -0.13975 0.00076 -0.06510 0.02732 0.04231 0.03190
v -0.13975 -0.00000 -0.06187 0.02732 0.04231 0.03190
v -0.13975 -0.00000 -0.06187 0.02732 0.04231 0.03190
v -0.13975 0.00076 -0.06510 0.02732 0.04231 0.03190
v -0.14299 0.00076 -0.06187 0.02732 0.04231 0.03190
v -0.13975 0.00076 -0.06510 0.02732 0.04231 0.03190
v -0.14270 0.00133 -0.06482 0.02732 0.04231 0.03190
v -0.14299 0.00076 -0.06187 0.02732 0.04231 0.03190
v -0.14299 0.00076 -0.06187 0.02732 0.04231 0.03190
v -0.14270 0.00133 -0.06482 0.02732 0.04231 0.03190
v -0.14487 0.00212 -0.06187 0.02732 0.04231 0.03190
v -0.14270 0.00133 -0.06482 0.02732 0.04231 0.03190
v -0.14457 0.00241 -0.06428 0.02732 0.04231 0.03190
v -0.14487 0.00212 -0.06187 0.02732 0.04231 0.03190
v -0.03971 0.00241 -0.06428 0.02732 0.04231 0.03190
v -0.04036 0.00306 -0.06605 0.02732 0.04231 0.03190
v -0.04158 0.00133 -0.06482 0.02732 0.04231 0.03190
v -0.04036 0.00306 -0.06605 0.02732 0.04231 0.03190
v -0.04212 0.00241 -0.06669 0.02732 0.04231 0.03190
v -0.04158 0.00133 -0.06482 0.02732 0.04231 0.03190
v -0.04158 0.00133 -0.06482 0.02732 0.04231 0.03190
v -0.04212 0.00241 -0.06669 0.02732 0.04231 0.03190
v -0.04454 0.00076 -0.06510 0.02732 0.04231 0.03190
v -0.04212 0.00241 -0.06669 0.02732 0.04231 0.03190
v -0.04454 0.00212 -0.06699 0.02732 0.04231 0.03190
v -0.04454 0.00076 -0.06510 0.02732 0.04231 0.03190
v -0.04454 0.00076 -0.06510 0.02732 0.04231 0.03190
v -0.04454 0.00212 -0.06699 0.02732 0.04231 0.03190
v -0.13975 0.00076 -0.06510 0.02732 0.04231 0.03190
v -0.04454 0.00212 -0.06699 0.02732 0.04231 0.03190
v -0.13975 0.00212 -0.06699 0.02732 0.04231 0.03190
v -0.13975 0.00076 -0.06510 0.02732 0.04231 0.03190
v -0.13975 0.00076 -0.06510 0.02732 0.04231 0.03190
v -0.13975 0.00212 -0.06699 0.02732 0.04231 0.03190
v -0.14270 0.00133 -0.06482 0.02732 0.04231 0.03190
v -0.13975 0.00212 -0.06699 0.02732 0.04231 0.03190
v -0.14216 0.00241 -0.06669 0.02732 0.04231 0.03190
v -0.14270 0.00133 -0.06482 0.02732 0.04231 0.03190
v -0.14270 0.00133 -0.06482 0.02732 0.04231 0.03190
v -0.14216 0.00241 -0.06669 0.02732 0.04231 0.03190
v -0.14457 0.00241 -0.06428 0.02732 0.04231 0.03190
v -0.14216 0.00241 -0.06669 0.02732 0.04231 0.03190
v -0.14393 0.00306 -0.06605 0.02732 0.04231 0.03190
v -0.14457 0.00241 -0.06428 0.02732 0.04231 0.03190
v -0.04036 0.05727 0.12528 0.02732 0.04231 0.03190
v -0.03971 0.05550 0.12593 0.02732 0.04231 0.03190
v -0.04212 0.05792 0.12593 0.02732 0.04231 0.03190
v -0.03971 0.05550 0.12593 0.02732 0.04231 0.03190
v -0.04158 0.05605 0.12701 0.02732 0.04231 0.03190
v -0.04212 0.05792 0.12593 0.02732 0.04231 0.03190
v -0.04212 0.05792 0.12593 0.02732 0.04231 0.03190
v -0.04158 0.05605 0.12701 0.02732 0.04231 0.03190
v -0.04454 0.05821 0.12622 0.02732 0.04231 0.03190
v -0.04158 0.05605 0.12701 0.02732 0.04231 0.03190
v -0.04454 0.05633 0.12758 0.02732 0.04231 0.03190
v -0.04454 0.05821 0.12622 0.02732 0.04231 0.03190
v -0.04454 0.05821 0.12622 0.02732 0.04231 0.03190
v -0.04454 0.05633 0.12758 0.02732 0.04231 0.03190
v -0.13975 0.05821 0.12622 0.02732 0.04231 0.03190
v -0.04454 0.05633 0.12758 0.02732 0.04231 0.03190
v -0.13975 0.05633 0.12758 0.02732 0.04231 0.03190
v -0.13975 0.05821 0.12622 0.02732 0.04231 0.03190
v -0.13975 0.05821 0.12622 0.02732 0.04231 0.03190
v -0.13975 0.05633 0.12758 0.02732 0.04231 0.03190
v -0.14216 0.05792 0.12593 0.02732 0.04231 0.03190
v -0.13975 0.05633 0.12758 0.02732 0.04231 0.03190
v -0.14270 0.05605 0.12701 0.02732 0.04231 0.03190
v -0.14216 0.05792 0.12593 0.02732 0.04231 0.03190
v -0.14216 0.05792 0.12593 0.02732 0.04231 0.03190
v -0.14270 0.05605 0.12701 0.02732 0.04231 0.03190
v -0.14393 0.05727 0.12528 0.02732 0.04231 0.03190
v -0.14270 0.05605 0.12701 0.02732 0.04231 0.03190
v -0.14457 0.05550 0.12593 0.02732 0.04231 0.03190
v -0.14393 0.05727 0.12528 0.02732 0.04231 0.03190
v -0.03971 0.05550 0.12593 0.02732 0.04231 0.03190
v -0.03942 0.05309 0.12622 0.02732 0.04231 0.03190
v -0.04158 0.05605 0.12701 0.02732 0.04231 0.03190
v -0.03942 0.05309 0.12622 0.02732 0.04231 0.03190
v -0.04130 0.05309 0.12758 0.02732 0.04231 0.03190
v -0.04158 0.05605 0.12701 0.02732 0.04231 0.03190
v -0.04158 0.05605 0.12701 0.02732 0.04231 0.03190
v -0.04130 0.05309 0.12758 0.02732 0.04231 0.03190
v -0.04454 0.05633 0.12758 0.02732 0.04231 0.03190
v -0.04130 0.05309 0.12758 0.02732 0.04231 0.03190
v -0.04454 0.05309 0.12834 0.02732 0.04231 0.03190
v -0.04454 0.05633 0.12758 0.02732 0.04231 0.03190
v -0.04454 0.05633 0.12758 0.02732 0.04231 0.03190
v -0.04454 0.05309 0.12834 0.02732 0.04231 0.03190
v -0.13975 0.05633 0.12758 0.02732 0.04231 0.03190
v -0.04454 0.05309 0.12834 0.02732 0.04231 0.03190
v -0.13975 0.05309 0.12834 0.02732 0.04231 0.03190
v -0.13975 0.05633 0.12758 0.02732 0.04231 0.03190
v -0.13975 0.05633 0.12758 0.02732 0.04231 0.03190
v -0.13975 0.05309 0.12834 0.02732 0.04231 0.03190
v -0.14270 0.05605 0.12701 0.02732 0.04231 0.03190
v -0.13975 0.05309 0.12834 0.02732 0.04231 0.03190
v -0.14299 0.05309 0.12758 0.02732 0.04231 0.03190
v -0.14270 0.05605 0.12701 0.02732 0.04231 0.03190
v -0.14270 0.05605 0.12701 0.02732 0.04231 0.03190
v -0.14299 0.05309 0.12758 0.02732 0.04231 0.03190
v -0.14457 0.05550 0.12593 0.02732 0.04231 0.03190
v -0.14299 0.05309 0.12758 0.02732 0.04231 0.03190
v -0.14487 0.05309 0.12622 0.02732 0.04231 0.03190
v -0.14457 0.05550 0.12593 0.02732 0.04231 0.03190
v -0.03942 0.05309 0.12622 0.02732 0.04231 0.03190
v -0.03942 0.00724 0.12622 0.02732 0.04231 0.03190
v -0.04130 0.05309 0.12758 0.02732 0.04231 0.03190
v -0.03942 0.00724 0.12622 0.02732 0.04231 0.03190
v -0.04130 0.00724 0.12758 0.02732 0.04231 0.03190
v -0.04130 0.05309 0.12758 0.02732 0.04231 0.03190
v -0.04130 0.05309 0.12758 0.02732 0.04231 0.03190
v -0.04130 0.00724 0.12758 0.02732 0.04231 0.03190
v -0.04454 0.05309 0.12834 0.02732 0.04231 0.03190
v -0.04130 0.00724 0.12758 0.02732 0.04231 0.03190
v -0.04454 0.00724 0.12834 0.02732 0.04231 0.03190
v -0.04454 0.05309 0.12834 0.02732 0.04231 0.03190
v -0.04454 0.05309 0.12834 0.02732 0.04231 0.03190
v -0.04454 0.00724 0.12834 0.02732 0.04231 0.03190
v -0.13975 0.05309 0.12834 0.02732 0.04231 0.03190
v -0.04454 0.00724 0.12834 0.02732 0.04231 0.03190
v -0.13975 0.00724 0.12834 0.02732 0.04231 0.03190
v -0.13975 0.05309 0.12834 0.02732 0.04231 0.03190
v -0.13975 0.05309 0.12834 0.02732 0.04231 0.03190
v -0.13975 0.00724 0.12834 0.02732 0.04231 0.03190
v -0.14299 0.05309 0.12758 0.02732 0.04231 0.03190
v -0.13975 0.00724 0.12834 0.02732 0.04231 0.03190
v -0.14299 0.00724 0.12758 0.02732 0.04231 0.03190
v -0.14299 0.05309 0.12758 0.02732 0.04231 0.03190
v -0.14299 0.05309 0.12758 0.02732 0.04231 0.03190
v -0.14299 0.00724 0.12758 0.02732 0.04231 0.03190
v -0.14487 0.05309 0.12622 0.02732 0.04231 0.03190
v -0.14299 0.00724 0.12758 0.02732 0.04231 0.03190
v -0.14487 0.00724 0.12622 0.02732 0.04231 0.03190
v -0.14487 0.05309 0.12622 0.02732 0.04231 0.03190
v -0.03942 0.00724 0.12622 0.02732 0.04231 0.03190
v -0.03971 0.00483 0.12593 0.02732 0.04231 0.03190
v -0.04130 0.00724 0.12758 0.02732 0.04231 0.03190
v -0.03971 0.00483 0.12593 0.02732 0.04231 0.03190
v -0.04158 0.00428 0.12701 0.02732 0.04231 0.03190
v -0.04130 0.00724 0.12758 0.02732 0.04231 0.03190
v -0.04130 0.00724 0.12758 0.02732 0.04231 0.03190
v -0.04158 0.00428 0.12701 0.02732 0.04231 0.03190
v -0.04454 0.00724 0.12834 0.02732 0.04231 0.03190
v -0.04158 0.00428 0.12701 0.02732 0.04231 0.03190
v -0.04454 0.00400 0.12758 0.02732 0.04231 0.03190
v -0.04454 0.00724 0.12834 0.02732 0.04231 0.03190
v -0.04454 0.00724 0.12834 0.02732 0.04231 0.03190
v -0.04454 0.00400 0.12758 0.02732 0.04231 0.03190
v -0.13975 0.00724 0.12834 0.02732 0.04231 0.03190
v -0.04454 0.00400 0.12758 0.02732 0.04231 0.03190
v -0.13975 0.00400 0.12758 0.02732 0.04231 0.03190
v -0.13975 0.00724 0.12834 0.02732 0.04231 0.03190
v -0.13975 0.00724 0.12834 0.02732 0.04231 0.03190
v -0.13975 0.00400 0.12758 0.02732 0.04231 0.03190
v -0.14299 0.00724 0.12758 0.02732 0.04231 0.03190
v -0.13975 0.00400 0.12758 0.02732 0.04231 0.03190
v -0.14270 0.00428 0.12701 0.02732 0.04231 0.03190
v -0.14299 0.00724 0.12758 0.02732 0.04231 0.03190
v -0.14299 0.00724 0.12758 0.02732 0.04231 0.03190
v -0.14270 0.00428 0.12701 0.02732 0.04231 0.03190
v -0.14487 0.00724 0.12622 0.02732 0.04231 0.03190
v -0.14270 0.00428 0.12701 0.02732 0.04231 0.03190
v -0.14457 0.00483 0.12593 0.02732 0.04231 0.03190
v -0.14487 0.00724 0.12622 0.02732 0.04231 0.03190
v -0.03971 0.00483 0.12593 0.02732 0.04231 0.03190
v -0.04036 0.00306 0.12528 0.02732 0.04231 0.03190
v -0.04158 0.00428 0.12701 0.02732 0.04231 0.03190
v -0.04036 0.00306 0.12528 0.02732 0.04231 0.03190
v -0.04212 0.00241 0.12593 0.02732 0.04231 0.03190
v -0.04158 0.00428 0.12701 0.02732 0.04231 0.03190
v -0.04158 0.00428 0.12701 0.02732 0.04231 0.03190
v -0.04212 0.00241 0.12593 0.02732 0.04231 0.03190
v -0.04454 0.00400 0.12758 0.02732 0.04231 0.03190
v -0.04212 0.00241 0.12593 0.02732 0.04231 0.03190
v -0.04454 0.00212 0.12622 0.02732 0.04231 0.03190
v -0.04454 0.00400 0.12758 0.02732 0.04231 0.03190
v -0.04454 0.00400 0.12758 0.02732 0.04231 0.03190
v -0.04454 0.00212 0.12622 0.02732 0.04231 0.03190
v -0.13975 0.00400 0.12758 0.02732 0.04231 0.03190
v -0.04454 0.00212 0.12622 0.02732 0.04231 0.03190
v -0.13975 0.00212 0.12622 0.02732 0.04231 0.03190
v -0.13975 0.00400 0.12758 0.02732 0.04231 0.03190
v -0.13975 0.00400 0.12758 0.02732 0.04231 0.03190
v -0.13975 0.00212 0.12622 0.02732 0.04231 0.03190
v -0.14270 0.00428 0.12701 0.02732 0.04231 0.03190
v -0.13975 0.00212 0.12622 0.02732 0.04231 0.03190
v -0.14216 0.00241 0.12593 0.02732 0.04231 0.03190
v -0.14270 0.00428 0.12701 0.02732 0.04231 0.03190
v -0.14270 0.00428 0.12701 0.02732 0.04231 0.03190
v -0.14216 0.00241 0.12593 0.02732 0.04231 0.03190
v -0.14457 0.00483 0.12593 0.02732 0.04231 0.03190
v -0.14216 0.00241 0.12593 0.02732 0.04231 0.03190
v -0.14393 0.00306 0.12528 0.02732 0.04231 0.03190
v -0.14457 0.00483 0.12593 0.02732 0.04231 0.03190
v -0.14393 0.05727 -0.06605 0.02732 0.04231 0.03190
v -0.14457 0.05550 -0.06669 0.02732 0.04231 0.03190
v -0.14216 0.05792 -0.06669 0.02732 0.04231 0.03190
v -0.14457 0.05550 -0.06669 0.02732 0.04231 0.03190
v -0.14270 0.05605 -0.06778 0.02732 0.04231 0.03190
v -0.14216 0.05792 -0.06669 0.02732 0.04231 0.03190
v -0.14216 0.05792 -0.06669 0.02732 0.04231 0.03190
v -0.14270 0.05605 -0.06778 0.02732 0.04231 0.03190
v -0.13975 0.05821 -0.06699 0.02732 0.04231 0.03190
v -0.14270 0.05605 -0.06778 0.02732 0.04231 0.03190
v -0.13975 0.05633 -0.06834 0.02732 0.04231 0.03190
v -0.13975 0.05821 -0.06699 0.02732 0.04231 0.03190
v -0.13975 0.05821 -0.06699 0.02732 0.04231 0.03190
v -0.13975 0.05633 -0.06834 0.02732 0.04231 0.03190
v -0.04454 0.05821 -0.06699 0.02732 0.04231 0.03190
v -0.13975 0.05633 -0.06834 0.02732 0.04231 0.03190
v -0.04454 0.05633 -0.06834 0.02732 0.04231 0.03190
v -0.04454 0.05821 -0.06699 0.02732 0.04231 0.03190
v -0.04454 0.05821 -0.06699 0.02732 0.04231 0.03190
v -0.04454 0.05633 -0.06834 0.02732 0.04231 0.03190
v -0.04212 0.05792 -0.06669 0.02732 0.04231 0.03190
v -0.04454 0.05633 -0.06834 0.02732 0.04231 0.03190
v -0.04158 0.05605 -0.06778 0.02732 0.04231 0.03190
v -0.04212 0.05792 -0.06669 0.02732 0.04231 0.03190
v -0.04212 0.05792 -0.06669 0.02732 0.04231 0.03190
v -0.04158 0.05605 -0.06778 0.02732 0.04231 0.03190
v -0.04036 0.05727 -0.06605 0.02732 0.04231 0.03190
v -0.04158 0.05605 -0.06778 0.02732 0.04231 0.03190
v -0.03971 0.05550 -0.06669 0.02732 0.04231 0.03190
v -0.04036 0.05727 -0.06605 0.02732 0.04231 0.03190
v -0.14457 0.05550 -0.06669 0.02732 0.04231 0.03190
v -0.14487 0.05309 -0.06699 0.02732 0.04231 0.03190
v -0.14270 0.05605 -0.06778 0.02732 0.04231 0.03190
v -0.14487 0.05309 -0.06699 0.02732 0.04231 0.03190
v -0.14299 0.05309 -0.06834 0.02732 0.04231 0.03190
v -0.14270 0.05605 -0.06778 0.02732 0.04231 0.03190
v -0.14270 0.05605 -0.06778 0.02732 0.04231 0.03190
v -0.14299 0.05309 -0.06834 0.02732 0.04231 0.03190
v -0.13975 0.05633 -0.06834 0.02732 0.04231 0.03190
v -0.14299 0.05309 -0.06834 0.02732 0.04231 0.03190
v -0.13975 0.05309 -0.06911 0.02732 0.04231 0.03190
v -0.13975 0.05633 -0.06834 0.02732 0.04231 0.03190
v -0.13975 0.05633 -0.06834 0.02732 0.04231 0.03190
v -0.13975 0.05309 -0.06911 0.02732 0.04231 0.03190
v -0.04454 0.05633 -0.06834 0.02732 0.04231 0.03190
v -0.13975 0.05309 -0.06911 0.02732 0.04231 0.03190
v -0.04454 0.05309 -0.06911 0.02732 0.04231 0.03190
v -0.04454 0.05633 -0.06834 0.02732 0.04231 0.03190
v -0.04454 0.05633 -0.06834 0.02732 0.04231 0.03190
v -0.04454 0.05309 -0.06911 0.02732 0.04231 0.03190
v -0.04158 0.05605 -0.06778 0.02732 0.04231 0.03190
v -0.04454 0.05309 -0.06911 0.02732 0.04231 0.03190
v -0.04130 0.05309 -0.06834 0.02732 0.04231 0.03190
v -0.04158 0.05605 -0.06778 0.02732 0.04231 0.03190
v -0.04158 0.05605 -0.06778 0.02732 0.04231 0.03190
v -0.04130 0.05309 -0.06834 0.02732 0.04231 0.03190
v -0.03971 0.05550 -0.06669 0.02732 0.04231 0.03190
v -0.04130 0.05309 -0.06834 0.02732 0.04231 0.03190
v -0.03942 0.05309 -0.06699 0.02732 0.04231 0.03190
v -0.03971 0.05550 -0.06669 0.02732 0.04231 0.03190
v -0.14487 0.05309 -0.06699 0.02732 0.04231 0.03190
v -0.14487 0.00724 -0.06699 0.02732 0.04231 0.03190
v -0.14299 0.05309 -0.06834 0.02732 0.04231 0.03190
v -0.14487 0.00724 -0.06699 0.02732 0.04231 0.03190
v -0.14299 0.00724 -0.06834 0.02732 0.04231 0.03190
v -0.14299 0.05309 -0.06834 0.02732 0.04231 0.03190
v -0.14299 0.05309 -0.06834 0.02732 0.04231 0.03190
v -0.14299 0.00724 -0.06834 0.02732 0.04231 0.03190
v -0.13975 0.05309 -0.06911 0.02732 0.04231 0.03190
v -0.14299 0.00724 -0.06834 0.02732 0.04231 0.03190
v -0.13975 0.00724 -0.06911 0.02732 0.04231 0.03190
v -0.13975 0.05309 -0.06911 0.02732 0.04231 0.03190
v -0.13975 0.05309 -0.06911 0.02732 0.04231 0.03190
v -0.13975 0.00724 -0.06911 0.02732 0.04231 0.03190
v -0.04454 0.05309 -0.06911 0.02732 0.04231 0.03190
v -0.13975 0.00724 -0.06911 0.02732 0.04231 0.03190
v -0.04454 0.00724 -0.06911 0.02732 0.04231 0.03190
v -0.04454 0.05309 -0.06911 0.02732 0.04231 0.03190
v -0.04454 0.05309 -0.06911 0.02732 0.04231 0.03190
v -0.04454 0.00724 -0.06911 0.02732 0.04231 0.03190
v -0.04130 0.05309 -0.06834 0.02732 0.04231 0.03190
v -0.04454 0.00724 -0.06911 0.02732 0.04231 0.03190
v -0.04130 0.00724 -0.06834 0.02732 0.04231 0.03190
v -0.04130 0.05309 -0.06834 0.02732 0.04231 0.03190
v -0.04130 0.05309 -0.06834 0.02732 0.04231 0.03190
v -0.04130 0.00724 -0.06834 0.02732 0.04231 0.03190
v -0.03942 0.05309 -0.06699 0.02732 0.04231 0.03190
v -0.04130 0.00724 -0.06834 0.02732 0.04231 0.03190
v -0.03942 0.00724 -0.06699 0.02732 0.04231 0.03190
v -0.03942 0.05309 -0.06699 0.02732 0.04231 0.03190
v -0.14487 0.00724 -0.06699 0.02732 0.04231 0.03190
v -0.14457 0.00483 -0.06669 0.02732 0.04231 0.03190
v -0.14299 0.00724 -0.06834 0.02732 0.04231 0.03190
v -0.14457 0.00483 -0.06669 0.02732 0.04231 0.03190
v -0.14270 0.00428 -0.06778 0.02732 0.04231 0.03190
v -0.14299 0.00724 -0.06834 0.02732 0.04231 0.03190
v -0.14299 0.00724 -0.06834 0.02732 0.04231 0.03190
v -0.14270 0.00428 -0.06778 0.02732 0.04231 0.03190
v -0.13975 0.00724 -0.06911 0.02732 0.04231 0.03190
v -0.14270 0.00428 -0.06778 0.02732 0.04231 0.03190
v -0.13975 0.00400 -0.06834 0.02732 0.04231 0.03190
v -0.13975 0.00724 -0.06911 0.02732 0.04231 0.03190
v -0.13975 0.00724 -0.06911 0.02732 0.04231 0.03190
v -0.13975 0.00400 -0.06834 0.02732 0.04231 0.03190
v -0.04454 0.00724 -0.06911 0.02732 0.04231 0.03190
v -0.13975 0.00400 -0.06834 0.02732 0.04231 0.03190
v -0.04454 0.00400 -0.06834 0.02732 0.04231 0.03190
v -0.04454 0.00724 -0.06911 0.02732 0.04231 0.03190
v -0.04454 0.00724 -0.06911 0.02732 0.04231 0.03190
v -0.04454 0.00400 -0.06834 0.02732 0.04231 0.03190
v -0.04130 0.00724 -0.06834 0.02732 0.04231 0.03190
v -0.04454 0.00400 -0.06834 0.02732 0.04231 0.03190
v -0.04158 0.00428 -0.06778 0.02732 0.04231 0.03190
v -0.04130 0.00724 -0.06834 0.02732 0.04231 0.03190
v -0.04130 0.00724 -0.06834 0.02732 0.04231 0.03190
v -0.04158 0.00428 -0.06778 0.02732 0.04231 0.03190
v -0.03942 0.00724 -0.06699 0.02732 0.04231 0.03190
v -0.04158 0.00428 -0.06778 0.02732 0.04231 0.03190
v -0.03971 0.00483 -0.06669 0.02732 0.04231 0.03190
v -0.03942 0.00724 -0.06699 0.02732 0.04231 0.03190
v -0.14457 0.00483 -0.06669 0.02732 0.04231 0.03190
v -0.14393 0.00306 -0.06605 0.02732 0.04231 0.03190
v -0.14270 0.00428 -0.06778 0.02732 0.04231 0.03190
v -0.14393 0.00306 -0.06605 0.02732 0.04231 0.03190
v -0.14216 0.00241 -0.06669 0.02732 0.04231 0.03190
v -0.14270 0.00428 -0.06778 0.02732 0.04231 0.03190
v -0.14270 0.00428 -0.06778 0.02732 0.04231 0.03190
v -0.14216 0.00241 -0.06669 0.02732 0.04231 0.03190
v -0.13975 0.00400 -0.06834 0.02732 0.04231 0.03190
v -0.14216 0.00241 -0.06669 0.02732 0.04231 0.03190
v -0.13975 0.00212 -0.06699 0.02732 0.04231 0.03190
v -0.13975 0.00400 -0.06834 0.02732 0.04231 0.03190
v -0.13975 0.00400 -0.06834 0.02732 0.04231 0.03190
v -0.13975 0.00212 -0.06699 0.02732 0.04231 0.03190
v -0.04454 0.00400 -0.06834 0.02732 0.04231 0.03190
v -0.13975 0.00212 -0.06699 0.02732 0.04231 0.03190
v -0.04454 0.00212 -0.06699 0.02732 0.04231 0.03190
v -0.04454 0.00400 -0.06834 0.02732 0.04231 0.03190
v -0.04454 0.00400 -0.06834 0.02732 0.04231 0.03190
v -0.04454 0.00212 -0.06699 0.02732 0.04231 0.03190
v -0.04158 0.00428 -0.06778 0.02732 0.04231 0.03190
v -0.04454 0.00212 -0.06699 0.02732 0.04231 0.03190
v -0.04212 0.00241 -0.06669 0.02732 0.04231 0.03190
v -0.04158 0.00428 -0.06778 0.02732 0.04231 0.03190
v -0.04158 0.00428 -0.06778 0.02732 0.04231 0.03190
v -0.04212 0.00241 -0.06669 0.02732 0.04231 0.03190
v -0.03971 0.00483 -0.06669 0.02732 0.04231 0.03190
v -0.04212 0.00241 -0.06669 0.02732 0.04231 0.03190
v -0.04036 0.00306 -0.06605 0.02732 0.04231 0.03190
v -0.03971 0.00483 -0.06669 0.02732 0.04231 0.03190
f 5819 5821 5820
f 5822 5824 5823
f 5825 5827 5826
f 5828 5830 5829
f 5831 5833 5832
f 5834 5836 5835
f 5837 5839 5838
f 5840 5842 5841
f 5843 5845 5844
f 5846 5848 5847
f 5849 5851 5850
f 5852 5854 5853
f 5855 5857 5856
f 5858 5860 5859
f 5861 5863 5862
f 5864 5866 5865
f 5867 5869 5868
f 5870 5872 5871
f 5873 5875 5874
f 5876 5878 5877
f 5879 5881 5880
f 5882 5884 5883
f 5885 5887 5886
f 5888 5890 5889
f 5891 5893 5892
f 5894 5896 5895
f 5897 5899 5898
f 5900 5902 5901
f 5903 5905 5904
f 5906 5908 5907
f 5909 5911 5910
f 5912 5914 5913
f 5915 5917 5916
f 5918 5920 5919
f 5921 5923 5922
f 5924 5926 5925
f 5927 5929 5928
f 5930 5932 5931
f 5933 5935 5934
f 5936 5938 5937
f 5939 5941 5940
f 5942 5944 5943
f 5945 5947 5946
f 5948 5950 5949
f 5951 5953 5952
f 5954 5956 5955
f 5957 5959 5958
f 5960 5962 5961
f 5963 5965 5964
f 5966 5968 5967
f 5969 5971 5970
f 5972 5974 5973
f 5975 5977 5976
f 5978 5980 5979
f 5981 5983 5982
f 5984 5986 5985
f 5987 5989 5988
f 5990 5992 5991
f 5993 5995 5994
f 5996 5998 5997
f 5999 6001 6000
f 6002 6004 6003
f 6005 6007 6006
f 6008 6010 6009
f 6011 6013 6012
f 6014 6016 6015
f 6017 6019 6018
f 6020 6022 6021
f 6023 6025 6024
f 6026 6028 6027
f 6029 6031 6030
f 6032 6034 6033
f 6035 6037 6036
f 6038 6040 6039
f 6041 6043 6042
f 6044 6046 6045
f 6047 6049 6048
f 6050 6052 6051
f 6053 6055 6054
f 6056 6058 6057
f 6059 6061 6060
f 6062 6064 6063
f 6065 6067 6066
f 6068 6070 6069
f 6071 6073 6072
f 6074 6076 6075
f 6077 6079 6078
f 6080 6082 6081
f 6083 6085 6084
f 6086 6088 6087
f 6089 6091 6090
f 6092 6094 6093
f 6095 6097 6096
f 6098 6100 6099
f 6101 6103 6102
f 6104 6106 6105
f 6107 6109 6108
f 6110 6112 6111
f 6113 6115 6114
f 6116 6118 6117
f 6119 6121 6120
f 6122 6124 6123
f 6125 6127 6126
f 6128 6130 6129
f 6131 6133 6132
f 6134 6136 6135
f 6137 6139 6138
f 6140 6142 6141
f 6143 6145 6144
f 6146 6148 6147
f 6149 6151 6150
f 6152 6154 6153
f 6155 6157 6156
f 6158 6160 6159
f 6161 6163 6162
f 6164 6166 6165
f 6167 6169 6168
f 6170 6172 6171
f 6173 6175 6174
f 6176 6178 6177
f 6179 6181 6180
f 6182 6184 6183
f 6185 6187 6186
f 6188 6190 6189
f 6191 6193 6192
f 6194 6196 6195
f 6197 6199 6198
f 6200 6202 6201
f 6203 6205 6204
f 6206 6208 6207
f 6209 6211 6210
f 6212 6214 6213
f 6215 6217 6216
f 6218 6220 6219
f 6221 6223 6222
f 6224 6226 6225
f 6227 6229 6228
f 6230 6232 6231
f 6233 6235 6234
f 6236 6238 6237
f 6239 6241 6240
f 6242 6244 6243
f 6245 6247 6246
f 6248 6250 6249
f 6251 6253 6252
f 6254 6256 6255
f 6257 6259 6258
f 6260 6262 6261
f 6263 6265 6264
f 6266 6268 6267
f 6269 6271 6270
f 6272 6274 6273
f 6275 6277 6276
f 6278 6280 6279
f 6281 6283 6282
f 6284 6286 6285
f 6287 6289 6288
f 6290 6292 6291
f 6293 6295 6294
f 6296 6298 6297
f 6299 6301 6300
f 6302 6304 6303
f 6305 6307 6306
f 6308 6310 6309
f 6311 6313 6312
f 6314 6316 6315
f 6317 6319 6318
f 6320 6322 6321
f 6323 6325 6324
f 6326 6328 6327
f 6329 6331 6330
f 6332 6334 6333
f 6335 6337 6336
f 6338 6340 6339
f 6341 6343 6342
f 6344 6346 6345
f 6347 6349 6348
f 6350 6352 6351
f 6353 6355 6354
f 6356 6358 6357
f 6359 6361 6360
f 6362 6364 6363
f 6365 6367 6366
f 6368 6370 6369
f 6371 6373 6372
f 6374 6376 6375
f 6377 6379 6378
f 6380 6382 6381
f 6383 6385 6384
f 6386 6388 6387
f 6389 6391 6390
f 6392 6394 6393
f 6395 6397 6396
f 6398 6400 6399
f 6401 6403 6402
f 6404 6406 6405
f 6407 6409 6408
f 6410 6412 6411
f 6413 6415 6414
f 6416 6418 6417
f 6419 6421 6420
f 6422 6424 6423
f 6425 6427 6426
f 6428 6430 6429
f 6431 6433 6432
f 6434 6436 6435
f 6437 6439 6438
f 6440 6442 6441
f 6443 6445 6444
f 6446 6448 6447
f 6449 6451 6450
f 6452 6454 6453
f 6455 6457 6456
f 6458 6460 6459
f 6461 6463 6462
f 6464 6466 6465
f 6467 6469 6468
f 6470 6472 6471
f 6473 6475 6474
f 6476 6478 6477
f 6479 6481 6480
f 6482 6484 6483
f 6485 6487 6486
f 6488 6490 6489
f 6491 6493 6492
f 6494 6496 6495
f 6497 6499 6498
f 6500 6502 6501
f 6503 6505 6504
f 6506 6508 6507
f 6509 6511 6510
f 6512 6514 6513
f 6515 6517 6516
f 6518 6520 6519
f 6521 6523 6522
f 6524 6526 6525
f 6527 6529 6528
f 6530 6532 6531
f 6533 6535 6534
f 6536 6538 6537
f 6539 6541 6540
f 6542 6544 6543
f 6545 6547 6546
f 6548 6550 6549
f 6551 6553 6552
f 6554 6556 6555
f 6557 6559 6558
f 6560 6562 6561
f 6563 6565 6564
f 6566 6568 6567
f 6569 6571 6570
f 6572 6574 6573
f 6575 6577 6576
f 6578 6580 6579
f 6581 6583 6582
f 6584 6586 6585
f 6587 6589 6588
f 6590 6592 6591
f 6593 6595 6594
f 6596 6598 6597
f 6599 6601 6600
f 6602 6604 6603
f 6605 6607 6606
f 6608 6610 6609
f 6611 6613 6612
f 6614 6616 6615
f 6617 6619 6618
f 6620 6622 6621
f 6623 6625 6624
f 6626 6628 6627
f 6629 6631 6630
f 6632 6634 6633
f 6635 6637 6636
f 6638 6640 6639
f 6641 6643 6642
f 6644 6646 6645
f 6647 6649 6648
f 6650 6652 6651
f 6653 6655 6654
f 6656 6658 6657
f 6659 6661 6660
f 6662 6664 6663
f 6665 6667 6666
f 6668 6670 6669
f 6671 6673 6672
f 6674 6676 6675
f 6677 6679 6678
f 6680 6682 6681
f 6683 6685 6684
f 6686 6688 6687
f 6689 6691 6690
f 6692 6694 6693
f 6695 6697 6696
f 6698 6700 6699
f 6701 6703 6702
f 6704 6706 6705
f 6707 6709 6708
f 6710 6712 6711
f 6713 6715 6714
f 6716 6718 6717
f 6719 6728 6727
f 6720 6729 6728
f 6721 6730 6729
f 6722 6731 6730
f 6723 6732 6731
f 6724 6733 6732
f 6725 6734 6733
f 6728 6736 6727
f 6727 6736 6735
f 6729 6737 6728
f 6728 6737 6736
f 6730 6738 6729
f 6729 6738 6737
f 6731 6739 6730
f 6730 6739 6738
f 6732 6740 6731
f 6731 6740 6739
f 6733 6741 6732
f 6732 6741 6740
f 6734 6742 6733
f 6733 6742 6741
f 6736 6744 6735
f 6735 6744 6743
f 6737 6745 6736
f 6736 6745 6744
f 6738 6746 6737
f 6737 6746 6745
f 6739 6747 6738
f 6738 6747 6746
f 6740 6748 6739
f 6739 6748 6747
f 6741 6749 6740
f 6740 6749 6748
f 6742 6750 6741
f 6741 6750 6749
f 6744 6752 6743
f 6743 6752 6751
f 6745 6753 6744
f 6744 6753 6752
f 6746 6754 6745
f 6745 6754 6753
f 6747 6755 6746
f 6746 6755 6754
f 6748 6756 6747
f 6747 6756 6755
f 6749 6757 6748
f 6748 6757 6756
f 6750 6758 6749
f 6749 6758 6757
f 6752 6760 6751
f 6753 6761 6752
f 6754 6762 6753
f 6755 6763 6754
f 6756 6764 6755
f 6757 6765 6756
f 6758 6766 6757
f 6767 6769 6768
f 6770 6772 6771
f 6773 6775 6774
f 6776 6778 6777
f 6779 6781 6780
f 6782 6784 6783
f 6785 6787 6786
f 6788 6790 6789
f 6791 6793 6792
f 6794 6796 6795
f 6797 6799 6798
f 6800 6802 6801
f 6803 6805 6804
f 6806 6808 6807
f 6809 6811 6810
f 6812 6814 6813
f 6815 6817 6816
f 6818 6820 6819
f 6821 6823 6822
f 6824 6826 6825
f 6827 6829 6828
f 6830 6832 6831
f 6833 6835 6834
f 6836 6838 6837
f 6839 6841 6840
f 6842 6844 6843
f 6845 6847 6846
f 6848 6850 6849
f 6851 6853 6852
f 6854 6856 6855
f 6857 6859 6858
f 6860 6862 6861
f 6863 6865 6864
f 6866 6868 6867
f 6869 6871 6870
f 6872 6874 6873
f 6875 6877 6876
f 6878 6880 6879
f 6881 6883 6882
f 6884 6886 6885
f 6887 6889 6888
f 6890 6892 6891
f 6893 6895 6894
f 6896 6898 6897
f 6899 6901 6900
f 6902 6904 6903
f 6905 6907 6906
f 6908 6910 6909
f 6911 6913 6912
f 6914 6916 6915
f 6917 6919 6918
f 6920 6922 6921
f 6923 6925 6924
f 6926 6928 6927
f 6929 6931 6930
f 6932 6934 6933
f 6935 6937 6936
f 6938 6940 6939
f 6941 6943 6942
f 6944 6946 6945
f 6947 6949 6948
f 6950 6952 6951
f 6953 6955 6954
f 6956 6958 6957
f 6959 6961 6960
f 6962 6964 6963
f 6965 6967 6966
f 6968 6970 6969
f 6971 6973 6972
f 6974 6976 6975
f 6977 6979 6978
f 6980 6982 6981
f 6983 6985 6984
f 6986 6988 6987
f 6989 6991 6990
f 6992 6994 6993
f 6995 6997 6996
f 6998 7000 6999
f 7001 7003 7002
f 7004 7006 7005
f 7007 7009 7008
f 7010 7012 7011
f 7013 7015 7014
f 7016 7018 7017
f 7019 7021 7020
f 7022 7024 7023
f 7025 7027 7026
f 7028 7030 7029
f 7031 7033 7032
f 7034 7036 7035
f 7037 7039 7038
f 7040 7042 7041
f 7043 7045 7044
f 7046 7048 7047
f 7049 7051 7050
f 7052 7054 7053
f 7055 7057 7056
f 7058 7060 7059
f 7061 7063 7062
f 7064 7066 7065
f 7067 7069 7068
f 7070 7072 7071
f 7073 7075 7074
f 7076 7078 7077
f 7079 7081 7080
f 7082 7084 7083
f 7085 7087 7086
f 7088 7090 7089
f 7091 7093 7092
f 7094 7096 7095
f 7097 7099 7098
f 7100 7102 7101
f 7103 7105 7104
f 7106 7108 7107
f 7109 7111 7110
f 7112 7114 7113
f 7115 7117 7116
f 7118 7120 7119
f 7121 7123 7122
f 7124 7126 7125
f 7127 7129 7128
f 7130 7132 7131
f 7133 7135 7134
f 7136 7138 7137
f 7139 7141 7140
f 7142 7144 7143
f 7145 7147 7146
f 7148 7150 7149
f 7151 7153 7152
f 7154 7156 7155
f 7157 7159 7158
f 7160 7162 7161
f 7163 7165 7164
f 7166 7168 7167
f 7169 7171 7170
f 7172 7174 7173
f 7175 7177 7176
f 7178 7180 7179
f 7181 7183 7182
f 7184 7186 7185
f 7187 7189 7188
f 7190 7192 7191
f 7193 7195 7194
f 7196 7198 7197
f 7199 7201 7200
f 7202 7204 7203
f 7205 7207 7206
f 7208 7210 7209
f 7211 7213 7212
f 7214 7216 7215
f 7217 7219 7218
f 7220 7222 7221
f 7223 7225 7224
f 7226 7228 7227
f 7229 7231 7230
f 7232 7234 7233
f 7235 7237 7236
f 7238 7240 7239
f 7241 7243 7242
f 7244 7246 7245
f 7247 7249 7248
f 7250 7252 7251
f 7253 7255 7254
f 7256 7258 7257
f 7259 7261 7260
f 7262 7264 7263
f 7265 7267 7266
f 7268 7270 7269
f 7271 7273 7272
f 7274 7276 7275
f 7277 7279 7278
f 7280 7282 7281
f 7283 7285 7284
f 7286 7288 7287
f 7289 7291 7290
f 7292 7294 7293
f 7295 7297 7296
f 7298 7300 7299
f 7301 7303 7302
f 7304 7306 7305
f 7307 7309 7308
f 7310 7312 7311
f 7313 7315 7314
f 7316 7318 7317
f 7319 7321 7320
f 7322 7324 7323
f 7325 7327 7326
f 7328 7330 7329
f 7331 7333 7332
f 7334 7336 7335
f 7337 7339 7338
f 7340 7342 7341
f 7343 7345 7344
f 7346 7348 7347
f 7349 7351 7350
f 7352 7354 7353
f 7355 7357 7356
f 7358 7360 7359
f 7361 7363 7362
f 7364 7366 7365
f 7367 7369 7368
f 7370 7372 7371
f 7373 7375 7374
f 7376 7378 7377
f 7379 7381 7380
f 7382 7384 7383
f 7385 7387 7386
f 7388 7390 7389
f 7391 7393 7392
f 7394 7396 7395
f 7397 7399 7398
f 7400 7402 7401
f 7403 7405 7404
f 7406 7408 7407
f 7409 7411 7410
f 7412 7414 7413
f 7415 7417 7416
f 7418 7420 7419
f 7421 7423 7422
f 7424 7426 7425
f 7427 7429 7428
f 7430 7432 7431
f 7433 7435 7434
f 7436 7438 7437
f 7439 7441 7440
f 7442 7444 7443
f 7445 7447 7446
f 7448 7450 7449
f 7451 7453 7452
f 7454 7456 7455
f 7457 7459 7458
f 7460 7462 7461
f 7463 7465 7464
f 7466 7468 7467
f 7469 7471 7470
f 7472 7474 7473
f 7475 7477 7476
f 7478 7480 7479
f 7481 7483 7482
f 7484 7486 7485
f 7487 7489 7488
f 7490 7492 7491
f 7493 7495 7494
f 7496 7498 7497
f 7499 7501 7500
f 7502 7504 7503
f 7505 7507 7506
f 7508 7510 7509
f 7511 7513 7512
f 7514 7516 7515
f 7517 7519 7518
f 7520 7522 7521
f 7523 7525 7524
f 7526 7528 7527
f 7529 7531 7530
f 7532 7534 7533
f 7535 7537 7536
f 7538 7540 7539
f 7541 7543 7542
f 7544 7546 7545
f 7547 7549 7548
f 7550 7552 7551
f 7553 7555 7554
f 7556 7558 7557
f 7559 7561 7560
f 7562 7564 7563
f 7565 7567 7566
f 7568 7570 7569
f 7571 7573 7572
f 7574 7576 7575
f 7577 7579 7578
f 7580 7582 7581
f 7583 7585 7584
f 7586 7588 7587
f 7589 7591 7590
f 7592 7594 7593
f 7595 7597 7596
f 7598 7600 7599
f 7601 7603 7602
f 7604 7606 7605
f 7607 7609 7608
f 7610 7612 7611
f 7613 7615 7614
f 7616 7618 7617
f 7619 7621 7620
f 7622 7624 7623
f 7625 7627 7626
f 7628 7630 7629
f 7631 7633 7632
f 7634 7636 7635
f 7637 7639 7638
f 7640 7642 7641
f 7643 7645 7644
f 7646 7648 7647
f 7649 7651 7650
f 7652 7654 7653
f 7655 7657 7656
f 7658 7660 7659
f 7661 7663 7662
f 7664 7666 7665
f 7667 7676 7675
f 7668 7677 7676
f 7669 7678 7677
f 7670 7679 7678
f 7671 7680 7679
f 7672 7681 7680
f 7673 7682 7681
f 7676 7684 7675
f 7675 7684 7683
f 7677 7685 7676
f 7676 7685 7684
f 7678 7686 7677
f 7677 7686 7685
f 7679 7687 7678
f 7678 7687 7686
f 7680 7688 7679
f 7679 7688 7687
f 7681 7689 7680
f 7680 7689 7688
f 7682 7690 7681
f 7681 7690 7689
f 7684 7692 7683
f 7683 7692 7691
f 7685 7693 7684
f 7684 7693 7692
f 7686 7694 7685
f 7685 7694 7693
f 7687 7695 7686
f 7686 7695 7694
f 7688 7696 7687
f 7687 7696 7695
f 7689 7697 7688
f 7688 7697 7696
f 7690 7698 7689
f 7689 7698 7697
f 7692 7700 7691
f 7691 7700 7699
f 7693 7701 7692
f 7692 7701 7700
f 7694 7702 7693
f 7693 7702 7701
f 7695 7703 7694
f 7694 7703 7702
f 7696 7704 7695
f 7695 7704 7703
f 7697 7705 7696
f 7696 7705 7704
f 7698 7706 7697
f 7697 7706 7705
f 7700 7708 7699
f 7701 7709 7700
f 7702 7710 7701
f 7703 7711 7702
f 7704 7712 7703
f 7705 7713 7704
f 7706 7714 7705
f 7715 7717 7716
f 7718 7720 7719
f 7721 7723 7722
f 7724 7726 7725
f 7727 7729 7728
f 7730 7732 7731
f 7733 7735 7734
f 7736 7738 7737
f 7739 7741 7740
f 7742 7744 7743
f 7745 7747 7746
f 7748 7750 7749
f 7751 7753 7752
f 7754 7756 7755
f 7757 7759 7758
f 7760 7762 7761
f 7763 7765 7764
f 7766 7768 7767
f 7769 7771 7770
f 7772 7774 7773
f 7775 7777 7776
f 7778 7780 7779
f 7781 7783 7782
f 7784 7786 7785
f 7787 7789 7788
f 7790 7792 7791
f 7793 7795 7794
f 7796 7798 7797
f 7799 7801 7800
f 7802 7804 7803
f 7805 7807 7806
f 7808 7810 7809
f 7811 7813 7812
f 7814 7816 7815
f 7817 7819 7818
f 7820 7822 7821
f 7823 7825 7824
f 7826 7828 7827
f 7829 7831 7830
f 7832 7834 7833
f 7835 7837 7836
f 7838 7840 7839
f 7841 7843 7842
f 7844 7846 7845
f 7847 7849 7848
f 7850 7852 7851
f 7853 7855 7854
f 7856 7858 7857
f 7859 7861 7860
f 7862 7864 7863
f 7865 7867 7866
f 7868 7870 7869
f 7871 7873 7872
f 7874 7876 7875
f 7877 7879 7878
f 7880 7882 7881
f 7883 7885 7884
f 7886 7888 7887
f 7889 7891 7890
f 7892 7894 7893
f 7895 7897 7896
f 7898 7900 7899
f 7901 7903 7902
f 7904 7906 7905
f 7907 7909 7908
f 7910 7912 7911
f 7913 7915 7914
f 7916 7918 7917
f 7919 7921 7920
f 7922 7924 7923
f 7925 7927 7926
f 7928 7930 7929
f 7931 7933 7932
f 7934 7936 7935
f 7937 7939 7938
f 7940 7942 7941
f 7943 7945 7944
f 7946 7948 7947
f 7949 7951 7950
f 7952 7954 7953
f 7955 7957 7956
f 7958 7960 7959
f 7961 7963 7962
f 7964 7966 7965
f 7967 7969 7968
f 7970 7972 7971
f 7973 7975 7974
f 7976 7978 7977
f 7979 7981 7980
f 7982 7984 7983
f 7985 7987 7986
f 7988 7990 7989
f 7991 7993 7992
f 7994 7996 7995
f 7997 7999 7998
f 8000 8002 8001
f 8003 8005 8004
f 8006 8008 8007
f 8009 8011 8010
f 8012 8014 8013
f 8015 8017 8016
f 8018 8020 8019
f 8021 8023 8022
f 8024 8026 8025
f 8027 8029 8028
f 8030 8032 8031
f 8033 8035 8034
f 8036 8038 8037
f 8039 8041 8040
f 8042 8044 8043
f 8045 8047 8046
f 8048 8050 8049
f 8051 8053 8052
f 8054 8056 8055
f 8057 8059 8058
f 8060 8062 8061
f 8063 8065 8064
f 8066 8068 8067
f 8069 8071 8070
f 8072 8074 8073
f 8075 8077 8076
f 8078 8080 8079
f 8081 8083 8082
f 8084 8086 8085
f 8087 8089 8088
f 8090 8092 8091
f 8093 8095 8094
f 8096 8098 8097
f 8099 8101 8100
f 8102 8104 8103
f 8105 8107 8106
f 8108 8110 8109
f 8111 8113 8112
f 8114 8116 8115
f 8117 8119 8118
f 8120 8122 8121
f 8123 8125 8124
f 8126 8128 8127
f 8129 8131 8130
f 8132 8134 8133
f 8135 8137 8136
f 8138 8140 8139
f 8141 8143 8142
f 8144 8146 8145
f 8147 8149 8148
f 8150 8152 8151
f 8153 8155 8154
f 8156 8158 8157
f 8159 8161 8160
f 8162 8164 8163
f 8165 8167 8166
f 8168 8170 8169
f 8171 8173 8172
f 8174 8176 8175
f 8177 8179 8178
f 8180 8182 8181
f 8183 8185 8184
f 8186 8188 8187
f 8189 8191 8190
f 8192 8194 8193
f 8195 8197 8196
f 8198 8200 8199
f 8201 8203 8202
f 8204 8206 8205
f 8207 8209 8208
f 8210 8212 8211
f 8213 8215 8214
f 8216 8218 8217
f 8219 8221 8220
f 8222 8224 8223
f 8225 8227 8226
f 8228 8230 8229
f 8231 8233 8232
f 8234 8236 8235
f 8237 8239 8238
f 8240 8242 8241
f 8243 8245 8244
f 8246 8248 8247
f 8249 8251 8250
f 8252 8254 8253
f 8255 8257 8256
f 8258 8260 8259
f 8261 8263 8262
f 8264 8266 8265
f 8267 8269 8268
f 8270 8272 8271
f 8273 8275 8274
f 8276 8278 8277
f 8279 8281 8280
f 8282 8284 8283
f 8285 8287 8286
f 8288 8290 8289
f 8291 8293 8292
f 8294 8296 8295
f 8297 8299 8298
f 8300 8302 8301
f 8303 8305 8304
f 8306 8308 8307
f 8309 8311 8310
f 8312 8314 8313
f 8315 8317 8316
f 8318 8320 8319
f 8321 8323 8322
f 8324 8326 8325
f 8327 8329 8328
f 8330 8332 8331
f 8333 8335 8334
f 8336 8338 8337
f 8339 8341 8340
f 8342 8344 8343
f 8345 8347 8346
f 8348 8350 8349
f 8351 8353 8352
f 8354 8356 8355
f 8357 8359 8358
f 8360 8362 8361
f 8363 8365 8364
f 8366 8368 8367
f 8369 8371 8370
f 8372 8374 8373
f 8375 8377 8376
f 8378 8380 8379
f 8381 8383 8382
f 8384 8386 8385
f 8387 8389 8388
f 8390 8392 8391
f 8393 8395 8394
f 8396 8398 8397
f 8399 8401 8400
f 8402 8404 8403
f 8405 8407 8406
f 8408 8410 8409
f 8411 8413 8412
f 8414 8416 8415
f 8417 8419 8418
f 8420 8422 8421
f 8423 8425 8424
f 8426 8428 8427
f 8429 8431 8430
f 8432 8434 8433
f 8435 8437 8436
f 8438 8440 8439
f 8441 8443 8442
f 8444 8446 8445
f 8447 8449 8448
f 8450 8452 8451
f 8453 8455 8454
f 8456 8458 8457
f 8459 8461 8460
f 8462 8464 8463
f 8465 8467 8466
f 8468 8470 8469
f 8471 8473 8472
f 8474 8476 8475
f 8477 8479 8478
f 8480 8482 8481
f 8483 8485 8484
f 8486 8488 8487
f 8489 8491 8490
f 8492 8494 8493
f 8495 8497 8496
f 8498 8500 8499
f 8501 8503 8502
f 8504 8506 8505
f 8507 8509 8508
f 8510 8512 8511
f 8513 8515 8514
f 8516 8518 8517
f 8519 8521 8520
f 8522 8524 8523
f 8525 8527 8526
f 8528 8530 8529
f 8531 8533 8532
f 8534 8536 8535
f 8537 8539 8538
f 8540 8542 8541
f 8543 8545 8544
f 8546 8548 8547
f 8549 8551 8550
f 8552 8554 8553
f 8555 8557 8556
f 8558 8560 8559
f 8561 8563 8562
f 8564 8566 8565
f 8567 8569 8568
f 8570 8572 8571
f 8573 8575 8574
f 8576 8578 8577
f 8579 8581 8580
f 8582 8584 8583
f 8585 8587 8586
f 8588 8590 8589
f 8591 8593 8592
f 8594 8596 8595
f 8597 8599 8598
f 8600 8602 8601
f 8603 8605 8604
f 8606 8608 8607
f 8609 8611 8610
f 8612 8614 8613