v -0.17290 0.41890 0.11640 0.55201 0.35153 0.19462
v -0.17440 0.41480 0.11790 0.55201 0.35153 0.19462
v -0.17440 0.42040 0.11230 0.55201 0.35153 0.19462
v -0.17440 0.41480 0.11790 0.55201 0.35153 0.19462
v -0.17692 0.41606 0.11356 0.55201 0.35153 0.19462
v -0.17440 0.42040 0.11230 0.55201 0.35153 0.19462
v -0.17440 0.42040 0.11230 0.55201 0.35153 0.19462
v -0.17692 0.41606 0.11356 0.55201 0.35153 0.19462
v -0.17508 0.42108 0.10670 0.55201 0.35153 0.19462
v -0.17692 0.41606 0.11356 0.55201 0.35153 0.19462
v -0.17823 0.41671 0.10670 0.55201 0.35153 0.19462
v -0.17508 0.42108 0.10670 0.55201 0.35153 0.19462
v -0.17508 0.42108 0.10670 0.55201 0.35153 0.19462
v -0.17823 0.41671 0.10670 0.55201 0.35153 0.19462
v -0.17508 0.42108 -0.10670 0.55201 0.35153 0.19462
v -0.17823 0.41671 0.10670 0.55201 0.35153 0.19462
v -0.17823 0.41671 -0.10670 0.55201 0.35153 0.19462
v -0.17508 0.42108 -0.10670 0.55201 0.35153 0.19462
v -0.17508 0.42108 -0.10670 0.55201 0.35153 0.19462
v -0.17823 0.41671 -0.10670 0.55201 0.35153 0.19462
v -0.17440 0.42040 -0.11230 0.55201 0.35153 0.19462
v -0.17823 0.41671 -0.10670 0.55201 0.35153 0.19462
v -0.17692 0.41606 -0.11356 0.55201 0.35153 0.19462
v -0.17440 0.42040 -0.11230 0.55201 0.35153 0.19462
v -0.17440 0.42040 -0.11230 0.55201 0.35153 0.19462
v -0.17692 0.41606 -0.11356 0.55201 0.35153 0.19462
v -0.17290 0.41890 -0.11640 0.55201 0.35153 0.19462
v -0.17692 0.41606 -0.11356 0.55201 0.35153 0.19462
v -0.17440 0.41480 -0.11790 0.55201 0.35153 0.19462
v -0.17290 0.41890 -0.11640 0.55201 0.35153 0.19462
v -0.17440 0.41480 0.11790 0.55201 0.35153 0.19462
v -0.17508 0.40920 0.11858 0.55201 0.35153 0.19462
v -0.17692 0.41606 0.11356 0.55201 0.35153 0.19462
v -0.17508 0.40920 0.11858 0.55201 0.35153 0.19462
v -0.17823 0.40920 0.11421 0.55201 0.35153 0.19462
v -0.17692 0.41606 0.11356 0.55201 0.35153 0.19462
v -0.17692 0.41606 0.11356 0.55201 0.35153 0.19462
v -0.17823 0.40920 0.11421 0.55201 0.35153 0.19462
v -0.17823 0.41671 0.10670 0.55201 0.35153 0.19462
v -0.17823 0.40920 0.11421 0.55201 0.35153 0.19462
v -0.18000 0.40920 0.10670 0.55201 0.35153 0.19462
v -0.17823 0.41671 0.10670 0.55201 0.35153 0.19462
v -0.17823 0.41671 0.10670 0.55201 0.35153 0.19462
v -0.18000 0.40920 0.10670 0.55201 0.35153 0.19462
v -0.17823 0.41671 -0.10670 0.55201 0.35153 0.19462
v -0.18000 0.40920 0.10670 0.55201 0.35153 0.19462
v -0.18000 0.40920 -0.10670 0.55201 0.35153 0.19462
v -0.17823 0.41671 -0.10670 0.55201 0.35153 0.19462
v -0.17823 0.41671 -0.10670 0.55201 0.35153 0.19462
v -0.18000 0.40920 -0.10670 0.55201 0.35153 0.19462
v -0.17692 0.41606 -0.11356 0.55201 0.35153 0.19462
v -0.18000 0.40920 -0.10670 0.55201 0.35153 0.19462
v -0.17823 0.40920 -0.11421 0.55201 0.35153 0.19462
v -0.17692 0.41606 -0.11356 0.55201 0.35153 0.19462
v -0.17692 0.41606 -0.11356 0.55201 0.35153 0.19462
v -0.17823 0.40920 -0.11421 0.55201 0.35153 0.19462
v -0.17440 0.41480 -0.11790 0.55201 0.35153 0.19462
v -0.17823 0.40920 -0.11421 0.55201 0.35153 0.19462
v -0.17508 0.40920 -0.11858 0.55201 0.35153 0.19462
v -0.17440 0.41480 -0.11790 0.55201 0.35153 0.19462
v -0.17508 0.40920 0.11858 0.55201 0.35153 0.19462
v -0.17508 0.30280 0.11858 0.55201 0.35153 0.19462
v -0.17823 0.40920 0.11421 0.55201 0.35153 0.19462
v -0.17508 0.30280 0.11858 0.55201 0.35153 0.19462
v -0.17823 0.30280 0.11421 0.55201 0.35153 0.19462
v -0.17823 0.40920 0.11421 0.55201 0.35153 0.19462
v -0.17823 0.40920 0.11421 0.55201 0.35153 0.19462
v -0.17823 0.30280 0.11421 0.55201 0.35153 0.19462
v -0.18000 0.40920 0.10670 0.55201 0.35153 0.19462
v -0.17823 0.30280 0.11421 0.55201 0.35153 0.19462
v -0.18000 0.30280 0.10670 0.55201 0.35153 0.19462
v -0.18000 0.40920 0.10670 0.55201 0.35153 0.19462
v -0.18000 0.40920 0.10670 0.55201 0.35153 0.19462
v -0.18000 0.30280 0.10670 0.55201 0.35153 0.19462
v -0.18000 0.40920 -0.10670 0.55201 0.35153 0.19462
v -0.18000 0.30280 0.10670 0.55201 0.35153 0.19462
v -0.18000 0.30280 -0.10670 0.55201 0.35153 0.19462
v -0.18000 0.40920 -0.10670 0.55201 0.35153 0.19462
v -0.18000 0.40920 -0.10670 0.55201 0.35153 0.19462
v -0.18000 0.30280 -0.10670 0.55201 0.35153 0.19462
v -0.17823 0.40920 -0.11421 0.55201 0.35153 0.19462
v -0.18000 0.30280 -0.10670 0.55201 0.35153 0.19462
v -0.17823 0.30280 -0.11421 0.55201 0.35153 0.19462
v -0.17823 0.40920 -0.11421 0.55201 0.35153 0.19462
v -0.17823 0.40920 -0.11421 0.55201 0.35153 0.19462
v -0.17823 0.30280 -0.11421 0.55201 0.35153 0.19462
v -0.17508 0.40920 -0.11858 0.55201 0.35153 0.19462
v -0.17823 0.30280 -0.11421 0.55201 0.35153 0.19462
v -0.17508 0.30280 -0.11858 0.55201 0.35153 0.19462
v -0.17508 0.40920 -0.11858 0.55201 0.35153 0.19462
v -0.17508 0.30280 0.11858 0.55201 0.35153 0.19462
v -0.17440 0.29720 0.11790 0.55201 0.35153 0.19462
v -0.17823 0.30280 0.11421 0.55201 0.35153 0.19462
v -0.17440 0.29720 0.11790 0.55201 0.35153 0.19462
v -0.17692 0.29594 0.11356 0.55201 0.35153 0.19462
v -0.17823 0.30280 0.11421 0.55201 0.35153 0.19462
v -0.17823 0.30280 0.11421 0.55201 0.35153 0.19462
v -0.17692 0.29594 0.11356 0.55201 0.35153 0.19462
v -0.18000 0.30280 0.10670 0.55201 0.35153 0.19462
v -0.17692 0.29594 0.11356 0.55201 0.35153 0.19462
v -0.17823 0.29529 0.10670 0.55201 0.35153 0.19462
v -0.18000 0.30280 0.10670 0.55201 0.35153 0.19462
v -0.18000 0.30280 0.10670 0.55201 0.35153 0.19462
v -0.17823 0.29529 0.10670 0.55201 0.35153 0.19462
v -0.18000 0.30280 -0.10670 0.55201 0.35153 0.19462
v -0.17823 0.29529 0.10670 0.55201 0.35153 0.19462
v -0.17823 0.29529 -0.10670 0.55201 0.35153 0.19462
v -0.18000 0.30280 -0.10670 0.55201 0.35153 0.19462
v -0.18000 0.30280 -0.10670 0.55201 0.35153 0.19462
v -0.17823 0.29529 -0.10670 0.55201 0.35153 0.19462
v -0.17823 0.30280 -0.11421 0.55201 0.35153 0.19462
v -0.17823 0.29529 -0.10670 0.55201 0.35153 0.19462
v -0.17692 0.29594 -0.11356 0.55201 0.35153 0.19462
v -0.17823 0.30280 -0.11421 0.55201 0.35153 0.19462
v -0.17823 0.30280 -0.11421 0.55201 0.35153 0.19462
v -0.17692 0.29594 -0.11356 0.55201 0.35153 0.19462
v -0.17508 0.30280 -0.11858 0.55201 0.35153 0.19462
v -0.17692 0.29594 -0.11356 0.55201 0.35153 0.19462
v -0.17440 0.29720 -0.11790 0.55201 0.35153 0.19462
v -0.17508 0.30280 -0.11858 0.55201 0.35153 0.19462
v -0.17440 0.29720 0.11790 0.55201 0.35153 0.19462
v -0.17290 0.29310 0.11640 0.55201 0.35153 0.19462
v -0.17692 0.29594 0.11356 0.55201 0.35153 0.19462
v -0.17290 0.29310 0.11640 0.55201 0.35153 0.19462
v -0.17440 0.29160 0.11230 0.55201 0.35153 0.19462
v -0.17692 0.29594 0.11356 0.55201 0.35153 0.19462
v -0.17692 0.29594 0.11356 0.55201 0.35153 0.19462
v -0.17440 0.29160 0.11230 0.55201 0.35153 0.19462
v -0.17823 0.29529 0.10670 0.55201 0.35153 0.19462
v -0.17440 0.29160 0.11230 0.55201 0.35153 0.19462
v -0.17508 0.29092 0.10670 0.55201 0.35153 0.19462
v -0.17823 0.29529 0.10670 0.55201 0.35153 0.19462
v -0.17823 0.29529 0.10670 0.55201 0.35153 0.19462
v -0.17508 0.29092 0.10670 0.55201 0.35153 0.19462
v -0.17823 0.29529 -0.10670 0.55201 0.35153 0.19462
v -0.17508 0.29092 0.10670 0.55201 0.35153 0.19462
v -0.17508 0.29092 -0.10670 0.55201 0.35153 0.19462
v -0.17823 0.29529 -0.10670 0.55201 0.35153 0.19462
v -0.17823 0.29529 -0.10670 0.55201 0.35153 0.19462
v -0.17508 0.29092 -0.10670 0.55201 0.35153 0.19462
v -0.17692 0.29594 -0.11356 0.55201 0.35153 0.19462
v -0.17508 0.29092 -0.10670 0.55201 0.35153 0.19462
v -0.17440 0.29160 -0.11230 0.55201 0.35153 0.19462
v -0.17692 0.29594 -0.11356 0.55201 0.35153 0.19462
v -0.17692 0.29594 -0.11356 0.55201 0.35153 0.19462
v -0.17440 0.29160 -0.11230 0.55201 0.35153 0.19462
v -0.17440 0.29720 -0.11790 0.55201 0.35153 0.19462
v -0.17440 0.29160 -0.11230 0.55201 0.35153 0.19462
v -0.17290 0.29310 -0.11640 0.55201 0.35153 0.19462
v -0.17440 0.29720 -0.11790 0.55201 0.35153 0.19462
v 0.17290 0.41890 -0.11640 0.55201 0.35153 0.19462
v 0.17440 0.41480 -0.11790 0.55201 0.35153 0.19462
v 0.17440 0.42040 -0.11230 0.55201 0.35153 0.19462
v 0.17440 0.41480 -0.11790 0.55201 0.35153 0.19462
v 0.17692 0.41606 -0.11356 0.55201 0.35153 0.19462
v 0.17440 0.42040 -0.11230 0.55201 0.35153 0.19462
v 0.17440 0.42040 -0.11230 0.55201 0.35153 0.19462
v 0.17692 0.41606 -0.11356 0.55201 0.35153 0.19462
v 0.17508 0.42108 -0.10670 0.55201 0.35153 0.19462
v 0.17692 0.41606 -0.11356 0.55201 0.35153 0.19462
v 0.17823 0.41671 -0.10670 0.55201 0.35153 0.19462
v 0.17508 0.42108 -0.10670 0.55201 0.35153 0.19462
v 0.17508 0.42108 -0.10670 0.55201 0.35153 0.19462
v 0.17823 0.41671 -0.10670 0.55201 0.35153 0.19462
v 0.17508 0.42108 0.10670 0.55201 0.35153 0.19462
v 0.17823 0.41671 -0.10670 0.55201 0.35153 0.19462
v 0.17823 0.41671 0.10670 0.55201 0.35153 0.19462
v 0.17508 0.42108 0.10670 0.55201 0.35153 0.19462
v 0.17508 0.42108 0.10670 0.55201 0.35153 0.19462
v 0.17823 0.41671 0.10670 0.55201 0.35153 0.19462
v 0.17440 0.42040 0.11230 0.55201 0.35153 0.19462
v 0.17823 0.41671 0.10670 0.55201 0.35153 0.19462
v 0.17692 0.41606 0.11356 0.55201 0.35153 0.19462
v 0.17440 0.42040 0.11230 0.55201 0.35153 0.19462
v 0.17440 0.42040 0.11230 0.55201 0.35153 0.19462
v 0.17692 0.41606 0.11356 0.55201 0.35153 0.19462
v 0.17290 0.41890 0.11640 0.55201 0.35153 0.19462
v 0.17692 0.41606 0.11356 0.55201 0.35153 0.19462
v 0.17440 0.41480 0.11790 0.55201 0.35153 0.19462
v 0.17290 0.41890 0.11640 0.55201 0.35153 0.19462
v 0.17440 0.41480 -0.11790 0.55201 0.35153 0.19462
v 0.17508 0.40920 -0.11858 0.55201 0.35153 0.19462
v 0.17692 0.41606 -0.11356 0.55201 0.35153 0.19462
v 0.17508 0.40920 -0.11858 0.55201 0.35153 0.19462
v 0.17823 0.40920 -0.11421 0.55201 0.35153 0.19462
v 0.17692 0.41606 -0.11356 0.55201 0.35153 0.19462
v 0.17692 0.41606 -0.11356 0.55201 0.35153 0.19462
v 0.17823 0.40920 -0.11421 0.55201 0.35153 0.19462
v 0.17823 0.41671 -0.10670 0.55201 0.35153 0.19462
v 0.17823 0.40920 -0.11421 0.55201 0.35153 0.19462
v 0.18000 0.40920 -0.10670 0.55201 0.35153 0.19462
v 0.17823 0.41671 -0.10670 0.55201 0.35153 0.19462
v 0.17823 0.41671 -0.10670 0.55201 0.35153 0.19462
v 0.18000 0.40920 -0.10670 0.55201 0.35153 0.19462
v 0.17823 0.41671 0.10670 0.55201 0.35153 0.19462
v 0.18000 0.40920 -0.10670 0.55201 0.35153 0.19462
v 0.18000 0.40920 0.10670 0.55201 0.35153 0.19462
v 0.17823 0.41671 0.10670 0.55201 0.35153 0.19462
v 0.17823 0.41671 0.10670 0.55201 0.35153 0.19462
v 0.18000 0.40920 0.10670 0.55201 0.35153 0.19462
v 0.17692 0.41606 0.11356 0.55201 0.35153 0.19462
v 0.18000 0.40920 0.10670 0.55201 0.35153 0.19462
v 0.17823 0.40920 0.11421 0.55201 0.35153 0.19462
v 0.17692 0.41606 0.11356 0.55201 0.35153 0.19462
v 0.17692 0.41606 0.11356 0.55201 0.35153 0.19462
v 0.17823 0.40920 0.11421 0.55201 0.35153 0.19462
v 0.17440 0.41480 0.11790 0.55201 0.35153 0.19462
v 0.17823 0.40920 0.11421 0.55201 0.35153 0.19462
v 0.17508 0.40920 0.11858 0.55201 0.35153 0.19462
v 0.17440 0.41480 0.11790 0.55201 0.35153 0.19462
v 0.17508 0.40920 -0.11858 0.55201 0.35153 0.19462
v 0.17508 0.30280 -0.11858 0.55201 0.35153 0.19462
v 0.17823 0.40920 -0.11421 0.55201 0.35153 0.19462
v 0.17508 0.30280 -0.11858 0.55201 0.35153 0.19462
v 0.17823 0.30280 -0.11421 0.55201 0.35153 0.19462
v 0.17823 0.40920 -0.11421 0.55201 0.35153 0.19462
v 0.17823 0.40920 -0.11421 0.55201 0.35153 0.19462
v 0.17823 0.30280 -0.11421 0.55201 0.35153 0.19462
v 0.18000 0.40920 -0.10670 0.55201 0.35153 0.19462
v 0.17823 0.30280 -0.11421 0.55201 0.35153 0.19462
v 0.18000 0.30280 -0.10670 0.55201 0.35153 0.19462
v 0.18000 0.40920 -0.10670 0.55201 0.35153 0.19462
v 0.18000 0.40920 -0.10670 0.55201 0.35153 0.19462
v 0.18000 0.30280 -0.10670 0.55201 0.35153 0.19462
v 0.18000 0.40920 0.10670 0.55201 0.35153 0.19462
v 0.18000 0.30280 -0.10670 0.55201 0.35153 0.19462
v 0.18000 0.30280 0.10670 0.55201 0.35153 0.19462
v 0.18000 0.40920 0.10670 0.55201 0.35153 0.19462
v 0.18000 0.40920 0.10670 0.55201 0.35153 0.19462
v 0.18000 0.30280 0.10670 0.55201 0.35153 0.19462
v 0.17823 0.40920 0.11421 0.55201 0.35153 0.19462
v 0.18000 0.30280 0.10670 0.55201 0.35153 0.19462
v 0.17823 0.30280 0.11421 0.55201 0.35153 0.19462
v 0.17823 0.40920 0.11421 0.55201 0.35153 0.19462
v 0.17823 0.40920 0.11421 0.55201 0.35153 0.19462
v 0.17823 0.30280 0.11421 0.55201 0.35153 0.19462
v 0.17508 0.40920 0.11858 0.55201 0.35153 0.19462
v 0.17823 0.30280 0.11421 0.55201 0.35153 0.19462
v 0.17508 0.30280 0.11858 0.55201 0.35153 0.19462
v 0.17508 0.40920 0.11858 0.55201 0.35153 0.19462
v 0.17508 0.30280 -0.11858 0.55201 0.35153 0.19462
v 0.17440 0.29720 -0.11790 0.55201 0.35153 0.19462
v 0.17823 0.30280 -0.11421 0.55201 0.35153 0.19462
v 0.17440 0.29720 -0.11790 0.55201 0.35153 0.19462
v 0.17692 0.29594 -0.11356 0.55201 0.35153 0.19462
v 0.17823 0.30280 -0.11421 0.55201 0.35153 0.19462
v 0.17823 0.30280 -0.11421 0.55201 0.35153 0.19462
v 0.17692 0.29594 -0.11356 0.55201 0.35153 0.19462
v 0.18000 0.30280 -0.10670 0.55201 0.35153 0.19462
v 0.17692 0.29594 -0.11356 0.55201 0.35153 0.19462
v 0.17823 0.29529 -0.10670 0.55201 0.35153 0.19462
v 0.18000 0.30280 -0.10670 0.55201 0.35153 0.19462
v 0.18000 0.30280 -0.10670 0.55201 0.35153 0.19462
v 0.17823 0.29529 -0.10670 0.55201 0.35153 0.19462
v 0.18000 0.30280 0.10670 0.55201 0.35153 0.19462
v 0.17823 0.29529 -0.10670 0.55201 0.35153 0.19462
v 0.17823 0.29529 0.10670 0.55201 0.35153 0.19462
v 0.18000 0.30280 0.10670 0.55201 0.35153 0.19462
v 0.18000 0.30280 0.10670 0.55201 0.35153 0.19462
v 0.17823 0.29529 0.10670 0.55201 0.35153 0.19462
v 0.17823 0.30280 0.11421 0.55201 0.35153 0.19462
v 0.17823 0.29529 0.10670 0.55201 0.35153 0.19462
v 0.17692 0.29594 0.11356 0.55201 0.35153 0.19462
v 0.17823 0.30280 0.11421 0.55201 0.35153 0.19462
v 0.17823 0.30280 0.11421 0.55201 0.35153 0.19462
v 0.17692 0.29594 0.11356 0.55201 0.35153 0.19462
v 0.17508 0.30280 0.11858 0.55201 0.35153 0.19462
v 0.17692 0.29594 0.11356 0.55201 0.35153 0.19462
v 0.17440 0.29720 0.11790 0.55201 0.35153 0.19462
v 0.17508 0.30280 0.11858 0.55201 0.35153 0.19462
v 0.17440 0.29720 -0.11790 0.55201 0.35153 0.19462
v 0.17290 0.29310 -0.11640 0.55201 0.35153 0.19462
v 0.17692 0.29594 -0.11356 0.55201 0.35153 0.19462
v 0.17290 0.29310 -0.11640 0.55201 0.35153 0.19462
v 0.17440 0.29160 -0.11230 0.55201 0.35153 0.19462
v 0.17692 0.29594 -0.11356 0.55201 0.35153 0.19462
v 0.17692 0.29594 -0.11356 0.55201 0.35153 0.19462
v 0.17440 0.29160 -0.11230 0.55201 0.35153 0.19462
v 0.17823 0.29529 -0.10670 0.55201 0.35153 0.19462
v 0.17440 0.29160 -0.11230 0.55201 0.35153 0.19462
v 0.17508 0.29092 -0.10670 0.55201 0.35153 0.19462
v 0.17823 0.29529 -0.10670 0.55201 0.35153 0.19462
v 0.17823 0.29529 -0.10670 0.55201 0.35153 0.19462
v 0.17508 0.29092 -0.10670 0.55201 0.35153 0.19462
v 0.17823 0.29529 0.10670 0.55201 0.35153 0.19462
v 0.17508 0.29092 -0.10670 0.55201 0.35153 0.19462
v 0.17508 0.29092 0.10670 0.55201 0.35153 0.19462
v 0.17823 0.29529 0.10670 0.55201 0.35153 0.19462
v 0.17823 0.29529 0.10670 0.55201 0.35153 0.19462
v 0.17508 0.29092 0.10670 0.55201 0.35153 0.19462
v 0.17692 0.29594 0.11356 0.55201 0.35153 0.19462
v 0.17508 0.29092 0.10670 0.55201 0.35153 0.19462
v 0.17440 0.29160 0.11230 0.55201 0.35153 0.19462
v 0.17692 0.29594 0.11356 0.55201 0.35153 0.19462
v 0.17692 0.29594 0.11356 0.55201 0.35153 0.19462
v 0.17440 0.29160 0.11230 0.55201 0.35153 0.19462
v 0.17440 0.29720 0.11790 0.55201 0.35153 0.19462
v 0.17440 0.29160 0.11230 0.55201 0.35153 0.19462
v 0.17290 0.29310 0.11640 0.55201 0.35153 0.19462
v 0.17440 0.29720 0.11790 0.55201 0.35153 0.19462
v 0.17290 0.41890 -0.11640 0.55201 0.35153 0.19462
v 0.17440 0.42040 -0.11230 0.55201 0.35153 0.19462
v 0.16880 0.42040 -0.11790 0.55201 0.35153 0.19462
v 0.17440 0.42040 -0.11230 0.55201 0.35153 0.19462
v 0.17006 0.42292 -0.11356 0.55201 0.35153 0.19462
v 0.16880 0.42040 -0.11790 0.55201 0.35153 0.19462
v 0.16880 0.42040 -0.11790 0.55201 0.35153 0.19462
v 0.17006 0.42292 -0.11356 0.55201 0.35153 0.19462
v 0.16320 0.42108 -0.11858 0.55201 0.35153 0.19462
v 0.17006 0.42292 -0.11356 0.55201 0.35153 0.19462
v 0.16320 0.42423 -0.11421 0.55201 0.35153 0.19462
v 0.16320 0.42108 -0.11858 0.55201 0.35153 0.19462
v 0.16320 0.42108 -0.11858 0.55201 0.35153 0.19462
v 0.16320 0.42423 -0.11421 0.55201 0.35153 0.19462
v -0.16320 0.42108 -0.11858 0.55201 0.35153 0.19462
v 0.16320 0.42423 -0.11421 0.55201 0.35153 0.19462
v -0.16320 0.42423 -0.11421 0.55201 0.35153 0.19462
v -0.16320 0.42108 -0.11858 0.55201 0.35153 0.19462
v -0.16320 0.42108 -0.11858 0.55201 0.35153 0.19462
v -0.16320 0.42423 -0.11421 0.55201 0.35153 0.19462
v -0.16880 0.42040 -0.11790 0.55201 0.35153 0.19462
v -0.16320 0.42423 -0.11421 0.55201 0.35153 0.19462
v -0.17006 0.42292 -0.11356 0.55201 0.35153 0.19462
v -0.16880 0.42040 -0.11790 0.55201 0.35153 0.19462
v -0.16880 0.42040 -0.11790 0.55201 0.35153 0.19462
v -0.17006 0.42292 -0.11356 0.55201 0.35153 0.19462
v -0.17290 0.41890 -0.11640 0.55201 0.35153 0.19462
v -0.17006 0.42292 -0.11356 0.55201 0.35153 0.19462
v -0.17440 0.42040 -0.11230 0.55201 0.35153 0.19462
v -0.17290 0.41890 -0.11640 0.55201 0.35153 0.19462
v 0.17440 0.42040 -0.11230 0.55201 0.35153 0.19462
v 0.17508 0.42108 -0.10670 0.55201 0.35153 0.19462
v 0.17006 0.42292 -0.11356 0.55201 0.35153 0.19462
v 0.17508 0.42108 -0.10670 0.55201 0.35153 0.19462
v 0.17071 0.42423 -0.10670 0.55201 0.35153 0.19462
v 0.17006 0.42292 -0.11356 0.55201 0.35153 0.19462
v 0.17006 0.42292 -0.11356 0.55201 0.35153 0.19462
v 0.17071 0.42423 -0.10670 0.55201 0.35153 0.19462
v 0.16320 0.42423 -0.11421 0.55201 0.35153 0.19462
v 0.17071 0.42423 -0.10670 0.55201 0.35153 0.19462
v 0.16320 0.42600 -0.10670 0.55201 0.35153 0.19462
v 0.16320 0.42423 -0.11421 0.55201 0.35153 0.19462
v 0.16320 0.42423 -0.11421 0.55201 0.35153 0.19462
v 0.16320 0.42600 -0.10670 0.55201 0.35153 0.19462
v -0.16320 0.42423 -0.11421 0.55201 0.35153 0.19462
v 0.16320 0.42600 -0.10670 0.55201 0.35153 0.19462
v -0.16320 0.42600 -0.10670 0.55201 0.35153 0.19462
v -0.16320 0.42423 -0.11421 0.55201 0.35153 0.19462
v -0.16320 0.42423 -0.11421 0.55201 0.35153 0.19462
v -0.16320 0.42600 -0.10670 0.55201 0.35153 0.19462
v -0.17006 0.42292 -0.11356 0.55201 0.35153 0.19462
v -0.16320 0.42600 -0.10670 0.55201 0.35153 0.19462
v -0.17071 0.42423 -0.10670 0.55201 0.35153 0.19462
v -0.17006 0.42292 -0.11356 0.55201 0.35153 0.19462
v -0.17006 0.42292 -0.11356 0.55201 0.35153 0.19462
v -0.17071 0.42423 -0.10670 0.55201 0.35153 0.19462
v -0.17440 0.42040 -0.11230 0.55201 0.35153 0.19462
v -0.17071 0.42423 -0.10670 0.55201 0.35153 0.19462
v -0.17508 0.42108 -0.10670 0.55201 0.35153 0.19462
v -0.17440 0.42040 -0.11230 0.55201 0.35153 0.19462
v 0.17508 0.42108 -0.10670 0.55201 0.35153 0.19462
v 0.17508 0.42108 0.10670 0.55201 0.35153 0.19462
v 0.17071 0.42423 -0.10670 0.55201 0.35153 0.19462
v 0.17508 0.42108 0.10670 0.55201 0.35153 0.19462
v 0.17071 0.42423 0.10670 0.55201 0.35153 0.19462
v 0.17071 0.42423 -0.10670 0.55201 0.35153 0.19462
v 0.17071 0.42423 -0.10670 0.55201 0.35153 0.19462
v 0.17071 0.42423 0.10670 0.55201 0.35153 0.19462
v 0.16320 0.42600 -0.10670 0.55201 0.35153 0.19462
v 0.17071 0.42423 0.10670 0.55201 0.35153 0.19462
v 0.16320 0.42600 0.10670 0.55201 0.35153 0.19462
v 0.16320 0.42600 -0.10670 0.55201 0.35153 0.19462
v 0.16320 0.42600 -0.10670 0.55201 0.35153 0.19462
v 0.16320 0.42600 0.10670 0.55201 0.35153 0.19462
v -0.16320 0.42600 -0.10670 0.55201 0.35153 0.19462
v 0.16320 0.42600 0.10670 0.55201 0.35153 0.19462
v -0.16320 0.42600 0.10670 0.55201 0.35153 0.19462
v -0.16320 0.42600 -0.10670 0.55201 0.35153 0.19462
v -0.16320 0.42600 -0.10670 0.55201 0.35153 0.19462
v -0.16320 0.42600 0.10670 0.55201 0.35153 0.19462
v -0.17071 0.42423 -0.10670 0.55201 0.35153 0.19462
v -0.16320 0.42600 0.10670 0.55201 0.35153 0.19462
v -0.17071 0.42423 0.10670 0.55201 0.35153 0.19462
v -0.17071 0.42423 -0.10670 0.55201 0.35153 0.19462
v -0.17071 0.42423 -0.10670 0.55201 0.35153 0.19462
v -0.17071 0.42423 0.10670 0.55201 0.35153 0.19462
v -0.17508 0.42108 -0.10670 0.55201 0.35153 0.19462
v -0.17071 0.42423 0.10670 0.55201 0.35153 0.19462
v -0.17508 0.42108 0.10670 0.55201 0.35153 0.19462
v -0.17508 0.42108 -0.10670 0.55201 0.35153 0.19462
v 0.17508 0.42108 0.10670 0.55201 0.35153 0.19462
v 0.17440 0.42040 0.11230 0.55201 0.35153 0.19462
v 0.17071 0.42423 0.10670 0.55201 0.35153 0.19462
v 0.17440 0.42040 0.11230 0.55201 0.35153 0.19462
v 0.17006 0.42292 0.11356 0.55201 0.35153 0.19462
v 0.17071 0.42423 0.10670 0.55201 0.35153 0.19462
v 0.17071 0.42423 0.10670 0.55201 0.35153 0.19462
v 0.17006 0.42292 0.11356 0.55201 0.35153 0.19462
v 0.16320 0.42600 0.10670 0.55201 0.35153 0.19462
v 0.17006 0.42292 0.11356 0.55201 0.35153 0.19462
v 0.16320 0.42423 0.11421 0.55201 0.35153 0.19462
v 0.16320 0.42600 0.10670 0.55201 0.35153 0.19462
v 0.16320 0.42600 0.10670 0.55201 0.35153 0.19462
v 0.16320 0.42423 0.11421 0.55201 0.35153 0.19462
v -0.16320 0.42600 0.10670 0.55201 0.35153 0.19462
v 0.16320 0.42423 0.11421 0.55201 0.35153 0.19462
v -0.16320 0.42423 0.11421 0.55201 0.35153 0.19462
v -0.16320 0.42600 0.10670 0.55201 0.35153 0.19462
v -0.16320 0.42600 0.10670 0.55201 0.35153 0.19462
v -0.16320 0.42423 0.11421 0.55201 0.35153 0.19462
v -0.17071 0.42423 0.10670 0.55201 0.35153 0.19462
v -0.16320 0.42423 0.11421 0.55201 0.35153 0.19462
v -0.17006 0.42292 0.11356 0.55201 0.35153 0.19462
v -0.17071 0.42423 0.10670 0.55201 0.35153 0.19462
v -0.17071 0.42423 0.10670 0.55201 0.35153 0.19462
v -0.17006 0.42292 0.11356 0.55201 0.35153 0.19462
v -0.17508 0.42108 0.10670 0.55201 0.35153 0.19462
v -0.17006 0.42292 0.11356 0.55201 0.35153 0.19462
v -0.17440 0.42040 0.11230 0.55201 0.35153 0.19462
v -0.17508 0.42108 0.10670 0.55201 0.35153 0.19462
v 0.17440 0.42040 0.11230 0.55201 0.35153 0.19462
v 0.17290 0.41890 0.11640 0.55201 0.35153 0.19462
v 0.17006 0.42292 0.11356 0.55201 0.35153 0.19462
v 0.17290 0.41890 0.11640 0.55201 0.35153 0.19462
v 0.16880 0.42040 0.11790 0.55201 0.35153 0.19462
v 0.17006 0.42292 0.11356 0.55201 0.35153 0.19462
v 0.17006 0.42292 0.11356 0.55201 0.35153 0.19462
v 0.16880 0.42040 0.11790 0.55201 0.35153 0.19462
v 0.16320 0.42423 0.11421 0.55201 0.35153 0.19462
v 0.16880 0.42040 0.11790 0.55201 0.35153 0.19462
v 0.16320 0.42108 0.11858 0.55201 0.35153 0.19462
v 0.16320 0.42423 0.11421 0.55201 0.35153 0.19462
v 0.16320 0.42423 0.11421 0.55201 0.35153 0.19462
v 0.16320 0.42108 0.11858 0.55201 0.35153 0.19462
v -0.16320 0.42423 0.11421 0.55201 0.35153 0.19462
v 0.16320 0.42108 0.11858 0.55201 0.35153 0.19462
v -0.16320 0.42108 0.11858 0.55201 0.35153 0.19462
v -0.16320 0.42423 0.11421 0.55201 0.35153 0.19462
v -0.16320 0.42423 0.11421 0.55201 0.35153 0.19462
v -0.16320 0.42108 0.11858 0.55201 0.35153 0.19462
v -0.17006 0.42292 0.11356 0.55201 0.35153 0.19462
v -0.16320 0.42108 0.11858 0.55201 0.35153 0.19462
v -0.16880 0.42040 0.11790 0.55201 0.35153 0.19462
v -0.17006 0.42292 0.11356 0.55201 0.35153 0.19462
v -0.17006 0.42292 0.11356 0.55201 0.35153 0.19462
v -0.16880 0.42040 0.11790 0.55201 0.35153 0.19462
v -0.17440 0.42040 0.11230 0.55201 0.35153 0.19462
v -0.16880 0.42040 0.11790 0.55201 0.35153 0.19462
v -0.17290 0.41890 0.11640 0.55201 0.35153 0.19462
v -0.17440 0.42040 0.11230 0.55201 0.35153 0.19462
v 0.17290 0.29310 0.11640 0.55201 0.35153 0.19462
v 0.17440 0.29160 0.11230 0.55201 0.35153 0.19462
v 0.16880 0.29160 0.11790 0.55201 0.35153 0.19462
v 0.17440 0.29160 0.11230 0.55201 0.35153 0.19462
v 0.17006 0.28908 0.11356 0.55201 0.35153 0.19462
v 0.16880 0.29160 0.11790 0.55201 0.35153 0.19462
v 0.16880 0.29160 0.11790 0.55201 0.35153 0.19462
v 0.17006 0.28908 0.11356 0.55201 0.35153 0.19462
v 0.16320 0.29092 0.11858 0.55201 0.35153 0.19462
v 0.17006 0.28908 0.11356 0.55201 0.35153 0.19462
v 0.16320 0.28777 0.11421 0.55201 0.35153 0.19462
v 0.16320 0.29092 0.11858 0.55201 0.35153 0.19462
v 0.16320 0.29092 0.11858 0.55201 0.35153 0.19462
v 0.16320 0.28777 0.11421 0.55201 0.35153 0.19462
v -0.16320 0.29092 0.11858 0.55201 0.35153 0.19462
v 0.16320 0.28777 0.11421 0.55201 0.35153 0.19462
v -0.16320 0.28777 0.11421 0.55201 0.35153 0.19462
v -0.16320 0.29092 0.11858 0.55201 0.35153 0.19462
v -0.16320 0.29092 0.11858 0.55201 0.35153 0.19462
v -0.16320 0.28777 0.11421 0.55201 0.35153 0.19462
v -0.16880 0.29160 0.11790 0.55201 0.35153 0.19462
v -0.16320 0.28777 0.11421 0.55201 0.35153 0.19462
v -0.17006 0.28908 0.11356 0.55201 0.35153 0.19462
v -0.16880 0.29160 0.11790 0.55201 0.35153 0.19462
v -0.16880 0.29160 0.11790 0.55201 0.35153 0.19462
v -0.17006 0.28908 0.11356 0.55201 0.35153 0.19462
v -0.17290 0.29310 0.11640 0.55201 0.35153 0.19462
v -0.17006 0.28908 0.11356 0.55201 0.35153 0.19462
v -0.17440 0.29160 0.11230 0.55201 0.35153 0.19462
v -0.17290 0.29310 0.11640 0.55201 0.35153 0.19462
v 0.17440 0.29160 0.11230 0.55201 0.35153 0.19462
v 0.17508 0.29092 0.10670 0.55201 0.35153 0.19462
v 0.17006 0.28908 0.11356 0.55201 0.35153 0.19462
v 0.17508 0.29092 0.10670 0.55201 0.35153 0.19462
v 0.17071 0.28777 0.10670 0.55201 0.35153 0.19462
v 0.17006 0.28908 0.11356 0.55201 0.35153 0.19462
v 0.17006 0.28908 0.11356 0.55201 0.35153 0.19462
v 0.17071 0.28777 0.10670 0.55201 0.35153 0.19462
v 0.16320 0.28777 0.11421 0.55201 0.35153 0.19462
v 0.17071 0.28777 0.10670 0.55201 0.35153 0.19462
v 0.16320 0.28600 0.10670 0.55201 0.35153 0.19462
v 0.16320 0.28777 0.11421 0.55201 0.35153 0.19462
v 0.16320 0.28777 0.11421 0.55201 0.35153 0.19462
v 0.16320 0.28600 0.10670 0.55201 0.35153 0.19462
v -0.16320 0.28777 0.11421 0.55201 0.35153 0.19462
v 0.16320 0.28600 0.10670 0.55201 0.35153 0.19462
v -0.16320 0.28600 0.10670 0.55201 0.35153 0.19462
v -0.16320 0.28777 0.11421 0.55201 0.35153 0.19462
v -0.16320 0.28777 0.11421 0.55201 0.35153 0.19462
v -0.16320 0.28600 0.10670 0.55201 0.35153 0.19462
v -0.17006 0.28908 0.11356 0.55201 0.35153 0.19462
v -0.16320 0.28600 0.10670 0.55201 0.35153 0.19462
v -0.17071 0.28777 0.10670 0.55201 0.35153 0.19462
v -0.17006 0.28908 0.11356 0.55201 0.35153 0.19462
v -0.17006 0.28908 0.11356 0.55201 0.35153 0.19462
v -0.17071 0.28777 0.10670 0.55201 0.35153 0.19462
v -0.17440 0.29160 0.11230 0.55201 0.35153 0.19462
v -0.17071 0.28777 0.10670 0.55201 0.35153 0.19462
v -0.17508 0.29092 0.10670 0.55201 0.35153 0.19462
v -0.17440 0.29160 0.11230 0.55201 0.35153 0.19462
v 0.17508 0.29092 0.10670 0.55201 0.35153 0.19462
v 0.17508 0.29092 -0.10670 0.55201 0.35153 0.19462
v 0.17071 0.28777 0.10670 0.55201 0.35153 0.19462
v 0.17508 0.29092 -0.10670 0.55201 0.35153 0.19462
v 0.17071 0.28777 -0.10670 0.55201 0.35153 0.19462
v 0.17071 0.28777 0.10670 0.55201 0.35153 0.19462
v 0.17071 0.28777 0.10670 0.55201 0.35153 0.19462
v 0.17071 0.28777 -0.10670 0.55201 0.35153 0.19462
v 0.16320 0.28600 0.10670 0.55201 0.35153 0.19462
v 0.17071 0.28777 -0.10670 0.55201 0.35153 0.19462
v 0.16320 0.28600 -0.10670 0.55201 0.35153 0.19462
v 0.16320 0.28600 0.10670 0.55201 0.35153 0.19462
v 0.16320 0.28600 0.10670 0.55201 0.35153 0.19462
v 0.16320 0.28600 -0.10670 0.55201 0.35153 0.19462
v -0.16320 0.28600 0.10670 0.55201 0.35153 0.19462
v 0.16320 0.28600 -0.10670 0.55201 0.35153 0.19462
v -0.16320 0.28600 -0.10670 0.55201 0.35153 0.19462
v -0.16320 0.28600 0.10670 0.55201 0.35153 0.19462
v -0.16320 0.28600 0.10670 0.55201 0.35153 0.19462
v -0.16320 0.28600 -0.10670 0.55201 0.35153 0.19462
v -0.17071 0.28777 0.10670 0.55201 0.35153 0.19462
v -0.16320 0.28600 -0.10670 0.55201 0.35153 0.19462
v -0.17071 0.28777 -0.10670 0.55201 0.35153 0.19462
v -0.17071 0.28777 0.10670 0.55201 0.35153 0.19462
v -0.17071 0.28777 0.10670 0.55201 0.35153 0.19462
v -0.17071 0.28777 -0.10670 0.55201 0.35153 0.19462
v -0.17508 0.29092 0.10670 0.55201 0.35153 0.19462
v -0.17071 0.28777 -0.10670 0.55201 0.35153 0.19462
v -0.17508 0.29092 -0.10670 0.55201 0.35153 0.19462
v -0.17508 0.29092 0.10670 0.55201 0.35153 0.19462
v 0.17508 0.29092 -0.10670 0.55201 0.35153 0.19462
v 0.17440 0.29160 -0.11230 0.55201 0.35153 0.19462
v 0.17071 0.28777 -0.10670 0.55201 0.35153 0.19462
v 0.17440 0.29160 -0.11230 0.55201 0.35153 0.19462
v 0.17006 0.28908 -0.11356 0.55201 0.35153 0.19462
v 0.17071 0.28777 -0.10670 0.55201 0.35153 0.19462
v 0.17071 0.28777 -0.10670 0.55201 0.35153 0.19462
v 0.17006 0.28908 -0.11356 0.55201 0.35153 0.19462
v 0.16320 0.28600 -0.10670 0.55201 0.35153 0.19462
v 0.17006 0.28908 -0.11356 0.55201 0.35153 0.19462
v 0.16320 0.28777 -0.11421 0.55201 0.35153 0.19462
v 0.16320 0.28600 -0.10670 0.55201 0.35153 0.19462
v 0.16320 0.28600 -0.10670 0.55201 0.35153 0.19462
v 0.16320 0.28777 -0.11421 0.55201 0.35153 0.19462
v -0.16320 0.28600 -0.10670 0.55201 0.35153 0.19462
v 0.16320 0.28777 -0.11421 0.55201 0.35153 0.19462
v -0.16320 0.28777 -0.11421 0.55201 0.35153 0.19462
v -0.16320 0.28600 -0.10670 0.55201 0.35153 0.19462
v -0.16320 0.28600 -0.10670 0.55201 0.35153 0.19462
v -0.16320 0.28777 -0.11421 0.55201 0.35153 0.19462
v -0.17071 0.28777 -0.10670 0.55201 0.35153 0.19462
v -0.16320 0.28777 -0.11421 0.55201 0.35153 0.19462
v -0.17006 0.28908 -0.11356 0.55201 0.35153 0.19462
v -0.17071 0.28777 -0.10670 0.55201 0.35153 0.19462
v -0.17071 0.28777 -0.10670 0.55201 0.35153 0.19462
v -0.17006 0.28908 -0.11356 0.55201 0.35153 0.19462
v -0.17508 0.29092 -0.10670 0.55201 0.35153 0.19462
v -0.17006 0.28908 -0.11356 0.55201 0.35153 0.19462
v -0.17440 0.29160 -0.11230 0.55201 0.35153 0.19462
v -0.17508 0.29092 -0.10670 0.55201 0.35153 0.19462
v 0.17440 0.29160 -0.11230 0.55201 0.35153 0.19462
v 0.17290 0.29310 -0.11640 0.55201 0.35153 0.19462
v 0.17006 0.28908 -0.11356 0.55201 0.35153 0.19462
v 0.17290 0.29310 -0.11640 0.55201 0.35153 0.19462
v 0.16880 0.29160 -0.11790 0.55201 0.35153 0.19462
v 0.17006 0.28908 -0.11356 0.55201 0.35153 0.19462
v 0.17006 0.28908 -0.11356 0.55201 0.35153 0.19462
v 0.16880 0.29160 -0.11790 0.55201 0.35153 0.19462
v 0.16320 0.28777 -0.11421 0.55201 0.35153 0.19462
v 0.16880 0.29160 -0.11790 0.55201 0.35153 0.19462
v 0.16320 0.29092 -0.11858 0.55201 0.35153 0.19462
v 0.16320 0.28777 -0.11421 0.55201 0.35153 0.19462
v 0.16320 0.28777 -0.11421 0.55201 0.35153 0.19462
v 0.16320 0.29092 -0.11858 0.55201 0.35153 0.19462
v -0.16320 0.28777 -0.11421 0.55201 0.35153 0.19462
v 0.16320 0.29092 -0.11858 0.55201 0.35153 0.19462
v -0.16320 0.29092 -0.11858 0.55201 0.35153 0.19462
v -0.16320 0.28777 -0.11421 0.55201 0.35153 0.19462
v -0.16320 0.28777 -0.11421 0.55201 0.35153 0.19462
v -0.16320 0.29092 -0.11858 0.55201 0.35153 0.19462
v -0.17006 0.28908 -0.11356 0.55201 0.35153 0.19462
v -0.16320 0.29092 -0.11858 0.55201 0.35153 0.19462
v -0.16880 0.29160 -0.11790 0.55201 0.35153 0.19462
v -0.17006 0.28908 -0.11356 0.55201 0.35153 0.19462
v -0.17006 0.28908 -0.11356 0.55201 0.35153 0.19462
v -0.16880 0.29160 -0.11790 0.55201 0.35153 0.19462
v -0.17440 0.29160 -0.11230 0.55201 0.35153 0.19462
v -0.16880 0.29160 -0.11790 0.55201 0.35153 0.19462
v -0.17290 0.29310 -0.11640 0.55201 0.35153 0.19462
v -0.17440 0.29160 -0.11230 0.55201 0.35153 0.19462
v 0.17290 0.41890 0.11640 0.55201 0.35153 0.19462
v 0.17440 0.41480 0.11790 0.55201 0.35153 0.19462
v 0.16880 0.42040 0.11790 0.55201 0.35153 0.19462
v 0.17440 0.41480 0.11790 0.55201 0.35153 0.19462
v 0.17006 0.41606 0.12042 0.55201 0.35153 0.19462
v 0.16880 0.42040 0.11790 0.55201 0.35153 0.19462
v 0.16880 0.42040 0.11790 0.55201 0.35153 0.19462
v 0.17006 0.41606 0.12042 0.55201 0.35153 0.19462
v 0.16320 0.42108 0.11858 0.55201 0.35153 0.19462
v 0.17006 0.41606 0.12042 0.55201 0.35153 0.19462
v 0.16320 0.41671 0.12173 0.55201 0.35153 0.19462
v 0.16320 0.42108 0.11858 0.55201 0.35153 0.19462
v 0.16320 0.42108 0.11858 0.55201 0.35153 0.19462
v 0.16320 0.41671 0.12173 0.55201 0.35153 0.19462
v -0.16320 0.42108 0.11858 0.55201 0.35153 0.19462
v 0.16320 0.41671 0.12173 0.55201 0.35153 0.19462
v -0.16320 0.41671 0.12173 0.55201 0.35153 0.19462
v -0.16320 0.42108 0.11858 0.55201 0.35153 0.19462
v -0.16320 0.42108 0.11858 0.55201 0.35153 0.19462
v -0.16320 0.41671 0.12173 0.55201 0.35153 0.19462
v -0.16880 0.42040 0.11790 0.55201 0.35153 0.19462
v -0.16320 0.41671 0.12173 0.55201 0.35153 0.19462
v -0.17006 0.41606 0.12042 0.55201 0.35153 0.19462
v -0.16880 0.42040 0.11790 0.55201 0.35153 0.19462
v -0.16880 0.42040 0.11790 0.55201 0.35153 0.19462
v -0.17006 0.41606 0.12042 0.55201 0.35153 0.19462
v -0.17290 0.41890 0.11640 0.55201 0.35153 0.19462
v -0.17006 0.41606 0.12042 0.55201 0.35153 0.19462
v -0.17440 0.41480 0.11790 0.55201 0.35153 0.19462
v -0.17290 0.41890 0.11640 0.55201 0.35153 0.19462
v 0.17440 0.41480 0.11790 0.55201 0.35153 0.19462
v 0.17508 0.40920 0.11858 0.55201 0.35153 0.19462
v 0.17006 0.41606 0.12042 0.55201 0.35153 0.19462
v 0.17508 0.40920 0.11858 0.55201 0.35153 0.19462
v 0.17071 0.40920 0.12173 0.55201 0.35153 0.19462
v 0.17006 0.41606 0.12042 0.55201 0.35153 0.19462
v 0.17006 0.41606 0.12042 0.55201 0.35153 0.19462
v 0.17071 0.40920 0.12173 0.55201 0.35153 0.19462
v 0.16320 0.41671 0.12173 0.55201 0.35153 0.19462
v 0.17071 0.40920 0.12173 0.55201 0.35153 0.19462
v 0.16320 0.40920 0.12350 0.55201 0.35153 0.19462
v 0.16320 0.41671 0.12173 0.55201 0.35153 0.19462
v 0.16320 0.41671 0.12173 0.55201 0.35153 0.19462
v 0.16320 0.40920 0.12350 0.55201 0.35153 0.19462
v -0.16320 0.41671 0.12173 0.55201 0.35153 0.19462
v 0.16320 0.40920 0.12350 0.55201 0.35153 0.19462
v -0.16320 0.40920 0.12350 0.55201 0.35153 0.19462
v -0.16320 0.41671 0.12173 0.55201 0.35153 0.19462
v -0.16320 0.41671 0.12173 0.55201 0.35153 0.19462
v -0.16320 0.40920 0.12350 0.55201 0.35153 0.19462
v -0.17006 0.41606 0.12042 0.55201 0.35153 0.19462
v -0.16320 0.40920 0.12350 0.55201 0.35153 0.19462
v -0.17071 0.40920 0.12173 0.55201 0.35153 0.19462
v -0.17006 0.41606 0.12042 0.55201 0.35153 0.19462
v -0.17006 0.41606 0.12042 0.55201 0.35153 0.19462
v -0.17071 0.40920 0.12173 0.55201 0.35153 0.19462
v -0.17440 0.41480 0.11790 0.55201 0.35153 0.19462
v -0.17071 0.40920 0.12173 0.55201 0.35153 0.19462
v -0.17508 0.40920 0.11858 0.55201 0.35153 0.19462
v -0.17440 0.41480 0.11790 0.55201 0.35153 0.19462
v 0.17508 0.40920 0.11858 0.55201 0.35153 0.19462
v 0.17508 0.30280 0.11858 0.55201 0.35153 0.19462
v 0.17071 0.40920 0.12173 0.55201 0.35153 0.19462
v 0.17508 0.30280 0.11858 0.55201 0.35153 0.19462
v 0.17071 0.30280 0.12173 0.55201 0.35153 0.19462
v 0.17071 0.40920 0.12173 0.55201 0.35153 0.19462
v 0.17071 0.40920 0.12173 0.55201 0.35153 0.19462
v 0.17071 0.30280 0.12173 0.55201 0.35153 0.19462
v 0.16320 0.40920 0.12350 0.55201 0.35153 0.19462
v 0.17071 0.30280 0.12173 0.55201 0.35153 0.19462
v 0.16320 0.30280 0.12350 0.55201 0.35153 0.19462
v 0.16320 0.40920 0.12350 0.55201 0.35153 0.19462
v 0.16320 0.40920 0.12350 0.55201 0.35153 0.19462
v 0.16320 0.30280 0.12350 0.55201 0.35153 0.19462
v -0.16320 0.40920 0.12350 0.55201 0.35153 0.19462
v 0.16320 0.30280 0.12350 0.55201 0.35153 0.19462
v -0.16320 0.30280 0.12350 0.55201 0.35153 0.19462
v -0.16320 0.40920 0.12350 0.55201 0.35153 0.19462
v -0.16320 0.40920 0.12350 0.55201 0.35153 0.19462
v -0.16320 0.30280 0.12350 0.55201 0.35153 0.19462
v -0.17071 0.40920 0.12173 0.55201 0.35153 0.19462
v -0.16320 0.30280 0.12350 0.55201 0.35153 0.19462
v -0.17071 0.30280 0.12173 0.55201 0.35153 0.19462
v -0.17071 0.40920 0.12173 0.55201 0.35153 0.19462
v -0.17071 0.40920 0.12173 0.55201 0.35153 0.19462
v -0.17071 0.30280 0.12173 0.55201 0.35153 0.19462
v -0.17508 0.40920 0.11858 0.55201 0.35153 0.19462
v -0.17071 0.30280 0.12173 0.55201 0.35153 0.19462
v -0.17508 0.30280 0.11858 0.55201 0.35153 0.19462
v -0.17508 0.40920 0.11858 0.55201 0.35153 0.19462
v 0.17508 0.30280 0.11858 0.55201 0.35153 0.19462
v 0.17440 0.29720 0.11790 0.55201 0.35153 0.19462
v 0.17071 0.30280 0.12173 0.55201 0.35153 0.19462
v 0.17440 0.29720 0.11790 0.55201 0.35153 0.19462
v 0.17006 0.29594 0.12042 0.55201 0.35153 0.19462
v 0.17071 0.30280 0.12173 0.55201 0.35153 0.19462
v 0.17071 0.30280 0.12173 0.55201 0.35153 0.19462
v 0.17006 0.29594 0.12042 0.55201 0.35153 0.19462
v 0.16320 0.30280 0.12350 0.55201 0.35153 0.19462
v 0.17006 0.29594 0.12042 0.55201 0.35153 0.19462
v 0.16320 0.29529 0.12173 0.55201 0.35153 0.19462
v 0.16320 0.30280 0.12350 0.55201 0.35153 0.19462
v 0.16320 0.30280 0.12350 0.55201 0.35153 0.19462
v 0.16320 0.29529 0.12173 0.55201 0.35153 0.19462
v -0.16320 0.30280 0.12350 0.55201 0.35153 0.19462
v 0.16320 0.29529 0.12173 0.55201 0.35153 0.19462
v -0.16320 0.29529 0.12173 0.55201 0.35153 0.19462
v -0.16320 0.30280 0.12350 0.55201 0.35153 0.19462
v -0.16320 0.30280 0.12350 0.55201 0.35153 0.19462
v -0.16320 0.29529 0.12173 0.55201 0.35153 0.19462
v -0.17071 0.30280 0.12173 0.55201 0.35153 0.19462
v -0.16320 0.29529 0.12173 0.55201 0.35153 0.19462
v -0.17006 0.29594 0.12042 0.55201 0.35153 0.19462
v -0.17071 0.30280 0.12173 0.55201 0.35153 0.19462
v -0.17071 0.30280 0.12173 0.55201 0.35153 0.19462
v -0.17006 0.29594 0.12042 0.55201 0.35153 0.19462
v -0.17508 0.30280 0.11858 0.55201 0.35153 0.19462
v -0.17006 0.29594 0.12042 0.55201 0.35153 0.19462
v -0.17440 0.29720 0.11790 0.55201 0.35153 0.19462
v -0.17508 0.30280 0.11858 0.55201 0.35153 0.19462
v 0.17440 0.29720 0.11790 0.55201 0.35153 0.19462
v 0.17290 0.29310 0.11640 0.55201 0.35153 0.19462
v 0.17006 0.29594 0.12042 0.55201 0.35153 0.19462
v 0.17290 0.29310 0.11640 0.55201 0.35153 0.19462
v 0.16880 0.29160 0.11790 0.55201 0.35153 0.19462
v 0.17006 0.29594 0.12042 0.55201 0.35153 0.19462
v 0.17006 0.29594 0.12042 0.55201 0.35153 0.19462
v 0.16880 0.29160 0.11790 0.55201 0.35153 0.19462
v 0.16320 0.29529 0.12173 0.55201 0.35153 0.19462
v 0.16880 0.29160 0.11790 0.55201 0.35153 0.19462
v 0.16320 0.29092 0.11858 0.55201 0.35153 0.19462
v 0.16320 0.29529 0.12173 0.55201 0.35153 0.19462
v 0.16320 0.29529 0.12173 0.55201 0.35153 0.19462
v 0.16320 0.29092 0.11858 0.55201 0.35153 0.19462
v -0.16320 0.29529 0.12173 0.55201 0.35153 0.19462
v 0.16320 0.29092 0.11858 0.55201 0.35153 0.19462
v -0.16320 0.29092 0.11858 0.55201 0.35153 0.19462
v -0.16320 0.29529 0.12173 0.55201 0.35153 0.19462
v -0.16320 0.29529 0.12173 0.55201 0.35153 0.19462
v -0.16320 0.29092 0.11858 0.55201 0.35153 0.19462
v -0.17006 0.29594 0.12042 0.55201 0.35153 0.19462
v -0.16320 0.29092 0.11858 0.55201 0.35153 0.19462
v -0.16880 0.29160 0.11790 0.55201 0.35153 0.19462
v -0.17006 0.29594 0.12042 0.55201 0.35153 0.19462
v -0.17006 0.29594 0.12042 0.55201 0.35153 0.19462
v -0.16880 0.29160 0.11790 0.55201 0.35153 0.19462
v -0.17440 0.29720 0.11790 0.55201 0.35153 0.19462
v -0.16880 0.29160 0.11790 0.55201 0.35153 0.19462
v -0.17290 0.29310 0.11640 0.55201 0.35153 0.19462
v -0.17440 0.29720 0.11790 0.55201 0.35153 0.19462
v -0.17290 0.41890 -0.11640 0.55201 0.35153 0.19462
v -0.17440 0.41480 -0.11790 0.55201 0.35153 0.19462
v -0.16880 0.42040 -0.11790 0.55201 0.35153 0.19462
v -0.17440 0.41480 -0.11790 0.55201 0.35153 0.19462
v -0.17006 0.41606 -0.12042 0.55201 0.35153 0.19462
v -0.16880 0.42040 -0.11790 0.55201 0.35153 0.19462
v -0.16880 0.42040 -0.11790 0.55201 0.35153 0.19462
v -0.17006 0.41606 -0.12042 0.55201 0.35153 0.19462
v -0.16320 0.42108 -0.11858 0.55201 0.35153 0.19462
v -0.17006 0.41606 -0.12042 0.55201 0.35153 0.19462
v -0.16320 0.41671 -0.12173 0.55201 0.35153 0.19462
v -0.16320 0.42108 -0.11858 0.55201 0.35153 0.19462
v -0.16320 0.42108 -0.11858 0.55201 0.35153 0.19462
v -0.16320 0.41671 -0.12173 0.55201 0.35153 0.19462
v 0.16320 0.42108 -0.11858 0.55201 0.35153 0.19462
v -0.16320 0.41671 -0.12173 0.55201 0.35153 0.19462
v 0.16320 0.41671 -0.12173 0.55201 0.35153 0.19462
v 0.16320 0.42108 -0.11858 0.55201 0.35153 0.19462
v 0.16320 0.42108 -0.11858 0.55201 0.35153 0.19462
v 0.16320 0.41671 -0.12173 0.55201 0.35153 0.19462
v 0.16880 0.42040 -0.11790 0.55201 0.35153 0.19462
v 0.16320 0.41671 -0.12173 0.55201 0.35153 0.19462
v 0.17006 0.41606 -0.12042 0.55201 0.35153 0.19462
v 0.16880 0.42040 -0.11790 0.55201 0.35153 0.19462
v 0.16880 0.42040 -0.11790 0.55201 0.35153 0.19462
v 0.17006 0.41606 -0.12042 0.55201 0.35153 0.19462
v 0.17290 0.41890 -0.11640 0.55201 0.35153 0.19462
v 0.17006 0.41606 -0.12042 0.55201 0.35153 0.19462
v 0.17440 0.41480 -0.11790 0.55201 0.35153 0.19462
v 0.17290 0.41890 -0.11640 0.55201 0.35153 0.19462
v -0.17440 0.41480 -0.11790 0.55201 0.35153 0.19462
v -0.17508 0.40920 -0.11858 0.55201 0.35153 0.19462
v -0.17006 0.41606 -0.12042 0.55201 0.35153 0.19462
v -0.17508 0.40920 -0.11858 0.55201 0.35153 0.19462
v -0.17071 0.40920 -0.12173 0.55201 0.35153 0.19462
v -0.17006 0.41606 -0.12042 0.55201 0.35153 0.19462
v -0.17006 0.41606 -0.12042 0.55201 0.35153 0.19462
v -0.17071 0.40920 -0.12173 0.55201 0.35153 0.19462
v -0.16320 0.41671 -0.12173 0.55201 0.35153 0.19462
v -0.17071 0.40920 -0.12173 0.55201 0.35153 0.19462
v -0.16320 0.40920 -0.12350 0.55201 0.35153 0.19462
v -0.16320 0.41671 -0.12173 0.55201 0.35153 0.19462
v -0.16320 0.41671 -0.12173 0.55201 0.35153 0.19462
v -0.16320 0.40920 -0.12350 0.55201 0.35153 0.19462
v 0.16320 0.41671 -0.12173 0.55201 0.35153 0.19462
v -0.16320 0.40920 -0.12350 0.55201 0.35153 0.19462
v 0.16320 0.40920 -0.12350 0.55201 0.35153 0.19462
v 0.16320 0.41671 -0.12173 0.55201 0.35153 0.19462
v 0.16320 0.41671 -0.12173 0.55201 0.35153 0.19462
v 0.16320 0.40920 -0.12350 0.55201 0.35153 0.19462
v 0.17006 0.41606 -0.12042 0.55201 0.35153 0.19462
v 0.16320 0.40920 -0.12350 0.55201 0.35153 0.19462
v 0.17071 0.40920 -0.12173 0.55201 0.35153 0.19462
v 0.17006 0.41606 -0.12042 0.55201 0.35153 0.19462
v 0.17006 0.41606 -0.12042 0.55201 0.35153 0.19462
v 0.17071 0.40920 -0.12173 0.55201 0.35153 0.19462
v 0.17440 0.41480 -0.11790 0.55201 0.35153 0.19462
v 0.17071 0.40920 -0.12173 0.55201 0.35153 0.19462
v 0.17508 0.40920 -0.11858 0.55201 0.35153 0.19462
v 0.17440 0.41480 -0.11790 0.55201 0.35153 0.19462
v -0.17508 0.40920 -0.11858 0.55201 0.35153 0.19462
v -0.17508 0.30280 -0.11858 0.55201 0.35153 0.19462
v -0.17071 0.40920 -0.12173 0.55201 0.35153 0.19462
v -0.17508 0.30280 -0.11858 0.55201 0.35153 0.19462
v -0.17071 0.30280 -0.12173 0.55201 0.35153 0.19462
v -0.17071 0.40920 -0.12173 0.55201 0.35153 0.19462
v -0.17071 0.40920 -0.12173 0.55201 0.35153 0.19462
v -0.17071 0.30280 -0.12173 0.55201 0.35153 0.19462
v -0.16320 0.40920 -0.12350 0.55201 0.35153 0.19462
v -0.17071 0.30280 -0.12173 0.55201 0.35153 0.19462
v -0.16320 0.30280 -0.12350 0.55201 0.35153 0.19462
v -0.16320 0.40920 -0.12350 0.55201 0.35153 0.19462
v -0.16320 0.40920 -0.12350 0.55201 0.35153 0.19462
v -0.16320 0.30280 -0.12350 0.55201 0.35153 0.19462
v 0.16320 0.40920 -0.12350 0.55201 0.35153 0.19462
v -0.16320 0.30280 -0.12350 0.55201 0.35153 0.19462
v 0.16320 0.30280 -0.12350 0.55201 0.35153 0.19462
v 0.16320 0.40920 -0.12350 0.55201 0.35153 0.19462
v 0.16320 0.40920 -0.12350 0.55201 0.35153 0.19462
v 0.16320 0.30280 -0.12350 0.55201 0.35153 0.19462
v 0.17071 0.40920 -0.12173 0.55201 0.35153 0.19462
v 0.16320 0.30280 -0.12350 0.55201 0.35153 0.19462
v 0.17071 0.30280 -0.12173 0.55201 0.35153 0.19462
v 0.17071 0.40920 -0.12173 0.55201 0.35153 0.19462
v 0.17071 0.40920 -0.12173 0.55201 0.35153 0.19462
v 0.17071 0.30280 -0.12173 0.55201 0.35153 0.19462
v 0.17508 0.40920 -0.11858 0.55201 0.35153 0.19462
v 0.17071 0.30280 -0.12173 0.55201 0.35153 0.19462
v 0.17508 0.30280 -0.11858 0.55201 0.35153 0.19462
v 0.17508 0.40920 -0.11858 0.55201 0.35153 0.19462
v -0.17508 0.30280 -0.11858 0.55201 0.35153 0.19462
v -0.17440 0.29720 -0.11790 0.55201 0.35153 0.19462
v -0.17071 0.30280 -0.12173 0.55201 0.35153 0.19462
v -0.17440 0.29720 -0.11790 0.55201 0.35153 0.19462
v -0.17006 0.29594 -0.12042 0.55201 0.35153 0.19462
v -0.17071 0.30280 -0.12173 0.55201 0.35153 0.19462
v -0.17071 0.30280 -0.12173 0.55201 0.35153 0.19462
v -0.17006 0.29594 -0.12042 0.55201 0.35153 0.19462
v -0.16320 0.30280 -0.12350 0.55201 0.35153 0.19462
v -0.17006 0.29594 -0.12042 0.55201 0.35153 0.19462
v -0.16320 0.29529 -0.12173 0.55201 0.35153 0.19462
v -0.16320 0.30280 -0.12350 0.55201 0.35153 0.19462
v -0.16320 0.30280 -0.12350 0.55201 0.35153 0.19462
v -0.16320 0.29529 -0.12173 0.55201 0.35153 0.19462
v 0.16320 0.30280 -0.12350 0.55201 0.35153 0.19462
v -0.16320 0.29529 -0.12173 0.55201 0.35153 0.19462
v 0.16320 0.29529 -0.12173 0.55201 0.35153 0.19462
v 0.16320 0.30280 -0.12350 0.55201 0.35153 0.19462
v 0.16320 0.30280 -0.12350 0.55201 0.35153 0.19462
v 0.16320 0.29529 -0.12173 0.55201 0.35153 0.19462
v 0.17071 0.30280 -0.12173 0.55201 0.35153 0.19462
v 0.16320 0.29529 -0.12173 0.55201 0.35153 0.19462
v 0.17006 0.29594 -0.12042 0.55201 0.35153 0.19462
v 0.17071 0.30280 -0.12173 0.55201 0.35153 0.19462
v 0.17071 0.30280 -0.12173 0.55201 0.35153 0.19462
v 0.17006 0.29594 -0.12042 0.55201 0.35153 0.19462
v 0.17508 0.30280 -0.11858 0.55201 0.35153 0.19462
v 0.17006 0.29594 -0.12042 0.55201 0.35153 0.19462
v 0.17440 0.29720 -0.11790 0.55201 0.35153 0.19462
v 0.17508 0.30280 -0.11858 0.55201 0.35153 0.19462
v -0.17440 0.29720 -0.11790 0.55201 0.35153 0.19462
v -0.17290 0.29310 -0.11640 0.55201 0.35153 0.19462
v -0.17006 0.29594 -0.12042 0.55201 0.35153 0.19462
v -0.17290 0.29310 -0.11640 0.55201 0.35153 0.19462
v -0.16880 0.29160 -0.11790 0.55201 0.35153 0.19462
v -0.17006 0.29594 -0.12042 0.55201 0.35153 0.19462
v -0.17006 0.29594 -0.12042 0.55201 0.35153 0.19462
v -0.16880 0.29160 -0.11790 0.55201 0.35153 0.19462
v -0.16320 0.29529 -0.12173 0.55201 0.35153 0.19462
v -0.16880 0.29160 -0.11790 0.55201 0.35153 0.19462
v -0.16320 0.29092 -0.11858 0.55201 0.35153 0.19462
v -0.16320 0.29529 -0.12173 0.55201 0.35153 0.19462
v -0.16320 0.29529 -0.12173 0.55201 0.35153 0.19462
v -0.16320 0.29092 -0.11858 0.55201 0.35153 0.19462
v 0.16320 0.29529 -0.12173 0.55201 0.35153 0.19462
v -0.16320 0.29092 -0.11858 0.55201 0.35153 0.19462
v 0.16320 0.29092 -0.11858 0.55201 0.35153 0.19462
v 0.16320 0.29529 -0.12173 0.55201 0.35153 0.19462
v 0.16320 0.29529 -0.12173 0.55201 0.35153 0.19462
v 0.16320 0.29092 -0.11858 0.55201 0.35153 0.19462
v 0.17006 0.29594 -0.12042 0.55201 0.35153 0.19462
v 0.16320 0.29092 -0.11858 0.55201 0.35153 0.19462
v 0.16880 0.29160 -0.11790 0.55201 0.35153 0.19462
v 0.17006 0.29594 -0.12042 0.55201 0.35153 0.19462
v 0.17006 0.29594 -0.12042 0.55201 0.35153 0.19462
v 0.16880 0.29160 -0.11790 0.55201 0.35153 0.19462
v 0.17440 0.29720 -0.11790 0.55201 0.35153 0.19462
v 0.16880 0.29160 -0.11790 0.55201 0.35153 0.19462
v 0.17290 0.29310 -0.11640 0.55201 0.35153 0.19462
v 0.17440 0.29720 -0.11790 0.55201 0.35153 0.19462
v -0.16681 0.78281 0.11681 0.55201 0.35153 0.19462
v -0.16960 0.77520 0.11960 0.55201 0.35153 0.19462
v -0.16960 0.78560 0.10920 0.55201 0.35153 0.19462
v -0.16960 0.77520 0.11960 0.55201 0.35153 0.19462
v -0.17427 0.77754 0.11154 0.55201 0.35153 0.19462
v -0.16960 0.78560 0.10920 0.55201 0.35153 0.19462
v -0.16960 0.78560 0.10920 0.55201 0.35153 0.19462
v -0.17427 0.77754 0.11154 0.55201 0.35153 0.19462
v -0.17086 0.78686 0.09880 0.55201 0.35153 0.19462
v -0.17427 0.77754 0.11154 0.55201 0.35153 0.19462
v -0.17671 0.77875 0.09880 0.55201 0.35153 0.19462
v -0.17086 0.78686 0.09880 0.55201 0.35153 0.19462
v -0.17086 0.78686 0.09880 0.55201 0.35153 0.19462
v -0.17671 0.77875 0.09880 0.55201 0.35153 0.19462
v -0.17086 0.78686 -0.09880 0.55201 0.35153 0.19462
v -0.17671 0.77875 0.09880 0.55201 0.35153 0.19462
v -0.17671 0.77875 -0.09880 0.55201 0.35153 0.19462
v -0.17086 0.78686 -0.09880 0.55201 0.35153 0.19462
v -0.17086 0.78686 -0.09880 0.55201 0.35153 0.19462
v -0.17671 0.77875 -0.09880 0.55201 0.35153 0.19462
v -0.16960 0.78560 -0.10920 0.55201 0.35153 0.19462
v -0.17671 0.77875 -0.09880 0.55201 0.35153 0.19462
v -0.17427 0.77754 -0.11154 0.55201 0.35153 0.19462
v -0.16960 0.78560 -0.10920 0.55201 0.35153 0.19462
v -0.16960 0.78560 -0.10920 0.55201 0.35153 0.19462
v -0.17427 0.77754 -0.11154 0.55201 0.35153 0.19462
v -0.16681 0.78281 -0.11681 0.55201 0.35153 0.19462
v -0.17427 0.77754 -0.11154 0.55201 0.35153 0.19462
v -0.16960 0.77520 -0.11960 0.55201 0.35153 0.19462
v -0.16681 0.78281 -0.11681 0.55201 0.35153 0.19462
v -0.16960 0.77520 0.11960 0.55201 0.35153 0.19462
v -0.17086 0.76480 0.12086 0.55201 0.35153 0.19462
v -0.17427 0.77754 0.11154 0.55201 0.35153 0.19462
v -0.17086 0.76480 0.12086 0.55201 0.35153 0.19462
v -0.17671 0.76480 0.11275 0.55201 0.35153 0.19462
v -0.17427 0.77754 0.11154 0.55201 0.35153 0.19462
v -0.17427 0.77754 0.11154 0.55201 0.35153 0.19462
v -0.17671 0.76480 0.11275 0.55201 0.35153 0.19462
v -0.17671 0.77875 0.09880 0.55201 0.35153 0.19462
v -0.17671 0.76480 0.11275 0.55201 0.35153 0.19462
v -0.18000 0.76480 0.09880 0.55201 0.35153 0.19462
v -0.17671 0.77875 0.09880 0.55201 0.35153 0.19462
v -0.17671 0.77875 0.09880 0.55201 0.35153 0.19462
v -0.18000 0.76480 0.09880 0.55201 0.35153 0.19462
v -0.17671 0.77875 -0.09880 0.55201 0.35153 0.19462
v -0.18000 0.76480 0.09880 0.55201 0.35153 0.19462
v -0.18000 0.76480 -0.09880 0.55201 0.35153 0.19462
v -0.17671 0.77875 -0.09880 0.55201 0.35153 0.19462
v -0.17671 0.77875 -0.09880 0.55201 0.35153 0.19462
v -0.18000 0.76480 -0.09880 0.55201 0.35153 0.19462
v -0.17427 0.77754 -0.11154 0.55201 0.35153 0.19462
v -0.18000 0.76480 -0.09880 0.55201 0.35153 0.19462
v -0.17671 0.76480 -0.11275 0.55201 0.35153 0.19462
v -0.17427 0.77754 -0.11154 0.55201 0.35153 0.19462
v -0.17427 0.77754 -0.11154 0.55201 0.35153 0.19462
v -0.17671 0.76480 -0.11275 0.55201 0.35153 0.19462
v -0.16960 0.77520 -0.11960 0.55201 0.35153 0.19462
v -0.17671 0.76480 -0.11275 0.55201 0.35153 0.19462
v -0.17086 0.76480 -0.12086 0.55201 0.35153 0.19462
v -0.16960 0.77520 -0.11960 0.55201 0.35153 0.19462
v -0.17086 0.76480 0.12086 0.55201 0.35153 0.19462
v -0.17086 0.46720 0.12086 0.55201 0.35153 0.19462
v -0.17671 0.76480 0.11275 0.55201 0.35153 0.19462
v -0.17086 0.46720 0.12086 0.55201 0.35153 0.19462
v -0.17671 0.46720 0.11275 0.55201 0.35153 0.19462
v -0.17671 0.76480 0.11275 0.55201 0.35153 0.19462
v -0.17671 0.76480 0.11275 0.55201 0.35153 0.19462
v -0.17671 0.46720 0.11275 0.55201 0.35153 0.19462
v -0.18000 0.76480 0.09880 0.55201 0.35153 0.19462
v -0.17671 0.46720 0.11275 0.55201 0.35153 0.19462
v -0.18000 0.46720 0.09880 0.55201 0.35153 0.19462
v -0.18000 0.76480 0.09880 0.55201 0.35153 0.19462
v -0.18000 0.76480 0.09880 0.55201 0.35153 0.19462
v -0.18000 0.46720 0.09880 0.55201 0.35153 0.19462
v -0.18000 0.76480 -0.09880 0.55201 0.35153 0.19462
v -0.18000 0.46720 0.09880 0.55201 0.35153 0.19462
v -0.18000 0.46720 -0.09880 0.55201 0.35153 0.19462
v -0.18000 0.76480 -0.09880 0.55201 0.35153 0.19462
v -0.18000 0.76480 -0.09880 0.55201 0.35153 0.19462
v -0.18000 0.46720 -0.09880 0.55201 0.35153 0.19462
v -0.17671 0.76480 -0.11275 0.55201 0.35153 0.19462
v -0.18000 0.46720 -0.09880 0.55201 0.35153 0.19462
v -0.17671 0.46720 -0.11275 0.55201 0.35153 0.19462
v -0.17671 0.76480 -0.11275 0.55201 0.35153 0.19462
v -0.17671 0.76480 -0.11275 0.55201 0.35153 0.19462
v -0.17671 0.46720 -0.11275 0.55201 0.35153 0.19462
v -0.17086 0.76480 -0.12086 0.55201 0.35153 0.19462
v -0.17671 0.46720 -0.11275 0.55201 0.35153 0.19462
v -0.17086 0.46720 -0.12086 0.55201 0.35153 0.19462
v -0.17086 0.76480 -0.12086 0.55201 0.35153 0.19462
v -0.17086 0.46720 0.12086 0.55201 0.35153 0.19462
v -0.16960 0.45680 0.11960 0.55201 0.35153 0.19462
v -0.17671 0.46720 0.11275 0.55201 0.35153 0.19462
v -0.16960 0.45680 0.11960 0.55201 0.35153 0.19462
v -0.17427 0.45446 0.11154 0.55201 0.35153 0.19462
v -0.17671 0.46720 0.11275 0.55201 0.35153 0.19462
v -0.17671 0.46720 0.11275 0.55201 0.35153 0.19462
v -0.17427 0.45446 0.11154 0.55201 0.35153 0.19462
v -0.18000 0.46720 0.09880 0.55201 0.35153 0.19462
v -0.17427 0.45446 0.11154 0.55201 0.35153 0.19462
v -0.17671 0.45325 0.09880 0.55201 0.35153 0.19462
v -0.18000 0.46720 0.09880 0.55201 0.35153 0.19462
v -0.18000 0.46720 0.09880 0.55201 0.35153 0.19462
v -0.17671 0.45325 0.09880 0.55201 0.35153 0.19462
v -0.18000 0.46720 -0.09880 0.55201 0.35153 0.19462
v -0.17671 0.45325 0.09880 0.55201 0.35153 0.19462
v -0.17671 0.45325 -0.09880 0.55201 0.35153 0.19462
v -0.18000 0.46720 -0.09880 0.55201 0.35153 0.19462
v -0.18000 0.46720 -0.09880 0.55201 0.35153 0.19462
v -0.17671 0.45325 -0.09880 0.55201 0.35153 0.19462
v -0.17671 0.46720 -0.11275 0.55201 0.35153 0.19462
v -0.17671 0.45325 -0.09880 0.55201 0.35153 0.19462
v -0.17427 0.45446 -0.11154 0.55201 0.35153 0.19462
v -0.17671 0.46720 -0.11275 0.55201 0.35153 0.19462
v -0.17671 0.46720 -0.11275 0.55201 0.35153 0.19462
v -0.17427 0.45446 -0.11154 0.55201 0.35153 0.19462
v -0.17086 0.46720 -0.12086 0.55201 0.35153 0.19462
v -0.17427 0.45446 -0.11154 0.55201 0.35153 0.19462
v -0.16960 0.45680 -0.11960 0.55201 0.35153 0.19462
v -0.17086 0.46720 -0.12086 0.55201 0.35153 0.19462
v -0.16960 0.45680 0.11960 0.55201 0.35153 0.19462
v -0.16681 0.44919 0.11681 0.55201 0.35153 0.19462
v -0.17427 0.45446 0.11154 0.55201 0.35153 0.19462
v -0.16681 0.44919 0.11681 0.55201 0.35153 0.19462
v -0.16960 0.44640 0.10920 0.55201 0.35153 0.19462
v -0.17427 0.45446 0.11154 0.55201 0.35153 0.19462
v -0.17427 0.45446 0.11154 0.55201 0.35153 0.19462
v -0.16960 0.44640 0.10920 0.55201 0.35153 0.19462
v -0.17671 0.45325 0.09880 0.55201 0.35153 0.19462
v -0.16960 0.44640 0.10920 0.55201 0.35153 0.19462
v -0.17086 0.44514 0.09880 0.55201 0.35153 0.19462
v -0.17671 0.45325 0.09880 0.55201 0.35153 0.19462
v -0.17671 0.45325 0.09880 0.55201 0.35153 0.19462
v -0.17086 0.44514 0.09880 0.55201 0.35153 0.19462
v -0.17671 0.45325 -0.09880 0.55201 0.35153 0.19462
v -0.17086 0.44514 0.09880 0.55201 0.35153 0.19462
v -0.17086 0.44514 -0.09880 0.55201 0.35153 0.19462
v -0.17671 0.45325 -0.09880 0.55201 0.35153 0.19462
v -0.17671 0.45325 -0.09880 0.55201 0.35153 0.19462
v -0.17086 0.44514 -0.09880 0.55201 0.35153 0.19462
v -0.17427 0.45446 -0.11154 0.55201 0.35153 0.19462
v -0.17086 0.44514 -0.09880 0.55201 0.35153 0.19462
v -0.16960 0.44640 -0.10920 0.55201 0.35153 0.19462
v -0.17427 0.45446 -0.11154 0.55201 0.35153 0.19462
v -0.17427 0.45446 -0.11154 0.55201 0.35153 0.19462
v -0.16960 0.44640 -0.10920 0.55201 0.35153 0.19462
v -0.16960 0.45680 -0.11960 0.55201 0.35153 0.19462
v -0.16960 0.44640 -0.10920 0.55201 0.35153 0.19462
v -0.16681 0.44919 -0.11681 0.55201 0.35153 0.19462
v -0.16960 0.45680 -0.11960 0.55201 0.35153 0.19462
v 0.16681 0.78281 -0.11681 0.55201 0.35153 0.19462
v 0.16960 0.77520 -0.11960 0.55201 0.35153 0.19462
v 0.16960 0.78560 -0.10920 0.55201 0.35153 0.19462
v 0.16960 0.77520 -0.11960 0.55201 0.35153 0.19462
v 0.17427 0.77754 -0.11154 0.55201 0.35153 0.19462
v 0.16960 0.78560 -0.10920 0.55201 0.35153 0.19462
v 0.16960 0.78560 -0.10920 0.55201 0.35153 0.19462
v 0.17427 0.77754 -0.11154 0.55201 0.35153 0.19462
v 0.17086 0.78686 -0.09880 0.55201 0.35153 0.19462
v 0.17427 0.77754 -0.11154 0.55201 0.35153 0.19462
v 0.17671 0.77875 -0.09880 0.55201 0.35153 0.19462
v 0.17086 0.78686 -0.09880 0.55201 0.35153 0.19462
v 0.17086 0.78686 -0.09880 0.55201 0.35153 0.19462
v 0.17671 0.77875 -0.09880 0.55201 0.35153 0.19462
v 0.17086 0.78686 0.09880 0.55201 0.35153 0.19462
v 0.17671 0.77875 -0.09880 0.55201 0.35153 0.19462
v 0.17671 0.77875 0.09880 0.55201 0.35153 0.19462
v 0.17086 0.78686 0.09880 0.55201 0.35153 0.19462
v 0.17086 0.78686 0.09880 0.55201 0.35153 0.19462
v 0.17671 0.77875 0.09880 0.55201 0.35153 0.19462
v 0.16960 0.78560 0.10920 0.55201 0.35153 0.19462
v 0.17671 0.77875 0.09880 0.55201 0.35153 0.19462
v 0.17427 0.77754 0.11154 0.55201 0.35153 0.19462
v 0.16960 0.78560 0.10920 0.55201 0.35153 0.19462
v 0.16960 0.78560 0.10920 0.55201 0.35153 0.19462
v 0.17427 0.77754 0.11154 0.55201 0.35153 0.19462
v 0.16681 0.78281 0.11681 0.55201 0.35153 0.19462
v 0.17427 0.77754 0.11154 0.55201 0.35153 0.19462
v 0.16960 0.77520 0.11960 0.55201 0.35153 0.19462
v 0.16681 0.78281 0.11681 0.55201 0.35153 0.19462
v 0.16960 0.77520 -0.11960 0.55201 0.35153 0.19462
v 0.17086 0.76480 -0.12086 0.55201 0.35153 0.19462
v 0.17427 0.77754 -0.11154 0.55201 0.35153 0.19462
v 0.17086 0.76480 -0.12086 0.55201 0.35153 0.19462
v 0.17671 0.76480 -0.11275 0.55201 0.35153 0.19462
v 0.17427 0.77754 -0.11154 0.55201 0.35153 0.19462
v 0.17427 0.77754 -0.11154 0.55201 0.35153 0.19462
v 0.17671 0.76480 -0.11275 0.55201 0.35153 0.19462
v 0.17671 0.77875 -0.09880 0.55201 0.35153 0.19462
v 0.17671 0.76480 -0.11275 0.55201 0.35153 0.19462
v 0.18000 0.76480 -0.09880 0.55201 0.35153 0.19462
v 0.17671 0.77875 -0.09880 0.55201 0.35153 0.19462
v 0.17671 0.77875 -0.09880 0.55201 0.35153 0.19462
v 0.18000 0.76480 -0.09880 0.55201 0.35153 0.19462
v 0.17671 0.77875 0.09880 0.55201 0.35153 0.19462
v 0.18000 0.76480 -0.09880 0.55201 0.35153 0.19462
v 0.18000 0.76480 0.09880 0.55201 0.35153 0.19462
v 0.17671 0.77875 0.09880 0.55201 0.35153 0.19462
v 0.17671 0.77875 0.09880 0.55201 0.35153 0.19462
v 0.18000 0.76480 0.09880 0.55201 0.35153 0.19462
v 0.17427 0.77754 0.11154 0.55201 0.35153 0.19462
v 0.18000 0.76480 0.09880 0.55201 0.35153 0.19462
v 0.17671 0.76480 0.11275 0.55201 0.35153 0.19462
v 0.17427 0.77754 0.11154 0.55201 0.35153 0.19462
v 0.17427 0.77754 0.11154 0.55201 0.35153 0.19462
v 0.17671 0.76480 0.11275 0.55201 0.35153 0.19462
v 0.16960 0.77520 0.11960 0.55201 0.35153 0.19462
v 0.17671 0.76480 0.11275 0.55201 0.35153 0.19462
v 0.17086 0.76480 0.12086 0.55201 0.35153 0.19462
v 0.16960 0.77520 0.11960 0.55201 0.35153 0.19462
v 0.17086 0.76480 -0.12086 0.55201 0.35153 0.19462
v 0.17086 0.46720 -0.12086 0.55201 0.35153 0.19462
v 0.17671 0.76480 -0.11275 0.55201 0.35153 0.19462
v 0.17086 0.46720 -0.12086 0.55201 0.35153 0.19462
v 0.17671 0.46720 -0.11275 0.55201 0.35153 0.19462
v 0.17671 0.76480 -0.11275 0.55201 0.35153 0.19462
v 0.17671 0.76480 -0.11275 0.55201 0.35153 0.19462
v 0.17671 0.46720 -0.11275 0.55201 0.35153 0.19462
v 0.18000 0.76480 -0.09880 0.55201 0.35153 0.19462
v 0.17671 0.46720 -0.11275 0.55201 0.35153 0.19462
v 0.18000 0.46720 -0.09880 0.55201 0.35153 0.19462
v 0.18000 0.76480 -0.09880 0.55201 0.35153 0.19462
v 0.18000 0.76480 -0.09880 0.55201 0.35153 0.19462
v 0.18000 0.46720 -0.09880 0.55201 0.35153 0.19462
v 0.18000 0.76480 0.09880 0.55201 0.35153 0.19462
v 0.18000 0.46720 -0.09880 0.55201 0.35153 0.19462
v 0.18000 0.46720 0.09880 0.55201 0.35153 0.19462
v 0.18000 0.76480 0.09880 0.55201 0.35153 0.19462
v 0.18000 0.76480 0.09880 0.55201 0.35153 0.19462
v 0.18000 0.46720 0.09880 0.55201 0.35153 0.19462
v 0.17671 0.76480 0.11275 0.55201 0.35153 0.19462
v 0.18000 0.46720 0.09880 0.55201 0.35153 0.19462
v 0.17671 0.46720 0.11275 0.55201 0.35153 0.19462
v 0.17671 0.76480 0.11275 0.55201 0.35153 0.19462
v 0.17671 0.76480 0.11275 0.55201 0.35153 0.19462
v 0.17671 0.46720 0.11275 0.55201 0.35153 0.19462
v 0.17086 0.76480 0.12086 0.55201 0.35153 0.19462
v 0.17671 0.46720 0.11275 0.55201 0.35153 0.19462
v 0.17086 0.46720 0.12086 0.55201 0.35153 0.19462
v 0.17086 0.76480 0.12086 0.55201 0.35153 0.19462
v 0.17086 0.46720 -0.12086 0.55201 0.35153 0.19462
v 0.16960 0.45680 -0.11960 0.55201 0.35153 0.19462
v 0.17671 0.46720 -0.11275 0.55201 0.35153 0.19462
v 0.16960 0.45680 -0.11960 0.55201 0.35153 0.19462
v 0.17427 0.45446 -0.11154 0.55201 0.35153 0.19462
v 0.17671 0.46720 -0.11275 0.55201 0.35153 0.19462
v 0.17671 0.46720 -0.11275 0.55201 0.35153 0.19462
v 0.17427 0.45446 -0.11154 0.55201 0.35153 0.19462
v 0.18000 0.46720 -0.09880 0.55201 0.35153 0.19462
v 0.17427 0.45446 -0.11154 0.55201 0.35153 0.19462
v 0.17671 0.45325 -0.09880 0.55201 0.35153 0.19462
v 0.18000 0.46720 -0.09880 0.55201 0.35153 0.19462
v 0.18000 0.46720 -0.09880 0.55201 0.35153 0.19462
v 0.17671 0.45325 -0.09880 0.55201 0.35153 0.19462
v 0.18000 0.46720 0.09880 0.55201 0.35153 0.19462
v 0.17671 0.45325 -0.09880 0.55201 0.35153 0.19462
v 0.17671 0.45325 0.09880 0.55201 0.35153 0.19462
v 0.18000 0.46720 0.09880 0.55201 0.35153 0.19462
v 0.18000 0.46720 0.09880 0.55201 0.35153 0.19462
v 0.17671 0.45325 0.09880 0.55201 0.35153 0.19462
v 0.17671 0.46720 0.11275 0.55201 0.35153 0.19462
v 0.17671 0.45325 0.09880 0.55201 0.35153 0.19462
v 0.17427 0.45446 0.11154 0.55201 0.35153 0.19462
v 0.17671 0.46720 0.11275 0.55201 0.35153 0.19462
v 0.17671 0.46720 0.11275 0.55201 0.35153 0.19462
v 0.17427 0.45446 0.11154 0.55201 0.35153 0.19462
v 0.17086 0.46720 0.12086 0.55201 0.35153 0.19462
v 0.17427 0.45446 0.11154 0.55201 0.35153 0.19462
v 0.16960 0.45680 0.11960 0.55201 0.35153 0.19462
v 0.17086 0.46720 0.12086 0.55201 0.35153 0.19462
v 0.16960 0.45680 -0.11960 0.55201 0.35153 0.19462
v 0.16681 0.44919 -0.11681 0.55201 0.35153 0.19462
v 0.17427 0.45446 -0.11154 0.55201 0.35153 0.19462
v 0.16681 0.44919 -0.11681 0.55201 0.35153 0.19462
v 0.16960 0.44640 -0.10920 0.55201 0.35153 0.19462
v 0.17427 0.45446 -0.11154 0.55201 0.35153 0.19462
v 0.17427 0.45446 -0.11154 0.55201 0.35153 0.19462
v 0.16960 0.44640 -0.10920 0.55201 0.35153 0.19462
v 0.17671 0.45325 -0.09880 0.55201 0.35153 0.19462
v 0.16960 0.44640 -0.10920 0.55201 0.35153 0.19462
v 0.17086 0.44514 -0.09880 0.55201 0.35153 0.19462
v 0.17671 0.45325 -0.09880 0.55201 0.35153 0.19462
v 0.17671 0.45325 -0.09880 0.55201 0.35153 0.19462
v 0.17086 0.44514 -0.09880 0.55201 0.35153 0.19462
v 0.17671 0.45325 0.09880 0.55201 0.35153 0.19462
v 0.17086 0.44514 -0.09880 0.55201 0.35153 0.19462
v 0.17086 0.44514 0.09880 0.55201 0.35153 0.19462
v 0.17671 0.45325 0.09880 0.55201 0.35153 0.19462
v 0.17671 0.45325 0.09880 0.55201 0.35153 0.19462
v 0.17086 0.44514 0.09880 0.55201 0.35153 0.19462
v 0.17427 0.45446 0.11154 0.55201 0.35153 0.19462
v 0.17086 0.44514 0.09880 0.55201 0.35153 0.19462
v 0.16960 0.44640 0.10920 0.55201 0.35153 0.19462
v 0.17427 0.45446 0.11154 0.55201 0.35153 0.19462
v 0.17427 0.45446 0.11154 0.55201 0.35153 0.19462
v 0.16960 0.44640 0.10920 0.55201 0.35153 0.19462
v 0.16960 0.45680 0.11960 0.55201 0.35153 0.19462
v 0.16960 0.44640 0.10920 0.55201 0.35153 0.19462
v 0.16681 0.44919 0.11681 0.55201 0.35153 0.19462
v 0.16960 0.45680 0.11960 0.55201 0.35153 0.19462
v 0.16681 0.78281 -0.11681 0.55201 0.35153 0.19462
v 0.16960 0.78560 -0.10920 0.55201 0.35153 0.19462
v 0.15920 0.78560 -0.11960 0.55201 0.35153 0.19462
v 0.16960 0.78560 -0.10920 0.55201 0.35153 0.19462
v 0.16154 0.79027 -0.11154 0.55201 0.35153 0.19462
v 0.15920 0.78560 -0.11960 0.55201 0.35153 0.19462
v 0.15920 0.78560 -0.11960 0.55201 0.35153 0.19462
v 0.16154 0.79027 -0.11154 0.55201 0.35153 0.19462
v 0.14880 0.78686 -0.12086 0.55201 0.35153 0.19462
v 0.16154 0.79027 -0.11154 0.55201 0.35153 0.19462
v 0.14880 0.79271 -0.11275 0.55201 0.35153 0.19462
v 0.14880 0.78686 -0.12086 0.55201 0.35153 0.19462
v 0.14880 0.78686 -0.12086 0.55201 0.35153 0.19462
v 0.14880 0.79271 -0.11275 0.55201 0.35153 0.19462
v -0.14880 0.78686 -0.12086 0.55201 0.35153 0.19462
v 0.14880 0.79271 -0.11275 0.55201 0.35153 0.19462
v -0.14880 0.79271 -0.11275 0.55201 0.35153 0.19462
v -0.14880 0.78686 -0.12086 0.55201 0.35153 0.19462
v -0.14880 0.78686 -0.12086 0.55201 0.35153 0.19462
v -0.14880 0.79271 -0.11275 0.55201 0.35153 0.19462
v -0.15920 0.78560 -0.11960 0.55201 0.35153 0.19462
v -0.14880 0.79271 -0.11275 0.55201 0.35153 0.19462
v -0.16154 0.79027 -0.11154 0.55201 0.35153 0.19462
v -0.15920 0.78560 -0.11960 0.55201 0.35153 0.19462
v -0.15920 0.78560 -0.11960 0.55201 0.35153 0.19462
v -0.16154 0.79027 -0.11154 0.55201 0.35153 0.19462
v -0.16681 0.78281 -0.11681 0.55201 0.35153 0.19462
v -0.16154 0.79027 -0.11154 0.55201 0.35153 0.19462
v -0.16960 0.78560 -0.10920 0.55201 0.35153 0.19462
v -0.16681 0.78281 -0.11681 0.55201 0.35153 0.19462
v 0.16960 0.78560 -0.10920 0.55201 0.35153 0.19462
v 0.17086 0.78686 -0.09880 0.55201 0.35153 0.19462
v 0.16154 0.79027 -0.11154 0.55201 0.35153 0.19462
v 0.17086 0.78686 -0.09880 0.55201 0.35153 0.19462
v 0.16275 0.79271 -0.09880 0.55201 0.35153 0.19462
v 0.16154 0.79027 -0.11154 0.55201 0.35153 0.19462
v 0.16154 0.79027 -0.11154 0.55201 0.35153 0.19462
v 0.16275 0.79271 -0.09880 0.55201 0.35153 0.19462
v 0.14880 0.79271 -0.11275 0.55201 0.35153 0.19462
v 0.16275 0.79271 -0.09880 0.55201 0.35153 0.19462
v 0.14880 0.79600 -0.09880 0.55201 0.35153 0.19462
v 0.14880 0.79271 -0.11275 0.55201 0.35153 0.19462
v 0.14880 0.79271 -0.11275 0.55201 0.35153 0.19462
v 0.14880 0.79600 -0.09880 0.55201 0.35153 0.19462
v -0.14880 0.79271 -0.11275 0.55201 0.35153 0.19462
v 0.14880 0.79600 -0.09880 0.55201 0.35153 0.19462
v -0.14880 0.79600 -0.09880 0.55201 0.35153 0.19462
v -0.14880 0.79271 -0.11275 0.55201 0.35153 0.19462
v -0.14880 0.79271 -0.11275 0.55201 0.35153 0.19462
v -0.14880 0.79600 -0.09880 0.55201 0.35153 0.19462
v -0.16154 0.79027 -0.11154 0.55201 0.35153 0.19462
v -0.14880 0.79600 -0.09880 0.55201 0.35153 0.19462
v -0.16275 0.79271 -0.09880 0.55201 0.35153 0.19462
v -0.16154 0.79027 -0.11154 0.55201 0.35153 0.19462
v -0.16154 0.79027 -0.11154 0.55201 0.35153 0.19462
v -0.16275 0.79271 -0.09880 0.55201 0.35153 0.19462
v -0.16960 0.78560 -0.10920 0.55201 0.35153 0.19462
v -0.16275 0.79271 -0.09880 0.55201 0.35153 0.19462
v -0.17086 0.78686 -0.09880 0.55201 0.35153 0.19462
v -0.16960 0.78560 -0.10920 0.55201 0.35153 0.19462
v 0.17086 0.78686 -0.09880 0.55201 0.35153 0.19462
v 0.17086 0.78686 0.09880 0.55201 0.35153 0.19462
v 0.16275 0.79271 -0.09880 0.55201 0.35153 0.19462
v 0.17086 0.78686 0.09880 0.55201 0.35153 0.19462
v 0.16275 0.79271 0.09880 0.55201 0.35153 0.19462
v 0.16275 0.79271 -0.09880 0.55201 0.35153 0.19462
v 0.16275 0.79271 -0.09880 0.55201 0.35153 0.19462
v 0.16275 0.79271 0.09880 0.55201 0.35153 0.19462
v 0.14880 0.79600 -0.09880 0.55201 0.35153 0.19462
v 0.16275 0.79271 0.09880 0.55201 0.35153 0.19462
v 0.14880 0.79600 0.09880 0.55201 0.35153 0.19462
v 0.14880 0.79600 -0.09880 0.55201 0.35153 0.19462
v 0.14880 0.79600 -0.09880 0.55201 0.35153 0.19462
v 0.14880 0.79600 0.09880 0.55201 0.35153 0.19462
v -0.14880 0.79600 -0.09880 0.55201 0.35153 0.19462
v 0.14880 0.79600 0.09880 0.55201 0.35153 0.19462
v -0.14880 0.79600 0.09880 0.55201 0.35153 0.19462
v -0.14880 0.79600 -0.09880 0.55201 0.35153 0.19462
v -0.14880 0.79600 -0.09880 0.55201 0.35153 0.19462
v -0.14880 0.79600 0.09880 0.55201 0.35153 0.19462
v -0.16275 0.79271 -0.09880 0.55201 0.35153 0.19462
v -0.14880 0.79600 0.09880 0.55201 0.35153 0.19462
v -0.16275 0.79271 0.09880 0.55201 0.35153 0.19462
v -0.16275 0.79271 -0.09880 0.55201 0.35153 0.19462
v -0.16275 0.79271 -0.09880 0.55201 0.35153 0.19462
v -0.16275 0.79271 0.09880 0.55201 0.35153 0.19462
v -0.17086 0.78686 -0.09880 0.55201 0.35153 0.19462
v -0.16275 0.79271 0.09880 0.55201 0.35153 0.19462
v -0.17086 0.78686 0.09880 0.55201 0.35153 0.19462
v -0.17086 0.78686 -0.09880 0.55201 0.35153 0.19462
v 0.17086 0.78686 0.09880 0.55201 0.35153 0.19462
v 0.16960 0.78560 0.10920 0.55201 0.35153 0.19462
v 0.16275 0.79271 0.09880 0.55201 0.35153 0.19462
v 0.16960 0.78560 0.10920 0.55201 0.35153 0.19462
v 0.16154 0.79027 0.11154 0.55201 0.35153 0.19462
v 0.16275 0.79271 0.09880 0.55201 0.35153 0.19462
v 0.16275 0.79271 0.09880 0.55201 0.35153 0.19462
v 0.16154 0.79027 0.11154 0.55201 0.35153 0.19462
v 0.14880 0.79600 0.09880 0.55201 0.35153 0.19462
v 0.16154 0.79027 0.11154 0.55201 0.35153 0.19462
v 0.14880 0.79271 0.11275 0.55201 0.35153 0.19462
v 0.14880 0.79600 0.09880 0.55201 0.35153 0.19462
v 0.14880 0.79600 0.09880 0.55201 0.35153 0.19462
v 0.14880 0.79271 0.11275 0.55201 0.35153 0.19462
v -0.14880 0.79600 0.09880 0.55201 0.35153 0.19462
v 0.14880 0.79271 0.11275 0.55201 0.35153 0.19462
v -0.14880 0.79271 0.11275 0.55201 0.35153 0.19462
v -0.14880 0.79600 0.09880 0.55201 0.35153 0.19462
v -0.14880 0.79600 0.09880 0.55201 0.35153 0.19462
v -0.14880 0.79271 0.11275 0.55201 0.35153 0.19462
v -0.16275 0.79271 0.09880 0.55201 0.35153 0.19462
v -0.14880 0.79271 0.11275 0.55201 0.35153 0.19462
v -0.16154 0.79027 0.11154 0.55201 0.35153 0.19462
v -0.16275 0.79271 0.09880 0.55201 0.35153 0.19462
v -0.16275 0.79271 0.09880 0.55201 0.35153 0.19462
v -0.16154 0.79027 0.11154 0.55201 0.35153 0.19462
v -0.17086 0.78686 0.09880 0.55201 0.35153 0.19462
v -0.16154 0.79027 0.11154 0.55201 0.35153 0.19462
v -0.16960 0.78560 0.10920 0.55201 0.35153 0.19462
v -0.17086 0.78686 0.09880 0.55201 0.35153 0.19462
v 0.16960 0.78560 0.10920 0.55201 0.35153 0.19462
v 0.16681 0.78281 0.11681 0.55201 0.35153 0.19462
v 0.16154 0.79027 0.11154 0.55201 0.35153 0.19462
v 0.16681 0.78281 0.11681 0.55201 0.35153 0.19462
v 0.15920 0.78560 0.11960 0.55201 0.35153 0.19462
v 0.16154 0.79027 0.11154 0.55201 0.35153 0.19462
v 0.16154 0.79027 0.11154 0.55201 0.35153 0.19462
v 0.15920 0.78560 0.11960 0.55201 0.35153 0.19462
v 0.14880 0.79271 0.11275 0.55201 0.35153 0.19462
v 0.15920 0.78560 0.11960 0.55201 0.35153 0.19462
v 0.14880 0.78686 0.12086 0.55201 0.35153 0.19462
v 0.14880 0.79271 0.11275 0.55201 0.35153 0.19462
v 0.14880 0.79271 0.11275 0.55201 0.35153 0.19462
v 0.14880 0.78686 0.12086 0.55201 0.35153 0.19462
v -0.14880 0.79271 0.11275 0.55201 0.35153 0.19462
v 0.14880 0.78686 0.12086 0.55201 0.35153 0.19462
v -0.14880 0.78686 0.12086 0.55201 0.35153 0.19462
v -0.14880 0.79271 0.11275 0.55201 0.35153 0.19462
v -0.14880 0.79271 0.11275 0.55201 0.35153 0.19462
v -0.14880 0.78686 0.12086 0.55201 0.35153 0.19462
v -0.16154 0.79027 0.11154 0.55201 0.35153 0.19462
v -0.14880 0.78686 0.12086 0.55201 0.35153 0.19462
v -0.15920 0.78560 0.11960 0.55201 0.35153 0.19462
v -0.16154 0.79027 0.11154 0.55201 0.35153 0.19462
v -0.16154 0.79027 0.11154 0.55201 0.35153 0.19462
v -0.15920 0.78560 0.11960 0.55201 0.35153 0.19462
v -0.16960 0.78560 0.10920 0.55201 0.35153 0.19462
v -0.15920 0.78560 0.11960 0.55201 0.35153 0.19462
v -0.16681 0.78281 0.11681 0.55201 0.35153 0.19462
v -0.16960 0.78560 0.10920 0.55201 0.35153 0.19462
v 0.16681 0.44919 0.11681 0.55201 0.35153 0.19462
v 0.16960 0.44640 0.10920 0.55201 0.35153 0.19462
v 0.15920 0.44640 0.11960 0.55201 0.35153 0.19462
v 0.16960 0.44640 0.10920 0.55201 0.35153 0.19462
v 0.16154 0.44173 0.11154 0.55201 0.35153 0.19462
v 0.15920 0.44640 0.11960 0.55201 0.35153 0.19462
v 0.15920 0.44640 0.11960 0.55201 0.35153 0.19462
v 0.16154 0.44173 0.11154 0.55201 0.35153 0.19462
v 0.14880 0.44514 0.12086 0.55201 0.35153 0.19462
v 0.16154 0.44173 0.11154 0.55201 0.35153 0.19462
v 0.14880 0.43929 0.11275 0.55201 0.35153 0.19462
v 0.14880 0.44514 0.12086 0.55201 0.35153 0.19462
v 0.14880 0.44514 0.12086 0.55201 0.35153 0.19462
v 0.14880 0.43929 0.11275 0.55201 0.35153 0.19462
v -0.14880 0.44514 0.12086 0.55201 0.35153 0.19462
v 0.14880 0.43929 0.11275 0.55201 0.35153 0.19462
v -0.14880 0.43929 0.11275 0.55201 0.35153 0.19462
v -0.14880 0.44514 0.12086 0.55201 0.35153 0.19462
v -0.14880 0.44514 0.12086 0.55201 0.35153 0.19462
v -0.14880 0.43929 0.11275 0.55201 0.35153 0.19462
v -0.15920 0.44640 0.11960 0.55201 0.35153 0.19462
v -0.14880 0.43929 0.11275 0.55201 0.35153 0.19462
v -0.16154 0.44173 0.11154 0.55201 0.35153 0.19462
v -0.15920 0.44640 0.11960 0.55201 0.35153 0.19462
v -0.15920 0.44640 0.11960 0.55201 0.35153 0.19462
v -0.16154 0.44173 0.11154 0.55201 0.35153 0.19462
v -0.16681 0.44919 0.11681 0.55201 0.35153 0.19462
v -0.16154 0.44173 0.11154 0.55201 0.35153 0.19462
v -0.16960 0.44640 0.10920 0.55201 0.35153 0.19462
v -0.16681 0.44919 0.11681 0.55201 0.35153 0.19462
v 0.16960 0.44640 0.10920 0.55201 0.35153 0.19462
v 0.17086 0.44514 0.09880 0.55201 0.35153 0.19462
v 0.16154 0.44173 0.11154 0.55201 0.35153 0.19462
v 0.17086 0.44514 0.09880 0.55201 0.35153 0.19462
v 0.16275 0.43929 0.09880 0.55201 0.35153 0.19462
v 0.16154 0.44173 0.11154 0.55201 0.35153 0.19462
v 0.16154 0.44173 0.11154 0.55201 0.35153 0.19462
v 0.16275 0.43929 0.09880 0.55201 0.35153 0.19462
v 0.14880 0.43929 0.11275 0.55201 0.35153 0.19462
v 0.16275 0.43929 0.09880 0.55201 0.35153 0.19462
v 0.14880 0.43600 0.09880 0.55201 0.35153 0.19462
v 0.14880 0.43929 0.11275 0.55201 0.35153 0.19462
v 0.14880 0.43929 0.11275 0.55201 0.35153 0.19462
v 0.14880 0.43600 0.09880 0.55201 0.35153 0.19462
v -0.14880 0.43929 0.11275 0.55201 0.35153 0.19462
v 0.14880 0.43600 0.09880 0.55201 0.35153 0.19462
v -0.14880 0.43600 0.09880 0.55201 0.35153 0.19462
v -0.14880 0.43929 0.11275 0.55201 0.35153 0.19462
v -0.14880 0.43929 0.11275 0.55201 0.35153 0.19462
v -0.14880 0.43600 0.09880 0.55201 0.35153 0.19462
v -0.16154 0.44173 0.11154 0.55201 0.35153 0.19462
v -0.14880 0.43600 0.09880 0.55201 0.35153 0.19462
v -0.16275 0.43929 0.09880 0.55201 0.35153 0.19462
v -0.16154 0.44173 0.11154 0.55201 0.35153 0.19462
v -0.16154 0.44173 0.11154 0.55201 0.35153 0.19462
v -0.16275 0.43929 0.09880 0.55201 0.35153 0.19462
v -0.16960 0.44640 0.10920 0.55201 0.35153 0.19462
v -0.16275 0.43929 0.09880 0.55201 0.35153 0.19462
v -0.17086 0.44514 0.09880 0.55201 0.35153 0.19462
v -0.16960 0.44640 0.10920 0.55201 0.35153 0.19462
v 0.17086 0.44514 0.09880 0.55201 0.35153 0.19462
v 0.17086 0.44514 -0.09880 0.55201 0.35153 0.19462
v 0.16275 0.43929 0.09880 0.55201 0.35153 0.19462
v 0.17086 0.44514 -0.09880 0.55201 0.35153 0.19462
v 0.16275 0.43929 -0.09880 0.55201 0.35153 0.19462
v 0.16275 0.43929 0.09880 0.55201 0.35153 0.19462
v 0.16275 0.43929 0.09880 0.55201 0.35153 0.19462
v 0.16275 0.43929 -0.09880 0.55201 0.35153 0.19462
v 0.14880 0.43600 0.09880 0.55201 0.35153 0.19462
v 0.16275 0.43929 -0.09880 0.55201 0.35153 0.19462
v 0.14880 0.43600 -0.09880 0.55201 0.35153 0.19462
v 0.14880 0.43600 0.09880 0.55201 0.35153 0.19462
v 0.14880 0.43600 0.09880 0.55201 0.35153 0.19462
v 0.14880 0.43600 -0.09880 0.55201 0.35153 0.19462
v -0.14880 0.43600 0.09880 0.55201 0.35153 0.19462
v 0.14880 0.43600 -0.09880 0.55201 0.35153 0.19462
v -0.14880 0.43600 -0.09880 0.55201 0.35153 0.19462
v -0.14880 0.43600 0.09880 0.55201 0.35153 0.19462
v -0.14880 0.43600 0.09880 0.55201 0.35153 0.19462
v -0.14880 0.43600 -0.09880 0.55201 0.35153 0.19462
v -0.16275 0.43929 0.09880 0.55201 0.35153 0.19462
v -0.14880 0.43600 -0.09880 0.55201 0.35153 0.19462
v -0.16275 0.43929 -0.09880 0.55201 0.35153 0.19462
v -0.16275 0.43929 0.09880 0.55201 0.35153 0.19462
v -0.16275 0.43929 0.09880 0.55201 0.35153 0.19462
v -0.16275 0.43929 -0.09880 0.55201 0.35153 0.19462
v -0.17086 0.44514 0.09880 0.55201 0.35153 0.19462
v -0.16275 0.43929 -0.09880 0.55201 0.35153 0.19462
v -0.17086 0.44514 -0.09880 0.55201 0.35153 0.19462
v -0.17086 0.44514 0.09880 0.55201 0.35153 0.19462
v 0.17086 0.44514 -0.09880 0.55201 0.35153 0.19462
v 0.16960 0.44640 -0.10920 0.55201 0.35153 0.19462
v 0.16275 0.43929 -0.09880 0.55201 0.35153 0.19462
v 0.16960 0.44640 -0.10920 0.55201 0.35153 0.19462
v 0.16154 0.44173 -0.11154 0.55201 0.35153 0.19462
v 0.16275 0.43929 -0.09880 0.55201 0.35153 0.19462
v 0.16275 0.43929 -0.09880 0.55201 0.35153 0.19462
v 0.16154 0.44173 -0.11154 0.55201 0.35153 0.19462
v 0.14880 0.43600 -0.09880 0.55201 0.35153 0.19462
v 0.16154 0.44173 -0.11154 0.55201 0.35153 0.19462
v 0.14880 0.43929 -0.11275 0.55201 0.35153 0.19462
v 0.14880 0.43600 -0.09880 0.55201 0.35153 0.19462
v 0.14880 0.43600 -0.09880 0.55201 0.35153 0.19462
v 0.14880 0.43929 -0.11275 0.55201 0.35153 0.19462
v -0.14880 0.43600 -0.09880 0.55201 0.35153 0.19462
v 0.14880 0.43929 -0.11275 0.55201 0.35153 0.19462
v -0.14880 0.43929 -0.11275 0.55201 0.35153 0.19462
v -0.14880 0.43600 -0.09880 0.55201 0.35153 0.19462
v -0.14880 0.43600 -0.09880 0.55201 0.35153 0.19462
v -0.14880 0.43929 -0.11275 0.55201 0.35153 0.19462
v -0.16275 0.43929 -0.09880 0.55201 0.35153 0.19462
v -0.14880 0.43929 -0.11275 0.55201 0.35153 0.19462
v -0.16154 0.44173 -0.11154 0.55201 0.35153 0.19462
v -0.16275 0.43929 -0.09880 0.55201 0.35153 0.19462
v -0.16275 0.43929 -0.09880 0.55201 0.35153 0.19462
v -0.16154 0.44173 -0.11154 0.55201 0.35153 0.19462
v -0.17086 0.44514 -0.09880 0.55201 0.35153 0.19462
v -0.16154 0.44173 -0.11154 0.55201 0.35153 0.19462
v -0.16960 0.44640 -0.10920 0.55201 0.35153 0.19462
v -0.17086 0.44514 -0.09880 0.55201 0.35153 0.19462
v 0.16960 0.44640 -0.10920 0.55201 0.35153 0.19462
v 0.16681 0.44919 -0.11681 0.55201 0.35153 0.19462
v 0.16154 0.44173 -0.11154 0.55201 0.35153 0.19462
v 0.16681 0.44919 -0.11681 0.55201 0.35153 0.19462
v 0.15920 0.44640 -0.11960 0.55201 0.35153 0.19462
v 0.16154 0.44173 -0.11154 0.55201 0.35153 0.19462
v 0.16154 0.44173 -0.11154 0.55201 0.35153 0.19462
v 0.15920 0.44640 -0.11960 0.55201 0.35153 0.19462
v 0.14880 0.43929 -0.11275 0.55201 0.35153 0.19462
v 0.15920 0.44640 -0.11960 0.55201 0.35153 0.19462
v 0.14880 0.44514 -0.12086 0.55201 0.35153 0.19462
v 0.14880 0.43929 -0.11275 0.55201 0.35153 0.19462
v 0.14880 0.43929 -0.11275 0.55201 0.35153 0.19462
v 0.14880 0.44514 -0.12086 0.55201 0.35153 0.19462
v -0.14880 0.43929 -0.11275 0.55201 0.35153 0.19462
v 0.14880 0.44514 -0.12086 0.55201 0.35153 0.19462
v -0.14880 0.44514 -0.12086 0.55201 0.35153 0.19462
v -0.14880 0.43929 -0.11275 0.55201 0.35153 0.19462
v -0.14880 0.43929 -0.11275 0.55201 0.35153 0.19462
v -0.14880 0.44514 -0.12086 0.55201 0.35153 0.19462
v -0.16154 0.44173 -0.11154 0.55201 0.35153 0.19462
v -0.14880 0.44514 -0.12086 0.55201 0.35153 0.19462
v -0.15920 0.44640 -0.11960 0.55201 0.35153 0.19462
v -0.16154 0.44173 -0.11154 0.55201 0.35153 0.19462
v -0.16154 0.44173 -0.11154 0.55201 0.35153 0.19462
v -0.15920 0.44640 -0.11960 0.55201 0.35153 0.19462
v -0.16960 0.44640 -0.10920 0.55201 0.35153 0.19462
v -0.15920 0.44640 -0.11960 0.55201 0.35153 0.19462
v -0.16681 0.44919 -0.11681 0.55201 0.35153 0.19462
v -0.16960 0.44640 -0.10920 0.55201 0.35153 0.19462
v 0.16681 0.78281 0.11681 0.55201 0.35153 0.19462
v 0.16960 0.77520 0.11960 0.55201 0.35153 0.19462
v 0.15920 0.78560 0.11960 0.55201 0.35153 0.19462
v 0.16960 0.77520 0.11960 0.55201 0.35153 0.19462
v 0.16154 0.77754 0.12427 0.55201 0.35153 0.19462
v 0.15920 0.78560 0.11960 0.55201 0.35153 0.19462
v 0.15920 0.78560 0.11960 0.55201 0.35153 0.19462
v 0.16154 0.77754 0.12427 0.55201 0.35153 0.19462
v 0.14880 0.78686 0.12086 0.55201 0.35153 0.19462
v 0.16154 0.77754 0.12427 0.55201 0.35153 0.19462
v 0.14880 0.77875 0.12671 0.55201 0.35153 0.19462
v 0.14880 0.78686 0.12086 0.55201 0.35153 0.19462
v 0.14880 0.78686 0.12086 0.55201 0.35153 0.19462
v 0.14880 0.77875 0.12671 0.55201 0.35153 0.19462
v -0.14880 0.78686 0.12086 0.55201 0.35153 0.19462
v 0.14880 0.77875 0.12671 0.55201 0.35153 0.19462
v -0.14880 0.77875 0.12671 0.55201 0.35153 0.19462
v -0.14880 0.78686 0.12086 0.55201 0.35153 0.19462
v -0.14880 0.78686 0.12086 0.55201 0.35153 0.19462
v -0.14880 0.77875 0.12671 0.55201 0.35153 0.19462
v -0.15920 0.78560 0.11960 0.55201 0.35153 0.19462
v -0.14880 0.77875 0.12671 0.55201 0.35153 0.19462
v -0.16154 0.77754 0.12427 0.55201 0.35153 0.19462
v -0.15920 0.78560 0.11960 0.55201 0.35153 0.19462
v -0.15920 0.78560 0.11960 0.55201 0.35153 0.19462
v -0.16154 0.77754 0.12427 0.55201 0.35153 0.19462
v -0.16681 0.78281 0.11681 0.55201 0.35153 0.19462
v -0.16154 0.77754 0.12427 0.55201 0.35153 0.19462
v -0.16960 0.77520 0.11960 0.55201 0.35153 0.19462
v -0.16681 0.78281 0.11681 0.55201 0.35153 0.19462
v 0.16960 0.77520 0.11960 0.55201 0.35153 0.19462
v 0.17086 0.76480 0.12086 0.55201 0.35153 0.19462
v 0.16154 0.77754 0.12427 0.55201 0.35153 0.19462
v 0.17086 0.76480 0.12086 0.55201 0.35153 0.19462
v 0.16275 0.76480 0.12671 0.55201 0.35153 0.19462
v 0.16154 0.77754 0.12427 0.55201 0.35153 0.19462
v 0.16154 0.77754 0.12427 0.55201 0.35153 0.19462
v 0.16275 0.76480 0.12671 0.55201 0.35153 0.19462
v 0.14880 0.77875 0.12671 0.55201 0.35153 0.19462
v 0.16275 0.76480 0.12671 0.55201 0.35153 0.19462
v 0.14880 0.76480 0.13000 0.55201 0.35153 0.19462
v 0.14880 0.77875 0.12671 0.55201 0.35153 0.19462
v 0.14880 0.77875 0.12671 0.55201 0.35153 0.19462
v 0.14880 0.76480 0.13000 0.55201 0.35153 0.19462
v -0.14880 0.77875 0.12671 0.55201 0.35153 0.19462
v 0.14880 0.76480 0.13000 0.55201 0.35153 0.19462
v -0.14880 0.76480 0.13000 0.55201 0.35153 0.19462
v -0.14880 0.77875 0.12671 0.55201 0.35153 0.19462
v -0.14880 0.77875 0.12671 0.55201 0.35153 0.19462
v -0.14880 0.76480 0.13000 0.55201 0.35153 0.19462
v -0.16154 0.77754 0.12427 0.55201 0.35153 0.19462
v -0.14880 0.76480 0.13000 0.55201 0.35153 0.19462
v -0.16275 0.76480 0.12671 0.55201 0.35153 0.19462
v -0.16154 0.77754 0.12427 0.55201 0.35153 0.19462
v -0.16154 0.77754 0.12427 0.55201 0.35153 0.19462
v -0.16275 0.76480 0.12671 0.55201 0.35153 0.19462
v -0.16960 0.77520 0.11960 0.55201 0.35153 0.19462
v -0.16275 0.76480 0.12671 0.55201 0.35153 0.19462
v -0.17086 0.76480 0.12086 0.55201 0.35153 0.19462
v -0.16960 0.77520 0.11960 0.55201 0.35153 0.19462
v 0.17086 0.76480 0.12086 0.55201 0.35153 0.19462
v 0.17086 0.46720 0.12086 0.55201 0.35153 0.19462
v 0.16275 0.76480 0.12671 0.55201 0.35153 0.19462
v 0.17086 0.46720 0.12086 0.55201 0.35153 0.19462
v 0.16275 0.46720 0.12671 0.55201 0.35153 0.19462
v 0.16275 0.76480 0.12671 0.55201 0.35153 0.19462
v 0.16275 0.76480 0.12671 0.55201 0.35153 0.19462
v 0.16275 0.46720 0.12671 0.55201 0.35153 0.19462
v 0.14880 0.76480 0.13000 0.55201 0.35153 0.19462
v 0.16275 0.46720 0.12671 0.55201 0.35153 0.19462
v 0.14880 0.46720 0.13000 0.55201 0.35153 0.19462
v 0.14880 0.76480 0.13000 0.55201 0.35153 0.19462
v 0.14880 0.76480 0.13000 0.55201 0.35153 0.19462
v 0.14880 0.46720 0.13000 0.55201 0.35153 0.19462
v -0.14880 0.76480 0.13000 0.55201 0.35153 0.19462
v 0.14880 0.46720 0.13000 0.55201 0.35153 0.19462
v -0.14880 0.46720 0.13000 0.55201 0.35153 0.19462
v -0.14880 0.76480 0.13000 0.55201 0.35153 0.19462
v -0.14880 0.76480 0.13000 0.55201 0.35153 0.19462
v -0.14880 0.46720 0.13000 0.55201 0.35153 0.19462
v -0.16275 0.76480 0.12671 0.55201 0.35153 0.19462
v -0.14880 0.46720 0.13000 0.55201 0.35153 0.19462
v -0.16275 0.46720 0.12671 0.55201 0.35153 0.19462
v -0.16275 0.76480 0.12671 0.55201 0.35153 0.19462
v -0.16275 0.76480 0.12671 0.55201 0.35153 0.19462
v -0.16275 0.46720 0.12671 0.55201 0.35153 0.19462
v -0.17086 0.76480 0.12086 0.55201 0.35153 0.19462
v -0.16275 0.46720 0.12671 0.55201 0.35153 0.19462
v -0.17086 0.46720 0.12086 0.55201 0.35153 0.19462
v -0.17086 0.76480 0.12086 0.55201 0.35153 0.19462
v 0.17086 0.46720 0.12086 0.55201 0.35153 0.19462
v 0.16960 0.45680 0.11960 0.55201 0.35153 0.19462
v 0.16275 0.46720 0.12671 0.55201 0.35153 0.19462
v 0.16960 0.45680 0.11960 0.55201 0.35153 0.19462
v 0.16154 0.45446 0.12427 0.55201 0.35153 0.19462
v 0.16275 0.46720 0.12671 0.55201 0.35153 0.19462
v 0.16275 0.46720 0.12671 0.55201 0.35153 0.19462
v 0.16154 0.45446 0.12427 0.55201 0.35153 0.19462
v 0.14880 0.46720 0.13000 0.55201 0.35153 0.19462
v 0.16154 0.45446 0.12427 0.55201 0.35153 0.19462
v 0.14880 0.45325 0.12671 0.55201 0.35153 0.19462
v 0.14880 0.46720 0.13000 0.55201 0.35153 0.19462
v 0.14880 0.46720 0.13000 0.55201 0.35153 0.19462
v 0.14880 0.45325 0.12671 0.55201 0.35153 0.19462
v -0.14880 0.46720 0.13000 0.55201 0.35153 0.19462
v 0.14880 0.45325 0.12671 0.55201 0.35153 0.19462
v -0.14880 0.45325 0.12671 0.55201 0.35153 0.19462
v -0.14880 0.46720 0.13000 0.55201 0.35153 0.19462
v -0.14880 0.46720 0.13000 0.55201 0.35153 0.19462
v -0.14880 0.45325 0.12671 0.55201 0.35153 0.19462
v -0.16275 0.46720 0.12671 0.55201 0.35153 0.19462
v -0.14880 0.45325 0.12671 0.55201 0.35153 0.19462
v -0.16154 0.45446 0.12427 0.55201 0.35153 0.19462
v -0.16275 0.46720 0.12671 0.55201 0.35153 0.19462
v -0.16275 0.46720 0.12671 0.55201 0.35153 0.19462
v -0.16154 0.45446 0.12427 0.55201 0.35153 0.19462
v -0.17086 0.46720 0.12086 0.55201 0.35153 0.19462
v -0.16154 0.45446 0.12427 0.55201 0.35153 0.19462
v -0.16960 0.45680 0.11960 0.55201 0.35153 0.19462
v -0.17086 0.46720 0.12086 0.55201 0.35153 0.19462
v 0.16960 0.45680 0.11960 0.55201 0.35153 0.19462
v 0.16681 0.44919 0.11681 0.55201 0.35153 0.19462
v 0.16154 0.45446 0.12427 0.55201 0.35153 0.19462
v 0.16681 0.44919 0.11681 0.55201 0.35153 0.19462
v 0.15920 0.44640 0.11960 0.55201 0.35153 0.19462
v 0.16154 0.45446 0.12427 0.55201 0.35153 0.19462
v 0.16154 0.45446 0.12427 0.55201 0.35153 0.19462
v 0.15920 0.44640 0.11960 0.55201 0.35153 0.19462
v 0.14880 0.45325 0.12671 0.55201 0.35153 0.19462
v 0.15920 0.44640 0.11960 0.55201 0.35153 0.19462
v 0.14880 0.44514 0.12086 0.55201 0.35153 0.19462
v 0.14880 0.45325 0.12671 0.55201 0.35153 0.19462
v 0.14880 0.45325 0.12671 0.55201 0.35153 0.19462
v 0.14880 0.44514 0.12086 0.55201 0.35153 0.19462
v -0.14880 0.45325 0.12671 0.55201 0.35153 0.19462
v 0.14880 0.44514 0.12086 0.55201 0.35153 0.19462
v -0.14880 0.44514 0.12086 0.55201 0.35153 0.19462
v -0.14880 0.45325 0.12671 0.55201 0.35153 0.19462
v -0.14880 0.45325 0.12671 0.55201 0.35153 0.19462
v -0.14880 0.44514 0.12086 0.55201 0.35153 0.19462
v -0.16154 0.45446 0.12427 0.55201 0.35153 0.19462
v -0.14880 0.44514 0.12086 0.55201 0.35153 0.19462
v -0.15920 0.44640 0.11960 0.55201 0.35153 0.19462
v -0.16154 0.45446 0.12427 0.55201 0.35153 0.19462
v -0.16154 0.45446 0.12427 0.55201 0.35153 0.19462
v -0.15920 0.44640 0.11960 0.55201 0.35153 0.19462
v -0.16960 0.45680 0.11960 0.55201 0.35153 0.19462
v -0.15920 0.44640 0.11960 0.55201 0.35153 0.19462
v -0.16681 0.44919 0.11681 0.55201 0.35153 0.19462
v -0.16960 0.45680 0.11960 0.55201 0.35153 0.19462
v -0.16681 0.78281 -0.11681 0.55201 0.35153 0.19462
v -0.16960 0.77520 -0.11960 0.55201 0.35153 0.19462
v -0.15920 0.78560 -0.11960 0.55201 0.35153 0.19462
v -0.16960 0.77520 -0.11960 0.55201 0.35153 0.19462
v -0.16154 0.77754 -0.12427 0.55201 0.35153 0.19462
v -0.15920 0.78560 -0.11960 0.55201 0.35153 0.19462
v -0.15920 0.78560 -0.11960 0.55201 0.35153 0.19462
v -0.16154 0.77754 -0.12427 0.55201 0.35153 0.19462
v -0.14880 0.78686 -0.12086 0.55201 0.35153 0.19462
v -0.16154 0.77754 -0.12427 0.55201 0.35153 0.19462
v -0.14880 0.77875 -0.12671 0.55201 0.35153 0.19462
v -0.14880 0.78686 -0.12086 0.55201 0.35153 0.19462
v -0.14880 0.78686 -0.12086 0.55201 0.35153 0.19462
v -0.14880 0.77875 -0.12671 0.55201 0.35153 0.19462
v 0.14880 0.78686 -0.12086 0.55201 0.35153 0.19462
v -0.14880 0.77875 -0.12671 0.55201 0.35153 0.19462
v 0.14880 0.77875 -0.12671 0.55201 0.35153 0.19462
v 0.14880 0.78686 -0.12086 0.55201 0.35153 0.19462
v 0.14880 0.78686 -0.12086 0.55201 0.35153 0.19462
v 0.14880 0.77875 -0.12671 0.55201 0.35153 0.19462
v 0.15920 0.78560 -0.11960 0.55201 0.35153 0.19462
v 0.14880 0.77875 -0.12671 0.55201 0.35153 0.19462
v 0.16154 0.77754 -0.12427 0.55201 0.35153 0.19462
v 0.15920 0.78560 -0.11960 0.55201 0.35153 0.19462
v 0.15920 0.78560 -0.11960 0.55201 0.35153 0.19462
v 0.16154 0.77754 -0.12427 0.55201 0.35153 0.19462
v 0.16681 0.78281 -0.11681 0.55201 0.35153 0.19462
v 0.16154 0.77754 -0.12427 0.55201 0.35153 0.19462
v 0.16960 0.77520 -0.11960 0.55201 0.35153 0.19462
v 0.16681 0.78281 -0.11681 0.55201 0.35153 0.19462
v -0.16960 0.77520 -0.11960 0.55201 0.35153 0.19462
v -0.17086 0.76480 -0.12086 0.55201 0.35153 0.19462
v -0.16154 0.77754 -0.12427 0.55201 0.35153 0.19462
v -0.17086 0.76480 -0.12086 0.55201 0.35153 0.19462
v -0.16275 0.76480 -0.12671 0.55201 0.35153 0.19462
v -0.16154 0.77754 -0.12427 0.55201 0.35153 0.19462
v -0.16154 0.77754 -0.12427 0.55201 0.35153 0.19462
v -0.16275 0.76480 -0.12671 0.55201 0.35153 0.19462
v -0.14880 0.77875 -0.12671 0.55201 0.35153 0.19462
v -0.16275 0.76480 -0.12671 0.55201 0.35153 0.19462
v -0.14880 0.76480 -0.13000 0.55201 0.35153 0.19462
v -0.14880 0.77875 -0.12671 0.55201 0.35153 0.19462
v -0.14880 0.77875 -0.12671 0.55201 0.35153 0.19462
v -0.14880 0.76480 -0.13000 0.55201 0.35153 0.19462
v 0.14880 0.77875 -0.12671 0.55201 0.35153 0.19462
v -0.14880 0.76480 -0.13000 0.55201 0.35153 0.19462
v 0.14880 0.76480 -0.13000 0.55201 0.35153 0.19462
v 0.14880 0.77875 -0.12671 0.55201 0.35153 0.19462
v 0.14880 0.77875 -0.12671 0.55201 0.35153 0.19462
v 0.14880 0.76480 -0.13000 0.55201 0.35153 0.19462
v 0.16154 0.77754 -0.12427 0.55201 0.35153 0.19462
v 0.14880 0.76480 -0.13000 0.55201 0.35153 0.19462
v 0.16275 0.76480 -0.12671 0.55201 0.35153 0.19462
v 0.16154 0.77754 -0.12427 0.55201 0.35153 0.19462
v 0.16154 0.77754 -0.12427 0.55201 0.35153 0.19462
v 0.16275 0.76480 -0.12671 0.55201 0.35153 0.19462
v 0.16960 0.77520 -0.11960 0.55201 0.35153 0.19462
v 0.16275 0.76480 -0.12671 0.55201 0.35153 0.19462
v 0.17086 0.76480 -0.12086 0.55201 0.35153 0.19462
v 0.16960 0.77520 -0.11960 0.55201 0.35153 0.19462
v -0.17086 0.76480 -0.12086 0.55201 0.35153 0.19462
v -0.17086 0.46720 -0.12086 0.55201 0.35153 0.19462
v -0.16275 0.76480 -0.12671 0.55201 0.35153 0.19462
v -0.17086 0.46720 -0.12086 0.55201 0.35153 0.19462
v -0.16275 0.46720 -0.12671 0.55201 0.35153 0.19462
v -0.16275 0.76480 -0.12671 0.55201 0.35153 0.19462
v -0.16275 0.76480 -0.12671 0.55201 0.35153 0.19462
v -0.16275 0.46720 -0.12671 0.55201 0.35153 0.19462
v -0.14880 0.76480 -0.13000 0.55201 0.35153 0.19462
v -0.16275 0.46720 -0.12671 0.55201 0.35153 0.19462
v -0.14880 0.46720 -0.13000 0.55201 0.35153 0.19462
v -0.14880 0.76480 -0.13000 0.55201 0.35153 0.19462
v -0.14880 0.76480 -0.13000 0.55201 0.35153 0.19462
v -0.14880 0.46720 -0.13000 0.55201 0.35153 0.19462
v 0.14880 0.76480 -0.13000 0.55201 0.35153 0.19462
v -0.14880 0.46720 -0.13000 0.55201 0.35153 0.19462
v 0.14880 0.46720 -0.13000 0.55201 0.35153 0.19462
v 0.14880 0.76480 -0.13000 0.55201 0.35153 0.19462
v 0.14880 0.76480 -0.13000 0.55201 0.35153 0.19462
v 0.14880 0.46720 -0.13000 0.55201 0.35153 0.19462
v 0.16275 0.76480 -0.12671 0.55201 0.35153 0.19462
v 0.14880 0.46720 -0.13000 0.55201 0.35153 0.19462
v 0.16275 0.46720 -0.12671 0.55201 0.35153 0.19462
v 0.16275 0.76480 -0.12671 0.55201 0.35153 0.19462
v 0.16275 0.76480 -0.12671 0.55201 0.35153 0.19462
v 0.16275 0.46720 -0.12671 0.55201 0.35153 0.19462
v 0.17086 0.76480 -0.12086 0.55201 0.35153 0.19462
v 0.16275 0.46720 -0.12671 0.55201 0.35153 0.19462
v 0.17086 0.46720 -0.12086 0.55201 0.35153 0.19462
v 0.17086 0.76480 -0.12086 0.55201 0.35153 0.19462
v -0.17086 0.46720 -0.12086 0.55201 0.35153 0.19462
v -0.16960 0.45680 -0.11960 0.55201 0.35153 0.19462
v -0.16275 0.46720 -0.12671 0.55201 0.35153 0.19462
v -0.16960 0.45680 -0.11960 0.55201 0.35153 0.19462
v -0.16154 0.45446 -0.12427 0.55201 0.35153 0.19462
v -0.16275 0.46720 -0.12671 0.55201 0.35153 0.19462
v -0.16275 0.46720 -0.12671 0.55201 0.35153 0.19462
v -0.16154 0.45446 -0.12427 0.55201 0.35153 0.19462
v -0.14880 0.46720 -0.13000 0.55201 0.35153 0.19462
v -0.16154 0.45446 -0.12427 0.55201 0.35153 0.19462
v -0.14880 0.45325 -0.12671 0.55201 0.35153 0.19462
v -0.14880 0.46720 -0.13000 0.55201 0.35153 0.19462
v -0.14880 0.46720 -0.13000 0.55201 0.35153 0.19462
v -0.14880 0.45325 -0.12671 0.55201 0.35153 0.19462
v 0.14880 0.46720 -0.13000 0.55201 0.35153 0.19462
v -0.14880 0.45325 -0.12671 0.55201 0.35153 0.19462
v 0.14880 0.45325 -0.12671 0.55201 0.35153 0.19462
v 0.14880 0.46720 -0.13000 0.55201 0.35153 0.19462
v 0.14880 0.46720 -0.13000 0.55201 0.35153 0.19462
v 0.14880 0.45325 -0.12671 0.55201 0.35153 0.19462
v 0.16275 0.46720 -0.12671 0.55201 0.35153 0.19462
v 0.14880 0.45325 -0.12671 0.55201 0.35153 0.19462
v 0.16154 0.45446 -0.12427 0.55201 0.35153 0.19462
v 0.16275 0.46720 -0.12671 0.55201 0.35153 0.19462
v 0.16275 0.46720 -0.12671 0.55201 0.35153 0.19462
v 0.16154 0.45446 -0.12427 0.55201 0.35153 0.19462
v 0.17086 0.46720 -0.12086 0.55201 0.35153 0.19462
v 0.16154 0.45446 -0.12427 0.55201 0.35153 0.19462
v 0.16960 0.45680 -0.11960 0.55201 0.35153 0.19462
v 0.17086 0.46720 -0.12086 0.55201 0.35153 0.19462
v -0.16960 0.45680 -0.11960 0.55201 0.35153 0.19462
v -0.16681 0.44919 -0.11681 0.55201 0.35153 0.19462
v -0.16154 0.45446 -0.12427 0.55201 0.35153 0.19462
v -0.16681 0.44919 -0.11681 0.55201 0.35153 0.19462
v -0.15920 0.44640 -0.11960 0.55201 0.35153 0.19462
v -0.16154 0.45446 -0.12427 0.55201 0.35153 0.19462
v -0.16154 0.45446 -0.12427 0.55201 0.35153 0.19462
v -0.15920 0.44640 -0.11960 0.55201 0.35153 0.19462
v -0.14880 0.45325 -0.12671 0.55201 0.35153 0.19462
v -0.15920 0.44640 -0.11960 0.55201 0.35153 0.19462
v -0.14880 0.44514 -0.12086 0.55201 0.35153 0.19462
v -0.14880 0.45325 -0.12671 0.55201 0.35153 0.19462
v -0.14880 0.45325 -0.12671 0.55201 0.35153 0.19462
v -0.14880 0.44514 -0.12086 0.55201 0.35153 0.19462
v 0.14880 0.45325 -0.12671 0.55201 0.35153 0.19462
v -0.14880 0.44514 -0.12086 0.55201 0.35153 0.19462
v 0.14880 0.44514 -0.12086 0.55201 0.35153 0.19462
v 0.14880 0.45325 -0.12671 0.55201 0.35153 0.19462
v 0.14880 0.45325 -0.12671 0.55201 0.35153 0.19462
v 0.14880 0.44514 -0.12086 0.55201 0.35153 0.19462
v 0.16154 0.45446 -0.12427 0.55201 0.35153 0.19462
v 0.14880 0.44514 -0.12086 0.55201 0.35153 0.19462
v 0.15920 0.44640 -0.11960 0.55201 0.35153 0.19462
v 0.16154 0.45446 -0.12427 0.55201 0.35153 0.19462
v 0.16154 0.45446 -0.12427 0.55201 0.35153 0.19462
v 0.15920 0.44640 -0.11960 0.55201 0.35153 0.19462
v 0.16960 0.45680 -0.11960 0.55201 0.35153 0.19462
v 0.15920 0.44640 -0.11960 0.55201 0.35153 0.19462
v 0.16681 0.44919 -0.11681 0.55201 0.35153 0.19462
v 0.16960 0.45680 -0.11960 0.55201 0.35153 0.19462
v 0.00000 0.81688 0.03000 0.55201 0.35153 0.19462
v 0.00000 0.81688 0.03000 0.55201 0.35153 0.19462
v 0.00000 0.81688 0.03000 0.55201 0.35153 0.19462
v 0.00000 0.81688 0.03000 0.55201 0.35153 0.19462
v 0.00000 0.81688 0.03000 0.55201 0.35153 0.19462
v 0.00000 0.81688 0.03000 0.55201 0.35153 0.19462
v 0.00000 0.81688 0.03000 0.55201 0.35153 0.19462
v 0.00000 0.81688 0.03000 0.55201 0.35153 0.19462
v 0.00000 0.81688 0.03000 0.55201 0.35153 0.19462
v 0.00000 0.81688 0.03000 0.55201 0.35153 0.19462
v 0.00000 0.81688 0.03000 0.55201 0.35153 0.19462
v 0.08016 0.80477 0.03000 0.55201 0.35153 0.19462
v 0.06485 0.80477 0.08160 0.55201 0.35153 0.19462
v 0.02477 0.80477 0.11349 0.55201 0.35153 0.19462
v -0.02477 0.80477 0.11349 0.55201 0.35153 0.19462
v -0.06485 0.80477 0.08160 0.55201 0.35153 0.19462
v -0.08016 0.80477 0.03000 0.55201 0.35153 0.19462
v -0.06485 0.80477 -0.02160 0.55201 0.35153 0.19462
v -0.02477 0.80477 -0.05349 0.55201 0.35153 0.19462
v 0.02477 0.80477 -0.05349 0.55201 0.35153 0.19462
v 0.06485 0.80477 -0.02160 0.55201 0.35153 0.19462
v 0.08016 0.80477 0.03000 0.55201 0.35153 0.19462
v 0.15064 0.76988 0.03000 0.55201 0.35153 0.19462
v 0.12187 0.76988 0.12698 0.55201 0.35153 0.19462
v 0.04655 0.76988 0.18692 0.55201 0.35153 0.19462
v -0.04655 0.76988 0.18692 0.55201 0.35153 0.19462
v -0.12187 0.76988 0.12698 0.55201 0.35153 0.19462
v -0.15064 0.76988 0.03000 0.55201 0.35153 0.19462
v -0.12187 0.76988 -0.06698 0.55201 0.35153 0.19462
v -0.04655 0.76988 -0.12692 0.55201 0.35153 0.19462
v 0.04655 0.76988 -0.12692 0.55201 0.35153 0.19462
v 0.12187 0.76988 -0.06698 0.55201 0.35153 0.19462
v 0.15064 0.76988 0.03000 0.55201 0.35153 0.19462
v 0.20296 0.71644 0.03000 0.55201 0.35153 0.19462
v 0.16420 0.71644 0.16066 0.55201 0.35153 0.19462
v 0.06272 0.71644 0.24141 0.55201 0.35153 0.19462
v -0.06272 0.71644 0.24141 0.55201 0.35153 0.19462
v -0.16420 0.71644 0.16066 0.55201 0.35153 0.19462
v -0.20296 0.71644 0.03000 0.55201 0.35153 0.19462
v -0.16420 0.71644 -0.10066 0.55201 0.35153 0.19462
v -0.06272 0.71644 -0.18141 0.55201 0.35153 0.19462
v 0.06272 0.71644 -0.18141 0.55201 0.35153 0.19462
v 0.16420 0.71644 -0.10066 0.55201 0.35153 0.19462
v 0.20296 0.71644 0.03000 0.55201 0.35153 0.19462
v 0.23080 0.65088 0.03000 0.55201 0.35153 0.19462
v 0.18672 0.65088 0.17858 0.55201 0.35153 0.19462
v 0.07132 0.65088 0.27041 0.55201 0.35153 0.19462
v -0.07132 0.65088 0.27041 0.55201 0.35153 0.19462
v -0.18672 0.65088 0.17858 0.55201 0.35153 0.19462
v -0.23080 0.65088 0.03000 0.55201 0.35153 0.19462
v -0.18672 0.65088 -0.11858 0.55201 0.35153 0.19462
v -0.07132 0.65088 -0.21041 0.55201 0.35153 0.19462
v 0.07132 0.65088 -0.21041 0.55201 0.35153 0.19462
v 0.18672 0.65088 -0.11858 0.55201 0.35153 0.19462
v 0.23080 0.65088 0.03000 0.55201 0.35153 0.19462
v 0.23080 0.58112 0.03000 0.55201 0.35153 0.19462
v 0.18672 0.58112 0.17858 0.55201 0.35153 0.19462
v 0.07132 0.58112 0.27041 0.55201 0.35153 0.19462
v -0.07132 0.58112 0.27041 0.55201 0.35153 0.19462
v -0.18672 0.58112 0.17858 0.55201 0.35153 0.19462
v -0.23080 0.58112 0.03000 0.55201 0.35153 0.19462
v -0.18672 0.58112 -0.11858 0.55201 0.35153 0.19462
v -0.07132 0.58112 -0.21041 0.55201 0.35153 0.19462
v 0.07132 0.58112 -0.21041 0.55201 0.35153 0.19462
v 0.18672 0.58112 -0.11858 0.55201 0.35153 0.19462
v 0.23080 0.58112 0.03000 0.55201 0.35153 0.19462
v 0.20296 0.51556 0.03000 0.55201 0.35153 0.19462
v 0.16420 0.51556 0.16066 0.55201 0.35153 0.19462
v 0.06272 0.51556 0.24141 0.55201 0.35153 0.19462
v -0.06272 0.51556 0.24141 0.55201 0.35153 0.19462
v -0.16420 0.51556 0.16066 0.55201 0.35153 0.19462
v -0.20296 0.51556 0.03000 0.55201 0.35153 0.19462
v -0.16420 0.51556 -0.10066 0.55201 0.35153 0.19462
v -0.06272 0.51556 -0.18141 0.55201 0.35153 0.19462
v 0.06272 0.51556 -0.18141 0.55201 0.35153 0.19462
v 0.16420 0.51556 -0.10066 0.55201 0.35153 0.19462
v 0.20296 0.51556 0.03000 0.55201 0.35153 0.19462
v 0.15064 0.46212 0.03000 0.55201 0.35153 0.19462
v 0.12187 0.46212 0.12698 0.55201 0.35153 0.19462
v 0.04655 0.46212 0.18692 0.55201 0.35153 0.19462
v -0.04655 0.46212 0.18692 0.55201 0.35153 0.19462
v -0.12187 0.46212 0.12698 0.55201 0.35153 0.19462
v -0.15064 0.46212 0.03000 0.55201 0.35153 0.19462
v -0.12187 0.46212 -0.06698 0.55201 0.35153 0.19462
v -0.04655 0.46212 -0.12692 0.55201 0.35153 0.19462
v 0.04655 0.46212 -0.12692 0.55201 0.35153 0.19462
v 0.12187 0.46212 -0.06698 0.55201 0.35153 0.19462
v 0.15064 0.46212 0.03000 0.55201 0.35153 0.19462
v 0.08016 0.42723 0.03000 0.55201 0.35153 0.19462
v 0.06485 0.42723 0.08160 0.55201 0.35153 0.19462
v 0.02477 0.42723 0.11349 0.55201 0.35153 0.19462
v -0.02477 0.42723 0.11349 0.55201 0.35153 0.19462
v -0.06485 0.42723 0.08160 0.55201 0.35153 0.19462
v -0.08016 0.42723 0.03000 0.55201 0.35153 0.19462
v -0.06485 0.42723 -0.02160 0.55201 0.35153 0.19462
v -0.02477 0.42723 -0.05349 0.55201 0.35153 0.19462
v 0.02477 0.42723 -0.05349 0.55201 0.35153 0.19462
v 0.06485 0.42723 -0.02160 0.55201 0.35153 0.19462
v 0.08016 0.42723 0.03000 0.55201 0.35153 0.19462
v 0.00000 0.41512 0.03000 0.55201 0.35153 0.19462
v 0.00000 0.41512 0.03000 0.55201 0.35153 0.19462
v 0.00000 0.41512 0.03000 0.55201 0.35153 0.19462
v 0.00000 0.41512 0.03000 0.55201 0.35153 0.19462
v 0.00000 0.41512 0.03000 0.55201 0.35153 0.19462
v 0.00000 0.41512 0.03000 0.55201 0.35153 0.19462
v 0.00000 0.41512 0.03000 0.55201 0.35153 0.19462
v 0.00000 0.41512 0.03000 0.55201 0.35153 0.19462
v 0.00000 0.41512 0.03000 0.55201 0.35153 0.19462
v 0.00000 0.41512 0.03000 0.55201 0.35153 0.19462
v 0.00000 0.41512 0.03000 0.55201 0.35153 0.19462
v 0.00000 0.90600 0.05000 0.55201 0.35153 0.19462
v -0.03909 0.90600 0.03117 0.55201 0.35153 0.19462
v -0.04875 0.90600 -0.01113 0.55201 0.35153 0.19462
v -0.02169 0.90600 -0.04505 0.55201 0.35153 0.19462
v 0.02169 0.90600 -0.04505 0.55201 0.35153 0.19462
v 0.04875 0.90600 -0.01113 0.55201 0.35153 0.19462
v 0.03909 0.90600 0.03117 0.55201 0.35153 0.19462
v 0.00000 0.90600 0.05000 0.55201 0.35153 0.19462
v 0.00000 0.80600 0.06000 0.55201 0.35153 0.19462
v -0.04691 0.80600 0.03741 0.55201 0.35153 0.19462
v -0.05850 0.80600 -0.01335 0.55201 0.35153 0.19462
v -0.02603 0.80600 -0.05406 0.55201 0.35153 0.19462
v 0.02603 0.80600 -0.05406 0.55201 0.35153 0.19462
v 0.05850 0.80600 -0.01335 0.55201 0.35153 0.19462
v 0.04691 0.80600 0.03741 0.55201 0.35153 0.19462
v 0.00000 0.80600 0.06000 0.55201 0.35153 0.19462
v 0.00000 0.90600 0.00000 0.55201 0.35153 0.19462
v 0.00000 0.90600 0.00000 0.55201 0.35153 0.19462
v 0.00000 0.90600 0.00000 0.55201 0.35153 0.19462
v 0.00000 0.90600 0.00000 0.55201 0.35153 0.19462
v 0.00000 0.90600 0.00000 0.55201 0.35153 0.19462
v 0.00000 0.90600 0.00000 0.55201 0.35153 0.19462
v 0.00000 0.90600 0.00000 0.55201 0.35153 0.19462
v 0.00000 0.90600 0.05000 0.55201 0.35153 0.19462
v -0.03909 0.90600 0.03117 0.55201 0.35153 0.19462
v -0.04875 0.90600 -0.01113 0.55201 0.35153 0.19462
v -0.02169 0.90600 -0.04505 0.55201 0.35153 0.19462
v 0.02169 0.90600 -0.04505 0.55201 0.35153 0.19462
v 0.04875 0.90600 -0.01113 0.55201 0.35153 0.19462
v 0.03909 0.90600 0.03117 0.55201 0.35153 0.19462
v 0.00000 0.90600 0.05000 0.55201 0.35153 0.19462
v 0.00000 0.80600 0.00000 0.55201 0.35153 0.19462
v 0.00000 0.80600 0.00000 0.55201 0.35153 0.19462
v 0.00000 0.80600 0.00000 0.55201 0.35153 0.19462
v 0.00000 0.80600 0.00000 0.55201 0.35153 0.19462
v 0.00000 0.80600 0.00000 0.55201 0.35153 0.19462
v 0.00000 0.80600 0.00000 0.55201 0.35153 0.19462
v 0.00000 0.80600 0.00000 0.55201 0.35153 0.19462
v 0.00000 0.80600 0.06000 0.55201 0.35153 0.19462
v -0.04691 0.80600 0.03741 0.55201 0.35153 0.19462
v -0.05850 0.80600 -0.01335 0.55201 0.35153 0.19462
v -0.02603 0.80600 -0.05406 0.55201 0.35153 0.19462
v 0.02603 0.80600 -0.05406 0.55201 0.35153 0.19462
v 0.05850 0.80600 -0.01335 0.55201 0.35153 0.19462
v 0.04691 0.80600 0.03741 0.55201 0.35153 0.19462
v 0.00000 0.80600 0.06000 0.55201 0.35153 0.19462
v 0.00000 1.14800 0.00000 0.55201 0.35153 0.19462
v 0.00000 1.14800 0.00000 0.55201 0.35153 0.19462
v 0.00000 1.14800 0.00000 0.55201 0.35153 0.19462
v 0.00000 1.14800 0.00000 0.55201 0.35153 0.19462
v 0.00000 1.14800 0.00000 0.55201 0.35153 0.19462
v 0.00000 1.14800 0.00000 0.55201 0.35153 0.19462
v 0.00000 1.14800 0.00000 0.55201 0.35153 0.19462
v 0.00000 1.14800 0.00000 0.55201 0.35153 0.19462
v 0.00000 1.14800 0.00000 0.55201 0.35153 0.19462
v 0.00000 1.14800 0.00000 0.55201 0.35153 0.19462
v 0.00000 1.14800 0.00000 0.55201 0.35153 0.19462
v 0.00000 1.14800 0.00000 0.55201 0.35153 0.19462
v 0.00000 1.14800 0.00000 0.55201 0.35153 0.19462
v 0.00000 1.14800 0.00000 0.55201 0.35153 0.19462
v 0.00000 1.14800 0.00000 0.55201 0.35153 0.19462
v 0.00000 1.14800 0.00000 0.55201 0.35153 0.19462
v 0.04472 1.14255 0.00000 0.55201 0.35153 0.19462
v 0.04086 1.14255 0.01769 0.55201 0.35153 0.19462
v 0.02993 1.14255 0.03231 0.55201 0.35153 0.19462
v 0.01382 1.14255 0.04135 0.55201 0.35153 0.19462
v -0.00467 1.14255 0.04324 0.55201 0.35153 0.19462
v -0.02236 1.14255 0.03766 0.55201 0.35153 0.19462
v -0.03618 1.14255 0.02556 0.55201 0.35153 0.19462
v -0.04375 1.14255 0.00904 0.55201 0.35153 0.19462
v -0.04375 1.14255 -0.00904 0.55201 0.35153 0.19462
v -0.03618 1.14255 -0.02556 0.55201 0.35153 0.19462
v -0.02236 1.14255 -0.03766 0.55201 0.35153 0.19462
v -0.00467 1.14255 -0.04324 0.55201 0.35153 0.19462
v 0.01382 1.14255 -0.04135 0.55201 0.35153 0.19462
v 0.02993 1.14255 -0.03231 0.55201 0.35153 0.19462
v 0.04086 1.14255 -0.01769 0.55201 0.35153 0.19462
v 0.04472 1.14255 -0.00000 0.55201 0.35153 0.19462
v 0.08640 1.12656 0.00000 0.55201 0.35153 0.19462
v 0.07893 1.12656 0.03417 0.55201 0.35153 0.19462
v 0.05781 1.12656 0.06242 0.55201 0.35153 0.19462
v 0.02670 1.12656 0.07989 0.55201 0.35153 0.19462
v -0.00903 1.12656 0.08354 0.55201 0.35153 0.19462
v -0.04320 1.12656 0.07275 0.55201 0.35153 0.19462
v -0.06990 1.12656 0.04937 0.55201 0.35153 0.19462
v -0.08451 1.12656 0.01746 0.55201 0.35153 0.19462
v -0.08451 1.12656 -0.01746 0.55201 0.35153 0.19462
v -0.06990 1.12656 -0.04937 0.55201 0.35153 0.19462
v -0.04320 1.12656 -0.07275 0.55201 0.35153 0.19462
v -0.00903 1.12656 -0.08354 0.55201 0.35153 0.19462
v 0.02670 1.12656 -0.07989 0.55201 0.35153 0.19462
v 0.05781 1.12656 -0.06242 0.55201 0.35153 0.19462
v 0.07893 1.12656 -0.03417 0.55201 0.35153 0.19462
v 0.08640 1.12656 -0.00000 0.55201 0.35153 0.19462
v 0.12219 1.10114 0.00000 0.55201 0.35153 0.19462
v 0.11162 1.10114 0.04832 0.55201 0.35153 0.19462
v 0.08176 1.10114 0.08828 0.55201 0.35153 0.19462
v 0.03776 1.10114 0.11298 0.55201 0.35153 0.19462
v -0.01277 1.10114 0.11814 0.55201 0.35153 0.19462
v -0.06109 1.10114 0.10288 0.55201 0.35153 0.19462
v -0.09885 1.10114 0.06983 0.55201 0.35153 0.19462
v -0.11952 1.10114 0.02470 0.55201 0.35153 0.19462
v -0.11952 1.10114 -0.02470 0.55201 0.35153 0.19462
v -0.09885 1.10114 -0.06983 0.55201 0.35153 0.19462
v -0.06109 1.10114 -0.10288 0.55201 0.35153 0.19462
v -0.01277 1.10114 -0.11814 0.55201 0.35153 0.19462
v 0.03776 1.10114 -0.11298 0.55201 0.35153 0.19462
v 0.08176 1.10114 -0.08828 0.55201 0.35153 0.19462
v 0.11162 1.10114 -0.04832 0.55201 0.35153 0.19462
v 0.12219 1.10114 -0.00000 0.55201 0.35153 0.19462
v 0.14965 1.06800 0.00000 0.55201 0.35153 0.19462
v 0.13671 1.06800 0.05918 0.55201 0.35153 0.19462
v 0.10013 1.06800 0.10812 0.55201 0.35153 0.19462
v 0.04624 1.06800 0.13837 0.55201 0.35153 0.19462
v -0.01564 1.06800 0.14470 0.55201 0.35153 0.19462
v -0.07482 1.06800 0.12600 0.55201 0.35153 0.19462
v -0.12107 1.06800 0.08552 0.55201 0.35153 0.19462
v -0.14638 1.06800 0.03025 0.55201 0.35153 0.19462
v -0.14638 1.06800 -0.03025 0.55201 0.35153 0.19462
v -0.12107 1.06800 -0.08552 0.55201 0.35153 0.19462
v -0.07482 1.06800 -0.12600 0.55201 0.35153 0.19462
v -0.01564 1.06800 -0.14470 0.55201 0.35153 0.19462
v 0.04624 1.06800 -0.13837 0.55201 0.35153 0.19462
v 0.10013 1.06800 -0.10812 0.55201 0.35153 0.19462
v 0.13671 1.06800 -0.05918 0.55201 0.35153 0.19462
v 0.14965 1.06800 -0.00000 0.55201 0.35153 0.19462
v 0.16691 1.02941 0.00000 0.55201 0.35153 0.19462
v 0.15248 1.02941 0.06600 0.55201 0.35153 0.19462
v 0.11169 1.02941 0.12059 0.55201 0.35153 0.19462
v 0.05158 1.02941 0.15433 0.55201 0.35153 0.19462
v -0.01745 1.02941 0.16139 0.55201 0.35153 0.19462
v -0.08346 1.02941 0.14053 0.55201 0.35153 0.19462
v -0.13503 1.02941 0.09538 0.55201 0.35153 0.19462
v -0.16326 1.02941 0.03374 0.55201 0.35153 0.19462
v -0.16326 1.02941 -0.03374 0.55201 0.35153 0.19462
v -0.13503 1.02941 -0.09538 0.55201 0.35153 0.19462
v -0.08346 1.02941 -0.14053 0.55201 0.35153 0.19462
v -0.01745 1.02941 -0.16139 0.55201 0.35153 0.19462
v 0.05158 1.02941 -0.15433 0.55201 0.35153 0.19462
v 0.11169 1.02941 -0.12059 0.55201 0.35153 0.19462
v 0.15248 1.02941 -0.06600 0.55201 0.35153 0.19462
v 0.16691 1.02941 -0.00000 0.55201 0.35153 0.19462
v 0.17280 0.98800 0.00000 0.55201 0.35153 0.19462
v 0.15786 0.98800 0.06833 0.55201 0.35153 0.19462
v 0.11563 0.98800 0.12485 0.55201 0.35153 0.19462
v 0.05340 0.98800 0.15978 0.55201 0.35153 0.19462
v -0.01806 0.98800 0.16708 0.55201 0.35153 0.19462
v -0.08640 0.98800 0.14549 0.55201 0.35153 0.19462
v -0.13980 0.98800 0.09875 0.55201 0.35153 0.19462
v -0.16902 0.98800 0.03493 0.55201 0.35153 0.19462
v -0.16902 0.98800 -0.03493 0.55201 0.35153 0.19462
v -0.13980 0.98800 -0.09875 0.55201 0.35153 0.19462
v -0.08640 0.98800 -0.14549 0.55201 0.35153 0.19462
v -0.01806 0.98800 -0.16708 0.55201 0.35153 0.19462
v 0.05340 0.98800 -0.15978 0.55201 0.35153 0.19462
v 0.11563 0.98800 -0.12485 0.55201 0.35153 0.19462
v 0.15786 0.98800 -0.06833 0.55201 0.35153 0.19462
v 0.17280 0.98800 -0.00000 0.55201 0.35153 0.19462
v 0.16691 0.94659 0.00000 0.55201 0.35153 0.19462
v 0.15248 0.94659 0.06600 0.55201 0.35153 0.19462
v 0.11169 0.94659 0.12059 0.55201 0.35153 0.19462
v 0.05158 0.94659 0.15433 0.55201 0.35153 0.19462
v -0.01745 0.94659 0.16139 0.55201 0.35153 0.19462
v -0.08346 0.94659 0.14053 0.55201 0.35153 0.19462
v -0.13503 0.94659 0.09538 0.55201 0.35153 0.19462
v -0.16326 0.94659 0.03374 0.55201 0.35153 0.19462
v -0.16326 0.94659 -0.03374 0.55201 0.35153 0.19462
v -0.13503 0.94659 -0.09538 0.55201 0.35153 0.19462
v -0.08346 0.94659 -0.14053 0.55201 0.35153 0.19462
v -0.01745 0.94659 -0.16139 0.55201 0.35153 0.19462
v 0.05158 0.94659 -0.15433 0.55201 0.35153 0.19462
v 0.11169 0.94659 -0.12059 0.55201 0.35153 0.19462
v 0.15248 0.94659 -0.06600 0.55201 0.35153 0.19462
v 0.16691 0.94659 -0.00000 0.55201 0.35153 0.19462
v 0.14965 0.90800 0.00000 0.55201 0.35153 0.19462
v 0.13671 0.90800 0.05918 0.55201 0.35153 0.19462
v 0.10013 0.90800 0.10812 0.55201 0.35153 0.19462
v 0.04624 0.90800 0.13837 0.55201 0.35153 0.19462
v -0.01564 0.90800 0.14470 0.55201 0.35153 0.19462
v -0.07482 0.90800 0.12600 0.55201 0.35153 0.19462
v -0.12107 0.90800 0.08552 0.55201 0.35153 0.19462
v -0.14638 0.90800 0.03025 0.55201 0.35153 0.19462
v -0.14638 0.90800 -0.03025 0.55201 0.35153 0.19462
v -0.12107 0.90800 -0.08552 0.55201 0.35153 0.19462
v -0.07482 0.90800 -0.12600 0.55201 0.35153 0.19462
v -0.01564 0.90800 -0.14470 0.55201 0.35153 0.19462
v 0.04624 0.90800 -0.13837 0.55201 0.35153 0.19462
v 0.10013 0.90800 -0.10812 0.55201 0.35153 0.19462
v 0.13671 0.90800 -0.05918 0.55201 0.35153 0.19462
v 0.14965 0.90800 -0.00000 0.55201 0.35153 0.19462
v 0.12219 0.87486 0.00000 0.55201 0.35153 0.19462
v 0.11162 0.87486 0.04832 0.55201 0.35153 0.19462
v 0.08176 0.87486 0.08828 0.55201 0.35153 0.19462
v 0.03776 0.87486 0.11298 0.55201 0.35153 0.19462
v -0.01277 0.87486 0.11814 0.55201 0.35153 0.19462
v -0.06109 0.87486 0.10288 0.55201 0.35153 0.19462
v -0.09885 0.87486 0.06983 0.55201 0.35153 0.19462
v -0.11952 0.87486 0.02470 0.55201 0.35153 0.19462
v -0.11952 0.87486 -0.02470 0.55201 0.35153 0.19462
v -0.09885 0.87486 -0.06983 0.55201 0.35153 0.19462
v -0.06109 0.87486 -0.10288 0.55201 0.35153 0.19462
v -0.01277 0.87486 -0.11814 0.55201 0.35153 0.19462
v 0.03776 0.87486 -0.11298 0.55201 0.35153 0.19462
v 0.08176 0.87486 -0.08828 0.55201 0.35153 0.19462
v 0.11162 0.87486 -0.04832 0.55201 0.35153 0.19462
v 0.12219 0.87486 -0.00000 0.55201 0.35153 0.19462
v 0.08640 0.84944 0.00000 0.55201 0.35153 0.19462
v 0.07893 0.84944 0.03417 0.55201 0.35153 0.19462
v 0.05781 0.84944 0.06242 0.55201 0.35153 0.19462
v 0.02670 0.84944 0.07989 0.55201 0.35153 0.19462
v -0.00903 0.84944 0.08354 0.55201 0.35153 0.19462
v -0.04320 0.84944 0.07275 0.55201 0.35153 0.19462
v -0.06990 0.84944 0.04937 0.55201 0.35153 0.19462
v -0.08451 0.84944 0.01746 0.55201 0.35153 0.19462
v -0.08451 0.84944 -0.01746 0.55201 0.35153 0.19462
v -0.06990 0.84944 -0.04937 0.55201 0.35153 0.19462
v -0.04320 0.84944 -0.07275 0.55201 0.35153 0.19462
v -0.00903 0.84944 -0.08354 0.55201 0.35153 0.19462
v 0.02670 0.84944 -0.07989 0.55201 0.35153 0.19462
v 0.05781 0.84944 -0.06242 0.55201 0.35153 0.19462
v 0.07893 0.84944 -0.03417 0.55201 0.35153 0.19462
v 0.08640 0.84944 -0.00000 0.55201 0.35153 0.19462
v 0.04472 0.83345 0.00000 0.55201 0.35153 0.19462
v 0.04086 0.83345 0.01769 0.55201 0.35153 0.19462
v 0.02993 0.83345 0.03231 0.55201 0.35153 0.19462
v 0.01382 0.83345 0.04135 0.55201 0.35153 0.19462
v -0.00467 0.83345 0.04324 0.55201 0.35153 0.19462
v -0.02236 0.83345 0.03766 0.55201 0.35153 0.19462
v -0.03618 0.83345 0.02556 0.55201 0.35153 0.19462
v -0.04375 0.83345 0.00904 0.55201 0.35153 0.19462
v -0.04375 0.83345 -0.00904 0.55201 0.35153 0.19462
v -0.03618 0.83345 -0.02556 0.55201 0.35153 0.19462
v -0.02236 0.83345 -0.03766 0.55201 0.35153 0.19462
v -0.00467 0.83345 -0.04324 0.55201 0.35153 0.19462
v 0.01382 0.83345 -0.04135 0.55201 0.35153 0.19462
v 0.02993 0.83345 -0.03231 0.55201 0.35153 0.19462
v 0.04086 0.83345 -0.01769 0.55201 0.35153 0.19462
v 0.04472 0.83345 -0.00000 0.55201 0.35153 0.19462
v 0.00000 0.82800 0.00000 0.55201 0.35153 0.19462
v 0.00000 0.82800 0.00000 0.55201 0.35153 0.19462
v 0.00000 0.82800 0.00000 0.55201 0.35153 0.19462
v 0.00000 0.82800 0.00000 0.55201 0.35153 0.19462
v 0.00000 0.82800 0.00000 0.55201 0.35153 0.19462
v 0.00000 0.82800 0.00000 0.55201 0.35153 0.19462
v 0.00000 0.82800 0.00000 0.55201 0.35153 0.19462
v 0.00000 0.82800 0.00000 0.55201 0.35153 0.19462
v 0.00000 0.82800 0.00000 0.55201 0.35153 0.19462
v 0.00000 0.82800 0.00000 0.55201 0.35153 0.19462
v 0.00000 0.82800 0.00000 0.55201 0.35153 0.19462
v 0.00000 0.82800 0.00000 0.55201 0.35153 0.19462
v 0.00000 0.82800 0.00000 0.55201 0.35153 0.19462
v 0.00000 0.82800 0.00000 0.55201 0.35153 0.19462
v 0.00000 0.82800 0.00000 0.55201 0.35153 0.19462
v 0.00000 0.82800 0.00000 0.55201 0.35153 0.19462
v 0.12763 1.04852 0.00000 0.55201 0.35153 0.19462
v 0.12763 1.04852 0.00000 0.55201 0.35153 0.19462
v 0.12763 1.04852 0.00000 0.55201 0.35153 0.19462
v 0.12763 1.04852 0.00000 0.55201 0.35153 0.19462
v 0.12763 1.04852 0.00000 0.55201 0.35153 0.19462
v 0.12763 1.04852 0.00000 0.55201 0.35153 0.19462
v 0.16677 0.96748 0.03000 0.55201 0.35153 0.19462
v 0.14108 0.95507 0.00927 0.55201 0.35153 0.19462
v 0.15090 0.95981 -0.02427 0.55201 0.35153 0.19462
v 0.18265 0.97515 -0.02427 0.55201 0.35153 0.19462
v 0.19246 0.97989 0.00927 0.55201 0.35153 0.19462
v 0.16677 0.96748 0.03000 0.55201 0.35153 0.19462
v 0.16677 0.96748 0.00000 0.55201 0.35153 0.19462
v 0.16677 0.96748 0.00000 0.55201 0.35153 0.19462
v 0.16677 0.96748 0.00000 0.55201 0.35153 0.19462
v 0.16677 0.96748 0.00000 0.55201 0.35153 0.19462
v 0.16677 0.96748 0.00000 0.55201 0.35153 0.19462
v 0.16677 0.96748 0.03000 0.55201 0.35153 0.19462
v 0.14108 0.95507 0.00927 0.55201 0.35153 0.19462
v 0.15090 0.95981 -0.02427 0.55201 0.35153 0.19462
v 0.18265 0.97515 -0.02427 0.55201 0.35153 0.19462
v 0.19246 0.97989 0.00927 0.55201 0.35153 0.19462
v 0.16677 0.96748 0.03000 0.55201 0.35153 0.19462
v -0.12763 1.04852 0.00000 0.55201 0.35153 0.19462
v -0.12763 1.04852 0.00000 0.55201 0.35153 0.19462
v -0.12763 1.04852 0.00000 0.55201 0.35153 0.19462
v -0.12763 1.04852 0.00000 0.55201 0.35153 0.19462
v -0.12763 1.04852 0.00000 0.55201 0.35153 0.19462
v -0.12763 1.04852 0.00000 0.55201 0.35153 0.19462
v -0.16677 0.96748 0.03000 0.55201 0.35153 0.19462
v -0.19246 0.97989 0.00927 0.55201 0.35153 0.19462
v -0.18265 0.97515 -0.02427 0.55201 0.35153 0.19462
v -0.15090 0.95981 -0.02427 0.55201 0.35153 0.19462
v -0.14108 0.95507 0.00927 0.55201 0.35153 0.19462
v -0.16677 0.96748 0.03000 0.55201 0.35153 0.19462
v -0.16677 0.96748 0.00000 0.55201 0.35153 0.19462
v -0.16677 0.96748 0.00000 0.55201 0.35153 0.19462
v -0.16677 0.96748 0.00000 0.55201 0.35153 0.19462
v -0.16677 0.96748 0.00000 0.55201 0.35153 0.19462
v -0.16677 0.96748 0.00000 0.55201 0.35153 0.19462
v -0.16677 0.96748 0.03000 0.55201 0.35153 0.19462
v -0.19246 0.97989 0.00927 0.55201 0.35153 0.19462
v -0.18265 0.97515 -0.02427 0.55201 0.35153 0.19462
v -0.15090 0.95981 -0.02427 0.55201 0.35153 0.19462
v -0.14108 0.95507 0.00927 0.55201 0.35153 0.19462
v -0.16677 0.96748 0.03000 0.55201 0.35153 0.19462
v 0.20880 0.90475 0.00000 0.55201 0.35153 0.19462
v 0.20880 0.90475 0.00000 0.55201 0.35153 0.19462
v 0.20880 0.90475 0.00000 0.55201 0.35153 0.19462
v 0.20880 0.90475 0.00000 0.55201 0.35153 0.19462
v 0.20880 0.90475 0.00000 0.55201 0.35153 0.19462
v 0.20880 0.90475 0.00000 0.55201 0.35153 0.19462
v 0.20880 0.90475 0.00000 0.55201 0.35153 0.19462
v 0.20880 0.90475 0.00000 0.55201 0.35153 0.19462
v 0.20880 0.90475 0.00000 0.55201 0.35153 0.19462
v 0.20880 0.90475 0.00000 0.55201 0.35153 0.19462
v 0.25598 0.89398 0.00000 0.55201 0.35153 0.19462
v 0.24495 0.89398 0.03033 0.55201 0.35153 0.19462
v 0.21699 0.89398 0.04647 0.55201 0.35153 0.19462
v 0.18521 0.89398 0.04086 0.55201 0.35153 0.19462
v 0.16446 0.89398 0.01614 0.55201 0.35153 0.19462
v 0.16446 0.89398 -0.01614 0.55201 0.35153 0.19462
v 0.18521 0.89398 -0.04086 0.55201 0.35153 0.19462
v 0.21699 0.89398 -0.04647 0.55201 0.35153 0.19462
v 0.24495 0.89398 -0.03033 0.55201 0.35153 0.19462
v 0.25598 0.89398 -0.00000 0.55201 0.35153 0.19462
v 0.29382 0.86380 0.00000 0.55201 0.35153 0.19462
v 0.27393 0.86380 0.05465 0.55201 0.35153 0.19462
v 0.22356 0.86380 0.08373 0.55201 0.35153 0.19462
v 0.16629 0.86380 0.07363 0.55201 0.35153 0.19462
v 0.12890 0.86380 0.02908 0.55201 0.35153 0.19462
v 0.12890 0.86380 -0.02908 0.55201 0.35153 0.19462
v 0.16629 0.86380 -0.07363 0.55201 0.35153 0.19462
v 0.22356 0.86380 -0.08373 0.55201 0.35153 0.19462
v 0.27393 0.86380 -0.05465 0.55201 0.35153 0.19462
v 0.29382 0.86380 -0.00000 0.55201 0.35153 0.19462
v 0.31482 0.82020 0.00000 0.55201 0.35153 0.19462
v 0.29002 0.82020 0.06815 0.55201 0.35153 0.19462
v 0.22721 0.82020 0.10441 0.55201 0.35153 0.19462
v 0.15579 0.82020 0.09182 0.55201 0.35153 0.19462
v 0.10917 0.82020 0.03626 0.55201 0.35153 0.19462
v 0.10917 0.82020 -0.03626 0.55201 0.35153 0.19462
v 0.15579 0.82020 -0.09182 0.55201 0.35153 0.19462
v 0.22721 0.82020 -0.10441 0.55201 0.35153 0.19462
v 0.29002 0.82020 -0.06815 0.55201 0.35153 0.19462
v 0.31482 0.82020 -0.00000 0.55201 0.35153 0.19462
v 0.31482 0.77180 0.00000 0.55201 0.35153 0.19462
v 0.29002 0.77180 0.06815 0.55201 0.35153 0.19462
v 0.22721 0.77180 0.10441 0.55201 0.35153 0.19462
v 0.15579 0.77180 0.09182 0.55201 0.35153 0.19462
v 0.10917 0.77180 0.03626 0.55201 0.35153 0.19462
v 0.10917 0.77180 -0.03626 0.55201 0.35153 0.19462
v 0.15579 0.77180 -0.09182 0.55201 0.35153 0.19462
v 0.22721 0.77180 -0.10441 0.55201 0.35153 0.19462
v 0.29002 0.77180 -0.06815 0.55201 0.35153 0.19462
v 0.31482 0.77180 -0.00000 0.55201 0.35153 0.19462
v 0.29382 0.72820 0.00000 0.55201 0.35153 0.19462
v 0.27393 0.72820 0.05465 0.55201 0.35153 0.19462
v 0.22356 0.72820 0.08373 0.55201 0.35153 0.19462
v 0.16629 0.72820 0.07363 0.55201 0.35153 0.19462
v 0.12890 0.72820 0.02908 0.55201 0.35153 0.19462
v 0.12890 0.72820 -0.02908 0.55201 0.35153 0.19462
v 0.16629 0.72820 -0.07363 0.55201 0.35153 0.19462
v 0.22356 0.72820 -0.08373 0.55201 0.35153 0.19462
v 0.27393 0.72820 -0.05465 0.55201 0.35153 0.19462
v 0.29382 0.72820 -0.00000 0.55201 0.35153 0.19462
v 0.25598 0.69802 0.00000 0.55201 0.35153 0.19462
v 0.24495 0.69802 0.03033 0.55201 0.35153 0.19462
v 0.21699 0.69802 0.04647 0.55201 0.35153 0.19462
v 0.18521 0.69802 0.04086 0.55201 0.35153 0.19462
v 0.16446 0.69802 0.01614 0.55201 0.35153 0.19462
v 0.16446 0.69802 -0.01614 0.55201 0.35153 0.19462
v 0.18521 0.69802 -0.04086 0.55201 0.35153 0.19462
v 0.21699 0.69802 -0.04647 0.55201 0.35153 0.19462
v 0.24495 0.69802 -0.03033 0.55201 0.35153 0.19462
v 0.25598 0.69802 -0.00000 0.55201 0.35153 0.19462
v 0.20880 0.68725 0.00000 0.55201 0.35153 0.19462
v 0.20880 0.68725 0.00000 0.55201 0.35153 0.19462
v 0.20880 0.68725 0.00000 0.55201 0.35153 0.19462
v 0.20880 0.68725 0.00000 0.55201 0.35153 0.19462
v 0.20880 0.68725 0.00000 0.55201 0.35153 0.19462
v 0.20880 0.68725 0.00000 0.55201 0.35153 0.19462
v 0.20880 0.68725 0.00000 0.55201 0.35153 0.19462
v 0.20880 0.68725 0.00000 0.55201 0.35153 0.19462
v 0.20880 0.68725 0.00000 0.55201 0.35153 0.19462
v 0.20880 0.68725 0.00000 0.55201 0.35153 0.19462
v 0.20880 0.57400 0.00000 0.55201 0.35153 0.19462
v 0.20880 0.57400 0.00000 0.55201 0.35153 0.19462
v 0.20880 0.57400 0.00000 0.55201 0.35153 0.19462
v 0.20880 0.57400 0.00000 0.55201 0.35153 0.19462
v 0.20880 0.57400 0.00000 0.55201 0.35153 0.19462
v 0.20880 0.57400 0.00000 0.55201 0.35153 0.19462
v 0.20880 0.57400 0.00000 0.55201 0.35153 0.19462
v 0.20880 0.57400 0.00000 0.55201 0.35153 0.19462
v 0.20880 0.57400 0.00000 0.55201 0.35153 0.19462
v 0.20880 0.57400 0.00000 0.55201 0.35153 0.19462
v 0.23198 0.57767 0.00000 0.55201 0.35153 0.19462
v 0.22655 0.57767 0.01490 0.55201 0.35153 0.19462
v 0.21282 0.57767 0.02282 0.55201 0.35153 0.19462
v 0.19721 0.57767 0.02007 0.55201 0.35153 0.19462
v 0.18702 0.57767 0.00793 0.55201 0.35153 0.19462
v 0.18702 0.57767 -0.00793 0.55201 0.35153 0.19462
v 0.19721 0.57767 -0.02007 0.55201 0.35153 0.19462
v 0.21282 0.57767 -0.02282 0.55201 0.35153 0.19462
v 0.22655 0.57767 -0.01490 0.55201 0.35153 0.19462
v 0.23198 0.57767 -0.00000 0.55201 0.35153 0.19462
v 0.25288 0.58832 0.00000 0.55201 0.35153 0.19462
v 0.24257 0.58832 0.02834 0.55201 0.35153 0.19462
v 0.21646 0.58832 0.04341 0.55201 0.35153 0.19462
v 0.18676 0.58832 0.03818 0.55201 0.35153 0.19462
v 0.16737 0.58832 0.01508 0.55201 0.35153 0.19462
v 0.16737 0.58832 -0.01508 0.55201 0.35153 0.19462
v 0.18676 0.58832 -0.03818 0.55201 0.35153 0.19462
v 0.21646 0.58832 -0.04341 0.55201 0.35153 0.19462
v 0.24257 0.58832 -0.02834 0.55201 0.35153 0.19462
v 0.25288 0.58832 -0.00000 0.55201 0.35153 0.19462
v 0.26948 0.60492 0.00000 0.55201 0.35153 0.19462
v 0.25528 0.60492 0.03900 0.55201 0.35153 0.19462
v 0.21934 0.60492 0.05975 0.55201 0.35153 0.19462
v 0.17846 0.60492 0.05255 0.55201 0.35153 0.19462
v 0.15178 0.60492 0.02075 0.55201 0.35153 0.19462
v 0.15178 0.60492 -0.02075 0.55201 0.35153 0.19462
v 0.17846 0.60492 -0.05255 0.55201 0.35153 0.19462
v 0.21934 0.60492 -0.05975 0.55201 0.35153 0.19462
v 0.25528 0.60492 -0.03900 0.55201 0.35153 0.19462
v 0.26948 0.60492 -0.00000 0.55201 0.35153 0.19462
v 0.28013 0.62582 0.00000 0.55201 0.35153 0.19462
v 0.26344 0.62582 0.04585 0.55201 0.35153 0.19462
v 0.22119 0.62582 0.07025 0.55201 0.35153 0.19462
v 0.17314 0.62582 0.06177 0.55201 0.35153 0.19462
v 0.14177 0.62582 0.02440 0.55201 0.35153 0.19462
v 0.14177 0.62582 -0.02440 0.55201 0.35153 0.19462
v 0.17314 0.62582 -0.06177 0.55201 0.35153 0.19462
v 0.22119 0.62582 -0.07025 0.55201 0.35153 0.19462
v 0.26344 0.62582 -0.04585 0.55201 0.35153 0.19462
v 0.28013 0.62582 -0.00000 0.55201 0.35153 0.19462
v 0.28380 0.64900 0.00000 0.55201 0.35153 0.19462
v 0.26625 0.64900 0.04821 0.55201 0.35153 0.19462
v 0.22182 0.64900 0.07386 0.55201 0.35153 0.19462
v 0.17130 0.64900 0.06495 0.55201 0.35153 0.19462
v 0.13832 0.64900 0.02565 0.55201 0.35153 0.19462
v 0.13832 0.64900 -0.02565 0.55201 0.35153 0.19462
v 0.17130 0.64900 -0.06495 0.55201 0.35153 0.19462
v 0.22182 0.64900 -0.07386 0.55201 0.35153 0.19462
v 0.26625 0.64900 -0.04821 0.55201 0.35153 0.19462
v 0.28380 0.64900 -0.00000 0.55201 0.35153 0.19462
v 0.28380 0.77500 0.00000 0.55201 0.35153 0.19462
v 0.26625 0.77500 0.04821 0.55201 0.35153 0.19462
v 0.22182 0.77500 0.07386 0.55201 0.35153 0.19462
v 0.17130 0.77500 0.06495 0.55201 0.35153 0.19462
v 0.13832 0.77500 0.02565 0.55201 0.35153 0.19462
v 0.13832 0.77500 -0.02565 0.55201 0.35153 0.19462
v 0.17130 0.77500 -0.06495 0.55201 0.35153 0.19462
v 0.22182 0.77500 -0.07386 0.55201 0.35153 0.19462
v 0.26625 0.77500 -0.04821 0.55201 0.35153 0.19462
v 0.28380 0.77500 -0.00000 0.55201 0.35153 0.19462
v 0.28013 0.79818 0.00000 0.55201 0.35153 0.19462
v 0.26344 0.79818 0.04585 0.55201 0.35153 0.19462
v 0.22119 0.79818 0.07025 0.55201 0.35153 0.19462
v 0.17314 0.79818 0.06177 0.55201 0.35153 0.19462
v 0.14177 0.79818 0.02440 0.55201 0.35153 0.19462
v 0.14177 0.79818 -0.02440 0.55201 0.35153 0.19462
v 0.17314 0.79818 -0.06177 0.55201 0.35153 0.19462
v 0.22119 0.79818 -0.07025 0.55201 0.35153 0.19462
v 0.26344 0.79818 -0.04585 0.55201 0.35153 0.19462
v 0.28013 0.79818 -0.00000 0.55201 0.35153 0.19462
v 0.26948 0.81908 0.00000 0.55201 0.35153 0.19462
v 0.25528 0.81908 0.03900 0.55201 0.35153 0.19462
v 0.21934 0.81908 0.05975 0.55201 0.35153 0.19462
v 0.17846 0.81908 0.05255 0.55201 0.35153 0.19462
v 0.15178 0.81908 0.02075 0.55201 0.35153 0.19462
v 0.15178 0.81908 -0.02075 0.55201 0.35153 0.19462
v 0.17846 0.81908 -0.05255 0.55201 0.35153 0.19462
v 0.21934 0.81908 -0.05975 0.55201 0.35153 0.19462
v 0.25528 0.81908 -0.03900 0.55201 0.35153 0.19462
v 0.26948 0.81908 -0.00000 0.55201 0.35153 0.19462
v 0.25288 0.83568 0.00000 0.55201 0.35153 0.19462
v 0.24257 0.83568 0.02834 0.55201 0.35153 0.19462
v 0.21646 0.83568 0.04341 0.55201 0.35153 0.19462
v 0.18676 0.83568 0.03818 0.55201 0.35153 0.19462
v 0.16737 0.83568 0.01508 0.55201 0.35153 0.19462
v 0.16737 0.83568 -0.01508 0.55201 0.35153 0.19462
v 0.18676 0.83568 -0.03818 0.55201 0.35153 0.19462
v 0.21646 0.83568 -0.04341 0.55201 0.35153 0.19462
v 0.24257 0.83568 -0.02834 0.55201 0.35153 0.19462
v 0.25288 0.83568 -0.00000 0.55201 0.35153 0.19462
v 0.23198 0.84633 0.00000 0.55201 0.35153 0.19462
v 0.22655 0.84633 0.01490 0.55201 0.35153 0.19462
v 0.21282 0.84633 0.02282 0.55201 0.35153 0.19462
v 0.19721 0.84633 0.02007 0.55201 0.35153 0.19462
v 0.18702 0.84633 0.00793 0.55201 0.35153 0.19462
v 0.18702 0.84633 -0.00793 0.55201 0.35153 0.19462
v 0.19721 0.84633 -0.02007 0.55201 0.35153 0.19462
v 0.21282 0.84633 -0.02282 0.55201 0.35153 0.19462
v 0.22655 0.84633 -0.01490 0.55201 0.35153 0.19462
v 0.23198 0.84633 -0.00000 0.55201 0.35153 0.19462
v 0.20880 0.85000 0.00000 0.55201 0.35153 0.19462
v 0.20880 0.85000 0.00000 0.55201 0.35153 0.19462
v 0.20880 0.85000 0.00000 0.55201 0.35153 0.19462
v 0.20880 0.85000 0.00000 0.55201 0.35153 0.19462
v 0.20880 0.85000 0.00000 0.55201 0.35153 0.19462
v 0.20880 0.85000 -0.00000 0.55201 0.35153 0.19462
v 0.20880 0.85000 -0.00000 0.55201 0.35153 0.19462
v 0.20880 0.85000 -0.00000 0.55201 0.35153 0.19462
v 0.20880 0.85000 -0.00000 0.55201 0.35153 0.19462
v 0.20880 0.85000 -0.00000 0.55201 0.35153 0.19462
v 0.20880 0.45550 0.00000 0.55201 0.35153 0.19462
v 0.20880 0.45550 0.00000 0.55201 0.35153 0.19462
v 0.20880 0.45550 0.00000 0.55201 0.35153 0.19462
v 0.20880 0.45550 0.00000 0.55201 0.35153 0.19462
v 0.20880 0.45550 0.00000 0.55201 0.35153 0.19462
v 0.20880 0.45550 0.00000 0.55201 0.35153 0.19462
v 0.20880 0.45550 0.00000 0.55201 0.35153 0.19462
v 0.20880 0.45550 0.00000 0.55201 0.35153 0.19462
v 0.20880 0.45550 0.00000 0.55201 0.35153 0.19462
v 0.20880 0.45550 0.00000 0.55201 0.35153 0.19462
v 0.22966 0.45880 0.00000 0.55201 0.35153 0.19462
v 0.22478 0.45880 0.01341 0.55201 0.35153 0.19462
v 0.21242 0.45880 0.02054 0.55201 0.35153 0.19462
v 0.19837 0.45880 0.01806 0.55201 0.35153 0.19462
v 0.18920 0.45880 0.00713 0.55201 0.35153 0.19462
v 0.18920 0.45880 -0.00713 0.55201 0.35153 0.19462
v 0.19837 0.45880 -0.01806 0.55201 0.35153 0.19462
v 0.21242 0.45880 -0.02054 0.55201 0.35153 0.19462
v 0.22478 0.45880 -0.01341 0.55201 0.35153 0.19462
v 0.22966 0.45880 -0.00000 0.55201 0.35153 0.19462
v 0.24848 0.46839 0.00000 0.55201 0.35153 0.19462
v 0.23919 0.46839 0.02550 0.55201 0.35153 0.19462
v 0.21569 0.46839 0.03907 0.55201 0.35153 0.19462
v 0.18896 0.46839 0.03436 0.55201 0.35153 0.19462
v 0.17152 0.46839 0.01357 0.55201 0.35153 0.19462
v 0.17152 0.46839 -0.01357 0.55201 0.35153 0.19462
v 0.18896 0.46839 -0.03436 0.55201 0.35153 0.19462
v 0.21569 0.46839 -0.03907 0.55201 0.35153 0.19462
v 0.23919 0.46839 -0.02550 0.55201 0.35153 0.19462
v 0.24848 0.46839 -0.00000 0.55201 0.35153 0.19462
v 0.26341 0.48332 0.00000 0.55201 0.35153 0.19462
v 0.25063 0.48332 0.03510 0.55201 0.35153 0.19462
v 0.21828 0.48332 0.05378 0.55201 0.35153 0.19462
v 0.18150 0.48332 0.04729 0.55201 0.35153 0.19462
v 0.15748 0.48332 0.01868 0.55201 0.35153 0.19462
v 0.15748 0.48332 -0.01868 0.55201 0.35153 0.19462
v 0.18150 0.48332 -0.04729 0.55201 0.35153 0.19462
v 0.21828 0.48332 -0.05378 0.55201 0.35153 0.19462
v 0.25063 0.48332 -0.03510 0.55201 0.35153 0.19462
v 0.26341 0.48332 -0.00000 0.55201 0.35153 0.19462
v 0.27300 0.50214 0.00000 0.55201 0.35153 0.19462
v 0.25798 0.50214 0.04126 0.55201 0.35153 0.19462
v 0.21995 0.50214 0.06322 0.55201 0.35153 0.19462
v 0.17670 0.50214 0.05560 0.55201 0.35153 0.19462
v 0.14848 0.50214 0.02196 0.55201 0.35153 0.19462
v 0.14848 0.50214 -0.02196 0.55201 0.35153 0.19462
v 0.17670 0.50214 -0.05560 0.55201 0.35153 0.19462
v 0.21995 0.50214 -0.06322 0.55201 0.35153 0.19462
v 0.25798 0.50214 -0.04126 0.55201 0.35153 0.19462
v 0.27300 0.50214 -0.00000 0.55201 0.35153 0.19462
v 0.27630 0.52300 0.00000 0.55201 0.35153 0.19462
v 0.26051 0.52300 0.04339 0.55201 0.35153 0.19462
v 0.22052 0.52300 0.06647 0.55201 0.35153 0.19462
v 0.17505 0.52300 0.05846 0.55201 0.35153 0.19462
v 0.14537 0.52300 0.02309 0.55201 0.35153 0.19462
v 0.14537 0.52300 -0.02309 0.55201 0.35153 0.19462
v 0.17505 0.52300 -0.05846 0.55201 0.35153 0.19462
v 0.22052 0.52300 -0.06647 0.55201 0.35153 0.19462
v 0.26051 0.52300 -0.04339 0.55201 0.35153 0.19462
v 0.27630 0.52300 -0.00000 0.55201 0.35153 0.19462
v 0.27630 0.62500 0.00000 0.55201 0.35153 0.19462
v 0.26051 0.62500 0.04339 0.55201 0.35153 0.19462
v 0.22052 0.62500 0.06647 0.55201 0.35153 0.19462
v 0.17505 0.62500 0.05846 0.55201 0.35153 0.19462
v 0.14537 0.62500 0.02309 0.55201 0.35153 0.19462
v 0.14537 0.62500 -0.02309 0.55201 0.35153 0.19462
v 0.17505 0.62500 -0.05846 0.55201 0.35153 0.19462
v 0.22052 0.62500 -0.06647 0.55201 0.35153 0.19462
v 0.26051 0.62500 -0.04339 0.55201 0.35153 0.19462
v 0.27630 0.62500 -0.00000 0.55201 0.35153 0.19462
v 0.27300 0.64586 0.00000 0.55201 0.35153 0.19462
v 0.25798 0.64586 0.04126 0.55201 0.35153 0.19462
v 0.21995 0.64586 0.06322 0.55201 0.35153 0.19462
v 0.17670 0.64586 0.05560 0.55201 0.35153 0.19462
v 0.14848 0.64586 0.02196 0.55201 0.35153 0.19462
v 0.14848 0.64586 -0.02196 0.55201 0.35153 0.19462
v 0.17670 0.64586 -0.05560 0.55201 0.35153 0.19462
v 0.21995 0.64586 -0.06322 0.55201 0.35153 0.19462
v 0.25798 0.64586 -0.04126 0.55201 0.35153 0.19462
v 0.27300 0.64586 -0.00000 0.55201 0.35153 0.19462
v 0.26341 0.66468 0.00000 0.55201 0.35153 0.19462
v 0.25063 0.66468 0.03510 0.55201 0.35153 0.19462
v 0.21828 0.66468 0.05378 0.55201 0.35153 0.19462
v 0.18150 0.66468 0.04729 0.55201 0.35153 0.19462
v 0.15748 0.66468 0.01868 0.55201 0.35153 0.19462
v 0.15748 0.66468 -0.01868 0.55201 0.35153 0.19462
v 0.18150 0.66468 -0.04729 0.55201 0.35153 0.19462
v 0.21828 0.66468 -0.05378 0.55201 0.35153 0.19462
v 0.25063 0.66468 -0.03510 0.55201 0.35153 0.19462
v 0.26341 0.66468 -0.00000 0.55201 0.35153 0.19462
v 0.24848 0.67961 0.00000 0.55201 0.35153 0.19462
v 0.23919 0.67961 0.02550 0.55201 0.35153 0.19462
v 0.21569 0.67961 0.03907 0.55201 0.35153 0.19462
v 0.18896 0.67961 0.03436 0.55201 0.35153 0.19462
v 0.17152 0.67961 0.01357 0.55201 0.35153 0.19462
v 0.17152 0.67961 -0.01357 0.55201 0.35153 0.19462
v 0.18896 0.67961 -0.03436 0.55201 0.35153 0.19462
v 0.21569 0.67961 -0.03907 0.55201 0.35153 0.19462
v 0.23919 0.67961 -0.02550 0.55201 0.35153 0.19462
v 0.24848 0.67961 -0.00000 0.55201 0.35153 0.19462
v 0.22966 0.68920 0.00000 0.55201 0.35153 0.19462
v 0.22478 0.68920 0.01341 0.55201 0.35153 0.19462
v 0.21242 0.68920 0.02054 0.55201 0.35153 0.19462
v 0.19837 0.68920 0.01806 0.55201 0.35153 0.19462
v 0.18920 0.68920 0.00713 0.55201 0.35153 0.19462
v 0.18920 0.68920 -0.00713 0.55201 0.35153 0.19462
v 0.19837 0.68920 -0.01806 0.55201 0.35153 0.19462
v 0.21242 0.68920 -0.02054 0.55201 0.35153 0.19462
v 0.22478 0.68920 -0.01341 0.55201 0.35153 0.19462
v 0.22966 0.68920 -0.00000 0.55201 0.35153 0.19462
v 0.20880 0.69250 0.00000 0.55201 0.35153 0.19462
v 0.20880 0.69250 0.00000 0.55201 0.35153 0.19462
v 0.20880 0.69250 0.00000 0.55201 0.35153 0.19462
v 0.20880 0.69250 0.00000 0.55201 0.35153 0.19462
v 0.20880 0.69250 0.00000 0.55201 0.35153 0.19462
v 0.20880 0.69250 -0.00000 0.55201 0.35153 0.19462
v 0.20880 0.69250 -0.00000 0.55201 0.35153 0.19462
v 0.20880 0.69250 -0.00000 0.55201 0.35153 0.19462
v 0.20880 0.69250 -0.00000 0.55201 0.35153 0.19462
v 0.20880 0.69250 -0.00000 0.55201 0.35153 0.19462
v 0.20880 0.59425 0.00000 0.55201 0.35153 0.19462
v 0.20880 0.59425 0.00000 0.55201 0.35153 0.19462
v 0.20880 0.59425 0.00000 0.55201 0.35153 0.19462
v 0.20880 0.59425 0.00000 0.55201 0.35153 0.19462
v 0.20880 0.59425 0.00000 0.55201 0.35153 0.19462
v 0.20880 0.59425 0.00000 0.55201 0.35153 0.19462
v 0.20880 0.59425 0.00000 0.55201 0.35153 0.19462
v 0.20880 0.59425 0.00000 0.55201 0.35153 0.19462
v 0.20880 0.59425 0.00000 0.55201 0.35153 0.19462
v 0.20880 0.59425 0.00000 0.55201 0.35153 0.19462
v 0.24622 0.58571 0.00000 0.55201 0.35153 0.19462
v 0.23747 0.58571 0.02405 0.55201 0.35153 0.19462
v 0.21530 0.58571 0.03685 0.55201 0.35153 0.19462
v 0.19009 0.58571 0.03241 0.55201 0.35153 0.19462
v 0.17363 0.58571 0.01280 0.55201 0.35153 0.19462
v 0.17363 0.58571 -0.01280 0.55201 0.35153 0.19462
v 0.19009 0.58571 -0.03241 0.55201 0.35153 0.19462
v 0.21530 0.58571 -0.03685 0.55201 0.35153 0.19462
v 0.23747 0.58571 -0.02405 0.55201 0.35153 0.19462
v 0.24622 0.58571 -0.00000 0.55201 0.35153 0.19462
v 0.27623 0.56178 0.00000 0.55201 0.35153 0.19462
v 0.26046 0.56178 0.04335 0.55201 0.35153 0.19462
v 0.22051 0.56178 0.06641 0.55201 0.35153 0.19462
v 0.17508 0.56178 0.05840 0.55201 0.35153 0.19462
v 0.14543 0.56178 0.02306 0.55201 0.35153 0.19462
v 0.14543 0.56178 -0.02306 0.55201 0.35153 0.19462
v 0.17508 0.56178 -0.05840 0.55201 0.35153 0.19462
v 0.22051 0.56178 -0.06641 0.55201 0.35153 0.19462
v 0.26046 0.56178 -0.04335 0.55201 0.35153 0.19462
v 0.27623 0.56178 -0.00000 0.55201 0.35153 0.19462
v 0.29289 0.52719 0.00000 0.55201 0.35153 0.19462
v 0.27321 0.52719 0.05405 0.55201 0.35153 0.19462
v 0.22340 0.52719 0.08281 0.55201 0.35153 0.19462
v 0.16676 0.52719 0.07282 0.55201 0.35153 0.19462
v 0.12978 0.52719 0.02876 0.55201 0.35153 0.19462
v 0.12978 0.52719 -0.02876 0.55201 0.35153 0.19462
v 0.16676 0.52719 -0.07282 0.55201 0.35153 0.19462
v 0.22340 0.52719 -0.08281 0.55201 0.35153 0.19462
v 0.27321 0.52719 -0.05405 0.55201 0.35153 0.19462
v 0.29289 0.52719 -0.00000 0.55201 0.35153 0.19462
v 0.29289 0.48881 0.00000 0.55201 0.35153 0.19462
v 0.27321 0.48881 0.05405 0.55201 0.35153 0.19462
v 0.22340 0.48881 0.08281 0.55201 0.35153 0.19462
v 0.16676 0.48881 0.07282 0.55201 0.35153 0.19462
v 0.12978 0.48881 0.02876 0.55201 0.35153 0.19462
v 0.12978 0.48881 -0.02876 0.55201 0.35153 0.19462
v 0.16676 0.48881 -0.07282 0.55201 0.35153 0.19462
v 0.22340 0.48881 -0.08281 0.55201 0.35153 0.19462
v 0.27321 0.48881 -0.05405 0.55201 0.35153 0.19462
v 0.29289 0.48881 -0.00000 0.55201 0.35153 0.19462
v 0.27623 0.45422 0.00000 0.55201 0.35153 0.19462
v 0.26046 0.45422 0.04335 0.55201 0.35153 0.19462
v 0.22051 0.45422 0.06641 0.55201 0.35153 0.19462
v 0.17508 0.45422 0.05840 0.55201 0.35153 0.19462
v 0.14543 0.45422 0.02306 0.55201 0.35153 0.19462
v 0.14543 0.45422 -0.02306 0.55201 0.35153 0.19462
v 0.17508 0.45422 -0.05840 0.55201 0.35153 0.19462
v 0.22051 0.45422 -0.06641 0.55201 0.35153 0.19462
v 0.26046 0.45422 -0.04335 0.55201 0.35153 0.19462
v 0.27623 0.45422 -0.00000 0.55201 0.35153 0.19462
v 0.24622 0.43029 0.00000 0.55201 0.35153 0.19462
v 0.23747 0.43029 0.02405 0.55201 0.35153 0.19462
v 0.21530 0.43029 0.03685 0.55201 0.35153 0.19462
v 0.19009 0.43029 0.03241 0.55201 0.35153 0.19462
v 0.17363 0.43029 0.01280 0.55201 0.35153 0.19462
v 0.17363 0.43029 -0.01280 0.55201 0.35153 0.19462
v 0.19009 0.43029 -0.03241 0.55201 0.35153 0.19462
v 0.21530 0.43029 -0.03685 0.55201 0.35153 0.19462
v 0.23747 0.43029 -0.02405 0.55201 0.35153 0.19462
v 0.24622 0.43029 -0.00000 0.55201 0.35153 0.19462
v 0.20880 0.42175 0.00000 0.55201 0.35153 0.19462
v 0.20880 0.42175 0.00000 0.55201 0.35153 0.19462
v 0.20880 0.42175 0.00000 0.55201 0.35153 0.19462
v 0.20880 0.42175 0.00000 0.55201 0.35153 0.19462
v 0.20880 0.42175 0.00000 0.55201 0.35153 0.19462
v 0.20880 0.42175 0.00000 0.55201 0.35153 0.19462
v 0.20880 0.42175 0.00000 0.55201 0.35153 0.19462
v 0.20880 0.42175 0.00000 0.55201 0.35153 0.19462
v 0.20880 0.42175 0.00000 0.55201 0.35153 0.19462
v 0.20880 0.42175 0.00000 0.55201 0.35153 0.19462
v 0.28192 0.38088 0.01125 0.55201 0.35153 0.19462
v 0.28192 0.38088 0.01125 0.55201 0.35153 0.19462
v 0.28192 0.38088 0.01125 0.55201 0.35153 0.19462
v 0.28192 0.38088 0.01125 0.55201 0.35153 0.19462
v 0.28192 0.38088 0.01125 0.55201 0.35153 0.19462
v 0.28192 0.38088 0.01125 0.55201 0.35153 0.19462
v 0.29017 0.38309 0.01125 0.55201 0.35153 0.19462
v 0.28447 0.38309 0.01910 0.55201 0.35153 0.19462
v 0.27525 0.38309 0.01610 0.55201 0.35153 0.19462
v 0.27525 0.38309 0.00640 0.55201 0.35153 0.19462
v 0.28447 0.38309 0.00340 0.55201 0.35153 0.19462
v 0.29017 0.38309 0.01125 0.55201 0.35153 0.19462
v 0.29621 0.38912 0.01125 0.55201 0.35153 0.19462
v 0.28634 0.38912 0.02484 0.55201 0.35153 0.19462
v 0.27036 0.38912 0.01965 0.55201 0.35153 0.19462
v 0.27036 0.38912 0.00285 0.55201 0.35153 0.19462
v 0.28634 0.38912 -0.00234 0.55201 0.35153 0.19462
v 0.29621 0.38912 0.01125 0.55201 0.35153 0.19462
v 0.29842 0.39737 0.01125 0.55201 0.35153 0.19462
v 0.28702 0.39737 0.02694 0.55201 0.35153 0.19462
v 0.26858 0.39737 0.02095 0.55201 0.35153 0.19462
v 0.26858 0.39737 0.00155 0.55201 0.35153 0.19462
v 0.28702 0.39737 -0.00444 0.55201 0.35153 0.19462
v 0.29842 0.39737 0.01125 0.55201 0.35153 0.19462
v 0.29842 0.43862 0.01125 0.55201 0.35153 0.19462
v 0.28702 0.43862 0.02694 0.55201 0.35153 0.19462
v 0.26858 0.43862 0.02095 0.55201 0.35153 0.19462
v 0.26858 0.43862 0.00155 0.55201 0.35153 0.19462
v 0.28702 0.43862 -0.00444 0.55201 0.35153 0.19462
v 0.29842 0.43862 0.01125 0.55201 0.35153 0.19462
v 0.29621 0.44687 0.01125 0.55201 0.35153 0.19462
v 0.28634 0.44687 0.02484 0.55201 0.35153 0.19462
v 0.27036 0.44687 0.01965 0.55201 0.35153 0.19462
v 0.27036 0.44687 0.00285 0.55201 0.35153 0.19462
v 0.28634 0.44687 -0.00234 0.55201 0.35153 0.19462
v 0.29621 0.44687 0.01125 0.55201 0.35153 0.19462
v 0.29017 0.45291 0.01125 0.55201 0.35153 0.19462
v 0.28447 0.45291 0.01910 0.55201 0.35153 0.19462
v 0.27525 0.45291 0.01610 0.55201 0.35153 0.19462
v 0.27525 0.45291 0.00640 0.55201 0.35153 0.19462
v 0.28447 0.45291 0.00340 0.55201 0.35153 0.19462
v 0.29017 0.45291 0.01125 0.55201 0.35153 0.19462
v 0.28192 0.45512 0.01125 0.55201 0.35153 0.19462
v 0.28192 0.45512 0.01125 0.55201 0.35153 0.19462
v 0.28192 0.45512 0.01125 0.55201 0.35153 0.19462
v 0.28192 0.45512 0.01125 0.55201 0.35153 0.19462
v 0.28192 0.45512 0.01125 0.55201 0.35153 0.19462
v 0.28192 0.45512 0.01125 0.55201 0.35153 0.19462
v 0.23317 0.38088 0.01125 0.55201 0.35153 0.19462
v 0.23317 0.38088 0.01125 0.55201 0.35153 0.19462
v 0.23317 0.38088 0.01125 0.55201 0.35153 0.19462
v 0.23317 0.38088 0.01125 0.55201 0.35153 0.19462
v 0.23317 0.38088 0.01125 0.55201 0.35153 0.19462
v 0.23317 0.38088 0.01125 0.55201 0.35153 0.19462
v 0.24142 0.38309 0.01125 0.55201 0.35153 0.19462
v 0.23572 0.38309 0.01910 0.55201 0.35153 0.19462
v 0.22650 0.38309 0.01610 0.55201 0.35153 0.19462
v 0.22650 0.38309 0.00640 0.55201 0.35153 0.19462
v 0.23572 0.38309 0.00340 0.55201 0.35153 0.19462
v 0.24142 0.38309 0.01125 0.55201 0.35153 0.19462
v 0.24746 0.38912 0.01125 0.55201 0.35153 0.19462
v 0.23759 0.38912 0.02484 0.55201 0.35153 0.19462
v 0.22161 0.38912 0.01965 0.55201 0.35153 0.19462
v 0.22161 0.38912 0.00285 0.55201 0.35153 0.19462
v 0.23759 0.38912 -0.00234 0.55201 0.35153 0.19462
v 0.24746 0.38912 0.01125 0.55201 0.35153 0.19462
v 0.24967 0.39737 0.01125 0.55201 0.35153 0.19462
v 0.23827 0.39737 0.02694 0.55201 0.35153 0.19462
v 0.21983 0.39737 0.02095 0.55201 0.35153 0.19462
v 0.21983 0.39737 0.00155 0.55201 0.35153 0.19462
v 0.23827 0.39737 -0.00444 0.55201 0.35153 0.19462
v 0.24967 0.39737 0.01125 0.55201 0.35153 0.19462
v 0.24967 0.43862 0.01125 0.55201 0.35153 0.19462
v 0.23827 0.43862 0.02694 0.55201 0.35153 0.19462
v 0.21983 0.43862 0.02095 0.55201 0.35153 0.19462
v 0.21983 0.43862 0.00155 0.55201 0.35153 0.19462
v 0.23827 0.43862 -0.00444 0.55201 0.35153 0.19462
v 0.24967 0.43862 0.01125 0.55201 0.35153 0.19462
v 0.24746 0.44687 0.01125 0.55201 0.35153 0.19462
v 0.23759 0.44687 0.02484 0.55201 0.35153 0.19462
v 0.22161 0.44687 0.01965 0.55201 0.35153 0.19462
v 0.22161 0.44687 0.00285 0.55201 0.35153 0.19462
v 0.23759 0.44687 -0.00234 0.55201 0.35153 0.19462
v 0.24746 0.44687 0.01125 0.55201 0.35153 0.19462
v 0.24142 0.45291 0.01125 0.55201 0.35153 0.19462
v 0.23572 0.45291 0.01910 0.55201 0.35153 0.19462
v 0.22650 0.45291 0.01610 0.55201 0.35153 0.19462
v 0.22650 0.45291 0.00640 0.55201 0.35153 0.19462
v 0.23572 0.45291 0.00340 0.55201 0.35153 0.19462
v 0.24142 0.45291 0.01125 0.55201 0.35153 0.19462
v 0.23317 0.45512 0.01125 0.55201 0.35153 0.19462
v 0.23317 0.45512 0.01125 0.55201 0.35153 0.19462
v 0.23317 0.45512 0.01125 0.55201 0.35153 0.19462
v 0.23317 0.45512 0.01125 0.55201 0.35153 0.19462
v 0.23317 0.45512 0.01125 0.55201 0.35153 0.19462
v 0.23317 0.45512 0.01125 0.55201 0.35153 0.19462
v 0.18442 0.38088 0.01125 0.55201 0.35153 0.19462
v 0.18442 0.38088 0.01125 0.55201 0.35153 0.19462
v 0.18442 0.38088 0.01125 0.55201 0.35153 0.19462
v 0.18442 0.38088 0.01125 0.55201 0.35153 0.19462
v 0.18442 0.38088 0.01125 0.55201 0.35153 0.19462
v 0.18442 0.38088 0.01125 0.55201 0.35153 0.19462
v 0.19267 0.38309 0.01125 0.55201 0.35153 0.19462
v 0.18697 0.38309 0.01910 0.55201 0.35153 0.19462
v 0.17775 0.38309 0.01610 0.55201 0.35153 0.19462
v 0.17775 0.38309 0.00640 0.55201 0.35153 0.19462
v 0.18697 0.38309 0.00340 0.55201 0.35153 0.19462
v 0.19267 0.38309 0.01125 0.55201 0.35153 0.19462
v 0.19871 0.38912 0.01125 0.55201 0.35153 0.19462
v 0.18884 0.38912 0.02484 0.55201 0.35153 0.19462
v 0.17286 0.38912 0.01965 0.55201 0.35153 0.19462
v 0.17286 0.38912 0.00285 0.55201 0.35153 0.19462
v 0.18884 0.38912 -0.00234 0.55201 0.35153 0.19462
v 0.19871 0.38912 0.01125 0.55201 0.35153 0.19462
v 0.20092 0.39737 0.01125 0.55201 0.35153 0.19462
v 0.18952 0.39737 0.02694 0.55201 0.35153 0.19462
v 0.17108 0.39737 0.02095 0.55201 0.35153 0.19462
v 0.17108 0.39737 0.00155 0.55201 0.35153 0.19462
v 0.18952 0.39737 -0.00444 0.55201 0.35153 0.19462
v 0.20092 0.39737 0.01125 0.55201 0.35153 0.19462
v 0.20092 0.43862 0.01125 0.55201 0.35153 0.19462
v 0.18952 0.43862 0.02694 0.55201 0.35153 0.19462
v 0.17108 0.43862 0.02095 0.55201 0.35153 0.19462
v 0.17108 0.43862 0.00155 0.55201 0.35153 0.19462
v 0.18952 0.43862 -0.00444 0.55201 0.35153 0.19462
v 0.20092 0.43862 0.01125 0.55201 0.35153 0.19462
v 0.19871 0.44687 0.01125 0.55201 0.35153 0.19462
v 0.18884 0.44687 0.02484 0.55201 0.35153 0.19462
v 0.17286 0.44687 0.01965 0.55201 0.35153 0.19462
v 0.17286 0.44687 0.00285 0.55201 0.35153 0.19462
v 0.18884 0.44687 -0.00234 0.55201 0.35153 0.19462
v 0.19871 0.44687 0.01125 0.55201 0.35153 0.19462
v 0.19267 0.45291 0.01125 0.55201 0.35153 0.19462
v 0.18697 0.45291 0.01910 0.55201 0.35153 0.19462
v 0.17775 0.45291 0.01610 0.55201 0.35153 0.19462
v 0.17775 0.45291 0.00640 0.55201 0.35153 0.19462
v 0.18697 0.45291 0.00340 0.55201 0.35153 0.19462
v 0.19267 0.45291 0.01125 0.55201 0.35153 0.19462
v 0.18442 0.45512 0.01125 0.55201 0.35153 0.19462
v 0.18442 0.45512 0.01125 0.55201 0.35153 0.19462
v 0.18442 0.45512 0.01125 0.55201 0.35153 0.19462
v 0.18442 0.45512 0.01125 0.55201 0.35153 0.19462
v 0.18442 0.45512 0.01125 0.55201 0.35153 0.19462
v 0.18442 0.45512 0.01125 0.55201 0.35153 0.19462
v 0.13567 0.38088 0.01125 0.55201 0.35153 0.19462
v 0.13567 0.38088 0.01125 0.55201 0.35153 0.19462
v 0.13567 0.38088 0.01125 0.55201 0.35153 0.19462
v 0.13567 0.38088 0.01125 0.55201 0.35153 0.19462
v 0.13567 0.38088 0.01125 0.55201 0.35153 0.19462
v 0.13567 0.38088 0.01125 0.55201 0.35153 0.19462
v 0.14392 0.38309 0.01125 0.55201 0.35153 0.19462
v 0.13822 0.38309 0.01910 0.55201 0.35153 0.19462
v 0.12900 0.38309 0.01610 0.55201 0.35153 0.19462
v 0.12900 0.38309 0.00640 0.55201 0.35153 0.19462
v 0.13822 0.38309 0.00340 0.55201 0.35153 0.19462
v 0.14392 0.38309 0.01125 0.55201 0.35153 0.19462
v 0.14996 0.38912 0.01125 0.55201 0.35153 0.19462
v 0.14009 0.38912 0.02484 0.55201 0.35153 0.19462
v 0.12411 0.38912 0.01965 0.55201 0.35153 0.19462
v 0.12411 0.38912 0.00285 0.55201 0.35153 0.19462
v 0.14009 0.38912 -0.00234 0.55201 0.35153 0.19462
v 0.14996 0.38912 0.01125 0.55201 0.35153 0.19462
v 0.15217 0.39737 0.01125 0.55201 0.35153 0.19462
v 0.14077 0.39737 0.02694 0.55201 0.35153 0.19462
v 0.12233 0.39737 0.02095 0.55201 0.35153 0.19462
v 0.12233 0.39737 0.00155 0.55201 0.35153 0.19462
v 0.14077 0.39737 -0.00444 0.55201 0.35153 0.19462
v 0.15217 0.39737 0.01125 0.55201 0.35153 0.19462
v 0.15217 0.43862 0.01125 0.55201 0.35153 0.19462
v 0.14077 0.43862 0.02694 0.55201 0.35153 0.19462
v 0.12233 0.43862 0.02095 0.55201 0.35153 0.19462
v 0.12233 0.43862 0.00155 0.55201 0.35153 0.19462
v 0.14077 0.43862 -0.00444 0.55201 0.35153 0.19462
v 0.15217 0.43862 0.01125 0.55201 0.35153 0.19462
v 0.14996 0.44687 0.01125 0.55201 0.35153 0.19462
v 0.14009 0.44687 0.02484 0.55201 0.35153 0.19462
v 0.12411 0.44687 0.01965 0.55201 0.35153 0.19462
v 0.12411 0.44687 0.00285 0.55201 0.35153 0.19462
v 0.14009 0.44687 -0.00234 0.55201 0.35153 0.19462
v 0.14996 0.44687 0.01125 0.55201 0.35153 0.19462
v 0.14392 0.45291 0.01125 0.55201 0.35153 0.19462
v 0.13822 0.45291 0.01910 0.55201 0.35153 0.19462
v 0.12900 0.45291 0.01610 0.55201 0.35153 0.19462
v 0.12900 0.45291 0.00640 0.55201 0.35153 0.19462
v 0.13822 0.45291 0.00340 0.55201 0.35153 0.19462
v 0.14392 0.45291 0.01125 0.55201 0.35153 0.19462
v 0.13567 0.45512 0.01125 0.55201 0.35153 0.19462
v 0.13567 0.45512 0.01125 0.55201 0.35153 0.19462
v 0.13567 0.45512 0.01125 0.55201 0.35153 0.19462
v 0.13567 0.45512 0.01125 0.55201 0.35153 0.19462
v 0.13567 0.45512 0.01125 0.55201 0.35153 0.19462
v 0.13567 0.45512 0.01125 0.55201 0.35153 0.19462
v -0.20880 0.90475 0.00000 0.55201 0.35153 0.19462
v -0.20880 0.90475 0.00000 0.55201 0.35153 0.19462
v -0.20880 0.90475 0.00000 0.55201 0.35153 0.19462
v -0.20880 0.90475 0.00000 0.55201 0.35153 0.19462
v -0.20880 0.90475 0.00000 0.55201 0.35153 0.19462
v -0.20880 0.90475 0.00000 0.55201 0.35153 0.19462
v -0.20880 0.90475 0.00000 0.55201 0.35153 0.19462
v -0.20880 0.90475 0.00000 0.55201 0.35153 0.19462
v -0.20880 0.90475 0.00000 0.55201 0.35153 0.19462
v -0.20880 0.90475 0.00000 0.55201 0.35153 0.19462
v -0.16162 0.89398 0.00000 0.55201 0.35153 0.19462
v -0.17265 0.89398 0.03033 0.55201 0.35153 0.19462
v -0.20061 0.89398 0.04647 0.55201 0.35153 0.19462
v -0.23239 0.89398 0.04086 0.55201 0.35153 0.19462
v -0.25314 0.89398 0.01614 0.55201 0.35153 0.19462
v -0.25314 0.89398 -0.01614 0.55201 0.35153 0.19462
v -0.23239 0.89398 -0.04086 0.55201 0.35153 0.19462
v -0.20061 0.89398 -0.04647 0.55201 0.35153 0.19462
v -0.17265 0.89398 -0.03033 0.55201 0.35153 0.19462
v -0.16162 0.89398 -0.00000 0.55201 0.35153 0.19462
v -0.12378 0.86380 0.00000 0.55201 0.35153 0.19462
v -0.14367 0.86380 0.05465 0.55201 0.35153 0.19462
v -0.19404 0.86380 0.08373 0.55201 0.35153 0.19462
v -0.25131 0.86380 0.07363 0.55201 0.35153 0.19462
v -0.28870 0.86380 0.02908 0.55201 0.35153 0.19462
v -0.28870 0.86380 -0.02908 0.55201 0.35153 0.19462
v -0.25131 0.86380 -0.07363 0.55201 0.35153 0.19462
v -0.19404 0.86380 -0.08373 0.55201 0.35153 0.19462
v -0.14367 0.86380 -0.05465 0.55201 0.35153 0.19462
v -0.12378 0.86380 -0.00000 0.55201 0.35153 0.19462
v -0.10278 0.82020 0.00000 0.55201 0.35153 0.19462
v -0.12758 0.82020 0.06815 0.55201 0.35153 0.19462
v -0.19039 0.82020 0.10441 0.55201 0.35153 0.19462
v -0.26181 0.82020 0.09182 0.55201 0.35153 0.19462
v -0.30843 0.82020 0.03626 0.55201 0.35153 0.19462
v -0.30843 0.82020 -0.03626 0.55201 0.35153 0.19462
v -0.26181 0.82020 -0.09182 0.55201 0.35153 0.19462
v -0.19039 0.82020 -0.10441 0.55201 0.35153 0.19462
v -0.12758 0.82020 -0.06815 0.55201 0.35153 0.19462
v -0.10278 0.82020 -0.00000 0.55201 0.35153 0.19462
v -0.10278 0.77180 0.00000 0.55201 0.35153 0.19462
v -0.12758 0.77180 0.06815 0.55201 0.35153 0.19462
v -0.19039 0.77180 0.10441 0.55201 0.35153 0.19462
v -0.26181 0.77180 0.09182 0.55201 0.35153 0.19462
v -0.30843 0.77180 0.03626 0.55201 0.35153 0.19462
v -0.30843 0.77180 -0.03626 0.55201 0.35153 0.19462
v -0.26181 0.77180 -0.09182 0.55201 0.35153 0.19462
v -0.19039 0.77180 -0.10441 0.55201 0.35153 0.19462
v -0.12758 0.77180 -0.06815 0.55201 0.35153 0.19462
v -0.10278 0.77180 -0.00000 0.55201 0.35153 0.19462
v -0.12378 0.72820 0.00000 0.55201 0.35153 0.19462
v -0.14367 0.72820 0.05465 0.55201 0.35153 0.19462
v -0.19404 0.72820 0.08373 0.55201 0.35153 0.19462
v -0.25131 0.72820 0.07363 0.55201 0.35153 0.19462
v -0.28870 0.72820 0.02908 0.55201 0.35153 0.19462
v -0.28870 0.72820 -0.02908 0.55201 0.35153 0.19462
v -0.25131 0.72820 -0.07363 0.55201 0.35153 0.19462
v -0.19404 0.72820 -0.08373 0.55201 0.35153 0.19462
v -0.14367 0.72820 -0.05465 0.55201 0.35153 0.19462
v -0.12378 0.72820 -0.00000 0.55201 0.35153 0.19462
v -0.16162 0.69802 0.00000 0.55201 0.35153 0.19462
v -0.17265 0.69802 0.03033 0.55201 0.35153 0.19462
v -0.20061 0.69802 0.04647 0.55201 0.35153 0.19462
v -0.23239 0.69802 0.04086 0.55201 0.35153 0.19462
v -0.25314 0.69802 0.01614 0.55201 0.35153 0.19462
v -0.25314 0.69802 -0.01614 0.55201 0.35153 0.19462
v -0.23239 0.69802 -0.04086 0.55201 0.35153 0.19462
v -0.20061 0.69802 -0.04647 0.55201 0.35153 0.19462
v -0.17265 0.69802 -0.03033 0.55201 0.35153 0.19462
v -0.16162 0.69802 -0.00000 0.55201 0.35153 0.19462
v -0.20880 0.68725 0.00000 0.55201 0.35153 0.19462
v -0.20880 0.68725 0.00000 0.55201 0.35153 0.19462
v -0.20880 0.68725 0.00000 0.55201 0.35153 0.19462
v -0.20880 0.68725 0.00000 0.55201 0.35153 0.19462
v -0.20880 0.68725 0.00000 0.55201 0.35153 0.19462
v -0.20880 0.68725 0.00000 0.55201 0.35153 0.19462
v -0.20880 0.68725 0.00000 0.55201 0.35153 0.19462
v -0.20880 0.68725 0.00000 0.55201 0.35153 0.19462
v -0.20880 0.68725 0.00000 0.55201 0.35153 0.19462
v -0.20880 0.68725 0.00000 0.55201 0.35153 0.19462
v -0.20880 0.57400 0.00000 0.55201 0.35153 0.19462
v -0.20880 0.57400 0.00000 0.55201 0.35153 0.19462
v -0.20880 0.57400 0.00000 0.55201 0.35153 0.19462
v -0.20880 0.57400 0.00000 0.55201 0.35153 0.19462
v -0.20880 0.57400 0.00000 0.55201 0.35153 0.19462
v -0.20880 0.57400 0.00000 0.55201 0.35153 0.19462
v -0.20880 0.57400 0.00000 0.55201 0.35153 0.19462
v -0.20880 0.57400 0.00000 0.55201 0.35153 0.19462
v -0.20880 0.57400 0.00000 0.55201 0.35153 0.19462
v -0.20880 0.57400 0.00000 0.55201 0.35153 0.19462
v -0.18562 0.57767 0.00000 0.55201 0.35153 0.19462
v -0.19105 0.57767 0.01490 0.55201 0.35153 0.19462
v -0.20478 0.57767 0.02282 0.55201 0.35153 0.19462
v -0.22039 0.57767 0.02007 0.55201 0.35153 0.19462
v -0.23058 0.57767 0.00793 0.55201 0.35153 0.19462
v -0.23058 0.57767 -0.00793 0.55201 0.35153 0.19462
v -0.22039 0.57767 -0.02007 0.55201 0.35153 0.19462
v -0.20478 0.57767 -0.02282 0.55201 0.35153 0.19462
v -0.19105 0.57767 -0.01490 0.55201 0.35153 0.19462
v -0.18562 0.57767 -0.00000 0.55201 0.35153 0.19462
v -0.16472 0.58832 0.00000 0.55201 0.35153 0.19462
v -0.17503 0.58832 0.02834 0.55201 0.35153 0.19462
v -0.20114 0.58832 0.04341 0.55201 0.35153 0.19462
v -0.23084 0.58832 0.03818 0.55201 0.35153 0.19462
v -0.25023 0.58832 0.01508 0.55201 0.35153 0.19462
v -0.25023 0.58832 -0.01508 0.55201 0.35153 0.19462
v -0.23084 0.58832 -0.03818 0.55201 0.35153 0.19462
v -0.20114 0.58832 -0.04341 0.55201 0.35153 0.19462
v -0.17503 0.58832 -0.02834 0.55201 0.35153 0.19462
v -0.16472 0.58832 -0.00000 0.55201 0.35153 0.19462
v -0.14812 0.60492 0.00000 0.55201 0.35153 0.19462
v -0.16232 0.60492 0.03900 0.55201 0.35153 0.19462
v -0.19826 0.60492 0.05975 0.55201 0.35153 0.19462
v -0.23914 0.60492 0.05255 0.55201 0.35153 0.19462
v -0.26582 0.60492 0.02075 0.55201 0.35153 0.19462
v -0.26582 0.60492 -0.02075 0.55201 0.35153 0.19462
v -0.23914 0.60492 -0.05255 0.55201 0.35153 0.19462
v -0.19826 0.60492 -0.05975 0.55201 0.35153 0.19462
v -0.16232 0.60492 -0.03900 0.55201 0.35153 0.19462
v -0.14812 0.60492 -0.00000 0.55201 0.35153 0.19462
v -0.13747 0.62582 0.00000 0.55201 0.35153 0.19462
v -0.15416 0.62582 0.04585 0.55201 0.35153 0.19462
v -0.19641 0.62582 0.07025 0.55201 0.35153 0.19462
v -0.24446 0.62582 0.06177 0.55201 0.35153 0.19462
v -0.27583 0.62582 0.02440 0.55201 0.35153 0.19462
v -0.27583 0.62582 -0.02440 0.55201 0.35153 0.19462
v -0.24446 0.62582 -0.06177 0.55201 0.35153 0.19462
v -0.19641 0.62582 -0.07025 0.55201 0.35153 0.19462
v -0.15416 0.62582 -0.04585 0.55201 0.35153 0.19462
v -0.13747 0.62582 -0.00000 0.55201 0.35153 0.19462
v -0.13380 0.64900 0.00000 0.55201 0.35153 0.19462
v -0.15135 0.64900 0.04821 0.55201 0.35153 0.19462
v -0.19578 0.64900 0.07386 0.55201 0.35153 0.19462
v -0.24630 0.64900 0.06495 0.55201 0.35153 0.19462
v -0.27928 0.64900 0.02565 0.55201 0.35153 0.19462
v -0.27928 0.64900 -0.02565 0.55201 0.35153 0.19462
v -0.24630 0.64900 -0.06495 0.55201 0.35153 0.19462
v -0.19578 0.64900 -0.07386 0.55201 0.35153 0.19462
v -0.15135 0.64900 -0.04821 0.55201 0.35153 0.19462
v -0.13380 0.64900 -0.00000 0.55201 0.35153 0.19462
v -0.13380 0.77500 0.00000 0.55201 0.35153 0.19462
v -0.15135 0.77500 0.04821 0.55201 0.35153 0.19462
v -0.19578 0.77500 0.07386 0.55201 0.35153 0.19462
v -0.24630 0.77500 0.06495 0.55201 0.35153 0.19462
v -0.27928 0.77500 0.02565 0.55201 0.35153 0.19462
v -0.27928 0.77500 -0.02565 0.55201 0.35153 0.19462
v -0.24630 0.77500 -0.06495 0.55201 0.35153 0.19462
v -0.19578 0.77500 -0.07386 0.55201 0.35153 0.19462
v -0.15135 0.77500 -0.04821 0.55201 0.35153 0.19462
v -0.13380 0.77500 -0.00000 0.55201 0.35153 0.19462
v -0.13747 0.79818 0.00000 0.55201 0.35153 0.19462
v -0.15416 0.79818 0.04585 0.55201 0.35153 0.19462
v -0.19641 0.79818 0.07025 0.55201 0.35153 0.19462
v -0.24446 0.79818 0.06177 0.55201 0.35153 0.19462
v -0.27583 0.79818 0.02440 0.55201 0.35153 0.19462
v -0.27583 0.79818 -0.02440 0.55201 0.35153 0.19462
v -0.24446 0.79818 -0.06177 0.55201 0.35153 0.19462
v -0.19641 0.79818 -0.07025 0.55201 0.35153 0.19462
v -0.15416 0.79818 -0.04585 0.55201 0.35153 0.19462
v -0.13747 0.79818 -0.00000 0.55201 0.35153 0.19462
v -0.14812 0.81908 0.00000 0.55201 0.35153 0.19462
v -0.16232 0.81908 0.03900 0.55201 0.35153 0.19462
v -0.19826 0.81908 0.05975 0.55201 0.35153 0.19462
v -0.23914 0.81908 0.05255 0.55201 0.35153 0.19462
v -0.26582 0.81908 0.02075 0.55201 0.35153 0.19462
v -0.26582 0.81908 -0.02075 0.55201 0.35153 0.19462
v -0.23914 0.81908 -0.05255 0.55201 0.35153 0.19462
v -0.19826 0.81908 -0.05975 0.55201 0.35153 0.19462
v -0.16232 0.81908 -0.03900 0.55201 0.35153 0.19462
v -0.14812 0.81908 -0.00000 0.55201 0.35153 0.19462
v -0.16472 0.83568 0.00000 0.55201 0.35153 0.19462
v -0.17503 0.83568 0.02834 0.55201 0.35153 0.19462
v -0.20114 0.83568 0.04341 0.55201 0.35153 0.19462
v -0.23084 0.83568 0.03818 0.55201 0.35153 0.19462
v -0.25023 0.83568 0.01508 0.55201 0.35153 0.19462
v -0.25023 0.83568 -0.01508 0.55201 0.35153 0.19462
v -0.23084 0.83568 -0.03818 0.55201 0.35153 0.19462
v -0.20114 0.83568 -0.04341 0.55201 0.35153 0.19462
v -0.17503 0.83568 -0.02834 0.55201 0.35153 0.19462
v -0.16472 0.83568 -0.00000 0.55201 0.35153 0.19462
v -0.18562 0.84633 0.00000 0.55201 0.35153 0.19462
v -0.19105 0.84633 0.01490 0.55201 0.35153 0.19462
v -0.20478 0.84633 0.02282 0.55201 0.35153 0.19462
v -0.22039 0.84633 0.02007 0.55201 0.35153 0.19462
v -0.23058 0.84633 0.00793 0.55201 0.35153 0.19462
v -0.23058 0.84633 -0.00793 0.55201 0.35153 0.19462
v -0.22039 0.84633 -0.02007 0.55201 0.35153 0.19462
v -0.20478 0.84633 -0.02282 0.55201 0.35153 0.19462
v -0.19105 0.84633 -0.01490 0.55201 0.35153 0.19462
v -0.18562 0.84633 -0.00000 0.55201 0.35153 0.19462
v -0.20880 0.85000 0.00000 0.55201 0.35153 0.19462
v -0.20880 0.85000 0.00000 0.55201 0.35153 0.19462
v -0.20880 0.85000 0.00000 0.55201 0.35153 0.19462
v -0.20880 0.85000 0.00000 0.55201 0.35153 0.19462
v -0.20880 0.85000 0.00000 0.55201 0.35153 0.19462
v -0.20880 0.85000 -0.00000 0.55201 0.35153 0.19462
v -0.20880 0.85000 -0.00000 0.55201 0.35153 0.19462
v -0.20880 0.85000 -0.00000 0.55201 0.35153 0.19462
v -0.20880 0.85000 -0.00000 0.55201 0.35153 0.19462
v -0.20880 0.85000 -0.00000 0.55201 0.35153 0.19462
v -0.20880 0.45550 0.00000 0.55201 0.35153 0.19462
v -0.20880 0.45550 0.00000 0.55201 0.35153 0.19462
v -0.20880 0.45550 0.00000 0.55201 0.35153 0.19462
v -0.20880 0.45550 0.00000 0.55201 0.35153 0.19462
v -0.20880 0.45550 0.00000 0.55201 0.35153 0.19462
v -0.20880 0.45550 0.00000 0.55201 0.35153 0.19462
v -0.20880 0.45550 0.00000 0.55201 0.35153 0.19462
v -0.20880 0.45550 0.00000 0.55201 0.35153 0.19462
v -0.20880 0.45550 0.00000 0.55201 0.35153 0.19462
v -0.20880 0.45550 0.00000 0.55201 0.35153 0.19462
v -0.18794 0.45880 0.00000 0.55201 0.35153 0.19462
v -0.19282 0.45880 0.01341 0.55201 0.35153 0.19462
v -0.20518 0.45880 0.02054 0.55201 0.35153 0.19462
v -0.21923 0.45880 0.01806 0.55201 0.35153 0.19462
v -0.22840 0.45880 0.00713 0.55201 0.35153 0.19462
v -0.22840 0.45880 -0.00713 0.55201 0.35153 0.19462
v -0.21923 0.45880 -0.01806 0.55201 0.35153 0.19462
v -0.20518 0.45880 -0.02054 0.55201 0.35153 0.19462
v -0.19282 0.45880 -0.01341 0.55201 0.35153 0.19462
v -0.18794 0.45880 -0.00000 0.55201 0.35153 0.19462
v -0.16912 0.46839 0.00000 0.55201 0.35153 0.19462
v -0.17841 0.46839 0.02550 0.55201 0.35153 0.19462
v -0.20191 0.46839 0.03907 0.55201 0.35153 0.19462
v -0.22864 0.46839 0.03436 0.55201 0.35153 0.19462
v -0.24608 0.46839 0.01357 0.55201 0.35153 0.19462
v -0.24608 0.46839 -0.01357 0.55201 0.35153 0.19462
v -0.22864 0.46839 -0.03436 0.55201 0.35153 0.19462
v -0.20191 0.46839 -0.03907 0.55201 0.35153 0.19462
v -0.17841 0.46839 -0.02550 0.55201 0.35153 0.19462
v -0.16912 0.46839 -0.00000 0.55201 0.35153 0.19462
v -0.15419 0.48332 0.00000 0.55201 0.35153 0.19462
v -0.16697 0.48332 0.03510 0.55201 0.35153 0.19462
v -0.19932 0.48332 0.05378 0.55201 0.35153 0.19462
v -0.23610 0.48332 0.04729 0.55201 0.35153 0.19462
v -0.26012 0.48332 0.01868 0.55201 0.35153 0.19462
v -0.26012 0.48332 -0.01868 0.55201 0.35153 0.19462
v -0.23610 0.48332 -0.04729 0.55201 0.35153 0.19462
v -0.19932 0.48332 -0.05378 0.55201 0.35153 0.19462
v -0.16697 0.48332 -0.03510 0.55201 0.35153 0.19462
v -0.15419 0.48332 -0.00000 0.55201 0.35153 0.19462
v -0.14460 0.50214 0.00000 0.55201 0.35153 0.19462
v -0.15962 0.50214 0.04126 0.55201 0.35153 0.19462
v -0.19765 0.50214 0.06322 0.55201 0.35153 0.19462
v -0.24090 0.50214 0.05560 0.55201 0.35153 0.19462
v -0.26912 0.50214 0.02196 0.55201 0.35153 0.19462
v -0.26912 0.50214 -0.02196 0.55201 0.35153 0.19462
v -0.24090 0.50214 -0.05560 0.55201 0.35153 0.19462
v -0.19765 0.50214 -0.06322 0.55201 0.35153 0.19462
v -0.15962 0.50214 -0.04126 0.55201 0.35153 0.19462
v -0.14460 0.50214 -0.00000 0.55201 0.35153 0.19462
v -0.14130 0.52300 0.00000 0.55201 0.35153 0.19462
v -0.15709 0.52300 0.04339 0.55201 0.35153 0.19462
v -0.19708 0.52300 0.06647 0.55201 0.35153 0.19462
v -0.24255 0.52300 0.05846 0.55201 0.35153 0.19462
v -0.27223 0.52300 0.02309 0.55201 0.35153 0.19462
v -0.27223 0.52300 -0.02309 0.55201 0.35153 0.19462
v -0.24255 0.52300 -0.05846 0.55201 0.35153 0.19462
v -0.19708 0.52300 -0.06647 0.55201 0.35153 0.19462
v -0.15709 0.52300 -0.04339 0.55201 0.35153 0.19462
v -0.14130 0.52300 -0.00000 0.55201 0.35153 0.19462
v -0.14130 0.62500 0.00000 0.55201 0.35153 0.19462
v -0.15709 0.62500 0.04339 0.55201 0.35153 0.19462
v -0.19708 0.62500 0.06647 0.55201 0.35153 0.19462
v -0.24255 0.62500 0.05846 0.55201 0.35153 0.19462
v -0.27223 0.62500 0.02309 0.55201 0.35153 0.19462
v -0.27223 0.62500 -0.02309 0.55201 0.35153 0.19462
v -0.24255 0.62500 -0.05846 0.55201 0.35153 0.19462
v -0.19708 0.62500 -0.06647 0.55201 0.35153 0.19462
v -0.15709 0.62500 -0.04339 0.55201 0.35153 0.19462
v -0.14130 0.62500 -0.00000 0.55201 0.35153 0.19462
v -0.14460 0.64586 0.00000 0.55201 0.35153 0.19462
v -0.15962 0.64586 0.04126 0.55201 0.35153 0.19462
v -0.19765 0.64586 0.06322 0.55201 0.35153 0.19462
v -0.24090 0.64586 0.05560 0.55201 0.35153 0.19462
v -0.26912 0.64586 0.02196 0.55201 0.35153 0.19462
v -0.26912 0.64586 -0.02196 0.55201 0.35153 0.19462
v -0.24090 0.64586 -0.05560 0.55201 0.35153 0.19462
v -0.19765 0.64586 -0.06322 0.55201 0.35153 0.19462
v -0.15962 0.64586 -0.04126 0.55201 0.35153 0.19462
v -0.14460 0.64586 -0.00000 0.55201 0.35153 0.19462
v -0.15419 0.66468 0.00000 0.55201 0.35153 0.19462
v -0.16697 0.66468 0.03510 0.55201 0.35153 0.19462
v -0.19932 0.66468 0.05378 0.55201 0.35153 0.19462
v -0.23610 0.66468 0.04729 0.55201 0.35153 0.19462
v -0.26012 0.66468 0.01868 0.55201 0.35153 0.19462
v -0.26012 0.66468 -0.01868 0.55201 0.35153 0.19462
v -0.23610 0.66468 -0.04729 0.55201 0.35153 0.19462
v -0.19932 0.66468 -0.05378 0.55201 0.35153 0.19462
v -0.16697 0.66468 -0.03510 0.55201 0.35153 0.19462
v -0.15419 0.66468 -0.00000 0.55201 0.35153 0.19462
v -0.16912 0.67961 0.00000 0.55201 0.35153 0.19462
v -0.17841 0.67961 0.02550 0.55201 0.35153 0.19462
v -0.20191 0.67961 0.03907 0.55201 0.35153 0.19462
v -0.22864 0.67961 0.03436 0.55201 0.35153 0.19462
v -0.24608 0.67961 0.01357 0.55201 0.35153 0.19462
v -0.24608 0.67961 -0.01357 0.55201 0.35153 0.19462
v -0.22864 0.67961 -0.03436 0.55201 0.35153 0.19462
v -0.20191 0.67961 -0.03907 0.55201 0.35153 0.19462
v -0.17841 0.67961 -0.02550 0.55201 0.35153 0.19462
v -0.16912 0.67961 -0.00000 0.55201 0.35153 0.19462
v -0.18794 0.68920 0.00000 0.55201 0.35153 0.19462
v -0.19282 0.68920 0.01341 0.55201 0.35153 0.19462
v -0.20518 0.68920 0.02054 0.55201 0.35153 0.19462
v -0.21923 0.68920 0.01806 0.55201 0.35153 0.19462
v -0.22840 0.68920 0.00713 0.55201 0.35153 0.19462
v -0.22840 0.68920 -0.00713 0.55201 0.35153 0.19462
v -0.21923 0.68920 -0.01806 0.55201 0.35153 0.19462
v -0.20518 0.68920 -0.02054 0.55201 0.35153 0.19462
v -0.19282 0.68920 -0.01341 0.55201 0.35153 0.19462
v -0.18794 0.68920 -0.00000 0.55201 0.35153 0.19462
v -0.20880 0.69250 0.00000 0.55201 0.35153 0.19462
v -0.20880 0.69250 0.00000 0.55201 0.35153 0.19462
v -0.20880 0.69250 0.00000 0.55201 0.35153 0.19462
v -0.20880 0.69250 0.00000 0.55201 0.35153 0.19462
v -0.20880 0.69250 0.00000 0.55201 0.35153 0.19462
v -0.20880 0.69250 -0.00000 0.55201 0.35153 0.19462
v -0.20880 0.69250 -0.00000 0.55201 0.35153 0.19462
v -0.20880 0.69250 -0.00000 0.55201 0.35153 0.19462
v -0.20880 0.69250 -0.00000 0.55201 0.35153 0.19462
v -0.20880 0.69250 -0.00000 0.55201 0.35153 0.19462
v -0.20880 0.59425 0.00000 0.55201 0.35153 0.19462
v -0.20880 0.59425 0.00000 0.55201 0.35153 0.19462
v -0.20880 0.59425 0.00000 0.55201 0.35153 0.19462
v -0.20880 0.59425 0.00000 0.55201 0.35153 0.19462
v -0.20880 0.59425 0.00000 0.55201 0.35153 0.19462
v -0.20880 0.59425 0.00000 0.55201 0.35153 0.19462
v -0.20880 0.59425 0.00000 0.55201 0.35153 0.19462
v -0.20880 0.59425 0.00000 0.55201 0.35153 0.19462
v -0.20880 0.59425 0.00000 0.55201 0.35153 0.19462
v -0.20880 0.59425 0.00000 0.55201 0.35153 0.19462
v -0.17138 0.58571 0.00000 0.55201 0.35153 0.19462
v -0.18013 0.58571 0.02405 0.55201 0.35153 0.19462
v -0.20230 0.58571 0.03685 0.55201 0.35153 0.19462
v -0.22751 0.58571 0.03241 0.55201 0.35153 0.19462
v -0.24397 0.58571 0.01280 0.55201 0.35153 0.19462
v -0.24397 0.58571 -0.01280 0.55201 0.35153 0.19462
v -0.22751 0.58571 -0.03241 0.55201 0.35153 0.19462
v -0.20230 0.58571 -0.03685 0.55201 0.35153 0.19462
v -0.18013 0.58571 -0.02405 0.55201 0.35153 0.19462
v -0.17138 0.58571 -0.00000 0.55201 0.35153 0.19462
v -0.14137 0.56178 0.00000 0.55201 0.35153 0.19462
v -0.15714 0.56178 0.04335 0.55201 0.35153 0.19462
v -0.19709 0.56178 0.06641 0.55201 0.35153 0.19462
v -0.24252 0.56178 0.05840 0.55201 0.35153 0.19462
v -0.27217 0.56178 0.02306 0.55201 0.35153 0.19462
v -0.27217 0.56178 -0.02306 0.55201 0.35153 0.19462
v -0.24252 0.56178 -0.05840 0.55201 0.35153 0.19462
v -0.19709 0.56178 -0.06641 0.55201 0.35153 0.19462
v -0.15714 0.56178 -0.04335 0.55201 0.35153 0.19462
v -0.14137 0.56178 -0.00000 0.55201 0.35153 0.19462
v -0.12471 0.52719 0.00000 0.55201 0.35153 0.19462
v -0.14439 0.52719 0.05405 0.55201 0.35153 0.19462
v -0.19420 0.52719 0.08281 0.55201 0.35153 0.19462
v -0.25084 0.52719 0.07282 0.55201 0.35153 0.19462
v -0.28782 0.52719 0.02876 0.55201 0.35153 0.19462
v -0.28782 0.52719 -0.02876 0.55201 0.35153 0.19462
v -0.25084 0.52719 -0.07282 0.55201 0.35153 0.19462
v -0.19420 0.52719 -0.08281 0.55201 0.35153 0.19462
v -0.14439 0.52719 -0.05405 0.55201 0.35153 0.19462
v -0.12471 0.52719 -0.00000 0.55201 0.35153 0.19462
v -0.12471 0.48881 0.00000 0.55201 0.35153 0.19462
v -0.14439 0.48881 0.05405 0.55201 0.35153 0.19462
v -0.19420 0.48881 0.08281 0.55201 0.35153 0.19462
v -0.25084 0.48881 0.07282 0.55201 0.35153 0.19462
v -0.28782 0.48881 0.02876 0.55201 0.35153 0.19462
v -0.28782 0.48881 -0.02876 0.55201 0.35153 0.19462
v -0.25084 0.48881 -0.07282 0.55201 0.35153 0.19462
v -0.19420 0.48881 -0.08281 0.55201 0.35153 0.19462
v -0.14439 0.48881 -0.05405 0.55201 0.35153 0.19462
v -0.12471 0.48881 -0.00000 0.55201 0.35153 0.19462
v -0.14137 0.45422 0.00000 0.55201 0.35153 0.19462
v -0.15714 0.45422 0.04335 0.55201 0.35153 0.19462
v -0.19709 0.45422 0.06641 0.55201 0.35153 0.19462
v -0.24252 0.45422 0.05840 0.55201 0.35153 0.19462
v -0.27217 0.45422 0.02306 0.55201 0.35153 0.19462
v -0.27217 0.45422 -0.02306 0.55201 0.35153 0.19462
v -0.24252 0.45422 -0.05840 0.55201 0.35153 0.19462
v -0.19709 0.45422 -0.06641 0.55201 0.35153 0.19462
v -0.15714 0.45422 -0.04335 0.55201 0.35153 0.19462
v -0.14137 0.45422 -0.00000 0.55201 0.35153 0.19462
v -0.17138 0.43029 0.00000 0.55201 0.35153 0.19462
v -0.18013 0.43029 0.02405 0.55201 0.35153 0.19462
v -0.20230 0.43029 0.03685 0.55201 0.35153 0.19462
v -0.22751 0.43029 0.03241 0.55201 0.35153 0.19462
v -0.24397 0.43029 0.01280 0.55201 0.35153 0.19462
v -0.24397 0.43029 -0.01280 0.55201 0.35153 0.19462
v -0.22751 0.43029 -0.03241 0.55201 0.35153 0.19462
v -0.20230 0.43029 -0.03685 0.55201 0.35153 0.19462
v -0.18013 0.43029 -0.02405 0.55201 0.35153 0.19462
v -0.17138 0.43029 -0.00000 0.55201 0.35153 0.19462
v -0.20880 0.42175 0.00000 0.55201 0.35153 0.19462
v -0.20880 0.42175 0.00000 0.55201 0.35153 0.19462
v -0.20880 0.42175 0.00000 0.55201 0.35153 0.19462
v -0.20880 0.42175 0.00000 0.55201 0.35153 0.19462
v -0.20880 0.42175 0.00000 0.55201 0.35153 0.19462
v -0.20880 0.42175 0.00000 0.55201 0.35153 0.19462
v -0.20880 0.42175 0.00000 0.55201 0.35153 0.19462
v -0.20880 0.42175 0.00000 0.55201 0.35153 0.19462
v -0.20880 0.42175 0.00000 0.55201 0.35153 0.19462
v -0.20880 0.42175 0.00000 0.55201 0.35153 0.19462
v -0.13567 0.38088 0.01125 0.55201 0.35153 0.19462
v -0.13567 0.38088 0.01125 0.55201 0.35153 0.19462
v -0.13567 0.38088 0.01125 0.55201 0.35153 0.19462
v -0.13567 0.38088 0.01125 0.55201 0.35153 0.19462
v -0.13567 0.38088 0.01125 0.55201 0.35153 0.19462
v -0.13567 0.38088 0.01125 0.55201 0.35153 0.19462
v -0.12743 0.38309 0.01125 0.55201 0.35153 0.19462
v -0.13313 0.38309 0.01910 0.55201 0.35153 0.19462
v -0.14235 0.38309 0.01610 0.55201 0.35153 0.19462
v -0.14235 0.38309 0.00640 0.55201 0.35153 0.19462
v -0.13313 0.38309 0.00340 0.55201 0.35153 0.19462
v -0.12743 0.38309 0.01125 0.55201 0.35153 0.19462
v -0.12139 0.38912 0.01125 0.55201 0.35153 0.19462
v -0.13126 0.38912 0.02484 0.55201 0.35153 0.19462
v -0.14724 0.38912 0.01965 0.55201 0.35153 0.19462
v -0.14724 0.38912 0.00285 0.55201 0.35153 0.19462
v -0.13126 0.38912 -0.00234 0.55201 0.35153 0.19462
v -0.12139 0.38912 0.01125 0.55201 0.35153 0.19462
v -0.11918 0.39737 0.01125 0.55201 0.35153 0.19462
v -0.13058 0.39737 0.02694 0.55201 0.35153 0.19462
v -0.14902 0.39737 0.02095 0.55201 0.35153 0.19462
v -0.14902 0.39737 0.00155 0.55201 0.35153 0.19462
v -0.13058 0.39737 -0.00444 0.55201 0.35153 0.19462
v -0.11918 0.39737 0.01125 0.55201 0.35153 0.19462
v -0.11918 0.43862 0.01125 0.55201 0.35153 0.19462
v -0.13058 0.43862 0.02694 0.55201 0.35153 0.19462
v -0.14902 0.43862 0.02095 0.55201 0.35153 0.19462
v -0.14902 0.43862 0.00155 0.55201 0.35153 0.19462
v -0.13058 0.43862 -0.00444 0.55201 0.35153 0.19462
v -0.11918 0.43862 0.01125 0.55201 0.35153 0.19462
v -0.12139 0.44687 0.01125 0.55201 0.35153 0.19462
v -0.13126 0.44687 0.02484 0.55201 0.35153 0.19462
v -0.14724 0.44687 0.01965 0.55201 0.35153 0.19462
v -0.14724 0.44687 0.00285 0.55201 0.35153 0.19462
v -0.13126 0.44687 -0.00234 0.55201 0.35153 0.19462
v -0.12139 0.44687 0.01125 0.55201 0.35153 0.19462
v -0.12743 0.45291 0.01125 0.55201 0.35153 0.19462
v -0.13313 0.45291 0.01910 0.55201 0.35153 0.19462
v -0.14235 0.45291 0.01610 0.55201 0.35153 0.19462
v -0.14235 0.45291 0.00640 0.55201 0.35153 0.19462
v -0.13313 0.45291 0.00340 0.55201 0.35153 0.19462
v -0.12743 0.45291 0.01125 0.55201 0.35153 0.19462
v -0.13567 0.45512 0.01125 0.55201 0.35153 0.19462
v -0.13567 0.45512 0.01125 0.55201 0.35153 0.19462
v -0.13567 0.45512 0.01125 0.55201 0.35153 0.19462
v -0.13567 0.45512 0.01125 0.55201 0.35153 0.19462
v -0.13567 0.45512 0.01125 0.55201 0.35153 0.19462
v -0.13567 0.45512 0.01125 0.55201 0.35153 0.19462
v -0.18442 0.38088 0.01125 0.55201 0.35153 0.19462
v -0.18442 0.38088 0.01125 0.55201 0.35153 0.19462
v -0.18442 0.38088 0.01125 0.55201 0.35153 0.19462
v -0.18442 0.38088 0.01125 0.55201 0.35153 0.19462
v -0.18442 0.38088 0.01125 0.55201 0.35153 0.19462
v -0.18442 0.38088 0.01125 0.55201 0.35153 0.19462
v -0.17618 0.38309 0.01125 0.55201 0.35153 0.19462
v -0.18188 0.38309 0.01910 0.55201 0.35153 0.19462
v -0.19110 0.38309 0.01610 0.55201 0.35153 0.19462
v -0.19110 0.38309 0.00640 0.55201 0.35153 0.19462
v -0.18188 0.38309 0.00340 0.55201 0.35153 0.19462
v -0.17618 0.38309 0.01125 0.55201 0.35153 0.19462
v -0.17014 0.38912 0.01125 0.55201 0.35153 0.19462
v -0.18001 0.38912 0.02484 0.55201 0.35153 0.19462
v -0.19599 0.38912 0.01965 0.55201 0.35153 0.19462
v -0.19599 0.38912 0.00285 0.55201 0.35153 0.19462
v -0.18001 0.38912 -0.00234 0.55201 0.35153 0.19462
v -0.17014 0.38912 0.01125 0.55201 0.35153 0.19462
v -0.16793 0.39737 0.01125 0.55201 0.35153 0.19462
v -0.17933 0.39737 0.02694 0.55201 0.35153 0.19462
v -0.19777 0.39737 0.02095 0.55201 0.35153 0.19462
v -0.19777 0.39737 0.00155 0.55201 0.35153 0.19462
v -0.17933 0.39737 -0.00444 0.55201 0.35153 0.19462
v -0.16793 0.39737 0.01125 0.55201 0.35153 0.19462
v -0.16793 0.43862 0.01125 0.55201 0.35153 0.19462
v -0.17933 0.43862 0.02694 0.55201 0.35153 0.19462
v -0.19777 0.43862 0.02095 0.55201 0.35153 0.19462
v -0.19777 0.43862 0.00155 0.55201 0.35153 0.19462
v -0.17933 0.43862 -0.00444 0.55201 0.35153 0.19462
v -0.16793 0.43862 0.01125 0.55201 0.35153 0.19462
v -0.17014 0.44687 0.01125 0.55201 0.35153 0.19462
v -0.18001 0.44687 0.02484 0.55201 0.35153 0.19462
v -0.19599 0.44687 0.01965 0.55201 0.35153 0.19462
v -0.19599 0.44687 0.00285 0.55201 0.35153 0.19462
v -0.18001 0.44687 -0.00234 0.55201 0.35153 0.19462
v -0.17014 0.44687 0.01125 0.55201 0.35153 0.19462
v -0.17618 0.45291 0.01125 0.55201 0.35153 0.19462
v -0.18188 0.45291 0.01910 0.55201 0.35153 0.19462
v -0.19110 0.45291 0.01610 0.55201 0.35153 0.19462
v -0.19110 0.45291 0.00640 0.55201 0.35153 0.19462
v -0.18188 0.45291 0.00340 0.55201 0.35153 0.19462
v -0.17618 0.45291 0.01125 0.55201 0.35153 0.19462
v -0.18442 0.45512 0.01125 0.55201 0.35153 0.19462
v -0.18442 0.45512 0.01125 0.55201 0.35153 0.19462
v -0.18442 0.45512 0.01125 0.55201 0.35153 0.19462
v -0.18442 0.45512 0.01125 0.55201 0.35153 0.19462
v -0.18442 0.45512 0.01125 0.55201 0.35153 0.19462
v -0.18442 0.45512 0.01125 0.55201 0.35153 0.19462
v -0.23317 0.38088 0.01125 0.55201 0.35153 0.19462
v -0.23317 0.38088 0.01125 0.55201 0.35153 0.19462
v -0.23317 0.38088 0.01125 0.55201 0.35153 0.19462
v -0.23317 0.38088 0.01125 0.55201 0.35153 0.19462
v -0.23317 0.38088 0.01125 0.55201 0.35153 0.19462
v -0.23317 0.38088 0.01125 0.55201 0.35153 0.19462
v -0.22493 0.38309 0.01125 0.55201 0.35153 0.19462
v -0.23063 0.38309 0.01910 0.55201 0.35153 0.19462
v -0.23985 0.38309 0.01610 0.55201 0.35153 0.19462
v -0.23985 0.38309 0.00640 0.55201 0.35153 0.19462
v -0.23063 0.38309 0.00340 0.55201 0.35153 0.19462
v -0.22493 0.38309 0.01125 0.55201 0.35153 0.19462
v -0.21889 0.38912 0.01125 0.55201 0.35153 0.19462
v -0.22876 0.38912 0.02484 0.55201 0.35153 0.19462
v -0.24474 0.38912 0.01965 0.55201 0.35153 0.19462
v -0.24474 0.38912 0.00285 0.55201 0.35153 0.19462
v -0.22876 0.38912 -0.00234 0.55201 0.35153 0.19462
v -0.21889 0.38912 0.01125 0.55201 0.35153 0.19462
v -0.21668 0.39737 0.01125 0.55201 0.35153 0.19462
v -0.22808 0.39737 0.02694 0.55201 0.35153 0.19462
v -0.24652 0.39737 0.02095 0.55201 0.35153 0.19462
v -0.24652 0.39737 0.00155 0.55201 0.35153 0.19462
v -0.22808 0.39737 -0.00444 0.55201 0.35153 0.19462
v -0.21668 0.39737 0.01125 0.55201 0.35153 0.19462
v -0.21668 0.43862 0.01125 0.55201 0.35153 0.19462
v -0.22808 0.43862 0.02694 0.55201 0.35153 0.19462
v -0.24652 0.43862 0.02095 0.55201 0.35153 0.19462
v -0.24652 0.43862 0.00155 0.55201 0.35153 0.19462
v -0.22808 0.43862 -0.00444 0.55201 0.35153 0.19462
v -0.21668 0.43862 0.01125 0.55201 0.35153 0.19462
v -0.21889 0.44687 0.01125 0.55201 0.35153 0.19462
v -0.22876 0.44687 0.02484 0.55201 0.35153 0.19462
v -0.24474 0.44687 0.01965 0.55201 0.35153 0.19462
v -0.24474 0.44687 0.00285 0.55201 0.35153 0.19462
v -0.22876 0.44687 -0.00234 0.55201 0.35153 0.19462
v -0.21889 0.44687 0.01125 0.55201 0.35153 0.19462
v -0.22493 0.45291 0.01125 0.55201 0.35153 0.19462
v -0.23063 0.45291 0.01910 0.55201 0.35153 0.19462
v -0.23985 0.45291 0.01610 0.55201 0.35153 0.19462
v -0.23985 0.45291 0.00640 0.55201 0.35153 0.19462
v -0.23063 0.45291 0.00340 0.55201 0.35153 0.19462
v -0.22493 0.45291 0.01125 0.55201 0.35153 0.19462
v -0.23317 0.45512 0.01125 0.55201 0.35153 0.19462
v -0.23317 0.45512 0.01125 0.55201 0.35153 0.19462
v -0.23317 0.45512 0.01125 0.55201 0.35153 0.19462
v -0.23317 0.45512 0.01125 0.55201 0.35153 0.19462
v -0.23317 0.45512 0.01125 0.55201 0.35153 0.19462
v -0.23317 0.45512 0.01125 0.55201 0.35153 0.19462
v -0.28192 0.38088 0.01125 0.55201 0.35153 0.19462
v -0.28192 0.38088 0.01125 0.55201 0.35153 0.19462
v -0.28192 0.38088 0.01125 0.55201 0.35153 0.19462
v -0.28192 0.38088 0.01125 0.55201 0.35153 0.19462
v -0.28192 0.38088 0.01125 0.55201 0.35153 0.19462
v -0.28192 0.38088 0.01125 0.55201 0.35153 0.19462
v -0.27368 0.38309 0.01125 0.55201 0.35153 0.19462
v -0.27938 0.38309 0.01910 0.55201 0.35153 0.19462
v -0.28860 0.38309 0.01610 0.55201 0.35153 0.19462
v -0.28860 0.38309 0.00640 0.55201 0.35153 0.19462
v -0.27938 0.38309 0.00340 0.55201 0.35153 0.19462
v -0.27368 0.38309 0.01125 0.55201 0.35153 0.19462
v -0.26764 0.38912 0.01125 0.55201 0.35153 0.19462
v -0.27751 0.38912 0.02484 0.55201 0.35153 0.19462
v -0.29349 0.38912 0.01965 0.55201 0.35153 0.19462
v -0.29349 0.38912 0.00285 0.55201 0.35153 0.19462
v -0.27751 0.38912 -0.00234 0.55201 0.35153 0.19462
v -0.26764 0.38912 0.01125 0.55201 0.35153 0.19462
v -0.26543 0.39737 0.01125 0.55201 0.35153 0.19462
v -0.27683 0.39737 0.02694 0.55201 0.35153 0.19462
v -0.29527 0.39737 0.02095 0.55201 0.35153 0.19462
v -0.29527 0.39737 0.00155 0.55201 0.35153 0.19462
v -0.27683 0.39737 -0.00444 0.55201 0.35153 0.19462
v -0.26543 0.39737 0.01125 0.55201 0.35153 0.19462
v -0.26543 0.43862 0.01125 0.55201 0.35153 0.19462
v -0.27683 0.43862 0.02694 0.55201 0.35153 0.19462
v -0.29527 0.43862 0.02095 0.55201 0.35153 0.19462
v -0.29527 0.43862 0.00155 0.55201 0.35153 0.19462
v -0.27683 0.43862 -0.00444 0.55201 0.35153 0.19462
v -0.26543 0.43862 0.01125 0.55201 0.35153 0.19462
v -0.26764 0.44687 0.01125 0.55201 0.35153 0.19462
v -0.27751 0.44687 0.02484 0.55201 0.35153 0.19462
v -0.29349 0.44687 0.01965 0.55201 0.35153 0.19462
v -0.29349 0.44687 0.00285 0.55201 0.35153 0.19462
v -0.27751 0.44687 -0.00234 0.55201 0.35153 0.19462
v -0.26764 0.44687 0.01125 0.55201 0.35153 0.19462
v -0.27368 0.45291 0.01125 0.55201 0.35153 0.19462
v -0.27938 0.45291 0.01910 0.55201 0.35153 0.19462
v -0.28860 0.45291 0.01610 0.55201 0.35153 0.19462
v -0.28860 0.45291 0.00640 0.55201 0.35153 0.19462
v -0.27938 0.45291 0.00340 0.55201 0.35153 0.19462
v -0.27368 0.45291 0.01125 0.55201 0.35153 0.19462
v -0.28192 0.45512 0.01125 0.55201 0.35153 0.19462
v -0.28192 0.45512 0.01125 0.55201 0.35153 0.19462
v -0.28192 0.45512 0.01125 0.55201 0.35153 0.19462
v -0.28192 0.45512 0.01125 0.55201 0.35153 0.19462
v -0.28192 0.45512 0.01125 0.55201 0.35153 0.19462
v -0.28192 0.45512 0.01125 0.55201 0.35153 0.19462
v 0.10080 0.12350 0.00000 0.55201 0.35153 0.19462
v 0.10080 0.12350 0.00000 0.55201 0.35153 0.19462
v 0.10080 0.12350 0.00000 0.55201 0.35153 0.19462
v 0.10080 0.12350 0.00000 0.55201 0.35153 0.19462
v 0.10080 0.12350 0.00000 0.55201 0.35153 0.19462
v 0.10080 0.12350 0.00000 0.55201 0.35153 0.19462
v 0.10080 0.12350 0.00000 0.55201 0.35153 0.19462
v 0.10080 0.12350 0.00000 0.55201 0.35153 0.19462
v 0.10080 0.12350 0.00000 0.55201 0.35153 0.19462
v 0.10080 0.12350 0.00000 0.55201 0.35153 0.19462
v 0.12629 0.12754 0.00000 0.55201 0.35153 0.19462
v 0.12033 0.12754 0.01639 0.55201 0.35153 0.19462
v 0.10523 0.12754 0.02511 0.55201 0.35153 0.19462
v 0.08805 0.12754 0.02208 0.55201 0.35153 0.19462
v 0.07684 0.12754 0.00872 0.55201 0.35153 0.19462
v 0.07684 0.12754 -0.00872 0.55201 0.35153 0.19462
v 0.08805 0.12754 -0.02208 0.55201 0.35153 0.19462
v 0.10523 0.12754 -0.02511 0.55201 0.35153 0.19462
v 0.12033 0.12754 -0.01639 0.55201 0.35153 0.19462
v 0.12629 0.12754 -0.00000 0.55201 0.35153 0.19462
v 0.14929 0.13926 0.00000 0.55201 0.35153 0.19462
v 0.13795 0.13926 0.03117 0.55201 0.35153 0.19462
v 0.10922 0.13926 0.04776 0.55201 0.35153 0.19462
v 0.07655 0.13926 0.04200 0.55201 0.35153 0.19462
v 0.05523 0.13926 0.01659 0.55201 0.35153 0.19462
v 0.05523 0.13926 -0.01659 0.55201 0.35153 0.19462
v 0.07655 0.13926 -0.04200 0.55201 0.35153 0.19462
v 0.10922 0.13926 -0.04776 0.55201 0.35153 0.19462
v 0.13795 0.13926 -0.03117 0.55201 0.35153 0.19462
v 0.14929 0.13926 -0.00000 0.55201 0.35153 0.19462
v 0.16754 0.15751 0.00000 0.55201 0.35153 0.19462
v 0.15193 0.15751 0.04290 0.55201 0.35153 0.19462
v 0.11239 0.15751 0.06573 0.55201 0.35153 0.19462
v 0.06743 0.15751 0.05780 0.55201 0.35153 0.19462
v 0.03808 0.15751 0.02283 0.55201 0.35153 0.19462
v 0.03808 0.15751 -0.02283 0.55201 0.35153 0.19462
v 0.06743 0.15751 -0.05780 0.55201 0.35153 0.19462
v 0.11239 0.15751 -0.06573 0.55201 0.35153 0.19462
v 0.15193 0.15751 -0.04290 0.55201 0.35153 0.19462
v 0.16754 0.15751 -0.00000 0.55201 0.35153 0.19462
v 0.17926 0.18051 0.00000 0.55201 0.35153 0.19462
v 0.16091 0.18051 0.05043 0.55201 0.35153 0.19462
v 0.11442 0.18051 0.07727 0.55201 0.35153 0.19462
v 0.06157 0.18051 0.06795 0.55201 0.35153 0.19462
v 0.02707 0.18051 0.02684 0.55201 0.35153 0.19462
v 0.02707 0.18051 -0.02684 0.55201 0.35153 0.19462
v 0.06157 0.18051 -0.06795 0.55201 0.35153 0.19462
v 0.11442 0.18051 -0.07727 0.55201 0.35153 0.19462
v 0.16091 0.18051 -0.05043 0.55201 0.35153 0.19462
v 0.17926 0.18051 -0.00000 0.55201 0.35153 0.19462
v 0.18330 0.20600 0.00000 0.55201 0.35153 0.19462
v 0.16400 0.20600 0.05303 0.55201 0.35153 0.19462
v 0.11513 0.20600 0.08125 0.55201 0.35153 0.19462
v 0.05955 0.20600 0.07145 0.55201 0.35153 0.19462
v 0.02328 0.20600 0.02822 0.55201 0.35153 0.19462
v 0.02328 0.20600 -0.02822 0.55201 0.35153 0.19462
v 0.05955 0.20600 -0.07145 0.55201 0.35153 0.19462
v 0.11513 0.20600 -0.08125 0.55201 0.35153 0.19462
v 0.16400 0.20600 -0.05303 0.55201 0.35153 0.19462
v 0.18330 0.20600 -0.00000 0.55201 0.35153 0.19462
v 0.18330 0.32600 0.00000 0.55201 0.35153 0.19462
v 0.16400 0.32600 0.05303 0.55201 0.35153 0.19462
v 0.11513 0.32600 0.08125 0.55201 0.35153 0.19462
v 0.05955 0.32600 0.07145 0.55201 0.35153 0.19462
v 0.02328 0.32600 0.02822 0.55201 0.35153 0.19462
v 0.02328 0.32600 -0.02822 0.55201 0.35153 0.19462
v 0.05955 0.32600 -0.07145 0.55201 0.35153 0.19462
v 0.11513 0.32600 -0.08125 0.55201 0.35153 0.19462
v 0.16400 0.32600 -0.05303 0.55201 0.35153 0.19462
v 0.18330 0.32600 -0.00000 0.55201 0.35153 0.19462
v 0.17926 0.35149 0.00000 0.55201 0.35153 0.19462
v 0.16091 0.35149 0.05043 0.55201 0.35153 0.19462
v 0.11442 0.35149 0.07727 0.55201 0.35153 0.19462
v 0.06157 0.35149 0.06795 0.55201 0.35153 0.19462
v 0.02707 0.35149 0.02684 0.55201 0.35153 0.19462
v 0.02707 0.35149 -0.02684 0.55201 0.35153 0.19462
v 0.06157 0.35149 -0.06795 0.55201 0.35153 0.19462
v 0.11442 0.35149 -0.07727 0.55201 0.35153 0.19462
v 0.16091 0.35149 -0.05043 0.55201 0.35153 0.19462
v 0.17926 0.35149 -0.00000 0.55201 0.35153 0.19462
v 0.16754 0.37449 0.00000 0.55201 0.35153 0.19462
v 0.15193 0.37449 0.04290 0.55201 0.35153 0.19462
v 0.11239 0.37449 0.06573 0.55201 0.35153 0.19462
v 0.06743 0.37449 0.05780 0.55201 0.35153 0.19462
v 0.03808 0.37449 0.02283 0.55201 0.35153 0.19462
v 0.03808 0.37449 -0.02283 0.55201 0.35153 0.19462
v 0.06743 0.37449 -0.05780 0.55201 0.35153 0.19462
v 0.11239 0.37449 -0.06573 0.55201 0.35153 0.19462
v 0.15193 0.37449 -0.04290 0.55201 0.35153 0.19462
v 0.16754 0.37449 -0.00000 0.55201 0.35153 0.19462
v 0.14929 0.39274 0.00000 0.55201 0.35153 0.19462
v 0.13795 0.39274 0.03117 0.55201 0.35153 0.19462
v 0.10922 0.39274 0.04776 0.55201 0.35153 0.19462
v 0.07655 0.39274 0.04200 0.55201 0.35153 0.19462
v 0.05523 0.39274 0.01659 0.55201 0.35153 0.19462
v 0.05523 0.39274 -0.01659 0.55201 0.35153 0.19462
v 0.07655 0.39274 -0.04200 0.55201 0.35153 0.19462
v 0.10922 0.39274 -0.04776 0.55201 0.35153 0.19462
v 0.13795 0.39274 -0.03117 0.55201 0.35153 0.19462
v 0.14929 0.39274 -0.00000 0.55201 0.35153 0.19462
v 0.12629 0.40446 0.00000 0.55201 0.35153 0.19462
v 0.12033 0.40446 0.01639 0.55201 0.35153 0.19462
v 0.10523 0.40446 0.02511 0.55201 0.35153 0.19462
v 0.08805 0.40446 0.02208 0.55201 0.35153 0.19462
v 0.07684 0.40446 0.00872 0.55201 0.35153 0.19462
v 0.07684 0.40446 -0.00872 0.55201 0.35153 0.19462
v 0.08805 0.40446 -0.02208 0.55201 0.35153 0.19462
v 0.10523 0.40446 -0.02511 0.55201 0.35153 0.19462
v 0.12033 0.40446 -0.01639 0.55201 0.35153 0.19462
v 0.12629 0.40446 -0.00000 0.55201 0.35153 0.19462
v 0.10080 0.40850 0.00000 0.55201 0.35153 0.19462
v 0.10080 0.40850 0.00000 0.55201 0.35153 0.19462
v 0.10080 0.40850 0.00000 0.55201 0.35153 0.19462
v 0.10080 0.40850 0.00000 0.55201 0.35153 0.19462
v 0.10080 0.40850 0.00000 0.55201 0.35153 0.19462
v 0.10080 0.40850 -0.00000 0.55201 0.35153 0.19462
v 0.10080 0.40850 -0.00000 0.55201 0.35153 0.19462
v 0.10080 0.40850 -0.00000 0.55201 0.35153 0.19462
v 0.10080 0.40850 -0.00000 0.55201 0.35153 0.19462
v 0.10080 0.40850 -0.00000 0.55201 0.35153 0.19462
v 0.10080 0.00350 0.00000 0.55201 0.35153 0.19462
v 0.10080 0.00350 0.00000 0.55201 0.35153 0.19462
v 0.10080 0.00350 0.00000 0.55201 0.35153 0.19462
v 0.10080 0.00350 0.00000 0.55201 0.35153 0.19462
v 0.10080 0.00350 0.00000 0.55201 0.35153 0.19462
v 0.10080 0.00350 0.00000 0.55201 0.35153 0.19462
v 0.10080 0.00350 0.00000 0.55201 0.35153 0.19462
v 0.10080 0.00350 0.00000 0.55201 0.35153 0.19462
v 0.10080 0.00350 0.00000 0.55201 0.35153 0.19462
v 0.10080 0.00350 0.00000 0.55201 0.35153 0.19462
v 0.12166 0.00680 0.00000 0.55201 0.35153 0.19462
v 0.11678 0.00680 0.01341 0.55201 0.35153 0.19462
v 0.10442 0.00680 0.02054 0.55201 0.35153 0.19462
v 0.09037 0.00680 0.01806 0.55201 0.35153 0.19462
v 0.08120 0.00680 0.00713 0.55201 0.35153 0.19462
v 0.08120 0.00680 -0.00713 0.55201 0.35153 0.19462
v 0.09037 0.00680 -0.01806 0.55201 0.35153 0.19462
v 0.10442 0.00680 -0.02054 0.55201 0.35153 0.19462
v 0.11678 0.00680 -0.01341 0.55201 0.35153 0.19462
v 0.12166 0.00680 -0.00000 0.55201 0.35153 0.19462
v 0.14048 0.01639 0.00000 0.55201 0.35153 0.19462
v 0.13119 0.01639 0.02550 0.55201 0.35153 0.19462
v 0.10769 0.01639 0.03907 0.55201 0.35153 0.19462
v 0.08096 0.01639 0.03436 0.55201 0.35153 0.19462
v 0.06352 0.01639 0.01357 0.55201 0.35153 0.19462
v 0.06352 0.01639 -0.01357 0.55201 0.35153 0.19462
v 0.08096 0.01639 -0.03436 0.55201 0.35153 0.19462
v 0.10769 0.01639 -0.03907 0.55201 0.35153 0.19462
v 0.13119 0.01639 -0.02550 0.55201 0.35153 0.19462
v 0.14048 0.01639 -0.00000 0.55201 0.35153 0.19462
v 0.15541 0.03132 0.00000 0.55201 0.35153 0.19462
v 0.14263 0.03132 0.03510 0.55201 0.35153 0.19462
v 0.11028 0.03132 0.05378 0.55201 0.35153 0.19462
v 0.07350 0.03132 0.04729 0.55201 0.35153 0.19462
v 0.04948 0.03132 0.01868 0.55201 0.35153 0.19462
v 0.04948 0.03132 -0.01868 0.55201 0.35153 0.19462
v 0.07350 0.03132 -0.04729 0.55201 0.35153 0.19462
v 0.11028 0.03132 -0.05378 0.55201 0.35153 0.19462
v 0.14263 0.03132 -0.03510 0.55201 0.35153 0.19462
v 0.15541 0.03132 -0.00000 0.55201 0.35153 0.19462
v 0.16500 0.05014 0.00000 0.55201 0.35153 0.19462
v 0.14998 0.05014 0.04126 0.55201 0.35153 0.19462
v 0.11195 0.05014 0.06322 0.55201 0.35153 0.19462
v 0.06870 0.05014 0.05560 0.55201 0.35153 0.19462
v 0.04048 0.05014 0.02196 0.55201 0.35153 0.19462
v 0.04048 0.05014 -0.02196 0.55201 0.35153 0.19462
v 0.06870 0.05014 -0.05560 0.55201 0.35153 0.19462
v 0.11195 0.05014 -0.06322 0.55201 0.35153 0.19462
v 0.14998 0.05014 -0.04126 0.55201 0.35153 0.19462
v 0.16500 0.05014 -0.00000 0.55201 0.35153 0.19462
v 0.16830 0.07100 0.00000 0.55201 0.35153 0.19462
v 0.15251 0.07100 0.04339 0.55201 0.35153 0.19462
v 0.11252 0.07100 0.06647 0.55201 0.35153 0.19462
v 0.06705 0.07100 0.05846 0.55201 0.35153 0.19462
v 0.03737 0.07100 0.02309 0.55201 0.35153 0.19462
v 0.03737 0.07100 -0.02309 0.55201 0.35153 0.19462
v 0.06705 0.07100 -0.05846 0.55201 0.35153 0.19462
v 0.11252 0.07100 -0.06647 0.55201 0.35153 0.19462
v 0.15251 0.07100 -0.04339 0.55201 0.35153 0.19462
v 0.16830 0.07100 -0.00000 0.55201 0.35153 0.19462
v 0.16830 0.17300 0.00000 0.55201 0.35153 0.19462
v 0.15251 0.17300 0.04339 0.55201 0.35153 0.19462
v 0.11252 0.17300 0.06647 0.55201 0.35153 0.19462
v 0.06705 0.17300 0.05846 0.55201 0.35153 0.19462
v 0.03737 0.17300 0.02309 0.55201 0.35153 0.19462
v 0.03737 0.17300 -0.02309 0.55201 0.35153 0.19462
v 0.06705 0.17300 -0.05846 0.55201 0.35153 0.19462
v 0.11252 0.17300 -0.06647 0.55201 0.35153 0.19462
v 0.15251 0.17300 -0.04339 0.55201 0.35153 0.19462
v 0.16830 0.17300 -0.00000 0.55201 0.35153 0.19462
v 0.16500 0.19386 0.00000 0.55201 0.35153 0.19462
v 0.14998 0.19386 0.04126 0.55201 0.35153 0.19462
v 0.11195 0.19386 0.06322 0.55201 0.35153 0.19462
v 0.06870 0.19386 0.05560 0.55201 0.35153 0.19462
v 0.04048 0.19386 0.02196 0.55201 0.35153 0.19462
v 0.04048 0.19386 -0.02196 0.55201 0.35153 0.19462
v 0.06870 0.19386 -0.05560 0.55201 0.35153 0.19462
v 0.11195 0.19386 -0.06322 0.55201 0.35153 0.19462
v 0.14998 0.19386 -0.04126 0.55201 0.35153 0.19462
v 0.16500 0.19386 -0.00000 0.55201 0.35153 0.19462
v 0.15541 0.21268 0.00000 0.55201 0.35153 0.19462
v 0.14263 0.21268 0.03510 0.55201 0.35153 0.19462
v 0.11028 0.21268 0.05378 0.55201 0.35153 0.19462
v 0.07350 0.21268 0.04729 0.55201 0.35153 0.19462
v 0.04948 0.21268 0.01868 0.55201 0.35153 0.19462
v 0.04948 0.21268 -0.01868 0.55201 0.35153 0.19462
v 0.07350 0.21268 -0.04729 0.55201 0.35153 0.19462
v 0.11028 0.21268 -0.05378 0.55201 0.35153 0.19462
v 0.14263 0.21268 -0.03510 0.55201 0.35153 0.19462
v 0.15541 0.21268 -0.00000 0.55201 0.35153 0.19462
v 0.14048 0.22761 0.00000 0.55201 0.35153 0.19462
v 0.13119 0.22761 0.02550 0.55201 0.35153 0.19462
v 0.10769 0.22761 0.03907 0.55201 0.35153 0.19462
v 0.08096 0.22761 0.03436 0.55201 0.35153 0.19462
v 0.06352 0.22761 0.01357 0.55201 0.35153 0.19462
v 0.06352 0.22761 -0.01357 0.55201 0.35153 0.19462
v 0.08096 0.22761 -0.03436 0.55201 0.35153 0.19462
v 0.10769 0.22761 -0.03907 0.55201 0.35153 0.19462
v 0.13119 0.22761 -0.02550 0.55201 0.35153 0.19462
v 0.14048 0.22761 -0.00000 0.55201 0.35153 0.19462
v 0.12166 0.23720 0.00000 0.55201 0.35153 0.19462
v 0.11678 0.23720 0.01341 0.55201 0.35153 0.19462
v 0.10442 0.23720 0.02054 0.55201 0.35153 0.19462
v 0.09037 0.23720 0.01806 0.55201 0.35153 0.19462
v 0.08120 0.23720 0.00713 0.55201 0.35153 0.19462
v 0.08120 0.23720 -0.00713 0.55201 0.35153 0.19462
v 0.09037 0.23720 -0.01806 0.55201 0.35153 0.19462
v 0.10442 0.23720 -0.02054 0.55201 0.35153 0.19462
v 0.11678 0.23720 -0.01341 0.55201 0.35153 0.19462
v 0.12166 0.23720 -0.00000 0.55201 0.35153 0.19462
v 0.10080 0.24050 0.00000 0.55201 0.35153 0.19462
v 0.10080 0.24050 0.00000 0.55201 0.35153 0.19462
v 0.10080 0.24050 0.00000 0.55201 0.35153 0.19462
v 0.10080 0.24050 0.00000 0.55201 0.35153 0.19462
v 0.10080 0.24050 0.00000 0.55201 0.35153 0.19462
v 0.10080 0.24050 -0.00000 0.55201 0.35153 0.19462
v 0.10080 0.24050 -0.00000 0.55201 0.35153 0.19462
v 0.10080 0.24050 -0.00000 0.55201 0.35153 0.19462
v 0.10080 0.24050 -0.00000 0.55201 0.35153 0.19462
v 0.10080 0.24050 -0.00000 0.55201 0.35153 0.19462
v 0.02486 0.07594 0.16494 0.55201 0.35153 0.19462
v 0.02400 0.07360 0.16580 0.55201 0.35153 0.19462
v 0.02400 0.07680 0.16260 0.55201 0.35153 0.19462
v 0.02400 0.07360 0.16580 0.55201 0.35153 0.19462
v 0.02256 0.07432 0.16332 0.55201 0.35153 0.19462
v 0.02400 0.07680 0.16260 0.55201 0.35153 0.19462
v 0.02400 0.07680 0.16260 0.55201 0.35153 0.19462
v 0.02256 0.07432 0.16332 0.55201 0.35153 0.19462
v 0.02361 0.07719 0.15940 0.55201 0.35153 0.19462
v 0.02256 0.07432 0.16332 0.55201 0.35153 0.19462
v 0.02181 0.07469 0.15940 0.55201 0.35153 0.19462
v 0.02361 0.07719 0.15940 0.55201 0.35153 0.19462
v 0.02361 0.07719 0.15940 0.55201 0.35153 0.19462
v 0.02181 0.07469 0.15940 0.55201 0.35153 0.19462
v 0.02361 0.07719 -0.08140 0.55201 0.35153 0.19462
v 0.02181 0.07469 0.15940 0.55201 0.35153 0.19462
v 0.02181 0.07469 -0.08140 0.55201 0.35153 0.19462
v 0.02361 0.07719 -0.08140 0.55201 0.35153 0.19462
v 0.02361 0.07719 -0.08140 0.55201 0.35153 0.19462
v 0.02181 0.07469 -0.08140 0.55201 0.35153 0.19462
v 0.02400 0.07680 -0.08460 0.55201 0.35153 0.19462
v 0.02181 0.07469 -0.08140 0.55201 0.35153 0.19462
v 0.02256 0.07432 -0.08532 0.55201 0.35153 0.19462
v 0.02400 0.07680 -0.08460 0.55201 0.35153 0.19462
v 0.02400 0.07680 -0.08460 0.55201 0.35153 0.19462
v 0.02256 0.07432 -0.08532 0.55201 0.35153 0.19462
v 0.02486 0.07594 -0.08694 0.55201 0.35153 0.19462
v 0.02256 0.07432 -0.08532 0.55201 0.35153 0.19462
v 0.02400 0.07360 -0.08780 0.55201 0.35153 0.19462
v 0.02486 0.07594 -0.08694 0.55201 0.35153 0.19462
v 0.02400 0.07360 0.16580 0.55201 0.35153 0.19462
v 0.02361 0.07040 0.16619 0.55201 0.35153 0.19462
v 0.02256 0.07432 0.16332 0.55201 0.35153 0.19462
v 0.02361 0.07040 0.16619 0.55201 0.35153 0.19462
v 0.02181 0.07040 0.16369 0.55201 0.35153 0.19462
v 0.02256 0.07432 0.16332 0.55201 0.35153 0.19462
v 0.02256 0.07432 0.16332 0.55201 0.35153 0.19462
v 0.02181 0.07040 0.16369 0.55201 0.35153 0.19462
v 0.02181 0.07469 0.15940 0.55201 0.35153 0.19462
v 0.02181 0.07040 0.16369 0.55201 0.35153 0.19462
v 0.02080 0.07040 0.15940 0.55201 0.35153 0.19462
v 0.02181 0.07469 0.15940 0.55201 0.35153 0.19462
v 0.02181 0.07469 0.15940 0.55201 0.35153 0.19462
v 0.02080 0.07040 0.15940 0.55201 0.35153 0.19462
v 0.02181 0.07469 -0.08140 0.55201 0.35153 0.19462
v 0.02080 0.07040 0.15940 0.55201 0.35153 0.19462
v 0.02080 0.07040 -0.08140 0.55201 0.35153 0.19462
v 0.02181 0.07469 -0.08140 0.55201 0.35153 0.19462
v 0.02181 0.07469 -0.08140 0.55201 0.35153 0.19462
v 0.02080 0.07040 -0.08140 0.55201 0.35153 0.19462
v 0.02256 0.07432 -0.08532 0.55201 0.35153 0.19462
v 0.02080 0.07040 -0.08140 0.55201 0.35153 0.19462
v 0.02181 0.07040 -0.08569 0.55201 0.35153 0.19462
v 0.02256 0.07432 -0.08532 0.55201 0.35153 0.19462
v 0.02256 0.07432 -0.08532 0.55201 0.35153 0.19462
v 0.02181 0.07040 -0.08569 0.55201 0.35153 0.19462
v 0.02400 0.07360 -0.08780 0.55201 0.35153 0.19462
v 0.02181 0.07040 -0.08569 0.55201 0.35153 0.19462
v 0.02361 0.07040 -0.08819 0.55201 0.35153 0.19462
v 0.02400 0.07360 -0.08780 0.55201 0.35153 0.19462
v 0.02361 0.07040 0.16619 0.55201 0.35153 0.19462
v 0.02361 0.00960 0.16619 0.55201 0.35153 0.19462
v 0.02181 0.07040 0.16369 0.55201 0.35153 0.19462
v 0.02361 0.00960 0.16619 0.55201 0.35153 0.19462
v 0.02181 0.00960 0.16369 0.55201 0.35153 0.19462
v 0.02181 0.07040 0.16369 0.55201 0.35153 0.19462
v 0.02181 0.07040 0.16369 0.55201 0.35153 0.19462
v 0.02181 0.00960 0.16369 0.55201 0.35153 0.19462
v 0.02080 0.07040 0.15940 0.55201 0.35153 0.19462
v 0.02181 0.00960 0.16369 0.55201 0.35153 0.19462
v 0.02080 0.00960 0.15940 0.55201 0.35153 0.19462
v 0.02080 0.07040 0.15940 0.55201 0.35153 0.19462
v 0.02080 0.07040 0.15940 0.55201 0.35153 0.19462
v 0.02080 0.00960 0.15940 0.55201 0.35153 0.19462
v 0.02080 0.07040 -0.08140 0.55201 0.35153 0.19462
v 0.02080 0.00960 0.15940 0.55201 0.35153 0.19462
v 0.02080 0.00960 -0.08140 0.55201 0.35153 0.19462
v 0.02080 0.07040 -0.08140 0.55201 0.35153 0.19462
v 0.02080 0.07040 -0.08140 0.55201 0.35153 0.19462
v 0.02080 0.00960 -0.08140 0.55201 0.35153 0.19462
v 0.02181 0.07040 -0.08569 0.55201 0.35153 0.19462
v 0.02080 0.00960 -0.08140 0.55201 0.35153 0.19462
v 0.02181 0.00960 -0.08569 0.55201 0.35153 0.19462
v 0.02181 0.07040 -0.08569 0.55201 0.35153 0.19462
v 0.02181 0.07040 -0.08569 0.55201 0.35153 0.19462
v 0.02181 0.00960 -0.08569 0.55201 0.35153 0.19462
v 0.02361 0.07040 -0.08819 0.55201 0.35153 0.19462
v 0.02181 0.00960 -0.08569 0.55201 0.35153 0.19462
v 0.02361 0.00960 -0.08819 0.55201 0.35153 0.19462
v 0.02361 0.07040 -0.08819 0.55201 0.35153 0.19462
v 0.02361 0.00960 0.16619 0.55201 0.35153 0.19462
v 0.02400 0.00640 0.16580 0.55201 0.35153 0.19462
v 0.02181 0.00960 0.16369 0.55201 0.35153 0.19462
v 0.02400 0.00640 0.16580 0.55201 0.35153 0.19462
v 0.02256 0.00568 0.16332 0.55201 0.35153 0.19462
v 0.02181 0.00960 0.16369 0.55201 0.35153 0.19462
v 0.02181 0.00960 0.16369 0.55201 0.35153 0.19462
v 0.02256 0.00568 0.16332 0.55201 0.35153 0.19462
v 0.02080 0.00960 0.15940 0.55201 0.35153 0.19462
v 0.02256 0.00568 0.16332 0.55201 0.35153 0.19462
v 0.02181 0.00531 0.15940 0.55201 0.35153 0.19462
v 0.02080 0.00960 0.15940 0.55201 0.35153 0.19462
v 0.02080 0.00960 0.15940 0.55201 0.35153 0.19462
v 0.02181 0.00531 0.15940 0.55201 0.35153 0.19462
v 0.02080 0.00960 -0.08140 0.55201 0.35153 0.19462
v 0.02181 0.00531 0.15940 0.55201 0.35153 0.19462
v 0.02181 0.00531 -0.08140 0.55201 0.35153 0.19462
v 0.02080 0.00960 -0.08140 0.55201 0.35153 0.19462
v 0.02080 0.00960 -0.08140 0.55201 0.35153 0.19462
v 0.02181 0.00531 -0.08140 0.55201 0.35153 0.19462
v 0.02181 0.00960 -0.08569 0.55201 0.35153 0.19462
v 0.02181 0.00531 -0.08140 0.55201 0.35153 0.19462
v 0.02256 0.00568 -0.08532 0.55201 0.35153 0.19462
v 0.02181 0.00960 -0.08569 0.55201 0.35153 0.19462
v 0.02181 0.00960 -0.08569 0.55201 0.35153 0.19462
v 0.02256 0.00568 -0.08532 0.55201 0.35153 0.19462
v 0.02361 0.00960 -0.08819 0.55201 0.35153 0.19462
v 0.02256 0.00568 -0.08532 0.55201 0.35153 0.19462
v 0.02400 0.00640 -0.08780 0.55201 0.35153 0.19462
v 0.02361 0.00960 -0.08819 0.55201 0.35153 0.19462
v 0.02400 0.00640 0.16580 0.55201 0.35153 0.19462
v 0.02486 0.00406 0.16494 0.55201 0.35153 0.19462
v 0.02256 0.00568 0.16332 0.55201 0.35153 0.19462
v 0.02486 0.00406 0.16494 0.55201 0.35153 0.19462
v 0.02400 0.00320 0.16260 0.55201 0.35153 0.19462
v 0.02256 0.00568 0.16332 0.55201 0.35153 0.19462
v 0.02256 0.00568 0.16332 0.55201 0.35153 0.19462
v 0.02400 0.00320 0.16260 0.55201 0.35153 0.19462
v 0.02181 0.00531 0.15940 0.55201 0.35153 0.19462
v 0.02400 0.00320 0.16260 0.55201 0.35153 0.19462
v 0.02361 0.00281 0.15940 0.55201 0.35153 0.19462
v 0.02181 0.00531 0.15940 0.55201 0.35153 0.19462
v 0.02181 0.00531 0.15940 0.55201 0.35153 0.19462
v 0.02361 0.00281 0.15940 0.55201 0.35153 0.19462
v 0.02181 0.00531 -0.08140 0.55201 0.35153 0.19462
v 0.02361 0.00281 0.15940 0.55201 0.35153 0.19462
v 0.02361 0.00281 -0.08140 0.55201 0.35153 0.19462
v 0.02181 0.00531 -0.08140 0.55201 0.35153 0.19462
v 0.02181 0.00531 -0.08140 0.55201 0.35153 0.19462
v 0.02361 0.00281 -0.08140 0.55201 0.35153 0.19462
v 0.02256 0.00568 -0.08532 0.55201 0.35153 0.19462
v 0.02361 0.00281 -0.08140 0.55201 0.35153 0.19462
v 0.02400 0.00320 -0.08460 0.55201 0.35153 0.19462
v 0.02256 0.00568 -0.08532 0.55201 0.35153 0.19462
v 0.02256 0.00568 -0.08532 0.55201 0.35153 0.19462
v 0.02400 0.00320 -0.08460 0.55201 0.35153 0.19462
v 0.02400 0.00640 -0.08780 0.55201 0.35153 0.19462
v 0.02400 0.00320 -0.08460 0.55201 0.35153 0.19462
v 0.02486 0.00406 -0.08694 0.55201 0.35153 0.19462
v 0.02400 0.00640 -0.08780 0.55201 0.35153 0.19462
v 0.17674 0.07594 -0.08694 0.55201 0.35153 0.19462
v 0.17760 0.07360 -0.08780 0.55201 0.35153 0.19462
v 0.17760 0.07680 -0.08460 0.55201 0.35153 0.19462
v 0.17760 0.07360 -0.08780 0.55201 0.35153 0.19462
v 0.17904 0.07432 -0.08532 0.55201 0.35153 0.19462
v 0.17760 0.07680 -0.08460 0.55201 0.35153 0.19462
v 0.17760 0.07680 -0.08460 0.55201 0.35153 0.19462
v 0.17904 0.07432 -0.08532 0.55201 0.35153 0.19462
v 0.17799 0.07719 -0.08140 0.55201 0.35153 0.19462
v 0.17904 0.07432 -0.08532 0.55201 0.35153 0.19462
v 0.17979 0.07469 -0.08140 0.55201 0.35153 0.19462
v 0.17799 0.07719 -0.08140 0.55201 0.35153 0.19462
v 0.17799 0.07719 -0.08140 0.55201 0.35153 0.19462
v 0.17979 0.07469 -0.08140 0.55201 0.35153 0.19462
v 0.17799 0.07719 0.15940 0.55201 0.35153 0.19462
v 0.17979 0.07469 -0.08140 0.55201 0.35153 0.19462
v 0.17979 0.07469 0.15940 0.55201 0.35153 0.19462
v 0.17799 0.07719 0.15940 0.55201 0.35153 0.19462
v 0.17799 0.07719 0.15940 0.55201 0.35153 0.19462
v 0.17979 0.07469 0.15940 0.55201 0.35153 0.19462
v 0.17760 0.07680 0.16260 0.55201 0.35153 0.19462
v 0.17979 0.07469 0.15940 0.55201 0.35153 0.19462
v 0.17904 0.07432 0.16332 0.55201 0.35153 0.19462
v 0.17760 0.07680 0.16260 0.55201 0.35153 0.19462
v 0.17760 0.07680 0.16260 0.55201 0.35153 0.19462
v 0.17904 0.07432 0.16332 0.55201 0.35153 0.19462
v 0.17674 0.07594 0.16494 0.55201 0.35153 0.19462
v 0.17904 0.07432 0.16332 0.55201 0.35153 0.19462
v 0.17760 0.07360 0.16580 0.55201 0.35153 0.19462
v 0.17674 0.07594 0.16494 0.55201 0.35153 0.19462
v 0.17760 0.07360 -0.08780 0.55201 0.35153 0.19462
v 0.17799 0.07040 -0.08819 0.55201 0.35153 0.19462
v 0.17904 0.07432 -0.08532 0.55201 0.35153 0.19462
v 0.17799 0.07040 -0.08819 0.55201 0.35153 0.19462
v 0.17979 0.07040 -0.08569 0.55201 0.35153 0.19462
v 0.17904 0.07432 -0.08532 0.55201 0.35153 0.19462
v 0.17904 0.07432 -0.08532 0.55201 0.35153 0.19462
v 0.17979 0.07040 -0.08569 0.55201 0.35153 0.19462
v 0.17979 0.07469 -0.08140 0.55201 0.35153 0.19462
v 0.17979 0.07040 -0.08569 0.55201 0.35153 0.19462
v 0.18080 0.07040 -0.08140 0.55201 0.35153 0.19462
v 0.17979 0.07469 -0.08140 0.55201 0.35153 0.19462
v 0.17979 0.07469 -0.08140 0.55201 0.35153 0.19462
v 0.18080 0.07040 -0.08140 0.55201 0.35153 0.19462
v 0.17979 0.07469 0.15940 0.55201 0.35153 0.19462
v 0.18080 0.07040 -0.08140 0.55201 0.35153 0.19462
v 0.18080 0.07040 0.15940 0.55201 0.35153 0.19462
v 0.17979 0.07469 0.15940 0.55201 0.35153 0.19462
v 0.17979 0.07469 0.15940 0.55201 0.35153 0.19462
v 0.18080 0.07040 0.15940 0.55201 0.35153 0.19462
v 0.17904 0.07432 0.16332 0.55201 0.35153 0.19462
v 0.18080 0.07040 0.15940 0.55201 0.35153 0.19462
v 0.17979 0.07040 0.16369 0.55201 0.35153 0.19462
v 0.17904 0.07432 0.16332 0.55201 0.35153 0.19462
v 0.17904 0.07432 0.16332 0.55201 0.35153 0.19462
v 0.17979 0.07040 0.16369 0.55201 0.35153 0.19462
v 0.17760 0.07360 0.16580 0.55201 0.35153 0.19462
v 0.17979 0.07040 0.16369 0.55201 0.35153 0.19462
v 0.17799 0.07040 0.16619 0.55201 0.35153 0.19462
v 0.17760 0.07360 0.16580 0.55201 0.35153 0.19462
v 0.17799 0.07040 -0.08819 0.55201 0.35153 0.19462
v 0.17799 0.00960 -0.08819 0.55201 0.35153 0.19462
v 0.17979 0.07040 -0.08569 0.55201 0.35153 0.19462
v 0.17799 0.00960 -0.08819 0.55201 0.35153 0.19462
v 0.17979 0.00960 -0.08569 0.55201 0.35153 0.19462
v 0.17979 0.07040 -0.08569 0.55201 0.35153 0.19462
v 0.17979 0.07040 -0.08569 0.55201 0.35153 0.19462
v 0.17979 0.00960 -0.08569 0.55201 0.35153 0.19462
v 0.18080 0.07040 -0.08140 0.55201 0.35153 0.19462
v 0.17979 0.00960 -0.08569 0.55201 0.35153 0.19462
v 0.18080 0.00960 -0.08140 0.55201 0.35153 0.19462
v 0.18080 0.07040 -0.08140 0.55201 0.35153 0.19462
v 0.18080 0.07040 -0.08140 0.55201 0.35153 0.19462
v 0.18080 0.00960 -0.08140 0.55201 0.35153 0.19462
v 0.18080 0.07040 0.15940 0.55201 0.35153 0.19462
v 0.18080 0.00960 -0.08140 0.55201 0.35153 0.19462
v 0.18080 0.00960 0.15940 0.55201 0.35153 0.19462
v 0.18080 0.07040 0.15940 0.55201 0.35153 0.19462
v 0.18080 0.07040 0.15940 0.55201 0.35153 0.19462
v 0.18080 0.00960 0.15940 0.55201 0.35153 0.19462
v 0.17979 0.07040 0.16369 0.55201 0.35153 0.19462
v 0.18080 0.00960 0.15940 0.55201 0.35153 0.19462
v 0.17979 0.00960 0.16369 0.55201 0.35153 0.19462
v 0.17979 0.07040 0.16369 0.55201 0.35153 0.19462
v 0.17979 0.07040 0.16369 0.55201 0.35153 0.19462
v 0.17979 0.00960 0.16369 0.55201 0.35153 0.19462
v 0.17799 0.07040 0.16619 0.55201 0.35153 0.19462
v 0.17979 0.00960 0.16369 0.55201 0.35153 0.19462
v 0.17799 0.00960 0.16619 0.55201 0.35153 0.19462
v 0.17799 0.07040 0.16619 0.55201 0.35153 0.19462
v 0.17799 0.00960 -0.08819 0.55201 0.35153 0.19462
v 0.17760 0.00640 -0.08780 0.55201 0.35153 0.19462
v 0.17979 0.00960 -0.08569 0.55201 0.35153 0.19462
v 0.17760 0.00640 -0.08780 0.55201 0.35153 0.19462
v 0.17904 0.00568 -0.08532 0.55201 0.35153 0.19462
v 0.17979 0.00960 -0.08569 0.55201 0.35153 0.19462
v 0.17979 0.00960 -0.08569 0.55201 0.35153 0.19462
v 0.17904 0.00568 -0.08532 0.55201 0.35153 0.19462
v 0.18080 0.00960 -0.08140 0.55201 0.35153 0.19462
v 0.17904 0.00568 -0.08532 0.55201 0.35153 0.19462
v 0.17979 0.00531 -0.08140 0.55201 0.35153 0.19462
v 0.18080 0.00960 -0.08140 0.55201 0.35153 0.19462
v 0.18080 0.00960 -0.08140 0.55201 0.35153 0.19462
v 0.17979 0.00531 -0.08140 0.55201 0.35153 0.19462
v 0.18080 0.00960 0.15940 0.55201 0.35153 0.19462
v 0.17979 0.00531 -0.08140 0.55201 0.35153 0.19462
v 0.17979 0.00531 0.15940 0.55201 0.35153 0.19462
v 0.18080 0.00960 0.15940 0.55201 0.35153 0.19462
v 0.18080 0.00960 0.15940 0.55201 0.35153 0.19462
v 0.17979 0.00531 0.15940 0.55201 0.35153 0.19462
v 0.17979 0.00960 0.16369 0.55201 0.35153 0.19462
v 0.17979 0.00531 0.15940 0.55201 0.35153 0.19462
v 0.17904 0.00568 0.16332 0.55201 0.35153 0.19462
v 0.17979 0.00960 0.16369 0.55201 0.35153 0.19462
v 0.17979 0.00960 0.16369 0.55201 0.35153 0.19462
v 0.17904 0.00568 0.16332 0.55201 0.35153 0.19462
v 0.17799 0.00960 0.16619 0.55201 0.35153 0.19462
v 0.17904 0.00568 0.16332 0.55201 0.35153 0.19462
v 0.17760 0.00640 0.16580 0.55201 0.35153 0.19462
v 0.17799 0.00960 0.16619 0.55201 0.35153 0.19462
v 0.17760 0.00640 -0.08780 0.55201 0.35153 0.19462
v 0.17674 0.00406 -0.08694 0.55201 0.35153 0.19462
v 0.17904 0.00568 -0.08532 0.55201 0.35153 0.19462
v 0.17674 0.00406 -0.08694 0.55201 0.35153 0.19462
v 0.17760 0.00320 -0.08460 0.55201 0.35153 0.19462
v 0.17904 0.00568 -0.08532 0.55201 0.35153 0.19462
v 0.17904 0.00568 -0.08532 0.55201 0.35153 0.19462
v 0.17760 0.00320 -0.08460 0.55201 0.35153 0.19462
v 0.17979 0.00531 -0.08140 0.55201 0.35153 0.19462
v 0.17760 0.00320 -0.08460 0.55201 0.35153 0.19462
v 0.17799 0.00281 -0.08140 0.55201 0.35153 0.19462
v 0.17979 0.00531 -0.08140 0.55201 0.35153 0.19462
v 0.17979 0.00531 -0.08140 0.55201 0.35153 0.19462
v 0.17799 0.00281 -0.08140 0.55201 0.35153 0.19462
v 0.17979 0.00531 0.15940 0.55201 0.35153 0.19462
v 0.17799 0.00281 -0.08140 0.55201 0.35153 0.19462
v 0.17799 0.00281 0.15940 0.55201 0.35153 0.19462
v 0.17979 0.00531 0.15940 0.55201 0.35153 0.19462
v 0.17979 0.00531 0.15940 0.55201 0.35153 0.19462
v 0.17799 0.00281 0.15940 0.55201 0.35153 0.19462
v 0.17904 0.00568 0.16332 0.55201 0.35153 0.19462
v 0.17799 0.00281 0.15940 0.55201 0.35153 0.19462
v 0.17760 0.00320 0.16260 0.55201 0.35153 0.19462
v 0.17904 0.00568 0.16332 0.55201 0.35153 0.19462
v 0.17904 0.00568 0.16332 0.55201 0.35153 0.19462
v 0.17760 0.00320 0.16260 0.55201 0.35153 0.19462
v 0.17760 0.00640 0.16580 0.55201 0.35153 0.19462
v 0.17760 0.00320 0.16260 0.55201 0.35153 0.19462
v 0.17674 0.00406 0.16494 0.55201 0.35153 0.19462
v 0.17760 0.00640 0.16580 0.55201 0.35153 0.19462
v 0.17674 0.07594 -0.08694 0.55201 0.35153 0.19462
v 0.17760 0.07680 -0.08460 0.55201 0.35153 0.19462
v 0.17440 0.07680 -0.08780 0.55201 0.35153 0.19462
v 0.17760 0.07680 -0.08460 0.55201 0.35153 0.19462
v 0.17512 0.07824 -0.08532 0.55201 0.35153 0.19462
v 0.17440 0.07680 -0.08780 0.55201 0.35153 0.19462
v 0.17440 0.07680 -0.08780 0.55201 0.35153 0.19462
v 0.17512 0.07824 -0.08532 0.55201 0.35153 0.19462
v 0.17120 0.07719 -0.08819 0.55201 0.35153 0.19462
v 0.17512 0.07824 -0.08532 0.55201 0.35153 0.19462
v 0.17120 0.07899 -0.08569 0.55201 0.35153 0.19462
v 0.17120 0.07719 -0.08819 0.55201 0.35153 0.19462
v 0.17120 0.07719 -0.08819 0.55201 0.35153 0.19462
v 0.17120 0.07899 -0.08569 0.55201 0.35153 0.19462
v 0.03040 0.07719 -0.08819 0.55201 0.35153 0.19462
v 0.17120 0.07899 -0.08569 0.55201 0.35153 0.19462
v 0.03040 0.07899 -0.08569 0.55201 0.35153 0.19462
v 0.03040 0.07719 -0.08819 0.55201 0.35153 0.19462
v 0.03040 0.07719 -0.08819 0.55201 0.35153 0.19462
v 0.03040 0.07899 -0.08569 0.55201 0.35153 0.19462
v 0.02720 0.07680 -0.08780 0.55201 0.35153 0.19462
v 0.03040 0.07899 -0.08569 0.55201 0.35153 0.19462
v 0.02648 0.07824 -0.08532 0.55201 0.35153 0.19462
v 0.02720 0.07680 -0.08780 0.55201 0.35153 0.19462
v 0.02720 0.07680 -0.08780 0.55201 0.35153 0.19462
v 0.02648 0.07824 -0.08532 0.55201 0.35153 0.19462
v 0.02486 0.07594 -0.08694 0.55201 0.35153 0.19462
v 0.02648 0.07824 -0.08532 0.55201 0.35153 0.19462
v 0.02400 0.07680 -0.08460 0.55201 0.35153 0.19462
v 0.02486 0.07594 -0.08694 0.55201 0.35153 0.19462
v 0.17760 0.07680 -0.08460 0.55201 0.35153 0.19462
v 0.17799 0.07719 -0.08140 0.55201 0.35153 0.19462
v 0.17512 0.07824 -0.08532 0.55201 0.35153 0.19462
v 0.17799 0.07719 -0.08140 0.55201 0.35153 0.19462
v 0.17549 0.07899 -0.08140 0.55201 0.35153 0.19462
v 0.17512 0.07824 -0.08532 0.55201 0.35153 0.19462
v 0.17512 0.07824 -0.08532 0.55201 0.35153 0.19462
v 0.17549 0.07899 -0.08140 0.55201 0.35153 0.19462
v 0.17120 0.07899 -0.08569 0.55201 0.35153 0.19462
v 0.17549 0.07899 -0.08140 0.55201 0.35153 0.19462
v 0.17120 0.08000 -0.08140 0.55201 0.35153 0.19462
v 0.17120 0.07899 -0.08569 0.55201 0.35153 0.19462
v 0.17120 0.07899 -0.08569 0.55201 0.35153 0.19462
v 0.17120 0.08000 -0.08140 0.55201 0.35153 0.19462
v 0.03040 0.07899 -0.08569 0.55201 0.35153 0.19462
v 0.17120 0.08000 -0.08140 0.55201 0.35153 0.19462
v 0.03040 0.08000 -0.08140 0.55201 0.35153 0.19462
v 0.03040 0.07899 -0.08569 0.55201 0.35153 0.19462
v 0.03040 0.07899 -0.08569 0.55201 0.35153 0.19462
v 0.03040 0.08000 -0.08140 0.55201 0.35153 0.19462
v 0.02648 0.07824 -0.08532 0.55201 0.35153 0.19462
v 0.03040 0.08000 -0.08140 0.55201 0.35153 0.19462
v 0.02611 0.07899 -0.08140 0.55201 0.35153 0.19462
v 0.02648 0.07824 -0.08532 0.55201 0.35153 0.19462
v 0.02648 0.07824 -0.08532 0.55201 0.35153 0.19462
v 0.02611 0.07899 -0.08140 0.55201 0.35153 0.19462
v 0.02400 0.07680 -0.08460 0.55201 0.35153 0.19462
v 0.02611 0.07899 -0.08140 0.55201 0.35153 0.19462
v 0.02361 0.07719 -0.08140 0.55201 0.35153 0.19462
v 0.02400 0.07680 -0.08460 0.55201 0.35153 0.19462
v 0.17799 0.07719 -0.08140 0.55201 0.35153 0.19462
v 0.17799 0.07719 0.15940 0.55201 0.35153 0.19462
v 0.17549 0.07899 -0.08140 0.55201 0.35153 0.19462
v 0.17799 0.07719 0.15940 0.55201 0.35153 0.19462
v 0.17549 0.07899 0.15940 0.55201 0.35153 0.19462
v 0.17549 0.07899 -0.08140 0.55201 0.35153 0.19462
v 0.17549 0.07899 -0.08140 0.55201 0.35153 0.19462
v 0.17549 0.07899 0.15940 0.55201 0.35153 0.19462
v 0.17120 0.08000 -0.08140 0.55201 0.35153 0.19462
v 0.17549 0.07899 0.15940 0.55201 0.35153 0.19462
v 0.17120 0.08000 0.15940 0.55201 0.35153 0.19462
v 0.17120 0.08000 -0.08140 0.55201 0.35153 0.19462
v 0.17120 0.08000 -0.08140 0.55201 0.35153 0.19462
v 0.17120 0.08000 0.15940 0.55201 0.35153 0.19462
v 0.03040 0.08000 -0.08140 0.55201 0.35153 0.19462
v 0.17120 0.08000 0.15940 0.55201 0.35153 0.19462
v 0.03040 0.08000 0.15940 0.55201 0.35153 0.19462
v 0.03040 0.08000 -0.08140 0.55201 0.35153 0.19462
v 0.03040 0.08000 -0.08140 0.55201 0.35153 0.19462
v 0.03040 0.08000 0.15940 0.55201 0.35153 0.19462
v 0.02611 0.07899 -0.08140 0.55201 0.35153 0.19462
v 0.03040 0.08000 0.15940 0.55201 0.35153 0.19462
v 0.02611 0.07899 0.15940 0.55201 0.35153 0.19462
v 0.02611 0.07899 -0.08140 0.55201 0.35153 0.19462
v 0.02611 0.07899 -0.08140 0.55201 0.35153 0.19462
v 0.02611 0.07899 0.15940 0.55201 0.35153 0.19462
v 0.02361 0.07719 -0.08140 0.55201 0.35153 0.19462
v 0.02611 0.07899 0.15940 0.55201 0.35153 0.19462
v 0.02361 0.07719 0.15940 0.55201 0.35153 0.19462
v 0.02361 0.07719 -0.08140 0.55201 0.35153 0.19462
v 0.17799 0.07719 0.15940 0.55201 0.35153 0.19462
v 0.17760 0.07680 0.16260 0.55201 0.35153 0.19462
v 0.17549 0.07899 0.15940 0.55201 0.35153 0.19462
v 0.17760 0.07680 0.16260 0.55201 0.35153 0.19462
v 0.17512 0.07824 0.16332 0.55201 0.35153 0.19462
v 0.17549 0.07899 0.15940 0.55201 0.35153 0.19462
v 0.17549 0.07899 0.15940 0.55201 0.35153 0.19462
v 0.17512 0.07824 0.16332 0.55201 0.35153 0.19462
v 0.17120 0.08000 0.15940 0.55201 0.35153 0.19462
v 0.17512 0.07824 0.16332 0.55201 0.35153 0.19462
v 0.17120 0.07899 0.16369 0.55201 0.35153 0.19462
v 0.17120 0.08000 0.15940 0.55201 0.35153 0.19462
v 0.17120 0.08000 0.15940 0.55201 0.35153 0.19462
v 0.17120 0.07899 0.16369 0.55201 0.35153 0.19462
v 0.03040 0.08000 0.15940 0.55201 0.35153 0.19462
v 0.17120 0.07899 0.16369 0.55201 0.35153 0.19462
v 0.03040 0.07899 0.16369 0.55201 0.35153 0.19462
v 0.03040 0.08000 0.15940 0.55201 0.35153 0.19462
v 0.03040 0.08000 0.15940 0.55201 0.35153 0.19462
v 0.03040 0.07899 0.16369 0.55201 0.35153 0.19462
v 0.02611 0.07899 0.15940 0.55201 0.35153 0.19462
v 0.03040 0.07899 0.16369 0.55201 0.35153 0.19462
v 0.02648 0.07824 0.16332 0.55201 0.35153 0.19462
v 0.02611 0.07899 0.15940 0.55201 0.35153 0.19462
v 0.02611 0.07899 0.15940 0.55201 0.35153 0.19462
v 0.02648 0.07824 0.16332 0.55201 0.35153 0.19462
v 0.02361 0.07719 0.15940 0.55201 0.35153 0.19462
v 0.02648 0.07824 0.16332 0.55201 0.35153 0.19462
v 0.02400 0.07680 0.16260 0.55201 0.35153 0.19462
v 0.02361 0.07719 0.15940 0.55201 0.35153 0.19462
v 0.17760 0.07680 0.16260 0.55201 0.35153 0.19462
v 0.17674 0.07594 0.16494 0.55201 0.35153 0.19462
v 0.17512 0.07824 0.16332 0.55201 0.35153 0.19462
v 0.17674 0.07594 0.16494 0.55201 0.35153 0.19462
v 0.17440 0.07680 0.16580 0.55201 0.35153 0.19462
v 0.17512 0.07824 0.16332 0.55201 0.35153 0.19462
v 0.17512 0.07824 0.16332 0.55201 0.35153 0.19462
v 0.17440 0.07680 0.16580 0.55201 0.35153 0.19462
v 0.17120 0.07899 0.16369 0.55201 0.35153 0.19462
v 0.17440 0.07680 0.16580 0.55201 0.35153 0.19462
v 0.17120 0.07719 0.16619 0.55201 0.35153 0.19462
v 0.17120 0.07899 0.16369 0.55201 0.35153 0.19462
v 0.17120 0.07899 0.16369 0.55201 0.35153 0.19462
v 0.17120 0.07719 0.16619 0.55201 0.35153 0.19462
v 0.03040 0.07899 0.16369 0.55201 0.35153 0.19462
v 0.17120 0.07719 0.16619 0.55201 0.35153 0.19462
v 0.03040 0.07719 0.16619 0.55201 0.35153 0.19462
v 0.03040 0.07899 0.16369 0.55201 0.35153 0.19462
v 0.03040 0.07899 0.16369 0.55201 0.35153 0.19462
v 0.03040 0.07719 0.16619 0.55201 0.35153 0.19462
v 0.02648 0.07824 0.16332 0.55201 0.35153 0.19462
v 0.03040 0.07719 0.16619 0.55201 0.35153 0.19462
v 0.02720 0.07680 0.16580 0.55201 0.35153 0.19462
v 0.02648 0.07824 0.16332 0.55201 0.35153 0.19462
v 0.02648 0.07824 0.16332 0.55201 0.35153 0.19462
v 0.02720 0.07680 0.16580 0.55201 0.35153 0.19462
v 0.02400 0.07680 0.16260 0.55201 0.35153 0.19462
v 0.02720 0.07680 0.16580 0.55201 0.35153 0.19462
v 0.02486 0.07594 0.16494 0.55201 0.35153 0.19462
v 0.02400 0.07680 0.16260 0.55201 0.35153 0.19462
v 0.17674 0.00406 0.16494 0.55201 0.35153 0.19462
v 0.17760 0.00320 0.16260 0.55201 0.35153 0.19462
v 0.17440 0.00320 0.16580 0.55201 0.35153 0.19462
v 0.17760 0.00320 0.16260 0.55201 0.35153 0.19462
v 0.17512 0.00176 0.16332 0.55201 0.35153 0.19462
v 0.17440 0.00320 0.16580 0.55201 0.35153 0.19462
v 0.17440 0.00320 0.16580 0.55201 0.35153 0.19462
v 0.17512 0.00176 0.16332 0.55201 0.35153 0.19462
v 0.17120 0.00281 0.16619 0.55201 0.35153 0.19462
v 0.17512 0.00176 0.16332 0.55201 0.35153 0.19462
v 0.17120 0.00101 0.16369 0.55201 0.35153 0.19462
v 0.17120 0.00281 0.16619 0.55201 0.35153 0.19462
v 0.17120 0.00281 0.16619 0.55201 0.35153 0.19462
v 0.17120 0.00101 0.16369 0.55201 0.35153 0.19462
v 0.03040 0.00281 0.16619 0.55201 0.35153 0.19462
v 0.17120 0.00101 0.16369 0.55201 0.35153 0.19462
v 0.03040 0.00101 0.16369 0.55201 0.35153 0.19462
v 0.03040 0.00281 0.16619 0.55201 0.35153 0.19462
v 0.03040 0.00281 0.16619 0.55201 0.35153 0.19462
v 0.03040 0.00101 0.16369 0.55201 0.35153 0.19462
v 0.02720 0.00320 0.16580 0.55201 0.35153 0.19462
v 0.03040 0.00101 0.16369 0.55201 0.35153 0.19462
v 0.02648 0.00176 0.16332 0.55201 0.35153 0.19462
v 0.02720 0.00320 0.16580 0.55201 0.35153 0.19462
v 0.02720 0.00320 0.16580 0.55201 0.35153 0.19462
v 0.02648 0.00176 0.16332 0.55201 0.35153 0.19462
v 0.02486 0.00406 0.16494 0.55201 0.35153 0.19462
v 0.02648 0.00176 0.16332 0.55201 0.35153 0.19462
v 0.02400 0.00320 0.16260 0.55201 0.35153 0.19462
v 0.02486 0.00406 0.16494 0.55201 0.35153 0.19462
v 0.17760 0.00320 0.16260 0.55201 0.35153 0.19462
v 0.17799 0.00281 0.15940 0.55201 0.35153 0.19462
v 0.17512 0.00176 0.16332 0.55201 0.35153 0.19462
v 0.17799 0.00281 0.15940 0.55201 0.35153 0.19462
v 0.17549 0.00101 0.15940 0.55201 0.35153 0.19462
v 0.17512 0.00176 0.16332 0.55201 0.35153 0.19462
v 0.17512 0.00176 0.16332 0.55201 0.35153 0.19462
v 0.17549 0.00101 0.15940 0.55201 0.35153 0.19462
v 0.17120 0.00101 0.16369 0.55201 0.35153 0.19462
v 0.17549 0.00101 0.15940 0.55201 0.35153 0.19462
v 0.17120 0.00000 0.15940 0.55201 0.35153 0.19462
v 0.17120 0.00101 0.16369 0.55201 0.35153 0.19462
v 0.17120 0.00101 0.16369 0.55201 0.35153 0.19462
v 0.17120 0.00000 0.15940 0.55201 0.35153 0.19462
v 0.03040 0.00101 0.16369 0.55201 0.35153 0.19462
v 0.17120 0.00000 0.15940 0.55201 0.35153 0.19462
v 0.03040 0.00000 0.15940 0.55201 0.35153 0.19462
v 0.03040 0.00101 0.16369 0.55201 0.35153 0.19462
v 0.03040 0.00101 0.16369 0.55201 0.35153 0.19462
v 0.03040 0.00000 0.15940 0.55201 0.35153 0.19462
v 0.02648 0.00176 0.16332 0.55201 0.35153 0.19462
v 0.03040 0.00000 0.15940 0.55201 0.35153 0.19462
v 0.02611 0.00101 0.15940 0.55201 0.35153 0.19462
v 0.02648 0.00176 0.16332 0.55201 0.35153 0.19462
v 0.02648 0.00176 0.16332 0.55201 0.35153 0.19462
v 0.02611 0.00101 0.15940 0.55201 0.35153 0.19462
v 0.02400 0.00320 0.16260 0.55201 0.35153 0.19462
v 0.02611 0.00101 0.15940 0.55201 0.35153 0.19462
v 0.02361 0.00281 0.15940 0.55201 0.35153 0.19462
v 0.02400 0.00320 0.16260 0.55201 0.35153 0.19462
v 0.17799 0.00281 0.15940 0.55201 0.35153 0.19462
v 0.17799 0.00281 -0.08140 0.55201 0.35153 0.19462
v 0.17549 0.00101 0.15940 0.55201 0.35153 0.19462
v 0.17799 0.00281 -0.08140 0.55201 0.35153 0.19462
v 0.17549 0.00101 -0.08140 0.55201 0.35153 0.19462
v 0.17549 0.00101 0.15940 0.55201 0.35153 0.19462
v 0.17549 0.00101 0.15940 0.55201 0.35153 0.19462
v 0.17549 0.00101 -0.08140 0.55201 0.35153 0.19462
v 0.17120 0.00000 0.15940 0.55201 0.35153 0.19462
v 0.17549 0.00101 -0.08140 0.55201 0.35153 0.19462
v 0.17120 0.00000 -0.08140 0.55201 0.35153 0.19462
v 0.17120 0.00000 0.15940 0.55201 0.35153 0.19462
v 0.17120 0.00000 0.15940 0.55201 0.35153 0.19462
v 0.17120 0.00000 -0.08140 0.55201 0.35153 0.19462
v 0.03040 0.00000 0.15940 0.55201 0.35153 0.19462
v 0.17120 0.00000 -0.08140 0.55201 0.35153 0.19462
v 0.03040 0.00000 -0.08140 0.55201 0.35153 0.19462
v 0.03040 0.00000 0.15940 0.55201 0.35153 0.19462
v 0.03040 0.00000 0.15940 0.55201 0.35153 0.19462
v 0.03040 0.00000 -0.08140 0.55201 0.35153 0.19462
v 0.02611 0.00101 0.15940 0.55201 0.35153 0.19462
v 0.03040 0.00000 -0.08140 0.55201 0.35153 0.19462
v 0.02611 0.00101 -0.08140 0.55201 0.35153 0.19462
v 0.02611 0.00101 0.15940 0.55201 0.35153 0.19462
v 0.02611 0.00101 0.15940 0.55201 0.35153 0.19462
v 0.02611 0.00101 -0.08140 0.55201 0.35153 0.19462
v 0.02361 0.00281 0.15940 0.55201 0.35153 0.19462
v 0.02611 0.00101 -0.08140 0.55201 0.35153 0.19462
v 0.02361 0.00281 -0.08140 0.55201 0.35153 0.19462
v 0.02361 0.00281 0.15940 0.55201 0.35153 0.19462
v 0.17799 0.00281 -0.08140 0.55201 0.35153 0.19462
v 0.17760 0.00320 -0.08460 0.55201 0.35153 0.19462
v 0.17549 0.00101 -0.08140 0.55201 0.35153 0.19462
v 0.17760 0.00320 -0.08460 0.55201 0.35153 0.19462
v 0.17512 0.00176 -0.08532 0.55201 0.35153 0.19462
v 0.17549 0.00101 -0.08140 0.55201 0.35153 0.19462
v 0.17549 0.00101 -0.08140 0.55201 0.35153 0.19462
v 0.17512 0.00176 -0.08532 0.55201 0.35153 0.19462
v 0.17120 0.00000 -0.08140 0.55201 0.35153 0.19462
v 0.17512 0.00176 -0.08532 0.55201 0.35153 0.19462
v 0.17120 0.00101 -0.08569 0.55201 0.35153 0.19462
v 0.17120 0.00000 -0.08140 0.55201 0.35153 0.19462
v 0.17120 0.00000 -0.08140 0.55201 0.35153 0.19462
v 0.17120 0.00101 -0.08569 0.55201 0.35153 0.19462
v 0.03040 0.00000 -0.08140 0.55201 0.35153 0.19462
v 0.17120 0.00101 -0.08569 0.55201 0.35153 0.19462
v 0.03040 0.00101 -0.08569 0.55201 0.35153 0.19462
v 0.03040 0.00000 -0.08140 0.55201 0.35153 0.19462
v 0.03040 0.00000 -0.08140 0.55201 0.35153 0.19462
v 0.03040 0.00101 -0.08569 0.55201 0.35153 0.19462
v 0.02611 0.00101 -0.08140 0.55201 0.35153 0.19462
v 0.03040 0.00101 -0.08569 0.55201 0.35153 0.19462
v 0.02648 0.00176 -0.08532 0.55201 0.35153 0.19462
v 0.02611 0.00101 -0.08140 0.55201 0.35153 0.19462
v 0.02611 0.00101 -0.08140 0.55201 0.35153 0.19462
v 0.02648 0.00176 -0.08532 0.55201 0.35153 0.19462
v 0.02361 0.00281 -0.08140 0.55201 0.35153 0.19462
v 0.02648 0.00176 -0.08532 0.55201 0.35153 0.19462
v 0.02400 0.00320 -0.08460 0.55201 0.35153 0.19462
v 0.02361 0.00281 -0.08140 0.55201 0.35153 0.19462
v 0.17760 0.00320 -0.08460 0.55201 0.35153 0.19462
v 0.17674 0.00406 -0.08694 0.55201 0.35153 0.19462
v 0.17512 0.00176 -0.08532 0.55201 0.35153 0.19462
v 0.17674 0.00406 -0.08694 0.55201 0.35153 0.19462
v 0.17440 0.00320 -0.08780 0.55201 0.35153 0.19462
v 0.17512 0.00176 -0.08532 0.55201 0.35153 0.19462
v 0.17512 0.00176 -0.08532 0.55201 0.35153 0.19462
v 0.17440 0.00320 -0.08780 0.55201 0.35153 0.19462
v 0.17120 0.00101 -0.08569 0.55201 0.35153 0.19462
v 0.17440 0.00320 -0.08780 0.55201 0.35153 0.19462
v 0.17120 0.00281 -0.08819 0.55201 0.35153 0.19462
v 0.17120 0.00101 -0.08569 0.55201 0.35153 0.19462
v 0.17120 0.00101 -0.08569 0.55201 0.35153 0.19462
v 0.17120 0.00281 -0.08819 0.55201 0.35153 0.19462
v 0.03040 0.00101 -0.08569 0.55201 0.35153 0.19462
v 0.17120 0.00281 -0.08819 0.55201 0.35153 0.19462
v 0.03040 0.00281 -0.08819 0.55201 0.35153 0.19462
v 0.03040 0.00101 -0.08569 0.55201 0.35153 0.19462
v 0.03040 0.00101 -0.08569 0.55201 0.35153 0.19462
v 0.03040 0.00281 -0.08819 0.55201 0.35153 0.19462
v 0.02648 0.00176 -0.08532 0.55201 0.35153 0.19462
v 0.03040 0.00281 -0.08819 0.55201 0.35153 0.19462
v 0.02720 0.00320 -0.08780 0.55201 0.35153 0.19462
v 0.02648 0.00176 -0.08532 0.55201 0.35153 0.19462
v 0.02648 0.00176 -0.08532 0.55201 0.35153 0.19462
v 0.02720 0.00320 -0.08780 0.55201 0.35153 0.19462
v 0.02400 0.00320 -0.08460 0.55201 0.35153 0.19462
v 0.02720 0.00320 -0.08780 0.55201 0.35153 0.19462
v 0.02486 0.00406 -0.08694 0.55201 0.35153 0.19462
v 0.02400 0.00320 -0.08460 0.55201 0.35153 0.19462
v 0.17674 0.07594 0.16494 0.55201 0.35153 0.19462
v 0.17760 0.07360 0.16580 0.55201 0.35153 0.19462
v 0.17440 0.07680 0.16580 0.55201 0.35153 0.19462
v 0.17760 0.07360 0.16580 0.55201 0.35153 0.19462
v 0.17512 0.07432 0.16724 0.55201 0.35153 0.19462
v 0.17440 0.07680 0.16580 0.55201 0.35153 0.19462
v 0.17440 0.07680 0.16580 0.55201 0.35153 0.19462
v 0.17512 0.07432 0.16724 0.55201 0.35153 0.19462
v 0.17120 0.07719 0.16619 0.55201 0.35153 0.19462
v 0.17512 0.07432 0.16724 0.55201 0.35153 0.19462
v 0.17120 0.07469 0.16799 0.55201 0.35153 0.19462
v 0.17120 0.07719 0.16619 0.55201 0.35153 0.19462
v 0.17120 0.07719 0.16619 0.55201 0.35153 0.19462
v 0.17120 0.07469 0.16799 0.55201 0.35153 0.19462
v 0.03040 0.07719 0.16619 0.55201 0.35153 0.19462
v 0.17120 0.07469 0.16799 0.55201 0.35153 0.19462
v 0.03040 0.07469 0.16799 0.55201 0.35153 0.19462
v 0.03040 0.07719 0.16619 0.55201 0.35153 0.19462
v 0.03040 0.07719 0.16619 0.55201 0.35153 0.19462
v 0.03040 0.07469 0.16799 0.55201 0.35153 0.19462
v 0.02720 0.07680 0.16580 0.55201 0.35153 0.19462
v 0.03040 0.07469 0.16799 0.55201 0.35153 0.19462
v 0.02648 0.07432 0.16724 0.55201 0.35153 0.19462
v 0.02720 0.07680 0.16580 0.55201 0.35153 0.19462
v 0.02720 0.07680 0.16580 0.55201 0.35153 0.19462
v 0.02648 0.07432 0.16724 0.55201 0.35153 0.19462
v 0.02486 0.07594 0.16494 0.55201 0.35153 0.19462
v 0.02648 0.07432 0.16724 0.55201 0.35153 0.19462
v 0.02400 0.07360 0.16580 0.55201 0.35153 0.19462
v 0.02486 0.07594 0.16494 0.55201 0.35153 0.19462
v 0.17760 0.07360 0.16580 0.55201 0.35153 0.19462
v 0.17799 0.07040 0.16619 0.55201 0.35153 0.19462
v 0.17512 0.07432 0.16724 0.55201 0.35153 0.19462
v 0.17799 0.07040 0.16619 0.55201 0.35153 0.19462
v 0.17549 0.07040 0.16799 0.55201 0.35153 0.19462
v 0.17512 0.07432 0.16724 0.55201 0.35153 0.19462
v 0.17512 0.07432 0.16724 0.55201 0.35153 0.19462
v 0.17549 0.07040 0.16799 0.55201 0.35153 0.19462
v 0.17120 0.07469 0.16799 0.55201 0.35153 0.19462
v 0.17549 0.07040 0.16799 0.55201 0.35153 0.19462
v 0.17120 0.07040 0.16900 0.55201 0.35153 0.19462
v 0.17120 0.07469 0.16799 0.55201 0.35153 0.19462
v 0.17120 0.07469 0.16799 0.55201 0.35153 0.19462
v 0.17120 0.07040 0.16900 0.55201 0.35153 0.19462
v 0.03040 0.07469 0.16799 0.55201 0.35153 0.19462
v 0.17120 0.07040 0.16900 0.55201 0.35153 0.19462
v 0.03040 0.07040 0.16900 0.55201 0.35153 0.19462
v 0.03040 0.07469 0.16799 0.55201 0.35153 0.19462
v 0.03040 0.07469 0.16799 0.55201 0.35153 0.19462
v 0.03040 0.07040 0.16900 0.55201 0.35153 0.19462
v 0.02648 0.07432 0.16724 0.55201 0.35153 0.19462
v 0.03040 0.07040 0.16900 0.55201 0.35153 0.19462
v 0.02611 0.07040 0.16799 0.55201 0.35153 0.19462
v 0.02648 0.07432 0.16724 0.55201 0.35153 0.19462
v 0.02648 0.07432 0.16724 0.55201 0.35153 0.19462
v 0.02611 0.07040 0.16799 0.55201 0.35153 0.19462
v 0.02400 0.07360 0.16580 0.55201 0.35153 0.19462
v 0.02611 0.07040 0.16799 0.55201 0.35153 0.19462
v 0.02361 0.07040 0.16619 0.55201 0.35153 0.19462
v 0.02400 0.07360 0.16580 0.55201 0.35153 0.19462
v 0.17799 0.07040 0.16619 0.55201 0.35153 0.19462
v 0.17799 0.00960 0.16619 0.55201 0.35153 0.19462
v 0.17549 0.07040 0.16799 0.55201 0.35153 0.19462
v 0.17799 0.00960 0.16619 0.55201 0.35153 0.19462
v 0.17549 0.00960 0.16799 0.55201 0.35153 0.19462
v 0.17549 0.07040 0.16799 0.55201 0.35153 0.19462
v 0.17549 0.07040 0.16799 0.55201 0.35153 0.19462
v 0.17549 0.00960 0.16799 0.55201 0.35153 0.19462
v 0.17120 0.07040 0.16900 0.55201 0.35153 0.19462
v 0.17549 0.00960 0.16799 0.55201 0.35153 0.19462
v 0.17120 0.00960 0.16900 0.55201 0.35153 0.19462
v 0.17120 0.07040 0.16900 0.55201 0.35153 0.19462
v 0.17120 0.07040 0.16900 0.55201 0.35153 0.19462
v 0.17120 0.00960 0.16900 0.55201 0.35153 0.19462
v 0.03040 0.07040 0.16900 0.55201 0.35153 0.19462
v 0.17120 0.00960 0.16900 0.55201 0.35153 0.19462
v 0.03040 0.00960 0.16900 0.55201 0.35153 0.19462
v 0.03040 0.07040 0.16900 0.55201 0.35153 0.19462
v 0.03040 0.07040 0.16900 0.55201 0.35153 0.19462
v 0.03040 0.00960 0.16900 0.55201 0.35153 0.19462
v 0.02611 0.07040 0.16799 0.55201 0.35153 0.19462
v 0.03040 0.00960 0.16900 0.55201 0.35153 0.19462
v 0.02611 0.00960 0.16799 0.55201 0.35153 0.19462
v 0.02611 0.07040 0.16799 0.55201 0.35153 0.19462
v 0.02611 0.07040 0.16799 0.55201 0.35153 0.19462
v 0.02611 0.00960 0.16799 0.55201 0.35153 0.19462
v 0.02361 0.07040 0.16619 0.55201 0.35153 0.19462
v 0.02611 0.00960 0.16799 0.55201 0.35153 0.19462
v 0.02361 0.00960 0.16619 0.55201 0.35153 0.19462
v 0.02361 0.07040 0.16619 0.55201 0.35153 0.19462
v 0.17799 0.00960 0.16619 0.55201 0.35153 0.19462
v 0.17760 0.00640 0.16580 0.55201 0.35153 0.19462
v 0.17549 0.00960 0.16799 0.55201 0.35153 0.19462
v 0.17760 0.00640 0.16580 0.55201 0.35153 0.19462
v 0.17512 0.00568 0.16724 0.55201 0.35153 0.19462
v 0.17549 0.00960 0.16799 0.55201 0.35153 0.19462
v 0.17549 0.00960 0.16799 0.55201 0.35153 0.19462
v 0.17512 0.00568 0.16724 0.55201 0.35153 0.19462
v 0.17120 0.00960 0.16900 0.55201 0.35153 0.19462
v 0.17512 0.00568 0.16724 0.55201 0.35153 0.19462
v 0.17120 0.00531 0.16799 0.55201 0.35153 0.19462
v 0.17120 0.00960 0.16900 0.55201 0.35153 0.19462
v 0.17120 0.00960 0.16900 0.55201 0.35153 0.19462
v 0.17120 0.00531 0.16799 0.55201 0.35153 0.19462
v 0.03040 0.00960 0.16900 0.55201 0.35153 0.19462
v 0.17120 0.00531 0.16799 0.55201 0.35153 0.19462
v 0.03040 0.00531 0.16799 0.55201 0.35153 0.19462
v 0.03040 0.00960 0.16900 0.55201 0.35153 0.19462
v 0.03040 0.00960 0.16900 0.55201 0.35153 0.19462
v 0.03040 0.00531 0.16799 0.55201 0.35153 0.19462
v 0.02611 0.00960 0.16799 0.55201 0.35153 0.19462
v 0.03040 0.00531 0.16799 0.55201 0.35153 0.19462
v 0.02648 0.00568 0.16724 0.55201 0.35153 0.19462
v 0.02611 0.00960 0.16799 0.55201 0.35153 0.19462
v 0.02611 0.00960 0.16799 0.55201 0.35153 0.19462
v 0.02648 0.00568 0.16724 0.55201 0.35153 0.19462
v 0.02361 0.00960 0.16619 0.55201 0.35153 0.19462
v 0.02648 0.00568 0.16724 0.55201 0.35153 0.19462
v 0.02400 0.00640 0.16580 0.55201 0.35153 0.19462
v 0.02361 0.00960 0.16619 0.55201 0.35153 0.19462
v 0.17760 0.00640 0.16580 0.55201 0.35153 0.19462
v 0.17674 0.00406 0.16494 0.55201 0.35153 0.19462
v 0.17512 0.00568 0.16724 0.55201 0.35153 0.19462
v 0.17674 0.00406 0.16494 0.55201 0.35153 0.19462
v 0.17440 0.00320 0.16580 0.55201 0.35153 0.19462
v 0.17512 0.00568 0.16724 0.55201 0.35153 0.19462
v 0.17512 0.00568 0.16724 0.55201 0.35153 0.19462
v 0.17440 0.00320 0.16580 0.55201 0.35153 0.19462
v 0.17120 0.00531 0.16799 0.55201 0.35153 0.19462
v 0.17440 0.00320 0.16580 0.55201 0.35153 0.19462
v 0.17120 0.00281 0.16619 0.55201 0.35153 0.19462
v 0.17120 0.00531 0.16799 0.55201 0.35153 0.19462
v 0.17120 0.00531 0.16799 0.55201 0.35153 0.19462
v 0.17120 0.00281 0.16619 0.55201 0.35153 0.19462
v 0.03040 0.00531 0.16799 0.55201 0.35153 0.19462
v 0.17120 0.00281 0.16619 0.55201 0.35153 0.19462
v 0.03040 0.00281 0.16619 0.55201 0.35153 0.19462
v 0.03040 0.00531 0.16799 0.55201 0.35153 0.19462
v 0.03040 0.00531 0.16799 0.55201 0.35153 0.19462
v 0.03040 0.00281 0.16619 0.55201 0.35153 0.19462
v 0.02648 0.00568 0.16724 0.55201 0.35153 0.19462
v 0.03040 0.00281 0.16619 0.55201 0.35153 0.19462
v 0.02720 0.00320 0.16580 0.55201 0.35153 0.19462
v 0.02648 0.00568 0.16724 0.55201 0.35153 0.19462
v 0.02648 0.00568 0.16724 0.55201 0.35153 0.19462
v 0.02720 0.00320 0.16580 0.55201 0.35153 0.19462
v 0.02400 0.00640 0.16580 0.55201 0.35153 0.19462
v 0.02720 0.00320 0.16580 0.55201 0.35153 0.19462
v 0.02486 0.00406 0.16494 0.55201 0.35153 0.19462
v 0.02400 0.00640 0.16580 0.55201 0.35153 0.19462
v 0.02486 0.07594 -0.08694 0.55201 0.35153 0.19462
v 0.02400 0.07360 -0.08780 0.55201 0.35153 0.19462
v 0.02720 0.07680 -0.08780 0.55201 0.35153 0.19462
v 0.02400 0.07360 -0.08780 0.55201 0.35153 0.19462
v 0.02648 0.07432 -0.08924 0.55201 0.35153 0.19462
v 0.02720 0.07680 -0.08780 0.55201 0.35153 0.19462
v 0.02720 0.07680 -0.08780 0.55201 0.35153 0.19462
v 0.02648 0.07432 -0.08924 0.55201 0.35153 0.19462
v 0.03040 0.07719 -0.08819 0.55201 0.35153 0.19462
v 0.02648 0.07432 -0.08924 0.55201 0.35153 0.19462
v 0.03040 0.07469 -0.08999 0.55201 0.35153 0.19462
v 0.03040 0.07719 -0.08819 0.55201 0.35153 0.19462
v 0.03040 0.07719 -0.08819 0.55201 0.35153 0.19462
v 0.03040 0.07469 -0.08999 0.55201 0.35153 0.19462
v 0.17120 0.07719 -0.08819 0.55201 0.35153 0.19462
v 0.03040 0.07469 -0.08999 0.55201 0.35153 0.19462
v 0.17120 0.07469 -0.08999 0.55201 0.35153 0.19462
v 0.17120 0.07719 -0.08819 0.55201 0.35153 0.19462
v 0.17120 0.07719 -0.08819 0.55201 0.35153 0.19462
v 0.17120 0.07469 -0.08999 0.55201 0.35153 0.19462
v 0.17440 0.07680 -0.08780 0.55201 0.35153 0.19462
v 0.17120 0.07469 -0.08999 0.55201 0.35153 0.19462
v 0.17512 0.07432 -0.08924 0.55201 0.35153 0.19462
v 0.17440 0.07680 -0.08780 0.55201 0.35153 0.19462
v 0.17440 0.07680 -0.08780 0.55201 0.35153 0.19462
v 0.17512 0.07432 -0.08924 0.55201 0.35153 0.19462
v 0.17674 0.07594 -0.08694 0.55201 0.35153 0.19462
v 0.17512 0.07432 -0.08924 0.55201 0.35153 0.19462
v 0.17760 0.07360 -0.08780 0.55201 0.35153 0.19462
v 0.17674 0.07594 -0.08694 0.55201 0.35153 0.19462
v 0.02400 0.07360 -0.08780 0.55201 0.35153 0.19462
v 0.02361 0.07040 -0.08819 0.55201 0.35153 0.19462
v 0.02648 0.07432 -0.08924 0.55201 0.35153 0.19462
v 0.02361 0.07040 -0.08819 0.55201 0.35153 0.19462
v 0.02611 0.07040 -0.08999 0.55201 0.35153 0.19462
v 0.02648 0.07432 -0.08924 0.55201 0.35153 0.19462
v 0.02648 0.07432 -0.08924 0.55201 0.35153 0.19462
v 0.02611 0.07040 -0.08999 0.55201 0.35153 0.19462
v 0.03040 0.07469 -0.08999 0.55201 0.35153 0.19462
v 0.02611 0.07040 -0.08999 0.55201 0.35153 0.19462
v 0.03040 0.07040 -0.09100 0.55201 0.35153 0.19462
v 0.03040 0.07469 -0.08999 0.55201 0.35153 0.19462
v 0.03040 0.07469 -0.08999 0.55201 0.35153 0.19462
v 0.03040 0.07040 -0.09100 0.55201 0.35153 0.19462
v 0.17120 0.07469 -0.08999 0.55201 0.35153 0.19462
v 0.03040 0.07040 -0.09100 0.55201 0.35153 0.19462
v 0.17120 0.07040 -0.09100 0.55201 0.35153 0.19462
v 0.17120 0.07469 -0.08999 0.55201 0.35153 0.19462
v 0.17120 0.07469 -0.08999 0.55201 0.35153 0.19462
v 0.17120 0.07040 -0.09100 0.55201 0.35153 0.19462
v 0.17512 0.07432 -0.08924 0.55201 0.35153 0.19462
v 0.17120 0.07040 -0.09100 0.55201 0.35153 0.19462
v 0.17549 0.07040 -0.08999 0.55201 0.35153 0.19462
v 0.17512 0.07432 -0.08924 0.55201 0.35153 0.19462
v 0.17512 0.07432 -0.08924 0.55201 0.35153 0.19462
v 0.17549 0.07040 -0.08999 0.55201 0.35153 0.19462
v 0.17760 0.07360 -0.08780 0.55201 0.35153 0.19462
v 0.17549 0.07040 -0.08999 0.55201 0.35153 0.19462
v 0.17799 0.07040 -0.08819 0.55201 0.35153 0.19462
v 0.17760 0.07360 -0.08780 0.55201 0.35153 0.19462
v 0.02361 0.07040 -0.08819 0.55201 0.35153 0.19462
v 0.02361 0.00960 -0.08819 0.55201 0.35153 0.19462
v 0.02611 0.07040 -0.08999 0.55201 0.35153 0.19462
v 0.02361 0.00960 -0.08819 0.55201 0.35153 0.19462
v 0.02611 0.00960 -0.08999 0.55201 0.35153 0.19462
v 0.02611 0.07040 -0.08999 0.55201 0.35153 0.19462
v 0.02611 0.07040 -0.08999 0.55201 0.35153 0.19462
v 0.02611 0.00960 -0.08999 0.55201 0.35153 0.19462
v 0.03040 0.07040 -0.09100 0.55201 0.35153 0.19462
v 0.02611 0.00960 -0.08999 0.55201 0.35153 0.19462
v 0.03040 0.00960 -0.09100 0.55201 0.35153 0.19462
v 0.03040 0.07040 -0.09100 0.55201 0.35153 0.19462
v 0.03040 0.07040 -0.09100 0.55201 0.35153 0.19462
v 0.03040 0.00960 -0.09100 0.55201 0.35153 0.19462
v 0.17120 0.07040 -0.09100 0.55201 0.35153 0.19462
v 0.03040 0.00960 -0.09100 0.55201 0.35153 0.19462
v 0.17120 0.00960 -0.09100 0.55201 0.35153 0.19462
v 0.17120 0.07040 -0.09100 0.55201 0.35153 0.19462
v 0.17120 0.07040 -0.09100 0.55201 0.35153 0.19462
v 0.17120 0.00960 -0.09100 0.55201 0.35153 0.19462
v 0.17549 0.07040 -0.08999 0.55201 0.35153 0.19462
v 0.17120 0.00960 -0.09100 0.55201 0.35153 0.19462
v 0.17549 0.00960 -0.08999 0.55201 0.35153 0.19462
v 0.17549 0.07040 -0.08999 0.55201 0.35153 0.19462
v 0.17549 0.07040 -0.08999 0.55201 0.35153 0.19462
v 0.17549 0.00960 -0.08999 0.55201 0.35153 0.19462
v 0.17799 0.07040 -0.08819 0.55201 0.35153 0.19462
v 0.17549 0.00960 -0.08999 0.55201 0.35153 0.19462
v 0.17799 0.00960 -0.08819 0.55201 0.35153 0.19462
v 0.17799 0.07040 -0.08819 0.55201 0.35153 0.19462
v 0.02361 0.00960 -0.08819 0.55201 0.35153 0.19462
v 0.02400 0.00640 -0.08780 0.55201 0.35153 0.19462
v 0.02611 0.00960 -0.08999 0.55201 0.35153 0.19462
v 0.02400 0.00640 -0.08780 0.55201 0.35153 0.19462
v 0.02648 0.00568 -0.08924 0.55201 0.35153 0.19462
v 0.02611 0.00960 -0.08999 0.55201 0.35153 0.19462
v 0.02611 0.00960 -0.08999 0.55201 0.35153 0.19462
v 0.02648 0.00568 -0.08924 0.55201 0.35153 0.19462
v 0.03040 0.00960 -0.09100 0.55201 0.35153 0.19462
v 0.02648 0.00568 -0.08924 0.55201 0.35153 0.19462
v 0.03040 0.00531 -0.08999 0.55201 0.35153 0.19462
v 0.03040 0.00960 -0.09100 0.55201 0.35153 0.19462
v 0.03040 0.00960 -0.09100 0.55201 0.35153 0.19462
v 0.03040 0.00531 -0.08999 0.55201 0.35153 0.19462
v 0.17120 0.00960 -0.09100 0.55201 0.35153 0.19462
v 0.03040 0.00531 -0.08999 0.55201 0.35153 0.19462
v 0.17120 0.00531 -0.08999 0.55201 0.35153 0.19462
v 0.17120 0.00960 -0.09100 0.55201 0.35153 0.19462
v 0.17120 0.00960 -0.09100 0.55201 0.35153 0.19462
v 0.17120 0.00531 -0.08999 0.55201 0.35153 0.19462
v 0.17549 0.00960 -0.08999 0.55201 0.35153 0.19462
v 0.17120 0.00531 -0.08999 0.55201 0.35153 0.19462
v 0.17512 0.00568 -0.08924 0.55201 0.35153 0.19462
v 0.17549 0.00960 -0.08999 0.55201 0.35153 0.19462
v 0.17549 0.00960 -0.08999 0.55201 0.35153 0.19462
v 0.17512 0.00568 -0.08924 0.55201 0.35153 0.19462
v 0.17799 0.00960 -0.08819 0.55201 0.35153 0.19462
v 0.17512 0.00568 -0.08924 0.55201 0.35153 0.19462
v 0.17760 0.00640 -0.08780 0.55201 0.35153 0.19462
v 0.17799 0.00960 -0.08819 0.55201 0.35153 0.19462
v 0.02400 0.00640 -0.08780 0.55201 0.35153 0.19462
v 0.02486 0.00406 -0.08694 0.55201 0.35153 0.19462
v 0.02648 0.00568 -0.08924 0.55201 0.35153 0.19462
v 0.02486 0.00406 -0.08694 0.55201 0.35153 0.19462
v 0.02720 0.00320 -0.08780 0.55201 0.35153 0.19462
v 0.02648 0.00568 -0.08924 0.55201 0.35153 0.19462
v 0.02648 0.00568 -0.08924 0.55201 0.35153 0.19462
v 0.02720 0.00320 -0.08780 0.55201 0.35153 0.19462
v 0.03040 0.00531 -0.08999 0.55201 0.35153 0.19462
v 0.02720 0.00320 -0.08780 0.55201 0.35153 0.19462
v 0.03040 0.00281 -0.08819 0.55201 0.35153 0.19462
v 0.03040 0.00531 -0.08999 0.55201 0.35153 0.19462
v 0.03040 0.00531 -0.08999 0.55201 0.35153 0.19462
v 0.03040 0.00281 -0.08819 0.55201 0.35153 0.19462
v 0.17120 0.00531 -0.08999 0.55201 0.35153 0.19462
v 0.03040 0.00281 -0.08819 0.55201 0.35153 0.19462
v 0.17120 0.00281 -0.08819 0.55201 0.35153 0.19462
v 0.17120 0.00531 -0.08999 0.55201 0.35153 0.19462
v 0.17120 0.00531 -0.08999 0.55201 0.35153 0.19462
v 0.17120 0.00281 -0.08819 0.55201 0.35153 0.19462
v 0.17512 0.00568 -0.08924 0.55201 0.35153 0.19462
v 0.17120 0.00281 -0.08819 0.55201 0.35153 0.19462
v 0.17440 0.00320 -0.08780 0.55201 0.35153 0.19462
v 0.17512 0.00568 -0.08924 0.55201 0.35153 0.19462
v 0.17512 0.00568 -0.08924 0.55201 0.35153 0.19462
v 0.17440 0.00320 -0.08780 0.55201 0.35153 0.19462
v 0.17760 0.00640 -0.08780 0.55201 0.35153 0.19462
v 0.17440 0.00320 -0.08780 0.55201 0.35153 0.19462
v 0.17674 0.00406 -0.08694 0.55201 0.35153 0.19462
v 0.17760 0.00640 -0.08780 0.55201 0.35153 0.19462
v -0.10080 0.12350 0.00000 0.55201 0.35153 0.19462
v -0.10080 0.12350 0.00000 0.55201 0.35153 0.19462
v -0.10080 0.12350 0.00000 0.55201 0.35153 0.19462
v -0.10080 0.12350 0.00000 0.55201 0.35153 0.19462
v -0.10080 0.12350 0.00000 0.55201 0.35153 0.19462
v -0.10080 0.12350 0.00000 0.55201 0.35153 0.19462
v -0.10080 0.12350 0.00000 0.55201 0.35153 0.19462
v -0.10080 0.12350 0.00000 0.55201 0.35153 0.19462
v -0.10080 0.12350 0.00000 0.55201 0.35153 0.19462
v -0.10080 0.12350 0.00000 0.55201 0.35153 0.19462
v -0.07531 0.12754 0.00000 0.55201 0.35153 0.19462
v -0.08127 0.12754 0.01639 0.55201 0.35153 0.19462
v -0.09637 0.12754 0.02511 0.55201 0.35153 0.19462
v -0.11355 0.12754 0.02208 0.55201 0.35153 0.19462
v -0.12476 0.12754 0.00872 0.55201 0.35153 0.19462
v -0.12476 0.12754 -0.00872 0.55201 0.35153 0.19462
v -0.11355 0.12754 -0.02208 0.55201 0.35153 0.19462
v -0.09637 0.12754 -0.02511 0.55201 0.35153 0.19462
v -0.08127 0.12754 -0.01639 0.55201 0.35153 0.19462
v -0.07531 0.12754 -0.00000 0.55201 0.35153 0.19462
v -0.05231 0.13926 0.00000 0.55201 0.35153 0.19462
v -0.06365 0.13926 0.03117 0.55201 0.35153 0.19462
v -0.09238 0.13926 0.04776 0.55201 0.35153 0.19462
v -0.12505 0.13926 0.04200 0.55201 0.35153 0.19462
v -0.14637 0.13926 0.01659 0.55201 0.35153 0.19462
v -0.14637 0.13926 -0.01659 0.55201 0.35153 0.19462
v -0.12505 0.13926 -0.04200 0.55201 0.35153 0.19462
v -0.09238 0.13926 -0.04776 0.55201 0.35153 0.19462
v -0.06365 0.13926 -0.03117 0.55201 0.35153 0.19462
v -0.05231 0.13926 -0.00000 0.55201 0.35153 0.19462
v -0.03406 0.15751 0.00000 0.55201 0.35153 0.19462
v -0.04967 0.15751 0.04290 0.55201 0.35153 0.19462
v -0.08921 0.15751 0.06573 0.55201 0.35153 0.19462
v -0.13417 0.15751 0.05780 0.55201 0.35153 0.19462
v -0.16352 0.15751 0.02283 0.55201 0.35153 0.19462
v -0.16352 0.15751 -0.02283 0.55201 0.35153 0.19462
v -0.13417 0.15751 -0.05780 0.55201 0.35153 0.19462
v -0.08921 0.15751 -0.06573 0.55201 0.35153 0.19462
v -0.04967 0.15751 -0.04290 0.55201 0.35153 0.19462
v -0.03406 0.15751 -0.00000 0.55201 0.35153 0.19462
v -0.02234 0.18051 0.00000 0.55201 0.35153 0.19462
v -0.04069 0.18051 0.05043 0.55201 0.35153 0.19462
v -0.08718 0.18051 0.07727 0.55201 0.35153 0.19462
v -0.14003 0.18051 0.06795 0.55201 0.35153 0.19462
v -0.17453 0.18051 0.02684 0.55201 0.35153 0.19462
v -0.17453 0.18051 -0.02684 0.55201 0.35153 0.19462
v -0.14003 0.18051 -0.06795 0.55201 0.35153 0.19462
v -0.08718 0.18051 -0.07727 0.55201 0.35153 0.19462
v -0.04069 0.18051 -0.05043 0.55201 0.35153 0.19462
v -0.02234 0.18051 -0.00000 0.55201 0.35153 0.19462
v -0.01830 0.20600 0.00000 0.55201 0.35153 0.19462
v -0.03760 0.20600 0.05303 0.55201 0.35153 0.19462
v -0.08647 0.20600 0.08125 0.55201 0.35153 0.19462
v -0.14205 0.20600 0.07145 0.55201 0.35153 0.19462
v -0.17832 0.20600 0.02822 0.55201 0.35153 0.19462
v -0.17832 0.20600 -0.02822 0.55201 0.35153 0.19462
v -0.14205 0.20600 -0.07145 0.55201 0.35153 0.19462
v -0.08647 0.20600 -0.08125 0.55201 0.35153 0.19462
v -0.03760 0.20600 -0.05303 0.55201 0.35153 0.19462
v -0.01830 0.20600 -0.00000 0.55201 0.35153 0.19462
v -0.01830 0.32600 0.00000 0.55201 0.35153 0.19462
v -0.03760 0.32600 0.05303 0.55201 0.35153 0.19462
v -0.08647 0.32600 0.08125 0.55201 0.35153 0.19462
v -0.14205 0.32600 0.07145 0.55201 0.35153 0.19462
v -0.17832 0.32600 0.02822 0.55201 0.35153 0.19462
v -0.17832 0.32600 -0.02822 0.55201 0.35153 0.19462
v -0.14205 0.32600 -0.07145 0.55201 0.35153 0.19462
v -0.08647 0.32600 -0.08125 0.55201 0.35153 0.19462
v -0.03760 0.32600 -0.05303 0.55201 0.35153 0.19462
v -0.01830 0.32600 -0.00000 0.55201 0.35153 0.19462
v -0.02234 0.35149 0.00000 0.55201 0.35153 0.19462
v -0.04069 0.35149 0.05043 0.55201 0.35153 0.19462
v -0.08718 0.35149 0.07727 0.55201 0.35153 0.19462
v -0.14003 0.35149 0.06795 0.55201 0.35153 0.19462
v -0.17453 0.35149 0.02684 0.55201 0.35153 0.19462
v -0.17453 0.35149 -0.02684 0.55201 0.35153 0.19462
v -0.14003 0.35149 -0.06795 0.55201 0.35153 0.19462
v -0.08718 0.35149 -0.07727 0.55201 0.35153 0.19462
v -0.04069 0.35149 -0.05043 0.55201 0.35153 0.19462
v -0.02234 0.35149 -0.00000 0.55201 0.35153 0.19462
v -0.03406 0.37449 0.00000 0.55201 0.35153 0.19462
v -0.04967 0.37449 0.04290 0.55201 0.35153 0.19462
v -0.08921 0.37449 0.06573 0.55201 0.35153 0.19462
v -0.13417 0.37449 0.05780 0.55201 0.35153 0.19462
v -0.16352 0.37449 0.02283 0.55201 0.35153 0.19462
v -0.16352 0.37449 -0.02283 0.55201 0.35153 0.19462
v -0.13417 0.37449 -0.05780 0.55201 0.35153 0.19462
v -0.08921 0.37449 -0.06573 0.55201 0.35153 0.19462
v -0.04967 0.37449 -0.04290 0.55201 0.35153 0.19462
v -0.03406 0.37449 -0.00000 0.55201 0.35153 0.19462
v -0.05231 0.39274 0.00000 0.55201 0.35153 0.19462
v -0.06365 0.39274 0.03117 0.55201 0.35153 0.19462
v -0.09238 0.39274 0.04776 0.55201 0.35153 0.19462
v -0.12505 0.39274 0.04200 0.55201 0.35153 0.19462
v -0.14637 0.39274 0.01659 0.55201 0.35153 0.19462
v -0.14637 0.39274 -0.01659 0.55201 0.35153 0.19462
v -0.12505 0.39274 -0.04200 0.55201 0.35153 0.19462
v -0.09238 0.39274 -0.04776 0.55201 0.35153 0.19462
v -0.06365 0.39274 -0.03117 0.55201 0.35153 0.19462
v -0.05231 0.39274 -0.00000 0.55201 0.35153 0.19462
v -0.07531 0.40446 0.00000 0.55201 0.35153 0.19462
v -0.08127 0.40446 0.01639 0.55201 0.35153 0.19462
v -0.09637 0.40446 0.02511 0.55201 0.35153 0.19462
v -0.11355 0.40446 0.02208 0.55201 0.35153 0.19462
v -0.12476 0.40446 0.00872 0.55201 0.35153 0.19462
v -0.12476 0.40446 -0.00872 0.55201 0.35153 0.19462
v -0.11355 0.40446 -0.02208 0.55201 0.35153 0.19462
v -0.09637 0.40446 -0.02511 0.55201 0.35153 0.19462
v -0.08127 0.40446 -0.01639 0.55201 0.35153 0.19462
v -0.07531 0.40446 -0.00000 0.55201 0.35153 0.19462
v -0.10080 0.40850 0.00000 0.55201 0.35153 0.19462
v -0.10080 0.40850 0.00000 0.55201 0.35153 0.19462
v -0.10080 0.40850 0.00000 0.55201 0.35153 0.19462
v -0.10080 0.40850 0.00000 0.55201 0.35153 0.19462
v -0.10080 0.40850 0.00000 0.55201 0.35153 0.19462
v -0.10080 0.40850 -0.00000 0.55201 0.35153 0.19462
v -0.10080 0.40850 -0.00000 0.55201 0.35153 0.19462
v -0.10080 0.40850 -0.00000 0.55201 0.35153 0.19462
v -0.10080 0.40850 -0.00000 0.55201 0.35153 0.19462
v -0.10080 0.40850 -0.00000 0.55201 0.35153 0.19462
v -0.10080 0.00350 0.00000 0.55201 0.35153 0.19462
v -0.10080 0.00350 0.00000 0.55201 0.35153 0.19462
v -0.10080 0.00350 0.00000 0.55201 0.35153 0.19462
v -0.10080 0.00350 0.00000 0.55201 0.35153 0.19462
v -0.10080 0.00350 0.00000 0.55201 0.35153 0.19462
v -0.10080 0.00350 0.00000 0.55201 0.35153 0.19462
v -0.10080 0.00350 0.00000 0.55201 0.35153 0.19462
v -0.10080 0.00350 0.00000 0.55201 0.35153 0.19462
v -0.10080 0.00350 0.00000 0.55201 0.35153 0.19462
v -0.10080 0.00350 0.00000 0.55201 0.35153 0.19462
v -0.07994 0.00680 0.00000 0.55201 0.35153 0.19462
v -0.08482 0.00680 0.01341 0.55201 0.35153 0.19462
v -0.09718 0.00680 0.02054 0.55201 0.35153 0.19462
v -0.11123 0.00680 0.01806 0.55201 0.35153 0.19462
v -0.12040 0.00680 0.00713 0.55201 0.35153 0.19462
v -0.12040 0.00680 -0.00713 0.55201 0.35153 0.19462
v -0.11123 0.00680 -0.01806 0.55201 0.35153 0.19462
v -0.09718 0.00680 -0.02054 0.55201 0.35153 0.19462
v -0.08482 0.00680 -0.01341 0.55201 0.35153 0.19462
v -0.07994 0.00680 -0.00000 0.55201 0.35153 0.19462
v -0.06112 0.01639 0.00000 0.55201 0.35153 0.19462
v -0.07041 0.01639 0.02550 0.55201 0.35153 0.19462
v -0.09391 0.01639 0.03907 0.55201 0.35153 0.19462
v -0.12064 0.01639 0.03436 0.55201 0.35153 0.19462
v -0.13808 0.01639 0.01357 0.55201 0.35153 0.19462
v -0.13808 0.01639 -0.01357 0.55201 0.35153 0.19462
v -0.12064 0.01639 -0.03436 0.55201 0.35153 0.19462
v -0.09391 0.01639 -0.03907 0.55201 0.35153 0.19462
v -0.07041 0.01639 -0.02550 0.55201 0.35153 0.19462
v -0.06112 0.01639 -0.00000 0.55201 0.35153 0.19462
v -0.04619 0.03132 0.00000 0.55201 0.35153 0.19462
v -0.05897 0.03132 0.03510 0.55201 0.35153 0.19462
v -0.09132 0.03132 0.05378 0.55201 0.35153 0.19462
v -0.12810 0.03132 0.04729 0.55201 0.35153 0.19462
v -0.15212 0.03132 0.01868 0.55201 0.35153 0.19462
v -0.15212 0.03132 -0.01868 0.55201 0.35153 0.19462
v -0.12810 0.03132 -0.04729 0.55201 0.35153 0.19462
v -0.09132 0.03132 -0.05378 0.55201 0.35153 0.19462
v -0.05897 0.03132 -0.03510 0.55201 0.35153 0.19462
v -0.04619 0.03132 -0.00000 0.55201 0.35153 0.19462
v -0.03660 0.05014 0.00000 0.55201 0.35153 0.19462
v -0.05162 0.05014 0.04126 0.55201 0.35153 0.19462
v -0.08965 0.05014 0.06322 0.55201 0.35153 0.19462
v -0.13290 0.05014 0.05560 0.55201 0.35153 0.19462
v -0.16112 0.05014 0.02196 0.55201 0.35153 0.19462
v -0.16112 0.05014 -0.02196 0.55201 0.35153 0.19462
v -0.13290 0.05014 -0.05560 0.55201 0.35153 0.19462
v -0.08965 0.05014 -0.06322 0.55201 0.35153 0.19462
v -0.05162 0.05014 -0.04126 0.55201 0.35153 0.19462
v -0.03660 0.05014 -0.00000 0.55201 0.35153 0.19462
v -0.03330 0.07100 0.00000 0.55201 0.35153 0.19462
v -0.04909 0.07100 0.04339 0.55201 0.35153 0.19462
v -0.08908 0.07100 0.06647 0.55201 0.35153 0.19462
v -0.13455 0.07100 0.05846 0.55201 0.35153 0.19462
v -0.16423 0.07100 0.02309 0.55201 0.35153 0.19462
v -0.16423 0.07100 -0.02309 0.55201 0.35153 0.19462
v -0.13455 0.07100 -0.05846 0.55201 0.35153 0.19462
v -0.08908 0.07100 -0.06647 0.55201 0.35153 0.19462
v -0.04909 0.07100 -0.04339 0.55201 0.35153 0.19462
v -0.03330 0.07100 -0.00000 0.55201 0.35153 0.19462
v -0.03330 0.17300 0.00000 0.55201 0.35153 0.19462
v -0.04909 0.17300 0.04339 0.55201 0.35153 0.19462
v -0.08908 0.17300 0.06647 0.55201 0.35153 0.19462
v -0.13455 0.17300 0.05846 0.55201 0.35153 0.19462
v -0.16423 0.17300 0.02309 0.55201 0.35153 0.19462
v -0.16423 0.17300 -0.02309 0.55201 0.35153 0.19462
v -0.13455 0.17300 -0.05846 0.55201 0.35153 0.19462
v -0.08908 0.17300 -0.06647 0.55201 0.35153 0.19462
v -0.04909 0.17300 -0.04339 0.55201 0.35153 0.19462
v -0.03330 0.17300 -0.00000 0.55201 0.35153 0.19462
v -0.03660 0.19386 0.00000 0.55201 0.35153 0.19462
v -0.05162 0.19386 0.04126 0.55201 0.35153 0.19462
v -0.08965 0.19386 0.06322 0.55201 0.35153 0.19462
v -0.13290 0.19386 0.05560 0.55201 0.35153 0.19462
v -0.16112 0.19386 0.02196 0.55201 0.35153 0.19462
v -0.16112 0.19386 -0.02196 0.55201 0.35153 0.19462
v -0.13290 0.19386 -0.05560 0.55201 0.35153 0.19462
v -0.08965 0.19386 -0.06322 0.55201 0.35153 0.19462
v -0.05162 0.19386 -0.04126 0.55201 0.35153 0.19462
v -0.03660 0.19386 -0.00000 0.55201 0.35153 0.19462
v -0.04619 0.21268 0.00000 0.55201 0.35153 0.19462
v -0.05897 0.21268 0.03510 0.55201 0.35153 0.19462
v -0.09132 0.21268 0.05378 0.55201 0.35153 0.19462
v -0.12810 0.21268 0.04729 0.55201 0.35153 0.19462
v -0.15212 0.21268 0.01868 0.55201 0.35153 0.19462
v -0.15212 0.21268 -0.01868 0.55201 0.35153 0.19462
v -0.12810 0.21268 -0.04729 0.55201 0.35153 0.19462
v -0.09132 0.21268 -0.05378 0.55201 0.35153 0.19462
v -0.05897 0.21268 -0.03510 0.55201 0.35153 0.19462
v -0.04619 0.21268 -0.00000 0.55201 0.35153 0.19462
v -0.06112 0.22761 0.00000 0.55201 0.35153 0.19462
v -0.07041 0.22761 0.02550 0.55201 0.35153 0.19462
v -0.09391 0.22761 0.03907 0.55201 0.35153 0.19462
v -0.12064 0.22761 0.03436 0.55201 0.35153 0.19462
v -0.13808 0.22761 0.01357 0.55201 0.35153 0.19462
v -0.13808 0.22761 -0.01357 0.55201 0.35153 0.19462
v -0.12064 0.22761 -0.03436 0.55201 0.35153 0.19462
v -0.09391 0.22761 -0.03907 0.55201 0.35153 0.19462
v -0.07041 0.22761 -0.02550 0.55201 0.35153 0.19462
v -0.06112 0.22761 -0.00000 0.55201 0.35153 0.19462
v -0.07994 0.23720 0.00000 0.55201 0.35153 0.19462
v -0.08482 0.23720 0.01341 0.55201 0.35153 0.19462
v -0.09718 0.23720 0.02054 0.55201 0.35153 0.19462
v -0.11123 0.23720 0.01806 0.55201 0.35153 0.19462
v -0.12040 0.23720 0.00713 0.55201 0.35153 0.19462
v -0.12040 0.23720 -0.00713 0.55201 0.35153 0.19462
v -0.11123 0.23720 -0.01806 0.55201 0.35153 0.19462
v -0.09718 0.23720 -0.02054 0.55201 0.35153 0.19462
v -0.08482 0.23720 -0.01341 0.55201 0.35153 0.19462
v -0.07994 0.23720 -0.00000 0.55201 0.35153 0.19462
v -0.10080 0.24050 0.00000 0.55201 0.35153 0.19462
v -0.10080 0.24050 0.00000 0.55201 0.35153 0.19462
v -0.10080 0.24050 0.00000 0.55201 0.35153 0.19462
v -0.10080 0.24050 0.00000 0.55201 0.35153 0.19462
v -0.10080 0.24050 0.00000 0.55201 0.35153 0.19462
v -0.10080 0.24050 -0.00000 0.55201 0.35153 0.19462
v -0.10080 0.24050 -0.00000 0.55201 0.35153 0.19462
v -0.10080 0.24050 -0.00000 0.55201 0.35153 0.19462
v -0.10080 0.24050 -0.00000 0.55201 0.35153 0.19462
v -0.10080 0.24050 -0.00000 0.55201 0.35153 0.19462
v -0.17674 0.07594 0.16494 0.55201 0.35153 0.19462
v -0.17760 0.07360 0.16580 0.55201 0.35153 0.19462
v -0.17760 0.07680 0.16260 0.55201 0.35153 0.19462
v -0.17760 0.07360 0.16580 0.55201 0.35153 0.19462
v -0.17904 0.07432 0.16332 0.55201 0.35153 0.19462
v -0.17760 0.07680 0.16260 0.55201 0.35153 0.19462
v -0.17760 0.07680 0.16260 0.55201 0.35153 0.19462
v -0.17904 0.07432 0.16332 0.55201 0.35153 0.19462
v -0.17799 0.07719 0.15940 0.55201 0.35153 0.19462
v -0.17904 0.07432 0.16332 0.55201 0.35153 0.19462
v -0.17979 0.07469 0.15940 0.55201 0.35153 0.19462
v -0.17799 0.07719 0.15940 0.55201 0.35153 0.19462
v -0.17799 0.07719 0.15940 0.55201 0.35153 0.19462
v -0.17979 0.07469 0.15940 0.55201 0.35153 0.19462
v -0.17799 0.07719 -0.08140 0.55201 0.35153 0.19462
v -0.17979 0.07469 0.15940 0.55201 0.35153 0.19462
v -0.17979 0.07469 -0.08140 0.55201 0.35153 0.19462
v -0.17799 0.07719 -0.08140 0.55201 0.35153 0.19462
v -0.17799 0.07719 -0.08140 0.55201 0.35153 0.19462
v -0.17979 0.07469 -0.08140 0.55201 0.35153 0.19462
v -0.17760 0.07680 -0.08460 0.55201 0.35153 0.19462
v -0.17979 0.07469 -0.08140 0.55201 0.35153 0.19462
v -0.17904 0.07432 -0.08532 0.55201 0.35153 0.19462
v -0.17760 0.07680 -0.08460 0.55201 0.35153 0.19462
v -0.17760 0.07680 -0.08460 0.55201 0.35153 0.19462
v -0.17904 0.07432 -0.08532 0.55201 0.35153 0.19462
v -0.17674 0.07594 -0.08694 0.55201 0.35153 0.19462
v -0.17904 0.07432 -0.08532 0.55201 0.35153 0.19462
v -0.17760 0.07360 -0.08780 0.55201 0.35153 0.19462
v -0.17674 0.07594 -0.08694 0.55201 0.35153 0.19462
v -0.17760 0.07360 0.16580 0.55201 0.35153 0.19462
v -0.17799 0.07040 0.16619 0.55201 0.35153 0.19462
v -0.17904 0.07432 0.16332 0.55201 0.35153 0.19462
v -0.17799 0.07040 0.16619 0.55201 0.35153 0.19462
v -0.17979 0.07040 0.16369 0.55201 0.35153 0.19462
v -0.17904 0.07432 0.16332 0.55201 0.35153 0.19462
v -0.17904 0.07432 0.16332 0.55201 0.35153 0.19462
v -0.17979 0.07040 0.16369 0.55201 0.35153 0.19462
v -0.17979 0.07469 0.15940 0.55201 0.35153 0.19462
v -0.17979 0.07040 0.16369 0.55201 0.35153 0.19462
v -0.18080 0.07040 0.15940 0.55201 0.35153 0.19462
v -0.17979 0.07469 0.15940 0.55201 0.35153 0.19462
v -0.17979 0.07469 0.15940 0.55201 0.35153 0.19462
v -0.18080 0.07040 0.15940 0.55201 0.35153 0.19462
v -0.17979 0.07469 -0.08140 0.55201 0.35153 0.19462
v -0.18080 0.07040 0.15940 0.55201 0.35153 0.19462
v -0.18080 0.07040 -0.08140 0.55201 0.35153 0.19462
v -0.17979 0.07469 -0.08140 0.55201 0.35153 0.19462
v -0.17979 0.07469 -0.08140 0.55201 0.35153 0.19462
v -0.18080 0.07040 -0.08140 0.55201 0.35153 0.19462
v -0.17904 0.07432 -0.08532 0.55201 0.35153 0.19462
v -0.18080 0.07040 -0.08140 0.55201 0.35153 0.19462
v -0.17979 0.07040 -0.08569 0.55201 0.35153 0.19462
v -0.17904 0.07432 -0.08532 0.55201 0.35153 0.19462
v -0.17904 0.07432 -0.08532 0.55201 0.35153 0.19462
v -0.17979 0.07040 -0.08569 0.55201 0.35153 0.19462
v -0.17760 0.07360 -0.08780 0.55201 0.35153 0.19462
v -0.17979 0.07040 -0.08569 0.55201 0.35153 0.19462
v -0.17799 0.07040 -0.08819 0.55201 0.35153 0.19462
v -0.17760 0.07360 -0.08780 0.55201 0.35153 0.19462
v -0.17799 0.07040 0.16619 0.55201 0.35153 0.19462
v -0.17799 0.00960 0.16619 0.55201 0.35153 0.19462
v -0.17979 0.07040 0.16369 0.55201 0.35153 0.19462
v -0.17799 0.00960 0.16619 0.55201 0.35153 0.19462
v -0.17979 0.00960 0.16369 0.55201 0.35153 0.19462
v -0.17979 0.07040 0.16369 0.55201 0.35153 0.19462
v -0.17979 0.07040 0.16369 0.55201 0.35153 0.19462
v -0.17979 0.00960 0.16369 0.55201 0.35153 0.19462
v -0.18080 0.07040 0.15940 0.55201 0.35153 0.19462
v -0.17979 0.00960 0.16369 0.55201 0.35153 0.19462
v -0.18080 0.00960 0.15940 0.55201 0.35153 0.19462
v -0.18080 0.07040 0.15940 0.55201 0.35153 0.19462
v -0.18080 0.07040 0.15940 0.55201 0.35153 0.19462
v -0.18080 0.00960 0.15940 0.55201 0.35153 0.19462
v -0.18080 0.07040 -0.08140 0.55201 0.35153 0.19462
v -0.18080 0.00960 0.15940 0.55201 0.35153 0.19462
v -0.18080 0.00960 -0.08140 0.55201 0.35153 0.19462
v -0.18080 0.07040 -0.08140 0.55201 0.35153 0.19462
v -0.18080 0.07040 -0.08140 0.55201 0.35153 0.19462
v -0.18080 0.00960 -0.08140 0.55201 0.35153 0.19462
v -0.17979 0.07040 -0.08569 0.55201 0.35153 0.19462
v -0.18080 0.00960 -0.08140 0.55201 0.35153 0.19462
v -0.17979 0.00960 -0.08569 0.55201 0.35153 0.19462
v -0.17979 0.07040 -0.08569 0.55201 0.35153 0.19462
v -0.17979 0.07040 -0.08569 0.55201 0.35153 0.19462
v -0.17979 0.00960 -0.08569 0.55201 0.35153 0.19462
v -0.17799 0.07040 -0.08819 0.55201 0.35153 0.19462
v -0.17979 0.00960 -0.08569 0.55201 0.35153 0.19462
v -0.17799 0.00960 -0.08819 0.55201 0.35153 0.19462
v -0.17799 0.07040 -0.08819 0.55201 0.35153 0.19462
v -0.17799 0.00960 0.16619 0.55201 0.35153 0.19462
v -0.17760 0.00640 0.16580 0.55201 0.35153 0.19462
v -0.17979 0.00960 0.16369 0.55201 0.35153 0.19462
v -0.17760 0.00640 0.16580 0.55201 0.35153 0.19462
v -0.17904 0.00568 0.16332 0.55201 0.35153 0.19462
v -0.17979 0.00960 0.16369 0.55201 0.35153 0.19462
v -0.17979 0.00960 0.16369 0.55201 0.35153 0.19462
v -0.17904 0.00568 0.16332 0.55201 0.35153 0.19462
v -0.18080 0.00960 0.15940 0.55201 0.35153 0.19462
v -0.17904 0.00568 0.16332 0.55201 0.35153 0.19462
v -0.17979 0.00531 0.15940 0.55201 0.35153 0.19462
v -0.18080 0.00960 0.15940 0.55201 0.35153 0.19462
v -0.18080 0.00960 0.15940 0.55201 0.35153 0.19462
v -0.17979 0.00531 0.15940 0.55201 0.35153 0.19462
v -0.18080 0.00960 -0.08140 0.55201 0.35153 0.19462
v -0.17979 0.00531 0.15940 0.55201 0.35153 0.19462
v -0.17979 0.00531 -0.08140 0.55201 0.35153 0.19462
v -0.18080 0.00960 -0.08140 0.55201 0.35153 0.19462
v -0.18080 0.00960 -0.08140 0.55201 0.35153 0.19462
v -0.17979 0.00531 -0.08140 0.55201 0.35153 0.19462
v -0.17979 0.00960 -0.08569 0.55201 0.35153 0.19462
v -0.17979 0.00531 -0.08140 0.55201 0.35153 0.19462
v -0.17904 0.00568 -0.08532 0.55201 0.35153 0.19462
v -0.17979 0.00960 -0.08569 0.55201 0.35153 0.19462
v -0.17979 0.00960 -0.08569 0.55201 0.35153 0.19462
v -0.17904 0.00568 -0.08532 0.55201 0.35153 0.19462
v -0.17799 0.00960 -0.08819 0.55201 0.35153 0.19462
v -0.17904 0.00568 -0.08532 0.55201 0.35153 0.19462
v -0.17760 0.00640 -0.08780 0.55201 0.35153 0.19462
v -0.17799 0.00960 -0.08819 0.55201 0.35153 0.19462
v -0.17760 0.00640 0.16580 0.55201 0.35153 0.19462
v -0.17674 0.00406 0.16494 0.55201 0.35153 0.19462
v -0.17904 0.00568 0.16332 0.55201 0.35153 0.19462
v -0.17674 0.00406 0.16494 0.55201 0.35153 0.19462
v -0.17760 0.00320 0.16260 0.55201 0.35153 0.19462
v -0.17904 0.00568 0.16332 0.55201 0.35153 0.19462
v -0.17904 0.00568 0.16332 0.55201 0.35153 0.19462
v -0.17760 0.00320 0.16260 0.55201 0.35153 0.19462
v -0.17979 0.00531 0.15940 0.55201 0.35153 0.19462
v -0.17760 0.00320 0.16260 0.55201 0.35153 0.19462
v -0.17799 0.00281 0.15940 0.55201 0.35153 0.19462
v -0.17979 0.00531 0.15940 0.55201 0.35153 0.19462
v -0.17979 0.00531 0.15940 0.55201 0.35153 0.19462
v -0.17799 0.00281 0.15940 0.55201 0.35153 0.19462
v -0.17979 0.00531 -0.08140 0.55201 0.35153 0.19462
v -0.17799 0.00281 0.15940 0.55201 0.35153 0.19462
v -0.17799 0.00281 -0.08140 0.55201 0.35153 0.19462
v -0.17979 0.00531 -0.08140 0.55201 0.35153 0.19462
v -0.17979 0.00531 -0.08140 0.55201 0.35153 0.19462
v -0.17799 0.00281 -0.08140 0.55201 0.35153 0.19462
v -0.17904 0.00568 -0.08532 0.55201 0.35153 0.19462
v -0.17799 0.00281 -0.08140 0.55201 0.35153 0.19462
v -0.17760 0.00320 -0.08460 0.55201 0.35153 0.19462
v -0.17904 0.00568 -0.08532 0.55201 0.35153 0.19462
v -0.17904 0.00568 -0.08532 0.55201 0.35153 0.19462
v -0.17760 0.00320 -0.08460 0.55201 0.35153 0.19462
v -0.17760 0.00640 -0.08780 0.55201 0.35153 0.19462
v -0.17760 0.00320 -0.08460 0.55201 0.35153 0.19462
v -0.17674 0.00406 -0.08694 0.55201 0.35153 0.19462
v -0.17760 0.00640 -0.08780 0.55201 0.35153 0.19462
v -0.02486 0.07594 -0.08694 0.55201 0.35153 0.19462
v -0.02400 0.07360 -0.08780 0.55201 0.35153 0.19462
v -0.02400 0.07680 -0.08460 0.55201 0.35153 0.19462
v -0.02400 0.07360 -0.08780 0.55201 0.35153 0.19462
v -0.02256 0.07432 -0.08532 0.55201 0.35153 0.19462
v -0.02400 0.07680 -0.08460 0.55201 0.35153 0.19462
v -0.02400 0.07680 -0.08460 0.55201 0.35153 0.19462
v -0.02256 0.07432 -0.08532 0.55201 0.35153 0.19462
v -0.02361 0.07719 -0.08140 0.55201 0.35153 0.19462
v -0.02256 0.07432 -0.08532 0.55201 0.35153 0.19462
v -0.02181 0.07469 -0.08140 0.55201 0.35153 0.19462
v -0.02361 0.07719 -0.08140 0.55201 0.35153 0.19462
v -0.02361 0.07719 -0.08140 0.55201 0.35153 0.19462
v -0.02181 0.07469 -0.08140 0.55201 0.35153 0.19462
v -0.02361 0.07719 0.15940 0.55201 0.35153 0.19462
v -0.02181 0.07469 -0.08140 0.55201 0.35153 0.19462
v -0.02181 0.07469 0.15940 0.55201 0.35153 0.19462
v -0.02361 0.07719 0.15940 0.55201 0.35153 0.19462
v -0.02361 0.07719 0.15940 0.55201 0.35153 0.19462
v -0.02181 0.07469 0.15940 0.55201 0.35153 0.19462
v -0.02400 0.07680 0.16260 0.55201 0.35153 0.19462
v -0.02181 0.07469 0.15940 0.55201 0.35153 0.19462
v -0.02256 0.07432 0.16332 0.55201 0.35153 0.19462
v -0.02400 0.07680 0.16260 0.55201 0.35153 0.19462
v -0.02400 0.07680 0.16260 0.55201 0.35153 0.19462
v -0.02256 0.07432 0.16332 0.55201 0.35153 0.19462
v -0.02486 0.07594 0.16494 0.55201 0.35153 0.19462
v -0.02256 0.07432 0.16332 0.55201 0.35153 0.19462
v -0.02400 0.07360 0.16580 0.55201 0.35153 0.19462
v -0.02486 0.07594 0.16494 0.55201 0.35153 0.19462
v -0.02400 0.07360 -0.08780 0.55201 0.35153 0.19462
v -0.02361 0.07040 -0.08819 0.55201 0.35153 0.19462
v -0.02256 0.07432 -0.08532 0.55201 0.35153 0.19462
v -0.02361 0.07040 -0.08819 0.55201 0.35153 0.19462
v -0.02181 0.07040 -0.08569 0.55201 0.35153 0.19462
v -0.02256 0.07432 -0.08532 0.55201 0.35153 0.19462
v -0.02256 0.07432 -0.08532 0.55201 0.35153 0.19462
v -0.02181 0.07040 -0.08569 0.55201 0.35153 0.19462
v -0.02181 0.07469 -0.08140 0.55201 0.35153 0.19462
v -0.02181 0.07040 -0.08569 0.55201 0.35153 0.19462
v -0.02080 0.07040 -0.08140 0.55201 0.35153 0.19462
v -0.02181 0.07469 -0.08140 0.55201 0.35153 0.19462
v -0.02181 0.07469 -0.08140 0.55201 0.35153 0.19462
v -0.02080 0.07040 -0.08140 0.55201 0.35153 0.19462
v -0.02181 0.07469 0.15940 0.55201 0.35153 0.19462
v -0.02080 0.07040 -0.08140 0.55201 0.35153 0.19462
v -0.02080 0.07040 0.15940 0.55201 0.35153 0.19462
v -0.02181 0.07469 0.15940 0.55201 0.35153 0.19462
v -0.02181 0.07469 0.15940 0.55201 0.35153 0.19462
v -0.02080 0.07040 0.15940 0.55201 0.35153 0.19462
v -0.02256 0.07432 0.16332 0.55201 0.35153 0.19462
v -0.02080 0.07040 0.15940 0.55201 0.35153 0.19462
v -0.02181 0.07040 0.16369 0.55201 0.35153 0.19462
v -0.02256 0.07432 0.16332 0.55201 0.35153 0.19462
v -0.02256 0.07432 0.16332 0.55201 0.35153 0.19462
v -0.02181 0.07040 0.16369 0.55201 0.35153 0.19462
v -0.02400 0.07360 0.16580 0.55201 0.35153 0.19462
v -0.02181 0.07040 0.16369 0.55201 0.35153 0.19462
v -0.02361 0.07040 0.16619 0.55201 0.35153 0.19462
v -0.02400 0.07360 0.16580 0.55201 0.35153 0.19462
v -0.02361 0.07040 -0.08819 0.55201 0.35153 0.19462
v -0.02361 0.00960 -0.08819 0.55201 0.35153 0.19462
v -0.02181 0.07040 -0.08569 0.55201 0.35153 0.19462
v -0.02361 0.00960 -0.08819 0.55201 0.35153 0.19462
v -0.02181 0.00960 -0.08569 0.55201 0.35153 0.19462
v -0.02181 0.07040 -0.08569 0.55201 0.35153 0.19462
v -0.02181 0.07040 -0.08569 0.55201 0.35153 0.19462
v -0.02181 0.00960 -0.08569 0.55201 0.35153 0.19462
v -0.02080 0.07040 -0.08140 0.55201 0.35153 0.19462
v -0.02181 0.00960 -0.08569 0.55201 0.35153 0.19462
v -0.02080 0.00960 -0.08140 0.55201 0.35153 0.19462
v -0.02080 0.07040 -0.08140 0.55201 0.35153 0.19462
v -0.02080 0.07040 -0.08140 0.55201 0.35153 0.19462
v -0.02080 0.00960 -0.08140 0.55201 0.35153 0.19462
v -0.02080 0.07040 0.15940 0.55201 0.35153 0.19462
v -0.02080 0.00960 -0.08140 0.55201 0.35153 0.19462
v -0.02080 0.00960 0.15940 0.55201 0.35153 0.19462
v -0.02080 0.07040 0.15940 0.55201 0.35153 0.19462
v -0.02080 0.07040 0.15940 0.55201 0.35153 0.19462
v -0.02080 0.00960 0.15940 0.55201 0.35153 0.19462
v -0.02181 0.07040 0.16369 0.55201 0.35153 0.19462
v -0.02080 0.00960 0.15940 0.55201 0.35153 0.19462
v -0.02181 0.00960 0.16369 0.55201 0.35153 0.19462
v -0.02181 0.07040 0.16369 0.55201 0.35153 0.19462
v -0.02181 0.07040 0.16369 0.55201 0.35153 0.19462
v -0.02181 0.00960 0.16369 0.55201 0.35153 0.19462
v -0.02361 0.07040 0.16619 0.55201 0.35153 0.19462
v -0.02181 0.00960 0.16369 0.55201 0.35153 0.19462
v -0.02361 0.00960 0.16619 0.55201 0.35153 0.19462
v -0.02361 0.07040 0.16619 0.55201 0.35153 0.19462
v -0.02361 0.00960 -0.08819 0.55201 0.35153 0.19462
v -0.02400 0.00640 -0.08780 0.55201 0.35153 0.19462
v -0.02181 0.00960 -0.08569 0.55201 0.35153 0.19462
v -0.02400 0.00640 -0.08780 0.55201 0.35153 0.19462
v -0.02256 0.00568 -0.08532 0.55201 0.35153 0.19462
v -0.02181 0.00960 -0.08569 0.55201 0.35153 0.19462
v -0.02181 0.00960 -0.08569 0.55201 0.35153 0.19462
v -0.02256 0.00568 -0.08532 0.55201 0.35153 0.19462
v -0.02080 0.00960 -0.08140 0.55201 0.35153 0.19462
v -0.02256 0.00568 -0.08532 0.55201 0.35153 0.19462
v -0.02181 0.00531 -0.08140 0.55201 0.35153 0.19462
v -0.02080 0.00960 -0.08140 0.55201 0.35153 0.19462
v -0.02080 0.00960 -0.08140 0.55201 0.35153 0.19462
v -0.02181 0.00531 -0.08140 0.55201 0.35153 0.19462
v -0.02080 0.00960 0.15940 0.55201 0.35153 0.19462
v -0.02181 0.00531 -0.08140 0.55201 0.35153 0.19462
v -0.02181 0.00531 0.15940 0.55201 0.35153 0.19462
v -0.02080 0.00960 0.15940 0.55201 0.35153 0.19462
v -0.02080 0.00960 0.15940 0.55201 0.35153 0.19462
v -0.02181 0.00531 0.15940 0.55201 0.35153 0.19462
v -0.02181 0.00960 0.16369 0.55201 0.35153 0.19462
v -0.02181 0.00531 0.15940 0.55201 0.35153 0.19462
v -0.02256 0.00568 0.16332 0.55201 0.35153 0.19462
v -0.02181 0.00960 0.16369 0.55201 0.35153 0.19462
v -0.02181 0.00960 0.16369 0.55201 0.35153 0.19462
v -0.02256 0.00568 0.16332 0.55201 0.35153 0.19462
v -0.02361 0.00960 0.16619 0.55201 0.35153 0.19462
v -0.02256 0.00568 0.16332 0.55201 0.35153 0.19462
v -0.02400 0.00640 0.16580 0.55201 0.35153 0.19462
v -0.02361 0.00960 0.16619 0.55201 0.35153 0.19462
v -0.02400 0.00640 -0.08780 0.55201 0.35153 0.19462
v -0.02486 0.00406 -0.08694 0.55201 0.35153 0.19462
v -0.02256 0.00568 -0.08532 0.55201 0.35153 0.19462
v -0.02486 0.00406 -0.08694 0.55201 0.35153 0.19462
v -0.02400 0.00320 -0.08460 0.55201 0.35153 0.19462
v -0.02256 0.00568 -0.08532 0.55201 0.35153 0.19462
v -0.02256 0.00568 -0.08532 0.55201 0.35153 0.19462
v -0.02400 0.00320 -0.08460 0.55201 0.35153 0.19462
v -0.02181 0.00531 -0.08140 0.55201 0.35153 0.19462
v -0.02400 0.00320 -0.08460 0.55201 0.35153 0.19462
v -0.02361 0.00281 -0.08140 0.55201 0.35153 0.19462
v -0.02181 0.00531 -0.08140 0.55201 0.35153 0.19462
v -0.02181 0.00531 -0.08140 0.55201 0.35153 0.19462
v -0.02361 0.00281 -0.08140 0.55201 0.35153 0.19462
v -0.02181 0.00531 0.15940 0.55201 0.35153 0.19462
v -0.02361 0.00281 -0.08140 0.55201 0.35153 0.19462
v -0.02361 0.00281 0.15940 0.55201 0.35153 0.19462
v -0.02181 0.00531 0.15940 0.55201 0.35153 0.19462
v -0.02181 0.00531 0.15940 0.55201 0.35153 0.19462
v -0.02361 0.00281 0.15940 0.55201 0.35153 0.19462
v -0.02256 0.00568 0.16332 0.55201 0.35153 0.19462
v -0.02361 0.00281 0.15940 0.55201 0.35153 0.19462
v -0.02400 0.00320 0.16260 0.55201 0.35153 0.19462
v -0.02256 0.00568 0.16332 0.55201 0.35153 0.19462
v -0.02256 0.00568 0.16332 0.55201 0.35153 0.19462
v -0.02400 0.00320 0.16260 0.55201 0.35153 0.19462
v -0.02400 0.00640 0.16580 0.55201 0.35153 0.19462
v -0.02400 0.00320 0.16260 0.55201 0.35153 0.19462
v -0.02486 0.00406 0.16494 0.55201 0.35153 0.19462
v -0.02400 0.00640 0.16580 0.55201 0.35153 0.19462
v -0.02486 0.07594 -0.08694 0.55201 0.35153 0.19462
v -0.02400 0.07680 -0.08460 0.55201 0.35153 0.19462
v -0.02720 0.07680 -0.08780 0.55201 0.35153 0.19462
v -0.02400 0.07680 -0.08460 0.55201 0.35153 0.19462
v -0.02648 0.07824 -0.08532 0.55201 0.35153 0.19462
v -0.02720 0.07680 -0.08780 0.55201 0.35153 0.19462
v -0.02720 0.07680 -0.08780 0.55201 0.35153 0.19462
v -0.02648 0.07824 -0.08532 0.55201 0.35153 0.19462
v -0.03040 0.07719 -0.08819 0.55201 0.35153 0.19462
v -0.02648 0.07824 -0.08532 0.55201 0.35153 0.19462
v -0.03040 0.07899 -0.08569 0.55201 0.35153 0.19462
v -0.03040 0.07719 -0.08819 0.55201 0.35153 0.19462
v -0.03040 0.07719 -0.08819 0.55201 0.35153 0.19462
v -0.03040 0.07899 -0.08569 0.55201 0.35153 0.19462
v -0.17120 0.07719 -0.08819 0.55201 0.35153 0.19462
v -0.03040 0.07899 -0.08569 0.55201 0.35153 0.19462
v -0.17120 0.07899 -0.08569 0.55201 0.35153 0.19462
v -0.17120 0.07719 -0.08819 0.55201 0.35153 0.19462
v -0.17120 0.07719 -0.08819 0.55201 0.35153 0.19462
v -0.17120 0.07899 -0.08569 0.55201 0.35153 0.19462
v -0.17440 0.07680 -0.08780 0.55201 0.35153 0.19462
v -0.17120 0.07899 -0.08569 0.55201 0.35153 0.19462
v -0.17512 0.07824 -0.08532 0.55201 0.35153 0.19462
v -0.17440 0.07680 -0.08780 0.55201 0.35153 0.19462
v -0.17440 0.07680 -0.08780 0.55201 0.35153 0.19462
v -0.17512 0.07824 -0.08532 0.55201 0.35153 0.19462
v -0.17674 0.07594 -0.08694 0.55201 0.35153 0.19462
v -0.17512 0.07824 -0.08532 0.55201 0.35153 0.19462
v -0.17760 0.07680 -0.08460 0.55201 0.35153 0.19462
v -0.17674 0.07594 -0.08694 0.55201 0.35153 0.19462
v -0.02400 0.07680 -0.08460 0.55201 0.35153 0.19462
v -0.02361 0.07719 -0.08140 0.55201 0.35153 0.19462
v -0.02648 0.07824 -0.08532 0.55201 0.35153 0.19462
v -0.02361 0.07719 -0.08140 0.55201 0.35153 0.19462
v -0.02611 0.07899 -0.08140 0.55201 0.35153 0.19462
v -0.02648 0.07824 -0.08532 0.55201 0.35153 0.19462
v -0.02648 0.07824 -0.08532 0.55201 0.35153 0.19462
v -0.02611 0.07899 -0.08140 0.55201 0.35153 0.19462
v -0.03040 0.07899 -0.08569 0.55201 0.35153 0.19462
v -0.02611 0.07899 -0.08140 0.55201 0.35153 0.19462
v -0.03040 0.08000 -0.08140 0.55201 0.35153 0.19462
v -0.03040 0.07899 -0.08569 0.55201 0.35153 0.19462
v -0.03040 0.07899 -0.08569 0.55201 0.35153 0.19462
v -0.03040 0.08000 -0.08140 0.55201 0.35153 0.19462
v -0.17120 0.07899 -0.08569 0.55201 0.35153 0.19462
v -0.03040 0.08000 -0.08140 0.55201 0.35153 0.19462
v -0.17120 0.08000 -0.08140 0.55201 0.35153 0.19462
v -0.17120 0.07899 -0.08569 0.55201 0.35153 0.19462
v -0.17120 0.07899 -0.08569 0.55201 0.35153 0.19462
v -0.17120 0.08000 -0.08140 0.55201 0.35153 0.19462
v -0.17512 0.07824 -0.08532 0.55201 0.35153 0.19462
v -0.17120 0.08000 -0.08140 0.55201 0.35153 0.19462
v -0.17549 0.07899 -0.08140 0.55201 0.35153 0.19462
v -0.17512 0.07824 -0.08532 0.55201 0.35153 0.19462
v -0.17512 0.07824 -0.08532 0.55201 0.35153 0.19462
v -0.17549 0.07899 -0.08140 0.55201 0.35153 0.19462
v -0.17760 0.07680 -0.08460 0.55201 0.35153 0.19462
v -0.17549 0.07899 -0.08140 0.55201 0.35153 0.19462
v -0.17799 0.07719 -0.08140 0.55201 0.35153 0.19462
v -0.17760 0.07680 -0.08460 0.55201 0.35153 0.19462
v -0.02361 0.07719 -0.08140 0.55201 0.35153 0.19462
v -0.02361 0.07719 0.15940 0.55201 0.35153 0.19462
v -0.02611 0.07899 -0.08140 0.55201 0.35153 0.19462
v -0.02361 0.07719 0.15940 0.55201 0.35153 0.19462
v -0.02611 0.07899 0.15940 0.55201 0.35153 0.19462
v -0.02611 0.07899 -0.08140 0.55201 0.35153 0.19462
v -0.02611 0.07899 -0.08140 0.55201 0.35153 0.19462
v -0.02611 0.07899 0.15940 0.55201 0.35153 0.19462
v -0.03040 0.08000 -0.08140 0.55201 0.35153 0.19462
v -0.02611 0.07899 0.15940 0.55201 0.35153 0.19462
v -0.03040 0.08000 0.15940 0.55201 0.35153 0.19462
v -0.03040 0.08000 -0.08140 0.55201 0.35153 0.19462
v -0.03040 0.08000 -0.08140 0.55201 0.35153 0.19462
v -0.03040 0.08000 0.15940 0.55201 0.35153 0.19462
v -0.17120 0.08000 -0.08140 0.55201 0.35153 0.19462
v -0.03040 0.08000 0.15940 0.55201 0.35153 0.19462
v -0.17120 0.08000 0.15940 0.55201 0.35153 0.19462
v -0.17120 0.08000 -0.08140 0.55201 0.35153 0.19462
v -0.17120 0.08000 -0.08140 0.55201 0.35153 0.19462
v -0.17120 0.08000 0.15940 0.55201 0.35153 0.19462
v -0.17549 0.07899 -0.08140 0.55201 0.35153 0.19462
v -0.17120 0.08000 0.15940 0.55201 0.35153 0.19462
v -0.17549 0.07899 0.15940 0.55201 0.35153 0.19462
v -0.17549 0.07899 -0.08140 0.55201 0.35153 0.19462
v -0.17549 0.07899 -0.08140 0.55201 0.35153 0.19462
v -0.17549 0.07899 0.15940 0.55201 0.35153 0.19462
v -0.17799 0.07719 -0.08140 0.55201 0.35153 0.19462
v -0.17549 0.07899 0.15940 0.55201 0.35153 0.19462
v -0.17799 0.07719 0.15940 0.55201 0.35153 0.19462
v -0.17799 0.07719 -0.08140 0.55201 0.35153 0.19462
v -0.02361 0.07719 0.15940 0.55201 0.35153 0.19462
v -0.02400 0.07680 0.16260 0.55201 0.35153 0.19462
v -0.02611 0.07899 0.15940 0.55201 0.35153 0.19462
v -0.02400 0.07680 0.16260 0.55201 0.35153 0.19462
v -0.02648 0.07824 0.16332 0.55201 0.35153 0.19462
v -0.02611 0.07899 0.15940 0.55201 0.35153 0.19462
v -0.02611 0.07899 0.15940 0.55201 0.35153 0.19462
v -0.02648 0.07824 0.16332 0.55201 0.35153 0.19462
v -0.03040 0.08000 0.15940 0.55201 0.35153 0.19462
v -0.02648 0.07824 0.16332 0.55201 0.35153 0.19462
v -0.03040 0.07899 0.16369 0.55201 0.35153 0.19462
v -0.03040 0.08000 0.15940 0.55201 0.35153 0.19462
v -0.03040 0.08000 0.15940 0.55201 0.35153 0.19462
v -0.03040 0.07899 0.16369 0.55201 0.35153 0.19462
v -0.17120 0.08000 0.15940 0.55201 0.35153 0.19462
v -0.03040 0.07899 0.16369 0.55201 0.35153 0.19462
v -0.17120 0.07899 0.16369 0.55201 0.35153 0.19462
v -0.17120 0.08000 0.15940 0.55201 0.35153 0.19462
v -0.17120 0.08000 0.15940 0.55201 0.35153 0.19462
v -0.17120 0.07899 0.16369 0.55201 0.35153 0.19462
v -0.17549 0.07899 0.15940 0.55201 0.35153 0.19462
v -0.17120 0.07899 0.16369 0.55201 0.35153 0.19462
v -0.17512 0.07824 0.16332 0.55201 0.35153 0.19462
v -0.17549 0.07899 0.15940 0.55201 0.35153 0.19462
v -0.17549 0.07899 0.15940 0.55201 0.35153 0.19462
v -0.17512 0.07824 0.16332 0.55201 0.35153 0.19462
v -0.17799 0.07719 0.15940 0.55201 0.35153 0.19462
v -0.17512 0.07824 0.16332 0.55201 0.35153 0.19462
v -0.17760 0.07680 0.16260 0.55201 0.35153 0.19462
v -0.17799 0.07719 0.15940 0.55201 0.35153 0.19462
v -0.02400 0.07680 0.16260 0.55201 0.35153 0.19462
v -0.02486 0.07594 0.16494 0.55201 0.35153 0.19462
v -0.02648 0.07824 0.16332 0.55201 0.35153 0.19462
v -0.02486 0.07594 0.16494 0.55201 0.35153 0.19462
v -0.02720 0.07680 0.16580 0.55201 0.35153 0.19462
v -0.02648 0.07824 0.16332 0.55201 0.35153 0.19462
v -0.02648 0.07824 0.16332 0.55201 0.35153 0.19462
v -0.02720 0.07680 0.16580 0.55201 0.35153 0.19462
v -0.03040 0.07899 0.16369 0.55201 0.35153 0.19462
v -0.02720 0.07680 0.16580 0.55201 0.35153 0.19462
v -0.03040 0.07719 0.16619 0.55201 0.35153 0.19462
v -0.03040 0.07899 0.16369 0.55201 0.35153 0.19462
v -0.03040 0.07899 0.16369 0.55201 0.35153 0.19462
v -0.03040 0.07719 0.16619 0.55201 0.35153 0.19462
v -0.17120 0.07899 0.16369 0.55201 0.35153 0.19462
v -0.03040 0.07719 0.16619 0.55201 0.35153 0.19462
v -0.17120 0.07719 0.16619 0.55201 0.35153 0.19462
v -0.17120 0.07899 0.16369 0.55201 0.35153 0.19462
v -0.17120 0.07899 0.16369 0.55201 0.35153 0.19462
v -0.17120 0.07719 0.16619 0.55201 0.35153 0.19462
v -0.17512 0.07824 0.16332 0.55201 0.35153 0.19462
v -0.17120 0.07719 0.16619 0.55201 0.35153 0.19462
v -0.17440 0.07680 0.16580 0.55201 0.35153 0.19462
v -0.17512 0.07824 0.16332 0.55201 0.35153 0.19462
v -0.17512 0.07824 0.16332 0.55201 0.35153 0.19462
v -0.17440 0.07680 0.16580 0.55201 0.35153 0.19462
v -0.17760 0.07680 0.16260 0.55201 0.35153 0.19462
v -0.17440 0.07680 0.16580 0.55201 0.35153 0.19462
v -0.17674 0.07594 0.16494 0.55201 0.35153 0.19462
v -0.17760 0.07680 0.16260 0.55201 0.35153 0.19462
v -0.02486 0.00406 0.16494 0.55201 0.35153 0.19462
v -0.02400 0.00320 0.16260 0.55201 0.35153 0.19462
v -0.02720 0.00320 0.16580 0.55201 0.35153 0.19462
v -0.02400 0.00320 0.16260 0.55201 0.35153 0.19462
v -0.02648 0.00176 0.16332 0.55201 0.35153 0.19462
v -0.02720 0.00320 0.16580 0.55201 0.35153 0.19462
v -0.02720 0.00320 0.16580 0.55201 0.35153 0.19462
v -0.02648 0.00176 0.16332 0.55201 0.35153 0.19462
v -0.03040 0.00281 0.16619 0.55201 0.35153 0.19462
v -0.02648 0.00176 0.16332 0.55201 0.35153 0.19462
v -0.03040 0.00101 0.16369 0.55201 0.35153 0.19462
v -0.03040 0.00281 0.16619 0.55201 0.35153 0.19462
v -0.03040 0.00281 0.16619 0.55201 0.35153 0.19462
v -0.03040 0.00101 0.16369 0.55201 0.35153 0.19462
v -0.17120 0.00281 0.16619 0.55201 0.35153 0.19462
v -0.03040 0.00101 0.16369 0.55201 0.35153 0.19462
v -0.17120 0.00101 0.16369 0.55201 0.35153 0.19462
v -0.17120 0.00281 0.16619 0.55201 0.35153 0.19462
v -0.17120 0.00281 0.16619 0.55201 0.35153 0.19462
v -0.17120 0.00101 0.16369 0.55201 0.35153 0.19462
v -0.17440 0.00320 0.16580 0.55201 0.35153 0.19462
v -0.17120 0.00101 0.16369 0.55201 0.35153 0.19462
v -0.17512 0.00176 0.16332 0.55201 0.35153 0.19462
v -0.17440 0.00320 0.16580 0.55201 0.35153 0.19462
v -0.17440 0.00320 0.16580 0.55201 0.35153 0.19462
v -0.17512 0.00176 0.16332 0.55201 0.35153 0.19462
v -0.17674 0.00406 0.16494 0.55201 0.35153 0.19462
v -0.17512 0.00176 0.16332 0.55201 0.35153 0.19462
v -0.17760 0.00320 0.16260 0.55201 0.35153 0.19462
v -0.17674 0.00406 0.16494 0.55201 0.35153 0.19462
v -0.02400 0.00320 0.16260 0.55201 0.35153 0.19462
v -0.02361 0.00281 0.15940 0.55201 0.35153 0.19462
v -0.02648 0.00176 0.16332 0.55201 0.35153 0.19462
v -0.02361 0.00281 0.15940 0.55201 0.35153 0.19462
v -0.02611 0.00101 0.15940 0.55201 0.35153 0.19462
v -0.02648 0.00176 0.16332 0.55201 0.35153 0.19462
v -0.02648 0.00176 0.16332 0.55201 0.35153 0.19462
v -0.02611 0.00101 0.15940 0.55201 0.35153 0.19462
v -0.03040 0.00101 0.16369 0.55201 0.35153 0.19462
v -0.02611 0.00101 0.15940 0.55201 0.35153 0.19462
v -0.03040 0.00000 0.15940 0.55201 0.35153 0.19462
v -0.03040 0.00101 0.16369 0.55201 0.35153 0.19462
v -0.03040 0.00101 0.16369 0.55201 0.35153 0.19462
v -0.03040 0.00000 0.15940 0.55201 0.35153 0.19462
v -0.17120 0.00101 0.16369 0.55201 0.35153 0.19462
v -0.03040 0.00000 0.15940 0.55201 0.35153 0.19462
v -0.17120 0.00000 0.15940 0.55201 0.35153 0.19462
v -0.17120 0.00101 0.16369 0.55201 0.35153 0.19462
v -0.17120 0.00101 0.16369 0.55201 0.35153 0.19462
v -0.17120 0.00000 0.15940 0.55201 0.35153 0.19462
v -0.17512 0.00176 0.16332 0.55201 0.35153 0.19462
v -0.17120 0.00000 0.15940 0.55201 0.35153 0.19462
v -0.17549 0.00101 0.15940 0.55201 0.35153 0.19462
v -0.17512 0.00176 0.16332 0.55201 0.35153 0.19462
v -0.17512 0.00176 0.16332 0.55201 0.35153 0.19462
v -0.17549 0.00101 0.15940 0.55201 0.35153 0.19462
v -0.17760 0.00320 0.16260 0.55201 0.35153 0.19462
v -0.17549 0.00101 0.15940 0.55201 0.35153 0.19462
v -0.17799 0.00281 0.15940 0.55201 0.35153 0.19462
v -0.17760 0.00320 0.16260 0.55201 0.35153 0.19462
v -0.02361 0.00281 0.15940 0.55201 0.35153 0.19462
v -0.02361 0.00281 -0.08140 0.55201 0.35153 0.19462
v -0.02611 0.00101 0.15940 0.55201 0.35153 0.19462
v -0.02361 0.00281 -0.08140 0.55201 0.35153 0.19462
v -0.02611 0.00101 -0.08140 0.55201 0.35153 0.19462
v -0.02611 0.00101 0.15940 0.55201 0.35153 0.19462
v -0.02611 0.00101 0.15940 0.55201 0.35153 0.19462
v -0.02611 0.00101 -0.08140 0.55201 0.35153 0.19462
v -0.03040 0.00000 0.15940 0.55201 0.35153 0.19462
v -0.02611 0.00101 -0.08140 0.55201 0.35153 0.19462
v -0.03040 0.00000 -0.08140 0.55201 0.35153 0.19462
v -0.03040 0.00000 0.15940 0.55201 0.35153 0.19462
v -0.03040 0.00000 0.15940 0.55201 0.35153 0.19462
v -0.03040 0.00000 -0.08140 0.55201 0.35153 0.19462
v -0.17120 0.00000 0.15940 0.55201 0.35153 0.19462
v -0.03040 0.00000 -0.08140 0.55201 0.35153 0.19462
v -0.17120 0.00000 -0.08140 0.55201 0.35153 0.19462
v -0.17120 0.00000 0.15940 0.55201 0.35153 0.19462
v -0.17120 0.00000 0.15940 0.55201 0.35153 0.19462
v -0.17120 0.00000 -0.08140 0.55201 0.35153 0.19462
v -0.17549 0.00101 0.15940 0.55201 0.35153 0.19462
v -0.17120 0.00000 -0.08140 0.55201 0.35153 0.19462
v -0.17549 0.00101 -0.08140 0.55201 0.35153 0.19462
v -0.17549 0.00101 0.15940 0.55201 0.35153 0.19462
v -0.17549 0.00101 0.15940 0.55201 0.35153 0.19462
v -0.17549 0.00101 -0.08140 0.55201 0.35153 0.19462
v -0.17799 0.00281 0.15940 0.55201 0.35153 0.19462
v -0.17549 0.00101 -0.08140 0.55201 0.35153 0.19462
v -0.17799 0.00281 -0.08140 0.55201 0.35153 0.19462
v -0.17799 0.00281 0.15940 0.55201 0.35153 0.19462
v -0.02361 0.00281 -0.08140 0.55201 0.35153 0.19462
v -0.02400 0.00320 -0.08460 0.55201 0.35153 0.19462
v -0.02611 0.00101 -0.08140 0.55201 0.35153 0.19462
v -0.02400 0.00320 -0.08460 0.55201 0.35153 0.19462
v -0.02648 0.00176 -0.08532 0.55201 0.35153 0.19462
v -0.02611 0.00101 -0.08140 0.55201 0.35153 0.19462
v -0.02611 0.00101 -0.08140 0.55201 0.35153 0.19462
v -0.02648 0.00176 -0.08532 0.55201 0.35153 0.19462
v -0.03040 0.00000 -0.08140 0.55201 0.35153 0.19462
v -0.02648 0.00176 -0.08532 0.55201 0.35153 0.19462
v -0.03040 0.00101 -0.08569 0.55201 0.35153 0.19462
v -0.03040 0.00000 -0.08140 0.55201 0.35153 0.19462
v -0.03040 0.00000 -0.08140 0.55201 0.35153 0.19462
v -0.03040 0.00101 -0.08569 0.55201 0.35153 0.19462
v -0.17120 0.00000 -0.08140 0.55201 0.35153 0.19462
v -0.03040 0.00101 -0.08569 0.55201 0.35153 0.19462
v -0.17120 0.00101 -0.08569 0.55201 0.35153 0.19462
v -0.17120 0.00000 -0.08140 0.55201 0.35153 0.19462
v -0.17120 0.00000 -0.08140 0.55201 0.35153 0.19462
v -0.17120 0.00101 -0.08569 0.55201 0.35153 0.19462
v -0.17549 0.00101 -0.08140 0.55201 0.35153 0.19462
v -0.17120 0.00101 -0.08569 0.55201 0.35153 0.19462
v -0.17512 0.00176 -0.08532 0.55201 0.35153 0.19462
v -0.17549 0.00101 -0.08140 0.55201 0.35153 0.19462
v -0.17549 0.00101 -0.08140 0.55201 0.35153 0.19462
v -0.17512 0.00176 -0.08532 0.55201 0.35153 0.19462
v -0.17799 0.00281 -0.08140 0.55201 0.35153 0.19462
v -0.17512 0.00176 -0.08532 0.55201 0.35153 0.19462
v -0.17760 0.00320 -0.08460 0.55201 0.35153 0.19462
v -0.17799 0.00281 -0.08140 0.55201 0.35153 0.19462
v -0.02400 0.00320 -0.08460 0.55201 0.35153 0.19462
v -0.02486 0.00406 -0.08694 0.55201 0.35153 0.19462
v -0.02648 0.00176 -0.08532 0.55201 0.35153 0.19462
v -0.02486 0.00406 -0.08694 0.55201 0.35153 0.19462
v -0.02720 0.00320 -0.08780 0.55201 0.35153 0.19462
v -0.02648 0.00176 -0.08532 0.55201 0.35153 0.19462
v -0.02648 0.00176 -0.08532 0.55201 0.35153 0.19462
v -0.02720 0.00320 -0.08780 0.55201 0.35153 0.19462
v -0.03040 0.00101 -0.08569 0.55201 0.35153 0.19462
v -0.02720 0.00320 -0.08780 0.55201 0.35153 0.19462
v -0.03040 0.00281 -0.08819 0.55201 0.35153 0.19462
v -0.03040 0.00101 -0.08569 0.55201 0.35153 0.19462
v -0.03040 0.00101 -0.08569 0.55201 0.35153 0.19462
v -0.03040 0.00281 -0.08819 0.55201 0.35153 0.19462
v -0.17120 0.00101 -0.08569 0.55201 0.35153 0.19462
v -0.03040 0.00281 -0.08819 0.55201 0.35153 0.19462
v -0.17120 0.00281 -0.08819 0.55201 0.35153 0.19462
v -0.17120 0.00101 -0.08569 0.55201 0.35153 0.19462
v -0.17120 0.00101 -0.08569 0.55201 0.35153 0.19462
v -0.17120 0.00281 -0.08819 0.55201 0.35153 0.19462
v -0.17512 0.00176 -0.08532 0.55201 0.35153 0.19462
v -0.17120 0.00281 -0.08819 0.55201 0.35153 0.19462
v -0.17440 0.00320 -0.08780 0.55201 0.35153 0.19462
v -0.17512 0.00176 -0.08532 0.55201 0.35153 0.19462
v -0.17512 0.00176 -0.08532 0.55201 0.35153 0.19462
v -0.17440 0.00320 -0.08780 0.55201 0.35153 0.19462
v -0.17760 0.00320 -0.08460 0.55201 0.35153 0.19462
v -0.17440 0.00320 -0.08780 0.55201 0.35153 0.19462
v -0.17674 0.00406 -0.08694 0.55201 0.35153 0.19462
v -0.17760 0.00320 -0.08460 0.55201 0.35153 0.19462
v -0.02486 0.07594 0.16494 0.55201 0.35153 0.19462
v -0.02400 0.07360 0.16580 0.55201 0.35153 0.19462
v -0.02720 0.07680 0.16580 0.55201 0.35153 0.19462
v -0.02400 0.07360 0.16580 0.55201 0.35153 0.19462
v -0.02648 0.07432 0.16724 0.55201 0.35153 0.19462
v -0.02720 0.07680 0.16580 0.55201 0.35153 0.19462
v -0.02720 0.07680 0.16580 0.55201 0.35153 0.19462
v -0.02648 0.07432 0.16724 0.55201 0.35153 0.19462
v -0.03040 0.07719 0.16619 0.55201 0.35153 0.19462
v -0.02648 0.07432 0.16724 0.55201 0.35153 0.19462
v -0.03040 0.07469 0.16799 0.55201 0.35153 0.19462
v -0.03040 0.07719 0.16619 0.55201 0.35153 0.19462
v -0.03040 0.07719 0.16619 0.55201 0.35153 0.19462
v -0.03040 0.07469 0.16799 0.55201 0.35153 0.19462
v -0.17120 0.07719 0.16619 0.55201 0.35153 0.19462
v -0.03040 0.07469 0.16799 0.55201 0.35153 0.19462
v -0.17120 0.07469 0.16799 0.55201 0.35153 0.19462
v -0.17120 0.07719 0.16619 0.55201 0.35153 0.19462
v -0.17120 0.07719 0.16619 0.55201 0.35153 0.19462
v -0.17120 0.07469 0.16799 0.55201 0.35153 0.19462
v -0.17440 0.07680 0.16580 0.55201 0.35153 0.19462
v -0.17120 0.07469 0.16799 0.55201 0.35153 0.19462
v -0.17512 0.07432 0.16724 0.55201 0.35153 0.19462
v -0.17440 0.07680 0.16580 0.55201 0.35153 0.19462
v -0.17440 0.07680 0.16580 0.55201 0.35153 0.19462
v -0.17512 0.07432 0.16724 0.55201 0.35153 0.19462
v -0.17674 0.07594 0.16494 0.55201 0.35153 0.19462
v -0.17512 0.07432 0.16724 0.55201 0.35153 0.19462
v -0.17760 0.07360 0.16580 0.55201 0.35153 0.19462
v -0.17674 0.07594 0.16494 0.55201 0.35153 0.19462
v -0.02400 0.07360 0.16580 0.55201 0.35153 0.19462
v -0.02361 0.07040 0.16619 0.55201 0.35153 0.19462
v -0.02648 0.07432 0.16724 0.55201 0.35153 0.19462
v -0.02361 0.07040 0.16619 0.55201 0.35153 0.19462
v -0.02611 0.07040 0.16799 0.55201 0.35153 0.19462
v -0.02648 0.07432 0.16724 0.55201 0.35153 0.19462
v -0.02648 0.07432 0.16724 0.55201 0.35153 0.19462
v -0.02611 0.07040 0.16799 0.55201 0.35153 0.19462
v -0.03040 0.07469 0.16799 0.55201 0.35153 0.19462
v -0.02611 0.07040 0.16799 0.55201 0.35153 0.19462
v -0.03040 0.07040 0.16900 0.55201 0.35153 0.19462
v -0.03040 0.07469 0.16799 0.55201 0.35153 0.19462
v -0.03040 0.07469 0.16799 0.55201 0.35153 0.19462
v -0.03040 0.07040 0.16900 0.55201 0.35153 0.19462
v -0.17120 0.07469 0.16799 0.55201 0.35153 0.19462
v -0.03040 0.07040 0.16900 0.55201 0.35153 0.19462
v -0.17120 0.07040 0.16900 0.55201 0.35153 0.19462
v -0.17120 0.07469 0.16799 0.55201 0.35153 0.19462
v -0.17120 0.07469 0.16799 0.55201 0.35153 0.19462
v -0.17120 0.07040 0.16900 0.55201 0.35153 0.19462
v -0.17512 0.07432 0.16724 0.55201 0.35153 0.19462
v -0.17120 0.07040 0.16900 0.55201 0.35153 0.19462
v -0.17549 0.07040 0.16799 0.55201 0.35153 0.19462
v -0.17512 0.07432 0.16724 0.55201 0.35153 0.19462
v -0.17512 0.07432 0.16724 0.55201 0.35153 0.19462
v -0.17549 0.07040 0.16799 0.55201 0.35153 0.19462
v -0.17760 0.07360 0.16580 0.55201 0.35153 0.19462
v -0.17549 0.07040 0.16799 0.55201 0.35153 0.19462
v -0.17799 0.07040 0.16619 0.55201 0.35153 0.19462
v -0.17760 0.07360 0.16580 0.55201 0.35153 0.19462
v -0.02361 0.07040 0.16619 0.55201 0.35153 0.19462
v -0.02361 0.00960 0.16619 0.55201 0.35153 0.19462
v -0.02611 0.07040 0.16799 0.55201 0.35153 0.19462
v -0.02361 0.00960 0.16619 0.55201 0.35153 0.19462
v -0.02611 0.00960 0.16799 0.55201 0.35153 0.19462
v -0.02611 0.07040 0.16799 0.55201 0.35153 0.19462
v -0.02611 0.07040 0.16799 0.55201 0.35153 0.19462
v -0.02611 0.00960 0.16799 0.55201 0.35153 0.19462
v -0.03040 0.07040 0.16900 0.55201 0.35153 0.19462
v -0.02611 0.00960 0.16799 0.55201 0.35153 0.19462
v -0.03040 0.00960 0.16900 0.55201 0.35153 0.19462
v -0.03040 0.07040 0.16900 0.55201 0.35153 0.19462
v -0.03040 0.07040 0.16900 0.55201 0.35153 0.19462
v -0.03040 0.00960 0.16900 0.55201 0.35153 0.19462
v -0.17120 0.07040 0.16900 0.55201 0.35153 0.19462
v -0.03040 0.00960 0.16900 0.55201 0.35153 0.19462
v -0.17120 0.00960 0.16900 0.55201 0.35153 0.19462
v -0.17120 0.07040 0.16900 0.55201 0.35153 0.19462
v -0.17120 0.07040 0.16900 0.55201 0.35153 0.19462
v -0.17120 0.00960 0.16900 0.55201 0.35153 0.19462
v -0.17549 0.07040 0.16799 0.55201 0.35153 0.19462
v -0.17120 0.00960 0.16900 0.55201 0.35153 0.19462
v -0.17549 0.00960 0.16799 0.55201 0.35153 0.19462
v -0.17549 0.07040 0.16799 0.55201 0.35153 0.19462
v -0.17549 0.07040 0.16799 0.55201 0.35153 0.19462
v -0.17549 0.00960 0.16799 0.55201 0.35153 0.19462
v -0.17799 0.07040 0.16619 0.55201 0.35153 0.19462
v -0.17549 0.00960 0.16799 0.55201 0.35153 0.19462
v -0.17799 0.00960 0.16619 0.55201 0.35153 0.19462
v -0.17799 0.07040 0.16619 0.55201 0.35153 0.19462
v -0.02361 0.00960 0.16619 0.55201 0.35153 0.19462
v -0.02400 0.00640 0.16580 0.55201 0.35153 0.19462
v -0.02611 0.00960 0.16799 0.55201 0.35153 0.19462
v -0.02400 0.00640 0.16580 0.55201 0.35153 0.19462
v -0.02648 0.00568 0.16724 0.55201 0.35153 0.19462
v -0.02611 0.00960 0.16799 0.55201 0.35153 0.19462
v -0.02611 0.00960 0.16799 0.55201 0.35153 0.19462
v -0.02648 0.00568 0.16724 0.55201 0.35153 0.19462
v -0.03040 0.00960 0.16900 0.55201 0.35153 0.19462
v -0.02648 0.00568 0.16724 0.55201 0.35153 0.19462
v -0.03040 0.00531 0.16799 0.55201 0.35153 0.19462
v -0.03040 0.00960 0.16900 0.55201 0.35153 0.19462
v -0.03040 0.00960 0.16900 0.55201 0.35153 0.19462
v -0.03040 0.00531 0.16799 0.55201 0.35153 0.19462
v -0.17120 0.00960 0.16900 0.55201 0.35153 0.19462
v -0.03040 0.00531 0.16799 0.55201 0.35153 0.19462
v -0.17120 0.00531 0.16799 0.55201 0.35153 0.19462
v -0.17120 0.00960 0.16900 0.55201 0.35153 0.19462
v -0.17120 0.00960 0.16900 0.55201 0.35153 0.19462
v -0.17120 0.00531 0.16799 0.55201 0.35153 0.19462
v -0.17549 0.00960 0.16799 0.55201 0.35153 0.19462
v -0.17120 0.00531 0.16799 0.55201 0.35153 0.19462
v -0.17512 0.00568 0.16724 0.55201 0.35153 0.19462
v -0.17549 0.00960 0.16799 0.55201 0.35153 0.19462
v -0.17549 0.00960 0.16799 0.55201 0.35153 0.19462
v -0.17512 0.00568 0.16724 0.55201 0.35153 0.19462
v -0.17799 0.00960 0.16619 0.55201 0.35153 0.19462
v -0.17512 0.00568 0.16724 0.55201 0.35153 0.19462
v -0.17760 0.00640 0.16580 0.55201 0.35153 0.19462
v -0.17799 0.00960 0.16619 0.55201 0.35153 0.19462
v -0.02400 0.00640 0.16580 0.55201 0.35153 0.19462
v -0.02486 0.00406 0.16494 0.55201 0.35153 0.19462
v -0.02648 0.00568 0.16724 0.55201 0.35153 0.19462
v -0.02486 0.00406 0.16494 0.55201 0.35153 0.19462
v -0.02720 0.00320 0.16580 0.55201 0.35153 0.19462
v -0.02648 0.00568 0.16724 0.55201 0.35153 0.19462
v -0.02648 0.00568 0.16724 0.55201 0.35153 0.19462
v -0.02720 0.00320 0.16580 0.55201 0.35153 0.19462
v -0.03040 0.00531 0.16799 0.55201 0.35153 0.19462
v -0.02720 0.00320 0.16580 0.55201 0.35153 0.19462
v -0.03040 0.00281 0.16619 0.55201 0.35153 0.19462
v -0.03040 0.00531 0.16799 0.55201 0.35153 0.19462
v -0.03040 0.00531 0.16799 0.55201 0.35153 0.19462
v -0.03040 0.00281 0.16619 0.55201 0.35153 0.19462
v -0.17120 0.00531 0.16799 0.55201 0.35153 0.19462
v -0.03040 0.00281 0.16619 0.55201 0.35153 0.19462
v -0.17120 0.00281 0.16619 0.55201 0.35153 0.19462
v -0.17120 0.00531 0.16799 0.55201 0.35153 0.19462
v -0.17120 0.00531 0.16799 0.55201 0.35153 0.19462
v -0.17120 0.00281 0.16619 0.55201 0.35153 0.19462
v -0.17512 0.00568 0.16724 0.55201 0.35153 0.19462
v -0.17120 0.00281 0.16619 0.55201 0.35153 0.19462
v -0.17440 0.00320 0.16580 0.55201 0.35153 0.19462
v -0.17512 0.00568 0.16724 0.55201 0.35153 0.19462
v -0.17512 0.00568 0.16724 0.55201 0.35153 0.19462
v -0.17440 0.00320 0.16580 0.55201 0.35153 0.19462
v -0.17760 0.00640 0.16580 0.55201 0.35153 0.19462
v -0.17440 0.00320 0.16580 0.55201 0.35153 0.19462
v -0.17674 0.00406 0.16494 0.55201 0.35153 0.19462
v -0.17760 0.00640 0.16580 0.55201 0.35153 0.19462
v -0.17674 0.07594 -0.08694 0.55201 0.35153 0.19462
v -0.17760 0.07360 -0.08780 0.55201 0.35153 0.19462
v -0.17440 0.07680 -0.08780 0.55201 0.35153 0.19462
v -0.17760 0.07360 -0.08780 0.55201 0.35153 0.19462
v -0.17512 0.07432 -0.08924 0.55201 0.35153 0.19462
v -0.17440 0.07680 -0.08780 0.55201 0.35153 0.19462
v -0.17440 0.07680 -0.08780 0.55201 0.35153 0.19462
v -0.17512 0.07432 -0.08924 0.55201 0.35153 0.19462
v -0.17120 0.07719 -0.08819 0.55201 0.35153 0.19462
v -0.17512 0.07432 -0.08924 0.55201 0.35153 0.19462
v -0.17120 0.07469 -0.08999 0.55201 0.35153 0.19462
v -0.17120 0.07719 -0.08819 0.55201 0.35153 0.19462
v -0.17120 0.07719 -0.08819 0.55201 0.35153 0.19462
v -0.17120 0.07469 -0.08999 0.55201 0.35153 0.19462
v -0.03040 0.07719 -0.08819 0.55201 0.35153 0.19462
v -0.17120 0.07469 -0.08999 0.55201 0.35153 0.19462
v -0.03040 0.07469 -0.08999 0.55201 0.35153 0.19462
v -0.03040 0.07719 -0.08819 0.55201 0.35153 0.19462
v -0.03040 0.07719 -0.08819 0.55201 0.35153 0.19462
v -0.03040 0.07469 -0.08999 0.55201 0.35153 0.19462
v -0.02720 0.07680 -0.08780 0.55201 0.35153 0.19462
v -0.03040 0.07469 -0.08999 0.55201 0.35153 0.19462
v -0.02648 0.07432 -0.08924 0.55201 0.35153 0.19462
v -0.02720 0.07680 -0.08780 0.55201 0.35153 0.19462
v -0.02720 0.07680 -0.08780 0.55201 0.35153 0.19462
v -0.02648 0.07432 -0.08924 0.55201 0.35153 0.19462
v -0.02486 0.07594 -0.08694 0.55201 0.35153 0.19462
v -0.02648 0.07432 -0.08924 0.55201 0.35153 0.19462
v -0.02400 0.07360 -0.08780 0.55201 0.35153 0.19462
v -0.02486 0.07594 -0.08694 0.55201 0.35153 0.19462
v -0.17760 0.07360 -0.08780 0.55201 0.35153 0.19462
v -0.17799 0.07040 -0.08819 0.55201 0.35153 0.19462
v -0.17512 0.07432 -0.08924 0.55201 0.35153 0.19462
v -0.17799 0.07040 -0.08819 0.55201 0.35153 0.19462
v -0.17549 0.07040 -0.08999 0.55201 0.35153 0.19462
v -0.17512 0.07432 -0.08924 0.55201 0.35153 0.19462
v -0.17512 0.07432 -0.08924 0.55201 0.35153 0.19462
v -0.17549 0.07040 -0.08999 0.55201 0.35153 0.19462
v -0.17120 0.07469 -0.08999 0.55201 0.35153 0.19462
v -0.17549 0.07040 -0.08999 0.55201 0.35153 0.19462
v -0.17120 0.07040 -0.09100 0.55201 0.35153 0.19462
v -0.17120 0.07469 -0.08999 0.55201 0.35153 0.19462
v -0.17120 0.07469 -0.08999 0.55201 0.35153 0.19462
v -0.17120 0.07040 -0.09100 0.55201 0.35153 0.19462
v -0.03040 0.07469 -0.08999 0.55201 0.35153 0.19462
v -0.17120 0.07040 -0.09100 0.55201 0.35153 0.19462
v -0.03040 0.07040 -0.09100 0.55201 0.35153 0.19462
v -0.03040 0.07469 -0.08999 0.55201 0.35153 0.19462
v -0.03040 0.07469 -0.08999 0.55201 0.35153 0.19462
v -0.03040 0.07040 -0.09100 0.55201 0.35153 0.19462
v -0.02648 0.07432 -0.08924 0.55201 0.35153 0.19462
v -0.03040 0.07040 -0.09100 0.55201 0.35153 0.19462
v -0.02611 0.07040 -0.08999 0.55201 0.35153 0.19462
v -0.02648 0.07432 -0.08924 0.55201 0.35153 0.19462
v -0.02648 0.07432 -0.08924 0.55201 0.35153 0.19462
v -0.02611 0.07040 -0.08999 0.55201 0.35153 0.19462
v -0.02400 0.07360 -0.08780 0.55201 0.35153 0.19462
v -0.02611 0.07040 -0.08999 0.55201 0.35153 0.19462
v -0.02361 0.07040 -0.08819 0.55201 0.35153 0.19462
v -0.02400 0.07360 -0.08780 0.55201 0.35153 0.19462
v -0.17799 0.07040 -0.08819 0.55201 0.35153 0.19462
v -0.17799 0.00960 -0.08819 0.55201 0.35153 0.19462
v -0.17549 0.07040 -0.08999 0.55201 0.35153 0.19462
v -0.17799 0.00960 -0.08819 0.55201 0.35153 0.19462
v -0.17549 0.00960 -0.08999 0.55201 0.35153 0.19462
v -0.17549 0.07040 -0.08999 0.55201 0.35153 0.19462
v -0.17549 0.07040 -0.08999 0.55201 0.35153 0.19462
v -0.17549 0.00960 -0.08999 0.55201 0.35153 0.19462
v -0.17120 0.07040 -0.09100 0.55201 0.35153 0.19462
v -0.17549 0.00960 -0.08999 0.55201 0.35153 0.19462
v -0.17120 0.00960 -0.09100 0.55201 0.35153 0.19462
v -0.17120 0.07040 -0.09100 0.55201 0.35153 0.19462
v -0.17120 0.07040 -0.09100 0.55201 0.35153 0.19462
v -0.17120 0.00960 -0.09100 0.55201 0.35153 0.19462
v -0.03040 0.07040 -0.09100 0.55201 0.35153 0.19462
v -0.17120 0.00960 -0.09100 0.55201 0.35153 0.19462
v -0.03040 0.00960 -0.09100 0.55201 0.35153 0.19462
v -0.03040 0.07040 -0.09100 0.55201 0.35153 0.19462
v -0.03040 0.07040 -0.09100 0.55201 0.35153 0.19462
v -0.03040 0.00960 -0.09100 0.55201 0.35153 0.19462
v -0.02611 0.07040 -0.08999 0.55201 0.35153 0.19462
v -0.03040 0.00960 -0.09100 0.55201 0.35153 0.19462
v -0.02611 0.00960 -0.08999 0.55201 0.35153 0.19462
v -0.02611 0.07040 -0.08999 0.55201 0.35153 0.19462
v -0.02611 0.07040 -0.08999 0.55201 0.35153 0.19462
v -0.02611 0.00960 -0.08999 0.55201 0.35153 0.19462
v -0.02361 0.07040 -0.08819 0.55201 0.35153 0.19462
v -0.02611 0.00960 -0.08999 0.55201 0.35153 0.19462
v -0.02361 0.00960 -0.08819 0.55201 0.35153 0.19462
v -0.02361 0.07040 -0.08819 0.55201 0.35153 0.19462
v -0.17799 0.00960 -0.08819 0.55201 0.35153 0.19462
v -0.17760 0.00640 -0.08780 0.55201 0.35153 0.19462
v -0.17549 0.00960 -0.08999 0.55201 0.35153 0.19462
v -0.17760 0.00640 -0.08780 0.55201 0.35153 0.19462
v -0.17512 0.00568 -0.08924 0.55201 0.35153 0.19462
v -0.17549 0.00960 -0.08999 0.55201 0.35153 0.19462
v -0.17549 0.00960 -0.08999 0.55201 0.35153 0.19462
v -0.17512 0.00568 -0.08924 0.55201 0.35153 0.19462
v -0.17120 0.00960 -0.09100 0.55201 0.35153 0.19462
v -0.17512 0.00568 -0.08924 0.55201 0.35153 0.19462
v -0.17120 0.00531 -0.08999 0.55201 0.35153 0.19462
v -0.17120 0.00960 -0.09100 0.55201 0.35153 0.19462
v -0.17120 0.00960 -0.09100 0.55201 0.35153 0.19462
v -0.17120 0.00531 -0.08999 0.55201 0.35153 0.19462
v -0.03040 0.00960 -0.09100 0.55201 0.35153 0.19462
v -0.17120 0.00531 -0.08999 0.55201 0.35153 0.19462
v -0.03040 0.00531 -0.08999 0.55201 0.35153 0.19462
v -0.03040 0.00960 -0.09100 0.55201 0.35153 0.19462
v -0.03040 0.00960 -0.09100 0.55201 0.35153 0.19462
v -0.03040 0.00531 -0.08999 0.55201 0.35153 0.19462
v -0.02611 0.00960 -0.08999 0.55201 0.35153 0.19462
v -0.03040 0.00531 -0.08999 0.55201 0.35153 0.19462
v -0.02648 0.00568 -0.08924 0.55201 0.35153 0.19462
v -0.02611 0.00960 -0.08999 0.55201 0.35153 0.19462
v -0.02611 0.00960 -0.08999 0.55201 0.35153 0.19462
v -0.02648 0.00568 -0.08924 0.55201 0.35153 0.19462
v -0.02361 0.00960 -0.08819 0.55201 0.35153 0.19462
v -0.02648 0.00568 -0.08924 0.55201 0.35153 0.19462
v -0.02400 0.00640 -0.08780 0.55201 0.35153 0.19462
v -0.02361 0.00960 -0.08819 0.55201 0.35153 0.19462
v -0.17760 0.00640 -0.08780 0.55201 0.35153 0.19462
v -0.17674 0.00406 -0.08694 0.55201 0.35153 0.19462
v -0.17512 0.00568 -0.08924 0.55201 0.35153 0.19462
v -0.17674 0.00406 -0.08694 0.55201 0.35153 0.19462
v -0.17440 0.00320 -0.08780 0.55201 0.35153 0.19462
v -0.17512 0.00568 -0.08924 0.55201 0.35153 0.19462
v -0.17512 0.00568 -0.08924 0.55201 0.35153 0.19462
v -0.17440 0.00320 -0.08780 0.55201 0.35153 0.19462
v -0.17120 0.00531 -0.08999 0.55201 0.35153 0.19462
v -0.17440 0.00320 -0.08780 0.55201 0.35153 0.19462
v -0.17120 0.00281 -0.08819 0.55201 0.35153 0.19462
v -0.17120 0.00531 -0.08999 0.55201 0.35153 0.19462
v -0.17120 0.00531 -0.08999 0.55201 0.35153 0.19462
v -0.17120 0.00281 -0.08819 0.55201 0.35153 0.19462
v -0.03040 0.00531 -0.08999 0.55201 0.35153 0.19462
v -0.17120 0.00281 -0.08819 0.55201 0.35153 0.19462
v -0.03040 0.00281 -0.08819 0.55201 0.35153 0.19462
v -0.03040 0.00531 -0.08999 0.55201 0.35153 0.19462
v -0.03040 0.00531 -0.08999 0.55201 0.35153 0.19462
v -0.03040 0.00281 -0.08819 0.55201 0.35153 0.19462
v -0.02648 0.00568 -0.08924 0.55201 0.35153 0.19462
v -0.03040 0.00281 -0.08819 0.55201 0.35153 0.19462
v -0.02720 0.00320 -0.08780 0.55201 0.35153 0.19462
v -0.02648 0.00568 -0.08924 0.55201 0.35153 0.19462
v -0.02648 0.00568 -0.08924 0.55201 0.35153 0.19462
v -0.02720 0.00320 -0.08780 0.55201 0.35153 0.19462
v -0.02400 0.00640 -0.08780 0.55201 0.35153 0.19462
v -0.02720 0.00320 -0.08780 0.55201 0.35153 0.19462
v -0.02486 0.00406 -0.08694 0.55201 0.35153 0.19462
v -0.02400 0.00640 -0.08780 0.55201 0.35153 0.19462
f 1 3 2
f 4 6 5
f 7 9 8
f 10 12 11
f 13 15 14
f 16 18 17
f 19 21 20
f 22 24 23
f 25 27 26
f 28 30 29
f 31 33 32
f 34 36 35
f 37 39 38
f 40 42 41
f 43 45 44
f 46 48 47
f 49 51 50
f 52 54 53
f 55 57 56
f 58 60 59
f 61 63 62
f 64 66 65
f 67 69 68
f 70 72 71
f 73 75 74
f 76 78 77
f 79 81 80
f 82 84 83
f 85 87 86
f 88 90 89
f 91 93 92
f 94 96 95
f 97 99 98
f 100 102 101
f 103 105 104
f 106 108 107
f 109 111 110
f 112 114 113
f 115 117 116
f 118 120 119
f 121 123 122
f 124 126 125
f 127 129 128
f 130 132 131
f 133 135 134
f 136 138 137
f 139 141 140
f 142 144 143
f 145 147 146
f 148 150 149
f 151 153 152
f 154 156 155
f 157 159 158
f 160 162 161
f 163 165 164
f 166 168 167
f 169 171 170
f 172 174 173
f 175 177 176
f 178 180 179
f 181 183 182
f 184 186 185
f 187 189 188
f 190 192 191
f 193 195 194
f 196 198 197
f 199 201 200
f 202 204 203
f 205 207 206
f 208 210 209
f 211 213 212
f 214 216 215
f 217 219 218
f 220 222 221
f 223 225 224
f 226 228 227
f 229 231 230
f 232 234 233
f 235 237 236
f 238 240 239
f 241 243 242
f 244 246 245
f 247 249 248
f 250 252 251
f 253 255 254
f 256 258 257
f 259 261 260
f 262 264 263
f 265 267 266
f 268 270 269
f 271 273 272
f 274 276 275
f 277 279 278
f 280 282 281
f 283 285 284
f 286 288 287
f 289 291 290
f 292 294 293
f 295 297 296
f 298 300 299
f 301 303 302
f 304 306 305
f 307 309 308
f 310 312 311
f 313 315 314
f 316 318 317
f 319 321 320
f 322 324 323
f 325 327 326
f 328 330 329
f 331 333 332
f 334 336 335
f 337 339 338
f 340 342 341
f 343 345 344
f 346 348 347
f 349 351 350
f 352 354 353
f 355 357 356
f 358 360 359
f 361 363 362
f 364 366 365
f 367 369 368
f 370 372 371
f 373 375 374
f 376 378 377
f 379 381 380
f 382 384 383
f 385 387 386
f 388 390 389
f 391 393 392
f 394 396 395
f 397 399 398
f 400 402 401
f 403 405 404
f 406 408 407
f 409 411 410
f 412 414 413
f 415 417 416
f 418 420 419
f 421 423 422
f 424 426 425
f 427 429 428
f 430 432 431
f 433 435 434
f 436 438 437
f 439 441 440
f 442 444 443
f 445 447 446
f 448 450 449
f 451 453 452
f 454 456 455
f 457 459 458
f 460 462 461
f 463 465 464
f 466 468 467
f 469 471 470
f 472 474 473
f 475 477 476
f 478 480 479
f 481 483 482
f 484 486 485
f 487 489 488
f 490 492 491
f 493 495 494
f 496 498 497
f 499 501 500
f 502 504 503
f 505 507 506
f 508 510 509
f 511 513 512
f 514 516 515
f 517 519 518
f 520 522 521
f 523 525 524
f 526 528 527
f 529 531 530
f 532 534 533
f 535 537 536
f 538 540 539
f 541 543 542
f 544 546 545
f 547 549 548
f 550 552 551
f 553 555 554
f 556 558 557
f 559 561 560
f 562 564 563
f 565 567 566
f 568 570 569
f 571 573 572
f 574 576 575
f 577 579 578
f 580 582 581
f 583 585 584
f 586 588 587
f 589 591 590
f 592 594 593
f 595 597 596
f 598 600 599
f 601 603 602
f 604 606 605
f 607 609 608
f 610 612 611
f 613 615 614
f 616 618 617
f 619 621 620
f 622 624 623
f 625 627 626
f 628 630 629
f 631 633 632
f 634 636 635
f 637 639 638
f 640 642 641
f 643 645 644
f 646 648 647
f 649 651 650
f 652 654 653
f 655 657 656
f 658 660 659
f 661 663 662
f 664 666 665
f 667 669 668
f 670 672 671
f 673 675 674
f 676 678 677
f 679 681 680
f 682 684 683
f 685 687 686
f 688 690 689
f 691 693 692
f 694 696 695
f 697 699 698
f 700 702 701
f 703 705 704
f 706 708 707
f 709 711 710
f 712 714 713
f 715 717 716
f 718 720 719
f 721 723 722
f 724 726 725
f 727 729 728
f 730 732 731
f 733 735 734
f 736 738 737
f 739 741 740
f 742 744 743
f 745 747 746
f 748 750 749
f 751 753 752
f 754 756 755
f 757 759 758
f 760 762 761
f 763 765 764
f 766 768 767
f 769 771 770
f 772 774 773
f 775 777 776
f 778 780 779
f 781 783 782
f 784 786 785
f 787 789 788
f 790 792 791
f 793 795 794
f 796 798 797
f 799 801 800
f 802 804 803
f 805 807 806
f 808 810 809
f 811 813 812
f 814 816 815
f 817 819 818
f 820 822 821
f 823 825 824
f 826 828 827
f 829 831 830
f 832 834 833
f 835 837 836
f 838 840 839
f 841 843 842
f 844 846 845
f 847 849 848
f 850 852 851
f 853 855 854
f 856 858 857
f 859 861 860
f 862 864 863
f 865 867 866
f 868 870 869
f 871 873 872
f 874 876 875
f 877 879 878
f 880 882 881
f 883 885 884
f 886 888 887
f 889 891 890
f 892 894 893
f 895 897 896
f 898 900 899
f 901 903 902
f 904 906 905
f 907 909 908
f 910 912 911
f 913 915 914
f 916 918 917
f 919 921 920
f 922 924 923
f 925 927 926
f 928 930 929
f 931 933 932
f 934 936 935
f 937 939 938
f 940 942 941
f 943 945 944
f 946 948 947
f 949 951 950
f 952 954 953
f 955 957 956
f 958 960 959
f 961 963 962
f 964 966 965
f 967 969 968
f 970 972 971
f 973 975 974
f 976 978 977
f 979 981 980
f 982 984 983
f 985 987 986
f 988 990 989
f 991 993 992
f 994 996 995
f 997 999 998
f 1000 1002 1001
f 1003 1005 1004
f 1006 1008 1007
f 1009 1011 1010
f 1012 1014 1013
f 1015 1017 1016
f 1018 1020 1019
f 1021 1023 1022
f 1024 1026 1025
f 1027 1029 1028
f 1030 1032 1031
f 1033 1035 1034
f 1036 1038 1037
f 1039 1041 1040
f 1042 1044 1043
f 1045 1047 1046
f 1048 1050 1049
f 1051 1053 1052
f 1054 1056 1055
f 1057 1059 1058
f 1060 1062 1061
f 1063 1065 1064
f 1066 1068 1067
f 1069 1071 1070
f 1072 1074 1073
f 1075 1077 1076
f 1078 1080 1079
f 1081 1083 1082
f 1084 1086 1085
f 1087 1089 1088
f 1090 1092 1091
f 1093 1095 1094
f 1096 1098 1097
f 1099 1101 1100
f 1102 1104 1103
f 1105 1107 1106
f 1108 1110 1109
f 1111 1113 1112
f 1114 1116 1115
f 1117 1119 1118
f 1120 1122 1121
f 1123 1125 1124
f 1126 1128 1127
f 1129 1131 1130
f 1132 1134 1133
f 1135 1137 1136
f 1138 1140 1139
f 1141 1143 1142
f 1144 1146 1145
f 1147 1149 1148
f 1150 1152 1151
f 1153 1155 1154
f 1156 1158 1157
f 1159 1161 1160
f 1162 1164 1163
f 1165 1167 1166
f 1168 1170 1169
f 1171 1173 1172
f 1174 1176 1175
f 1177 1179 1178
f 1180 1182 1181
f 1183 1185 1184
f 1186 1188 1187
f 1189 1191 1190
f 1192 1194 1193
f 1195 1197 1196
f 1198 1200 1199
f 1201 1203 1202
f 1204 1206 1205
f 1207 1209 1208
f 1210 1212 1211
f 1213 1215 1214
f 1216 1218 1217
f 1219 1221 1220
f 1222 1224 1223
f 1225 1227 1226
f 1228 1230 1229
f 1231 1233 1232
f 1234 1236 1235
f 1237 1239 1238
f 1240 1242 1241
f 1243 1245 1244
f 1246 1248 1247
f 1249 1251 1250
f 1252 1254 1253
f 1255 1257 1256
f 1258 1260 1259
f 1261 1263 1262
f 1264 1266 1265
f 1267 1269 1268
f 1270 1272 1271
f 1273 1275 1274
f 1276 1278 1277
f 1279 1281 1280
f 1282 1284 1283
f 1285 1287 1286
f 1288 1290 1289
f 1291 1293 1292
f 1294 1296 1295
f 1297 1299 1298
f 1300 1302 1301
f 1303 1305 1304
f 1306 1308 1307
f 1309 1311 1310
f 1312 1314 1313
f 1315 1317 1316
f 1318 1320 1319
f 1321 1323 1322
f 1324 1326 1325
f 1327 1329 1328
f 1330 1332 1331
f 1333 1335 1334
f 1336 1338 1337
f 1339 1341 1340
f 1342 1344 1343
f 1345 1347 1346
f 1348 1350 1349
f 1351 1353 1352
f 1354 1356 1355
f 1357 1359 1358
f 1360 1362 1361
f 1363 1365 1364
f 1366 1368 1367
f 1369 1371 1370
f 1372 1374 1373
f 1375 1377 1376
f 1378 1380 1379
f 1381 1383 1382
f 1384 1386 1385
f 1387 1389 1388
f 1390 1392 1391
f 1393 1395 1394
f 1396 1398 1397
f 1399 1401 1400
f 1402 1404 1403
f 1405 1407 1406
f 1408 1410 1409
f 1411 1413 1412
f 1414 1416 1415
f 1417 1419 1418
f 1420 1422 1421
f 1423 1425 1424
f 1426 1428 1427
f 1429 1431 1430
f 1432 1434 1433
f 1435 1437 1436
f 1438 1440 1439
f 1441 1443 1442
f 1444 1446 1445
f 1447 1449 1448
f 1450 1452 1451
f 1453 1455 1454
f 1456 1458 1457
f 1459 1461 1460
f 1462 1464 1463
f 1465 1467 1466
f 1468 1470 1469
f 1471 1473 1472
f 1474 1476 1475
f 1477 1479 1478
f 1480 1482 1481
f 1483 1485 1484
f 1486 1488 1487
f 1489 1491 1490
f 1492 1494 1493
f 1495 1497 1496
f 1498 1500 1499
f 1501 1503 1502
f 1504 1506 1505
f 1507 1509 1508
f 1510 1512 1511
f 1513 1515 1514
f 1516 1518 1517
f 1519 1521 1520
f 1522 1524 1523
f 1525 1527 1526
f 1528 1530 1529
f 1531 1533 1532
f 1534 1536 1535
f 1537 1539 1538
f 1540 1542 1541
f 1543 1545 1544
f 1546 1548 1547
f 1549 1551 1550
f 1552 1554 1553
f 1555 1557 1556
f 1558 1560 1559
f 1561 1563 1562
f 1564 1566 1565
f 1567 1569 1568
f 1570 1572 1571
f 1573 1575 1574
f 1576 1578 1577
f 1579 1581 1580
f 1582 1584 1583
f 1585 1587 1586
f 1588 1590 1589
f 1591 1593 1592
f 1594 1596 1595
f 1597 1599 1598
f 1600 1602 1601
f 1603 1605 1604
f 1606 1608 1607
f 1609 1611 1610
f 1612 1614 1613
f 1615 1617 1616
f 1618 1620 1619
f 1621 1623 1622
f 1624 1626 1625
f 1627 1629 1628
f 1630 1632 1631
f 1633 1635 1634
f 1636 1638 1637
f 1639 1641 1640
f 1642 1644 1643
f 1645 1647 1646
f 1648 1650 1649
f 1651 1653 1652
f 1654 1656 1655
f 1657 1659 1658
f 1660 1662 1661
f 1663 1665 1664
f 1666 1668 1667
f 1669 1671 1670
f 1672 1674 1673
f 1675 1677 1676
f 1678 1680 1679
f 1681 1683 1682
f 1684 1686 1685
f 1687 1689 1688
f 1690 1692 1691
f 1693 1695 1694
f 1696 1698 1697
f 1699 1701 1700
f 1702 1704 1703
f 1705 1707 1706
f 1708 1710 1709
f 1711 1713 1712
f 1714 1716 1715
f 1717 1719 1718
f 1720 1722 1721
f 1723 1725 1724
f 1726 1728 1727
f 1729 1731 1730
f 1732 1734 1733
f 1735 1737 1736
f 1738 1740 1739
f 1741 1743 1742
f 1744 1746 1745
f 1747 1749 1748
f 1750 1752 1751
f 1753 1755 1754
f 1756 1758 1757
f 1759 1761 1760
f 1762 1764 1763
f 1765 1767 1766
f 1768 1770 1769
f 1771 1773 1772
f 1774 1776 1775
f 1777 1779 1778
f 1780 1782 1781
f 1783 1785 1784
f 1786 1788 1787
f 1789 1791 1790
f 1792 1794 1793
f 1795 1797 1796
f 1798 1800 1799
f 1801 1813 1812
f 1802 1814 1813
f 1803 1815 1814
f 1804 1816 1815
f 1805 1817 1816
f 1806 1818 1817
f 1807 1819 1818
f 1808 1820 1819
f 1809 1821 1820
f 1810 1822 1821
f 1813 1824 1812
f 1812 1824 1823
f 1814 1825 1813
f 1813 1825 1824
f 1815 1826 1814
f 1814 1826 1825
f 1816 1827 1815
f 1815 1827 1826
f 1817 1828 1816
f 1816 1828 1827
f 1818 1829 1817
f 1817 1829 1828
f 1819 1830 1818
f 1818 1830 1829
f 1820 1831 1819
f 1819 1831 1830
f 1821 1832 1820
f 1820 1832 1831
f 1822 1833 1821
f 1821 1833 1832
f 1824 1835 1823
f 1823 1835 1834
f 1825 1836 1824
f 1824 1836 1835
f 1826 1837 1825
f 1825 1837 1836
f 1827 1838 1826
f 1826 1838 1837
f 1828 1839 1827
f 1827 1839 1838
f 1829 1840 1828
f 1828 1840 1839
f 1830 1841 1829
f 1829 1841 1840
f 1831 1842 1830
f 1830 1842 1841
f 1832 1843 1831
f 1831 1843 1842
f 1833 1844 1832
f 1832 1844 1843
f 1835 1846 1834
f 1834 1846 1845
f 1836 1847 1835
f 1835 1847 1846
f 1837 1848 1836
f 1836 1848 1847
f 1838 1849 1837
f 1837 1849 1848
f 1839 1850 1838
f 1838 1850 1849
f 1840 1851 1839
f 1839 1851 1850
f 1841 1852 1840
f 1840 1852 1851
f 1842 1853 1841
f 1841 1853 1852
f 1843 1854 1842
f 1842 1854 1853
f 1844 1855 1843
f 1843 1855 1854
f 1846 1857 1845
f 1845 1857 1856
f 1847 1858 1846
f 1846 1858 1857
f 1848 1859 1847
f 1847 1859 1858
f 1849 1860 1848
f 1848 1860 1859
f 1850 1861 1849
f 1849 1861 1860
f 1851 1862 1850
f 1850 1862 1861
f 1852 1863 1851
f 1851 1863 1862
f 1853 1864 1852
f 1852 1864 1863
f 1854 1865 1853
f 1853 1865 1864
f 1855 1866 1854
f 1854 1866 1865
f 1857 1868 1856
f 1856 1868 1867
f 1858 1869 1857
f 1857 1869 1868
f 1859 1870 1858
f 1858 1870 1869
f 1860 1871 1859
f 1859 1871 1870
f 1861 1872 1860
f 1860 1872 1871
f 1862 1873 1861
f 1861 1873 1872
f 1863 1874 1862
f 1862 1874 1873
f 1864 1875 1863
f 1863 1875 1874
f 1865 1876 1864
f 1864 1876 1875
f 1866 1877 1865
f 1865 1877 1876
f 1868 1879 1867
f 1867 1879 1878
f 1869 1880 1868
f 1868 1880 1879
f 1870 1881 1869
f 1869 1881 1880
f 1871 1882 1870
f 1870 1882 1881
f 1872 1883 1871
f 1871 1883 1882
f 1873 1884 1872
f 1872 1884 1883
f 1874 1885 1873
f 1873 1885 1884
f 1875 1886 1874
f 1874 1886 1885
f 1876 1887 1875
f 1875 1887 1886
f 1877 1888 1876
f 1876 1888 1887
f 1879 1890 1878
f 1878 1890 1889
f 1880 1891 1879
f 1879 1891 1890
f 1881 1892 1880
f 1880 1892 1891
f 1882 1893 1881
f 1881 1893 1892
f 1883 1894 1882
f 1882 1894 1893
f 1884 1895 1883
f 1883 1895 1894
f 1885 1896 1884
f 1884 1896 1895
f 1886 1897 1885
f 1885 1897 1896
f 1887 1898 1886
f 1886 1898 1897
f 1888 1899 1887
f 1887 1899 1898
f 1890 1901 1889
f 1891 1902 1890
f 1892 1903 1891
f 1893 1904 1892
f 1894 1905 1893
f 1895 1906 1894
f 1896 1907 1895
f 1897 1908 1896
f 1898 1909 1897
f 1899 1910 1898
f 1911 1912 1919
f 1919 1912 1920
f 1912 1913 1920
f 1920 1913 1921
f 1913 1914 1921
f 1921 1914 1922
f 1914 1915 1922
f 1922 1915 1923
f 1915 1916 1923
f 1923 1916 1924
f 1916 1917 1924
f 1924 1917 1925
f 1917 1918 1925
f 1925 1918 1926
f 1934 1927 1935
f 1935 1928 1936
f 1936 1929 1937
f 1937 1930 1938
f 1938 1931 1939
f 1939 1932 1940
f 1940 1933 1941
f 1950 1942 1949
f 1951 1943 1950
f 1952 1944 1951
f 1953 1945 1952
f 1954 1946 1953
f 1955 1947 1954
f 1956 1948 1955
f 1957 1974 1973
f 1958 1975 1974
f 1959 1976 1975
f 1960 1977 1976
f 1961 1978 1977
f 1962 1979 1978
f 1963 1980 1979
f 1964 1981 1980
f 1965 1982 1981
f 1966 1983 1982
f 1967 1984 1983
f 1968 1985 1984
f 1969 1986 1985
f 1970 1987 1986
f 1971 1988 1987
f 1974 1990 1973
f 1973 1990 1989
f 1975 1991 1974
f 1974 1991 1990
f 1976 1992 1975
f 1975 1992 1991
f 1977 1993 1976
f 1976 1993 1992
f 1978 1994 1977
f 1977 1994 1993
f 1979 1995 1978
f 1978 1995 1994
f 1980 1996 1979
f 1979 1996 1995
f 1981 1997 1980
f 1980 1997 1996
f 1982 1998 1981
f 1981 1998 1997
f 1983 1999 1982
f 1982 1999 1998
f 1984 2000 1983
f 1983 2000 1999
f 1985 2001 1984
f 1984 2001 2000
f 1986 2002 1985
f 1985 2002 2001
f 1987 2003 1986
f 1986 2003 2002
f 1988 2004 1987
f 1987 2004 2003
f 1990 2006 1989
f 1989 2006 2005
f 1991 2007 1990
f 1990 2007 2006
f 1992 2008 1991
f 1991 2008 2007
f 1993 2009 1992
f 1992 2009 2008
f 1994 2010 1993
f 1993 2010 2009
f 1995 2011 1994
f 1994 2011 2010
f 1996 2012 1995
f 1995 2012 2011
f 1997 2013 1996
f 1996 2013 2012
f 1998 2014 1997
f 1997 2014 2013
f 1999 2015 1998
f 1998 2015 2014
f 2000 2016 1999
f 1999 2016 2015
f 2001 2017 2000
f 2000 2017 2016
f 2002 2018 2001
f 2001 2018 2017
f 2003 2019 2002
f 2002 2019 2018
f 2004 2020 2003
f 2003 2020 2019
f 2006 2022 2005
f 2005 2022 2021
f 2007 2023 2006
f 2006 2023 2022
f 2008 2024 2007
f 2007 2024 2023
f 2009 2025 2008
f 2008 2025 2024
f 2010 2026 2009
f 2009 2026 2025
f 2011 2027 2010
f 2010 2027 2026
f 2012 2028 2011
f 2011 2028 2027
f 2013 2029 2012
f 2012 2029 2028
f 2014 2030 2013
f 2013 2030 2029
f 2015 2031 2014
f 2014 2031 2030
f 2016 2032 2015
f 2015 2032 2031
f 2017 2033 2016
f 2016 2033 2032
f 2018 2034 2017
f 2017 2034 2033
f 2019 2035 2018
f 2018 2035 2034
f 2020 2036 2019
f 2019 2036 2035
f 2022 2038 2021
f 2021 2038 2037
f 2023 2039 2022
f 2022 2039 2038
f 2024 2040 2023
f 2023 2040 2039
f 2025 2041 2024
f 2024 2041 2040
f 2026 2042 2025
f 2025 2042 2041
f 2027 2043 2026
f 2026 2043 2042
f 2028 2044 2027
f 2027 2044 2043
f 2029 2045 2028
f 2028 2045 2044
f 2030 2046 2029
f 2029 2046 2045
f 2031 2047 2030
f 2030 2047 2046
f 2032 2048 2031
f 2031 2048 2047
f 2033 2049 2032
f 2032 2049 2048
f 2034 2050 2033
f 2033 2050 2049
f 2035 2051 2034
f 2034 2051 2050
f 2036 2052 2035
f 2035 2052 2051
f 2038 2054 2037
f 2037 2054 2053
f 2039 2055 2038
f 2038 2055 2054
f 2040 2056 2039
f 2039 2056 2055
f 2041 2057 2040
f 2040 2057 2056
f 2042 2058 2041
f 2041 2058 2057
f 2043 2059 2042
f 2042 2059 2058
f 2044 2060 2043
f 2043 2060 2059
f 2045 2061 2044
f 2044 2061 2060
f 2046 2062 2045
f 2045 2062 2061
f 2047 2063 2046
f 2046 2063 2062
f 2048 2064 2047
f 2047 2064 2063
f 2049 2065 2048
f 2048 2065 2064
f 2050 2066 2049
f 2049 2066 2065
f 2051 2067 2050
f 2050 2067 2066
f 2052 2068 2051
f 2051 2068 2067
f 2054 2070 2053
f 2053 2070 2069
f 2055 2071 2054
f 2054 2071 2070
f 2056 2072 2055
f 2055 2072 2071
f 2057 2073 2056
f 2056 2073 2072
f 2058 2074 2057
f 2057 2074 2073
f 2059 2075 2058
f 2058 2075 2074
f 2060 2076 2059
f 2059 2076 2075
f 2061 2077 2060
f 2060 2077 2076
f 2062 2078 2061
f 2061 2078 2077
f 2063 2079 2062
f 2062 2079 2078
f 2064 2080 2063
f 2063 2080 2079
f 2065 2081 2064
f 2064 2081 2080
f 2066 2082 2065
f 2065 2082 2081
f 2067 2083 2066
f 2066 2083 2082
f 2068 2084 2067
f 2067 2084 2083
f 2070 2086 2069
f 2069 2086 2085
f 2071 2087 2070
f 2070 2087 2086
f 2072 2088 2071
f 2071 2088 2087
f 2073 2089 2072
f 2072 2089 2088
f 2074 2090 2073
f 2073 2090 2089
f 2075 2091 2074
f 2074 2091 2090
f 2076 2092 2075
f 2075 2092 2091
f 2077 2093 2076
f 2076 2093 2092
f 2078 2094 2077
f 2077 2094 2093
f 2079 2095 2078
f 2078 2095 2094
f 2080 2096 2079
f 2079 2096 2095
f 2081 2097 2080
f 2080 2097 2096
f 2082 2098 2081
f 2081 2098 2097
f 2083 2099 2082
f 2082 2099 2098
f 2084 2100 2083
f 2083 2100 2099
f 2086 2102 2085
f 2085 2102 2101
f 2087 2103 2086
f 2086 2103 2102
f 2088 2104 2087
f 2087 2104 2103
f 2089 2105 2088
f 2088 2105 2104
f 2090 2106 2089
f 2089 2106 2105
f 2091 2107 2090
f 2090 2107 2106
f 2092 2108 2091
f 2091 2108 2107
f 2093 2109 2092
f 2092 2109 2108
f 2094 2110 2093
f 2093 2110 2109
f 2095 2111 2094
f 2094 2111 2110
f 2096 2112 2095
f 2095 2112 2111
f 2097 2113 2096
f 2096 2113 2112
f 2098 2114 2097
f 2097 2114 2113
f 2099 2115 2098
f 2098 2115 2114
f 2100 2116 2099
f 2099 2116 2115
f 2102 2118 2101
f 2101 2118 2117
f 2103 2119 2102
f 2102 2119 2118
f 2104 2120 2103
f 2103 2120 2119
f 2105 2121 2104
f 2104 2121 2120
f 2106 2122 2105
f 2105 2122 2121
f 2107 2123 2106
f 2106 2123 2122
f 2108 2124 2107
f 2107 2124 2123
f 2109 2125 2108
f 2108 2125 2124
f 2110 2126 2109
f 2109 2126 2125
f 2111 2127 2110
f 2110 2127 2126
f 2112 2128 2111
f 2111 2128 2127
f 2113 2129 2112
f 2112 2129 2128
f 2114 2130 2113
f 2113 2130 2129
f 2115 2131 2114
f 2114 2131 2130
f 2116 2132 2115
f 2115 2132 2131
f 2118 2134 2117
f 2117 2134 2133
f 2119 2135 2118
f 2118 2135 2134
f 2120 2136 2119
f 2119 2136 2135
f 2121 2137 2120
f 2120 2137 2136
f 2122 2138 2121
f 2121 2138 2137
f 2123 2139 2122
f 2122 2139 2138
f 2124 2140 2123
f 2123 2140 2139
f 2125 2141 2124
f 2124 2141 2140
f 2126 2142 2125
f 2125 2142 2141
f 2127 2143 2126
f 2126 2143 2142
f 2128 2144 2127
f 2127 2144 2143
f 2129 2145 2128
f 2128 2145 2144
f 2130 2146 2129
f 2129 2146 2145
f 2131 2147 2130
f 2130 2147 2146
f 2132 2148 2131
f 2131 2148 2147
f 2134 2150 2133
f 2135 2151 2134
f 2136 2152 2135
f 2137 2153 2136
f 2138 2154 2137
f 2139 2155 2138
f 2140 2156 2139
f 2141 2157 2140
f 2142 2158 2141
f 2143 2159 2142
f 2144 2160 2143
f 2145 2161 2144
f 2146 2162 2145
f 2147 2163 2146
f 2148 2164 2147
f 2171 2166 2172
f 2172 2167 2173
f 2173 2168 2174
f 2174 2169 2175
f 2175 2170 2176
f 2183 2177 2182
f 2184 2178 2183
f 2185 2179 2184
f 2186 2180 2185
f 2187 2181 2186
f 2194 2189 2195
f 2195 2190 2196
f 2196 2191 2197
f 2197 2192 2198
f 2198 2193 2199
f 2206 2200 2205
f 2207 2201 2206
f 2208 2202 2207
f 2209 2203 2208
f 2210 2204 2209
f 2211 2222 2221
f 2212 2223 2222
f 2213 2224 2223
f 2214 2225 2224
f 2215 2226 2225
f 2216 2227 2226
f 2217 2228 2227
f 2218 2229 2228
f 2219 2230 2229
f 2222 2232 2221
f 2221 2232 2231
f 2223 2233 2222
f 2222 2233 2232
f 2224 2234 2223
f 2223 2234 2233
f 2225 2235 2224
f 2224 2235 2234
f 2226 2236 2225
f 2225 2236 2235
f 2227 2237 2226
f 2226 2237 2236
f 2228 2238 2227
f 2227 2238 2237
f 2229 2239 2228
f 2228 2239 2238
f 2230 2240 2229
f 2229 2240 2239
f 2232 2242 2231
f 2231 2242 2241
f 2233 2243 2232
f 2232 2243 2242
f 2234 2244 2233
f 2233 2244 2243
f 2235 2245 2234
f 2234 2245 2244
f 2236 2246 2235
f 2235 2246 2245
f 2237 2247 2236
f 2236 2247 2246
f 2238 2248 2237
f 2237 2248 2247
f 2239 2249 2238
f 2238 2249 2248
f 2240 2250 2239
f 2239 2250 2249
f 2242 2252 2241
f 2241 2252 2251
f 2243 2253 2242
f 2242 2253 2252
f 2244 2254 2243
f 2243 2254 2253
f 2245 2255 2244
f 2244 2255 2254
f 2246 2256 2245
f 2245 2256 2255
f 2247 2257 2246
f 2246 2257 2256
f 2248 2258 2247
f 2247 2258 2257
f 2249 2259 2248
f 2248 2259 2258
f 2250 2260 2249
f 2249 2260 2259
f 2252 2262 2251
f 2251 2262 2261
f 2253 2263 2252
f 2252 2263 2262
f 2254 2264 2253
f 2253 2264 2263
f 2255 2265 2254
f 2254 2265 2264
f 2256 2266 2255
f 2255 2266 2265
f 2257 2267 2256
f 2256 2267 2266
f 2258 2268 2257
f 2257 2268 2267
f 2259 2269 2258
f 2258 2269 2268
f 2260 2270 2259
f 2259 2270 2269
f 2262 2272 2261
f 2261 2272 2271
f 2263 2273 2262
f 2262 2273 2272
f 2264 2274 2263
f 2263 2274 2273
f 2265 2275 2264
f 2264 2275 2274
f 2266 2276 2265
f 2265 2276 2275
f 2267 2277 2266
f 2266 2277 2276
f 2268 2278 2267
f 2267 2278 2277
f 2269 2279 2268
f 2268 2279 2278
f 2270 2280 2269
f 2269 2280 2279
f 2272 2282 2271
f 2273 2283 2272
f 2274 2284 2273
f 2275 2285 2274
f 2276 2286 2275
f 2277 2287 2276
f 2278 2288 2277
f 2279 2289 2278
f 2280 2290 2279
f 2291 2301 2292
f 2292 2301 2302
f 2292 2302 2293
f 2293 2302 2303
f 2293 2303 2294
f 2294 2303 2304
f 2294 2304 2295
f 2295 2304 2305
f 2295 2305 2296
f 2296 2305 2306
f 2296 2306 2297
f 2297 2306 2307
f 2297 2307 2298
f 2298 2307 2308
f 2298 2308 2299
f 2299 2308 2309
f 2299 2309 2300
f 2300 2309 2310
f 2301 2311 2302
f 2302 2311 2312
f 2302 2312 2303
f 2303 2312 2313
f 2303 2313 2304
f 2304 2313 2314
f 2304 2314 2305
f 2305 2314 2315
f 2305 2315 2306
f 2306 2315 2316
f 2306 2316 2307
f 2307 2316 2317
f 2307 2317 2308
f 2308 2317 2318
f 2308 2318 2309
f 2309 2318 2319
f 2309 2319 2310
f 2310 2319 2320
f 2311 2321 2312
f 2312 2321 2322
f 2312 2322 2313
f 2313 2322 2323
f 2313 2323 2314
f 2314 2323 2324
f 2314 2324 2315
f 2315 2324 2325
f 2315 2325 2316
f 2316 2325 2326
f 2316 2326 2317
f 2317 2326 2327
f 2317 2327 2318
f 2318 2327 2328
f 2318 2328 2319
f 2319 2328 2329
f 2319 2329 2320
f 2320 2329 2330
f 2321 2331 2322
f 2322 2331 2332
f 2322 2332 2323
f 2323 2332 2333
f 2323 2333 2324
f 2324 2333 2334
f 2324 2334 2325
f 2325 2334 2335
f 2325 2335 2326
f 2326 2335 2336
f 2326 2336 2327
f 2327 2336 2337
f 2327 2337 2328
f 2328 2337 2338
f 2328 2338 2329
f 2329 2338 2339
f 2329 2339 2330
f 2330 2339 2340
f 2331 2341 2332
f 2332 2341 2342
f 2332 2342 2333
f 2333 2342 2343
f 2333 2343 2334
f 2334 2343 2344
f 2334 2344 2335
f 2335 2344 2345
f 2335 2345 2336
f 2336 2345 2346
f 2336 2346 2337
f 2337 2346 2347
f 2337 2347 2338
f 2338 2347 2348
f 2338 2348 2339
f 2339 2348 2349
f 2339 2349 2340
f 2340 2349 2350
f 2341 2351 2342
f 2342 2351 2352
f 2342 2352 2343
f 2343 2352 2353
f 2343 2353 2344
f 2344 2353 2354
f 2344 2354 2345
f 2345 2354 2355
f 2345 2355 2346
f 2346 2355 2356
f 2346 2356 2347
f 2347 2356 2357
f 2347 2357 2348
f 2348 2357 2358
f 2348 2358 2349
f 2349 2358 2359
f 2349 2359 2350
f 2350 2359 2360
f 2351 2361 2352
f 2352 2361 2362
f 2352 2362 2353
f 2353 2362 2363
f 2353 2363 2354
f 2354 2363 2364
f 2354 2364 2355
f 2355 2364 2365
f 2355 2365 2356
f 2356 2365 2366
f 2356 2366 2357
f 2357 2366 2367
f 2357 2367 2358
f 2358 2367 2368
f 2358 2368 2359
f 2359 2368 2369
f 2359 2369 2360
f 2360 2369 2370
f 2361 2371 2362
f 2362 2371 2372
f 2362 2372 2363
f 2363 2372 2373
f 2363 2373 2364
f 2364 2373 2374
f 2364 2374 2365
f 2365 2374 2375
f 2365 2375 2366
f 2366 2375 2376
f 2366 2376 2367
f 2367 2376 2377
f 2367 2377 2368
f 2368 2377 2378
f 2368 2378 2369
f 2369 2378 2379
f 2369 2379 2370
f 2370 2379 2380
f 2371 2381 2372
f 2372 2381 2382
f 2372 2382 2373
f 2373 2382 2383
f 2373 2383 2374
f 2374 2383 2384
f 2374 2384 2375
f 2375 2384 2385
f 2375 2385 2376
f 2376 2385 2386
f 2376 2386 2377
f 2377 2386 2387
f 2377 2387 2378
f 2378 2387 2388
f 2378 2388 2379
f 2379 2388 2389
f 2379 2389 2380
f 2380 2389 2390
f 2381 2391 2382
f 2382 2391 2392
f 2382 2392 2383
f 2383 2392 2393
f 2383 2393 2384
f 2384 2393 2394
f 2384 2394 2385
f 2385 2394 2395
f 2385 2395 2386
f 2386 2395 2396
f 2386 2396 2387
f 2387 2396 2397
f 2387 2397 2388
f 2388 2397 2398
f 2388 2398 2389
f 2389 2398 2399
f 2389 2399 2390
f 2390 2399 2400
f 2391 2401 2392
f 2392 2401 2402
f 2392 2402 2393
f 2393 2402 2403
f 2393 2403 2394
f 2394 2403 2404
f 2394 2404 2395
f 2395 2404 2405
f 2395 2405 2396
f 2396 2405 2406
f 2396 2406 2397
f 2397 2406 2407
f 2397 2407 2398
f 2398 2407 2408
f 2398 2408 2399
f 2399 2408 2409
f 2399 2409 2400
f 2400 2409 2410
f 2411 2421 2412
f 2412 2421 2422
f 2412 2422 2413
f 2413 2422 2423
f 2413 2423 2414
f 2414 2423 2424
f 2414 2424 2415
f 2415 2424 2425
f 2415 2425 2416
f 2416 2425 2426
f 2416 2426 2417
f 2417 2426 2427
f 2417 2427 2418
f 2418 2427 2428
f 2418 2428 2419
f 2419 2428 2429
f 2419 2429 2420
f 2420 2429 2430
f 2421 2431 2422
f 2422 2431 2432
f 2422 2432 2423
f 2423 2432 2433
f 2423 2433 2424
f 2424 2433 2434
f 2424 2434 2425
f 2425 2434 2435
f 2425 2435 2426
f 2426 2435 2436
f 2426 2436 2427
f 2427 2436 2437
f 2427 2437 2428
f 2428 2437 2438
f 2428 2438 2429
f 2429 2438 2439
f 2429 2439 2430
f 2430 2439 2440
f 2431 2441 2432
f 2432 2441 2442
f 2432 2442 2433
f 2433 2442 2443
f 2433 2443 2434
f 2434 2443 2444
f 2434 2444 2435
f 2435 2444 2445
f 2435 2445 2436
f 2436 2445 2446
f 2436 2446 2437
f 2437 2446 2447
f 2437 2447 2438
f 2438 2447 2448
f 2438 2448 2439
f 2439 2448 2449
f 2439 2449 2440
f 2440 2449 2450
f 2441 2451 2442
f 2442 2451 2452
f 2442 2452 2443
f 2443 2452 2453
f 2443 2453 2444
f 2444 2453 2454
f 2444 2454 2445
f 2445 2454 2455
f 2445 2455 2446
f 2446 2455 2456
f 2446 2456 2447
f 2447 2456 2457
f 2447 2457 2448
f 2448 2457 2458
f 2448 2458 2449
f 2449 2458 2459
f 2449 2459 2450
f 2450 2459 2460
f 2451 2461 2452
f 2452 2461 2462
f 2452 2462 2453
f 2453 2462 2463
f 2453 2463 2454
f 2454 2463 2464
f 2454 2464 2455
f 2455 2464 2465
f 2455 2465 2456
f 2456 2465 2466
f 2456 2466 2457
f 2457 2466 2467
f 2457 2467 2458
f 2458 2467 2468
f 2458 2468 2459
f 2459 2468 2469
f 2459 2469 2460
f 2460 2469 2470
f 2461 2471 2462
f 2462 2471 2472
f 2462 2472 2463
f 2463 2472 2473
f 2463 2473 2464
f 2464 2473 2474
f 2464 2474 2465
f 2465 2474 2475
f 2465 2475 2466
f 2466 2475 2476
f 2466 2476 2467
f 2467 2476 2477
f 2467 2477 2468
f 2468 2477 2478
f 2468 2478 2469
f 2469 2478 2479
f 2469 2479 2470
f 2470 2479 2480
f 2471 2481 2472
f 2472 2481 2482
f 2472 2482 2473
f 2473 2482 2483
f 2473 2483 2474
f 2474 2483 2484
f 2474 2484 2475
f 2475 2484 2485
f 2475 2485 2476
f 2476 2485 2486
f 2476 2486 2477
f 2477 2486 2487
f 2477 2487 2478
f 2478 2487 2488
f 2478 2488 2479
f 2479 2488 2489
f 2479 2489 2480
f 2480 2489 2490
f 2481 2491 2482
f 2482 2491 2492
f 2482 2492 2483
f 2483 2492 2493
f 2483 2493 2484
f 2484 2493 2494
f 2484 2494 2485
f 2485 2494 2495
f 2485 2495 2486
f 2486 2495 2496
f 2486 2496 2487
f 2487 2496 2497
f 2487 2497 2488
f 2488 2497 2498
f 2488 2498 2489
f 2489 2498 2499
f 2489 2499 2490
f 2490 2499 2500
f 2491 2501 2492
f 2492 2501 2502
f 2492 2502 2493
f 2493 2502 2503
f 2493 2503 2494
f 2494 2503 2504
f 2494 2504 2495
f 2495 2504 2505
f 2495 2505 2496
f 2496 2505 2506
f 2496 2506 2497
f 2497 2506 2507
f 2497 2507 2498
f 2498 2507 2508
f 2498 2508 2499
f 2499 2508 2509
f 2499 2509 2500
f 2500 2509 2510
f 2501 2511 2502
f 2502 2511 2512
f 2502 2512 2503
f 2503 2512 2513
f 2503 2513 2504
f 2504 2513 2514
f 2504 2514 2505
f 2505 2514 2515
f 2505 2515 2506
f 2506 2515 2516
f 2506 2516 2507
f 2507 2516 2517
f 2507 2517 2508
f 2508 2517 2518
f 2508 2518 2509
f 2509 2518 2519
f 2509 2519 2510
f 2510 2519 2520
f 2511 2521 2512
f 2512 2521 2522
f 2512 2522 2513
f 2513 2522 2523
f 2513 2523 2514
f 2514 2523 2524
f 2514 2524 2515
f 2515 2524 2525
f 2515 2525 2516
f 2516 2525 2526
f 2516 2526 2517
f 2517 2526 2527
f 2517 2527 2518
f 2518 2527 2528
f 2518 2528 2519
f 2519 2528 2529
f 2519 2529 2520
f 2520 2529 2530
f 2531 2542 2541
f 2532 2543 2542
f 2533 2544 2543
f 2534 2545 2544
f 2535 2546 2545
f 2536 2547 2546
f 2537 2548 2547
f 2538 2549 2548
f 2539 2550 2549
f 2542 2552 2541
f 2541 2552 2551
f 2543 2553 2542
f 2542 2553 2552
f 2544 2554 2543
f 2543 2554 2553
f 2545 2555 2544
f 2544 2555 2554
f 2546 2556 2545
f 2545 2556 2555
f 2547 2557 2546
f 2546 2557 2556
f 2548 2558 2547
f 2547 2558 2557
f 2549 2559 2548
f 2548 2559 2558
f 2550 2560 2549
f 2549 2560 2559
f 2552 2562 2551
f 2551 2562 2561
f 2553 2563 2552
f 2552 2563 2562
f 2554 2564 2553
f 2553 2564 2563
f 2555 2565 2554
f 2554 2565 2564
f 2556 2566 2555
f 2555 2566 2565
f 2557 2567 2556
f 2556 2567 2566
f 2558 2568 2557
f 2557 2568 2567
f 2559 2569 2558
f 2558 2569 2568
f 2560 2570 2559
f 2559 2570 2569
f 2562 2572 2561
f 2561 2572 2571
f 2563 2573 2562
f 2562 2573 2572
f 2564 2574 2563
f 2563 2574 2573
f 2565 2575 2564
f 2564 2575 2574
f 2566 2576 2565
f 2565 2576 2575
f 2567 2577 2566
f 2566 2577 2576
f 2568 2578 2567
f 2567 2578 2577
f 2569 2579 2568
f 2568 2579 2578
f 2570 2580 2569
f 2569 2580 2579
f 2572 2582 2571
f 2571 2582 2581
f 2573 2583 2572
f 2572 2583 2582
f 2574 2584 2573
f 2573 2584 2583
f 2575 2585 2574
f 2574 2585 2584
f 2576 2586 2575
f 2575 2586 2585
f 2577 2587 2576
f 2576 2587 2586
f 2578 2588 2577
f 2577 2588 2587
f 2579 2589 2578
f 2578 2589 2588
f 2580 2590 2579
f 2579 2590 2589
f 2582 2592 2581
f 2581 2592 2591
f 2583 2593 2582
f 2582 2593 2592
f 2584 2594 2583
f 2583 2594 2593
f 2585 2595 2584
f 2584 2595 2594
f 2586 2596 2585
f 2585 2596 2595
f 2587 2597 2586
f 2586 2597 2596
f 2588 2598 2587
f 2587 2598 2597
f 2589 2599 2588
f 2588 2599 2598
f 2590 2600 2589
f 2589 2600 2599
f 2592 2602 2591
f 2593 2603 2592
f 2594 2604 2593
f 2595 2605 2594
f 2596 2606 2595
f 2597 2607 2596
f 2598 2608 2597
f 2599 2609 2598
f 2600 2610 2599
f 2611 2617 2612
f 2612 2617 2618
f 2612 2618 2613
f 2613 2618 2619
f 2613 2619 2614
f 2614 2619 2620
f 2614 2620 2615
f 2615 2620 2621
f 2615 2621 2616
f 2616 2621 2622
f 2617 2623 2618
f 2618 2623 2624
f 2618 2624 2619
f 2619 2624 2625
f 2619 2625 2620
f 2620 2625 2626
f 2620 2626 2621
f 2621 2626 2627
f 2621 2627 2622
f 2622 2627 2628
f 2623 2629 2624
f 2624 2629 2630
f 2624 2630 2625
f 2625 2630 2631
f 2625 2631 2626
f 2626 2631 2632
f 2626 2632 2627
f 2627 2632 2633
f 2627 2633 2628
f 2628 2633 2634
f 2629 2635 2630
f 2630 2635 2636
f 2630 2636 2631
f 2631 2636 2637
f 2631 2637 2632
f 2632 2637 2638
f 2632 2638 2633
f 2633 2638 2639
f 2633 2639 2634
f 2634 2639 2640
f 2635 2641 2636
f 2636 2641 2642
f 2636 2642 2637
f 2637 2642 2643
f 2637 2643 2638
f 2638 2643 2644
f 2638 2644 2639
f 2639 2644 2645
f 2639 2645 2640
f 2640 2645 2646
f 2641 2647 2642
f 2642 2647 2648
f 2642 2648 2643
f 2643 2648 2649
f 2643 2649 2644
f 2644 2649 2650
f 2644 2650 2645
f 2645 2650 2651
f 2645 2651 2646
f 2646 2651 2652
f 2647 2653 2648
f 2648 2653 2654
f 2648 2654 2649
f 2649 2654 2655
f 2649 2655 2650
f 2650 2655 2656
f 2650 2656 2651
f 2651 2656 2657
f 2651 2657 2652
f 2652 2657 2658
f 2659 2665 2660
f 2660 2665 2666
f 2660 2666 2661
f 2661 2666 2667
f 2661 2667 2662
f 2662 2667 2668
f 2662 2668 2663
f 2663 2668 2669
f 2663 2669 2664
f 2664 2669 2670
f 2665 2671 2666
f 2666 2671 2672
f 2666 2672 2667
f 2667 2672 2673
f 2667 2673 2668
f 2668 2673 2674
f 2668 2674 2669
f 2669 2674 2675
f 2669 2675 2670
f 2670 2675 2676
f 2671 2677 2672
f 2672 2677 2678
f 2672 2678 2673
f 2673 2678 2679
f 2673 2679 2674
f 2674 2679 2680
f 2674 2680 2675
f 2675 2680 2681
f 2675 2681 2676
f 2676 2681 2682
f 2677 2683 2678
f 2678 2683 2684
f 2678 2684 2679
f 2679 2684 2685
f 2679 2685 2680
f 2680 2685 2686
f 2680 2686 2681
f 2681 2686 2687
f 2681 2687 2682
f 2682 2687 2688
f 2683 2689 2684
f 2684 2689 2690
f 2684 2690 2685
f 2685 2690 2691
f 2685 2691 2686
f 2686 2691 2692
f 2686 2692 2687
f 2687 2692 2693
f 2687 2693 2688
f 2688 2693 2694
f 2689 2695 2690
f 2690 2695 2696
f 2690 2696 2691
f 2691 2696 2697
f 2691 2697 2692
f 2692 2697 2698
f 2692 2698 2693
f 2693 2698 2699
f 2693 2699 2694
f 2694 2699 2700
f 2695 2701 2696
f 2696 2701 2702
f 2696 2702 2697
f 2697 2702 2703
f 2697 2703 2698
f 2698 2703 2704
f 2698 2704 2699
f 2699 2704 2705
f 2699 2705 2700
f 2700 2705 2706
f 2707 2713 2708
f 2708 2713 2714
f 2708 2714 2709
f 2709 2714 2715
f 2709 2715 2710
f 2710 2715 2716
f 2710 2716 2711
f 2711 2716 2717
f 2711 2717 2712
f 2712 2717 2718
f 2713 2719 2714
f 2714 2719 2720
f 2714 2720 2715
f 2715 2720 2721
f 2715 2721 2716
f 2716 2721 2722
f 2716 2722 2717
f 2717 2722 2723
f 2717 2723 2718
f 2718 2723 2724
f 2719 2725 2720
f 2720 2725 2726
f 2720 2726 2721
f 2721 2726 2727
f 2721 2727 2722
f 2722 2727 2728
f 2722 2728 2723
f 2723 2728 2729
f 2723 2729 2724
f 2724 2729 2730
f 2725 2731 2726
f 2726 2731 2732
f 2726 2732 2727
f 2727 2732 2733
f 2727 2733 2728
f 2728 2733 2734
f 2728 2734 2729
f 2729 2734 2735
f 2729 2735 2730
f 2730 2735 2736
f 2731 2737 2732
f 2732 2737 2738
f 2732 2738 2733
f 2733 2738 2739
f 2733 2739 2734
f 2734 2739 2740
f 2734 2740 2735
f 2735 2740 2741
f 2735 2741 2736
f 2736 2741 2742
f 2737 2743 2738
f 2738 2743 2744
f 2738 2744 2739
f 2739 2744 2745
f 2739 2745 2740
f 2740 2745 2746
f 2740 2746 2741
f 2741 2746 2747
f 2741 2747 2742
f 2742 2747 2748
f 2743 2749 2744
f 2744 2749 2750
f 2744 2750 2745
f 2745 2750 2751
f 2745 2751 2746
f 2746 2751 2752
f 2746 2752 2747
f 2747 2752 2753
f 2747 2753 2748
f 2748 2753 2754
f 2755 2761 2756
f 2756 2761 2762
f 2756 2762 2757
f 2757 2762 2763
f 2757 2763 2758
f 2758 2763 2764
f 2758 2764 2759
f 2759 2764 2765
f 2759 2765 2760
f 2760 2765 2766
f 2761 2767 2762
f 2762 2767 2768
f 2762 2768 2763
f 2763 2768 2769
f 2763 2769 2764
f 2764 2769 2770
f 2764 2770 2765
f 2765 2770 2771
f 2765 2771 2766
f 2766 2771 2772
f 2767 2773 2768
f 2768 2773 2774
f 2768 2774 2769
f 2769 2774 2775
f 2769 2775 2770
f 2770 2775 2776
f 2770 2776 2771
f 2771 2776 2777
f 2771 2777 2772
f 2772 2777 2778
f 2773 2779 2774
f 2774 2779 2780
f 2774 2780 2775
f 2775 2780 2781
f 2775 2781 2776
f 2776 2781 2782
f 2776 2782 2777
f 2777 2782 2783
f 2777 2783 2778
f 2778 2783 2784
f 2779 2785 2780
f 2780 2785 2786
f 2780 2786 2781
f 2781 2786 2787
f 2781 2787 2782
f 2782 2787 2788
f 2782 2788 2783
f 2783 2788 2789
f 2783 2789 2784
f 2784 2789 2790
f 2785 2791 2786
f 2786 2791 2792
f 2786 2792 2787
f 2787 2792 2793
f 2787 2793 2788
f 2788 2793 2794
f 2788 2794 2789
f 2789 2794 2795
f 2789 2795 2790
f 2790 2795 2796
f 2791 2797 2792
f 2792 2797 2798
f 2792 2798 2793
f 2793 2798 2799
f 2793 2799 2794
f 2794 2799 2800
f 2794 2800 2795
f 2795 2800 2801
f 2795 2801 2796
f 2796 2801 2802
f 2803 2814 2813
f 2804 2815 2814
f 2805 2816 2815
f 2806 2817 2816
f 2807 2818 2817
f 2808 2819 2818
f 2809 2820 2819
f 2810 2821 2820
f 2811 2822 2821
f 2814 2824 2813
f 2813 2824 2823
f 2815 2825 2814
f 2814 2825 2824
f 2816 2826 2815
f 2815 2826 2825
f 2817 2827 2816
f 2816 2827 2826
f 2818 2828 2817
f 2817 2828 2827
f 2819 2829 2818
f 2818 2829 2828
f 2820 2830 2819
f 2819 2830 2829
f 2821 2831 2820
f 2820 2831 2830
f 2822 2832 2821
f 2821 2832 2831
f 2824 2834 2823
f 2823 2834 2833
f 2825 2835 2824
f 2824 2835 2834
f 2826 2836 2825
f 2825 2836 2835
f 2827 2837 2826
f 2826 2837 2836
f 2828 2838 2827
f 2827 2838 2837
f 2829 2839 2828
f 2828 2839 2838
f 2830 2840 2829
f 2829 2840 2839
f 2831 2841 2830
f 2830 2841 2840
f 2832 2842 2831
f 2831 2842 2841
f 2834 2844 2833
f 2833 2844 2843
f 2835 2845 2834
f 2834 2845 2844
f 2836 2846 2835
f 2835 2846 2845
f 2837 2847 2836
f 2836 2847 2846
f 2838 2848 2837
f 2837 2848 2847
f 2839 2849 2838
f 2838 2849 2848
f 2840 2850 2839
f 2839 2850 2849
f 2841 2851 2840
f 2840 2851 2850
f 2842 2852 2841
f 2841 2852 2851
f 2844 2854 2843
f 2843 2854 2853
f 2845 2855 2844
f 2844 2855 2854
f 2846 2856 2845
f 2845 2856 2855
f 2847 2857 2846
f 2846 2857 2856
f 2848 2858 2847
f 2847 2858 2857
f 2849 2859 2848
f 2848 2859 2858
f 2850 2860 2849
f 2849 2860 2859
f 2851 2861 2850
f 2850 2861 2860
f 2852 2862 2851
f 2851 2862 2861
f 2854 2864 2853
f 2853 2864 2863
f 2855 2865 2854
f 2854 2865 2864
f 2856 2866 2855
f 2855 2866 2865
f 2857 2867 2856
f 2856 2867 2866
f 2858 2868 2857
f 2857 2868 2867
f 2859 2869 2858
f 2858 2869 2868
f 2860 2870 2859
f 2859 2870 2869
f 2861 2871 2860
f 2860 2871 2870
f 2862 2872 2861
f 2861 2872 2871
f 2864 2874 2863
f 2865 2875 2864
f 2866 2876 2865
f 2867 2877 2866
f 2868 2878 2867
f 2869 2879 2868
f 2870 2880 2869
f 2871 2881 2870
f 2872 2882 2871
f 2883 2893 2884
f 2884 2893 2894
f 2884 2894 2885
f 2885 2894 2895
f 2885 2895 2886
f 2886 2895 2896
f 2886 2896 2887
f 2887 2896 2897
f 2887 2897 2888
f 2888 2897 2898
f 2888 2898 2889
f 2889 2898 2899
f 2889 2899 2890
f 2890 2899 2900
f 2890 2900 2891
f 2891 2900 2901
f 2891 2901 2892
f 2892 2901 2902
f 2893 2903 2894
f 2894 2903 2904
f 2894 2904 2895
f 2895 2904 2905
f 2895 2905 2896
f 2896 2905 2906
f 2896 2906 2897
f 2897 2906 2907
f 2897 2907 2898
f 2898 2907 2908
f 2898 2908 2899
f 2899 2908 2909
f 2899 2909 2900
f 2900 2909 2910
f 2900 2910 2901
f 2901 2910 2911
f 2901 2911 2902
f 2902 2911 2912
f 2903 2913 2904
f 2904 2913 2914
f 2904 2914 2905
f 2905 2914 2915
f 2905 2915 2906
f 2906 2915 2916
f 2906 2916 2907
f 2907 2916 2917
f 2907 2917 2908
f 2908 2917 2918
f 2908 2918 2909
f 2909 2918 2919
f 2909 2919 2910
f 2910 2919 2920
f 2910 2920 2911
f 2911 2920 2921
f 2911 2921 2912
f 2912 2921 2922
f 2913 2923 2914
f 2914 2923 2924
f 2914 2924 2915
f 2915 2924 2925
f 2915 2925 2916
f 2916 2925 2926
f 2916 2926 2917
f 2917 2926 2927
f 2917 2927 2918
f 2918 2927 2928
f 2918 2928 2919
f 2919 2928 2929
f 2919 2929 2920
f 2920 2929 2930
f 2920 2930 2921
f 2921 2930 2931
f 2921 2931 2922
f 2922 2931 2932
f 2923 2933 2924
f 2924 2933 2934
f 2924 2934 2925
f 2925 2934 2935
f 2925 2935 2926
f 2926 2935 2936
f 2926 2936 2927
f 2927 2936 2937
f 2927 2937 2928
f 2928 2937 2938
f 2928 2938 2929
f 2929 2938 2939
f 2929 2939 2930
f 2930 2939 2940
f 2930 2940 2931
f 2931 2940 2941
f 2931 2941 2932
f 2932 2941 2942
f 2933 2943 2934
f 2934 2943 2944
f 2934 2944 2935
f 2935 2944 2945
f 2935 2945 2936
f 2936 2945 2946
f 2936 2946 2937
f 2937 2946 2947
f 2937 2947 2938
f 2938 2947 2948
f 2938 2948 2939
f 2939 2948 2949
f 2939 2949 2940
f 2940 2949 2950
f 2940 2950 2941
f 2941 2950 2951
f 2941 2951 2942
f 2942 2951 2952
f 2943 2953 2944
f 2944 2953 2954
f 2944 2954 2945
f 2945 2954 2955
f 2945 2955 2946
f 2946 2955 2956
f 2946 2956 2947
f 2947 2956 2957
f 2947 2957 2948
f 2948 2957 2958
f 2948 2958 2949
f 2949 2958 2959
f 2949 2959 2950
f 2950 2959 2960
f 2950 2960 2951
f 2951 2960 2961
f 2951 2961 2952
f 2952 2961 2962
f 2953 2963 2954
f 2954 2963 2964
f 2954 2964 2955
f 2955 2964 2965
f 2955 2965 2956
f 2956 2965 2966
f 2956 2966 2957
f 2957 2966 2967
f 2957 2967 2958
f 2958 2967 2968
f 2958 2968 2959
f 2959 2968 2969
f 2959 2969 2960
f 2960 2969 2970
f 2960 2970 2961
f 2961 2970 2971
f 2961 2971 2962
f 2962 2971 2972
f 2963 2973 2964
f 2964 2973 2974
f 2964 2974 2965
f 2965 2974 2975
f 2965 2975 2966
f 2966 2975 2976
f 2966 2976 2967
f 2967 2976 2977
f 2967 2977 2968
f 2968 2977 2978
f 2968 2978 2969
f 2969 2978 2979
f 2969 2979 2970
f 2970 2979 2980
f 2970 2980 2971
f 2971 2980 2981
f 2971 2981 2972
f 2972 2981 2982
f 2973 2983 2974
f 2974 2983 2984
f 2974 2984 2975
f 2975 2984 2985
f 2975 2985 2976
f 2976 2985 2986
f 2976 2986 2977
f 2977 2986 2987
f 2977 2987 2978
f 2978 2987 2988
f 2978 2988 2979
f 2979 2988 2989
f 2979 2989 2980
f 2980 2989 2990
f 2980 2990 2981
f 2981 2990 2991
f 2981 2991 2982
f 2982 2991 2992
f 2983 2993 2984
f 2984 2993 2994
f 2984 2994 2985
f 2985 2994 2995
f 2985 2995 2986
f 2986 2995 2996
f 2986 2996 2987
f 2987 2996 2997
f 2987 2997 2988
f 2988 2997 2998
f 2988 2998 2989
f 2989 2998 2999
f 2989 2999 2990
f 2990 2999 3000
f 2990 3000 2991
f 2991 3000 3001
f 2991 3001 2992
f 2992 3001 3002
f 3003 3013 3004
f 3004 3013 3014
f 3004 3014 3005
f 3005 3014 3015
f 3005 3015 3006
f 3006 3015 3016
f 3006 3016 3007
f 3007 3016 3017
f 3007 3017 3008
f 3008 3017 3018
f 3008 3018 3009
f 3009 3018 3019
f 3009 3019 3010
f 3010 3019 3020
f 3010 3020 3011
f 3011 3020 3021
f 3011 3021 3012
f 3012 3021 3022
f 3013 3023 3014
f 3014 3023 3024
f 3014 3024 3015
f 3015 3024 3025
f 3015 3025 3016
f 3016 3025 3026
f 3016 3026 3017
f 3017 3026 3027
f 3017 3027 3018
f 3018 3027 3028
f 3018 3028 3019
f 3019 3028 3029
f 3019 3029 3020
f 3020 3029 3030
f 3020 3030 3021
f 3021 3030 3031
f 3021 3031 3022
f 3022 3031 3032
f 3023 3033 3024
f 3024 3033 3034
f 3024 3034 3025
f 3025 3034 3035
f 3025 3035 3026
f 3026 3035 3036
f 3026 3036 3027
f 3027 3036 3037
f 3027 3037 3028
f 3028 3037 3038
f 3028 3038 3029
f 3029 3038 3039
f 3029 3039 3030
f 3030 3039 3040
f 3030 3040 3031
f 3031 3040 3041
f 3031 3041 3032
f 3032 3041 3042
f 3033 3043 3034
f 3034 3043 3044
f 3034 3044 3035
f 3035 3044 3045
f 3035 3045 3036
f 3036 3045 3046
f 3036 3046 3037
f 3037 3046 3047
f 3037 3047 3038
f 3038 3047 3048
f 3038 3048 3039
f 3039 3048 3049
f 3039 3049 3040
f 3040 3049 3050
f 3040 3050 3041
f 3041 3050 3051
f 3041 3051 3042
f 3042 3051 3052
f 3043 3053 3044
f 3044 3053 3054
f 3044 3054 3045
f 3045 3054 3055
f 3045 3055 3046
f 3046 3055 3056
f 3046 3056 3047
f 3047 3056 3057
f 3047 3057 3048
f 3048 3057 3058
f 3048 3058 3049
f 3049 3058 3059
f 3049 3059 3050
f 3050 3059 3060
f 3050 3060 3051
f 3051 3060 3061
f 3051 3061 3052
f 3052 3061 3062
f 3053 3063 3054
f 3054 3063 3064
f 3054 3064 3055
f 3055 3064 3065
f 3055 3065 3056
f 3056 3065 3066
f 3056 3066 3057
f 3057 3066 3067
f 3057 3067 3058
f 3058 3067 3068
f 3058 3068 3059
f 3059 3068 3069
f 3059 3069 3060
f 3060 3069 3070
f 3060 3070 3061
f 3061 3070 3071
f 3061 3071 3062
f 3062 3071 3072
f 3063 3073 3064
f 3064 3073 3074
f 3064 3074 3065
f 3065 3074 3075
f 3065 3075 3066
f 3066 3075 3076
f 3066 3076 3067
f 3067 3076 3077
f 3067 3077 3068
f 3068 3077 3078
f 3068 3078 3069
f 3069 3078 3079
f 3069 3079 3070
f 3070 3079 3080
f 3070 3080 3071
f 3071 3080 3081
f 3071 3081 3072
f 3072 3081 3082
f 3073 3083 3074
f 3074 3083 3084
f 3074 3084 3075
f 3075 3084 3085
f 3075 3085 3076
f 3076 3085 3086
f 3076 3086 3077
f 3077 3086 3087
f 3077 3087 3078
f 3078 3087 3088
f 3078 3088 3079
f 3079 3088 3089
f 3079 3089 3080
f 3080 3089 3090
f 3080 3090 3081
f 3081 3090 3091
f 3081 3091 3082
f 3082 3091 3092
f 3083 3093 3084
f 3084 3093 3094
f 3084 3094 3085
f 3085 3094 3095
f 3085 3095 3086
f 3086 3095 3096
f 3086 3096 3087
f 3087 3096 3097
f 3087 3097 3088
f 3088 3097 3098
f 3088 3098 3089
f 3089 3098 3099
f 3089 3099 3090
f 3090 3099 3100
f 3090 3100 3091
f 3091 3100 3101
f 3091 3101 3092
f 3092 3101 3102
f 3093 3103 3094
f 3094 3103 3104
f 3094 3104 3095
f 3095 3104 3105
f 3095 3105 3096
f 3096 3105 3106
f 3096 3106 3097
f 3097 3106 3107
f 3097 3107 3098
f 3098 3107 3108
f 3098 3108 3099
f 3099 3108 3109
f 3099 3109 3100
f 3100 3109 3110
f 3100 3110 3101
f 3101 3110 3111
f 3101 3111 3102
f 3102 3111 3112
f 3103 3113 3104
f 3104 3113 3114
f 3104 3114 3105
f 3105 3114 3115
f 3105 3115 3106
f 3106 3115 3116
f 3106 3116 3107
f 3107 3116 3117
f 3107 3117 3108
f 3108 3117 3118
f 3108 3118 3109
f 3109 3118 3119
f 3109 3119 3110
f 3110 3119 3120
f 3110 3120 3111
f 3111 3120 3121
f 3111 3121 3112
f 3112 3121 3122
f 3123 3134 3133
f 3124 3135 3134
f 3125 3136 3135
f 3126 3137 3136
f 3127 3138 3137
f 3128 3139 3138
f 3129 3140 3139
f 3130 3141 3140
f 3131 3142 3141
f 3134 3144 3133
f 3133 3144 3143
f 3135 3145 3134
f 3134 3145 3144
f 3136 3146 3135
f 3135 3146 3145
f 3137 3147 3136
f 3136 3147 3146
f 3138 3148 3137
f 3137 3148 3147
f 3139 3149 3138
f 3138 3149 3148
f 3140 3150 3139
f 3139 3150 3149
f 3141 3151 3140
f 3140 3151 3150
f 3142 3152 3141
f 3141 3152 3151
f 3144 3154 3143
f 3143 3154 3153
f 3145 3155 3144
f 3144 3155 3154
f 3146 3156 3145
f 3145 3156 3155
f 3147 3157 3146
f 3146 3157 3156
f 3148 3158 3147
f 3147 3158 3157
f 3149 3159 3148
f 3148 3159 3158
f 3150 3160 3149
f 3149 3160 3159
f 3151 3161 3150
f 3150 3161 3160
f 3152 3162 3151
f 3151 3162 3161
f 3154 3164 3153
f 3153 3164 3163
f 3155 3165 3154
f 3154 3165 3164
f 3156 3166 3155
f 3155 3166 3165
f 3157 3167 3156
f 3156 3167 3166
f 3158 3168 3157
f 3157 3168 3167
f 3159 3169 3158
f 3158 3169 3168
f 3160 3170 3159
f 3159 3170 3169
f 3161 3171 3160
f 3160 3171 3170
f 3162 3172 3161
f 3161 3172 3171
f 3164 3174 3163
f 3163 3174 3173
f 3165 3175 3164
f 3164 3175 3174
f 3166 3176 3165
f 3165 3176 3175
f 3167 3177 3166
f 3166 3177 3176
f 3168 3178 3167
f 3167 3178 3177
f 3169 3179 3168
f 3168 3179 3178
f 3170 3180 3169
f 3169 3180 3179
f 3171 3181 3170
f 3170 3181 3180
f 3172 3182 3171
f 3171 3182 3181
f 3174 3184 3173
f 3173 3184 3183
f 3175 3185 3174
f 3174 3185 3184
f 3176 3186 3175
f 3175 3186 3185
f 3177 3187 3176
f 3176 3187 3186
f 3178 3188 3177
f 3177 3188 3187
f 3179 3189 3178
f 3178 3189 3188
f 3180 3190 3179
f 3179 3190 3189
f 3181 3191 3180
f 3180 3191 3190
f 3182 3192 3181
f 3181 3192 3191
f 3184 3194 3183
f 3185 3195 3184
f 3186 3196 3185
f 3187 3197 3186
f 3188 3198 3187
f 3189 3199 3188
f 3190 3200 3189
f 3191 3201 3190
f 3192 3202 3191
f 3203 3209 3204
f 3204 3209 3210
f 3204 3210 3205
f 3205 3210 3211
f 3205 3211 3206
f 3206 3211 3212
f 3206 3212 3207
f 3207 3212 3213
f 3207 3213 3208
f 3208 3213 3214
f 3209 3215 3210
f 3210 3215 3216
f 3210 3216 3211
f 3211 3216 3217
f 3211 3217 3212
f 3212 3217 3218
f 3212 3218 3213
f 3213 3218 3219
f 3213 3219 3214
f 3214 3219 3220
f 3215 3221 3216
f 3216 3221 3222
f 3216 3222 3217
f 3217 3222 3223
f 3217 3223 3218
f 3218 3223 3224
f 3218 3224 3219
f 3219 3224 3225
f 3219 3225 3220
f 3220 3225 3226
f 3221 3227 3222
f 3222 3227 3228
f 3222 3228 3223
f 3223 3228 3229
f 3223 3229 3224
f 3224 3229 3230
f 3224 3230 3225
f 3225 3230 3231
f 3225 3231 3226
f 3226 3231 3232
f 3227 3233 3228
f 3228 3233 3234
f 3228 3234 3229
f 3229 3234 3235
f 3229 3235 3230
f 3230 3235 3236
f 3230 3236 3231
f 3231 3236 3237
f 3231 3237 3232
f 3232 3237 3238
f 3233 3239 3234
f 3234 3239 3240
f 3234 3240 3235
f 3235 3240 3241
f 3235 3241 3236
f 3236 3241 3242
f 3236 3242 3237
f 3237 3242 3243
f 3237 3243 3238
f 3238 3243 3244
f 3239 3245 3240
f 3240 3245 3246
f 3240 3246 3241
f 3241 3246 3247
f 3241 3247 3242
f 3242 3247 3248
f 3242 3248 3243
f 3243 3248 3249
f 3243 3249 3244
f 3244 3249 3250
f 3251 3257 3252
f 3252 3257 3258
f 3252 3258 3253
f 3253 3258 3259
f 3253 3259 3254
f 3254 3259 3260
f 3254 3260 3255
f 3255 3260 3261
f 3255 3261 3256
f 3256 3261 3262
f 3257 3263 3258
f 3258 3263 3264
f 3258 3264 3259
f 3259 3264 3265
f 3259 3265 3260
f 3260 3265 3266
f 3260 3266 3261
f 3261 3266 3267
f 3261 3267 3262
f 3262 3267 3268
f 3263 3269 3264
f 3264 3269 3270
f 3264 3270 3265
f 3265 3270 3271
f 3265 3271 3266
f 3266 3271 3272
f 3266 3272 3267
f 3267 3272 3273
f 3267 3273 3268
f 3268 3273 3274
f 3269 3275 3270
f 3270 3275 3276
f 3270 3276 3271
f 3271 3276 3277
f 3271 3277 3272
f 3272 3277 3278
f 3272 3278 3273
f 3273 3278 3279
f 3273 3279 3274
f 3274 3279 3280
f 3275 3281 3276
f 3276 3281 3282
f 3276 3282 3277
f 3277 3282 3283
f 3277 3283 3278
f 3278 3283 3284
f 3278 3284 3279
f 3279 3284 3285
f 3279 3285 3280
f 3280 3285 3286
f 3281 3287 3282
f 3282 3287 3288
f 3282 3288 3283
f 3283 3288 3289
f 3283 3289 3284
f 3284 3289 3290
f 3284 3290 3285
f 3285 3290 3291
f 3285 3291 3286
f 3286 3291 3292
f 3287 3293 3288
f 3288 3293 3294
f 3288 3294 3289
f 3289 3294 3295
f 3289 3295 3290
f 3290 3295 3296
f 3290 3296 3291
f 3291 3296 3297
f 3291 3297 3292
f 3292 3297 3298
f 3299 3305 3300
f 3300 3305 3306
f 3300 3306 3301
f 3301 3306 3307
f 3301 3307 3302
f 3302 3307 3308
f 3302 3308 3303
f 3303 3308 3309
f 3303 3309 3304
f 3304 3309 3310
f 3305 3311 3306
f 3306 3311 3312
f 3306 3312 3307
f 3307 3312 3313
f 3307 3313 3308
f 3308 3313 3314
f 3308 3314 3309
f 3309 3314 3315
f 3309 3315 3310
f 3310 3315 3316
f 3311 3317 3312
f 3312 3317 3318
f 3312 3318 3313
f 3313 3318 3319
f 3313 3319 3314
f 3314 3319 3320
f 3314 3320 3315
f 3315 3320 3321
f 3315 3321 3316
f 3316 3321 3322
f 3317 3323 3318
f 3318 3323 3324
f 3318 3324 3319
f 3319 3324 3325
f 3319 3325 3320
f 3320 3325 3326
f 3320 3326 3321
f 3321 3326 3327
f 3321 3327 3322
f 3322 3327 3328
f 3323 3329 3324
f 3324 3329 3330
f 3324 3330 3325
f 3325 3330 3331
f 3325 3331 3326
f 3326 3331 3332
f 3326 3332 3327
f 3327 3332 3333
f 3327 3333 3328
f 3328 3333 3334
f 3329 3335 3330
f 3330 3335 3336
f 3330 3336 3331
f 3331 3336 3337
f 3331 3337 3332
f 3332 3337 3338
f 3332 3338 3333
f 3333 3338 3339
f 3333 3339 3334
f 3334 3339 3340
f 3335 3341 3336
f 3336 3341 3342
f 3336 3342 3337
f 3337 3342 3343
f 3337 3343 3338
f 3338 3343 3344
f 3338 3344 3339
f 3339 3344 3345
f 3339 3345 3340
f 3340 3345 3346
f 3347 3353 3348
f 3348 3353 3354
f 3348 3354 3349
f 3349 3354 3355
f 3349 3355 3350
f 3350 3355 3356
f 3350 3356 3351
f 3351 3356 3357
f 3351 3357 3352
f 3352 3357 3358
f 3353 3359 3354
f 3354 3359 3360
f 3354 3360 3355
f 3355 3360 3361
f 3355 3361 3356
f 3356 3361 3362
f 3356 3362 3357
f 3357 3362 3363
f 3357 3363 3358
f 3358 3363 3364
f 3359 3365 3360
f 3360 3365 3366
f 3360 3366 3361
f 3361 3366 3367
f 3361 3367 3362
f 3362 3367 3368
f 3362 3368 3363
f 3363 3368 3369
f 3363 3369 3364
f 3364 3369 3370
f 3365 3371 3366
f 3366 3371 3372
f 3366 3372 3367
f 3367 3372 3373
f 3367 3373 3368
f 3368 3373 3374
f 3368 3374 3369
f 3369 3374 3375
f 3369 3375 3370
f 3370 3375 3376
f 3371 3377 3372
f 3372 3377 3378
f 3372 3378 3373
f 3373 3378 3379
f 3373 3379 3374
f 3374 3379 3380
f 3374 3380 3375
f 3375 3380 3381
f 3375 3381 3376
f 3376 3381 3382
f 3377 3383 3378
f 3378 3383 3384
f 3378 3384 3379
f 3379 3384 3385
f 3379 3385 3380
f 3380 3385 3386
f 3380 3386 3381
f 3381 3386 3387
f 3381 3387 3382
f 3382 3387 3388
f 3383 3389 3384
f 3384 3389 3390
f 3384 3390 3385
f 3385 3390 3391
f 3385 3391 3386
f 3386 3391 3392
f 3386 3392 3387
f 3387 3392 3393
f 3387 3393 3388
f 3388 3393 3394
f 3395 3405 3396
f 3396 3405 3406
f 3396 3406 3397
f 3397 3406 3407
f 3397 3407 3398
f 3398 3407 3408
f 3398 3408 3399
f 3399 3408 3409
f 3399 3409 3400
f 3400 3409 3410
f 3400 3410 3401
f 3401 3410 3411
f 3401 3411 3402
f 3402 3411 3412
f 3402 3412 3403
f 3403 3412 3413
f 3403 3413 3404
f 3404 3413 3414
f 3405 3415 3406
f 3406 3415 3416
f 3406 3416 3407
f 3407 3416 3417
f 3407 3417 3408
f 3408 3417 3418
f 3408 3418 3409
f 3409 3418 3419
f 3409 3419 3410
f 3410 3419 3420
f 3410 3420 3411
f 3411 3420 3421
f 3411 3421 3412
f 3412 3421 3422
f 3412 3422 3413
f 3413 3422 3423
f 3413 3423 3414
f 3414 3423 3424
f 3415 3425 3416
f 3416 3425 3426
f 3416 3426 3417
f 3417 3426 3427
f 3417 3427 3418
f 3418 3427 3428
f 3418 3428 3419
f 3419 3428 3429
f 3419 3429 3420
f 3420 3429 3430
f 3420 3430 3421
f 3421 3430 3431
f 3421 3431 3422
f 3422 3431 3432
f 3422 3432 3423
f 3423 3432 3433
f 3423 3433 3424
f 3424 3433 3434
f 3425 3435 3426
f 3426 3435 3436
f 3426 3436 3427
f 3427 3436 3437
f 3427 3437 3428
f 3428 3437 3438
f 3428 3438 3429
f 3429 3438 3439
f 3429 3439 3430
f 3430 3439 3440
f 3430 3440 3431
f 3431 3440 3441
f 3431 3441 3432
f 3432 3441 3442
f 3432 3442 3433
f 3433 3442 3443
f 3433 3443 3434
f 3434 3443 3444
f 3435 3445 3436
f 3436 3445 3446
f 3436 3446 3437
f 3437 3446 3447
f 3437 3447 3438
f 3438 3447 3448
f 3438 3448 3439
f 3439 3448 3449
f 3439 3449 3440
f 3440 3449 3450
f 3440 3450 3441
f 3441 3450 3451
f 3441 3451 3442
f 3442 3451 3452
f 3442 3452 3443
f 3443 3452 3453
f 3443 3453 3444
f 3444 3453 3454
f 3445 3455 3446
f 3446 3455 3456
f 3446 3456 3447
f 3447 3456 3457
f 3447 3457 3448
f 3448 3457 3458
f 3448 3458 3449
f 3449 3458 3459
f 3449 3459 3450
f 3450 3459 3460
f 3450 3460 3451
f 3451 3460 3461
f 3451 3461 3452
f 3452 3461 3462
f 3452 3462 3453
f 3453 3462 3463
f 3453 3463 3454
f 3454 3463 3464
f 3455 3465 3456
f 3456 3465 3466
f 3456 3466 3457
f 3457 3466 3467
f 3457 3467 3458
f 3458 3467 3468
f 3458 3468 3459
f 3459 3468 3469
f 3459 3469 3460
f 3460 3469 3470
f 3460 3470 3461
f 3461 3470 3471
f 3461 3471 3462
f 3462 3471 3472
f 3462 3472 3463
f 3463 3472 3473
f 3463 3473 3464
f 3464 3473 3474
f 3465 3475 3466
f 3466 3475 3476
f 3466 3476 3467
f 3467 3476 3477
f 3467 3477 3468
f 3468 3477 3478
f 3468 3478 3469
f 3469 3478 3479
f 3469 3479 3470
f 3470 3479 3480
f 3470 3480 3471
f 3471 3480 3481
f 3471 3481 3472
f 3472 3481 3482
f 3472 3482 3473
f 3473 3482 3483
f 3473 3483 3474
f 3474 3483 3484
f 3475 3485 3476
f 3476 3485 3486
f 3476 3486 3477
f 3477 3486 3487
f 3477 3487 3478
f 3478 3487 3488
f 3478 3488 3479
f 3479 3488 3489
f 3479 3489 3480
f 3480 3489 3490
f 3480 3490 3481
f 3481 3490 3491
f 3481 3491 3482
f 3482 3491 3492
f 3482 3492 3483
f 3483 3492 3493
f 3483 3493 3484
f 3484 3493 3494
f 3485 3495 3486
f 3486 3495 3496
f 3486 3496 3487
f 3487 3496 3497
f 3487 3497 3488
f 3488 3497 3498
f 3488 3498 3489
f 3489 3498 3499
f 3489 3499 3490
f 3490 3499 3500
f 3490 3500 3491
f 3491 3500 3501
f 3491 3501 3492
f 3492 3501 3502
f 3492 3502 3493
f 3493 3502 3503
f 3493 3503 3494
f 3494 3503 3504
f 3495 3505 3496
f 3496 3505 3506
f 3496 3506 3497
f 3497 3506 3507
f 3497 3507 3498
f 3498 3507 3508
f 3498 3508 3499
f 3499 3508 3509
f 3499 3509 3500
f 3500 3509 3510
f 3500 3510 3501
f 3501 3510 3511
f 3501 3511 3502
f 3502 3511 3512
f 3502 3512 3503
f 3503 3512 3513
f 3503 3513 3504
f 3504 3513 3514
f 3515 3525 3516
f 3516 3525 3526
f 3516 3526 3517
f 3517 3526 3527
f 3517 3527 3518
f 3518 3527 3528
f 3518 3528 3519
f 3519 3528 3529
f 3519 3529 3520
f 3520 3529 3530
f 3520 3530 3521
f 3521 3530 3531
f 3521 3531 3522
f 3522 3531 3532
f 3522 3532 3523
f 3523 3532 3533
f 3523 3533 3524
f 3524 3533 3534
f 3525 3535 3526
f 3526 3535 3536
f 3526 3536 3527
f 3527 3536 3537
f 3527 3537 3528
f 3528 3537 3538
f 3528 3538 3529
f 3529 3538 3539
f 3529 3539 3530
f 3530 3539 3540
f 3530 3540 3531
f 3531 3540 3541
f 3531 3541 3532
f 3532 3541 3542
f 3532 3542 3533
f 3533 3542 3543
f 3533 3543 3534
f 3534 3543 3544
f 3535 3545 3536
f 3536 3545 3546
f 3536 3546 3537
f 3537 3546 3547
f 3537 3547 3538
f 3538 3547 3548
f 3538 3548 3539
f 3539 3548 3549
f 3539 3549 3540
f 3540 3549 3550
f 3540 3550 3541
f 3541 3550 3551
f 3541 3551 3542
f 3542 3551 3552
f 3542 3552 3543
f 3543 3552 3553
f 3543 3553 3544
f 3544 3553 3554
f 3545 3555 3546
f 3546 3555 3556
f 3546 3556 3547
f 3547 3556 3557
f 3547 3557 3548
f 3548 3557 3558
f 3548 3558 3549
f 3549 3558 3559
f 3549 3559 3550
f 3550 3559 3560
f 3550 3560 3551
f 3551 3560 3561
f 3551 3561 3552
f 3552 3561 3562
f 3552 3562 3553
f 3553 3562 3563
f 3553 3563 3554
f 3554 3563 3564
f 3555 3565 3556
f 3556 3565 3566
f 3556 3566 3557
f 3557 3566 3567
f 3557 3567 3558
f 3558 3567 3568
f 3558 3568 3559
f 3559 3568 3569
f 3559 3569 3560
f 3560 3569 3570
f 3560 3570 3561
f 3561 3570 3571
f 3561 3571 3562
f 3562 3571 3572
f 3562 3572 3563
f 3563 3572 3573
f 3563 3573 3564
f 3564 3573 3574
f 3565 3575 3566
f 3566 3575 3576
f 3566 3576 3567
f 3567 3576 3577
f 3567 3577 3568
f 3568 3577 3578
f 3568 3578 3569
f 3569 3578 3579
f 3569 3579 3570
f 3570 3579 3580
f 3570 3580 3571
f 3571 3580 3581
f 3571 3581 3572
f 3572 3581 3582
f 3572 3582 3573
f 3573 3582 3583
f 3573 3583 3574
f 3574 3583 3584
f 3575 3585 3576
f 3576 3585 3586
f 3576 3586 3577
f 3577 3586 3587
f 3577 3587 3578
f 3578 3587 3588
f 3578 3588 3579
f 3579 3588 3589
f 3579 3589 3580
f 3580 3589 3590
f 3580 3590 3581
f 3581 3590 3591
f 3581 3591 3582
f 3582 3591 3592
f 3582 3592 3583
f 3583 3592 3593
f 3583 3593 3584
f 3584 3593 3594
f 3585 3595 3586
f 3586 3595 3596
f 3586 3596 3587
f 3587 3596 3597
f 3587 3597 3588
f 3588 3597 3598
f 3588 3598 3589
f 3589 3598 3599
f 3589 3599 3590
f 3590 3599 3600
f 3590 3600 3591
f 3591 3600 3601
f 3591 3601 3592
f 3592 3601 3602
f 3592 3602 3593
f 3593 3602 3603
f 3593 3603 3594
f 3594 3603 3604
f 3595 3605 3596
f 3596 3605 3606
f 3596 3606 3597
f 3597 3606 3607
f 3597 3607 3598
f 3598 3607 3608
f 3598 3608 3599
f 3599 3608 3609
f 3599 3609 3600
f 3600 3609 3610
f 3600 3610 3601
f 3601 3610 3611
f 3601 3611 3602
f 3602 3611 3612
f 3602 3612 3603
f 3603 3612 3613
f 3603 3613 3604
f 3604 3613 3614
f 3605 3615 3606
f 3606 3615 3616
f 3606 3616 3607
f 3607 3616 3617
f 3607 3617 3608
f 3608 3617 3618
f 3608 3618 3609
f 3609 3618 3619
f 3609 3619 3610
f 3610 3619 3620
f 3610 3620 3611
f 3611 3620 3621
f 3611 3621 3612
f 3612 3621 3622
f 3612 3622 3613
f 3613 3622 3623
f 3613 3623 3614
f 3614 3623 3624
f 3615 3625 3616
f 3616 3625 3626
f 3616 3626 3617
f 3617 3626 3627
f 3617 3627 3618
f 3618 3627 3628
f 3618 3628 3619
f 3619 3628 3629
f 3619 3629 3620
f 3620 3629 3630
f 3620 3630 3621
f 3621 3630 3631
f 3621 3631 3622
f 3622 3631 3632
f 3622 3632 3623
f 3623 3632 3633
f 3623 3633 3624
f 3624 3633 3634
f 3635 3637 3636
f 3638 3640 3639
f 3641 3643 3642
f 3644 3646 3645
f 3647 3649 3648
f 3650 3652 3651
f 3653 3655 3654
f 3656 3658 3657
f 3659 3661 3660
f 3662 3664 3663
f 3665 3667 3666
f 3668 3670 3669
f 3671 3673 3672
f 3674 3676 3675
f 3677 3679 3678
f 3680 3682 3681
f 3683 3685 3684
f 3686 3688 3687
f 3689 3691 3690
f 3692 3694 3693
f 3695 3697 3696
f 3698 3700 3699
f 3701 3703 3702
f 3704 3706 3705
f 3707 3709 3708
f 3710 3712 3711
f 3713 3715 3714
f 3716 3718 3717
f 3719 3721 3720
f 3722 3724 3723
f 3725 3727 3726
f 3728 3730 3729
f 3731 3733 3732
f 3734 3736 3735
f 3737 3739 3738
f 3740 3742 3741
f 3743 3745 3744
f 3746 3748 3747
f 3749 3751 3750
f 3752 3754 3753
f 3755 3757 3756
f 3758 3760 3759
f 3761 3763 3762
f 3764 3766 3765
f 3767 3769 3768
f 3770 3772 3771
f 3773 3775 3774
f 3776 3778 3777
f 3779 3781 3780
f 3782 3784 3783
f 3785 3787 3786
f 3788 3790 3789
f 3791 3793 3792
f 3794 3796 3795
f 3797 3799 3798
f 3800 3802 3801
f 3803 3805 3804
f 3806 3808 3807
f 3809 3811 3810
f 3812 3814 3813
f 3815 3817 3816
f 3818 3820 3819
f 3821 3823 3822
f 3824 3826 3825
f 3827 3829 3828
f 3830 3832 3831
f 3833 3835 3834
f 3836 3838 3837
f 3839 3841 3840
f 3842 3844 3843
f 3845 3847 3846
f 3848 3850 3849
f 3851 3853 3852
f 3854 3856 3855
f 3857 3859 3858
f 3860 3862 3861
f 3863 3865 3864
f 3866 3868 3867
f 3869 3871 3870
f 3872 3874 3873
f 3875 3877 3876
f 3878 3880 3879
f 3881 3883 3882
f 3884 3886 3885
f 3887 3889 3888
f 3890 3892 3891
f 3893 3895 3894
f 3896 3898 3897
f 3899 3901 3900
f 3902 3904 3903
f 3905 3907 3906
f 3908 3910 3909
f 3911 3913 3912
f 3914 3916 3915
f 3917 3919 3918
f 3920 3922 3921
f 3923 3925 3924
f 3926 3928 3927
f 3929 3931 3930
f 3932 3934 3933
f 3935 3937 3936
f 3938 3940 3939
f 3941 3943 3942
f 3944 3946 3945
f 3947 3949 3948
f 3950 3952 3951
f 3953 3955 3954
f 3956 3958 3957
f 3959 3961 3960
f 3962 3964 3963
f 3965 3967 3966
f 3968 3970 3969
f 3971 3973 3972
f 3974 3976 3975
f 3977 3979 3978
f 3980 3982 3981
f 3983 3985 3984
f 3986 3988 3987
f 3989 3991 3990
f 3992 3994 3993
f 3995 3997 3996
f 3998 4000 3999
f 4001 4003 4002
f 4004 4006 4005
f 4007 4009 4008
f 4010 4012 4011
f 4013 4015 4014
f 4016 4018 4017
f 4019 4021 4020
f 4022 4024 4023
f 4025 4027 4026
f 4028 4030 4029
f 4031 4033 4032
f 4034 4036 4035
f 4037 4039 4038
f 4040 4042 4041
f 4043 4045 4044
f 4046 4048 4047
f 4049 4051 4050
f 4052 4054 4053
f 4055 4057 4056
f 4058 4060 4059
f 4061 4063 4062
f 4064 4066 4065
f 4067 4069 4068
f 4070 4072 4071
f 4073 4075 4074
f 4076 4078 4077
f 4079 4081 4080
f 4082 4084 4083
f 4085 4087 4086
f 4088 4090 4089
f 4091 4093 4092
f 4094 4096 4095
f 4097 4099 4098
f 4100 4102 4101
f 4103 4105 4104
f 4106 4108 4107
f 4109 4111 4110
f 4112 4114 4113
f 4115 4117 4116
f 4118 4120 4119
f 4121 4123 4122
f 4124 4126 4125
f 4127 4129 4128
f 4130 4132 4131
f 4133 4135 4134
f 4136 4138 4137
f 4139 4141 4140
f 4142 4144 4143
f 4145 4147 4146
f 4148 4150 4149
f 4151 4153 4152
f 4154 4156 4155
f 4157 4159 4158
f 4160 4162 4161
f 4163 4165 4164
f 4166 4168 4167
f 4169 4171 4170
f 4172 4174 4173
f 4175 4177 4176
f 4178 4180 4179
f 4181 4183 4182
f 4184 4186 4185
f 4187 4189 4188
f 4190 4192 4191
f 4193 4195 4194
f 4196 4198 4197
f 4199 4201 4200
f 4202 4204 4203
f 4205 4207 4206
f 4208 4210 4209
f 4211 4213 4212
f 4214 4216 4215
f 4217 4219 4218
f 4220 4222 4221
f 4223 4225 4224
f 4226 4228 4227
f 4229 4231 4230
f 4232 4234 4233
f 4235 4237 4236
f 4238 4240 4239
f 4241 4243 4242
f 4244 4246 4245
f 4247 4249 4248
f 4250 4252 4251
f 4253 4255 4254
f 4256 4258 4257
f 4259 4261 4260
f 4262 4264 4263
f 4265 4267 4266
f 4268 4270 4269
f 4271 4273 4272
f 4274 4276 4275
f 4277 4279 4278
f 4280 4282 4281
f 4283 4285 4284
f 4286 4288 4287
f 4289 4291 4290
f 4292 4294 4293
f 4295 4297 4296
f 4298 4300 4299
f 4301 4303 4302
f 4304 4306 4305
f 4307 4309 4308
f 4310 4312 4311
f 4313 4315 4314
f 4316 4318 4317
f 4319 4321 4320
f 4322 4324 4323
f 4325 4327 4326
f 4328 4330 4329
f 4331 4333 4332
f 4334 4336 4335
f 4337 4339 4338
f 4340 4342 4341
f 4343 4345 4344
f 4346 4348 4347
f 4349 4351 4350
f 4352 4354 4353
f 4355 4357 4356
f 4358 4360 4359
f 4361 4363 4362
f 4364 4366 4365
f 4367 4369 4368
f 4370 4372 4371
f 4373 4375 4374
f 4376 4378 4377
f 4379 4381 4380
f 4382 4384 4383
f 4385 4387 4386
f 4388 4390 4389
f 4391 4393 4392
f 4394 4396 4395
f 4397 4399 4398
f 4400 4402 4401
f 4403 4405 4404
f 4406 4408 4407
f 4409 4411 4410
f 4412 4414 4413
f 4415 4417 4416
f 4418 4420 4419
f 4421 4423 4422
f 4424 4426 4425
f 4427 4429 4428
f 4430 4432 4431
f 4433 4435 4434
f 4436 4438 4437
f 4439 4441 4440
f 4442 4444 4443
f 4445 4447 4446
f 4448 4450 4449
f 4451 4453 4452
f 4454 4456 4455
f 4457 4459 4458
f 4460 4462 4461
f 4463 4465 4464
f 4466 4468 4467
f 4469 4471 4470
f 4472 4474 4473
f 4475 4477 4476
f 4478 4480 4479
f 4481 4483 4482
f 4484 4486 4485
f 4487 4489 4488
f 4490 4492 4491
f 4493 4495 4494
f 4496 4498 4497
f 4499 4501 4500
f 4502 4504 4503
f 4505 4507 4506
f 4508 4510 4509
f 4511 4513 4512
f 4514 4516 4515
f 4517 4519 4518
f 4520 4522 4521
f 4523 4525 4524
f 4526 4528 4527
f 4529 4531 4530
f 4532 4534 4533
f 4535 4545 4536
f 4536 4545 4546
f 4536 4546 4537
f 4537 4546 4547
f 4537 4547 4538
f 4538 4547 4548
f 4538 4548 4539
f 4539 4548 4549
f 4539 4549 4540
f 4540 4549 4550
f 4540 4550 4541
f 4541 4550 4551
f 4541 4551 4542
f 4542 4551 4552
f 4542 4552 4543
f 4543 4552 4553
f 4543 4553 4544
f 4544 4553 4554
f 4545 4555 4546
f 4546 4555 4556
f 4546 4556 4547
f 4547 4556 4557
f 4547 4557 4548
f 4548 4557 4558
f 4548 4558 4549
f 4549 4558 4559
f 4549 4559 4550
f 4550 4559 4560
f 4550 4560 4551
f 4551 4560 4561
f 4551 4561 4552
f 4552 4561 4562
f 4552 4562 4553
f 4553 4562 4563
f 4553 4563 4554
f 4554 4563 4564
f 4555 4565 4556
f 4556 4565 4566
f 4556 4566 4557
f 4557 4566 4567
f 4557 4567 4558
f 4558 4567 4568
f 4558 4568 4559
f 4559 4568 4569
f 4559 4569 4560
f 4560 4569 4570
f 4560 4570 4561
f 4561 4570 4571
f 4561 4571 4562
f 4562 4571 4572
f 4562 4572 4563
f 4563 4572 4573
f 4563 4573 4564
f 4564 4573 4574
f 4565 4575 4566
f 4566 4575 4576
f 4566 4576 4567
f 4567 4576 4577
f 4567 4577 4568
f 4568 4577 4578
f 4568 4578 4569
f 4569 4578 4579
f 4569 4579 4570
f 4570 4579 4580
f 4570 4580 4571
f 4571 4580 4581
f 4571 4581 4572
f 4572 4581 4582
f 4572 4582 4573
f 4573 4582 4583
f 4573 4583 4574
f 4574 4583 4584
f 4575 4585 4576
f 4576 4585 4586
f 4576 4586 4577
f 4577 4586 4587
f 4577 4587 4578
f 4578 4587 4588
f 4578 4588 4579
f 4579 4588 4589
f 4579 4589 4580
f 4580 4589 4590
f 4580 4590 4581
f 4581 4590 4591
f 4581 4591 4582
f 4582 4591 4592
f 4582 4592 4583
f 4583 4592 4593
f 4583 4593 4584
f 4584 4593 4594
f 4585 4595 4586
f 4586 4595 4596
f 4586 4596 4587
f 4587 4596 4597
f 4587 4597 4588
f 4588 4597 4598
f 4588 4598 4589
f 4589 4598 4599
f 4589 4599 4590
f 4590 4599 4600
f 4590 4600 4591
f 4591 4600 4601
f 4591 4601 4592
f 4592 4601 4602
f 4592 4602 4593
f 4593 4602 4603
f 4593 4603 4594
f 4594 4603 4604
f 4595 4605 4596
f 4596 4605 4606
f 4596 4606 4597
f 4597 4606 4607
f 4597 4607 4598
f 4598 4607 4608
f 4598 4608 4599
f 4599 4608 4609
f 4599 4609 4600
f 4600 4609 4610
f 4600 4610 4601
f 4601 4610 4611
f 4601 4611 4602
f 4602 4611 4612
f 4602 4612 4603
f 4603 4612 4613
f 4603 4613 4604
f 4604 4613 4614
f 4605 4615 4606
f 4606 4615 4616
f 4606 4616 4607
f 4607 4616 4617
f 4607 4617 4608
f 4608 4617 4618
f 4608 4618 4609
f 4609 4618 4619
f 4609 4619 4610
f 4610 4619 4620
f 4610 4620 4611
f 4611 4620 4621
f 4611 4621 4612
f 4612 4621 4622
f 4612 4622 4613
f 4613 4622 4623
f 4613 4623 4614
f 4614 4623 4624
f 4615 4625 4616
f 4616 4625 4626
f 4616 4626 4617
f 4617 4626 4627
f 4617 4627 4618
f 4618 4627 4628
f 4618 4628 4619
f 4619 4628 4629
f 4619 4629 4620
f 4620 4629 4630
f 4620 4630 4621
f 4621 4630 4631
f 4621 4631 4622
f 4622 4631 4632
f 4622 4632 4623
f 4623 4632 4633
f 4623 4633 4624
f 4624 4633 4634
f 4625 4635 4626
f 4626 4635 4636
f 4626 4636 4627
f 4627 4636 4637
f 4627 4637 4628
f 4628 4637 4638
f 4628 4638 4629
f 4629 4638 4639
f 4629 4639 4630
f 4630 4639 4640
f 4630 4640 4631
f 4631 4640 4641
f 4631 4641 4632
f 4632 4641 4642
f 4632 4642 4633
f 4633 4642 4643
f 4633 4643 4634
f 4634 4643 4644
f 4635 4645 4636
f 4636 4645 4646
f 4636 4646 4637
f 4637 4646 4647
f 4637 4647 4638
f 4638 4647 4648
f 4638 4648 4639
f 4639 4648 4649
f 4639 4649 4640
f 4640 4649 4650
f 4640 4650 4641
f 4641 4650 4651
f 4641 4651 4642
f 4642 4651 4652
f 4642 4652 4643
f 4643 4652 4653
f 4643 4653 4644
f 4644 4653 4654
f 4655 4665 4656
f 4656 4665 4666
f 4656 4666 4657
f 4657 4666 4667
f 4657 4667 4658
f 4658 4667 4668
f 4658 4668 4659
f 4659 4668 4669
f 4659 4669 4660
f 4660 4669 4670
f 4660 4670 4661
f 4661 4670 4671
f 4661 4671 4662
f 4662 4671 4672
f 4662 4672 4663
f 4663 4672 4673
f 4663 4673 4664
f 4664 4673 4674
f 4665 4675 4666
f 4666 4675 4676
f 4666 4676 4667
f 4667 4676 4677
f 4667 4677 4668
f 4668 4677 4678
f 4668 4678 4669
f 4669 4678 4679
f 4669 4679 4670
f 4670 4679 4680
f 4670 4680 4671
f 4671 4680 4681
f 4671 4681 4672
f 4672 4681 4682
f 4672 4682 4673
f 4673 4682 4683
f 4673 4683 4674
f 4674 4683 4684
f 4675 4685 4676
f 4676 4685 4686
f 4676 4686 4677
f 4677 4686 4687
f 4677 4687 4678
f 4678 4687 4688
f 4678 4688 4679
f 4679 4688 4689
f 4679 4689 4680
f 4680 4689 4690
f 4680 4690 4681
f 4681 4690 4691
f 4681 4691 4682
f 4682 4691 4692
f 4682 4692 4683
f 4683 4692 4693
f 4683 4693 4684
f 4684 4693 4694
f 4685 4695 4686
f 4686 4695 4696
f 4686 4696 4687
f 4687 4696 4697
f 4687 4697 4688
f 4688 4697 4698
f 4688 4698 4689
f 4689 4698 4699
f 4689 4699 4690
f 4690 4699 4700
f 4690 4700 4691
f 4691 4700 4701
f 4691 4701 4692
f 4692 4701 4702
f 4692 4702 4693
f 4693 4702 4703
f 4693 4703 4694
f 4694 4703 4704
f 4695 4705 4696
f 4696 4705 4706
f 4696 4706 4697
f 4697 4706 4707
f 4697 4707 4698
f 4698 4707 4708
f 4698 4708 4699
f 4699 4708 4709
f 4699 4709 4700
f 4700 4709 4710
f 4700 4710 4701
f 4701 4710 4711
f 4701 4711 4702
f 4702 4711 4712
f 4702 4712 4703
f 4703 4712 4713
f 4703 4713 4704
f 4704 4713 4714
f 4705 4715 4706
f 4706 4715 4716
f 4706 4716 4707
f 4707 4716 4717
f 4707 4717 4708
f 4708 4717 4718
f 4708 4718 4709
f 4709 4718 4719
f 4709 4719 4710
f 4710 4719 4720
f 4710 4720 4711
f 4711 4720 4721
f 4711 4721 4712
f 4712 4721 4722
f 4712 4722 4713
f 4713 4722 4723
f 4713 4723 4714
f 4714 4723 4724
f 4715 4725 4716
f 4716 4725 4726
f 4716 4726 4717
f 4717 4726 4727
f 4717 4727 4718
f 4718 4727 4728
f 4718 4728 4719
f 4719 4728 4729
f 4719 4729 4720
f 4720 4729 4730
f 4720 4730 4721
f 4721 4730 4731
f 4721 4731 4722
f 4722 4731 4732
f 4722 4732 4723
f 4723 4732 4733
f 4723 4733 4724
f 4724 4733 4734
f 4725 4735 4726
f 4726 4735 4736
f 4726 4736 4727
f 4727 4736 4737
f 4727 4737 4728
f 4728 4737 4738
f 4728 4738 4729
f 4729 4738 4739
f 4729 4739 4730
f 4730 4739 4740
f 4730 4740 4731
f 4731 4740 4741
f 4731 4741 4732
f 4732 4741 4742
f 4732 4742 4733
f 4733 4742 4743
f 4733 4743 4734
f 4734 4743 4744
f 4735 4745 4736
f 4736 4745 4746
f 4736 4746 4737
f 4737 4746 4747
f 4737 4747 4738
f 4738 4747 4748
f 4738 4748 4739
f 4739 4748 4749
f 4739 4749 4740
f 4740 4749 4750
f 4740 4750 4741
f 4741 4750 4751
f 4741 4751 4742
f 4742 4751 4752
f 4742 4752 4743
f 4743 4752 4753
f 4743 4753 4744
f 4744 4753 4754
f 4745 4755 4746
f 4746 4755 4756
f 4746 4756 4747
f 4747 4756 4757
f 4747 4757 4748
f 4748 4757 4758
f 4748 4758 4749
f 4749 4758 4759
f 4749 4759 4750
f 4750 4759 4760
f 4750 4760 4751
f 4751 4760 4761
f 4751 4761 4752
f 4752 4761 4762
f 4752 4762 4753
f 4753 4762 4763
f 4753 4763 4754
f 4754 4763 4764
f 4755 4765 4756
f 4756 4765 4766
f 4756 4766 4757
f 4757 4766 4767
f 4757 4767 4758
f 4758 4767 4768
f 4758 4768 4759
f 4759 4768 4769
f 4759 4769 4760
f 4760 4769 4770
f 4760 4770 4761
f 4761 4770 4771
f 4761 4771 4762
f 4762 4771 4772
f 4762 4772 4763
f 4763 4772 4773
f 4763 4773 4764
f 4764 4773 4774
f 4775 4777 4776
f 4778 4780 4779
f 4781 4783 4782
f 4784 4786 4785
f 4787 4789 4788
f 4790 4792 4791
f 4793 4795 4794
f 4796 4798 4797
f 4799 4801 4800
f 4802 4804 4803
f 4805 4807 4806
f 4808 4810 4809
f 4811 4813 4812
f 4814 4816 4815
f 4817 4819 4818
f 4820 4822 4821
f 4823 4825 4824
f 4826 4828 4827
f 4829 4831 4830
f 4832 4834 4833
f 4835 4837 4836
f 4838 4840 4839
f 4841 4843 4842
f 4844 4846 4845
f 4847 4849 4848
f 4850 4852 4851
f 4853 4855 4854
f 4856 4858 4857
f 4859 4861 4860
f 4862 4864 4863
f 4865 4867 4866
f 4868 4870 4869
f 4871 4873 4872
f 4874 4876 4875
f 4877 4879 4878
f 4880 4882 4881
f 4883 4885 4884
f 4886 4888 4887
f 4889 4891 4890
f 4892 4894 4893
f 4895 4897 4896
f 4898 4900 4899
f 4901 4903 4902
f 4904 4906 4905
f 4907 4909 4908
f 4910 4912 4911
f 4913 4915 4914
f 4916 4918 4917
f 4919 4921 4920
f 4922 4924 4923
f 4925 4927 4926
f 4928 4930 4929
f 4931 4933 4932
f 4934 4936 4935
f 4937 4939 4938
f 4940 4942 4941
f 4943 4945 4944
f 4946 4948 4947
f 4949 4951 4950
f 4952 4954 4953
f 4955 4957 4956
f 4958 4960 4959
f 4961 4963 4962
f 4964 4966 4965
f 4967 4969 4968
f 4970 4972 4971
f 4973 4975 4974
f 4976 4978 4977
f 4979 4981 4980
f 4982 4984 4983
f 4985 4987 4986
f 4988 4990 4989
f 4991 4993 4992
f 4994 4996 4995
f 4997 4999 4998
f 5000 5002 5001
f 5003 5005 5004
f 5006 5008 5007
f 5009 5011 5010
f 5012 5014 5013
f 5015 5017 5016
f 5018 5020 5019
f 5021 5023 5022
f 5024 5026 5025
f 5027 5029 5028
f 5030 5032 5031
f 5033 5035 5034
f 5036 5038 5037
f 5039 5041 5040
f 5042 5044 5043
f 5045 5047 5046
f 5048 5050 5049
f 5051 5053 5052
f 5054 5056 5055
f 5057 5059 5058
f 5060 5062 5061
f 5063 5065 5064
f 5066 5068 5067
f 5069 5071 5070
f 5072 5074 5073
f 5075 5077 5076
f 5078 5080 5079
f 5081 5083 5082
f 5084 5086 5085
f 5087 5089 5088
f 5090 5092 5091
f 5093 5095 5094
f 5096 5098 5097
f 5099 5101 5100
f 5102 5104 5103
f 5105 5107 5106
f 5108 5110 5109
f 5111 5113 5112
f 5114 5116 5115
f 5117 5119 5118
f 5120 5122 5121
f 5123 5125 5124
f 5126 5128 5127
f 5129 5131 5130
f 5132 5134 5133
f 5135 5137 5136
f 5138 5140 5139
f 5141 5143 5142
f 5144 5146 5145
f 5147 5149 5148
f 5150 5152 5151
f 5153 5155 5154
f 5156 5158 5157
f 5159 5161 5160
f 5162 5164 5163
f 5165 5167 5166
f 5168 5170 5169
f 5171 5173 5172
f 5174 5176 5175
f 5177 5179 5178
f 5180 5182 5181
f 5183 5185 5184
f 5186 5188 5187
f 5189 5191 5190
f 5192 5194 5193
f 5195 5197 5196
f 5198 5200 5199
f 5201 5203 5202
f 5204 5206 5205
f 5207 5209 5208
f 5210 5212 5211
f 5213 5215 5214
f 5216 5218 5217
f 5219 5221 5220
f 5222 5224 5223
f 5225 5227 5226
f 5228 5230 5229
f 5231 5233 5232
f 5234 5236 5235
f 5237 5239 5238
f 5240 5242 5241
f 5243 5245 5244
f 5246 5248 5247
f 5249 5251 5250
f 5252 5254 5253
f 5255 5257 5256
f 5258 5260 5259
f 5261 5263 5262
f 5264 5266 5265
f 5267 5269 5268
f 5270 5272 5271
f 5273 5275 5274
f 5276 5278 5277
f 5279 5281 5280
f 5282 5284 5283
f 5285 5287 5286
f 5288 5290 5289
f 5291 5293 5292
f 5294 5296 5295
f 5297 5299 5298
f 5300 5302 5301
f 5303 5305 5304
f 5306 5308 5307
f 5309 5311 5310
f 5312 5314 5313
f 5315 5317 5316
f 5318 5320 5319
f 5321 5323 5322
f 5324 5326 5325
f 5327 5329 5328
f 5330 5332 5331
f 5333 5335 5334
f 5336 5338 5337
f 5339 5341 5340
f 5342 5344 5343
f 5345 5347 5346
f 5348 5350 5349
f 5351 5353 5352
f 5354 5356 5355
f 5357 5359 5358
f 5360 5362 5361
f 5363 5365 5364
f 5366 5368 5367
f 5369 5371 5370
f 5372 5374 5373
f 5375 5377 5376
f 5378 5380 5379
f 5381 5383 5382
f 5384 5386 5385
f 5387 5389 5388
f 5390 5392 5391
f 5393 5395 5394
f 5396 5398 5397
f 5399 5401 5400
f 5402 5404 5403
f 5405 5407 5406
f 5408 5410 5409
f 5411 5413 5412
f 5414 5416 5415
f 5417 5419 5418
f 5420 5422 5421
f 5423 5425 5424
f 5426 5428 5427
f 5429 5431 5430
f 5432 5434 5433
f 5435 5437 5436
f 5438 5440 5439
f 5441 5443 5442
f 5444 5446 5445
f 5447 5449 5448
f 5450 5452 5451
f 5453 5455 5454
f 5456 5458 5457
f 5459 5461 5460
f 5462 5464 5463
f 5465 5467 5466
f 5468 5470 5469
f 5471 5473 5472
f 5474 5476 5475
f 5477 5479 5478
f 5480 5482 5481
f 5483 5485 5484
f 5486 5488 5487
f 5489 5491 5490
f 5492 5494 5493
f 5495 5497 5496
f 5498 5500 5499
f 5501 5503 5502
f 5504 5506 5505
f 5507 5509 5508
f 5510 5512 5511
f 5513 5515 5514
f 5516 5518 5517
f 5519 5521 5520
f 5522 5524 5523
f 5525 5527 5526
f 5528 5530 5529
f 5531 5533 5532
f 5534 5536 5535
f 5537 5539 5538
f 5540 5542 5541
f 5543 5545 5544
f 5546 5548 5547
f 5549 5551 5550
f 5552 5554 5553
f 5555 5557 5556
f 5558 5560 5559
f 5561 5563 5562
f 5564 5566 5565
f 5567 5569 5568
f 5570 5572 5571
f 5573 5575 5574
f 5576 5578 5577
f 5579 5581 5580
f 5582 5584 5583
f 5585 5587 5586
f 5588 5590 5589
f 5591 5593 5592
f 5594 5596 5595
f 5597 5599 5598
f 5600 5602 5601
f 5603 5605 5604
f 5606 5608 5607
f 5609 5611 5610
f 5612 5614 5613
f 5615 5617 5616
f 5618 5620 5619
f 5621 5623 5622
f 5624 5626 5625
f 5627 5629 5628
f 5630 5632 5631
f 5633 5635 5634
f 5636 5638 5637
f 5639 5641 5640
f 5642 5644 5643
f 5645 5647 5646
f 5648 5650 5649
f 5651 5653 5652
f 5654 5656 5655
f 5657 5659 5658
f 5660 5662 5661
f 5663 5665 5664
f 5666 5668 5667
f 5669 5671 5670
f 5672 5674 5673
v -0.17447 0.70407 0.12737 0.06848 0.10224 0.03190
v -0.17640 0.69880 0.12930 0.06848 0.10224 0.03190
v -0.17640 0.70600 0.12210 0.06848 0.10224 0.03190
v -0.17640 0.69880 0.12930 0.06848 0.10224 0.03190
v -0.17964 0.70042 0.12372 0.06848 0.10224 0.03190
v -0.17640 0.70600 0.12210 0.06848 0.10224 0.03190
v -0.17640 0.70600 0.12210 0.06848 0.10224 0.03190
v -0.17964 0.70042 0.12372 0.06848 0.10224 0.03190
v -0.17727 0.70687 0.11490 0.06848 0.10224 0.03190
v -0.17964 0.70042 0.12372 0.06848 0.10224 0.03190
v -0.18132 0.70126 0.11490 0.06848 0.10224 0.03190
v -0.17727 0.70687 0.11490 0.06848 0.10224 0.03190
v -0.17727 0.70687 0.11490 0.06848 0.10224 0.03190
v -0.18132 0.70126 0.11490 0.06848 0.10224 0.03190
v -0.17727 0.70687 -0.11490 0.06848 0.10224 0.03190
v -0.18132 0.70126 0.11490 0.06848 0.10224 0.03190
v -0.18132 0.70126 -0.11490 0.06848 0.10224 0.03190
v -0.17727 0.70687 -0.11490 0.06848 0.10224 0.03190
v -0.17727 0.70687 -0.11490 0.06848 0.10224 0.03190
v -0.18132 0.70126 -0.11490 0.06848 0.10224 0.03190
v -0.17640 0.70600 -0.12210 0.06848 0.10224 0.03190
v -0.18132 0.70126 -0.11490 0.06848 0.10224 0.03190
v -0.17964 0.70042 -0.12372 0.06848 0.10224 0.03190
v -0.17640 0.70600 -0.12210 0.06848 0.10224 0.03190
v -0.17640 0.70600 -0.12210 0.06848 0.10224 0.03190
v -0.17964 0.70042 -0.12372 0.06848 0.10224 0.03190
v -0.17447 0.70407 -0.12737 0.06848 0.10224 0.03190
v -0.17964 0.70042 -0.12372 0.06848 0.10224 0.03190
v -0.17640 0.69880 -0.12930 0.06848 0.10224 0.03190
v -0.17447 0.70407 -0.12737 0.06848 0.10224 0.03190
v -0.17640 0.69880 0.12930 0.06848 0.10224 0.03190
v -0.17727 0.69160 0.13017 0.06848 0.10224 0.03190
v -0.17964 0.70042 0.12372 0.06848 0.10224 0.03190
v -0.17727 0.69160 0.13017 0.06848 0.10224 0.03190
v -0.18132 0.69160 0.12456 0.06848 0.10224 0.03190
v -0.17964 0.70042 0.12372 0.06848 0.10224 0.03190
v -0.17964 0.70042 0.12372 0.06848 0.10224 0.03190
v -0.18132 0.69160 0.12456 0.06848 0.10224 0.03190
v -0.18132 0.70126 0.11490 0.06848 0.10224 0.03190
v -0.18132 0.69160 0.12456 0.06848 0.10224 0.03190
v -0.18360 0.69160 0.11490 0.06848 0.10224 0.03190
v -0.18132 0.70126 0.11490 0.06848 0.10224 0.03190
v -0.18132 0.70126 0.11490 0.06848 0.10224 0.03190
v -0.18360 0.69160 0.11490 0.06848 0.10224 0.03190
v -0.18132 0.70126 -0.11490 0.06848 0.10224 0.03190
v -0.18360 0.69160 0.11490 0.06848 0.10224 0.03190
v -0.18360 0.69160 -0.11490 0.06848 0.10224 0.03190
v -0.18132 0.70126 -0.11490 0.06848 0.10224 0.03190
v -0.18132 0.70126 -0.11490 0.06848 0.10224 0.03190
v -0.18360 0.69160 -0.11490 0.06848 0.10224 0.03190
v -0.17964 0.70042 -0.12372 0.06848 0.10224 0.03190
v -0.18360 0.69160 -0.11490 0.06848 0.10224 0.03190
v -0.18132 0.69160 -0.12456 0.06848 0.10224 0.03190
v -0.17964 0.70042 -0.12372 0.06848 0.10224 0.03190
v -0.17964 0.70042 -0.12372 0.06848 0.10224 0.03190
v -0.18132 0.69160 -0.12456 0.06848 0.10224 0.03190
v -0.17640 0.69880 -0.12930 0.06848 0.10224 0.03190
v -0.18132 0.69160 -0.12456 0.06848 0.10224 0.03190
v -0.17727 0.69160 -0.13017 0.06848 0.10224 0.03190
v -0.17640 0.69880 -0.12930 0.06848 0.10224 0.03190
v -0.17727 0.69160 0.13017 0.06848 0.10224 0.03190
v -0.17727 0.55480 0.13017 0.06848 0.10224 0.03190
v -0.18132 0.69160 0.12456 0.06848 0.10224 0.03190
v -0.17727 0.55480 0.13017 0.06848 0.10224 0.03190
v -0.18132 0.55480 0.12456 0.06848 0.10224 0.03190
v -0.18132 0.69160 0.12456 0.06848 0.10224 0.03190
v -0.18132 0.69160 0.12456 0.06848 0.10224 0.03190
v -0.18132 0.55480 0.12456 0.06848 0.10224 0.03190
v -0.18360 0.69160 0.11490 0.06848 0.10224 0.03190
v -0.18132 0.55480 0.12456 0.06848 0.10224 0.03190
v -0.18360 0.55480 0.11490 0.06848 0.10224 0.03190
v -0.18360 0.69160 0.11490 0.06848 0.10224 0.03190
v -0.18360 0.69160 0.11490 0.06848 0.10224 0.03190
v -0.18360 0.55480 0.11490 0.06848 0.10224 0.03190
v -0.18360 0.69160 -0.11490 0.06848 0.10224 0.03190
v -0.18360 0.55480 0.11490 0.06848 0.10224 0.03190
v -0.18360 0.55480 -0.11490 0.06848 0.10224 0.03190
v -0.18360 0.69160 -0.11490 0.06848 0.10224 0.03190
v -0.18360 0.69160 -0.11490 0.06848 0.10224 0.03190
v -0.18360 0.55480 -0.11490 0.06848 0.10224 0.03190
v -0.18132 0.69160 -0.12456 0.06848 0.10224 0.03190
v -0.18360 0.55480 -0.11490 0.06848 0.10224 0.03190
v -0.18132 0.55480 -0.12456 0.06848 0.10224 0.03190
v -0.18132 0.69160 -0.12456 0.06848 0.10224 0.03190
v -0.18132 0.69160 -0.12456 0.06848 0.10224 0.03190
v -0.18132 0.55480 -0.12456 0.06848 0.10224 0.03190
v -0.17727 0.69160 -0.13017 0.06848 0.10224 0.03190
v -0.18132 0.55480 -0.12456 0.06848 0.10224 0.03190
v -0.17727 0.55480 -0.13017 0.06848 0.10224 0.03190
v -0.17727 0.69160 -0.13017 0.06848 0.10224 0.03190
v -0.17727 0.55480 0.13017 0.06848 0.10224 0.03190
v -0.17640 0.54760 0.12930 0.06848 0.10224 0.03190
v -0.18132 0.55480 0.12456 0.06848 0.10224 0.03190
v -0.17640 0.54760 0.12930 0.06848 0.10224 0.03190
v -0.17964 0.54598 0.12372 0.06848 0.10224 0.03190
v -0.18132 0.55480 0.12456 0.06848 0.10224 0.03190
v -0.18132 0.55480 0.12456 0.06848 0.10224 0.03190
v -0.17964 0.54598 0.12372 0.06848 0.10224 0.03190
v -0.18360 0.55480 0.11490 0.06848 0.10224 0.03190
v -0.17964 0.54598 0.12372 0.06848 0.10224 0.03190
v -0.18132 0.54514 0.11490 0.06848 0.10224 0.03190
v -0.18360 0.55480 0.11490 0.06848 0.10224 0.03190
v -0.18360 0.55480 0.11490 0.06848 0.10224 0.03190
v -0.18132 0.54514 0.11490 0.06848 0.10224 0.03190
v -0.18360 0.55480 -0.11490 0.06848 0.10224 0.03190
v -0.18132 0.54514 0.11490 0.06848 0.10224 0.03190
v -0.18132 0.54514 -0.11490 0.06848 0.10224 0.03190
v -0.18360 0.55480 -0.11490 0.06848 0.10224 0.03190
v -0.18360 0.55480 -0.11490 0.06848 0.10224 0.03190
v -0.18132 0.54514 -0.11490 0.06848 0.10224 0.03190
v -0.18132 0.55480 -0.12456 0.06848 0.10224 0.03190
v -0.18132 0.54514 -0.11490 0.06848 0.10224 0.03190
v -0.17964 0.54598 -0.12372 0.06848 0.10224 0.03190
v -0.18132 0.55480 -0.12456 0.06848 0.10224 0.03190
v -0.18132 0.55480 -0.12456 0.06848 0.10224 0.03190
v -0.17964 0.54598 -0.12372 0.06848 0.10224 0.03190
v -0.17727 0.55480 -0.13017 0.06848 0.10224 0.03190
v -0.17964 0.54598 -0.12372 0.06848 0.10224 0.03190
v -0.17640 0.54760 -0.12930 0.06848 0.10224 0.03190
v -0.17727 0.55480 -0.13017 0.06848 0.10224 0.03190
v -0.17640 0.54760 0.12930 0.06848 0.10224 0.03190
v -0.17447 0.54233 0.12737 0.06848 0.10224 0.03190
v -0.17964 0.54598 0.12372 0.06848 0.10224 0.03190
v -0.17447 0.54233 0.12737 0.06848 0.10224 0.03190
v -0.17640 0.54040 0.12210 0.06848 0.10224 0.03190
v -0.17964 0.54598 0.12372 0.06848 0.10224 0.03190
v -0.17964 0.54598 0.12372 0.06848 0.10224 0.03190
v -0.17640 0.54040 0.12210 0.06848 0.10224 0.03190
v -0.18132 0.54514 0.11490 0.06848 0.10224 0.03190
v -0.17640 0.54040 0.12210 0.06848 0.10224 0.03190
v -0.17727 0.53953 0.11490 0.06848 0.10224 0.03190
v -0.18132 0.54514 0.11490 0.06848 0.10224 0.03190
v -0.18132 0.54514 0.11490 0.06848 0.10224 0.03190
v -0.17727 0.53953 0.11490 0.06848 0.10224 0.03190
v -0.18132 0.54514 -0.11490 0.06848 0.10224 0.03190
v -0.17727 0.53953 0.11490 0.06848 0.10224 0.03190
v -0.17727 0.53953 -0.11490 0.06848 0.10224 0.03190
v -0.18132 0.54514 -0.11490 0.06848 0.10224 0.03190
v -0.18132 0.54514 -0.11490 0.06848 0.10224 0.03190
v -0.17727 0.53953 -0.11490 0.06848 0.10224 0.03190
v -0.17964 0.54598 -0.12372 0.06848 0.10224 0.03190
v -0.17727 0.53953 -0.11490 0.06848 0.10224 0.03190
v -0.17640 0.54040 -0.12210 0.06848 0.10224 0.03190
v -0.17964 0.54598 -0.12372 0.06848 0.10224 0.03190
v -0.17964 0.54598 -0.12372 0.06848 0.10224 0.03190
v -0.17640 0.54040 -0.12210 0.06848 0.10224 0.03190
v -0.17640 0.54760 -0.12930 0.06848 0.10224 0.03190
v -0.17640 0.54040 -0.12210 0.06848 0.10224 0.03190
v -0.17447 0.54233 -0.12737 0.06848 0.10224 0.03190
v -0.17640 0.54760 -0.12930 0.06848 0.10224 0.03190
v 0.17447 0.70407 -0.12737 0.06848 0.10224 0.03190
v 0.17640 0.69880 -0.12930 0.06848 0.10224 0.03190
v 0.17640 0.70600 -0.12210 0.06848 0.10224 0.03190
v 0.17640 0.69880 -0.12930 0.06848 0.10224 0.03190
v 0.17964 0.70042 -0.12372 0.06848 0.10224 0.03190
v 0.17640 0.70600 -0.12210 0.06848 0.10224 0.03190
v 0.17640 0.70600 -0.12210 0.06848 0.10224 0.03190
v 0.17964 0.70042 -0.12372 0.06848 0.10224 0.03190
v 0.17727 0.70687 -0.11490 0.06848 0.10224 0.03190
v 0.17964 0.70042 -0.12372 0.06848 0.10224 0.03190
v 0.18132 0.70126 -0.11490 0.06848 0.10224 0.03190
v 0.17727 0.70687 -0.11490 0.06848 0.10224 0.03190
v 0.17727 0.70687 -0.11490 0.06848 0.10224 0.03190
v 0.18132 0.70126 -0.11490 0.06848 0.10224 0.03190
v 0.17727 0.70687 0.11490 0.06848 0.10224 0.03190
v 0.18132 0.70126 -0.11490 0.06848 0.10224 0.03190
v 0.18132 0.70126 0.11490 0.06848 0.10224 0.03190
v 0.17727 0.70687 0.11490 0.06848 0.10224 0.03190
v 0.17727 0.70687 0.11490 0.06848 0.10224 0.03190
v 0.18132 0.70126 0.11490 0.06848 0.10224 0.03190
v 0.17640 0.70600 0.12210 0.06848 0.10224 0.03190
v 0.18132 0.70126 0.11490 0.06848 0.10224 0.03190
v 0.17964 0.70042 0.12372 0.06848 0.10224 0.03190
v 0.17640 0.70600 0.12210 0.06848 0.10224 0.03190
v 0.17640 0.70600 0.12210 0.06848 0.10224 0.03190
v 0.17964 0.70042 0.12372 0.06848 0.10224 0.03190
v 0.17447 0.70407 0.12737 0.06848 0.10224 0.03190
v 0.17964 0.70042 0.12372 0.06848 0.10224 0.03190
v 0.17640 0.69880 0.12930 0.06848 0.10224 0.03190
v 0.17447 0.70407 0.12737 0.06848 0.10224 0.03190
v 0.17640 0.69880 -0.12930 0.06848 0.10224 0.03190
v 0.17727 0.69160 -0.13017 0.06848 0.10224 0.03190
v 0.17964 0.70042 -0.12372 0.06848 0.10224 0.03190
v 0.17727 0.69160 -0.13017 0.06848 0.10224 0.03190
v 0.18132 0.69160 -0.12456 0.06848 0.10224 0.03190
v 0.17964 0.70042 -0.12372 0.06848 0.10224 0.03190
v 0.17964 0.70042 -0.12372 0.06848 0.10224 0.03190
v 0.18132 0.69160 -0.12456 0.06848 0.10224 0.03190
v 0.18132 0.70126 -0.11490 0.06848 0.10224 0.03190
v 0.18132 0.69160 -0.12456 0.06848 0.10224 0.03190
v 0.18360 0.69160 -0.11490 0.06848 0.10224 0.03190
v 0.18132 0.70126 -0.11490 0.06848 0.10224 0.03190
v 0.18132 0.70126 -0.11490 0.06848 0.10224 0.03190
v 0.18360 0.69160 -0.11490 0.06848 0.10224 0.03190
v 0.18132 0.70126 0.11490 0.06848 0.10224 0.03190
v 0.18360 0.69160 -0.11490 0.06848 0.10224 0.03190
v 0.18360 0.69160 0.11490 0.06848 0.10224 0.03190
v 0.18132 0.70126 0.11490 0.06848 0.10224 0.03190
v 0.18132 0.70126 0.11490 0.06848 0.10224 0.03190
v 0.18360 0.69160 0.11490 0.06848 0.10224 0.03190
v 0.17964 0.70042 0.12372 0.06848 0.10224 0.03190
v 0.18360 0.69160 0.11490 0.06848 0.10224 0.03190
v 0.18132 0.69160 0.12456 0.06848 0.10224 0.03190
v 0.17964 0.70042 0.12372 0.06848 0.10224 0.03190
v 0.17964 0.70042 0.12372 0.06848 0.10224 0.03190
v 0.18132 0.69160 0.12456 0.06848 0.10224 0.03190
v 0.17640 0.69880 0.12930 0.06848 0.10224 0.03190
v 0.18132 0.69160 0.12456 0.06848 0.10224 0.03190
v 0.17727 0.69160 0.13017 0.06848 0.10224 0.03190
v 0.17640 0.69880 0.12930 0.06848 0.10224 0.03190
v 0.17727 0.69160 -0.13017 0.06848 0.10224 0.03190
v 0.17727 0.55480 -0.13017 0.06848 0.10224 0.03190
v 0.18132 0.69160 -0.12456 0.06848 0.10224 0.03190
v 0.17727 0.55480 -0.13017 0.06848 0.10224 0.03190
v 0.18132 0.55480 -0.12456 0.06848 0.10224 0.03190
v 0.18132 0.69160 -0.12456 0.06848 0.10224 0.03190
v 0.18132 0.69160 -0.12456 0.06848 0.10224 0.03190
v 0.18132 0.55480 -0.12456 0.06848 0.10224 0.03190
v 0.18360 0.69160 -0.11490 0.06848 0.10224 0.03190
v 0.18132 0.55480 -0.12456 0.06848 0.10224 0.03190
v 0.18360 0.55480 -0.11490 0.06848 0.10224 0.03190
v 0.18360 0.69160 -0.11490 0.06848 0.10224 0.03190
v 0.18360 0.69160 -0.11490 0.06848 0.10224 0.03190
v 0.18360 0.55480 -0.11490 0.06848 0.10224 0.03190
v 0.18360 0.69160 0.11490 0.06848 0.10224 0.03190
v 0.18360 0.55480 -0.11490 0.06848 0.10224 0.03190
v 0.18360 0.55480 0.11490 0.06848 0.10224 0.03190
v 0.18360 0.69160 0.11490 0.06848 0.10224 0.03190
v 0.18360 0.69160 0.11490 0.06848 0.10224 0.03190
v 0.18360 0.55480 0.11490 0.06848 0.10224 0.03190
v 0.18132 0.69160 0.12456 0.06848 0.10224 0.03190
v 0.18360 0.55480 0.11490 0.06848 0.10224 0.03190
v 0.18132 0.55480 0.12456 0.06848 0.10224 0.03190
v 0.18132 0.69160 0.12456 0.06848 0.10224 0.03190
v 0.18132 0.69160 0.12456 0.06848 0.10224 0.03190
v 0.18132 0.55480 0.12456 0.06848 0.10224 0.03190
v 0.17727 0.69160 0.13017 0.06848 0.10224 0.03190
v 0.18132 0.55480 0.12456 0.06848 0.10224 0.03190
v 0.17727 0.55480 0.13017 0.06848 0.10224 0.03190
v 0.17727 0.69160 0.13017 0.06848 0.10224 0.03190
v 0.17727 0.55480 -0.13017 0.06848 0.10224 0.03190
v 0.17640 0.54760 -0.12930 0.06848 0.10224 0.03190
v 0.18132 0.55480 -0.12456 0.06848 0.10224 0.03190
v 0.17640 0.54760 -0.12930 0.06848 0.10224 0.03190
v 0.17964 0.54598 -0.12372 0.06848 0.10224 0.03190
v 0.18132 0.55480 -0.12456 0.06848 0.10224 0.03190
v 0.18132 0.55480 -0.12456 0.06848 0.10224 0.03190
v 0.17964 0.54598 -0.12372 0.06848 0.10224 0.03190
v 0.18360 0.55480 -0.11490 0.06848 0.10224 0.03190
v 0.17964 0.54598 -0.12372 0.06848 0.10224 0.03190
v 0.18132 0.54514 -0.11490 0.06848 0.10224 0.03190
v 0.18360 0.55480 -0.11490 0.06848 0.10224 0.03190
v 0.18360 0.55480 -0.11490 0.06848 0.10224 0.03190
v 0.18132 0.54514 -0.11490 0.06848 0.10224 0.03190
v 0.18360 0.55480 0.11490 0.06848 0.10224 0.03190
v 0.18132 0.54514 -0.11490 0.06848 0.10224 0.03190
v 0.18132 0.54514 0.11490 0.06848 0.10224 0.03190
v 0.18360 0.55480 0.11490 0.06848 0.10224 0.03190
v 0.18360 0.55480 0.11490 0.06848 0.10224 0.03190
v 0.18132 0.54514 0.11490 0.06848 0.10224 0.03190
v 0.18132 0.55480 0.12456 0.06848 0.10224 0.03190
v 0.18132 0.54514 0.11490 0.06848 0.10224 0.03190
v 0.17964 0.54598 0.12372 0.06848 0.10224 0.03190
v 0.18132 0.55480 0.12456 0.06848 0.10224 0.03190
v 0.18132 0.55480 0.12456 0.06848 0.10224 0.03190
v 0.17964 0.54598 0.12372 0.06848 0.10224 0.03190
v 0.17727 0.55480 0.13017 0.06848 0.10224 0.03190
v 0.17964 0.54598 0.12372 0.06848 0.10224 0.03190
v 0.17640 0.54760 0.12930 0.06848 0.10224 0.03190
v 0.17727 0.55480 0.13017 0.06848 0.10224 0.03190
v 0.17640 0.54760 -0.12930 0.06848 0.10224 0.03190
v 0.17447 0.54233 -0.12737 0.06848 0.10224 0.03190
v 0.17964 0.54598 -0.12372 0.06848 0.10224 0.03190
v 0.17447 0.54233 -0.12737 0.06848 0.10224 0.03190
v 0.17640 0.54040 -0.12210 0.06848 0.10224 0.03190
v 0.17964 0.54598 -0.12372 0.06848 0.10224 0.03190
v 0.17964 0.54598 -0.12372 0.06848 0.10224 0.03190
v 0.17640 0.54040 -0.12210 0.06848 0.10224 0.03190
v 0.18132 0.54514 -0.11490 0.06848 0.10224 0.03190
v 0.17640 0.54040 -0.12210 0.06848 0.10224 0.03190
v 0.17727 0.53953 -0.11490 0.06848 0.10224 0.03190
v 0.18132 0.54514 -0.11490 0.06848 0.10224 0.03190
v 0.18132 0.54514 -0.11490 0.06848 0.10224 0.03190
v 0.17727 0.53953 -0.11490 0.06848 0.10224 0.03190
v 0.18132 0.54514 0.11490 0.06848 0.10224 0.03190
v 0.17727 0.53953 -0.11490 0.06848 0.10224 0.03190
v 0.17727 0.53953 0.11490 0.06848 0.10224 0.03190
v 0.18132 0.54514 0.11490 0.06848 0.10224 0.03190
v 0.18132 0.54514 0.11490 0.06848 0.10224 0.03190
v 0.17727 0.53953 0.11490 0.06848 0.10224 0.03190
v 0.17964 0.54598 0.12372 0.06848 0.10224 0.03190
v 0.17727 0.53953 0.11490 0.06848 0.10224 0.03190
v 0.17640 0.54040 0.12210 0.06848 0.10224 0.03190
v 0.17964 0.54598 0.12372 0.06848 0.10224 0.03190
v 0.17964 0.54598 0.12372 0.06848 0.10224 0.03190
v 0.17640 0.54040 0.12210 0.06848 0.10224 0.03190
v 0.17640 0.54760 0.12930 0.06848 0.10224 0.03190
v 0.17640 0.54040 0.12210 0.06848 0.10224 0.03190
v 0.17447 0.54233 0.12737 0.06848 0.10224 0.03190
v 0.17640 0.54760 0.12930 0.06848 0.10224 0.03190
v 0.17447 0.70407 -0.12737 0.06848 0.10224 0.03190
v 0.17640 0.70600 -0.12210 0.06848 0.10224 0.03190
v 0.16920 0.70600 -0.12930 0.06848 0.10224 0.03190
v 0.17640 0.70600 -0.12210 0.06848 0.10224 0.03190
v 0.17082 0.70924 -0.12372 0.06848 0.10224 0.03190
v 0.16920 0.70600 -0.12930 0.06848 0.10224 0.03190
v 0.16920 0.70600 -0.12930 0.06848 0.10224 0.03190
v 0.17082 0.70924 -0.12372 0.06848 0.10224 0.03190
v 0.16200 0.70687 -0.13017 0.06848 0.10224 0.03190
v 0.17082 0.70924 -0.12372 0.06848 0.10224 0.03190
v 0.16200 0.71092 -0.12456 0.06848 0.10224 0.03190
v 0.16200 0.70687 -0.13017 0.06848 0.10224 0.03190
v 0.16200 0.70687 -0.13017 0.06848 0.10224 0.03190
v 0.16200 0.71092 -0.12456 0.06848 0.10224 0.03190
v -0.16200 0.70687 -0.13017 0.06848 0.10224 0.03190
v 0.16200 0.71092 -0.12456 0.06848 0.10224 0.03190
v -0.16200 0.71092 -0.12456 0.06848 0.10224 0.03190
v -0.16200 0.70687 -0.13017 0.06848 0.10224 0.03190
v -0.16200 0.70687 -0.13017 0.06848 0.10224 0.03190
v -0.16200 0.71092 -0.12456 0.06848 0.10224 0.03190
v -0.16920 0.70600 -0.12930 0.06848 0.10224 0.03190
v -0.16200 0.71092 -0.12456 0.06848 0.10224 0.03190
v -0.17082 0.70924 -0.12372 0.06848 0.10224 0.03190
v -0.16920 0.70600 -0.12930 0.06848 0.10224 0.03190
v -0.16920 0.70600 -0.12930 0.06848 0.10224 0.03190
v -0.17082 0.70924 -0.12372 0.06848 0.10224 0.03190
v -0.17447 0.70407 -0.12737 0.06848 0.10224 0.03190
v -0.17082 0.70924 -0.12372 0.06848 0.10224 0.03190
v -0.17640 0.70600 -0.12210 0.06848 0.10224 0.03190
v -0.17447 0.70407 -0.12737 0.06848 0.10224 0.03190
v 0.17640 0.70600 -0.12210 0.06848 0.10224 0.03190
v 0.17727 0.70687 -0.11490 0.06848 0.10224 0.03190
v 0.17082 0.70924 -0.12372 0.06848 0.10224 0.03190
v 0.17727 0.70687 -0.11490 0.06848 0.10224 0.03190
v 0.17166 0.71092 -0.11490 0.06848 0.10224 0.03190
v 0.17082 0.70924 -0.12372 0.06848 0.10224 0.03190
v 0.17082 0.70924 -0.12372 0.06848 0.10224 0.03190
v 0.17166 0.71092 -0.11490 0.06848 0.10224 0.03190
v 0.16200 0.71092 -0.12456 0.06848 0.10224 0.03190
v 0.17166 0.71092 -0.11490 0.06848 0.10224 0.03190
v 0.16200 0.71320 -0.11490 0.06848 0.10224 0.03190
v 0.16200 0.71092 -0.12456 0.06848 0.10224 0.03190
v 0.16200 0.71092 -0.12456 0.06848 0.10224 0.03190
v 0.16200 0.71320 -0.11490 0.06848 0.10224 0.03190
v -0.16200 0.71092 -0.12456 0.06848 0.10224 0.03190
v 0.16200 0.71320 -0.11490 0.06848 0.10224 0.03190
v -0.16200 0.71320 -0.11490 0.06848 0.10224 0.03190
v -0.16200 0.71092 -0.12456 0.06848 0.10224 0.03190
v -0.16200 0.71092 -0.12456 0.06848 0.10224 0.03190
v -0.16200 0.71320 -0.11490 0.06848 0.10224 0.03190
v -0.17082 0.70924 -0.12372 0.06848 0.10224 0.03190
v -0.16200 0.71320 -0.11490 0.06848 0.10224 0.03190
v -0.17166 0.71092 -0.11490 0.06848 0.10224 0.03190
v -0.17082 0.70924 -0.12372 0.06848 0.10224 0.03190
v -0.17082 0.70924 -0.12372 0.06848 0.10224 0.03190
v -0.17166 0.71092 -0.11490 0.06848 0.10224 0.03190
v -0.17640 0.70600 -0.12210 0.06848 0.10224 0.03190
v -0.17166 0.71092 -0.11490 0.06848 0.10224 0.03190
v -0.17727 0.70687 -0.11490 0.06848 0.10224 0.03190
v -0.17640 0.70600 -0.12210 0.06848 0.10224 0.03190
v 0.17727 0.70687 -0.11490 0.06848 0.10224 0.03190
v 0.17727 0.70687 0.11490 0.06848 0.10224 0.03190
v 0.17166 0.71092 -0.11490 0.06848 0.10224 0.03190
v 0.17727 0.70687 0.11490 0.06848 0.10224 0.03190
v 0.17166 0.71092 0.11490 0.06848 0.10224 0.03190
v 0.17166 0.71092 -0.11490 0.06848 0.10224 0.03190
v 0.17166 0.71092 -0.11490 0.06848 0.10224 0.03190
v 0.17166 0.71092 0.11490 0.06848 0.10224 0.03190
v 0.16200 0.71320 -0.11490 0.06848 0.10224 0.03190
v 0.17166 0.71092 0.11490 0.06848 0.10224 0.03190
v 0.16200 0.71320 0.11490 0.06848 0.10224 0.03190
v 0.16200 0.71320 -0.11490 0.06848 0.10224 0.03190
v 0.16200 0.71320 -0.11490 0.06848 0.10224 0.03190
v 0.16200 0.71320 0.11490 0.06848 0.10224 0.03190
v -0.16200 0.71320 -0.11490 0.06848 0.10224 0.03190
v 0.16200 0.71320 0.11490 0.06848 0.10224 0.03190
v -0.16200 0.71320 0.11490 0.06848 0.10224 0.03190
v -0.16200 0.71320 -0.11490 0.06848 0.10224 0.03190
v -0.16200 0.71320 -0.11490 0.06848 0.10224 0.03190
v -0.16200 0.71320 0.11490 0.06848 0.10224 0.03190
v -0.17166 0.71092 -0.11490 0.06848 0.10224 0.03190
v -0.16200 0.71320 0.11490 0.06848 0.10224 0.03190
v -0.17166 0.71092 0.11490 0.06848 0.10224 0.03190
v -0.17166 0.71092 -0.11490 0.06848 0.10224 0.03190
v -0.17166 0.71092 -0.11490 0.06848 0.10224 0.03190
v -0.17166 0.71092 0.11490 0.06848 0.10224 0.03190
v -0.17727 0.70687 -0.11490 0.06848 0.10224 0.03190
v -0.17166 0.71092 0.11490 0.06848 0.10224 0.03190
v -0.17727 0.70687 0.11490 0.06848 0.10224 0.03190
v -0.17727 0.70687 -0.11490 0.06848 0.10224 0.03190
v 0.17727 0.70687 0.11490 0.06848 0.10224 0.03190
v 0.17640 0.70600 0.12210 0.06848 0.10224 0.03190
v 0.17166 0.71092 0.11490 0.06848 0.10224 0.03190
v 0.17640 0.70600 0.12210 0.06848 0.10224 0.03190
v 0.17082 0.70924 0.12372 0.06848 0.10224 0.03190
v 0.17166 0.71092 0.11490 0.06848 0.10224 0.03190
v 0.17166 0.71092 0.11490 0.06848 0.10224 0.03190
v 0.17082 0.70924 0.12372 0.06848 0.10224 0.03190
v 0.16200 0.71320 0.11490 0.06848 0.10224 0.03190
v 0.17082 0.70924 0.12372 0.06848 0.10224 0.03190
v 0.16200 0.71092 0.12456 0.06848 0.10224 0.03190
v 0.16200 0.71320 0.11490 0.06848 0.10224 0.03190
v 0.16200 0.71320 0.11490 0.06848 0.10224 0.03190
v 0.16200 0.71092 0.12456 0.06848 0.10224 0.03190
v -0.16200 0.71320 0.11490 0.06848 0.10224 0.03190
v 0.16200 0.71092 0.12456 0.06848 0.10224 0.03190
v -0.16200 0.71092 0.12456 0.06848 0.10224 0.03190
v -0.16200 0.71320 0.11490 0.06848 0.10224 0.03190
v -0.16200 0.71320 0.11490 0.06848 0.10224 0.03190
v -0.16200 0.71092 0.12456 0.06848 0.10224 0.03190
v -0.17166 0.71092 0.11490 0.06848 0.10224 0.03190
v -0.16200 0.71092 0.12456 0.06848 0.10224 0.03190
v -0.17082 0.70924 0.12372 0.06848 0.10224 0.03190
v -0.17166 0.71092 0.11490 0.06848 0.10224 0.03190
v -0.17166 0.71092 0.11490 0.06848 0.10224 0.03190
v -0.17082 0.70924 0.12372 0.06848 0.10224 0.03190
v -0.17727 0.70687 0.11490 0.06848 0.10224 0.03190
v -0.17082 0.70924 0.12372 0.06848 0.10224 0.03190
v -0.17640 0.70600 0.12210 0.06848 0.10224 0.03190
v -0.17727 0.70687 0.11490 0.06848 0.10224 0.03190
v 0.17640 0.70600 0.12210 0.06848 0.10224 0.03190
v 0.17447 0.70407 0.12737 0.06848 0.10224 0.03190
v 0.17082 0.70924 0.12372 0.06848 0.10224 0.03190
v 0.17447 0.70407 0.12737 0.06848 0.10224 0.03190
v 0.16920 0.70600 0.12930 0.06848 0.10224 0.03190
v 0.17082 0.70924 0.12372 0.06848 0.10224 0.03190
v 0.17082 0.70924 0.12372 0.06848 0.10224 0.03190
v 0.16920 0.70600 0.12930 0.06848 0.10224 0.03190
v 0.16200 0.71092 0.12456 0.06848 0.10224 0.03190
v 0.16920 0.70600 0.12930 0.06848 0.10224 0.03190
v 0.16200 0.70687 0.13017 0.06848 0.10224 0.03190
v 0.16200 0.71092 0.12456 0.06848 0.10224 0.03190
v 0.16200 0.71092 0.12456 0.06848 0.10224 0.03190
v 0.16200 0.70687 0.13017 0.06848 0.10224 0.03190
v -0.16200 0.71092 0.12456 0.06848 0.10224 0.03190
v 0.16200 0.70687 0.13017 0.06848 0.10224 0.03190
v -0.16200 0.70687 0.13017 0.06848 0.10224 0.03190
v -0.16200 0.71092 0.12456 0.06848 0.10224 0.03190
v -0.16200 0.71092 0.12456 0.06848 0.10224 0.03190
v -0.16200 0.70687 0.13017 0.06848 0.10224 0.03190
v -0.17082 0.70924 0.12372 0.06848 0.10224 0.03190
v -0.16200 0.70687 0.13017 0.06848 0.10224 0.03190
v -0.16920 0.70600 0.12930 0.06848 0.10224 0.03190
v -0.17082 0.70924 0.12372 0.06848 0.10224 0.03190
v -0.17082 0.70924 0.12372 0.06848 0.10224 0.03190
v -0.16920 0.70600 0.12930 0.06848 0.10224 0.03190
v -0.17640 0.70600 0.12210 0.06848 0.10224 0.03190
v -0.16920 0.70600 0.12930 0.06848 0.10224 0.03190
v -0.17447 0.70407 0.12737 0.06848 0.10224 0.03190
v -0.17640 0.70600 0.12210 0.06848 0.10224 0.03190
v 0.17447 0.54233 0.12737 0.06848 0.10224 0.03190
v 0.17640 0.54040 0.12210 0.06848 0.10224 0.03190
v 0.16920 0.54040 0.12930 0.06848 0.10224 0.03190
v 0.17640 0.54040 0.12210 0.06848 0.10224 0.03190
v 0.17082 0.53716 0.12372 0.06848 0.10224 0.03190
v 0.16920 0.54040 0.12930 0.06848 0.10224 0.03190
v 0.16920 0.54040 0.12930 0.06848 0.10224 0.03190
v 0.17082 0.53716 0.12372 0.06848 0.10224 0.03190
v 0.16200 0.53953 0.13017 0.06848 0.10224 0.03190
v 0.17082 0.53716 0.12372 0.06848 0.10224 0.03190
v 0.16200 0.53548 0.12456 0.06848 0.10224 0.03190
v 0.16200 0.53953 0.13017 0.06848 0.10224 0.03190
v 0.16200 0.53953 0.13017 0.06848 0.10224 0.03190
v 0.16200 0.53548 0.12456 0.06848 0.10224 0.03190
v -0.16200 0.53953 0.13017 0.06848 0.10224 0.03190
v 0.16200 0.53548 0.12456 0.06848 0.10224 0.03190
v -0.16200 0.53548 0.12456 0.06848 0.10224 0.03190
v -0.16200 0.53953 0.13017 0.06848 0.10224 0.03190
v -0.16200 0.53953 0.13017 0.06848 0.10224 0.03190
v -0.16200 0.53548 0.12456 0.06848 0.10224 0.03190
v -0.16920 0.54040 0.12930 0.06848 0.10224 0.03190
v -0.16200 0.53548 0.12456 0.06848 0.10224 0.03190
v -0.17082 0.53716 0.12372 0.06848 0.10224 0.03190
v -0.16920 0.54040 0.12930 0.06848 0.10224 0.03190
v -0.16920 0.54040 0.12930 0.06848 0.10224 0.03190
v -0.17082 0.53716 0.12372 0.06848 0.10224 0.03190
v -0.17447 0.54233 0.12737 0.06848 0.10224 0.03190
v -0.17082 0.53716 0.12372 0.06848 0.10224 0.03190
v -0.17640 0.54040 0.12210 0.06848 0.10224 0.03190
v -0.17447 0.54233 0.12737 0.06848 0.10224 0.03190
v 0.17640 0.54040 0.12210 0.06848 0.10224 0.03190
v 0.17727 0.53953 0.11490 0.06848 0.10224 0.03190
v 0.17082 0.53716 0.12372 0.06848 0.10224 0.03190
v 0.17727 0.53953 0.11490 0.06848 0.10224 0.03190
v 0.17166 0.53548 0.11490 0.06848 0.10224 0.03190
v 0.17082 0.53716 0.12372 0.06848 0.10224 0.03190
v 0.17082 0.53716 0.12372 0.06848 0.10224 0.03190
v 0.17166 0.53548 0.11490 0.06848 0.10224 0.03190
v 0.16200 0.53548 0.12456 0.06848 0.10224 0.03190
v 0.17166 0.53548 0.11490 0.06848 0.10224 0.03190
v 0.16200 0.53320 0.11490 0.06848 0.10224 0.03190
v 0.16200 0.53548 0.12456 0.06848 0.10224 0.03190
v 0.16200 0.53548 0.12456 0.06848 0.10224 0.03190
v 0.16200 0.53320 0.11490 0.06848 0.10224 0.03190
v -0.16200 0.53548 0.12456 0.06848 0.10224 0.03190
v 0.16200 0.53320 0.11490 0.06848 0.10224 0.03190
v -0.16200 0.53320 0.11490 0.06848 0.10224 0.03190
v -0.16200 0.53548 0.12456 0.06848 0.10224 0.03190
v -0.16200 0.53548 0.12456 0.06848 0.10224 0.03190
v -0.16200 0.53320 0.11490 0.06848 0.10224 0.03190
v -0.17082 0.53716 0.12372 0.06848 0.10224 0.03190
v -0.16200 0.53320 0.11490 0.06848 0.10224 0.03190
v -0.17166 0.53548 0.11490 0.06848 0.10224 0.03190
v -0.17082 0.53716 0.12372 0.06848 0.10224 0.03190
v -0.17082 0.53716 0.12372 0.06848 0.10224 0.03190
v -0.17166 0.53548 0.11490 0.06848 0.10224 0.03190
v -0.17640 0.54040 0.12210 0.06848 0.10224 0.03190
v -0.17166 0.53548 0.11490 0.06848 0.10224 0.03190
v -0.17727 0.53953 0.11490 0.06848 0.10224 0.03190
v -0.17640 0.54040 0.12210 0.06848 0.10224 0.03190
v 0.17727 0.53953 0.11490 0.06848 0.10224 0.03190
v 0.17727 0.53953 -0.11490 0.06848 0.10224 0.03190
v 0.17166 0.53548 0.11490 0.06848 0.10224 0.03190
v 0.17727 0.53953 -0.11490 0.06848 0.10224 0.03190
v 0.17166 0.53548 -0.11490 0.06848 0.10224 0.03190
v 0.17166 0.53548 0.11490 0.06848 0.10224 0.03190
v 0.17166 0.53548 0.11490 0.06848 0.10224 0.03190
v 0.17166 0.53548 -0.11490 0.06848 0.10224 0.03190
v 0.16200 0.53320 0.11490 0.06848 0.10224 0.03190
v 0.17166 0.53548 -0.11490 0.06848 0.10224 0.03190
v 0.16200 0.53320 -0.11490 0.06848 0.10224 0.03190
v 0.16200 0.53320 0.11490 0.06848 0.10224 0.03190
v 0.16200 0.53320 0.11490 0.06848 0.10224 0.03190
v 0.16200 0.53320 -0.11490 0.06848 0.10224 0.03190
v -0.16200 0.53320 0.11490 0.06848 0.10224 0.03190
v 0.16200 0.53320 -0.11490 0.06848 0.10224 0.03190
v -0.16200 0.53320 -0.11490 0.06848 0.10224 0.03190
v -0.16200 0.53320 0.11490 0.06848 0.10224 0.03190
v -0.16200 0.53320 0.11490 0.06848 0.10224 0.03190
v -0.16200 0.53320 -0.11490 0.06848 0.10224 0.03190
v -0.17166 0.53548 0.11490 0.06848 0.10224 0.03190
v -0.16200 0.53320 -0.11490 0.06848 0.10224 0.03190
v -0.17166 0.53548 -0.11490 0.06848 0.10224 0.03190
v -0.17166 0.53548 0.11490 0.06848 0.10224 0.03190
v -0.17166 0.53548 0.11490 0.06848 0.10224 0.03190
v -0.17166 0.53548 -0.11490 0.06848 0.10224 0.03190
v -0.17727 0.53953 0.11490 0.06848 0.10224 0.03190
v -0.17166 0.53548 -0.11490 0.06848 0.10224 0.03190
v -0.17727 0.53953 -0.11490 0.06848 0.10224 0.03190
v -0.17727 0.53953 0.11490 0.06848 0.10224 0.03190
v 0.17727 0.53953 -0.11490 0.06848 0.10224 0.03190
v 0.17640 0.54040 -0.12210 0.06848 0.10224 0.03190
v 0.17166 0.53548 -0.11490 0.06848 0.10224 0.03190
v 0.17640 0.54040 -0.12210 0.06848 0.10224 0.03190
v 0.17082 0.53716 -0.12372 0.06848 0.10224 0.03190
v 0.17166 0.53548 -0.11490 0.06848 0.10224 0.03190
v 0.17166 0.53548 -0.11490 0.06848 0.10224 0.03190
v 0.17082 0.53716 -0.12372 0.06848 0.10224 0.03190
v 0.16200 0.53320 -0.11490 0.06848 0.10224 0.03190
v 0.17082 0.53716 -0.12372 0.06848 0.10224 0.03190
v 0.16200 0.53548 -0.12456 0.06848 0.10224 0.03190
v 0.16200 0.53320 -0.11490 0.06848 0.10224 0.03190
v 0.16200 0.53320 -0.11490 0.06848 0.10224 0.03190
v 0.16200 0.53548 -0.12456 0.06848 0.10224 0.03190
v -0.16200 0.53320 -0.11490 0.06848 0.10224 0.03190
v 0.16200 0.53548 -0.12456 0.06848 0.10224 0.03190
v -0.16200 0.53548 -0.12456 0.06848 0.10224 0.03190
v -0.16200 0.53320 -0.11490 0.06848 0.10224 0.03190
v -0.16200 0.53320 -0.11490 0.06848 0.10224 0.03190
v -0.16200 0.53548 -0.12456 0.06848 0.10224 0.03190
v -0.17166 0.53548 -0.11490 0.06848 0.10224 0.03190
v -0.16200 0.53548 -0.12456 0.06848 0.10224 0.03190
v -0.17082 0.53716 -0.12372 0.06848 0.10224 0.03190
v -0.17166 0.53548 -0.11490 0.06848 0.10224 0.03190
v -0.17166 0.53548 -0.11490 0.06848 0.10224 0.03190
v -0.17082 0.53716 -0.12372 0.06848 0.10224 0.03190
v -0.17727 0.53953 -0.11490 0.06848 0.10224 0.03190
v -0.17082 0.53716 -0.12372 0.06848 0.10224 0.03190
v -0.17640 0.54040 -0.12210 0.06848 0.10224 0.03190
v -0.17727 0.53953 -0.11490 0.06848 0.10224 0.03190
v 0.17640 0.54040 -0.12210 0.06848 0.10224 0.03190
v 0.17447 0.54233 -0.12737 0.06848 0.10224 0.03190
v 0.17082 0.53716 -0.12372 0.06848 0.10224 0.03190
v 0.17447 0.54233 -0.12737 0.06848 0.10224 0.03190
v 0.16920 0.54040 -0.12930 0.06848 0.10224 0.03190
v 0.17082 0.53716 -0.12372 0.06848 0.10224 0.03190
v 0.17082 0.53716 -0.12372 0.06848 0.10224 0.03190
v 0.16920 0.54040 -0.12930 0.06848 0.10224 0.03190
v 0.16200 0.53548 -0.12456 0.06848 0.10224 0.03190
v 0.16920 0.54040 -0.12930 0.06848 0.10224 0.03190
v 0.16200 0.53953 -0.13017 0.06848 0.10224 0.03190
v 0.16200 0.53548 -0.12456 0.06848 0.10224 0.03190
v 0.16200 0.53548 -0.12456 0.06848 0.10224 0.03190
v 0.16200 0.53953 -0.13017 0.06848 0.10224 0.03190
v -0.16200 0.53548 -0.12456 0.06848 0.10224 0.03190
v 0.16200 0.53953 -0.13017 0.06848 0.10224 0.03190
v -0.16200 0.53953 -0.13017 0.06848 0.10224 0.03190
v -0.16200 0.53548 -0.12456 0.06848 0.10224 0.03190
v -0.16200 0.53548 -0.12456 0.06848 0.10224 0.03190
v -0.16200 0.53953 -0.13017 0.06848 0.10224 0.03190
v -0.17082 0.53716 -0.12372 0.06848 0.10224 0.03190
v -0.16200 0.53953 -0.13017 0.06848 0.10224 0.03190
v -0.16920 0.54040 -0.12930 0.06848 0.10224 0.03190
v -0.17082 0.53716 -0.12372 0.06848 0.10224 0.03190
v -0.17082 0.53716 -0.12372 0.06848 0.10224 0.03190
v -0.16920 0.54040 -0.12930 0.06848 0.10224 0.03190
v -0.17640 0.54040 -0.12210 0.06848 0.10224 0.03190
v -0.16920 0.54040 -0.12930 0.06848 0.10224 0.03190
v -0.17447 0.54233 -0.12737 0.06848 0.10224 0.03190
v -0.17640 0.54040 -0.12210 0.06848 0.10224 0.03190
v 0.17447 0.70407 0.12737 0.06848 0.10224 0.03190
v 0.17640 0.69880 0.12930 0.06848 0.10224 0.03190
v 0.16920 0.70600 0.12930 0.06848 0.10224 0.03190
v 0.17640 0.69880 0.12930 0.06848 0.10224 0.03190
v 0.17082 0.70042 0.13254 0.06848 0.10224 0.03190
v 0.16920 0.70600 0.12930 0.06848 0.10224 0.03190
v 0.16920 0.70600 0.12930 0.06848 0.10224 0.03190
v 0.17082 0.70042 0.13254 0.06848 0.10224 0.03190
v 0.16200 0.70687 0.13017 0.06848 0.10224 0.03190
v 0.17082 0.70042 0.13254 0.06848 0.10224 0.03190
v 0.16200 0.70126 0.13422 0.06848 0.10224 0.03190
v 0.16200 0.70687 0.13017 0.06848 0.10224 0.03190
v 0.16200 0.70687 0.13017 0.06848 0.10224 0.03190
v 0.16200 0.70126 0.13422 0.06848 0.10224 0.03190
v -0.16200 0.70687 0.13017 0.06848 0.10224 0.03190
v 0.16200 0.70126 0.13422 0.06848 0.10224 0.03190
v -0.16200 0.70126 0.13422 0.06848 0.10224 0.03190
v -0.16200 0.70687 0.13017 0.06848 0.10224 0.03190
v -0.16200 0.70687 0.13017 0.06848 0.10224 0.03190
v -0.16200 0.70126 0.13422 0.06848 0.10224 0.03190
v -0.16920 0.70600 0.12930 0.06848 0.10224 0.03190
v -0.16200 0.70126 0.13422 0.06848 0.10224 0.03190
v -0.17082 0.70042 0.13254 0.06848 0.10224 0.03190
v -0.16920 0.70600 0.12930 0.06848 0.10224 0.03190
v -0.16920 0.70600 0.12930 0.06848 0.10224 0.03190
v -0.17082 0.70042 0.13254 0.06848 0.10224 0.03190
v -0.17447 0.70407 0.12737 0.06848 0.10224 0.03190
v -0.17082 0.70042 0.13254 0.06848 0.10224 0.03190
v -0.17640 0.69880 0.12930 0.06848 0.10224 0.03190
v -0.17447 0.70407 0.12737 0.06848 0.10224 0.03190
v 0.17640 0.69880 0.12930 0.06848 0.10224 0.03190
v 0.17727 0.69160 0.13017 0.06848 0.10224 0.03190
v 0.17082 0.70042 0.13254 0.06848 0.10224 0.03190
v 0.17727 0.69160 0.13017 0.06848 0.10224 0.03190
v 0.17166 0.69160 0.13422 0.06848 0.10224 0.03190
v 0.17082 0.70042 0.13254 0.06848 0.10224 0.03190
v 0.17082 0.70042 0.13254 0.06848 0.10224 0.03190
v 0.17166 0.69160 0.13422 0.06848 0.10224 0.03190
v 0.16200 0.70126 0.13422 0.06848 0.10224 0.03190
v 0.17166 0.69160 0.13422 0.06848 0.10224 0.03190
v 0.16200 0.69160 0.13650 0.06848 0.10224 0.03190
v 0.16200 0.70126 0.13422 0.06848 0.10224 0.03190
v 0.16200 0.70126 0.13422 0.06848 0.10224 0.03190
v 0.16200 0.69160 0.13650 0.06848 0.10224 0.03190
v -0.16200 0.70126 0.13422 0.06848 0.10224 0.03190
v 0.16200 0.69160 0.13650 0.06848 0.10224 0.03190
v -0.16200 0.69160 0.13650 0.06848 0.10224 0.03190
v -0.16200 0.70126 0.13422 0.06848 0.10224 0.03190
v -0.16200 0.70126 0.13422 0.06848 0.10224 0.03190
v -0.16200 0.69160 0.13650 0.06848 0.10224 0.03190
v -0.17082 0.70042 0.13254 0.06848 0.10224 0.03190
v -0.16200 0.69160 0.13650 0.06848 0.10224 0.03190
v -0.17166 0.69160 0.13422 0.06848 0.10224 0.03190
v -0.17082 0.70042 0.13254 0.06848 0.10224 0.03190
v -0.17082 0.70042 0.13254 0.06848 0.10224 0.03190
v -0.17166 0.69160 0.13422 0.06848 0.10224 0.03190
v -0.17640 0.69880 0.12930 0.06848 0.10224 0.03190
v -0.17166 0.69160 0.13422 0.06848 0.10224 0.03190
v -0.17727 0.69160 0.13017 0.06848 0.10224 0.03190
v -0.17640 0.69880 0.12930 0.06848 0.10224 0.03190
v 0.17727 0.69160 0.13017 0.06848 0.10224 0.03190
v 0.17727 0.55480 0.13017 0.06848 0.10224 0.03190
v 0.17166 0.69160 0.13422 0.06848 0.10224 0.03190
v 0.17727 0.55480 0.13017 0.06848 0.10224 0.03190
v 0.17166 0.55480 0.13422 0.06848 0.10224 0.03190
v 0.17166 0.69160 0.13422 0.06848 0.10224 0.03190
v 0.17166 0.69160 0.13422 0.06848 0.10224 0.03190
v 0.17166 0.55480 0.13422 0.06848 0.10224 0.03190
v 0.16200 0.69160 0.13650 0.06848 0.10224 0.03190
v 0.17166 0.55480 0.13422 0.06848 0.10224 0.03190
v 0.16200 0.55480 0.13650 0.06848 0.10224 0.03190
v 0.16200 0.69160 0.13650 0.06848 0.10224 0.03190
v 0.16200 0.69160 0.13650 0.06848 0.10224 0.03190
v 0.16200 0.55480 0.13650 0.06848 0.10224 0.03190
v -0.16200 0.69160 0.13650 0.06848 0.10224 0.03190
v 0.16200 0.55480 0.13650 0.06848 0.10224 0.03190
v -0.16200 0.55480 0.13650 0.06848 0.10224 0.03190
v -0.16200 0.69160 0.13650 0.06848 0.10224 0.03190
v -0.16200 0.69160 0.13650 0.06848 0.10224 0.03190
v -0.16200 0.55480 0.13650 0.06848 0.10224 0.03190
v -0.17166 0.69160 0.13422 0.06848 0.10224 0.03190
v -0.16200 0.55480 0.13650 0.06848 0.10224 0.03190
v -0.17166 0.55480 0.13422 0.06848 0.10224 0.03190
v -0.17166 0.69160 0.13422 0.06848 0.10224 0.03190
v -0.17166 0.69160 0.13422 0.06848 0.10224 0.03190
v -0.17166 0.55480 0.13422 0.06848 0.10224 0.03190
v -0.17727 0.69160 0.13017 0.06848 0.10224 0.03190
v -0.17166 0.55480 0.13422 0.06848 0.10224 0.03190
v -0.17727 0.55480 0.13017 0.06848 0.10224 0.03190
v -0.17727 0.69160 0.13017 0.06848 0.10224 0.03190
v 0.17727 0.55480 0.13017 0.06848 0.10224 0.03190
v 0.17640 0.54760 0.12930 0.06848 0.10224 0.03190
v 0.17166 0.55480 0.13422 0.06848 0.10224 0.03190
v 0.17640 0.54760 0.12930 0.06848 0.10224 0.03190
v 0.17082 0.54598 0.13254 0.06848 0.10224 0.03190
v 0.17166 0.55480 0.13422 0.06848 0.10224 0.03190
v 0.17166 0.55480 0.13422 0.06848 0.10224 0.03190
v 0.17082 0.54598 0.13254 0.06848 0.10224 0.03190
v 0.16200 0.55480 0.13650 0.06848 0.10224 0.03190
v 0.17082 0.54598 0.13254 0.06848 0.10224 0.03190
v 0.16200 0.54514 0.13422 0.06848 0.10224 0.03190
v 0.16200 0.55480 0.13650 0.06848 0.10224 0.03190
v 0.16200 0.55480 0.13650 0.06848 0.10224 0.03190
v 0.16200 0.54514 0.13422 0.06848 0.10224 0.03190
v -0.16200 0.55480 0.13650 0.06848 0.10224 0.03190
v 0.16200 0.54514 0.13422 0.06848 0.10224 0.03190
v -0.16200 0.54514 0.13422 0.06848 0.10224 0.03190
v -0.16200 0.55480 0.13650 0.06848 0.10224 0.03190
v -0.16200 0.55480 0.13650 0.06848 0.10224 0.03190
v -0.16200 0.54514 0.13422 0.06848 0.10224 0.03190
v -0.17166 0.55480 0.13422 0.06848 0.10224 0.03190
v -0.16200 0.54514 0.13422 0.06848 0.10224 0.03190
v -0.17082 0.54598 0.13254 0.06848 0.10224 0.03190
v -0.17166 0.55480 0.13422 0.06848 0.10224 0.03190
v -0.17166 0.55480 0.13422 0.06848 0.10224 0.03190
v -0.17082 0.54598 0.13254 0.06848 0.10224 0.03190
v -0.17727 0.55480 0.13017 0.06848 0.10224 0.03190
v -0.17082 0.54598 0.13254 0.06848 0.10224 0.03190
v -0.17640 0.54760 0.12930 0.06848 0.10224 0.03190
v -0.17727 0.55480 0.13017 0.06848 0.10224 0.03190
v 0.17640 0.54760 0.12930 0.06848 0.10224 0.03190
v 0.17447 0.54233 0.12737 0.06848 0.10224 0.03190
v 0.17082 0.54598 0.13254 0.06848 0.10224 0.03190
v 0.17447 0.54233 0.12737 0.06848 0.10224 0.03190
v 0.16920 0.54040 0.12930 0.06848 0.10224 0.03190
v 0.17082 0.54598 0.13254 0.06848 0.10224 0.03190
v 0.17082 0.54598 0.13254 0.06848 0.10224 0.03190
v 0.16920 0.54040 0.12930 0.06848 0.10224 0.03190
v 0.16200 0.54514 0.13422 0.06848 0.10224 0.03190
v 0.16920 0.54040 0.12930 0.06848 0.10224 0.03190
v 0.16200 0.53953 0.13017 0.06848 0.10224 0.03190
v 0.16200 0.54514 0.13422 0.06848 0.10224 0.03190
v 0.16200 0.54514 0.13422 0.06848 0.10224 0.03190
v 0.16200 0.53953 0.13017 0.06848 0.10224 0.03190
v -0.16200 0.54514 0.13422 0.06848 0.10224 0.03190
v 0.16200 0.53953 0.13017 0.06848 0.10224 0.03190
v -0.16200 0.53953 0.13017 0.06848 0.10224 0.03190
v -0.16200 0.54514 0.13422 0.06848 0.10224 0.03190
v -0.16200 0.54514 0.13422 0.06848 0.10224 0.03190
v -0.16200 0.53953 0.13017 0.06848 0.10224 0.03190
v -0.17082 0.54598 0.13254 0.06848 0.10224 0.03190
v -0.16200 0.53953 0.13017 0.06848 0.10224 0.03190
v -0.16920 0.54040 0.12930 0.06848 0.10224 0.03190
v -0.17082 0.54598 0.13254 0.06848 0.10224 0.03190
v -0.17082 0.54598 0.13254 0.06848 0.10224 0.03190
v -0.16920 0.54040 0.12930 0.06848 0.10224 0.03190
v -0.17640 0.54760 0.12930 0.06848 0.10224 0.03190
v -0.16920 0.54040 0.12930 0.06848 0.10224 0.03190
v -0.17447 0.54233 0.12737 0.06848 0.10224 0.03190
v -0.17640 0.54760 0.12930 0.06848 0.10224 0.03190
v -0.17447 0.70407 -0.12737 0.06848 0.10224 0.03190
v -0.17640 0.69880 -0.12930 0.06848 0.10224 0.03190
v -0.16920 0.70600 -0.12930 0.06848 0.10224 0.03190
v -0.17640 0.69880 -0.12930 0.06848 0.10224 0.03190
v -0.17082 0.70042 -0.13254 0.06848 0.10224 0.03190
v -0.16920 0.70600 -0.12930 0.06848 0.10224 0.03190
v -0.16920 0.70600 -0.12930 0.06848 0.10224 0.03190
v -0.17082 0.70042 -0.13254 0.06848 0.10224 0.03190
v -0.16200 0.70687 -0.13017 0.06848 0.10224 0.03190
v -0.17082 0.70042 -0.13254 0.06848 0.10224 0.03190
v -0.16200 0.70126 -0.13422 0.06848 0.10224 0.03190
v -0.16200 0.70687 -0.13017 0.06848 0.10224 0.03190
v -0.16200 0.70687 -0.13017 0.06848 0.10224 0.03190
v -0.16200 0.70126 -0.13422 0.06848 0.10224 0.03190
v 0.16200 0.70687 -0.13017 0.06848 0.10224 0.03190
v -0.16200 0.70126 -0.13422 0.06848 0.10224 0.03190
v 0.16200 0.70126 -0.13422 0.06848 0.10224 0.03190
v 0.16200 0.70687 -0.13017 0.06848 0.10224 0.03190
v 0.16200 0.70687 -0.13017 0.06848 0.10224 0.03190
v 0.16200 0.70126 -0.13422 0.06848 0.10224 0.03190
v 0.16920 0.70600 -0.12930 0.06848 0.10224 0.03190
v 0.16200 0.70126 -0.13422 0.06848 0.10224 0.03190
v 0.17082 0.70042 -0.13254 0.06848 0.10224 0.03190
v 0.16920 0.70600 -0.12930 0.06848 0.10224 0.03190
v 0.16920 0.70600 -0.12930 0.06848 0.10224 0.03190
v 0.17082 0.70042 -0.13254 0.06848 0.10224 0.03190
v 0.17447 0.70407 -0.12737 0.06848 0.10224 0.03190
v 0.17082 0.70042 -0.13254 0.06848 0.10224 0.03190
v 0.17640 0.69880 -0.12930 0.06848 0.10224 0.03190
v 0.17447 0.70407 -0.12737 0.06848 0.10224 0.03190
v -0.17640 0.69880 -0.12930 0.06848 0.10224 0.03190
v -0.17727 0.69160 -0.13017 0.06848 0.10224 0.03190
v -0.17082 0.70042 -0.13254 0.06848 0.10224 0.03190
v -0.17727 0.69160 -0.13017 0.06848 0.10224 0.03190
v -0.17166 0.69160 -0.13422 0.06848 0.10224 0.03190
v -0.17082 0.70042 -0.13254 0.06848 0.10224 0.03190
v -0.17082 0.70042 -0.13254 0.06848 0.10224 0.03190
v -0.17166 0.69160 -0.13422 0.06848 0.10224 0.03190
v -0.16200 0.70126 -0.13422 0.06848 0.10224 0.03190
v -0.17166 0.69160 -0.13422 0.06848 0.10224 0.03190
v -0.16200 0.69160 -0.13650 0.06848 0.10224 0.03190
v -0.16200 0.70126 -0.13422 0.06848 0.10224 0.03190
v -0.16200 0.70126 -0.13422 0.06848 0.10224 0.03190
v -0.16200 0.69160 -0.13650 0.06848 0.10224 0.03190
v 0.16200 0.70126 -0.13422 0.06848 0.10224 0.03190
v -0.16200 0.69160 -0.13650 0.06848 0.10224 0.03190
v 0.16200 0.69160 -0.13650 0.06848 0.10224 0.03190
v 0.16200 0.70126 -0.13422 0.06848 0.10224 0.03190
v 0.16200 0.70126 -0.13422 0.06848 0.10224 0.03190
v 0.16200 0.69160 -0.13650 0.06848 0.10224 0.03190
v 0.17082 0.70042 -0.13254 0.06848 0.10224 0.03190
v 0.16200 0.69160 -0.13650 0.06848 0.10224 0.03190
v 0.17166 0.69160 -0.13422 0.06848 0.10224 0.03190
v 0.17082 0.70042 -0.13254 0.06848 0.10224 0.03190
v 0.17082 0.70042 -0.13254 0.06848 0.10224 0.03190
v 0.17166 0.69160 -0.13422 0.06848 0.10224 0.03190
v 0.17640 0.69880 -0.12930 0.06848 0.10224 0.03190
v 0.17166 0.69160 -0.13422 0.06848 0.10224 0.03190
v 0.17727 0.69160 -0.13017 0.06848 0.10224 0.03190
v 0.17640 0.69880 -0.12930 0.06848 0.10224 0.03190
v -0.17727 0.69160 -0.13017 0.06848 0.10224 0.03190
v -0.17727 0.55480 -0.13017 0.06848 0.10224 0.03190
v -0.17166 0.69160 -0.13422 0.06848 0.10224 0.03190
v -0.17727 0.55480 -0.13017 0.06848 0.10224 0.03190
v -0.17166 0.55480 -0.13422 0.06848 0.10224 0.03190
v -0.17166 0.69160 -0.13422 0.06848 0.10224 0.03190
v -0.17166 0.69160 -0.13422 0.06848 0.10224 0.03190
v -0.17166 0.55480 -0.13422 0.06848 0.10224 0.03190
v -0.16200 0.69160 -0.13650 0.06848 0.10224 0.03190
v -0.17166 0.55480 -0.13422 0.06848 0.10224 0.03190
v -0.16200 0.55480 -0.13650 0.06848 0.10224 0.03190
v -0.16200 0.69160 -0.13650 0.06848 0.10224 0.03190
v -0.16200 0.69160 -0.13650 0.06848 0.10224 0.03190
v -0.16200 0.55480 -0.13650 0.06848 0.10224 0.03190
v 0.16200 0.69160 -0.13650 0.06848 0.10224 0.03190
v -0.16200 0.55480 -0.13650 0.06848 0.10224 0.03190
v 0.16200 0.55480 -0.13650 0.06848 0.10224 0.03190
v 0.16200 0.69160 -0.13650 0.06848 0.10224 0.03190
v 0.16200 0.69160 -0.13650 0.06848 0.10224 0.03190
v 0.16200 0.55480 -0.13650 0.06848 0.10224 0.03190
v 0.17166 0.69160 -0.13422 0.06848 0.10224 0.03190
v 0.16200 0.55480 -0.13650 0.06848 0.10224 0.03190
v 0.17166 0.55480 -0.13422 0.06848 0.10224 0.03190
v 0.17166 0.69160 -0.13422 0.06848 0.10224 0.03190
v 0.17166 0.69160 -0.13422 0.06848 0.10224 0.03190
v 0.17166 0.55480 -0.13422 0.06848 0.10224 0.03190
v 0.17727 0.69160 -0.13017 0.06848 0.10224 0.03190
v 0.17166 0.55480 -0.13422 0.06848 0.10224 0.03190
v 0.17727 0.55480 -0.13017 0.06848 0.10224 0.03190
v 0.17727 0.69160 -0.13017 0.06848 0.10224 0.03190
v -0.17727 0.55480 -0.13017 0.06848 0.10224 0.03190
v -0.17640 0.54760 -0.12930 0.06848 0.10224 0.03190
v -0.17166 0.55480 -0.13422 0.06848 0.10224 0.03190
v -0.17640 0.54760 -0.12930 0.06848 0.10224 0.03190
v -0.17082 0.54598 -0.13254 0.06848 0.10224 0.03190
v -0.17166 0.55480 -0.13422 0.06848 0.10224 0.03190
v -0.17166 0.55480 -0.13422 0.06848 0.10224 0.03190
v -0.17082 0.54598 -0.13254 0.06848 0.10224 0.03190
v -0.16200 0.55480 -0.13650 0.06848 0.10224 0.03190
v -0.17082 0.54598 -0.13254 0.06848 0.10224 0.03190
v -0.16200 0.54514 -0.13422 0.06848 0.10224 0.03190
v -0.16200 0.55480 -0.13650 0.06848 0.10224 0.03190
v -0.16200 0.55480 -0.13650 0.06848 0.10224 0.03190
v -0.16200 0.54514 -0.13422 0.06848 0.10224 0.03190
v 0.16200 0.55480 -0.13650 0.06848 0.10224 0.03190
v -0.16200 0.54514 -0.13422 0.06848 0.10224 0.03190
v 0.16200 0.54514 -0.13422 0.06848 0.10224 0.03190
v 0.16200 0.55480 -0.13650 0.06848 0.10224 0.03190
v 0.16200 0.55480 -0.13650 0.06848 0.10224 0.03190
v 0.16200 0.54514 -0.13422 0.06848 0.10224 0.03190
v 0.17166 0.55480 -0.13422 0.06848 0.10224 0.03190
v 0.16200 0.54514 -0.13422 0.06848 0.10224 0.03190
v 0.17082 0.54598 -0.13254 0.06848 0.10224 0.03190
v 0.17166 0.55480 -0.13422 0.06848 0.10224 0.03190
v 0.17166 0.55480 -0.13422 0.06848 0.10224 0.03190
v 0.17082 0.54598 -0.13254 0.06848 0.10224 0.03190
v 0.17727 0.55480 -0.13017 0.06848 0.10224 0.03190
v 0.17082 0.54598 -0.13254 0.06848 0.10224 0.03190
v 0.17640 0.54760 -0.12930 0.06848 0.10224 0.03190
v 0.17727 0.55480 -0.13017 0.06848 0.10224 0.03190
v -0.17640 0.54760 -0.12930 0.06848 0.10224 0.03190
v -0.17447 0.54233 -0.12737 0.06848 0.10224 0.03190
v -0.17082 0.54598 -0.13254 0.06848 0.10224 0.03190
v -0.17447 0.54233 -0.12737 0.06848 0.10224 0.03190
v -0.16920 0.54040 -0.12930 0.06848 0.10224 0.03190
v -0.17082 0.54598 -0.13254 0.06848 0.10224 0.03190
v -0.17082 0.54598 -0.13254 0.06848 0.10224 0.03190
v -0.16920 0.54040 -0.12930 0.06848 0.10224 0.03190
v -0.16200 0.54514 -0.13422 0.06848 0.10224 0.03190
v -0.16920 0.54040 -0.12930 0.06848 0.10224 0.03190
v -0.16200 0.53953 -0.13017 0.06848 0.10224 0.03190
v -0.16200 0.54514 -0.13422 0.06848 0.10224 0.03190
v -0.16200 0.54514 -0.13422 0.06848 0.10224 0.03190
v -0.16200 0.53953 -0.13017 0.06848 0.10224 0.03190
v 0.16200 0.54514 -0.13422 0.06848 0.10224 0.03190
v -0.16200 0.53953 -0.13017 0.06848 0.10224 0.03190
v 0.16200 0.53953 -0.13017 0.06848 0.10224 0.03190
v 0.16200 0.54514 -0.13422 0.06848 0.10224 0.03190
v 0.16200 0.54514 -0.13422 0.06848 0.10224 0.03190
v 0.16200 0.53953 -0.13017 0.06848 0.10224 0.03190
v 0.17082 0.54598 -0.13254 0.06848 0.10224 0.03190
v 0.16200 0.53953 -0.13017 0.06848 0.10224 0.03190
v 0.16920 0.54040 -0.12930 0.06848 0.10224 0.03190
v 0.17082 0.54598 -0.13254 0.06848 0.10224 0.03190
v 0.17082 0.54598 -0.13254 0.06848 0.10224 0.03190
v 0.16920 0.54040 -0.12930 0.06848 0.10224 0.03190
v 0.17640 0.54760 -0.12930 0.06848 0.10224 0.03190
v 0.16920 0.54040 -0.12930 0.06848 0.10224 0.03190
v 0.17447 0.54233 -0.12737 0.06848 0.10224 0.03190
v 0.17640 0.54760 -0.12930 0.06848 0.10224 0.03190
v 0.10080 0.26975 0.00000 0.06848 0.10224 0.03190
v 0.10080 0.26975 0.00000 0.06848 0.10224 0.03190
v 0.10080 0.26975 0.00000 0.06848 0.10224 0.03190
v 0.10080 0.26975 0.00000 0.06848 0.10224 0.03190
v 0.10080 0.26975 0.00000 0.06848 0.10224 0.03190
v 0.10080 0.26975 0.00000 0.06848 0.10224 0.03190
v 0.10080 0.26975 0.00000 0.06848 0.10224 0.03190
v 0.10080 0.26975 0.00000 0.06848 0.10224 0.03190
v 0.14709 0.25471 0.00000 0.06848 0.10224 0.03190
v 0.12966 0.25471 0.03619 0.06848 0.10224 0.03190
v 0.09050 0.25471 0.04513 0.06848 0.10224 0.03190
v 0.05910 0.25471 0.02008 0.06848 0.10224 0.03190
v 0.05910 0.25471 -0.02008 0.06848 0.10224 0.03190
v 0.09050 0.25471 -0.04513 0.06848 0.10224 0.03190
v 0.12966 0.25471 -0.03619 0.06848 0.10224 0.03190
v 0.14709 0.25471 -0.00000 0.06848 0.10224 0.03190
v 0.17570 0.21534 0.00000 0.06848 0.10224 0.03190
v 0.14750 0.21534 0.05856 0.06848 0.10224 0.03190
v 0.08413 0.21534 0.07302 0.06848 0.10224 0.03190
v 0.03332 0.21534 0.03250 0.06848 0.10224 0.03190
v 0.03332 0.21534 -0.03250 0.06848 0.10224 0.03190
v 0.08413 0.21534 -0.07302 0.06848 0.10224 0.03190
v 0.14750 0.21534 -0.05856 0.06848 0.10224 0.03190
v 0.17570 0.21534 -0.00000 0.06848 0.10224 0.03190
v 0.17570 0.16666 0.00000 0.06848 0.10224 0.03190
v 0.14750 0.16666 0.05856 0.06848 0.10224 0.03190
v 0.08413 0.16666 0.07302 0.06848 0.10224 0.03190
v 0.03332 0.16666 0.03250 0.06848 0.10224 0.03190
v 0.03332 0.16666 -0.03250 0.06848 0.10224 0.03190
v 0.08413 0.16666 -0.07302 0.06848 0.10224 0.03190
v 0.14750 0.16666 -0.05856 0.06848 0.10224 0.03190
v 0.17570 0.16666 -0.00000 0.06848 0.10224 0.03190
v 0.14709 0.12729 0.00000 0.06848 0.10224 0.03190
v 0.12966 0.12729 0.03619 0.06848 0.10224 0.03190
v 0.09050 0.12729 0.04513 0.06848 0.10224 0.03190
v 0.05910 0.12729 0.02008 0.06848 0.10224 0.03190
v 0.05910 0.12729 -0.02008 0.06848 0.10224 0.03190
v 0.09050 0.12729 -0.04513 0.06848 0.10224 0.03190
v 0.12966 0.12729 -0.03619 0.06848 0.10224 0.03190
v 0.14709 0.12729 -0.00000 0.06848 0.10224 0.03190
v 0.10080 0.11225 0.00000 0.06848 0.10224 0.03190
v 0.10080 0.11225 0.00000 0.06848 0.10224 0.03190
v 0.10080 0.11225 0.00000 0.06848 0.10224 0.03190
v 0.10080 0.11225 0.00000 0.06848 0.10224 0.03190
v 0.10080 0.11225 0.00000 0.06848 0.10224 0.03190
v 0.10080 0.11225 0.00000 0.06848 0.10224 0.03190
v 0.10080 0.11225 0.00000 0.06848 0.10224 0.03190
v 0.10080 0.11225 0.00000 0.06848 0.10224 0.03190
v 0.10080 0.08440 0.05200 0.06848 0.10224 0.03190
v 0.10080 0.08440 0.05200 0.06848 0.10224 0.03190
v 0.10080 0.08440 0.05200 0.06848 0.10224 0.03190
v 0.10080 0.08440 0.05200 0.06848 0.10224 0.03190
v 0.10080 0.08440 0.05200 0.06848 0.10224 0.03190
v 0.10080 0.08440 0.05200 0.06848 0.10224 0.03190
v 0.10080 0.08440 0.05200 0.06848 0.10224 0.03190
v 0.10080 0.08440 0.05200 0.06848 0.10224 0.03190
v 0.15158 0.07821 0.05200 0.06848 0.10224 0.03190
v 0.13246 0.07821 0.09832 0.06848 0.10224 0.03190
v 0.08950 0.07821 0.10976 0.06848 0.10224 0.03190
v 0.05504 0.07821 0.07771 0.06848 0.10224 0.03190
v 0.05504 0.07821 0.02629 0.06848 0.10224 0.03190
v 0.08950 0.07821 -0.00576 0.06848 0.10224 0.03190
v 0.13246 0.07821 0.00568 0.06848 0.10224 0.03190
v 0.15158 0.07821 0.05200 0.06848 0.10224 0.03190
v 0.18297 0.06201 0.05200 0.06848 0.10224 0.03190
v 0.15203 0.06201 0.12695 0.06848 0.10224 0.03190
v 0.08252 0.06201 0.14546 0.06848 0.10224 0.03190
v 0.02677 0.06201 0.09359 0.06848 0.10224 0.03190
v 0.02677 0.06201 0.01041 0.06848 0.10224 0.03190
v 0.08252 0.06201 -0.04146 0.06848 0.10224 0.03190
v 0.15203 0.06201 -0.02295 0.06848 0.10224 0.03190
v 0.18297 0.06201 0.05200 0.06848 0.10224 0.03190
v 0.18297 0.04199 0.05200 0.06848 0.10224 0.03190
v 0.15203 0.04199 0.12695 0.06848 0.10224 0.03190
v 0.08252 0.04199 0.14546 0.06848 0.10224 0.03190
v 0.02677 0.04199 0.09359 0.06848 0.10224 0.03190
v 0.02677 0.04199 0.01041 0.06848 0.10224 0.03190
v 0.08252 0.04199 -0.04146 0.06848 0.10224 0.03190
v 0.15203 0.04199 -0.02295 0.06848 0.10224 0.03190
v 0.18297 0.04199 0.05200 0.06848 0.10224 0.03190
v 0.15158 0.02579 0.05200 0.06848 0.10224 0.03190
v 0.13246 0.02579 0.09832 0.06848 0.10224 0.03190
v 0.08950 0.02579 0.10976 0.06848 0.10224 0.03190
v 0.05504 0.02579 0.07771 0.06848 0.10224 0.03190
v 0.05504 0.02579 0.02629 0.06848 0.10224 0.03190
v 0.08950 0.02579 -0.00576 0.06848 0.10224 0.03190
v 0.13246 0.02579 0.00568 0.06848 0.10224 0.03190
v 0.15158 0.02579 0.05200 0.06848 0.10224 0.03190
v 0.10080 0.01960 0.05200 0.06848 0.10224 0.03190
v 0.10080 0.01960 0.05200 0.06848 0.10224 0.03190
v 0.10080 0.01960 0.05200 0.06848 0.10224 0.03190
v 0.10080 0.01960 0.05200 0.06848 0.10224 0.03190
v 0.10080 0.01960 0.05200 0.06848 0.10224 0.03190
v 0.10080 0.01960 0.05200 0.06848 0.10224 0.03190
v 0.10080 0.01960 0.05200 0.06848 0.10224 0.03190
v 0.10080 0.01960 0.05200 0.06848 0.10224 0.03190
v -0.10080 0.26975 0.00000 0.06848 0.10224 0.03190
v -0.10080 0.26975 0.00000 0.06848 0.10224 0.03190
v -0.10080 0.26975 0.00000 0.06848 0.10224 0.03190
v -0.10080 0.26975 0.00000 0.06848 0.10224 0.03190
v -0.10080 0.26975 0.00000 0.06848 0.10224 0.03190
v -0.10080 0.26975 0.00000 0.06848 0.10224 0.03190
v -0.10080 0.26975 0.00000 0.06848 0.10224 0.03190
v -0.10080 0.26975 0.00000 0.06848 0.10224 0.03190
v -0.05451 0.25471 0.00000 0.06848 0.10224 0.03190
v -0.07194 0.25471 0.03619 0.06848 0.10224 0.03190
v -0.11110 0.25471 0.04513 0.06848 0.10224 0.03190
v -0.14250 0.25471 0.02008 0.06848 0.10224 0.03190
v -0.14250 0.25471 -0.02008 0.06848 0.10224 0.03190
v -0.11110 0.25471 -0.04513 0.06848 0.10224 0.03190
v -0.07194 0.25471 -0.03619 0.06848 0.10224 0.03190
v -0.05451 0.25471 -0.00000 0.06848 0.10224 0.03190
v -0.02590 0.21534 0.00000 0.06848 0.10224 0.03190
v -0.05410 0.21534 0.05856 0.06848 0.10224 0.03190
v -0.11747 0.21534 0.07302 0.06848 0.10224 0.03190
v -0.16828 0.21534 0.03250 0.06848 0.10224 0.03190
v -0.16828 0.21534 -0.03250 0.06848 0.10224 0.03190
v -0.11747 0.21534 -0.07302 0.06848 0.10224 0.03190
v -0.05410 0.21534 -0.05856 0.06848 0.10224 0.03190
v -0.02590 0.21534 -0.00000 0.06848 0.10224 0.03190
v -0.02590 0.16666 0.00000 0.06848 0.10224 0.03190
v -0.05410 0.16666 0.05856 0.06848 0.10224 0.03190
v -0.11747 0.16666 0.07302 0.06848 0.10224 0.03190
v -0.16828 0.16666 0.03250 0.06848 0.10224 0.03190
v -0.16828 0.16666 -0.03250 0.06848 0.10224 0.03190
v -0.11747 0.16666 -0.07302 0.06848 0.10224 0.03190
v -0.05410 0.16666 -0.05856 0.06848 0.10224 0.03190
v -0.02590 0.16666 -0.00000 0.06848 0.10224 0.03190
v -0.05451 0.12729 0.00000 0.06848 0.10224 0.03190
v -0.07194 0.12729 0.03619 0.06848 0.10224 0.03190
v -0.11110 0.12729 0.04513 0.06848 0.10224 0.03190
v -0.14250 0.12729 0.02008 0.06848 0.10224 0.03190
v -0.14250 0.12729 -0.02008 0.06848 0.10224 0.03190
v -0.11110 0.12729 -0.04513 0.06848 0.10224 0.03190
v -0.07194 0.12729 -0.03619 0.06848 0.10224 0.03190
v -0.05451 0.12729 -0.00000 0.06848 0.10224 0.03190
v -0.10080 0.11225 0.00000 0.06848 0.10224 0.03190
v -0.10080 0.11225 0.00000 0.06848 0.10224 0.03190
v -0.10080 0.11225 0.00000 0.06848 0.10224 0.03190
v -0.10080 0.11225 0.00000 0.06848 0.10224 0.03190
v -0.10080 0.11225 0.00000 0.06848 0.10224 0.03190
v -0.10080 0.11225 0.00000 0.06848 0.10224 0.03190
v -0.10080 0.11225 0.00000 0.06848 0.10224 0.03190
v -0.10080 0.11225 0.00000 0.06848 0.10224 0.03190
v -0.10080 0.08440 0.05200 0.06848 0.10224 0.03190
v -0.10080 0.08440 0.05200 0.06848 0.10224 0.03190
v -0.10080 0.08440 0.05200 0.06848 0.10224 0.03190
v -0.10080 0.08440 0.05200 0.06848 0.10224 0.03190
v -0.10080 0.08440 0.05200 0.06848 0.10224 0.03190
v -0.10080 0.08440 0.05200 0.06848 0.10224 0.03190
v -0.10080 0.08440 0.05200 0.06848 0.10224 0.03190
v -0.10080 0.08440 0.05200 0.06848 0.10224 0.03190
v -0.05002 0.07821 0.05200 0.06848 0.10224 0.03190
v -0.06914 0.07821 0.09832 0.06848 0.10224 0.03190
v -0.11210 0.07821 0.10976 0.06848 0.10224 0.03190
v -0.14656 0.07821 0.07771 0.06848 0.10224 0.03190
v -0.14656 0.07821 0.02629 0.06848 0.10224 0.03190
v -0.11210 0.07821 -0.00576 0.06848 0.10224 0.03190
v -0.06914 0.07821 0.00568 0.06848 0.10224 0.03190
v -0.05002 0.07821 0.05200 0.06848 0.10224 0.03190
v -0.01863 0.06201 0.05200 0.06848 0.10224 0.03190
v -0.04957 0.06201 0.12695 0.06848 0.10224 0.03190
v -0.11908 0.06201 0.14546 0.06848 0.10224 0.03190
v -0.17483 0.06201 0.09359 0.06848 0.10224 0.03190
v -0.17483 0.06201 0.01041 0.06848 0.10224 0.03190
v -0.11908 0.06201 -0.04146 0.06848 0.10224 0.03190
v -0.04957 0.06201 -0.02295 0.06848 0.10224 0.03190
v -0.01863 0.06201 0.05200 0.06848 0.10224 0.03190
v -0.01863 0.04199 0.05200 0.06848 0.10224 0.03190
v -0.04957 0.04199 0.12695 0.06848 0.10224 0.03190
v -0.11908 0.04199 0.14546 0.06848 0.10224 0.03190
v -0.17483 0.04199 0.09359 0.06848 0.10224 0.03190
v -0.17483 0.04199 0.01041 0.06848 0.10224 0.03190
v -0.11908 0.04199 -0.04146 0.06848 0.10224 0.03190
v -0.04957 0.04199 -0.02295 0.06848 0.10224 0.03190
v -0.01863 0.04199 0.05200 0.06848 0.10224 0.03190
v -0.05002 0.02579 0.05200 0.06848 0.10224 0.03190
v -0.06914 0.02579 0.09832 0.06848 0.10224 0.03190
v -0.11210 0.02579 0.10976 0.06848 0.10224 0.03190
v -0.14656 0.02579 0.07771 0.06848 0.10224 0.03190
v -0.14656 0.02579 0.02629 0.06848 0.10224 0.03190
v -0.11210 0.02579 -0.00576 0.06848 0.10224 0.03190
v -0.06914 0.02579 0.00568 0.06848 0.10224 0.03190
v -0.05002 0.02579 0.05200 0.06848 0.10224 0.03190
v -0.10080 0.01960 0.05200 0.06848 0.10224 0.03190
v -0.10080 0.01960 0.05200 0.06848 0.10224 0.03190
v -0.10080 0.01960 0.05200 0.06848 0.10224 0.03190
v -0.10080 0.01960 0.05200 0.06848 0.10224 0.03190
v -0.10080 0.01960 0.05200 0.06848 0.10224 0.03190
v -0.10080 0.01960 0.05200 0.06848 0.10224 0.03190
v -0.10080 0.01960 0.05200 0.06848 0.10224 0.03190
v -0.10080 0.01960 0.05200 0.06848 0.10224 0.03190
f 5675 5677 5676
f 5678 5680 5679
f 5681 5683 5682
f 5684 5686 5685
f 5687 5689 5688
f 5690 5692 5691
f 5693 5695 5694
f 5696 5698 5697
f 5699 5701 5700
f 5702 5704 5703
f 5705 5707 5706
f 5708 5710 5709
f 5711 5713 5712
f 5714 5716 5715
f 5717 5719 5718
f 5720 5722 5721
f 5723 5725 5724
f 5726 5728 5727
f 5729 5731 5730
f 5732 5734 5733
f 5735 5737 5736
f 5738 5740 5739
f 5741 5743 5742
f 5744 5746 5745
f 5747 5749 5748
f 5750 5752 5751
f 5753 5755 5754
f 5756 5758 5757
f 5759 5761 5760
f 5762 5764 5763
f 5765 5767 5766
f 5768 5770 5769
f 5771 5773 5772
f 5774 5776 5775
f 5777 5779 5778
f 5780 5782 5781
f 5783 5785 5784
f 5786 5788 5787
f 5789 5791 5790
f 5792 5794 5793
f 5795 5797 5796
f 5798 5800 5799
f 5801 5803 5802
f 5804 5806 5805
f 5807 5809 5808
f 5810 5812 5811
f 5813 5815 5814
f 5816 5818 5817
f 5819 5821 5820
f 5822 5824 5823
f 5825 5827 5826
f 5828 5830 5829
f 5831 5833 5832
f 5834 5836 5835
f 5837 5839 5838
f 5840 5842 5841
f 5843 5845 5844
f 5846 5848 5847
f 5849 5851 5850
f 5852 5854 5853
f 5855 5857 5856
f 5858 5860 5859
f 5861 5863 5862
f 5864 5866 5865
f 5867 5869 5868
f 5870 5872 5871
f 5873 5875 5874
f 5876 5878 5877
f 5879 5881 5880
f 5882 5884 5883
f 5885 5887 5886
f 5888 5890 5889
f 5891 5893 5892
f 5894 5896 5895
f 5897 5899 5898
f 5900 5902 5901
f 5903 5905 5904
f 5906 5908 5907
f 5909 5911 5910
f 5912 5914 5913
f 5915 5917 5916
f 5918 5920 5919
f 5921 5923 5922
f 5924 5926 5925
f 5927 5929 5928
f 5930 5932 5931
f 5933 5935 5934
f 5936 5938 5937
f 5939 5941 5940
f 5942 5944 5943
f 5945 5947 5946
f 5948 5950 5949
f 5951 5953 5952
f 5954 5956 5955
f 5957 5959 5958
f 5960 5962 5961
f 5963 5965 5964
f 5966 5968 5967
f 5969 5971 5970
f 5972 5974 5973
f 5975 5977 5976
f 5978 5980 5979
f 5981 5983 5982
f 5984 5986 5985
f 5987 5989 5988
f 5990 5992 5991
f 5993 5995 5994
f 5996 5998 5997
f 5999 6001 6000
f 6002 6004 6003
f 6005 6007 6006
f 6008 6010 6009
f 6011 6013 6012
f 6014 6016 6015
f 6017 6019 6018
f 6020 6022 6021
f 6023 6025 6024
f 6026 6028 6027
f 6029 6031 6030
f 6032 6034 6033
f 6035 6037 6036
f 6038 6040 6039
f 6041 6043 6042
f 6044 6046 6045
f 6047 6049 6048
f 6050 6052 6051
f 6053 6055 6054
f 6056 6058 6057
f 6059 6061 6060
f 6062 6064 6063
f 6065 6067 6066
f 6068 6070 6069
f 6071 6073 6072
f 6074 6076 6075
f 6077 6079 6078
f 6080 6082 6081
f 6083 6085 6084
f 6086 6088 6087
f 6089 6091 6090
f 6092 6094 6093
f 6095 6097 6096
f 6098 6100 6099
f 6101 6103 6102
f 6104 6106 6105
f 6107 6109 6108
f 6110 6112 6111
f 6113 6115 6114
f 6116 6118 6117
f 6119 6121 6120
f 6122 6124 6123
f 6125 6127 6126
f 6128 6130 6129
f 6131 6133 6132
f 6134 6136 6135
f 6137 6139 6138
f 6140 6142 6141
f 6143 6145 6144
f 6146 6148 6147
f 6149 6151 6150
f 6152 6154 6153
f 6155 6157 6156
f 6158 6160 6159
f 6161 6163 6162
f 6164 6166 6165
f 6167 6169 6168
f 6170 6172 6171
f 6173 6175 6174
f 6176 6178 6177
f 6179 6181 6180
f 6182 6184 6183
f 6185 6187 6186
f 6188 6190 6189
f 6191 6193 6192
f 6194 6196 6195
f 6197 6199 6198
f 6200 6202 6201
f 6203 6205 6204
f 6206 6208 6207
f 6209 6211 6210
f 6212 6214 6213
f 6215 6217 6216
f 6218 6220 6219
f 6221 6223 6222
f 6224 6226 6225
f 6227 6229 6228
f 6230 6232 6231
f 6233 6235 6234
f 6236 6238 6237
f 6239 6241 6240
f 6242 6244 6243
f 6245 6247 6246
f 6248 6250 6249
f 6251 6253 6252
f 6254 6256 6255
f 6257 6259 6258
f 6260 6262 6261
f 6263 6265 6264
f 6266 6268 6267
f 6269 6271 6270
f 6272 6274 6273
f 6275 6277 6276
f 6278 6280 6279
f 6281 6283 6282
f 6284 6286 6285
f 6287 6289 6288
f 6290 6292 6291
f 6293 6295 6294
f 6296 6298 6297
f 6299 6301 6300
f 6302 6304 6303
f 6305 6307 6306
f 6308 6310 6309
f 6311 6313 6312
f 6314 6316 6315
f 6317 6319 6318
f 6320 6322 6321
f 6323 6325 6324
f 6326 6328 6327
f 6329 6331 6330
f 6332 6334 6333
f 6335 6337 6336
f 6338 6340 6339
f 6341 6343 6342
f 6344 6346 6345
f 6347 6349 6348
f 6350 6352 6351
f 6353 6355 6354
f 6356 6358 6357
f 6359 6361 6360
f 6362 6364 6363
f 6365 6367 6366
f 6368 6370 6369
f 6371 6373 6372
f 6374 6376 6375
f 6377 6379 6378
f 6380 6382 6381
f 6383 6385 6384
f 6386 6388 6387
f 6389 6391 6390
f 6392 6394 6393
f 6395 6397 6396
f 6398 6400 6399
f 6401 6403 6402
f 6404 6406 6405
f 6407 6409 6408
f 6410 6412 6411
f 6413 6415 6414
f 6416 6418 6417
f 6419 6421 6420
f 6422 6424 6423
f 6425 6427 6426
f 6428 6430 6429
f 6431 6433 6432
f 6434 6436 6435
f 6437 6439 6438
f 6440 6442 6441
f 6443 6445 6444
f 6446 6448 6447
f 6449 6451 6450
f 6452 6454 6453
f 6455 6457 6456
f 6458 6460 6459
f 6461 6463 6462
f 6464 6466 6465
f 6467 6469 6468
f 6470 6472 6471
f 6473 6475 6474
f 6476 6478 6477
f 6479 6481 6480
f 6482 6484 6483
f 6485 6487 6486
f 6488 6490 6489
f 6491 6493 6492
f 6494 6496 6495
f 6497 6499 6498
f 6500 6502 6501
f 6503 6505 6504
f 6506 6508 6507
f 6509 6511 6510
f 6512 6514 6513
f 6515 6517 6516
f 6518 6520 6519
f 6521 6523 6522
f 6524 6526 6525
f 6527 6529 6528
f 6530 6532 6531
f 6533 6535 6534
f 6536 6538 6537
f 6539 6541 6540
f 6542 6544 6543
f 6545 6547 6546
f 6548 6550 6549
f 6551 6553 6552
f 6554 6556 6555
f 6557 6559 6558
f 6560 6562 6561
f 6563 6565 6564
f 6566 6568 6567
f 6569 6571 6570
f 6572 6574 6573
f 6575 6584 6583
f 6576 6585 6584
f 6577 6586 6585
f 6578 6587 6586
f 6579 6588 6587
f 6580 6589 6588
f 6581 6590 6589
f 6584 6592 6583
f 6583 6592 6591
f 6585 6593 6584
f 6584 6593 6592
f 6586 6594 6585
f 6585 6594 6593
f 6587 6595 6586
f 6586 6595 6594
f 6588 6596 6587
f 6587 6596 6595
f 6589 6597 6588
f 6588 6597 6596
f 6590 6598 6589
f 6589 6598 6597
f 6592 6600 6591
f 6591 6600 6599
f 6593 6601 6592
f 6592 6601 6600
f 6594 6602 6593
f 6593 6602 6601
f 6595 6603 6594
f 6594 6603 6602
f 6596 6604 6595
f 6595 6604 6603
f 6597 6605 6596
f 6596 6605 6604
f 6598 6606 6597
f 6597 6606 6605
f 6600 6608 6599
f 6599 6608 6607
f 6601 6609 6600
f 6600 6609 6608
f 6602 6610 6601
f 6601 6610 6609
f 6603 6611 6602
f 6602 6611 6610
f 6604 6612 6603
f 6603 6612 6611
f 6605 6613 6604
f 6604 6613 6612
f 6606 6614 6605
f 6605 6614 6613
f 6608 6616 6607
f 6609 6617 6608
f 6610 6618 6609
f 6611 6619 6610
f 6612 6620 6611
f 6613 6621 6612
f 6614 6622 6613
f 6623 6632 6631
f 6624 6633 6632
f 6625 6634 6633
f 6626 6635 6634
f 6627 6636 6635
f 6628 6637 6636
f 6629 6638 6637
f 6632 6640 6631
f 6631 6640 6639
f 6633 6641 6632
f 6632 6641 6640
f 6634 6642 6633
f 6633 6642 6641
f 6635 6643 6634
f 6634 6643 6642
f 6636 6644 6635
f 6635 6644 6643
f 6637 6645 6636
f 6636 6645 6644
f 6638 6646 6637
f 6637 6646 6645
f 6640 6648 6639
f 6639 6648 6647
f 6641 6649 6640
f 6640 6649 6648
f 6642 6650 6641
f 6641 6650 6649
f 6643 6651 6642
f 6642 6651 6650
f 6644 6652 6643
f 6643 6652 6651
f 6645 6653 6644
f 6644 6653 6652
f 6646 6654 6645
f 6645 6654 6653
f 6648 6656 6647
f 6647 6656 6655
f 6649 6657 6648
f 6648 6657 6656
f 6650 6658 6649
f 6649 6658 6657
f 6651 6659 6650
f 6650 6659 6658
f 6652 6660 6651
f 6651 6660 6659
f 6653 6661 6652
f 6652 6661 6660
f 6654 6662 6653
f 6653 6662 6661
f 6656 6664 6655
f 6657 6665 6656
f 6658 6666 6657
f 6659 6667 6658
f 6660 6668 6659
f 6661 6669 6660
f 6662 6670 6661
f 6671 6680 6679
f 6672 6681 6680
f 6673 6682 6681
f 6674 6683 6682
f 6675 6684 6683
f 6676 6685 6684
f 6677 6686 6685
f 6680 6688 6679
f 6679 6688 6687
f 6681 6689 6680
f 6680 6689 6688
f 6682 6690 6681
f 6681 6690 6689
f 6683 6691 6682
f 6682 6691 6690
f 6684 6692 6683
f 6683 6692 6691
f 6685 6693 6684
f 6684 6693 6692
f 6686 6694 6685
f 6685 6694 6693
f 6688 6696 6687
f 6687 6696 6695
f 6689 6697 6688
f 6688 6697 6696
f 6690 6698 6689
f 6689 6698 6697
f 6691 6699 6690
f 6690 6699 6698
f 6692 6700 6691
f 6691 6700 6699
f 6693 6701 6692
f 6692 6701 6700
f 6694 6702 6693
f 6693 6702 6701
f 6696 6704 6695
f 6695 6704 6703
f 6697 6705 6696
f 6696 6705 6704
f 6698 6706 6697
f 6697 6706 6705
f 6699 6707 6698
f 6698 6707 6706
f 6700 6708 6699
f 6699 6708 6707
f 6701 6709 6700
f 6700 6709 6708
f 6702 6710 6701
f 6701 6710 6709
f 6704 6712 6703
f 6705 6713 6704
f 6706 6714 6705
f 6707 6715 6706
f 6708 6716 6707
f 6709 6717 6708
f 6710 6718 6709
f 6719 6728 6727
f 6720 6729 6728
f 6721 6730 6729
f 6722 6731 6730
f 6723 6732 6731
f 6724 6733 6732
f 6725 6734 6733
f 6728 6736 6727
f 6727 6736 6735
f 6729 6737 6728
f 6728 6737 6736
f 6730 6738 6729
f 6729 6738 6737
f 6731 6739 6730
f 6730 6739 6738
f 6732 6740 6731
f 6731 6740 6739
f 6733 6741 6732
f 6732 6741 6740
f 6734 6742 6733
f 6733 6742 6741
f 6736 6744 6735
f 6735 6744 6743
f 6737 6745 6736
f 6736 6745 6744
f 6738 6746 6737
f 6737 6746 6745
f 6739 6747 6738
f 6738 6747 6746
f 6740 6748 6739
f 6739 6748 6747
f 6741 6749 6740
f 6740 6749 6748
f 6742 6750 6741
f 6741 6750 6749
f 6744 6752 6743
f 6743 6752 6751
f 6745 6753 6744
f 6744 6753 6752
f 6746 6754 6745
f 6745 6754 6753
f 6747 6755 6746
f 6746 6755 6754
f 6748 6756 6747
f 6747 6756 6755
f 6749 6757 6748
f 6748 6757 6756
f 6750 6758 6749
f 6749 6758 6757
f 6752 6760 6751
f 6753 6761 6752
f 6754 6762 6753
f 6755 6763 6754
f 6756 6764 6755
f 6757 6765 6756
f 6758 6766 6757
v 0.05440 1.03200 0.13600 0.02315 0.01444 0.00913
v 0.05440 1.03200 0.13600 0.02315 0.01444 0.00913
v 0.05440 1.03200 0.13600 0.02315 0.01444 0.00913
v 0.05440 1.03200 0.13600 0.02315 0.01444 0.00913
v 0.05440 1.03200 0.13600 0.02315 0.01444 0.00913
v 0.05440 1.03200 0.13600 0.02315 0.01444 0.00913
v 0.05440 1.03200 0.13600 0.02315 0.01444 0.00913
v 0.05440 1.03200 0.13600 0.02315 0.01444 0.00913
v 0.07086 1.02665 0.13600 0.02315 0.01444 0.00913
v 0.06466 1.02665 0.14887 0.02315 0.01444 0.00913
v 0.05074 1.02665 0.15205 0.02315 0.01444 0.00913
v 0.03957 1.02665 0.14314 0.02315 0.01444 0.00913
v 0.03957 1.02665 0.12886 0.02315 0.01444 0.00913
v 0.05074 1.02665 0.11995 0.02315 0.01444 0.00913
v 0.06466 1.02665 0.12313 0.02315 0.01444 0.00913
v 0.07086 1.02665 0.13600 0.02315 0.01444 0.00913
v 0.08103 1.01265 0.13600 0.02315 0.01444 0.00913
v 0.07100 1.01265 0.15682 0.02315 0.01444 0.00913
v 0.04847 1.01265 0.16196 0.02315 0.01444 0.00913
v 0.03041 1.01265 0.14755 0.02315 0.01444 0.00913
v 0.03041 1.01265 0.12445 0.02315 0.01444 0.00913
v 0.04847 1.01265 0.11004 0.02315 0.01444 0.00913
v 0.07100 1.01265 0.11518 0.02315 0.01444 0.00913
v 0.08103 1.01265 0.13600 0.02315 0.01444 0.00913
v 0.08103 0.99535 0.13600 0.02315 0.01444 0.00913
v 0.07100 0.99535 0.15682 0.02315 0.01444 0.00913
v 0.04847 0.99535 0.16196 0.02315 0.01444 0.00913
v 0.03041 0.99535 0.14755 0.02315 0.01444 0.00913
v 0.03041 0.99535 0.12445 0.02315 0.01444 0.00913
v 0.04847 0.99535 0.11004 0.02315 0.01444 0.00913
v 0.07100 0.99535 0.11518 0.02315 0.01444 0.00913
v 0.08103 0.99535 0.13600 0.02315 0.01444 0.00913
v 0.07086 0.98135 0.13600 0.02315 0.01444 0.00913
v 0.06466 0.98135 0.14887 0.02315 0.01444 0.00913
v 0.05074 0.98135 0.15205 0.02315 0.01444 0.00913
v 0.03957 0.98135 0.14314 0.02315 0.01444 0.00913
v 0.03957 0.98135 0.12886 0.02315 0.01444 0.00913
v 0.05074 0.98135 0.11995 0.02315 0.01444 0.00913
v 0.06466 0.98135 0.12313 0.02315 0.01444 0.00913
v 0.07086 0.98135 0.13600 0.02315 0.01444 0.00913
v 0.05440 0.97600 0.13600 0.02315 0.01444 0.00913
v 0.05440 0.97600 0.13600 0.02315 0.01444 0.00913
v 0.05440 0.97600 0.13600 0.02315 0.01444 0.00913
v 0.05440 0.97600 0.13600 0.02315 0.01444 0.00913
v 0.05440 0.97600 0.13600 0.02315 0.01444 0.00913
v 0.05440 0.97600 0.13600 0.02315 0.01444 0.00913
v 0.05440 0.97600 0.13600 0.02315 0.01444 0.00913
v 0.05440 0.97600 0.13600 0.02315 0.01444 0.00913
v -0.05440 1.03200 0.13600 0.02315 0.01444 0.00913
v -0.05440 1.03200 0.13600 0.02315 0.01444 0.00913
v -0.05440 1.03200 0.13600 0.02315 0.01444 0.00913
v -0.05440 1.03200 0.13600 0.02315 0.01444 0.00913
v -0.05440 1.03200 0.13600 0.02315 0.01444 0.00913
v -0.05440 1.03200 0.13600 0.02315 0.01444 0.00913
v -0.05440 1.03200 0.13600 0.02315 0.01444 0.00913
v -0.05440 1.03200 0.13600 0.02315 0.01444 0.00913
v -0.03794 1.02665 0.13600 0.02315 0.01444 0.00913
v -0.04414 1.02665 0.14887 0.02315 0.01444 0.00913
v -0.05806 1.02665 0.15205 0.02315 0.01444 0.00913
v -0.06923 1.02665 0.14314 0.02315 0.01444 0.00913
v -0.06923 1.02665 0.12886 0.02315 0.01444 0.00913
v -0.05806 1.02665 0.11995 0.02315 0.01444 0.00913
v -0.04414 1.02665 0.12313 0.02315 0.01444 0.00913
v -0.03794 1.02665 0.13600 0.02315 0.01444 0.00913
v -0.02777 1.01265 0.13600 0.02315 0.01444 0.00913
v -0.03780 1.01265 0.15682 0.02315 0.01444 0.00913
v -0.06033 1.01265 0.16196 0.02315 0.01444 0.00913
v -0.07839 1.01265 0.14755 0.02315 0.01444 0.00913
v -0.07839 1.01265 0.12445 0.02315 0.01444 0.00913
v -0.06033 1.01265 0.11004 0.02315 0.01444 0.00913
v -0.03780 1.01265 0.11518 0.02315 0.01444 0.00913
v -0.02777 1.01265 0.13600 0.02315 0.01444 0.00913
v -0.02777 0.99535 0.13600 0.02315 0.01444 0.00913
v -0.03780 0.99535 0.15682 0.02315 0.01444 0.00913
v -0.06033 0.99535 0.16196 0.02315 0.01444 0.00913
v -0.07839 0.99535 0.14755 0.02315 0.01444 0.00913
v -0.07839 0.99535 0.12445 0.02315 0.01444 0.00913
v -0.06033 0.99535 0.11004 0.02315 0.01444 0.00913
v -0.03780 0.99535 0.11518 0.02315 0.01444 0.00913
v -0.02777 0.99535 0.13600 0.02315 0.01444 0.00913
v -0.03794 0.98135 0.13600 0.02315 0.01444 0.00913
v -0.04414 0.98135 0.14887 0.02315 0.01444 0.00913
v -0.05806 0.98135 0.15205 0.02315 0.01444 0.00913
v -0.06923 0.98135 0.14314 0.02315 0.01444 0.00913
v -0.06923 0.98135 0.12886 0.02315 0.01444 0.00913
v -0.05806 0.98135 0.11995 0.02315 0.01444 0.00913
v -0.04414 0.98135 0.12313 0.02315 0.01444 0.00913
v -0.03794 0.98135 0.13600 0.02315 0.01444 0.00913
v -0.05440 0.97600 0.13600 0.02315 0.01444 0.00913
v -0.05440 0.97600 0.13600 0.02315 0.01444 0.00913
v -0.05440 0.97600 0.13600 0.02315 0.01444 0.00913
v -0.05440 0.97600 0.13600 0.02315 0.01444 0.00913
v -0.05440 0.97600 0.13600 0.02315 0.01444 0.00913
v -0.05440 0.97600 0.13600 0.02315 0.01444 0.00913
v -0.05440 0.97600 0.13600 0.02315 0.01444 0.00913
v -0.05440 0.97600 0.13600 0.02315 0.01444 0.00913
f 6767 6776 6775
f 6768 6777 6776
f 6769 6778 6777
f 6770 6779 6778
f 6771 6780 6779
f 6772 6781 6780
f 6773 6782 6781
f 6776 6784 6775
f 6775 6784 6783
f 6777 6785 6776
f 6776 6785 6784
f 6778 6786 6777
f 6777 6786 6785
f 6779 6787 6778
f 6778 6787 6786
f 6780 6788 6779
f 6779 6788 6787
f 6781 6789 6780
f 6780 6789 6788
f 6782 6790 6781
f 6781 6790 6789
f 6784 6792 6783
f 6783 6792 6791
f 6785 6793 6784
f 6784 6793 6792
f 6786 6794 6785
f 6785 6794 6793
f 6787 6795 6786
f 6786 6795 6794
f 6788 6796 6787
f 6787 6796 6795
f 6789 6797 6788
f 6788 6797 6796
f 6790 6798 6789
f 6789 6798 6797
f 6792 6800 6791
f 6791 6800 6799
f 6793 6801 6792
f 6792 6801 6800
f 6794 6802 6793
f 6793 6802 6801
f 6795 6803 6794
f 6794 6803 6802
f 6796 6804 6795
f 6795 6804 6803
f 6797 6805 6796
f 6796 6805 6804
f 6798 6806 6797
f 6797 6806 6805
f 6800 6808 6799
f 6801 6809 6800
f 6802 6810 6801
f 6803 6811 6802
f 6804 6812 6803
f 6805 6813 6804
f 6806 6814 6805
f 6815 6824 6823
f 6816 6825 6824
f 6817 6826 6825
f 6818 6827 6826
f 6819 6828 6827
f 6820 6829 6828
f 6821 6830 6829
f 6824 6832 6823
f 6823 6832 6831
f 6825 6833 6824
f 6824 6833 6832
f 6826 6834 6825
f 6825 6834 6833
f 6827 6835 6826
f 6826 6835 6834
f 6828 6836 6827
f 6827 6836 6835
f 6829 6837 6828
f 6828 6837 6836
f 6830 6838 6829
f 6829 6838 6837
f 6832 6840 6831
f 6831 6840 6839
f 6833 6841 6832
f 6832 6841 6840
f 6834 6842 6833
f 6833 6842 6841
f 6835 6843 6834
f 6834 6843 6842
f 6836 6844 6835
f 6835 6844 6843
f 6837 6845 6836
f 6836 6845 6844
f 6838 6846 6837
f 6837 6846 6845
f 6840 6848 6839
f 6839 6848 6847
f 6841 6849 6840
f 6840 6849 6848
f 6842 6850 6841
f 6841 6850 6849
f 6843 6851 6842
f 6842 6851 6850
f 6844 6852 6843
f 6843 6852 6851
f 6845 6853 6844
f 6844 6853 6852
f 6846 6854 6845
f 6845 6854 6853
f 6848 6856 6847
f 6849 6857 6848
f 6850 6858 6849
f 6851 6859 6850
f 6852 6860 6851
f 6853 6861 6852
f 6854 6862 6853
v 0.00000 1.14640 0.00000 0.14413 0.06848 0.02122
v 0.00000 1.14640 0.00000 0.14413 0.06848 0.02122
v 0.00000 1.14640 0.00000 0.14413 0.06848 0.02122
v 0.00000 1.14640 0.00000 0.14413 0.06848 0.02122
v 0.00000 1.14640 0.00000 0.14413 0.06848 0.02122
v 0.00000 1.14640 0.00000 0.14413 0.06848 0.02122
v 0.00000 1.14640 0.00000 0.14413 0.06848 0.02122
v 0.00000 1.14640 0.00000 0.14413 0.06848 0.02122
v 0.00000 1.14640 0.00000 0.14413 0.06848 0.02122
v 0.00000 1.14640 0.00000 0.14413 0.06848 0.02122
v 0.00000 1.14640 0.00000 0.14413 0.06848 0.02122
v 0.05910 1.14119 0.00000 0.14413 0.06848 0.02122
v 0.04781 1.14119 0.03474 0.14413 0.06848 0.02122
v 0.01826 1.14119 0.05621 0.14413 0.06848 0.02122
v -0.01826 1.14119 0.05621 0.14413 0.06848 0.02122
v -0.04781 1.14119 0.03474 0.14413 0.06848 0.02122
v -0.05910 1.14119 0.00000 0.14413 0.06848 0.02122
v -0.04781 1.14119 -0.03474 0.14413 0.06848 0.02122
v -0.01826 1.14119 -0.05621 0.14413 0.06848 0.02122
v 0.01826 1.14119 -0.05621 0.14413 0.06848 0.02122
v 0.04781 1.14119 -0.03474 0.14413 0.06848 0.02122
v 0.05910 1.14119 -0.00000 0.14413 0.06848 0.02122
v 0.11107 1.12619 0.00000 0.14413 0.06848 0.02122
v 0.08986 1.12619 0.06529 0.14413 0.06848 0.02122
v 0.03432 1.12619 0.10564 0.14413 0.06848 0.02122
v -0.03432 1.12619 0.10564 0.14413 0.06848 0.02122
v -0.08986 1.12619 0.06529 0.14413 0.06848 0.02122
v -0.11107 1.12619 0.00000 0.14413 0.06848 0.02122
v -0.08986 1.12619 -0.06529 0.14413 0.06848 0.02122
v -0.03432 1.12619 -0.10564 0.14413 0.06848 0.02122
v 0.03432 1.12619 -0.10564 0.14413 0.06848 0.02122
v 0.08986 1.12619 -0.06529 0.14413 0.06848 0.02122
v 0.11107 1.12619 -0.00000 0.14413 0.06848 0.02122
v 0.14965 1.10320 0.00000 0.14413 0.06848 0.02122
v 0.12107 1.10320 0.08796 0.14413 0.06848 0.02122
v 0.04624 1.10320 0.14232 0.14413 0.06848 0.02122
v -0.04624 1.10320 0.14232 0.14413 0.06848 0.02122
v -0.12107 1.10320 0.08796 0.14413 0.06848 0.02122
v -0.14965 1.10320 0.00000 0.14413 0.06848 0.02122
v -0.12107 1.10320 -0.08796 0.14413 0.06848 0.02122
v -0.04624 1.10320 -0.14232 0.14413 0.06848 0.02122
v 0.04624 1.10320 -0.14232 0.14413 0.06848 0.02122
v 0.12107 1.10320 -0.08796 0.14413 0.06848 0.02122
v 0.14965 1.10320 -0.00000 0.14413 0.06848 0.02122
v 0.17017 1.07500 0.00000 0.14413 0.06848 0.02122
v 0.13767 1.07500 0.10003 0.14413 0.06848 0.02122
v 0.05259 1.07500 0.16185 0.14413 0.06848 0.02122
v -0.05259 1.07500 0.16185 0.14413 0.06848 0.02122
v -0.13767 1.07500 0.10003 0.14413 0.06848 0.02122
v -0.17017 1.07500 0.00000 0.14413 0.06848 0.02122
v -0.13767 1.07500 -0.10003 0.14413 0.06848 0.02122
v -0.05259 1.07500 -0.16185 0.14413 0.06848 0.02122
v 0.05259 1.07500 -0.16185 0.14413 0.06848 0.02122
v 0.13767 1.07500 -0.10003 0.14413 0.06848 0.02122
v 0.17017 1.07500 -0.00000 0.14413 0.06848 0.02122
v 0.17017 1.04500 0.00000 0.14413 0.06848 0.02122
v 0.13767 1.04500 0.10003 0.14413 0.06848 0.02122
v 0.05259 1.04500 0.16185 0.14413 0.06848 0.02122
v -0.05259 1.04500 0.16185 0.14413 0.06848 0.02122
v -0.13767 1.04500 0.10003 0.14413 0.06848 0.02122
v -0.17017 1.04500 0.00000 0.14413 0.06848 0.02122
v -0.13767 1.04500 -0.10003 0.14413 0.06848 0.02122
v -0.05259 1.04500 -0.16185 0.14413 0.06848 0.02122
v 0.05259 1.04500 -0.16185 0.14413 0.06848 0.02122
v 0.13767 1.04500 -0.10003 0.14413 0.06848 0.02122
v 0.17017 1.04500 -0.00000 0.14413 0.06848 0.02122
v 0.14965 1.01680 0.00000 0.14413 0.06848 0.02122
v 0.12107 1.01680 0.08796 0.14413 0.06848 0.02122
v 0.04624 1.01680 0.14232 0.14413 0.06848 0.02122
v -0.04624 1.01680 0.14232 0.14413 0.06848 0.02122
v -0.12107 1.01680 0.08796 0.14413 0.06848 0.02122
v -0.14965 1.01680 0.00000 0.14413 0.06848 0.02122
v -0.12107 1.01680 -0.08796 0.14413 0.06848 0.02122
v -0.04624 1.01680 -0.14232 0.14413 0.06848 0.02122
v 0.04624 1.01680 -0.14232 0.14413 0.06848 0.02122
v 0.12107 1.01680 -0.08796 0.14413 0.06848 0.02122
v 0.14965 1.01680 -0.00000 0.14413 0.06848 0.02122
v 0.11107 0.99381 0.00000 0.14413 0.06848 0.02122
v 0.08986 0.99381 0.06529 0.14413 0.06848 0.02122
v 0.03432 0.99381 0.10564 0.14413 0.06848 0.02122
v -0.03432 0.99381 0.10564 0.14413 0.06848 0.02122
v -0.08986 0.99381 0.06529 0.14413 0.06848 0.02122
v -0.11107 0.99381 0.00000 0.14413 0.06848 0.02122
v -0.08986 0.99381 -0.06529 0.14413 0.06848 0.02122
v -0.03432 0.99381 -0.10564 0.14413 0.06848 0.02122
v 0.03432 0.99381 -0.10564 0.14413 0.06848 0.02122
v 0.08986 0.99381 -0.06529 0.14413 0.06848 0.02122
v 0.11107 0.99381 -0.00000 0.14413 0.06848 0.02122
v 0.05910 0.97881 0.00000 0.14413 0.06848 0.02122
v 0.04781 0.97881 0.03474 0.14413 0.06848 0.02122
v 0.01826 0.97881 0.05621 0.14413 0.06848 0.02122
v -0.01826 0.97881 0.05621 0.14413 0.06848 0.02122
v -0.04781 0.97881 0.03474 0.14413 0.06848 0.02122
v -0.05910 0.97881 0.00000 0.14413 0.06848 0.02122
v -0.04781 0.97881 -0.03474 0.14413 0.06848 0.02122
v -0.01826 0.97881 -0.05621 0.14413 0.06848 0.02122
v 0.01826 0.97881 -0.05621 0.14413 0.06848 0.02122
v 0.04781 0.97881 -0.03474 0.14413 0.06848 0.02122
v 0.05910 0.97881 -0.00000 0.14413 0.06848 0.02122
v 0.00000 0.97360 0.00000 0.14413 0.06848 0.02122
v 0.00000 0.97360 0.00000 0.14413 0.06848 0.02122
v 0.00000 0.97360 0.00000 0.14413 0.06848 0.02122
v 0.00000 0.97360 0.00000 0.14413 0.06848 0.02122
v 0.00000 0.97360 0.00000 0.14413 0.06848 0.02122
v 0.00000 0.97360 0.00000 0.14413 0.06848 0.02122
v 0.00000 0.97360 0.00000 0.14413 0.06848 0.02122
v 0.00000 0.97360 0.00000 0.14413 0.06848 0.02122
v 0.00000 0.97360 0.00000 0.14413 0.06848 0.02122
v 0.00000 0.97360 0.00000 0.14413 0.06848 0.02122
v 0.00000 0.97360 0.00000 0.14413 0.06848 0.02122
v 0.00000 1.00720 0.03200 0.14413 0.06848 0.02122
v 0.00000 1.00720 0.03200 0.14413 0.06848 0.02122
v 0.00000 1.00720 0.03200 0.14413 0.06848 0.02122
v 0.00000 1.00720 0.03200 0.14413 0.06848 0.02122
v 0.00000 1.00720 0.03200 0.14413 0.06848 0.02122
v 0.00000 1.00720 0.03200 0.14413 0.06848 0.02122
v 0.00000 1.00720 0.03200 0.14413 0.06848 0.02122
v 0.00000 1.00720 0.03200 0.14413 0.06848 0.02122
v 0.05502 0.99895 0.03200 0.14413 0.06848 0.02122
v 0.03430 0.99895 0.04854 0.14413 0.06848 0.02122
v -0.01224 0.99895 0.05263 0.14413 0.06848 0.02122
v -0.04957 0.99895 0.04118 0.14413 0.06848 0.02122
v -0.04957 0.99895 0.02282 0.14413 0.06848 0.02122
v -0.01224 0.99895 0.01137 0.14413 0.06848 0.02122
v 0.03430 0.99895 0.01546 0.14413 0.06848 0.02122
v 0.05502 0.99895 0.03200 0.14413 0.06848 0.02122
v 0.08902 0.97735 0.03200 0.14413 0.06848 0.02122
v 0.05550 0.97735 0.05877 0.14413 0.06848 0.02122
v -0.01981 0.97735 0.06538 0.14413 0.06848 0.02122
v -0.08020 0.97735 0.04686 0.14413 0.06848 0.02122
v -0.08020 0.97735 0.01714 0.14413 0.06848 0.02122
v -0.01981 0.97735 -0.00138 0.14413 0.06848 0.02122
v 0.05550 0.97735 0.00523 0.14413 0.06848 0.02122
v 0.08902 0.97735 0.03200 0.14413 0.06848 0.02122
v 0.08902 0.95065 0.03200 0.14413 0.06848 0.02122
v 0.05550 0.95065 0.05877 0.14413 0.06848 0.02122
v -0.01981 0.95065 0.06538 0.14413 0.06848 0.02122
v -0.08020 0.95065 0.04686 0.14413 0.06848 0.02122
v -0.08020 0.95065 0.01714 0.14413 0.06848 0.02122
v -0.01981 0.95065 -0.00138 0.14413 0.06848 0.02122
v 0.05550 0.95065 0.00523 0.14413 0.06848 0.02122
v 0.08902 0.95065 0.03200 0.14413 0.06848 0.02122
v 0.05502 0.92905 0.03200 0.14413 0.06848 0.02122
v 0.03430 0.92905 0.04854 0.14413 0.06848 0.02122
v -0.01224 0.92905 0.05263 0.14413 0.06848 0.02122
v -0.04957 0.92905 0.04118 0.14413 0.06848 0.02122
v -0.04957 0.92905 0.02282 0.14413 0.06848 0.02122
v -0.01224 0.92905 0.01137 0.14413 0.06848 0.02122
v 0.03430 0.92905 0.01546 0.14413 0.06848 0.02122
v 0.05502 0.92905 0.03200 0.14413 0.06848 0.02122
v 0.00000 0.92080 0.03200 0.14413 0.06848 0.02122
v 0.00000 0.92080 0.03200 0.14413 0.06848 0.02122
v 0.00000 0.92080 0.03200 0.14413 0.06848 0.02122
v 0.00000 0.92080 0.03200 0.14413 0.06848 0.02122
v 0.00000 0.92080 0.03200 0.14413 0.06848 0.02122
v 0.00000 0.92080 0.03200 0.14413 0.06848 0.02122
v 0.00000 0.92080 0.03200 0.14413 0.06848 0.02122
v 0.00000 0.92080 0.03200 0.14413 0.06848 0.02122
v 0.20880 0.72250 0.00000 0.14413 0.06848 0.02122
v 0.20880 0.72250 0.00000 0.14413 0.06848 0.02122
v 0.20880 0.72250 0.00000 0.14413 0.06848 0.02122
v 0.20880 0.72250 0.00000 0.14413 0.06848 0.02122
v 0.20880 0.72250 0.00000 0.14413 0.06848 0.02122
v 0.20880 0.72250 0.00000 0.14413 0.06848 0.02122
v 0.20880 0.72250 0.00000 0.14413 0.06848 0.02122
v 0.20880 0.72250 0.00000 0.14413 0.06848 0.02122
v 0.25729 0.70674 0.00000 0.14413 0.06848 0.02122
v 0.23903 0.70674 0.03791 0.14413 0.06848 0.02122
v 0.19801 0.70674 0.04728 0.14413 0.06848 0.02122
v 0.16511 0.70674 0.02104 0.14413 0.06848 0.02122
v 0.16511 0.70674 -0.02104 0.14413 0.06848 0.02122
v 0.19801 0.70674 -0.04728 0.14413 0.06848 0.02122
v 0.23903 0.70674 -0.03791 0.14413 0.06848 0.02122
v 0.25729 0.70674 -0.00000 0.14413 0.06848 0.02122
v 0.28726 0.66549 0.00000 0.14413 0.06848 0.02122
v 0.25772 0.66549 0.06134 0.14413 0.06848 0.02122
v 0.19134 0.66549 0.07649 0.14413 0.06848 0.02122
v 0.13811 0.66549 0.03404 0.14413 0.06848 0.02122
v 0.13811 0.66549 -0.03404 0.14413 0.06848 0.02122
v 0.19134 0.66549 -0.07649 0.14413 0.06848 0.02122
v 0.25772 0.66549 -0.06134 0.14413 0.06848 0.02122
v 0.28726 0.66549 -0.00000 0.14413 0.06848 0.02122
v 0.28726 0.61451 0.00000 0.14413 0.06848 0.02122
v 0.25772 0.61451 0.06134 0.14413 0.06848 0.02122
v 0.19134 0.61451 0.07649 0.14413 0.06848 0.02122
v 0.13811 0.61451 0.03404 0.14413 0.06848 0.02122
v 0.13811 0.61451 -0.03404 0.14413 0.06848 0.02122
v 0.19134 0.61451 -0.07649 0.14413 0.06848 0.02122
v 0.25772 0.61451 -0.06134 0.14413 0.06848 0.02122
v 0.28726 0.61451 -0.00000 0.14413 0.06848 0.02122
v 0.25729 0.57326 0.00000 0.14413 0.06848 0.02122
v 0.23903 0.57326 0.03791 0.14413 0.06848 0.02122
v 0.19801 0.57326 0.04728 0.14413 0.06848 0.02122
v 0.16511 0.57326 0.02104 0.14413 0.06848 0.02122
v 0.16511 0.57326 -0.02104 0.14413 0.06848 0.02122
v 0.19801 0.57326 -0.04728 0.14413 0.06848 0.02122
v 0.23903 0.57326 -0.03791 0.14413 0.06848 0.02122
v 0.25729 0.57326 -0.00000 0.14413 0.06848 0.02122
v 0.20880 0.55750 0.00000 0.14413 0.06848 0.02122
v 0.20880 0.55750 0.00000 0.14413 0.06848 0.02122
v 0.20880 0.55750 0.00000 0.14413 0.06848 0.02122
v 0.20880 0.55750 0.00000 0.14413 0.06848 0.02122
v 0.20880 0.55750 0.00000 0.14413 0.06848 0.02122
v 0.20880 0.55750 0.00000 0.14413 0.06848 0.02122
v 0.20880 0.55750 0.00000 0.14413 0.06848 0.02122
v 0.20880 0.55750 0.00000 0.14413 0.06848 0.02122
v -0.20880 0.72250 0.00000 0.14413 0.06848 0.02122
v -0.20880 0.72250 0.00000 0.14413 0.06848 0.02122
v -0.20880 0.72250 0.00000 0.14413 0.06848 0.02122
v -0.20880 0.72250 0.00000 0.14413 0.06848 0.02122
v -0.20880 0.72250 0.00000 0.14413 0.06848 0.02122
v -0.20880 0.72250 0.00000 0.14413 0.06848 0.02122
v -0.20880 0.72250 0.00000 0.14413 0.06848 0.02122
v -0.20880 0.72250 0.00000 0.14413 0.06848 0.02122
v -0.16031 0.70674 0.00000 0.14413 0.06848 0.02122
v -0.17857 0.70674 0.03791 0.14413 0.06848 0.02122
v -0.21959 0.70674 0.04728 0.14413 0.06848 0.02122
v -0.25249 0.70674 0.02104 0.14413 0.06848 0.02122
v -0.25249 0.70674 -0.02104 0.14413 0.06848 0.02122
v -0.21959 0.70674 -0.04728 0.14413 0.06848 0.02122
v -0.17857 0.70674 -0.03791 0.14413 0.06848 0.02122
v -0.16031 0.70674 -0.00000 0.14413 0.06848 0.02122
v -0.13034 0.66549 0.00000 0.14413 0.06848 0.02122
v -0.15988 0.66549 0.06134 0.14413 0.06848 0.02122
v -0.22626 0.66549 0.07649 0.14413 0.06848 0.02122
v -0.27949 0.66549 0.03404 0.14413 0.06848 0.02122
v -0.27949 0.66549 -0.03404 0.14413 0.06848 0.02122
v -0.22626 0.66549 -0.07649 0.14413 0.06848 0.02122
v -0.15988 0.66549 -0.06134 0.14413 0.06848 0.02122
v -0.13034 0.66549 -0.00000 0.14413 0.06848 0.02122
v -0.13034 0.61451 0.00000 0.14413 0.06848 0.02122
v -0.15988 0.61451 0.06134 0.14413 0.06848 0.02122
v -0.22626 0.61451 0.07649 0.14413 0.06848 0.02122
v -0.27949 0.61451 0.03404 0.14413 0.06848 0.02122
v -0.27949 0.61451 -0.03404 0.14413 0.06848 0.02122
v -0.22626 0.61451 -0.07649 0.14413 0.06848 0.02122
v -0.15988 0.61451 -0.06134 0.14413 0.06848 0.02122
v -0.13034 0.61451 -0.00000 0.14413 0.06848 0.02122
v -0.16031 0.57326 0.00000 0.14413 0.06848 0.02122
v -0.17857 0.57326 0.03791 0.14413 0.06848 0.02122
v -0.21959 0.57326 0.04728 0.14413 0.06848 0.02122
v -0.25249 0.57326 0.02104 0.14413 0.06848 0.02122
v -0.25249 0.57326 -0.02104 0.14413 0.06848 0.02122
v -0.21959 0.57326 -0.04728 0.14413 0.06848 0.02122
v -0.17857 0.57326 -0.03791 0.14413 0.06848 0.02122
v -0.16031 0.57326 -0.00000 0.14413 0.06848 0.02122
v -0.20880 0.55750 0.00000 0.14413 0.06848 0.02122
v -0.20880 0.55750 0.00000 0.14413 0.06848 0.02122
v -0.20880 0.55750 0.00000 0.14413 0.06848 0.02122
v -0.20880 0.55750 0.00000 0.14413 0.06848 0.02122
v -0.20880 0.55750 0.00000 0.14413 0.06848 0.02122
v -0.20880 0.55750 0.00000 0.14413 0.06848 0.02122
v -0.20880 0.55750 0.00000 0.14413 0.06848 0.02122
v -0.20880 0.55750 0.00000 0.14413 0.06848 0.02122
v -0.17746 0.39846 0.13396 0.14413 0.06848 0.02122
v -0.17800 0.39700 0.13450 0.14413 0.06848 0.02122
v -0.17800 0.39900 0.13250 0.14413 0.06848 0.02122
v -0.17800 0.39700 0.13450 0.14413 0.06848 0.02122
v -0.17890 0.39745 0.13295 0.14413 0.06848 0.02122
v -0.17800 0.39900 0.13250 0.14413 0.06848 0.02122
v -0.17800 0.39900 0.13250 0.14413 0.06848 0.02122
v -0.17890 0.39745 0.13295 0.14413 0.06848 0.02122
v -0.17824 0.39924 0.13050 0.14413 0.06848 0.02122
v -0.17890 0.39745 0.13295 0.14413 0.06848 0.02122
v -0.17937 0.39768 0.13050 0.14413 0.06848 0.02122
v -0.17824 0.39924 0.13050 0.14413 0.06848 0.02122
v -0.17824 0.39924 0.13050 0.14413 0.06848 0.02122
v -0.17937 0.39768 0.13050 0.14413 0.06848 0.02122
v -0.17824 0.39924 -0.13050 0.14413 0.06848 0.02122
v -0.17937 0.39768 0.13050 0.14413 0.06848 0.02122
v -0.17937 0.39768 -0.13050 0.14413 0.06848 0.02122
v -0.17824 0.39924 -0.13050 0.14413 0.06848 0.02122
v -0.17824 0.39924 -0.13050 0.14413 0.06848 0.02122
v -0.17937 0.39768 -0.13050 0.14413 0.06848 0.02122
v -0.17800 0.39900 -0.13250 0.14413 0.06848 0.02122
v -0.17937 0.39768 -0.13050 0.14413 0.06848 0.02122
v -0.17890 0.39745 -0.13295 0.14413 0.06848 0.02122
v -0.17800 0.39900 -0.13250 0.14413 0.06848 0.02122
v -0.17800 0.39900 -0.13250 0.14413 0.06848 0.02122
v -0.17890 0.39745 -0.13295 0.14413 0.06848 0.02122
v -0.17746 0.39846 -0.13396 0.14413 0.06848 0.02122
v -0.17890 0.39745 -0.13295 0.14413 0.06848 0.02122
v -0.17800 0.39700 -0.13450 0.14413 0.06848 0.02122
v -0.17746 0.39846 -0.13396 0.14413 0.06848 0.02122
v -0.17800 0.39700 0.13450 0.14413 0.06848 0.02122
v -0.17824 0.39500 0.13474 0.14413 0.06848 0.02122
v -0.17890 0.39745 0.13295 0.14413 0.06848 0.02122
v -0.17824 0.39500 0.13474 0.14413 0.06848 0.02122
v -0.17937 0.39500 0.13318 0.14413 0.06848 0.02122
v -0.17890 0.39745 0.13295 0.14413 0.06848 0.02122
v -0.17890 0.39745 0.13295 0.14413 0.06848 0.02122
v -0.17937 0.39500 0.13318 0.14413 0.06848 0.02122
v -0.17937 0.39768 0.13050 0.14413 0.06848 0.02122
v -0.17937 0.39500 0.13318 0.14413 0.06848 0.02122
v -0.18000 0.39500 0.13050 0.14413 0.06848 0.02122
v -0.17937 0.39768 0.13050 0.14413 0.06848 0.02122
v -0.17937 0.39768 0.13050 0.14413 0.06848 0.02122
v -0.18000 0.39500 0.13050 0.14413 0.06848 0.02122
v -0.17937 0.39768 -0.13050 0.14413 0.06848 0.02122
v -0.18000 0.39500 0.13050 0.14413 0.06848 0.02122
v -0.18000 0.39500 -0.13050 0.14413 0.06848 0.02122
v -0.17937 0.39768 -0.13050 0.14413 0.06848 0.02122
v -0.17937 0.39768 -0.13050 0.14413 0.06848 0.02122
v -0.18000 0.39500 -0.13050 0.14413 0.06848 0.02122
v -0.17890 0.39745 -0.13295 0.14413 0.06848 0.02122
v -0.18000 0.39500 -0.13050 0.14413 0.06848 0.02122
v -0.17937 0.39500 -0.13318 0.14413 0.06848 0.02122
v -0.17890 0.39745 -0.13295 0.14413 0.06848 0.02122
v -0.17890 0.39745 -0.13295 0.14413 0.06848 0.02122
v -0.17937 0.39500 -0.13318 0.14413 0.06848 0.02122
v -0.17800 0.39700 -0.13450 0.14413 0.06848 0.02122
v -0.17937 0.39500 -0.13318 0.14413 0.06848 0.02122
v -0.17824 0.39500 -0.13474 0.14413 0.06848 0.02122
v -0.17800 0.39700 -0.13450 0.14413 0.06848 0.02122
v -0.17824 0.39500 0.13474 0.14413 0.06848 0.02122
v -0.17824 0.35700 0.13474 0.14413 0.06848 0.02122
v -0.17937 0.39500 0.13318 0.14413 0.06848 0.02122
v -0.17824 0.35700 0.13474 0.14413 0.06848 0.02122
v -0.17937 0.35700 0.13318 0.14413 0.06848 0.02122
v -0.17937 0.39500 0.13318 0.14413 0.06848 0.02122
v -0.17937 0.39500 0.13318 0.14413 0.06848 0.02122
v -0.17937 0.35700 0.13318 0.14413 0.06848 0.02122
v -0.18000 0.39500 0.13050 0.14413 0.06848 0.02122
v -0.17937 0.35700 0.13318 0.14413 0.06848 0.02122
v -0.18000 0.35700 0.13050 0.14413 0.06848 0.02122
v -0.18000 0.39500 0.13050 0.14413 0.06848 0.02122
v -0.18000 0.39500 0.13050 0.14413 0.06848 0.02122
v -0.18000 0.35700 0.13050 0.14413 0.06848 0.02122
v -0.18000 0.39500 -0.13050 0.14413 0.06848 0.02122
v -0.18000 0.35700 0.13050 0.14413 0.06848 0.02122
v -0.18000 0.35700 -0.13050 0.14413 0.06848 0.02122
v -0.18000 0.39500 -0.13050 0.14413 0.06848 0.02122
v -0.18000 0.39500 -0.13050 0.14413 0.06848 0.02122
v -0.18000 0.35700 -0.13050 0.14413 0.06848 0.02122
v -0.17937 0.39500 -0.13318 0.14413 0.06848 0.02122
v -0.18000 0.35700 -0.13050 0.14413 0.06848 0.02122
v -0.17937 0.35700 -0.13318 0.14413 0.06848 0.02122
v -0.17937 0.39500 -0.13318 0.14413 0.06848 0.02122
v -0.17937 0.39500 -0.13318 0.14413 0.06848 0.02122
v -0.17937 0.35700 -0.13318 0.14413 0.06848 0.02122
v -0.17824 0.39500 -0.13474 0.14413 0.06848 0.02122
v -0.17937 0.35700 -0.13318 0.14413 0.06848 0.02122
v -0.17824 0.35700 -0.13474 0.14413 0.06848 0.02122
v -0.17824 0.39500 -0.13474 0.14413 0.06848 0.02122
v -0.17824 0.35700 0.13474 0.14413 0.06848 0.02122
v -0.17800 0.35500 0.13450 0.14413 0.06848 0.02122
v -0.17937 0.35700 0.13318 0.14413 0.06848 0.02122
v -0.17800 0.35500 0.13450 0.14413 0.06848 0.02122
v -0.17890 0.35455 0.13295 0.14413 0.06848 0.02122
v -0.17937 0.35700 0.13318 0.14413 0.06848 0.02122
v -0.17937 0.35700 0.13318 0.14413 0.06848 0.02122
v -0.17890 0.35455 0.13295 0.14413 0.06848 0.02122
v -0.18000 0.35700 0.13050 0.14413 0.06848 0.02122
v -0.17890 0.35455 0.13295 0.14413 0.06848 0.02122
v -0.17937 0.35432 0.13050 0.14413 0.06848 0.02122
v -0.18000 0.35700 0.13050 0.14413 0.06848 0.02122
v -0.18000 0.35700 0.13050 0.14413 0.06848 0.02122
v -0.17937 0.35432 0.13050 0.14413 0.06848 0.02122
v -0.18000 0.35700 -0.13050 0.14413 0.06848 0.02122
v -0.17937 0.35432 0.13050 0.14413 0.06848 0.02122
v -0.17937 0.35432 -0.13050 0.14413 0.06848 0.02122
v -0.18000 0.35700 -0.13050 0.14413 0.06848 0.02122
v -0.18000 0.35700 -0.13050 0.14413 0.06848 0.02122
v -0.17937 0.35432 -0.13050 0.14413 0.06848 0.02122
v -0.17937 0.35700 -0.13318 0.14413 0.06848 0.02122
v -0.17937 0.35432 -0.13050 0.14413 0.06848 0.02122
v -0.17890 0.35455 -0.13295 0.14413 0.06848 0.02122
v -0.17937 0.35700 -0.13318 0.14413 0.06848 0.02122
v -0.17937 0.35700 -0.13318 0.14413 0.06848 0.02122
v -0.17890 0.35455 -0.13295 0.14413 0.06848 0.02122
v -0.17824 0.35700 -0.13474 0.14413 0.06848 0.02122
v -0.17890 0.35455 -0.13295 0.14413 0.06848 0.02122
v -0.17800 0.35500 -0.13450 0.14413 0.06848 0.02122
v -0.17824 0.35700 -0.13474 0.14413 0.06848 0.02122
v -0.17800 0.35500 0.13450 0.14413 0.06848 0.02122
v -0.17746 0.35354 0.13396 0.14413 0.06848 0.02122
v -0.17890 0.35455 0.13295 0.14413 0.06848 0.02122
v -0.17746 0.35354 0.13396 0.14413 0.06848 0.02122
v -0.17800 0.35300 0.13250 0.14413 0.06848 0.02122
v -0.17890 0.35455 0.13295 0.14413 0.06848 0.02122
v -0.17890 0.35455 0.13295 0.14413 0.06848 0.02122
v -0.17800 0.35300 0.13250 0.14413 0.06848 0.02122
v -0.17937 0.35432 0.13050 0.14413 0.06848 0.02122
v -0.17800 0.35300 0.13250 0.14413 0.06848 0.02122
v -0.17824 0.35276 0.13050 0.14413 0.06848 0.02122
v -0.17937 0.35432 0.13050 0.14413 0.06848 0.02122
v -0.17937 0.35432 0.13050 0.14413 0.06848 0.02122
v -0.17824 0.35276 0.13050 0.14413 0.06848 0.02122
v -0.17937 0.35432 -0.13050 0.14413 0.06848 0.02122
v -0.17824 0.35276 0.13050 0.14413 0.06848 0.02122
v -0.17824 0.35276 -0.13050 0.14413 0.06848 0.02122
v -0.17937 0.35432 -0.13050 0.14413 0.06848 0.02122
v -0.17937 0.35432 -0.13050 0.14413 0.06848 0.02122
v -0.17824 0.35276 -0.13050 0.14413 0.06848 0.02122
v -0.17890 0.35455 -0.13295 0.14413 0.06848 0.02122
v -0.17824 0.35276 -0.13050 0.14413 0.06848 0.02122
v -0.17800 0.35300 -0.13250 0.14413 0.06848 0.02122
v -0.17890 0.35455 -0.13295 0.14413 0.06848 0.02122
v -0.17890 0.35455 -0.13295 0.14413 0.06848 0.02122
v -0.17800 0.35300 -0.13250 0.14413 0.06848 0.02122
v -0.17800 0.35500 -0.13450 0.14413 0.06848 0.02122
v -0.17800 0.35300 -0.13250 0.14413 0.06848 0.02122
v -0.17746 0.35354 -0.13396 0.14413 0.06848 0.02122
v -0.17800 0.35500 -0.13450 0.14413 0.06848 0.02122
v 0.17746 0.39846 -0.13396 0.14413 0.06848 0.02122
v 0.17800 0.39700 -0.13450 0.14413 0.06848 0.02122
v 0.17800 0.39900 -0.13250 0.14413 0.06848 0.02122
v 0.17800 0.39700 -0.13450 0.14413 0.06848 0.02122
v 0.17890 0.39745 -0.13295 0.14413 0.06848 0.02122
v 0.17800 0.39900 -0.13250 0.14413 0.06848 0.02122
v 0.17800 0.39900 -0.13250 0.14413 0.06848 0.02122
v 0.17890 0.39745 -0.13295 0.14413 0.06848 0.02122
v 0.17824 0.39924 -0.13050 0.14413 0.06848 0.02122
v 0.17890 0.39745 -0.13295 0.14413 0.06848 0.02122
v 0.17937 0.39768 -0.13050 0.14413 0.06848 0.02122
v 0.17824 0.39924 -0.13050 0.14413 0.06848 0.02122
v 0.17824 0.39924 -0.13050 0.14413 0.06848 0.02122
v 0.17937 0.39768 -0.13050 0.14413 0.06848 0.02122
v 0.17824 0.39924 0.13050 0.14413 0.06848 0.02122
v 0.17937 0.39768 -0.13050 0.14413 0.06848 0.02122
v 0.17937 0.39768 0.13050 0.14413 0.06848 0.02122
v 0.17824 0.39924 0.13050 0.14413 0.06848 0.02122
v 0.17824 0.39924 0.13050 0.14413 0.06848 0.02122
v 0.17937 0.39768 0.13050 0.14413 0.06848 0.02122
v 0.17800 0.39900 0.13250 0.14413 0.06848 0.02122
v 0.17937 0.39768 0.13050 0.14413 0.06848 0.02122
v 0.17890 0.39745 0.13295 0.14413 0.06848 0.02122
v 0.17800 0.39900 0.13250 0.14413 0.06848 0.02122
v 0.17800 0.39900 0.13250 0.14413 0.06848 0.02122
v 0.17890 0.39745 0.13295 0.14413 0.06848 0.02122
v 0.17746 0.39846 0.13396 0.14413 0.06848 0.02122
v 0.17890 0.39745 0.13295 0.14413 0.06848 0.02122
v 0.17800 0.39700 0.13450 0.14413 0.06848 0.02122
v 0.17746 0.39846 0.13396 0.14413 0.06848 0.02122
v 0.17800 0.39700 -0.13450 0.14413 0.06848 0.02122
v 0.17824 0.39500 -0.13474 0.14413 0.06848 0.02122
v 0.17890 0.39745 -0.13295 0.14413 0.06848 0.02122
v 0.17824 0.39500 -0.13474 0.14413 0.06848 0.02122
v 0.17937 0.39500 -0.13318 0.14413 0.06848 0.02122
v 0.17890 0.39745 -0.13295 0.14413 0.06848 0.02122
v 0.17890 0.39745 -0.13295 0.14413 0.06848 0.02122
v 0.17937 0.39500 -0.13318 0.14413 0.06848 0.02122
v 0.17937 0.39768 -0.13050 0.14413 0.06848 0.02122
v 0.17937 0.39500 -0.13318 0.14413 0.06848 0.02122
v 0.18000 0.39500 -0.13050 0.14413 0.06848 0.02122
v 0.17937 0.39768 -0.13050 0.14413 0.06848 0.02122
v 0.17937 0.39768 -0.13050 0.14413 0.06848 0.02122
v 0.18000 0.39500 -0.13050 0.14413 0.06848 0.02122
v 0.17937 0.39768 0.13050 0.14413 0.06848 0.02122
v 0.18000 0.39500 -0.13050 0.14413 0.06848 0.02122
v 0.18000 0.39500 0.13050 0.14413 0.06848 0.02122
v 0.17937 0.39768 0.13050 0.14413 0.06848 0.02122
v 0.17937 0.39768 0.13050 0.14413 0.06848 0.02122
v 0.18000 0.39500 0.13050 0.14413 0.06848 0.02122
v 0.17890 0.39745 0.13295 0.14413 0.06848 0.02122
v 0.18000 0.39500 0.13050 0.14413 0.06848 0.02122
v 0.17937 0.39500 0.13318 0.14413 0.06848 0.02122
v 0.17890 0.39745 0.13295 0.14413 0.06848 0.02122
v 0.17890 0.39745 0.13295 0.14413 0.06848 0.02122
v 0.17937 0.39500 0.13318 0.14413 0.06848 0.02122
v 0.17800 0.39700 0.13450 0.14413 0.06848 0.02122
v 0.17937 0.39500 0.13318 0.14413 0.06848 0.02122
v 0.17824 0.39500 0.13474 0.14413 0.06848 0.02122
v 0.17800 0.39700 0.13450 0.14413 0.06848 0.02122
v 0.17824 0.39500 -0.13474 0.14413 0.06848 0.02122
v 0.17824 0.35700 -0.13474 0.14413 0.06848 0.02122
v 0.17937 0.39500 -0.13318 0.14413 0.06848 0.02122
v 0.17824 0.35700 -0.13474 0.14413 0.06848 0.02122
v 0.17937 0.35700 -0.13318 0.14413 0.06848 0.02122
v 0.17937 0.39500 -0.13318 0.14413 0.06848 0.02122
v 0.17937 0.39500 -0.13318 0.14413 0.06848 0.02122
v 0.17937 0.35700 -0.13318 0.14413 0.06848 0.02122
v 0.18000 0.39500 -0.13050 0.14413 0.06848 0.02122
v 0.17937 0.35700 -0.13318 0.14413 0.06848 0.02122
v 0.18000 0.35700 -0.13050 0.14413 0.06848 0.02122
v 0.18000 0.39500 -0.13050 0.14413 0.06848 0.02122
v 0.18000 0.39500 -0.13050 0.14413 0.06848 0.02122
v 0.18000 0.35700 -0.13050 0.14413 0.06848 0.02122
v 0.18000 0.39500 0.13050 0.14413 0.06848 0.02122
v 0.18000 0.35700 -0.13050 0.14413 0.06848 0.02122
v 0.18000 0.35700 0.13050 0.14413 0.06848 0.02122
v 0.18000 0.39500 0.13050 0.14413 0.06848 0.02122
v 0.18000 0.39500 0.13050 0.14413 0.06848 0.02122
v 0.18000 0.35700 0.13050 0.14413 0.06848 0.02122
v 0.17937 0.39500 0.13318 0.14413 0.06848 0.02122
v 0.18000 0.35700 0.13050 0.14413 0.06848 0.02122
v 0.17937 0.35700 0.13318 0.14413 0.06848 0.02122
v 0.17937 0.39500 0.13318 0.14413 0.06848 0.02122
v 0.17937 0.39500 0.13318 0.14413 0.06848 0.02122
v 0.17937 0.35700 0.13318 0.14413 0.06848 0.02122
v 0.17824 0.39500 0.13474 0.14413 0.06848 0.02122
v 0.17937 0.35700 0.13318 0.14413 0.06848 0.02122
v 0.17824 0.35700 0.13474 0.14413 0.06848 0.02122
v 0.17824 0.39500 0.13474 0.14413 0.06848 0.02122
v 0.17824 0.35700 -0.13474 0.14413 0.06848 0.02122
v 0.17800 0.35500 -0.13450 0.14413 0.06848 0.02122
v 0.17937 0.35700 -0.13318 0.14413 0.06848 0.02122
v 0.17800 0.35500 -0.13450 0.14413 0.06848 0.02122
v 0.17890 0.35455 -0.13295 0.14413 0.06848 0.02122
v 0.17937 0.35700 -0.13318 0.14413 0.06848 0.02122
v 0.17937 0.35700 -0.13318 0.14413 0.06848 0.02122
v 0.17890 0.35455 -0.13295 0.14413 0.06848 0.02122
v 0.18000 0.35700 -0.13050 0.14413 0.06848 0.02122
v 0.17890 0.35455 -0.13295 0.14413 0.06848 0.02122
v 0.17937 0.35432 -0.13050 0.14413 0.06848 0.02122
v 0.18000 0.35700 -0.13050 0.14413 0.06848 0.02122
v 0.18000 0.35700 -0.13050 0.14413 0.06848 0.02122
v 0.17937 0.35432 -0.13050 0.14413 0.06848 0.02122
v 0.18000 0.35700 0.13050 0.14413 0.06848 0.02122
v 0.17937 0.35432 -0.13050 0.14413 0.06848 0.02122
v 0.17937 0.35432 0.13050 0.14413 0.06848 0.02122
v 0.18000 0.35700 0.13050 0.14413 0.06848 0.02122
v 0.18000 0.35700 0.13050 0.14413 0.06848 0.02122
v 0.17937 0.35432 0.13050 0.14413 0.06848 0.02122
v 0.17937 0.35700 0.13318 0.14413 0.06848 0.02122
v 0.17937 0.35432 0.13050 0.14413 0.06848 0.02122
v 0.17890 0.35455 0.13295 0.14413 0.06848 0.02122
v 0.17937 0.35700 0.13318 0.14413 0.06848 0.02122
v 0.17937 0.35700 0.13318 0.14413 0.06848 0.02122
v 0.17890 0.35455 0.13295 0.14413 0.06848 0.02122
v 0.17824 0.35700 0.13474 0.14413 0.06848 0.02122
v 0.17890 0.35455 0.13295 0.14413 0.06848 0.02122
v 0.17800 0.35500 0.13450 0.14413 0.06848 0.02122
v 0.17824 0.35700 0.13474 0.14413 0.06848 0.02122
v 0.17800 0.35500 -0.13450 0.14413 0.06848 0.02122
v 0.17746 0.35354 -0.13396 0.14413 0.06848 0.02122
v 0.17890 0.35455 -0.13295 0.14413 0.06848 0.02122
v 0.17746 0.35354 -0.13396 0.14413 0.06848 0.02122
v 0.17800 0.35300 -0.13250 0.14413 0.06848 0.02122
v 0.17890 0.35455 -0.13295 0.14413 0.06848 0.02122
v 0.17890 0.35455 -0.13295 0.14413 0.06848 0.02122
v 0.17800 0.35300 -0.13250 0.14413 0.06848 0.02122
v 0.17937 0.35432 -0.13050 0.14413 0.06848 0.02122
v 0.17800 0.35300 -0.13250 0.14413 0.06848 0.02122
v 0.17824 0.35276 -0.13050 0.14413 0.06848 0.02122
v 0.17937 0.35432 -0.13050 0.14413 0.06848 0.02122
v 0.17937 0.35432 -0.13050 0.14413 0.06848 0.02122
v 0.17824 0.35276 -0.13050 0.14413 0.06848 0.02122
v 0.17937 0.35432 0.13050 0.14413 0.06848 0.02122
v 0.17824 0.35276 -0.13050 0.14413 0.06848 0.02122
v 0.17824 0.35276 0.13050 0.14413 0.06848 0.02122
v 0.17937 0.35432 0.13050 0.14413 0.06848 0.02122
v 0.17937 0.35432 0.13050 0.14413 0.06848 0.02122
v 0.17824 0.35276 0.13050 0.14413 0.06848 0.02122
v 0.17890 0.35455 0.13295 0.14413 0.06848 0.02122
v 0.17824 0.35276 0.13050 0.14413 0.06848 0.02122
v 0.17800 0.35300 0.13250 0.14413 0.06848 0.02122
v 0.17890 0.35455 0.13295 0.14413 0.06848 0.02122
v 0.17890 0.35455 0.13295 0.14413 0.06848 0.02122
v 0.17800 0.35300 0.13250 0.14413 0.06848 0.02122
v 0.17800 0.35500 0.13450 0.14413 0.06848 0.02122
v 0.17800 0.35300 0.13250 0.14413 0.06848 0.02122
v 0.17746 0.35354 0.13396 0.14413 0.06848 0.02122
v 0.17800 0.35500 0.13450 0.14413 0.06848 0.02122
v 0.17746 0.39846 -0.13396 0.14413 0.06848 0.02122
v 0.17800 0.39900 -0.13250 0.14413 0.06848 0.02122
v 0.17600 0.39900 -0.13450 0.14413 0.06848 0.02122
v 0.17800 0.39900 -0.13250 0.14413 0.06848 0.02122
v 0.17645 0.39990 -0.13295 0.14413 0.06848 0.02122
v 0.17600 0.39900 -0.13450 0.14413 0.06848 0.02122
v 0.17600 0.39900 -0.13450 0.14413 0.06848 0.02122
v 0.17645 0.39990 -0.13295 0.14413 0.06848 0.02122
v 0.17400 0.39924 -0.13474 0.14413 0.06848 0.02122
v 0.17645 0.39990 -0.13295 0.14413 0.06848 0.02122
v 0.17400 0.40037 -0.13318 0.14413 0.06848 0.02122
v 0.17400 0.39924 -0.13474 0.14413 0.06848 0.02122
v 0.17400 0.39924 -0.13474 0.14413 0.06848 0.02122
v 0.17400 0.40037 -0.13318 0.14413 0.06848 0.02122
v -0.17400 0.39924 -0.13474 0.14413 0.06848 0.02122
v 0.17400 0.40037 -0.13318 0.14413 0.06848 0.02122
v -0.17400 0.40037 -0.13318 0.14413 0.06848 0.02122
v -0.17400 0.39924 -0.13474 0.14413 0.06848 0.02122
v -0.17400 0.39924 -0.13474 0.14413 0.06848 0.02122
v -0.17400 0.40037 -0.13318 0.14413 0.06848 0.02122
v -0.17600 0.39900 -0.13450 0.14413 0.06848 0.02122
v -0.17400 0.40037 -0.13318 0.14413 0.06848 0.02122
v -0.17645 0.39990 -0.13295 0.14413 0.06848 0.02122
v -0.17600 0.39900 -0.13450 0.14413 0.06848 0.02122
v -0.17600 0.39900 -0.13450 0.14413 0.06848 0.02122
v -0.17645 0.39990 -0.13295 0.14413 0.06848 0.02122
v -0.17746 0.39846 -0.13396 0.14413 0.06848 0.02122
v -0.17645 0.39990 -0.13295 0.14413 0.06848 0.02122
v -0.17800 0.39900 -0.13250 0.14413 0.06848 0.02122
v -0.17746 0.39846 -0.13396 0.14413 0.06848 0.02122
v 0.17800 0.39900 -0.13250 0.14413 0.06848 0.02122
v 0.17824 0.39924 -0.13050 0.14413 0.06848 0.02122
v 0.17645 0.39990 -0.13295 0.14413 0.06848 0.02122
v 0.17824 0.39924 -0.13050 0.14413 0.06848 0.02122
v 0.17668 0.40037 -0.13050 0.14413 0.06848 0.02122
v 0.17645 0.39990 -0.13295 0.14413 0.06848 0.02122
v 0.17645 0.39990 -0.13295 0.14413 0.06848 0.02122
v 0.17668 0.40037 -0.13050 0.14413 0.06848 0.02122
v 0.17400 0.40037 -0.13318 0.14413 0.06848 0.02122
v 0.17668 0.40037 -0.13050 0.14413 0.06848 0.02122
v 0.17400 0.40100 -0.13050 0.14413 0.06848 0.02122
v 0.17400 0.40037 -0.13318 0.14413 0.06848 0.02122
v 0.17400 0.40037 -0.13318 0.14413 0.06848 0.02122
v 0.17400 0.40100 -0.13050 0.14413 0.06848 0.02122
v -0.17400 0.40037 -0.13318 0.14413 0.06848 0.02122
v 0.17400 0.40100 -0.13050 0.14413 0.06848 0.02122
v -0.17400 0.40100 -0.13050 0.14413 0.06848 0.02122
v -0.17400 0.40037 -0.13318 0.14413 0.06848 0.02122
v -0.17400 0.40037 -0.13318 0.14413 0.06848 0.02122
v -0.17400 0.40100 -0.13050 0.14413 0.06848 0.02122
v -0.17645 0.39990 -0.13295 0.14413 0.06848 0.02122
v -0.17400 0.40100 -0.13050 0.14413 0.06848 0.02122
v -0.17668 0.40037 -0.13050 0.14413 0.06848 0.02122
v -0.17645 0.39990 -0.13295 0.14413 0.06848 0.02122
v -0.17645 0.39990 -0.13295 0.14413 0.06848 0.02122
v -0.17668 0.40037 -0.13050 0.14413 0.06848 0.02122
v -0.17800 0.39900 -0.13250 0.14413 0.06848 0.02122
v -0.17668 0.40037 -0.13050 0.14413 0.06848 0.02122
v -0.17824 0.39924 -0.13050 0.14413 0.06848 0.02122
v -0.17800 0.39900 -0.13250 0.14413 0.06848 0.02122
v 0.17824 0.39924 -0.13050 0.14413 0.06848 0.02122
v 0.17824 0.39924 0.13050 0.14413 0.06848 0.02122
v 0.17668 0.40037 -0.13050 0.14413 0.06848 0.02122
v 0.17824 0.39924 0.13050 0.14413 0.06848 0.02122
v 0.17668 0.40037 0.13050 0.14413 0.06848 0.02122
v 0.17668 0.40037 -0.13050 0.14413 0.06848 0.02122
v 0.17668 0.40037 -0.13050 0.14413 0.06848 0.02122
v 0.17668 0.40037 0.13050 0.14413 0.06848 0.02122
v 0.17400 0.40100 -0.13050 0.14413 0.06848 0.02122
v 0.17668 0.40037 0.13050 0.14413 0.06848 0.02122
v 0.17400 0.40100 0.13050 0.14413 0.06848 0.02122
v 0.17400 0.40100 -0.13050 0.14413 0.06848 0.02122
v 0.17400 0.40100 -0.13050 0.14413 0.06848 0.02122
v 0.17400 0.40100 0.13050 0.14413 0.06848 0.02122
v -0.17400 0.40100 -0.13050 0.14413 0.06848 0.02122
v 0.17400 0.40100 0.13050 0.14413 0.06848 0.02122
v -0.17400 0.40100 0.13050 0.14413 0.06848 0.02122
v -0.17400 0.40100 -0.13050 0.14413 0.06848 0.02122
v -0.17400 0.40100 -0.13050 0.14413 0.06848 0.02122
v -0.17400 0.40100 0.13050 0.14413 0.06848 0.02122
v -0.17668 0.40037 -0.13050 0.14413 0.06848 0.02122
v -0.17400 0.40100 0.13050 0.14413 0.06848 0.02122
v -0.17668 0.40037 0.13050 0.14413 0.06848 0.02122
v -0.17668 0.40037 -0.13050 0.14413 0.06848 0.02122
v -0.17668 0.40037 -0.13050 0.14413 0.06848 0.02122
v -0.17668 0.40037 0.13050 0.14413 0.06848 0.02122
v -0.17824 0.39924 -0.13050 0.14413 0.06848 0.02122
v -0.17668 0.40037 0.13050 0.14413 0.06848 0.02122
v -0.17824 0.39924 0.13050 0.14413 0.06848 0.02122
v -0.17824 0.39924 -0.13050 0.14413 0.06848 0.02122
v 0.17824 0.39924 0.13050 0.14413 0.06848 0.02122
v 0.17800 0.39900 0.13250 0.14413 0.06848 0.02122
v 0.17668 0.40037 0.13050 0.14413 0.06848 0.02122
v 0.17800 0.39900 0.13250 0.14413 0.06848 0.02122
v 0.17645 0.39990 0.13295 0.14413 0.06848 0.02122
v 0.17668 0.40037 0.13050 0.14413 0.06848 0.02122
v 0.17668 0.40037 0.13050 0.14413 0.06848 0.02122
v 0.17645 0.39990 0.13295 0.14413 0.06848 0.02122
v 0.17400 0.40100 0.13050 0.14413 0.06848 0.02122
v 0.17645 0.39990 0.13295 0.14413 0.06848 0.02122
v 0.17400 0.40037 0.13318 0.14413 0.06848 0.02122
v 0.17400 0.40100 0.13050 0.14413 0.06848 0.02122
v 0.17400 0.40100 0.13050 0.14413 0.06848 0.02122
v 0.17400 0.40037 0.13318 0.14413 0.06848 0.02122
v -0.17400 0.40100 0.13050 0.14413 0.06848 0.02122
v 0.17400 0.40037 0.13318 0.14413 0.06848 0.02122
v -0.17400 0.40037 0.13318 0.14413 0.06848 0.02122
v -0.17400 0.40100 0.13050 0.14413 0.06848 0.02122
v -0.17400 0.40100 0.13050 0.14413 0.06848 0.02122
v -0.17400 0.40037 0.13318 0.14413 0.06848 0.02122
v -0.17668 0.40037 0.13050 0.14413 0.06848 0.02122
v -0.17400 0.40037 0.13318 0.14413 0.06848 0.02122
v -0.17645 0.39990 0.13295 0.14413 0.06848 0.02122
v -0.17668 0.40037 0.13050 0.14413 0.06848 0.02122
v -0.17668 0.40037 0.13050 0.14413 0.06848 0.02122
v -0.17645 0.39990 0.13295 0.14413 0.06848 0.02122
v -0.17824 0.39924 0.13050 0.14413 0.06848 0.02122
v -0.17645 0.39990 0.13295 0.14413 0.06848 0.02122
v -0.17800 0.39900 0.13250 0.14413 0.06848 0.02122
v -0.17824 0.39924 0.13050 0.14413 0.06848 0.02122
v 0.17800 0.39900 0.13250 0.14413 0.06848 0.02122
v 0.17746 0.39846 0.13396 0.14413 0.06848 0.02122
v 0.17645 0.39990 0.13295 0.14413 0.06848 0.02122
v 0.17746 0.39846 0.13396 0.14413 0.06848 0.02122
v 0.17600 0.39900 0.13450 0.14413 0.06848 0.02122
v 0.17645 0.39990 0.13295 0.14413 0.06848 0.02122
v 0.17645 0.39990 0.13295 0.14413 0.06848 0.02122
v 0.17600 0.39900 0.13450 0.14413 0.06848 0.02122
v 0.17400 0.40037 0.13318 0.14413 0.06848 0.02122
v 0.17600 0.39900 0.13450 0.14413 0.06848 0.02122
v 0.17400 0.39924 0.13474 0.14413 0.06848 0.02122
v 0.17400 0.40037 0.13318 0.14413 0.06848 0.02122
v 0.17400 0.40037 0.13318 0.14413 0.06848 0.02122
v 0.17400 0.39924 0.13474 0.14413 0.06848 0.02122
v -0.17400 0.40037 0.13318 0.14413 0.06848 0.02122
v 0.17400 0.39924 0.13474 0.14413 0.06848 0.02122
v -0.17400 0.39924 0.13474 0.14413 0.06848 0.02122
v -0.17400 0.40037 0.13318 0.14413 0.06848 0.02122
v -0.17400 0.40037 0.13318 0.14413 0.06848 0.02122
v -0.17400 0.39924 0.13474 0.14413 0.06848 0.02122
v -0.17645 0.39990 0.13295 0.14413 0.06848 0.02122
v -0.17400 0.39924 0.13474 0.14413 0.06848 0.02122
v -0.17600 0.39900 0.13450 0.14413 0.06848 0.02122
v -0.17645 0.39990 0.13295 0.14413 0.06848 0.02122
v -0.17645 0.39990 0.13295 0.14413 0.06848 0.02122
v -0.17600 0.39900 0.13450 0.14413 0.06848 0.02122
v -0.17800 0.39900 0.13250 0.14413 0.06848 0.02122
v -0.17600 0.39900 0.13450 0.14413 0.06848 0.02122
v -0.17746 0.39846 0.13396 0.14413 0.06848 0.02122
v -0.17800 0.39900 0.13250 0.14413 0.06848 0.02122
v 0.17746 0.35354 0.13396 0.14413 0.06848 0.02122
v 0.17800 0.35300 0.13250 0.14413 0.06848 0.02122
v 0.17600 0.35300 0.13450 0.14413 0.06848 0.02122
v 0.17800 0.35300 0.13250 0.14413 0.06848 0.02122
v 0.17645 0.35210 0.13295 0.14413 0.06848 0.02122
v 0.17600 0.35300 0.13450 0.14413 0.06848 0.02122
v 0.17600 0.35300 0.13450 0.14413 0.06848 0.02122
v 0.17645 0.35210 0.13295 0.14413 0.06848 0.02122
v 0.17400 0.35276 0.13474 0.14413 0.06848 0.02122
v 0.17645 0.35210 0.13295 0.14413 0.06848 0.02122
v 0.17400 0.35163 0.13318 0.14413 0.06848 0.02122
v 0.17400 0.35276 0.13474 0.14413 0.06848 0.02122
v 0.17400 0.35276 0.13474 0.14413 0.06848 0.02122
v 0.17400 0.35163 0.13318 0.14413 0.06848 0.02122
v -0.17400 0.35276 0.13474 0.14413 0.06848 0.02122
v 0.17400 0.35163 0.13318 0.14413 0.06848 0.02122
v -0.17400 0.35163 0.13318 0.14413 0.06848 0.02122
v -0.17400 0.35276 0.13474 0.14413 0.06848 0.02122
v -0.17400 0.35276 0.13474 0.14413 0.06848 0.02122
v -0.17400 0.35163 0.13318 0.14413 0.06848 0.02122
v -0.17600 0.35300 0.13450 0.14413 0.06848 0.02122
v -0.17400 0.35163 0.13318 0.14413 0.06848 0.02122
v -0.17645 0.35210 0.13295 0.14413 0.06848 0.02122
v -0.17600 0.35300 0.13450 0.14413 0.06848 0.02122
v -0.17600 0.35300 0.13450 0.14413 0.06848 0.02122
v -0.17645 0.35210 0.13295 0.14413 0.06848 0.02122
v -0.17746 0.35354 0.13396 0.14413 0.06848 0.02122
v -0.17645 0.35210 0.13295 0.14413 0.06848 0.02122
v -0.17800 0.35300 0.13250 0.14413 0.06848 0.02122
v -0.17746 0.35354 0.13396 0.14413 0.06848 0.02122
v 0.17800 0.35300 0.13250 0.14413 0.06848 0.02122
v 0.17824 0.35276 0.13050 0.14413 0.06848 0.02122
v 0.17645 0.35210 0.13295 0.14413 0.06848 0.02122
v 0.17824 0.35276 0.13050 0.14413 0.06848 0.02122
v 0.17668 0.35163 0.13050 0.14413 0.06848 0.02122
v 0.17645 0.35210 0.13295 0.14413 0.06848 0.02122
v 0.17645 0.35210 0.13295 0.14413 0.06848 0.02122
v 0.17668 0.35163 0.13050 0.14413 0.06848 0.02122
v 0.17400 0.35163 0.13318 0.14413 0.06848 0.02122
v 0.17668 0.35163 0.13050 0.14413 0.06848 0.02122
v 0.17400 0.35100 0.13050 0.14413 0.06848 0.02122
v 0.17400 0.35163 0.13318 0.14413 0.06848 0.02122
v 0.17400 0.35163 0.13318 0.14413 0.06848 0.02122
v 0.17400 0.35100 0.13050 0.14413 0.06848 0.02122
v -0.17400 0.35163 0.13318 0.14413 0.06848 0.02122
v 0.17400 0.35100 0.13050 0.14413 0.06848 0.02122
v -0.17400 0.35100 0.13050 0.14413 0.06848 0.02122
v -0.17400 0.35163 0.13318 0.14413 0.06848 0.02122
v -0.17400 0.35163 0.13318 0.14413 0.06848 0.02122
v -0.17400 0.35100 0.13050 0.14413 0.06848 0.02122
v -0.17645 0.35210 0.13295 0.14413 0.06848 0.02122
v -0.17400 0.35100 0.13050 0.14413 0.06848 0.02122
v -0.17668 0.35163 0.13050 0.14413 0.06848 0.02122
v -0.17645 0.35210 0.13295 0.14413 0.06848 0.02122
v -0.17645 0.35210 0.13295 0.14413 0.06848 0.02122
v -0.17668 0.35163 0.13050 0.14413 0.06848 0.02122
v -0.17800 0.35300 0.13250 0.14413 0.06848 0.02122
v -0.17668 0.35163 0.13050 0.14413 0.06848 0.02122
v -0.17824 0.35276 0.13050 0.14413 0.06848 0.02122
v -0.17800 0.35300 0.13250 0.14413 0.06848 0.02122
v 0.17824 0.35276 0.13050 0.14413 0.06848 0.02122
v 0.17824 0.35276 -0.13050 0.14413 0.06848 0.02122
v 0.17668 0.35163 0.13050 0.14413 0.06848 0.02122
v 0.17824 0.35276 -0.13050 0.14413 0.06848 0.02122
v 0.17668 0.35163 -0.13050 0.14413 0.06848 0.02122
v 0.17668 0.35163 0.13050 0.14413 0.06848 0.02122
v 0.17668 0.35163 0.13050 0.14413 0.06848 0.02122
v 0.17668 0.35163 -0.13050 0.14413 0.06848 0.02122
v 0.17400 0.35100 0.13050 0.14413 0.06848 0.02122
v 0.17668 0.35163 -0.13050 0.14413 0.06848 0.02122
v 0.17400 0.35100 -0.13050 0.14413 0.06848 0.02122
v 0.17400 0.35100 0.13050 0.14413 0.06848 0.02122
v 0.17400 0.35100 0.13050 0.14413 0.06848 0.02122
v 0.17400 0.35100 -0.13050 0.14413 0.06848 0.02122
v -0.17400 0.35100 0.13050 0.14413 0.06848 0.02122
v 0.17400 0.35100 -0.13050 0.14413 0.06848 0.02122
v -0.17400 0.35100 -0.13050 0.14413 0.06848 0.02122
v -0.17400 0.35100 0.13050 0.14413 0.06848 0.02122
v -0.17400 0.35100 0.13050 0.14413 0.06848 0.02122
v -0.17400 0.35100 -0.13050 0.14413 0.06848 0.02122
v -0.17668 0.35163 0.13050 0.14413 0.06848 0.02122
v -0.17400 0.35100 -0.13050 0.14413 0.06848 0.02122
v -0.17668 0.35163 -0.13050 0.14413 0.06848 0.02122
v -0.17668 0.35163 0.13050 0.14413 0.06848 0.02122
v -0.17668 0.35163 0.13050 0.14413 0.06848 0.02122
v -0.17668 0.35163 -0.13050 0.14413 0.06848 0.02122
v -0.17824 0.35276 0.13050 0.14413 0.06848 0.02122
v -0.17668 0.35163 -0.13050 0.14413 0.06848 0.02122
v -0.17824 0.35276 -0.13050 0.14413 0.06848 0.02122
v -0.17824 0.35276 0.13050 0.14413 0.06848 0.02122
v 0.17824 0.35276 -0.13050 0.14413 0.06848 0.02122
v 0.17800 0.35300 -0.13250 0.14413 0.06848 0.02122
v 0.17668 0.35163 -0.13050 0.14413 0.06848 0.02122
v 0.17800 0.35300 -0.13250 0.14413 0.06848 0.02122
v 0.17645 0.35210 -0.13295 0.14413 0.06848 0.02122
v 0.17668 0.35163 -0.13050 0.14413 0.06848 0.02122
v 0.17668 0.35163 -0.13050 0.14413 0.06848 0.02122
v 0.17645 0.35210 -0.13295 0.14413 0.06848 0.02122
v 0.17400 0.35100 -0.13050 0.14413 0.06848 0.02122
v 0.17645 0.35210 -0.13295 0.14413 0.06848 0.02122
v 0.17400 0.35163 -0.13318 0.14413 0.06848 0.02122
v 0.17400 0.35100 -0.13050 0.14413 0.06848 0.02122
v 0.17400 0.35100 -0.13050 0.14413 0.06848 0.02122
v 0.17400 0.35163 -0.13318 0.14413 0.06848 0.02122
v -0.17400 0.35100 -0.13050 0.14413 0.06848 0.02122
v 0.17400 0.35163 -0.13318 0.14413 0.06848 0.02122
v -0.17400 0.35163 -0.13318 0.14413 0.06848 0.02122
v -0.17400 0.35100 -0.13050 0.14413 0.06848 0.02122
v -0.17400 0.35100 -0.13050 0.14413 0.06848 0.02122
v -0.17400 0.35163 -0.13318 0.14413 0.06848 0.02122
v -0.17668 0.35163 -0.13050 0.14413 0.06848 0.02122
v -0.17400 0.35163 -0.13318 0.14413 0.06848 0.02122
v -0.17645 0.35210 -0.13295 0.14413 0.06848 0.02122
v -0.17668 0.35163 -0.13050 0.14413 0.06848 0.02122
v -0.17668 0.35163 -0.13050 0.14413 0.06848 0.02122
v -0.17645 0.35210 -0.13295 0.14413 0.06848 0.02122
v -0.17824 0.35276 -0.13050 0.14413 0.06848 0.02122
v -0.17645 0.35210 -0.13295 0.14413 0.06848 0.02122
v -0.17800 0.35300 -0.13250 0.14413 0.06848 0.02122
v -0.17824 0.35276 -0.13050 0.14413 0.06848 0.02122
v 0.17800 0.35300 -0.13250 0.14413 0.06848 0.02122
v 0.17746 0.35354 -0.13396 0.14413 0.06848 0.02122
v 0.17645 0.35210 -0.13295 0.14413 0.06848 0.02122
v 0.17746 0.35354 -0.13396 0.14413 0.06848 0.02122
v 0.17600 0.35300 -0.13450 0.14413 0.06848 0.02122
v 0.17645 0.35210 -0.13295 0.14413 0.06848 0.02122
v 0.17645 0.35210 -0.13295 0.14413 0.06848 0.02122
v 0.17600 0.35300 -0.13450 0.14413 0.06848 0.02122
v 0.17400 0.35163 -0.13318 0.14413 0.06848 0.02122
v 0.17600 0.35300 -0.13450 0.14413 0.06848 0.02122
v 0.17400 0.35276 -0.13474 0.14413 0.06848 0.02122
v 0.17400 0.35163 -0.13318 0.14413 0.06848 0.02122
v 0.17400 0.35163 -0.13318 0.14413 0.06848 0.02122
v 0.17400 0.35276 -0.13474 0.14413 0.06848 0.02122
v -0.17400 0.35163 -0.13318 0.14413 0.06848 0.02122
v 0.17400 0.35276 -0.13474 0.14413 0.06848 0.02122
v -0.17400 0.35276 -0.13474 0.14413 0.06848 0.02122
v -0.17400 0.35163 -0.13318 0.14413 0.06848 0.02122
v -0.17400 0.35163 -0.13318 0.14413 0.06848 0.02122
v -0.17400 0.35276 -0.13474 0.14413 0.06848 0.02122
v -0.17645 0.35210 -0.13295 0.14413 0.06848 0.02122
v -0.17400 0.35276 -0.13474 0.14413 0.06848 0.02122
v -0.17600 0.35300 -0.13450 0.14413 0.06848 0.02122
v -0.17645 0.35210 -0.13295 0.14413 0.06848 0.02122
v -0.17645 0.35210 -0.13295 0.14413 0.06848 0.02122
v -0.17600 0.35300 -0.13450 0.14413 0.06848 0.02122
v -0.17800 0.35300 -0.13250 0.14413 0.06848 0.02122
v -0.17600 0.35300 -0.13450 0.14413 0.06848 0.02122
v -0.17746 0.35354 -0.13396 0.14413 0.06848 0.02122
v -0.17800 0.35300 -0.13250 0.14413 0.06848 0.02122
v 0.17746 0.39846 0.13396 0.14413 0.06848 0.02122
v 0.17800 0.39700 0.13450 0.14413 0.06848 0.02122
v 0.17600 0.39900 0.13450 0.14413 0.06848 0.02122
v 0.17800 0.39700 0.13450 0.14413 0.06848 0.02122
v 0.17645 0.39745 0.13540 0.14413 0.06848 0.02122
v 0.17600 0.39900 0.13450 0.14413 0.06848 0.02122
v 0.17600 0.39900 0.13450 0.14413 0.06848 0.02122
v 0.17645 0.39745 0.13540 0.14413 0.06848 0.02122
v 0.17400 0.39924 0.13474 0.14413 0.06848 0.02122
v 0.17645 0.39745 0.13540 0.14413 0.06848 0.02122
v 0.17400 0.39768 0.13587 0.14413 0.06848 0.02122
v 0.17400 0.39924 0.13474 0.14413 0.06848 0.02122
v 0.17400 0.39924 0.13474 0.14413 0.06848 0.02122
v 0.17400 0.39768 0.13587 0.14413 0.06848 0.02122
v -0.17400 0.39924 0.13474 0.14413 0.06848 0.02122
v 0.17400 0.39768 0.13587 0.14413 0.06848 0.02122
v -0.17400 0.39768 0.13587 0.14413 0.06848 0.02122
v -0.17400 0.39924 0.13474 0.14413 0.06848 0.02122
v -0.17400 0.39924 0.13474 0.14413 0.06848 0.02122
v -0.17400 0.39768 0.13587 0.14413 0.06848 0.02122
v -0.17600 0.39900 0.13450 0.14413 0.06848 0.02122
v -0.17400 0.39768 0.13587 0.14413 0.06848 0.02122
v -0.17645 0.39745 0.13540 0.14413 0.06848 0.02122
v -0.17600 0.39900 0.13450 0.14413 0.06848 0.02122
v -0.17600 0.39900 0.13450 0.14413 0.06848 0.02122
v -0.17645 0.39745 0.13540 0.14413 0.06848 0.02122
v -0.17746 0.39846 0.13396 0.14413 0.06848 0.02122
v -0.17645 0.39745 0.13540 0.14413 0.06848 0.02122
v -0.17800 0.39700 0.13450 0.14413 0.06848 0.02122
v -0.17746 0.39846 0.13396 0.14413 0.06848 0.02122
v 0.17800 0.39700 0.13450 0.14413 0.06848 0.02122
v 0.17824 0.39500 0.13474 0.14413 0.06848 0.02122
v 0.17645 0.39745 0.13540 0.14413 0.06848 0.02122
v 0.17824 0.39500 0.13474 0.14413 0.06848 0.02122
v 0.17668 0.39500 0.13587 0.14413 0.06848 0.02122
v 0.17645 0.39745 0.13540 0.14413 0.06848 0.02122
v 0.17645 0.39745 0.13540 0.14413 0.06848 0.02122
v 0.17668 0.39500 0.13587 0.14413 0.06848 0.02122
v 0.17400 0.39768 0.13587 0.14413 0.06848 0.02122
v 0.17668 0.39500 0.13587 0.14413 0.06848 0.02122
v 0.17400 0.39500 0.13650 0.14413 0.06848 0.02122
v 0.17400 0.39768 0.13587 0.14413 0.06848 0.02122
v 0.17400 0.39768 0.13587 0.14413 0.06848 0.02122
v 0.17400 0.39500 0.13650 0.14413 0.06848 0.02122
v -0.17400 0.39768 0.13587 0.14413 0.06848 0.02122
v 0.17400 0.39500 0.13650 0.14413 0.06848 0.02122
v -0.17400 0.39500 0.13650 0.14413 0.06848 0.02122
v -0.17400 0.39768 0.13587 0.14413 0.06848 0.02122
v -0.17400 0.39768 0.13587 0.14413 0.06848 0.02122
v -0.17400 0.39500 0.13650 0.14413 0.06848 0.02122
v -0.17645 0.39745 0.13540 0.14413 0.06848 0.02122
v -0.17400 0.39500 0.13650 0.14413 0.06848 0.02122
v -0.17668 0.39500 0.13587 0.14413 0.06848 0.02122
v -0.17645 0.39745 0.13540 0.14413 0.06848 0.02122
v -0.17645 0.39745 0.13540 0.14413 0.06848 0.02122
v -0.17668 0.39500 0.13587 0.14413 0.06848 0.02122
v -0.17800 0.39700 0.13450 0.14413 0.06848 0.02122
v -0.17668 0.39500 0.13587 0.14413 0.06848 0.02122
v -0.17824 0.39500 0.13474 0.14413 0.06848 0.02122
v -0.17800 0.39700 0.13450 0.14413 0.06848 0.02122
v 0.17824 0.39500 0.13474 0.14413 0.06848 0.02122
v 0.17824 0.35700 0.13474 0.14413 0.06848 0.02122
v 0.17668 0.39500 0.13587 0.14413 0.06848 0.02122
v 0.17824 0.35700 0.13474 0.14413 0.06848 0.02122
v 0.17668 0.35700 0.13587 0.14413 0.06848 0.02122
v 0.17668 0.39500 0.13587 0.14413 0.06848 0.02122
v 0.17668 0.39500 0.13587 0.14413 0.06848 0.02122
v 0.17668 0.35700 0.13587 0.14413 0.06848 0.02122
v 0.17400 0.39500 0.13650 0.14413 0.06848 0.02122
v 0.17668 0.35700 0.13587 0.14413 0.06848 0.02122
v 0.17400 0.35700 0.13650 0.14413 0.06848 0.02122
v 0.17400 0.39500 0.13650 0.14413 0.06848 0.02122
v 0.17400 0.39500 0.13650 0.14413 0.06848 0.02122
v 0.17400 0.35700 0.13650 0.14413 0.06848 0.02122
v -0.17400 0.39500 0.13650 0.14413 0.06848 0.02122
v 0.17400 0.35700 0.13650 0.14413 0.06848 0.02122
v -0.17400 0.35700 0.13650 0.14413 0.06848 0.02122
v -0.17400 0.39500 0.13650 0.14413 0.06848 0.02122
v -0.17400 0.39500 0.13650 0.14413 0.06848 0.02122
v -0.17400 0.35700 0.13650 0.14413 0.06848 0.02122
v -0.17668 0.39500 0.13587 0.14413 0.06848 0.02122
v -0.17400 0.35700 0.13650 0.14413 0.06848 0.02122
v -0.17668 0.35700 0.13587 0.14413 0.06848 0.02122
v -0.17668 0.39500 0.13587 0.14413 0.06848 0.02122
v -0.17668 0.39500 0.13587 0.14413 0.06848 0.02122
v -0.17668 0.35700 0.13587 0.14413 0.06848 0.02122
v -0.17824 0.39500 0.13474 0.14413 0.06848 0.02122
v -0.17668 0.35700 0.13587 0.14413 0.06848 0.02122
v -0.17824 0.35700 0.13474 0.14413 0.06848 0.02122
v -0.17824 0.39500 0.13474 0.14413 0.06848 0.02122
v 0.17824 0.35700 0.13474 0.14413 0.06848 0.02122
v 0.17800 0.35500 0.13450 0.14413 0.06848 0.02122
v 0.17668 0.35700 0.13587 0.14413 0.06848 0.02122
v 0.17800 0.35500 0.13450 0.14413 0.06848 0.02122
v 0.17645 0.35455 0.13540 0.14413 0.06848 0.02122
v 0.17668 0.35700 0.13587 0.14413 0.06848 0.02122
v 0.17668 0.35700 0.13587 0.14413 0.06848 0.02122
v 0.17645 0.35455 0.13540 0.14413 0.06848 0.02122
v 0.17400 0.35700 0.13650 0.14413 0.06848 0.02122
v 0.17645 0.35455 0.13540 0.14413 0.06848 0.02122
v 0.17400 0.35432 0.13587 0.14413 0.06848 0.02122
v 0.17400 0.35700 0.13650 0.14413 0.06848 0.02122
v 0.17400 0.35700 0.13650 0.14413 0.06848 0.02122
v 0.17400 0.35432 0.13587 0.14413 0.06848 0.02122
v -0.17400 0.35700 0.13650 0.14413 0.06848 0.02122
v 0.17400 0.35432 0.13587 0.14413 0.06848 0.02122
v -0.17400 0.35432 0.13587 0.14413 0.06848 0.02122
v -0.17400 0.35700 0.13650 0.14413 0.06848 0.02122
v -0.17400 0.35700 0.13650 0.14413 0.06848 0.02122
v -0.17400 0.35432 0.13587 0.14413 0.06848 0.02122
v -0.17668 0.35700 0.13587 0.14413 0.06848 0.02122
v -0.17400 0.35432 0.13587 0.14413 0.06848 0.02122
v -0.17645 0.35455 0.13540 0.14413 0.06848 0.02122
v -0.17668 0.35700 0.13587 0.14413 0.06848 0.02122
v -0.17668 0.35700 0.13587 0.14413 0.06848 0.02122
v -0.17645 0.35455 0.13540 0.14413 0.06848 0.02122
v -0.17824 0.35700 0.13474 0.14413 0.06848 0.02122
v -0.17645 0.35455 0.13540 0.14413 0.06848 0.02122
v -0.17800 0.35500 0.13450 0.14413 0.06848 0.02122
v -0.17824 0.35700 0.13474 0.14413 0.06848 0.02122
v 0.17800 0.35500 0.13450 0.14413 0.06848 0.02122
v 0.17746 0.35354 0.13396 0.14413 0.06848 0.02122
v 0.17645 0.35455 0.13540 0.14413 0.06848 0.02122
v 0.17746 0.35354 0.13396 0.14413 0.06848 0.02122
v 0.17600 0.35300 0.13450 0.14413 0.06848 0.02122
v 0.17645 0.35455 0.13540 0.14413 0.06848 0.02122
v 0.17645 0.35455 0.13540 0.14413 0.06848 0.02122
v 0.17600 0.35300 0.13450 0.14413 0.06848 0.02122
v 0.17400 0.35432 0.13587 0.14413 0.06848 0.02122
v 0.17600 0.35300 0.13450 0.14413 0.06848 0.02122
v 0.17400 0.35276 0.13474 0.14413 0.06848 0.02122
v 0.17400 0.35432 0.13587 0.14413 0.06848 0.02122
v 0.17400 0.35432 0.13587 0.14413 0.06848 0.02122
v 0.17400 0.35276 0.13474 0.14413 0.06848 0.02122
v -0.17400 0.35432 0.13587 0.14413 0.06848 0.02122
v 0.17400 0.35276 0.13474 0.14413 0.06848 0.02122
v -0.17400 0.35276 0.13474 0.14413 0.06848 0.02122
v -0.17400 0.35432 0.13587 0.14413 0.06848 0.02122
v -0.17400 0.35432 0.13587 0.14413 0.06848 0.02122
v -0.17400 0.35276 0.13474 0.14413 0.06848 0.02122
v -0.17645 0.35455 0.13540 0.14413 0.06848 0.02122
v -0.17400 0.35276 0.13474 0.14413 0.06848 0.02122
v -0.17600 0.35300 0.13450 0.14413 0.06848 0.02122
v -0.17645 0.35455 0.13540 0.14413 0.06848 0.02122
v -0.17645 0.35455 0.13540 0.14413 0.06848 0.02122
v -0.17600 0.35300 0.13450 0.14413 0.06848 0.02122
v -0.17800 0.35500 0.13450 0.14413 0.06848 0.02122
v -0.17600 0.35300 0.13450 0.14413 0.06848 0.02122
v -0.17746 0.35354 0.13396 0.14413 0.06848 0.02122
v -0.17800 0.35500 0.13450 0.14413 0.06848 0.02122
v -0.17746 0.39846 -0.13396 0.14413 0.06848 0.02122
v -0.17800 0.39700 -0.13450 0.14413 0.06848 0.02122
v -0.17600 0.39900 -0.13450 0.14413 0.06848 0.02122
v -0.17800 0.39700 -0.13450 0.14413 0.06848 0.02122
v -0.17645 0.39745 -0.13540 0.14413 0.06848 0.02122
v -0.17600 0.39900 -0.13450 0.14413 0.06848 0.02122
v -0.17600 0.39900 -0.13450 0.14413 0.06848 0.02122
v -0.17645 0.39745 -0.13540 0.14413 0.06848 0.02122
v -0.17400 0.39924 -0.13474 0.14413 0.06848 0.02122
v -0.17645 0.39745 -0.13540 0.14413 0.06848 0.02122
v -0.17400 0.39768 -0.13587 0.14413 0.06848 0.02122
v -0.17400 0.39924 -0.13474 0.14413 0.06848 0.02122
v -0.17400 0.39924 -0.13474 0.14413 0.06848 0.02122
v -0.17400 0.39768 -0.13587 0.14413 0.06848 0.02122
v 0.17400 0.39924 -0.13474 0.14413 0.06848 0.02122
v -0.17400 0.39768 -0.13587 0.14413 0.06848 0.02122
v 0.17400 0.39768 -0.13587 0.14413 0.06848 0.02122
v 0.17400 0.39924 -0.13474 0.14413 0.06848 0.02122
v 0.17400 0.39924 -0.13474 0.14413 0.06848 0.02122
v 0.17400 0.39768 -0.13587 0.14413 0.06848 0.02122
v 0.17600 0.39900 -0.13450 0.14413 0.06848 0.02122
v 0.17400 0.39768 -0.13587 0.14413 0.06848 0.02122
v 0.17645 0.39745 -0.13540 0.14413 0.06848 0.02122
v 0.17600 0.39900 -0.13450 0.14413 0.06848 0.02122
v 0.17600 0.39900 -0.13450 0.14413 0.06848 0.02122
v 0.17645 0.39745 -0.13540 0.14413 0.06848 0.02122
v 0.17746 0.39846 -0.13396 0.14413 0.06848 0.02122
v 0.17645 0.39745 -0.13540 0.14413 0.06848 0.02122
v 0.17800 0.39700 -0.13450 0.14413 0.06848 0.02122
v 0.17746 0.39846 -0.13396 0.14413 0.06848 0.02122
v -0.17800 0.39700 -0.13450 0.14413 0.06848 0.02122
v -0.17824 0.39500 -0.13474 0.14413 0.06848 0.02122
v -0.17645 0.39745 -0.13540 0.14413 0.06848 0.02122
v -0.17824 0.39500 -0.13474 0.14413 0.06848 0.02122
v -0.17668 0.39500 -0.13587 0.14413 0.06848 0.02122
v -0.17645 0.39745 -0.13540 0.14413 0.06848 0.02122
v -0.17645 0.39745 -0.13540 0.14413 0.06848 0.02122
v -0.17668 0.39500 -0.13587 0.14413 0.06848 0.02122
v -0.17400 0.39768 -0.13587 0.14413 0.06848 0.02122
v -0.17668 0.39500 -0.13587 0.14413 0.06848 0.02122
v -0.17400 0.39500 -0.13650 0.14413 0.06848 0.02122
v -0.17400 0.39768 -0.13587 0.14413 0.06848 0.02122
v -0.17400 0.39768 -0.13587 0.14413 0.06848 0.02122
v -0.17400 0.39500 -0.13650 0.14413 0.06848 0.02122
v 0.17400 0.39768 -0.13587 0.14413 0.06848 0.02122
v -0.17400 0.39500 -0.13650 0.14413 0.06848 0.02122
v 0.17400 0.39500 -0.13650 0.14413 0.06848 0.02122
v 0.17400 0.39768 -0.13587 0.14413 0.06848 0.02122
v 0.17400 0.39768 -0.13587 0.14413 0.06848 0.02122
v 0.17400 0.39500 -0.13650 0.14413 0.06848 0.02122
v 0.17645 0.39745 -0.13540 0.14413 0.06848 0.02122
v 0.17400 0.39500 -0.13650 0.14413 0.06848 0.02122
v 0.17668 0.39500 -0.13587 0.14413 0.06848 0.02122
v 0.17645 0.39745 -0.13540 0.14413 0.06848 0.02122
v 0.17645 0.39745 -0.13540 0.14413 0.06848 0.02122
v 0.17668 0.39500 -0.13587 0.14413 0.06848 0.02122
v 0.17800 0.39700 -0.13450 0.14413 0.06848 0.02122
v 0.17668 0.39500 -0.13587 0.14413 0.06848 0.02122
v 0.17824 0.39500 -0.13474 0.14413 0.06848 0.02122
v 0.17800 0.39700 -0.13450 0.14413 0.06848 0.02122
v -0.17824 0.39500 -0.13474 0.14413 0.06848 0.02122
v -0.17824 0.35700 -0.13474 0.14413 0.06848 0.02122
v -0.17668 0.39500 -0.13587 0.14413 0.06848 0.02122
v -0.17824 0.35700 -0.13474 0.14413 0.06848 0.02122
v -0.17668 0.35700 -0.13587 0.14413 0.06848 0.02122
v -0.17668 0.39500 -0.13587 0.14413 0.06848 0.02122
v -0.17668 0.39500 -0.13587 0.14413 0.06848 0.02122
v -0.17668 0.35700 -0.13587 0.14413 0.06848 0.02122
v -0.17400 0.39500 -0.13650 0.14413 0.06848 0.02122
v -0.17668 0.35700 -0.13587 0.14413 0.06848 0.02122
v -0.17400 0.35700 -0.13650 0.14413 0.06848 0.02122
v -0.17400 0.39500 -0.13650 0.14413 0.06848 0.02122
v -0.17400 0.39500 -0.13650 0.14413 0.06848 0.02122
v -0.17400 0.35700 -0.13650 0.14413 0.06848 0.02122
v 0.17400 0.39500 -0.13650 0.14413 0.06848 0.02122
v -0.17400 0.35700 -0.13650 0.14413 0.06848 0.02122
v 0.17400 0.35700 -0.13650 0.14413 0.06848 0.02122
v 0.17400 0.39500 -0.13650 0.14413 0.06848 0.02122
v 0.17400 0.39500 -0.13650 0.14413 0.06848 0.02122
v 0.17400 0.35700 -0.13650 0.14413 0.06848 0.02122
v 0.17668 0.39500 -0.13587 0.14413 0.06848 0.02122
v 0.17400 0.35700 -0.13650 0.14413 0.06848 0.02122
v 0.17668 0.35700 -0.13587 0.14413 0.06848 0.02122
v 0.17668 0.39500 -0.13587 0.14413 0.06848 0.02122
v 0.17668 0.39500 -0.13587 0.14413 0.06848 0.02122
v 0.17668 0.35700 -0.13587 0.14413 0.06848 0.02122
v 0.17824 0.39500 -0.13474 0.14413 0.06848 0.02122
v 0.17668 0.35700 -0.13587 0.14413 0.06848 0.02122
v 0.17824 0.35700 -0.13474 0.14413 0.06848 0.02122
v 0.17824 0.39500 -0.13474 0.14413 0.06848 0.02122
v -0.17824 0.35700 -0.13474 0.14413 0.06848 0.02122
v -0.17800 0.35500 -0.13450 0.14413 0.06848 0.02122
v -0.17668 0.35700 -0.13587 0.14413 0.06848 0.02122
v -0.17800 0.35500 -0.13450 0.14413 0.06848 0.02122
v -0.17645 0.35455 -0.13540 0.14413 0.06848 0.02122
v -0.17668 0.35700 -0.13587 0.14413 0.06848 0.02122
v -0.17668 0.35700 -0.13587 0.14413 0.06848 0.02122
v -0.17645 0.35455 -0.13540 0.14413 0.06848 0.02122
v -0.17400 0.35700 -0.13650 0.14413 0.06848 0.02122
v -0.17645 0.35455 -0.13540 0.14413 0.06848 0.02122
v -0.17400 0.35432 -0.13587 0.14413 0.06848 0.02122
v -0.17400 0.35700 -0.13650 0.14413 0.06848 0.02122
v -0.17400 0.35700 -0.13650 0.14413 0.06848 0.02122
v -0.17400 0.35432 -0.13587 0.14413 0.06848 0.02122
v 0.17400 0.35700 -0.13650 0.14413 0.06848 0.02122
v -0.17400 0.35432 -0.13587 0.14413 0.06848 0.02122
v 0.17400 0.35432 -0.13587 0.14413 0.06848 0.02122
v 0.17400 0.35700 -0.13650 0.14413 0.06848 0.02122
v 0.17400 0.35700 -0.13650 0.14413 0.06848 0.02122
v 0.17400 0.35432 -0.13587 0.14413 0.06848 0.02122
v 0.17668 0.35700 -0.13587 0.14413 0.06848 0.02122
v 0.17400 0.35432 -0.13587 0.14413 0.06848 0.02122
v 0.17645 0.35455 -0.13540 0.14413 0.06848 0.02122
v 0.17668 0.35700 -0.13587 0.14413 0.06848 0.02122
v 0.17668 0.35700 -0.13587 0.14413 0.06848 0.02122
v 0.17645 0.35455 -0.13540 0.14413 0.06848 0.02122
v 0.17824 0.35700 -0.13474 0.14413 0.06848 0.02122
v 0.17645 0.35455 -0.13540 0.14413 0.06848 0.02122
v 0.17800 0.35500 -0.13450 0.14413 0.06848 0.02122
v 0.17824 0.35700 -0.13474 0.14413 0.06848 0.02122
v -0.17800 0.35500 -0.13450 0.14413 0.06848 0.02122
v -0.17746 0.35354 -0.13396 0.14413 0.06848 0.02122
v -0.17645 0.35455 -0.13540 0.14413 0.06848 0.02122
v -0.17746 0.35354 -0.13396 0.14413 0.06848 0.02122
v -0.17600 0.35300 -0.13450 0.14413 0.06848 0.02122
v -0.17645 0.35455 -0.13540 0.14413 0.06848 0.02122
v -0.17645 0.35455 -0.13540 0.14413 0.06848 0.02122
v -0.17600 0.35300 -0.13450 0.14413 0.06848 0.02122
v -0.17400 0.35432 -0.13587 0.14413 0.06848 0.02122
v -0.17600 0.35300 -0.13450 0.14413 0.06848 0.02122
v -0.17400 0.35276 -0.13474 0.14413 0.06848 0.02122
v -0.17400 0.35432 -0.13587 0.14413 0.06848 0.02122
v -0.17400 0.35432 -0.13587 0.14413 0.06848 0.02122
v -0.17400 0.35276 -0.13474 0.14413 0.06848 0.02122
v 0.17400 0.35432 -0.13587 0.14413 0.06848 0.02122
v -0.17400 0.35276 -0.13474 0.14413 0.06848 0.02122
v 0.17400 0.35276 -0.13474 0.14413 0.06848 0.02122
v 0.17400 0.35432 -0.13587 0.14413 0.06848 0.02122
v 0.17400 0.35432 -0.13587 0.14413 0.06848 0.02122
v 0.17400 0.35276 -0.13474 0.14413 0.06848 0.02122
v 0.17645 0.35455 -0.13540 0.14413 0.06848 0.02122
v 0.17400 0.35276 -0.13474 0.14413 0.06848 0.02122
v 0.17600 0.35300 -0.13450 0.14413 0.06848 0.02122
v 0.17645 0.35455 -0.13540 0.14413 0.06848 0.02122
v 0.17645 0.35455 -0.13540 0.14413 0.06848 0.02122
v 0.17600 0.35300 -0.13450 0.14413 0.06848 0.02122
v 0.17800 0.35500 -0.13450 0.14413 0.06848 0.02122
v 0.17600 0.35300 -0.13450 0.14413 0.06848 0.02122
v 0.17746 0.35354 -0.13396 0.14413 0.06848 0.02122
v 0.17800 0.35500 -0.13450 0.14413 0.06848 0.02122
f 6863 6875 6874
f 6864 6876 6875
f 6865 6877 6876
f 6866 6878 6877
f 6867 6879 6878
f 6868 6880 6879
f 6869 6881 6880
f 6870 6882 6881
f 6871 6883 6882
f 6872 6884 6883
f 6875 6886 6874
f 6874 6886 6885
f 6876 6887 6875
f 6875 6887 6886
f 6877 6888 6876
f 6876 6888 6887
f 6878 6889 6877
f 6877 6889 6888
f 6879 6890 6878
f 6878 6890 6889
f 6880 6891 6879
f 6879 6891 6890
f 6881 6892 6880
f 6880 6892 6891
f 6882 6893 6881
f 6881 6893 6892
f 6883 6894 6882
f 6882 6894 6893
f 6884 6895 6883
f 6883 6895 6894
f 6886 6897 6885
f 6885 6897 6896
f 6887 6898 6886
f 6886 6898 6897
f 6888 6899 6887
f 6887 6899 6898
f 6889 6900 6888
f 6888 6900 6899
f 6890 6901 6889
f 6889 6901 6900
f 6891 6902 6890
f 6890 6902 6901
f 6892 6903 6891
f 6891 6903 6902
f 6893 6904 6892
f 6892 6904 6903
f 6894 6905 6893
f 6893 6905 6904
f 6895 6906 6894
f 6894 6906 6905
f 6897 6908 6896
f 6896 6908 6907
f 6898 6909 6897
f 6897 6909 6908
f 6899 6910 6898
f 6898 6910 6909
f 6900 6911 6899
f 6899 6911 6910
f 6901 6912 6900
f 6900 6912 6911
f 6902 6913 6901
f 6901 6913 6912
f 6903 6914 6902
f 6902 6914 6913
f 6904 6915 6903
f 6903 6915 6914
f 6905 6916 6904
f 6904 6916 6915
f 6906 6917 6905
f 6905 6917 6916
f 6908 6919 6907
f 6907 6919 6918
f 6909 6920 6908
f 6908 6920 6919
f 6910 6921 6909
f 6909 6921 6920
f 6911 6922 6910
f 6910 6922 6921
f 6912 6923 6911
f 6911 6923 6922
f 6913 6924 6912
f 6912 6924 6923
f 6914 6925 6913
f 6913 6925 6924
f 6915 6926 6914
f 6914 6926 6925
f 6916 6927 6915
f 6915 6927 6926
f 6917 6928 6916
f 6916 6928 6927
f 6919 6930 6918
f 6918 6930 6929
f 6920 6931 6919
f 6919 6931 6930
f 6921 6932 6920
f 6920 6932 6931
f 6922 6933 6921
f 6921 6933 6932
f 6923 6934 6922
f 6922 6934 6933
f 6924 6935 6923
f 6923 6935 6934
f 6925 6936 6924
f 6924 6936 6935
f 6926 6937 6925
f 6925 6937 6936
f 6927 6938 6926
f 6926 6938 6937
f 6928 6939 6927
f 6927 6939 6938
f 6930 6941 6929
f 6929 6941 6940
f 6931 6942 6930
f 6930 6942 6941
f 6932 6943 6931
f 6931 6943 6942
f 6933 6944 6932
f 6932 6944 6943
f 6934 6945 6933
f 6933 6945 6944
f 6935 6946 6934
f 6934 6946 6945
f 6936 6947 6935
f 6935 6947 6946
f 6937 6948 6936
f 6936 6948 6947
f 6938 6949 6937
f 6937 6949 6948
f 6939 6950 6938
f 6938 6950 6949
f 6941 6952 6940
f 6940 6952 6951
f 6942 6953 6941
f 6941 6953 6952
f 6943 6954 6942
f 6942 6954 6953
f 6944 6955 6943
f 6943 6955 6954
f 6945 6956 6944
f 6944 6956 6955
f 6946 6957 6945
f 6945 6957 6956
f 6947 6958 6946
f 6946 6958 6957
f 6948 6959 6947
f 6947 6959 6958
f 6949 6960 6948
f 6948 6960 6959
f 6950 6961 6949
f 6949 6961 6960
f 6952 6963 6951
f 6953 6964 6952
f 6954 6965 6953
f 6955 6966 6954
f 6956 6967 6955
f 6957 6968 6956
f 6958 6969 6957
f 6959 6970 6958
f 6960 6971 6959
f 6961 6972 6960
f 6973 6982 6981
f 6974 6983 6982
f 6975 6984 6983
f 6976 6985 6984
f 6977 6986 6985
f 6978 6987 6986
f 6979 6988 6987
f 6982 6990 6981
f 6981 6990 6989
f 6983 6991 6982
f 6982 6991 6990
f 6984 6992 6983
f 6983 6992 6991
f 6985 6993 6984
f 6984 6993 6992
f 6986 6994 6985
f 6985 6994 6993
f 6987 6995 6986
f 6986 6995 6994
f 6988 6996 6987
f 6987 6996 6995
f 6990 6998 6989
f 6989 6998 6997
f 6991 6999 6990
f 6990 6999 6998
f 6992 7000 6991
f 6991 7000 6999
f 6993 7001 6992
f 6992 7001 7000
f 6994 7002 6993
f 6993 7002 7001
f 6995 7003 6994
f 6994 7003 7002
f 6996 7004 6995
f 6995 7004 7003
f 6998 7006 6997
f 6997 7006 7005
f 6999 7007 6998
f 6998 7007 7006
f 7000 7008 6999
f 6999 7008 7007
f 7001 7009 7000
f 7000 7009 7008
f 7002 7010 7001
f 7001 7010 7009
f 7003 7011 7002
f 7002 7011 7010
f 7004 7012 7003
f 7003 7012 7011
f 7006 7014 7005
f 7007 7015 7006
f 7008 7016 7007
f 7009 7017 7008
f 7010 7018 7009
f 7011 7019 7010
f 7012 7020 7011
f 7021 7030 7029
f 7022 7031 7030
f 7023 7032 7031
f 7024 7033 7032
f 7025 7034 7033
f 7026 7035 7034
f 7027 7036 7035
f 7030 7038 7029
f 7029 7038 7037
f 7031 7039 7030
f 7030 7039 7038
f 7032 7040 7031
f 7031 7040 7039
f 7033 7041 7032
f 7032 7041 7040
f 7034 7042 7033
f 7033 7042 7041
f 7035 7043 7034
f 7034 7043 7042
f 7036 7044 7035
f 7035 7044 7043
f 7038 7046 7037
f 7037 7046 7045
f 7039 7047 7038
f 7038 7047 7046
f 7040 7048 7039
f 7039 7048 7047
f 7041 7049 7040
f 7040 7049 7048
f 7042 7050 7041
f 7041 7050 7049
f 7043 7051 7042
f 7042 7051 7050
f 7044 7052 7043
f 7043 7052 7051
f 7046 7054 7045
f 7045 7054 7053
f 7047 7055 7046
f 7046 7055 7054
f 7048 7056 7047
f 7047 7056 7055
f 7049 7057 7048
f 7048 7057 7056
f 7050 7058 7049
f 7049 7058 7057
f 7051 7059 7050
f 7050 7059 7058
f 7052 7060 7051
f 7051 7060 7059
f 7054 7062 7053
f 7055 7063 7054
f 7056 7064 7055
f 7057 7065 7056
f 7058 7066 7057
f 7059 7067 7058
f 7060 7068 7059
f 7069 7078 7077
f 7070 7079 7078
f 7071 7080 7079
f 7072 7081 7080
f 7073 7082 7081
f 7074 7083 7082
f 7075 7084 7083
f 7078 7086 7077
f 7077 7086 7085
f 7079 7087 7078
f 7078 7087 7086
f 7080 7088 7079
f 7079 7088 7087
f 7081 7089 7080
f 7080 7089 7088
f 7082 7090 7081
f 7081 7090 7089
f 7083 7091 7082
f 7082 7091 7090
f 7084 7092 7083
f 7083 7092 7091
f 7086 7094 7085
f 7085 7094 7093
f 7087 7095 7086
f 7086 7095 7094
f 7088 7096 7087
f 7087 7096 7095
f 7089 7097 7088
f 7088 7097 7096
f 7090 7098 7089
f 7089 7098 7097
f 7091 7099 7090
f 7090 7099 7098
f 7092 7100 7091
f 7091 7100 7099
f 7094 7102 7093
f 7093 7102 7101
f 7095 7103 7094
f 7094 7103 7102
f 7096 7104 7095
f 7095 7104 7103
f 7097 7105 7096
f 7096 7105 7104
f 7098 7106 7097
f 7097 7106 7105
f 7099 7107 7098
f 7098 7107 7106
f 7100 7108 7099
f 7099 7108 7107
f 7102 7110 7101
f 7103 7111 7102
f 7104 7112 7103
f 7105 7113 7104
f 7106 7114 7105
f 7107 7115 7106
f 7108 7116 7107
f 7117 7119 7118
f 7120 7122 7121
f 7123 7125 7124
f 7126 7128 7127
f 7129 7131 7130
f 7132 7134 7133
f 7135 7137 7136
f 7138 7140 7139
f 7141 7143 7142
f 7144 7146 7145
f 7147 7149 7148
f 7150 7152 7151
f 7153 7155 7154
f 7156 7158 7157
f 7159 7161 7160
f 7162 7164 7163
f 7165 7167 7166
f 7168 7170 7169
f 7171 7173 7172
f 7174 7176 7175
f 7177 7179 7178
f 7180 7182 7181
f 7183 7185 7184
f 7186 7188 7187
f 7189 7191 7190
f 7192 7194 7193
f 7195 7197 7196
f 7198 7200 7199
f 7201 7203 7202
f 7204 7206 7205
f 7207 7209 7208
f 7210 7212 7211
f 7213 7215 7214
f 7216 7218 7217
f 7219 7221 7220
f 7222 7224 7223
f 7225 7227 7226
f 7228 7230 7229
f 7231 7233 7232
f 7234 7236 7235
f 7237 7239 7238
f 7240 7242 7241
f 7243 7245 7244
f 7246 7248 7247
f 7249 7251 7250
f 7252 7254 7253
f 7255 7257 7256
f 7258 7260 7259
f 7261 7263 7262
f 7264 7266 7265
f 7267 7269 7268
f 7270 7272 7271
f 7273 7275 7274
f 7276 7278 7277
f 7279 7281 7280
f 7282 7284 7283
f 7285 7287 7286
f 7288 7290 7289
f 7291 7293 7292
f 7294 7296 7295
f 7297 7299 7298
f 7300 7302 7301
f 7303 7305 7304
f 7306 7308 7307
f 7309 7311 7310
f 7312 7314 7313
f 7315 7317 7316
f 7318 7320 7319
f 7321 7323 7322
f 7324 7326 7325
f 7327 7329 7328
f 7330 7332 7331
f 7333 7335 7334
f 7336 7338 7337
f 7339 7341 7340
f 7342 7344 7343
f 7345 7347 7346
f 7348 7350 7349
f 7351 7353 7352
f 7354 7356 7355
f 7357 7359 7358
f 7360 7362 7361
f 7363 7365 7364
f 7366 7368 7367
f 7369 7371 7370
f 7372 7374 7373
f 7375 7377 7376
f 7378 7380 7379
f 7381 7383 7382
f 7384 7386 7385
f 7387 7389 7388
f 7390 7392 7391
f 7393 7395 7394
f 7396 7398 7397
f 7399 7401 7400
f 7402 7404 7403
f 7405 7407 7406
f 7408 7410 7409
f 7411 7413 7412
f 7414 7416 7415
f 7417 7419 7418
f 7420 7422 7421
f 7423 7425 7424
f 7426 7428 7427
f 7429 7431 7430
f 7432 7434 7433
f 7435 7437 7436
f 7438 7440 7439
f 7441 7443 7442
f 7444 7446 7445
f 7447 7449 7448
f 7450 7452 7451
f 7453 7455 7454
f 7456 7458 7457
f 7459 7461 7460
f 7462 7464 7463
f 7465 7467 7466
f 7468 7470 7469
f 7471 7473 7472
f 7474 7476 7475
f 7477 7479 7478
f 7480 7482 7481
f 7483 7485 7484
f 7486 7488 7487
f 7489 7491 7490
f 7492 7494 7493
f 7495 7497 7496
f 7498 7500 7499
f 7501 7503 7502
f 7504 7506 7505
f 7507 7509 7508
f 7510 7512 7511
f 7513 7515 7514
f 7516 7518 7517
f 7519 7521 7520
f 7522 7524 7523
f 7525 7527 7526
f 7528 7530 7529
f 7531 7533 7532
f 7534 7536 7535
f 7537 7539 7538
f 7540 7542 7541
f 7543 7545 7544
f 7546 7548 7547
f 7549 7551 7550
f 7552 7554 7553
f 7555 7557 7556
f 7558 7560 7559
f 7561 7563 7562
f 7564 7566 7565
f 7567 7569 7568
f 7570 7572 7571
f 7573 7575 7574
f 7576 7578 7577
f 7579 7581 7580
f 7582 7584 7583
f 7585 7587 7586
f 7588 7590 7589
f 7591 7593 7592
f 7594 7596 7595
f 7597 7599 7598
f 7600 7602 7601
f 7603 7605 7604
f 7606 7608 7607
f 7609 7611 7610
f 7612 7614 7613
f 7615 7617 7616
f 7618 7620 7619
f 7621 7623 7622
f 7624 7626 7625
f 7627 7629 7628
f 7630 7632 7631
f 7633 7635 7634
f 7636 7638 7637
f 7639 7641 7640
f 7642 7644 7643
f 7645 7647 7646
f 7648 7650 7649
f 7651 7653 7652
f 7654 7656 7655
f 7657 7659 7658
f 7660 7662 7661
f 7663 7665 7664
f 7666 7668 7667
f 7669 7671 7670
f 7672 7674 7673
f 7675 7677 7676
f 7678 7680 7679
f 7681 7683 7682
f 7684 7686 7685
f 7687 7689 7688
f 7690 7692 7691
f 7693 7695 7694
f 7696 7698 7697
f 7699 7701 7700
f 7702 7704 7703
f 7705 7707 7706
f 7708 7710 7709
f 7711 7713 7712
f 7714 7716 7715
f 7717 7719 7718
f 7720 7722 7721
f 7723 7725 7724
f 7726 7728 7727
f 7729 7731 7730
f 7732 7734 7733
f 7735 7737 7736
f 7738 7740 7739
f 7741 7743 7742
f 7744 7746 7745
f 7747 7749 7748
f 7750 7752 7751
f 7753 7755 7754
f 7756 7758 7757
f 7759 7761 7760
f 7762 7764 7763
f 7765 7767 7766
f 7768 7770 7769
f 7771 7773 7772
f 7774 7776 7775
f 7777 7779 7778
f 7780 7782 7781
f 7783 7785 7784
f 7786 7788 7787
f 7789 7791 7790
f 7792 7794 7793
f 7795 7797 7796
f 7798 7800 7799
f 7801 7803 7802
f 7804 7806 7805
f 7807 7809 7808
f 7810 7812 7811
f 7813 7815 7814
f 7816 7818 7817
f 7819 7821 7820
f 7822 7824 7823
f 7825 7827 7826
f 7828 7830 7829
f 7831 7833 7832
f 7834 7836 7835
f 7837 7839 7838
f 7840 7842 7841
f 7843 7845 7844
f 7846 7848 7847
f 7849 7851 7850
f 7852 7854 7853
f 7855 7857 7856
f 7858 7860 7859
f 7861 7863 7862
f 7864 7866 7865
f 7867 7869 7868
f 7870 7872 7871
f 7873 7875 7874
f 7876 7878 7877
f 7879 7881 7880
f 7882 7884 7883
f 7885 7887 7886
f 7888 7890 7889
f 7891 7893 7892
f 7894 7896 7895
f 7897 7899 7898
f 7900 7902 7901
f 7903 7905 7904
f 7906 7908 7907
f 7909 7911 7910
f 7912 7914 7913
f 7915 7917 7916
f 7918 7920 7919
f 7921 7923 7922
f 7924 7926 7925
f 7927 7929 7928
f 7930 7932 7931
f 7933 7935 7934
f 7936 7938 7937
f 7939 7941 7940
f 7942 7944 7943
f 7945 7947 7946
f 7948 7950 7949
f 7951 7953 7952
f 7954 7956 7955
f 7957 7959 7958
f 7960 7962 7961
f 7963 7965 7964
f 7966 7968 7967
f 7969 7971 7970
f 7972 7974 7973
f 7975 7977 7976
f 7978 7980 7979
f 7981 7983 7982
f 7984 7986 7985
f 7987 7989 7988
f 7990 7992 7991
f 7993 7995 7994
f 7996 7998 7997
f 7999 8001 8000
f 8002 8004 8003
f 8005 8007 8006
f 8008 8010 8009
f 8011 8013 8012
f 8014 8016 8015