v 0.00000 0.04231 0.00000 0.10224 0.05127 0.02956
v 0.00000 0.04231 0.00000 0.10224 0.05127 0.02956
v 0.00000 0.04231 0.00000 0.10224 0.05127 0.02956
v 0.00000 0.04231 0.00000 0.10224 0.05127 0.02956
v 0.00000 0.04231 0.00000 0.10224 0.05127 0.02956
v 0.00000 0.04231 0.00000 0.10224 0.05127 0.02956
v 0.00000 0.04231 0.00000 0.10224 0.05127 0.02956
v 0.00000 0.04231 0.00000 0.10224 0.05127 0.02956
v 0.00000 0.04231 0.00000 0.10224 0.05127 0.02956
v 0.00000 0.04231 0.00000 0.10224 0.05127 0.02956
v 0.00000 0.04231 0.00000 0.10224 0.05127 0.02956
v 0.01870 0.04394 0.00000 0.10224 0.05127 0.02956
v 0.01513 0.04394 0.01099 0.10224 0.05127 0.02956
v 0.00578 0.04394 0.01779 0.10224 0.05127 0.02956
v -0.00578 0.04394 0.01779 0.10224 0.05127 0.02956
v -0.01513 0.04394 0.01099 0.10224 0.05127 0.02956
v -0.01870 0.04394 0.00000 0.10224 0.05127 0.02956
v -0.01513 0.04394 -0.01099 0.10224 0.05127 0.02956
v -0.00578 0.04394 -0.01779 0.10224 0.05127 0.02956
v 0.00578 0.04394 -0.01779 0.10224 0.05127 0.02956
v 0.01513 0.04394 -0.01099 0.10224 0.05127 0.02956
v 0.01870 0.04394 -0.00000 0.10224 0.05127 0.02956
v 0.03683 0.04880 0.00000 0.10224 0.05127 0.02956
v 0.02980 0.04880 0.02165 0.10224 0.05127 0.02956
v 0.01138 0.04880 0.03503 0.10224 0.05127 0.02956
v -0.01138 0.04880 0.03503 0.10224 0.05127 0.02956
v -0.02980 0.04880 0.02165 0.10224 0.05127 0.02956
v -0.03683 0.04880 0.00000 0.10224 0.05127 0.02956
v -0.02980 0.04880 -0.02165 0.10224 0.05127 0.02956
v -0.01138 0.04880 -0.03503 0.10224 0.05127 0.02956
v 0.01138 0.04880 -0.03503 0.10224 0.05127 0.02956
v 0.02980 0.04880 -0.02165 0.10224 0.05127 0.02956
v 0.03683 0.04880 -0.00000 0.10224 0.05127 0.02956
v 0.05385 0.05674 0.00000 0.10224 0.05127 0.02956
v 0.04356 0.05674 0.03165 0.10224 0.05127 0.02956
v 0.01664 0.05674 0.05121 0.10224 0.05127 0.02956
v -0.01664 0.05674 0.05121 0.10224 0.05127 0.02956
v -0.04356 0.05674 0.03165 0.10224 0.05127 0.02956
v -0.05385 0.05674 0.00000 0.10224 0.05127 0.02956
v -0.04356 0.05674 -0.03165 0.10224 0.05127 0.02956
v -0.01664 0.05674 -0.05121 0.10224 0.05127 0.02956
v 0.01664 0.05674 -0.05121 0.10224 0.05127 0.02956
v 0.04356 0.05674 -0.03165 0.10224 0.05127 0.02956
v 0.05385 0.05674 -0.00000 0.10224 0.05127 0.02956
v 0.06922 0.06750 0.00000 0.10224 0.05127 0.02956
v 0.05600 0.06750 0.04069 0.10224 0.05127 0.02956
v 0.02139 0.06750 0.06584 0.10224 0.05127 0.02956
v -0.02139 0.06750 0.06584 0.10224 0.05127 0.02956
v -0.05600 0.06750 0.04069 0.10224 0.05127 0.02956
v -0.06922 0.06750 0.00000 0.10224 0.05127 0.02956
v -0.05600 0.06750 -0.04069 0.10224 0.05127 0.02956
v -0.02139 0.06750 -0.06584 0.10224 0.05127 0.02956
v 0.02139 0.06750 -0.06584 0.10224 0.05127 0.02956
v 0.05600 0.06750 -0.04069 0.10224 0.05127 0.02956
v 0.06922 0.06750 -0.00000 0.10224 0.05127 0.02956
v 0.08250 0.08078 0.00000 0.10224 0.05127 0.02956
v 0.06674 0.08078 0.04849 0.10224 0.05127 0.02956
v 0.02549 0.08078 0.07846 0.10224 0.05127 0.02956
v -0.02549 0.08078 0.07846 0.10224 0.05127 0.02956
v -0.06674 0.08078 0.04849 0.10224 0.05127 0.02956
v -0.08250 0.08078 0.00000 0.10224 0.05127 0.02956
v -0.06674 0.08078 -0.04849 0.10224 0.05127 0.02956
v -0.02549 0.08078 -0.07846 0.10224 0.05127 0.02956
v 0.02549 0.08078 -0.07846 0.10224 0.05127 0.02956
v 0.06674 0.08078 -0.04849 0.10224 0.05127 0.02956
v 0.08250 0.08078 -0.00000 0.10224 0.05127 0.02956
v 0.09326 0.09615 0.00000 0.10224 0.05127 0.02956
v 0.07545 0.09615 0.05482 0.10224 0.05127 0.02956
v 0.02882 0.09615 0.08870 0.10224 0.05127 0.02956
v -0.02882 0.09615 0.08870 0.10224 0.05127 0.02956
v -0.07545 0.09615 0.05482 0.10224 0.05127 0.02956
v -0.09326 0.09615 0.00000 0.10224 0.05127 0.02956
v -0.07545 0.09615 -0.05482 0.10224 0.05127 0.02956
v -0.02882 0.09615 -0.08870 0.10224 0.05127 0.02956
v 0.02882 0.09615 -0.08870 0.10224 0.05127 0.02956
v 0.07545 0.09615 -0.05482 0.10224 0.05127 0.02956
v 0.09326 0.09615 -0.00000 0.10224 0.05127 0.02956
v 0.10120 0.11317 0.00000 0.10224 0.05127 0.02956
v 0.08187 0.11317 0.05948 0.10224 0.05127 0.02956
v 0.03127 0.11317 0.09624 0.10224 0.05127 0.02956
v -0.03127 0.11317 0.09624 0.10224 0.05127 0.02956
v -0.08187 0.11317 0.05948 0.10224 0.05127 0.02956
v -0.10120 0.11317 0.00000 0.10224 0.05127 0.02956
v -0.08187 0.11317 -0.05948 0.10224 0.05127 0.02956
v -0.03127 0.11317 -0.09624 0.10224 0.05127 0.02956
v 0.03127 0.11317 -0.09624 0.10224 0.05127 0.02956
v 0.08187 0.11317 -0.05948 0.10224 0.05127 0.02956
v 0.10120 0.11317 -0.00000 0.10224 0.05127 0.02956
v 0.10606 0.13130 0.00000 0.10224 0.05127 0.02956
v 0.08580 0.13130 0.06234 0.10224 0.05127 0.02956
v 0.03277 0.13130 0.10087 0.10224 0.05127 0.02956
v -0.03277 0.13130 0.10087 0.10224 0.05127 0.02956
v -0.08580 0.13130 0.06234 0.10224 0.05127 0.02956
v -0.10606 0.13130 0.00000 0.10224 0.05127 0.02956
v -0.08580 0.13130 -0.06234 0.10224 0.05127 0.02956
v -0.03277 0.13130 -0.10087 0.10224 0.05127 0.02956
v 0.03277 0.13130 -0.10087 0.10224 0.05127 0.02956
v 0.08580 0.13130 -0.06234 0.10224 0.05127 0.02956
v 0.10606 0.13130 -0.00000 0.10224 0.05127 0.02956
v 0.10769 0.15000 0.00000 0.10224 0.05127 0.02956
v 0.08712 0.15000 0.06330 0.10224 0.05127 0.02956
v 0.03328 0.15000 0.10242 0.10224 0.05127 0.02956
v -0.03328 0.15000 0.10242 0.10224 0.05127 0.02956
v -0.08712 0.15000 0.06330 0.10224 0.05127 0.02956
v -0.10769 0.15000 0.00000 0.10224 0.05127 0.02956
v -0.08712 0.15000 -0.06330 0.10224 0.05127 0.02956
v -0.03328 0.15000 -0.10242 0.10224 0.05127 0.02956
v 0.03328 0.15000 -0.10242 0.10224 0.05127 0.02956
v 0.08712 0.15000 -0.06330 0.10224 0.05127 0.02956
v 0.10769 0.15000 -0.00000 0.10224 0.05127 0.02956
v 0.10769 0.44231 0.00000 0.10224 0.05127 0.02956
v 0.08712 0.44231 0.06330 0.10224 0.05127 0.02956
v 0.03328 0.44231 0.10242 0.10224 0.05127 0.02956
v -0.03328 0.44231 0.10242 0.10224 0.05127 0.02956
v -0.08712 0.44231 0.06330 0.10224 0.05127 0.02956
v -0.10769 0.44231 0.00000 0.10224 0.05127 0.02956
v -0.08712 0.44231 -0.06330 0.10224 0.05127 0.02956
v -0.03328 0.44231 -0.10242 0.10224 0.05127 0.02956
v 0.03328 0.44231 -0.10242 0.10224 0.05127 0.02956
v 0.08712 0.44231 -0.06330 0.10224 0.05127 0.02956
v 0.10769 0.44231 -0.00000 0.10224 0.05127 0.02956
v 0.10606 0.46101 0.00000 0.10224 0.05127 0.02956
v 0.08580 0.46101 0.06234 0.10224 0.05127 0.02956
v 0.03277 0.46101 0.10087 0.10224 0.05127 0.02956
v -0.03277 0.46101 0.10087 0.10224 0.05127 0.02956
v -0.08580 0.46101 0.06234 0.10224 0.05127 0.02956
v -0.10606 0.46101 0.00000 0.10224 0.05127 0.02956
v -0.08580 0.46101 -0.06234 0.10224 0.05127 0.02956
v -0.03277 0.46101 -0.10087 0.10224 0.05127 0.02956
v 0.03277 0.46101 -0.10087 0.10224 0.05127 0.02956
v 0.08580 0.46101 -0.06234 0.10224 0.05127 0.02956
v 0.10606 0.46101 -0.00000 0.10224 0.05127 0.02956
v 0.10120 0.47914 0.00000 0.10224 0.05127 0.02956
v 0.08187 0.47914 0.05948 0.10224 0.05127 0.02956
v 0.03127 0.47914 0.09624 0.10224 0.05127 0.02956
v -0.03127 0.47914 0.09624 0.10224 0.05127 0.02956
v -0.08187 0.47914 0.05948 0.10224 0.05127 0.02956
v -0.10120 0.47914 0.00000 0.10224 0.05127 0.02956
v -0.08187 0.47914 -0.05948 0.10224 0.05127 0.02956
v -0.03127 0.47914 -0.09624 0.10224 0.05127 0.02956
v 0.03127 0.47914 -0.09624 0.10224 0.05127 0.02956
v 0.08187 0.47914 -0.05948 0.10224 0.05127 0.02956
v 0.10120 0.47914 -0.00000 0.10224 0.05127 0.02956
v 0.09326 0.49615 0.00000 0.10224 0.05127 0.02956
v 0.07545 0.49615 0.05482 0.10224 0.05127 0.02956
v 0.02882 0.49615 0.08870 0.10224 0.05127 0.02956
v -0.02882 0.49615 0.08870 0.10224 0.05127 0.02956
v -0.07545 0.49615 0.05482 0.10224 0.05127 0.02956
v -0.09326 0.49615 0.00000 0.10224 0.05127 0.02956
v -0.07545 0.49615 -0.05482 0.10224 0.05127 0.02956
v -0.02882 0.49615 -0.08870 0.10224 0.05127 0.02956
v 0.02882 0.49615 -0.08870 0.10224 0.05127 0.02956
v 0.07545 0.49615 -0.05482 0.10224 0.05127 0.02956
v 0.09326 0.49615 -0.00000 0.10224 0.05127 0.02956
v 0.08250 0.51153 0.00000 0.10224 0.05127 0.02956
v 0.06674 0.51153 0.04849 0.10224 0.05127 0.02956
v 0.02549 0.51153 0.07846 0.10224 0.05127 0.02956
v -0.02549 0.51153 0.07846 0.10224 0.05127 0.02956
v -0.06674 0.51153 0.04849 0.10224 0.05127 0.02956
v -0.08250 0.51153 0.00000 0.10224 0.05127 0.02956
v -0.06674 0.51153 -0.04849 0.10224 0.05127 0.02956
v -0.02549 0.51153 -0.07846 0.10224 0.05127 0.02956
v 0.02549 0.51153 -0.07846 0.10224 0.05127 0.02956
v 0.06674 0.51153 -0.04849 0.10224 0.05127 0.02956
v 0.08250 0.51153 -0.00000 0.10224 0.05127 0.02956
v 0.06922 0.52480 0.00000 0.10224 0.05127 0.02956
v 0.05600 0.52480 0.04069 0.10224 0.05127 0.02956
v 0.02139 0.52480 0.06584 0.10224 0.05127 0.02956
v -0.02139 0.52480 0.06584 0.10224 0.05127 0.02956
v -0.05600 0.52480 0.04069 0.10224 0.05127 0.02956
v -0.06922 0.52480 0.00000 0.10224 0.05127 0.02956
v -0.05600 0.52480 -0.04069 0.10224 0.05127 0.02956
v -0.02139 0.52480 -0.06584 0.10224 0.05127 0.02956
v 0.02139 0.52480 -0.06584 0.10224 0.05127 0.02956
v 0.05600 0.52480 -0.04069 0.10224 0.05127 0.02956
v 0.06922 0.52480 -0.00000 0.10224 0.05127 0.02956
v 0.05385 0.53557 0.00000 0.10224 0.05127 0.02956
v 0.04356 0.53557 0.03165 0.10224 0.05127 0.02956
v 0.01664 0.53557 0.05121 0.10224 0.05127 0.02956
v -0.01664 0.53557 0.05121 0.10224 0.05127 0.02956
v -0.04356 0.53557 0.03165 0.10224 0.05127 0.02956
v -0.05385 0.53557 0.00000 0.10224 0.05127 0.02956
v -0.04356 0.53557 -0.03165 0.10224 0.05127 0.02956
v -0.01664 0.53557 -0.05121 0.10224 0.05127 0.02956
v 0.01664 0.53557 -0.05121 0.10224 0.05127 0.02956
v 0.04356 0.53557 -0.03165 0.10224 0.05127 0.02956
v 0.05385 0.53557 -0.00000 0.10224 0.05127 0.02956
v 0.03683 0.54351 0.00000 0.10224 0.05127 0.02956
v 0.02980 0.54351 0.02165 0.10224 0.05127 0.02956
v 0.01138 0.54351 0.03503 0.10224 0.05127 0.02956
v -0.01138 0.54351 0.03503 0.10224 0.05127 0.02956
v -0.02980 0.54351 0.02165 0.10224 0.05127 0.02956
v -0.03683 0.54351 0.00000 0.10224 0.05127 0.02956
v -0.02980 0.54351 -0.02165 0.10224 0.05127 0.02956
v -0.01138 0.54351 -0.03503 0.10224 0.05127 0.02956
v 0.01138 0.54351 -0.03503 0.10224 0.05127 0.02956
v 0.02980 0.54351 -0.02165 0.10224 0.05127 0.02956
v 0.03683 0.54351 -0.00000 0.10224 0.05127 0.02956
v 0.01870 0.54836 0.00000 0.10224 0.05127 0.02956
v 0.01513 0.54836 0.01099 0.10224 0.05127 0.02956
v 0.00578 0.54836 0.01779 0.10224 0.05127 0.02956
v -0.00578 0.54836 0.01779 0.10224 0.05127 0.02956
v -0.01513 0.54836 0.01099 0.10224 0.05127 0.02956
v -0.01870 0.54836 0.00000 0.10224 0.05127 0.02956
v -0.01513 0.54836 -0.01099 0.10224 0.05127 0.02956
v -0.00578 0.54836 -0.01779 0.10224 0.05127 0.02956
v 0.00578 0.54836 -0.01779 0.10224 0.05127 0.02956
v 0.01513 0.54836 -0.01099 0.10224 0.05127 0.02956
v 0.01870 0.54836 -0.00000 0.10224 0.05127 0.02956
v 0.00000 0.55000 0.00000 0.10224 0.05127 0.02956
v 0.00000 0.55000 0.00000 0.10224 0.05127 0.02956
v 0.00000 0.55000 0.00000 0.10224 0.05127 0.02956
v -0.00000 0.55000 0.00000 0.10224 0.05127 0.02956
v -0.00000 0.55000 0.00000 0.10224 0.05127 0.02956
v -0.00000 0.55000 0.00000 0.10224 0.05127 0.02956
v -0.00000 0.55000 -0.00000 0.10224 0.05127 0.02956
v -0.00000 0.55000 -0.00000 0.10224 0.05127 0.02956
v 0.00000 0.55000 -0.00000 0.10224 0.05127 0.02956
v 0.00000 0.55000 -0.00000 0.10224 0.05127 0.02956
v 0.00000 0.55000 -0.00000 0.10224 0.05127 0.02956
v 0.00000 0.38846 -0.13846 0.10224 0.05127 0.02956
v 0.00000 0.38846 -0.13846 0.10224 0.05127 0.02956
v 0.00000 0.38846 -0.13846 0.10224 0.05127 0.02956
v 0.00000 0.38846 -0.13846 0.10224 0.05127 0.02956
v 0.00000 0.38846 -0.13846 0.10224 0.05127 0.02956
v 0.00000 0.38846 -0.13846 0.10224 0.05127 0.02956
v 0.00000 0.38846 -0.13846 0.10224 0.05127 0.02956
v 0.00000 0.38846 -0.13846 0.10224 0.05127 0.02956
v 0.00000 0.38846 -0.13846 0.10224 0.05127 0.02956
v 0.00000 0.38846 -0.13846 0.10224 0.05127 0.02956
v 0.00000 0.38846 -0.13846 0.10224 0.05127 0.02956
v 0.03683 0.38197 -0.13846 0.10224 0.05127 0.02956
v 0.02980 0.38197 -0.11681 0.10224 0.05127 0.02956
v 0.01138 0.38197 -0.10343 0.10224 0.05127 0.02956
v -0.01138 0.38197 -0.10343 0.10224 0.05127 0.02956
v -0.02980 0.38197 -0.11681 0.10224 0.05127 0.02956
v -0.03683 0.38197 -0.13846 0.10224 0.05127 0.02956
v -0.02980 0.38197 -0.16011 0.10224 0.05127 0.02956
v -0.01138 0.38197 -0.17349 0.10224 0.05127 0.02956
v 0.01138 0.38197 -0.17349 0.10224 0.05127 0.02956
v 0.02980 0.38197 -0.16011 0.10224 0.05127 0.02956
v 0.03683 0.38197 -0.13846 0.10224 0.05127 0.02956
v 0.06922 0.36327 -0.13846 0.10224 0.05127 0.02956
v 0.05600 0.36327 -0.09777 0.10224 0.05127 0.02956
v 0.02139 0.36327 -0.07263 0.10224 0.05127 0.02956
v -0.02139 0.36327 -0.07263 0.10224 0.05127 0.02956
v -0.05600 0.36327 -0.09777 0.10224 0.05127 0.02956
v -0.06922 0.36327 -0.13846 0.10224 0.05127 0.02956
v -0.05600 0.36327 -0.17915 0.10224 0.05127 0.02956
v -0.02139 0.36327 -0.20430 0.10224 0.05127 0.02956
v 0.02139 0.36327 -0.20430 0.10224 0.05127 0.02956
v 0.05600 0.36327 -0.17915 0.10224 0.05127 0.02956
v 0.06922 0.36327 -0.13846 0.10224 0.05127 0.02956
v 0.09326 0.33462 -0.13846 0.10224 0.05127 0.02956
v 0.07545 0.33462 -0.08364 0.10224 0.05127 0.02956
v 0.02882 0.33462 -0.04976 0.10224 0.05127 0.02956
v -0.02882 0.33462 -0.04976 0.10224 0.05127 0.02956
v -0.07545 0.33462 -0.08364 0.10224 0.05127 0.02956
v -0.09326 0.33462 -0.13846 0.10224 0.05127 0.02956
v -0.07545 0.33462 -0.19328 0.10224 0.05127 0.02956
v -0.02882 0.33462 -0.22716 0.10224 0.05127 0.02956
v 0.02882 0.33462 -0.22716 0.10224 0.05127 0.02956
v 0.07545 0.33462 -0.19328 0.10224 0.05127 0.02956
v 0.09326 0.33462 -0.13846 0.10224 0.05127 0.02956
v 0.10606 0.29947 -0.13846 0.10224 0.05127 0.02956
v 0.08580 0.29947 -0.07612 0.10224 0.05127 0.02956
v 0.03277 0.29947 -0.03760 0.10224 0.05127 0.02956
v -0.03277 0.29947 -0.03760 0.10224 0.05127 0.02956
v -0.08580 0.29947 -0.07612 0.10224 0.05127 0.02956
v -0.10606 0.29947 -0.13846 0.10224 0.05127 0.02956
v -0.08580 0.29947 -0.20080 0.10224 0.05127 0.02956
v -0.03277 0.29947 -0.23933 0.10224 0.05127 0.02956
v 0.03277 0.29947 -0.23933 0.10224 0.05127 0.02956
v 0.08580 0.29947 -0.20080 0.10224 0.05127 0.02956
v 0.10606 0.29947 -0.13846 0.10224 0.05127 0.02956
v 0.10606 0.26207 -0.13846 0.10224 0.05127 0.02956
v 0.08580 0.26207 -0.07612 0.10224 0.05127 0.02956
v 0.03277 0.26207 -0.03760 0.10224 0.05127 0.02956
v -0.03277 0.26207 -0.03760 0.10224 0.05127 0.02956
v -0.08580 0.26207 -0.07612 0.10224 0.05127 0.02956
v -0.10606 0.26207 -0.13846 0.10224 0.05127 0.02956
v -0.08580 0.26207 -0.20080 0.10224 0.05127 0.02956
v -0.03277 0.26207 -0.23933 0.10224 0.05127 0.02956
v 0.03277 0.26207 -0.23933 0.10224 0.05127 0.02956
v 0.08580 0.26207 -0.20080 0.10224 0.05127 0.02956
v 0.10606 0.26207 -0.13846 0.10224 0.05127 0.02956
v 0.09326 0.22692 -0.13846 0.10224 0.05127 0.02956
v 0.07545 0.22692 -0.08364 0.10224 0.05127 0.02956
v 0.02882 0.22692 -0.04976 0.10224 0.05127 0.02956
v -0.02882 0.22692 -0.04976 0.10224 0.05127 0.02956
v -0.07545 0.22692 -0.08364 0.10224 0.05127 0.02956
v -0.09326 0.22692 -0.13846 0.10224 0.05127 0.02956
v -0.07545 0.22692 -0.19328 0.10224 0.05127 0.02956
v -0.02882 0.22692 -0.22716 0.10224 0.05127 0.02956
v 0.02882 0.22692 -0.22716 0.10224 0.05127 0.02956
v 0.07545 0.22692 -0.19328 0.10224 0.05127 0.02956
v 0.09326 0.22692 -0.13846 0.10224 0.05127 0.02956
v 0.06922 0.19827 -0.13846 0.10224 0.05127 0.02956
v 0.05600 0.19827 -0.09777 0.10224 0.05127 0.02956
v 0.02139 0.19827 -0.07263 0.10224 0.05127 0.02956
v -0.02139 0.19827 -0.07263 0.10224 0.05127 0.02956
v -0.05600 0.19827 -0.09777 0.10224 0.05127 0.02956
v -0.06922 0.19827 -0.13846 0.10224 0.05127 0.02956
v -0.05600 0.19827 -0.17915 0.10224 0.05127 0.02956
v -0.02139 0.19827 -0.20430 0.10224 0.05127 0.02956
v 0.02139 0.19827 -0.20430 0.10224 0.05127 0.02956
v 0.05600 0.19827 -0.17915 0.10224 0.05127 0.02956
v 0.06922 0.19827 -0.13846 0.10224 0.05127 0.02956
v 0.03683 0.17957 -0.13846 0.10224 0.05127 0.02956
v 0.02980 0.17957 -0.11681 0.10224 0.05127 0.02956
v 0.01138 0.17957 -0.10343 0.10224 0.05127 0.02956
v -0.01138 0.17957 -0.10343 0.10224 0.05127 0.02956
v -0.02980 0.17957 -0.11681 0.10224 0.05127 0.02956
v -0.03683 0.17957 -0.13846 0.10224 0.05127 0.02956
v -0.02980 0.17957 -0.16011 0.10224 0.05127 0.02956
v -0.01138 0.17957 -0.17349 0.10224 0.05127 0.02956
v 0.01138 0.17957 -0.17349 0.10224 0.05127 0.02956
v 0.02980 0.17957 -0.16011 0.10224 0.05127 0.02956
v 0.03683 0.17957 -0.13846 0.10224 0.05127 0.02956
v 0.00000 0.17308 -0.13846 0.10224 0.05127 0.02956
v 0.00000 0.17308 -0.13846 0.10224 0.05127 0.02956
v 0.00000 0.17308 -0.13846 0.10224 0.05127 0.02956
v 0.00000 0.17308 -0.13846 0.10224 0.05127 0.02956
v 0.00000 0.17308 -0.13846 0.10224 0.05127 0.02956
v 0.00000 0.17308 -0.13846 0.10224 0.05127 0.02956
v 0.00000 0.17308 -0.13846 0.10224 0.05127 0.02956
v 0.00000 0.17308 -0.13846 0.10224 0.05127 0.02956
v 0.00000 0.17308 -0.13846 0.10224 0.05127 0.02956
v 0.00000 0.17308 -0.13846 0.10224 0.05127 0.02956
v 0.00000 0.17308 -0.13846 0.10224 0.05127 0.02956
v 0.00000 0.49615 0.00000 0.10224 0.05127 0.02956
v 0.00000 0.49615 0.00000 0.10224 0.05127 0.02956
v 0.00000 0.49615 0.00000 0.10224 0.05127 0.02956
v 0.00000 0.49615 0.00000 0.10224 0.05127 0.02956
v 0.00000 0.49615 0.00000 0.10224 0.05127 0.02956
v 0.00000 0.49615 0.00000 0.10224 0.05127 0.02956
v 0.00000 0.49615 0.00000 0.10224 0.05127 0.02956
v 0.00000 0.49615 0.00000 0.10224 0.05127 0.02956
v 0.00000 0.49615 0.00000 0.10224 0.05127 0.02956
v 0.00000 0.49615 0.00000 0.10224 0.05127 0.02956
v 0.00000 0.49615 0.00000 0.10224 0.05127 0.02956
v 0.00000 0.49615 0.00000 0.10224 0.05127 0.02956
v 0.00000 0.49615 0.00000 0.10224 0.05127 0.02956
v 0.00000 0.49615 0.00000 0.10224 0.05127 0.02956
v 0.00000 0.49615 0.00000 0.10224 0.05127 0.02956
v 0.02852 0.49164 0.00000 0.10224 0.05127 0.02956
v 0.02570 0.49164 0.01238 0.10224 0.05127 0.02956
v 0.01778 0.49164 0.02230 0.10224 0.05127 0.02956
v 0.00635 0.49164 0.02781 0.10224 0.05127 0.02956
v -0.00635 0.49164 0.02781 0.10224 0.05127 0.02956
v -0.01778 0.49164 0.02230 0.10224 0.05127 0.02956
v -0.02570 0.49164 0.01238 0.10224 0.05127 0.02956
v -0.02852 0.49164 0.00000 0.10224 0.05127 0.02956
v -0.02570 0.49164 -0.01238 0.10224 0.05127 0.02956
v -0.01778 0.49164 -0.02230 0.10224 0.05127 0.02956
v -0.00635 0.49164 -0.02781 0.10224 0.05127 0.02956
v 0.00635 0.49164 -0.02781 0.10224 0.05127 0.02956
v 0.01778 0.49164 -0.02230 0.10224 0.05127 0.02956
v 0.02570 0.49164 -0.01238 0.10224 0.05127 0.02956
v 0.02852 0.49164 -0.00000 0.10224 0.05127 0.02956
v 0.05426 0.47852 0.00000 0.10224 0.05127 0.02956
v 0.04888 0.47852 0.02354 0.10224 0.05127 0.02956
v 0.03383 0.47852 0.04242 0.10224 0.05127 0.02956
v 0.01207 0.47852 0.05290 0.10224 0.05127 0.02956
v -0.01207 0.47852 0.05290 0.10224 0.05127 0.02956
v -0.03383 0.47852 0.04242 0.10224 0.05127 0.02956
v -0.04888 0.47852 0.02354 0.10224 0.05127 0.02956
v -0.05426 0.47852 0.00000 0.10224 0.05127 0.02956
v -0.04888 0.47852 -0.02354 0.10224 0.05127 0.02956
v -0.03383 0.47852 -0.04242 0.10224 0.05127 0.02956
v -0.01207 0.47852 -0.05290 0.10224 0.05127 0.02956
v 0.01207 0.47852 -0.05290 0.10224 0.05127 0.02956
v 0.03383 0.47852 -0.04242 0.10224 0.05127 0.02956
v 0.04888 0.47852 -0.02354 0.10224 0.05127 0.02956
v 0.05426 0.47852 -0.00000 0.10224 0.05127 0.02956
v 0.07468 0.45810 0.00000 0.10224 0.05127 0.02956
v 0.06728 0.45810 0.03240 0.10224 0.05127 0.02956
v 0.04656 0.45810 0.05839 0.10224 0.05127 0.02956
v 0.01662 0.45810 0.07281 0.10224 0.05127 0.02956
v -0.01662 0.45810 0.07281 0.10224 0.05127 0.02956
v -0.04656 0.45810 0.05839 0.10224 0.05127 0.02956
v -0.06728 0.45810 0.03240 0.10224 0.05127 0.02956
v -0.07468 0.45810 0.00000 0.10224 0.05127 0.02956
v -0.06728 0.45810 -0.03240 0.10224 0.05127 0.02956
v -0.04656 0.45810 -0.05839 0.10224 0.05127 0.02956
v -0.01662 0.45810 -0.07281 0.10224 0.05127 0.02956
v 0.01662 0.45810 -0.07281 0.10224 0.05127 0.02956
v 0.04656 0.45810 -0.05839 0.10224 0.05127 0.02956
v 0.06728 0.45810 -0.03240 0.10224 0.05127 0.02956
v 0.07468 0.45810 -0.00000 0.10224 0.05127 0.02956
v 0.08779 0.43237 0.00000 0.10224 0.05127 0.02956
v 0.07910 0.43237 0.03809 0.10224 0.05127 0.02956
v 0.05474 0.43237 0.06864 0.10224 0.05127 0.02956
v 0.01954 0.43237 0.08559 0.10224 0.05127 0.02956
v -0.01954 0.43237 0.08559 0.10224 0.05127 0.02956
v -0.05474 0.43237 0.06864 0.10224 0.05127 0.02956
v -0.07910 0.43237 0.03809 0.10224 0.05127 0.02956
v -0.08779 0.43237 0.00000 0.10224 0.05127 0.02956
v -0.07910 0.43237 -0.03809 0.10224 0.05127 0.02956
v -0.05474 0.43237 -0.06864 0.10224 0.05127 0.02956
v -0.01954 0.43237 -0.08559 0.10224 0.05127 0.02956
v 0.01954 0.43237 -0.08559 0.10224 0.05127 0.02956
v 0.05474 0.43237 -0.06864 0.10224 0.05127 0.02956
v 0.07910 0.43237 -0.03809 0.10224 0.05127 0.02956
v 0.08779 0.43237 -0.00000 0.10224 0.05127 0.02956
v 0.09231 0.40385 0.00000 0.10224 0.05127 0.02956
v 0.08317 0.40385 0.04005 0.10224 0.05127 0.02956
v 0.05755 0.40385 0.07217 0.10224 0.05127 0.02956
v 0.02054 0.40385 0.08999 0.10224 0.05127 0.02956
v -0.02054 0.40385 0.08999 0.10224 0.05127 0.02956
v -0.05755 0.40385 0.07217 0.10224 0.05127 0.02956
v -0.08317 0.40385 0.04005 0.10224 0.05127 0.02956
v -0.09231 0.40385 0.00000 0.10224 0.05127 0.02956
v -0.08317 0.40385 -0.04005 0.10224 0.05127 0.02956
v -0.05755 0.40385 -0.07217 0.10224 0.05127 0.02956
v -0.02054 0.40385 -0.08999 0.10224 0.05127 0.02956
v 0.02054 0.40385 -0.08999 0.10224 0.05127 0.02956
v 0.05755 0.40385 -0.07217 0.10224 0.05127 0.02956
v 0.08317 0.40385 -0.04005 0.10224 0.05127 0.02956
v 0.09231 0.40385 -0.00000 0.10224 0.05127 0.02956
v 0.08779 0.37532 0.00000 0.10224 0.05127 0.02956
v 0.07910 0.37532 0.03809 0.10224 0.05127 0.02956
v 0.05474 0.37532 0.06864 0.10224 0.05127 0.02956
v 0.01954 0.37532 0.08559 0.10224 0.05127 0.02956
v -0.01954 0.37532 0.08559 0.10224 0.05127 0.02956
v -0.05474 0.37532 0.06864 0.10224 0.05127 0.02956
v -0.07910 0.37532 0.03809 0.10224 0.05127 0.02956
v -0.08779 0.37532 0.00000 0.10224 0.05127 0.02956
v -0.07910 0.37532 -0.03809 0.10224 0.05127 0.02956
v -0.05474 0.37532 -0.06864 0.10224 0.05127 0.02956
v -0.01954 0.37532 -0.08559 0.10224 0.05127 0.02956
v 0.01954 0.37532 -0.08559 0.10224 0.05127 0.02956
v 0.05474 0.37532 -0.06864 0.10224 0.05127 0.02956
v 0.07910 0.37532 -0.03809 0.10224 0.05127 0.02956
v 0.08779 0.37532 -0.00000 0.10224 0.05127 0.02956
v 0.07468 0.34959 0.00000 0.10224 0.05127 0.02956
v 0.06728 0.34959 0.03240 0.10224 0.05127 0.02956
v 0.04656 0.34959 0.05839 0.10224 0.05127 0.02956
v 0.01662 0.34959 0.07281 0.10224 0.05127 0.02956
v -0.01662 0.34959 0.07281 0.10224 0.05127 0.02956
v -0.04656 0.34959 0.05839 0.10224 0.05127 0.02956
v -0.06728 0.34959 0.03240 0.10224 0.05127 0.02956
v -0.07468 0.34959 0.00000 0.10224 0.05127 0.02956
v -0.06728 0.34959 -0.03240 0.10224 0.05127 0.02956
v -0.04656 0.34959 -0.05839 0.10224 0.05127 0.02956
v -0.01662 0.34959 -0.07281 0.10224 0.05127 0.02956
v 0.01662 0.34959 -0.07281 0.10224 0.05127 0.02956
v 0.04656 0.34959 -0.05839 0.10224 0.05127 0.02956
v 0.06728 0.34959 -0.03240 0.10224 0.05127 0.02956
v 0.07468 0.34959 -0.00000 0.10224 0.05127 0.02956
v 0.05426 0.32917 0.00000 0.10224 0.05127 0.02956
v 0.04888 0.32917 0.02354 0.10224 0.05127 0.02956
v 0.03383 0.32917 0.04242 0.10224 0.05127 0.02956
v 0.01207 0.32917 0.05290 0.10224 0.05127 0.02956
v -0.01207 0.32917 0.05290 0.10224 0.05127 0.02956
v -0.03383 0.32917 0.04242 0.10224 0.05127 0.02956
v -0.04888 0.32917 0.02354 0.10224 0.05127 0.02956
v -0.05426 0.32917 0.00000 0.10224 0.05127 0.02956
v -0.04888 0.32917 -0.02354 0.10224 0.05127 0.02956
v -0.03383 0.32917 -0.04242 0.10224 0.05127 0.02956
v -0.01207 0.32917 -0.05290 0.10224 0.05127 0.02956
v 0.01207 0.32917 -0.05290 0.10224 0.05127 0.02956
v 0.03383 0.32917 -0.04242 0.10224 0.05127 0.02956
v 0.04888 0.32917 -0.02354 0.10224 0.05127 0.02956
v 0.05426 0.32917 -0.00000 0.10224 0.05127 0.02956
v 0.02852 0.31606 0.00000 0.10224 0.05127 0.02956
v 0.02570 0.31606 0.01238 0.10224 0.05127 0.02956
v 0.01778 0.31606 0.02230 0.10224 0.05127 0.02956
v 0.00635 0.31606 0.02781 0.10224 0.05127 0.02956
v -0.00635 0.31606 0.02781 0.10224 0.05127 0.02956
v -0.01778 0.31606 0.02230 0.10224 0.05127 0.02956
v -0.02570 0.31606 0.01238 0.10224 0.05127 0.02956
v -0.02852 0.31606 0.00000 0.10224 0.05127 0.02956
v -0.02570 0.31606 -0.01238 0.10224 0.05127 0.02956
v -0.01778 0.31606 -0.02230 0.10224 0.05127 0.02956
v -0.00635 0.31606 -0.02781 0.10224 0.05127 0.02956
v 0.00635 0.31606 -0.02781 0.10224 0.05127 0.02956
v 0.01778 0.31606 -0.02230 0.10224 0.05127 0.02956
v 0.02570 0.31606 -0.01238 0.10224 0.05127 0.02956
v 0.02852 0.31606 -0.00000 0.10224 0.05127 0.02956
v 0.00000 0.31154 0.00000 0.10224 0.05127 0.02956
v 0.00000 0.31154 0.00000 0.10224 0.05127 0.02956
v 0.00000 0.31154 0.00000 0.10224 0.05127 0.02956
v 0.00000 0.31154 0.00000 0.10224 0.05127 0.02956
v 0.00000 0.31154 0.00000 0.10224 0.05127 0.02956
v 0.00000 0.31154 0.00000 0.10224 0.05127 0.02956
v 0.00000 0.31154 0.00000 0.10224 0.05127 0.02956
v 0.00000 0.31154 0.00000 0.10224 0.05127 0.02956
v 0.00000 0.31154 0.00000 0.10224 0.05127 0.02956
v 0.00000 0.31154 0.00000 0.10224 0.05127 0.02956
v 0.00000 0.31154 0.00000 0.10224 0.05127 0.02956
v 0.00000 0.31154 0.00000 0.10224 0.05127 0.02956
v 0.00000 0.31154 0.00000 0.10224 0.05127 0.02956
v 0.00000 0.31154 0.00000 0.10224 0.05127 0.02956
v 0.00000 0.31154 0.00000 0.10224 0.05127 0.02956
v 0.09231 0.00000 0.10769 0.10224 0.05127 0.02956
v 0.09231 0.00000 0.10769 0.10224 0.05127 0.02956
v 0.09231 0.00000 0.10769 0.10224 0.05127 0.02956
v 0.09231 0.00000 0.10769 0.10224 0.05127 0.02956
v 0.09231 0.00000 0.10769 0.10224 0.05127 0.02956
v 0.09231 0.00000 0.10769 0.10224 0.05127 0.02956
v 0.09231 0.00000 0.10769 0.10224 0.05127 0.02956
v 0.09231 0.00000 0.10769 0.10224 0.05127 0.02956
v 0.10261 0.00205 0.10769 0.10224 0.05127 0.02956
v 0.09873 0.00205 0.11575 0.10224 0.05127 0.02956
v 0.09002 0.00205 0.11774 0.10224 0.05127 0.02956
v 0.08302 0.00205 0.11216 0.10224 0.05127 0.02956
v 0.08302 0.00205 0.10322 0.10224 0.05127 0.02956
v 0.09002 0.00205 0.09765 0.10224 0.05127 0.02956
v 0.09873 0.00205 0.09964 0.10224 0.05127 0.02956
v 0.10261 0.00205 0.10769 0.10224 0.05127 0.02956
v 0.11135 0.00789 0.10769 0.10224 0.05127 0.02956
v 0.10418 0.00789 0.12258 0.10224 0.05127 0.02956
v 0.08807 0.00789 0.12625 0.10224 0.05127 0.02956
v 0.07516 0.00789 0.11595 0.10224 0.05127 0.02956
v 0.07516 0.00789 0.09943 0.10224 0.05127 0.02956
v 0.08807 0.00789 0.08913 0.10224 0.05127 0.02956
v 0.10418 0.00789 0.09281 0.10224 0.05127 0.02956
v 0.11135 0.00789 0.10769 0.10224 0.05127 0.02956
v 0.11718 0.01662 0.10769 0.10224 0.05127 0.02956
v 0.10782 0.01662 0.12714 0.10224 0.05127 0.02956
v 0.08677 0.01662 0.13194 0.10224 0.05127 0.02956
v 0.06990 0.01662 0.11848 0.10224 0.05127 0.02956
v 0.06990 0.01662 0.09690 0.10224 0.05127 0.02956
v 0.08677 0.01662 0.08344 0.10224 0.05127 0.02956
v 0.10782 0.01662 0.08825 0.10224 0.05127 0.02956
v 0.11718 0.01662 0.10769 0.10224 0.05127 0.02956
v 0.11923 0.02692 0.10769 0.10224 0.05127 0.02956
v 0.10909 0.02692 0.12874 0.10224 0.05127 0.02956
v 0.08632 0.02692 0.13394 0.10224 0.05127 0.02956
v 0.06805 0.02692 0.11937 0.10224 0.05127 0.02956
v 0.06805 0.02692 0.09601 0.10224 0.05127 0.02956
v 0.08632 0.02692 0.08144 0.10224 0.05127 0.02956
v 0.10909 0.02692 0.08664 0.10224 0.05127 0.02956
v 0.11923 0.02692 0.10769 0.10224 0.05127 0.02956
v 0.11923 0.13462 0.10769 0.10224 0.05127 0.02956
v 0.10909 0.13462 0.12874 0.10224 0.05127 0.02956
v 0.08632 0.13462 0.13394 0.10224 0.05127 0.02956
v 0.06805 0.13462 0.11937 0.10224 0.05127 0.02956
v 0.06805 0.13462 0.09601 0.10224 0.05127 0.02956
v 0.08632 0.13462 0.08144 0.10224 0.05127 0.02956
v 0.10909 0.13462 0.08664 0.10224 0.05127 0.02956
v 0.11923 0.13462 0.10769 0.10224 0.05127 0.02956
v 0.11718 0.14492 0.10769 0.10224 0.05127 0.02956
v 0.10782 0.14492 0.12714 0.10224 0.05127 0.02956
v 0.08677 0.14492 0.13194 0.10224 0.05127 0.02956
v 0.06990 0.14492 0.11848 0.10224 0.05127 0.02956
v 0.06990 0.14492 0.09690 0.10224 0.05127 0.02956
v 0.08677 0.14492 0.08344 0.10224 0.05127 0.02956
v 0.10782 0.14492 0.08825 0.10224 0.05127 0.02956
v 0.11718 0.14492 0.10769 0.10224 0.05127 0.02956
v 0.11135 0.15365 0.10769 0.10224 0.05127 0.02956
v 0.10418 0.15365 0.12258 0.10224 0.05127 0.02956
v 0.08807 0.15365 0.12625 0.10224 0.05127 0.02956
v 0.07516 0.15365 0.11595 0.10224 0.05127 0.02956
v 0.07516 0.15365 0.09943 0.10224 0.05127 0.02956
v 0.08807 0.15365 0.08913 0.10224 0.05127 0.02956
v 0.10418 0.15365 0.09281 0.10224 0.05127 0.02956
v 0.11135 0.15365 0.10769 0.10224 0.05127 0.02956
v 0.10261 0.15949 0.10769 0.10224 0.05127 0.02956
v 0.09873 0.15949 0.11575 0.10224 0.05127 0.02956
v 0.09002 0.15949 0.11774 0.10224 0.05127 0.02956
v 0.08302 0.15949 0.11216 0.10224 0.05127 0.02956
v 0.08302 0.15949 0.10322 0.10224 0.05127 0.02956
v 0.09002 0.15949 0.09765 0.10224 0.05127 0.02956
v 0.09873 0.15949 0.09964 0.10224 0.05127 0.02956
v 0.10261 0.15949 0.10769 0.10224 0.05127 0.02956
v 0.09231 0.16154 0.10769 0.10224 0.05127 0.02956
v 0.09231 0.16154 0.10769 0.10224 0.05127 0.02956
v 0.09231 0.16154 0.10769 0.10224 0.05127 0.02956
v 0.09231 0.16154 0.10769 0.10224 0.05127 0.02956
v 0.09231 0.16154 0.10769 0.10224 0.05127 0.02956
v 0.09231 0.16154 0.10769 0.10224 0.05127 0.02956
v 0.09231 0.16154 0.10769 0.10224 0.05127 0.02956
v 0.09231 0.16154 0.10769 0.10224 0.05127 0.02956
v 0.09231 0.00000 -0.12308 0.10224 0.05127 0.02956
v 0.09231 0.00000 -0.12308 0.10224 0.05127 0.02956
v 0.09231 0.00000 -0.12308 0.10224 0.05127 0.02956
v 0.09231 0.00000 -0.12308 0.10224 0.05127 0.02956
v 0.09231 0.00000 -0.12308 0.10224 0.05127 0.02956
v 0.09231 0.00000 -0.12308 0.10224 0.05127 0.02956
v 0.09231 0.00000 -0.12308 0.10224 0.05127 0.02956
v 0.09231 0.00000 -0.12308 0.10224 0.05127 0.02956
v 0.10261 0.00205 -0.12308 0.10224 0.05127 0.02956
v 0.09873 0.00205 -0.11502 0.10224 0.05127 0.02956
v 0.09002 0.00205 -0.11303 0.10224 0.05127 0.02956
v 0.08302 0.00205 -0.11861 0.10224 0.05127 0.02956
v 0.08302 0.00205 -0.12755 0.10224 0.05127 0.02956
v 0.09002 0.00205 -0.13312 0.10224 0.05127 0.02956
v 0.09873 0.00205 -0.13113 0.10224 0.05127 0.02956
v 0.10261 0.00205 -0.12308 0.10224 0.05127 0.02956
v 0.11135 0.00789 -0.12308 0.10224 0.05127 0.02956
v 0.10418 0.00789 -0.10819 0.10224 0.05127 0.02956
v 0.08807 0.00789 -0.10452 0.10224 0.05127 0.02956
v 0.07516 0.00789 -0.11482 0.10224 0.05127 0.02956
v 0.07516 0.00789 -0.13134 0.10224 0.05127 0.02956
v 0.08807 0.00789 -0.14164 0.10224 0.05127 0.02956
v 0.10418 0.00789 -0.13796 0.10224 0.05127 0.02956
v 0.11135 0.00789 -0.12308 0.10224 0.05127 0.02956
v 0.11718 0.01662 -0.12308 0.10224 0.05127 0.02956
v 0.10782 0.01662 -0.10363 0.10224 0.05127 0.02956
v 0.08677 0.01662 -0.09883 0.10224 0.05127 0.02956
v 0.06990 0.01662 -0.11228 0.10224 0.05127 0.02956
v 0.06990 0.01662 -0.13387 0.10224 0.05127 0.02956
v 0.08677 0.01662 -0.14733 0.10224 0.05127 0.02956
v 0.10782 0.01662 -0.14252 0.10224 0.05127 0.02956
v 0.11718 0.01662 -0.12308 0.10224 0.05127 0.02956
v 0.11923 0.02692 -0.12308 0.10224 0.05127 0.02956
v 0.10909 0.02692 -0.10203 0.10224 0.05127 0.02956
v 0.08632 0.02692 -0.09683 0.10224 0.05127 0.02956
v 0.06805 0.02692 -0.11140 0.10224 0.05127 0.02956
v 0.06805 0.02692 -0.13476 0.10224 0.05127 0.02956
v 0.08632 0.02692 -0.14932 0.10224 0.05127 0.02956
v 0.10909 0.02692 -0.14413 0.10224 0.05127 0.02956
v 0.11923 0.02692 -0.12308 0.10224 0.05127 0.02956
v 0.11923 0.13462 -0.12308 0.10224 0.05127 0.02956
v 0.10909 0.13462 -0.10203 0.10224 0.05127 0.02956
v 0.08632 0.13462 -0.09683 0.10224 0.05127 0.02956
v 0.06805 0.13462 -0.11140 0.10224 0.05127 0.02956
v 0.06805 0.13462 -0.13476 0.10224 0.05127 0.02956
v 0.08632 0.13462 -0.14932 0.10224 0.05127 0.02956
v 0.10909 0.13462 -0.14413 0.10224 0.05127 0.02956
v 0.11923 0.13462 -0.12308 0.10224 0.05127 0.02956
v 0.11718 0.14492 -0.12308 0.10224 0.05127 0.02956
v 0.10782 0.14492 -0.10363 0.10224 0.05127 0.02956
v 0.08677 0.14492 -0.09883 0.10224 0.05127 0.02956
v 0.06990 0.14492 -0.11228 0.10224 0.05127 0.02956
v 0.06990 0.14492 -0.13387 0.10224 0.05127 0.02956
v 0.08677 0.14492 -0.14733 0.10224 0.05127 0.02956
v 0.10782 0.14492 -0.14252 0.10224 0.05127 0.02956
v 0.11718 0.14492 -0.12308 0.10224 0.05127 0.02956
v 0.11135 0.15365 -0.12308 0.10224 0.05127 0.02956
v 0.10418 0.15365 -0.10819 0.10224 0.05127 0.02956
v 0.08807 0.15365 -0.10452 0.10224 0.05127 0.02956
v 0.07516 0.15365 -0.11482 0.10224 0.05127 0.02956
v 0.07516 0.15365 -0.13134 0.10224 0.05127 0.02956
v 0.08807 0.15365 -0.14164 0.10224 0.05127 0.02956
v 0.10418 0.15365 -0.13796 0.10224 0.05127 0.02956
v 0.11135 0.15365 -0.12308 0.10224 0.05127 0.02956
v 0.10261 0.15949 -0.12308 0.10224 0.05127 0.02956
v 0.09873 0.15949 -0.11502 0.10224 0.05127 0.02956
v 0.09002 0.15949 -0.11303 0.10224 0.05127 0.02956
v 0.08302 0.15949 -0.11861 0.10224 0.05127 0.02956
v 0.08302 0.15949 -0.12755 0.10224 0.05127 0.02956
v 0.09002 0.15949 -0.13312 0.10224 0.05127 0.02956
v 0.09873 0.15949 -0.13113 0.10224 0.05127 0.02956
v 0.10261 0.15949 -0.12308 0.10224 0.05127 0.02956
v 0.09231 0.16154 -0.12308 0.10224 0.05127 0.02956
v 0.09231 0.16154 -0.12308 0.10224 0.05127 0.02956
v 0.09231 0.16154 -0.12308 0.10224 0.05127 0.02956
v 0.09231 0.16154 -0.12308 0.10224 0.05127 0.02956
v 0.09231 0.16154 -0.12308 0.10224 0.05127 0.02956
v 0.09231 0.16154 -0.12308 0.10224 0.05127 0.02956
v 0.09231 0.16154 -0.12308 0.10224 0.05127 0.02956
v 0.09231 0.16154 -0.12308 0.10224 0.05127 0.02956
v -0.09231 0.00000 0.10769 0.10224 0.05127 0.02956
v -0.09231 0.00000 0.10769 0.10224 0.05127 0.02956
v -0.09231 0.00000 0.10769 0.10224 0.05127 0.02956
v -0.09231 0.00000 0.10769 0.10224 0.05127 0.02956
v -0.09231 0.00000 0.10769 0.10224 0.05127 0.02956
v -0.09231 0.00000 0.10769 0.10224 0.05127 0.02956
v -0.09231 0.00000 0.10769 0.10224 0.05127 0.02956
v -0.09231 0.00000 0.10769 0.10224 0.05127 0.02956
v -0.08200 0.00205 0.10769 0.10224 0.05127 0.02956
v -0.08588 0.00205 0.11575 0.10224 0.05127 0.02956
v -0.09460 0.00205 0.11774 0.10224 0.05127 0.02956
v -0.10159 0.00205 0.11216 0.10224 0.05127 0.02956
v -0.10159 0.00205 0.10322 0.10224 0.05127 0.02956
v -0.09460 0.00205 0.09765 0.10224 0.05127 0.02956
v -0.08588 0.00205 0.09964 0.10224 0.05127 0.02956
v -0.08200 0.00205 0.10769 0.10224 0.05127 0.02956
v -0.07327 0.00789 0.10769 0.10224 0.05127 0.02956
v -0.08044 0.00789 0.12258 0.10224 0.05127 0.02956
v -0.09654 0.00789 0.12625 0.10224 0.05127 0.02956
v -0.10946 0.00789 0.11595 0.10224 0.05127 0.02956
v -0.10946 0.00789 0.09943 0.10224 0.05127 0.02956
v -0.09654 0.00789 0.08913 0.10224 0.05127 0.02956
v -0.08044 0.00789 0.09281 0.10224 0.05127 0.02956
v -0.07327 0.00789 0.10769 0.10224 0.05127 0.02956
v -0.06743 0.01662 0.10769 0.10224 0.05127 0.02956
v -0.07680 0.01662 0.12714 0.10224 0.05127 0.02956
v -0.09784 0.01662 0.13194 0.10224 0.05127 0.02956
v -0.11472 0.01662 0.11848 0.10224 0.05127 0.02956
v -0.11472 0.01662 0.09690 0.10224 0.05127 0.02956
v -0.09784 0.01662 0.08344 0.10224 0.05127 0.02956
v -0.07680 0.01662 0.08825 0.10224 0.05127 0.02956
v -0.06743 0.01662 0.10769 0.10224 0.05127 0.02956
v -0.06538 0.02692 0.10769 0.10224 0.05127 0.02956
v -0.07552 0.02692 0.12874 0.10224 0.05127 0.02956
v -0.09830 0.02692 0.13394 0.10224 0.05127 0.02956
v -0.11656 0.02692 0.11937 0.10224 0.05127 0.02956
v -0.11656 0.02692 0.09601 0.10224 0.05127 0.02956
v -0.09830 0.02692 0.08144 0.10224 0.05127 0.02956
v -0.07552 0.02692 0.08664 0.10224 0.05127 0.02956
v -0.06538 0.02692 0.10769 0.10224 0.05127 0.02956
v -0.06538 0.13462 0.10769 0.10224 0.05127 0.02956
v -0.07552 0.13462 0.12874 0.10224 0.05127 0.02956
v -0.09830 0.13462 0.13394 0.10224 0.05127 0.02956
v -0.11656 0.13462 0.11937 0.10224 0.05127 0.02956
v -0.11656 0.13462 0.09601 0.10224 0.05127 0.02956
v -0.09830 0.13462 0.08144 0.10224 0.05127 0.02956
v -0.07552 0.13462 0.08664 0.10224 0.05127 0.02956
v -0.06538 0.13462 0.10769 0.10224 0.05127 0.02956
v -0.06743 0.14492 0.10769 0.10224 0.05127 0.02956
v -0.07680 0.14492 0.12714 0.10224 0.05127 0.02956
v -0.09784 0.14492 0.13194 0.10224 0.05127 0.02956
v -0.11472 0.14492 0.11848 0.10224 0.05127 0.02956
v -0.11472 0.14492 0.09690 0.10224 0.05127 0.02956
v -0.09784 0.14492 0.08344 0.10224 0.05127 0.02956
v -0.07680 0.14492 0.08825 0.10224 0.05127 0.02956
v -0.06743 0.14492 0.10769 0.10224 0.05127 0.02956
v -0.07327 0.15365 0.10769 0.10224 0.05127 0.02956
v -0.08044 0.15365 0.12258 0.10224 0.05127 0.02956
v -0.09654 0.15365 0.12625 0.10224 0.05127 0.02956
v -0.10946 0.15365 0.11595 0.10224 0.05127 0.02956
v -0.10946 0.15365 0.09943 0.10224 0.05127 0.02956
v -0.09654 0.15365 0.08913 0.10224 0.05127 0.02956
v -0.08044 0.15365 0.09281 0.10224 0.05127 0.02956
v -0.07327 0.15365 0.10769 0.10224 0.05127 0.02956
v -0.08200 0.15949 0.10769 0.10224 0.05127 0.02956
v -0.08588 0.15949 0.11575 0.10224 0.05127 0.02956
v -0.09460 0.15949 0.11774 0.10224 0.05127 0.02956
v -0.10159 0.15949 0.11216 0.10224 0.05127 0.02956
v -0.10159 0.15949 0.10322 0.10224 0.05127 0.02956
v -0.09460 0.15949 0.09765 0.10224 0.05127 0.02956
v -0.08588 0.15949 0.09964 0.10224 0.05127 0.02956
v -0.08200 0.15949 0.10769 0.10224 0.05127 0.02956
v -0.09231 0.16154 0.10769 0.10224 0.05127 0.02956
v -0.09231 0.16154 0.10769 0.10224 0.05127 0.02956
v -0.09231 0.16154 0.10769 0.10224 0.05127 0.02956
v -0.09231 0.16154 0.10769 0.10224 0.05127 0.02956
v -0.09231 0.16154 0.10769 0.10224 0.05127 0.02956
v -0.09231 0.16154 0.10769 0.10224 0.05127 0.02956
v -0.09231 0.16154 0.10769 0.10224 0.05127 0.02956
v -0.09231 0.16154 0.10769 0.10224 0.05127 0.02956
v -0.09231 0.00000 -0.12308 0.10224 0.05127 0.02956
v -0.09231 0.00000 -0.12308 0.10224 0.05127 0.02956
v -0.09231 0.00000 -0.12308 0.10224 0.05127 0.02956
v -0.09231 0.00000 -0.12308 0.10224 0.05127 0.02956
v -0.09231 0.00000 -0.12308 0.10224 0.05127 0.02956
v -0.09231 0.00000 -0.12308 0.10224 0.05127 0.02956
v -0.09231 0.00000 -0.12308 0.10224 0.05127 0.02956
v -0.09231 0.00000 -0.12308 0.10224 0.05127 0.02956
v -0.08200 0.00205 -0.12308 0.10224 0.05127 0.02956
v -0.08588 0.00205 -0.11502 0.10224 0.05127 0.02956
v -0.09460 0.00205 -0.11303 0.10224 0.05127 0.02956
v -0.10159 0.00205 -0.11861 0.10224 0.05127 0.02956
v -0.10159 0.00205 -0.12755 0.10224 0.05127 0.02956
v -0.09460 0.00205 -0.13312 0.10224 0.05127 0.02956
v -0.08588 0.00205 -0.13113 0.10224 0.05127 0.02956
v -0.08200 0.00205 -0.12308 0.10224 0.05127 0.02956
v -0.07327 0.00789 -0.12308 0.10224 0.05127 0.02956
v -0.08044 0.00789 -0.10819 0.10224 0.05127 0.02956
v -0.09654 0.00789 -0.10452 0.10224 0.05127 0.02956
v -0.10946 0.00789 -0.11482 0.10224 0.05127 0.02956
v -0.10946 0.00789 -0.13134 0.10224 0.05127 0.02956
v -0.09654 0.00789 -0.14164 0.10224 0.05127 0.02956
v -0.08044 0.00789 -0.13796 0.10224 0.05127 0.02956
v -0.07327 0.00789 -0.12308 0.10224 0.05127 0.02956
v -0.06743 0.01662 -0.12308 0.10224 0.05127 0.02956
v -0.07680 0.01662 -0.10363 0.10224 0.05127 0.02956
v -0.09784 0.01662 -0.09883 0.10224 0.05127 0.02956
v -0.11472 0.01662 -0.11228 0.10224 0.05127 0.02956
v -0.11472 0.01662 -0.13387 0.10224 0.05127 0.02956
v -0.09784 0.01662 -0.14733 0.10224 0.05127 0.02956
v -0.07680 0.01662 -0.14252 0.10224 0.05127 0.02956
v -0.06743 0.01662 -0.12308 0.10224 0.05127 0.02956
v -0.06538 0.02692 -0.12308 0.10224 0.05127 0.02956
v -0.07552 0.02692 -0.10203 0.10224 0.05127 0.02956
v -0.09830 0.02692 -0.09683 0.10224 0.05127 0.02956
v -0.11656 0.02692 -0.11140 0.10224 0.05127 0.02956
v -0.11656 0.02692 -0.13476 0.10224 0.05127 0.02956
v -0.09830 0.02692 -0.14932 0.10224 0.05127 0.02956
v -0.07552 0.02692 -0.14413 0.10224 0.05127 0.02956
v -0.06538 0.02692 -0.12308 0.10224 0.05127 0.02956
v -0.06538 0.13462 -0.12308 0.10224 0.05127 0.02956
v -0.07552 0.13462 -0.10203 0.10224 0.05127 0.02956
v -0.09830 0.13462 -0.09683 0.10224 0.05127 0.02956
v -0.11656 0.13462 -0.11140 0.10224 0.05127 0.02956
v -0.11656 0.13462 -0.13476 0.10224 0.05127 0.02956
v -0.09830 0.13462 -0.14932 0.10224 0.05127 0.02956
v -0.07552 0.13462 -0.14413 0.10224 0.05127 0.02956
v -0.06538 0.13462 -0.12308 0.10224 0.05127 0.02956
v -0.06743 0.14492 -0.12308 0.10224 0.05127 0.02956
v -0.07680 0.14492 -0.10363 0.10224 0.05127 0.02956
v -0.09784 0.14492 -0.09883 0.10224 0.05127 0.02956
v -0.11472 0.14492 -0.11228 0.10224 0.05127 0.02956
v -0.11472 0.14492 -0.13387 0.10224 0.05127 0.02956
v -0.09784 0.14492 -0.14733 0.10224 0.05127 0.02956
v -0.07680 0.14492 -0.14252 0.10224 0.05127 0.02956
v -0.06743 0.14492 -0.12308 0.10224 0.05127 0.02956
v -0.07327 0.15365 -0.12308 0.10224 0.05127 0.02956
v -0.08044 0.15365 -0.10819 0.10224 0.05127 0.02956
v -0.09654 0.15365 -0.10452 0.10224 0.05127 0.02956
v -0.10946 0.15365 -0.11482 0.10224 0.05127 0.02956
v -0.10946 0.15365 -0.13134 0.10224 0.05127 0.02956
v -0.09654 0.15365 -0.14164 0.10224 0.05127 0.02956
v -0.08044 0.15365 -0.13796 0.10224 0.05127 0.02956
v -0.07327 0.15365 -0.12308 0.10224 0.05127 0.02956
v -0.08200 0.15949 -0.12308 0.10224 0.05127 0.02956
v -0.08588 0.15949 -0.11502 0.10224 0.05127 0.02956
v -0.09460 0.15949 -0.11303 0.10224 0.05127 0.02956
v -0.10159 0.15949 -0.11861 0.10224 0.05127 0.02956
v -0.10159 0.15949 -0.12755 0.10224 0.05127 0.02956
v -0.09460 0.15949 -0.13312 0.10224 0.05127 0.02956
v -0.08588 0.15949 -0.13113 0.10224 0.05127 0.02956
v -0.08200 0.15949 -0.12308 0.10224 0.05127 0.02956
v -0.09231 0.16154 -0.12308 0.10224 0.05127 0.02956
v -0.09231 0.16154 -0.12308 0.10224 0.05127 0.02956
v -0.09231 0.16154 -0.12308 0.10224 0.05127 0.02956
v -0.09231 0.16154 -0.12308 0.10224 0.05127 0.02956
v -0.09231 0.16154 -0.12308 0.10224 0.05127 0.02956
v -0.09231 0.16154 -0.12308 0.10224 0.05127 0.02956
v -0.09231 0.16154 -0.12308 0.10224 0.05127 0.02956
v -0.09231 0.16154 -0.12308 0.10224 0.05127 0.02956
f 1 12 2
f 2 12 13
f 2 13 3
f 3 13 14
f 3 14 4
f 4 14 15
f 4 15 5
f 5 15 16
f 5 16 6
f 6 16 17
f 6 17 7
f 7 17 18
f 7 18 8
f 8 18 19
f 8 19 9
f 9 19 20
f 9 20 10
f 10 20 21
f 10 21 11
f 11 21 22
f 12 23 13
f 13 23 24
f 13 24 14
f 14 24 25
f 14 25 15
f 15 25 26
f 15 26 16
f 16 26 27
f 16 27 17
f 17 27 28
f 17 28 18
f 18 28 29
f 18 29 19
f 19 29 30
f 19 30 20
f 20 30 31
f 20 31 21
f 21 31 32
f 21 32 22
f 22 32 33
f 23 34 24
f 24 34 35
f 24 35 25
f 25 35 36
f 25 36 26
f 26 36 37
f 26 37 27
f 27 37 38
f 27 38 28
f 28 38 39
f 28 39 29
f 29 39 40
f 29 40 30
f 30 40 41
f 30 41 31
f 31 41 42
f 31 42 32
f 32 42 43
f 32 43 33
f 33 43 44
f 34 45 35
f 35 45 46
f 35 46 36
f 36 46 47
f 36 47 37
f 37 47 48
f 37 48 38
f 38 48 49
f 38 49 39
f 39 49 50
f 39 50 40
f 40 50 51
f 40 51 41
f 41 51 52
f 41 52 42
f 42 52 53
f 42 53 43
f 43 53 54
f 43 54 44
f 44 54 55
f 45 56 46
f 46 56 57
f 46 57 47
f 47 57 58
f 47 58 48
f 48 58 59
f 48 59 49
f 49 59 60
f 49 60 50
f 50 60 61
f 50 61 51
f 51 61 62
f 51 62 52
f 52 62 63
f 52 63 53
f 53 63 64
f 53 64 54
f 54 64 65
f 54 65 55
f 55 65 66
f 56 67 57
f 57 67 68
f 57 68 58
f 58 68 69
f 58 69 59
f 59 69 70
f 59 70 60
f 60 70 71
f 60 71 61
f 61 71 72
f 61 72 62
f 62 72 73
f 62 73 63
f 63 73 74
f 63 74 64
f 64 74 75
f 64 75 65
f 65 75 76
f 65 76 66
f 66 76 77
f 67 78 68
f 68 78 79
f 68 79 69
f 69 79 80
f 69 80 70
f 70 80 81
f 70 81 71
f 71 81 82
f 71 82 72
f 72 82 83
f 72 83 73
f 73 83 84
f 73 84 74
f 74 84 85
f 74 85 75
f 75 85 86
f 75 86 76
f 76 86 87
f 76 87 77
f 77 87 88
f 78 89 79
f 79 89 90
f 79 90 80
f 80 90 91
f 80 91 81
f 81 91 92
f 81 92 82
f 82 92 93
f 82 93 83
f 83 93 94
f 83 94 84
f 84 94 95
f 84 95 85
f 85 95 96
f 85 96 86
f 86 96 97
f 86 97 87
f 87 97 98
f 87 98 88
f 88 98 99
f 89 100 90
f 90 100 101
f 90 101 91
f 91 101 102
f 91 102 92
f 92 102 103
f 92 103 93
f 93 103 104
f 93 104 94
f 94 104 105
f 94 105 95
f 95 105 106
f 95 106 96
f 96 106 107
f 96 107 97
f 97 107 108
f 97 108 98
f 98 108 109
f 98 109 99
f 99 109 110
f 100 111 101
f 101 111 112
f 101 112 102
f 102 112 113
f 102 113 103
f 103 113 114
f 103 114 104
f 104 114 115
f 104 115 105
f 105 115 116
f 105 116 106
f 106 116 117
f 106 117 107
f 107 117 118
f 107 118 108
f 108 118 119
f 108 119 109
f 109 119 120
f 109 120 110
f 110 120 121
f 111 122 112
f 112 122 123
f 112 123 113
f 113 123 124
f 113 124 114
f 114 124 125
f 114 125 115
f 115 125 126
f 115 126 116
f 116 126 127
f 116 127 117
f 117 127 128
f 117 128 118
f 118 128 129
f 118 129 119
f 119 129 130
f 119 130 120
f 120 130 131
f 120 131 121
f 121 131 132
f 122 133 123
f 123 133 134
f 123 134 124
f 124 134 135
f 124 135 125
f 125 135 136
f 125 136 126
f 126 136 137
f 126 137 127
f 127 137 138
f 127 138 128
f 128 138 139
f 128 139 129
f 129 139 140
f 129 140 130
f 130 140 141
f 130 141 131
f 131 141 142
f 131 142 132
f 132 142 143
f 133 144 134
f 134 144 145
f 134 145 135
f 135 145 146
f 135 146 136
f 136 146 147
f 136 147 137
f 137 147 148
f 137 148 138
f 138 148 149
f 138 149 139
f 139 149 150
f 139 150 140
f 140 150 151
f 140 151 141
f 141 151 152
f 141 152 142
f 142 152 153
f 142 153 143
f 143 153 154
f 144 155 145
f 145 155 156
f 145 156 146
f 146 156 157
f 146 157 147
f 147 157 158
f 147 158 148
f 148 158 159
f 148 159 149
f 149 159 160
f 149 160 150
f 150 160 161
f 150 161 151
f 151 161 162
f 151 162 152
f 152 162 163
f 152 163 153
f 153 163 164
f 153 164 154
f 154 164 165
f 155 166 156
f 156 166 167
f 156 167 157
f 157 167 168
f 157 168 158
f 158 168 169
f 158 169 159
f 159 169 170
f 159 170 160
f 160 170 171
f 160 171 161
f 161 171 172
f 161 172 162
f 162 172 173
f 162 173 163
f 163 173 174
f 163 174 164
f 164 174 175
f 164 175 165
f 165 175 176
f 166 177 167
f 167 177 178
f 167 178 168
f 168 178 179
f 168 179 169
f 169 179 180
f 169 180 170
f 170 180 181
f 170 181 171
f 171 181 182
f 171 182 172
f 172 182 183
f 172 183 173
f 173 183 184
f 173 184 174
f 174 184 185
f 174 185 175
f 175 185 186
f 175 186 176
f 176 186 187
f 177 188 178
f 178 188 189
f 178 189 179
f 179 189 190
f 179 190 180
f 180 190 191
f 180 191 181
f 181 191 192
f 181 192 182
f 182 192 193
f 182 193 183
f 183 193 194
f 183 194 184
f 184 194 195
f 184 195 185
f 185 195 196
f 185 196 186
f 186 196 197
f 186 197 187
f 187 197 198
f 188 199 189
f 189 199 200
f 189 200 190
f 190 200 201
f 190 201 191
f 191 201 202
f 191 202 192
f 192 202 203
f 192 203 193
f 193 203 204
f 193 204 194
f 194 204 205
f 194 205 195
f 195 205 206
f 195 206 196
f 196 206 207
f 196 207 197
f 197 207 208
f 197 208 198
f 198 208 209
f 199 210 200
f 200 210 211
f 200 211 201
f 201 211 212
f 201 212 202
f 202 212 213
f 202 213 203
f 203 213 214
f 203 214 204
f 204 214 215
f 204 215 205
f 205 215 216
f 205 216 206
f 206 216 217
f 206 217 207
f 207 217 218
f 207 218 208
f 208 218 219
f 208 219 209
f 209 219 220
f 221 233 232
f 222 234 233
f 223 235 234
f 224 236 235
f 225 237 236
f 226 238 237
f 227 239 238
f 228 240 239
f 229 241 240
f 230 242 241
f 233 244 232
f 232 244 243
f 234 245 233
f 233 245 244
f 235 246 234
f 234 246 245
f 236 247 235
f 235 247 246
f 237 248 236
f 236 248 247
f 238 249 237
f 237 249 248
f 239 250 238
f 238 250 249
f 240 251 239
f 239 251 250
f 241 252 240
f 240 252 251
f 242 253 241
f 241 253 252
f 244 255 243
f 243 255 254
f 245 256 244
f 244 256 255
f 246 257 245
f 245 257 256
f 247 258 246
f 246 258 257
f 248 259 247
f 247 259 258
f 249 260 248
f 248 260 259
f 250 261 249
f 249 261 260
f 251 262 250
f 250 262 261
f 252 263 251
f 251 263 262
f 253 264 252
f 252 264 263
f 255 266 254
f 254 266 265
f 256 267 255
f 255 267 266
f 257 268 256
f 256 268 267
f 258 269 257
f 257 269 268
f 259 270 258
f 258 270 269
f 260 271 259
f 259 271 270
f 261 272 260
f 260 272 271
f 262 273 261
f 261 273 272
f 263 274 262
f 262 274 273
f 264 275 263
f 263 275 274
f 266 277 265
f 265 277 276
f 267 278 266
f 266 278 277
f 268 279 267
f 267 279 278
f 269 280 268
f 268 280 279
f 270 281 269
f 269 281 280
f 271 282 270
f 270 282 281
f 272 283 271
f 271 283 282
f 273 284 272
f 272 284 283
f 274 285 273
f 273 285 284
f 275 286 274
f 274 286 285
f 277 288 276
f 276 288 287
f 278 289 277
f 277 289 288
f 279 290 278
f 278 290 289
f 280 291 279
f 279 291 290
f 281 292 280
f 280 292 291
f 282 293 281
f 281 293 292
f 283 294 282
f 282 294 293
f 284 295 283
f 283 295 294
f 285 296 284
f 284 296 295
f 286 297 285
f 285 297 296
f 288 299 287
f 287 299 298
f 289 300 288
f 288 300 299
f 290 301 289
f 289 301 300
f 291 302 290
f 290 302 301
f 292 303 291
f 291 303 302
f 293 304 292
f 292 304 303
f 294 305 293
f 293 305 304
f 295 306 294
f 294 306 305
f 296 307 295
f 295 307 306
f 297 308 296
f 296 308 307
f 299 310 298
f 298 310 309
f 300 311 299
f 299 311 310
f 301 312 300
f 300 312 311
f 302 313 301
f 301 313 312
f 303 314 302
f 302 314 313
f 304 315 303
f 303 315 314
f 305 316 304
f 304 316 315
f 306 317 305
f 305 317 316
f 307 318 306
f 306 318 317
f 308 319 307
f 307 319 318
f 310 321 309
f 311 322 310
f 312 323 311
f 313 324 312
f 314 325 313
f 315 326 314
f 316 327 315
f 317 328 316
f 318 329 317
f 319 330 318
f 331 347 346
f 332 348 347
f 333 349 348
f 334 350 349
f 335 351 350
f 336 352 351
f 337 353 352
f 338 354 353
f 339 355 354
f 340 356 355
f 341 357 356
f 342 358 357
f 343 359 358
f 344 360 359
f 347 362 346
f 346 362 361
f 348 363 347
f 347 363 362
f 349 364 348
f 348 364 363
f 350 365 349
f 349 365 364
f 351 366 350
f 350 366 365
f 352 367 351
f 351 367 366
f 353 368 352
f 352 368 367
f 354 369 353
f 353 369 368
f 355 370 354
f 354 370 369
f 356 371 355
f 355 371 370
f 357 372 356
f 356 372 371
f 358 373 357
f 357 373 372
f 359 374 358
f 358 374 373
f 360 375 359
f 359 375 374
f 362 377 361
f 361 377 376
f 363 378 362
f 362 378 377
f 364 379 363
f 363 379 378
f 365 380 364
f 364 380 379
f 366 381 365
f 365 381 380
f 367 382 366
f 366 382 381
f 368 383 367
f 367 383 382
f 369 384 368
f 368 384 383
f 370 385 369
f 369 385 384
f 371 386 370
f 370 386 385
f 372 387 371
f 371 387 386
f 373 388 372
f 372 388 387
f 374 389 373
f 373 389 388
f 375 390 374
f 374 390 389
f 377 392 376
f 376 392 391
f 378 393 377
f 377 393 392
f 379 394 378
f 378 394 393
f 380 395 379
f 379 395 394
f 381 396 380
f 380 396 395
f 382 397 381
f 381 397 396
f 383 398 382
f 382 398 397
f 384 399 383
f 383 399 398
f 385 400 384
f 384 400 399
f 386 401 385
f 385 401 400
f 387 402 386
f 386 402 401
f 388 403 387
f 387 403 402
f 389 404 388
f 388 404 403
f 390 405 389
f 389 405 404
f 392 407 391
f 391 407 406
f 393 408 392
f 392 408 407
f 394 409 393
f 393 409 408
f 395 410 394
f 394 410 409
f 396 411 395
f 395 411 410
f 397 412 396
f 396 412 411
f 398 413 397
f 397 413 412
f 399 414 398
f 398 414 413
f 400 415 399
f 399 415 414
f 401 416 400
f 400 416 415
f 402 417 401
f 401 417 416
f 403 418 402
f 402 418 417
f 404 419 403
f 403 419 418
f 405 420 404
f 404 420 419
f 407 422 406
f 406 422 421
f 408 423 407
f 407 423 422
f 409 424 408
f 408 424 423
f 410 425 409
f 409 425 424
f 411 426 410
f 410 426 425
f 412 427 411
f 411 427 426
f 413 428 412
f 412 428 427
f 414 429 413
f 413 429 428
f 415 430 414
f 414 430 429
f 416 431 415
f 415 431 430
f 417 432 416
f 416 432 431
f 418 433 417
f 417 433 432
f 419 434 418
f 418 434 433
f 420 435 419
f 419 435 434
f 422 437 421
f 421 437 436
f 423 438 422
f 422 438 437
f 424 439 423
f 423 439 438
f 425 440 424
f 424 440 439
f 426 441 425
f 425 441 440
f 427 442 426
f 426 442 441
f 428 443 427
f 427 443 442
f 429 444 428
f 428 444 443
f 430 445 429
f 429 445 444
f 431 446 430
f 430 446 445
f 432 447 431
f 431 447 446
f 433 448 432
f 432 448 447
f 434 449 433
f 433 449 448
f 435 450 434
f 434 450 449
f 437 452 436
f 436 452 451
f 438 453 437
f 437 453 452
f 439 454 438
f 438 454 453
f 440 455 439
f 439 455 454
f 441 456 440
f 440 456 455
f 442 457 441
f 441 457 456
f 443 458 442
f 442 458 457
f 444 459 443
f 443 459 458
f 445 460 444
f 444 460 459
f 446 461 445
f 445 461 460
f 447 462 446
f 446 462 461
f 448 463 447
f 447 463 462
f 449 464 448
f 448 464 463
f 450 465 449
f 449 465 464
f 452 467 451
f 451 467 466
f 453 468 452
f 452 468 467
f 454 469 453
f 453 469 468
f 455 470 454
f 454 470 469
f 456 471 455
f 455 471 470
f 457 472 456
f 456 472 471
f 458 473 457
f 457 473 472
f 459 474 458
f 458 474 473
f 460 475 459
f 459 475 474
f 461 476 460
f 460 476 475
f 462 477 461
f 461 477 476
f 463 478 462
f 462 478 477
f 464 479 463
f 463 479 478
f 465 480 464
f 464 480 479
f 467 482 466
f 468 483 467
f 469 484 468
f 470 485 469
f 471 486 470
f 472 487 471
f 473 488 472
f 474 489 473
f 475 490 474
f 476 491 475
f 477 492 476
f 478 493 477
f 479 494 478
f 480 495 479
f 496 504 497
f 497 504 505
f 497 505 498
f 498 505 506
f 498 506 499
f 499 506 507
f 499 507 500
f 500 507 508
f 500 508 501
f 501 508 509
f 501 509 502
f 502 509 510
f 502 510 503
f 503 510 511
f 504 512 505
f 505 512 513
f 505 513 506
f 506 513 514
f 506 514 507
f 507 514 515
f 507 515 508
f 508 515 516
f 508 516 509
f 509 516 517
f 509 517 510
f 510 517 518
f 510 518 511
f 511 518 519
f 512 520 513
f 513 520 521
f 513 521 514
f 514 521 522
f 514 522 515
f 515 522 523
f 515 523 516
f 516 523 524
f 516 524 517
f 517 524 525
f 517 525 518
f 518 525 526
f 518 526 519
f 519 526 527
f 520 528 521
f 521 528 529
f 521 529 522
f 522 529 530
f 522 530 523
f 523 530 531
f 523 531 524
f 524 531 532
f 524 532 525
f 525 532 533
f 525 533 526
f 526 533 534
f 526 534 527
f 527 534 535
f 528 536 529
f 529 536 537
f 529 537 530
f 530 537 538
f 530 538 531
f 531 538 539
f 531 539 532
f 532 539 540
f 532 540 533
f 533 540 541
f 533 541 534
f 534 541 542
f 534 542 535
f 535 542 543
f 536 544 537
f 537 544 545
f 537 545 538
f 538 545 546
f 538 546 539
f 539 546 547
f 539 547 540
f 540 547 548
f 540 548 541
f 541 548 549
f 541 549 542
f 542 549 550
f 542 550 543
f 543 550 551
f 544 552 545
f 545 552 553
f 545 553 546
f 546 553 554
f 546 554 547
f 547 554 555
f 547 555 548
f 548 555 556
f 548 556 549
f 549 556 557
f 549 557 550
f 550 557 558
f 550 558 551
f 551 558 559
f 552 560 553
f 553 560 561
f 553 561 554
f 554 561 562
f 554 562 555
f 555 562 563
f 555 563 556
f 556 563 564
f 556 564 557
f 557 564 565
f 557 565 558
f 558 565 566
f 558 566 559
f 559 566 567
f 560 568 561
f 561 568 569
f 561 569 562
f 562 569 570
f 562 570 563
f 563 570 571
f 563 571 564
f 564 571 572
f 564 572 565
f 565 572 573
f 565 573 566
f 566 573 574
f 566 574 567
f 567 574 575
f 576 584 577
f 577 584 585
f 577 585 578
f 578 585 586
f 578 586 579
f 579 586 587
f 579 587 580
f 580 587 588
f 580 588 581
f 581 588 589
f 581 589 582
f 582 589 590
f 582 590 583
f 583 590 591
f 584 592 585
f 585 592 593
f 585 593 586
f 586 593 594
f 586 594 587
f 587 594 595
f 587 595 588
f 588 595 596
f 588 596 589
f 589 596 597
f 589 597 590
f 590 597 598
f 590 598 591
f 591 598 599
f 592 600 593
f 593 600 601
f 593 601 594
f 594 601 602
f 594 602 595
f 595 602 603
f 595 603 596
f 596 603 604
f 596 604 597
f 597 604 605
f 597 605 598
f 598 605 606
f 598 606 599
f 599 606 607
f 600 608 601
f 601 608 609
f 601 609 602
f 602 609 610
f 602 610 603
f 603 610 611
f 603 611 604
f 604 611 612
f 604 612 605
f 605 612 613
f 605 613 606
f 606 613 614
f 606 614 607
f 607 614 615
f 608 616 609
f 609 616 617
f 609 617 610
f 610 617 618
f 610 618 611
f 611 618 619
f 611 619 612
f 612 619 620
f 612 620 613
f 613 620 621
f 613 621 614
f 614 621 622
f 614 622 615
f 615 622 623
f 616 624 617
f 617 624 625
f 617 625 618
f 618 625 626
f 618 626 619
f 619 626 627
f 619 627 620
f 620 627 628
f 620 628 621
f 621 628 629
f 621 629 622
f 622 629 630
f 622 630 623
f 623 630 631
f 624 632 625
f 625 632 633
f 625 633 626
f 626 633 634
f 626 634 627
f 627 634 635
f 627 635 628
f 628 635 636
f 628 636 629
f 629 636 637
f 629 637 630
f 630 637 638
f 630 638 631
f 631 638 639
f 632 640 633
f 633 640 641
f 633 641 634
f 634 641 642
f 634 642 635
f 635 642 643
f 635 643 636
f 636 643 644
f 636 644 637
f 637 644 645
f 637 645 638
f 638 645 646
f 638 646 639
f 639 646 647
f 640 648 641
f 641 648 649
f 641 649 642
f 642 649 650
f 642 650 643
f 643 650 651
f 643 651 644
f 644 651 652
f 644 652 645
f 645 652 653
f 645 653 646
f 646 653 654
f 646 654 647
f 647 654 655
f 656 664 657
f 657 664 665
f 657 665 658
f 658 665 666
f 658 666 659
f 659 666 667
f 659 667 660
f 660 667 668
f 660 668 661
f 661 668 669
f 661 669 662
f 662 669 670
f 662 670 663
f 663 670 671
f 664 672 665
f 665 672 673
f 665 673 666
f 666 673 674
f 666 674 667
f 667 674 675
f 667 675 668
f 668 675 676
f 668 676 669
f 669 676 677
f 669 677 670
f 670 677 678
f 670 678 671
f 671 678 679
f 672 680 673
f 673 680 681
f 673 681 674
f 674 681 682
f 674 682 675
f 675 682 683
f 675 683 676
f 676 683 684
f 676 684 677
f 677 684 685
f 677 685 678
f 678 685 686
f 678 686 679
f 679 686 687
f 680 688 681
f 681 688 689
f 681 689 682
f 682 689 690
f 682 690 683
f 683 690 691
f 683 691 684
f 684 691 692
f 684 692 685
f 685 692 693
f 685 693 686
f 686 693 694
f 686 694 687
f 687 694 695
f 688 696 689
f 689 696 697
f 689 697 690
f 690 697 698
f 690 698 691
f 691 698 699
f 691 699 692
f 692 699 700
f 692 700 693
f 693 700 701
f 693 701 694
f 694 701 702
f 694 702 695
f 695 702 703
f 696 704 697
f 697 704 705
f 697 705 698
f 698 705 706
f 698 706 699
f 699 706 707
f 699 707 700
f 700 707 708
f 700 708 701
f 701 708 709
f 701 709 702
f 702 709 710
f 702 710 703
f 703 710 711
f 704 712 705
f 705 712 713
f 705 713 706
f 706 713 714
f 706 714 707
f 707 714 715
f 707 715 708
f 708 715 716
f 708 716 709
f 709 716 717
f 709 717 710
f 710 717 718
f 710 718 711
f 711 718 719
f 712 720 713
f 713 720 721
f 713 721 714
f 714 721 722
f 714 722 715
f 715 722 723
f 715 723 716
f 716 723 724
f 716 724 717
f 717 724 725
f 717 725 718
f 718 725 726
f 718 726 719
f 719 726 727
f 720 728 721
f 721 728 729
f 721 729 722
f 722 729 730
f 722 730 723
f 723 730 731
f 723 731 724
f 724 731 732
f 724 732 725
f 725 732 733
f 725 733 726
f 726 733 734
f 726 734 727
f 727 734 735
f 736 744 737
f 737 744 745
f 737 745 738
f 738 745 746
f 738 746 739
f 739 746 747
f 739 747 740
f 740 747 748
f 740 748 741
f 741 748 749
f 741 749 742
f 742 749 750
f 742 750 743
f 743 750 751
f 744 752 745
f 745 752 753
f 745 753 746
f 746 753 754
f 746 754 747
f 747 754 755
f 747 755 748
f 748 755 756
f 748 756 749
f 749 756 757
f 749 757 750
f 750 757 758
f 750 758 751
f 751 758 759
f 752 760 753
f 753 760 761
f 753 761 754
f 754 761 762
f 754 762 755
f 755 762 763
f 755 763 756
f 756 763 764
f 756 764 757
f 757 764 765
f 757 765 758
f 758 765 766
f 758 766 759
f 759 766 767
f 760 768 761
f 761 768 769
f 761 769 762
f 762 769 770
f 762 770 763
f 763 770 771
f 763 771 764
f 764 771 772
f 764 772 765
f 765 772 773
f 765 773 766
f 766 773 774
f 766 774 767
f 767 774 775
f 768 776 769
f 769 776 777
f 769 777 770
f 770 777 778
f 770 778 771
f 771 778 779
f 771 779 772
f 772 779 780
f 772 780 773
f 773 780 781
f 773 781 774
f 774 781 782
f 774 782 775
f 775 782 783
f 776 784 777
f 777 784 785
f 777 785 778
f 778 785 786
f 778 786 779
f 779 786 787
f 779 787 780
f 780 787 788
f 780 788 781
f 781 788 789
f 781 789 782
f 782 789 790
f 782 790 783
f 783 790 791
f 784 792 785
f 785 792 793
f 785 793 786
f 786 793 794
f 786 794 787
f 787 794 795
f 787 795 788
f 788 795 796
f 788 796 789
f 789 796 797
f 789 797 790
f 790 797 798
f 790 798 791
f 791 798 799
f 792 800 793
f 793 800 801
f 793 801 794
f 794 801 802
f 794 802 795
f 795 802 803
f 795 803 796
f 796 803 804
f 796 804 797
f 797 804 805
f 797 805 798
f 798 805 806
f 798 806 799
f 799 806 807
f 800 808 801
f 801 808 809
f 801 809 802
f 802 809 810
f 802 810 803
f 803 810 811
f 803 811 804
f 804 811 812
f 804 812 805
f 805 812 813
f 805 813 806
f 806 813 814
f 806 814 807
f 807 814 815
v 0.00000 0.39462 0.00923 0.55201 0.25415 0.19462
v 0.00000 0.39462 0.00923 0.55201 0.25415 0.19462
v 0.00000 0.39462 0.00923 0.55201 0.25415 0.19462
v 0.00000 0.39462 0.00923 0.55201 0.25415 0.19462
v 0.00000 0.39462 0.00923 0.55201 0.25415 0.19462
v 0.00000 0.39462 0.00923 0.55201 0.25415 0.19462
v 0.00000 0.39462 0.00923 0.55201 0.25415 0.19462
v 0.00000 0.39462 0.00923 0.55201 0.25415 0.19462
v 0.01413 0.39462 0.01204 0.55201 0.25415 0.19462
v 0.00881 0.38357 0.01204 0.55201 0.25415 0.19462
v -0.00314 0.38084 0.01204 0.55201 0.25415 0.19462
v -0.01273 0.38848 0.01204 0.55201 0.25415 0.19462
v -0.01273 0.40075 0.01204 0.55201 0.25415 0.19462
v -0.00314 0.40839 0.01204 0.55201 0.25415 0.19462
v 0.00881 0.40566 0.01204 0.55201 0.25415 0.19462
v 0.01413 0.39462 0.01204 0.55201 0.25415 0.19462
v 0.02611 0.39462 0.02005 0.55201 0.25415 0.19462
v 0.01628 0.37420 0.02005 0.55201 0.25415 0.19462
v -0.00581 0.36916 0.02005 0.55201 0.25415 0.19462
v -0.02352 0.38329 0.02005 0.55201 0.25415 0.19462
v -0.02352 0.40594 0.02005 0.55201 0.25415 0.19462
v -0.00581 0.42007 0.02005 0.55201 0.25415 0.19462
v 0.01628 0.41503 0.02005 0.55201 0.25415 0.19462
v 0.02611 0.39462 0.02005 0.55201 0.25415 0.19462
v 0.03411 0.39462 0.03202 0.55201 0.25415 0.19462
v 0.02127 0.36795 0.03202 0.55201 0.25415 0.19462
v -0.00759 0.36136 0.03202 0.55201 0.25415 0.19462
v -0.03073 0.37981 0.03202 0.55201 0.25415 0.19462
v -0.03073 0.40942 0.03202 0.55201 0.25415 0.19462
v -0.00759 0.42787 0.03202 0.55201 0.25415 0.19462
v 0.02127 0.42129 0.03202 0.55201 0.25415 0.19462
v 0.03411 0.39462 0.03202 0.55201 0.25415 0.19462
v 0.03692 0.39462 0.04615 0.55201 0.25415 0.19462
v 0.02302 0.36575 0.04615 0.55201 0.25415 0.19462
v -0.00822 0.35862 0.04615 0.55201 0.25415 0.19462
v -0.03327 0.37860 0.04615 0.55201 0.25415 0.19462
v -0.03327 0.41064 0.04615 0.55201 0.25415 0.19462
v -0.00822 0.43061 0.04615 0.55201 0.25415 0.19462
v 0.02302 0.42348 0.04615 0.55201 0.25415 0.19462
v 0.03692 0.39462 0.04615 0.55201 0.25415 0.19462
v 0.03692 0.39462 0.11077 0.55201 0.25415 0.19462
v 0.02302 0.36575 0.11077 0.55201 0.25415 0.19462
v -0.00822 0.35862 0.11077 0.55201 0.25415 0.19462
v -0.03327 0.37860 0.11077 0.55201 0.25415 0.19462
v -0.03327 0.41064 0.11077 0.55201 0.25415 0.19462
v -0.00822 0.43061 0.11077 0.55201 0.25415 0.19462
v 0.02302 0.42348 0.11077 0.55201 0.25415 0.19462
v 0.03692 0.39462 0.11077 0.55201 0.25415 0.19462
v 0.03411 0.39462 0.12490 0.55201 0.25415 0.19462
v 0.02127 0.36795 0.12490 0.55201 0.25415 0.19462
v -0.00759 0.36136 0.12490 0.55201 0.25415 0.19462
v -0.03073 0.37981 0.12490 0.55201 0.25415 0.19462
v -0.03073 0.40942 0.12490 0.55201 0.25415 0.19462
v -0.00759 0.42787 0.12490 0.55201 0.25415 0.19462
v 0.02127 0.42129 0.12490 0.55201 0.25415 0.19462
v 0.03411 0.39462 0.12490 0.55201 0.25415 0.19462
v 0.02611 0.39462 0.13688 0.55201 0.25415 0.19462
v 0.01628 0.37420 0.13688 0.55201 0.25415 0.19462
v -0.00581 0.36916 0.13688 0.55201 0.25415 0.19462
v -0.02352 0.38329 0.13688 0.55201 0.25415 0.19462
v -0.02352 0.40594 0.13688 0.55201 0.25415 0.19462
v -0.00581 0.42007 0.13688 0.55201 0.25415 0.19462
v 0.01628 0.41503 0.13688 0.55201 0.25415 0.19462
v 0.02611 0.39462 0.13688 0.55201 0.25415 0.19462
v 0.01413 0.39462 0.14488 0.55201 0.25415 0.19462
v 0.00881 0.38357 0.14488 0.55201 0.25415 0.19462
v -0.00314 0.38084 0.14488 0.55201 0.25415 0.19462
v -0.01273 0.38848 0.14488 0.55201 0.25415 0.19462
v -0.01273 0.40075 0.14488 0.55201 0.25415 0.19462
v -0.00314 0.40839 0.14488 0.55201 0.25415 0.19462
v 0.00881 0.40566 0.14488 0.55201 0.25415 0.19462
v 0.01413 0.39462 0.14488 0.55201 0.25415 0.19462
v 0.00000 0.39462 0.14769 0.55201 0.25415 0.19462
v 0.00000 0.39462 0.14769 0.55201 0.25415 0.19462
v -0.00000 0.39462 0.14769 0.55201 0.25415 0.19462
v -0.00000 0.39462 0.14769 0.55201 0.25415 0.19462
v -0.00000 0.39462 0.14769 0.55201 0.25415 0.19462
v -0.00000 0.39462 0.14769 0.55201 0.25415 0.19462
v 0.00000 0.39462 0.14769 0.55201 0.25415 0.19462
v 0.00000 0.39462 0.14769 0.55201 0.25415 0.19462
v 0.09040 0.11979 -0.00923 0.55201 0.25415 0.19462
v 0.09040 0.11979 -0.00923 0.55201 0.25415 0.19462
v 0.09040 0.11979 -0.00923 0.55201 0.25415 0.19462
v 0.09040 0.11979 -0.00923 0.55201 0.25415 0.19462
v 0.09040 0.11979 -0.00923 0.55201 0.25415 0.19462
v 0.09040 0.11979 -0.00923 0.55201 0.25415 0.19462
v 0.09040 0.11979 -0.00923 0.55201 0.25415 0.19462
v 0.09040 0.11979 -0.00923 0.55201 0.25415 0.19462
v 0.09040 0.11979 -0.00923 0.55201 0.25415 0.19462
v 0.09040 0.11979 -0.00923 0.55201 0.25415 0.19462
v 0.09830 0.11253 -0.00923 0.55201 0.25415 0.19462
v 0.09612 0.11332 -0.00691 0.55201 0.25415 0.19462
v 0.09060 0.11533 -0.00568 0.55201 0.25415 0.19462
v 0.08433 0.11762 -0.00611 0.55201 0.25415 0.19462
v 0.08024 0.11912 -0.00800 0.55201 0.25415 0.19462
v 0.08024 0.11912 -0.01046 0.55201 0.25415 0.19462
v 0.08433 0.11762 -0.01235 0.55201 0.25415 0.19462
v 0.09060 0.11533 -0.01278 0.55201 0.25415 0.19462
v 0.09612 0.11332 -0.01155 0.55201 0.25415 0.19462
v 0.09830 0.11253 -0.00923 0.55201 0.25415 0.19462
v 0.10181 0.09897 -0.00923 0.55201 0.25415 0.19462
v 0.09789 0.10041 -0.00506 0.55201 0.25415 0.19462
v 0.08795 0.10403 -0.00283 0.55201 0.25415 0.19462
v 0.07665 0.10816 -0.00361 0.55201 0.25415 0.19462
v 0.06927 0.11085 -0.00701 0.55201 0.25415 0.19462
v 0.06927 0.11085 -0.01145 0.55201 0.25415 0.19462
v 0.07665 0.10816 -0.01486 0.55201 0.25415 0.19462
v 0.08795 0.10403 -0.01563 0.55201 0.25415 0.19462
v 0.09789 0.10041 -0.01341 0.55201 0.25415 0.19462
v 0.10181 0.09897 -0.00923 0.55201 0.25415 0.19462
v 0.10025 0.08181 -0.00923 0.55201 0.25415 0.19462
v 0.09535 0.08360 -0.00402 0.55201 0.25415 0.19462
v 0.08296 0.08813 -0.00125 0.55201 0.25415 0.19462
v 0.06886 0.09327 -0.00222 0.55201 0.25415 0.19462
v 0.05966 0.09663 -0.00646 0.55201 0.25415 0.19462
v 0.05966 0.09663 -0.01200 0.55201 0.25415 0.19462
v 0.06886 0.09327 -0.01625 0.55201 0.25415 0.19462
v 0.08296 0.08813 -0.01721 0.55201 0.25415 0.19462
v 0.09535 0.08360 -0.01444 0.55201 0.25415 0.19462
v 0.10025 0.08181 -0.00923 0.55201 0.25415 0.19462
v 0.09391 0.06445 -0.00923 0.55201 0.25415 0.19462
v 0.08901 0.06624 -0.00402 0.55201 0.25415 0.19462
v 0.07662 0.07076 -0.00125 0.55201 0.25415 0.19462
v 0.06252 0.07591 -0.00222 0.55201 0.25415 0.19462
v 0.05332 0.07926 -0.00646 0.55201 0.25415 0.19462
v 0.05332 0.07926 -0.01200 0.55201 0.25415 0.19462
v 0.06252 0.07591 -0.01625 0.55201 0.25415 0.19462
v 0.07662 0.07076 -0.01721 0.55201 0.25415 0.19462
v 0.08901 0.06624 -0.01444 0.55201 0.25415 0.19462
v 0.09391 0.06445 -0.00923 0.55201 0.25415 0.19462
v 0.08405 0.05032 -0.00923 0.55201 0.25415 0.19462
v 0.08013 0.05175 -0.00506 0.55201 0.25415 0.19462
v 0.07019 0.05538 -0.00283 0.55201 0.25415 0.19462
v 0.05888 0.05950 -0.00361 0.55201 0.25415 0.19462
v 0.05151 0.06220 -0.00701 0.55201 0.25415 0.19462
v 0.05151 0.06220 -0.01145 0.55201 0.25415 0.19462
v 0.05888 0.05950 -0.01486 0.55201 0.25415 0.19462
v 0.07019 0.05538 -0.01563 0.55201 0.25415 0.19462
v 0.08013 0.05175 -0.01341 0.55201 0.25415 0.19462
v 0.08405 0.05032 -0.00923 0.55201 0.25415 0.19462
v 0.07263 0.04221 -0.00923 0.55201 0.25415 0.19462
v 0.07045 0.04301 -0.00691 0.55201 0.25415 0.19462
v 0.06494 0.04502 -0.00568 0.55201 0.25415 0.19462
v 0.05867 0.04731 -0.00611 0.55201 0.25415 0.19462
v 0.05457 0.04881 -0.00800 0.55201 0.25415 0.19462
v 0.05457 0.04881 -0.01046 0.55201 0.25415 0.19462
v 0.05867 0.04731 -0.01235 0.55201 0.25415 0.19462
v 0.06494 0.04502 -0.01278 0.55201 0.25415 0.19462
v 0.07045 0.04301 -0.01155 0.55201 0.25415 0.19462
v 0.07263 0.04221 -0.00923 0.55201 0.25415 0.19462
v 0.06191 0.04175 -0.00923 0.55201 0.25415 0.19462
v 0.06191 0.04175 -0.00923 0.55201 0.25415 0.19462
v 0.06191 0.04175 -0.00923 0.55201 0.25415 0.19462
v 0.06191 0.04175 -0.00923 0.55201 0.25415 0.19462
v 0.06191 0.04175 -0.00923 0.55201 0.25415 0.19462
v 0.06191 0.04175 -0.00923 0.55201 0.25415 0.19462
v 0.06191 0.04175 -0.00923 0.55201 0.25415 0.19462
v 0.06191 0.04175 -0.00923 0.55201 0.25415 0.19462
v 0.06191 0.04175 -0.00923 0.55201 0.25415 0.19462
v 0.06191 0.04175 -0.00923 0.55201 0.25415 0.19462
v -0.09040 0.11979 -0.00923 0.55201 0.25415 0.19462
v -0.09040 0.11979 -0.00923 0.55201 0.25415 0.19462
v -0.09040 0.11979 -0.00923 0.55201 0.25415 0.19462
v -0.09040 0.11979 -0.00923 0.55201 0.25415 0.19462
v -0.09040 0.11979 -0.00923 0.55201 0.25415 0.19462
v -0.09040 0.11979 -0.00923 0.55201 0.25415 0.19462
v -0.09040 0.11979 -0.00923 0.55201 0.25415 0.19462
v -0.09040 0.11979 -0.00923 0.55201 0.25415 0.19462
v -0.09040 0.11979 -0.00923 0.55201 0.25415 0.19462
v -0.09040 0.11979 -0.00923 0.55201 0.25415 0.19462
v -0.07968 0.11932 -0.00923 0.55201 0.25415 0.19462
v -0.08185 0.11853 -0.00691 0.55201 0.25415 0.19462
v -0.08737 0.11652 -0.00568 0.55201 0.25415 0.19462
v -0.09364 0.11423 -0.00611 0.55201 0.25415 0.19462
v -0.09774 0.11273 -0.00800 0.55201 0.25415 0.19462
v -0.09774 0.11273 -0.01046 0.55201 0.25415 0.19462
v -0.09364 0.11423 -0.01235 0.55201 0.25415 0.19462
v -0.08737 0.11652 -0.01278 0.55201 0.25415 0.19462
v -0.08185 0.11853 -0.01155 0.55201 0.25415 0.19462
v -0.07968 0.11932 -0.00923 0.55201 0.25415 0.19462
v -0.06826 0.11122 -0.00923 0.55201 0.25415 0.19462
v -0.07218 0.10979 -0.00506 0.55201 0.25415 0.19462
v -0.08212 0.10616 -0.00283 0.55201 0.25415 0.19462
v -0.09342 0.10204 -0.00361 0.55201 0.25415 0.19462
v -0.10080 0.09934 -0.00701 0.55201 0.25415 0.19462
v -0.10080 0.09934 -0.01145 0.55201 0.25415 0.19462
v -0.09342 0.10204 -0.01486 0.55201 0.25415 0.19462
v -0.08212 0.10616 -0.01563 0.55201 0.25415 0.19462
v -0.07218 0.10979 -0.01341 0.55201 0.25415 0.19462
v -0.06826 0.11122 -0.00923 0.55201 0.25415 0.19462
v -0.05840 0.09709 -0.00923 0.55201 0.25415 0.19462
v -0.06330 0.09530 -0.00402 0.55201 0.25415 0.19462
v -0.07569 0.09078 -0.00125 0.55201 0.25415 0.19462
v -0.08978 0.08563 -0.00222 0.55201 0.25415 0.19462
v -0.09898 0.08228 -0.00646 0.55201 0.25415 0.19462
v -0.09898 0.08228 -0.01200 0.55201 0.25415 0.19462
v -0.08978 0.08563 -0.01625 0.55201 0.25415 0.19462
v -0.07569 0.09078 -0.01721 0.55201 0.25415 0.19462
v -0.06330 0.09530 -0.01444 0.55201 0.25415 0.19462
v -0.05840 0.09709 -0.00923 0.55201 0.25415 0.19462
v -0.05206 0.07972 -0.00923 0.55201 0.25415 0.19462
v -0.05696 0.07794 -0.00402 0.55201 0.25415 0.19462
v -0.06935 0.07341 -0.00125 0.55201 0.25415 0.19462
v -0.08345 0.06827 -0.00222 0.55201 0.25415 0.19462
v -0.09265 0.06491 -0.00646 0.55201 0.25415 0.19462
v -0.09265 0.06491 -0.01200 0.55201 0.25415 0.19462
v -0.08345 0.06827 -0.01625 0.55201 0.25415 0.19462
v -0.06935 0.07341 -0.01721 0.55201 0.25415 0.19462
v -0.05696 0.07794 -0.01444 0.55201 0.25415 0.19462
v -0.05206 0.07972 -0.00923 0.55201 0.25415 0.19462
v -0.05049 0.06257 -0.00923 0.55201 0.25415 0.19462
v -0.05442 0.06113 -0.00506 0.55201 0.25415 0.19462
v -0.06436 0.05750 -0.00283 0.55201 0.25415 0.19462
v -0.07566 0.05338 -0.00361 0.55201 0.25415 0.19462
v -0.08304 0.05069 -0.00701 0.55201 0.25415 0.19462
v -0.08304 0.05069 -0.01145 0.55201 0.25415 0.19462
v -0.07566 0.05338 -0.01486 0.55201 0.25415 0.19462
v -0.06436 0.05750 -0.01563 0.55201 0.25415 0.19462
v -0.05442 0.06113 -0.01341 0.55201 0.25415 0.19462
v -0.05049 0.06257 -0.00923 0.55201 0.25415 0.19462
v -0.05401 0.04901 -0.00923 0.55201 0.25415 0.19462
v -0.05619 0.04822 -0.00691 0.55201 0.25415 0.19462
v -0.06170 0.04620 -0.00568 0.55201 0.25415 0.19462
v -0.06798 0.04391 -0.00611 0.55201 0.25415 0.19462
v -0.07207 0.04242 -0.00800 0.55201 0.25415 0.19462
v -0.07207 0.04242 -0.01046 0.55201 0.25415 0.19462
v -0.06798 0.04391 -0.01235 0.55201 0.25415 0.19462
v -0.06170 0.04620 -0.01278 0.55201 0.25415 0.19462
v -0.05619 0.04822 -0.01155 0.55201 0.25415 0.19462
v -0.05401 0.04901 -0.00923 0.55201 0.25415 0.19462
v -0.06191 0.04175 -0.00923 0.55201 0.25415 0.19462
v -0.06191 0.04175 -0.00923 0.55201 0.25415 0.19462
v -0.06191 0.04175 -0.00923 0.55201 0.25415 0.19462
v -0.06191 0.04175 -0.00923 0.55201 0.25415 0.19462
v -0.06191 0.04175 -0.00923 0.55201 0.25415 0.19462
v -0.06191 0.04175 -0.00923 0.55201 0.25415 0.19462
v -0.06191 0.04175 -0.00923 0.55201 0.25415 0.19462
v -0.06191 0.04175 -0.00923 0.55201 0.25415 0.19462
v -0.06191 0.04175 -0.00923 0.55201 0.25415 0.19462
v -0.06191 0.04175 -0.00923 0.55201 0.25415 0.19462
v 0.09231 0.11154 0.13846 0.55201 0.25415 0.19462
v 0.09231 0.11154 0.13846 0.55201 0.25415 0.19462
v 0.09231 0.11154 0.13846 0.55201 0.25415 0.19462
v 0.09231 0.11154 0.13846 0.55201 0.25415 0.19462
v 0.09231 0.11154 0.13846 0.55201 0.25415 0.19462
v 0.09231 0.11154 0.13846 0.55201 0.25415 0.19462
v 0.09231 0.11154 0.13846 0.55201 0.25415 0.19462
v 0.09231 0.11154 0.13846 0.55201 0.25415 0.19462
v 0.11039 0.10566 0.13846 0.55201 0.25415 0.19462
v 0.10358 0.10566 0.15260 0.55201 0.25415 0.19462
v 0.08828 0.10566 0.15609 0.55201 0.25415 0.19462
v 0.07601 0.10566 0.14631 0.55201 0.25415 0.19462
v 0.07601 0.10566 0.13061 0.55201 0.25415 0.19462
v 0.08828 0.10566 0.12083 0.55201 0.25415 0.19462
v 0.10358 0.10566 0.12432 0.55201 0.25415 0.19462
v 0.11039 0.10566 0.13846 0.55201 0.25415 0.19462
v 0.12157 0.09028 0.13846 0.55201 0.25415 0.19462
v 0.11055 0.09028 0.16134 0.55201 0.25415 0.19462
v 0.08580 0.09028 0.16699 0.55201 0.25415 0.19462
v 0.06594 0.09028 0.15116 0.55201 0.25415 0.19462
v 0.06594 0.09028 0.12576 0.55201 0.25415 0.19462
v 0.08580 0.09028 0.10993 0.55201 0.25415 0.19462
v 0.11055 0.09028 0.11558 0.55201 0.25415 0.19462
v 0.12157 0.09028 0.13846 0.55201 0.25415 0.19462
v 0.12157 0.07126 0.13846 0.55201 0.25415 0.19462
v 0.11055 0.07126 0.16134 0.55201 0.25415 0.19462
v 0.08580 0.07126 0.16699 0.55201 0.25415 0.19462
v 0.06594 0.07126 0.15116 0.55201 0.25415 0.19462
v 0.06594 0.07126 0.12576 0.55201 0.25415 0.19462
v 0.08580 0.07126 0.10993 0.55201 0.25415 0.19462
v 0.11055 0.07126 0.11558 0.55201 0.25415 0.19462
v 0.12157 0.07126 0.13846 0.55201 0.25415 0.19462
v 0.11039 0.05588 0.13846 0.55201 0.25415 0.19462
v 0.10358 0.05588 0.15260 0.55201 0.25415 0.19462
v 0.08828 0.05588 0.15609 0.55201 0.25415 0.19462
v 0.07601 0.05588 0.14631 0.55201 0.25415 0.19462
v 0.07601 0.05588 0.13061 0.55201 0.25415 0.19462
v 0.08828 0.05588 0.12083 0.55201 0.25415 0.19462
v 0.10358 0.05588 0.12432 0.55201 0.25415 0.19462
v 0.11039 0.05588 0.13846 0.55201 0.25415 0.19462
v 0.09231 0.05000 0.13846 0.55201 0.25415 0.19462
v 0.09231 0.05000 0.13846 0.55201 0.25415 0.19462
v 0.09231 0.05000 0.13846 0.55201 0.25415 0.19462
v 0.09231 0.05000 0.13846 0.55201 0.25415 0.19462
v 0.09231 0.05000 0.13846 0.55201 0.25415 0.19462
v 0.09231 0.05000 0.13846 0.55201 0.25415 0.19462
v 0.09231 0.05000 0.13846 0.55201 0.25415 0.19462
v 0.09231 0.05000 0.13846 0.55201 0.25415 0.19462
v 0.09231 0.11154 -0.15385 0.55201 0.25415 0.19462
v 0.09231 0.11154 -0.15385 0.55201 0.25415 0.19462
v 0.09231 0.11154 -0.15385 0.55201 0.25415 0.19462
v 0.09231 0.11154 -0.15385 0.55201 0.25415 0.19462
v 0.09231 0.11154 -0.15385 0.55201 0.25415 0.19462
v 0.09231 0.11154 -0.15385 0.55201 0.25415 0.19462
v 0.09231 0.11154 -0.15385 0.55201 0.25415 0.19462
v 0.09231 0.11154 -0.15385 0.55201 0.25415 0.19462
v 0.11039 0.10566 -0.15385 0.55201 0.25415 0.19462
v 0.10358 0.10566 -0.13971 0.55201 0.25415 0.19462
v 0.08828 0.10566 -0.13621 0.55201 0.25415 0.19462
v 0.07601 0.10566 -0.14600 0.55201 0.25415 0.19462
v 0.07601 0.10566 -0.16169 0.55201 0.25415 0.19462
v 0.08828 0.10566 -0.17148 0.55201 0.25415 0.19462
v 0.10358 0.10566 -0.16799 0.55201 0.25415 0.19462
v 0.11039 0.10566 -0.15385 0.55201 0.25415 0.19462
v 0.12157 0.09028 -0.15385 0.55201 0.25415 0.19462
v 0.11055 0.09028 -0.13097 0.55201 0.25415 0.19462
v 0.08580 0.09028 -0.12532 0.55201 0.25415 0.19462
v 0.06594 0.09028 -0.14115 0.55201 0.25415 0.19462
v 0.06594 0.09028 -0.16654 0.55201 0.25415 0.19462
v 0.08580 0.09028 -0.18238 0.55201 0.25415 0.19462
v 0.11055 0.09028 -0.17673 0.55201 0.25415 0.19462
v 0.12157 0.09028 -0.15385 0.55201 0.25415 0.19462
v 0.12157 0.07126 -0.15385 0.55201 0.25415 0.19462
v 0.11055 0.07126 -0.13097 0.55201 0.25415 0.19462
v 0.08580 0.07126 -0.12532 0.55201 0.25415 0.19462
v 0.06594 0.07126 -0.14115 0.55201 0.25415 0.19462
v 0.06594 0.07126 -0.16654 0.55201 0.25415 0.19462
v 0.08580 0.07126 -0.18238 0.55201 0.25415 0.19462
v 0.11055 0.07126 -0.17673 0.55201 0.25415 0.19462
v 0.12157 0.07126 -0.15385 0.55201 0.25415 0.19462
v 0.11039 0.05588 -0.15385 0.55201 0.25415 0.19462
v 0.10358 0.05588 -0.13971 0.55201 0.25415 0.19462
v 0.08828 0.05588 -0.13621 0.55201 0.25415 0.19462
v 0.07601 0.05588 -0.14600 0.55201 0.25415 0.19462
v 0.07601 0.05588 -0.16169 0.55201 0.25415 0.19462
v 0.08828 0.05588 -0.17148 0.55201 0.25415 0.19462
v 0.10358 0.05588 -0.16799 0.55201 0.25415 0.19462
v 0.11039 0.05588 -0.15385 0.55201 0.25415 0.19462
v 0.09231 0.05000 -0.15385 0.55201 0.25415 0.19462
v 0.09231 0.05000 -0.15385 0.55201 0.25415 0.19462
v 0.09231 0.05000 -0.15385 0.55201 0.25415 0.19462
v 0.09231 0.05000 -0.15385 0.55201 0.25415 0.19462
v 0.09231 0.05000 -0.15385 0.55201 0.25415 0.19462
v 0.09231 0.05000 -0.15385 0.55201 0.25415 0.19462
v 0.09231 0.05000 -0.15385 0.55201 0.25415 0.19462
v 0.09231 0.05000 -0.15385 0.55201 0.25415 0.19462
v -0.09231 0.11154 0.13846 0.55201 0.25415 0.19462
v -0.09231 0.11154 0.13846 0.55201 0.25415 0.19462
v -0.09231 0.11154 0.13846 0.55201 0.25415 0.19462
v -0.09231 0.11154 0.13846 0.55201 0.25415 0.19462
v -0.09231 0.11154 0.13846 0.55201 0.25415 0.19462
v -0.09231 0.11154 0.13846 0.55201 0.25415 0.19462
v -0.09231 0.11154 0.13846 0.55201 0.25415 0.19462
v -0.09231 0.11154 0.13846 0.55201 0.25415 0.19462
v -0.07422 0.10566 0.13846 0.55201 0.25415 0.19462
v -0.08103 0.10566 0.15260 0.55201 0.25415 0.19462
v -0.09633 0.10566 0.15609 0.55201 0.25415 0.19462
v -0.10860 0.10566 0.14631 0.55201 0.25415 0.19462
v -0.10860 0.10566 0.13061 0.55201 0.25415 0.19462
v -0.09633 0.10566 0.12083 0.55201 0.25415 0.19462
v -0.08103 0.10566 0.12432 0.55201 0.25415 0.19462
v -0.07422 0.10566 0.13846 0.55201 0.25415 0.19462
v -0.06304 0.09028 0.13846 0.55201 0.25415 0.19462
v -0.07406 0.09028 0.16134 0.55201 0.25415 0.19462
v -0.09882 0.09028 0.16699 0.55201 0.25415 0.19462
v -0.11867 0.09028 0.15116 0.55201 0.25415 0.19462
v -0.11867 0.09028 0.12576 0.55201 0.25415 0.19462
v -0.09882 0.09028 0.10993 0.55201 0.25415 0.19462
v -0.07406 0.09028 0.11558 0.55201 0.25415 0.19462
v -0.06304 0.09028 0.13846 0.55201 0.25415 0.19462
v -0.06304 0.07126 0.13846 0.55201 0.25415 0.19462
v -0.07406 0.07126 0.16134 0.55201 0.25415 0.19462
v -0.09882 0.07126 0.16699 0.55201 0.25415 0.19462
v -0.11867 0.07126 0.15116 0.55201 0.25415 0.19462
v -0.11867 0.07126 0.12576 0.55201 0.25415 0.19462
v -0.09882 0.07126 0.10993 0.55201 0.25415 0.19462
v -0.07406 0.07126 0.11558 0.55201 0.25415 0.19462
v -0.06304 0.07126 0.13846 0.55201 0.25415 0.19462
v -0.07422 0.05588 0.13846 0.55201 0.25415 0.19462
v -0.08103 0.05588 0.15260 0.55201 0.25415 0.19462
v -0.09633 0.05588 0.15609 0.55201 0.25415 0.19462
v -0.10860 0.05588 0.14631 0.55201 0.25415 0.19462
v -0.10860 0.05588 0.13061 0.55201 0.25415 0.19462
v -0.09633 0.05588 0.12083 0.55201 0.25415 0.19462
v -0.08103 0.05588 0.12432 0.55201 0.25415 0.19462
v -0.07422 0.05588 0.13846 0.55201 0.25415 0.19462
v -0.09231 0.05000 0.13846 0.55201 0.25415 0.19462
v -0.09231 0.05000 0.13846 0.55201 0.25415 0.19462
v -0.09231 0.05000 0.13846 0.55201 0.25415 0.19462
v -0.09231 0.05000 0.13846 0.55201 0.25415 0.19462
v -0.09231 0.05000 0.13846 0.55201 0.25415 0.19462
v -0.09231 0.05000 0.13846 0.55201 0.25415 0.19462
v -0.09231 0.05000 0.13846 0.55201 0.25415 0.19462
v -0.09231 0.05000 0.13846 0.55201 0.25415 0.19462
v -0.09231 0.11154 -0.15385 0.55201 0.25415 0.19462
v -0.09231 0.11154 -0.15385 0.55201 0.25415 0.19462
v -0.09231 0.11154 -0.15385 0.55201 0.25415 0.19462
v -0.09231 0.11154 -0.15385 0.55201 0.25415 0.19462
v -0.09231 0.11154 -0.15385 0.55201 0.25415 0.19462
v -0.09231 0.11154 -0.15385 0.55201 0.25415 0.19462
v -0.09231 0.11154 -0.15385 0.55201 0.25415 0.19462
v -0.09231 0.11154 -0.15385 0.55201 0.25415 0.19462
v -0.07422 0.10566 -0.15385 0.55201 0.25415 0.19462
v -0.08103 0.10566 -0.13971 0.55201 0.25415 0.19462
v -0.09633 0.10566 -0.13621 0.55201 0.25415 0.19462
v -0.10860 0.10566 -0.14600 0.55201 0.25415 0.19462
v -0.10860 0.10566 -0.16169 0.55201 0.25415 0.19462
v -0.09633 0.10566 -0.17148 0.55201 0.25415 0.19462
v -0.08103 0.10566 -0.16799 0.55201 0.25415 0.19462
v -0.07422 0.10566 -0.15385 0.55201 0.25415 0.19462
v -0.06304 0.09028 -0.15385 0.55201 0.25415 0.19462
v -0.07406 0.09028 -0.13097 0.55201 0.25415 0.19462
v -0.09882 0.09028 -0.12532 0.55201 0.25415 0.19462
v -0.11867 0.09028 -0.14115 0.55201 0.25415 0.19462
v -0.11867 0.09028 -0.16654 0.55201 0.25415 0.19462
v -0.09882 0.09028 -0.18238 0.55201 0.25415 0.19462
v -0.07406 0.09028 -0.17673 0.55201 0.25415 0.19462
v -0.06304 0.09028 -0.15385 0.55201 0.25415 0.19462
v -0.06304 0.07126 -0.15385 0.55201 0.25415 0.19462
v -0.07406 0.07126 -0.13097 0.55201 0.25415 0.19462
v -0.09882 0.07126 -0.12532 0.55201 0.25415 0.19462
v -0.11867 0.07126 -0.14115 0.55201 0.25415 0.19462
v -0.11867 0.07126 -0.16654 0.55201 0.25415 0.19462
v -0.09882 0.07126 -0.18238 0.55201 0.25415 0.19462
v -0.07406 0.07126 -0.17673 0.55201 0.25415 0.19462
v -0.06304 0.07126 -0.15385 0.55201 0.25415 0.19462
v -0.07422 0.05588 -0.15385 0.55201 0.25415 0.19462
v -0.08103 0.05588 -0.13971 0.55201 0.25415 0.19462
v -0.09633 0.05588 -0.13621 0.55201 0.25415 0.19462
v -0.10860 0.05588 -0.14600 0.55201 0.25415 0.19462
v -0.10860 0.05588 -0.16169 0.55201 0.25415 0.19462
v -0.09633 0.05588 -0.17148 0.55201 0.25415 0.19462
v -0.08103 0.05588 -0.16799 0.55201 0.25415 0.19462
v -0.07422 0.05588 -0.15385 0.55201 0.25415 0.19462
v -0.09231 0.05000 -0.15385 0.55201 0.25415 0.19462
v -0.09231 0.05000 -0.15385 0.55201 0.25415 0.19462
v -0.09231 0.05000 -0.15385 0.55201 0.25415 0.19462
v -0.09231 0.05000 -0.15385 0.55201 0.25415 0.19462
v -0.09231 0.05000 -0.15385 0.55201 0.25415 0.19462
v -0.09231 0.05000 -0.15385 0.55201 0.25415 0.19462
v -0.09231 0.05000 -0.15385 0.55201 0.25415 0.19462
v -0.09231 0.05000 -0.15385 0.55201 0.25415 0.19462
v -0.00410 0.03382 -0.24374 0.55201 0.25415 0.19462
v -0.00410 0.03382 -0.24374 0.55201 0.25415 0.19462
v -0.00410 0.03382 -0.24374 0.55201 0.25415 0.19462
v -0.00410 0.03382 -0.24374 0.55201 0.25415 0.19462
v -0.00410 0.03382 -0.24374 0.55201 0.25415 0.19462
v -0.00410 0.03382 -0.24374 0.55201 0.25415 0.19462
v 0.00549 0.03570 -0.24199 0.55201 0.25415 0.19462
v -0.00113 0.02948 -0.23532 0.55201 0.25415 0.19462
v -0.01185 0.03186 -0.23787 0.55201 0.25415 0.19462
v -0.01185 0.03954 -0.24611 0.55201 0.25415 0.19462
v -0.00113 0.04191 -0.24866 0.55201 0.25415 0.19462
v 0.00549 0.03570 -0.24199 0.55201 0.25415 0.19462
v 0.01251 0.04083 -0.23721 0.55201 0.25415 0.19462
v 0.00103 0.03007 -0.22565 0.55201 0.25415 0.19462
v -0.01753 0.03418 -0.23007 0.55201 0.25415 0.19462
v -0.01753 0.04748 -0.24435 0.55201 0.25415 0.19462
v 0.00103 0.05159 -0.24876 0.55201 0.25415 0.19462
v 0.01251 0.04083 -0.23721 0.55201 0.25415 0.19462
v 0.01507 0.04784 -0.23067 0.55201 0.25415 0.19462
v 0.00183 0.03542 -0.21733 0.55201 0.25415 0.19462
v -0.01960 0.04016 -0.22243 0.55201 0.25415 0.19462
v -0.01960 0.05552 -0.23892 0.55201 0.25415 0.19462
v 0.00183 0.06027 -0.24401 0.55201 0.25415 0.19462
v 0.01507 0.04784 -0.23067 0.55201 0.25415 0.19462
v 0.01507 0.11370 -0.16933 0.55201 0.25415 0.19462
v 0.00183 0.10127 -0.15599 0.55201 0.25415 0.19462
v -0.01960 0.10601 -0.16108 0.55201 0.25415 0.19462
v -0.01960 0.12138 -0.17757 0.55201 0.25415 0.19462
v 0.00183 0.12612 -0.18267 0.55201 0.25415 0.19462
v 0.01507 0.11370 -0.16933 0.55201 0.25415 0.19462
v 0.01251 0.12071 -0.16279 0.55201 0.25415 0.19462
v 0.00103 0.10995 -0.15124 0.55201 0.25415 0.19462
v -0.01753 0.11406 -0.15565 0.55201 0.25415 0.19462
v -0.01753 0.12736 -0.16993 0.55201 0.25415 0.19462
v 0.00103 0.13147 -0.17435 0.55201 0.25415 0.19462
v 0.01251 0.12071 -0.16279 0.55201 0.25415 0.19462
v 0.00549 0.12584 -0.15801 0.55201 0.25415 0.19462
v -0.00113 0.11963 -0.15134 0.55201 0.25415 0.19462
v -0.01185 0.12200 -0.15389 0.55201 0.25415 0.19462
v -0.01185 0.12968 -0.16213 0.55201 0.25415 0.19462
v -0.00113 0.13206 -0.16468 0.55201 0.25415 0.19462
v 0.00549 0.12584 -0.15801 0.55201 0.25415 0.19462
v -0.00410 0.12772 -0.15626 0.55201 0.25415 0.19462
v -0.00410 0.12772 -0.15626 0.55201 0.25415 0.19462
v -0.00410 0.12772 -0.15626 0.55201 0.25415 0.19462
v -0.00410 0.12772 -0.15626 0.55201 0.25415 0.19462
v -0.00410 0.12772 -0.15626 0.55201 0.25415 0.19462
v -0.00410 0.12772 -0.15626 0.55201 0.25415 0.19462
v -0.01136 0.04307 -0.39215 0.55201 0.25415 0.19462
v -0.01136 0.04307 -0.39215 0.55201 0.25415 0.19462
v -0.01136 0.04307 -0.39215 0.55201 0.25415 0.19462
v -0.01136 0.04307 -0.39215 0.55201 0.25415 0.19462
v -0.01136 0.04307 -0.39215 0.55201 0.25415 0.19462
v -0.01136 0.04307 -0.39215 0.55201 0.25415 0.19462
v -0.00415 0.04434 -0.39069 0.55201 0.25415 0.19462
v -0.00913 0.03919 -0.38616 0.55201 0.25415 0.19462
v -0.01720 0.04116 -0.38789 0.55201 0.25415 0.19462
v -0.01720 0.04753 -0.39349 0.55201 0.25415 0.19462
v -0.00913 0.04950 -0.39522 0.55201 0.25415 0.19462
v -0.00415 0.04434 -0.39069 0.55201 0.25415 0.19462
v 0.00114 0.04783 -0.38673 0.55201 0.25415 0.19462
v -0.00750 0.03890 -0.37888 0.55201 0.25415 0.19462
v -0.02147 0.04231 -0.38188 0.55201 0.25415 0.19462
v -0.02147 0.05335 -0.39157 0.55201 0.25415 0.19462
v -0.00750 0.05676 -0.39457 0.55201 0.25415 0.19462
v 0.00114 0.04783 -0.38673 0.55201 0.25415 0.19462
v 0.00307 0.05259 -0.38130 0.55201 0.25415 0.19462
v -0.00690 0.04228 -0.37225 0.55201 0.25415 0.19462
v -0.02304 0.04622 -0.37571 0.55201 0.25415 0.19462
v -0.02304 0.05897 -0.38690 0.55201 0.25415 0.19462
v -0.00690 0.06290 -0.39036 0.55201 0.25415 0.19462
v 0.00307 0.05259 -0.38130 0.55201 0.25415 0.19462
v 0.00307 0.10895 -0.31716 0.55201 0.25415 0.19462
v -0.00690 0.09863 -0.30810 0.55201 0.25415 0.19462
v -0.02304 0.10257 -0.31156 0.55201 0.25415 0.19462
v -0.02304 0.11532 -0.32275 0.55201 0.25415 0.19462
v -0.00690 0.11926 -0.32621 0.55201 0.25415 0.19462
v 0.00307 0.10895 -0.31716 0.55201 0.25415 0.19462
v 0.00114 0.11371 -0.31174 0.55201 0.25415 0.19462
v -0.00750 0.10478 -0.30389 0.55201 0.25415 0.19462
v -0.02147 0.10819 -0.30689 0.55201 0.25415 0.19462
v -0.02147 0.11923 -0.31658 0.55201 0.25415 0.19462
v -0.00750 0.12264 -0.31958 0.55201 0.25415 0.19462
v 0.00114 0.11371 -0.31174 0.55201 0.25415 0.19462
v -0.00415 0.11719 -0.30777 0.55201 0.25415 0.19462
v -0.00913 0.11204 -0.30324 0.55201 0.25415 0.19462
v -0.01720 0.11401 -0.30497 0.55201 0.25415 0.19462
v -0.01720 0.12038 -0.31057 0.55201 0.25415 0.19462
v -0.00913 0.12235 -0.31230 0.55201 0.25415 0.19462
v -0.00415 0.11719 -0.30777 0.55201 0.25415 0.19462
v -0.01136 0.11847 -0.30632 0.55201 0.25415 0.19462
v -0.01136 0.11847 -0.30632 0.55201 0.25415 0.19462
v -0.01136 0.11847 -0.30632 0.55201 0.25415 0.19462
v -0.01136 0.11847 -0.30632 0.55201 0.25415 0.19462
v -0.01136 0.11847 -0.30632 0.55201 0.25415 0.19462
v -0.01136 0.11847 -0.30632 0.55201 0.25415 0.19462
v -0.01606 0.05164 -0.53304 0.55201 0.25415 0.19462
v -0.01606 0.05164 -0.53304 0.55201 0.25415 0.19462
v -0.01606 0.05164 -0.53304 0.55201 0.25415 0.19462
v -0.01606 0.05164 -0.53304 0.55201 0.25415 0.19462
v -0.01606 0.05164 -0.53304 0.55201 0.25415 0.19462
v -0.01606 0.05164 -0.53304 0.55201 0.25415 0.19462
v -0.01121 0.05240 -0.53198 0.55201 0.25415 0.19462
v -0.01456 0.04865 -0.52930 0.55201 0.25415 0.19462
v -0.01998 0.05008 -0.53033 0.55201 0.25415 0.19462
v -0.01998 0.05471 -0.53364 0.55201 0.25415 0.19462
v -0.01456 0.05614 -0.53467 0.55201 0.25415 0.19462
v -0.01121 0.05240 -0.53198 0.55201 0.25415 0.19462
v -0.00767 0.05446 -0.52910 0.55201 0.25415 0.19462
v -0.01347 0.04797 -0.52446 0.55201 0.25415 0.19462
v -0.02285 0.05045 -0.52623 0.55201 0.25415 0.19462
v -0.02285 0.05847 -0.53197 0.55201 0.25415 0.19462
v -0.01347 0.06095 -0.53374 0.55201 0.25415 0.19462
v -0.00767 0.05446 -0.52910 0.55201 0.25415 0.19462
v -0.00637 0.05728 -0.52516 0.55201 0.25415 0.19462
v -0.01306 0.04978 -0.51980 0.55201 0.25415 0.19462
v -0.02390 0.05264 -0.52184 0.55201 0.25415 0.19462
v -0.02390 0.06191 -0.52847 0.55201 0.25415 0.19462
v -0.01306 0.06478 -0.53052 0.55201 0.25415 0.19462
v -0.00637 0.05728 -0.52516 0.55201 0.25415 0.19462
v -0.00637 0.10426 -0.45946 0.55201 0.25415 0.19462
v -0.01306 0.09676 -0.45410 0.55201 0.25415 0.19462
v -0.02390 0.09963 -0.45614 0.55201 0.25415 0.19462
v -0.02390 0.10889 -0.46277 0.55201 0.25415 0.19462
v -0.01306 0.11176 -0.46482 0.55201 0.25415 0.19462
v -0.00637 0.10426 -0.45946 0.55201 0.25415 0.19462
v -0.00767 0.10708 -0.45552 0.55201 0.25415 0.19462
v -0.01347 0.10059 -0.45087 0.55201 0.25415 0.19462
v -0.02285 0.10307 -0.45265 0.55201 0.25415 0.19462
v -0.02285 0.11109 -0.45839 0.55201 0.25415 0.19462
v -0.01347 0.11357 -0.46016 0.55201 0.25415 0.19462
v -0.00767 0.10708 -0.45552 0.55201 0.25415 0.19462
v -0.01121 0.10914 -0.45263 0.55201 0.25415 0.19462
v -0.01456 0.10539 -0.44995 0.55201 0.25415 0.19462
v -0.01998 0.10683 -0.45097 0.55201 0.25415 0.19462
v -0.01998 0.11146 -0.45429 0.55201 0.25415 0.19462
v -0.01456 0.11289 -0.45531 0.55201 0.25415 0.19462
v -0.01121 0.10914 -0.45263 0.55201 0.25415 0.19462
v -0.01606 0.10990 -0.45157 0.55201 0.25415 0.19462
v -0.01606 0.10990 -0.45157 0.55201 0.25415 0.19462
v -0.01606 0.10990 -0.45157 0.55201 0.25415 0.19462
v -0.01606 0.10990 -0.45157 0.55201 0.25415 0.19462
v -0.01606 0.10990 -0.45157 0.55201 0.25415 0.19462
v -0.01606 0.10990 -0.45157 0.55201 0.25415 0.19462
f 816 824 817
f 817 824 825
f 817 825 818
f 818 825 826
f 818 826 819
f 819 826 827
f 819 827 820
f 820 827 828
f 820 828 821
f 821 828 829
f 821 829 822
f 822 829 830
f 822 830 823
f 823 830 831
f 824 832 825
f 825 832 833
f 825 833 826
f 826 833 834
f 826 834 827
f 827 834 835
f 827 835 828
f 828 835 836
f 828 836 829
f 829 836 837
f 829 837 830
f 830 837 838
f 830 838 831
f 831 838 839
f 832 840 833
f 833 840 841
f 833 841 834
f 834 841 842
f 834 842 835
f 835 842 843
f 835 843 836
f 836 843 844
f 836 844 837
f 837 844 845
f 837 845 838
f 838 845 846
f 838 846 839
f 839 846 847
f 840 848 841
f 841 848 849
f 841 849 842
f 842 849 850
f 842 850 843
f 843 850 851
f 843 851 844
f 844 851 852
f 844 852 845
f 845 852 853
f 845 853 846
f 846 853 854
f 846 854 847
f 847 854 855
f 848 856 849
f 849 856 857
f 849 857 850
f 850 857 858
f 850 858 851
f 851 858 859
f 851 859 852
f 852 859 860
f 852 860 853
f 853 860 861
f 853 861 854
f 854 861 862
f 854 862 855
f 855 862 863
f 856 864 857
f 857 864 865
f 857 865 858
f 858 865 866
f 858 866 859
f 859 866 867
f 859 867 860
f 860 867 868
f 860 868 861
f 861 868 869
f 861 869 862
f 862 869 870
f 862 870 863
f 863 870 871
f 864 872 865
f 865 872 873
f 865 873 866
f 866 873 874
f 866 874 867
f 867 874 875
f 867 875 868
f 868 875 876
f 868 876 869
f 869 876 877
f 869 877 870
f 870 877 878
f 870 878 871
f 871 878 879
f 872 880 873
f 873 880 881
f 873 881 874
f 874 881 882
f 874 882 875
f 875 882 883
f 875 883 876
f 876 883 884
f 876 884 877
f 877 884 885
f 877 885 878
f 878 885 886
f 878 886 879
f 879 886 887
f 880 888 881
f 881 888 889
f 881 889 882
f 882 889 890
f 882 890 883
f 883 890 891
f 883 891 884
f 884 891 892
f 884 892 885
f 885 892 893
f 885 893 886
f 886 893 894
f 886 894 887
f 887 894 895
f 896 907 906
f 897 908 907
f 898 909 908
f 899 910 909
f 900 911 910
f 901 912 911
f 902 913 912
f 903 914 913
f 904 915 914
f 907 917 906
f 906 917 916
f 908 918 907
f 907 918 917
f 909 919 908
f 908 919 918
f 910 920 909
f 909 920 919
f 911 921 910
f 910 921 920
f 912 922 911
f 911 922 921
f 913 923 912
f 912 923 922
f 914 924 913
f 913 924 923
f 915 925 914
f 914 925 924
f 917 927 916
f 916 927 926
f 918 928 917
f 917 928 927
f 919 929 918
f 918 929 928
f 920 930 919
f 919 930 929
f 921 931 920
f 920 931 930
f 922 932 921
f 921 932 931
f 923 933 922
f 922 933 932
f 924 934 923
f 923 934 933
f 925 935 924
f 924 935 934
f 927 937 926
f 926 937 936
f 928 938 927
f 927 938 937
f 929 939 928
f 928 939 938
f 930 940 929
f 929 940 939
f 931 941 930
f 930 941 940
f 932 942 931
f 931 942 941
f 933 943 932
f 932 943 942
f 934 944 933
f 933 944 943
f 935 945 934
f 934 945 944
f 937 947 936
f 936 947 946
f 938 948 937
f 937 948 947
f 939 949 938
f 938 949 948
f 940 950 939
f 939 950 949
f 941 951 940
f 940 951 950
f 942 952 941
f 941 952 951
f 943 953 942
f 942 953 952
f 944 954 943
f 943 954 953
f 945 955 944
f 944 955 954
f 947 957 946
f 946 957 956
f 948 958 947
f 947 958 957
f 949 959 948
f 948 959 958
f 950 960 949
f 949 960 959
f 951 961 950
f 950 961 960
f 952 962 951
f 951 962 961
f 953 963 952
f 952 963 962
f 954 964 953
f 953 964 963
f 955 965 954
f 954 965 964
f 957 967 956
f 958 968 957
f 959 969 958
f 960 970 959
f 961 971 960
f 962 972 961
f 963 973 962
f 964 974 963
f 965 975 964
f 976 987 986
f 977 988 987
f 978 989 988
f 979 990 989
f 980 991 990
f 981 992 991
f 982 993 992
f 983 994 993
f 984 995 994
f 987 997 986
f 986 997 996
f 988 998 987
f 987 998 997
f 989 999 988
f 988 999 998
f 990 1000 989
f 989 1000 999
f 991 1001 990
f 990 1001 1000
f 992 1002 991
f 991 1002 1001
f 993 1003 992
f 992 1003 1002
f 994 1004 993
f 993 1004 1003
f 995 1005 994
f 994 1005 1004
f 997 1007 996
f 996 1007 1006
f 998 1008 997
f 997 1008 1007
f 999 1009 998
f 998 1009 1008
f 1000 1010 999
f 999 1010 1009
f 1001 1011 1000
f 1000 1011 1010
f 1002 1012 1001
f 1001 1012 1011
f 1003 1013 1002
f 1002 1013 1012
f 1004 1014 1003
f 1003 1014 1013
f 1005 1015 1004
f 1004 1015 1014
f 1007 1017 1006
f 1006 1017 1016
f 1008 1018 1007
f 1007 1018 1017
f 1009 1019 1008
f 1008 1019 1018
f 1010 1020 1009
f 1009 1020 1019
f 1011 1021 1010
f 1010 1021 1020
f 1012 1022 1011
f 1011 1022 1021
f 1013 1023 1012
f 1012 1023 1022
f 1014 1024 1013
f 1013 1024 1023
f 1015 1025 1014
f 1014 1025 1024
f 1017 1027 1016
f 1016 1027 1026
f 1018 1028 1017
f 1017 1028 1027
f 1019 1029 1018
f 1018 1029 1028
f 1020 1030 1019
f 1019 1030 1029
f 1021 1031 1020
f 1020 1031 1030
f 1022 1032 1021
f 1021 1032 1031
f 1023 1033 1022
f 1022 1033 1032
f 1024 1034 1023
f 1023 1034 1033
f 1025 1035 1024
f 1024 1035 1034
f 1027 1037 1026
f 1026 1037 1036
f 1028 1038 1027
f 1027 1038 1037
f 1029 1039 1028
f 1028 1039 1038
f 1030 1040 1029
f 1029 1040 1039
f 1031 1041 1030
f 1030 1041 1040
f 1032 1042 1031
f 1031 1042 1041
f 1033 1043 1032
f 1032 1043 1042
f 1034 1044 1033
f 1033 1044 1043
f 1035 1045 1034
f 1034 1045 1044
f 1037 1047 1036
f 1038 1048 1037
f 1039 1049 1038
f 1040 1050 1039
f 1041 1051 1040
f 1042 1052 1041
f 1043 1053 1042
f 1044 1054 1043
f 1045 1055 1044
f 1056 1065 1064
f 1057 1066 1065
f 1058 1067 1066
f 1059 1068 1067
f 1060 1069 1068
f 1061 1070 1069
f 1062 1071 1070
f 1065 1073 1064
f 1064 1073 1072
f 1066 1074 1065
f 1065 1074 1073
f 1067 1075 1066
f 1066 1075 1074
f 1068 1076 1067
f 1067 1076 1075
f 1069 1077 1068
f 1068 1077 1076
f 1070 1078 1069
f 1069 1078 1077
f 1071 1079 1070
f 1070 1079 1078
f 1073 1081 1072
f 1072 1081 1080
f 1074 1082 1073
f 1073 1082 1081
f 1075 1083 1074
f 1074 1083 1082
f 1076 1084 1075
f 1075 1084 1083
f 1077 1085 1076
f 1076 1085 1084
f 1078 1086 1077
f 1077 1086 1085
f 1079 1087 1078
f 1078 1087 1086
f 1081 1089 1080
f 1080 1089 1088
f 1082 1090 1081
f 1081 1090 1089
f 1083 1091 1082
f 1082 1091 1090
f 1084 1092 1083
f 1083 1092 1091
f 1085 1093 1084
f 1084 1093 1092
f 1086 1094 1085
f 1085 1094 1093
f 1087 1095 1086
f 1086 1095 1094
f 1089 1097 1088
f 1090 1098 1089
f 1091 1099 1090
f 1092 1100 1091
f 1093 1101 1092
f 1094 1102 1093
f 1095 1103 1094
f 1104 1113 1112
f 1105 1114 1113
f 1106 1115 1114
f 1107 1116 1115
f 1108 1117 1116
f 1109 1118 1117
f 1110 1119 1118
f 1113 1121 1112
f 1112 1121 1120
f 1114 1122 1113
f 1113 1122 1121
f 1115 1123 1114
f 1114 1123 1122
f 1116 1124 1115
f 1115 1124 1123
f 1117 1125 1116
f 1116 1125 1124
f 1118 1126 1117
f 1117 1126 1125
f 1119 1127 1118
f 1118 1127 1126
f 1121 1129 1120
f 1120 1129 1128
f 1122 1130 1121
f 1121 1130 1129
f 1123 1131 1122
f 1122 1131 1130
f 1124 1132 1123
f 1123 1132 1131
f 1125 1133 1124
f 1124 1133 1132
f 1126 1134 1125
f 1125 1134 1133
f 1127 1135 1126
f 1126 1135 1134
f 1129 1137 1128
f 1128 1137 1136
f 1130 1138 1129
f 1129 1138 1137
f 1131 1139 1130
f 1130 1139 1138
f 1132 1140 1131
f 1131 1140 1139
f 1133 1141 1132
f 1132 1141 1140
f 1134 1142 1133
f 1133 1142 1141
f 1135 1143 1134
f 1134 1143 1142
f 1137 1145 1136
f 1138 1146 1137
f 1139 1147 1138
f 1140 1148 1139
f 1141 1149 1140
f 1142 1150 1141
f 1143 1151 1142
f 1152 1161 1160
f 1153 1162 1161
f 1154 1163 1162
f 1155 1164 1163
f 1156 1165 1164
f 1157 1166 1165
f 1158 1167 1166
f 1161 1169 1160
f 1160 1169 1168
f 1162 1170 1161
f 1161 1170 1169
f 1163 1171 1162
f 1162 1171 1170
f 1164 1172 1163
f 1163 1172 1171
f 1165 1173 1164
f 1164 1173 1172
f 1166 1174 1165
f 1165 1174 1173
f 1167 1175 1166
f 1166 1175 1174
f 1169 1177 1168
f 1168 1177 1176
f 1170 1178 1169
f 1169 1178 1177
f 1171 1179 1170
f 1170 1179 1178
f 1172 1180 1171
f 1171 1180 1179
f 1173 1181 1172
f 1172 1181 1180
f 1174 1182 1173
f 1173 1182 1181
f 1175 1183 1174
f 1174 1183 1182
f 1177 1185 1176
f 1176 1185 1184
f 1178 1186 1177
f 1177 1186 1185
f 1179 1187 1178
f 1178 1187 1186
f 1180 1188 1179
f 1179 1188 1187
f 1181 1189 1180
f 1180 1189 1188
f 1182 1190 1181
f 1181 1190 1189
f 1183 1191 1182
f 1182 1191 1190
f 1185 1193 1184
f 1186 1194 1185
f 1187 1195 1186
f 1188 1196 1187
f 1189 1197 1188
f 1190 1198 1189
f 1191 1199 1190
f 1200 1209 1208
f 1201 1210 1209
f 1202 1211 1210
f 1203 1212 1211
f 1204 1213 1212
f 1205 1214 1213
f 1206 1215 1214
f 1209 1217 1208
f 1208 1217 1216
f 1210 1218 1209
f 1209 1218 1217
f 1211 1219 1210
f 1210 1219 1218
f 1212 1220 1211
f 1211 1220 1219
f 1213 1221 1212
f 1212 1221 1220
f 1214 1222 1213
f 1213 1222 1221
f 1215 1223 1214
f 1214 1223 1222
f 1217 1225 1216
f 1216 1225 1224
f 1218 1226 1217
f 1217 1226 1225
f 1219 1227 1218
f 1218 1227 1226
f 1220 1228 1219
f 1219 1228 1227
f 1221 1229 1220
f 1220 1229 1228
f 1222 1230 1221
f 1221 1230 1229
f 1223 1231 1222
f 1222 1231 1230
f 1225 1233 1224
f 1224 1233 1232
f 1226 1234 1225
f 1225 1234 1233
f 1227 1235 1226
f 1226 1235 1234
f 1228 1236 1227
f 1227 1236 1235
f 1229 1237 1228
f 1228 1237 1236
f 1230 1238 1229
f 1229 1238 1237
f 1231 1239 1230
f 1230 1239 1238
f 1233 1241 1232
f 1234 1242 1233
f 1235 1243 1234
f 1236 1244 1235
f 1237 1245 1236
f 1238 1246 1237
f 1239 1247 1238
f 1248 1254 1249
f 1249 1254 1255
f 1249 1255 1250
f 1250 1255 1256
f 1250 1256 1251
f 1251 1256 1257
f 1251 1257 1252
f 1252 1257 1258
f 1252 1258 1253
f 1253 1258 1259
f 1254 1260 1255
f 1255 1260 1261
f 1255 1261 1256
f 1256 1261 1262
f 1256 1262 1257
f 1257 1262 1263
f 1257 1263 1258
f 1258 1263 1264
f 1258 1264 1259
f 1259 1264 1265
f 1260 1266 1261
f 1261 1266 1267
f 1261 1267 1262
f 1262 1267 1268
f 1262 1268 1263
f 1263 1268 1269
f 1263 1269 1264
f 1264 1269 1270
f 1264 1270 1265
f 1265 1270 1271
f 1266 1272 1267
f 1267 1272 1273
f 1267 1273 1268
f 1268 1273 1274
f 1268 1274 1269
f 1269 1274 1275
f 1269 1275 1270
f 1270 1275 1276
f 1270 1276 1271
f 1271 1276 1277
f 1272 1278 1273
f 1273 1278 1279
f 1273 1279 1274
f 1274 1279 1280
f 1274 1280 1275
f 1275 1280 1281
f 1275 1281 1276
f 1276 1281 1282
f 1276 1282 1277
f 1277 1282 1283
f 1278 1284 1279
f 1279 1284 1285
f 1279 1285 1280
f 1280 1285 1286
f 1280 1286 1281
f 1281 1286 1287
f 1281 1287 1282
f 1282 1287 1288
f 1282 1288 1283
f 1283 1288 1289
f 1284 1290 1285
f 1285 1290 1291
f 1285 1291 1286
f 1286 1291 1292
f 1286 1292 1287
f 1287 1292 1293
f 1287 1293 1288
f 1288 1293 1294
f 1288 1294 1289
f 1289 1294 1295
f 1296 1302 1297
f 1297 1302 1303
f 1297 1303 1298
f 1298 1303 1304
f 1298 1304 1299
f 1299 1304 1305
f 1299 1305 1300
f 1300 1305 1306
f 1300 1306 1301
f 1301 1306 1307
f 1302 1308 1303
f 1303 1308 1309
f 1303 1309 1304
f 1304 1309 1310
f 1304 1310 1305
f 1305 1310 1311
f 1305 1311 1306
f 1306 1311 1312
f 1306 1312 1307
f 1307 1312 1313
f 1308 1314 1309
f 1309 1314 1315
f 1309 1315 1310
f 1310 1315 1316
f 1310 1316 1311
f 1311 1316 1317
f 1311 1317 1312
f 1312 1317 1318
f 1312 1318 1313
f 1313 1318 1319
f 1314 1320 1315
f 1315 1320 1321
f 1315 1321 1316
f 1316 1321 1322
f 1316 1322 1317
f 1317 1322 1323
f 1317 1323 1318
f 1318 1323 1324
f 1318 1324 1319
f 1319 1324 1325
f 1320 1326 1321
f 1321 1326 1327
f 1321 1327 1322
f 1322 1327 1328
f 1322 1328 1323
f 1323 1328 1329
f 1323 1329 1324
f 1324 1329 1330
f 1324 1330 1325
f 1325 1330 1331
f 1326 1332 1327
f 1327 1332 1333
f 1327 1333 1328
f 1328 1333 1334
f 1328 1334 1329
f 1329 1334 1335
f 1329 1335 1330
f 1330 1335 1336
f 1330 1336 1331
f 1331 1336 1337
f 1332 1338 1333
f 1333 1338 1339
f 1333 1339 1334
f 1334 1339 1340
f 1334 1340 1335
f 1335 1340 1341
f 1335 1341 1336
f 1336 1341 1342
f 1336 1342 1337
f 1337 1342 1343
f 1344 1350 1345
f 1345 1350 1351
f 1345 1351 1346
f 1346 1351 1352
f 1346 1352 1347
f 1347 1352 1353
f 1347 1353 1348
f 1348 1353 1354
f 1348 1354 1349
f 1349 1354 1355
f 1350 1356 1351
f 1351 1356 1357
f 1351 1357 1352
f 1352 1357 1358
f 1352 1358 1353
f 1353 1358 1359
f 1353 1359 1354
f 1354 1359 1360
f 1354 1360 1355
f 1355 1360 1361
f 1356 1362 1357
f 1357 1362 1363
f 1357 1363 1358
f 1358 1363 1364
f 1358 1364 1359
f 1359 1364 1365
f 1359 1365 1360
f 1360 1365 1366
f 1360 1366 1361
f 1361 1366 1367
f 1362 1368 1363
f 1363 1368 1369
f 1363 1369 1364
f 1364 1369 1370
f 1364 1370 1365
f 1365 1370 1371
f 1365 1371 1366
f 1366 1371 1372
f 1366 1372 1367
f 1367 1372 1373
f 1368 1374 1369
f 1369 1374 1375
f 1369 1375 1370
f 1370 1375 1376
f 1370 1376 1371
f 1371 1376 1377
f 1371 1377 1372
f 1372 1377 1378
f 1372 1378 1373
f 1373 1378 1379
f 1374 1380 1375
f 1375 1380 1381
f 1375 1381 1376
f 1376 1381 1382
f 1376 1382 1377
f 1377 1382 1383
f 1377 1383 1378
f 1378 1383 1384
f 1378 1384 1379
f 1379 1384 1385
f 1380 1386 1381
f 1381 1386 1387
f 1381 1387 1382
f 1382 1387 1388
f 1382 1388 1383
f 1383 1388 1389
f 1383 1389 1384
f 1384 1389 1390
f 1384 1390 1385
f 1385 1390 1391
v 0.03692 0.11092 0.06000 0.01033 0.00605 0.00368
v 0.03692 0.11092 0.06000 0.01033 0.00605 0.00368
v 0.03692 0.11092 0.06000 0.01033 0.00605 0.00368
v 0.03692 0.11092 0.06000 0.01033 0.00605 0.00368
v 0.03692 0.11092 0.06000 0.01033 0.00605 0.00368
v 0.03692 0.11092 0.06000 0.01033 0.00605 0.00368
v 0.03692 0.11092 0.06000 0.01033 0.00605 0.00368
v 0.03692 0.11092 0.06000 0.01033 0.00605 0.00368
v 0.04560 0.10810 0.06000 0.01033 0.00605 0.00368
v 0.04234 0.10810 0.06679 0.01033 0.00605 0.00368
v 0.03499 0.10810 0.06846 0.01033 0.00605 0.00368
v 0.02910 0.10810 0.06377 0.01033 0.00605 0.00368
v 0.02910 0.10810 0.05623 0.01033 0.00605 0.00368
v 0.03499 0.10810 0.05154 0.01033 0.00605 0.00368
v 0.04234 0.10810 0.05321 0.01033 0.00605 0.00368
v 0.04560 0.10810 0.06000 0.01033 0.00605 0.00368
v 0.05097 0.10072 0.06000 0.01033 0.00605 0.00368
v 0.04568 0.10072 0.07098 0.01033 0.00605 0.00368
v 0.03380 0.10072 0.07369 0.01033 0.00605 0.00368
v 0.02427 0.10072 0.06609 0.01033 0.00605 0.00368
v 0.02427 0.10072 0.05391 0.01033 0.00605 0.00368
v 0.03380 0.10072 0.04631 0.01033 0.00605 0.00368
v 0.04568 0.10072 0.04902 0.01033 0.00605 0.00368
v 0.05097 0.10072 0.06000 0.01033 0.00605 0.00368
v 0.05097 0.09159 0.06000 0.01033 0.00605 0.00368
v 0.04568 0.09159 0.07098 0.01033 0.00605 0.00368
v 0.03380 0.09159 0.07369 0.01033 0.00605 0.00368
v 0.02427 0.09159 0.06609 0.01033 0.00605 0.00368
v 0.02427 0.09159 0.05391 0.01033 0.00605 0.00368
v 0.03380 0.09159 0.04631 0.01033 0.00605 0.00368
v 0.04568 0.09159 0.04902 0.01033 0.00605 0.00368
v 0.05097 0.09159 0.06000 0.01033 0.00605 0.00368
v 0.04560 0.08421 0.06000 0.01033 0.00605 0.00368
v 0.04234 0.08421 0.06679 0.01033 0.00605 0.00368
v 0.03499 0.08421 0.06846 0.01033 0.00605 0.00368
v 0.02910 0.08421 0.06377 0.01033 0.00605 0.00368
v 0.02910 0.08421 0.05623 0.01033 0.00605 0.00368
v 0.03499 0.08421 0.05154 0.01033 0.00605 0.00368
v 0.04234 0.08421 0.05321 0.01033 0.00605 0.00368
v 0.04560 0.08421 0.06000 0.01033 0.00605 0.00368
v 0.03692 0.08138 0.06000 0.01033 0.00605 0.00368
v 0.03692 0.08138 0.06000 0.01033 0.00605 0.00368
v 0.03692 0.08138 0.06000 0.01033 0.00605 0.00368
v 0.03692 0.08138 0.06000 0.01033 0.00605 0.00368
v 0.03692 0.08138 0.06000 0.01033 0.00605 0.00368
v 0.03692 0.08138 0.06000 0.01033 0.00605 0.00368
v 0.03692 0.08138 0.06000 0.01033 0.00605 0.00368
v 0.03692 0.08138 0.06000 0.01033 0.00605 0.00368
v -0.03692 0.11092 0.06000 0.01033 0.00605 0.00368
v -0.03692 0.11092 0.06000 0.01033 0.00605 0.00368
v -0.03692 0.11092 0.06000 0.01033 0.00605 0.00368
v -0.03692 0.11092 0.06000 0.01033 0.00605 0.00368
v -0.03692 0.11092 0.06000 0.01033 0.00605 0.00368
v -0.03692 0.11092 0.06000 0.01033 0.00605 0.00368
v -0.03692 0.11092 0.06000 0.01033 0.00605 0.00368
v -0.03692 0.11092 0.06000 0.01033 0.00605 0.00368
v -0.02824 0.10810 0.06000 0.01033 0.00605 0.00368
v -0.03151 0.10810 0.06679 0.01033 0.00605 0.00368
v -0.03885 0.10810 0.06846 0.01033 0.00605 0.00368
v -0.04474 0.10810 0.06377 0.01033 0.00605 0.00368
v -0.04474 0.10810 0.05623 0.01033 0.00605 0.00368
v -0.03885 0.10810 0.05154 0.01033 0.00605 0.00368
v -0.03151 0.10810 0.05321 0.01033 0.00605 0.00368
v -0.02824 0.10810 0.06000 0.01033 0.00605 0.00368
v -0.02288 0.10072 0.06000 0.01033 0.00605 0.00368
v -0.02817 0.10072 0.07098 0.01033 0.00605 0.00368
v -0.04005 0.10072 0.07369 0.01033 0.00605 0.00368
v -0.04958 0.10072 0.06609 0.01033 0.00605 0.00368
v -0.04958 0.10072 0.05391 0.01033 0.00605 0.00368
v -0.04005 0.10072 0.04631 0.01033 0.00605 0.00368
v -0.02817 0.10072 0.04902 0.01033 0.00605 0.00368
v -0.02288 0.10072 0.06000 0.01033 0.00605 0.00368
v -0.02288 0.09159 0.06000 0.01033 0.00605 0.00368
v -0.02817 0.09159 0.07098 0.01033 0.00605 0.00368
v -0.04005 0.09159 0.07369 0.01033 0.00605 0.00368
v -0.04958 0.09159 0.06609 0.01033 0.00605 0.00368
v -0.04958 0.09159 0.05391 0.01033 0.00605 0.00368
v -0.04005 0.09159 0.04631 0.01033 0.00605 0.00368
v -0.02817 0.09159 0.04902 0.01033 0.00605 0.00368
v -0.02288 0.09159 0.06000 0.01033 0.00605 0.00368
v -0.02824 0.08421 0.06000 0.01033 0.00605 0.00368
v -0.03151 0.08421 0.06679 0.01033 0.00605 0.00368
v -0.03885 0.08421 0.06846 0.01033 0.00605 0.00368
v -0.04474 0.08421 0.06377 0.01033 0.00605 0.00368
v -0.04474 0.08421 0.05623 0.01033 0.00605 0.00368
v -0.03885 0.08421 0.05154 0.01033 0.00605 0.00368
v -0.03151 0.08421 0.05321 0.01033 0.00605 0.00368
v -0.02824 0.08421 0.06000 0.01033 0.00605 0.00368
v -0.03692 0.08138 0.06000 0.01033 0.00605 0.00368
v -0.03692 0.08138 0.06000 0.01033 0.00605 0.00368
v -0.03692 0.08138 0.06000 0.01033 0.00605 0.00368
v -0.03692 0.08138 0.06000 0.01033 0.00605 0.00368
v -0.03692 0.08138 0.06000 0.01033 0.00605 0.00368
v -0.03692 0.08138 0.06000 0.01033 0.00605 0.00368
v -0.03692 0.08138 0.06000 0.01033 0.00605 0.00368
v -0.03692 0.08138 0.06000 0.01033 0.00605 0.00368
f 1392 1401 1400
f 1393 1402 1401
f 1394 1403 1402
f 1395 1404 1403
f 1396 1405 1404
f 1397 1406 1405
f 1398 1407 1406
f 1401 1409 1400
f 1400 1409 1408
f 1402 1410 1401
f 1401 1410 1409
f 1403 1411 1402
f 1402 1411 1410
f 1404 1412 1403
f 1403 1412 1411
f 1405 1413 1404
f 1404 1413 1412
f 1406 1414 1405
f 1405 1414 1413
f 1407 1415 1406
f 1406 1415 1414
f 1409 1417 1408
f 1408 1417 1416
f 1410 1418 1409
f 1409 1418 1417
f 1411 1419 1410
f 1410 1419 1418
f 1412 1420 1411
f 1411 1420 1419
f 1413 1421 1412
f 1412 1421 1420
f 1414 1422 1413
f 1413 1422 1421
f 1415 1423 1414
f 1414 1423 1422
f 1417 1425 1416
f 1416 1425 1424
f 1418 1426 1417
f 1417 1426 1425
f 1419 1427 1418
f 1418 1427 1426
f 1420 1428 1419
f 1419 1428 1427
f 1421 1429 1420
f 1420 1429 1428
f 1422 1430 1421
f 1421 1430 1429
f 1423 1431 1422
f 1422 1431 1430
f 1425 1433 1424
f 1426 1434 1425
f 1427 1435 1426
f 1428 1436 1427
f 1429 1437 1428
f 1430 1438 1429
f 1431 1439 1430
f 1440 1449 1448
f 1441 1450 1449
f 1442 1451 1450
f 1443 1452 1451
f 1444 1453 1452
f 1445 1454 1453
f 1446 1455 1454
f 1449 1457 1448
f 1448 1457 1456
f 1450 1458 1449
f 1449 1458 1457
f 1451 1459 1450
f 1450 1459 1458
f 1452 1460 1451
f 1451 1460 1459
f 1453 1461 1452
f 1452 1461 1460
f 1454 1462 1453
f 1453 1462 1461
f 1455 1463 1454
f 1454 1463 1462
f 1457 1465 1456
f 1456 1465 1464
f 1458 1466 1457
f 1457 1466 1465
f 1459 1467 1458
f 1458 1467 1466
f 1460 1468 1459
f 1459 1468 1467
f 1461 1469 1460
f 1460 1469 1468
f 1462 1470 1461
f 1461 1470 1469
f 1463 1471 1462
f 1462 1471 1470
f 1465 1473 1464
f 1464 1473 1472
f 1466 1474 1465
f 1465 1474 1473
f 1467 1475 1466
f 1466 1475 1474
f 1468 1476 1467
f 1467 1476 1475
f 1469 1477 1468
f 1468 1477 1476
f 1470 1478 1469
f 1469 1478 1477
f 1471 1479 1470
f 1470 1479 1478
f 1473 1481 1472
f 1474 1482 1473
f 1475 1483 1474
f 1476 1484 1475
f 1477 1485 1476
f 1478 1486 1477
f 1479 1487 1478
v 0.00554 0.09692 0.11077 0.80695 0.74540 0.65837
v 0.00554 0.09692 0.10154 0.80695 0.74540 0.65837
v 0.00554 0.06462 0.11077 0.80695 0.74540 0.65837
v 0.00554 0.06462 0.10154 0.80695 0.74540 0.65837
v 0.01662 0.09692 0.10154 0.80695 0.74540 0.65837
v 0.01662 0.09692 0.11077 0.80695 0.74540 0.65837
v 0.01662 0.06462 0.10154 0.80695 0.74540 0.65837
v 0.01662 0.06462 0.11077 0.80695 0.74540 0.65837
v 0.01662 0.09692 0.10154 0.80695 0.74540 0.65837
v 0.00554 0.09692 0.10154 0.80695 0.74540 0.65837
v 0.01662 0.09692 0.11077 0.80695 0.74540 0.65837
v 0.00554 0.09692 0.11077 0.80695 0.74540 0.65837
v 0.01662 0.06462 0.11077 0.80695 0.74540 0.65837
v 0.00554 0.06462 0.11077 0.80695 0.74540 0.65837
v 0.01662 0.06462 0.10154 0.80695 0.74540 0.65837
v 0.00554 0.06462 0.10154 0.80695 0.74540 0.65837
v 0.01662 0.09692 0.11077 0.80695 0.74540 0.65837
v 0.00554 0.09692 0.11077 0.80695 0.74540 0.65837
v 0.01662 0.06462 0.11077 0.80695 0.74540 0.65837
v 0.00554 0.06462 0.11077 0.80695 0.74540 0.65837
v 0.00554 0.09692 0.10154 0.80695 0.74540 0.65837
v 0.01662 0.09692 0.10154 0.80695 0.74540 0.65837
v 0.00554 0.06462 0.10154 0.80695 0.74540 0.65837
v 0.01662 0.06462 0.10154 0.80695 0.74540 0.65837
v -0.01662 0.09692 0.11077 0.80695 0.74540 0.65837
v -0.01662 0.09692 0.10154 0.80695 0.74540 0.65837
v -0.01662 0.06462 0.11077 0.80695 0.74540 0.65837
v -0.01662 0.06462 0.10154 0.80695 0.74540 0.65837
v -0.00554 0.09692 0.10154 0.80695 0.74540 0.65837
v -0.00554 0.09692 0.11077 0.80695 0.74540 0.65837
v -0.00554 0.06462 0.10154 0.80695 0.74540 0.65837
v -0.00554 0.06462 0.11077 0.80695 0.74540 0.65837
v -0.00554 0.09692 0.10154 0.80695 0.74540 0.65837
v -0.01662 0.09692 0.10154 0.80695 0.74540 0.65837
v -0.00554 0.09692 0.11077 0.80695 0.74540 0.65837
v -0.01662 0.09692 0.11077 0.80695 0.74540 0.65837
v -0.00554 0.06462 0.11077 0.80695 0.74540 0.65837
v -0.01662 0.06462 0.11077 0.80695 0.74540 0.65837
v -0.00554 0.06462 0.10154 0.80695 0.74540 0.65837
v -0.01662 0.06462 0.10154 0.80695 0.74540 0.65837
v -0.00554 0.09692 0.11077 0.80695 0.74540 0.65837
v -0.01662 0.09692 0.11077 0.80695 0.74540 0.65837
v -0.00554 0.06462 0.11077 0.80695 0.74540 0.65837
v -0.01662 0.06462 0.11077 0.80695 0.74540 0.65837
v -0.01662 0.09692 0.10154 0.80695 0.74540 0.65837
v -0.00554 0.09692 0.10154 0.80695 0.74540 0.65837
v -0.01662 0.06462 0.10154 0.80695 0.74540 0.65837
v -0.00554 0.06462 0.10154 0.80695 0.74540 0.65837
f 1488 1489 1490
f 1490 1489 1491
f 1492 1493 1494
f 1494 1493 1495
f 1496 1497 1498
f 1498 1497 1499
f 1500 1501 1502
f 1502 1501 1503
f 1504 1505 1506
f 1506 1505 1507
f 1508 1509 1510
f 1510 1509 1511
f 1512 1513 1514
f 1514 1513 1515
f 1516 1517 1518
f 1518 1517 1519
f 1520 1521 1522
f 1522 1521 1523
f 1524 1525 1526
f 1526 1525 1527
f 1528 1529 1530
f 1530 1529 1531
f 1532 1533 1534
f 1534 1533 1535
v 0.07086 0.06116 0.08308 0.02315 0.01298 0.00913
v 0.07086 0.06116 0.08308 0.02315 0.01298 0.00913
v 0.07086 0.06116 0.08308 0.02315 0.01298 0.00913
v 0.07086 0.06116 0.08308 0.02315 0.01298 0.00913
v 0.07086 0.06116 0.08308 0.02315 0.01298 0.00913
v 0.07086 0.06116 0.08308 0.02315 0.01298 0.00913
v 0.07215 0.06569 0.08308 0.02315 0.01298 0.00913
v 0.07028 0.06334 0.08722 0.02315 0.01298 0.00913
v 0.06726 0.05953 0.08563 0.02315 0.01298 0.00913
v 0.06726 0.05953 0.08052 0.02315 0.01298 0.00913
v 0.07028 0.06334 0.07894 0.02315 0.01298 0.00913
v 0.07215 0.06569 0.08308 0.02315 0.01298 0.00913
v 0.06986 0.06981 0.08308 0.02315 0.01298 0.00913
v 0.06722 0.06648 0.08893 0.02315 0.01298 0.00913
v 0.06294 0.06109 0.08669 0.02315 0.01298 0.00913
v 0.06294 0.06109 0.07946 0.02315 0.01298 0.00913
v 0.06722 0.06648 0.07722 0.02315 0.01298 0.00913
v 0.06986 0.06981 0.08308 0.02315 0.01298 0.00913
v 0.03009 0.10137 0.08308 0.02315 0.01298 0.00913
v 0.02745 0.09804 0.08893 0.02315 0.01298 0.00913
v 0.02317 0.09265 0.08669 0.02315 0.01298 0.00913
v 0.02317 0.09265 0.07946 0.02315 0.01298 0.00913
v 0.02745 0.09804 0.07722 0.02315 0.01298 0.00913
v 0.03009 0.10137 0.08308 0.02315 0.01298 0.00913
v 0.02557 0.10266 0.08308 0.02315 0.01298 0.00913
v 0.02370 0.10031 0.08722 0.02315 0.01298 0.00913
v 0.02067 0.09650 0.08563 0.02315 0.01298 0.00913
v 0.02067 0.09650 0.08052 0.02315 0.01298 0.00913
v 0.02370 0.10031 0.07894 0.02315 0.01298 0.00913
v 0.02557 0.10266 0.08308 0.02315 0.01298 0.00913
v 0.02145 0.10037 0.08308 0.02315 0.01298 0.00913
v 0.02145 0.10037 0.08308 0.02315 0.01298 0.00913
v 0.02145 0.10037 0.08308 0.02315 0.01298 0.00913
v 0.02145 0.10037 0.08308 0.02315 0.01298 0.00913
v 0.02145 0.10037 0.08308 0.02315 0.01298 0.00913
v 0.02145 0.10037 0.08308 0.02315 0.01298 0.00913
v 0.07426 0.07754 0.08308 0.02315 0.01298 0.00913
v 0.07426 0.07754 0.08308 0.02315 0.01298 0.00913
v 0.07426 0.07754 0.08308 0.02315 0.01298 0.00913
v 0.07426 0.07754 0.08308 0.02315 0.01298 0.00913
v 0.07426 0.07754 0.08308 0.02315 0.01298 0.00913
v 0.07426 0.07754 0.08308 0.02315 0.01298 0.00913
v 0.07463 0.08224 0.08308 0.02315 0.01298 0.00913
v 0.07326 0.07956 0.08722 0.02315 0.01298 0.00913
v 0.07106 0.07522 0.08563 0.02315 0.01298 0.00913
v 0.07106 0.07522 0.08052 0.02315 0.01298 0.00913
v 0.07326 0.07956 0.07894 0.02315 0.01298 0.00913
v 0.07463 0.08224 0.08308 0.02315 0.01298 0.00913
v 0.07157 0.08582 0.08308 0.02315 0.01298 0.00913
v 0.06964 0.08203 0.08893 0.02315 0.01298 0.00913
v 0.06652 0.07589 0.08669 0.02315 0.01298 0.00913
v 0.06652 0.07589 0.07946 0.02315 0.01298 0.00913
v 0.06964 0.08203 0.07722 0.02315 0.01298 0.00913
v 0.07157 0.08582 0.08308 0.02315 0.01298 0.00913
v 0.02632 0.10884 0.08308 0.02315 0.01298 0.00913
v 0.02439 0.10506 0.08893 0.02315 0.01298 0.00913
v 0.02127 0.09892 0.08669 0.02315 0.01298 0.00913
v 0.02127 0.09892 0.07946 0.02315 0.01298 0.00913
v 0.02439 0.10506 0.07722 0.02315 0.01298 0.00913
v 0.02632 0.10884 0.08308 0.02315 0.01298 0.00913
v 0.02163 0.10921 0.08308 0.02315 0.01298 0.00913
v 0.02026 0.10653 0.08722 0.02315 0.01298 0.00913
v 0.01806 0.10220 0.08563 0.02315 0.01298 0.00913
v 0.01806 0.10220 0.08052 0.02315 0.01298 0.00913
v 0.02026 0.10653 0.07894 0.02315 0.01298 0.00913
v 0.02163 0.10921 0.08308 0.02315 0.01298 0.00913
v 0.01805 0.10615 0.08308 0.02315 0.01298 0.00913
v 0.01805 0.10615 0.08308 0.02315 0.01298 0.00913
v 0.01805 0.10615 0.08308 0.02315 0.01298 0.00913
v 0.01805 0.10615 0.08308 0.02315 0.01298 0.00913
v 0.01805 0.10615 0.08308 0.02315 0.01298 0.00913
v 0.01805 0.10615 0.08308 0.02315 0.01298 0.00913
v -0.07086 0.06116 0.08308 0.02315 0.01298 0.00913
v -0.07086 0.06116 0.08308 0.02315 0.01298 0.00913
v -0.07086 0.06116 0.08308 0.02315 0.01298 0.00913
v -0.07086 0.06116 0.08308 0.02315 0.01298 0.00913
v -0.07086 0.06116 0.08308 0.02315 0.01298 0.00913
v -0.07086 0.06116 0.08308 0.02315 0.01298 0.00913
v -0.06674 0.05888 0.08308 0.02315 0.01298 0.00913
v -0.06861 0.06123 0.08722 0.02315 0.01298 0.00913
v -0.07164 0.06504 0.08563 0.02315 0.01298 0.00913
v -0.07164 0.06504 0.08052 0.02315 0.01298 0.00913
v -0.06861 0.06123 0.07894 0.02315 0.01298 0.00913
v -0.06674 0.05888 0.08308 0.02315 0.01298 0.00913
v -0.06221 0.06017 0.08308 0.02315 0.01298 0.00913
v -0.06486 0.06350 0.08893 0.02315 0.01298 0.00913
v -0.06913 0.06889 0.08669 0.02315 0.01298 0.00913
v -0.06913 0.06889 0.07946 0.02315 0.01298 0.00913
v -0.06486 0.06350 0.07722 0.02315 0.01298 0.00913
v -0.06221 0.06017 0.08308 0.02315 0.01298 0.00913
v -0.02244 0.09173 0.08308 0.02315 0.01298 0.00913
v -0.02509 0.09506 0.08893 0.02315 0.01298 0.00913
v -0.02936 0.10045 0.08669 0.02315 0.01298 0.00913
v -0.02936 0.10045 0.07946 0.02315 0.01298 0.00913
v -0.02509 0.09506 0.07722 0.02315 0.01298 0.00913
v -0.02244 0.09173 0.08308 0.02315 0.01298 0.00913
v -0.02016 0.09584 0.08308 0.02315 0.01298 0.00913
v -0.02202 0.09820 0.08722 0.02315 0.01298 0.00913
v -0.02505 0.10201 0.08563 0.02315 0.01298 0.00913
v -0.02505 0.10201 0.08052 0.02315 0.01298 0.00913
v -0.02202 0.09820 0.07894 0.02315 0.01298 0.00913
v -0.02016 0.09584 0.08308 0.02315 0.01298 0.00913
v -0.02145 0.10037 0.08308 0.02315 0.01298 0.00913
v -0.02145 0.10037 0.08308 0.02315 0.01298 0.00913
v -0.02145 0.10037 0.08308 0.02315 0.01298 0.00913
v -0.02145 0.10037 0.08308 0.02315 0.01298 0.00913
v -0.02145 0.10037 0.08308 0.02315 0.01298 0.00913
v -0.02145 0.10037 0.08308 0.02315 0.01298 0.00913
v -0.07426 0.07754 0.08308 0.02315 0.01298 0.00913
v -0.07426 0.07754 0.08308 0.02315 0.01298 0.00913
v -0.07426 0.07754 0.08308 0.02315 0.01298 0.00913
v -0.07426 0.07754 0.08308 0.02315 0.01298 0.00913
v -0.07426 0.07754 0.08308 0.02315 0.01298 0.00913
v -0.07426 0.07754 0.08308 0.02315 0.01298 0.00913
v -0.07068 0.07448 0.08308 0.02315 0.01298 0.00913
v -0.07204 0.07716 0.08722 0.02315 0.01298 0.00913
v -0.07425 0.08150 0.08563 0.02315 0.01298 0.00913
v -0.07425 0.08150 0.08052 0.02315 0.01298 0.00913
v -0.07204 0.07716 0.07894 0.02315 0.01298 0.00913
v -0.07068 0.07448 0.08308 0.02315 0.01298 0.00913
v -0.06599 0.07485 0.08308 0.02315 0.01298 0.00913
v -0.06791 0.07864 0.08893 0.02315 0.01298 0.00913
v -0.07104 0.08477 0.08669 0.02315 0.01298 0.00913
v -0.07104 0.08477 0.07946 0.02315 0.01298 0.00913
v -0.06791 0.07864 0.07722 0.02315 0.01298 0.00913
v -0.06599 0.07485 0.08308 0.02315 0.01298 0.00913
v -0.02074 0.09788 0.08308 0.02315 0.01298 0.00913
v -0.02267 0.10167 0.08893 0.02315 0.01298 0.00913
v -0.02579 0.10780 0.08669 0.02315 0.01298 0.00913
v -0.02579 0.10780 0.07946 0.02315 0.01298 0.00913
v -0.02267 0.10167 0.07722 0.02315 0.01298 0.00913
v -0.02074 0.09788 0.08308 0.02315 0.01298 0.00913
v -0.01768 0.10146 0.08308 0.02315 0.01298 0.00913
v -0.01904 0.10414 0.08722 0.02315 0.01298 0.00913
v -0.02125 0.10847 0.08563 0.02315 0.01298 0.00913
v -0.02125 0.10847 0.08052 0.02315 0.01298 0.00913
v -0.01904 0.10414 0.07894 0.02315 0.01298 0.00913
v -0.01768 0.10146 0.08308 0.02315 0.01298 0.00913
v -0.01805 0.10615 0.08308 0.02315 0.01298 0.00913
v -0.01805 0.10615 0.08308 0.02315 0.01298 0.00913
v -0.01805 0.10615 0.08308 0.02315 0.01298 0.00913
v -0.01805 0.10615 0.08308 0.02315 0.01298 0.00913
v -0.01805 0.10615 0.08308 0.02315 0.01298 0.00913
v -0.01805 0.10615 0.08308 0.02315 0.01298 0.00913
v 0.00000 0.02900 -0.16669 0.02315 0.01298 0.00913
v 0.00000 0.02900 -0.16669 0.02315 0.01298 0.00913
v 0.00000 0.02900 -0.16669 0.02315 0.01298 0.00913
v 0.00000 0.02900 -0.16669 0.02315 0.01298 0.00913
v 0.00000 0.02900 -0.16669 0.02315 0.01298 0.00913
v 0.00000 0.02900 -0.16669 0.02315 0.01298 0.00913
v 0.01077 0.03120 -0.16483 0.02315 0.01298 0.00913
v 0.00333 0.02460 -0.15699 0.02315 0.01298 0.00913
v -0.00871 0.02712 -0.15999 0.02315 0.01298 0.00913
v -0.00871 0.03528 -0.16967 0.02315 0.01298 0.00913
v 0.00333 0.03780 -0.17266 0.02315 0.01298 0.00913
v 0.01077 0.03120 -0.16483 0.02315 0.01298 0.00913
v 0.01865 0.03723 -0.15975 0.02315 0.01298 0.00913
v 0.00576 0.02580 -0.14618 0.02315 0.01298 0.00913
v -0.01509 0.03017 -0.15136 0.02315 0.01298 0.00913
v -0.01509 0.04430 -0.16813 0.02315 0.01298 0.00913
v 0.00576 0.04866 -0.17332 0.02315 0.01298 0.00913
v 0.01865 0.03723 -0.15975 0.02315 0.01298 0.00913
v 0.02154 0.04547 -0.15281 0.02315 0.01298 0.00913
v 0.00666 0.03227 -0.13714 0.02315 0.01298 0.00913
v -0.01742 0.03731 -0.14313 0.02315 0.01298 0.00913
v -0.01742 0.05362 -0.16249 0.02315 0.01298 0.00913
v 0.00666 0.05867 -0.16848 0.02315 0.01298 0.00913
v 0.02154 0.04547 -0.15281 0.02315 0.01298 0.00913
v 0.02154 0.11607 -0.09334 0.02315 0.01298 0.00913
v 0.00666 0.10287 -0.07768 0.02315 0.01298 0.00913
v -0.01742 0.10791 -0.08366 0.02315 0.01298 0.00913
v -0.01742 0.12423 -0.10303 0.02315 0.01298 0.00913
v 0.00666 0.12927 -0.10901 0.02315 0.01298 0.00913
v 0.02154 0.11607 -0.09334 0.02315 0.01298 0.00913
v 0.01865 0.12431 -0.08641 0.02315 0.01298 0.00913
v 0.00576 0.11288 -0.07284 0.02315 0.01298 0.00913
v -0.01509 0.11724 -0.07802 0.02315 0.01298 0.00913
v -0.01509 0.13137 -0.09479 0.02315 0.01298 0.00913
v 0.00576 0.13573 -0.09997 0.02315 0.01298 0.00913
v 0.01865 0.12431 -0.08641 0.02315 0.01298 0.00913
v 0.01077 0.13034 -0.08133 0.02315 0.01298 0.00913
v 0.00333 0.12374 -0.07349 0.02315 0.01298 0.00913
v -0.00871 0.12626 -0.07649 0.02315 0.01298 0.00913
v -0.00871 0.13441 -0.08617 0.02315 0.01298 0.00913
v 0.00333 0.13693 -0.08916 0.02315 0.01298 0.00913
v 0.01077 0.13034 -0.08133 0.02315 0.01298 0.00913
v 0.00000 0.13254 -0.07947 0.02315 0.01298 0.00913
v 0.00000 0.13254 -0.07947 0.02315 0.01298 0.00913
v -0.00000 0.13254 -0.07947 0.02315 0.01298 0.00913
v -0.00000 0.13254 -0.07947 0.02315 0.01298 0.00913
v 0.00000 0.13254 -0.07947 0.02315 0.01298 0.00913
v 0.00000 0.13254 -0.07947 0.02315 0.01298 0.00913
v -0.00796 0.03852 -0.31889 0.02315 0.01298 0.00913
v -0.00796 0.03852 -0.31889 0.02315 0.01298 0.00913
v -0.00796 0.03852 -0.31889 0.02315 0.01298 0.00913
v -0.00796 0.03852 -0.31889 0.02315 0.01298 0.00913
v -0.00796 0.03852 -0.31889 0.02315 0.01298 0.00913
v -0.00796 0.03852 -0.31889 0.02315 0.01298 0.00913
v 0.00044 0.04008 -0.31727 0.02315 0.01298 0.00913
v -0.00536 0.03435 -0.31171 0.02315 0.01298 0.00913
v -0.01475 0.03654 -0.31383 0.02315 0.01298 0.00913
v -0.01475 0.04363 -0.32071 0.02315 0.01298 0.00913
v -0.00536 0.04582 -0.32284 0.02315 0.01298 0.00913
v 0.00044 0.04008 -0.31727 0.02315 0.01298 0.00913
v 0.00659 0.04437 -0.31286 0.02315 0.01298 0.00913
v -0.00346 0.03444 -0.30322 0.02315 0.01298 0.00913
v -0.01973 0.03823 -0.30691 0.02315 0.01298 0.00913
v -0.01973 0.05050 -0.31882 0.02315 0.01298 0.00913
v -0.00346 0.05430 -0.32250 0.02315 0.01298 0.00913
v 0.00659 0.04437 -0.31286 0.02315 0.01298 0.00913
v 0.00884 0.05022 -0.30684 0.02315 0.01298 0.00913
v -0.00277 0.03876 -0.29571 0.02315 0.01298 0.00913
v -0.02155 0.04314 -0.29996 0.02315 0.01298 0.00913
v -0.02155 0.05731 -0.31372 0.02315 0.01298 0.00913
v -0.00277 0.06168 -0.31797 0.02315 0.01298 0.00913
v 0.00884 0.05022 -0.30684 0.02315 0.01298 0.00913
v 0.00884 0.11132 -0.24393 0.02315 0.01298 0.00913
v -0.00277 0.09986 -0.23280 0.02315 0.01298 0.00913
v -0.02155 0.10423 -0.23705 0.02315 0.01298 0.00913
v -0.02155 0.11840 -0.25081 0.02315 0.01298 0.00913
v -0.00277 0.12278 -0.25506 0.02315 0.01298 0.00913
v 0.00884 0.11132 -0.24393 0.02315 0.01298 0.00913
v 0.00659 0.11717 -0.23791 0.02315 0.01298 0.00913
v -0.00346 0.10724 -0.22827 0.02315 0.01298 0.00913
v -0.01973 0.11103 -0.23195 0.02315 0.01298 0.00913
v -0.01973 0.12330 -0.24386 0.02315 0.01298 0.00913
v -0.00346 0.12710 -0.24755 0.02315 0.01298 0.00913
v 0.00659 0.11717 -0.23791 0.02315 0.01298 0.00913
v 0.00044 0.12145 -0.23349 0.02315 0.01298 0.00913
v -0.00536 0.11572 -0.22793 0.02315 0.01298 0.00913
v -0.01475 0.11791 -0.23005 0.02315 0.01298 0.00913
v -0.01475 0.12500 -0.23693 0.02315 0.01298 0.00913
v -0.00536 0.12718 -0.23906 0.02315 0.01298 0.00913
v 0.00044 0.12145 -0.23349 0.02315 0.01298 0.00913
v -0.00796 0.12302 -0.23188 0.02315 0.01298 0.00913
v -0.00796 0.12302 -0.23188 0.02315 0.01298 0.00913
v -0.00796 0.12302 -0.23188 0.02315 0.01298 0.00913
v -0.00796 0.12302 -0.23188 0.02315 0.01298 0.00913
v -0.00796 0.12302 -0.23188 0.02315 0.01298 0.00913
v -0.00796 0.12302 -0.23188 0.02315 0.01298 0.00913
v -0.01412 0.04745 -0.46352 0.02315 0.01298 0.00913
v -0.01412 0.04745 -0.46352 0.02315 0.01298 0.00913
v -0.01412 0.04745 -0.46352 0.02315 0.01298 0.00913
v -0.01412 0.04745 -0.46352 0.02315 0.01298 0.00913
v -0.01412 0.04745 -0.46352 0.02315 0.01298 0.00913
v -0.01412 0.04745 -0.46352 0.02315 0.01298 0.00913
v -0.00808 0.04846 -0.46226 0.02315 0.01298 0.00913
v -0.01225 0.04396 -0.45869 0.02315 0.01298 0.00913
v -0.01899 0.04568 -0.46006 0.02315 0.01298 0.00913
v -0.01899 0.05123 -0.46446 0.02315 0.01298 0.00913
v -0.01225 0.05295 -0.46582 0.02315 0.01298 0.00913
v -0.00808 0.04846 -0.46226 0.02315 0.01298 0.00913
v -0.00367 0.05120 -0.45880 0.02315 0.01298 0.00913
v -0.01089 0.04342 -0.45263 0.02315 0.01298 0.00913
v -0.02257 0.04639 -0.45498 0.02315 0.01298 0.00913
v -0.02257 0.05601 -0.46262 0.02315 0.01298 0.00913
v -0.01089 0.05898 -0.46498 0.02315 0.01298 0.00913
v -0.00367 0.05120 -0.45880 0.02315 0.01298 0.00913
v -0.00205 0.05495 -0.45408 0.02315 0.01298 0.00913
v -0.01039 0.04596 -0.44695 0.02315 0.01298 0.00913
v -0.02387 0.04940 -0.44967 0.02315 0.01298 0.00913
v -0.02387 0.06050 -0.45848 0.02315 0.01298 0.00913
v -0.01039 0.06393 -0.46121 0.02315 0.01298 0.00913
v -0.00205 0.05495 -0.45408 0.02315 0.01298 0.00913
v -0.00205 0.10659 -0.38900 0.02315 0.01298 0.00913
v -0.01039 0.09760 -0.38187 0.02315 0.01298 0.00913
v -0.02387 0.10104 -0.38459 0.02315 0.01298 0.00913
v -0.02387 0.11214 -0.39341 0.02315 0.01298 0.00913
v -0.01039 0.11558 -0.39613 0.02315 0.01298 0.00913
v -0.00205 0.10659 -0.38900 0.02315 0.01298 0.00913
v -0.00367 0.11034 -0.38428 0.02315 0.01298 0.00913
v -0.01089 0.10256 -0.37810 0.02315 0.01298 0.00913
v -0.02257 0.10553 -0.38046 0.02315 0.01298 0.00913
v -0.02257 0.11515 -0.38809 0.02315 0.01298 0.00913
v -0.01089 0.11812 -0.39045 0.02315 0.01298 0.00913
v -0.00367 0.11034 -0.38428 0.02315 0.01298 0.00913
v -0.00808 0.11308 -0.38082 0.02315 0.01298 0.00913
v -0.01225 0.10859 -0.37725 0.02315 0.01298 0.00913
v -0.01899 0.11031 -0.37861 0.02315 0.01298 0.00913
v -0.01899 0.11586 -0.38302 0.02315 0.01298 0.00913
v -0.01225 0.11758 -0.38438 0.02315 0.01298 0.00913
v -0.00808 0.11308 -0.38082 0.02315 0.01298 0.00913
v -0.01412 0.11409 -0.37955 0.02315 0.01298 0.00913
v -0.01412 0.11409 -0.37955 0.02315 0.01298 0.00913
v -0.01412 0.11409 -0.37955 0.02315 0.01298 0.00913
v -0.01412 0.11409 -0.37955 0.02315 0.01298 0.00913
v -0.01412 0.11409 -0.37955 0.02315 0.01298 0.00913
v -0.01412 0.11409 -0.37955 0.02315 0.01298 0.00913
f 1536 1542 1537
f 1537 1542 1543
f 1537 1543 1538
f 1538 1543 1544
f 1538 1544 1539
f 1539 1544 1545
f 1539 1545 1540
f 1540 1545 1546
f 1540 1546 1541
f 1541 1546 1547
f 1542 1548 1543
f 1543 1548 1549
f 1543 1549 1544
f 1544 1549 1550
f 1544 1550 1545
f 1545 1550 1551
f 1545 1551 1546
f 1546 1551 1552
f 1546 1552 1547
f 1547 1552 1553
f 1548 1554 1549
f 1549 1554 1555
f 1549 1555 1550
f 1550 1555 1556
f 1550 1556 1551
f 1551 1556 1557
f 1551 1557 1552
f 1552 1557 1558
f 1552 1558 1553
f 1553 1558 1559
f 1554 1560 1555
f 1555 1560 1561
f 1555 1561 1556
f 1556 1561 1562
f 1556 1562 1557
f 1557 1562 1563
f 1557 1563 1558
f 1558 1563 1564
f 1558 1564 1559
f 1559 1564 1565
f 1560 1566 1561
f 1561 1566 1567
f 1561 1567 1562
f 1562 1567 1568
f 1562 1568 1563
f 1563 1568 1569
f 1563 1569 1564
f 1564 1569 1570
f 1564 1570 1565
f 1565 1570 1571
f 1572 1578 1573
f 1573 1578 1579
f 1573 1579 1574
f 1574 1579 1580
f 1574 1580 1575
f 1575 1580 1581
f 1575 1581 1576
f 1576 1581 1582
f 1576 1582 1577
f 1577 1582 1583
f 1578 1584 1579
f 1579 1584 1585
f 1579 1585 1580
f 1580 1585 1586
f 1580 1586 1581
f 1581 1586 1587
f 1581 1587 1582
f 1582 1587 1588
f 1582 1588 1583
f 1583 1588 1589
f 1584 1590 1585
f 1585 1590 1591
f 1585 1591 1586
f 1586 1591 1592
f 1586 1592 1587
f 1587 1592 1593
f 1587 1593 1588
f 1588 1593 1594
f 1588 1594 1589
f 1589 1594 1595
f 1590 1596 1591
f 1591 1596 1597
f 1591 1597 1592
f 1592 1597 1598
f 1592 1598 1593
f 1593 1598 1599
f 1593 1599 1594
f 1594 1599 1600
f 1594 1600 1595
f 1595 1600 1601
f 1596 1602 1597
f 1597 1602 1603
f 1597 1603 1598
f 1598 1603 1604
f 1598 1604 1599
f 1599 1604 1605
f 1599 1605 1600
f 1600 1605 1606
f 1600 1606 1601
f 1601 1606 1607
f 1608 1614 1609
f 1609 1614 1615
f 1609 1615 1610
f 1610 1615 1616
f 1610 1616 1611
f 1611 1616 1617
f 1611 1617 1612
f 1612 1617 1618
f 1612 1618 1613
f 1613 1618 1619
f 1614 1620 1615
f 1615 1620 1621
f 1615 1621 1616
f 1616 1621 1622
f 1616 1622 1617
f 1617 1622 1623
f 1617 1623 1618
f 1618 1623 1624
f 1618 1624 1619
f 1619 1624 1625
f 1620 1626 1621
f 1621 1626 1627
f 1621 1627 1622
f 1622 1627 1628
f 1622 1628 1623
f 1623 1628 1629
f 1623 1629 1624
f 1624 1629 1630
f 1624 1630 1625
f 1625 1630 1631
f 1626 1632 1627
f 1627 1632 1633
f 1627 1633 1628
f 1628 1633 1634
f 1628 1634 1629
f 1629 1634 1635
f 1629 1635 1630
f 1630 1635 1636
f 1630 1636 1631
f 1631 1636 1637
f 1632 1638 1633
f 1633 1638 1639
f 1633 1639 1634
f 1634 1639 1640
f 1634 1640 1635
f 1635 1640 1641
f 1635 1641 1636
f 1636 1641 1642
f 1636 1642 1637
f 1637 1642 1643
f 1644 1650 1645
f 1645 1650 1651
f 1645 1651 1646
f 1646 1651 1652
f 1646 1652 1647
f 1647 1652 1653
f 1647 1653 1648
f 1648 1653 1654
f 1648 1654 1649
f 1649 1654 1655
f 1650 1656 1651
f 1651 1656 1657
f 1651 1657 1652
f 1652 1657 1658
f 1652 1658 1653
f 1653 1658 1659
f 1653 1659 1654
f 1654 1659 1660
f 1654 1660 1655
f 1655 1660 1661
f 1656 1662 1657
f 1657 1662 1663
f 1657 1663 1658
f 1658 1663 1664
f 1658 1664 1659
f 1659 1664 1665
f 1659 1665 1660
f 1660 1665 1666
f 1660 1666 1661
f 1661 1666 1667
f 1662 1668 1663
f 1663 1668 1669
f 1663 1669 1664
f 1664 1669 1670
f 1664 1670 1665
f 1665 1670 1671
f 1665 1671 1666
f 1666 1671 1672
f 1666 1672 1667
f 1667 1672 1673
f 1668 1674 1669
f 1669 1674 1675
f 1669 1675 1670
f 1670 1675 1676
f 1670 1676 1671
f 1671 1676 1677
f 1671 1677 1672
f 1672 1677 1678
f 1672 1678 1673
f 1673 1678 1679
f 1680 1686 1681
f 1681 1686 1687
f 1681 1687 1682
f 1682 1687 1688
f 1682 1688 1683
f 1683 1688 1689
f 1683 1689 1684
f 1684 1689 1690
f 1684 1690 1685
f 1685 1690 1691
f 1686 1692 1687
f 1687 1692 1693
f 1687 1693 1688
f 1688 1693 1694
f 1688 1694 1689
f 1689 1694 1695
f 1689 1695 1690
f 1690 1695 1696
f 1690 1696 1691
f 1691 1696 1697
f 1692 1698 1693
f 1693 1698 1699
f 1693 1699 1694
f 1694 1699 1700
f 1694 1700 1695
f 1695 1700 1701
f 1695 1701 1696
f 1696 1701 1702
f 1696 1702 1697
f 1697 1702 1703
f 1698 1704 1699
f 1699 1704 1705
f 1699 1705 1700
f 1700 1705 1706
f 1700 1706 1701
f 1701 1706 1707
f 1701 1707 1702
f 1702 1707 1708
f 1702 1708 1703
f 1703 1708 1709
f 1704 1710 1705
f 1705 1710 1711
f 1705 1711 1706
f 1706 1711 1712
f 1706 1712 1707
f 1707 1712 1713
f 1707 1713 1708
f 1708 1713 1714
f 1708 1714 1709
f 1709 1714 1715
f 1710 1716 1711
f 1711 1716 1717
f 1711 1717 1712
f 1712 1717 1718
f 1712 1718 1713
f 1713 1718 1719
f 1713 1719 1714
f 1714 1719 1720
f 1714 1720 1715
f 1715 1720 1721
f 1716 1722 1717
f 1717 1722 1723
f 1717 1723 1718
f 1718 1723 1724
f 1718 1724 1719
f 1719 1724 1725
f 1719 1725 1720
f 1720 1725 1726
f 1720 1726 1721
f 1721 1726 1727
f 1728 1734 1729
f 1729 1734 1735
f 1729 1735 1730
f 1730 1735 1736
f 1730 1736 1731
f 1731 1736 1737
f 1731 1737 1732
f 1732 1737 1738
f 1732 1738 1733
f 1733 1738 1739
f 1734 1740 1735
f 1735 1740 1741
f 1735 1741 1736
f 1736 1741 1742
f 1736 1742 1737
f 1737 1742 1743
f 1737 1743 1738
f 1738 1743 1744
f 1738 1744 1739
f 1739 1744 1745
f 1740 1746 1741
f 1741 1746 1747
f 1741 1747 1742
f 1742 1747 1748
f 1742 1748 1743
f 1743 1748 1749
f 1743 1749 1744
f 1744 1749 1750
f 1744 1750 1745
f 1745 1750 1751
f 1746 1752 1747
f 1747 1752 1753
f 1747 1753 1748
f 1748 1753 1754
f 1748 1754 1749
f 1749 1754 1755
f 1749 1755 1750
f 1750 1755 1756
f 1750 1756 1751
f 1751 1756 1757
f 1752 1758 1753
f 1753 1758 1759
f 1753 1759 1754
f 1754 1759 1760
f 1754 1760 1755
f 1755 1760 1761
f 1755 1761 1756
f 1756 1761 1762
f 1756 1762 1757
f 1757 1762 1763
f 1758 1764 1759
f 1759 1764 1765
f 1759 1765 1760
f 1760 1765 1766
f 1760 1766 1761
f 1761 1766 1767
f 1761 1767 1762
f 1762 1767 1768
f 1762 1768 1763
f 1763 1768 1769
f 1764 1770 1765
f 1765 1770 1771
f 1765 1771 1766
f 1766 1771 1772
f 1766 1772 1767
f 1767 1772 1773
f 1767 1773 1768
f 1768 1773 1774
f 1768 1774 1769
f 1769 1774 1775
f 1776 1782 1777
f 1777 1782 1783
f 1777 1783 1778
f 1778 1783 1784
f 1778 1784 1779
f 1779 1784 1785
f 1779 1785 1780
f 1780 1785 1786
f 1780 1786 1781
f 1781 1786 1787
f 1782 1788 1783
f 1783 1788 1789
f 1783 1789 1784
f 1784 1789 1790
f 1784 1790 1785
f 1785 1790 1791
f 1785 1791 1786
f 1786 1791 1792
f 1786 1792 1787
f 1787 1792 1793
f 1788 1794 1789
f 1789 1794 1795
f 1789 1795 1790
f 1790 1795 1796
f 1790 1796 1791
f 1791 1796 1797
f 1791 1797 1792
f 1792 1797 1798
f 1792 1798 1793
f 1793 1798 1799
f 1794 1800 1795
f 1795 1800 1801
f 1795 1801 1796
f 1796 1801 1802
f 1796 1802 1797
f 1797 1802 1803
f 1797 1803 1798
f 1798 1803 1804
f 1798 1804 1799
f 1799 1804 1805
f 1800 1806 1801
f 1801 1806 1807
f 1801 1807 1802
f 1802 1807 1808
f 1802 1808 1803
f 1803 1808 1809
f 1803 1809 1804
f 1804 1809 1810
f 1804 1810 1805
f 1805 1810 1811
f 1806 1812 1807
f 1807 1812 1813
f 1807 1813 1808
f 1808 1813 1814
f 1808 1814 1809
f 1809 1814 1815
f 1809 1815 1810
f 1810 1815 1816
f 1810 1816 1811
f 1811 1816 1817
f 1812 1818 1813
f 1813 1818 1819
f 1813 1819 1814
f 1814 1819 1820
f 1814 1820 1815
f 1815 1820 1821
f 1815 1821 1816
f 1816 1821 1822
f 1816 1822 1817
f 1817 1822 1823