v 0.00000 0.88620 0.00000 0.02732 0.01600 0.01161
v 0.00000 0.88620 0.00000 0.02732 0.01600 0.01161
v 0.00000 0.88620 0.00000 0.02732 0.01600 0.01161
v 0.00000 0.88620 0.00000 0.02732 0.01600 0.01161
v 0.00000 0.88620 0.00000 0.02732 0.01600 0.01161
v 0.00000 0.88620 0.00000 0.02732 0.01600 0.01161
v 0.00000 0.88620 0.00000 0.02732 0.01600 0.01161
v 0.00000 0.88620 0.00000 0.02732 0.01600 0.01161
v 0.00000 0.88620 0.00000 0.02732 0.01600 0.01161
v 0.00000 0.88620 0.00000 0.02732 0.01600 0.01161
v 0.00000 0.88620 0.00000 0.02732 0.01600 0.01161
v 0.00000 0.88620 0.00000 0.02732 0.01600 0.01161
v 0.00000 0.88620 0.00000 0.02732 0.01600 0.01161
v 0.00000 0.88620 0.00000 0.02732 0.01600 0.01161
v 0.00000 0.88620 0.00000 0.02732 0.01600 0.01161
v 0.00000 0.88620 0.00000 0.02732 0.01600 0.01161
v 0.00000 0.88620 0.00000 0.02732 0.01600 0.01161
v 0.00000 0.88620 0.00000 0.02732 0.01600 0.01161
v 0.07121 0.87818 0.00000 0.02732 0.01600 0.01161
v 0.06640 0.87818 0.02572 0.02732 0.01600 0.01161
v 0.05262 0.87818 0.04797 0.02732 0.01600 0.01161
v 0.03174 0.87818 0.06374 0.02732 0.01600 0.01161
v 0.00657 0.87818 0.07090 0.02732 0.01600 0.01161
v -0.01949 0.87818 0.06849 0.02732 0.01600 0.01161
v -0.04291 0.87818 0.05682 0.02732 0.01600 0.01161
v -0.06054 0.87818 0.03749 0.02732 0.01600 0.01161
v -0.06999 0.87818 0.01308 0.02732 0.01600 0.01161
v -0.06999 0.87818 -0.01308 0.02732 0.01600 0.01161
v -0.06054 0.87818 -0.03749 0.02732 0.01600 0.01161
v -0.04291 0.87818 -0.05682 0.02732 0.01600 0.01161
v -0.01949 0.87818 -0.06849 0.02732 0.01600 0.01161
v 0.00657 0.87818 -0.07090 0.02732 0.01600 0.01161
v 0.03174 0.87818 -0.06374 0.02732 0.01600 0.01161
v 0.05262 0.87818 -0.04797 0.02732 0.01600 0.01161
v 0.06640 0.87818 -0.02572 0.02732 0.01600 0.01161
v 0.07121 0.87818 -0.00000 0.02732 0.01600 0.01161
v 0.13884 0.85451 0.00000 0.02732 0.01600 0.01161
v 0.12947 0.85451 0.05016 0.02732 0.01600 0.01161
v 0.10261 0.85451 0.09354 0.02732 0.01600 0.01161
v 0.06189 0.85451 0.12429 0.02732 0.01600 0.01161
v 0.01281 0.85451 0.13825 0.02732 0.01600 0.01161
v -0.03800 0.85451 0.13354 0.02732 0.01600 0.01161
v -0.08367 0.85451 0.11080 0.02732 0.01600 0.01161
v -0.11805 0.85451 0.07309 0.02732 0.01600 0.01161
v -0.13648 0.85451 0.02551 0.02732 0.01600 0.01161
v -0.13648 0.85451 -0.02551 0.02732 0.01600 0.01161
v -0.11805 0.85451 -0.07309 0.02732 0.01600 0.01161
v -0.08367 0.85451 -0.11080 0.02732 0.01600 0.01161
v -0.03800 0.85451 -0.13354 0.02732 0.01600 0.01161
v 0.01281 0.85451 -0.13825 0.02732 0.01600 0.01161
v 0.06189 0.85451 -0.12429 0.02732 0.01600 0.01161
v 0.10261 0.85451 -0.09354 0.02732 0.01600 0.01161
v 0.12947 0.85451 -0.05016 0.02732 0.01600 0.01161
v 0.13884 0.85451 -0.00000 0.02732 0.01600 0.01161
v 0.19952 0.81639 0.00000 0.02732 0.01600 0.01161
v 0.18604 0.81639 0.07207 0.02732 0.01600 0.01161
v 0.14744 0.81639 0.13441 0.02732 0.01600 0.01161
v 0.08893 0.81639 0.17860 0.02732 0.01600 0.01161
v 0.01841 0.81639 0.19867 0.02732 0.01600 0.01161
v -0.05460 0.81639 0.19190 0.02732 0.01600 0.01161
v -0.12024 0.81639 0.15922 0.02732 0.01600 0.01161
v -0.16963 0.81639 0.10503 0.02732 0.01600 0.01161
v -0.19612 0.81639 0.03666 0.02732 0.01600 0.01161
v -0.19612 0.81639 -0.03666 0.02732 0.01600 0.01161
v -0.16963 0.81639 -0.10503 0.02732 0.01600 0.01161
v -0.12024 0.81639 -0.15922 0.02732 0.01600 0.01161
v -0.05460 0.81639 -0.19190 0.02732 0.01600 0.01161
v 0.01841 0.81639 -0.19867 0.02732 0.01600 0.01161
v 0.08893 0.81639 -0.17860 0.02732 0.01600 0.01161
v 0.14744 0.81639 -0.13441 0.02732 0.01600 0.01161
v 0.18604 0.81639 -0.07207 0.02732 0.01600 0.01161
v 0.19952 0.81639 -0.00000 0.02732 0.01600 0.01161
v 0.25019 0.76572 0.00000 0.02732 0.01600 0.01161
v 0.23329 0.76572 0.09038 0.02732 0.01600 0.01161
v 0.18489 0.76572 0.16855 0.02732 0.01600 0.01161
v 0.11152 0.76572 0.22396 0.02732 0.01600 0.01161
v 0.02308 0.76572 0.24912 0.02732 0.01600 0.01161
v -0.06847 0.76572 0.24064 0.02732 0.01600 0.01161
v -0.15077 0.76572 0.19965 0.02732 0.01600 0.01161
v -0.21271 0.76572 0.13171 0.02732 0.01600 0.01161
v -0.24593 0.76572 0.04597 0.02732 0.01600 0.01161
v -0.24593 0.76572 -0.04597 0.02732 0.01600 0.01161
v -0.21271 0.76572 -0.13171 0.02732 0.01600 0.01161
v -0.15077 0.76572 -0.19965 0.02732 0.01600 0.01161
v -0.06847 0.76572 -0.24064 0.02732 0.01600 0.01161
v 0.02308 0.76572 -0.24912 0.02732 0.01600 0.01161
v 0.11152 0.76572 -0.22396 0.02732 0.01600 0.01161
v 0.18489 0.76572 -0.16855 0.02732 0.01600 0.01161
v 0.23329 0.76572 -0.09038 0.02732 0.01600 0.01161
v 0.25019 0.76572 -0.00000 0.02732 0.01600 0.01161
v 0.28831 0.70505 0.00000 0.02732 0.01600 0.01161
v 0.26884 0.70505 0.10415 0.02732 0.01600 0.01161
v 0.21306 0.70505 0.19423 0.02732 0.01600 0.01161
v 0.12851 0.70505 0.25808 0.02732 0.01600 0.01161
v 0.02660 0.70505 0.28708 0.02732 0.01600 0.01161
v -0.07890 0.70505 0.27730 0.02732 0.01600 0.01161
v -0.17375 0.70505 0.23008 0.02732 0.01600 0.01161
v -0.24513 0.70505 0.15178 0.02732 0.01600 0.01161
v -0.28340 0.70505 0.05298 0.02732 0.01600 0.01161
v -0.28340 0.70505 -0.05298 0.02732 0.01600 0.01161
v -0.24513 0.70505 -0.15178 0.02732 0.01600 0.01161
v -0.17375 0.70505 -0.23008 0.02732 0.01600 0.01161
v -0.07890 0.70505 -0.27730 0.02732 0.01600 0.01161
v 0.02660 0.70505 -0.28708 0.02732 0.01600 0.01161
v 0.12851 0.70505 -0.25808 0.02732 0.01600 0.01161
v 0.21306 0.70505 -0.19423 0.02732 0.01600 0.01161
v 0.26884 0.70505 -0.10415 0.02732 0.01600 0.01161
v 0.28831 0.70505 -0.00000 0.02732 0.01600 0.01161
v 0.31198 0.63741 0.00000 0.02732 0.01600 0.01161
v 0.29091 0.63741 0.11270 0.02732 0.01600 0.01161
v 0.23055 0.63741 0.21018 0.02732 0.01600 0.01161
v 0.13906 0.63741 0.27927 0.02732 0.01600 0.01161
v 0.02879 0.63741 0.31065 0.02732 0.01600 0.01161
v -0.08538 0.63741 0.30007 0.02732 0.01600 0.01161
v -0.18801 0.63741 0.24896 0.02732 0.01600 0.01161
v -0.26525 0.63741 0.16423 0.02732 0.01600 0.01161
v -0.30666 0.63741 0.05733 0.02732 0.01600 0.01161
v -0.30666 0.63741 -0.05733 0.02732 0.01600 0.01161
v -0.26525 0.63741 -0.16423 0.02732 0.01600 0.01161
v -0.18801 0.63741 -0.24896 0.02732 0.01600 0.01161
v -0.08538 0.63741 -0.30007 0.02732 0.01600 0.01161
v 0.02879 0.63741 -0.31065 0.02732 0.01600 0.01161
v 0.13906 0.63741 -0.27927 0.02732 0.01600 0.01161
v 0.23055 0.63741 -0.21018 0.02732 0.01600 0.01161
v 0.29091 0.63741 -0.11270 0.02732 0.01600 0.01161
v 0.31198 0.63741 -0.00000 0.02732 0.01600 0.01161
v 0.32000 0.56620 0.00000 0.02732 0.01600 0.01161
v 0.29839 0.56620 0.11560 0.02732 0.01600 0.01161
v 0.23648 0.56620 0.21558 0.02732 0.01600 0.01161
v 0.14264 0.56620 0.28645 0.02732 0.01600 0.01161
v 0.02953 0.56620 0.31863 0.02732 0.01600 0.01161
v -0.08757 0.56620 0.30778 0.02732 0.01600 0.01161
v -0.19284 0.56620 0.25537 0.02732 0.01600 0.01161
v -0.27207 0.56620 0.16846 0.02732 0.01600 0.01161
v -0.31455 0.56620 0.05880 0.02732 0.01600 0.01161
v -0.31455 0.56620 -0.05880 0.02732 0.01600 0.01161
v -0.27207 0.56620 -0.16846 0.02732 0.01600 0.01161
v -0.19284 0.56620 -0.25537 0.02732 0.01600 0.01161
v -0.08757 0.56620 -0.30778 0.02732 0.01600 0.01161
v 0.02953 0.56620 -0.31863 0.02732 0.01600 0.01161
v 0.14264 0.56620 -0.28645 0.02732 0.01600 0.01161
v 0.23648 0.56620 -0.21558 0.02732 0.01600 0.01161
v 0.29839 0.56620 -0.11560 0.02732 0.01600 0.01161
v 0.32000 0.56620 -0.00000 0.02732 0.01600 0.01161
v 0.31198 0.49500 0.00000 0.02732 0.01600 0.01161
v 0.29091 0.49500 0.11270 0.02732 0.01600 0.01161
v 0.23055 0.49500 0.21018 0.02732 0.01600 0.01161
v 0.13906 0.49500 0.27927 0.02732 0.01600 0.01161
v 0.02879 0.49500 0.31065 0.02732 0.01600 0.01161
v -0.08538 0.49500 0.30007 0.02732 0.01600 0.01161
v -0.18801 0.49500 0.24896 0.02732 0.01600 0.01161
v -0.26525 0.49500 0.16423 0.02732 0.01600 0.01161
v -0.30666 0.49500 0.05733 0.02732 0.01600 0.01161
v -0.30666 0.49500 -0.05733 0.02732 0.01600 0.01161
v -0.26525 0.49500 -0.16423 0.02732 0.01600 0.01161
v -0.18801 0.49500 -0.24896 0.02732 0.01600 0.01161
v -0.08538 0.49500 -0.30007 0.02732 0.01600 0.01161
v 0.02879 0.49500 -0.31065 0.02732 0.01600 0.01161
v 0.13906 0.49500 -0.27927 0.02732 0.01600 0.01161
v 0.23055 0.49500 -0.21018 0.02732 0.01600 0.01161
v 0.29091 0.49500 -0.11270 0.02732 0.01600 0.01161
v 0.31198 0.49500 -0.00000 0.02732 0.01600 0.01161
v 0.28831 0.42736 0.00000 0.02732 0.01600 0.01161
v 0.26884 0.42736 0.10415 0.02732 0.01600 0.01161
v 0.21306 0.42736 0.19423 0.02732 0.01600 0.01161
v 0.12851 0.42736 0.25808 0.02732 0.01600 0.01161
v 0.02660 0.42736 0.28708 0.02732 0.01600 0.01161
v -0.07890 0.42736 0.27730 0.02732 0.01600 0.01161
v -0.17375 0.42736 0.23008 0.02732 0.01600 0.01161
v -0.24513 0.42736 0.15178 0.02732 0.01600 0.01161
v -0.28340 0.42736 0.05298 0.02732 0.01600 0.01161
v -0.28340 0.42736 -0.05298 0.02732 0.01600 0.01161
v -0.24513 0.42736 -0.15178 0.02732 0.01600 0.01161
v -0.17375 0.42736 -0.23008 0.02732 0.01600 0.01161
v -0.07890 0.42736 -0.27730 0.02732 0.01600 0.01161
v 0.02660 0.42736 -0.28708 0.02732 0.01600 0.01161
v 0.12851 0.42736 -0.25808 0.02732 0.01600 0.01161
v 0.21306 0.42736 -0.19423 0.02732 0.01600 0.01161
v 0.26884 0.42736 -0.10415 0.02732 0.01600 0.01161
v 0.28831 0.42736 -0.00000 0.02732 0.01600 0.01161
v 0.25019 0.36669 0.00000 0.02732 0.01600 0.01161
v 0.23329 0.36669 0.09038 0.02732 0.01600 0.01161
v 0.18489 0.36669 0.16855 0.02732 0.01600 0.01161
v 0.11152 0.36669 0.22396 0.02732 0.01600 0.01161
v 0.02308 0.36669 0.24912 0.02732 0.01600 0.01161
v -0.06847 0.36669 0.24064 0.02732 0.01600 0.01161
v -0.15077 0.36669 0.19965 0.02732 0.01600 0.01161
v -0.21271 0.36669 0.13171 0.02732 0.01600 0.01161
v -0.24593 0.36669 0.04597 0.02732 0.01600 0.01161
v -0.24593 0.36669 -0.04597 0.02732 0.01600 0.01161
v -0.21271 0.36669 -0.13171 0.02732 0.01600 0.01161
v -0.15077 0.36669 -0.19965 0.02732 0.01600 0.01161
v -0.06847 0.36669 -0.24064 0.02732 0.01600 0.01161
v 0.02308 0.36669 -0.24912 0.02732 0.01600 0.01161
v 0.11152 0.36669 -0.22396 0.02732 0.01600 0.01161
v 0.18489 0.36669 -0.16855 0.02732 0.01600 0.01161
v 0.23329 0.36669 -0.09038 0.02732 0.01600 0.01161
v 0.25019 0.36669 -0.00000 0.02732 0.01600 0.01161
v 0.19952 0.31602 0.00000 0.02732 0.01600 0.01161
v 0.18604 0.31602 0.07207 0.02732 0.01600 0.01161
v 0.14744 0.31602 0.13441 0.02732 0.01600 0.01161
v 0.08893 0.31602 0.17860 0.02732 0.01600 0.01161
v 0.01841 0.31602 0.19867 0.02732 0.01600 0.01161
v -0.05460 0.31602 0.19190 0.02732 0.01600 0.01161
v -0.12024 0.31602 0.15922 0.02732 0.01600 0.01161
v -0.16963 0.31602 0.10503 0.02732 0.01600 0.01161
v -0.19612 0.31602 0.03666 0.02732 0.01600 0.01161
v -0.19612 0.31602 -0.03666 0.02732 0.01600 0.01161
v -0.16963 0.31602 -0.10503 0.02732 0.01600 0.01161
v -0.12024 0.31602 -0.15922 0.02732 0.01600 0.01161
v -0.05460 0.31602 -0.19190 0.02732 0.01600 0.01161
v 0.01841 0.31602 -0.19867 0.02732 0.01600 0.01161
v 0.08893 0.31602 -0.17860 0.02732 0.01600 0.01161
v 0.14744 0.31602 -0.13441 0.02732 0.01600 0.01161
v 0.18604 0.31602 -0.07207 0.02732 0.01600 0.01161
v 0.19952 0.31602 -0.00000 0.02732 0.01600 0.01161
v 0.13884 0.27789 0.00000 0.02732 0.01600 0.01161
v 0.12947 0.27789 0.05016 0.02732 0.01600 0.01161
v 0.10261 0.27789 0.09354 0.02732 0.01600 0.01161
v 0.06189 0.27789 0.12429 0.02732 0.01600 0.01161
v 0.01281 0.27789 0.13825 0.02732 0.01600 0.01161
v -0.03800 0.27789 0.13354 0.02732 0.01600 0.01161
v -0.08367 0.27789 0.11080 0.02732 0.01600 0.01161
v -0.11805 0.27789 0.07309 0.02732 0.01600 0.01161
v -0.13648 0.27789 0.02551 0.02732 0.01600 0.01161
v -0.13648 0.27789 -0.02551 0.02732 0.01600 0.01161
v -0.11805 0.27789 -0.07309 0.02732 0.01600 0.01161
v -0.08367 0.27789 -0.11080 0.02732 0.01600 0.01161
v -0.03800 0.27789 -0.13354 0.02732 0.01600 0.01161
v 0.01281 0.27789 -0.13825 0.02732 0.01600 0.01161
v 0.06189 0.27789 -0.12429 0.02732 0.01600 0.01161
v 0.10261 0.27789 -0.09354 0.02732 0.01600 0.01161
v 0.12947 0.27789 -0.05016 0.02732 0.01600 0.01161
v 0.13884 0.27789 -0.00000 0.02732 0.01600 0.01161
v 0.07121 0.25423 0.00000 0.02732 0.01600 0.01161
v 0.06640 0.25423 0.02572 0.02732 0.01600 0.01161
v 0.05262 0.25423 0.04797 0.02732 0.01600 0.01161
v 0.03174 0.25423 0.06374 0.02732 0.01600 0.01161
v 0.00657 0.25423 0.07090 0.02732 0.01600 0.01161
v -0.01949 0.25423 0.06849 0.02732 0.01600 0.01161
v -0.04291 0.25423 0.05682 0.02732 0.01600 0.01161
v -0.06054 0.25423 0.03749 0.02732 0.01600 0.01161
v -0.06999 0.25423 0.01308 0.02732 0.01600 0.01161
v -0.06999 0.25423 -0.01308 0.02732 0.01600 0.01161
v -0.06054 0.25423 -0.03749 0.02732 0.01600 0.01161
v -0.04291 0.25423 -0.05682 0.02732 0.01600 0.01161
v -0.01949 0.25423 -0.06849 0.02732 0.01600 0.01161
v 0.00657 0.25423 -0.07090 0.02732 0.01600 0.01161
v 0.03174 0.25423 -0.06374 0.02732 0.01600 0.01161
v 0.05262 0.25423 -0.04797 0.02732 0.01600 0.01161
v 0.06640 0.25423 -0.02572 0.02732 0.01600 0.01161
v 0.07121 0.25423 -0.00000 0.02732 0.01600 0.01161
v 0.00000 0.24620 0.00000 0.02732 0.01600 0.01161
v 0.00000 0.24620 0.00000 0.02732 0.01600 0.01161
v 0.00000 0.24620 0.00000 0.02732 0.01600 0.01161
v 0.00000 0.24620 0.00000 0.02732 0.01600 0.01161
v 0.00000 0.24620 0.00000 0.02732 0.01600 0.01161
v 0.00000 0.24620 0.00000 0.02732 0.01600 0.01161
v 0.00000 0.24620 0.00000 0.02732 0.01600 0.01161
v 0.00000 0.24620 0.00000 0.02732 0.01600 0.01161
v 0.00000 0.24620 0.00000 0.02732 0.01600 0.01161
v 0.00000 0.24620 0.00000 0.02732 0.01600 0.01161
v 0.00000 0.24620 0.00000 0.02732 0.01600 0.01161
v 0.00000 0.24620 0.00000 0.02732 0.01600 0.01161
v 0.00000 0.24620 0.00000 0.02732 0.01600 0.01161
v 0.00000 0.24620 0.00000 0.02732 0.01600 0.01161
v 0.00000 0.24620 0.00000 0.02732 0.01600 0.01161
v 0.00000 0.24620 0.00000 0.02732 0.01600 0.01161
v 0.00000 0.24620 0.00000 0.02732 0.01600 0.01161
v 0.00000 0.24620 0.00000 0.02732 0.01600 0.01161
v 0.00000 0.80620 0.28000 0.02732 0.01600 0.01161
v 0.00000 0.80620 0.28000 0.02732 0.01600 0.01161
v 0.00000 0.80620 0.28000 0.02732 0.01600 0.01161
v 0.00000 0.80620 0.28000 0.02732 0.01600 0.01161
v 0.00000 0.80620 0.28000 0.02732 0.01600 0.01161
v 0.00000 0.80620 0.28000 0.02732 0.01600 0.01161
v 0.00000 0.80620 0.28000 0.02732 0.01600 0.01161
v 0.00000 0.80620 0.28000 0.02732 0.01600 0.01161
v 0.00000 0.80620 0.28000 0.02732 0.01600 0.01161
v 0.00000 0.80620 0.28000 0.02732 0.01600 0.01161
v 0.00000 0.80620 0.28000 0.02732 0.01600 0.01161
v 0.00000 0.80620 0.28000 0.02732 0.01600 0.01161
v 0.00000 0.80620 0.28000 0.02732 0.01600 0.01161
v 0.00000 0.80620 0.28000 0.02732 0.01600 0.01161
v 0.00000 0.80620 0.28000 0.02732 0.01600 0.01161
v 0.00000 0.80620 0.28000 0.02732 0.01600 0.01161
v 0.05176 0.79939 0.28000 0.02732 0.01600 0.01161
v 0.04729 0.79939 0.30105 0.02732 0.01600 0.01161
v 0.03464 0.79939 0.31847 0.02732 0.01600 0.01161
v 0.01600 0.79939 0.32923 0.02732 0.01600 0.01161
v -0.00541 0.79939 0.33148 0.02732 0.01600 0.01161
v -0.02588 0.79939 0.32483 0.02732 0.01600 0.01161
v -0.04188 0.79939 0.31043 0.02732 0.01600 0.01161
v -0.05063 0.79939 0.29076 0.02732 0.01600 0.01161
v -0.05063 0.79939 0.26924 0.02732 0.01600 0.01161
v -0.04188 0.79939 0.24957 0.02732 0.01600 0.01161
v -0.02588 0.79939 0.23517 0.02732 0.01600 0.01161
v -0.00541 0.79939 0.22852 0.02732 0.01600 0.01161
v 0.01600 0.79939 0.23077 0.02732 0.01600 0.01161
v 0.03464 0.79939 0.24153 0.02732 0.01600 0.01161
v 0.04729 0.79939 0.25895 0.02732 0.01600 0.01161
v 0.05176 0.79939 0.28000 0.02732 0.01600 0.01161
v 0.10000 0.77941 0.28000 0.02732 0.01600 0.01161
v 0.09135 0.77941 0.32067 0.02732 0.01600 0.01161
v 0.06691 0.77941 0.35431 0.02732 0.01600 0.01161
v 0.03090 0.77941 0.37511 0.02732 0.01600 0.01161
v -0.01045 0.77941 0.37945 0.02732 0.01600 0.01161
v -0.05000 0.77941 0.36660 0.02732 0.01600 0.01161
v -0.08090 0.77941 0.33878 0.02732 0.01600 0.01161
v -0.09781 0.77941 0.30079 0.02732 0.01600 0.01161
v -0.09781 0.77941 0.25921 0.02732 0.01600 0.01161
v -0.08090 0.77941 0.22122 0.02732 0.01600 0.01161
v -0.05000 0.77941 0.19340 0.02732 0.01600 0.01161
v -0.01045 0.77941 0.18055 0.02732 0.01600 0.01161
v 0.03090 0.77941 0.18489 0.02732 0.01600 0.01161
v 0.06691 0.77941 0.20569 0.02732 0.01600 0.01161
v 0.09135 0.77941 0.23933 0.02732 0.01600 0.01161
v 0.10000 0.77941 0.28000 0.02732 0.01600 0.01161
v 0.14142 0.74762 0.28000 0.02732 0.01600 0.01161
v 0.12919 0.74762 0.33752 0.02732 0.01600 0.01161
v 0.09463 0.74762 0.38510 0.02732 0.01600 0.01161
v 0.04370 0.74762 0.41450 0.02732 0.01600 0.01161
v -0.01478 0.74762 0.42065 0.02732 0.01600 0.01161
v -0.07071 0.74762 0.40247 0.02732 0.01600 0.01161
v -0.11441 0.74762 0.36313 0.02732 0.01600 0.01161
v -0.13833 0.74762 0.30940 0.02732 0.01600 0.01161
v -0.13833 0.74762 0.25060 0.02732 0.01600 0.01161
v -0.11441 0.74762 0.19687 0.02732 0.01600 0.01161
v -0.07071 0.74762 0.15753 0.02732 0.01600 0.01161
v -0.01478 0.74762 0.13935 0.02732 0.01600 0.01161
v 0.04370 0.74762 0.14550 0.02732 0.01600 0.01161
v 0.09463 0.74762 0.17490 0.02732 0.01600 0.01161
v 0.12919 0.74762 0.22248 0.02732 0.01600 0.01161
v 0.14142 0.74762 0.28000 0.02732 0.01600 0.01161
v 0.17321 0.70620 0.28000 0.02732 0.01600 0.01161
v 0.15823 0.70620 0.35045 0.02732 0.01600 0.01161
v 0.11590 0.70620 0.40872 0.02732 0.01600 0.01161
v 0.05352 0.70620 0.44473 0.02732 0.01600 0.01161
v -0.01810 0.70620 0.45226 0.02732 0.01600 0.01161
v -0.08660 0.70620 0.43000 0.02732 0.01600 0.01161
v -0.14013 0.70620 0.38181 0.02732 0.01600 0.01161
v -0.16942 0.70620 0.31601 0.02732 0.01600 0.01161
v -0.16942 0.70620 0.24399 0.02732 0.01600 0.01161
v -0.14013 0.70620 0.17819 0.02732 0.01600 0.01161
v -0.08660 0.70620 0.13000 0.02732 0.01600 0.01161
v -0.01810 0.70620 0.10774 0.02732 0.01600 0.01161
v 0.05352 0.70620 0.11527 0.02732 0.01600 0.01161
v 0.11590 0.70620 0.15128 0.02732 0.01600 0.01161
v 0.15823 0.70620 0.20955 0.02732 0.01600 0.01161
v 0.17321 0.70620 0.28000 0.02732 0.01600 0.01161
v 0.19319 0.65797 0.28000 0.02732 0.01600 0.01161
v 0.17648 0.65797 0.35858 0.02732 0.01600 0.01161
v 0.12927 0.65797 0.42356 0.02732 0.01600 0.01161
v 0.05970 0.65797 0.46373 0.02732 0.01600 0.01161
v -0.02019 0.65797 0.47213 0.02732 0.01600 0.01161
v -0.09659 0.65797 0.44730 0.02732 0.01600 0.01161
v -0.15629 0.65797 0.39355 0.02732 0.01600 0.01161
v -0.18896 0.65797 0.32017 0.02732 0.01600 0.01161
v -0.18896 0.65797 0.23983 0.02732 0.01600 0.01161
v -0.15629 0.65797 0.16645 0.02732 0.01600 0.01161
v -0.09659 0.65797 0.11270 0.02732 0.01600 0.01161
v -0.02019 0.65797 0.08787 0.02732 0.01600 0.01161
v 0.05970 0.65797 0.09627 0.02732 0.01600 0.01161
v 0.12927 0.65797 0.13644 0.02732 0.01600 0.01161
v 0.17648 0.65797 0.20142 0.02732 0.01600 0.01161
v 0.19319 0.65797 0.28000 0.02732 0.01600 0.01161
v 0.20000 0.60620 0.28000 0.02732 0.01600 0.01161
v 0.18271 0.60620 0.36135 0.02732 0.01600 0.01161
v 0.13383 0.60620 0.42863 0.02732 0.01600 0.01161
v 0.06180 0.60620 0.47021 0.02732 0.01600 0.01161
v -0.02091 0.60620 0.47890 0.02732 0.01600 0.01161
v -0.10000 0.60620 0.45321 0.02732 0.01600 0.01161
v -0.16180 0.60620 0.39756 0.02732 0.01600 0.01161
v -0.19563 0.60620 0.32158 0.02732 0.01600 0.01161
v -0.19563 0.60620 0.23842 0.02732 0.01600 0.01161
v -0.16180 0.60620 0.16244 0.02732 0.01600 0.01161
v -0.10000 0.60620 0.10679 0.02732 0.01600 0.01161
v -0.02091 0.60620 0.08110 0.02732 0.01600 0.01161
v 0.06180 0.60620 0.08979 0.02732 0.01600 0.01161
v 0.13383 0.60620 0.13137 0.02732 0.01600 0.01161
v 0.18271 0.60620 0.19865 0.02732 0.01600 0.01161
v 0.20000 0.60620 0.28000 0.02732 0.01600 0.01161
v 0.19319 0.55444 0.28000 0.02732 0.01600 0.01161
v 0.17648 0.55444 0.35858 0.02732 0.01600 0.01161
v 0.12927 0.55444 0.42356 0.02732 0.01600 0.01161
v 0.05970 0.55444 0.46373 0.02732 0.01600 0.01161
v -0.02019 0.55444 0.47213 0.02732 0.01600 0.01161
v -0.09659 0.55444 0.44730 0.02732 0.01600 0.01161
v -0.15629 0.55444 0.39355 0.02732 0.01600 0.01161
v -0.18896 0.55444 0.32017 0.02732 0.01600 0.01161
v -0.18896 0.55444 0.23983 0.02732 0.01600 0.01161
v -0.15629 0.55444 0.16645 0.02732 0.01600 0.01161
v -0.09659 0.55444 0.11270 0.02732 0.01600 0.01161
v -0.02019 0.55444 0.08787 0.02732 0.01600 0.01161
v 0.05970 0.55444 0.09627 0.02732 0.01600 0.01161
v 0.12927 0.55444 0.13644 0.02732 0.01600 0.01161
v 0.17648 0.55444 0.20142 0.02732 0.01600 0.01161
v 0.19319 0.55444 0.28000 0.02732 0.01600 0.01161
v 0.17321 0.50620 0.28000 0.02732 0.01600 0.01161
v 0.15823 0.50620 0.35045 0.02732 0.01600 0.01161
v 0.11590 0.50620 0.40872 0.02732 0.01600 0.01161
v 0.05352 0.50620 0.44473 0.02732 0.01600 0.01161
v -0.01810 0.50620 0.45226 0.02732 0.01600 0.01161
v -0.08660 0.50620 0.43000 0.02732 0.01600 0.01161
v -0.14013 0.50620 0.38181 0.02732 0.01600 0.01161
v -0.16942 0.50620 0.31601 0.02732 0.01600 0.01161
v -0.16942 0.50620 0.24399 0.02732 0.01600 0.01161
v -0.14013 0.50620 0.17819 0.02732 0.01600 0.01161
v -0.08660 0.50620 0.13000 0.02732 0.01600 0.01161
v -0.01810 0.50620 0.10774 0.02732 0.01600 0.01161
v 0.05352 0.50620 0.11527 0.02732 0.01600 0.01161
v 0.11590 0.50620 0.15128 0.02732 0.01600 0.01161
v 0.15823 0.50620 0.20955 0.02732 0.01600 0.01161
v 0.17321 0.50620 0.28000 0.02732 0.01600 0.01161
v 0.14142 0.46478 0.28000 0.02732 0.01600 0.01161
v 0.12919 0.46478 0.33752 0.02732 0.01600 0.01161
v 0.09463 0.46478 0.38510 0.02732 0.01600 0.01161
v 0.04370 0.46478 0.41450 0.02732 0.01600 0.01161
v -0.01478 0.46478 0.42065 0.02732 0.01600 0.01161
v -0.07071 0.46478 0.40247 0.02732 0.01600 0.01161
v -0.11441 0.46478 0.36313 0.02732 0.01600 0.01161
v -0.13833 0.46478 0.30940 0.02732 0.01600 0.01161
v -0.13833 0.46478 0.25060 0.02732 0.01600 0.01161
v -0.11441 0.46478 0.19687 0.02732 0.01600 0.01161
v -0.07071 0.46478 0.15753 0.02732 0.01600 0.01161
v -0.01478 0.46478 0.13935 0.02732 0.01600 0.01161
v 0.04370 0.46478 0.14550 0.02732 0.01600 0.01161
v 0.09463 0.46478 0.17490 0.02732 0.01600 0.01161
v 0.12919 0.46478 0.22248 0.02732 0.01600 0.01161
v 0.14142 0.46478 0.28000 0.02732 0.01600 0.01161
v 0.10000 0.43300 0.28000 0.02732 0.01600 0.01161
v 0.09135 0.43300 0.32067 0.02732 0.01600 0.01161
v 0.06691 0.43300 0.35431 0.02732 0.01600 0.01161
v 0.03090 0.43300 0.37511 0.02732 0.01600 0.01161
v -0.01045 0.43300 0.37945 0.02732 0.01600 0.01161
v -0.05000 0.43300 0.36660 0.02732 0.01600 0.01161
v -0.08090 0.43300 0.33878 0.02732 0.01600 0.01161
v -0.09781 0.43300 0.30079 0.02732 0.01600 0.01161
v -0.09781 0.43300 0.25921 0.02732 0.01600 0.01161
v -0.08090 0.43300 0.22122 0.02732 0.01600 0.01161
v -0.05000 0.43300 0.19340 0.02732 0.01600 0.01161
v -0.01045 0.43300 0.18055 0.02732 0.01600 0.01161
v 0.03090 0.43300 0.18489 0.02732 0.01600 0.01161
v 0.06691 0.43300 0.20569 0.02732 0.01600 0.01161
v 0.09135 0.43300 0.23933 0.02732 0.01600 0.01161
v 0.10000 0.43300 0.28000 0.02732 0.01600 0.01161
v 0.05176 0.41302 0.28000 0.02732 0.01600 0.01161
v 0.04729 0.41302 0.30105 0.02732 0.01600 0.01161
v 0.03464 0.41302 0.31847 0.02732 0.01600 0.01161
v 0.01600 0.41302 0.32923 0.02732 0.01600 0.01161
v -0.00541 0.41302 0.33148 0.02732 0.01600 0.01161
v -0.02588 0.41302 0.32483 0.02732 0.01600 0.01161
v -0.04188 0.41302 0.31043 0.02732 0.01600 0.01161
v -0.05063 0.41302 0.29076 0.02732 0.01600 0.01161
v -0.05063 0.41302 0.26924 0.02732 0.01600 0.01161
v -0.04188 0.41302 0.24957 0.02732 0.01600 0.01161
v -0.02588 0.41302 0.23517 0.02732 0.01600 0.01161
v -0.00541 0.41302 0.22852 0.02732 0.01600 0.01161
v 0.01600 0.41302 0.23077 0.02732 0.01600 0.01161
v 0.03464 0.41302 0.24153 0.02732 0.01600 0.01161
v 0.04729 0.41302 0.25895 0.02732 0.01600 0.01161
v 0.05176 0.41302 0.28000 0.02732 0.01600 0.01161
v 0.00000 0.40620 0.28000 0.02732 0.01600 0.01161
v 0.00000 0.40620 0.28000 0.02732 0.01600 0.01161
v 0.00000 0.40620 0.28000 0.02732 0.01600 0.01161
v 0.00000 0.40620 0.28000 0.02732 0.01600 0.01161
v 0.00000 0.40620 0.28000 0.02732 0.01600 0.01161
v 0.00000 0.40620 0.28000 0.02732 0.01600 0.01161
v 0.00000 0.40620 0.28000 0.02732 0.01600 0.01161
v 0.00000 0.40620 0.28000 0.02732 0.01600 0.01161
v 0.00000 0.40620 0.28000 0.02732 0.01600 0.01161
v 0.00000 0.40620 0.28000 0.02732 0.01600 0.01161
v 0.00000 0.40620 0.28000 0.02732 0.01600 0.01161
v 0.00000 0.40620 0.28000 0.02732 0.01600 0.01161
v 0.00000 0.40620 0.28000 0.02732 0.01600 0.01161
v 0.00000 0.40620 0.28000 0.02732 0.01600 0.01161
v 0.00000 0.40620 0.28000 0.02732 0.01600 0.01161
v 0.00000 0.40620 0.28000 0.02732 0.01600 0.01161
f 1 20 19
f 2 21 20
f 3 22 21
f 4 23 22
f 5 24 23
f 6 25 24
f 7 26 25
f 8 27 26
f 9 28 27
f 10 29 28
f 11 30 29
f 12 31 30
f 13 32 31
f 14 33 32
f 15 34 33
f 16 35 34
f 17 36 35
f 20 38 19
f 19 38 37
f 21 39 20
f 20 39 38
f 22 40 21
f 21 40 39
f 23 41 22
f 22 41 40
f 24 42 23
f 23 42 41
f 25 43 24
f 24 43 42
f 26 44 25
f 25 44 43
f 27 45 26
f 26 45 44
f 28 46 27
f 27 46 45
f 29 47 28
f 28 47 46
f 30 48 29
f 29 48 47
f 31 49 30
f 30 49 48
f 32 50 31
f 31 50 49
f 33 51 32
f 32 51 50
f 34 52 33
f 33 52 51
f 35 53 34
f 34 53 52
f 36 54 35
f 35 54 53
f 38 56 37
f 37 56 55
f 39 57 38
f 38 57 56
f 40 58 39
f 39 58 57
f 41 59 40
f 40 59 58
f 42 60 41
f 41 60 59
f 43 61 42
f 42 61 60
f 44 62 43
f 43 62 61
f 45 63 44
f 44 63 62
f 46 64 45
f 45 64 63
f 47 65 46
f 46 65 64
f 48 66 47
f 47 66 65
f 49 67 48
f 48 67 66
f 50 68 49
f 49 68 67
f 51 69 50
f 50 69 68
f 52 70 51
f 51 70 69
f 53 71 52
f 52 71 70
f 54 72 53
f 53 72 71
f 56 74 55
f 55 74 73
f 57 75 56
f 56 75 74
f 58 76 57
f 57 76 75
f 59 77 58
f 58 77 76
f 60 78 59
f 59 78 77
f 61 79 60
f 60 79 78
f 62 80 61
f 61 80 79
f 63 81 62
f 62 81 80
f 64 82 63
f 63 82 81
f 65 83 64
f 64 83 82
f 66 84 65
f 65 84 83
f 67 85 66
f 66 85 84
f 68 86 67
f 67 86 85
f 69 87 68
f 68 87 86
f 70 88 69
f 69 88 87
f 71 89 70
f 70 89 88
f 72 90 71
f 71 90 89
f 74 92 73
f 73 92 91
f 75 93 74
f 74 93 92
f 76 94 75
f 75 94 93
f 77 95 76
f 76 95 94
f 78 96 77
f 77 96 95
f 79 97 78
f 78 97 96
f 80 98 79
f 79 98 97
f 81 99 80
f 80 99 98
f 82 100 81
f 81 100 99
f 83 101 82
f 82 101 100
f 84 102 83
f 83 102 101
f 85 103 84
f 84 103 102
f 86 104 85
f 85 104 103
f 87 105 86
f 86 105 104
f 88 106 87
f 87 106 105
f 89 107 88
f 88 107 106
f 90 108 89
f 89 108 107
f 92 110 91
f 91 110 109
f 93 111 92
f 92 111 110
f 94 112 93
f 93 112 111
f 95 113 94
f 94 113 112
f 96 114 95
f 95 114 113
f 97 115 96
f 96 115 114
f 98 116 97
f 97 116 115
f 99 117 98
f 98 117 116
f 100 118 99
f 99 118 117
f 101 119 100
f 100 119 118
f 102 120 101
f 101 120 119
f 103 121 102
f 102 121 120
f 104 122 103
f 103 122 121
f 105 123 104
f 104 123 122
f 106 124 105
f 105 124 123
f 107 125 106
f 106 125 124
f 108 126 107
f 107 126 125
f 110 128 109
f 109 128 127
f 111 129 110
f 110 129 128
f 112 130 111
f 111 130 129
f 113 131 112
f 112 131 130
f 114 132 113
f 113 132 131
f 115 133 114
f 114 133 132
f 116 134 115
f 115 134 133
f 117 135 116
f 116 135 134
f 118 136 117
f 117 136 135
f 119 137 118
f 118 137 136
f 120 138 119
f 119 138 137
f 121 139 120
f 120 139 138
f 122 140 121
f 121 140 139
f 123 141 122
f 122 141 140
f 124 142 123
f 123 142 141
f 125 143 124
f 124 143 142
f 126 144 125
f 125 144 143
f 128 146 127
f 127 146 145
f 129 147 128
f 128 147 146
f 130 148 129
f 129 148 147
f 131 149 130
f 130 149 148
f 132 150 131
f 131 150 149
f 133 151 132
f 132 151 150
f 134 152 133
f 133 152 151
f 135 153 134
f 134 153 152
f 136 154 135
f 135 154 153
f 137 155 136
f 136 155 154
f 138 156 137
f 137 156 155
f 139 157 138
f 138 157 156
f 140 158 139
f 139 158 157
f 141 159 140
f 140 159 158
f 142 160 141
f 141 160 159
f 143 161 142
f 142 161 160
f 144 162 143
f 143 162 161
f 146 164 145
f 145 164 163
f 147 165 146
f 146 165 164
f 148 166 147
f 147 166 165
f 149 167 148
f 148 167 166
f 150 168 149
f 149 168 167
f 151 169 150
f 150 169 168
f 152 170 151
f 151 170 169
f 153 171 152
f 152 171 170
f 154 172 153
f 153 172 171
f 155 173 154
f 154 173 172
f 156 174 155
f 155 174 173
f 157 175 156
f 156 175 174
f 158 176 157
f 157 176 175
f 159 177 158
f 158 177 176
f 160 178 159
f 159 178 177
f 161 179 160
f 160 179 178
f 162 180 161
f 161 180 179
f 164 182 163
f 163 182 181
f 165 183 164
f 164 183 182
f 166 184 165
f 165 184 183
f 167 185 166
f 166 185 184
f 168 186 167
f 167 186 185
f 169 187 168
f 168 187 186
f 170 188 169
f 169 188 187
f 171 189 170
f 170 189 188
f 172 190 171
f 171 190 189
f 173 191 172
f 172 191 190
f 174 192 173
f 173 192 191
f 175 193 174
f 174 193 192
f 176 194 175
f 175 194 193
f 177 195 176
f 176 195 194
f 178 196 177
f 177 196 195
f 179 197 178
f 178 197 196
f 180 198 179
f 179 198 197
f 182 200 181
f 181 200 199
f 183 201 182
f 182 201 200
f 184 202 183
f 183 202 201
f 185 203 184
f 184 203 202
f 186 204 185
f 185 204 203
f 187 205 186
f 186 205 204
f 188 206 187
f 187 206 205
f 189 207 188
f 188 207 206
f 190 208 189
f 189 208 207
f 191 209 190
f 190 209 208
f 192 210 191
f 191 210 209
f 193 211 192
f 192 211 210
f 194 212 193
f 193 212 211
f 195 213 194
f 194 213 212
f 196 214 195
f 195 214 213
f 197 215 196
f 196 215 214
f 198 216 197
f 197 216 215
f 200 218 199
f 199 218 217
f 201 219 200
f 200 219 218
f 202 220 201
f 201 220 219
f 203 221 202
f 202 221 220
f 204 222 203
f 203 222 221
f 205 223 204
f 204 223 222
f 206 224 205
f 205 224 223
f 207 225 206
f 206 225 224
f 208 226 207
f 207 226 225
f 209 227 208
f 208 227 226
f 210 228 209
f 209 228 227
f 211 229 210
f 210 229 228
f 212 230 211
f 211 230 229
f 213 231 212
f 212 231 230
f 214 232 213
f 213 232 231
f 215 233 214
f 214 233 232
f 216 234 215
f 215 234 233
f 218 236 217
f 217 236 235
f 219 237 218
f 218 237 236
f 220 238 219
f 219 238 237
f 221 239 220
f 220 239 238
f 222 240 221
f 221 240 239
f 223 241 222
f 222 241 240
f 224 242 223
f 223 242 241
f 225 243 224
f 224 243 242
f 226 244 225
f 225 244 243
f 227 245 226
f 226 245 244
f 228 246 227
f 227 246 245
f 229 247 228
f 228 247 246
f 230 248 229
f 229 248 247
f 231 249 230
f 230 249 248
f 232 250 231
f 231 250 249
f 233 251 232
f 232 251 250
f 234 252 233
f 233 252 251
f 236 254 235
f 237 255 236
f 238 256 237
f 239 257 238
f 240 258 239
f 241 259 240
f 242 260 241
f 243 261 242
f 244 262 243
f 245 263 244
f 246 264 245
f 247 265 246
f 248 266 247
f 249 267 248
f 250 268 249
f 251 269 250
f 252 270 251
f 271 288 287
f 272 289 288
f 273 290 289
f 274 291 290
f 275 292 291
f 276 293 292
f 277 294 293
f 278 295 294
f 279 296 295
f 280 297 296
f 281 298 297
f 282 299 298
f 283 300 299
f 284 301 300
f 285 302 301
f 288 304 287
f 287 304 303
f 289 305 288
f 288 305 304
f 290 306 289
f 289 306 305
f 291 307 290
f 290 307 306
f 292 308 291
f 291 308 307
f 293 309 292
f 292 309 308
f 294 310 293
f 293 310 309
f 295 311 294
f 294 311 310
f 296 312 295
f 295 312 311
f 297 313 296
f 296 313 312
f 298 314 297
f 297 314 313
f 299 315 298
f 298 315 314
f 300 316 299
f 299 316 315
f 301 317 300
f 300 317 316
f 302 318 301
f 301 318 317
f 304 320 303
f 303 320 319
f 305 321 304
f 304 321 320
f 306 322 305
f 305 322 321
f 307 323 306
f 306 323 322
f 308 324 307
f 307 324 323
f 309 325 308
f 308 325 324
f 310 326 309
f 309 326 325
f 311 327 310
f 310 327 326
f 312 328 311
f 311 328 327
f 313 329 312
f 312 329 328
f 314 330 313
f 313 330 329
f 315 331 314
f 314 331 330
f 316 332 315
f 315 332 331
f 317 333 316
f 316 333 332
f 318 334 317
f 317 334 333
f 320 336 319
f 319 336 335
f 321 337 320
f 320 337 336
f 322 338 321
f 321 338 337
f 323 339 322
f 322 339 338
f 324 340 323
f 323 340 339
f 325 341 324
f 324 341 340
f 326 342 325
f 325 342 341
f 327 343 326
f 326 343 342
f 328 344 327
f 327 344 343
f 329 345 328
f 328 345 344
f 330 346 329
f 329 346 345
f 331 347 330
f 330 347 346
f 332 348 331
f 331 348 347
f 333 349 332
f 332 349 348
f 334 350 333
f 333 350 349
f 336 352 335
f 335 352 351
f 337 353 336
f 336 353 352
f 338 354 337
f 337 354 353
f 339 355 338
f 338 355 354
f 340 356 339
f 339 356 355
f 341 357 340
f 340 357 356
f 342 358 341
f 341 358 357
f 343 359 342
f 342 359 358
f 344 360 343
f 343 360 359
f 345 361 344
f 344 361 360
f 346 362 345
f 345 362 361
f 347 363 346
f 346 363 362
f 348 364 347
f 347 364 363
f 349 365 348
f 348 365 364
f 350 366 349
f 349 366 365
f 352 368 351
f 351 368 367
f 353 369 352
f 352 369 368
f 354 370 353
f 353 370 369
f 355 371 354
f 354 371 370
f 356 372 355
f 355 372 371
f 357 373 356
f 356 373 372
f 358 374 357
f 357 374 373
f 359 375 358
f 358 375 374
f 360 376 359
f 359 376 375
f 361 377 360
f 360 377 376
f 362 378 361
f 361 378 377
f 363 379 362
f 362 379 378
f 364 380 363
f 363 380 379
f 365 381 364
f 364 381 380
f 366 382 365
f 365 382 381
f 368 384 367
f 367 384 383
f 369 385 368
f 368 385 384
f 370 386 369
f 369 386 385
f 371 387 370
f 370 387 386
f 372 388 371
f 371 388 387
f 373 389 372
f 372 389 388
f 374 390 373
f 373 390 389
f 375 391 374
f 374 391 390
f 376 392 375
f 375 392 391
f 377 393 376
f 376 393 392
f 378 394 377
f 377 394 393
f 379 395 378
f 378 395 394
f 380 396 379
f 379 396 395
f 381 397 380
f 380 397 396
f 382 398 381
f 381 398 397
f 384 400 383
f 383 400 399
f 385 401 384
f 384 401 400
f 386 402 385
f 385 402 401
f 387 403 386
f 386 403 402
f 388 404 387
f 387 404 403
f 389 405 388
f 388 405 404
f 390 406 389
f 389 406 405
f 391 407 390
f 390 407 406
f 392 408 391
f 391 408 407
f 393 409 392
f 392 409 408
f 394 410 393
f 393 410 409
f 395 411 394
f 394 411 410
f 396 412 395
f 395 412 411
f 397 413 396
f 396 413 412
f 398 414 397
f 397 414 413
f 400 416 399
f 399 416 415
f 401 417 400
f 400 417 416
f 402 418 401
f 401 418 417
f 403 419 402
f 402 419 418
f 404 420 403
f 403 420 419
f 405 421 404
f 404 421 420
f 406 422 405
f 405 422 421
f 407 423 406
f 406 423 422
f 408 424 407
f 407 424 423
f 409 425 408
f 408 425 424
f 410 426 409
f 409 426 425
f 411 427 410
f 410 427 426
f 412 428 411
f 411 428 427
f 413 429 412
f 412 429 428
f 414 430 413
f 413 430 429
f 416 432 415
f 415 432 431
f 417 433 416
f 416 433 432
f 418 434 417
f 417 434 433
f 419 435 418
f 418 435 434
f 420 436 419
f 419 436 435
f 421 437 420
f 420 437 436
f 422 438 421
f 421 438 437
f 423 439 422
f 422 439 438
f 424 440 423
f 423 440 439
f 425 441 424
f 424 441 440
f 426 442 425
f 425 442 441
f 427 443 426
f 426 443 442
f 428 444 427
f 427 444 443
f 429 445 428
f 428 445 444
f 430 446 429
f 429 446 445
f 432 448 431
f 431 448 447
f 433 449 432
f 432 449 448
f 434 450 433
f 433 450 449
f 435 451 434
f 434 451 450
f 436 452 435
f 435 452 451
f 437 453 436
f 436 453 452
f 438 454 437
f 437 454 453
f 439 455 438
f 438 455 454
f 440 456 439
f 439 456 455
f 441 457 440
f 440 457 456
f 442 458 441
f 441 458 457
f 443 459 442
f 442 459 458
f 444 460 443
f 443 460 459
f 445 461 444
f 444 461 460
f 446 462 445
f 445 462 461
f 448 464 447
f 449 465 448
f 450 466 449
f 451 467 450
f 452 468 451
f 453 469 452
f 454 470 453
f 455 471 454
f 456 472 455
f 457 473 456
f 458 474 457
f 459 475 458
f 460 476 459
f 461 477 460
f 462 478 461
v 0.33180 0.09989 -0.31854 0.01033 0.00605 0.00439
v 0.33180 0.09989 -0.31854 0.01033 0.00605 0.00439
v 0.33180 0.09989 -0.31854 0.01033 0.00605 0.00439
v 0.33180 0.09989 -0.31854 0.01033 0.00605 0.00439
v 0.33180 0.09989 -0.31854 0.01033 0.00605 0.00439
v 0.33180 0.09989 -0.31854 0.01033 0.00605 0.00439
v 0.33180 0.09989 -0.31854 0.01033 0.00605 0.00439
v 0.33180 0.09989 -0.31854 0.01033 0.00605 0.00439
v 0.33180 0.09989 -0.31854 0.01033 0.00605 0.00439
v 0.33180 0.09989 -0.31854 0.01033 0.00605 0.00439
v 0.33569 0.11003 -0.31989 0.01033 0.00605 0.00439
v 0.33444 0.10877 -0.31271 0.01033 0.00605 0.00439
v 0.33125 0.10375 -0.30831 0.01033 0.00605 0.00439
v 0.32762 0.09731 -0.30875 0.01033 0.00605 0.00439
v 0.32526 0.09248 -0.31382 0.01033 0.00605 0.00439
v 0.32526 0.09150 -0.32116 0.01033 0.00605 0.00439
v 0.32762 0.09485 -0.32732 0.01033 0.00605 0.00439
v 0.33125 0.10094 -0.32942 0.01033 0.00605 0.00439
v 0.33444 0.10694 -0.32649 0.01033 0.00605 0.00439
v 0.33569 0.11003 -0.31989 0.01033 0.00605 0.00439
v 0.33624 0.12087 -0.32133 0.01033 0.00605 0.00439
v 0.33384 0.11847 -0.30767 0.01033 0.00605 0.00439
v 0.32778 0.10892 -0.29930 0.01033 0.00605 0.00439
v 0.32088 0.09668 -0.30014 0.01033 0.00605 0.00439
v 0.31638 0.08749 -0.30980 0.01033 0.00605 0.00439
v 0.31638 0.08563 -0.32375 0.01033 0.00605 0.00439
v 0.32088 0.09199 -0.33546 0.01033 0.00605 0.00439
v 0.32778 0.10359 -0.33947 0.01033 0.00605 0.00439
v 0.33384 0.11499 -0.33389 0.01033 0.00605 0.00439
v 0.33624 0.12087 -0.32133 0.01033 0.00605 0.00439
v 0.33337 0.13135 -0.32272 0.01033 0.00605 0.00439
v 0.33008 0.12805 -0.30392 0.01033 0.00605 0.00439
v 0.32173 0.11490 -0.29240 0.01033 0.00605 0.00439
v 0.31224 0.09806 -0.29356 0.01033 0.00605 0.00439
v 0.30604 0.08540 -0.30685 0.01033 0.00605 0.00439
v 0.30604 0.08285 -0.32605 0.01033 0.00605 0.00439
v 0.31224 0.09160 -0.34218 0.01033 0.00605 0.00439
v 0.32173 0.10756 -0.34769 0.01033 0.00605 0.00439
v 0.33008 0.12326 -0.34000 0.01033 0.00605 0.00439
v 0.33337 0.13135 -0.32272 0.01033 0.00605 0.00439
v 0.32738 0.14044 -0.32392 0.01033 0.00605 0.00439
v 0.32351 0.13656 -0.30182 0.01033 0.00605 0.00439
v 0.31370 0.12110 -0.28829 0.01033 0.00605 0.00439
v 0.30254 0.10130 -0.28965 0.01033 0.00605 0.00439
v 0.29526 0.08642 -0.30527 0.01033 0.00605 0.00439
v 0.29526 0.08342 -0.32784 0.01033 0.00605 0.00439
v 0.30254 0.09371 -0.34680 0.01033 0.00605 0.00439
v 0.31370 0.11247 -0.35328 0.01033 0.00605 0.00439
v 0.32351 0.13092 -0.34424 0.01033 0.00605 0.00439
v 0.32738 0.14044 -0.32392 0.01033 0.00605 0.00439
v 0.31885 0.14724 -0.32483 0.01033 0.00605 0.00439
v 0.31478 0.14316 -0.30159 0.01033 0.00605 0.00439
v 0.30446 0.12691 -0.28736 0.01033 0.00605 0.00439
v 0.29273 0.10609 -0.28879 0.01033 0.00605 0.00439
v 0.28507 0.09044 -0.30521 0.01033 0.00605 0.00439
v 0.28507 0.08729 -0.32894 0.01033 0.00605 0.00439
v 0.29273 0.09811 -0.34888 0.01033 0.00605 0.00439
v 0.30446 0.11784 -0.35569 0.01033 0.00605 0.00439
v 0.31478 0.13724 -0.34619 0.01033 0.00605 0.00439
v 0.31885 0.14724 -0.32483 0.01033 0.00605 0.00439
v 0.07598 0.28535 -0.34316 0.01033 0.00605 0.00439
v 0.07190 0.28127 -0.31993 0.01033 0.00605 0.00439
v 0.06158 0.26502 -0.30569 0.01033 0.00605 0.00439
v 0.04985 0.24420 -0.30712 0.01033 0.00605 0.00439
v 0.04220 0.22855 -0.32355 0.01033 0.00605 0.00439
v 0.04220 0.22540 -0.34728 0.01033 0.00605 0.00439
v 0.04985 0.23622 -0.36722 0.01033 0.00605 0.00439
v 0.06158 0.25595 -0.37403 0.01033 0.00605 0.00439
v 0.07190 0.27535 -0.36453 0.01033 0.00605 0.00439
v 0.07598 0.28535 -0.34316 0.01033 0.00605 0.00439
v 0.06574 0.28921 -0.34368 0.01033 0.00605 0.00439
v 0.06187 0.28533 -0.32158 0.01033 0.00605 0.00439
v 0.05206 0.26988 -0.30804 0.01033 0.00605 0.00439
v 0.04090 0.25007 -0.30940 0.01033 0.00605 0.00439
v 0.03362 0.23519 -0.32502 0.01033 0.00605 0.00439
v 0.03362 0.23220 -0.34759 0.01033 0.00605 0.00439
v 0.04090 0.24249 -0.36655 0.01033 0.00605 0.00439
v 0.05206 0.26125 -0.37303 0.01033 0.00605 0.00439
v 0.06187 0.27970 -0.36400 0.01033 0.00605 0.00439
v 0.06574 0.28921 -0.34368 0.01033 0.00605 0.00439
v 0.05480 0.28975 -0.34375 0.01033 0.00605 0.00439
v 0.05151 0.28645 -0.32495 0.01033 0.00605 0.00439
v 0.04316 0.27330 -0.31343 0.01033 0.00605 0.00439
v 0.03367 0.25646 -0.31459 0.01033 0.00605 0.00439
v 0.02748 0.24380 -0.32788 0.01033 0.00605 0.00439
v 0.02748 0.24125 -0.34708 0.01033 0.00605 0.00439
v 0.03367 0.25000 -0.36321 0.01033 0.00605 0.00439
v 0.04316 0.26596 -0.36872 0.01033 0.00605 0.00439
v 0.05151 0.28166 -0.36103 0.01033 0.00605 0.00439
v 0.05480 0.28975 -0.34375 0.01033 0.00605 0.00439
v 0.04424 0.28691 -0.34337 0.01033 0.00605 0.00439
v 0.04184 0.28452 -0.32971 0.01033 0.00605 0.00439
v 0.03578 0.27496 -0.32135 0.01033 0.00605 0.00439
v 0.02888 0.26272 -0.32219 0.01033 0.00605 0.00439
v 0.02438 0.25353 -0.33184 0.01033 0.00605 0.00439
v 0.02438 0.25167 -0.34579 0.01033 0.00605 0.00439
v 0.02888 0.25803 -0.35751 0.01033 0.00605 0.00439
v 0.03578 0.26963 -0.36151 0.01033 0.00605 0.00439
v 0.04184 0.28103 -0.35593 0.01033 0.00605 0.00439
v 0.04424 0.28691 -0.34337 0.01033 0.00605 0.00439
v 0.03507 0.28098 -0.34258 0.01033 0.00605 0.00439
v 0.03381 0.27971 -0.33540 0.01033 0.00605 0.00439
v 0.03062 0.27469 -0.33100 0.01033 0.00605 0.00439
v 0.02700 0.26826 -0.33145 0.01033 0.00605 0.00439
v 0.02463 0.26342 -0.33652 0.01033 0.00605 0.00439
v 0.02463 0.26245 -0.34386 0.01033 0.00605 0.00439
v 0.02700 0.26579 -0.35002 0.01033 0.00605 0.00439
v 0.03062 0.27189 -0.35212 0.01033 0.00605 0.00439
v 0.03381 0.27788 -0.34919 0.01033 0.00605 0.00439
v 0.03507 0.28098 -0.34258 0.01033 0.00605 0.00439
v 0.02820 0.27252 -0.34146 0.01033 0.00605 0.00439
v 0.02820 0.27252 -0.34146 0.01033 0.00605 0.00439
v 0.02820 0.27252 -0.34146 0.01033 0.00605 0.00439
v 0.02820 0.27252 -0.34146 0.01033 0.00605 0.00439
v 0.02820 0.27252 -0.34146 0.01033 0.00605 0.00439
v 0.02820 0.27252 -0.34146 0.01033 0.00605 0.00439
v 0.02820 0.27252 -0.34146 0.01033 0.00605 0.00439
v 0.02820 0.27252 -0.34146 0.01033 0.00605 0.00439
v 0.02820 0.27252 -0.34146 0.01033 0.00605 0.00439
v 0.02820 0.27252 -0.34146 0.01033 0.00605 0.00439
v 0.48446 0.00960 -0.36300 0.01033 0.00605 0.00439
v 0.48446 0.00960 -0.36300 0.01033 0.00605 0.00439
v 0.48446 0.00960 -0.36300 0.01033 0.00605 0.00439
v 0.48446 0.00960 -0.36300 0.01033 0.00605 0.00439
v 0.48446 0.00960 -0.36300 0.01033 0.00605 0.00439
v 0.48446 0.00960 -0.36300 0.01033 0.00605 0.00439
v 0.48446 0.00960 -0.36300 0.01033 0.00605 0.00439
v 0.48446 0.00960 -0.36300 0.01033 0.00605 0.00439
v 0.48446 0.00960 -0.36300 0.01033 0.00605 0.00439
v 0.48446 0.00960 -0.36300 0.01033 0.00605 0.00439
v 0.49212 0.01386 -0.36300 0.01033 0.00605 0.00439
v 0.49022 0.01316 -0.35744 0.01033 0.00605 0.00439
v 0.48541 0.01140 -0.35448 0.01033 0.00605 0.00439
v 0.47993 0.00941 -0.35551 0.01033 0.00605 0.00439
v 0.47636 0.00810 -0.36004 0.01033 0.00605 0.00439
v 0.47636 0.00810 -0.36596 0.01033 0.00605 0.00439
v 0.47993 0.00941 -0.37049 0.01033 0.00605 0.00439
v 0.48541 0.01140 -0.37152 0.01033 0.00605 0.00439
v 0.49022 0.01316 -0.36856 0.01033 0.00605 0.00439
v 0.49212 0.01386 -0.36300 0.01033 0.00605 0.00439
v 0.49809 0.02027 -0.36300 0.01033 0.00605 0.00439
v 0.49447 0.01895 -0.35242 0.01033 0.00605 0.00439
v 0.48532 0.01560 -0.34679 0.01033 0.00605 0.00439
v 0.47490 0.01180 -0.34875 0.01033 0.00605 0.00439
v 0.46810 0.00932 -0.35737 0.01033 0.00605 0.00439
v 0.46810 0.00932 -0.36863 0.01033 0.00605 0.00439
v 0.47490 0.01180 -0.37725 0.01033 0.00605 0.00439
v 0.48532 0.01560 -0.37921 0.01033 0.00605 0.00439
v 0.49447 0.01895 -0.37358 0.01033 0.00605 0.00439
v 0.49809 0.02027 -0.36300 0.01033 0.00605 0.00439
v 0.50179 0.02821 -0.36300 0.01033 0.00605 0.00439
v 0.49681 0.02639 -0.34844 0.01033 0.00605 0.00439
v 0.48420 0.02179 -0.34069 0.01033 0.00605 0.00439
v 0.46987 0.01656 -0.34338 0.01033 0.00605 0.00439
v 0.46051 0.01314 -0.35525 0.01033 0.00605 0.00439
v 0.46051 0.01314 -0.37075 0.01033 0.00605 0.00439
v 0.46987 0.01656 -0.38262 0.01033 0.00605 0.00439
v 0.48420 0.02179 -0.38531 0.01033 0.00605 0.00439
v 0.49681 0.02639 -0.37756 0.01033 0.00605 0.00439
v 0.50179 0.02821 -0.36300 0.01033 0.00605 0.00439
v 0.50285 0.03691 -0.36300 0.01033 0.00605 0.00439
v 0.49699 0.03477 -0.34588 0.01033 0.00605 0.00439
v 0.48217 0.02936 -0.33677 0.01033 0.00605 0.00439
v 0.46532 0.02321 -0.33994 0.01033 0.00605 0.00439
v 0.45432 0.01920 -0.35389 0.01033 0.00605 0.00439
v 0.45432 0.01920 -0.37211 0.01033 0.00605 0.00439
v 0.46532 0.02321 -0.38606 0.01033 0.00605 0.00439
v 0.48217 0.02936 -0.38923 0.01033 0.00605 0.00439
v 0.49699 0.03477 -0.38012 0.01033 0.00605 0.00439
v 0.50285 0.03691 -0.36300 0.01033 0.00605 0.00439
v 0.50117 0.04550 -0.36300 0.01033 0.00605 0.00439
v 0.49501 0.04326 -0.34500 0.01033 0.00605 0.00439
v 0.47943 0.03757 -0.33543 0.01033 0.00605 0.00439
v 0.46171 0.03110 -0.33875 0.01033 0.00605 0.00439
v 0.45015 0.02688 -0.35342 0.01033 0.00605 0.00439
v 0.45015 0.02688 -0.37258 0.01033 0.00605 0.00439
v 0.46171 0.03110 -0.38725 0.01033 0.00605 0.00439
v 0.47943 0.03757 -0.39057 0.01033 0.00605 0.00439
v 0.49501 0.04326 -0.38100 0.01033 0.00605 0.00439
v 0.50117 0.04550 -0.36300 0.01033 0.00605 0.00439
v 0.39144 0.34610 -0.36300 0.01033 0.00605 0.00439
v 0.38529 0.34386 -0.34500 0.01033 0.00605 0.00439
v 0.36970 0.33817 -0.33543 0.01033 0.00605 0.00439
v 0.35199 0.33170 -0.33875 0.01033 0.00605 0.00439
v 0.34042 0.32748 -0.35342 0.01033 0.00605 0.00439
v 0.34042 0.32748 -0.37258 0.01033 0.00605 0.00439
v 0.35199 0.33170 -0.38725 0.01033 0.00605 0.00439
v 0.36970 0.33817 -0.39057 0.01033 0.00605 0.00439
v 0.38529 0.34386 -0.38100 0.01033 0.00605 0.00439
v 0.39144 0.34610 -0.36300 0.01033 0.00605 0.00439
v 0.38718 0.35376 -0.36300 0.01033 0.00605 0.00439
v 0.38133 0.35163 -0.34588 0.01033 0.00605 0.00439
v 0.36651 0.34622 -0.33677 0.01033 0.00605 0.00439
v 0.34966 0.34007 -0.33994 0.01033 0.00605 0.00439
v 0.33866 0.33605 -0.35389 0.01033 0.00605 0.00439
v 0.33866 0.33605 -0.37211 0.01033 0.00605 0.00439
v 0.34966 0.34007 -0.38606 0.01033 0.00605 0.00439
v 0.36651 0.34622 -0.38923 0.01033 0.00605 0.00439
v 0.38133 0.35163 -0.38012 0.01033 0.00605 0.00439
v 0.38718 0.35376 -0.36300 0.01033 0.00605 0.00439
v 0.38077 0.35973 -0.36300 0.01033 0.00605 0.00439
v 0.37579 0.35791 -0.34844 0.01033 0.00605 0.00439
v 0.36319 0.35331 -0.34069 0.01033 0.00605 0.00439
v 0.34885 0.34808 -0.34338 0.01033 0.00605 0.00439
v 0.33950 0.34466 -0.35525 0.01033 0.00605 0.00439
v 0.33950 0.34466 -0.37075 0.01033 0.00605 0.00439
v 0.34885 0.34808 -0.38262 0.01033 0.00605 0.00439
v 0.36319 0.35331 -0.38531 0.01033 0.00605 0.00439
v 0.37579 0.35791 -0.37756 0.01033 0.00605 0.00439
v 0.38077 0.35973 -0.36300 0.01033 0.00605 0.00439
v 0.37283 0.36343 -0.36300 0.01033 0.00605 0.00439
v 0.36921 0.36211 -0.35242 0.01033 0.00605 0.00439
v 0.36005 0.35876 -0.34679 0.01033 0.00605 0.00439
v 0.34964 0.35496 -0.34875 0.01033 0.00605 0.00439
v 0.34284 0.35248 -0.35737 0.01033 0.00605 0.00439
v 0.34284 0.35248 -0.36863 0.01033 0.00605 0.00439
v 0.34964 0.35496 -0.37725 0.01033 0.00605 0.00439
v 0.36005 0.35876 -0.37921 0.01033 0.00605 0.00439
v 0.36921 0.36211 -0.37358 0.01033 0.00605 0.00439
v 0.37283 0.36343 -0.36300 0.01033 0.00605 0.00439
v 0.36413 0.36448 -0.36300 0.01033 0.00605 0.00439
v 0.36223 0.36379 -0.35744 0.01033 0.00605 0.00439
v 0.35742 0.36203 -0.35448 0.01033 0.00605 0.00439
v 0.35194 0.36003 -0.35551 0.01033 0.00605 0.00439
v 0.34837 0.35873 -0.36004 0.01033 0.00605 0.00439
v 0.34837 0.35873 -0.36596 0.01033 0.00605 0.00439
v 0.35194 0.36003 -0.37049 0.01033 0.00605 0.00439
v 0.35742 0.36203 -0.37152 0.01033 0.00605 0.00439
v 0.36223 0.36379 -0.36856 0.01033 0.00605 0.00439
v 0.36413 0.36448 -0.36300 0.01033 0.00605 0.00439
v 0.35554 0.36281 -0.36300 0.01033 0.00605 0.00439
v 0.35554 0.36281 -0.36300 0.01033 0.00605 0.00439
v 0.35554 0.36281 -0.36300 0.01033 0.00605 0.00439
v 0.35554 0.36281 -0.36300 0.01033 0.00605 0.00439
v 0.35554 0.36281 -0.36300 0.01033 0.00605 0.00439
v 0.35554 0.36281 -0.36300 0.01033 0.00605 0.00439
v 0.35554 0.36281 -0.36300 0.01033 0.00605 0.00439
v 0.35554 0.36281 -0.36300 0.01033 0.00605 0.00439
v 0.35554 0.36281 -0.36300 0.01033 0.00605 0.00439
v 0.35554 0.36281 -0.36300 0.01033 0.00605 0.00439
v 0.33180 0.09921 -0.10617 0.01033 0.00605 0.00439
v 0.33180 0.09921 -0.10617 0.01033 0.00605 0.00439
v 0.33180 0.09921 -0.10617 0.01033 0.00605 0.00439
v 0.33180 0.09921 -0.10617 0.01033 0.00605 0.00439
v 0.33180 0.09921 -0.10617 0.01033 0.00605 0.00439
v 0.33180 0.09921 -0.10617 0.01033 0.00605 0.00439
v 0.33180 0.09921 -0.10617 0.01033 0.00605 0.00439
v 0.33180 0.09921 -0.10617 0.01033 0.00605 0.00439
v 0.33180 0.09921 -0.10617 0.01033 0.00605 0.00439
v 0.33180 0.09921 -0.10617 0.01033 0.00605 0.00439
v 0.33569 0.10944 -0.10662 0.01033 0.00605 0.00439
v 0.33444 0.10755 -0.09958 0.01033 0.00605 0.00439
v 0.33125 0.10216 -0.09564 0.01033 0.00605 0.00439
v 0.32762 0.09579 -0.09664 0.01033 0.00605 0.00439
v 0.32526 0.09142 -0.10212 0.01033 0.00605 0.00439
v 0.32526 0.09109 -0.10952 0.01033 0.00605 0.00439
v 0.32762 0.09497 -0.11536 0.01033 0.00605 0.00439
v 0.33125 0.10122 -0.11692 0.01033 0.00605 0.00439
v 0.33444 0.10694 -0.11347 0.01033 0.00605 0.00439
v 0.33569 0.10944 -0.10662 0.01033 0.00605 0.00439
v 0.33624 0.12036 -0.10710 0.01033 0.00605 0.00439
v 0.33384 0.11677 -0.09371 0.01033 0.00605 0.00439
v 0.32778 0.10652 -0.08621 0.01033 0.00605 0.00439
v 0.32088 0.09441 -0.08812 0.01033 0.00605 0.00439
v 0.31638 0.08609 -0.09855 0.01033 0.00605 0.00439
v 0.31638 0.08547 -0.11261 0.01033 0.00605 0.00439
v 0.32088 0.09284 -0.12372 0.01033 0.00605 0.00439
v 0.32778 0.10474 -0.12669 0.01033 0.00605 0.00439
v 0.33384 0.11561 -0.12013 0.01033 0.00605 0.00439
v 0.33624 0.12036 -0.10710 0.01033 0.00605 0.00439
v 0.33337 0.13092 -0.10757 0.01033 0.00605 0.00439
v 0.33008 0.12598 -0.08913 0.01033 0.00605 0.00439
v 0.32173 0.11187 -0.07881 0.01033 0.00605 0.00439
v 0.31224 0.09519 -0.08145 0.01033 0.00605 0.00439
v 0.30604 0.08375 -0.09580 0.01033 0.00605 0.00439
v 0.30604 0.08290 -0.11515 0.01033 0.00605 0.00439
v 0.31224 0.09304 -0.13044 0.01033 0.00605 0.00439
v 0.32173 0.10942 -0.13453 0.01033 0.00605 0.00439
v 0.33008 0.12438 -0.12550 0.01033 0.00605 0.00439
v 0.33337 0.13092 -0.10757 0.01033 0.00605 0.00439
v 0.32738 0.14008 -0.10797 0.01033 0.00605 0.00439
v 0.32351 0.13427 -0.08630 0.01033 0.00605 0.00439
v 0.31370 0.11769 -0.07417 0.01033 0.00605 0.00439
v 0.30254 0.09808 -0.07726 0.01033 0.00605 0.00439
v 0.29526 0.08463 -0.09413 0.01033 0.00605 0.00439
v 0.29526 0.08363 -0.11688 0.01033 0.00605 0.00439
v 0.30254 0.09554 -0.13486 0.01033 0.00605 0.00439
v 0.31370 0.11480 -0.13967 0.01033 0.00605 0.00439
v 0.32351 0.13239 -0.12905 0.01033 0.00605 0.00439
v 0.32738 0.14008 -0.10797 0.01033 0.00605 0.00439
v 0.31885 0.14694 -0.10827 0.01033 0.00605 0.00439
v 0.31478 0.14083 -0.08548 0.01033 0.00605 0.00439
v 0.30446 0.12339 -0.07273 0.01033 0.00605 0.00439
v 0.29273 0.10278 -0.07599 0.01033 0.00605 0.00439
v 0.28507 0.08864 -0.09372 0.01033 0.00605 0.00439
v 0.28507 0.08758 -0.11764 0.01033 0.00605 0.00439
v 0.29273 0.10011 -0.13655 0.01033 0.00605 0.00439
v 0.30446 0.12036 -0.14160 0.01033 0.00605 0.00439
v 0.31478 0.13886 -0.13043 0.01033 0.00605 0.00439
v 0.31885 0.14694 -0.10827 0.01033 0.00605 0.00439
v 0.07598 0.28613 -0.11440 0.01033 0.00605 0.00439
v 0.07190 0.28002 -0.09161 0.01033 0.00605 0.00439
v 0.06158 0.26258 -0.07886 0.01033 0.00605 0.00439
v 0.04985 0.24196 -0.08211 0.01033 0.00605 0.00439
v 0.04220 0.22782 -0.09985 0.01033 0.00605 0.00439
v 0.04220 0.22677 -0.12377 0.01033 0.00605 0.00439
v 0.04985 0.23930 -0.14268 0.01033 0.00605 0.00439
v 0.06158 0.25955 -0.14773 0.01033 0.00605 0.00439
v 0.07190 0.27804 -0.13656 0.01033 0.00605 0.00439
v 0.07598 0.28613 -0.11440 0.01033 0.00605 0.00439
v 0.06574 0.29002 -0.11457 0.01033 0.00605 0.00439
v 0.06187 0.28421 -0.09290 0.01033 0.00605 0.00439
v 0.05206 0.26762 -0.08077 0.01033 0.00605 0.00439
v 0.04090 0.24802 -0.08387 0.01033 0.00605 0.00439
v 0.03362 0.23457 -0.10073 0.01033 0.00605 0.00439
v 0.03362 0.23356 -0.12348 0.01033 0.00605 0.00439
v 0.04090 0.24548 -0.14147 0.01033 0.00605 0.00439
v 0.05206 0.26474 -0.14627 0.01033 0.00605 0.00439
v 0.06187 0.28233 -0.13565 0.01033 0.00605 0.00439
v 0.06574 0.29002 -0.11457 0.01033 0.00605 0.00439
v 0.05480 0.29056 -0.11459 0.01033 0.00605 0.00439
v 0.05151 0.28562 -0.09616 0.01033 0.00605 0.00439
v 0.04316 0.27151 -0.08584 0.01033 0.00605 0.00439
v 0.03367 0.25483 -0.08848 0.01033 0.00605 0.00439
v 0.02748 0.24339 -0.10282 0.01033 0.00605 0.00439
v 0.02748 0.24254 -0.12217 0.01033 0.00605 0.00439
v 0.03367 0.25267 -0.13747 0.01033 0.00605 0.00439
v 0.04316 0.26906 -0.14156 0.01033 0.00605 0.00439
v 0.05151 0.28402 -0.13253 0.01033 0.00605 0.00439
v 0.05480 0.29056 -0.11459 0.01033 0.00605 0.00439
v 0.04424 0.28770 -0.11447 0.01033 0.00605 0.00439
v 0.04184 0.28411 -0.10107 0.01033 0.00605 0.00439
v 0.03578 0.27386 -0.09358 0.01033 0.00605 0.00439
v 0.02888 0.26174 -0.09549 0.01033 0.00605 0.00439
v 0.02438 0.25343 -0.10592 0.01033 0.00605 0.00439
v 0.02438 0.25281 -0.11998 0.01033 0.00605 0.00439
v 0.02888 0.26017 -0.13109 0.01033 0.00605 0.00439
v 0.03578 0.27208 -0.13406 0.01033 0.00605 0.00439
v 0.04184 0.28295 -0.12750 0.01033 0.00605 0.00439
v 0.04424 0.28770 -0.11447 0.01033 0.00605 0.00439
v 0.03507 0.28171 -0.11421 0.01033 0.00605 0.00439
v 0.03381 0.27983 -0.10716 0.01033 0.00605 0.00439
v 0.03062 0.27444 -0.10322 0.01033 0.00605 0.00439
v 0.02700 0.26807 -0.10423 0.01033 0.00605 0.00439
v 0.02463 0.26370 -0.10971 0.01033 0.00605 0.00439
v 0.02463 0.26337 -0.11710 0.01033 0.00605 0.00439
v 0.02700 0.26724 -0.12294 0.01033 0.00605 0.00439
v 0.03062 0.27350 -0.12451 0.01033 0.00605 0.00439
v 0.03381 0.27922 -0.12105 0.01033 0.00605 0.00439
v 0.03507 0.28171 -0.11421 0.01033 0.00605 0.00439
v 0.02820 0.27319 -0.11383 0.01033 0.00605 0.00439
v 0.02820 0.27319 -0.11383 0.01033 0.00605 0.00439
v 0.02820 0.27319 -0.11383 0.01033 0.00605 0.00439
v 0.02820 0.27319 -0.11383 0.01033 0.00605 0.00439
v 0.02820 0.27319 -0.11383 0.01033 0.00605 0.00439
v 0.02820 0.27319 -0.11383 0.01033 0.00605 0.00439
v 0.02820 0.27319 -0.11383 0.01033 0.00605 0.00439
v 0.02820 0.27319 -0.11383 0.01033 0.00605 0.00439
v 0.02820 0.27319 -0.11383 0.01033 0.00605 0.00439
v 0.02820 0.27319 -0.11383 0.01033 0.00605 0.00439
v 0.48446 0.00960 -0.12100 0.01033 0.00605 0.00439
v 0.48446 0.00960 -0.12100 0.01033 0.00605 0.00439
v 0.48446 0.00960 -0.12100 0.01033 0.00605 0.00439
v 0.48446 0.00960 -0.12100 0.01033 0.00605 0.00439
v 0.48446 0.00960 -0.12100 0.01033 0.00605 0.00439
v 0.48446 0.00960 -0.12100 0.01033 0.00605 0.00439
v 0.48446 0.00960 -0.12100 0.01033 0.00605 0.00439
v 0.48446 0.00960 -0.12100 0.01033 0.00605 0.00439
v 0.48446 0.00960 -0.12100 0.01033 0.00605 0.00439
v 0.48446 0.00960 -0.12100 0.01033 0.00605 0.00439
v 0.49212 0.01386 -0.12100 0.01033 0.00605 0.00439
v 0.49022 0.01316 -0.11544 0.01033 0.00605 0.00439
v 0.48541 0.01140 -0.11248 0.01033 0.00605 0.00439
v 0.47993 0.00941 -0.11351 0.01033 0.00605 0.00439
v 0.47636 0.00810 -0.11804 0.01033 0.00605 0.00439
v 0.47636 0.00810 -0.12396 0.01033 0.00605 0.00439
v 0.47993 0.00941 -0.12849 0.01033 0.00605 0.00439
v 0.48541 0.01140 -0.12952 0.01033 0.00605 0.00439
v 0.49022 0.01316 -0.12656 0.01033 0.00605 0.00439
v 0.49212 0.01386 -0.12100 0.01033 0.00605 0.00439
v 0.49809 0.02027 -0.12100 0.01033 0.00605 0.00439
v 0.49447 0.01895 -0.11042 0.01033 0.00605 0.00439
v 0.48532 0.01560 -0.10479 0.01033 0.00605 0.00439
v 0.47490 0.01180 -0.10675 0.01033 0.00605 0.00439
v 0.46810 0.00932 -0.11537 0.01033 0.00605 0.00439
v 0.46810 0.00932 -0.12663 0.01033 0.00605 0.00439
v 0.47490 0.01180 -0.13525 0.01033 0.00605 0.00439
v 0.48532 0.01560 -0.13721 0.01033 0.00605 0.00439
v 0.49447 0.01895 -0.13158 0.01033 0.00605 0.00439
v 0.49809 0.02027 -0.12100 0.01033 0.00605 0.00439
v 0.50179 0.02821 -0.12100 0.01033 0.00605 0.00439
v 0.49681 0.02639 -0.10644 0.01033 0.00605 0.00439
v 0.48420 0.02179 -0.09869 0.01033 0.00605 0.00439
v 0.46987 0.01656 -0.10138 0.01033 0.00605 0.00439
v 0.46051 0.01314 -0.11325 0.01033 0.00605 0.00439
v 0.46051 0.01314 -0.12875 0.01033 0.00605 0.00439
v 0.46987 0.01656 -0.14062 0.01033 0.00605 0.00439
v 0.48420 0.02179 -0.14331 0.01033 0.00605 0.00439
v 0.49681 0.02639 -0.13556 0.01033 0.00605 0.00439
v 0.50179 0.02821 -0.12100 0.01033 0.00605 0.00439
v 0.50285 0.03691 -0.12100 0.01033 0.00605 0.00439
v 0.49699 0.03477 -0.10388 0.01033 0.00605 0.00439
v 0.48217 0.02936 -0.09477 0.01033 0.00605 0.00439
v 0.46532 0.02321 -0.09794 0.01033 0.00605 0.00439
v 0.45432 0.01920 -0.11189 0.01033 0.00605 0.00439
v 0.45432 0.01920 -0.13011 0.01033 0.00605 0.00439
v 0.46532 0.02321 -0.14406 0.01033 0.00605 0.00439
v 0.48217 0.02936 -0.14723 0.01033 0.00605 0.00439
v 0.49699 0.03477 -0.13812 0.01033 0.00605 0.00439
v 0.50285 0.03691 -0.12100 0.01033 0.00605 0.00439
v 0.50117 0.04550 -0.12100 0.01033 0.00605 0.00439
v 0.49501 0.04326 -0.10300 0.01033 0.00605 0.00439
v 0.47943 0.03757 -0.09343 0.01033 0.00605 0.00439
v 0.46171 0.03110 -0.09675 0.01033 0.00605 0.00439
v 0.45015 0.02688 -0.11142 0.01033 0.00605 0.00439
v 0.45015 0.02688 -0.13058 0.01033 0.00605 0.00439
v 0.46171 0.03110 -0.14525 0.01033 0.00605 0.00439
v 0.47943 0.03757 -0.14857 0.01033 0.00605 0.00439
v 0.49501 0.04326 -0.13900 0.01033 0.00605 0.00439
v 0.50117 0.04550 -0.12100 0.01033 0.00605 0.00439
v 0.39144 0.34610 -0.12100 0.01033 0.00605 0.00439
v 0.38529 0.34386 -0.10300 0.01033 0.00605 0.00439
v 0.36970 0.33817 -0.09343 0.01033 0.00605 0.00439
v 0.35199 0.33170 -0.09675 0.01033 0.00605 0.00439
v 0.34042 0.32748 -0.11142 0.01033 0.00605 0.00439
v 0.34042 0.32748 -0.13058 0.01033 0.00605 0.00439
v 0.35199 0.33170 -0.14525 0.01033 0.00605 0.00439
v 0.36970 0.33817 -0.14857 0.01033 0.00605 0.00439
v 0.38529 0.34386 -0.13900 0.01033 0.00605 0.00439
v 0.39144 0.34610 -0.12100 0.01033 0.00605 0.00439
v 0.38718 0.35376 -0.12100 0.01033 0.00605 0.00439
v 0.38133 0.35163 -0.10388 0.01033 0.00605 0.00439
v 0.36651 0.34622 -0.09477 0.01033 0.00605 0.00439
v 0.34966 0.34007 -0.09794 0.01033 0.00605 0.00439
v 0.33866 0.33605 -0.11189 0.01033 0.00605 0.00439
v 0.33866 0.33605 -0.13011 0.01033 0.00605 0.00439
v 0.34966 0.34007 -0.14406 0.01033 0.00605 0.00439
v 0.36651 0.34622 -0.14723 0.01033 0.00605 0.00439
v 0.38133 0.35163 -0.13812 0.01033 0.00605 0.00439
v 0.38718 0.35376 -0.12100 0.01033 0.00605 0.00439
v 0.38077 0.35973 -0.12100 0.01033 0.00605 0.00439
v 0.37579 0.35791 -0.10644 0.01033 0.00605 0.00439
v 0.36319 0.35331 -0.09869 0.01033 0.00605 0.00439
v 0.34885 0.34808 -0.10138 0.01033 0.00605 0.00439
v 0.33950 0.34466 -0.11325 0.01033 0.00605 0.00439
v 0.33950 0.34466 -0.12875 0.01033 0.00605 0.00439
v 0.34885 0.34808 -0.14062 0.01033 0.00605 0.00439
v 0.36319 0.35331 -0.14331 0.01033 0.00605 0.00439
v 0.37579 0.35791 -0.13556 0.01033 0.00605 0.00439
v 0.38077 0.35973 -0.12100 0.01033 0.00605 0.00439
v 0.37283 0.36343 -0.12100 0.01033 0.00605 0.00439
v 0.36921 0.36211 -0.11042 0.01033 0.00605 0.00439
v 0.36005 0.35876 -0.10479 0.01033 0.00605 0.00439
v 0.34964 0.35496 -0.10675 0.01033 0.00605 0.00439
v 0.34284 0.35248 -0.11537 0.01033 0.00605 0.00439
v 0.34284 0.35248 -0.12663 0.01033 0.00605 0.00439
v 0.34964 0.35496 -0.13525 0.01033 0.00605 0.00439
v 0.36005 0.35876 -0.13721 0.01033 0.00605 0.00439
v 0.36921 0.36211 -0.13158 0.01033 0.00605 0.00439
v 0.37283 0.36343 -0.12100 0.01033 0.00605 0.00439
v 0.36413 0.36448 -0.12100 0.01033 0.00605 0.00439
v 0.36223 0.36379 -0.11544 0.01033 0.00605 0.00439
v 0.35742 0.36203 -0.11248 0.01033 0.00605 0.00439
v 0.35194 0.36003 -0.11351 0.01033 0.00605 0.00439
v 0.34837 0.35873 -0.11804 0.01033 0.00605 0.00439
v 0.34837 0.35873 -0.12396 0.01033 0.00605 0.00439
v 0.35194 0.36003 -0.12849 0.01033 0.00605 0.00439
v 0.35742 0.36203 -0.12952 0.01033 0.00605 0.00439
v 0.36223 0.36379 -0.12656 0.01033 0.00605 0.00439
v 0.36413 0.36448 -0.12100 0.01033 0.00605 0.00439
v 0.35554 0.36281 -0.12100 0.01033 0.00605 0.00439
v 0.35554 0.36281 -0.12100 0.01033 0.00605 0.00439
v 0.35554 0.36281 -0.12100 0.01033 0.00605 0.00439
v 0.35554 0.36281 -0.12100 0.01033 0.00605 0.00439
v 0.35554 0.36281 -0.12100 0.01033 0.00605 0.00439
v 0.35554 0.36281 -0.12100 0.01033 0.00605 0.00439
v 0.35554 0.36281 -0.12100 0.01033 0.00605 0.00439
v 0.35554 0.36281 -0.12100 0.01033 0.00605 0.00439
v 0.35554 0.36281 -0.12100 0.01033 0.00605 0.00439
v 0.35554 0.36281 -0.12100 0.01033 0.00605 0.00439
v 0.33180 0.09921 0.10617 0.01033 0.00605 0.00439
v 0.33180 0.09921 0.10617 0.01033 0.00605 0.00439
v 0.33180 0.09921 0.10617 0.01033 0.00605 0.00439
v 0.33180 0.09921 0.10617 0.01033 0.00605 0.00439
v 0.33180 0.09921 0.10617 0.01033 0.00605 0.00439
v 0.33180 0.09921 0.10617 0.01033 0.00605 0.00439
v 0.33180 0.09921 0.10617 0.01033 0.00605 0.00439
v 0.33180 0.09921 0.10617 0.01033 0.00605 0.00439
v 0.33180 0.09921 0.10617 0.01033 0.00605 0.00439
v 0.33180 0.09921 0.10617 0.01033 0.00605 0.00439
v 0.33569 0.10944 0.10662 0.01033 0.00605 0.00439
v 0.33444 0.10694 0.11347 0.01033 0.00605 0.00439
v 0.33125 0.10122 0.11692 0.01033 0.00605 0.00439
v 0.32762 0.09497 0.11536 0.01033 0.00605 0.00439
v 0.32526 0.09109 0.10952 0.01033 0.00605 0.00439
v 0.32526 0.09142 0.10212 0.01033 0.00605 0.00439
v 0.32762 0.09579 0.09664 0.01033 0.00605 0.00439
v 0.33125 0.10216 0.09564 0.01033 0.00605 0.00439
v 0.33444 0.10755 0.09958 0.01033 0.00605 0.00439
v 0.33569 0.10944 0.10662 0.01033 0.00605 0.00439
v 0.33624 0.12036 0.10710 0.01033 0.00605 0.00439
v 0.33384 0.11561 0.12013 0.01033 0.00605 0.00439
v 0.32778 0.10474 0.12669 0.01033 0.00605 0.00439
v 0.32088 0.09284 0.12372 0.01033 0.00605 0.00439
v 0.31638 0.08547 0.11261 0.01033 0.00605 0.00439
v 0.31638 0.08609 0.09855 0.01033 0.00605 0.00439
v 0.32088 0.09441 0.08812 0.01033 0.00605 0.00439
v 0.32778 0.10652 0.08621 0.01033 0.00605 0.00439
v 0.33384 0.11677 0.09371 0.01033 0.00605 0.00439
v 0.33624 0.12036 0.10710 0.01033 0.00605 0.00439
v 0.33337 0.13092 0.10757 0.01033 0.00605 0.00439
v 0.33008 0.12438 0.12550 0.01033 0.00605 0.00439
v 0.32173 0.10942 0.13453 0.01033 0.00605 0.00439
v 0.31224 0.09304 0.13044 0.01033 0.00605 0.00439
v 0.30604 0.08290 0.11515 0.01033 0.00605 0.00439
v 0.30604 0.08375 0.09580 0.01033 0.00605 0.00439
v 0.31224 0.09519 0.08145 0.01033 0.00605 0.00439
v 0.32173 0.11187 0.07881 0.01033 0.00605 0.00439
v 0.33008 0.12598 0.08913 0.01033 0.00605 0.00439
v 0.33337 0.13092 0.10757 0.01033 0.00605 0.00439
v 0.32738 0.14008 0.10797 0.01033 0.00605 0.00439
v 0.32351 0.13239 0.12905 0.01033 0.00605 0.00439
v 0.31370 0.11480 0.13967 0.01033 0.00605 0.00439
v 0.30254 0.09554 0.13486 0.01033 0.00605 0.00439
v 0.29526 0.08363 0.11688 0.01033 0.00605 0.00439
v 0.29526 0.08463 0.09413 0.01033 0.00605 0.00439
v 0.30254 0.09808 0.07726 0.01033 0.00605 0.00439
v 0.31370 0.11769 0.07417 0.01033 0.00605 0.00439
v 0.32351 0.13427 0.08630 0.01033 0.00605 0.00439
v 0.32738 0.14008 0.10797 0.01033 0.00605 0.00439
v 0.31885 0.14694 0.10827 0.01033 0.00605 0.00439
v 0.31478 0.13886 0.13043 0.01033 0.00605 0.00439
v 0.30446 0.12036 0.14160 0.01033 0.00605 0.00439
v 0.29273 0.10011 0.13655 0.01033 0.00605 0.00439
v 0.28507 0.08758 0.11764 0.01033 0.00605 0.00439
v 0.28507 0.08864 0.09372 0.01033 0.00605 0.00439
v 0.29273 0.10278 0.07599 0.01033 0.00605 0.00439
v 0.30446 0.12339 0.07273 0.01033 0.00605 0.00439
v 0.31478 0.14083 0.08548 0.01033 0.00605 0.00439
v 0.31885 0.14694 0.10827 0.01033 0.00605 0.00439
v 0.07598 0.28613 0.11440 0.01033 0.00605 0.00439
v 0.07190 0.27804 0.13656 0.01033 0.00605 0.00439
v 0.06158 0.25955 0.14773 0.01033 0.00605 0.00439
v 0.04985 0.23930 0.14268 0.01033 0.00605 0.00439
v 0.04220 0.22677 0.12377 0.01033 0.00605 0.00439
v 0.04220 0.22782 0.09985 0.01033 0.00605 0.00439
v 0.04985 0.24196 0.08211 0.01033 0.00605 0.00439
v 0.06158 0.26258 0.07886 0.01033 0.00605 0.00439
v 0.07190 0.28002 0.09161 0.01033 0.00605 0.00439
v 0.07598 0.28613 0.11440 0.01033 0.00605 0.00439
v 0.06574 0.29002 0.11457 0.01033 0.00605 0.00439
v 0.06187 0.28233 0.13565 0.01033 0.00605 0.00439
v 0.05206 0.26474 0.14627 0.01033 0.00605 0.00439
v 0.04090 0.24548 0.14147 0.01033 0.00605 0.00439
v 0.03362 0.23356 0.12348 0.01033 0.00605 0.00439
v 0.03362 0.23457 0.10073 0.01033 0.00605 0.00439
v 0.04090 0.24802 0.08387 0.01033 0.00605 0.00439
v 0.05206 0.26762 0.08077 0.01033 0.00605 0.00439
v 0.06187 0.28421 0.09290 0.01033 0.00605 0.00439
v 0.06574 0.29002 0.11457 0.01033 0.00605 0.00439
v 0.05480 0.29056 0.11459 0.01033 0.00605 0.00439
v 0.05151 0.28402 0.13253 0.01033 0.00605 0.00439
v 0.04316 0.26906 0.14156 0.01033 0.00605 0.00439
v 0.03367 0.25267 0.13747 0.01033 0.00605 0.00439
v 0.02748 0.24254 0.12217 0.01033 0.00605 0.00439
v 0.02748 0.24339 0.10282 0.01033 0.00605 0.00439
v 0.03367 0.25483 0.08848 0.01033 0.00605 0.00439
v 0.04316 0.27151 0.08584 0.01033 0.00605 0.00439
v 0.05151 0.28562 0.09616 0.01033 0.00605 0.00439
v 0.05480 0.29056 0.11459 0.01033 0.00605 0.00439
v 0.04424 0.28770 0.11447 0.01033 0.00605 0.00439
v 0.04184 0.28295 0.12750 0.01033 0.00605 0.00439
v 0.03578 0.27208 0.13406 0.01033 0.00605 0.00439
v 0.02888 0.26017 0.13109 0.01033 0.00605 0.00439
v 0.02438 0.25281 0.11998 0.01033 0.00605 0.00439
v 0.02438 0.25343 0.10592 0.01033 0.00605 0.00439
v 0.02888 0.26174 0.09549 0.01033 0.00605 0.00439
v 0.03578 0.27386 0.09358 0.01033 0.00605 0.00439
v 0.04184 0.28411 0.10107 0.01033 0.00605 0.00439
v 0.04424 0.28770 0.11447 0.01033 0.00605 0.00439
v 0.03507 0.28171 0.11421 0.01033 0.00605 0.00439
v 0.03381 0.27922 0.12105 0.01033 0.00605 0.00439
v 0.03062 0.27350 0.12451 0.01033 0.00605 0.00439
v 0.02700 0.26724 0.12294 0.01033 0.00605 0.00439
v 0.02463 0.26337 0.11710 0.01033 0.00605 0.00439
v 0.02463 0.26370 0.10971 0.01033 0.00605 0.00439
v 0.02700 0.26807 0.10423 0.01033 0.00605 0.00439
v 0.03062 0.27444 0.10322 0.01033 0.00605 0.00439
v 0.03381 0.27983 0.10716 0.01033 0.00605 0.00439
v 0.03507 0.28171 0.11421 0.01033 0.00605 0.00439
v 0.02820 0.27319 0.11383 0.01033 0.00605 0.00439
v 0.02820 0.27319 0.11383 0.01033 0.00605 0.00439
v 0.02820 0.27319 0.11383 0.01033 0.00605 0.00439
v 0.02820 0.27319 0.11383 0.01033 0.00605 0.00439
v 0.02820 0.27319 0.11383 0.01033 0.00605 0.00439
v 0.02820 0.27319 0.11383 0.01033 0.00605 0.00439
v 0.02820 0.27319 0.11383 0.01033 0.00605 0.00439
v 0.02820 0.27319 0.11383 0.01033 0.00605 0.00439
v 0.02820 0.27319 0.11383 0.01033 0.00605 0.00439
v 0.02820 0.27319 0.11383 0.01033 0.00605 0.00439
v 0.48446 0.00960 0.12100 0.01033 0.00605 0.00439
v 0.48446 0.00960 0.12100 0.01033 0.00605 0.00439
v 0.48446 0.00960 0.12100 0.01033 0.00605 0.00439
v 0.48446 0.00960 0.12100 0.01033 0.00605 0.00439
v 0.48446 0.00960 0.12100 0.01033 0.00605 0.00439
v 0.48446 0.00960 0.12100 0.01033 0.00605 0.00439
v 0.48446 0.00960 0.12100 0.01033 0.00605 0.00439
v 0.48446 0.00960 0.12100 0.01033 0.00605 0.00439
v 0.48446 0.00960 0.12100 0.01033 0.00605 0.00439
v 0.48446 0.00960 0.12100 0.01033 0.00605 0.00439
v 0.49212 0.01386 0.12100 0.01033 0.00605 0.00439
v 0.49022 0.01316 0.12656 0.01033 0.00605 0.00439
v 0.48541 0.01140 0.12952 0.01033 0.00605 0.00439
v 0.47993 0.00941 0.12849 0.01033 0.00605 0.00439
v 0.47636 0.00810 0.12396 0.01033 0.00605 0.00439
v 0.47636 0.00810 0.11804 0.01033 0.00605 0.00439
v 0.47993 0.00941 0.11351 0.01033 0.00605 0.00439
v 0.48541 0.01140 0.11248 0.01033 0.00605 0.00439
v 0.49022 0.01316 0.11544 0.01033 0.00605 0.00439
v 0.49212 0.01386 0.12100 0.01033 0.00605 0.00439
v 0.49809 0.02027 0.12100 0.01033 0.00605 0.00439
v 0.49447 0.01895 0.13158 0.01033 0.00605 0.00439
v 0.48532 0.01560 0.13721 0.01033 0.00605 0.00439
v 0.47490 0.01180 0.13525 0.01033 0.00605 0.00439
v 0.46810 0.00932 0.12663 0.01033 0.00605 0.00439
v 0.46810 0.00932 0.11537 0.01033 0.00605 0.00439
v 0.47490 0.01180 0.10675 0.01033 0.00605 0.00439
v 0.48532 0.01560 0.10479 0.01033 0.00605 0.00439
v 0.49447 0.01895 0.11042 0.01033 0.00605 0.00439
v 0.49809 0.02027 0.12100 0.01033 0.00605 0.00439
v 0.50179 0.02821 0.12100 0.01033 0.00605 0.00439
v 0.49681 0.02639 0.13556 0.01033 0.00605 0.00439
v 0.48420 0.02179 0.14331 0.01033 0.00605 0.00439
v 0.46987 0.01656 0.14062 0.01033 0.00605 0.00439
v 0.46051 0.01314 0.12875 0.01033 0.00605 0.00439
v 0.46051 0.01314 0.11325 0.01033 0.00605 0.00439
v 0.46987 0.01656 0.10138 0.01033 0.00605 0.00439
v 0.48420 0.02179 0.09869 0.01033 0.00605 0.00439
v 0.49681 0.02639 0.10644 0.01033 0.00605 0.00439
v 0.50179 0.02821 0.12100 0.01033 0.00605 0.00439
v 0.50285 0.03691 0.12100 0.01033 0.00605 0.00439
v 0.49699 0.03477 0.13812 0.01033 0.00605 0.00439
v 0.48217 0.02936 0.14723 0.01033 0.00605 0.00439
v 0.46532 0.02321 0.14406 0.01033 0.00605 0.00439
v 0.45432 0.01920 0.13011 0.01033 0.00605 0.00439
v 0.45432 0.01920 0.11189 0.01033 0.00605 0.00439
v 0.46532 0.02321 0.09794 0.01033 0.00605 0.00439
v 0.48217 0.02936 0.09477 0.01033 0.00605 0.00439
v 0.49699 0.03477 0.10388 0.01033 0.00605 0.00439
v 0.50285 0.03691 0.12100 0.01033 0.00605 0.00439
v 0.50117 0.04550 0.12100 0.01033 0.00605 0.00439
v 0.49501 0.04326 0.13900 0.01033 0.00605 0.00439
v 0.47943 0.03757 0.14857 0.01033 0.00605 0.00439
v 0.46171 0.03110 0.14525 0.01033 0.00605 0.00439
v 0.45015 0.02688 0.13058 0.01033 0.00605 0.00439
v 0.45015 0.02688 0.11142 0.01033 0.00605 0.00439
v 0.46171 0.03110 0.09675 0.01033 0.00605 0.00439
v 0.47943 0.03757 0.09343 0.01033 0.00605 0.00439
v 0.49501 0.04326 0.10300 0.01033 0.00605 0.00439
v 0.50117 0.04550 0.12100 0.01033 0.00605 0.00439
v 0.39144 0.34610 0.12100 0.01033 0.00605 0.00439
v 0.38529 0.34386 0.13900 0.01033 0.00605 0.00439
v 0.36970 0.33817 0.14857 0.01033 0.00605 0.00439
v 0.35199 0.33170 0.14525 0.01033 0.00605 0.00439
v 0.34042 0.32748 0.13058 0.01033 0.00605 0.00439
v 0.34042 0.32748 0.11142 0.01033 0.00605 0.00439
v 0.35199 0.33170 0.09675 0.01033 0.00605 0.00439
v 0.36970 0.33817 0.09343 0.01033 0.00605 0.00439
v 0.38529 0.34386 0.10300 0.01033 0.00605 0.00439
v 0.39144 0.34610 0.12100 0.01033 0.00605 0.00439
v 0.38718 0.35376 0.12100 0.01033 0.00605 0.00439
v 0.38133 0.35163 0.13812 0.01033 0.00605 0.00439
v 0.36651 0.34622 0.14723 0.01033 0.00605 0.00439
v 0.34966 0.34007 0.14406 0.01033 0.00605 0.00439
v 0.33866 0.33605 0.13011 0.01033 0.00605 0.00439
v 0.33866 0.33605 0.11189 0.01033 0.00605 0.00439
v 0.34966 0.34007 0.09794 0.01033 0.00605 0.00439
v 0.36651 0.34622 0.09477 0.01033 0.00605 0.00439
v 0.38133 0.35163 0.10388 0.01033 0.00605 0.00439
v 0.38718 0.35376 0.12100 0.01033 0.00605 0.00439
v 0.38077 0.35973 0.12100 0.01033 0.00605 0.00439
v 0.37579 0.35791 0.13556 0.01033 0.00605 0.00439
v 0.36319 0.35331 0.14331 0.01033 0.00605 0.00439
v 0.34885 0.34808 0.14062 0.01033 0.00605 0.00439
v 0.33950 0.34466 0.12875 0.01033 0.00605 0.00439
v 0.33950 0.34466 0.11325 0.01033 0.00605 0.00439
v 0.34885 0.34808 0.10138 0.01033 0.00605 0.00439
v 0.36319 0.35331 0.09869 0.01033 0.00605 0.00439
v 0.37579 0.35791 0.10644 0.01033 0.00605 0.00439
v 0.38077 0.35973 0.12100 0.01033 0.00605 0.00439
v 0.37283 0.36343 0.12100 0.01033 0.00605 0.00439
v 0.36921 0.36211 0.13158 0.01033 0.00605 0.00439
v 0.36005 0.35876 0.13721 0.01033 0.00605 0.00439
v 0.34964 0.35496 0.13525 0.01033 0.00605 0.00439
v 0.34284 0.35248 0.12663 0.01033 0.00605 0.00439
v 0.34284 0.35248 0.11537 0.01033 0.00605 0.00439
v 0.34964 0.35496 0.10675 0.01033 0.00605 0.00439
v 0.36005 0.35876 0.10479 0.01033 0.00605 0.00439
v 0.36921 0.36211 0.11042 0.01033 0.00605 0.00439
v 0.37283 0.36343 0.12100 0.01033 0.00605 0.00439
v 0.36413 0.36448 0.12100 0.01033 0.00605 0.00439
v 0.36223 0.36379 0.12656 0.01033 0.00605 0.00439
v 0.35742 0.36203 0.12952 0.01033 0.00605 0.00439
v 0.35194 0.36003 0.12849 0.01033 0.00605 0.00439
v 0.34837 0.35873 0.12396 0.01033 0.00605 0.00439
v 0.34837 0.35873 0.11804 0.01033 0.00605 0.00439
v 0.35194 0.36003 0.11351 0.01033 0.00605 0.00439
v 0.35742 0.36203 0.11248 0.01033 0.00605 0.00439
v 0.36223 0.36379 0.11544 0.01033 0.00605 0.00439
v 0.36413 0.36448 0.12100 0.01033 0.00605 0.00439
v 0.35554 0.36281 0.12100 0.01033 0.00605 0.00439
v 0.35554 0.36281 0.12100 0.01033 0.00605 0.00439
v 0.35554 0.36281 0.12100 0.01033 0.00605 0.00439
v 0.35554 0.36281 0.12100 0.01033 0.00605 0.00439
v 0.35554 0.36281 0.12100 0.01033 0.00605 0.00439
v 0.35554 0.36281 0.12100 0.01033 0.00605 0.00439
v 0.35554 0.36281 0.12100 0.01033 0.00605 0.00439
v 0.35554 0.36281 0.12100 0.01033 0.00605 0.00439
v 0.35554 0.36281 0.12100 0.01033 0.00605 0.00439
v 0.35554 0.36281 0.12100 0.01033 0.00605 0.00439
v 0.33180 0.09989 0.31854 0.01033 0.00605 0.00439
v 0.33180 0.09989 0.31854 0.01033 0.00605 0.00439
v 0.33180 0.09989 0.31854 0.01033 0.00605 0.00439
v 0.33180 0.09989 0.31854 0.01033 0.00605 0.00439
v 0.33180 0.09989 0.31854 0.01033 0.00605 0.00439
v 0.33180 0.09989 0.31854 0.01033 0.00605 0.00439
v 0.33180 0.09989 0.31854 0.01033 0.00605 0.00439
v 0.33180 0.09989 0.31854 0.01033 0.00605 0.00439
v 0.33180 0.09989 0.31854 0.01033 0.00605 0.00439
v 0.33180 0.09989 0.31854 0.01033 0.00605 0.00439
v 0.33569 0.11003 0.31989 0.01033 0.00605 0.00439
v 0.33444 0.10694 0.32649 0.01033 0.00605 0.00439
v 0.33125 0.10094 0.32942 0.01033 0.00605 0.00439
v 0.32762 0.09485 0.32732 0.01033 0.00605 0.00439
v 0.32526 0.09150 0.32116 0.01033 0.00605 0.00439
v 0.32526 0.09248 0.31382 0.01033 0.00605 0.00439
v 0.32762 0.09731 0.30875 0.01033 0.00605 0.00439
v 0.33125 0.10375 0.30831 0.01033 0.00605 0.00439
v 0.33444 0.10877 0.31271 0.01033 0.00605 0.00439
v 0.33569 0.11003 0.31989 0.01033 0.00605 0.00439
v 0.33624 0.12087 0.32133 0.01033 0.00605 0.00439
v 0.33384 0.11499 0.33389 0.01033 0.00605 0.00439
v 0.32778 0.10359 0.33947 0.01033 0.00605 0.00439
v 0.32088 0.09199 0.33546 0.01033 0.00605 0.00439
v 0.31638 0.08563 0.32375 0.01033 0.00605 0.00439
v 0.31638 0.08749 0.30980 0.01033 0.00605 0.00439
v 0.32088 0.09668 0.30014 0.01033 0.00605 0.00439
v 0.32778 0.10892 0.29930 0.01033 0.00605 0.00439
v 0.33384 0.11847 0.30767 0.01033 0.00605 0.00439
v 0.33624 0.12087 0.32133 0.01033 0.00605 0.00439
v 0.33337 0.13135 0.32272 0.01033 0.00605 0.00439
v 0.33008 0.12326 0.34000 0.01033 0.00605 0.00439
v 0.32173 0.10756 0.34769 0.01033 0.00605 0.00439
v 0.31224 0.09160 0.34218 0.01033 0.00605 0.00439
v 0.30604 0.08285 0.32605 0.01033 0.00605 0.00439
v 0.30604 0.08540 0.30685 0.01033 0.00605 0.00439
v 0.31224 0.09806 0.29356 0.01033 0.00605 0.00439
v 0.32173 0.11490 0.29240 0.01033 0.00605 0.00439
v 0.33008 0.12805 0.30392 0.01033 0.00605 0.00439
v 0.33337 0.13135 0.32272 0.01033 0.00605 0.00439
v 0.32738 0.14044 0.32392 0.01033 0.00605 0.00439
v 0.32351 0.13092 0.34424 0.01033 0.00605 0.00439
v 0.31370 0.11247 0.35328 0.01033 0.00605 0.00439
v 0.30254 0.09371 0.34680 0.01033 0.00605 0.00439
v 0.29526 0.08342 0.32784 0.01033 0.00605 0.00439
v 0.29526 0.08642 0.30527 0.01033 0.00605 0.00439
v 0.30254 0.10130 0.28965 0.01033 0.00605 0.00439
v 0.31370 0.12110 0.28829 0.01033 0.00605 0.00439
v 0.32351 0.13656 0.30182 0.01033 0.00605 0.00439
v 0.32738 0.14044 0.32392 0.01033 0.00605 0.00439
v 0.31885 0.14724 0.32483 0.01033 0.00605 0.00439
v 0.31478 0.13724 0.34619 0.01033 0.00605 0.00439
v 0.30446 0.11784 0.35569 0.01033 0.00605 0.00439
v 0.29273 0.09811 0.34888 0.01033 0.00605 0.00439
v 0.28507 0.08729 0.32894 0.01033 0.00605 0.00439
v 0.28507 0.09044 0.30521 0.01033 0.00605 0.00439
v 0.29273 0.10609 0.28879 0.01033 0.00605 0.00439
v 0.30446 0.12691 0.28736 0.01033 0.00605 0.00439
v 0.31478 0.14316 0.30159 0.01033 0.00605 0.00439
v 0.31885 0.14724 0.32483 0.01033 0.00605 0.00439
v 0.07598 0.28535 0.34316 0.01033 0.00605 0.00439
v 0.07190 0.27535 0.36453 0.01033 0.00605 0.00439
v 0.06158 0.25595 0.37403 0.01033 0.00605 0.00439
v 0.04985 0.23622 0.36722 0.01033 0.00605 0.00439
v 0.04220 0.22540 0.34728 0.01033 0.00605 0.00439
v 0.04220 0.22855 0.32355 0.01033 0.00605 0.00439
v 0.04985 0.24420 0.30712 0.01033 0.00605 0.00439
v 0.06158 0.26502 0.30569 0.01033 0.00605 0.00439
v 0.07190 0.28127 0.31993 0.01033 0.00605 0.00439
v 0.07598 0.28535 0.34316 0.01033 0.00605 0.00439
v 0.06574 0.28921 0.34368 0.01033 0.00605 0.00439
v 0.06187 0.27970 0.36400 0.01033 0.00605 0.00439
v 0.05206 0.26125 0.37303 0.01033 0.00605 0.00439
v 0.04090 0.24249 0.36655 0.01033 0.00605 0.00439
v 0.03362 0.23220 0.34759 0.01033 0.00605 0.00439
v 0.03362 0.23519 0.32502 0.01033 0.00605 0.00439
v 0.04090 0.25007 0.30940 0.01033 0.00605 0.00439
v 0.05206 0.26988 0.30804 0.01033 0.00605 0.00439
v 0.06187 0.28533 0.32158 0.01033 0.00605 0.00439
v 0.06574 0.28921 0.34368 0.01033 0.00605 0.00439
v 0.05480 0.28975 0.34375 0.01033 0.00605 0.00439
v 0.05151 0.28166 0.36103 0.01033 0.00605 0.00439
v 0.04316 0.26596 0.36872 0.01033 0.00605 0.00439
v 0.03367 0.25000 0.36321 0.01033 0.00605 0.00439
v 0.02748 0.24125 0.34708 0.01033 0.00605 0.00439
v 0.02748 0.24380 0.32788 0.01033 0.00605 0.00439
v 0.03367 0.25646 0.31459 0.01033 0.00605 0.00439
v 0.04316 0.27330 0.31343 0.01033 0.00605 0.00439
v 0.05151 0.28645 0.32495 0.01033 0.00605 0.00439
v 0.05480 0.28975 0.34375 0.01033 0.00605 0.00439
v 0.04424 0.28691 0.34337 0.01033 0.00605 0.00439
v 0.04184 0.28103 0.35593 0.01033 0.00605 0.00439
v 0.03578 0.26963 0.36151 0.01033 0.00605 0.00439
v 0.02888 0.25803 0.35751 0.01033 0.00605 0.00439
v 0.02438 0.25167 0.34579 0.01033 0.00605 0.00439
v 0.02438 0.25353 0.33184 0.01033 0.00605 0.00439
v 0.02888 0.26272 0.32219 0.01033 0.00605 0.00439
v 0.03578 0.27496 0.32135 0.01033 0.00605 0.00439
v 0.04184 0.28452 0.32971 0.01033 0.00605 0.00439
v 0.04424 0.28691 0.34337 0.01033 0.00605 0.00439
v 0.03507 0.28098 0.34258 0.01033 0.00605 0.00439
v 0.03381 0.27788 0.34919 0.01033 0.00605 0.00439
v 0.03062 0.27189 0.35212 0.01033 0.00605 0.00439
v 0.02700 0.26579 0.35002 0.01033 0.00605 0.00439
v 0.02463 0.26245 0.34386 0.01033 0.00605 0.00439
v 0.02463 0.26342 0.33652 0.01033 0.00605 0.00439
v 0.02700 0.26826 0.33145 0.01033 0.00605 0.00439
v 0.03062 0.27469 0.33100 0.01033 0.00605 0.00439
v 0.03381 0.27971 0.33540 0.01033 0.00605 0.00439
v 0.03507 0.28098 0.34258 0.01033 0.00605 0.00439
v 0.02820 0.27252 0.34146 0.01033 0.00605 0.00439
v 0.02820 0.27252 0.34146 0.01033 0.00605 0.00439
v 0.02820 0.27252 0.34146 0.01033 0.00605 0.00439
v 0.02820 0.27252 0.34146 0.01033 0.00605 0.00439
v 0.02820 0.27252 0.34146 0.01033 0.00605 0.00439
v 0.02820 0.27252 0.34146 0.01033 0.00605 0.00439
v 0.02820 0.27252 0.34146 0.01033 0.00605 0.00439
v 0.02820 0.27252 0.34146 0.01033 0.00605 0.00439
v 0.02820 0.27252 0.34146 0.01033 0.00605 0.00439
v 0.02820 0.27252 0.34146 0.01033 0.00605 0.00439
v 0.48446 0.00960 0.36300 0.01033 0.00605 0.00439
v 0.48446 0.00960 0.36300 0.01033 0.00605 0.00439
v 0.48446 0.00960 0.36300 0.01033 0.00605 0.00439
v 0.48446 0.00960 0.36300 0.01033 0.00605 0.00439
v 0.48446 0.00960 0.36300 0.01033 0.00605 0.00439
v 0.48446 0.00960 0.36300 0.01033 0.00605 0.00439
v 0.48446 0.00960 0.36300 0.01033 0.00605 0.00439
v 0.48446 0.00960 0.36300 0.01033 0.00605 0.00439
v 0.48446 0.00960 0.36300 0.01033 0.00605 0.00439
v 0.48446 0.00960 0.36300 0.01033 0.00605 0.00439
v 0.49212 0.01386 0.36300 0.01033 0.00605 0.00439
v 0.49022 0.01316 0.36856 0.01033 0.00605 0.00439
v 0.48541 0.01140 0.37152 0.01033 0.00605 0.00439
v 0.47993 0.00941 0.37049 0.01033 0.00605 0.00439
v 0.47636 0.00810 0.36596 0.01033 0.00605 0.00439
v 0.47636 0.00810 0.36004 0.01033 0.00605 0.00439
v 0.47993 0.00941 0.35551 0.01033 0.00605 0.00439
v 0.48541 0.01140 0.35448 0.01033 0.00605 0.00439
v 0.49022 0.01316 0.35744 0.01033 0.00605 0.00439
v 0.49212 0.01386 0.36300 0.01033 0.00605 0.00439
v 0.49809 0.02027 0.36300 0.01033 0.00605 0.00439
v 0.49447 0.01895 0.37358 0.01033 0.00605 0.00439
v 0.48532 0.01560 0.37921 0.01033 0.00605 0.00439
v 0.47490 0.01180 0.37725 0.01033 0.00605 0.00439
v 0.46810 0.00932 0.36863 0.01033 0.00605 0.00439
v 0.46810 0.00932 0.35737 0.01033 0.00605 0.00439
v 0.47490 0.01180 0.34875 0.01033 0.00605 0.00439
v 0.48532 0.01560 0.34679 0.01033 0.00605 0.00439
v 0.49447 0.01895 0.35242 0.01033 0.00605 0.00439
v 0.49809 0.02027 0.36300 0.01033 0.00605 0.00439
v 0.50179 0.02821 0.36300 0.01033 0.00605 0.00439
v 0.49681 0.02639 0.37756 0.01033 0.00605 0.00439
v 0.48420 0.02179 0.38531 0.01033 0.00605 0.00439
v 0.46987 0.01656 0.38262 0.01033 0.00605 0.00439
v 0.46051 0.01314 0.37075 0.01033 0.00605 0.00439
v 0.46051 0.01314 0.35525 0.01033 0.00605 0.00439
v 0.46987 0.01656 0.34338 0.01033 0.00605 0.00439
v 0.48420 0.02179 0.34069 0.01033 0.00605 0.00439
v 0.49681 0.02639 0.34844 0.01033 0.00605 0.00439
v 0.50179 0.02821 0.36300 0.01033 0.00605 0.00439
v 0.50285 0.03691 0.36300 0.01033 0.00605 0.00439
v 0.49699 0.03477 0.38012 0.01033 0.00605 0.00439
v 0.48217 0.02936 0.38923 0.01033 0.00605 0.00439
v 0.46532 0.02321 0.38606 0.01033 0.00605 0.00439
v 0.45432 0.01920 0.37211 0.01033 0.00605 0.00439
v 0.45432 0.01920 0.35389 0.01033 0.00605 0.00439
v 0.46532 0.02321 0.33994 0.01033 0.00605 0.00439
v 0.48217 0.02936 0.33677 0.01033 0.00605 0.00439
v 0.49699 0.03477 0.34588 0.01033 0.00605 0.00439
v 0.50285 0.03691 0.36300 0.01033 0.00605 0.00439
v 0.50117 0.04550 0.36300 0.01033 0.00605 0.00439
v 0.49501 0.04326 0.38100 0.01033 0.00605 0.00439
v 0.47943 0.03757 0.39057 0.01033 0.00605 0.00439
v 0.46171 0.03110 0.38725 0.01033 0.00605 0.00439
v 0.45015 0.02688 0.37258 0.01033 0.00605 0.00439
v 0.45015 0.02688 0.35342 0.01033 0.00605 0.00439
v 0.46171 0.03110 0.33875 0.01033 0.00605 0.00439
v 0.47943 0.03757 0.33543 0.01033 0.00605 0.00439
v 0.49501 0.04326 0.34500 0.01033 0.00605 0.00439
v 0.50117 0.04550 0.36300 0.01033 0.00605 0.00439
v 0.39144 0.34610 0.36300 0.01033 0.00605 0.00439
v 0.38529 0.34386 0.38100 0.01033 0.00605 0.00439
v 0.36970 0.33817 0.39057 0.01033 0.00605 0.00439
v 0.35199 0.33170 0.38725 0.01033 0.00605 0.00439
v 0.34042 0.32748 0.37258 0.01033 0.00605 0.00439
v 0.34042 0.32748 0.35342 0.01033 0.00605 0.00439
v 0.35199 0.33170 0.33875 0.01033 0.00605 0.00439
v 0.36970 0.33817 0.33543 0.01033 0.00605 0.00439
v 0.38529 0.34386 0.34500 0.01033 0.00605 0.00439
v 0.39144 0.34610 0.36300 0.01033 0.00605 0.00439
v 0.38718 0.35376 0.36300 0.01033 0.00605 0.00439
v 0.38133 0.35163 0.38012 0.01033 0.00605 0.00439
v 0.36651 0.34622 0.38923 0.01033 0.00605 0.00439
v 0.34966 0.34007 0.38606 0.01033 0.00605 0.00439
v 0.33866 0.33605 0.37211 0.01033 0.00605 0.00439
v 0.33866 0.33605 0.35389 0.01033 0.00605 0.00439
v 0.34966 0.34007 0.33994 0.01033 0.00605 0.00439
v 0.36651 0.34622 0.33677 0.01033 0.00605 0.00439
v 0.38133 0.35163 0.34588 0.01033 0.00605 0.00439
v 0.38718 0.35376 0.36300 0.01033 0.00605 0.00439
v 0.38077 0.35973 0.36300 0.01033 0.00605 0.00439
v 0.37579 0.35791 0.37756 0.01033 0.00605 0.00439
v 0.36319 0.35331 0.38531 0.01033 0.00605 0.00439
v 0.34885 0.34808 0.38262 0.01033 0.00605 0.00439
v 0.33950 0.34466 0.37075 0.01033 0.00605 0.00439
v 0.33950 0.34466 0.35525 0.01033 0.00605 0.00439
v 0.34885 0.34808 0.34338 0.01033 0.00605 0.00439
v 0.36319 0.35331 0.34069 0.01033 0.00605 0.00439
v 0.37579 0.35791 0.34844 0.01033 0.00605 0.00439
v 0.38077 0.35973 0.36300 0.01033 0.00605 0.00439
v 0.37283 0.36343 0.36300 0.01033 0.00605 0.00439
v 0.36921 0.36211 0.37358 0.01033 0.00605 0.00439
v 0.36005 0.35876 0.37921 0.01033 0.00605 0.00439
v 0.34964 0.35496 0.37725 0.01033 0.00605 0.00439
v 0.34284 0.35248 0.36863 0.01033 0.00605 0.00439
v 0.34284 0.35248 0.35737 0.01033 0.00605 0.00439
v 0.34964 0.35496 0.34875 0.01033 0.00605 0.00439
v 0.36005 0.35876 0.34679 0.01033 0.00605 0.00439
v 0.36921 0.36211 0.35242 0.01033 0.00605 0.00439
v 0.37283 0.36343 0.36300 0.01033 0.00605 0.00439
v 0.36413 0.36448 0.36300 0.01033 0.00605 0.00439
v 0.36223 0.36379 0.36856 0.01033 0.00605 0.00439
v 0.35742 0.36203 0.37152 0.01033 0.00605 0.00439
v 0.35194 0.36003 0.37049 0.01033 0.00605 0.00439
v 0.34837 0.35873 0.36596 0.01033 0.00605 0.00439
v 0.34837 0.35873 0.36004 0.01033 0.00605 0.00439
v 0.35194 0.36003 0.35551 0.01033 0.00605 0.00439
v 0.35742 0.36203 0.35448 0.01033 0.00605 0.00439
v 0.36223 0.36379 0.35744 0.01033 0.00605 0.00439
v 0.36413 0.36448 0.36300 0.01033 0.00605 0.00439
v 0.35554 0.36281 0.36300 0.01033 0.00605 0.00439
v 0.35554 0.36281 0.36300 0.01033 0.00605 0.00439
v 0.35554 0.36281 0.36300 0.01033 0.00605 0.00439
v 0.35554 0.36281 0.36300 0.01033 0.00605 0.00439
v 0.35554 0.36281 0.36300 0.01033 0.00605 0.00439
v 0.35554 0.36281 0.36300 0.01033 0.00605 0.00439
v 0.35554 0.36281 0.36300 0.01033 0.00605 0.00439
v 0.35554 0.36281 0.36300 0.01033 0.00605 0.00439
v 0.35554 0.36281 0.36300 0.01033 0.00605 0.00439
v 0.35554 0.36281 0.36300 0.01033 0.00605 0.00439
v -0.33180 0.09989 -0.31854 0.01033 0.00605 0.00439
v -0.33180 0.09989 -0.31854 0.01033 0.00605 0.00439
v -0.33180 0.09989 -0.31854 0.01033 0.00605 0.00439
v -0.33180 0.09989 -0.31854 0.01033 0.00605 0.00439
v -0.33180 0.09989 -0.31854 0.01033 0.00605 0.00439
v -0.33180 0.09989 -0.31854 0.01033 0.00605 0.00439
v -0.33180 0.09989 -0.31854 0.01033 0.00605 0.00439
v -0.33180 0.09989 -0.31854 0.01033 0.00605 0.00439
v -0.33180 0.09989 -0.31854 0.01033 0.00605 0.00439
v -0.33180 0.09989 -0.31854 0.01033 0.00605 0.00439
v -0.32493 0.09143 -0.31742 0.01033 0.00605 0.00439
v -0.32619 0.09452 -0.31081 0.01033 0.00605 0.00439
v -0.32938 0.10052 -0.30788 0.01033 0.00605 0.00439
v -0.33300 0.10661 -0.30998 0.01033 0.00605 0.00439
v -0.33537 0.10996 -0.31614 0.01033 0.00605 0.00439
v -0.33537 0.10898 -0.32348 0.01033 0.00605 0.00439
v -0.33300 0.10415 -0.32855 0.01033 0.00605 0.00439
v -0.32938 0.09771 -0.32900 0.01033 0.00605 0.00439
v -0.32619 0.09269 -0.32460 0.01033 0.00605 0.00439
v -0.32493 0.09143 -0.31742 0.01033 0.00605 0.00439
v -0.31576 0.08549 -0.31663 0.01033 0.00605 0.00439
v -0.31816 0.09137 -0.30407 0.01033 0.00605 0.00439
v -0.32422 0.10278 -0.29849 0.01033 0.00605 0.00439
v -0.33112 0.11437 -0.30249 0.01033 0.00605 0.00439
v -0.33562 0.12073 -0.31421 0.01033 0.00605 0.00439
v -0.33562 0.11888 -0.32816 0.01033 0.00605 0.00439
v -0.33112 0.10968 -0.33781 0.01033 0.00605 0.00439
v -0.32422 0.09744 -0.33865 0.01033 0.00605 0.00439
v -0.31816 0.08789 -0.33029 0.01033 0.00605 0.00439
v -0.31576 0.08549 -0.31663 0.01033 0.00605 0.00439
v -0.30520 0.08265 -0.31625 0.01033 0.00605 0.00439
v -0.30849 0.09075 -0.29897 0.01033 0.00605 0.00439
v -0.31684 0.10644 -0.29128 0.01033 0.00605 0.00439
v -0.32633 0.12240 -0.29679 0.01033 0.00605 0.00439
v -0.33252 0.13116 -0.31292 0.01033 0.00605 0.00439
v -0.33252 0.12861 -0.33212 0.01033 0.00605 0.00439
v -0.32633 0.11595 -0.34541 0.01033 0.00605 0.00439
v -0.31684 0.09910 -0.34657 0.01033 0.00605 0.00439
v -0.30849 0.08595 -0.33505 0.01033 0.00605 0.00439
v -0.30520 0.08265 -0.31625 0.01033 0.00605 0.00439
v -0.29426 0.08319 -0.31632 0.01033 0.00605 0.00439
v -0.29813 0.09270 -0.29600 0.01033 0.00605 0.00439
v -0.30794 0.11116 -0.28697 0.01033 0.00605 0.00439
v -0.31910 0.12992 -0.29345 0.01033 0.00605 0.00439
v -0.32638 0.14021 -0.31241 0.01033 0.00605 0.00439
v -0.32638 0.13721 -0.33498 0.01033 0.00605 0.00439
v -0.31910 0.12233 -0.35060 0.01033 0.00605 0.00439
v -0.30794 0.10253 -0.35196 0.01033 0.00605 0.00439
v -0.29813 0.08707 -0.33842 0.01033 0.00605 0.00439
v -0.29426 0.08319 -0.31632 0.01033 0.00605 0.00439
v -0.28402 0.08705 -0.31684 0.01033 0.00605 0.00439
v -0.28810 0.09706 -0.29547 0.01033 0.00605 0.00439
v -0.29842 0.11646 -0.28597 0.01033 0.00605 0.00439
v -0.31015 0.13619 -0.29278 0.01033 0.00605 0.00439
v -0.31780 0.14701 -0.31272 0.01033 0.00605 0.00439
v -0.31780 0.14385 -0.33645 0.01033 0.00605 0.00439
v -0.31015 0.12821 -0.35288 0.01033 0.00605 0.00439
v -0.29842 0.10739 -0.35431 0.01033 0.00605 0.00439
v -0.28810 0.09113 -0.34007 0.01033 0.00605 0.00439
v -0.28402 0.08705 -0.31684 0.01033 0.00605 0.00439
v -0.04115 0.22516 -0.33517 0.01033 0.00605 0.00439
v -0.04522 0.23516 -0.31381 0.01033 0.00605 0.00439
v -0.05554 0.25457 -0.30431 0.01033 0.00605 0.00439
v -0.06727 0.27429 -0.31112 0.01033 0.00605 0.00439
v -0.07493 0.28511 -0.33106 0.01033 0.00605 0.00439
v -0.07493 0.28196 -0.35479 0.01033 0.00605 0.00439
v -0.06727 0.26632 -0.37121 0.01033 0.00605 0.00439
v -0.05554 0.24549 -0.37264 0.01033 0.00605 0.00439
v -0.04522 0.22924 -0.35841 0.01033 0.00605 0.00439
v -0.04115 0.22516 -0.33517 0.01033 0.00605 0.00439
v -0.03262 0.23197 -0.33608 0.01033 0.00605 0.00439
v -0.03649 0.24148 -0.31576 0.01033 0.00605 0.00439
v -0.04630 0.25994 -0.30672 0.01033 0.00605 0.00439
v -0.05746 0.27870 -0.31320 0.01033 0.00605 0.00439
v -0.06474 0.28899 -0.33216 0.01033 0.00605 0.00439
v -0.06474 0.28599 -0.35473 0.01033 0.00605 0.00439
v -0.05746 0.27111 -0.37035 0.01033 0.00605 0.00439
v -0.04630 0.25131 -0.37171 0.01033 0.00605 0.00439
v -0.03649 0.23585 -0.35818 0.01033 0.00605 0.00439
v -0.03262 0.23197 -0.33608 0.01033 0.00605 0.00439
v -0.02663 0.24106 -0.33728 0.01033 0.00605 0.00439
v -0.02992 0.24915 -0.32000 0.01033 0.00605 0.00439
v -0.03827 0.26485 -0.31231 0.01033 0.00605 0.00439
v -0.04776 0.28081 -0.31782 0.01033 0.00605 0.00439
v -0.05396 0.28956 -0.33395 0.01033 0.00605 0.00439
v -0.05396 0.28701 -0.35315 0.01033 0.00605 0.00439
v -0.04776 0.27435 -0.36644 0.01033 0.00605 0.00439
v -0.03827 0.25751 -0.36760 0.01033 0.00605 0.00439
v -0.02992 0.24436 -0.35608 0.01033 0.00605 0.00439
v -0.02663 0.24106 -0.33728 0.01033 0.00605 0.00439
v -0.02376 0.25153 -0.33867 0.01033 0.00605 0.00439
v -0.02616 0.25741 -0.32611 0.01033 0.00605 0.00439
v -0.03222 0.26882 -0.32053 0.01033 0.00605 0.00439
v -0.03912 0.28041 -0.32454 0.01033 0.00605 0.00439
v -0.04362 0.28677 -0.33625 0.01033 0.00605 0.00439
v -0.04362 0.28492 -0.35020 0.01033 0.00605 0.00439
v -0.03912 0.27572 -0.35986 0.01033 0.00605 0.00439
v -0.03222 0.26349 -0.36070 0.01033 0.00605 0.00439
v -0.02616 0.25393 -0.35233 0.01033 0.00605 0.00439
v -0.02376 0.25153 -0.33867 0.01033 0.00605 0.00439
v -0.02431 0.26238 -0.34011 0.01033 0.00605 0.00439
v -0.02556 0.26547 -0.33351 0.01033 0.00605 0.00439
v -0.02875 0.27146 -0.33058 0.01033 0.00605 0.00439
v -0.03238 0.27756 -0.33268 0.01033 0.00605 0.00439
v -0.03474 0.28090 -0.33884 0.01033 0.00605 0.00439
v -0.03474 0.27993 -0.34618 0.01033 0.00605 0.00439
v -0.03238 0.27509 -0.35125 0.01033 0.00605 0.00439
v -0.02875 0.26866 -0.35169 0.01033 0.00605 0.00439
v -0.02556 0.26364 -0.34729 0.01033 0.00605 0.00439
v -0.02431 0.26238 -0.34011 0.01033 0.00605 0.00439
v -0.02820 0.27252 -0.34146 0.01033 0.00605 0.00439
v -0.02820 0.27252 -0.34146 0.01033 0.00605 0.00439
v -0.02820 0.27252 -0.34146 0.01033 0.00605 0.00439
v -0.02820 0.27252 -0.34146 0.01033 0.00605 0.00439
v -0.02820 0.27252 -0.34146 0.01033 0.00605 0.00439
v -0.02820 0.27252 -0.34146 0.01033 0.00605 0.00439
v -0.02820 0.27252 -0.34146 0.01033 0.00605 0.00439
v -0.02820 0.27252 -0.34146 0.01033 0.00605 0.00439
v -0.02820 0.27252 -0.34146 0.01033 0.00605 0.00439
v -0.02820 0.27252 -0.34146 0.01033 0.00605 0.00439
v -0.48446 0.00960 -0.36300 0.01033 0.00605 0.00439
v -0.48446 0.00960 -0.36300 0.01033 0.00605 0.00439
v -0.48446 0.00960 -0.36300 0.01033 0.00605 0.00439
v -0.48446 0.00960 -0.36300 0.01033 0.00605 0.00439
v -0.48446 0.00960 -0.36300 0.01033 0.00605 0.00439
v -0.48446 0.00960 -0.36300 0.01033 0.00605 0.00439
v -0.48446 0.00960 -0.36300 0.01033 0.00605 0.00439
v -0.48446 0.00960 -0.36300 0.01033 0.00605 0.00439
v -0.48446 0.00960 -0.36300 0.01033 0.00605 0.00439
v -0.48446 0.00960 -0.36300 0.01033 0.00605 0.00439
v -0.47587 0.00792 -0.36300 0.01033 0.00605 0.00439
v -0.47777 0.00862 -0.35744 0.01033 0.00605 0.00439
v -0.48258 0.01037 -0.35448 0.01033 0.00605 0.00439
v -0.48806 0.01237 -0.35551 0.01033 0.00605 0.00439
v -0.49163 0.01368 -0.36004 0.01033 0.00605 0.00439
v -0.49163 0.01368 -0.36596 0.01033 0.00605 0.00439
v -0.48806 0.01237 -0.37049 0.01033 0.00605 0.00439
v -0.48258 0.01037 -0.37152 0.01033 0.00605 0.00439
v -0.47777 0.00862 -0.36856 0.01033 0.00605 0.00439
v -0.47587 0.00792 -0.36300 0.01033 0.00605 0.00439
v -0.46717 0.00898 -0.36300 0.01033 0.00605 0.00439
v -0.47079 0.01030 -0.35242 0.01033 0.00605 0.00439
v -0.47995 0.01364 -0.34679 0.01033 0.00605 0.00439
v -0.49036 0.01745 -0.34875 0.01033 0.00605 0.00439
v -0.49716 0.01993 -0.35737 0.01033 0.00605 0.00439
v -0.49716 0.01993 -0.36863 0.01033 0.00605 0.00439
v -0.49036 0.01745 -0.37725 0.01033 0.00605 0.00439
v -0.47995 0.01364 -0.37921 0.01033 0.00605 0.00439
v -0.47079 0.01030 -0.37358 0.01033 0.00605 0.00439
v -0.46717 0.00898 -0.36300 0.01033 0.00605 0.00439
v -0.45923 0.01268 -0.36300 0.01033 0.00605 0.00439
v -0.46421 0.01449 -0.34844 0.01033 0.00605 0.00439
v -0.47681 0.01909 -0.34069 0.01033 0.00605 0.00439
v -0.49115 0.02433 -0.34338 0.01033 0.00605 0.00439
v -0.50050 0.02774 -0.35525 0.01033 0.00605 0.00439
v -0.50050 0.02774 -0.37075 0.01033 0.00605 0.00439
v -0.49115 0.02433 -0.38262 0.01033 0.00605 0.00439
v -0.47681 0.01909 -0.38531 0.01033 0.00605 0.00439
v -0.46421 0.01449 -0.37756 0.01033 0.00605 0.00439
v -0.45923 0.01268 -0.36300 0.01033 0.00605 0.00439
v -0.45282 0.01864 -0.36300 0.01033 0.00605 0.00439
v -0.45867 0.02078 -0.34588 0.01033 0.00605 0.00439
v -0.47349 0.02619 -0.33677 0.01033 0.00605 0.00439
v -0.49034 0.03234 -0.33994 0.01033 0.00605 0.00439
v -0.50134 0.03636 -0.35389 0.01033 0.00605 0.00439
v -0.50134 0.03636 -0.37211 0.01033 0.00605 0.00439
v -0.49034 0.03234 -0.38606 0.01033 0.00605 0.00439
v -0.47349 0.02619 -0.38923 0.01033 0.00605 0.00439
v -0.45867 0.02078 -0.38012 0.01033 0.00605 0.00439
v -0.45282 0.01864 -0.36300 0.01033 0.00605 0.00439
v -0.44856 0.02630 -0.36300 0.01033 0.00605 0.00439
v -0.45471 0.02855 -0.34500 0.01033 0.00605 0.00439
v -0.47030 0.03424 -0.33543 0.01033 0.00605 0.00439
v -0.48801 0.04070 -0.33875 0.01033 0.00605 0.00439
v -0.49958 0.04493 -0.35342 0.01033 0.00605 0.00439
v -0.49958 0.04493 -0.37258 0.01033 0.00605 0.00439
v -0.48801 0.04070 -0.38725 0.01033 0.00605 0.00439
v -0.47030 0.03424 -0.39057 0.01033 0.00605 0.00439
v -0.45471 0.02855 -0.38100 0.01033 0.00605 0.00439
v -0.44856 0.02630 -0.36300 0.01033 0.00605 0.00439
v -0.33883 0.32690 -0.36300 0.01033 0.00605 0.00439
v -0.34499 0.32915 -0.34500 0.01033 0.00605 0.00439
v -0.36057 0.33484 -0.33543 0.01033 0.00605 0.00439
v -0.37829 0.34130 -0.33875 0.01033 0.00605 0.00439
v -0.38985 0.34552 -0.35342 0.01033 0.00605 0.00439
v -0.38985 0.34552 -0.37258 0.01033 0.00605 0.00439
v -0.37829 0.34130 -0.38725 0.01033 0.00605 0.00439
v -0.36057 0.33484 -0.39057 0.01033 0.00605 0.00439
v -0.34499 0.32915 -0.38100 0.01033 0.00605 0.00439
v -0.33883 0.32690 -0.36300 0.01033 0.00605 0.00439
v -0.33715 0.33550 -0.36300 0.01033 0.00605 0.00439
v -0.34301 0.33764 -0.34588 0.01033 0.00605 0.00439
v -0.35783 0.34305 -0.33677 0.01033 0.00605 0.00439
v -0.37468 0.34920 -0.33994 0.01033 0.00605 0.00439
v -0.38568 0.35321 -0.35389 0.01033 0.00605 0.00439
v -0.38568 0.35321 -0.37211 0.01033 0.00605 0.00439
v -0.37468 0.34920 -0.38606 0.01033 0.00605 0.00439
v -0.35783 0.34305 -0.38923 0.01033 0.00605 0.00439
v -0.34301 0.33764 -0.38012 0.01033 0.00605 0.00439
v -0.33715 0.33550 -0.36300 0.01033 0.00605 0.00439
v -0.33821 0.34420 -0.36300 0.01033 0.00605 0.00439
v -0.34319 0.34601 -0.34844 0.01033 0.00605 0.00439
v -0.35580 0.35061 -0.34069 0.01033 0.00605 0.00439
v -0.37013 0.35585 -0.34338 0.01033 0.00605 0.00439
v -0.37949 0.35926 -0.35525 0.01033 0.00605 0.00439
v -0.37949 0.35926 -0.37075 0.01033 0.00605 0.00439
v -0.37013 0.35585 -0.38262 0.01033 0.00605 0.00439
v -0.35580 0.35061 -0.38531 0.01033 0.00605 0.00439
v -0.34319 0.34601 -0.37756 0.01033 0.00605 0.00439
v -0.33821 0.34420 -0.36300 0.01033 0.00605 0.00439
v -0.34191 0.35214 -0.36300 0.01033 0.00605 0.00439
v -0.34553 0.35346 -0.35242 0.01033 0.00605 0.00439
v -0.35468 0.35680 -0.34679 0.01033 0.00605 0.00439
v -0.36510 0.36060 -0.34875 0.01033 0.00605 0.00439
v -0.37190 0.36309 -0.35737 0.01033 0.00605 0.00439
v -0.37190 0.36309 -0.36863 0.01033 0.00605 0.00439
v -0.36510 0.36060 -0.37725 0.01033 0.00605 0.00439
v -0.35468 0.35680 -0.37921 0.01033 0.00605 0.00439
v -0.34553 0.35346 -0.37358 0.01033 0.00605 0.00439
v -0.34191 0.35214 -0.36300 0.01033 0.00605 0.00439
v -0.34788 0.35855 -0.36300 0.01033 0.00605 0.00439
v -0.34978 0.35925 -0.35744 0.01033 0.00605 0.00439
v -0.35459 0.36100 -0.35448 0.01033 0.00605 0.00439
v -0.36007 0.36300 -0.35551 0.01033 0.00605 0.00439
v -0.36364 0.36431 -0.36004 0.01033 0.00605 0.00439
v -0.36364 0.36431 -0.36596 0.01033 0.00605 0.00439
v -0.36007 0.36300 -0.37049 0.01033 0.00605 0.00439
v -0.35459 0.36100 -0.37152 0.01033 0.00605 0.00439
v -0.34978 0.35925 -0.36856 0.01033 0.00605 0.00439
v -0.34788 0.35855 -0.36300 0.01033 0.00605 0.00439
v -0.35554 0.36281 -0.36300 0.01033 0.00605 0.00439
v -0.35554 0.36281 -0.36300 0.01033 0.00605 0.00439
v -0.35554 0.36281 -0.36300 0.01033 0.00605 0.00439
v -0.35554 0.36281 -0.36300 0.01033 0.00605 0.00439
v -0.35554 0.36281 -0.36300 0.01033 0.00605 0.00439
v -0.35554 0.36281 -0.36300 0.01033 0.00605 0.00439
v -0.35554 0.36281 -0.36300 0.01033 0.00605 0.00439
v -0.35554 0.36281 -0.36300 0.01033 0.00605 0.00439
v -0.35554 0.36281 -0.36300 0.01033 0.00605 0.00439
v -0.35554 0.36281 -0.36300 0.01033 0.00605 0.00439
v -0.33180 0.09921 -0.10617 0.01033 0.00605 0.00439
v -0.33180 0.09921 -0.10617 0.01033 0.00605 0.00439
v -0.33180 0.09921 -0.10617 0.01033 0.00605 0.00439
v -0.33180 0.09921 -0.10617 0.01033 0.00605 0.00439
v -0.33180 0.09921 -0.10617 0.01033 0.00605 0.00439
v -0.33180 0.09921 -0.10617 0.01033 0.00605 0.00439
v -0.33180 0.09921 -0.10617 0.01033 0.00605 0.00439
v -0.33180 0.09921 -0.10617 0.01033 0.00605 0.00439
v -0.33180 0.09921 -0.10617 0.01033 0.00605 0.00439
v -0.33180 0.09921 -0.10617 0.01033 0.00605 0.00439
v -0.32493 0.09069 -0.10579 0.01033 0.00605 0.00439
v -0.32619 0.09319 -0.09895 0.01033 0.00605 0.00439
v -0.32938 0.09891 -0.09549 0.01033 0.00605 0.00439
v -0.33300 0.10516 -0.09706 0.01033 0.00605 0.00439
v -0.33537 0.10903 -0.10290 0.01033 0.00605 0.00439
v -0.33537 0.10871 -0.11029 0.01033 0.00605 0.00439
v -0.33300 0.10434 -0.11577 0.01033 0.00605 0.00439
v -0.32938 0.09797 -0.11678 0.01033 0.00605 0.00439
v -0.32619 0.09258 -0.11284 0.01033 0.00605 0.00439
v -0.32493 0.09069 -0.10579 0.01033 0.00605 0.00439
v -0.31576 0.08471 -0.10553 0.01033 0.00605 0.00439
v -0.31816 0.08946 -0.09250 0.01033 0.00605 0.00439
v -0.32422 0.10033 -0.08594 0.01033 0.00605 0.00439
v -0.33112 0.11223 -0.08891 0.01033 0.00605 0.00439
v -0.33562 0.11960 -0.10002 0.01033 0.00605 0.00439
v -0.33562 0.11898 -0.11408 0.01033 0.00605 0.00439
v -0.33112 0.11067 -0.12451 0.01033 0.00605 0.00439
v -0.32422 0.09855 -0.12642 0.01033 0.00605 0.00439
v -0.31816 0.08830 -0.11893 0.01033 0.00605 0.00439
v -0.31576 0.08471 -0.10553 0.01033 0.00605 0.00439
v -0.30520 0.08185 -0.10541 0.01033 0.00605 0.00439
v -0.30849 0.08839 -0.08747 0.01033 0.00605 0.00439
v -0.31684 0.10335 -0.07844 0.01033 0.00605 0.00439
v -0.32633 0.11973 -0.08253 0.01033 0.00605 0.00439
v -0.33252 0.12987 -0.09783 0.01033 0.00605 0.00439
v -0.33252 0.12902 -0.11718 0.01033 0.00605 0.00439
v -0.32633 0.11757 -0.13152 0.01033 0.00605 0.00439
v -0.31684 0.10090 -0.13416 0.01033 0.00605 0.00439
v -0.30849 0.08679 -0.12384 0.01033 0.00605 0.00439
v -0.30520 0.08185 -0.10541 0.01033 0.00605 0.00439
v -0.29426 0.08239 -0.10543 0.01033 0.00605 0.00439
v -0.29813 0.09008 -0.08435 0.01033 0.00605 0.00439
v -0.30794 0.10767 -0.07373 0.01033 0.00605 0.00439
v -0.31910 0.12693 -0.07853 0.01033 0.00605 0.00439
v -0.32638 0.13884 -0.09652 0.01033 0.00605 0.00439
v -0.32638 0.13784 -0.11927 0.01033 0.00605 0.00439
v -0.31910 0.12439 -0.13613 0.01033 0.00605 0.00439
v -0.30794 0.10478 -0.13923 0.01033 0.00605 0.00439
v -0.29813 0.08820 -0.12710 0.01033 0.00605 0.00439
v -0.29426 0.08239 -0.10543 0.01033 0.00605 0.00439
v -0.28402 0.08628 -0.10560 0.01033 0.00605 0.00439
v -0.28810 0.09437 -0.08344 0.01033 0.00605 0.00439
v -0.29842 0.11286 -0.07227 0.01033 0.00605 0.00439
v -0.31015 0.13311 -0.07732 0.01033 0.00605 0.00439
v -0.31780 0.14564 -0.09623 0.01033 0.00605 0.00439
v -0.31780 0.14459 -0.12015 0.01033 0.00605 0.00439
v -0.31015 0.13044 -0.13789 0.01033 0.00605 0.00439
v -0.29842 0.10983 -0.14114 0.01033 0.00605 0.00439
v -0.28810 0.09239 -0.12839 0.01033 0.00605 0.00439
v -0.28402 0.08628 -0.10560 0.01033 0.00605 0.00439
v -0.04115 0.22547 -0.11173 0.01033 0.00605 0.00439
v -0.04522 0.23355 -0.08957 0.01033 0.00605 0.00439
v -0.05554 0.25205 -0.07840 0.01033 0.00605 0.00439
v -0.06727 0.27229 -0.08345 0.01033 0.00605 0.00439
v -0.07493 0.28482 -0.10236 0.01033 0.00605 0.00439
v -0.07493 0.28377 -0.12628 0.01033 0.00605 0.00439
v -0.06727 0.26963 -0.14401 0.01033 0.00605 0.00439
v -0.05554 0.24901 -0.14727 0.01033 0.00605 0.00439
v -0.04522 0.23157 -0.13452 0.01033 0.00605 0.00439
v -0.04115 0.22547 -0.11173 0.01033 0.00605 0.00439
v -0.03262 0.23233 -0.11203 0.01033 0.00605 0.00439
v -0.03649 0.24002 -0.09095 0.01033 0.00605 0.00439
v -0.04630 0.25760 -0.08033 0.01033 0.00605 0.00439
v -0.05746 0.27686 -0.08514 0.01033 0.00605 0.00439
v -0.06474 0.28878 -0.10312 0.01033 0.00605 0.00439
v -0.06474 0.28778 -0.12587 0.01033 0.00605 0.00439
v -0.05746 0.27433 -0.14274 0.01033 0.00605 0.00439
v -0.04630 0.25472 -0.14583 0.01033 0.00605 0.00439
v -0.03649 0.23813 -0.13370 0.01033 0.00605 0.00439
v -0.03262 0.23233 -0.11203 0.01033 0.00605 0.00439
v -0.02663 0.24148 -0.11243 0.01033 0.00605 0.00439
v -0.02992 0.24803 -0.09450 0.01033 0.00605 0.00439
v -0.03827 0.26299 -0.08547 0.01033 0.00605 0.00439
v -0.04776 0.27937 -0.08956 0.01033 0.00605 0.00439
v -0.05396 0.28951 -0.10485 0.01033 0.00605 0.00439
v -0.05396 0.28865 -0.12420 0.01033 0.00605 0.00439
v -0.04776 0.27721 -0.13855 0.01033 0.00605 0.00439
v -0.03827 0.26053 -0.14119 0.01033 0.00605 0.00439
v -0.02992 0.24642 -0.13087 0.01033 0.00605 0.00439
v -0.02663 0.24148 -0.11243 0.01033 0.00605 0.00439
v -0.02376 0.25204 -0.11290 0.01033 0.00605 0.00439
v -0.02616 0.25680 -0.09987 0.01033 0.00605 0.00439
v -0.03222 0.26767 -0.09331 0.01033 0.00605 0.00439
v -0.03912 0.27957 -0.09628 0.01033 0.00605 0.00439
v -0.04362 0.28693 -0.10739 0.01033 0.00605 0.00439
v -0.04362 0.28631 -0.12145 0.01033 0.00605 0.00439
v -0.03912 0.27800 -0.13188 0.01033 0.00605 0.00439
v -0.03222 0.26588 -0.13379 0.01033 0.00605 0.00439
v -0.02616 0.25563 -0.12629 0.01033 0.00605 0.00439
v -0.02376 0.25204 -0.11290 0.01033 0.00605 0.00439
v -0.02431 0.26297 -0.11338 0.01033 0.00605 0.00439
v -0.02556 0.26547 -0.10653 0.01033 0.00605 0.00439
v -0.02875 0.27118 -0.10308 0.01033 0.00605 0.00439
v -0.03238 0.27744 -0.10464 0.01033 0.00605 0.00439
v -0.03474 0.28131 -0.11048 0.01033 0.00605 0.00439
v -0.03474 0.28099 -0.11788 0.01033 0.00605 0.00439
v -0.03238 0.27662 -0.12336 0.01033 0.00605 0.00439
v -0.02875 0.27025 -0.12436 0.01033 0.00605 0.00439
v -0.02556 0.26486 -0.12042 0.01033 0.00605 0.00439
v -0.02431 0.26297 -0.11338 0.01033 0.00605 0.00439
v -0.02820 0.27319 -0.11383 0.01033 0.00605 0.00439
v -0.02820 0.27319 -0.11383 0.01033 0.00605 0.00439
v -0.02820 0.27319 -0.11383 0.01033 0.00605 0.00439
v -0.02820 0.27319 -0.11383 0.01033 0.00605 0.00439
v -0.02820 0.27319 -0.11383 0.01033 0.00605 0.00439
v -0.02820 0.27319 -0.11383 0.01033 0.00605 0.00439
v -0.02820 0.27319 -0.11383 0.01033 0.00605 0.00439
v -0.02820 0.27319 -0.11383 0.01033 0.00605 0.00439
v -0.02820 0.27319 -0.11383 0.01033 0.00605 0.00439
v -0.02820 0.27319 -0.11383 0.01033 0.00605 0.00439
v -0.48446 0.00960 -0.12100 0.01033 0.00605 0.00439
v -0.48446 0.00960 -0.12100 0.01033 0.00605 0.00439
v -0.48446 0.00960 -0.12100 0.01033 0.00605 0.00439
v -0.48446 0.00960 -0.12100 0.01033 0.00605 0.00439
v -0.48446 0.00960 -0.12100 0.01033 0.00605 0.00439
v -0.48446 0.00960 -0.12100 0.01033 0.00605 0.00439
v -0.48446 0.00960 -0.12100 0.01033 0.00605 0.00439
v -0.48446 0.00960 -0.12100 0.01033 0.00605 0.00439
v -0.48446 0.00960 -0.12100 0.01033 0.00605 0.00439
v -0.48446 0.00960 -0.12100 0.01033 0.00605 0.00439
v -0.47587 0.00792 -0.12100 0.01033 0.00605 0.00439
v -0.47777 0.00862 -0.11544 0.01033 0.00605 0.00439
v -0.48258 0.01037 -0.11248 0.01033 0.00605 0.00439
v -0.48806 0.01237 -0.11351 0.01033 0.00605 0.00439
v -0.49163 0.01368 -0.11804 0.01033 0.00605 0.00439
v -0.49163 0.01368 -0.12396 0.01033 0.00605 0.00439
v -0.48806 0.01237 -0.12849 0.01033 0.00605 0.00439
v -0.48258 0.01037 -0.12952 0.01033 0.00605 0.00439
v -0.47777 0.00862 -0.12656 0.01033 0.00605 0.00439
v -0.47587 0.00792 -0.12100 0.01033 0.00605 0.00439
v -0.46717 0.00898 -0.12100 0.01033 0.00605 0.00439
v -0.47079 0.01030 -0.11042 0.01033 0.00605 0.00439
v -0.47995 0.01364 -0.10479 0.01033 0.00605 0.00439
v -0.49036 0.01745 -0.10675 0.01033 0.00605 0.00439
v -0.49716 0.01993 -0.11537 0.01033 0.00605 0.00439
v -0.49716 0.01993 -0.12663 0.01033 0.00605 0.00439
v -0.49036 0.01745 -0.13525 0.01033 0.00605 0.00439
v -0.47995 0.01364 -0.13721 0.01033 0.00605 0.00439
v -0.47079 0.01030 -0.13158 0.01033 0.00605 0.00439
v -0.46717 0.00898 -0.12100 0.01033 0.00605 0.00439
v -0.45923 0.01268 -0.12100 0.01033 0.00605 0.00439
v -0.46421 0.01449 -0.10644 0.01033 0.00605 0.00439
v -0.47681 0.01909 -0.09869 0.01033 0.00605 0.00439
v -0.49115 0.02433 -0.10138 0.01033 0.00605 0.00439
v -0.50050 0.02774 -0.11325 0.01033 0.00605 0.00439
v -0.50050 0.02774 -0.12875 0.01033 0.00605 0.00439
v -0.49115 0.02433 -0.14062 0.01033 0.00605 0.00439
v -0.47681 0.01909 -0.14331 0.01033 0.00605 0.00439
v -0.46421 0.01449 -0.13556 0.01033 0.00605 0.00439
v -0.45923 0.01268 -0.12100 0.01033 0.00605 0.00439
v -0.45282 0.01864 -0.12100 0.01033 0.00605 0.00439
v -0.45867 0.02078 -0.10388 0.01033 0.00605 0.00439
v -0.47349 0.02619 -0.09477 0.01033 0.00605 0.00439
v -0.49034 0.03234 -0.09794 0.01033 0.00605 0.00439
v -0.50134 0.03636 -0.11189 0.01033 0.00605 0.00439
v -0.50134 0.03636 -0.13011 0.01033 0.00605 0.00439
v -0.49034 0.03234 -0.14406 0.01033 0.00605 0.00439
v -0.47349 0.02619 -0.14723 0.01033 0.00605 0.00439
v -0.45867 0.02078 -0.13812 0.01033 0.00605 0.00439
v -0.45282 0.01864 -0.12100 0.01033 0.00605 0.00439
v -0.44856 0.02630 -0.12100 0.01033 0.00605 0.00439
v -0.45471 0.02855 -0.10300 0.01033 0.00605 0.00439
v -0.47030 0.03424 -0.09343 0.01033 0.00605 0.00439
v -0.48801 0.04070 -0.09675 0.01033 0.00605 0.00439
v -0.49958 0.04493 -0.11142 0.01033 0.00605 0.00439
v -0.49958 0.04493 -0.13058 0.01033 0.00605 0.00439
v -0.48801 0.04070 -0.14525 0.01033 0.00605 0.00439
v -0.47030 0.03424 -0.14857 0.01033 0.00605 0.00439
v -0.45471 0.02855 -0.13900 0.01033 0.00605 0.00439
v -0.44856 0.02630 -0.12100 0.01033 0.00605 0.00439
v -0.33883 0.32690 -0.12100 0.01033 0.00605 0.00439
v -0.34499 0.32915 -0.10300 0.01033 0.00605 0.00439
v -0.36057 0.33484 -0.09343 0.01033 0.00605 0.00439
v -0.37829 0.34130 -0.09675 0.01033 0.00605 0.00439
v -0.38985 0.34552 -0.11142 0.01033 0.00605 0.00439
v -0.38985 0.34552 -0.13058 0.01033 0.00605 0.00439
v -0.37829 0.34130 -0.14525 0.01033 0.00605 0.00439
v -0.36057 0.33484 -0.14857 0.01033 0.00605 0.00439
v -0.34499 0.32915 -0.13900 0.01033 0.00605 0.00439
v -0.33883 0.32690 -0.12100 0.01033 0.00605 0.00439
v -0.33715 0.33550 -0.12100 0.01033 0.00605 0.00439
v -0.34301 0.33764 -0.10388 0.01033 0.00605 0.00439
v -0.35783 0.34305 -0.09477 0.01033 0.00605 0.00439
v -0.37468 0.34920 -0.09794 0.01033 0.00605 0.00439
v -0.38568 0.35321 -0.11189 0.01033 0.00605 0.00439
v -0.38568 0.35321 -0.13011 0.01033 0.00605 0.00439
v -0.37468 0.34920 -0.14406 0.01033 0.00605 0.00439
v -0.35783 0.34305 -0.14723 0.01033 0.00605 0.00439
v -0.34301 0.33764 -0.13812 0.01033 0.00605 0.00439
v -0.33715 0.33550 -0.12100 0.01033 0.00605 0.00439
v -0.33821 0.34420 -0.12100 0.01033 0.00605 0.00439
v -0.34319 0.34601 -0.10644 0.01033 0.00605 0.00439
v -0.35580 0.35061 -0.09869 0.01033 0.00605 0.00439
v -0.37013 0.35585 -0.10138 0.01033 0.00605 0.00439
v -0.37949 0.35926 -0.11325 0.01033 0.00605 0.00439
v -0.37949 0.35926 -0.12875 0.01033 0.00605 0.00439
v -0.37013 0.35585 -0.14062 0.01033 0.00605 0.00439
v -0.35580 0.35061 -0.14331 0.01033 0.00605 0.00439
v -0.34319 0.34601 -0.13556 0.01033 0.00605 0.00439
v -0.33821 0.34420 -0.12100 0.01033 0.00605 0.00439
v -0.34191 0.35214 -0.12100 0.01033 0.00605 0.00439
v -0.34553 0.35346 -0.11042 0.01033 0.00605 0.00439
v -0.35468 0.35680 -0.10479 0.01033 0.00605 0.00439
v -0.36510 0.36060 -0.10675 0.01033 0.00605 0.00439
v -0.37190 0.36309 -0.11537 0.01033 0.00605 0.00439
v -0.37190 0.36309 -0.12663 0.01033 0.00605 0.00439
v -0.36510 0.36060 -0.13525 0.01033 0.00605 0.00439
v -0.35468 0.35680 -0.13721 0.01033 0.00605 0.00439
v -0.34553 0.35346 -0.13158 0.01033 0.00605 0.00439
v -0.34191 0.35214 -0.12100 0.01033 0.00605 0.00439
v -0.34788 0.35855 -0.12100 0.01033 0.00605 0.00439
v -0.34978 0.35925 -0.11544 0.01033 0.00605 0.00439
v -0.35459 0.36100 -0.11248 0.01033 0.00605 0.00439
v -0.36007 0.36300 -0.11351 0.01033 0.00605 0.00439
v -0.36364 0.36431 -0.11804 0.01033 0.00605 0.00439
v -0.36364 0.36431 -0.12396 0.01033 0.00605 0.00439
v -0.36007 0.36300 -0.12849 0.01033 0.00605 0.00439
v -0.35459 0.36100 -0.12952 0.01033 0.00605 0.00439
v -0.34978 0.35925 -0.12656 0.01033 0.00605 0.00439
v -0.34788 0.35855 -0.12100 0.01033 0.00605 0.00439
v -0.35554 0.36281 -0.12100 0.01033 0.00605 0.00439
v -0.35554 0.36281 -0.12100 0.01033 0.00605 0.00439
v -0.35554 0.36281 -0.12100 0.01033 0.00605 0.00439
v -0.35554 0.36281 -0.12100 0.01033 0.00605 0.00439
v -0.35554 0.36281 -0.12100 0.01033 0.00605 0.00439
v -0.35554 0.36281 -0.12100 0.01033 0.00605 0.00439
v -0.35554 0.36281 -0.12100 0.01033 0.00605 0.00439
v -0.35554 0.36281 -0.12100 0.01033 0.00605 0.00439
v -0.35554 0.36281 -0.12100 0.01033 0.00605 0.00439
v -0.35554 0.36281 -0.12100 0.01033 0.00605 0.00439
v -0.33180 0.09921 0.10617 0.01033 0.00605 0.00439
v -0.33180 0.09921 0.10617 0.01033 0.00605 0.00439
v -0.33180 0.09921 0.10617 0.01033 0.00605 0.00439
v -0.33180 0.09921 0.10617 0.01033 0.00605 0.00439
v -0.33180 0.09921 0.10617 0.01033 0.00605 0.00439
v -0.33180 0.09921 0.10617 0.01033 0.00605 0.00439
v -0.33180 0.09921 0.10617 0.01033 0.00605 0.00439
v -0.33180 0.09921 0.10617 0.01033 0.00605 0.00439
v -0.33180 0.09921 0.10617 0.01033 0.00605 0.00439
v -0.33180 0.09921 0.10617 0.01033 0.00605 0.00439
v -0.32493 0.09069 0.10579 0.01033 0.00605 0.00439
v -0.32619 0.09258 0.11284 0.01033 0.00605 0.00439
v -0.32938 0.09797 0.11678 0.01033 0.00605 0.00439
v -0.33300 0.10434 0.11577 0.01033 0.00605 0.00439
v -0.33537 0.10871 0.11029 0.01033 0.00605 0.00439
v -0.33537 0.10903 0.10290 0.01033 0.00605 0.00439
v -0.33300 0.10516 0.09706 0.01033 0.00605 0.00439
v -0.32938 0.09891 0.09549 0.01033 0.00605 0.00439
v -0.32619 0.09319 0.09895 0.01033 0.00605 0.00439
v -0.32493 0.09069 0.10579 0.01033 0.00605 0.00439
v -0.31576 0.08471 0.10553 0.01033 0.00605 0.00439
v -0.31816 0.08830 0.11893 0.01033 0.00605 0.00439
v -0.32422 0.09855 0.12642 0.01033 0.00605 0.00439
v -0.33112 0.11067 0.12451 0.01033 0.00605 0.00439
v -0.33562 0.11898 0.11408 0.01033 0.00605 0.00439
v -0.33562 0.11960 0.10002 0.01033 0.00605 0.00439
v -0.33112 0.11223 0.08891 0.01033 0.00605 0.00439
v -0.32422 0.10033 0.08594 0.01033 0.00605 0.00439
v -0.31816 0.08946 0.09250 0.01033 0.00605 0.00439
v -0.31576 0.08471 0.10553 0.01033 0.00605 0.00439
v -0.30520 0.08185 0.10541 0.01033 0.00605 0.00439
v -0.30849 0.08679 0.12384 0.01033 0.00605 0.00439
v -0.31684 0.10090 0.13416 0.01033 0.00605 0.00439
v -0.32633 0.11757 0.13152 0.01033 0.00605 0.00439
v -0.33252 0.12902 0.11718 0.01033 0.00605 0.00439
v -0.33252 0.12987 0.09783 0.01033 0.00605 0.00439
v -0.32633 0.11973 0.08253 0.01033 0.00605 0.00439
v -0.31684 0.10335 0.07844 0.01033 0.00605 0.00439
v -0.30849 0.08839 0.08747 0.01033 0.00605 0.00439
v -0.30520 0.08185 0.10541 0.01033 0.00605 0.00439
v -0.29426 0.08239 0.10543 0.01033 0.00605 0.00439
v -0.29813 0.08820 0.12710 0.01033 0.00605 0.00439
v -0.30794 0.10478 0.13923 0.01033 0.00605 0.00439
v -0.31910 0.12439 0.13613 0.01033 0.00605 0.00439
v -0.32638 0.13784 0.11927 0.01033 0.00605 0.00439
v -0.32638 0.13884 0.09652 0.01033 0.00605 0.00439
v -0.31910 0.12693 0.07853 0.01033 0.00605 0.00439
v -0.30794 0.10767 0.07373 0.01033 0.00605 0.00439
v -0.29813 0.09008 0.08435 0.01033 0.00605 0.00439
v -0.29426 0.08239 0.10543 0.01033 0.00605 0.00439
v -0.28402 0.08628 0.10560 0.01033 0.00605 0.00439
v -0.28810 0.09239 0.12839 0.01033 0.00605 0.00439
v -0.29842 0.10983 0.14114 0.01033 0.00605 0.00439
v -0.31015 0.13044 0.13789 0.01033 0.00605 0.00439
v -0.31780 0.14459 0.12015 0.01033 0.00605 0.00439
v -0.31780 0.14564 0.09623 0.01033 0.00605 0.00439
v -0.31015 0.13311 0.07732 0.01033 0.00605 0.00439
v -0.29842 0.11286 0.07227 0.01033 0.00605 0.00439
v -0.28810 0.09437 0.08344 0.01033 0.00605 0.00439
v -0.28402 0.08628 0.10560 0.01033 0.00605 0.00439
v -0.04115 0.22547 0.11173 0.01033 0.00605 0.00439
v -0.04522 0.23157 0.13452 0.01033 0.00605 0.00439
v -0.05554 0.24901 0.14727 0.01033 0.00605 0.00439
v -0.06727 0.26963 0.14401 0.01033 0.00605 0.00439
v -0.07493 0.28377 0.12628 0.01033 0.00605 0.00439
v -0.07493 0.28482 0.10236 0.01033 0.00605 0.00439
v -0.06727 0.27229 0.08345 0.01033 0.00605 0.00439
v -0.05554 0.25205 0.07840 0.01033 0.00605 0.00439
v -0.04522 0.23355 0.08957 0.01033 0.00605 0.00439
v -0.04115 0.22547 0.11173 0.01033 0.00605 0.00439
v -0.03262 0.23233 0.11203 0.01033 0.00605 0.00439
v -0.03649 0.23813 0.13370 0.01033 0.00605 0.00439
v -0.04630 0.25472 0.14583 0.01033 0.00605 0.00439
v -0.05746 0.27433 0.14274 0.01033 0.00605 0.00439
v -0.06474 0.28778 0.12587 0.01033 0.00605 0.00439
v -0.06474 0.28878 0.10312 0.01033 0.00605 0.00439
v -0.05746 0.27686 0.08514 0.01033 0.00605 0.00439
v -0.04630 0.25760 0.08033 0.01033 0.00605 0.00439
v -0.03649 0.24002 0.09095 0.01033 0.00605 0.00439
v -0.03262 0.23233 0.11203 0.01033 0.00605 0.00439
v -0.02663 0.24148 0.11243 0.01033 0.00605 0.00439
v -0.02992 0.24642 0.13087 0.01033 0.00605 0.00439
v -0.03827 0.26053 0.14119 0.01033 0.00605 0.00439
v -0.04776 0.27721 0.13855 0.01033 0.00605 0.00439
v -0.05396 0.28865 0.12420 0.01033 0.00605 0.00439
v -0.05396 0.28951 0.10485 0.01033 0.00605 0.00439
v -0.04776 0.27937 0.08956 0.01033 0.00605 0.00439
v -0.03827 0.26299 0.08547 0.01033 0.00605 0.00439
v -0.02992 0.24803 0.09450 0.01033 0.00605 0.00439
v -0.02663 0.24148 0.11243 0.01033 0.00605 0.00439
v -0.02376 0.25204 0.11290 0.01033 0.00605 0.00439
v -0.02616 0.25563 0.12629 0.01033 0.00605 0.00439
v -0.03222 0.26588 0.13379 0.01033 0.00605 0.00439
v -0.03912 0.27800 0.13188 0.01033 0.00605 0.00439
v -0.04362 0.28631 0.12145 0.01033 0.00605 0.00439
v -0.04362 0.28693 0.10739 0.01033 0.00605 0.00439
v -0.03912 0.27957 0.09628 0.01033 0.00605 0.00439
v -0.03222 0.26767 0.09331 0.01033 0.00605 0.00439
v -0.02616 0.25680 0.09987 0.01033 0.00605 0.00439
v -0.02376 0.25204 0.11290 0.01033 0.00605 0.00439
v -0.02431 0.26297 0.11338 0.01033 0.00605 0.00439
v -0.02556 0.26486 0.12042 0.01033 0.00605 0.00439
v -0.02875 0.27025 0.12436 0.01033 0.00605 0.00439
v -0.03238 0.27662 0.12336 0.01033 0.00605 0.00439
v -0.03474 0.28099 0.11788 0.01033 0.00605 0.00439
v -0.03474 0.28131 0.11048 0.01033 0.00605 0.00439
v -0.03238 0.27744 0.10464 0.01033 0.00605 0.00439
v -0.02875 0.27118 0.10308 0.01033 0.00605 0.00439
v -0.02556 0.26547 0.10653 0.01033 0.00605 0.00439
v -0.02431 0.26297 0.11338 0.01033 0.00605 0.00439
v -0.02820 0.27319 0.11383 0.01033 0.00605 0.00439
v -0.02820 0.27319 0.11383 0.01033 0.00605 0.00439
v -0.02820 0.27319 0.11383 0.01033 0.00605 0.00439
v -0.02820 0.27319 0.11383 0.01033 0.00605 0.00439
v -0.02820 0.27319 0.11383 0.01033 0.00605 0.00439
v -0.02820 0.27319 0.11383 0.01033 0.00605 0.00439
v -0.02820 0.27319 0.11383 0.01033 0.00605 0.00439
v -0.02820 0.27319 0.11383 0.01033 0.00605 0.00439
v -0.02820 0.27319 0.11383 0.01033 0.00605 0.00439
v -0.02820 0.27319 0.11383 0.01033 0.00605 0.00439
v -0.48446 0.00960 0.12100 0.01033 0.00605 0.00439
v -0.48446 0.00960 0.12100 0.01033 0.00605 0.00439
v -0.48446 0.00960 0.12100 0.01033 0.00605 0.00439
v -0.48446 0.00960 0.12100 0.01033 0.00605 0.00439
v -0.48446 0.00960 0.12100 0.01033 0.00605 0.00439
v -0.48446 0.00960 0.12100 0.01033 0.00605 0.00439
v -0.48446 0.00960 0.12100 0.01033 0.00605 0.00439
v -0.48446 0.00960 0.12100 0.01033 0.00605 0.00439
v -0.48446 0.00960 0.12100 0.01033 0.00605 0.00439
v -0.48446 0.00960 0.12100 0.01033 0.00605 0.00439
v -0.47587 0.00792 0.12100 0.01033 0.00605 0.00439
v -0.47777 0.00862 0.12656 0.01033 0.00605 0.00439
v -0.48258 0.01037 0.12952 0.01033 0.00605 0.00439
v -0.48806 0.01237 0.12849 0.01033 0.00605 0.00439
v -0.49163 0.01368 0.12396 0.01033 0.00605 0.00439
v -0.49163 0.01368 0.11804 0.01033 0.00605 0.00439
v -0.48806 0.01237 0.11351 0.01033 0.00605 0.00439
v -0.48258 0.01037 0.11248 0.01033 0.00605 0.00439
v -0.47777 0.00862 0.11544 0.01033 0.00605 0.00439
v -0.47587 0.00792 0.12100 0.01033 0.00605 0.00439
v -0.46717 0.00898 0.12100 0.01033 0.00605 0.00439
v -0.47079 0.01030 0.13158 0.01033 0.00605 0.00439
v -0.47995 0.01364 0.13721 0.01033 0.00605 0.00439
v -0.49036 0.01745 0.13525 0.01033 0.00605 0.00439
v -0.49716 0.01993 0.12663 0.01033 0.00605 0.00439
v -0.49716 0.01993 0.11537 0.01033 0.00605 0.00439
v -0.49036 0.01745 0.10675 0.01033 0.00605 0.00439
v -0.47995 0.01364 0.10479 0.01033 0.00605 0.00439
v -0.47079 0.01030 0.11042 0.01033 0.00605 0.00439
v -0.46717 0.00898 0.12100 0.01033 0.00605 0.00439
v -0.45923 0.01268 0.12100 0.01033 0.00605 0.00439
v -0.46421 0.01449 0.13556 0.01033 0.00605 0.00439
v -0.47681 0.01909 0.14331 0.01033 0.00605 0.00439
v -0.49115 0.02433 0.14062 0.01033 0.00605 0.00439
v -0.50050 0.02774 0.12875 0.01033 0.00605 0.00439
v -0.50050 0.02774 0.11325 0.01033 0.00605 0.00439
v -0.49115 0.02433 0.10138 0.01033 0.00605 0.00439
v -0.47681 0.01909 0.09869 0.01033 0.00605 0.00439
v -0.46421 0.01449 0.10644 0.01033 0.00605 0.00439
v -0.45923 0.01268 0.12100 0.01033 0.00605 0.00439
v -0.45282 0.01864 0.12100 0.01033 0.00605 0.00439
v -0.45867 0.02078 0.13812 0.01033 0.00605 0.00439
v -0.47349 0.02619 0.14723 0.01033 0.00605 0.00439
v -0.49034 0.03234 0.14406 0.01033 0.00605 0.00439
v -0.50134 0.03636 0.13011 0.01033 0.00605 0.00439
v -0.50134 0.03636 0.11189 0.01033 0.00605 0.00439
v -0.49034 0.03234 0.09794 0.01033 0.00605 0.00439
v -0.47349 0.02619 0.09477 0.01033 0.00605 0.00439
v -0.45867 0.02078 0.10388 0.01033 0.00605 0.00439
v -0.45282 0.01864 0.12100 0.01033 0.00605 0.00439
v -0.44856 0.02630 0.12100 0.01033 0.00605 0.00439
v -0.45471 0.02855 0.13900 0.01033 0.00605 0.00439
v -0.47030 0.03424 0.14857 0.01033 0.00605 0.00439
v -0.48801 0.04070 0.14525 0.01033 0.00605 0.00439
v -0.49958 0.04493 0.13058 0.01033 0.00605 0.00439
v -0.49958 0.04493 0.11142 0.01033 0.00605 0.00439
v -0.48801 0.04070 0.09675 0.01033 0.00605 0.00439
v -0.47030 0.03424 0.09343 0.01033 0.00605 0.00439
v -0.45471 0.02855 0.10300 0.01033 0.00605 0.00439
v -0.44856 0.02630 0.12100 0.01033 0.00605 0.00439
v -0.33883 0.32690 0.12100 0.01033 0.00605 0.00439
v -0.34499 0.32915 0.13900 0.01033 0.00605 0.00439
v -0.36057 0.33484 0.14857 0.01033 0.00605 0.00439
v -0.37829 0.34130 0.14525 0.01033 0.00605 0.00439
v -0.38985 0.34552 0.13058 0.01033 0.00605 0.00439
v -0.38985 0.34552 0.11142 0.01033 0.00605 0.00439
v -0.37829 0.34130 0.09675 0.01033 0.00605 0.00439
v -0.36057 0.33484 0.09343 0.01033 0.00605 0.00439
v -0.34499 0.32915 0.10300 0.01033 0.00605 0.00439
v -0.33883 0.32690 0.12100 0.01033 0.00605 0.00439
v -0.33715 0.33550 0.12100 0.01033 0.00605 0.00439
v -0.34301 0.33764 0.13812 0.01033 0.00605 0.00439
v -0.35783 0.34305 0.14723 0.01033 0.00605 0.00439
v -0.37468 0.34920 0.14406 0.01033 0.00605 0.00439
v -0.38568 0.35321 0.13011 0.01033 0.00605 0.00439
v -0.38568 0.35321 0.11189 0.01033 0.00605 0.00439
v -0.37468 0.34920 0.09794 0.01033 0.00605 0.00439
v -0.35783 0.34305 0.09477 0.01033 0.00605 0.00439
v -0.34301 0.33764 0.10388 0.01033 0.00605 0.00439
v -0.33715 0.33550 0.12100 0.01033 0.00605 0.00439
v -0.33821 0.34420 0.12100 0.01033 0.00605 0.00439
v -0.34319 0.34601 0.13556 0.01033 0.00605 0.00439
v -0.35580 0.35061 0.14331 0.01033 0.00605 0.00439
v -0.37013 0.35585 0.14062 0.01033 0.00605 0.00439
v -0.37949 0.35926 0.12875 0.01033 0.00605 0.00439
v -0.37949 0.35926 0.11325 0.01033 0.00605 0.00439
v -0.37013 0.35585 0.10138 0.01033 0.00605 0.00439
v -0.35580 0.35061 0.09869 0.01033 0.00605 0.00439
v -0.34319 0.34601 0.10644 0.01033 0.00605 0.00439
v -0.33821 0.34420 0.12100 0.01033 0.00605 0.00439
v -0.34191 0.35214 0.12100 0.01033 0.00605 0.00439
v -0.34553 0.35346 0.13158 0.01033 0.00605 0.00439
v -0.35468 0.35680 0.13721 0.01033 0.00605 0.00439
v -0.36510 0.36060 0.13525 0.01033 0.00605 0.00439
v -0.37190 0.36309 0.12663 0.01033 0.00605 0.00439
v -0.37190 0.36309 0.11537 0.01033 0.00605 0.00439
v -0.36510 0.36060 0.10675 0.01033 0.00605 0.00439
v -0.35468 0.35680 0.10479 0.01033 0.00605 0.00439
v -0.34553 0.35346 0.11042 0.01033 0.00605 0.00439
v -0.34191 0.35214 0.12100 0.01033 0.00605 0.00439
v -0.34788 0.35855 0.12100 0.01033 0.00605 0.00439
v -0.34978 0.35925 0.12656 0.01033 0.00605 0.00439
v -0.35459 0.36100 0.12952 0.01033 0.00605 0.00439
v -0.36007 0.36300 0.12849 0.01033 0.00605 0.00439
v -0.36364 0.36431 0.12396 0.01033 0.00605 0.00439
v -0.36364 0.36431 0.11804 0.01033 0.00605 0.00439
v -0.36007 0.36300 0.11351 0.01033 0.00605 0.00439
v -0.35459 0.36100 0.11248 0.01033 0.00605 0.00439
v -0.34978 0.35925 0.11544 0.01033 0.00605 0.00439
v -0.34788 0.35855 0.12100 0.01033 0.00605 0.00439
v -0.35554 0.36281 0.12100 0.01033 0.00605 0.00439
v -0.35554 0.36281 0.12100 0.01033 0.00605 0.00439
v -0.35554 0.36281 0.12100 0.01033 0.00605 0.00439
v -0.35554 0.36281 0.12100 0.01033 0.00605 0.00439
v -0.35554 0.36281 0.12100 0.01033 0.00605 0.00439
v -0.35554 0.36281 0.12100 0.01033 0.00605 0.00439
v -0.35554 0.36281 0.12100 0.01033 0.00605 0.00439
v -0.35554 0.36281 0.12100 0.01033 0.00605 0.00439
v -0.35554 0.36281 0.12100 0.01033 0.00605 0.00439
v -0.35554 0.36281 0.12100 0.01033 0.00605 0.00439
v -0.33180 0.09989 0.31854 0.01033 0.00605 0.00439
v -0.33180 0.09989 0.31854 0.01033 0.00605 0.00439
v -0.33180 0.09989 0.31854 0.01033 0.00605 0.00439
v -0.33180 0.09989 0.31854 0.01033 0.00605 0.00439
v -0.33180 0.09989 0.31854 0.01033 0.00605 0.00439
v -0.33180 0.09989 0.31854 0.01033 0.00605 0.00439
v -0.33180 0.09989 0.31854 0.01033 0.00605 0.00439
v -0.33180 0.09989 0.31854 0.01033 0.00605 0.00439
v -0.33180 0.09989 0.31854 0.01033 0.00605 0.00439
v -0.33180 0.09989 0.31854 0.01033 0.00605 0.00439
v -0.32493 0.09143 0.31742 0.01033 0.00605 0.00439
v -0.32619 0.09269 0.32460 0.01033 0.00605 0.00439
v -0.32938 0.09771 0.32900 0.01033 0.00605 0.00439
v -0.33300 0.10415 0.32855 0.01033 0.00605 0.00439
v -0.33537 0.10898 0.32348 0.01033 0.00605 0.00439
v -0.33537 0.10996 0.31614 0.01033 0.00605 0.00439
v -0.33300 0.10661 0.30998 0.01033 0.00605 0.00439
v -0.32938 0.10052 0.30788 0.01033 0.00605 0.00439
v -0.32619 0.09452 0.31081 0.01033 0.00605 0.00439
v -0.32493 0.09143 0.31742 0.01033 0.00605 0.00439
v -0.31576 0.08549 0.31663 0.01033 0.00605 0.00439
v -0.31816 0.08789 0.33029 0.01033 0.00605 0.00439
v -0.32422 0.09744 0.33865 0.01033 0.00605 0.00439
v -0.33112 0.10968 0.33781 0.01033 0.00605 0.00439
v -0.33562 0.11888 0.32816 0.01033 0.00605 0.00439
v -0.33562 0.12073 0.31421 0.01033 0.00605 0.00439
v -0.33112 0.11437 0.30249 0.01033 0.00605 0.00439
v -0.32422 0.10278 0.29849 0.01033 0.00605 0.00439
v -0.31816 0.09137 0.30407 0.01033 0.00605 0.00439
v -0.31576 0.08549 0.31663 0.01033 0.00605 0.00439
v -0.30520 0.08265 0.31625 0.01033 0.00605 0.00439
v -0.30849 0.08595 0.33505 0.01033 0.00605 0.00439
v -0.31684 0.09910 0.34657 0.01033 0.00605 0.00439
v -0.32633 0.11595 0.34541 0.01033 0.00605 0.00439
v -0.33252 0.12861 0.33212 0.01033 0.00605 0.00439
v -0.33252 0.13116 0.31292 0.01033 0.00605 0.00439
v -0.32633 0.12240 0.29679 0.01033 0.00605 0.00439
v -0.31684 0.10644 0.29128 0.01033 0.00605 0.00439
v -0.30849 0.09075 0.29897 0.01033 0.00605 0.00439
v -0.30520 0.08265 0.31625 0.01033 0.00605 0.00439
v -0.29426 0.08319 0.31632 0.01033 0.00605 0.00439
v -0.29813 0.08707 0.33842 0.01033 0.00605 0.00439
v -0.30794 0.10253 0.35196 0.01033 0.00605 0.00439
v -0.31910 0.12233 0.35060 0.01033 0.00605 0.00439
v -0.32638 0.13721 0.33498 0.01033 0.00605 0.00439
v -0.32638 0.14021 0.31241 0.01033 0.00605 0.00439
v -0.31910 0.12992 0.29345 0.01033 0.00605 0.00439
v -0.30794 0.11116 0.28697 0.01033 0.00605 0.00439
v -0.29813 0.09270 0.29600 0.01033 0.00605 0.00439
v -0.29426 0.08319 0.31632 0.01033 0.00605 0.00439
v -0.28402 0.08705 0.31684 0.01033 0.00605 0.00439
v -0.28810 0.09113 0.34007 0.01033 0.00605 0.00439
v -0.29842 0.10739 0.35431 0.01033 0.00605 0.00439
v -0.31015 0.12821 0.35288 0.01033 0.00605 0.00439
v -0.31780 0.14385 0.33645 0.01033 0.00605 0.00439
v -0.31780 0.14701 0.31272 0.01033 0.00605 0.00439
v -0.31015 0.13619 0.29278 0.01033 0.00605 0.00439
v -0.29842 0.11646 0.28597 0.01033 0.00605 0.00439
v -0.28810 0.09706 0.29547 0.01033 0.00605 0.00439
v -0.28402 0.08705 0.31684 0.01033 0.00605 0.00439
v -0.04115 0.22516 0.33517 0.01033 0.00605 0.00439
v -0.04522 0.22924 0.35841 0.01033 0.00605 0.00439
v -0.05554 0.24549 0.37264 0.01033 0.00605 0.00439
v -0.06727 0.26632 0.37121 0.01033 0.00605 0.00439
v -0.07493 0.28196 0.35479 0.01033 0.00605 0.00439
v -0.07493 0.28511 0.33106 0.01033 0.00605 0.00439
v -0.06727 0.27429 0.31112 0.01033 0.00605 0.00439
v -0.05554 0.25457 0.30431 0.01033 0.00605 0.00439
v -0.04522 0.23516 0.31381 0.01033 0.00605 0.00439
v -0.04115 0.22516 0.33517 0.01033 0.00605 0.00439
v -0.03262 0.23197 0.33608 0.01033 0.00605 0.00439
v -0.03649 0.23585 0.35818 0.01033 0.00605 0.00439
v -0.04630 0.25131 0.37171 0.01033 0.00605 0.00439
v -0.05746 0.27111 0.37035 0.01033 0.00605 0.00439
v -0.06474 0.28599 0.35473 0.01033 0.00605 0.00439
v -0.06474 0.28899 0.33216 0.01033 0.00605 0.00439
v -0.05746 0.27870 0.31320 0.01033 0.00605 0.00439
v -0.04630 0.25994 0.30672 0.01033 0.00605 0.00439
v -0.03649 0.24148 0.31576 0.01033 0.00605 0.00439
v -0.03262 0.23197 0.33608 0.01033 0.00605 0.00439
v -0.02663 0.24106 0.33728 0.01033 0.00605 0.00439
v -0.02992 0.24436 0.35608 0.01033 0.00605 0.00439
v -0.03827 0.25751 0.36760 0.01033 0.00605 0.00439
v -0.04776 0.27435 0.36644 0.01033 0.00605 0.00439
v -0.05396 0.28701 0.35315 0.01033 0.00605 0.00439
v -0.05396 0.28956 0.33395 0.01033 0.00605 0.00439
v -0.04776 0.28081 0.31782 0.01033 0.00605 0.00439
v -0.03827 0.26485 0.31231 0.01033 0.00605 0.00439
v -0.02992 0.24915 0.32000 0.01033 0.00605 0.00439
v -0.02663 0.24106 0.33728 0.01033 0.00605 0.00439
v -0.02376 0.25153 0.33867 0.01033 0.00605 0.00439
v -0.02616 0.25393 0.35233 0.01033 0.00605 0.00439
v -0.03222 0.26349 0.36070 0.01033 0.00605 0.00439
v -0.03912 0.27572 0.35986 0.01033 0.00605 0.00439
v -0.04362 0.28492 0.35020 0.01033 0.00605 0.00439
v -0.04362 0.28677 0.33625 0.01033 0.00605 0.00439
v -0.03912 0.28041 0.32454 0.01033 0.00605 0.00439
v -0.03222 0.26882 0.32053 0.01033 0.00605 0.00439
v -0.02616 0.25741 0.32611 0.01033 0.00605 0.00439
v -0.02376 0.25153 0.33867 0.01033 0.00605 0.00439
v -0.02431 0.26238 0.34011 0.01033 0.00605 0.00439
v -0.02556 0.26364 0.34729 0.01033 0.00605 0.00439
v -0.02875 0.26866 0.35169 0.01033 0.00605 0.00439
v -0.03238 0.27509 0.35125 0.01033 0.00605 0.00439
v -0.03474 0.27993 0.34618 0.01033 0.00605 0.00439
v -0.03474 0.28090 0.33884 0.01033 0.00605 0.00439
v -0.03238 0.27756 0.33268 0.01033 0.00605 0.00439
v -0.02875 0.27146 0.33058 0.01033 0.00605 0.00439
v -0.02556 0.26547 0.33351 0.01033 0.00605 0.00439
v -0.02431 0.26238 0.34011 0.01033 0.00605 0.00439
v -0.02820 0.27252 0.34146 0.01033 0.00605 0.00439
v -0.02820 0.27252 0.34146 0.01033 0.00605 0.00439
v -0.02820 0.27252 0.34146 0.01033 0.00605 0.00439
v -0.02820 0.27252 0.34146 0.01033 0.00605 0.00439
v -0.02820 0.27252 0.34146 0.01033 0.00605 0.00439
v -0.02820 0.27252 0.34146 0.01033 0.00605 0.00439
v -0.02820 0.27252 0.34146 0.01033 0.00605 0.00439
v -0.02820 0.27252 0.34146 0.01033 0.00605 0.00439
v -0.02820 0.27252 0.34146 0.01033 0.00605 0.00439
v -0.02820 0.27252 0.34146 0.01033 0.00605 0.00439
v -0.48446 0.00960 0.36300 0.01033 0.00605 0.00439
v -0.48446 0.00960 0.36300 0.01033 0.00605 0.00439
v -0.48446 0.00960 0.36300 0.01033 0.00605 0.00439
v -0.48446 0.00960 0.36300 0.01033 0.00605 0.00439
v -0.48446 0.00960 0.36300 0.01033 0.00605 0.00439
v -0.48446 0.00960 0.36300 0.01033 0.00605 0.00439
v -0.48446 0.00960 0.36300 0.01033 0.00605 0.00439
v -0.48446 0.00960 0.36300 0.01033 0.00605 0.00439
v -0.48446 0.00960 0.36300 0.01033 0.00605 0.00439
v -0.48446 0.00960 0.36300 0.01033 0.00605 0.00439
v -0.47587 0.00792 0.36300 0.01033 0.00605 0.00439
v -0.47777 0.00862 0.36856 0.01033 0.00605 0.00439
v -0.48258 0.01037 0.37152 0.01033 0.00605 0.00439
v -0.48806 0.01237 0.37049 0.01033 0.00605 0.00439
v -0.49163 0.01368 0.36596 0.01033 0.00605 0.00439
v -0.49163 0.01368 0.36004 0.01033 0.00605 0.00439
v -0.48806 0.01237 0.35551 0.01033 0.00605 0.00439
v -0.48258 0.01037 0.35448 0.01033 0.00605 0.00439
v -0.47777 0.00862 0.35744 0.01033 0.00605 0.00439
v -0.47587 0.00792 0.36300 0.01033 0.00605 0.00439
v -0.46717 0.00898 0.36300 0.01033 0.00605 0.00439
v -0.47079 0.01030 0.37358 0.01033 0.00605 0.00439
v -0.47995 0.01364 0.37921 0.01033 0.00605 0.00439
v -0.49036 0.01745 0.37725 0.01033 0.00605 0.00439
v -0.49716 0.01993 0.36863 0.01033 0.00605 0.00439
v -0.49716 0.01993 0.35737 0.01033 0.00605 0.00439
v -0.49036 0.01745 0.34875 0.01033 0.00605 0.00439
v -0.47995 0.01364 0.34679 0.01033 0.00605 0.00439
v -0.47079 0.01030 0.35242 0.01033 0.00605 0.00439
v -0.46717 0.00898 0.36300 0.01033 0.00605 0.00439
v -0.45923 0.01268 0.36300 0.01033 0.00605 0.00439
v -0.46421 0.01449 0.37756 0.01033 0.00605 0.00439
v -0.47681 0.01909 0.38531 0.01033 0.00605 0.00439
v -0.49115 0.02433 0.38262 0.01033 0.00605 0.00439
v -0.50050 0.02774 0.37075 0.01033 0.00605 0.00439
v -0.50050 0.02774 0.35525 0.01033 0.00605 0.00439
v -0.49115 0.02433 0.34338 0.01033 0.00605 0.00439
v -0.47681 0.01909 0.34069 0.01033 0.00605 0.00439
v -0.46421 0.01449 0.34844 0.01033 0.00605 0.00439
v -0.45923 0.01268 0.36300 0.01033 0.00605 0.00439
v -0.45282 0.01864 0.36300 0.01033 0.00605 0.00439
v -0.45867 0.02078 0.38012 0.01033 0.00605 0.00439
v -0.47349 0.02619 0.38923 0.01033 0.00605 0.00439
v -0.49034 0.03234 0.38606 0.01033 0.00605 0.00439
v -0.50134 0.03636 0.37211 0.01033 0.00605 0.00439
v -0.50134 0.03636 0.35389 0.01033 0.00605 0.00439
v -0.49034 0.03234 0.33994 0.01033 0.00605 0.00439
v -0.47349 0.02619 0.33677 0.01033 0.00605 0.00439
v -0.45867 0.02078 0.34588 0.01033 0.00605 0.00439
v -0.45282 0.01864 0.36300 0.01033 0.00605 0.00439
v -0.44856 0.02630 0.36300 0.01033 0.00605 0.00439
v -0.45471 0.02855 0.38100 0.01033 0.00605 0.00439
v -0.47030 0.03424 0.39057 0.01033 0.00605 0.00439
v -0.48801 0.04070 0.38725 0.01033 0.00605 0.00439
v -0.49958 0.04493 0.37258 0.01033 0.00605 0.00439
v -0.49958 0.04493 0.35342 0.01033 0.00605 0.00439
v -0.48801 0.04070 0.33875 0.01033 0.00605 0.00439
v -0.47030 0.03424 0.33543 0.01033 0.00605 0.00439
v -0.45471 0.02855 0.34500 0.01033 0.00605 0.00439
v -0.44856 0.02630 0.36300 0.01033 0.00605 0.00439
v -0.33883 0.32690 0.36300 0.01033 0.00605 0.00439
v -0.34499 0.32915 0.38100 0.01033 0.00605 0.00439
v -0.36057 0.33484 0.39057 0.01033 0.00605 0.00439
v -0.37829 0.34130 0.38725 0.01033 0.00605 0.00439
v -0.38985 0.34552 0.37258 0.01033 0.00605 0.00439
v -0.38985 0.34552 0.35342 0.01033 0.00605 0.00439
v -0.37829 0.34130 0.33875 0.01033 0.00605 0.00439
v -0.36057 0.33484 0.33543 0.01033 0.00605 0.00439
v -0.34499 0.32915 0.34500 0.01033 0.00605 0.00439
v -0.33883 0.32690 0.36300 0.01033 0.00605 0.00439
v -0.33715 0.33550 0.36300 0.01033 0.00605 0.00439
v -0.34301 0.33764 0.38012 0.01033 0.00605 0.00439
v -0.35783 0.34305 0.38923 0.01033 0.00605 0.00439
v -0.37468 0.34920 0.38606 0.01033 0.00605 0.00439
v -0.38568 0.35321 0.37211 0.01033 0.00605 0.00439
v -0.38568 0.35321 0.35389 0.01033 0.00605 0.00439
v -0.37468 0.34920 0.33994 0.01033 0.00605 0.00439
v -0.35783 0.34305 0.33677 0.01033 0.00605 0.00439
v -0.34301 0.33764 0.34588 0.01033 0.00605 0.00439
v -0.33715 0.33550 0.36300 0.01033 0.00605 0.00439
v -0.33821 0.34420 0.36300 0.01033 0.00605 0.00439
v -0.34319 0.34601 0.37756 0.01033 0.00605 0.00439
v -0.35580 0.35061 0.38531 0.01033 0.00605 0.00439
v -0.37013 0.35585 0.38262 0.01033 0.00605 0.00439
v -0.37949 0.35926 0.37075 0.01033 0.00605 0.00439
v -0.37949 0.35926 0.35525 0.01033 0.00605 0.00439
v -0.37013 0.35585 0.34338 0.01033 0.00605 0.00439
v -0.35580 0.35061 0.34069 0.01033 0.00605 0.00439
v -0.34319 0.34601 0.34844 0.01033 0.00605 0.00439
v -0.33821 0.34420 0.36300 0.01033 0.00605 0.00439
v -0.34191 0.35214 0.36300 0.01033 0.00605 0.00439
v -0.34553 0.35346 0.37358 0.01033 0.00605 0.00439
v -0.35468 0.35680 0.37921 0.01033 0.00605 0.00439
v -0.36510 0.36060 0.37725 0.01033 0.00605 0.00439
v -0.37190 0.36309 0.36863 0.01033 0.00605 0.00439
v -0.37190 0.36309 0.35737 0.01033 0.00605 0.00439
v -0.36510 0.36060 0.34875 0.01033 0.00605 0.00439
v -0.35468 0.35680 0.34679 0.01033 0.00605 0.00439
v -0.34553 0.35346 0.35242 0.01033 0.00605 0.00439
v -0.34191 0.35214 0.36300 0.01033 0.00605 0.00439
v -0.34788 0.35855 0.36300 0.01033 0.00605 0.00439
v -0.34978 0.35925 0.36856 0.01033 0.00605 0.00439
v -0.35459 0.36100 0.37152 0.01033 0.00605 0.00439
v -0.36007 0.36300 0.37049 0.01033 0.00605 0.00439
v -0.36364 0.36431 0.36596 0.01033 0.00605 0.00439
v -0.36364 0.36431 0.36004 0.01033 0.00605 0.00439
v -0.36007 0.36300 0.35551 0.01033 0.00605 0.00439
v -0.35459 0.36100 0.35448 0.01033 0.00605 0.00439
v -0.34978 0.35925 0.35744 0.01033 0.00605 0.00439
v -0.34788 0.35855 0.36300 0.01033 0.00605 0.00439
v -0.35554 0.36281 0.36300 0.01033 0.00605 0.00439
v -0.35554 0.36281 0.36300 0.01033 0.00605 0.00439
v -0.35554 0.36281 0.36300 0.01033 0.00605 0.00439
v -0.35554 0.36281 0.36300 0.01033 0.00605 0.00439
v -0.35554 0.36281 0.36300 0.01033 0.00605 0.00439
v -0.35554 0.36281 0.36300 0.01033 0.00605 0.00439
v -0.35554 0.36281 0.36300 0.01033 0.00605 0.00439
v -0.35554 0.36281 0.36300 0.01033 0.00605 0.00439
v -0.35554 0.36281 0.36300 0.01033 0.00605 0.00439
v -0.35554 0.36281 0.36300 0.01033 0.00605 0.00439
f 479 489 480
f 480 489 490
f 480 490 481
f 481 490 491
f 481 491 482
f 482 491 492
f 482 492 483
f 483 492 493
f 483 493 484
f 484 493 494
f 484 494 485
f 485 494 495
f 485 495 486
f 486 495 496
f 486 496 487
f 487 496 497
f 487 497 488
f 488 497 498
f 489 499 490
f 490 499 500
f 490 500 491
f 491 500 501
f 491 501 492
f 492 501 502
f 492 502 493
f 493 502 503
f 493 503 494
f 494 503 504
f 494 504 495
f 495 504 505
f 495 505 496
f 496 505 506
f 496 506 497
f 497 506 507
f 497 507 498
f 498 507 508
f 499 509 500
f 500 509 510
f 500 510 501
f 501 510 511
f 501 511 502
f 502 511 512
f 502 512 503
f 503 512 513
f 503 513 504
f 504 513 514
f 504 514 505
f 505 514 515
f 505 515 506
f 506 515 516
f 506 516 507
f 507 516 517
f 507 517 508
f 508 517 518
f 509 519 510
f 510 519 520
f 510 520 511
f 511 520 521
f 511 521 512
f 512 521 522
f 512 522 513
f 513 522 523
f 513 523 514
f 514 523 524
f 514 524 515
f 515 524 525
f 515 525 516
f 516 525 526
f 516 526 517
f 517 526 527
f 517 527 518
f 518 527 528
f 519 529 520
f 520 529 530
f 520 530 521
f 521 530 531
f 521 531 522
f 522 531 532
f 522 532 523
f 523 532 533
f 523 533 524
f 524 533 534
f 524 534 525
f 525 534 535
f 525 535 526
f 526 535 536
f 526 536 527
f 527 536 537
f 527 537 528
f 528 537 538
f 529 539 530
f 530 539 540
f 530 540 531
f 531 540 541
f 531 541 532
f 532 541 542
f 532 542 533
f 533 542 543
f 533 543 534
f 534 543 544
f 534 544 535
f 535 544 545
f 535 545 536
f 536 545 546
f 536 546 537
f 537 546 547
f 537 547 538
f 538 547 548
f 539 549 540
f 540 549 550
f 540 550 541
f 541 550 551
f 541 551 542
f 542 551 552
f 542 552 543
f 543 552 553
f 543 553 544
f 544 553 554
f 544 554 545
f 545 554 555
f 545 555 546
f 546 555 556
f 546 556 547
f 547 556 557
f 547 557 548
f 548 557 558
f 549 559 550
f 550 559 560
f 550 560 551
f 551 560 561
f 551 561 552
f 552 561 562
f 552 562 553
f 553 562 563
f 553 563 554
f 554 563 564
f 554 564 555
f 555 564 565
f 555 565 556
f 556 565 566
f 556 566 557
f 557 566 567
f 557 567 558
f 558 567 568
f 559 569 560
f 560 569 570
f 560 570 561
f 561 570 571
f 561 571 562
f 562 571 572
f 562 572 563
f 563 572 573
f 563 573 564
f 564 573 574
f 564 574 565
f 565 574 575
f 565 575 566
f 566 575 576
f 566 576 567
f 567 576 577
f 567 577 568
f 568 577 578
f 569 579 570
f 570 579 580
f 570 580 571
f 571 580 581
f 571 581 572
f 572 581 582
f 572 582 573
f 573 582 583
f 573 583 574
f 574 583 584
f 574 584 575
f 575 584 585
f 575 585 576
f 576 585 586
f 576 586 577
f 577 586 587
f 577 587 578
f 578 587 588
f 579 589 580
f 580 589 590
f 580 590 581
f 581 590 591
f 581 591 582
f 582 591 592
f 582 592 583
f 583 592 593
f 583 593 584
f 584 593 594
f 584 594 585
f 585 594 595
f 585 595 586
f 586 595 596
f 586 596 587
f 587 596 597
f 587 597 588
f 588 597 598
f 599 609 600
f 600 609 610
f 600 610 601
f 601 610 611
f 601 611 602
f 602 611 612
f 602 612 603
f 603 612 613
f 603 613 604
f 604 613 614
f 604 614 605
f 605 614 615
f 605 615 606
f 606 615 616
f 606 616 607
f 607 616 617
f 607 617 608
f 608 617 618
f 609 619 610
f 610 619 620
f 610 620 611
f 611 620 621
f 611 621 612
f 612 621 622
f 612 622 613
f 613 622 623
f 613 623 614
f 614 623 624
f 614 624 615
f 615 624 625
f 615 625 616
f 616 625 626
f 616 626 617
f 617 626 627
f 617 627 618
f 618 627 628
f 619 629 620
f 620 629 630
f 620 630 621
f 621 630 631
f 621 631 622
f 622 631 632
f 622 632 623
f 623 632 633
f 623 633 624
f 624 633 634
f 624 634 625
f 625 634 635
f 625 635 626
f 626 635 636
f 626 636 627
f 627 636 637
f 627 637 628
f 628 637 638
f 629 639 630
f 630 639 640
f 630 640 631
f 631 640 641
f 631 641 632
f 632 641 642
f 632 642 633
f 633 642 643
f 633 643 634
f 634 643 644
f 634 644 635
f 635 644 645
f 635 645 636
f 636 645 646
f 636 646 637
f 637 646 647
f 637 647 638
f 638 647 648
f 639 649 640
f 640 649 650
f 640 650 641
f 641 650 651
f 641 651 642
f 642 651 652
f 642 652 643
f 643 652 653
f 643 653 644
f 644 653 654
f 644 654 645
f 645 654 655
f 645 655 646
f 646 655 656
f 646 656 647
f 647 656 657
f 647 657 648
f 648 657 658
f 649 659 650
f 650 659 660
f 650 660 651
f 651 660 661
f 651 661 652
f 652 661 662
f 652 662 653
f 653 662 663
f 653 663 654
f 654 663 664
f 654 664 655
f 655 664 665
f 655 665 656
f 656 665 666
f 656 666 657
f 657 666 667
f 657 667 658
f 658 667 668
f 659 669 660
f 660 669 670
f 660 670 661
f 661 670 671
f 661 671 662
f 662 671 672
f 662 672 663
f 663 672 673
f 663 673 664
f 664 673 674
f 664 674 665
f 665 674 675
f 665 675 666
f 666 675 676
f 666 676 667
f 667 676 677
f 667 677 668
f 668 677 678
f 669 679 670
f 670 679 680
f 670 680 671
f 671 680 681
f 671 681 672
f 672 681 682
f 672 682 673
f 673 682 683
f 673 683 674
f 674 683 684
f 674 684 675
f 675 684 685
f 675 685 676
f 676 685 686
f 676 686 677
f 677 686 687
f 677 687 678
f 678 687 688
f 679 689 680
f 680 689 690
f 680 690 681
f 681 690 691
f 681 691 682
f 682 691 692
f 682 692 683
f 683 692 693
f 683 693 684
f 684 693 694
f 684 694 685
f 685 694 695
f 685 695 686
f 686 695 696
f 686 696 687
f 687 696 697
f 687 697 688
f 688 697 698
f 689 699 690
f 690 699 700
f 690 700 691
f 691 700 701
f 691 701 692
f 692 701 702
f 692 702 693
f 693 702 703
f 693 703 694
f 694 703 704
f 694 704 695
f 695 704 705
f 695 705 696
f 696 705 706
f 696 706 697
f 697 706 707
f 697 707 698
f 698 707 708
f 699 709 700
f 700 709 710
f 700 710 701
f 701 710 711
f 701 711 702
f 702 711 712
f 702 712 703
f 703 712 713
f 703 713 704
f 704 713 714
f 704 714 705
f 705 714 715
f 705 715 706
f 706 715 716
f 706 716 707
f 707 716 717
f 707 717 708
f 708 717 718
f 719 729 720
f 720 729 730
f 720 730 721
f 721 730 731
f 721 731 722
f 722 731 732
f 722 732 723
f 723 732 733
f 723 733 724
f 724 733 734
f 724 734 725
f 725 734 735
f 725 735 726
f 726 735 736
f 726 736 727
f 727 736 737
f 727 737 728
f 728 737 738
f 729 739 730
f 730 739 740
f 730 740 731
f 731 740 741
f 731 741 732
f 732 741 742
f 732 742 733
f 733 742 743
f 733 743 734
f 734 743 744
f 734 744 735
f 735 744 745
f 735 745 736
f 736 745 746
f 736 746 737
f 737 746 747
f 737 747 738
f 738 747 748
f 739 749 740
f 740 749 750
f 740 750 741
f 741 750 751
f 741 751 742
f 742 751 752
f 742 752 743
f 743 752 753
f 743 753 744
f 744 753 754
f 744 754 745
f 745 754 755
f 745 755 746
f 746 755 756
f 746 756 747
f 747 756 757
f 747 757 748
f 748 757 758
f 749 759 750
f 750 759 760
f 750 760 751
f 751 760 761
f 751 761 752
f 752 761 762
f 752 762 753
f 753 762 763
f 753 763 754
f 754 763 764
f 754 764 755
f 755 764 765
f 755 765 756
f 756 765 766
f 756 766 757
f 757 766 767
f 757 767 758
f 758 767 768
f 759 769 760
f 760 769 770
f 760 770 761
f 761 770 771
f 761 771 762
f 762 771 772
f 762 772 763
f 763 772 773
f 763 773 764
f 764 773 774
f 764 774 765
f 765 774 775
f 765 775 766
f 766 775 776
f 766 776 767
f 767 776 777
f 767 777 768
f 768 777 778
f 769 779 770
f 770 779 780
f 770 780 771
f 771 780 781
f 771 781 772
f 772 781 782
f 772 782 773
f 773 782 783
f 773 783 774
f 774 783 784
f 774 784 775
f 775 784 785
f 775 785 776
f 776 785 786
f 776 786 777
f 777 786 787
f 777 787 778
f 778 787 788
f 779 789 780
f 780 789 790
f 780 790 781
f 781 790 791
f 781 791 782
f 782 791 792
f 782 792 783
f 783 792 793
f 783 793 784
f 784 793 794
f 784 794 785
f 785 794 795
f 785 795 786
f 786 795 796
f 786 796 787
f 787 796 797
f 787 797 788
f 788 797 798
f 789 799 790
f 790 799 800
f 790 800 791
f 791 800 801
f 791 801 792
f 792 801 802
f 792 802 793
f 793 802 803
f 793 803 794
f 794 803 804
f 794 804 795
f 795 804 805
f 795 805 796
f 796 805 806
f 796 806 797
f 797 806 807
f 797 807 798
f 798 807 808
f 799 809 800
f 800 809 810
f 800 810 801
f 801 810 811
f 801 811 802
f 802 811 812
f 802 812 803
f 803 812 813
f 803 813 804
f 804 813 814
f 804 814 805
f 805 814 815
f 805 815 806
f 806 815 816
f 806 816 807
f 807 816 817
f 807 817 808
f 808 817 818
f 809 819 810
f 810 819 820
f 810 820 811
f 811 820 821
f 811 821 812
f 812 821 822
f 812 822 813
f 813 822 823
f 813 823 814
f 814 823 824
f 814 824 815
f 815 824 825
f 815 825 816
f 816 825 826
f 816 826 817
f 817 826 827
f 817 827 818
f 818 827 828
f 819 829 820
f 820 829 830
f 820 830 821
f 821 830 831
f 821 831 822
f 822 831 832
f 822 832 823
f 823 832 833
f 823 833 824
f 824 833 834
f 824 834 825
f 825 834 835
f 825 835 826
f 826 835 836
f 826 836 827
f 827 836 837
f 827 837 828
f 828 837 838
f 839 849 840
f 840 849 850
f 840 850 841
f 841 850 851
f 841 851 842
f 842 851 852
f 842 852 843
f 843 852 853
f 843 853 844
f 844 853 854
f 844 854 845
f 845 854 855
f 845 855 846
f 846 855 856
f 846 856 847
f 847 856 857
f 847 857 848
f 848 857 858
f 849 859 850
f 850 859 860
f 850 860 851
f 851 860 861
f 851 861 852
f 852 861 862
f 852 862 853
f 853 862 863
f 853 863 854
f 854 863 864
f 854 864 855
f 855 864 865
f 855 865 856
f 856 865 866
f 856 866 857
f 857 866 867
f 857 867 858
f 858 867 868
f 859 869 860
f 860 869 870
f 860 870 861
f 861 870 871
f 861 871 862
f 862 871 872
f 862 872 863
f 863 872 873
f 863 873 864
f 864 873 874
f 864 874 865
f 865 874 875
f 865 875 866
f 866 875 876
f 866 876 867
f 867 876 877
f 867 877 868
f 868 877 878
f 869 879 870
f 870 879 880
f 870 880 871
f 871 880 881
f 871 881 872
f 872 881 882
f 872 882 873
f 873 882 883
f 873 883 874
f 874 883 884
f 874 884 875
f 875 884 885
f 875 885 876
f 876 885 886
f 876 886 877
f 877 886 887
f 877 887 878
f 878 887 888
f 879 889 880
f 880 889 890
f 880 890 881
f 881 890 891
f 881 891 882
f 882 891 892
f 882 892 883
f 883 892 893
f 883 893 884
f 884 893 894
f 884 894 885
f 885 894 895
f 885 895 886
f 886 895 896
f 886 896 887
f 887 896 897
f 887 897 888
f 888 897 898
f 889 899 890
f 890 899 900
f 890 900 891
f 891 900 901
f 891 901 892
f 892 901 902
f 892 902 893
f 893 902 903
f 893 903 894
f 894 903 904
f 894 904 895
f 895 904 905
f 895 905 896
f 896 905 906
f 896 906 897
f 897 906 907
f 897 907 898
f 898 907 908
f 899 909 900
f 900 909 910
f 900 910 901
f 901 910 911
f 901 911 902
f 902 911 912
f 902 912 903
f 903 912 913
f 903 913 904
f 904 913 914
f 904 914 905
f 905 914 915
f 905 915 906
f 906 915 916
f 906 916 907
f 907 916 917
f 907 917 908
f 908 917 918
f 909 919 910
f 910 919 920
f 910 920 911
f 911 920 921
f 911 921 912
f 912 921 922
f 912 922 913
f 913 922 923
f 913 923 914
f 914 923 924
f 914 924 915
f 915 924 925
f 915 925 916
f 916 925 926
f 916 926 917
f 917 926 927
f 917 927 918
f 918 927 928
f 919 929 920
f 920 929 930
f 920 930 921
f 921 930 931
f 921 931 922
f 922 931 932
f 922 932 923
f 923 932 933
f 923 933 924
f 924 933 934
f 924 934 925
f 925 934 935
f 925 935 926
f 926 935 936
f 926 936 927
f 927 936 937
f 927 937 928
f 928 937 938
f 929 939 930
f 930 939 940
f 930 940 931
f 931 940 941
f 931 941 932
f 932 941 942
f 932 942 933
f 933 942 943
f 933 943 934
f 934 943 944
f 934 944 935
f 935 944 945
f 935 945 936
f 936 945 946
f 936 946 937
f 937 946 947
f 937 947 938
f 938 947 948
f 939 949 940
f 940 949 950
f 940 950 941
f 941 950 951
f 941 951 942
f 942 951 952
f 942 952 943
f 943 952 953
f 943 953 944
f 944 953 954
f 944 954 945
f 945 954 955
f 945 955 946
f 946 955 956
f 946 956 947
f 947 956 957
f 947 957 948
f 948 957 958
f 959 969 960
f 960 969 970
f 960 970 961
f 961 970 971
f 961 971 962
f 962 971 972
f 962 972 963
f 963 972 973
f 963 973 964
f 964 973 974
f 964 974 965
f 965 974 975
f 965 975 966
f 966 975 976
f 966 976 967
f 967 976 977
f 967 977 968
f 968 977 978
f 969 979 970
f 970 979 980
f 970 980 971
f 971 980 981
f 971 981 972
f 972 981 982
f 972 982 973
f 973 982 983
f 973 983 974
f 974 983 984
f 974 984 975
f 975 984 985
f 975 985 976
f 976 985 986
f 976 986 977
f 977 986 987
f 977 987 978
f 978 987 988
f 979 989 980
f 980 989 990
f 980 990 981
f 981 990 991
f 981 991 982
f 982 991 992
f 982 992 983
f 983 992 993
f 983 993 984
f 984 993 994
f 984 994 985
f 985 994 995
f 985 995 986
f 986 995 996
f 986 996 987
f 987 996 997
f 987 997 988
f 988 997 998
f 989 999 990
f 990 999 1000
f 990 1000 991
f 991 1000 1001
f 991 1001 992
f 992 1001 1002
f 992 1002 993
f 993 1002 1003
f 993 1003 994
f 994 1003 1004
f 994 1004 995
f 995 1004 1005
f 995 1005 996
f 996 1005 1006
f 996 1006 997
f 997 1006 1007
f 997 1007 998
f 998 1007 1008
f 999 1009 1000
f 1000 1009 1010
f 1000 1010 1001
f 1001 1010 1011
f 1001 1011 1002
f 1002 1011 1012
f 1002 1012 1003
f 1003 1012 1013
f 1003 1013 1004
f 1004 1013 1014
f 1004 1014 1005
f 1005 1014 1015
f 1005 1015 1006
f 1006 1015 1016
f 1006 1016 1007
f 1007 1016 1017
f 1007 1017 1008
f 1008 1017 1018
f 1009 1019 1010
f 1010 1019 1020
f 1010 1020 1011
f 1011 1020 1021
f 1011 1021 1012
f 1012 1021 1022
f 1012 1022 1013
f 1013 1022 1023
f 1013 1023 1014
f 1014 1023 1024
f 1014 1024 1015
f 1015 1024 1025
f 1015 1025 1016
f 1016 1025 1026
f 1016 1026 1017
f 1017 1026 1027
f 1017 1027 1018
f 1018 1027 1028
f 1019 1029 1020
f 1020 1029 1030
f 1020 1030 1021
f 1021 1030 1031
f 1021 1031 1022
f 1022 1031 1032
f 1022 1032 1023
f 1023 1032 1033
f 1023 1033 1024
f 1024 1033 1034
f 1024 1034 1025
f 1025 1034 1035
f 1025 1035 1026
f 1026 1035 1036
f 1026 1036 1027
f 1027 1036 1037
f 1027 1037 1028
f 1028 1037 1038
f 1029 1039 1030
f 1030 1039 1040
f 1030 1040 1031
f 1031 1040 1041
f 1031 1041 1032
f 1032 1041 1042
f 1032 1042 1033
f 1033 1042 1043
f 1033 1043 1034
f 1034 1043 1044
f 1034 1044 1035
f 1035 1044 1045
f 1035 1045 1036
f 1036 1045 1046
f 1036 1046 1037
f 1037 1046 1047
f 1037 1047 1038
f 1038 1047 1048
f 1039 1049 1040
f 1040 1049 1050
f 1040 1050 1041
f 1041 1050 1051
f 1041 1051 1042
f 1042 1051 1052
f 1042 1052 1043
f 1043 1052 1053
f 1043 1053 1044
f 1044 1053 1054
f 1044 1054 1045
f 1045 1054 1055
f 1045 1055 1046
f 1046 1055 1056
f 1046 1056 1047
f 1047 1056 1057
f 1047 1057 1048
f 1048 1057 1058
f 1049 1059 1050
f 1050 1059 1060
f 1050 1060 1051
f 1051 1060 1061
f 1051 1061 1052
f 1052 1061 1062
f 1052 1062 1053
f 1053 1062 1063
f 1053 1063 1054
f 1054 1063 1064
f 1054 1064 1055
f 1055 1064 1065
f 1055 1065 1056
f 1056 1065 1066
f 1056 1066 1057
f 1057 1066 1067
f 1057 1067 1058
f 1058 1067 1068
f 1059 1069 1060
f 1060 1069 1070
f 1060 1070 1061
f 1061 1070 1071
f 1061 1071 1062
f 1062 1071 1072
f 1062 1072 1063
f 1063 1072 1073
f 1063 1073 1064
f 1064 1073 1074
f 1064 1074 1065
f 1065 1074 1075
f 1065 1075 1066
f 1066 1075 1076
f 1066 1076 1067
f 1067 1076 1077
f 1067 1077 1068
f 1068 1077 1078
f 1079 1089 1080
f 1080 1089 1090
f 1080 1090 1081
f 1081 1090 1091
f 1081 1091 1082
f 1082 1091 1092
f 1082 1092 1083
f 1083 1092 1093
f 1083 1093 1084
f 1084 1093 1094
f 1084 1094 1085
f 1085 1094 1095
f 1085 1095 1086
f 1086 1095 1096
f 1086 1096 1087
f 1087 1096 1097
f 1087 1097 1088
f 1088 1097 1098
f 1089 1099 1090
f 1090 1099 1100
f 1090 1100 1091
f 1091 1100 1101
f 1091 1101 1092
f 1092 1101 1102
f 1092 1102 1093
f 1093 1102 1103
f 1093 1103 1094
f 1094 1103 1104
f 1094 1104 1095
f 1095 1104 1105
f 1095 1105 1096
f 1096 1105 1106
f 1096 1106 1097
f 1097 1106 1107
f 1097 1107 1098
f 1098 1107 1108
f 1099 1109 1100
f 1100 1109 1110
f 1100 1110 1101
f 1101 1110 1111
f 1101 1111 1102
f 1102 1111 1112
f 1102 1112 1103
f 1103 1112 1113
f 1103 1113 1104
f 1104 1113 1114
f 1104 1114 1105
f 1105 1114 1115
f 1105 1115 1106
f 1106 1115 1116
f 1106 1116 1107
f 1107 1116 1117
f 1107 1117 1108
f 1108 1117 1118
f 1109 1119 1110
f 1110 1119 1120
f 1110 1120 1111
f 1111 1120 1121
f 1111 1121 1112
f 1112 1121 1122
f 1112 1122 1113
f 1113 1122 1123
f 1113 1123 1114
f 1114 1123 1124
f 1114 1124 1115
f 1115 1124 1125
f 1115 1125 1116
f 1116 1125 1126
f 1116 1126 1117
f 1117 1126 1127
f 1117 1127 1118
f 1118 1127 1128
f 1119 1129 1120
f 1120 1129 1130
f 1120 1130 1121
f 1121 1130 1131
f 1121 1131 1122
f 1122 1131 1132
f 1122 1132 1123
f 1123 1132 1133
f 1123 1133 1124
f 1124 1133 1134
f 1124 1134 1125
f 1125 1134 1135
f 1125 1135 1126
f 1126 1135 1136
f 1126 1136 1127
f 1127 1136 1137
f 1127 1137 1128
f 1128 1137 1138
f 1129 1139 1130
f 1130 1139 1140
f 1130 1140 1131
f 1131 1140 1141
f 1131 1141 1132
f 1132 1141 1142
f 1132 1142 1133
f 1133 1142 1143
f 1133 1143 1134
f 1134 1143 1144
f 1134 1144 1135
f 1135 1144 1145
f 1135 1145 1136
f 1136 1145 1146
f 1136 1146 1137
f 1137 1146 1147
f 1137 1147 1138
f 1138 1147 1148
f 1139 1149 1140
f 1140 1149 1150
f 1140 1150 1141
f 1141 1150 1151
f 1141 1151 1142
f 1142 1151 1152
f 1142 1152 1143
f 1143 1152 1153
f 1143 1153 1144
f 1144 1153 1154
f 1144 1154 1145
f 1145 1154 1155
f 1145 1155 1146
f 1146 1155 1156
f 1146 1156 1147
f 1147 1156 1157
f 1147 1157 1148
f 1148 1157 1158
f 1149 1159 1150
f 1150 1159 1160
f 1150 1160 1151
f 1151 1160 1161
f 1151 1161 1152
f 1152 1161 1162
f 1152 1162 1153
f 1153 1162 1163
f 1153 1163 1154
f 1154 1163 1164
f 1154 1164 1155
f 1155 1164 1165
f 1155 1165 1156
f 1156 1165 1166
f 1156 1166 1157
f 1157 1166 1167
f 1157 1167 1158
f 1158 1167 1168
f 1159 1169 1160
f 1160 1169 1170
f 1160 1170 1161
f 1161 1170 1171
f 1161 1171 1162
f 1162 1171 1172
f 1162 1172 1163
f 1163 1172 1173
f 1163 1173 1164
f 1164 1173 1174
f 1164 1174 1165
f 1165 1174 1175
f 1165 1175 1166
f 1166 1175 1176
f 1166 1176 1167
f 1167 1176 1177
f 1167 1177 1168
f 1168 1177 1178
f 1169 1179 1170
f 1170 1179 1180
f 1170 1180 1171
f 1171 1180 1181
f 1171 1181 1172
f 1172 1181 1182
f 1172 1182 1173
f 1173 1182 1183
f 1173 1183 1174
f 1174 1183 1184
f 1174 1184 1175
f 1175 1184 1185
f 1175 1185 1176
f 1176 1185 1186
f 1176 1186 1177
f 1177 1186 1187
f 1177 1187 1178
f 1178 1187 1188
f 1179 1189 1180
f 1180 1189 1190
f 1180 1190 1181
f 1181 1190 1191
f 1181 1191 1182
f 1182 1191 1192
f 1182 1192 1183
f 1183 1192 1193
f 1183 1193 1184
f 1184 1193 1194
f 1184 1194 1185
f 1185 1194 1195
f 1185 1195 1186
f 1186 1195 1196
f 1186 1196 1187
f 1187 1196 1197
f 1187 1197 1188
f 1188 1197 1198
f 1199 1209 1200
f 1200 1209 1210
f 1200 1210 1201
f 1201 1210 1211
f 1201 1211 1202
f 1202 1211 1212
f 1202 1212 1203
f 1203 1212 1213
f 1203 1213 1204
f 1204 1213 1214
f 1204 1214 1205
f 1205 1214 1215
f 1205 1215 1206
f 1206 1215 1216
f 1206 1216 1207
f 1207 1216 1217
f 1207 1217 1208
f 1208 1217 1218
f 1209 1219 1210
f 1210 1219 1220
f 1210 1220 1211
f 1211 1220 1221
f 1211 1221 1212
f 1212 1221 1222
f 1212 1222 1213
f 1213 1222 1223
f 1213 1223 1214
f 1214 1223 1224
f 1214 1224 1215
f 1215 1224 1225
f 1215 1225 1216
f 1216 1225 1226
f 1216 1226 1217
f 1217 1226 1227
f 1217 1227 1218
f 1218 1227 1228
f 1219 1229 1220
f 1220 1229 1230
f 1220 1230 1221
f 1221 1230 1231
f 1221 1231 1222
f 1222 1231 1232
f 1222 1232 1223
f 1223 1232 1233
f 1223 1233 1224
f 1224 1233 1234
f 1224 1234 1225
f 1225 1234 1235
f 1225 1235 1226
f 1226 1235 1236
f 1226 1236 1227
f 1227 1236 1237
f 1227 1237 1228
f 1228 1237 1238
f 1229 1239 1230
f 1230 1239 1240
f 1230 1240 1231
f 1231 1240 1241
f 1231 1241 1232
f 1232 1241 1242
f 1232 1242 1233
f 1233 1242 1243
f 1233 1243 1234
f 1234 1243 1244
f 1234 1244 1235
f 1235 1244 1245
f 1235 1245 1236
f 1236 1245 1246
f 1236 1246 1237
f 1237 1246 1247
f 1237 1247 1238
f 1238 1247 1248
f 1239 1249 1240
f 1240 1249 1250
f 1240 1250 1241
f 1241 1250 1251
f 1241 1251 1242
f 1242 1251 1252
f 1242 1252 1243
f 1243 1252 1253
f 1243 1253 1244
f 1244 1253 1254
f 1244 1254 1245
f 1245 1254 1255
f 1245 1255 1246
f 1246 1255 1256
f 1246 1256 1247
f 1247 1256 1257
f 1247 1257 1248
f 1248 1257 1258
f 1249 1259 1250
f 1250 1259 1260
f 1250 1260 1251
f 1251 1260 1261
f 1251 1261 1252
f 1252 1261 1262
f 1252 1262 1253
f 1253 1262 1263
f 1253 1263 1254
f 1254 1263 1264
f 1254 1264 1255
f 1255 1264 1265
f 1255 1265 1256
f 1256 1265 1266
f 1256 1266 1257
f 1257 1266 1267
f 1257 1267 1258
f 1258 1267 1268
f 1259 1269 1260
f 1260 1269 1270
f 1260 1270 1261
f 1261 1270 1271
f 1261 1271 1262
f 1262 1271 1272
f 1262 1272 1263
f 1263 1272 1273
f 1263 1273 1264
f 1264 1273 1274
f 1264 1274 1265
f 1265 1274 1275
f 1265 1275 1266
f 1266 1275 1276
f 1266 1276 1267
f 1267 1276 1277
f 1267 1277 1268
f 1268 1277 1278
f 1269 1279 1270
f 1270 1279 1280
f 1270 1280 1271
f 1271 1280 1281
f 1271 1281 1272
f 1272 1281 1282
f 1272 1282 1273
f 1273 1282 1283
f 1273 1283 1274
f 1274 1283 1284
f 1274 1284 1275
f 1275 1284 1285
f 1275 1285 1276
f 1276 1285 1286
f 1276 1286 1277
f 1277 1286 1287
f 1277 1287 1278
f 1278 1287 1288
f 1279 1289 1280
f 1280 1289 1290
f 1280 1290 1281
f 1281 1290 1291
f 1281 1291 1282
f 1282 1291 1292
f 1282 1292 1283
f 1283 1292 1293
f 1283 1293 1284
f 1284 1293 1294
f 1284 1294 1285
f 1285 1294 1295
f 1285 1295 1286
f 1286 1295 1296
f 1286 1296 1287
f 1287 1296 1297
f 1287 1297 1288
f 1288 1297 1298
f 1289 1299 1290
f 1290 1299 1300
f 1290 1300 1291
f 1291 1300 1301
f 1291 1301 1292
f 1292 1301 1302
f 1292 1302 1293
f 1293 1302 1303
f 1293 1303 1294
f 1294 1303 1304
f 1294 1304 1295
f 1295 1304 1305
f 1295 1305 1296
f 1296 1305 1306
f 1296 1306 1297
f 1297 1306 1307
f 1297 1307 1298
f 1298 1307 1308
f 1299 1309 1300
f 1300 1309 1310
f 1300 1310 1301
f 1301 1310 1311
f 1301 1311 1302
f 1302 1311 1312
f 1302 1312 1303
f 1303 1312 1313
f 1303 1313 1304
f 1304 1313 1314
f 1304 1314 1305
f 1305 1314 1315
f 1305 1315 1306
f 1306 1315 1316
f 1306 1316 1307
f 1307 1316 1317
f 1307 1317 1308
f 1308 1317 1318
f 1319 1329 1320
f 1320 1329 1330
f 1320 1330 1321
f 1321 1330 1331
f 1321 1331 1322
f 1322 1331 1332
f 1322 1332 1323
f 1323 1332 1333
f 1323 1333 1324
f 1324 1333 1334
f 1324 1334 1325
f 1325 1334 1335
f 1325 1335 1326
f 1326 1335 1336
f 1326 1336 1327
f 1327 1336 1337
f 1327 1337 1328
f 1328 1337 1338
f 1329 1339 1330
f 1330 1339 1340
f 1330 1340 1331
f 1331 1340 1341
f 1331 1341 1332
f 1332 1341 1342
f 1332 1342 1333
f 1333 1342 1343
f 1333 1343 1334
f 1334 1343 1344
f 1334 1344 1335
f 1335 1344 1345
f 1335 1345 1336
f 1336 1345 1346
f 1336 1346 1337
f 1337 1346 1347
f 1337 1347 1338
f 1338 1347 1348
f 1339 1349 1340
f 1340 1349 1350
f 1340 1350 1341
f 1341 1350 1351
f 1341 1351 1342
f 1342 1351 1352
f 1342 1352 1343
f 1343 1352 1353
f 1343 1353 1344
f 1344 1353 1354
f 1344 1354 1345
f 1345 1354 1355
f 1345 1355 1346
f 1346 1355 1356
f 1346 1356 1347
f 1347 1356 1357
f 1347 1357 1348
f 1348 1357 1358
f 1349 1359 1350
f 1350 1359 1360
f 1350 1360 1351
f 1351 1360 1361
f 1351 1361 1352
f 1352 1361 1362
f 1352 1362 1353
f 1353 1362 1363
f 1353 1363 1354
f 1354 1363 1364
f 1354 1364 1355
f 1355 1364 1365
f 1355 1365 1356
f 1356 1365 1366
f 1356 1366 1357
f 1357 1366 1367
f 1357 1367 1358
f 1358 1367 1368
f 1359 1369 1360
f 1360 1369 1370
f 1360 1370 1361
f 1361 1370 1371
f 1361 1371 1362
f 1362 1371 1372
f 1362 1372 1363
f 1363 1372 1373
f 1363 1373 1364
f 1364 1373 1374
f 1364 1374 1365
f 1365 1374 1375
f 1365 1375 1366
f 1366 1375 1376
f 1366 1376 1367
f 1367 1376 1377
f 1367 1377 1368
f 1368 1377 1378
f 1369 1379 1370
f 1370 1379 1380
f 1370 1380 1371
f 1371 1380 1381
f 1371 1381 1372
f 1372 1381 1382
f 1372 1382 1373
f 1373 1382 1383
f 1373 1383 1374
f 1374 1383 1384
f 1374 1384 1375
f 1375 1384 1385
f 1375 1385 1376
f 1376 1385 1386
f 1376 1386 1377
f 1377 1386 1387
f 1377 1387 1378
f 1378 1387 1388
f 1379 1389 1380
f 1380 1389 1390
f 1380 1390 1381
f 1381 1390 1391
f 1381 1391 1382
f 1382 1391 1392
f 1382 1392 1383
f 1383 1392 1393
f 1383 1393 1384
f 1384 1393 1394
f 1384 1394 1385
f 1385 1394 1395
f 1385 1395 1386
f 1386 1395 1396
f 1386 1396 1387
f 1387 1396 1397
f 1387 1397 1388
f 1388 1397 1398
f 1389 1399 1390
f 1390 1399 1400
f 1390 1400 1391
f 1391 1400 1401
f 1391 1401 1392
f 1392 1401 1402
f 1392 1402 1393
f 1393 1402 1403
f 1393 1403 1394
f 1394 1403 1404
f 1394 1404 1395
f 1395 1404 1405
f 1395 1405 1396
f 1396 1405 1406
f 1396 1406 1397
f 1397 1406 1407
f 1397 1407 1398
f 1398 1407 1408
f 1399 1409 1400
f 1400 1409 1410
f 1400 1410 1401
f 1401 1410 1411
f 1401 1411 1402
f 1402 1411 1412
f 1402 1412 1403
f 1403 1412 1413
f 1403 1413 1404
f 1404 1413 1414
f 1404 1414 1405
f 1405 1414 1415
f 1405 1415 1406
f 1406 1415 1416
f 1406 1416 1407
f 1407 1416 1417
f 1407 1417 1408
f 1408 1417 1418
f 1409 1419 1410
f 1410 1419 1420
f 1410 1420 1411
f 1411 1420 1421
f 1411 1421 1412
f 1412 1421 1422
f 1412 1422 1413
f 1413 1422 1423
f 1413 1423 1414
f 1414 1423 1424
f 1414 1424 1415
f 1415 1424 1425
f 1415 1425 1416
f 1416 1425 1426
f 1416 1426 1417
f 1417 1426 1427
f 1417 1427 1418
f 1418 1427 1428
f 1419 1429 1420
f 1420 1429 1430
f 1420 1430 1421
f 1421 1430 1431
f 1421 1431 1422
f 1422 1431 1432
f 1422 1432 1423
f 1423 1432 1433
f 1423 1433 1424
f 1424 1433 1434
f 1424 1434 1425
f 1425 1434 1435
f 1425 1435 1426
f 1426 1435 1436
f 1426 1436 1427
f 1427 1436 1437
f 1427 1437 1428
f 1428 1437 1438
f 1439 1449 1440
f 1440 1449 1450
f 1440 1450 1441
f 1441 1450 1451
f 1441 1451 1442
f 1442 1451 1452
f 1442 1452 1443
f 1443 1452 1453
f 1443 1453 1444
f 1444 1453 1454
f 1444 1454 1445
f 1445 1454 1455
f 1445 1455 1446
f 1446 1455 1456
f 1446 1456 1447
f 1447 1456 1457
f 1447 1457 1448
f 1448 1457 1458
f 1449 1459 1450
f 1450 1459 1460
f 1450 1460 1451
f 1451 1460 1461
f 1451 1461 1452
f 1452 1461 1462
f 1452 1462 1453
f 1453 1462 1463
f 1453 1463 1454
f 1454 1463 1464
f 1454 1464 1455
f 1455 1464 1465
f 1455 1465 1456
f 1456 1465 1466
f 1456 1466 1457
f 1457 1466 1467
f 1457 1467 1458
f 1458 1467 1468
f 1459 1469 1460
f 1460 1469 1470
f 1460 1470 1461
f 1461 1470 1471
f 1461 1471 1462
f 1462 1471 1472
f 1462 1472 1463
f 1463 1472 1473
f 1463 1473 1464
f 1464 1473 1474
f 1464 1474 1465
f 1465 1474 1475
f 1465 1475 1466
f 1466 1475 1476
f 1466 1476 1467
f 1467 1476 1477
f 1467 1477 1468
f 1468 1477 1478
f 1469 1479 1470
f 1470 1479 1480
f 1470 1480 1471
f 1471 1480 1481
f 1471 1481 1472
f 1472 1481 1482
f 1472 1482 1473
f 1473 1482 1483
f 1473 1483 1474
f 1474 1483 1484
f 1474 1484 1475
f 1475 1484 1485
f 1475 1485 1476
f 1476 1485 1486
f 1476 1486 1477
f 1477 1486 1487
f 1477 1487 1478
f 1478 1487 1488
f 1479 1489 1480
f 1480 1489 1490
f 1480 1490 1481
f 1481 1490 1491
f 1481 1491 1482
f 1482 1491 1492
f 1482 1492 1483
f 1483 1492 1493
f 1483 1493 1484
f 1484 1493 1494
f 1484 1494 1485
f 1485 1494 1495
f 1485 1495 1486
f 1486 1495 1496
f 1486 1496 1487
f 1487 1496 1497
f 1487 1497 1488
f 1488 1497 1498
f 1489 1499 1490
f 1490 1499 1500
f 1490 1500 1491
f 1491 1500 1501
f 1491 1501 1492
f 1492 1501 1502
f 1492 1502 1493
f 1493 1502 1503
f 1493 1503 1494
f 1494 1503 1504
f 1494 1504 1495
f 1495 1504 1505
f 1495 1505 1496
f 1496 1505 1506
f 1496 1506 1497
f 1497 1506 1507
f 1497 1507 1498
f 1498 1507 1508
f 1499 1509 1500
f 1500 1509 1510
f 1500 1510 1501
f 1501 1510 1511
f 1501 1511 1502
f 1502 1511 1512
f 1502 1512 1503
f 1503 1512 1513
f 1503 1513 1504
f 1504 1513 1514
f 1504 1514 1505
f 1505 1514 1515
f 1505 1515 1506
f 1506 1515 1516
f 1506 1516 1507
f 1507 1516 1517
f 1507 1517 1508
f 1508 1517 1518
f 1509 1519 1510
f 1510 1519 1520
f 1510 1520 1511
f 1511 1520 1521
f 1511 1521 1512
f 1512 1521 1522
f 1512 1522 1513
f 1513 1522 1523
f 1513 1523 1514
f 1514 1523 1524
f 1514 1524 1515
f 1515 1524 1525
f 1515 1525 1516
f 1516 1525 1526
f 1516 1526 1517
f 1517 1526 1527
f 1517 1527 1518
f 1518 1527 1528
f 1519 1529 1520
f 1520 1529 1530
f 1520 1530 1521
f 1521 1530 1531
f 1521 1531 1522
f 1522 1531 1532
f 1522 1532 1523
f 1523 1532 1533
f 1523 1533 1524
f 1524 1533 1534
f 1524 1534 1525
f 1525 1534 1535
f 1525 1535 1526
f 1526 1535 1536
f 1526 1536 1527
f 1527 1536 1537
f 1527 1537 1528
f 1528 1537 1538
f 1529 1539 1530
f 1530 1539 1540
f 1530 1540 1531
f 1531 1540 1541
f 1531 1541 1532
f 1532 1541 1542
f 1532 1542 1533
f 1533 1542 1543
f 1533 1543 1534
f 1534 1543 1544
f 1534 1544 1535
f 1535 1544 1545
f 1535 1545 1536
f 1536 1545 1546
f 1536 1546 1537
f 1537 1546 1547
f 1537 1547 1538
f 1538 1547 1548
f 1539 1549 1540
f 1540 1549 1550
f 1540 1550 1541
f 1541 1550 1551
f 1541 1551 1542
f 1542 1551 1552
f 1542 1552 1543
f 1543 1552 1553
f 1543 1553 1544
f 1544 1553 1554
f 1544 1554 1545
f 1545 1554 1555
f 1545 1555 1546
f 1546 1555 1556
f 1546 1556 1547
f 1547 1556 1557
f 1547 1557 1548
f 1548 1557 1558
f 1559 1569 1560
f 1560 1569 1570
f 1560 1570 1561
f 1561 1570 1571
f 1561 1571 1562
f 1562 1571 1572
f 1562 1572 1563
f 1563 1572 1573
f 1563 1573 1564
f 1564 1573 1574
f 1564 1574 1565
f 1565 1574 1575
f 1565 1575 1566
f 1566 1575 1576
f 1566 1576 1567
f 1567 1576 1577
f 1567 1577 1568
f 1568 1577 1578
f 1569 1579 1570
f 1570 1579 1580
f 1570 1580 1571
f 1571 1580 1581
f 1571 1581 1572
f 1572 1581 1582
f 1572 1582 1573
f 1573 1582 1583
f 1573 1583 1574
f 1574 1583 1584
f 1574 1584 1575
f 1575 1584 1585
f 1575 1585 1576
f 1576 1585 1586
f 1576 1586 1577
f 1577 1586 1587
f 1577 1587 1578
f 1578 1587 1588
f 1579 1589 1580
f 1580 1589 1590
f 1580 1590 1581
f 1581 1590 1591
f 1581 1591 1582
f 1582 1591 1592
f 1582 1592 1583
f 1583 1592 1593
f 1583 1593 1584
f 1584 1593 1594
f 1584 1594 1585
f 1585 1594 1595
f 1585 1595 1586
f 1586 1595 1596
f 1586 1596 1587
f 1587 1596 1597
f 1587 1597 1588
f 1588 1597 1598
f 1589 1599 1590
f 1590 1599 1600
f 1590 1600 1591
f 1591 1600 1601
f 1591 1601 1592
f 1592 1601 1602
f 1592 1602 1593
f 1593 1602 1603
f 1593 1603 1594
f 1594 1603 1604
f 1594 1604 1595
f 1595 1604 1605
f 1595 1605 1596
f 1596 1605 1606
f 1596 1606 1597
f 1597 1606 1607
f 1597 1607 1598
f 1598 1607 1608
f 1599 1609 1600
f 1600 1609 1610
f 1600 1610 1601
f 1601 1610 1611
f 1601 1611 1602
f 1602 1611 1612
f 1602 1612 1603
f 1603 1612 1613
f 1603 1613 1604
f 1604 1613 1614
f 1604 1614 1605
f 1605 1614 1615
f 1605 1615 1606
f 1606 1615 1616
f 1606 1616 1607
f 1607 1616 1617
f 1607 1617 1608
f 1608 1617 1618
f 1609 1619 1610
f 1610 1619 1620
f 1610 1620 1611
f 1611 1620 1621
f 1611 1621 1612
f 1612 1621 1622
f 1612 1622 1613
f 1613 1622 1623
f 1613 1623 1614
f 1614 1623 1624
f 1614 1624 1615
f 1615 1624 1625
f 1615 1625 1616
f 1616 1625 1626
f 1616 1626 1617
f 1617 1626 1627
f 1617 1627 1618
f 1618 1627 1628
f 1619 1629 1620
f 1620 1629 1630
f 1620 1630 1621
f 1621 1630 1631
f 1621 1631 1622
f 1622 1631 1632
f 1622 1632 1623
f 1623 1632 1633
f 1623 1633 1624
f 1624 1633 1634
f 1624 1634 1625
f 1625 1634 1635
f 1625 1635 1626
f 1626 1635 1636
f 1626 1636 1627
f 1627 1636 1637
f 1627 1637 1628
f 1628 1637 1638
f 1629 1639 1630
f 1630 1639 1640
f 1630 1640 1631
f 1631 1640 1641
f 1631 1641 1632
f 1632 1641 1642
f 1632 1642 1633
f 1633 1642 1643
f 1633 1643 1634
f 1634 1643 1644
f 1634 1644 1635
f 1635 1644 1645
f 1635 1645 1636
f 1636 1645 1646
f 1636 1646 1637
f 1637 1646 1647
f 1637 1647 1638
f 1638 1647 1648
f 1639 1649 1640
f 1640 1649 1650
f 1640 1650 1641
f 1641 1650 1651
f 1641 1651 1642
f 1642 1651 1652
f 1642 1652 1643
f 1643 1652 1653
f 1643 1653 1644
f 1644 1653 1654
f 1644 1654 1645
f 1645 1654 1655
f 1645 1655 1646
f 1646 1655 1656
f 1646 1656 1647
f 1647 1656 1657
f 1647 1657 1648
f 1648 1657 1658
f 1649 1659 1650
f 1650 1659 1660
f 1650 1660 1651
f 1651 1660 1661
f 1651 1661 1652
f 1652 1661 1662
f 1652 1662 1653
f 1653 1662 1663
f 1653 1663 1654
f 1654 1663 1664
f 1654 1664 1655
f 1655 1664 1665
f 1655 1665 1656
f 1656 1665 1666
f 1656 1666 1657
f 1657 1666 1667
f 1657 1667 1658
f 1658 1667 1668
f 1659 1669 1660
f 1660 1669 1670
f 1660 1670 1661
f 1661 1670 1671
f 1661 1671 1662
f 1662 1671 1672
f 1662 1672 1663
f 1663 1672 1673
f 1663 1673 1664
f 1664 1673 1674
f 1664 1674 1665
f 1665 1674 1675
f 1665 1675 1666
f 1666 1675 1676
f 1666 1676 1667
f 1667 1676 1677
f 1667 1677 1668
f 1668 1677 1678
f 1679 1689 1680
f 1680 1689 1690
f 1680 1690 1681
f 1681 1690 1691
f 1681 1691 1682
f 1682 1691 1692
f 1682 1692 1683
f 1683 1692 1693
f 1683 1693 1684
f 1684 1693 1694
f 1684 1694 1685
f 1685 1694 1695
f 1685 1695 1686
f 1686 1695 1696
f 1686 1696 1687
f 1687 1696 1697
f 1687 1697 1688
f 1688 1697 1698
f 1689 1699 1690
f 1690 1699 1700
f 1690 1700 1691
f 1691 1700 1701
f 1691 1701 1692
f 1692 1701 1702
f 1692 1702 1693
f 1693 1702 1703
f 1693 1703 1694
f 1694 1703 1704
f 1694 1704 1695
f 1695 1704 1705
f 1695 1705 1696
f 1696 1705 1706
f 1696 1706 1697
f 1697 1706 1707
f 1697 1707 1698
f 1698 1707 1708
f 1699 1709 1700
f 1700 1709 1710
f 1700 1710 1701
f 1701 1710 1711
f 1701 1711 1702
f 1702 1711 1712
f 1702 1712 1703
f 1703 1712 1713
f 1703 1713 1704
f 1704 1713 1714
f 1704 1714 1705
f 1705 1714 1715
f 1705 1715 1706
f 1706 1715 1716
f 1706 1716 1707
f 1707 1716 1717
f 1707 1717 1708
f 1708 1717 1718
f 1709 1719 1710
f 1710 1719 1720
f 1710 1720 1711
f 1711 1720 1721
f 1711 1721 1712
f 1712 1721 1722
f 1712 1722 1713
f 1713 1722 1723
f 1713 1723 1714
f 1714 1723 1724
f 1714 1724 1715
f 1715 1724 1725
f 1715 1725 1716
f 1716 1725 1726
f 1716 1726 1717
f 1717 1726 1727
f 1717 1727 1718
f 1718 1727 1728
f 1719 1729 1720
f 1720 1729 1730
f 1720 1730 1721
f 1721 1730 1731
f 1721 1731 1722
f 1722 1731 1732
f 1722 1732 1723
f 1723 1732 1733
f 1723 1733 1724
f 1724 1733 1734
f 1724 1734 1725
f 1725 1734 1735
f 1725 1735 1726
f 1726 1735 1736
f 1726 1736 1727
f 1727 1736 1737
f 1727 1737 1728
f 1728 1737 1738
f 1729 1739 1730
f 1730 1739 1740
f 1730 1740 1731
f 1731 1740 1741
f 1731 1741 1732
f 1732 1741 1742
f 1732 1742 1733
f 1733 1742 1743
f 1733 1743 1734
f 1734 1743 1744
f 1734 1744 1735
f 1735 1744 1745
f 1735 1745 1736
f 1736 1745 1746
f 1736 1746 1737
f 1737 1746 1747
f 1737 1747 1738
f 1738 1747 1748
f 1739 1749 1740
f 1740 1749 1750
f 1740 1750 1741
f 1741 1750 1751
f 1741 1751 1742
f 1742 1751 1752
f 1742 1752 1743
f 1743 1752 1753
f 1743 1753 1744
f 1744 1753 1754
f 1744 1754 1745
f 1745 1754 1755
f 1745 1755 1746
f 1746 1755 1756
f 1746 1756 1747
f 1747 1756 1757
f 1747 1757 1748
f 1748 1757 1758
f 1749 1759 1750
f 1750 1759 1760
f 1750 1760 1751
f 1751 1760 1761
f 1751 1761 1752
f 1752 1761 1762
f 1752 1762 1753
f 1753 1762 1763
f 1753 1763 1754
f 1754 1763 1764
f 1754 1764 1755
f 1755 1764 1765
f 1755 1765 1756
f 1756 1765 1766
f 1756 1766 1757
f 1757 1766 1767
f 1757 1767 1758
f 1758 1767 1768
f 1759 1769 1760
f 1760 1769 1770
f 1760 1770 1761
f 1761 1770 1771
f 1761 1771 1762
f 1762 1771 1772
f 1762 1772 1763
f 1763 1772 1773
f 1763 1773 1764
f 1764 1773 1774
f 1764 1774 1765
f 1765 1774 1775
f 1765 1775 1766
f 1766 1775 1776
f 1766 1776 1767
f 1767 1776 1777
f 1767 1777 1768
f 1768 1777 1778
f 1769 1779 1770
f 1770 1779 1780
f 1770 1780 1771
f 1771 1780 1781
f 1771 1781 1772
f 1772 1781 1782
f 1772 1782 1773
f 1773 1782 1783
f 1773 1783 1774
f 1774 1783 1784
f 1774 1784 1775
f 1775 1784 1785
f 1775 1785 1776
f 1776 1785 1786
f 1776 1786 1777
f 1777 1786 1787
f 1777 1787 1778
f 1778 1787 1788
f 1779 1789 1780
f 1780 1789 1790
f 1780 1790 1781
f 1781 1790 1791
f 1781 1791 1782
f 1782 1791 1792
f 1782 1792 1783
f 1783 1792 1793
f 1783 1793 1784
f 1784 1793 1794
f 1784 1794 1785
f 1785 1794 1795
f 1785 1795 1786
f 1786 1795 1796
f 1786 1796 1787
f 1787 1796 1797
f 1787 1797 1788
f 1788 1797 1798
f 1799 1809 1800
f 1800 1809 1810
f 1800 1810 1801
f 1801 1810 1811
f 1801 1811 1802
f 1802 1811 1812
f 1802 1812 1803
f 1803 1812 1813
f 1803 1813 1804
f 1804 1813 1814
f 1804 1814 1805
f 1805 1814 1815
f 1805 1815 1806
f 1806 1815 1816
f 1806 1816 1807
f 1807 1816 1817
f 1807 1817 1808
f 1808 1817 1818
f 1809 1819 1810
f 1810 1819 1820
f 1810 1820 1811
f 1811 1820 1821
f 1811 1821 1812
f 1812 1821 1822
f 1812 1822 1813
f 1813 1822 1823
f 1813 1823 1814
f 1814 1823 1824
f 1814 1824 1815
f 1815 1824 1825
f 1815 1825 1816
f 1816 1825 1826
f 1816 1826 1817
f 1817 1826 1827
f 1817 1827 1818
f 1818 1827 1828
f 1819 1829 1820
f 1820 1829 1830
f 1820 1830 1821
f 1821 1830 1831
f 1821 1831 1822
f 1822 1831 1832
f 1822 1832 1823
f 1823 1832 1833
f 1823 1833 1824
f 1824 1833 1834
f 1824 1834 1825
f 1825 1834 1835
f 1825 1835 1826
f 1826 1835 1836
f 1826 1836 1827
f 1827 1836 1837
f 1827 1837 1828
f 1828 1837 1838
f 1829 1839 1830
f 1830 1839 1840
f 1830 1840 1831
f 1831 1840 1841
f 1831 1841 1832
f 1832 1841 1842
f 1832 1842 1833
f 1833 1842 1843
f 1833 1843 1834
f 1834 1843 1844
f 1834 1844 1835
f 1835 1844 1845
f 1835 1845 1836
f 1836 1845 1846
f 1836 1846 1837
f 1837 1846 1847
f 1837 1847 1838
f 1838 1847 1848
f 1839 1849 1840
f 1840 1849 1850
f 1840 1850 1841
f 1841 1850 1851
f 1841 1851 1842
f 1842 1851 1852
f 1842 1852 1843
f 1843 1852 1853
f 1843 1853 1844
f 1844 1853 1854
f 1844 1854 1845
f 1845 1854 1855
f 1845 1855 1846
f 1846 1855 1856
f 1846 1856 1847
f 1847 1856 1857
f 1847 1857 1848
f 1848 1857 1858
f 1849 1859 1850
f 1850 1859 1860
f 1850 1860 1851
f 1851 1860 1861
f 1851 1861 1852
f 1852 1861 1862
f 1852 1862 1853
f 1853 1862 1863
f 1853 1863 1854
f 1854 1863 1864
f 1854 1864 1855
f 1855 1864 1865
f 1855 1865 1856
f 1856 1865 1866
f 1856 1866 1857
f 1857 1866 1867
f 1857 1867 1858
f 1858 1867 1868
f 1859 1869 1860
f 1860 1869 1870
f 1860 1870 1861
f 1861 1870 1871
f 1861 1871 1862
f 1862 1871 1872
f 1862 1872 1863
f 1863 1872 1873
f 1863 1873 1864
f 1864 1873 1874
f 1864 1874 1865
f 1865 1874 1875
f 1865 1875 1866
f 1866 1875 1876
f 1866 1876 1867
f 1867 1876 1877
f 1867 1877 1868
f 1868 1877 1878
f 1869 1879 1870
f 1870 1879 1880
f 1870 1880 1871
f 1871 1880 1881
f 1871 1881 1872
f 1872 1881 1882
f 1872 1882 1873
f 1873 1882 1883
f 1873 1883 1874
f 1874 1883 1884
f 1874 1884 1875
f 1875 1884 1885
f 1875 1885 1876
f 1876 1885 1886
f 1876 1886 1877
f 1877 1886 1887
f 1877 1887 1878
f 1878 1887 1888
f 1879 1889 1880
f 1880 1889 1890
f 1880 1890 1881
f 1881 1890 1891
f 1881 1891 1882
f 1882 1891 1892
f 1882 1892 1883
f 1883 1892 1893
f 1883 1893 1884
f 1884 1893 1894
f 1884 1894 1885
f 1885 1894 1895
f 1885 1895 1886
f 1886 1895 1896
f 1886 1896 1887
f 1887 1896 1897
f 1887 1897 1888
f 1888 1897 1898
f 1889 1899 1890
f 1890 1899 1900
f 1890 1900 1891
f 1891 1900 1901
f 1891 1901 1892
f 1892 1901 1902
f 1892 1902 1893
f 1893 1902 1903
f 1893 1903 1894
f 1894 1903 1904
f 1894 1904 1895
f 1895 1904 1905
f 1895 1905 1896
f 1896 1905 1906
f 1896 1906 1897
f 1897 1906 1907
f 1897 1907 1898
f 1898 1907 1908
f 1899 1909 1900
f 1900 1909 1910
f 1900 1910 1901
f 1901 1910 1911
f 1901 1911 1902
f 1902 1911 1912
f 1902 1912 1903
f 1903 1912 1913
f 1903 1913 1904
f 1904 1913 1914
f 1904 1914 1905
f 1905 1914 1915
f 1905 1915 1906
f 1906 1915 1916
f 1906 1916 1907
f 1907 1916 1917
f 1907 1917 1908
f 1908 1917 1918
f 1919 1929 1920
f 1920 1929 1930
f 1920 1930 1921
f 1921 1930 1931
f 1921 1931 1922
f 1922 1931 1932
f 1922 1932 1923
f 1923 1932 1933
f 1923 1933 1924
f 1924 1933 1934
f 1924 1934 1925
f 1925 1934 1935
f 1925 1935 1926
f 1926 1935 1936
f 1926 1936 1927
f 1927 1936 1937
f 1927 1937 1928
f 1928 1937 1938
f 1929 1939 1930
f 1930 1939 1940
f 1930 1940 1931
f 1931 1940 1941
f 1931 1941 1932
f 1932 1941 1942
f 1932 1942 1933
f 1933 1942 1943
f 1933 1943 1934
f 1934 1943 1944
f 1934 1944 1935
f 1935 1944 1945
f 1935 1945 1936
f 1936 1945 1946
f 1936 1946 1937
f 1937 1946 1947
f 1937 1947 1938
f 1938 1947 1948
f 1939 1949 1940
f 1940 1949 1950
f 1940 1950 1941
f 1941 1950 1951
f 1941 1951 1942
f 1942 1951 1952
f 1942 1952 1943
f 1943 1952 1953
f 1943 1953 1944
f 1944 1953 1954
f 1944 1954 1945
f 1945 1954 1955
f 1945 1955 1946
f 1946 1955 1956
f 1946 1956 1947
f 1947 1956 1957
f 1947 1957 1948
f 1948 1957 1958
f 1949 1959 1950
f 1950 1959 1960
f 1950 1960 1951
f 1951 1960 1961
f 1951 1961 1952
f 1952 1961 1962
f 1952 1962 1953
f 1953 1962 1963
f 1953 1963 1954
f 1954 1963 1964
f 1954 1964 1955
f 1955 1964 1965
f 1955 1965 1956
f 1956 1965 1966
f 1956 1966 1957
f 1957 1966 1967
f 1957 1967 1958
f 1958 1967 1968
f 1959 1969 1960
f 1960 1969 1970
f 1960 1970 1961
f 1961 1970 1971
f 1961 1971 1962
f 1962 1971 1972
f 1962 1972 1963
f 1963 1972 1973
f 1963 1973 1964
f 1964 1973 1974
f 1964 1974 1965
f 1965 1974 1975
f 1965 1975 1966
f 1966 1975 1976
f 1966 1976 1967
f 1967 1976 1977
f 1967 1977 1968
f 1968 1977 1978
f 1969 1979 1970
f 1970 1979 1980
f 1970 1980 1971
f 1971 1980 1981
f 1971 1981 1972
f 1972 1981 1982
f 1972 1982 1973
f 1973 1982 1983
f 1973 1983 1974
f 1974 1983 1984
f 1974 1984 1975
f 1975 1984 1985
f 1975 1985 1976
f 1976 1985 1986
f 1976 1986 1977
f 1977 1986 1987
f 1977 1987 1978
f 1978 1987 1988
f 1979 1989 1980
f 1980 1989 1990
f 1980 1990 1981
f 1981 1990 1991
f 1981 1991 1982
f 1982 1991 1992
f 1982 1992 1983
f 1983 1992 1993
f 1983 1993 1984
f 1984 1993 1994
f 1984 1994 1985
f 1985 1994 1995
f 1985 1995 1986
f 1986 1995 1996
f 1986 1996 1987
f 1987 1996 1997
f 1987 1997 1988
f 1988 1997 1998
f 1989 1999 1990
f 1990 1999 2000
f 1990 2000 1991
f 1991 2000 2001
f 1991 2001 1992
f 1992 2001 2002
f 1992 2002 1993
f 1993 2002 2003
f 1993 2003 1994
f 1994 2003 2004
f 1994 2004 1995
f 1995 2004 2005
f 1995 2005 1996
f 1996 2005 2006
f 1996 2006 1997
f 1997 2006 2007
f 1997 2007 1998
f 1998 2007 2008
f 1999 2009 2000
f 2000 2009 2010
f 2000 2010 2001
f 2001 2010 2011
f 2001 2011 2002
f 2002 2011 2012
f 2002 2012 2003
f 2003 2012 2013
f 2003 2013 2004
f 2004 2013 2014
f 2004 2014 2005
f 2005 2014 2015
f 2005 2015 2006
f 2006 2015 2016
f 2006 2016 2007
f 2007 2016 2017
f 2007 2017 2008
f 2008 2017 2018
f 2009 2019 2010
f 2010 2019 2020
f 2010 2020 2011
f 2011 2020 2021
f 2011 2021 2012
f 2012 2021 2022
f 2012 2022 2013
f 2013 2022 2023
f 2013 2023 2014
f 2014 2023 2024
f 2014 2024 2015
f 2015 2024 2025
f 2015 2025 2016
f 2016 2025 2026
f 2016 2026 2017
f 2017 2026 2027
f 2017 2027 2018
f 2018 2027 2028
f 2019 2029 2020
f 2020 2029 2030
f 2020 2030 2021
f 2021 2030 2031
f 2021 2031 2022
f 2022 2031 2032
f 2022 2032 2023
f 2023 2032 2033
f 2023 2033 2024
f 2024 2033 2034
f 2024 2034 2025
f 2025 2034 2035
f 2025 2035 2026
f 2026 2035 2036
f 2026 2036 2027
f 2027 2036 2037
f 2027 2037 2028
f 2028 2037 2038
f 2039 2049 2040
f 2040 2049 2050
f 2040 2050 2041
f 2041 2050 2051
f 2041 2051 2042
f 2042 2051 2052
f 2042 2052 2043
f 2043 2052 2053
f 2043 2053 2044
f 2044 2053 2054
f 2044 2054 2045
f 2045 2054 2055
f 2045 2055 2046
f 2046 2055 2056
f 2046 2056 2047
f 2047 2056 2057
f 2047 2057 2048
f 2048 2057 2058
f 2049 2059 2050
f 2050 2059 2060
f 2050 2060 2051
f 2051 2060 2061
f 2051 2061 2052
f 2052 2061 2062
f 2052 2062 2053
f 2053 2062 2063
f 2053 2063 2054
f 2054 2063 2064
f 2054 2064 2055
f 2055 2064 2065
f 2055 2065 2056
f 2056 2065 2066
f 2056 2066 2057
f 2057 2066 2067
f 2057 2067 2058
f 2058 2067 2068
f 2059 2069 2060
f 2060 2069 2070
f 2060 2070 2061
f 2061 2070 2071
f 2061 2071 2062
f 2062 2071 2072
f 2062 2072 2063
f 2063 2072 2073
f 2063 2073 2064
f 2064 2073 2074
f 2064 2074 2065
f 2065 2074 2075
f 2065 2075 2066
f 2066 2075 2076
f 2066 2076 2067
f 2067 2076 2077
f 2067 2077 2068
f 2068 2077 2078
f 2069 2079 2070
f 2070 2079 2080
f 2070 2080 2071
f 2071 2080 2081
f 2071 2081 2072
f 2072 2081 2082
f 2072 2082 2073
f 2073 2082 2083
f 2073 2083 2074
f 2074 2083 2084
f 2074 2084 2075
f 2075 2084 2085
f 2075 2085 2076
f 2076 2085 2086
f 2076 2086 2077
f 2077 2086 2087
f 2077 2087 2078
f 2078 2087 2088
f 2079 2089 2080
f 2080 2089 2090
f 2080 2090 2081
f 2081 2090 2091
f 2081 2091 2082
f 2082 2091 2092
f 2082 2092 2083
f 2083 2092 2093
f 2083 2093 2084
f 2084 2093 2094
f 2084 2094 2085
f 2085 2094 2095
f 2085 2095 2086
f 2086 2095 2096
f 2086 2096 2087
f 2087 2096 2097
f 2087 2097 2088
f 2088 2097 2098
f 2089 2099 2090
f 2090 2099 2100
f 2090 2100 2091
f 2091 2100 2101
f 2091 2101 2092
f 2092 2101 2102
f 2092 2102 2093
f 2093 2102 2103
f 2093 2103 2094
f 2094 2103 2104
f 2094 2104 2095
f 2095 2104 2105
f 2095 2105 2096
f 2096 2105 2106
f 2096 2106 2097
f 2097 2106 2107
f 2097 2107 2098
f 2098 2107 2108
f 2099 2109 2100
f 2100 2109 2110
f 2100 2110 2101
f 2101 2110 2111
f 2101 2111 2102
f 2102 2111 2112
f 2102 2112 2103
f 2103 2112 2113
f 2103 2113 2104
f 2104 2113 2114
f 2104 2114 2105
f 2105 2114 2115
f 2105 2115 2106
f 2106 2115 2116
f 2106 2116 2107
f 2107 2116 2117
f 2107 2117 2108
f 2108 2117 2118
f 2109 2119 2110
f 2110 2119 2120
f 2110 2120 2111
f 2111 2120 2121
f 2111 2121 2112
f 2112 2121 2122
f 2112 2122 2113
f 2113 2122 2123
f 2113 2123 2114
f 2114 2123 2124
f 2114 2124 2115
f 2115 2124 2125
f 2115 2125 2116
f 2116 2125 2126
f 2116 2126 2117
f 2117 2126 2127
f 2117 2127 2118
f 2118 2127 2128
f 2119 2129 2120
f 2120 2129 2130
f 2120 2130 2121
f 2121 2130 2131
f 2121 2131 2122
f 2122 2131 2132
f 2122 2132 2123
f 2123 2132 2133
f 2123 2133 2124
f 2124 2133 2134
f 2124 2134 2125
f 2125 2134 2135
f 2125 2135 2126
f 2126 2135 2136
f 2126 2136 2127
f 2127 2136 2137
f 2127 2137 2128
f 2128 2137 2138
f 2129 2139 2130
f 2130 2139 2140
f 2130 2140 2131
f 2131 2140 2141
f 2131 2141 2132
f 2132 2141 2142
f 2132 2142 2133
f 2133 2142 2143
f 2133 2143 2134
f 2134 2143 2144
f 2134 2144 2135
f 2135 2144 2145
f 2135 2145 2136
f 2136 2145 2146
f 2136 2146 2137
f 2137 2146 2147
f 2137 2147 2138
f 2138 2147 2148
f 2139 2149 2140
f 2140 2149 2150
f 2140 2150 2141
f 2141 2150 2151
f 2141 2151 2142
f 2142 2151 2152
f 2142 2152 2143
f 2143 2152 2153
f 2143 2153 2144
f 2144 2153 2154
f 2144 2154 2145
f 2145 2154 2155
f 2145 2155 2146
f 2146 2155 2156
f 2146 2156 2147
f 2147 2156 2157
f 2147 2157 2148
f 2148 2157 2158
f 2159 2169 2160
f 2160 2169 2170
f 2160 2170 2161
f 2161 2170 2171
f 2161 2171 2162
f 2162 2171 2172
f 2162 2172 2163
f 2163 2172 2173
f 2163 2173 2164
f 2164 2173 2174
f 2164 2174 2165
f 2165 2174 2175
f 2165 2175 2166
f 2166 2175 2176
f 2166 2176 2167
f 2167 2176 2177
f 2167 2177 2168
f 2168 2177 2178
f 2169 2179 2170
f 2170 2179 2180
f 2170 2180 2171
f 2171 2180 2181
f 2171 2181 2172
f 2172 2181 2182
f 2172 2182 2173
f 2173 2182 2183
f 2173 2183 2174
f 2174 2183 2184
f 2174 2184 2175
f 2175 2184 2185
f 2175 2185 2176
f 2176 2185 2186
f 2176 2186 2177
f 2177 2186 2187
f 2177 2187 2178
f 2178 2187 2188
f 2179 2189 2180
f 2180 2189 2190
f 2180 2190 2181
f 2181 2190 2191
f 2181 2191 2182
f 2182 2191 2192
f 2182 2192 2183
f 2183 2192 2193
f 2183 2193 2184
f 2184 2193 2194
f 2184 2194 2185
f 2185 2194 2195
f 2185 2195 2186
f 2186 2195 2196
f 2186 2196 2187
f 2187 2196 2197
f 2187 2197 2188
f 2188 2197 2198
f 2189 2199 2190
f 2190 2199 2200
f 2190 2200 2191
f 2191 2200 2201
f 2191 2201 2192
f 2192 2201 2202
f 2192 2202 2193
f 2193 2202 2203
f 2193 2203 2194
f 2194 2203 2204
f 2194 2204 2195
f 2195 2204 2205
f 2195 2205 2196
f 2196 2205 2206
f 2196 2206 2197
f 2197 2206 2207
f 2197 2207 2198
f 2198 2207 2208
f 2199 2209 2200
f 2200 2209 2210
f 2200 2210 2201
f 2201 2210 2211
f 2201 2211 2202
f 2202 2211 2212
f 2202 2212 2203
f 2203 2212 2213
f 2203 2213 2204
f 2204 2213 2214
f 2204 2214 2205
f 2205 2214 2215
f 2205 2215 2206
f 2206 2215 2216
f 2206 2216 2207
f 2207 2216 2217
f 2207 2217 2208
f 2208 2217 2218
f 2209 2219 2210
f 2210 2219 2220
f 2210 2220 2211
f 2211 2220 2221
f 2211 2221 2212
f 2212 2221 2222
f 2212 2222 2213
f 2213 2222 2223
f 2213 2223 2214
f 2214 2223 2224
f 2214 2224 2215
f 2215 2224 2225
f 2215 2225 2216
f 2216 2225 2226
f 2216 2226 2217
f 2217 2226 2227
f 2217 2227 2218
f 2218 2227 2228
f 2219 2229 2220
f 2220 2229 2230
f 2220 2230 2221
f 2221 2230 2231
f 2221 2231 2222
f 2222 2231 2232
f 2222 2232 2223
f 2223 2232 2233
f 2223 2233 2224
f 2224 2233 2234
f 2224 2234 2225
f 2225 2234 2235
f 2225 2235 2226
f 2226 2235 2236
f 2226 2236 2227
f 2227 2236 2237
f 2227 2237 2228
f 2228 2237 2238
f 2229 2239 2230
f 2230 2239 2240
f 2230 2240 2231
f 2231 2240 2241
f 2231 2241 2232
f 2232 2241 2242
f 2232 2242 2233
f 2233 2242 2243
f 2233 2243 2234
f 2234 2243 2244
f 2234 2244 2235
f 2235 2244 2245
f 2235 2245 2236
f 2236 2245 2246
f 2236 2246 2237
f 2237 2246 2247
f 2237 2247 2238
f 2238 2247 2248
f 2239 2249 2240
f 2240 2249 2250
f 2240 2250 2241
f 2241 2250 2251
f 2241 2251 2242
f 2242 2251 2252
f 2242 2252 2243
f 2243 2252 2253
f 2243 2253 2244
f 2244 2253 2254
f 2244 2254 2245
f 2245 2254 2255
f 2245 2255 2246
f 2246 2255 2256
f 2246 2256 2247
f 2247 2256 2257
f 2247 2257 2248
f 2248 2257 2258
f 2249 2259 2250
f 2250 2259 2260
f 2250 2260 2251
f 2251 2260 2261
f 2251 2261 2252
f 2252 2261 2262
f 2252 2262 2253
f 2253 2262 2263
f 2253 2263 2254
f 2254 2263 2264
f 2254 2264 2255
f 2255 2264 2265
f 2255 2265 2256
f 2256 2265 2266
f 2256 2266 2257
f 2257 2266 2267
f 2257 2267 2258
f 2258 2267 2268
f 2259 2269 2260
f 2260 2269 2270
f 2260 2270 2261
f 2261 2270 2271
f 2261 2271 2262
f 2262 2271 2272
f 2262 2272 2263
f 2263 2272 2273
f 2263 2273 2264
f 2264 2273 2274
f 2264 2274 2265
f 2265 2274 2275
f 2265 2275 2266
f 2266 2275 2276
f 2266 2276 2267
f 2267 2276 2277
f 2267 2277 2268
f 2268 2277 2278
f 2279 2289 2280
f 2280 2289 2290
f 2280 2290 2281
f 2281 2290 2291
f 2281 2291 2282
f 2282 2291 2292
f 2282 2292 2283
f 2283 2292 2293
f 2283 2293 2284
f 2284 2293 2294
f 2284 2294 2285
f 2285 2294 2295
f 2285 2295 2286
f 2286 2295 2296
f 2286 2296 2287
f 2287 2296 2297
f 2287 2297 2288
f 2288 2297 2298
f 2289 2299 2290
f 2290 2299 2300
f 2290 2300 2291
f 2291 2300 2301
f 2291 2301 2292
f 2292 2301 2302
f 2292 2302 2293
f 2293 2302 2303
f 2293 2303 2294
f 2294 2303 2304
f 2294 2304 2295
f 2295 2304 2305
f 2295 2305 2296
f 2296 2305 2306
f 2296 2306 2297
f 2297 2306 2307
f 2297 2307 2298
f 2298 2307 2308
f 2299 2309 2300
f 2300 2309 2310
f 2300 2310 2301
f 2301 2310 2311
f 2301 2311 2302
f 2302 2311 2312
f 2302 2312 2303
f 2303 2312 2313
f 2303 2313 2304
f 2304 2313 2314
f 2304 2314 2305
f 2305 2314 2315
f 2305 2315 2306
f 2306 2315 2316
f 2306 2316 2307
f 2307 2316 2317
f 2307 2317 2308
f 2308 2317 2318
f 2309 2319 2310
f 2310 2319 2320
f 2310 2320 2311
f 2311 2320 2321
f 2311 2321 2312
f 2312 2321 2322
f 2312 2322 2313
f 2313 2322 2323
f 2313 2323 2314
f 2314 2323 2324
f 2314 2324 2315
f 2315 2324 2325
f 2315 2325 2316
f 2316 2325 2326
f 2316 2326 2317
f 2317 2326 2327
f 2317 2327 2318
f 2318 2327 2328
f 2319 2329 2320
f 2320 2329 2330
f 2320 2330 2321
f 2321 2330 2331
f 2321 2331 2322
f 2322 2331 2332
f 2322 2332 2323
f 2323 2332 2333
f 2323 2333 2324
f 2324 2333 2334
f 2324 2334 2325
f 2325 2334 2335
f 2325 2335 2326
f 2326 2335 2336
f 2326 2336 2327
f 2327 2336 2337
f 2327 2337 2328
f 2328 2337 2338
f 2329 2339 2330
f 2330 2339 2340
f 2330 2340 2331
f 2331 2340 2341
f 2331 2341 2332
f 2332 2341 2342
f 2332 2342 2333
f 2333 2342 2343
f 2333 2343 2334
f 2334 2343 2344
f 2334 2344 2335
f 2335 2344 2345
f 2335 2345 2336
f 2336 2345 2346
f 2336 2346 2337
f 2337 2346 2347
f 2337 2347 2338
f 2338 2347 2348
f 2339 2349 2340
f 2340 2349 2350
f 2340 2350 2341
f 2341 2350 2351
f 2341 2351 2342
f 2342 2351 2352
f 2342 2352 2343
f 2343 2352 2353
f 2343 2353 2344
f 2344 2353 2354
f 2344 2354 2345
f 2345 2354 2355
f 2345 2355 2346
f 2346 2355 2356
f 2346 2356 2347
f 2347 2356 2357
f 2347 2357 2348
f 2348 2357 2358
f 2349 2359 2350
f 2350 2359 2360
f 2350 2360 2351
f 2351 2360 2361
f 2351 2361 2352
f 2352 2361 2362
f 2352 2362 2353
f 2353 2362 2363
f 2353 2363 2354
f 2354 2363 2364
f 2354 2364 2355
f 2355 2364 2365
f 2355 2365 2356
f 2356 2365 2366
f 2356 2366 2357
f 2357 2366 2367
f 2357 2367 2358
f 2358 2367 2368
f 2359 2369 2360
f 2360 2369 2370
f 2360 2370 2361
f 2361 2370 2371
f 2361 2371 2362
f 2362 2371 2372
f 2362 2372 2363
f 2363 2372 2373
f 2363 2373 2364
f 2364 2373 2374
f 2364 2374 2365
f 2365 2374 2375
f 2365 2375 2366
f 2366 2375 2376
f 2366 2376 2367
f 2367 2376 2377
f 2367 2377 2368
f 2368 2377 2378
f 2369 2379 2370
f 2370 2379 2380
f 2370 2380 2371
f 2371 2380 2381
f 2371 2381 2372
f 2372 2381 2382
f 2372 2382 2373
f 2373 2382 2383
f 2373 2383 2374
f 2374 2383 2384
f 2374 2384 2375
f 2375 2384 2385
f 2375 2385 2376
f 2376 2385 2386
f 2376 2386 2377
f 2377 2386 2387
f 2377 2387 2378
f 2378 2387 2388
f 2379 2389 2380
f 2380 2389 2390
f 2380 2390 2381
f 2381 2390 2391
f 2381 2391 2382
f 2382 2391 2392
f 2382 2392 2383
f 2383 2392 2393
f 2383 2393 2384
f 2384 2393 2394
f 2384 2394 2385
f 2385 2394 2395
f 2385 2395 2386
f 2386 2395 2396
f 2386 2396 2387
f 2387 2396 2397
f 2387 2397 2388
f 2388 2397 2398
v 0.06000 0.15896 0.47346 0.57758 0.43415 0.27889
v 0.06000 0.15896 0.47346 0.57758 0.43415 0.27889
v 0.06000 0.15896 0.47346 0.57758 0.43415 0.27889
v 0.06000 0.15896 0.47346 0.57758 0.43415 0.27889
v 0.06000 0.15896 0.47346 0.57758 0.43415 0.27889
v 0.06000 0.15896 0.47346 0.57758 0.43415 0.27889
v 0.06000 0.15896 0.47346 0.57758 0.43415 0.27889
v 0.06000 0.15896 0.47346 0.57758 0.43415 0.27889
v 0.06000 0.18226 0.35065 0.57758 0.43415 0.27889
v 0.03264 0.19400 0.35663 0.57758 0.43415 0.27889
v 0.02588 0.22038 0.37008 0.57758 0.43415 0.27889
v 0.04481 0.24154 0.38086 0.57758 0.43415 0.27889
v 0.07519 0.24154 0.38086 0.57758 0.43415 0.27889
v 0.09412 0.22038 0.37008 0.57758 0.43415 0.27889
v 0.08736 0.19400 0.35663 0.57758 0.43415 0.27889
v 0.06000 0.18226 0.35065 0.57758 0.43415 0.27889
v 0.06000 0.21344 0.36654 0.57758 0.43415 0.27889
v 0.06000 0.21344 0.36654 0.57758 0.43415 0.27889
v 0.06000 0.21344 0.36654 0.57758 0.43415 0.27889
v 0.06000 0.21344 0.36654 0.57758 0.43415 0.27889
v 0.06000 0.21344 0.36654 0.57758 0.43415 0.27889
v 0.06000 0.21344 0.36654 0.57758 0.43415 0.27889
v 0.06000 0.21344 0.36654 0.57758 0.43415 0.27889
v 0.06000 0.18226 0.35065 0.57758 0.43415 0.27889
v 0.03264 0.19400 0.35663 0.57758 0.43415 0.27889
v 0.02588 0.22038 0.37008 0.57758 0.43415 0.27889
v 0.04481 0.24154 0.38086 0.57758 0.43415 0.27889
v 0.07519 0.24154 0.38086 0.57758 0.43415 0.27889
v 0.09412 0.22038 0.37008 0.57758 0.43415 0.27889
v 0.08736 0.19400 0.35663 0.57758 0.43415 0.27889
v 0.06000 0.18226 0.35065 0.57758 0.43415 0.27889
v -0.06000 0.15896 0.47346 0.57758 0.43415 0.27889
v -0.06000 0.15896 0.47346 0.57758 0.43415 0.27889
v -0.06000 0.15896 0.47346 0.57758 0.43415 0.27889
v -0.06000 0.15896 0.47346 0.57758 0.43415 0.27889
v -0.06000 0.15896 0.47346 0.57758 0.43415 0.27889
v -0.06000 0.15896 0.47346 0.57758 0.43415 0.27889
v -0.06000 0.15896 0.47346 0.57758 0.43415 0.27889
v -0.06000 0.15896 0.47346 0.57758 0.43415 0.27889
v -0.06000 0.18226 0.35065 0.57758 0.43415 0.27889
v -0.08736 0.19400 0.35663 0.57758 0.43415 0.27889
v -0.09412 0.22038 0.37008 0.57758 0.43415 0.27889
v -0.07519 0.24154 0.38086 0.57758 0.43415 0.27889
v -0.04481 0.24154 0.38086 0.57758 0.43415 0.27889
v -0.02588 0.22038 0.37008 0.57758 0.43415 0.27889
v -0.03264 0.19400 0.35663 0.57758 0.43415 0.27889
v -0.06000 0.18226 0.35065 0.57758 0.43415 0.27889
v -0.06000 0.21344 0.36654 0.57758 0.43415 0.27889
v -0.06000 0.21344 0.36654 0.57758 0.43415 0.27889
v -0.06000 0.21344 0.36654 0.57758 0.43415 0.27889
v -0.06000 0.21344 0.36654 0.57758 0.43415 0.27889
v -0.06000 0.21344 0.36654 0.57758 0.43415 0.27889
v -0.06000 0.21344 0.36654 0.57758 0.43415 0.27889
v -0.06000 0.21344 0.36654 0.57758 0.43415 0.27889
v -0.06000 0.18226 0.35065 0.57758 0.43415 0.27889
v -0.08736 0.19400 0.35663 0.57758 0.43415 0.27889
v -0.09412 0.22038 0.37008 0.57758 0.43415 0.27889
v -0.07519 0.24154 0.38086 0.57758 0.43415 0.27889
v -0.04481 0.24154 0.38086 0.57758 0.43415 0.27889
v -0.02588 0.22038 0.37008 0.57758 0.43415 0.27889
v -0.03264 0.19400 0.35663 0.57758 0.43415 0.27889
v -0.06000 0.18226 0.35065 0.57758 0.43415 0.27889
f 2407 2400 2408
f 2408 2401 2409
f 2409 2402 2410
f 2410 2403 2411
f 2411 2404 2412
f 2412 2405 2413
f 2413 2406 2414
f 2423 2415 2422
f 2424 2416 2423
f 2425 2417 2424
f 2426 2418 2425
f 2427 2419 2426
f 2428 2420 2427
f 2429 2421 2428
f 2438 2431 2439
f 2439 2432 2440
f 2440 2433 2441
f 2441 2434 2442
f 2442 2435 2443
f 2443 2436 2444
f 2444 2437 2445
f 2454 2446 2453
f 2455 2447 2454
f 2456 2448 2455
f 2457 2449 2456
f 2458 2450 2457
f 2459 2451 2458
f 2460 2452 2459
v 0.07000 0.27620 0.40000 1.00000 0.01600 0.01600
v 0.07000 0.27620 0.40000 1.00000 0.01600 0.01600
v 0.07000 0.27620 0.40000 1.00000 0.01600 0.01600
v 0.07000 0.27620 0.40000 1.00000 0.01600 0.01600
v 0.07000 0.27620 0.40000 1.00000 0.01600 0.01600
v 0.07000 0.27620 0.40000 1.00000 0.01600 0.01600
v 0.07000 0.27620 0.40000 1.00000 0.01600 0.01600
v 0.07000 0.27620 0.40000 1.00000 0.01600 0.01600
v 0.08763 0.27047 0.40000 1.00000 0.01600 0.01600
v 0.08099 0.27047 0.41379 1.00000 0.01600 0.01600
v 0.06608 0.27047 0.41719 1.00000 0.01600 0.01600
v 0.05411 0.27047 0.40765 1.00000 0.01600 0.01600
v 0.05411 0.27047 0.39235 1.00000 0.01600 0.01600
v 0.06608 0.27047 0.38281 1.00000 0.01600 0.01600
v 0.08099 0.27047 0.38621 1.00000 0.01600 0.01600
v 0.08763 0.27047 0.40000 1.00000 0.01600 0.01600
v 0.09853 0.25547 0.40000 1.00000 0.01600 0.01600
v 0.08779 0.25547 0.42231 1.00000 0.01600 0.01600
v 0.06365 0.25547 0.42782 1.00000 0.01600 0.01600
v 0.04429 0.25547 0.41238 1.00000 0.01600 0.01600
v 0.04429 0.25547 0.38762 1.00000 0.01600 0.01600
v 0.06365 0.25547 0.37218 1.00000 0.01600 0.01600
v 0.08779 0.25547 0.37769 1.00000 0.01600 0.01600
v 0.09853 0.25547 0.40000 1.00000 0.01600 0.01600
v 0.09853 0.23693 0.40000 1.00000 0.01600 0.01600
v 0.08779 0.23693 0.42231 1.00000 0.01600 0.01600
v 0.06365 0.23693 0.42782 1.00000 0.01600 0.01600
v 0.04429 0.23693 0.41238 1.00000 0.01600 0.01600
v 0.04429 0.23693 0.38762 1.00000 0.01600 0.01600
v 0.06365 0.23693 0.37218 1.00000 0.01600 0.01600
v 0.08779 0.23693 0.37769 1.00000 0.01600 0.01600
v 0.09853 0.23693 0.40000 1.00000 0.01600 0.01600
v 0.08763 0.22193 0.40000 1.00000 0.01600 0.01600
v 0.08099 0.22193 0.41379 1.00000 0.01600 0.01600
v 0.06608 0.22193 0.41719 1.00000 0.01600 0.01600
v 0.05411 0.22193 0.40765 1.00000 0.01600 0.01600
v 0.05411 0.22193 0.39235 1.00000 0.01600 0.01600
v 0.06608 0.22193 0.38281 1.00000 0.01600 0.01600
v 0.08099 0.22193 0.38621 1.00000 0.01600 0.01600
v 0.08763 0.22193 0.40000 1.00000 0.01600 0.01600
v 0.07000 0.21620 0.40000 1.00000 0.01600 0.01600
v 0.07000 0.21620 0.40000 1.00000 0.01600 0.01600
v 0.07000 0.21620 0.40000 1.00000 0.01600 0.01600
v 0.07000 0.21620 0.40000 1.00000 0.01600 0.01600
v 0.07000 0.21620 0.40000 1.00000 0.01600 0.01600
v 0.07000 0.21620 0.40000 1.00000 0.01600 0.01600
v 0.07000 0.21620 0.40000 1.00000 0.01600 0.01600
v 0.07000 0.21620 0.40000 1.00000 0.01600 0.01600
v 0.00000 0.27620 0.40000 1.00000 0.01600 0.01600
v 0.00000 0.27620 0.40000 1.00000 0.01600 0.01600
v 0.00000 0.27620 0.40000 1.00000 0.01600 0.01600
v 0.00000 0.27620 0.40000 1.00000 0.01600 0.01600
v 0.00000 0.27620 0.40000 1.00000 0.01600 0.01600
v 0.00000 0.27620 0.40000 1.00000 0.01600 0.01600
v 0.00000 0.27620 0.40000 1.00000 0.01600 0.01600
v 0.00000 0.27620 0.40000 1.00000 0.01600 0.01600
v 0.01763 0.27047 0.40000 1.00000 0.01600 0.01600
v 0.01099 0.27047 0.41379 1.00000 0.01600 0.01600
v -0.00392 0.27047 0.41719 1.00000 0.01600 0.01600
v -0.01589 0.27047 0.40765 1.00000 0.01600 0.01600
v -0.01589 0.27047 0.39235 1.00000 0.01600 0.01600
v -0.00392 0.27047 0.38281 1.00000 0.01600 0.01600
v 0.01099 0.27047 0.38621 1.00000 0.01600 0.01600
v 0.01763 0.27047 0.40000 1.00000 0.01600 0.01600
v 0.02853 0.25547 0.40000 1.00000 0.01600 0.01600
v 0.01779 0.25547 0.42231 1.00000 0.01600 0.01600
v -0.00635 0.25547 0.42782 1.00000 0.01600 0.01600
v -0.02571 0.25547 0.41238 1.00000 0.01600 0.01600
v -0.02571 0.25547 0.38762 1.00000 0.01600 0.01600
v -0.00635 0.25547 0.37218 1.00000 0.01600 0.01600
v 0.01779 0.25547 0.37769 1.00000 0.01600 0.01600
v 0.02853 0.25547 0.40000 1.00000 0.01600 0.01600
v 0.02853 0.23693 0.40000 1.00000 0.01600 0.01600
v 0.01779 0.23693 0.42231 1.00000 0.01600 0.01600
v -0.00635 0.23693 0.42782 1.00000 0.01600 0.01600
v -0.02571 0.23693 0.41238 1.00000 0.01600 0.01600
v -0.02571 0.23693 0.38762 1.00000 0.01600 0.01600
v -0.00635 0.23693 0.37218 1.00000 0.01600 0.01600
v 0.01779 0.23693 0.37769 1.00000 0.01600 0.01600
v 0.02853 0.23693 0.40000 1.00000 0.01600 0.01600
v 0.01763 0.22193 0.40000 1.00000 0.01600 0.01600
v 0.01099 0.22193 0.41379 1.00000 0.01600 0.01600
v -0.00392 0.22193 0.41719 1.00000 0.01600 0.01600
v -0.01589 0.22193 0.40765 1.00000 0.01600 0.01600
v -0.01589 0.22193 0.39235 1.00000 0.01600 0.01600
v -0.00392 0.22193 0.38281 1.00000 0.01600 0.01600
v 0.01099 0.22193 0.38621 1.00000 0.01600 0.01600
v 0.01763 0.22193 0.40000 1.00000 0.01600 0.01600
v 0.00000 0.21620 0.40000 1.00000 0.01600 0.01600
v 0.00000 0.21620 0.40000 1.00000 0.01600 0.01600
v 0.00000 0.21620 0.40000 1.00000 0.01600 0.01600
v 0.00000 0.21620 0.40000 1.00000 0.01600 0.01600
v 0.00000 0.21620 0.40000 1.00000 0.01600 0.01600
v 0.00000 0.21620 0.40000 1.00000 0.01600 0.01600
v 0.00000 0.21620 0.40000 1.00000 0.01600 0.01600
v 0.00000 0.21620 0.40000 1.00000 0.01600 0.01600
v -0.07000 0.27620 0.40000 1.00000 0.01600 0.01600
v -0.07000 0.27620 0.40000 1.00000 0.01600 0.01600
v -0.07000 0.27620 0.40000 1.00000 0.01600 0.01600
v -0.07000 0.27620 0.40000 1.00000 0.01600 0.01600
v -0.07000 0.27620 0.40000 1.00000 0.01600 0.01600
v -0.07000 0.27620 0.40000 1.00000 0.01600 0.01600
v -0.07000 0.27620 0.40000 1.00000 0.01600 0.01600
v -0.07000 0.27620 0.40000 1.00000 0.01600 0.01600
v -0.05237 0.27047 0.40000 1.00000 0.01600 0.01600
v -0.05901 0.27047 0.41379 1.00000 0.01600 0.01600
v -0.07392 0.27047 0.41719 1.00000 0.01600 0.01600
v -0.08589 0.27047 0.40765 1.00000 0.01600 0.01600
v -0.08589 0.27047 0.39235 1.00000 0.01600 0.01600
v -0.07392 0.27047 0.38281 1.00000 0.01600 0.01600
v -0.05901 0.27047 0.38621 1.00000 0.01600 0.01600
v -0.05237 0.27047 0.40000 1.00000 0.01600 0.01600
v -0.04147 0.25547 0.40000 1.00000 0.01600 0.01600
v -0.05221 0.25547 0.42231 1.00000 0.01600 0.01600
v -0.07635 0.25547 0.42782 1.00000 0.01600 0.01600
v -0.09571 0.25547 0.41238 1.00000 0.01600 0.01600
v -0.09571 0.25547 0.38762 1.00000 0.01600 0.01600
v -0.07635 0.25547 0.37218 1.00000 0.01600 0.01600
v -0.05221 0.25547 0.37769 1.00000 0.01600 0.01600
v -0.04147 0.25547 0.40000 1.00000 0.01600 0.01600
v -0.04147 0.23693 0.40000 1.00000 0.01600 0.01600
v -0.05221 0.23693 0.42231 1.00000 0.01600 0.01600
v -0.07635 0.23693 0.42782 1.00000 0.01600 0.01600
v -0.09571 0.23693 0.41238 1.00000 0.01600 0.01600
v -0.09571 0.23693 0.38762 1.00000 0.01600 0.01600
v -0.07635 0.23693 0.37218 1.00000 0.01600 0.01600
v -0.05221 0.23693 0.37769 1.00000 0.01600 0.01600
v -0.04147 0.23693 0.40000 1.00000 0.01600 0.01600
v -0.05237 0.22193 0.40000 1.00000 0.01600 0.01600
v -0.05901 0.22193 0.41379 1.00000 0.01600 0.01600
v -0.07392 0.22193 0.41719 1.00000 0.01600 0.01600
v -0.08589 0.22193 0.40765 1.00000 0.01600 0.01600
v -0.08589 0.22193 0.39235 1.00000 0.01600 0.01600
v -0.07392 0.22193 0.38281 1.00000 0.01600 0.01600
v -0.05901 0.22193 0.38621 1.00000 0.01600 0.01600
v -0.05237 0.22193 0.40000 1.00000 0.01600 0.01600
v -0.07000 0.21620 0.40000 1.00000 0.01600 0.01600
v -0.07000 0.21620 0.40000 1.00000 0.01600 0.01600
v -0.07000 0.21620 0.40000 1.00000 0.01600 0.01600
v -0.07000 0.21620 0.40000 1.00000 0.01600 0.01600
v -0.07000 0.21620 0.40000 1.00000 0.01600 0.01600
v -0.07000 0.21620 0.40000 1.00000 0.01600 0.01600
v -0.07000 0.21620 0.40000 1.00000 0.01600 0.01600
v -0.07000 0.21620 0.40000 1.00000 0.01600 0.01600
v 0.07000 0.27620 0.45000 1.00000 0.01600 0.01600
v 0.07000 0.27620 0.45000 1.00000 0.01600 0.01600
v 0.07000 0.27620 0.45000 1.00000 0.01600 0.01600
v 0.07000 0.27620 0.45000 1.00000 0.01600 0.01600
v 0.07000 0.27620 0.45000 1.00000 0.01600 0.01600
v 0.07000 0.27620 0.45000 1.00000 0.01600 0.01600
v 0.07000 0.27620 0.45000 1.00000 0.01600 0.01600
v 0.07000 0.27620 0.45000 1.00000 0.01600 0.01600
v 0.08763 0.27047 0.45000 1.00000 0.01600 0.01600
v 0.08099 0.27047 0.46379 1.00000 0.01600 0.01600
v 0.06608 0.27047 0.46719 1.00000 0.01600 0.01600
v 0.05411 0.27047 0.45765 1.00000 0.01600 0.01600
v 0.05411 0.27047 0.44235 1.00000 0.01600 0.01600
v 0.06608 0.27047 0.43281 1.00000 0.01600 0.01600
v 0.08099 0.27047 0.43621 1.00000 0.01600 0.01600
v 0.08763 0.27047 0.45000 1.00000 0.01600 0.01600
v 0.09853 0.25547 0.45000 1.00000 0.01600 0.01600
v 0.08779 0.25547 0.47231 1.00000 0.01600 0.01600
v 0.06365 0.25547 0.47782 1.00000 0.01600 0.01600
v 0.04429 0.25547 0.46238 1.00000 0.01600 0.01600
v 0.04429 0.25547 0.43762 1.00000 0.01600 0.01600
v 0.06365 0.25547 0.42218 1.00000 0.01600 0.01600
v 0.08779 0.25547 0.42769 1.00000 0.01600 0.01600
v 0.09853 0.25547 0.45000 1.00000 0.01600 0.01600
v 0.09853 0.23693 0.45000 1.00000 0.01600 0.01600
v 0.08779 0.23693 0.47231 1.00000 0.01600 0.01600
v 0.06365 0.23693 0.47782 1.00000 0.01600 0.01600
v 0.04429 0.23693 0.46238 1.00000 0.01600 0.01600
v 0.04429 0.23693 0.43762 1.00000 0.01600 0.01600
v 0.06365 0.23693 0.42218 1.00000 0.01600 0.01600
v 0.08779 0.23693 0.42769 1.00000 0.01600 0.01600
v 0.09853 0.23693 0.45000 1.00000 0.01600 0.01600
v 0.08763 0.22193 0.45000 1.00000 0.01600 0.01600
v 0.08099 0.22193 0.46379 1.00000 0.01600 0.01600
v 0.06608 0.22193 0.46719 1.00000 0.01600 0.01600
v 0.05411 0.22193 0.45765 1.00000 0.01600 0.01600
v 0.05411 0.22193 0.44235 1.00000 0.01600 0.01600
v 0.06608 0.22193 0.43281 1.00000 0.01600 0.01600
v 0.08099 0.22193 0.43621 1.00000 0.01600 0.01600
v 0.08763 0.22193 0.45000 1.00000 0.01600 0.01600
v 0.07000 0.21620 0.45000 1.00000 0.01600 0.01600
v 0.07000 0.21620 0.45000 1.00000 0.01600 0.01600
v 0.07000 0.21620 0.45000 1.00000 0.01600 0.01600
v 0.07000 0.21620 0.45000 1.00000 0.01600 0.01600
v 0.07000 0.21620 0.45000 1.00000 0.01600 0.01600
v 0.07000 0.21620 0.45000 1.00000 0.01600 0.01600
v 0.07000 0.21620 0.45000 1.00000 0.01600 0.01600
v 0.07000 0.21620 0.45000 1.00000 0.01600 0.01600
v 0.00000 0.27620 0.45000 1.00000 0.01600 0.01600
v 0.00000 0.27620 0.45000 1.00000 0.01600 0.01600
v 0.00000 0.27620 0.45000 1.00000 0.01600 0.01600
v 0.00000 0.27620 0.45000 1.00000 0.01600 0.01600
v 0.00000 0.27620 0.45000 1.00000 0.01600 0.01600
v 0.00000 0.27620 0.45000 1.00000 0.01600 0.01600
v 0.00000 0.27620 0.45000 1.00000 0.01600 0.01600
v 0.00000 0.27620 0.45000 1.00000 0.01600 0.01600
v 0.01763 0.27047 0.45000 1.00000 0.01600 0.01600
v 0.01099 0.27047 0.46379 1.00000 0.01600 0.01600
v -0.00392 0.27047 0.46719 1.00000 0.01600 0.01600
v -0.01589 0.27047 0.45765 1.00000 0.01600 0.01600
v -0.01589 0.27047 0.44235 1.00000 0.01600 0.01600
v -0.00392 0.27047 0.43281 1.00000 0.01600 0.01600
v 0.01099 0.27047 0.43621 1.00000 0.01600 0.01600
v 0.01763 0.27047 0.45000 1.00000 0.01600 0.01600
v 0.02853 0.25547 0.45000 1.00000 0.01600 0.01600
v 0.01779 0.25547 0.47231 1.00000 0.01600 0.01600
v -0.00635 0.25547 0.47782 1.00000 0.01600 0.01600
v -0.02571 0.25547 0.46238 1.00000 0.01600 0.01600
v -0.02571 0.25547 0.43762 1.00000 0.01600 0.01600
v -0.00635 0.25547 0.42218 1.00000 0.01600 0.01600
v 0.01779 0.25547 0.42769 1.00000 0.01600 0.01600
v 0.02853 0.25547 0.45000 1.00000 0.01600 0.01600
v 0.02853 0.23693 0.45000 1.00000 0.01600 0.01600
v 0.01779 0.23693 0.47231 1.00000 0.01600 0.01600
v -0.00635 0.23693 0.47782 1.00000 0.01600 0.01600
v -0.02571 0.23693 0.46238 1.00000 0.01600 0.01600
v -0.02571 0.23693 0.43762 1.00000 0.01600 0.01600
v -0.00635 0.23693 0.42218 1.00000 0.01600 0.01600
v 0.01779 0.23693 0.42769 1.00000 0.01600 0.01600
v 0.02853 0.23693 0.45000 1.00000 0.01600 0.01600
v 0.01763 0.22193 0.45000 1.00000 0.01600 0.01600
v 0.01099 0.22193 0.46379 1.00000 0.01600 0.01600
v -0.00392 0.22193 0.46719 1.00000 0.01600 0.01600
v -0.01589 0.22193 0.45765 1.00000 0.01600 0.01600
v -0.01589 0.22193 0.44235 1.00000 0.01600 0.01600
v -0.00392 0.22193 0.43281 1.00000 0.01600 0.01600
v 0.01099 0.22193 0.43621 1.00000 0.01600 0.01600
v 0.01763 0.22193 0.45000 1.00000 0.01600 0.01600
v 0.00000 0.21620 0.45000 1.00000 0.01600 0.01600
v 0.00000 0.21620 0.45000 1.00000 0.01600 0.01600
v 0.00000 0.21620 0.45000 1.00000 0.01600 0.01600
v 0.00000 0.21620 0.45000 1.00000 0.01600 0.01600
v 0.00000 0.21620 0.45000 1.00000 0.01600 0.01600
v 0.00000 0.21620 0.45000 1.00000 0.01600 0.01600
v 0.00000 0.21620 0.45000 1.00000 0.01600 0.01600
v 0.00000 0.21620 0.45000 1.00000 0.01600 0.01600
v -0.07000 0.27620 0.45000 1.00000 0.01600 0.01600
v -0.07000 0.27620 0.45000 1.00000 0.01600 0.01600
v -0.07000 0.27620 0.45000 1.00000 0.01600 0.01600
v -0.07000 0.27620 0.45000 1.00000 0.01600 0.01600
v -0.07000 0.27620 0.45000 1.00000 0.01600 0.01600
v -0.07000 0.27620 0.45000 1.00000 0.01600 0.01600
v -0.07000 0.27620 0.45000 1.00000 0.01600 0.01600
v -0.07000 0.27620 0.45000 1.00000 0.01600 0.01600
v -0.05237 0.27047 0.45000 1.00000 0.01600 0.01600
v -0.05901 0.27047 0.46379 1.00000 0.01600 0.01600
v -0.07392 0.27047 0.46719 1.00000 0.01600 0.01600
v -0.08589 0.27047 0.45765 1.00000 0.01600 0.01600
v -0.08589 0.27047 0.44235 1.00000 0.01600 0.01600
v -0.07392 0.27047 0.43281 1.00000 0.01600 0.01600
v -0.05901 0.27047 0.43621 1.00000 0.01600 0.01600
v -0.05237 0.27047 0.45000 1.00000 0.01600 0.01600
v -0.04147 0.25547 0.45000 1.00000 0.01600 0.01600
v -0.05221 0.25547 0.47231 1.00000 0.01600 0.01600
v -0.07635 0.25547 0.47782 1.00000 0.01600 0.01600
v -0.09571 0.25547 0.46238 1.00000 0.01600 0.01600
v -0.09571 0.25547 0.43762 1.00000 0.01600 0.01600
v -0.07635 0.25547 0.42218 1.00000 0.01600 0.01600
v -0.05221 0.25547 0.42769 1.00000 0.01600 0.01600
v -0.04147 0.25547 0.45000 1.00000 0.01600 0.01600
v -0.04147 0.23693 0.45000 1.00000 0.01600 0.01600
v -0.05221 0.23693 0.47231 1.00000 0.01600 0.01600
v -0.07635 0.23693 0.47782 1.00000 0.01600 0.01600
v -0.09571 0.23693 0.46238 1.00000 0.01600 0.01600
v -0.09571 0.23693 0.43762 1.00000 0.01600 0.01600
v -0.07635 0.23693 0.42218 1.00000 0.01600 0.01600
v -0.05221 0.23693 0.42769 1.00000 0.01600 0.01600
v -0.04147 0.23693 0.45000 1.00000 0.01600 0.01600
v -0.05237 0.22193 0.45000 1.00000 0.01600 0.01600
v -0.05901 0.22193 0.46379 1.00000 0.01600 0.01600
v -0.07392 0.22193 0.46719 1.00000 0.01600 0.01600
v -0.08589 0.22193 0.45765 1.00000 0.01600 0.01600
v -0.08589 0.22193 0.44235 1.00000 0.01600 0.01600
v -0.07392 0.22193 0.43281 1.00000 0.01600 0.01600
v -0.05901 0.22193 0.43621 1.00000 0.01600 0.01600
v -0.05237 0.22193 0.45000 1.00000 0.01600 0.01600
v -0.07000 0.21620 0.45000 1.00000 0.01600 0.01600
v -0.07000 0.21620 0.45000 1.00000 0.01600 0.01600
v -0.07000 0.21620 0.45000 1.00000 0.01600 0.01600
v -0.07000 0.21620 0.45000 1.00000 0.01600 0.01600
v -0.07000 0.21620 0.45000 1.00000 0.01600 0.01600
v -0.07000 0.21620 0.45000 1.00000 0.01600 0.01600
v -0.07000 0.21620 0.45000 1.00000 0.01600 0.01600
v -0.07000 0.21620 0.45000 1.00000 0.01600 0.01600
f 2461 2470 2469
f 2462 2471 2470
f 2463 2472 2471
f 2464 2473 2472
f 2465 2474 2473
f 2466 2475 2474
f 2467 2476 2475
f 2470 2478 2469
f 2469 2478 2477
f 2471 2479 2470
f 2470 2479 2478
f 2472 2480 2471
f 2471 2480 2479
f 2473 2481 2472
f 2472 2481 2480
f 2474 2482 2473
f 2473 2482 2481
f 2475 2483 2474
f 2474 2483 2482
f 2476 2484 2475
f 2475 2484 2483
f 2478 2486 2477
f 2477 2486 2485
f 2479 2487 2478
f 2478 2487 2486
f 2480 2488 2479
f 2479 2488 2487
f 2481 2489 2480
f 2480 2489 2488
f 2482 2490 2481
f 2481 2490 2489
f 2483 2491 2482
f 2482 2491 2490
f 2484 2492 2483
f 2483 2492 2491
f 2486 2494 2485
f 2485 2494 2493
f 2487 2495 2486
f 2486 2495 2494
f 2488 2496 2487
f 2487 2496 2495
f 2489 2497 2488
f 2488 2497 2496
f 2490 2498 2489
f 2489 2498 2497
f 2491 2499 2490
f 2490 2499 2498
f 2492 2500 2491
f 2491 2500 2499
f 2494 2502 2493
f 2495 2503 2494
f 2496 2504 2495
f 2497 2505 2496
f 2498 2506 2497
f 2499 2507 2498
f 2500 2508 2499
f 2509 2518 2517
f 2510 2519 2518
f 2511 2520 2519
f 2512 2521 2520
f 2513 2522 2521
f 2514 2523 2522
f 2515 2524 2523
f 2518 2526 2517
f 2517 2526 2525
f 2519 2527 2518
f 2518 2527 2526
f 2520 2528 2519
f 2519 2528 2527
f 2521 2529 2520
f 2520 2529 2528
f 2522 2530 2521
f 2521 2530 2529
f 2523 2531 2522
f 2522 2531 2530
f 2524 2532 2523
f 2523 2532 2531
f 2526 2534 2525
f 2525 2534 2533
f 2527 2535 2526
f 2526 2535 2534
f 2528 2536 2527
f 2527 2536 2535
f 2529 2537 2528
f 2528 2537 2536
f 2530 2538 2529
f 2529 2538 2537
f 2531 2539 2530
f 2530 2539 2538
f 2532 2540 2531
f 2531 2540 2539
f 2534 2542 2533
f 2533 2542 2541
f 2535 2543 2534
f 2534 2543 2542
f 2536 2544 2535
f 2535 2544 2543
f 2537 2545 2536
f 2536 2545 2544
f 2538 2546 2537
f 2537 2546 2545
f 2539 2547 2538
f 2538 2547 2546
f 2540 2548 2539
f 2539 2548 2547
f 2542 2550 2541
f 2543 2551 2542
f 2544 2552 2543
f 2545 2553 2544
f 2546 2554 2545
f 2547 2555 2546
f 2548 2556 2547
f 2557 2566 2565
f 2558 2567 2566
f 2559 2568 2567
f 2560 2569 2568
f 2561 2570 2569
f 2562 2571 2570
f 2563 2572 2571
f 2566 2574 2565
f 2565 2574 2573
f 2567 2575 2566
f 2566 2575 2574
f 2568 2576 2567
f 2567 2576 2575
f 2569 2577 2568
f 2568 2577 2576
f 2570 2578 2569
f 2569 2578 2577
f 2571 2579 2570
f 2570 2579 2578
f 2572 2580 2571
f 2571 2580 2579
f 2574 2582 2573
f 2573 2582 2581
f 2575 2583 2574
f 2574 2583 2582
f 2576 2584 2575
f 2575 2584 2583
f 2577 2585 2576
f 2576 2585 2584
f 2578 2586 2577
f 2577 2586 2585
f 2579 2587 2578
f 2578 2587 2586
f 2580 2588 2579
f 2579 2588 2587
f 2582 2590 2581
f 2581 2590 2589
f 2583 2591 2582
f 2582 2591 2590
f 2584 2592 2583
f 2583 2592 2591
f 2585 2593 2584
f 2584 2593 2592
f 2586 2594 2585
f 2585 2594 2593
f 2587 2595 2586
f 2586 2595 2594
f 2588 2596 2587
f 2587 2596 2595
f 2590 2598 2589
f 2591 2599 2590
f 2592 2600 2591
f 2593 2601 2592
f 2594 2602 2593
f 2595 2603 2594
f 2596 2604 2595
f 2605 2614 2613
f 2606 2615 2614
f 2607 2616 2615
f 2608 2617 2616
f 2609 2618 2617
f 2610 2619 2618
f 2611 2620 2619
f 2614 2622 2613
f 2613 2622 2621
f 2615 2623 2614
f 2614 2623 2622
f 2616 2624 2615
f 2615 2624 2623
f 2617 2625 2616
f 2616 2625 2624
f 2618 2626 2617
f 2617 2626 2625
f 2619 2627 2618
f 2618 2627 2626
f 2620 2628 2619
f 2619 2628 2627
f 2622 2630 2621
f 2621 2630 2629
f 2623 2631 2622
f 2622 2631 2630
f 2624 2632 2623
f 2623 2632 2631
f 2625 2633 2624
f 2624 2633 2632
f 2626 2634 2625
f 2625 2634 2633
f 2627 2635 2626
f 2626 2635 2634
f 2628 2636 2627
f 2627 2636 2635
f 2630 2638 2629
f 2629 2638 2637
f 2631 2639 2630
f 2630 2639 2638
f 2632 2640 2631
f 2631 2640 2639
f 2633 2641 2632
f 2632 2641 2640
f 2634 2642 2633
f 2633 2642 2641
f 2635 2643 2634
f 2634 2643 2642
f 2636 2644 2635
f 2635 2644 2643
f 2638 2646 2637
f 2639 2647 2638
f 2640 2648 2639
f 2641 2649 2640
f 2642 2650 2641
f 2643 2651 2642
f 2644 2652 2643
f 2653 2662 2661
f 2654 2663 2662
f 2655 2664 2663
f 2656 2665 2664
f 2657 2666 2665
f 2658 2667 2666
f 2659 2668 2667
f 2662 2670 2661
f 2661 2670 2669
f 2663 2671 2662
f 2662 2671 2670
f 2664 2672 2663
f 2663 2672 2671
f 2665 2673 2664
f 2664 2673 2672
f 2666 2674 2665
f 2665 2674 2673
f 2667 2675 2666
f 2666 2675 2674
f 2668 2676 2667
f 2667 2676 2675
f 2670 2678 2669
f 2669 2678 2677
f 2671 2679 2670
f 2670 2679 2678
f 2672 2680 2671
f 2671 2680 2679
f 2673 2681 2672
f 2672 2681 2680
f 2674 2682 2673
f 2673 2682 2681
f 2675 2683 2674
f 2674 2683 2682
f 2676 2684 2675
f 2675 2684 2683
f 2678 2686 2677
f 2677 2686 2685
f 2679 2687 2678
f 2678 2687 2686
f 2680 2688 2679
f 2679 2688 2687
f 2681 2689 2680
f 2680 2689 2688
f 2682 2690 2681
f 2681 2690 2689
f 2683 2691 2682
f 2682 2691 2690
f 2684 2692 2683
f 2683 2692 2691
f 2686 2694 2685
f 2687 2695 2686
f 2688 2696 2687
f 2689 2697 2688
f 2690 2698 2689
f 2691 2699 2690
f 2692 2700 2691
f 2701 2710 2709
f 2702 2711 2710
f 2703 2712 2711
f 2704 2713 2712
f 2705 2714 2713
f 2706 2715 2714
f 2707 2716 2715
f 2710 2718 2709
f 2709 2718 2717
f 2711 2719 2710
f 2710 2719 2718
f 2712 2720 2711
f 2711 2720 2719
f 2713 2721 2712
f 2712 2721 2720
f 2714 2722 2713
f 2713 2722 2721
f 2715 2723 2714
f 2714 2723 2722
f 2716 2724 2715
f 2715 2724 2723
f 2718 2726 2717
f 2717 2726 2725
f 2719 2727 2718
f 2718 2727 2726
f 2720 2728 2719
f 2719 2728 2727
f 2721 2729 2720
f 2720 2729 2728
f 2722 2730 2721
f 2721 2730 2729
f 2723 2731 2722
f 2722 2731 2730
f 2724 2732 2723
f 2723 2732 2731
f 2726 2734 2725
f 2725 2734 2733
f 2727 2735 2726
f 2726 2735 2734
f 2728 2736 2727
f 2727 2736 2735
f 2729 2737 2728
f 2728 2737 2736
f 2730 2738 2729
f 2729 2738 2737
f 2731 2739 2730
f 2730 2739 2738
f 2732 2740 2731
f 2731 2740 2739
f 2734 2742 2733
f 2735 2743 2734
f 2736 2744 2735
f 2737 2745 2736
f 2738 2746 2737
f 2739 2747 2738
f 2740 2748 2739