v -0.21751 1.67306 0.15431 0.44785 0.05248 0.01648
v -0.22106 1.66444 0.15786 0.44785 0.05248 0.01648
v -0.22106 1.67661 0.14569 0.44785 0.05248 0.01648
v -0.22106 1.66444 0.15786 0.44785 0.05248 0.01648
v -0.22609 1.66779 0.14904 0.44785 0.05248 0.01648
v -0.22106 1.67661 0.14569 0.44785 0.05248 0.01648
v -0.22106 1.67661 0.14569 0.44785 0.05248 0.01648
v -0.22609 1.66779 0.14904 0.44785 0.05248 0.01648
v -0.22384 1.67939 0.13444 0.44785 0.05248 0.01648
v -0.22609 1.66779 0.14904 0.44785 0.05248 0.01648
v -0.23033 1.67061 0.13660 0.44785 0.05248 0.01648
v -0.22384 1.67939 0.13444 0.44785 0.05248 0.01648
v -0.22384 1.67939 0.13444 0.44785 0.05248 0.01648
v -0.23033 1.67061 0.13660 0.44785 0.05248 0.01648
v -0.22492 1.68047 0.12134 0.44785 0.05248 0.01648
v -0.23033 1.67061 0.13660 0.44785 0.05248 0.01648
v -0.23205 1.67176 0.12134 0.44785 0.05248 0.01648
v -0.22492 1.68047 0.12134 0.44785 0.05248 0.01648
v -0.22492 1.68047 0.12134 0.44785 0.05248 0.01648
v -0.23205 1.67176 0.12134 0.44785 0.05248 0.01648
v -0.22492 1.68047 -0.12134 0.44785 0.05248 0.01648
v -0.23205 1.67176 0.12134 0.44785 0.05248 0.01648
v -0.23205 1.67176 -0.12134 0.44785 0.05248 0.01648
v -0.22492 1.68047 -0.12134 0.44785 0.05248 0.01648
v -0.22492 1.68047 -0.12134 0.44785 0.05248 0.01648
v -0.23205 1.67176 -0.12134 0.44785 0.05248 0.01648
v -0.22384 1.67939 -0.13444 0.44785 0.05248 0.01648
v -0.23205 1.67176 -0.12134 0.44785 0.05248 0.01648
v -0.23033 1.67061 -0.13660 0.44785 0.05248 0.01648
v -0.22384 1.67939 -0.13444 0.44785 0.05248 0.01648
v -0.22384 1.67939 -0.13444 0.44785 0.05248 0.01648
v -0.23033 1.67061 -0.13660 0.44785 0.05248 0.01648
v -0.22106 1.67661 -0.14569 0.44785 0.05248 0.01648
v -0.23033 1.67061 -0.13660 0.44785 0.05248 0.01648
v -0.22609 1.66779 -0.14904 0.44785 0.05248 0.01648
v -0.22106 1.67661 -0.14569 0.44785 0.05248 0.01648
v -0.22106 1.67661 -0.14569 0.44785 0.05248 0.01648
v -0.22609 1.66779 -0.14904 0.44785 0.05248 0.01648
v -0.21751 1.67306 -0.15431 0.44785 0.05248 0.01648
v -0.22609 1.66779 -0.14904 0.44785 0.05248 0.01648
v -0.22106 1.66444 -0.15786 0.44785 0.05248 0.01648
v -0.21751 1.67306 -0.15431 0.44785 0.05248 0.01648
v -0.22106 1.66444 0.15786 0.44785 0.05248 0.01648
v -0.22384 1.65319 0.16064 0.44785 0.05248 0.01648
v -0.22609 1.66779 0.14904 0.44785 0.05248 0.01648
v -0.22384 1.65319 0.16064 0.44785 0.05248 0.01648
v -0.23033 1.65535 0.15186 0.44785 0.05248 0.01648
v -0.22609 1.66779 0.14904 0.44785 0.05248 0.01648
v -0.22609 1.66779 0.14904 0.44785 0.05248 0.01648
v -0.23033 1.65535 0.15186 0.44785 0.05248 0.01648
v -0.23033 1.67061 0.13660 0.44785 0.05248 0.01648
v -0.23033 1.65535 0.15186 0.44785 0.05248 0.01648
v -0.23619 1.65731 0.13856 0.44785 0.05248 0.01648
v -0.23033 1.67061 0.13660 0.44785 0.05248 0.01648
v -0.23033 1.67061 0.13660 0.44785 0.05248 0.01648
v -0.23619 1.65731 0.13856 0.44785 0.05248 0.01648
v -0.23205 1.67176 0.12134 0.44785 0.05248 0.01648
v -0.23619 1.65731 0.13856 0.44785 0.05248 0.01648
v -0.23871 1.65815 0.12134 0.44785 0.05248 0.01648
v -0.23205 1.67176 0.12134 0.44785 0.05248 0.01648
v -0.23205 1.67176 0.12134 0.44785 0.05248 0.01648
v -0.23871 1.65815 0.12134 0.44785 0.05248 0.01648
v -0.23205 1.67176 -0.12134 0.44785 0.05248 0.01648
v -0.23871 1.65815 0.12134 0.44785 0.05248 0.01648
v -0.23871 1.65815 -0.12134 0.44785 0.05248 0.01648
v -0.23205 1.67176 -0.12134 0.44785 0.05248 0.01648
v -0.23205 1.67176 -0.12134 0.44785 0.05248 0.01648
v -0.23871 1.65815 -0.12134 0.44785 0.05248 0.01648
v -0.23033 1.67061 -0.13660 0.44785 0.05248 0.01648
v -0.23871 1.65815 -0.12134 0.44785 0.05248 0.01648
v -0.23619 1.65731 -0.13856 0.44785 0.05248 0.01648
v -0.23033 1.67061 -0.13660 0.44785 0.05248 0.01648
v -0.23033 1.67061 -0.13660 0.44785 0.05248 0.01648
v -0.23619 1.65731 -0.13856 0.44785 0.05248 0.01648
v -0.22609 1.66779 -0.14904 0.44785 0.05248 0.01648
v -0.23619 1.65731 -0.13856 0.44785 0.05248 0.01648
v -0.23033 1.65535 -0.15186 0.44785 0.05248 0.01648
v -0.22609 1.66779 -0.14904 0.44785 0.05248 0.01648
v -0.22609 1.66779 -0.14904 0.44785 0.05248 0.01648
v -0.23033 1.65535 -0.15186 0.44785 0.05248 0.01648
v -0.22106 1.66444 -0.15786 0.44785 0.05248 0.01648
v -0.23033 1.65535 -0.15186 0.44785 0.05248 0.01648
v -0.22384 1.65319 -0.16064 0.44785 0.05248 0.01648
v -0.22106 1.66444 -0.15786 0.44785 0.05248 0.01648
v -0.22384 1.65319 0.16064 0.44785 0.05248 0.01648
v -0.22492 1.64009 0.16172 0.44785 0.05248 0.01648
v -0.23033 1.65535 0.15186 0.44785 0.05248 0.01648
v -0.22492 1.64009 0.16172 0.44785 0.05248 0.01648
v -0.23205 1.64009 0.15302 0.44785 0.05248 0.01648
v -0.23033 1.65535 0.15186 0.44785 0.05248 0.01648
v -0.23033 1.65535 0.15186 0.44785 0.05248 0.01648
v -0.23205 1.64009 0.15302 0.44785 0.05248 0.01648
v -0.23619 1.65731 0.13856 0.44785 0.05248 0.01648
v -0.23205 1.64009 0.15302 0.44785 0.05248 0.01648
v -0.23871 1.64009 0.13940 0.44785 0.05248 0.01648
v -0.23619 1.65731 0.13856 0.44785 0.05248 0.01648
v -0.23619 1.65731 0.13856 0.44785 0.05248 0.01648
v -0.23871 1.64009 0.13940 0.44785 0.05248 0.01648
v -0.23871 1.65815 0.12134 0.44785 0.05248 0.01648
v -0.23871 1.64009 0.13940 0.44785 0.05248 0.01648
v -0.24164 1.64009 0.12134 0.44785 0.05248 0.01648
v -0.23871 1.65815 0.12134 0.44785 0.05248 0.01648
v -0.23871 1.65815 0.12134 0.44785 0.05248 0.01648
v -0.24164 1.64009 0.12134 0.44785 0.05248 0.01648
v -0.23871 1.65815 -0.12134 0.44785 0.05248 0.01648
v -0.24164 1.64009 0.12134 0.44785 0.05248 0.01648
v -0.24164 1.64009 -0.12134 0.44785 0.05248 0.01648
v -0.23871 1.65815 -0.12134 0.44785 0.05248 0.01648
v -0.23871 1.65815 -0.12134 0.44785 0.05248 0.01648
v -0.24164 1.64009 -0.12134 0.44785 0.05248 0.01648
v -0.23619 1.65731 -0.13856 0.44785 0.05248 0.01648
v -0.24164 1.64009 -0.12134 0.44785 0.05248 0.01648
v -0.23871 1.64009 -0.13940 0.44785 0.05248 0.01648
v -0.23619 1.65731 -0.13856 0.44785 0.05248 0.01648
v -0.23619 1.65731 -0.13856 0.44785 0.05248 0.01648
v -0.23871 1.64009 -0.13940 0.44785 0.05248 0.01648
v -0.23033 1.65535 -0.15186 0.44785 0.05248 0.01648
v -0.23871 1.64009 -0.13940 0.44785 0.05248 0.01648
v -0.23205 1.64009 -0.15302 0.44785 0.05248 0.01648
v -0.23033 1.65535 -0.15186 0.44785 0.05248 0.01648
v -0.23033 1.65535 -0.15186 0.44785 0.05248 0.01648
v -0.23205 1.64009 -0.15302 0.44785 0.05248 0.01648
v -0.22384 1.65319 -0.16064 0.44785 0.05248 0.01648
v -0.23205 1.64009 -0.15302 0.44785 0.05248 0.01648
v -0.22492 1.64009 -0.16172 0.44785 0.05248 0.01648
v -0.22384 1.65319 -0.16064 0.44785 0.05248 0.01648
v -0.22492 1.64009 0.16172 0.44785 0.05248 0.01648
v -0.22492 1.12230 0.16172 0.44785 0.05248 0.01648
v -0.23205 1.64009 0.15302 0.44785 0.05248 0.01648
v -0.22492 1.12230 0.16172 0.44785 0.05248 0.01648
v -0.23205 1.12230 0.15302 0.44785 0.05248 0.01648
v -0.23205 1.64009 0.15302 0.44785 0.05248 0.01648
v -0.23205 1.64009 0.15302 0.44785 0.05248 0.01648
v -0.23205 1.12230 0.15302 0.44785 0.05248 0.01648
v -0.23871 1.64009 0.13940 0.44785 0.05248 0.01648
v -0.23205 1.12230 0.15302 0.44785 0.05248 0.01648
v -0.23871 1.12230 0.13940 0.44785 0.05248 0.01648
v -0.23871 1.64009 0.13940 0.44785 0.05248 0.01648
v -0.23871 1.64009 0.13940 0.44785 0.05248 0.01648
v -0.23871 1.12230 0.13940 0.44785 0.05248 0.01648
v -0.24164 1.64009 0.12134 0.44785 0.05248 0.01648
v -0.23871 1.12230 0.13940 0.44785 0.05248 0.01648
v -0.24164 1.12230 0.12134 0.44785 0.05248 0.01648
v -0.24164 1.64009 0.12134 0.44785 0.05248 0.01648
v -0.24164 1.64009 0.12134 0.44785 0.05248 0.01648
v -0.24164 1.12230 0.12134 0.44785 0.05248 0.01648
v -0.24164 1.64009 -0.12134 0.44785 0.05248 0.01648
v -0.24164 1.12230 0.12134 0.44785 0.05248 0.01648
v -0.24164 1.12230 -0.12134 0.44785 0.05248 0.01648
v -0.24164 1.64009 -0.12134 0.44785 0.05248 0.01648
v -0.24164 1.64009 -0.12134 0.44785 0.05248 0.01648
v -0.24164 1.12230 -0.12134 0.44785 0.05248 0.01648
v -0.23871 1.64009 -0.13940 0.44785 0.05248 0.01648
v -0.24164 1.12230 -0.12134 0.44785 0.05248 0.01648
v -0.23871 1.12230 -0.13940 0.44785 0.05248 0.01648
v -0.23871 1.64009 -0.13940 0.44785 0.05248 0.01648
v -0.23871 1.64009 -0.13940 0.44785 0.05248 0.01648
v -0.23871 1.12230 -0.13940 0.44785 0.05248 0.01648
v -0.23205 1.64009 -0.15302 0.44785 0.05248 0.01648
v -0.23871 1.12230 -0.13940 0.44785 0.05248 0.01648
v -0.23205 1.12230 -0.15302 0.44785 0.05248 0.01648
v -0.23205 1.64009 -0.15302 0.44785 0.05248 0.01648
v -0.23205 1.64009 -0.15302 0.44785 0.05248 0.01648
v -0.23205 1.12230 -0.15302 0.44785 0.05248 0.01648
v -0.22492 1.64009 -0.16172 0.44785 0.05248 0.01648
v -0.23205 1.12230 -0.15302 0.44785 0.05248 0.01648
v -0.22492 1.12230 -0.16172 0.44785 0.05248 0.01648
v -0.22492 1.64009 -0.16172 0.44785 0.05248 0.01648
v -0.22492 1.12230 0.16172 0.44785 0.05248 0.01648
v -0.22384 1.10920 0.16064 0.44785 0.05248 0.01648
v -0.23205 1.12230 0.15302 0.44785 0.05248 0.01648
v -0.22384 1.10920 0.16064 0.44785 0.05248 0.01648
v -0.23033 1.10704 0.15186 0.44785 0.05248 0.01648
v -0.23205 1.12230 0.15302 0.44785 0.05248 0.01648
v -0.23205 1.12230 0.15302 0.44785 0.05248 0.01648
v -0.23033 1.10704 0.15186 0.44785 0.05248 0.01648
v -0.23871 1.12230 0.13940 0.44785 0.05248 0.01648
v -0.23033 1.10704 0.15186 0.44785 0.05248 0.01648
v -0.23619 1.10508 0.13856 0.44785 0.05248 0.01648
v -0.23871 1.12230 0.13940 0.44785 0.05248 0.01648
v -0.23871 1.12230 0.13940 0.44785 0.05248 0.01648
v -0.23619 1.10508 0.13856 0.44785 0.05248 0.01648
v -0.24164 1.12230 0.12134 0.44785 0.05248 0.01648
v -0.23619 1.10508 0.13856 0.44785 0.05248 0.01648
v -0.23871 1.10424 0.12134 0.44785 0.05248 0.01648
v -0.24164 1.12230 0.12134 0.44785 0.05248 0.01648
v -0.24164 1.12230 0.12134 0.44785 0.05248 0.01648
v -0.23871 1.10424 0.12134 0.44785 0.05248 0.01648
v -0.24164 1.12230 -0.12134 0.44785 0.05248 0.01648
v -0.23871 1.10424 0.12134 0.44785 0.05248 0.01648
v -0.23871 1.10424 -0.12134 0.44785 0.05248 0.01648
v -0.24164 1.12230 -0.12134 0.44785 0.05248 0.01648
v -0.24164 1.12230 -0.12134 0.44785 0.05248 0.01648
v -0.23871 1.10424 -0.12134 0.44785 0.05248 0.01648
v -0.23871 1.12230 -0.13940 0.44785 0.05248 0.01648
v -0.23871 1.10424 -0.12134 0.44785 0.05248 0.01648
v -0.23619 1.10508 -0.13856 0.44785 0.05248 0.01648
v -0.23871 1.12230 -0.13940 0.44785 0.05248 0.01648
v -0.23871 1.12230 -0.13940 0.44785 0.05248 0.01648
v -0.23619 1.10508 -0.13856 0.44785 0.05248 0.01648
v -0.23205 1.12230 -0.15302 0.44785 0.05248 0.01648
v -0.23619 1.10508 -0.13856 0.44785 0.05248 0.01648
v -0.23033 1.10704 -0.15186 0.44785 0.05248 0.01648
v -0.23205 1.12230 -0.15302 0.44785 0.05248 0.01648
v -0.23205 1.12230 -0.15302 0.44785 0.05248 0.01648
v -0.23033 1.10704 -0.15186 0.44785 0.05248 0.01648
v -0.22492 1.12230 -0.16172 0.44785 0.05248 0.01648
v -0.23033 1.10704 -0.15186 0.44785 0.05248 0.01648
v -0.22384 1.10920 -0.16064 0.44785 0.05248 0.01648
v -0.22492 1.12230 -0.16172 0.44785 0.05248 0.01648
v -0.22384 1.10920 0.16064 0.44785 0.05248 0.01648
v -0.22106 1.09795 0.15786 0.44785 0.05248 0.01648
v -0.23033 1.10704 0.15186 0.44785 0.05248 0.01648
v -0.22106 1.09795 0.15786 0.44785 0.05248 0.01648
v -0.22609 1.09460 0.14904 0.44785 0.05248 0.01648
v -0.23033 1.10704 0.15186 0.44785 0.05248 0.01648
v -0.23033 1.10704 0.15186 0.44785 0.05248 0.01648
v -0.22609 1.09460 0.14904 0.44785 0.05248 0.01648
v -0.23619 1.10508 0.13856 0.44785 0.05248 0.01648
v -0.22609 1.09460 0.14904 0.44785 0.05248 0.01648
v -0.23033 1.09178 0.13660 0.44785 0.05248 0.01648
v -0.23619 1.10508 0.13856 0.44785 0.05248 0.01648
v -0.23619 1.10508 0.13856 0.44785 0.05248 0.01648
v -0.23033 1.09178 0.13660 0.44785 0.05248 0.01648
v -0.23871 1.10424 0.12134 0.44785 0.05248 0.01648
v -0.23033 1.09178 0.13660 0.44785 0.05248 0.01648
v -0.23205 1.09063 0.12134 0.44785 0.05248 0.01648
v -0.23871 1.10424 0.12134 0.44785 0.05248 0.01648
v -0.23871 1.10424 0.12134 0.44785 0.05248 0.01648
v -0.23205 1.09063 0.12134 0.44785 0.05248 0.01648
v -0.23871 1.10424 -0.12134 0.44785 0.05248 0.01648
v -0.23205 1.09063 0.12134 0.44785 0.05248 0.01648
v -0.23205 1.09063 -0.12134 0.44785 0.05248 0.01648
v -0.23871 1.10424 -0.12134 0.44785 0.05248 0.01648
v -0.23871 1.10424 -0.12134 0.44785 0.05248 0.01648
v -0.23205 1.09063 -0.12134 0.44785 0.05248 0.01648
v -0.23619 1.10508 -0.13856 0.44785 0.05248 0.01648
v -0.23205 1.09063 -0.12134 0.44785 0.05248 0.01648
v -0.23033 1.09178 -0.13660 0.44785 0.05248 0.01648
v -0.23619 1.10508 -0.13856 0.44785 0.05248 0.01648
v -0.23619 1.10508 -0.13856 0.44785 0.05248 0.01648
v -0.23033 1.09178 -0.13660 0.44785 0.05248 0.01648
v -0.23033 1.10704 -0.15186 0.44785 0.05248 0.01648
v -0.23033 1.09178 -0.13660 0.44785 0.05248 0.01648
v -0.22609 1.09460 -0.14904 0.44785 0.05248 0.01648
v -0.23033 1.10704 -0.15186 0.44785 0.05248 0.01648
v -0.23033 1.10704 -0.15186 0.44785 0.05248 0.01648
v -0.22609 1.09460 -0.14904 0.44785 0.05248 0.01648
v -0.22384 1.10920 -0.16064 0.44785 0.05248 0.01648
v -0.22609 1.09460 -0.14904 0.44785 0.05248 0.01648
v -0.22106 1.09795 -0.15786 0.44785 0.05248 0.01648
v -0.22384 1.10920 -0.16064 0.44785 0.05248 0.01648
v -0.22106 1.09795 0.15786 0.44785 0.05248 0.01648
v -0.21751 1.08933 0.15431 0.44785 0.05248 0.01648
v -0.22609 1.09460 0.14904 0.44785 0.05248 0.01648
v -0.21751 1.08933 0.15431 0.44785 0.05248 0.01648
v -0.22106 1.08578 0.14569 0.44785 0.05248 0.01648
v -0.22609 1.09460 0.14904 0.44785 0.05248 0.01648
v -0.22609 1.09460 0.14904 0.44785 0.05248 0.01648
v -0.22106 1.08578 0.14569 0.44785 0.05248 0.01648
v -0.23033 1.09178 0.13660 0.44785 0.05248 0.01648
v -0.22106 1.08578 0.14569 0.44785 0.05248 0.01648
v -0.22384 1.08300 0.13444 0.44785 0.05248 0.01648
v -0.23033 1.09178 0.13660 0.44785 0.05248 0.01648
v -0.23033 1.09178 0.13660 0.44785 0.05248 0.01648
v -0.22384 1.08300 0.13444 0.44785 0.05248 0.01648
v -0.23205 1.09063 0.12134 0.44785 0.05248 0.01648
v -0.22384 1.08300 0.13444 0.44785 0.05248 0.01648
v -0.22492 1.08192 0.12134 0.44785 0.05248 0.01648
v -0.23205 1.09063 0.12134 0.44785 0.05248 0.01648
v -0.23205 1.09063 0.12134 0.44785 0.05248 0.01648
v -0.22492 1.08192 0.12134 0.44785 0.05248 0.01648
v -0.23205 1.09063 -0.12134 0.44785 0.05248 0.01648
v -0.22492 1.08192 0.12134 0.44785 0.05248 0.01648
v -0.22492 1.08192 -0.12134 0.44785 0.05248 0.01648
v -0.23205 1.09063 -0.12134 0.44785 0.05248 0.01648
v -0.23205 1.09063 -0.12134 0.44785 0.05248 0.01648
v -0.22492 1.08192 -0.12134 0.44785 0.05248 0.01648
v -0.23033 1.09178 -0.13660 0.44785 0.05248 0.01648
v -0.22492 1.08192 -0.12134 0.44785 0.05248 0.01648
v -0.22384 1.08300 -0.13444 0.44785 0.05248 0.01648
v -0.23033 1.09178 -0.13660 0.44785 0.05248 0.01648
v -0.23033 1.09178 -0.13660 0.44785 0.05248 0.01648
v -0.22384 1.08300 -0.13444 0.44785 0.05248 0.01648
v -0.22609 1.09460 -0.14904 0.44785 0.05248 0.01648
v -0.22384 1.08300 -0.13444 0.44785 0.05248 0.01648
v -0.22106 1.08578 -0.14569 0.44785 0.05248 0.01648
v -0.22609 1.09460 -0.14904 0.44785 0.05248 0.01648
v -0.22609 1.09460 -0.14904 0.44785 0.05248 0.01648
v -0.22106 1.08578 -0.14569 0.44785 0.05248 0.01648
v -0.22106 1.09795 -0.15786 0.44785 0.05248 0.01648
v -0.22106 1.08578 -0.14569 0.44785 0.05248 0.01648
v -0.21751 1.08933 -0.15431 0.44785 0.05248 0.01648
v -0.22106 1.09795 -0.15786 0.44785 0.05248 0.01648
v 0.21751 1.67306 -0.15431 0.44785 0.05248 0.01648
v 0.22106 1.66444 -0.15786 0.44785 0.05248 0.01648
v 0.22106 1.67661 -0.14569 0.44785 0.05248 0.01648
v 0.22106 1.66444 -0.15786 0.44785 0.05248 0.01648
v 0.22609 1.66779 -0.14904 0.44785 0.05248 0.01648
v 0.22106 1.67661 -0.14569 0.44785 0.05248 0.01648
v 0.22106 1.67661 -0.14569 0.44785 0.05248 0.01648
v 0.22609 1.66779 -0.14904 0.44785 0.05248 0.01648
v 0.22384 1.67939 -0.13444 0.44785 0.05248 0.01648
v 0.22609 1.66779 -0.14904 0.44785 0.05248 0.01648
v 0.23033 1.67061 -0.13660 0.44785 0.05248 0.01648
v 0.22384 1.67939 -0.13444 0.44785 0.05248 0.01648
v 0.22384 1.67939 -0.13444 0.44785 0.05248 0.01648
v 0.23033 1.67061 -0.13660 0.44785 0.05248 0.01648
v 0.22492 1.68047 -0.12134 0.44785 0.05248 0.01648
v 0.23033 1.67061 -0.13660 0.44785 0.05248 0.01648
v 0.23205 1.67176 -0.12134 0.44785 0.05248 0.01648
v 0.22492 1.68047 -0.12134 0.44785 0.05248 0.01648
v 0.22492 1.68047 -0.12134 0.44785 0.05248 0.01648
v 0.23205 1.67176 -0.12134 0.44785 0.05248 0.01648
v 0.22492 1.68047 0.12134 0.44785 0.05248 0.01648
v 0.23205 1.67176 -0.12134 0.44785 0.05248 0.01648
v 0.23205 1.67176 0.12134 0.44785 0.05248 0.01648
v 0.22492 1.68047 0.12134 0.44785 0.05248 0.01648
v 0.22492 1.68047 0.12134 0.44785 0.05248 0.01648
v 0.23205 1.67176 0.12134 0.44785 0.05248 0.01648
v 0.22384 1.67939 0.13444 0.44785 0.05248 0.01648
v 0.23205 1.67176 0.12134 0.44785 0.05248 0.01648
v 0.23033 1.67061 0.13660 0.44785 0.05248 0.01648
v 0.22384 1.67939 0.13444 0.44785 0.05248 0.01648
v 0.22384 1.67939 0.13444 0.44785 0.05248 0.01648
v 0.23033 1.67061 0.13660 0.44785 0.05248 0.01648
v 0.22106 1.67661 0.14569 0.44785 0.05248 0.01648
v 0.23033 1.67061 0.13660 0.44785 0.05248 0.01648
v 0.22609 1.66779 0.14904 0.44785 0.05248 0.01648
v 0.22106 1.67661 0.14569 0.44785 0.05248 0.01648
v 0.22106 1.67661 0.14569 0.44785 0.05248 0.01648
v 0.22609 1.66779 0.14904 0.44785 0.05248 0.01648
v 0.21751 1.67306 0.15431 0.44785 0.05248 0.01648
v 0.22609 1.66779 0.14904 0.44785 0.05248 0.01648
v 0.22106 1.66444 0.15786 0.44785 0.05248 0.01648
v 0.21751 1.67306 0.15431 0.44785 0.05248 0.01648
v 0.22106 1.66444 -0.15786 0.44785 0.05248 0.01648
v 0.22384 1.65319 -0.16064 0.44785 0.05248 0.01648
v 0.22609 1.66779 -0.14904 0.44785 0.05248 0.01648
v 0.22384 1.65319 -0.16064 0.44785 0.05248 0.01648
v 0.23033 1.65535 -0.15186 0.44785 0.05248 0.01648
v 0.22609 1.66779 -0.14904 0.44785 0.05248 0.01648
v 0.22609 1.66779 -0.14904 0.44785 0.05248 0.01648
v 0.23033 1.65535 -0.15186 0.44785 0.05248 0.01648
v 0.23033 1.67061 -0.13660 0.44785 0.05248 0.01648
v 0.23033 1.65535 -0.15186 0.44785 0.05248 0.01648
v 0.23619 1.65731 -0.13856 0.44785 0.05248 0.01648
v 0.23033 1.67061 -0.13660 0.44785 0.05248 0.01648
v 0.23033 1.67061 -0.13660 0.44785 0.05248 0.01648
v 0.23619 1.65731 -0.13856 0.44785 0.05248 0.01648
v 0.23205 1.67176 -0.12134 0.44785 0.05248 0.01648
v 0.23619 1.65731 -0.13856 0.44785 0.05248 0.01648
v 0.23871 1.65815 -0.12134 0.44785 0.05248 0.01648
v 0.23205 1.67176 -0.12134 0.44785 0.05248 0.01648
v 0.23205 1.67176 -0.12134 0.44785 0.05248 0.01648
v 0.23871 1.65815 -0.12134 0.44785 0.05248 0.01648
v 0.23205 1.67176 0.12134 0.44785 0.05248 0.01648
v 0.23871 1.65815 -0.12134 0.44785 0.05248 0.01648
v 0.23871 1.65815 0.12134 0.44785 0.05248 0.01648
v 0.23205 1.67176 0.12134 0.44785 0.05248 0.01648
v 0.23205 1.67176 0.12134 0.44785 0.05248 0.01648
v 0.23871 1.65815 0.12134 0.44785 0.05248 0.01648
v 0.23033 1.67061 0.13660 0.44785 0.05248 0.01648
v 0.23871 1.65815 0.12134 0.44785 0.05248 0.01648
v 0.23619 1.65731 0.13856 0.44785 0.05248 0.01648
v 0.23033 1.67061 0.13660 0.44785 0.05248 0.01648
v 0.23033 1.67061 0.13660 0.44785 0.05248 0.01648
v 0.23619 1.65731 0.13856 0.44785 0.05248 0.01648
v 0.22609 1.66779 0.14904 0.44785 0.05248 0.01648
v 0.23619 1.65731 0.13856 0.44785 0.05248 0.01648
v 0.23033 1.65535 0.15186 0.44785 0.05248 0.01648
v 0.22609 1.66779 0.14904 0.44785 0.05248 0.01648
v 0.22609 1.66779 0.14904 0.44785 0.05248 0.01648
v 0.23033 1.65535 0.15186 0.44785 0.05248 0.01648
v 0.22106 1.66444 0.15786 0.44785 0.05248 0.01648
v 0.23033 1.65535 0.15186 0.44785 0.05248 0.01648
v 0.22384 1.65319 0.16064 0.44785 0.05248 0.01648
v 0.22106 1.66444 0.15786 0.44785 0.05248 0.01648
v 0.22384 1.65319 -0.16064 0.44785 0.05248 0.01648
v 0.22492 1.64009 -0.16172 0.44785 0.05248 0.01648
v 0.23033 1.65535 -0.15186 0.44785 0.05248 0.01648
v 0.22492 1.64009 -0.16172 0.44785 0.05248 0.01648
v 0.23205 1.64009 -0.15302 0.44785 0.05248 0.01648
v 0.23033 1.65535 -0.15186 0.44785 0.05248 0.01648
v 0.23033 1.65535 -0.15186 0.44785 0.05248 0.01648
v 0.23205 1.64009 -0.15302 0.44785 0.05248 0.01648
v 0.23619 1.65731 -0.13856 0.44785 0.05248 0.01648
v 0.23205 1.64009 -0.15302 0.44785 0.05248 0.01648
v 0.23871 1.64009 -0.13940 0.44785 0.05248 0.01648
v 0.23619 1.65731 -0.13856 0.44785 0.05248 0.01648
v 0.23619 1.65731 -0.13856 0.44785 0.05248 0.01648
v 0.23871 1.64009 -0.13940 0.44785 0.05248 0.01648
v 0.23871 1.65815 -0.12134 0.44785 0.05248 0.01648
v 0.23871 1.64009 -0.13940 0.44785 0.05248 0.01648
v 0.24164 1.64009 -0.12134 0.44785 0.05248 0.01648
v 0.23871 1.65815 -0.12134 0.44785 0.05248 0.01648
v 0.23871 1.65815 -0.12134 0.44785 0.05248 0.01648
v 0.24164 1.64009 -0.12134 0.44785 0.05248 0.01648
v 0.23871 1.65815 0.12134 0.44785 0.05248 0.01648
v 0.24164 1.64009 -0.12134 0.44785 0.05248 0.01648
v 0.24164 1.64009 0.12134 0.44785 0.05248 0.01648
v 0.23871 1.65815 0.12134 0.44785 0.05248 0.01648
v 0.23871 1.65815 0.12134 0.44785 0.05248 0.01648
v 0.24164 1.64009 0.12134 0.44785 0.05248 0.01648
v 0.23619 1.65731 0.13856 0.44785 0.05248 0.01648
v 0.24164 1.64009 0.12134 0.44785 0.05248 0.01648
v 0.23871 1.64009 0.13940 0.44785 0.05248 0.01648
v 0.23619 1.65731 0.13856 0.44785 0.05248 0.01648
v 0.23619 1.65731 0.13856 0.44785 0.05248 0.01648
v 0.23871 1.64009 0.13940 0.44785 0.05248 0.01648
v 0.23033 1.65535 0.15186 0.44785 0.05248 0.01648
v 0.23871 1.64009 0.13940 0.44785 0.05248 0.01648
v 0.23205 1.64009 0.15302 0.44785 0.05248 0.01648
v 0.23033 1.65535 0.15186 0.44785 0.05248 0.01648
v 0.23033 1.65535 0.15186 0.44785 0.05248 0.01648
v 0.23205 1.64009 0.15302 0.44785 0.05248 0.01648
v 0.22384 1.65319 0.16064 0.44785 0.05248 0.01648
v 0.23205 1.64009 0.15302 0.44785 0.05248 0.01648
v 0.22492 1.64009 0.16172 0.44785 0.05248 0.01648
v 0.22384 1.65319 0.16064 0.44785 0.05248 0.01648
v 0.22492 1.64009 -0.16172 0.44785 0.05248 0.01648
v 0.22492 1.12230 -0.16172 0.44785 0.05248 0.01648
v 0.23205 1.64009 -0.15302 0.44785 0.05248 0.01648
v 0.22492 1.12230 -0.16172 0.44785 0.05248 0.01648
v 0.23205 1.12230 -0.15302 0.44785 0.05248 0.01648
v 0.23205 1.64009 -0.15302 0.44785 0.05248 0.01648
v 0.23205 1.64009 -0.15302 0.44785 0.05248 0.01648
v 0.23205 1.12230 -0.15302 0.44785 0.05248 0.01648
v 0.23871 1.64009 -0.13940 0.44785 0.05248 0.01648
v 0.23205 1.12230 -0.15302 0.44785 0.05248 0.01648
v 0.23871 1.12230 -0.13940 0.44785 0.05248 0.01648
v 0.23871 1.64009 -0.13940 0.44785 0.05248 0.01648
v 0.23871 1.64009 -0.13940 0.44785 0.05248 0.01648
v 0.23871 1.12230 -0.13940 0.44785 0.05248 0.01648
v 0.24164 1.64009 -0.12134 0.44785 0.05248 0.01648
v 0.23871 1.12230 -0.13940 0.44785 0.05248 0.01648
v 0.24164 1.12230 -0.12134 0.44785 0.05248 0.01648
v 0.24164 1.64009 -0.12134 0.44785 0.05248 0.01648
v 0.24164 1.64009 -0.12134 0.44785 0.05248 0.01648
v 0.24164 1.12230 -0.12134 0.44785 0.05248 0.01648
v 0.24164 1.64009 0.12134 0.44785 0.05248 0.01648
v 0.24164 1.12230 -0.12134 0.44785 0.05248 0.01648
v 0.24164 1.12230 0.12134 0.44785 0.05248 0.01648
v 0.24164 1.64009 0.12134 0.44785 0.05248 0.01648
v 0.24164 1.64009 0.12134 0.44785 0.05248 0.01648
v 0.24164 1.12230 0.12134 0.44785 0.05248 0.01648
v 0.23871 1.64009 0.13940 0.44785 0.05248 0.01648
v 0.24164 1.12230 0.12134 0.44785 0.05248 0.01648
v 0.23871 1.12230 0.13940 0.44785 0.05248 0.01648
v 0.23871 1.64009 0.13940 0.44785 0.05248 0.01648
v 0.23871 1.64009 0.13940 0.44785 0.05248 0.01648
v 0.23871 1.12230 0.13940 0.44785 0.05248 0.01648
v 0.23205 1.64009 0.15302 0.44785 0.05248 0.01648
v 0.23871 1.12230 0.13940 0.44785 0.05248 0.01648
v 0.23205 1.12230 0.15302 0.44785 0.05248 0.01648
v 0.23205 1.64009 0.15302 0.44785 0.05248 0.01648
v 0.23205 1.64009 0.15302 0.44785 0.05248 0.01648
v 0.23205 1.12230 0.15302 0.44785 0.05248 0.01648
v 0.22492 1.64009 0.16172 0.44785 0.05248 0.01648
v 0.23205 1.12230 0.15302 0.44785 0.05248 0.01648
v 0.22492 1.12230 0.16172 0.44785 0.05248 0.01648
v 0.22492 1.64009 0.16172 0.44785 0.05248 0.01648
v 0.22492 1.12230 -0.16172 0.44785 0.05248 0.01648
v 0.22384 1.10920 -0.16064 0.44785 0.05248 0.01648
v 0.23205 1.12230 -0.15302 0.44785 0.05248 0.01648
v 0.22384 1.10920 -0.16064 0.44785 0.05248 0.01648
v 0.23033 1.10704 -0.15186 0.44785 0.05248 0.01648
v 0.23205 1.12230 -0.15302 0.44785 0.05248 0.01648
v 0.23205 1.12230 -0.15302 0.44785 0.05248 0.01648
v 0.23033 1.10704 -0.15186 0.44785 0.05248 0.01648
v 0.23871 1.12230 -0.13940 0.44785 0.05248 0.01648
v 0.23033 1.10704 -0.15186 0.44785 0.05248 0.01648
v 0.23619 1.10508 -0.13856 0.44785 0.05248 0.01648
v 0.23871 1.12230 -0.13940 0.44785 0.05248 0.01648
v 0.23871 1.12230 -0.13940 0.44785 0.05248 0.01648
v 0.23619 1.10508 -0.13856 0.44785 0.05248 0.01648
v 0.24164 1.12230 -0.12134 0.44785 0.05248 0.01648
v 0.23619 1.10508 -0.13856 0.44785 0.05248 0.01648
v 0.23871 1.10424 -0.12134 0.44785 0.05248 0.01648
v 0.24164 1.12230 -0.12134 0.44785 0.05248 0.01648
v 0.24164 1.12230 -0.12134 0.44785 0.05248 0.01648
v 0.23871 1.10424 -0.12134 0.44785 0.05248 0.01648
v 0.24164 1.12230 0.12134 0.44785 0.05248 0.01648
v 0.23871 1.10424 -0.12134 0.44785 0.05248 0.01648
v 0.23871 1.10424 0.12134 0.44785 0.05248 0.01648
v 0.24164 1.12230 0.12134 0.44785 0.05248 0.01648
v 0.24164 1.12230 0.12134 0.44785 0.05248 0.01648
v 0.23871 1.10424 0.12134 0.44785 0.05248 0.01648
v 0.23871 1.12230 0.13940 0.44785 0.05248 0.01648
v 0.23871 1.10424 0.12134 0.44785 0.05248 0.01648
v 0.23619 1.10508 0.13856 0.44785 0.05248 0.01648
v 0.23871 1.12230 0.13940 0.44785 0.05248 0.01648
v 0.23871 1.12230 0.13940 0.44785 0.05248 0.01648
v 0.23619 1.10508 0.13856 0.44785 0.05248 0.01648
v 0.23205 1.12230 0.15302 0.44785 0.05248 0.01648
v 0.23619 1.10508 0.13856 0.44785 0.05248 0.01648
v 0.23033 1.10704 0.15186 0.44785 0.05248 0.01648
v 0.23205 1.12230 0.15302 0.44785 0.05248 0.01648
v 0.23205 1.12230 0.15302 0.44785 0.05248 0.01648
v 0.23033 1.10704 0.15186 0.44785 0.05248 0.01648
v 0.22492 1.12230 0.16172 0.44785 0.05248 0.01648
v 0.23033 1.10704 0.15186 0.44785 0.05248 0.01648
v 0.22384 1.10920 0.16064 0.44785 0.05248 0.01648
v 0.22492 1.12230 0.16172 0.44785 0.05248 0.01648
v 0.22384 1.10920 -0.16064 0.44785 0.05248 0.01648
v 0.22106 1.09795 -0.15786 0.44785 0.05248 0.01648
v 0.23033 1.10704 -0.15186 0.44785 0.05248 0.01648
v 0.22106 1.09795 -0.15786 0.44785 0.05248 0.01648
v 0.22609 1.09460 -0.14904 0.44785 0.05248 0.01648
v 0.23033 1.10704 -0.15186 0.44785 0.05248 0.01648
v 0.23033 1.10704 -0.15186 0.44785 0.05248 0.01648
v 0.22609 1.09460 -0.14904 0.44785 0.05248 0.01648
v 0.23619 1.10508 -0.13856 0.44785 0.05248 0.01648
v 0.22609 1.09460 -0.14904 0.44785 0.05248 0.01648
v 0.23033 1.09178 -0.13660 0.44785 0.05248 0.01648
v 0.23619 1.10508 -0.13856 0.44785 0.05248 0.01648
v 0.23619 1.10508 -0.13856 0.44785 0.05248 0.01648
v 0.23033 1.09178 -0.13660 0.44785 0.05248 0.01648
v 0.23871 1.10424 -0.12134 0.44785 0.05248 0.01648
v 0.23033 1.09178 -0.13660 0.44785 0.05248 0.01648
v 0.23205 1.09063 -0.12134 0.44785 0.05248 0.01648
v 0.23871 1.10424 -0.12134 0.44785 0.05248 0.01648
v 0.23871 1.10424 -0.12134 0.44785 0.05248 0.01648
v 0.23205 1.09063 -0.12134 0.44785 0.05248 0.01648
v 0.23871 1.10424 0.12134 0.44785 0.05248 0.01648
v 0.23205 1.09063 -0.12134 0.44785 0.05248 0.01648
v 0.23205 1.09063 0.12134 0.44785 0.05248 0.01648
v 0.23871 1.10424 0.12134 0.44785 0.05248 0.01648
v 0.23871 1.10424 0.12134 0.44785 0.05248 0.01648
v 0.23205 1.09063 0.12134 0.44785 0.05248 0.01648
v 0.23619 1.10508 0.13856 0.44785 0.05248 0.01648
v 0.23205 1.09063 0.12134 0.44785 0.05248 0.01648
v 0.23033 1.09178 0.13660 0.44785 0.05248 0.01648
v 0.23619 1.10508 0.13856 0.44785 0.05248 0.01648
v 0.23619 1.10508 0.13856 0.44785 0.05248 0.01648
v 0.23033 1.09178 0.13660 0.44785 0.05248 0.01648
v 0.23033 1.10704 0.15186 0.44785 0.05248 0.01648
v 0.23033 1.09178 0.13660 0.44785 0.05248 0.01648
v 0.22609 1.09460 0.14904 0.44785 0.05248 0.01648
v 0.23033 1.10704 0.15186 0.44785 0.05248 0.01648
v 0.23033 1.10704 0.15186 0.44785 0.05248 0.01648
v 0.22609 1.09460 0.14904 0.44785 0.05248 0.01648
v 0.22384 1.10920 0.16064 0.44785 0.05248 0.01648
v 0.22609 1.09460 0.14904 0.44785 0.05248 0.01648
v 0.22106 1.09795 0.15786 0.44785 0.05248 0.01648
v 0.22384 1.10920 0.16064 0.44785 0.05248 0.01648
v 0.22106 1.09795 -0.15786 0.44785 0.05248 0.01648
v 0.21751 1.08933 -0.15431 0.44785 0.05248 0.01648
v 0.22609 1.09460 -0.14904 0.44785 0.05248 0.01648
v 0.21751 1.08933 -0.15431 0.44785 0.05248 0.01648
v 0.22106 1.08578 -0.14569 0.44785 0.05248 0.01648
v 0.22609 1.09460 -0.14904 0.44785 0.05248 0.01648
v 0.22609 1.09460 -0.14904 0.44785 0.05248 0.01648
v 0.22106 1.08578 -0.14569 0.44785 0.05248 0.01648
v 0.23033 1.09178 -0.13660 0.44785 0.05248 0.01648
v 0.22106 1.08578 -0.14569 0.44785 0.05248 0.01648
v 0.22384 1.08300 -0.13444 0.44785 0.05248 0.01648
v 0.23033 1.09178 -0.13660 0.44785 0.05248 0.01648
v 0.23033 1.09178 -0.13660 0.44785 0.05248 0.01648
v 0.22384 1.08300 -0.13444 0.44785 0.05248 0.01648
v 0.23205 1.09063 -0.12134 0.44785 0.05248 0.01648
v 0.22384 1.08300 -0.13444 0.44785 0.05248 0.01648
v 0.22492 1.08192 -0.12134 0.44785 0.05248 0.01648
v 0.23205 1.09063 -0.12134 0.44785 0.05248 0.01648
v 0.23205 1.09063 -0.12134 0.44785 0.05248 0.01648
v 0.22492 1.08192 -0.12134 0.44785 0.05248 0.01648
v 0.23205 1.09063 0.12134 0.44785 0.05248 0.01648
v 0.22492 1.08192 -0.12134 0.44785 0.05248 0.01648
v 0.22492 1.08192 0.12134 0.44785 0.05248 0.01648
v 0.23205 1.09063 0.12134 0.44785 0.05248 0.01648
v 0.23205 1.09063 0.12134 0.44785 0.05248 0.01648
v 0.22492 1.08192 0.12134 0.44785 0.05248 0.01648
v 0.23033 1.09178 0.13660 0.44785 0.05248 0.01648
v 0.22492 1.08192 0.12134 0.44785 0.05248 0.01648
v 0.22384 1.08300 0.13444 0.44785 0.05248 0.01648
v 0.23033 1.09178 0.13660 0.44785 0.05248 0.01648
v 0.23033 1.09178 0.13660 0.44785 0.05248 0.01648
v 0.22384 1.08300 0.13444 0.44785 0.05248 0.01648
v 0.22609 1.09460 0.14904 0.44785 0.05248 0.01648
v 0.22384 1.08300 0.13444 0.44785 0.05248 0.01648
v 0.22106 1.08578 0.14569 0.44785 0.05248 0.01648
v 0.22609 1.09460 0.14904 0.44785 0.05248 0.01648
v 0.22609 1.09460 0.14904 0.44785 0.05248 0.01648
v 0.22106 1.08578 0.14569 0.44785 0.05248 0.01648
v 0.22106 1.09795 0.15786 0.44785 0.05248 0.01648
v 0.22106 1.08578 0.14569 0.44785 0.05248 0.01648
v 0.21751 1.08933 0.15431 0.44785 0.05248 0.01648
v 0.22106 1.09795 0.15786 0.44785 0.05248 0.01648
v 0.21751 1.67306 -0.15431 0.44785 0.05248 0.01648
v 0.22106 1.67661 -0.14569 0.44785 0.05248 0.01648
v 0.20889 1.67661 -0.15786 0.44785 0.05248 0.01648
v 0.22106 1.67661 -0.14569 0.44785 0.05248 0.01648
v 0.21224 1.68164 -0.14904 0.44785 0.05248 0.01648
v 0.20889 1.67661 -0.15786 0.44785 0.05248 0.01648
v 0.20889 1.67661 -0.15786 0.44785 0.05248 0.01648
v 0.21224 1.68164 -0.14904 0.44785 0.05248 0.01648
v 0.19764 1.67939 -0.16064 0.44785 0.05248 0.01648
v 0.21224 1.68164 -0.14904 0.44785 0.05248 0.01648
v 0.19980 1.68587 -0.15186 0.44785 0.05248 0.01648
v 0.19764 1.67939 -0.16064 0.44785 0.05248 0.01648
v 0.19764 1.67939 -0.16064 0.44785 0.05248 0.01648
v 0.19980 1.68587 -0.15186 0.44785 0.05248 0.01648
v 0.18454 1.68047 -0.16172 0.44785 0.05248 0.01648
v 0.19980 1.68587 -0.15186 0.44785 0.05248 0.01648
v 0.18454 1.68760 -0.15302 0.44785 0.05248 0.01648
v 0.18454 1.68047 -0.16172 0.44785 0.05248 0.01648
v 0.18454 1.68047 -0.16172 0.44785 0.05248 0.01648
v 0.18454 1.68760 -0.15302 0.44785 0.05248 0.01648
v -0.18454 1.68047 -0.16172 0.44785 0.05248 0.01648
v 0.18454 1.68760 -0.15302 0.44785 0.05248 0.01648
v -0.18454 1.68760 -0.15302 0.44785 0.05248 0.01648
v -0.18454 1.68047 -0.16172 0.44785 0.05248 0.01648
v -0.18454 1.68047 -0.16172 0.44785 0.05248 0.01648
v -0.18454 1.68760 -0.15302 0.44785 0.05248 0.01648
v -0.19764 1.67939 -0.16064 0.44785 0.05248 0.01648
v -0.18454 1.68760 -0.15302 0.44785 0.05248 0.01648
v -0.19980 1.68587 -0.15186 0.44785 0.05248 0.01648
v -0.19764 1.67939 -0.16064 0.44785 0.05248 0.01648
v -0.19764 1.67939 -0.16064 0.44785 0.05248 0.01648
v -0.19980 1.68587 -0.15186 0.44785 0.05248 0.01648
v -0.20889 1.67661 -0.15786 0.44785 0.05248 0.01648
v -0.19980 1.68587 -0.15186 0.44785 0.05248 0.01648
v -0.21224 1.68164 -0.14904 0.44785 0.05248 0.01648
v -0.20889 1.67661 -0.15786 0.44785 0.05248 0.01648
v -0.20889 1.67661 -0.15786 0.44785 0.05248 0.01648
v -0.21224 1.68164 -0.14904 0.44785 0.05248 0.01648
v -0.21751 1.67306 -0.15431 0.44785 0.05248 0.01648
v -0.21224 1.68164 -0.14904 0.44785 0.05248 0.01648
v -0.22106 1.67661 -0.14569 0.44785 0.05248 0.01648
v -0.21751 1.67306 -0.15431 0.44785 0.05248 0.01648
v 0.22106 1.67661 -0.14569 0.44785 0.05248 0.01648
v 0.22384 1.67939 -0.13444 0.44785 0.05248 0.01648
v 0.21224 1.68164 -0.14904 0.44785 0.05248 0.01648
v 0.22384 1.67939 -0.13444 0.44785 0.05248 0.01648
v 0.21506 1.68587 -0.13660 0.44785 0.05248 0.01648
v 0.21224 1.68164 -0.14904 0.44785 0.05248 0.01648
v 0.21224 1.68164 -0.14904 0.44785 0.05248 0.01648
v 0.21506 1.68587 -0.13660 0.44785 0.05248 0.01648
v 0.19980 1.68587 -0.15186 0.44785 0.05248 0.01648
v 0.21506 1.68587 -0.13660 0.44785 0.05248 0.01648
v 0.20176 1.69174 -0.13856 0.44785 0.05248 0.01648
v 0.19980 1.68587 -0.15186 0.44785 0.05248 0.01648
v 0.19980 1.68587 -0.15186 0.44785 0.05248 0.01648
v 0.20176 1.69174 -0.13856 0.44785 0.05248 0.01648
v 0.18454 1.68760 -0.15302 0.44785 0.05248 0.01648
v 0.20176 1.69174 -0.13856 0.44785 0.05248 0.01648
v 0.18454 1.69426 -0.13940 0.44785 0.05248 0.01648
v 0.18454 1.68760 -0.15302 0.44785 0.05248 0.01648
v 0.18454 1.68760 -0.15302 0.44785 0.05248 0.01648
v 0.18454 1.69426 -0.13940 0.44785 0.05248 0.01648
v -0.18454 1.68760 -0.15302 0.44785 0.05248 0.01648
v 0.18454 1.69426 -0.13940 0.44785 0.05248 0.01648
v -0.18454 1.69426 -0.13940 0.44785 0.05248 0.01648
v -0.18454 1.68760 -0.15302 0.44785 0.05248 0.01648
v -0.18454 1.68760 -0.15302 0.44785 0.05248 0.01648
v -0.18454 1.69426 -0.13940 0.44785 0.05248 0.01648
v -0.19980 1.68587 -0.15186 0.44785 0.05248 0.01648
v -0.18454 1.69426 -0.13940 0.44785 0.05248 0.01648
v -0.20176 1.69174 -0.13856 0.44785 0.05248 0.01648
v -0.19980 1.68587 -0.15186 0.44785 0.05248 0.01648
v -0.19980 1.68587 -0.15186 0.44785 0.05248 0.01648
v -0.20176 1.69174 -0.13856 0.44785 0.05248 0.01648
v -0.21224 1.68164 -0.14904 0.44785 0.05248 0.01648
v -0.20176 1.69174 -0.13856 0.44785 0.05248 0.01648
v -0.21506 1.68587 -0.13660 0.44785 0.05248 0.01648
v -0.21224 1.68164 -0.14904 0.44785 0.05248 0.01648
v -0.21224 1.68164 -0.14904 0.44785 0.05248 0.01648
v -0.21506 1.68587 -0.13660 0.44785 0.05248 0.01648
v -0.22106 1.67661 -0.14569 0.44785 0.05248 0.01648
v -0.21506 1.68587 -0.13660 0.44785 0.05248 0.01648
v -0.22384 1.67939 -0.13444 0.44785 0.05248 0.01648
v -0.22106 1.67661 -0.14569 0.44785 0.05248 0.01648
v 0.22384 1.67939 -0.13444 0.44785 0.05248 0.01648
v 0.22492 1.68047 -0.12134 0.44785 0.05248 0.01648
v 0.21506 1.68587 -0.13660 0.44785 0.05248 0.01648
v 0.22492 1.68047 -0.12134 0.44785 0.05248 0.01648
v 0.21622 1.68760 -0.12134 0.44785 0.05248 0.01648
v 0.21506 1.68587 -0.13660 0.44785 0.05248 0.01648
v 0.21506 1.68587 -0.13660 0.44785 0.05248 0.01648
v 0.21622 1.68760 -0.12134 0.44785 0.05248 0.01648
v 0.20176 1.69174 -0.13856 0.44785 0.05248 0.01648
v 0.21622 1.68760 -0.12134 0.44785 0.05248 0.01648
v 0.20260 1.69426 -0.12134 0.44785 0.05248 0.01648
v 0.20176 1.69174 -0.13856 0.44785 0.05248 0.01648
v 0.20176 1.69174 -0.13856 0.44785 0.05248 0.01648
v 0.20260 1.69426 -0.12134 0.44785 0.05248 0.01648
v 0.18454 1.69426 -0.13940 0.44785 0.05248 0.01648
v 0.20260 1.69426 -0.12134 0.44785 0.05248 0.01648
v 0.18454 1.69719 -0.12134 0.44785 0.05248 0.01648
v 0.18454 1.69426 -0.13940 0.44785 0.05248 0.01648
v 0.18454 1.69426 -0.13940 0.44785 0.05248 0.01648
v 0.18454 1.69719 -0.12134 0.44785 0.05248 0.01648
v -0.18454 1.69426 -0.13940 0.44785 0.05248 0.01648
v 0.18454 1.69719 -0.12134 0.44785 0.05248 0.01648
v -0.18454 1.69719 -0.12134 0.44785 0.05248 0.01648
v -0.18454 1.69426 -0.13940 0.44785 0.05248 0.01648
v -0.18454 1.69426 -0.13940 0.44785 0.05248 0.01648
v -0.18454 1.69719 -0.12134 0.44785 0.05248 0.01648
v -0.20176 1.69174 -0.13856 0.44785 0.05248 0.01648
v -0.18454 1.69719 -0.12134 0.44785 0.05248 0.01648
v -0.20260 1.69426 -0.12134 0.44785 0.05248 0.01648
v -0.20176 1.69174 -0.13856 0.44785 0.05248 0.01648
v -0.20176 1.69174 -0.13856 0.44785 0.05248 0.01648
v -0.20260 1.69426 -0.12134 0.44785 0.05248 0.01648
v -0.21506 1.68587 -0.13660 0.44785 0.05248 0.01648
v -0.20260 1.69426 -0.12134 0.44785 0.05248 0.01648
v -0.21622 1.68760 -0.12134 0.44785 0.05248 0.01648
v -0.21506 1.68587 -0.13660 0.44785 0.05248 0.01648
v -0.21506 1.68587 -0.13660 0.44785 0.05248 0.01648
v -0.21622 1.68760 -0.12134 0.44785 0.05248 0.01648
v -0.22384 1.67939 -0.13444 0.44785 0.05248 0.01648
v -0.21622 1.68760 -0.12134 0.44785 0.05248 0.01648
v -0.22492 1.68047 -0.12134 0.44785 0.05248 0.01648
v -0.22384 1.67939 -0.13444 0.44785 0.05248 0.01648
v 0.22492 1.68047 -0.12134 0.44785 0.05248 0.01648
v 0.22492 1.68047 0.12134 0.44785 0.05248 0.01648
v 0.21622 1.68760 -0.12134 0.44785 0.05248 0.01648
v 0.22492 1.68047 0.12134 0.44785 0.05248 0.01648
v 0.21622 1.68760 0.12134 0.44785 0.05248 0.01648
v 0.21622 1.68760 -0.12134 0.44785 0.05248 0.01648
v 0.21622 1.68760 -0.12134 0.44785 0.05248 0.01648
v 0.21622 1.68760 0.12134 0.44785 0.05248 0.01648
v 0.20260 1.69426 -0.12134 0.44785 0.05248 0.01648
v 0.21622 1.68760 0.12134 0.44785 0.05248 0.01648
v 0.20260 1.69426 0.12134 0.44785 0.05248 0.01648
v 0.20260 1.69426 -0.12134 0.44785 0.05248 0.01648
v 0.20260 1.69426 -0.12134 0.44785 0.05248 0.01648
v 0.20260 1.69426 0.12134 0.44785 0.05248 0.01648
v 0.18454 1.69719 -0.12134 0.44785 0.05248 0.01648
v 0.20260 1.69426 0.12134 0.44785 0.05248 0.01648
v 0.18454 1.69719 0.12134 0.44785 0.05248 0.01648
v 0.18454 1.69719 -0.12134 0.44785 0.05248 0.01648
v 0.18454 1.69719 -0.12134 0.44785 0.05248 0.01648
v 0.18454 1.69719 0.12134 0.44785 0.05248 0.01648
v -0.18454 1.69719 -0.12134 0.44785 0.05248 0.01648
v 0.18454 1.69719 0.12134 0.44785 0.05248 0.01648
v -0.18454 1.69719 0.12134 0.44785 0.05248 0.01648
v -0.18454 1.69719 -0.12134 0.44785 0.05248 0.01648
v -0.18454 1.69719 -0.12134 0.44785 0.05248 0.01648
v -0.18454 1.69719 0.12134 0.44785 0.05248 0.01648
v -0.20260 1.69426 -0.12134 0.44785 0.05248 0.01648
v -0.18454 1.69719 0.12134 0.44785 0.05248 0.01648
v -0.20260 1.69426 0.12134 0.44785 0.05248 0.01648
v -0.20260 1.69426 -0.12134 0.44785 0.05248 0.01648
v -0.20260 1.69426 -0.12134 0.44785 0.05248 0.01648
v -0.20260 1.69426 0.12134 0.44785 0.05248 0.01648
v -0.21622 1.68760 -0.12134 0.44785 0.05248 0.01648
v -0.20260 1.69426 0.12134 0.44785 0.05248 0.01648
v -0.21622 1.68760 0.12134 0.44785 0.05248 0.01648
v -0.21622 1.68760 -0.12134 0.44785 0.05248 0.01648
v -0.21622 1.68760 -0.12134 0.44785 0.05248 0.01648
v -0.21622 1.68760 0.12134 0.44785 0.05248 0.01648
v -0.22492 1.68047 -0.12134 0.44785 0.05248 0.01648
v -0.21622 1.68760 0.12134 0.44785 0.05248 0.01648
v -0.22492 1.68047 0.12134 0.44785 0.05248 0.01648
v -0.22492 1.68047 -0.12134 0.44785 0.05248 0.01648
v 0.22492 1.68047 0.12134 0.44785 0.05248 0.01648
v 0.22384 1.67939 0.13444 0.44785 0.05248 0.01648
v 0.21622 1.68760 0.12134 0.44785 0.05248 0.01648
v 0.22384 1.67939 0.13444 0.44785 0.05248 0.01648
v 0.21506 1.68587 0.13660 0.44785 0.05248 0.01648
v 0.21622 1.68760 0.12134 0.44785 0.05248 0.01648
v 0.21622 1.68760 0.12134 0.44785 0.05248 0.01648
v 0.21506 1.68587 0.13660 0.44785 0.05248 0.01648
v 0.20260 1.69426 0.12134 0.44785 0.05248 0.01648
v 0.21506 1.68587 0.13660 0.44785 0.05248 0.01648
v 0.20176 1.69174 0.13856 0.44785 0.05248 0.01648
v 0.20260 1.69426 0.12134 0.44785 0.05248 0.01648
v 0.20260 1.69426 0.12134 0.44785 0.05248 0.01648
v 0.20176 1.69174 0.13856 0.44785 0.05248 0.01648
v 0.18454 1.69719 0.12134 0.44785 0.05248 0.01648
v 0.20176 1.69174 0.13856 0.44785 0.05248 0.01648
v 0.18454 1.69426 0.13940 0.44785 0.05248 0.01648
v 0.18454 1.69719 0.12134 0.44785 0.05248 0.01648
v 0.18454 1.69719 0.12134 0.44785 0.05248 0.01648
v 0.18454 1.69426 0.13940 0.44785 0.05248 0.01648
v -0.18454 1.69719 0.12134 0.44785 0.05248 0.01648
v 0.18454 1.69426 0.13940 0.44785 0.05248 0.01648
v -0.18454 1.69426 0.13940 0.44785 0.05248 0.01648
v -0.18454 1.69719 0.12134 0.44785 0.05248 0.01648
v -0.18454 1.69719 0.12134 0.44785 0.05248 0.01648
v -0.18454 1.69426 0.13940 0.44785 0.05248 0.01648
v -0.20260 1.69426 0.12134 0.44785 0.05248 0.01648
v -0.18454 1.69426 0.13940 0.44785 0.05248 0.01648
v -0.20176 1.69174 0.13856 0.44785 0.05248 0.01648
v -0.20260 1.69426 0.12134 0.44785 0.05248 0.01648
v -0.20260 1.69426 0.12134 0.44785 0.05248 0.01648
v -0.20176 1.69174 0.13856 0.44785 0.05248 0.01648
v -0.21622 1.68760 0.12134 0.44785 0.05248 0.01648
v -0.20176 1.69174 0.13856 0.44785 0.05248 0.01648
v -0.21506 1.68587 0.13660 0.44785 0.05248 0.01648
v -0.21622 1.68760 0.12134 0.44785 0.05248 0.01648
v -0.21622 1.68760 0.12134 0.44785 0.05248 0.01648
v -0.21506 1.68587 0.13660 0.44785 0.05248 0.01648
v -0.22492 1.68047 0.12134 0.44785 0.05248 0.01648
v -0.21506 1.68587 0.13660 0.44785 0.05248 0.01648
v -0.22384 1.67939 0.13444 0.44785 0.05248 0.01648
v -0.22492 1.68047 0.12134 0.44785 0.05248 0.01648
v 0.22384 1.67939 0.13444 0.44785 0.05248 0.01648
v 0.22106 1.67661 0.14569 0.44785 0.05248 0.01648
v 0.21506 1.68587 0.13660 0.44785 0.05248 0.01648
v 0.22106 1.67661 0.14569 0.44785 0.05248 0.01648
v 0.21224 1.68164 0.14904 0.44785 0.05248 0.01648
v 0.21506 1.68587 0.13660 0.44785 0.05248 0.01648
v 0.21506 1.68587 0.13660 0.44785 0.05248 0.01648
v 0.21224 1.68164 0.14904 0.44785 0.05248 0.01648
v 0.20176 1.69174 0.13856 0.44785 0.05248 0.01648
v 0.21224 1.68164 0.14904 0.44785 0.05248 0.01648
v 0.19980 1.68587 0.15186 0.44785 0.05248 0.01648
v 0.20176 1.69174 0.13856 0.44785 0.05248 0.01648
v 0.20176 1.69174 0.13856 0.44785 0.05248 0.01648
v 0.19980 1.68587 0.15186 0.44785 0.05248 0.01648
v 0.18454 1.69426 0.13940 0.44785 0.05248 0.01648
v 0.19980 1.68587 0.15186 0.44785 0.05248 0.01648
v 0.18454 1.68760 0.15302 0.44785 0.05248 0.01648
v 0.18454 1.69426 0.13940 0.44785 0.05248 0.01648
v 0.18454 1.69426 0.13940 0.44785 0.05248 0.01648
v 0.18454 1.68760 0.15302 0.44785 0.05248 0.01648
v -0.18454 1.69426 0.13940 0.44785 0.05248 0.01648
v 0.18454 1.68760 0.15302 0.44785 0.05248 0.01648
v -0.18454 1.68760 0.15302 0.44785 0.05248 0.01648
v -0.18454 1.69426 0.13940 0.44785 0.05248 0.01648
v -0.18454 1.69426 0.13940 0.44785 0.05248 0.01648
v -0.18454 1.68760 0.15302 0.44785 0.05248 0.01648
v -0.20176 1.69174 0.13856 0.44785 0.05248 0.01648
v -0.18454 1.68760 0.15302 0.44785 0.05248 0.01648
v -0.19980 1.68587 0.15186 0.44785 0.05248 0.01648
v -0.20176 1.69174 0.13856 0.44785 0.05248 0.01648
v -0.20176 1.69174 0.13856 0.44785 0.05248 0.01648
v -0.19980 1.68587 0.15186 0.44785 0.05248 0.01648
v -0.21506 1.68587 0.13660 0.44785 0.05248 0.01648
v -0.19980 1.68587 0.15186 0.44785 0.05248 0.01648
v -0.21224 1.68164 0.14904 0.44785 0.05248 0.01648
v -0.21506 1.68587 0.13660 0.44785 0.05248 0.01648
v -0.21506 1.68587 0.13660 0.44785 0.05248 0.01648
v -0.21224 1.68164 0.14904 0.44785 0.05248 0.01648
v -0.22384 1.67939 0.13444 0.44785 0.05248 0.01648
v -0.21224 1.68164 0.14904 0.44785 0.05248 0.01648
v -0.22106 1.67661 0.14569 0.44785 0.05248 0.01648
v -0.22384 1.67939 0.13444 0.44785 0.05248 0.01648
v 0.22106 1.67661 0.14569 0.44785 0.05248 0.01648
v 0.21751 1.67306 0.15431 0.44785 0.05248 0.01648
v 0.21224 1.68164 0.14904 0.44785 0.05248 0.01648
v 0.21751 1.67306 0.15431 0.44785 0.05248 0.01648
v 0.20889 1.67661 0.15786 0.44785 0.05248 0.01648
v 0.21224 1.68164 0.14904 0.44785 0.05248 0.01648
v 0.21224 1.68164 0.14904 0.44785 0.05248 0.01648
v 0.20889 1.67661 0.15786 0.44785 0.05248 0.01648
v 0.19980 1.68587 0.15186 0.44785 0.05248 0.01648
v 0.20889 1.67661 0.15786 0.44785 0.05248 0.01648
v 0.19764 1.67939 0.16064 0.44785 0.05248 0.01648
v 0.19980 1.68587 0.15186 0.44785 0.05248 0.01648
v 0.19980 1.68587 0.15186 0.44785 0.05248 0.01648
v 0.19764 1.67939 0.16064 0.44785 0.05248 0.01648
v 0.18454 1.68760 0.15302 0.44785 0.05248 0.01648
v 0.19764 1.67939 0.16064 0.44785 0.05248 0.01648
v 0.18454 1.68047 0.16172 0.44785 0.05248 0.01648
v 0.18454 1.68760 0.15302 0.44785 0.05248 0.01648
v 0.18454 1.68760 0.15302 0.44785 0.05248 0.01648
v 0.18454 1.68047 0.16172 0.44785 0.05248 0.01648
v -0.18454 1.68760 0.15302 0.44785 0.05248 0.01648
v 0.18454 1.68047 0.16172 0.44785 0.05248 0.01648
v -0.18454 1.68047 0.16172 0.44785 0.05248 0.01648
v -0.18454 1.68760 0.15302 0.44785 0.05248 0.01648
v -0.18454 1.68760 0.15302 0.44785 0.05248 0.01648
v -0.18454 1.68047 0.16172 0.44785 0.05248 0.01648
v -0.19980 1.68587 0.15186 0.44785 0.05248 0.01648
v -0.18454 1.68047 0.16172 0.44785 0.05248 0.01648
v -0.19764 1.67939 0.16064 0.44785 0.05248 0.01648
v -0.19980 1.68587 0.15186 0.44785 0.05248 0.01648
v -0.19980 1.68587 0.15186 0.44785 0.05248 0.01648
v -0.19764 1.67939 0.16064 0.44785 0.05248 0.01648
v -0.21224 1.68164 0.14904 0.44785 0.05248 0.01648
v -0.19764 1.67939 0.16064 0.44785 0.05248 0.01648
v -0.20889 1.67661 0.15786 0.44785 0.05248 0.01648
v -0.21224 1.68164 0.14904 0.44785 0.05248 0.01648
v -0.21224 1.68164 0.14904 0.44785 0.05248 0.01648
v -0.20889 1.67661 0.15786 0.44785 0.05248 0.01648
v -0.22106 1.67661 0.14569 0.44785 0.05248 0.01648
v -0.20889 1.67661 0.15786 0.44785 0.05248 0.01648
v -0.21751 1.67306 0.15431 0.44785 0.05248 0.01648
v -0.22106 1.67661 0.14569 0.44785 0.05248 0.01648
v 0.21751 1.08933 0.15431 0.44785 0.05248 0.01648
v 0.22106 1.08578 0.14569 0.44785 0.05248 0.01648
v 0.20889 1.08578 0.15786 0.44785 0.05248 0.01648
v 0.22106 1.08578 0.14569 0.44785 0.05248 0.01648
v 0.21224 1.08075 0.14904 0.44785 0.05248 0.01648
v 0.20889 1.08578 0.15786 0.44785 0.05248 0.01648
v 0.20889 1.08578 0.15786 0.44785 0.05248 0.01648
v 0.21224 1.08075 0.14904 0.44785 0.05248 0.01648
v 0.19764 1.08300 0.16064 0.44785 0.05248 0.01648
v 0.21224 1.08075 0.14904 0.44785 0.05248 0.01648
v 0.19980 1.07652 0.15186 0.44785 0.05248 0.01648
v 0.19764 1.08300 0.16064 0.44785 0.05248 0.01648
v 0.19764 1.08300 0.16064 0.44785 0.05248 0.01648
v 0.19980 1.07652 0.15186 0.44785 0.05248 0.01648
v 0.18454 1.08192 0.16172 0.44785 0.05248 0.01648
v 0.19980 1.07652 0.15186 0.44785 0.05248 0.01648
v 0.18454 1.07479 0.15302 0.44785 0.05248 0.01648
v 0.18454 1.08192 0.16172 0.44785 0.05248 0.01648
v 0.18454 1.08192 0.16172 0.44785 0.05248 0.01648
v 0.18454 1.07479 0.15302 0.44785 0.05248 0.01648
v -0.18454 1.08192 0.16172 0.44785 0.05248 0.01648
v 0.18454 1.07479 0.15302 0.44785 0.05248 0.01648
v -0.18454 1.07479 0.15302 0.44785 0.05248 0.01648
v -0.18454 1.08192 0.16172 0.44785 0.05248 0.01648
v -0.18454 1.08192 0.16172 0.44785 0.05248 0.01648
v -0.18454 1.07479 0.15302 0.44785 0.05248 0.01648
v -0.19764 1.08300 0.16064 0.44785 0.05248 0.01648
v -0.18454 1.07479 0.15302 0.44785 0.05248 0.01648
v -0.19980 1.07652 0.15186 0.44785 0.05248 0.01648
v -0.19764 1.08300 0.16064 0.44785 0.05248 0.01648
v -0.19764 1.08300 0.16064 0.44785 0.05248 0.01648
v -0.19980 1.07652 0.15186 0.44785 0.05248 0.01648
v -0.20889 1.08578 0.15786 0.44785 0.05248 0.01648
v -0.19980 1.07652 0.15186 0.44785 0.05248 0.01648
v -0.21224 1.08075 0.14904 0.44785 0.05248 0.01648
v -0.20889 1.08578 0.15786 0.44785 0.05248 0.01648
v -0.20889 1.08578 0.15786 0.44785 0.05248 0.01648
v -0.21224 1.08075 0.14904 0.44785 0.05248 0.01648
v -0.21751 1.08933 0.15431 0.44785 0.05248 0.01648
v -0.21224 1.08075 0.14904 0.44785 0.05248 0.01648
v -0.22106 1.08578 0.14569 0.44785 0.05248 0.01648
v -0.21751 1.08933 0.15431 0.44785 0.05248 0.01648
v 0.22106 1.08578 0.14569 0.44785 0.05248 0.01648
v 0.22384 1.08300 0.13444 0.44785 0.05248 0.01648
v 0.21224 1.08075 0.14904 0.44785 0.05248 0.01648
v 0.22384 1.08300 0.13444 0.44785 0.05248 0.01648
v 0.21506 1.07652 0.13660 0.44785 0.05248 0.01648
v 0.21224 1.08075 0.14904 0.44785 0.05248 0.01648
v 0.21224 1.08075 0.14904 0.44785 0.05248 0.01648
v 0.21506 1.07652 0.13660 0.44785 0.05248 0.01648
v 0.19980 1.07652 0.15186 0.44785 0.05248 0.01648
v 0.21506 1.07652 0.13660 0.44785 0.05248 0.01648
v 0.20176 1.07065 0.13856 0.44785 0.05248 0.01648
v 0.19980 1.07652 0.15186 0.44785 0.05248 0.01648
v 0.19980 1.07652 0.15186 0.44785 0.05248 0.01648
v 0.20176 1.07065 0.13856 0.44785 0.05248 0.01648
v 0.18454 1.07479 0.15302 0.44785 0.05248 0.01648
v 0.20176 1.07065 0.13856 0.44785 0.05248 0.01648
v 0.18454 1.06813 0.13940 0.44785 0.05248 0.01648
v 0.18454 1.07479 0.15302 0.44785 0.05248 0.01648
v 0.18454 1.07479 0.15302 0.44785 0.05248 0.01648
v 0.18454 1.06813 0.13940 0.44785 0.05248 0.01648
v -0.18454 1.07479 0.15302 0.44785 0.05248 0.01648
v 0.18454 1.06813 0.13940 0.44785 0.05248 0.01648
v -0.18454 1.06813 0.13940 0.44785 0.05248 0.01648
v -0.18454 1.07479 0.15302 0.44785 0.05248 0.01648
v -0.18454 1.07479 0.15302 0.44785 0.05248 0.01648
v -0.18454 1.06813 0.13940 0.44785 0.05248 0.01648
v -0.19980 1.07652 0.15186 0.44785 0.05248 0.01648
v -0.18454 1.06813 0.13940 0.44785 0.05248 0.01648
v -0.20176 1.07065 0.13856 0.44785 0.05248 0.01648
v -0.19980 1.07652 0.15186 0.44785 0.05248 0.01648
v -0.19980 1.07652 0.15186 0.44785 0.05248 0.01648
v -0.20176 1.07065 0.13856 0.44785 0.05248 0.01648
v -0.21224 1.08075 0.14904 0.44785 0.05248 0.01648
v -0.20176 1.07065 0.13856 0.44785 0.05248 0.01648
v -0.21506 1.07652 0.13660 0.44785 0.05248 0.01648
v -0.21224 1.08075 0.14904 0.44785 0.05248 0.01648
v -0.21224 1.08075 0.14904 0.44785 0.05248 0.01648
v -0.21506 1.07652 0.13660 0.44785 0.05248 0.01648
v -0.22106 1.08578 0.14569 0.44785 0.05248 0.01648
v -0.21506 1.07652 0.13660 0.44785 0.05248 0.01648
v -0.22384 1.08300 0.13444 0.44785 0.05248 0.01648
v -0.22106 1.08578 0.14569 0.44785 0.05248 0.01648
v 0.22384 1.08300 0.13444 0.44785 0.05248 0.01648
v 0.22492 1.08192 0.12134 0.44785 0.05248 0.01648
v 0.21506 1.07652 0.13660 0.44785 0.05248 0.01648
v 0.22492 1.08192 0.12134 0.44785 0.05248 0.01648
v 0.21622 1.07479 0.12134 0.44785 0.05248 0.01648
v 0.21506 1.07652 0.13660 0.44785 0.05248 0.01648
v 0.21506 1.07652 0.13660 0.44785 0.05248 0.01648
v 0.21622 1.07479 0.12134 0.44785 0.05248 0.01648
v 0.20176 1.07065 0.13856 0.44785 0.05248 0.01648
v 0.21622 1.07479 0.12134 0.44785 0.05248 0.01648
v 0.20260 1.06813 0.12134 0.44785 0.05248 0.01648
v 0.20176 1.07065 0.13856 0.44785 0.05248 0.01648
v 0.20176 1.07065 0.13856 0.44785 0.05248 0.01648
v 0.20260 1.06813 0.12134 0.44785 0.05248 0.01648
v 0.18454 1.06813 0.13940 0.44785 0.05248 0.01648
v 0.20260 1.06813 0.12134 0.44785 0.05248 0.01648
v 0.18454 1.06520 0.12134 0.44785 0.05248 0.01648
v 0.18454 1.06813 0.13940 0.44785 0.05248 0.01648
v 0.18454 1.06813 0.13940 0.44785 0.05248 0.01648
v 0.18454 1.06520 0.12134 0.44785 0.05248 0.01648
v -0.18454 1.06813 0.13940 0.44785 0.05248 0.01648
v 0.18454 1.06520 0.12134 0.44785 0.05248 0.01648
v -0.18454 1.06520 0.12134 0.44785 0.05248 0.01648
v -0.18454 1.06813 0.13940 0.44785 0.05248 0.01648
v -0.18454 1.06813 0.13940 0.44785 0.05248 0.01648
v -0.18454 1.06520 0.12134 0.44785 0.05248 0.01648
v -0.20176 1.07065 0.13856 0.44785 0.05248 0.01648
v -0.18454 1.06520 0.12134 0.44785 0.05248 0.01648
v -0.20260 1.06813 0.12134 0.44785 0.05248 0.01648
v -0.20176 1.07065 0.13856 0.44785 0.05248 0.01648
v -0.20176 1.07065 0.13856 0.44785 0.05248 0.01648
v -0.20260 1.06813 0.12134 0.44785 0.05248 0.01648
v -0.21506 1.07652 0.13660 0.44785 0.05248 0.01648
v -0.20260 1.06813 0.12134 0.44785 0.05248 0.01648
v -0.21622 1.07479 0.12134 0.44785 0.05248 0.01648
v -0.21506 1.07652 0.13660 0.44785 0.05248 0.01648
v -0.21506 1.07652 0.13660 0.44785 0.05248 0.01648
v -0.21622 1.07479 0.12134 0.44785 0.05248 0.01648
v -0.22384 1.08300 0.13444 0.44785 0.05248 0.01648
v -0.21622 1.07479 0.12134 0.44785 0.05248 0.01648
v -0.22492 1.08192 0.12134 0.44785 0.05248 0.01648
v -0.22384 1.08300 0.13444 0.44785 0.05248 0.01648
v 0.22492 1.08192 0.12134 0.44785 0.05248 0.01648
v 0.22492 1.08192 -0.12134 0.44785 0.05248 0.01648
v 0.21622 1.07479 0.12134 0.44785 0.05248 0.01648
v 0.22492 1.08192 -0.12134 0.44785 0.05248 0.01648
v 0.21622 1.07479 -0.12134 0.44785 0.05248 0.01648
v 0.21622 1.07479 0.12134 0.44785 0.05248 0.01648
v 0.21622 1.07479 0.12134 0.44785 0.05248 0.01648
v 0.21622 1.07479 -0.12134 0.44785 0.05248 0.01648
v 0.20260 1.06813 0.12134 0.44785 0.05248 0.01648
v 0.21622 1.07479 -0.12134 0.44785 0.05248 0.01648
v 0.20260 1.06813 -0.12134 0.44785 0.05248 0.01648
v 0.20260 1.06813 0.12134 0.44785 0.05248 0.01648
v 0.20260 1.06813 0.12134 0.44785 0.05248 0.01648
v 0.20260 1.06813 -0.12134 0.44785 0.05248 0.01648
v 0.18454 1.06520 0.12134 0.44785 0.05248 0.01648
v 0.20260 1.06813 -0.12134 0.44785 0.05248 0.01648
v 0.18454 1.06520 -0.12134 0.44785 0.05248 0.01648
v 0.18454 1.06520 0.12134 0.44785 0.05248 0.01648
v 0.18454 1.06520 0.12134 0.44785 0.05248 0.01648
v 0.18454 1.06520 -0.12134 0.44785 0.05248 0.01648
v -0.18454 1.06520 0.12134 0.44785 0.05248 0.01648
v 0.18454 1.06520 -0.12134 0.44785 0.05248 0.01648
v -0.18454 1.06520 -0.12134 0.44785 0.05248 0.01648
v -0.18454 1.06520 0.12134 0.44785 0.05248 0.01648
v -0.18454 1.06520 0.12134 0.44785 0.05248 0.01648
v -0.18454 1.06520 -0.12134 0.44785 0.05248 0.01648
v -0.20260 1.06813 0.12134 0.44785 0.05248 0.01648
v -0.18454 1.06520 -0.12134 0.44785 0.05248 0.01648
v -0.20260 1.06813 -0.12134 0.44785 0.05248 0.01648
v -0.20260 1.06813 0.12134 0.44785 0.05248 0.01648
v -0.20260 1.06813 0.12134 0.44785 0.05248 0.01648
v -0.20260 1.06813 -0.12134 0.44785 0.05248 0.01648
v -0.21622 1.07479 0.12134 0.44785 0.05248 0.01648
v -0.20260 1.06813 -0.12134 0.44785 0.05248 0.01648
v -0.21622 1.07479 -0.12134 0.44785 0.05248 0.01648
v -0.21622 1.07479 0.12134 0.44785 0.05248 0.01648
v -0.21622 1.07479 0.12134 0.44785 0.05248 0.01648
v -0.21622 1.07479 -0.12134 0.44785 0.05248 0.01648
v -0.22492 1.08192 0.12134 0.44785 0.05248 0.01648
v -0.21622 1.07479 -0.12134 0.44785 0.05248 0.01648
v -0.22492 1.08192 -0.12134 0.44785 0.05248 0.01648
v -0.22492 1.08192 0.12134 0.44785 0.05248 0.01648
v 0.22492 1.08192 -0.12134 0.44785 0.05248 0.01648
v 0.22384 1.08300 -0.13444 0.44785 0.05248 0.01648
v 0.21622 1.07479 -0.12134 0.44785 0.05248 0.01648
v 0.22384 1.08300 -0.13444 0.44785 0.05248 0.01648
v 0.21506 1.07652 -0.13660 0.44785 0.05248 0.01648
v 0.21622 1.07479 -0.12134 0.44785 0.05248 0.01648
v 0.21622 1.07479 -0.12134 0.44785 0.05248 0.01648
v 0.21506 1.07652 -0.13660 0.44785 0.05248 0.01648
v 0.20260 1.06813 -0.12134 0.44785 0.05248 0.01648
v 0.21506 1.07652 -0.13660 0.44785 0.05248 0.01648
v 0.20176 1.07065 -0.13856 0.44785 0.05248 0.01648
v 0.20260 1.06813 -0.12134 0.44785 0.05248 0.01648
v 0.20260 1.06813 -0.12134 0.44785 0.05248 0.01648
v 0.20176 1.07065 -0.13856 0.44785 0.05248 0.01648
v 0.18454 1.06520 -0.12134 0.44785 0.05248 0.01648
v 0.20176 1.07065 -0.13856 0.44785 0.05248 0.01648
v 0.18454 1.06813 -0.13940 0.44785 0.05248 0.01648
v 0.18454 1.06520 -0.12134 0.44785 0.05248 0.01648
v 0.18454 1.06520 -0.12134 0.44785 0.05248 0.01648
v 0.18454 1.06813 -0.13940 0.44785 0.05248 0.01648
v -0.18454 1.06520 -0.12134 0.44785 0.05248 0.01648
v 0.18454 1.06813 -0.13940 0.44785 0.05248 0.01648
v -0.18454 1.06813 -0.13940 0.44785 0.05248 0.01648
v -0.18454 1.06520 -0.12134 0.44785 0.05248 0.01648
v -0.18454 1.06520 -0.12134 0.44785 0.05248 0.01648
v -0.18454 1.06813 -0.13940 0.44785 0.05248 0.01648
v -0.20260 1.06813 -0.12134 0.44785 0.05248 0.01648
v -0.18454 1.06813 -0.13940 0.44785 0.05248 0.01648
v -0.20176 1.07065 -0.13856 0.44785 0.05248 0.01648
v -0.20260 1.06813 -0.12134 0.44785 0.05248 0.01648
v -0.20260 1.06813 -0.12134 0.44785 0.05248 0.01648
v -0.20176 1.07065 -0.13856 0.44785 0.05248 0.01648
v -0.21622 1.07479 -0.12134 0.44785 0.05248 0.01648
v -0.20176 1.07065 -0.13856 0.44785 0.05248 0.01648
v -0.21506 1.07652 -0.13660 0.44785 0.05248 0.01648
v -0.21622 1.07479 -0.12134 0.44785 0.05248 0.01648
v -0.21622 1.07479 -0.12134 0.44785 0.05248 0.01648
v -0.21506 1.07652 -0.13660 0.44785 0.05248 0.01648
v -0.22492 1.08192 -0.12134 0.44785 0.05248 0.01648
v -0.21506 1.07652 -0.13660 0.44785 0.05248 0.01648
v -0.22384 1.08300 -0.13444 0.44785 0.05248 0.01648
v -0.22492 1.08192 -0.12134 0.44785 0.05248 0.01648
v 0.22384 1.08300 -0.13444 0.44785 0.05248 0.01648
v 0.22106 1.08578 -0.14569 0.44785 0.05248 0.01648
v 0.21506 1.07652 -0.13660 0.44785 0.05248 0.01648
v 0.22106 1.08578 -0.14569 0.44785 0.05248 0.01648
v 0.21224 1.08075 -0.14904 0.44785 0.05248 0.01648
v 0.21506 1.07652 -0.13660 0.44785 0.05248 0.01648
v 0.21506 1.07652 -0.13660 0.44785 0.05248 0.01648
v 0.21224 1.08075 -0.14904 0.44785 0.05248 0.01648
v 0.20176 1.07065 -0.13856 0.44785 0.05248 0.01648
v 0.21224 1.08075 -0.14904 0.44785 0.05248 0.01648
v 0.19980 1.07652 -0.15186 0.44785 0.05248 0.01648
v 0.20176 1.07065 -0.13856 0.44785 0.05248 0.01648
v 0.20176 1.07065 -0.13856 0.44785 0.05248 0.01648
v 0.19980 1.07652 -0.15186 0.44785 0.05248 0.01648
v 0.18454 1.06813 -0.13940 0.44785 0.05248 0.01648
v 0.19980 1.07652 -0.15186 0.44785 0.05248 0.01648
v 0.18454 1.07479 -0.15302 0.44785 0.05248 0.01648
v 0.18454 1.06813 -0.13940 0.44785 0.05248 0.01648
v 0.18454 1.06813 -0.13940 0.44785 0.05248 0.01648
v 0.18454 1.07479 -0.15302 0.44785 0.05248 0.01648
v -0.18454 1.06813 -0.13940 0.44785 0.05248 0.01648
v 0.18454 1.07479 -0.15302 0.44785 0.05248 0.01648
v -0.18454 1.07479 -0.15302 0.44785 0.05248 0.01648
v -0.18454 1.06813 -0.13940 0.44785 0.05248 0.01648
v -0.18454 1.06813 -0.13940 0.44785 0.05248 0.01648
v -0.18454 1.07479 -0.15302 0.44785 0.05248 0.01648
v -0.20176 1.07065 -0.13856 0.44785 0.05248 0.01648
v -0.18454 1.07479 -0.15302 0.44785 0.05248 0.01648
v -0.19980 1.07652 -0.15186 0.44785 0.05248 0.01648
v -0.20176 1.07065 -0.13856 0.44785 0.05248 0.01648
v -0.20176 1.07065 -0.13856 0.44785 0.05248 0.01648
v -0.19980 1.07652 -0.15186 0.44785 0.05248 0.01648
v -0.21506 1.07652 -0.13660 0.44785 0.05248 0.01648
v -0.19980 1.07652 -0.15186 0.44785 0.05248 0.01648
v -0.21224 1.08075 -0.14904 0.44785 0.05248 0.01648
v -0.21506 1.07652 -0.13660 0.44785 0.05248 0.01648
v -0.21506 1.07652 -0.13660 0.44785 0.05248 0.01648
v -0.21224 1.08075 -0.14904 0.44785 0.05248 0.01648
v -0.22384 1.08300 -0.13444 0.44785 0.05248 0.01648
v -0.21224 1.08075 -0.14904 0.44785 0.05248 0.01648
v -0.22106 1.08578 -0.14569 0.44785 0.05248 0.01648
v -0.22384 1.08300 -0.13444 0.44785 0.05248 0.01648
v 0.22106 1.08578 -0.14569 0.44785 0.05248 0.01648
v 0.21751 1.08933 -0.15431 0.44785 0.05248 0.01648
v 0.21224 1.08075 -0.14904 0.44785 0.05248 0.01648
v 0.21751 1.08933 -0.15431 0.44785 0.05248 0.01648
v 0.20889 1.08578 -0.15786 0.44785 0.05248 0.01648
v 0.21224 1.08075 -0.14904 0.44785 0.05248 0.01648
v 0.21224 1.08075 -0.14904 0.44785 0.05248 0.01648
v 0.20889 1.08578 -0.15786 0.44785 0.05248 0.01648
v 0.19980 1.07652 -0.15186 0.44785 0.05248 0.01648
v 0.20889 1.08578 -0.15786 0.44785 0.05248 0.01648
v 0.19764 1.08300 -0.16064 0.44785 0.05248 0.01648
v 0.19980 1.07652 -0.15186 0.44785 0.05248 0.01648
v 0.19980 1.07652 -0.15186 0.44785 0.05248 0.01648
v 0.19764 1.08300 -0.16064 0.44785 0.05248 0.01648
v 0.18454 1.07479 -0.15302 0.44785 0.05248 0.01648
v 0.19764 1.08300 -0.16064 0.44785 0.05248 0.01648
v 0.18454 1.08192 -0.16172 0.44785 0.05248 0.01648
v 0.18454 1.07479 -0.15302 0.44785 0.05248 0.01648
v 0.18454 1.07479 -0.15302 0.44785 0.05248 0.01648
v 0.18454 1.08192 -0.16172 0.44785 0.05248 0.01648
v -0.18454 1.07479 -0.15302 0.44785 0.05248 0.01648
v 0.18454 1.08192 -0.16172 0.44785 0.05248 0.01648
v -0.18454 1.08192 -0.16172 0.44785 0.05248 0.01648
v -0.18454 1.07479 -0.15302 0.44785 0.05248 0.01648
v -0.18454 1.07479 -0.15302 0.44785 0.05248 0.01648
v -0.18454 1.08192 -0.16172 0.44785 0.05248 0.01648
v -0.19980 1.07652 -0.15186 0.44785 0.05248 0.01648
v -0.18454 1.08192 -0.16172 0.44785 0.05248 0.01648
v -0.19764 1.08300 -0.16064 0.44785 0.05248 0.01648
v -0.19980 1.07652 -0.15186 0.44785 0.05248 0.01648
v -0.19980 1.07652 -0.15186 0.44785 0.05248 0.01648
v -0.19764 1.08300 -0.16064 0.44785 0.05248 0.01648
v -0.21224 1.08075 -0.14904 0.44785 0.05248 0.01648
v -0.19764 1.08300 -0.16064 0.44785 0.05248 0.01648
v -0.20889 1.08578 -0.15786 0.44785 0.05248 0.01648
v -0.21224 1.08075 -0.14904 0.44785 0.05248 0.01648
v -0.21224 1.08075 -0.14904 0.44785 0.05248 0.01648
v -0.20889 1.08578 -0.15786 0.44785 0.05248 0.01648
v -0.22106 1.08578 -0.14569 0.44785 0.05248 0.01648
v -0.20889 1.08578 -0.15786 0.44785 0.05248 0.01648
v -0.21751 1.08933 -0.15431 0.44785 0.05248 0.01648
v -0.22106 1.08578 -0.14569 0.44785 0.05248 0.01648
v 0.21751 1.67306 0.15431 0.44785 0.05248 0.01648
v 0.22106 1.66444 0.15786 0.44785 0.05248 0.01648
v 0.20889 1.67661 0.15786 0.44785 0.05248 0.01648
v 0.22106 1.66444 0.15786 0.44785 0.05248 0.01648
v 0.21224 1.66779 0.16289 0.44785 0.05248 0.01648
v 0.20889 1.67661 0.15786 0.44785 0.05248 0.01648
v 0.20889 1.67661 0.15786 0.44785 0.05248 0.01648
v 0.21224 1.66779 0.16289 0.44785 0.05248 0.01648
v 0.19764 1.67939 0.16064 0.44785 0.05248 0.01648
v 0.21224 1.66779 0.16289 0.44785 0.05248 0.01648
v 0.19980 1.67061 0.16713 0.44785 0.05248 0.01648
v 0.19764 1.67939 0.16064 0.44785 0.05248 0.01648
v 0.19764 1.67939 0.16064 0.44785 0.05248 0.01648
v 0.19980 1.67061 0.16713 0.44785 0.05248 0.01648
v 0.18454 1.68047 0.16172 0.44785 0.05248 0.01648
v 0.19980 1.67061 0.16713 0.44785 0.05248 0.01648
v 0.18454 1.67176 0.16885 0.44785 0.05248 0.01648
v 0.18454 1.68047 0.16172 0.44785 0.05248 0.01648
v 0.18454 1.68047 0.16172 0.44785 0.05248 0.01648
v 0.18454 1.67176 0.16885 0.44785 0.05248 0.01648
v -0.18454 1.68047 0.16172 0.44785 0.05248 0.01648
v 0.18454 1.67176 0.16885 0.44785 0.05248 0.01648
v -0.18454 1.67176 0.16885 0.44785 0.05248 0.01648
v -0.18454 1.68047 0.16172 0.44785 0.05248 0.01648
v -0.18454 1.68047 0.16172 0.44785 0.05248 0.01648
v -0.18454 1.67176 0.16885 0.44785 0.05248 0.01648
v -0.19764 1.67939 0.16064 0.44785 0.05248 0.01648
v -0.18454 1.67176 0.16885 0.44785 0.05248 0.01648
v -0.19980 1.67061 0.16713 0.44785 0.05248 0.01648
v -0.19764 1.67939 0.16064 0.44785 0.05248 0.01648
v -0.19764 1.67939 0.16064 0.44785 0.05248 0.01648
v -0.19980 1.67061 0.16713 0.44785 0.05248 0.01648
v -0.20889 1.67661 0.15786 0.44785 0.05248 0.01648
v -0.19980 1.67061 0.16713 0.44785 0.05248 0.01648
v -0.21224 1.66779 0.16289 0.44785 0.05248 0.01648
v -0.20889 1.67661 0.15786 0.44785 0.05248 0.01648
v -0.20889 1.67661 0.15786 0.44785 0.05248 0.01648
v -0.21224 1.66779 0.16289 0.44785 0.05248 0.01648
v -0.21751 1.67306 0.15431 0.44785 0.05248 0.01648
v -0.21224 1.66779 0.16289 0.44785 0.05248 0.01648
v -0.22106 1.66444 0.15786 0.44785 0.05248 0.01648
v -0.21751 1.67306 0.15431 0.44785 0.05248 0.01648
v 0.22106 1.66444 0.15786 0.44785 0.05248 0.01648
v 0.22384 1.65319 0.16064 0.44785 0.05248 0.01648
v 0.21224 1.66779 0.16289 0.44785 0.05248 0.01648
v 0.22384 1.65319 0.16064 0.44785 0.05248 0.01648
v 0.21506 1.65535 0.16713 0.44785 0.05248 0.01648
v 0.21224 1.66779 0.16289 0.44785 0.05248 0.01648
v 0.21224 1.66779 0.16289 0.44785 0.05248 0.01648
v 0.21506 1.65535 0.16713 0.44785 0.05248 0.01648
v 0.19980 1.67061 0.16713 0.44785 0.05248 0.01648
v 0.21506 1.65535 0.16713 0.44785 0.05248 0.01648
v 0.20176 1.65731 0.17299 0.44785 0.05248 0.01648
v 0.19980 1.67061 0.16713 0.44785 0.05248 0.01648
v 0.19980 1.67061 0.16713 0.44785 0.05248 0.01648
v 0.20176 1.65731 0.17299 0.44785 0.05248 0.01648
v 0.18454 1.67176 0.16885 0.44785 0.05248 0.01648
v 0.20176 1.65731 0.17299 0.44785 0.05248 0.01648
v 0.18454 1.65815 0.17551 0.44785 0.05248 0.01648
v 0.18454 1.67176 0.16885 0.44785 0.05248 0.01648
v 0.18454 1.67176 0.16885 0.44785 0.05248 0.01648
v 0.18454 1.65815 0.17551 0.44785 0.05248 0.01648
v -0.18454 1.67176 0.16885 0.44785 0.05248 0.01648
v 0.18454 1.65815 0.17551 0.44785 0.05248 0.01648
v -0.18454 1.65815 0.17551 0.44785 0.05248 0.01648
v -0.18454 1.67176 0.16885 0.44785 0.05248 0.01648
v -0.18454 1.67176 0.16885 0.44785 0.05248 0.01648
v -0.18454 1.65815 0.17551 0.44785 0.05248 0.01648
v -0.19980 1.67061 0.16713 0.44785 0.05248 0.01648
v -0.18454 1.65815 0.17551 0.44785 0.05248 0.01648
v -0.20176 1.65731 0.17299 0.44785 0.05248 0.01648
v -0.19980 1.67061 0.16713 0.44785 0.05248 0.01648
v -0.19980 1.67061 0.16713 0.44785 0.05248 0.01648
v -0.20176 1.65731 0.17299 0.44785 0.05248 0.01648
v -0.21224 1.66779 0.16289 0.44785 0.05248 0.01648
v -0.20176 1.65731 0.17299 0.44785 0.05248 0.01648
v -0.21506 1.65535 0.16713 0.44785 0.05248 0.01648
v -0.21224 1.66779 0.16289 0.44785 0.05248 0.01648
v -0.21224 1.66779 0.16289 0.44785 0.05248 0.01648
v -0.21506 1.65535 0.16713 0.44785 0.05248 0.01648
v -0.22106 1.66444 0.15786 0.44785 0.05248 0.01648
v -0.21506 1.65535 0.16713 0.44785 0.05248 0.01648
v -0.22384 1.65319 0.16064 0.44785 0.05248 0.01648
v -0.22106 1.66444 0.15786 0.44785 0.05248 0.01648
v 0.22384 1.65319 0.16064 0.44785 0.05248 0.01648
v 0.22492 1.64009 0.16172 0.44785 0.05248 0.01648
v 0.21506 1.65535 0.16713 0.44785 0.05248 0.01648
v 0.22492 1.64009 0.16172 0.44785 0.05248 0.01648
v 0.21622 1.64009 0.16885 0.44785 0.05248 0.01648
v 0.21506 1.65535 0.16713 0.44785 0.05248 0.01648
v 0.21506 1.65535 0.16713 0.44785 0.05248 0.01648
v 0.21622 1.64009 0.16885 0.44785 0.05248 0.01648
v 0.20176 1.65731 0.17299 0.44785 0.05248 0.01648
v 0.21622 1.64009 0.16885 0.44785 0.05248 0.01648
v 0.20260 1.64009 0.17551 0.44785 0.05248 0.01648
v 0.20176 1.65731 0.17299 0.44785 0.05248 0.01648
v 0.20176 1.65731 0.17299 0.44785 0.05248 0.01648
v 0.20260 1.64009 0.17551 0.44785 0.05248 0.01648
v 0.18454 1.65815 0.17551 0.44785 0.05248 0.01648
v 0.20260 1.64009 0.17551 0.44785 0.05248 0.01648
v 0.18454 1.64009 0.17844 0.44785 0.05248 0.01648
v 0.18454 1.65815 0.17551 0.44785 0.05248 0.01648
v 0.18454 1.65815 0.17551 0.44785 0.05248 0.01648
v 0.18454 1.64009 0.17844 0.44785 0.05248 0.01648
v -0.18454 1.65815 0.17551 0.44785 0.05248 0.01648
v 0.18454 1.64009 0.17844 0.44785 0.05248 0.01648
v -0.18454 1.64009 0.17844 0.44785 0.05248 0.01648
v -0.18454 1.65815 0.17551 0.44785 0.05248 0.01648
v -0.18454 1.65815 0.17551 0.44785 0.05248 0.01648
v -0.18454 1.64009 0.17844 0.44785 0.05248 0.01648
v -0.20176 1.65731 0.17299 0.44785 0.05248 0.01648
v -0.18454 1.64009 0.17844 0.44785 0.05248 0.01648
v -0.20260 1.64009 0.17551 0.44785 0.05248 0.01648
v -0.20176 1.65731 0.17299 0.44785 0.05248 0.01648
v -0.20176 1.65731 0.17299 0.44785 0.05248 0.01648
v -0.20260 1.64009 0.17551 0.44785 0.05248 0.01648
v -0.21506 1.65535 0.16713 0.44785 0.05248 0.01648
v -0.20260 1.64009 0.17551 0.44785 0.05248 0.01648
v -0.21622 1.64009 0.16885 0.44785 0.05248 0.01648
v -0.21506 1.65535 0.16713 0.44785 0.05248 0.01648
v -0.21506 1.65535 0.16713 0.44785 0.05248 0.01648
v -0.21622 1.64009 0.16885 0.44785 0.05248 0.01648
v -0.22384 1.65319 0.16064 0.44785 0.05248 0.01648
v -0.21622 1.64009 0.16885 0.44785 0.05248 0.01648
v -0.22492 1.64009 0.16172 0.44785 0.05248 0.01648
v -0.22384 1.65319 0.16064 0.44785 0.05248 0.01648
v 0.22492 1.64009 0.16172 0.44785 0.05248 0.01648
v 0.22492 1.12230 0.16172 0.44785 0.05248 0.01648
v 0.21622 1.64009 0.16885 0.44785 0.05248 0.01648
v 0.22492 1.12230 0.16172 0.44785 0.05248 0.01648
v 0.21622 1.12230 0.16885 0.44785 0.05248 0.01648
v 0.21622 1.64009 0.16885 0.44785 0.05248 0.01648
v 0.21622 1.64009 0.16885 0.44785 0.05248 0.01648
v 0.21622 1.12230 0.16885 0.44785 0.05248 0.01648
v 0.20260 1.64009 0.17551 0.44785 0.05248 0.01648
v 0.21622 1.12230 0.16885 0.44785 0.05248 0.01648
v 0.20260 1.12230 0.17551 0.44785 0.05248 0.01648
v 0.20260 1.64009 0.17551 0.44785 0.05248 0.01648
v 0.20260 1.64009 0.17551 0.44785 0.05248 0.01648
v 0.20260 1.12230 0.17551 0.44785 0.05248 0.01648
v 0.18454 1.64009 0.17844 0.44785 0.05248 0.01648
v 0.20260 1.12230 0.17551 0.44785 0.05248 0.01648
v 0.18454 1.12230 0.17844 0.44785 0.05248 0.01648
v 0.18454 1.64009 0.17844 0.44785 0.05248 0.01648
v 0.18454 1.64009 0.17844 0.44785 0.05248 0.01648
v 0.18454 1.12230 0.17844 0.44785 0.05248 0.01648
v -0.18454 1.64009 0.17844 0.44785 0.05248 0.01648
v 0.18454 1.12230 0.17844 0.44785 0.05248 0.01648
v -0.18454 1.12230 0.17844 0.44785 0.05248 0.01648
v -0.18454 1.64009 0.17844 0.44785 0.05248 0.01648
v -0.18454 1.64009 0.17844 0.44785 0.05248 0.01648
v -0.18454 1.12230 0.17844 0.44785 0.05248 0.01648
v -0.20260 1.64009 0.17551 0.44785 0.05248 0.01648
v -0.18454 1.12230 0.17844 0.44785 0.05248 0.01648
v -0.20260 1.12230 0.17551 0.44785 0.05248 0.01648
v -0.20260 1.64009 0.17551 0.44785 0.05248 0.01648
v -0.20260 1.64009 0.17551 0.44785 0.05248 0.01648
v -0.20260 1.12230 0.17551 0.44785 0.05248 0.01648
v -0.21622 1.64009 0.16885 0.44785 0.05248 0.01648
v -0.20260 1.12230 0.17551 0.44785 0.05248 0.01648
v -0.21622 1.12230 0.16885 0.44785 0.05248 0.01648
v -0.21622 1.64009 0.16885 0.44785 0.05248 0.01648
v -0.21622 1.64009 0.16885 0.44785 0.05248 0.01648
v -0.21622 1.12230 0.16885 0.44785 0.05248 0.01648
v -0.22492 1.64009 0.16172 0.44785 0.05248 0.01648
v -0.21622 1.12230 0.16885 0.44785 0.05248 0.01648
v -0.22492 1.12230 0.16172 0.44785 0.05248 0.01648
v -0.22492 1.64009 0.16172 0.44785 0.05248 0.01648
v 0.22492 1.12230 0.16172 0.44785 0.05248 0.01648
v 0.22384 1.10920 0.16064 0.44785 0.05248 0.01648
v 0.21622 1.12230 0.16885 0.44785 0.05248 0.01648
v 0.22384 1.10920 0.16064 0.44785 0.05248 0.01648
v 0.21506 1.10704 0.16713 0.44785 0.05248 0.01648
v 0.21622 1.12230 0.16885 0.44785 0.05248 0.01648
v 0.21622 1.12230 0.16885 0.44785 0.05248 0.01648
v 0.21506 1.10704 0.16713 0.44785 0.05248 0.01648
v 0.20260 1.12230 0.17551 0.44785 0.05248 0.01648
v 0.21506 1.10704 0.16713 0.44785 0.05248 0.01648
v 0.20176 1.10508 0.17299 0.44785 0.05248 0.01648
v 0.20260 1.12230 0.17551 0.44785 0.05248 0.01648
v 0.20260 1.12230 0.17551 0.44785 0.05248 0.01648
v 0.20176 1.10508 0.17299 0.44785 0.05248 0.01648
v 0.18454 1.12230 0.17844 0.44785 0.05248 0.01648
v 0.20176 1.10508 0.17299 0.44785 0.05248 0.01648
v 0.18454 1.10424 0.17551 0.44785 0.05248 0.01648
v 0.18454 1.12230 0.17844 0.44785 0.05248 0.01648
v 0.18454 1.12230 0.17844 0.44785 0.05248 0.01648
v 0.18454 1.10424 0.17551 0.44785 0.05248 0.01648
v -0.18454 1.12230 0.17844 0.44785 0.05248 0.01648
v 0.18454 1.10424 0.17551 0.44785 0.05248 0.01648
v -0.18454 1.10424 0.17551 0.44785 0.05248 0.01648
v -0.18454 1.12230 0.17844 0.44785 0.05248 0.01648
v -0.18454 1.12230 0.17844 0.44785 0.05248 0.01648
v -0.18454 1.10424 0.17551 0.44785 0.05248 0.01648
v -0.20260 1.12230 0.17551 0.44785 0.05248 0.01648
v -0.18454 1.10424 0.17551 0.44785 0.05248 0.01648
v -0.20176 1.10508 0.17299 0.44785 0.05248 0.01648
v -0.20260 1.12230 0.17551 0.44785 0.05248 0.01648
v -0.20260 1.12230 0.17551 0.44785 0.05248 0.01648
v -0.20176 1.10508 0.17299 0.44785 0.05248 0.01648
v -0.21622 1.12230 0.16885 0.44785 0.05248 0.01648
v -0.20176 1.10508 0.17299 0.44785 0.05248 0.01648
v -0.21506 1.10704 0.16713 0.44785 0.05248 0.01648
v -0.21622 1.12230 0.16885 0.44785 0.05248 0.01648
v -0.21622 1.12230 0.16885 0.44785 0.05248 0.01648
v -0.21506 1.10704 0.16713 0.44785 0.05248 0.01648
v -0.22492 1.12230 0.16172 0.44785 0.05248 0.01648
v -0.21506 1.10704 0.16713 0.44785 0.05248 0.01648
v -0.22384 1.10920 0.16064 0.44785 0.05248 0.01648
v -0.22492 1.12230 0.16172 0.44785 0.05248 0.01648
v 0.22384 1.10920 0.16064 0.44785 0.05248 0.01648
v 0.22106 1.09795 0.15786 0.44785 0.05248 0.01648
v 0.21506 1.10704 0.16713 0.44785 0.05248 0.01648
v 0.22106 1.09795 0.15786 0.44785 0.05248 0.01648
v 0.21224 1.09460 0.16289 0.44785 0.05248 0.01648
v 0.21506 1.10704 0.16713 0.44785 0.05248 0.01648
v 0.21506 1.10704 0.16713 0.44785 0.05248 0.01648
v 0.21224 1.09460 0.16289 0.44785 0.05248 0.01648
v 0.20176 1.10508 0.17299 0.44785 0.05248 0.01648
v 0.21224 1.09460 0.16289 0.44785 0.05248 0.01648
v 0.19980 1.09178 0.16713 0.44785 0.05248 0.01648
v 0.20176 1.10508 0.17299 0.44785 0.05248 0.01648
v 0.20176 1.10508 0.17299 0.44785 0.05248 0.01648
v 0.19980 1.09178 0.16713 0.44785 0.05248 0.01648
v 0.18454 1.10424 0.17551 0.44785 0.05248 0.01648
v 0.19980 1.09178 0.16713 0.44785 0.05248 0.01648
v 0.18454 1.09063 0.16885 0.44785 0.05248 0.01648
v 0.18454 1.10424 0.17551 0.44785 0.05248 0.01648
v 0.18454 1.10424 0.17551 0.44785 0.05248 0.01648
v 0.18454 1.09063 0.16885 0.44785 0.05248 0.01648
v -0.18454 1.10424 0.17551 0.44785 0.05248 0.01648
v 0.18454 1.09063 0.16885 0.44785 0.05248 0.01648
v -0.18454 1.09063 0.16885 0.44785 0.05248 0.01648
v -0.18454 1.10424 0.17551 0.44785 0.05248 0.01648
v -0.18454 1.10424 0.17551 0.44785 0.05248 0.01648
v -0.18454 1.09063 0.16885 0.44785 0.05248 0.01648
v -0.20176 1.10508 0.17299 0.44785 0.05248 0.01648
v -0.18454 1.09063 0.16885 0.44785 0.05248 0.01648
v -0.19980 1.09178 0.16713 0.44785 0.05248 0.01648
v -0.20176 1.10508 0.17299 0.44785 0.05248 0.01648
v -0.20176 1.10508 0.17299 0.44785 0.05248 0.01648
v -0.19980 1.09178 0.16713 0.44785 0.05248 0.01648
v -0.21506 1.10704 0.16713 0.44785 0.05248 0.01648
v -0.19980 1.09178 0.16713 0.44785 0.05248 0.01648
v -0.21224 1.09460 0.16289 0.44785 0.05248 0.01648
v -0.21506 1.10704 0.16713 0.44785 0.05248 0.01648
v -0.21506 1.10704 0.16713 0.44785 0.05248 0.01648
v -0.21224 1.09460 0.16289 0.44785 0.05248 0.01648
v -0.22384 1.10920 0.16064 0.44785 0.05248 0.01648
v -0.21224 1.09460 0.16289 0.44785 0.05248 0.01648
v -0.22106 1.09795 0.15786 0.44785 0.05248 0.01648
v -0.22384 1.10920 0.16064 0.44785 0.05248 0.01648
v 0.22106 1.09795 0.15786 0.44785 0.05248 0.01648
v 0.21751 1.08933 0.15431 0.44785 0.05248 0.01648
v 0.21224 1.09460 0.16289 0.44785 0.05248 0.01648
v 0.21751 1.08933 0.15431 0.44785 0.05248 0.01648
v 0.20889 1.08578 0.15786 0.44785 0.05248 0.01648
v 0.21224 1.09460 0.16289 0.44785 0.05248 0.01648
v 0.21224 1.09460 0.16289 0.44785 0.05248 0.01648
v 0.20889 1.08578 0.15786 0.44785 0.05248 0.01648
v 0.19980 1.09178 0.16713 0.44785 0.05248 0.01648
v 0.20889 1.08578 0.15786 0.44785 0.05248 0.01648
v 0.19764 1.08300 0.16064 0.44785 0.05248 0.01648
v 0.19980 1.09178 0.16713 0.44785 0.05248 0.01648
v 0.19980 1.09178 0.16713 0.44785 0.05248 0.01648
v 0.19764 1.08300 0.16064 0.44785 0.05248 0.01648
v 0.18454 1.09063 0.16885 0.44785 0.05248 0.01648
v 0.19764 1.08300 0.16064 0.44785 0.05248 0.01648
v 0.18454 1.08192 0.16172 0.44785 0.05248 0.01648
v 0.18454 1.09063 0.16885 0.44785 0.05248 0.01648
v 0.18454 1.09063 0.16885 0.44785 0.05248 0.01648
v 0.18454 1.08192 0.16172 0.44785 0.05248 0.01648
v -0.18454 1.09063 0.16885 0.44785 0.05248 0.01648
v 0.18454 1.08192 0.16172 0.44785 0.05248 0.01648
v -0.18454 1.08192 0.16172 0.44785 0.05248 0.01648
v -0.18454 1.09063 0.16885 0.44785 0.05248 0.01648
v -0.18454 1.09063 0.16885 0.44785 0.05248 0.01648
v -0.18454 1.08192 0.16172 0.44785 0.05248 0.01648
v -0.19980 1.09178 0.16713 0.44785 0.05248 0.01648
v -0.18454 1.08192 0.16172 0.44785 0.05248 0.01648
v -0.19764 1.08300 0.16064 0.44785 0.05248 0.01648
v -0.19980 1.09178 0.16713 0.44785 0.05248 0.01648
v -0.19980 1.09178 0.16713 0.44785 0.05248 0.01648
v -0.19764 1.08300 0.16064 0.44785 0.05248 0.01648
v -0.21224 1.09460 0.16289 0.44785 0.05248 0.01648
v -0.19764 1.08300 0.16064 0.44785 0.05248 0.01648
v -0.20889 1.08578 0.15786 0.44785 0.05248 0.01648
v -0.21224 1.09460 0.16289 0.44785 0.05248 0.01648
v -0.21224 1.09460 0.16289 0.44785 0.05248 0.01648
v -0.20889 1.08578 0.15786 0.44785 0.05248 0.01648
v -0.22106 1.09795 0.15786 0.44785 0.05248 0.01648
v -0.20889 1.08578 0.15786 0.44785 0.05248 0.01648
v -0.21751 1.08933 0.15431 0.44785 0.05248 0.01648
v -0.22106 1.09795 0.15786 0.44785 0.05248 0.01648
v -0.21751 1.67306 -0.15431 0.44785 0.05248 0.01648
v -0.22106 1.66444 -0.15786 0.44785 0.05248 0.01648
v -0.20889 1.67661 -0.15786 0.44785 0.05248 0.01648
v -0.22106 1.66444 -0.15786 0.44785 0.05248 0.01648
v -0.21224 1.66779 -0.16289 0.44785 0.05248 0.01648
v -0.20889 1.67661 -0.15786 0.44785 0.05248 0.01648
v -0.20889 1.67661 -0.15786 0.44785 0.05248 0.01648
v -0.21224 1.66779 -0.16289 0.44785 0.05248 0.01648
v -0.19764 1.67939 -0.16064 0.44785 0.05248 0.01648
v -0.21224 1.66779 -0.16289 0.44785 0.05248 0.01648
v -0.19980 1.67061 -0.16713 0.44785 0.05248 0.01648
v -0.19764 1.67939 -0.16064 0.44785 0.05248 0.01648
v -0.19764 1.67939 -0.16064 0.44785 0.05248 0.01648
v -0.19980 1.67061 -0.16713 0.44785 0.05248 0.01648
v -0.18454 1.68047 -0.16172 0.44785 0.05248 0.01648
v -0.19980 1.67061 -0.16713 0.44785 0.05248 0.01648
v -0.18454 1.67176 -0.16885 0.44785 0.05248 0.01648
v -0.18454 1.68047 -0.16172 0.44785 0.05248 0.01648
v -0.18454 1.68047 -0.16172 0.44785 0.05248 0.01648
v -0.18454 1.67176 -0.16885 0.44785 0.05248 0.01648
v 0.18454 1.68047 -0.16172 0.44785 0.05248 0.01648
v -0.18454 1.67176 -0.16885 0.44785 0.05248 0.01648
v 0.18454 1.67176 -0.16885 0.44785 0.05248 0.01648
v 0.18454 1.68047 -0.16172 0.44785 0.05248 0.01648
v 0.18454 1.68047 -0.16172 0.44785 0.05248 0.01648
v 0.18454 1.67176 -0.16885 0.44785 0.05248 0.01648
v 0.19764 1.67939 -0.16064 0.44785 0.05248 0.01648
v 0.18454 1.67176 -0.16885 0.44785 0.05248 0.01648
v 0.19980 1.67061 -0.16713 0.44785 0.05248 0.01648
v 0.19764 1.67939 -0.16064 0.44785 0.05248 0.01648
v 0.19764 1.67939 -0.16064 0.44785 0.05248 0.01648
v 0.19980 1.67061 -0.16713 0.44785 0.05248 0.01648
v 0.20889 1.67661 -0.15786 0.44785 0.05248 0.01648
v 0.19980 1.67061 -0.16713 0.44785 0.05248 0.01648
v 0.21224 1.66779 -0.16289 0.44785 0.05248 0.01648
v 0.20889 1.67661 -0.15786 0.44785 0.05248 0.01648
v 0.20889 1.67661 -0.15786 0.44785 0.05248 0.01648
v 0.21224 1.66779 -0.16289 0.44785 0.05248 0.01648
v 0.21751 1.67306 -0.15431 0.44785 0.05248 0.01648
v 0.21224 1.66779 -0.16289 0.44785 0.05248 0.01648
v 0.22106 1.66444 -0.15786 0.44785 0.05248 0.01648
v 0.21751 1.67306 -0.15431 0.44785 0.05248 0.01648
v -0.22106 1.66444 -0.15786 0.44785 0.05248 0.01648
v -0.22384 1.65319 -0.16064 0.44785 0.05248 0.01648
v -0.21224 1.66779 -0.16289 0.44785 0.05248 0.01648
v -0.22384 1.65319 -0.16064 0.44785 0.05248 0.01648
v -0.21506 1.65535 -0.16713 0.44785 0.05248 0.01648
v -0.21224 1.66779 -0.16289 0.44785 0.05248 0.01648
v -0.21224 1.66779 -0.16289 0.44785 0.05248 0.01648
v -0.21506 1.65535 -0.16713 0.44785 0.05248 0.01648
v -0.19980 1.67061 -0.16713 0.44785 0.05248 0.01648
v -0.21506 1.65535 -0.16713 0.44785 0.05248 0.01648
v -0.20176 1.65731 -0.17299 0.44785 0.05248 0.01648
v -0.19980 1.67061 -0.16713 0.44785 0.05248 0.01648
v -0.19980 1.67061 -0.16713 0.44785 0.05248 0.01648
v -0.20176 1.65731 -0.17299 0.44785 0.05248 0.01648
v -0.18454 1.67176 -0.16885 0.44785 0.05248 0.01648
v -0.20176 1.65731 -0.17299 0.44785 0.05248 0.01648
v -0.18454 1.65815 -0.17551 0.44785 0.05248 0.01648
v -0.18454 1.67176 -0.16885 0.44785 0.05248 0.01648
v -0.18454 1.67176 -0.16885 0.44785 0.05248 0.01648
v -0.18454 1.65815 -0.17551 0.44785 0.05248 0.01648
v 0.18454 1.67176 -0.16885 0.44785 0.05248 0.01648
v -0.18454 1.65815 -0.17551 0.44785 0.05248 0.01648
v 0.18454 1.65815 -0.17551 0.44785 0.05248 0.01648
v 0.18454 1.67176 -0.16885 0.44785 0.05248 0.01648
v 0.18454 1.67176 -0.16885 0.44785 0.05248 0.01648
v 0.18454 1.65815 -0.17551 0.44785 0.05248 0.01648
v 0.19980 1.67061 -0.16713 0.44785 0.05248 0.01648
v 0.18454 1.65815 -0.17551 0.44785 0.05248 0.01648
v 0.20176 1.65731 -0.17299 0.44785 0.05248 0.01648
v 0.19980 1.67061 -0.16713 0.44785 0.05248 0.01648
v 0.19980 1.67061 -0.16713 0.44785 0.05248 0.01648
v 0.20176 1.65731 -0.17299 0.44785 0.05248 0.01648
v 0.21224 1.66779 -0.16289 0.44785 0.05248 0.01648
v 0.20176 1.65731 -0.17299 0.44785 0.05248 0.01648
v 0.21506 1.65535 -0.16713 0.44785 0.05248 0.01648
v 0.21224 1.66779 -0.16289 0.44785 0.05248 0.01648
v 0.21224 1.66779 -0.16289 0.44785 0.05248 0.01648
v 0.21506 1.65535 -0.16713 0.44785 0.05248 0.01648
v 0.22106 1.66444 -0.15786 0.44785 0.05248 0.01648
v 0.21506 1.65535 -0.16713 0.44785 0.05248 0.01648
v 0.22384 1.65319 -0.16064 0.44785 0.05248 0.01648
v 0.22106 1.66444 -0.15786 0.44785 0.05248 0.01648
v -0.22384 1.65319 -0.16064 0.44785 0.05248 0.01648
v -0.22492 1.64009 -0.16172 0.44785 0.05248 0.01648
v -0.21506 1.65535 -0.16713 0.44785 0.05248 0.01648
v -0.22492 1.64009 -0.16172 0.44785 0.05248 0.01648
v -0.21622 1.64009 -0.16885 0.44785 0.05248 0.01648
v -0.21506 1.65535 -0.16713 0.44785 0.05248 0.01648
v -0.21506 1.65535 -0.16713 0.44785 0.05248 0.01648
v -0.21622 1.64009 -0.16885 0.44785 0.05248 0.01648
v -0.20176 1.65731 -0.17299 0.44785 0.05248 0.01648
v -0.21622 1.64009 -0.16885 0.44785 0.05248 0.01648
v -0.20260 1.64009 -0.17551 0.44785 0.05248 0.01648
v -0.20176 1.65731 -0.17299 0.44785 0.05248 0.01648
v -0.20176 1.65731 -0.17299 0.44785 0.05248 0.01648
v -0.20260 1.64009 -0.17551 0.44785 0.05248 0.01648
v -0.18454 1.65815 -0.17551 0.44785 0.05248 0.01648
v -0.20260 1.64009 -0.17551 0.44785 0.05248 0.01648
v -0.18454 1.64009 -0.17844 0.44785 0.05248 0.01648
v -0.18454 1.65815 -0.17551 0.44785 0.05248 0.01648
v -0.18454 1.65815 -0.17551 0.44785 0.05248 0.01648
v -0.18454 1.64009 -0.17844 0.44785 0.05248 0.01648
v 0.18454 1.65815 -0.17551 0.44785 0.05248 0.01648
v -0.18454 1.64009 -0.17844 0.44785 0.05248 0.01648
v 0.18454 1.64009 -0.17844 0.44785 0.05248 0.01648
v 0.18454 1.65815 -0.17551 0.44785 0.05248 0.01648
v 0.18454 1.65815 -0.17551 0.44785 0.05248 0.01648
v 0.18454 1.64009 -0.17844 0.44785 0.05248 0.01648
v 0.20176 1.65731 -0.17299 0.44785 0.05248 0.01648
v 0.18454 1.64009 -0.17844 0.44785 0.05248 0.01648
v 0.20260 1.64009 -0.17551 0.44785 0.05248 0.01648
v 0.20176 1.65731 -0.17299 0.44785 0.05248 0.01648
v 0.20176 1.65731 -0.17299 0.44785 0.05248 0.01648
v 0.20260 1.64009 -0.17551 0.44785 0.05248 0.01648
v 0.21506 1.65535 -0.16713 0.44785 0.05248 0.01648
v 0.20260 1.64009 -0.17551 0.44785 0.05248 0.01648
v 0.21622 1.64009 -0.16885 0.44785 0.05248 0.01648
v 0.21506 1.65535 -0.16713 0.44785 0.05248 0.01648
v 0.21506 1.65535 -0.16713 0.44785 0.05248 0.01648
v 0.21622 1.64009 -0.16885 0.44785 0.05248 0.01648
v 0.22384 1.65319 -0.16064 0.44785 0.05248 0.01648
v 0.21622 1.64009 -0.16885 0.44785 0.05248 0.01648
v 0.22492 1.64009 -0.16172 0.44785 0.05248 0.01648
v 0.22384 1.65319 -0.16064 0.44785 0.05248 0.01648
v -0.22492 1.64009 -0.16172 0.44785 0.05248 0.01648
v -0.22492 1.12230 -0.16172 0.44785 0.05248 0.01648
v -0.21622 1.64009 -0.16885 0.44785 0.05248 0.01648
v -0.22492 1.12230 -0.16172 0.44785 0.05248 0.01648
v -0.21622 1.12230 -0.16885 0.44785 0.05248 0.01648
v -0.21622 1.64009 -0.16885 0.44785 0.05248 0.01648
v -0.21622 1.64009 -0.16885 0.44785 0.05248 0.01648
v -0.21622 1.12230 -0.16885 0.44785 0.05248 0.01648
v -0.20260 1.64009 -0.17551 0.44785 0.05248 0.01648
v -0.21622 1.12230 -0.16885 0.44785 0.05248 0.01648
v -0.20260 1.12230 -0.17551 0.44785 0.05248 0.01648
v -0.20260 1.64009 -0.17551 0.44785 0.05248 0.01648
v -0.20260 1.64009 -0.17551 0.44785 0.05248 0.01648
v -0.20260 1.12230 -0.17551 0.44785 0.05248 0.01648
v -0.18454 1.64009 -0.17844 0.44785 0.05248 0.01648
v -0.20260 1.12230 -0.17551 0.44785 0.05248 0.01648
v -0.18454 1.12230 -0.17844 0.44785 0.05248 0.01648
v -0.18454 1.64009 -0.17844 0.44785 0.05248 0.01648
v -0.18454 1.64009 -0.17844 0.44785 0.05248 0.01648
v -0.18454 1.12230 -0.17844 0.44785 0.05248 0.01648
v 0.18454 1.64009 -0.17844 0.44785 0.05248 0.01648
v -0.18454 1.12230 -0.17844 0.44785 0.05248 0.01648
v 0.18454 1.12230 -0.17844 0.44785 0.05248 0.01648
v 0.18454 1.64009 -0.17844 0.44785 0.05248 0.01648
v 0.18454 1.64009 -0.17844 0.44785 0.05248 0.01648
v 0.18454 1.12230 -0.17844 0.44785 0.05248 0.01648
v 0.20260 1.64009 -0.17551 0.44785 0.05248 0.01648
v 0.18454 1.12230 -0.17844 0.44785 0.05248 0.01648
v 0.20260 1.12230 -0.17551 0.44785 0.05248 0.01648
v 0.20260 1.64009 -0.17551 0.44785 0.05248 0.01648
v 0.20260 1.64009 -0.17551 0.44785 0.05248 0.01648
v 0.20260 1.12230 -0.17551 0.44785 0.05248 0.01648
v 0.21622 1.64009 -0.16885 0.44785 0.05248 0.01648
v 0.20260 1.12230 -0.17551 0.44785 0.05248 0.01648
v 0.21622 1.12230 -0.16885 0.44785 0.05248 0.01648
v 0.21622 1.64009 -0.16885 0.44785 0.05248 0.01648
v 0.21622 1.64009 -0.16885 0.44785 0.05248 0.01648
v 0.21622 1.12230 -0.16885 0.44785 0.05248 0.01648
v 0.22492 1.64009 -0.16172 0.44785 0.05248 0.01648
v 0.21622 1.12230 -0.16885 0.44785 0.05248 0.01648
v 0.22492 1.12230 -0.16172 0.44785 0.05248 0.01648
v 0.22492 1.64009 -0.16172 0.44785 0.05248 0.01648
v -0.22492 1.12230 -0.16172 0.44785 0.05248 0.01648
v -0.22384 1.10920 -0.16064 0.44785 0.05248 0.01648
v -0.21622 1.12230 -0.16885 0.44785 0.05248 0.01648
v -0.22384 1.10920 -0.16064 0.44785 0.05248 0.01648
v -0.21506 1.10704 -0.16713 0.44785 0.05248 0.01648
v -0.21622 1.12230 -0.16885 0.44785 0.05248 0.01648
v -0.21622 1.12230 -0.16885 0.44785 0.05248 0.01648
v -0.21506 1.10704 -0.16713 0.44785 0.05248 0.01648
v -0.20260 1.12230 -0.17551 0.44785 0.05248 0.01648
v -0.21506 1.10704 -0.16713 0.44785 0.05248 0.01648
v -0.20176 1.10508 -0.17299 0.44785 0.05248 0.01648
v -0.20260 1.12230 -0.17551 0.44785 0.05248 0.01648
v -0.20260 1.12230 -0.17551 0.44785 0.05248 0.01648
v -0.20176 1.10508 -0.17299 0.44785 0.05248 0.01648
v -0.18454 1.12230 -0.17844 0.44785 0.05248 0.01648
v -0.20176 1.10508 -0.17299 0.44785 0.05248 0.01648
v -0.18454 1.10424 -0.17551 0.44785 0.05248 0.01648
v -0.18454 1.12230 -0.17844 0.44785 0.05248 0.01648
v -0.18454 1.12230 -0.17844 0.44785 0.05248 0.01648
v -0.18454 1.10424 -0.17551 0.44785 0.05248 0.01648
v 0.18454 1.12230 -0.17844 0.44785 0.05248 0.01648
v -0.18454 1.10424 -0.17551 0.44785 0.05248 0.01648
v 0.18454 1.10424 -0.17551 0.44785 0.05248 0.01648
v 0.18454 1.12230 -0.17844 0.44785 0.05248 0.01648
v 0.18454 1.12230 -0.17844 0.44785 0.05248 0.01648
v 0.18454 1.10424 -0.17551 0.44785 0.05248 0.01648
v 0.20260 1.12230 -0.17551 0.44785 0.05248 0.01648
v 0.18454 1.10424 -0.17551 0.44785 0.05248 0.01648
v 0.20176 1.10508 -0.17299 0.44785 0.05248 0.01648
v 0.20260 1.12230 -0.17551 0.44785 0.05248 0.01648
v 0.20260 1.12230 -0.17551 0.44785 0.05248 0.01648
v 0.20176 1.10508 -0.17299 0.44785 0.05248 0.01648
v 0.21622 1.12230 -0.16885 0.44785 0.05248 0.01648
v 0.20176 1.10508 -0.17299 0.44785 0.05248 0.01648
v 0.21506 1.10704 -0.16713 0.44785 0.05248 0.01648
v 0.21622 1.12230 -0.16885 0.44785 0.05248 0.01648
v 0.21622 1.12230 -0.16885 0.44785 0.05248 0.01648
v 0.21506 1.10704 -0.16713 0.44785 0.05248 0.01648
v 0.22492 1.12230 -0.16172 0.44785 0.05248 0.01648
v 0.21506 1.10704 -0.16713 0.44785 0.05248 0.01648
v 0.22384 1.10920 -0.16064 0.44785 0.05248 0.01648
v 0.22492 1.12230 -0.16172 0.44785 0.05248 0.01648
v -0.22384 1.10920 -0.16064 0.44785 0.05248 0.01648
v -0.22106 1.09795 -0.15786 0.44785 0.05248 0.01648
v -0.21506 1.10704 -0.16713 0.44785 0.05248 0.01648
v -0.22106 1.09795 -0.15786 0.44785 0.05248 0.01648
v -0.21224 1.09460 -0.16289 0.44785 0.05248 0.01648
v -0.21506 1.10704 -0.16713 0.44785 0.05248 0.01648
v -0.21506 1.10704 -0.16713 0.44785 0.05248 0.01648
v -0.21224 1.09460 -0.16289 0.44785 0.05248 0.01648
v -0.20176 1.10508 -0.17299 0.44785 0.05248 0.01648
v -0.21224 1.09460 -0.16289 0.44785 0.05248 0.01648
v -0.19980 1.09178 -0.16713 0.44785 0.05248 0.01648
v -0.20176 1.10508 -0.17299 0.44785 0.05248 0.01648
v -0.20176 1.10508 -0.17299 0.44785 0.05248 0.01648
v -0.19980 1.09178 -0.16713 0.44785 0.05248 0.01648
v -0.18454 1.10424 -0.17551 0.44785 0.05248 0.01648
v -0.19980 1.09178 -0.16713 0.44785 0.05248 0.01648
v -0.18454 1.09063 -0.16885 0.44785 0.05248 0.01648
v -0.18454 1.10424 -0.17551 0.44785 0.05248 0.01648
v -0.18454 1.10424 -0.17551 0.44785 0.05248 0.01648
v -0.18454 1.09063 -0.16885 0.44785 0.05248 0.01648
v 0.18454 1.10424 -0.17551 0.44785 0.05248 0.01648
v -0.18454 1.09063 -0.16885 0.44785 0.05248 0.01648
v 0.18454 1.09063 -0.16885 0.44785 0.05248 0.01648
v 0.18454 1.10424 -0.17551 0.44785 0.05248 0.01648
v 0.18454 1.10424 -0.17551 0.44785 0.05248 0.01648
v 0.18454 1.09063 -0.16885 0.44785 0.05248 0.01648
v 0.20176 1.10508 -0.17299 0.44785 0.05248 0.01648
v 0.18454 1.09063 -0.16885 0.44785 0.05248 0.01648
v 0.19980 1.09178 -0.16713 0.44785 0.05248 0.01648
v 0.20176 1.10508 -0.17299 0.44785 0.05248 0.01648
v 0.20176 1.10508 -0.17299 0.44785 0.05248 0.01648
v 0.19980 1.09178 -0.16713 0.44785 0.05248 0.01648
v 0.21506 1.10704 -0.16713 0.44785 0.05248 0.01648
v 0.19980 1.09178 -0.16713 0.44785 0.05248 0.01648
v 0.21224 1.09460 -0.16289 0.44785 0.05248 0.01648
v 0.21506 1.10704 -0.16713 0.44785 0.05248 0.01648
v 0.21506 1.10704 -0.16713 0.44785 0.05248 0.01648
v 0.21224 1.09460 -0.16289 0.44785 0.05248 0.01648
v 0.22384 1.10920 -0.16064 0.44785 0.05248 0.01648
v 0.21224 1.09460 -0.16289 0.44785 0.05248 0.01648
v 0.22106 1.09795 -0.15786 0.44785 0.05248 0.01648
v 0.22384 1.10920 -0.16064 0.44785 0.05248 0.01648
v -0.22106 1.09795 -0.15786 0.44785 0.05248 0.01648
v -0.21751 1.08933 -0.15431 0.44785 0.05248 0.01648
v -0.21224 1.09460 -0.16289 0.44785 0.05248 0.01648
v -0.21751 1.08933 -0.15431 0.44785 0.05248 0.01648
v -0.20889 1.08578 -0.15786 0.44785 0.05248 0.01648
v -0.21224 1.09460 -0.16289 0.44785 0.05248 0.01648
v -0.21224 1.09460 -0.16289 0.44785 0.05248 0.01648
v -0.20889 1.08578 -0.15786 0.44785 0.05248 0.01648
v -0.19980 1.09178 -0.16713 0.44785 0.05248 0.01648
v -0.20889 1.08578 -0.15786 0.44785 0.05248 0.01648
v -0.19764 1.08300 -0.16064 0.44785 0.05248 0.01648
v -0.19980 1.09178 -0.16713 0.44785 0.05248 0.01648
v -0.19980 1.09178 -0.16713 0.44785 0.05248 0.01648
v -0.19764 1.08300 -0.16064 0.44785 0.05248 0.01648
v -0.18454 1.09063 -0.16885 0.44785 0.05248 0.01648
v -0.19764 1.08300 -0.16064 0.44785 0.05248 0.01648
v -0.18454 1.08192 -0.16172 0.44785 0.05248 0.01648
v -0.18454 1.09063 -0.16885 0.44785 0.05248 0.01648
v -0.18454 1.09063 -0.16885 0.44785 0.05248 0.01648
v -0.18454 1.08192 -0.16172 0.44785 0.05248 0.01648
v 0.18454 1.09063 -0.16885 0.44785 0.05248 0.01648
v -0.18454 1.08192 -0.16172 0.44785 0.05248 0.01648
v 0.18454 1.08192 -0.16172 0.44785 0.05248 0.01648
v 0.18454 1.09063 -0.16885 0.44785 0.05248 0.01648
v 0.18454 1.09063 -0.16885 0.44785 0.05248 0.01648
v 0.18454 1.08192 -0.16172 0.44785 0.05248 0.01648
v 0.19980 1.09178 -0.16713 0.44785 0.05248 0.01648
v 0.18454 1.08192 -0.16172 0.44785 0.05248 0.01648
v 0.19764 1.08300 -0.16064 0.44785 0.05248 0.01648
v 0.19980 1.09178 -0.16713 0.44785 0.05248 0.01648
v 0.19980 1.09178 -0.16713 0.44785 0.05248 0.01648
v 0.19764 1.08300 -0.16064 0.44785 0.05248 0.01648
v 0.21224 1.09460 -0.16289 0.44785 0.05248 0.01648
v 0.19764 1.08300 -0.16064 0.44785 0.05248 0.01648
v 0.20889 1.08578 -0.15786 0.44785 0.05248 0.01648
v 0.21224 1.09460 -0.16289 0.44785 0.05248 0.01648
v 0.21224 1.09460 -0.16289 0.44785 0.05248 0.01648
v 0.20889 1.08578 -0.15786 0.44785 0.05248 0.01648
v 0.22106 1.09795 -0.15786 0.44785 0.05248 0.01648
v 0.20889 1.08578 -0.15786 0.44785 0.05248 0.01648
v 0.21751 1.08933 -0.15431 0.44785 0.05248 0.01648
v 0.22106 1.09795 -0.15786 0.44785 0.05248 0.01648
v 0.00000 1.55592 0.00000 0.44785 0.05248 0.01648
v 0.00000 1.55592 0.00000 0.44785 0.05248 0.01648
v 0.00000 1.55592 0.00000 0.44785 0.05248 0.01648
v 0.00000 1.55592 0.00000 0.44785 0.05248 0.01648
v 0.00000 1.55592 0.00000 0.44785 0.05248 0.01648
v 0.00000 1.55592 0.00000 0.44785 0.05248 0.01648
v 0.00000 1.55592 0.00000 0.44785 0.05248 0.01648
v 0.00000 1.55592 0.00000 0.44785 0.05248 0.01648
v 0.00000 1.55592 0.00000 0.44785 0.05248 0.01648
v 0.00000 1.55592 0.00000 0.44785 0.05248 0.01648
v 0.02316 1.55853 0.00000 0.44785 0.05248 0.01648
v 0.01774 1.55853 0.01489 0.44785 0.05248 0.01648
v 0.00402 1.55853 0.02281 0.44785 0.05248 0.01648
v -0.01158 1.55853 0.02006 0.44785 0.05248 0.01648
v -0.02177 1.55853 0.00792 0.44785 0.05248 0.01648
v -0.02177 1.55853 -0.00792 0.44785 0.05248 0.01648
v -0.01158 1.55853 -0.02006 0.44785 0.05248 0.01648
v 0.00402 1.55853 -0.02281 0.44785 0.05248 0.01648
v 0.01774 1.55853 -0.01489 0.44785 0.05248 0.01648
v 0.02316 1.55853 -0.00000 0.44785 0.05248 0.01648
v 0.04516 1.56623 0.00000 0.44785 0.05248 0.01648
v 0.03460 1.56623 0.02903 0.44785 0.05248 0.01648
v 0.00784 1.56623 0.04448 0.44785 0.05248 0.01648
v -0.02258 1.56623 0.03911 0.44785 0.05248 0.01648
v -0.04244 1.56623 0.01545 0.44785 0.05248 0.01648
v -0.04244 1.56623 -0.01545 0.44785 0.05248 0.01648
v -0.02258 1.56623 -0.03911 0.44785 0.05248 0.01648
v 0.00784 1.56623 -0.04448 0.44785 0.05248 0.01648
v 0.03460 1.56623 -0.02903 0.44785 0.05248 0.01648
v 0.04516 1.56623 -0.00000 0.44785 0.05248 0.01648
v 0.06490 1.57863 0.00000 0.44785 0.05248 0.01648
v 0.04972 1.57863 0.04172 0.44785 0.05248 0.01648
v 0.01127 1.57863 0.06391 0.44785 0.05248 0.01648
v -0.03245 1.57863 0.05621 0.44785 0.05248 0.01648
v -0.06099 1.57863 0.02220 0.44785 0.05248 0.01648
v -0.06099 1.57863 -0.02220 0.44785 0.05248 0.01648
v -0.03245 1.57863 -0.05621 0.44785 0.05248 0.01648
v 0.01127 1.57863 -0.06391 0.44785 0.05248 0.01648
v 0.04972 1.57863 -0.04172 0.44785 0.05248 0.01648
v 0.06490 1.57863 -0.00000 0.44785 0.05248 0.01648
v 0.08138 1.59511 0.00000 0.44785 0.05248 0.01648
v 0.06234 1.59511 0.05231 0.44785 0.05248 0.01648
v 0.01413 1.59511 0.08015 0.44785 0.05248 0.01648
v -0.04069 1.59511 0.07048 0.44785 0.05248 0.01648
v -0.07647 1.59511 0.02783 0.44785 0.05248 0.01648
v -0.07647 1.59511 -0.02783 0.44785 0.05248 0.01648
v -0.04069 1.59511 -0.07048 0.44785 0.05248 0.01648
v 0.01413 1.59511 -0.08015 0.44785 0.05248 0.01648
v 0.06234 1.59511 -0.05231 0.44785 0.05248 0.01648
v 0.08138 1.59511 -0.00000 0.44785 0.05248 0.01648
v 0.09378 1.61485 0.00000 0.44785 0.05248 0.01648
v 0.07184 1.61485 0.06028 0.44785 0.05248 0.01648
v 0.01629 1.61485 0.09236 0.44785 0.05248 0.01648
v -0.04689 1.61485 0.08122 0.44785 0.05248 0.01648
v -0.08813 1.61485 0.03208 0.44785 0.05248 0.01648
v -0.08813 1.61485 -0.03208 0.44785 0.05248 0.01648
v -0.04689 1.61485 -0.08122 0.44785 0.05248 0.01648
v 0.01629 1.61485 -0.09236 0.44785 0.05248 0.01648
v 0.07184 1.61485 -0.06028 0.44785 0.05248 0.01648
v 0.09378 1.61485 -0.00000 0.44785 0.05248 0.01648
v 0.10148 1.63685 0.00000 0.44785 0.05248 0.01648
v 0.07774 1.63685 0.06523 0.44785 0.05248 0.01648
v 0.01762 1.63685 0.09994 0.44785 0.05248 0.01648
v -0.05074 1.63685 0.08789 0.44785 0.05248 0.01648
v -0.09536 1.63685 0.03471 0.44785 0.05248 0.01648
v -0.09536 1.63685 -0.03471 0.44785 0.05248 0.01648
v -0.05074 1.63685 -0.08789 0.44785 0.05248 0.01648
v 0.01762 1.63685 -0.09994 0.44785 0.05248 0.01648
v 0.07774 1.63685 -0.06523 0.44785 0.05248 0.01648
v 0.10148 1.63685 -0.00000 0.44785 0.05248 0.01648
v 0.10409 1.66001 0.00000 0.44785 0.05248 0.01648
v 0.07974 1.66001 0.06691 0.44785 0.05248 0.01648
v 0.01808 1.66001 0.10251 0.44785 0.05248 0.01648
v -0.05205 1.66001 0.09015 0.44785 0.05248 0.01648
v -0.09782 1.66001 0.03560 0.44785 0.05248 0.01648
v -0.09782 1.66001 -0.03560 0.44785 0.05248 0.01648
v -0.05205 1.66001 -0.09015 0.44785 0.05248 0.01648
v 0.01808 1.66001 -0.10251 0.44785 0.05248 0.01648
v 0.07974 1.66001 -0.06691 0.44785 0.05248 0.01648
v 0.10409 1.66001 -0.00000 0.44785 0.05248 0.01648
v 0.10409 1.92025 0.00000 0.44785 0.05248 0.01648
v 0.07974 1.92025 0.06691 0.44785 0.05248 0.01648
v 0.01808 1.92025 0.10251 0.44785 0.05248 0.01648
v -0.05205 1.92025 0.09015 0.44785 0.05248 0.01648
v -0.09782 1.92025 0.03560 0.44785 0.05248 0.01648
v -0.09782 1.92025 -0.03560 0.44785 0.05248 0.01648
v -0.05205 1.92025 -0.09015 0.44785 0.05248 0.01648
v 0.01808 1.92025 -0.10251 0.44785 0.05248 0.01648
v 0.07974 1.92025 -0.06691 0.44785 0.05248 0.01648
v 0.10409 1.92025 -0.00000 0.44785 0.05248 0.01648
v 0.10148 1.94341 0.00000 0.44785 0.05248 0.01648
v 0.07774 1.94341 0.06523 0.44785 0.05248 0.01648
v 0.01762 1.94341 0.09994 0.44785 0.05248 0.01648
v -0.05074 1.94341 0.08789 0.44785 0.05248 0.01648
v -0.09536 1.94341 0.03471 0.44785 0.05248 0.01648
v -0.09536 1.94341 -0.03471 0.44785 0.05248 0.01648
v -0.05074 1.94341 -0.08789 0.44785 0.05248 0.01648
v 0.01762 1.94341 -0.09994 0.44785 0.05248 0.01648
v 0.07774 1.94341 -0.06523 0.44785 0.05248 0.01648
v 0.10148 1.94341 -0.00000 0.44785 0.05248 0.01648
v 0.09378 1.96541 0.00000 0.44785 0.05248 0.01648
v 0.07184 1.96541 0.06028 0.44785 0.05248 0.01648
v 0.01629 1.96541 0.09236 0.44785 0.05248 0.01648
v -0.04689 1.96541 0.08122 0.44785 0.05248 0.01648
v -0.08813 1.96541 0.03208 0.44785 0.05248 0.01648
v -0.08813 1.96541 -0.03208 0.44785 0.05248 0.01648
v -0.04689 1.96541 -0.08122 0.44785 0.05248 0.01648
v 0.01629 1.96541 -0.09236 0.44785 0.05248 0.01648
v 0.07184 1.96541 -0.06028 0.44785 0.05248 0.01648
v 0.09378 1.96541 -0.00000 0.44785 0.05248 0.01648
v 0.08138 1.98515 0.00000 0.44785 0.05248 0.01648
v 0.06234 1.98515 0.05231 0.44785 0.05248 0.01648
v 0.01413 1.98515 0.08015 0.44785 0.05248 0.01648
v -0.04069 1.98515 0.07048 0.44785 0.05248 0.01648
v -0.07647 1.98515 0.02783 0.44785 0.05248 0.01648
v -0.07647 1.98515 -0.02783 0.44785 0.05248 0.01648
v -0.04069 1.98515 -0.07048 0.44785 0.05248 0.01648
v 0.01413 1.98515 -0.08015 0.44785 0.05248 0.01648
v 0.06234 1.98515 -0.05231 0.44785 0.05248 0.01648
v 0.08138 1.98515 -0.00000 0.44785 0.05248 0.01648
v 0.06490 2.00163 0.00000 0.44785 0.05248 0.01648
v 0.04972 2.00163 0.04172 0.44785 0.05248 0.01648
v 0.01127 2.00163 0.06391 0.44785 0.05248 0.01648
v -0.03245 2.00163 0.05621 0.44785 0.05248 0.01648
v -0.06099 2.00163 0.02220 0.44785 0.05248 0.01648
v -0.06099 2.00163 -0.02220 0.44785 0.05248 0.01648
v -0.03245 2.00163 -0.05621 0.44785 0.05248 0.01648
v 0.01127 2.00163 -0.06391 0.44785 0.05248 0.01648
v 0.04972 2.00163 -0.04172 0.44785 0.05248 0.01648
v 0.06490 2.00163 -0.00000 0.44785 0.05248 0.01648
v 0.04516 2.01403 0.00000 0.44785 0.05248 0.01648
v 0.03460 2.01403 0.02903 0.44785 0.05248 0.01648
v 0.00784 2.01403 0.04448 0.44785 0.05248 0.01648
v -0.02258 2.01403 0.03911 0.44785 0.05248 0.01648
v -0.04244 2.01403 0.01545 0.44785 0.05248 0.01648
v -0.04244 2.01403 -0.01545 0.44785 0.05248 0.01648
v -0.02258 2.01403 -0.03911 0.44785 0.05248 0.01648
v 0.00784 2.01403 -0.04448 0.44785 0.05248 0.01648
v 0.03460 2.01403 -0.02903 0.44785 0.05248 0.01648
v 0.04516 2.01403 -0.00000 0.44785 0.05248 0.01648
v 0.02316 2.02173 0.00000 0.44785 0.05248 0.01648
v 0.01774 2.02173 0.01489 0.44785 0.05248 0.01648
v 0.00402 2.02173 0.02281 0.44785 0.05248 0.01648
v -0.01158 2.02173 0.02006 0.44785 0.05248 0.01648
v -0.02177 2.02173 0.00792 0.44785 0.05248 0.01648
v -0.02177 2.02173 -0.00792 0.44785 0.05248 0.01648
v -0.01158 2.02173 -0.02006 0.44785 0.05248 0.01648
v 0.00402 2.02173 -0.02281 0.44785 0.05248 0.01648
v 0.01774 2.02173 -0.01489 0.44785 0.05248 0.01648
v 0.02316 2.02173 -0.00000 0.44785 0.05248 0.01648
v 0.00000 2.02434 0.00000 0.44785 0.05248 0.01648
v 0.00000 2.02434 0.00000 0.44785 0.05248 0.01648
v 0.00000 2.02434 0.00000 0.44785 0.05248 0.01648
v -0.00000 2.02434 0.00000 0.44785 0.05248 0.01648
v -0.00000 2.02434 0.00000 0.44785 0.05248 0.01648
v -0.00000 2.02434 -0.00000 0.44785 0.05248 0.01648
v -0.00000 2.02434 -0.00000 0.44785 0.05248 0.01648
v 0.00000 2.02434 -0.00000 0.44785 0.05248 0.01648
v 0.00000 2.02434 -0.00000 0.44785 0.05248 0.01648
v 0.00000 2.02434 -0.00000 0.44785 0.05248 0.01648
v 0.00000 2.24368 0.00000 0.44785 0.05248 0.01648
v 0.00000 2.24368 0.00000 0.44785 0.05248 0.01648
v 0.00000 2.24368 0.00000 0.44785 0.05248 0.01648
v 0.00000 2.24368 0.00000 0.44785 0.05248 0.01648
v 0.00000 2.24368 0.00000 0.44785 0.05248 0.01648
v 0.00000 2.24368 0.00000 0.44785 0.05248 0.01648
v 0.00000 2.24368 0.00000 0.44785 0.05248 0.01648
v 0.00000 2.24368 0.00000 0.44785 0.05248 0.01648
v 0.00000 2.24368 0.00000 0.44785 0.05248 0.01648
v 0.00000 2.24368 0.00000 0.44785 0.05248 0.01648
v 0.00000 2.24368 0.00000 0.44785 0.05248 0.01648
v 0.00000 2.24368 0.00000 0.44785 0.05248 0.01648
v 0.00000 2.24368 0.00000 0.44785 0.05248 0.01648
v 0.00000 2.24368 0.00000 0.44785 0.05248 0.01648
v 0.00000 2.24368 0.00000 0.44785 0.05248 0.01648
v 0.00000 2.24368 0.00000 0.44785 0.05248 0.01648
v 0.05003 2.23709 0.00000 0.44785 0.05248 0.01648
v 0.04571 2.23709 0.02035 0.44785 0.05248 0.01648
v 0.03348 2.23709 0.03718 0.44785 0.05248 0.01648
v 0.01546 2.23709 0.04758 0.44785 0.05248 0.01648
v -0.00523 2.23709 0.04976 0.44785 0.05248 0.01648
v -0.02502 2.23709 0.04333 0.44785 0.05248 0.01648
v -0.04048 2.23709 0.02941 0.44785 0.05248 0.01648
v -0.04894 2.23709 0.01040 0.44785 0.05248 0.01648
v -0.04894 2.23709 -0.01040 0.44785 0.05248 0.01648
v -0.04048 2.23709 -0.02941 0.44785 0.05248 0.01648
v -0.02502 2.23709 -0.04333 0.44785 0.05248 0.01648
v -0.00523 2.23709 -0.04976 0.44785 0.05248 0.01648
v 0.01546 2.23709 -0.04758 0.44785 0.05248 0.01648
v 0.03348 2.23709 -0.03718 0.44785 0.05248 0.01648
v 0.04571 2.23709 -0.02035 0.44785 0.05248 0.01648
v 0.05003 2.23709 -0.00000 0.44785 0.05248 0.01648
v 0.09666 2.21778 0.00000 0.44785 0.05248 0.01648
v 0.08830 2.21778 0.03931 0.44785 0.05248 0.01648
v 0.06468 2.21778 0.07183 0.44785 0.05248 0.01648
v 0.02987 2.21778 0.09193 0.44785 0.05248 0.01648
v -0.01010 2.21778 0.09613 0.44785 0.05248 0.01648
v -0.04833 2.21778 0.08371 0.44785 0.05248 0.01648
v -0.07820 2.21778 0.05681 0.44785 0.05248 0.01648
v -0.09455 2.21778 0.02010 0.44785 0.05248 0.01648
v -0.09455 2.21778 -0.02010 0.44785 0.05248 0.01648
v -0.07820 2.21778 -0.05681 0.44785 0.05248 0.01648
v -0.04833 2.21778 -0.08371 0.44785 0.05248 0.01648
v -0.01010 2.21778 -0.09613 0.44785 0.05248 0.01648
v 0.02987 2.21778 -0.09193 0.44785 0.05248 0.01648
v 0.06468 2.21778 -0.07183 0.44785 0.05248 0.01648
v 0.08830 2.21778 -0.03931 0.44785 0.05248 0.01648
v 0.09666 2.21778 -0.00000 0.44785 0.05248 0.01648
v 0.13669 2.18706 0.00000 0.44785 0.05248 0.01648
v 0.12488 2.18706 0.05560 0.44785 0.05248 0.01648
v 0.09147 2.18706 0.10158 0.44785 0.05248 0.01648
v 0.04224 2.18706 0.13000 0.44785 0.05248 0.01648
v -0.01429 2.18706 0.13595 0.44785 0.05248 0.01648
v -0.06835 2.18706 0.11838 0.44785 0.05248 0.01648
v -0.11059 2.18706 0.08035 0.44785 0.05248 0.01648
v -0.13371 2.18706 0.02842 0.44785 0.05248 0.01648
v -0.13371 2.18706 -0.02842 0.44785 0.05248 0.01648
v -0.11059 2.18706 -0.08035 0.44785 0.05248 0.01648
v -0.06835 2.18706 -0.11838 0.44785 0.05248 0.01648
v -0.01429 2.18706 -0.13595 0.44785 0.05248 0.01648
v 0.04224 2.18706 -0.13000 0.44785 0.05248 0.01648
v 0.09147 2.18706 -0.10158 0.44785 0.05248 0.01648
v 0.12488 2.18706 -0.05560 0.44785 0.05248 0.01648
v 0.13669 2.18706 -0.00000 0.44785 0.05248 0.01648
v 0.16742 2.14702 0.00000 0.44785 0.05248 0.01648
v 0.15294 2.14702 0.06809 0.44785 0.05248 0.01648
v 0.11202 2.14702 0.12441 0.44785 0.05248 0.01648
v 0.05173 2.14702 0.15922 0.44785 0.05248 0.01648
v -0.01750 2.14702 0.16650 0.44785 0.05248 0.01648
v -0.08371 2.14702 0.14499 0.44785 0.05248 0.01648
v -0.13544 2.14702 0.09840 0.44785 0.05248 0.01648
v -0.16376 2.14702 0.03481 0.44785 0.05248 0.01648
v -0.16376 2.14702 -0.03481 0.44785 0.05248 0.01648
v -0.13544 2.14702 -0.09840 0.44785 0.05248 0.01648
v -0.08371 2.14702 -0.14499 0.44785 0.05248 0.01648
v -0.01750 2.14702 -0.16650 0.44785 0.05248 0.01648
v 0.05173 2.14702 -0.15922 0.44785 0.05248 0.01648
v 0.11202 2.14702 -0.12441 0.44785 0.05248 0.01648
v 0.15294 2.14702 -0.06809 0.44785 0.05248 0.01648
v 0.16742 2.14702 -0.00000 0.44785 0.05248 0.01648
v 0.18673 2.10040 0.00000 0.44785 0.05248 0.01648
v 0.17058 2.10040 0.07595 0.44785 0.05248 0.01648
v 0.12495 2.10040 0.13877 0.44785 0.05248 0.01648
v 0.05770 2.10040 0.17759 0.44785 0.05248 0.01648
v -0.01952 2.10040 0.18570 0.44785 0.05248 0.01648
v -0.09336 2.10040 0.16171 0.44785 0.05248 0.01648
v -0.15107 2.10040 0.10976 0.44785 0.05248 0.01648
v -0.18265 2.10040 0.03882 0.44785 0.05248 0.01648
v -0.18265 2.10040 -0.03882 0.44785 0.05248 0.01648
v -0.15107 2.10040 -0.10976 0.44785 0.05248 0.01648
v -0.09336 2.10040 -0.16171 0.44785 0.05248 0.01648
v -0.01952 2.10040 -0.18570 0.44785 0.05248 0.01648
v 0.05770 2.10040 -0.17759 0.44785 0.05248 0.01648
v 0.12495 2.10040 -0.13877 0.44785 0.05248 0.01648
v 0.17058 2.10040 -0.07595 0.44785 0.05248 0.01648
v 0.18673 2.10040 -0.00000 0.44785 0.05248 0.01648
v 0.19331 2.05036 0.00000 0.44785 0.05248 0.01648
v 0.17660 2.05036 0.07863 0.44785 0.05248 0.01648
v 0.12935 2.05036 0.14366 0.44785 0.05248 0.01648
v 0.05974 2.05036 0.18385 0.44785 0.05248 0.01648
v -0.02021 2.05036 0.19226 0.44785 0.05248 0.01648
v -0.09666 2.05036 0.16742 0.44785 0.05248 0.01648
v -0.15640 2.05036 0.11363 0.44785 0.05248 0.01648
v -0.18909 2.05036 0.04019 0.44785 0.05248 0.01648
v -0.18909 2.05036 -0.04019 0.44785 0.05248 0.01648
v -0.15640 2.05036 -0.11363 0.44785 0.05248 0.01648
v -0.09666 2.05036 -0.16742 0.44785 0.05248 0.01648
v -0.02021 2.05036 -0.19226 0.44785 0.05248 0.01648
v 0.05974 2.05036 -0.18385 0.44785 0.05248 0.01648
v 0.12935 2.05036 -0.14366 0.44785 0.05248 0.01648
v 0.17660 2.05036 -0.07863 0.44785 0.05248 0.01648
v 0.19331 2.05036 -0.00000 0.44785 0.05248 0.01648
v 0.18673 2.00033 0.00000 0.44785 0.05248 0.01648
v 0.17058 2.00033 0.07595 0.44785 0.05248 0.01648
v 0.12495 2.00033 0.13877 0.44785 0.05248 0.01648
v 0.05770 2.00033 0.17759 0.44785 0.05248 0.01648
v -0.01952 2.00033 0.18570 0.44785 0.05248 0.01648
v -0.09336 2.00033 0.16171 0.44785 0.05248 0.01648
v -0.15107 2.00033 0.10976 0.44785 0.05248 0.01648
v -0.18265 2.00033 0.03882 0.44785 0.05248 0.01648
v -0.18265 2.00033 -0.03882 0.44785 0.05248 0.01648
v -0.15107 2.00033 -0.10976 0.44785 0.05248 0.01648
v -0.09336 2.00033 -0.16171 0.44785 0.05248 0.01648
v -0.01952 2.00033 -0.18570 0.44785 0.05248 0.01648
v 0.05770 2.00033 -0.17759 0.44785 0.05248 0.01648
v 0.12495 2.00033 -0.13877 0.44785 0.05248 0.01648
v 0.17058 2.00033 -0.07595 0.44785 0.05248 0.01648
v 0.18673 2.00033 -0.00000 0.44785 0.05248 0.01648
v 0.16742 1.95370 0.00000 0.44785 0.05248 0.01648
v 0.15294 1.95370 0.06809 0.44785 0.05248 0.01648
v 0.11202 1.95370 0.12441 0.44785 0.05248 0.01648
v 0.05173 1.95370 0.15922 0.44785 0.05248 0.01648
v -0.01750 1.95370 0.16650 0.44785 0.05248 0.01648
v -0.08371 1.95370 0.14499 0.44785 0.05248 0.01648
v -0.13544 1.95370 0.09840 0.44785 0.05248 0.01648
v -0.16376 1.95370 0.03481 0.44785 0.05248 0.01648
v -0.16376 1.95370 -0.03481 0.44785 0.05248 0.01648
v -0.13544 1.95370 -0.09840 0.44785 0.05248 0.01648
v -0.08371 1.95370 -0.14499 0.44785 0.05248 0.01648
v -0.01750 1.95370 -0.16650 0.44785 0.05248 0.01648
v 0.05173 1.95370 -0.15922 0.44785 0.05248 0.01648
v 0.11202 1.95370 -0.12441 0.44785 0.05248 0.01648
v 0.15294 1.95370 -0.06809 0.44785 0.05248 0.01648
v 0.16742 1.95370 -0.00000 0.44785 0.05248 0.01648
v 0.13669 1.91367 0.00000 0.44785 0.05248 0.01648
v 0.12488 1.91367 0.05560 0.44785 0.05248 0.01648
v 0.09147 1.91367 0.10158 0.44785 0.05248 0.01648
v 0.04224 1.91367 0.13000 0.44785 0.05248 0.01648
v -0.01429 1.91367 0.13595 0.44785 0.05248 0.01648
v -0.06835 1.91367 0.11838 0.44785 0.05248 0.01648
v -0.11059 1.91367 0.08035 0.44785 0.05248 0.01648
v -0.13371 1.91367 0.02842 0.44785 0.05248 0.01648
v -0.13371 1.91367 -0.02842 0.44785 0.05248 0.01648
v -0.11059 1.91367 -0.08035 0.44785 0.05248 0.01648
v -0.06835 1.91367 -0.11838 0.44785 0.05248 0.01648
v -0.01429 1.91367 -0.13595 0.44785 0.05248 0.01648
v 0.04224 1.91367 -0.13000 0.44785 0.05248 0.01648
v 0.09147 1.91367 -0.10158 0.44785 0.05248 0.01648
v 0.12488 1.91367 -0.05560 0.44785 0.05248 0.01648
v 0.13669 1.91367 -0.00000 0.44785 0.05248 0.01648
v 0.09666 1.88295 0.00000 0.44785 0.05248 0.01648
v 0.08830 1.88295 0.03931 0.44785 0.05248 0.01648
v 0.06468 1.88295 0.07183 0.44785 0.05248 0.01648
v 0.02987 1.88295 0.09193 0.44785 0.05248 0.01648
v -0.01010 1.88295 0.09613 0.44785 0.05248 0.01648
v -0.04833 1.88295 0.08371 0.44785 0.05248 0.01648
v -0.07820 1.88295 0.05681 0.44785 0.05248 0.01648
v -0.09455 1.88295 0.02010 0.44785 0.05248 0.01648
v -0.09455 1.88295 -0.02010 0.44785 0.05248 0.01648
v -0.07820 1.88295 -0.05681 0.44785 0.05248 0.01648
v -0.04833 1.88295 -0.08371 0.44785 0.05248 0.01648
v -0.01010 1.88295 -0.09613 0.44785 0.05248 0.01648
v 0.02987 1.88295 -0.09193 0.44785 0.05248 0.01648
v 0.06468 1.88295 -0.07183 0.44785 0.05248 0.01648
v 0.08830 1.88295 -0.03931 0.44785 0.05248 0.01648
v 0.09666 1.88295 -0.00000 0.44785 0.05248 0.01648
v 0.05003 1.86363 0.00000 0.44785 0.05248 0.01648
v 0.04571 1.86363 0.02035 0.44785 0.05248 0.01648
v 0.03348 1.86363 0.03718 0.44785 0.05248 0.01648
v 0.01546 1.86363 0.04758 0.44785 0.05248 0.01648
v -0.00523 1.86363 0.04976 0.44785 0.05248 0.01648
v -0.02502 1.86363 0.04333 0.44785 0.05248 0.01648
v -0.04048 1.86363 0.02941 0.44785 0.05248 0.01648
v -0.04894 1.86363 0.01040 0.44785 0.05248 0.01648
v -0.04894 1.86363 -0.01040 0.44785 0.05248 0.01648
v -0.04048 1.86363 -0.02941 0.44785 0.05248 0.01648
v -0.02502 1.86363 -0.04333 0.44785 0.05248 0.01648
v -0.00523 1.86363 -0.04976 0.44785 0.05248 0.01648
v 0.01546 1.86363 -0.04758 0.44785 0.05248 0.01648
v 0.03348 1.86363 -0.03718 0.44785 0.05248 0.01648
v 0.04571 1.86363 -0.02035 0.44785 0.05248 0.01648
v 0.05003 1.86363 -0.00000 0.44785 0.05248 0.01648
v 0.00000 1.85705 0.00000 0.44785 0.05248 0.01648
v 0.00000 1.85705 0.00000 0.44785 0.05248 0.01648
v 0.00000 1.85705 0.00000 0.44785 0.05248 0.01648
v 0.00000 1.85705 0.00000 0.44785 0.05248 0.01648
v 0.00000 1.85705 0.00000 0.44785 0.05248 0.01648
v 0.00000 1.85705 0.00000 0.44785 0.05248 0.01648
v 0.00000 1.85705 0.00000 0.44785 0.05248 0.01648
v 0.00000 1.85705 0.00000 0.44785 0.05248 0.01648
v 0.00000 1.85705 0.00000 0.44785 0.05248 0.01648
v 0.00000 1.85705 0.00000 0.44785 0.05248 0.01648
v 0.00000 1.85705 0.00000 0.44785 0.05248 0.01648
v 0.00000 1.85705 0.00000 0.44785 0.05248 0.01648
v 0.00000 1.85705 0.00000 0.44785 0.05248 0.01648
v 0.00000 1.85705 0.00000 0.44785 0.05248 0.01648
v 0.00000 1.85705 0.00000 0.44785 0.05248 0.01648
v 0.00000 1.85705 0.00000 0.44785 0.05248 0.01648
v 0.00000 2.02136 0.00967 0.44785 0.05248 0.01648
v 0.00000 2.02136 0.00967 0.44785 0.05248 0.01648
v 0.00000 2.02136 0.00967 0.44785 0.05248 0.01648
v 0.00000 2.02136 0.00967 0.44785 0.05248 0.01648
v 0.00000 2.02136 0.00967 0.44785 0.05248 0.01648
v 0.00000 2.02136 0.00967 0.44785 0.05248 0.01648
v 0.00000 2.02136 0.00967 0.44785 0.05248 0.01648
v 0.00000 2.02136 0.00967 0.44785 0.05248 0.01648
v 0.00000 2.02136 0.00967 0.44785 0.05248 0.01648
v 0.00000 2.02136 0.00967 0.44785 0.05248 0.01648
v 0.02688 2.02136 0.01392 0.44785 0.05248 0.01648
v 0.02059 2.00409 0.01392 0.44785 0.05248 0.01648
v 0.00467 1.99489 0.01392 0.44785 0.05248 0.01648
v -0.01344 1.99808 0.01392 0.44785 0.05248 0.01648
v -0.02526 2.01217 0.01392 0.44785 0.05248 0.01648
v -0.02526 2.03056 0.01392 0.44785 0.05248 0.01648
v -0.01344 2.04465 0.01392 0.44785 0.05248 0.01648
v 0.00467 2.04784 0.01392 0.44785 0.05248 0.01648
v 0.02059 2.03864 0.01392 0.44785 0.05248 0.01648
v 0.02688 2.02136 0.01392 0.44785 0.05248 0.01648
v 0.05113 2.02136 0.02628 0.44785 0.05248 0.01648
v 0.03917 1.98850 0.02628 0.44785 0.05248 0.01648
v 0.00888 1.97101 0.02628 0.44785 0.05248 0.01648
v -0.02557 1.97708 0.02628 0.44785 0.05248 0.01648
v -0.04805 2.00388 0.02628 0.44785 0.05248 0.01648
v -0.04805 2.03885 0.02628 0.44785 0.05248 0.01648
v -0.02557 2.06565 0.02628 0.44785 0.05248 0.01648
v 0.00888 2.07172 0.02628 0.44785 0.05248 0.01648
v 0.03917 2.05423 0.02628 0.44785 0.05248 0.01648
v 0.05113 2.02136 0.02628 0.44785 0.05248 0.01648
v 0.07038 2.02136 0.04553 0.44785 0.05248 0.01648
v 0.05391 1.97613 0.04553 0.44785 0.05248 0.01648
v 0.01222 1.95206 0.04553 0.44785 0.05248 0.01648
v -0.03519 1.96042 0.04553 0.44785 0.05248 0.01648
v -0.06613 1.99729 0.04553 0.44785 0.05248 0.01648
v -0.06613 2.04544 0.04553 0.44785 0.05248 0.01648
v -0.03519 2.08231 0.04553 0.44785 0.05248 0.01648
v 0.01222 2.09067 0.04553 0.44785 0.05248 0.01648
v 0.05391 2.06660 0.04553 0.44785 0.05248 0.01648
v 0.07038 2.02136 0.04553 0.44785 0.05248 0.01648
v 0.08273 2.02136 0.06978 0.44785 0.05248 0.01648
v 0.06338 1.96818 0.06978 0.44785 0.05248 0.01648
v 0.01437 1.93989 0.06978 0.44785 0.05248 0.01648
v -0.04137 1.94971 0.06978 0.44785 0.05248 0.01648
v -0.07774 1.99307 0.06978 0.44785 0.05248 0.01648
v -0.07774 2.04966 0.06978 0.44785 0.05248 0.01648
v -0.04137 2.09301 0.06978 0.44785 0.05248 0.01648
v 0.01437 2.10284 0.06978 0.44785 0.05248 0.01648
v 0.06338 2.07455 0.06978 0.44785 0.05248 0.01648
v 0.08273 2.02136 0.06978 0.44785 0.05248 0.01648
v 0.08699 2.02136 0.09666 0.44785 0.05248 0.01648
v 0.06664 1.96545 0.09666 0.44785 0.05248 0.01648
v 0.01511 1.93569 0.09666 0.44785 0.05248 0.01648
v -0.04350 1.94603 0.09666 0.44785 0.05248 0.01648
v -0.08175 1.99161 0.09666 0.44785 0.05248 0.01648
v -0.08175 2.05112 0.09666 0.44785 0.05248 0.01648
v -0.04350 2.09670 0.09666 0.44785 0.05248 0.01648
v 0.01511 2.10703 0.09666 0.44785 0.05248 0.01648
v 0.06664 2.07728 0.09666 0.44785 0.05248 0.01648
v 0.08699 2.02136 0.09666 0.44785 0.05248 0.01648
v 0.08699 2.02136 0.23198 0.44785 0.05248 0.01648
v 0.06664 1.96545 0.23198 0.44785 0.05248 0.01648
v 0.01511 1.93569 0.23198 0.44785 0.05248 0.01648
v -0.04350 1.94603 0.23198 0.44785 0.05248 0.01648
v -0.08175 1.99161 0.23198 0.44785 0.05248 0.01648
v -0.08175 2.05112 0.23198 0.44785 0.05248 0.01648
v -0.04350 2.09670 0.23198 0.44785 0.05248 0.01648
v 0.01511 2.10703 0.23198 0.44785 0.05248 0.01648
v 0.06664 2.07728 0.23198 0.44785 0.05248 0.01648
v 0.08699 2.02136 0.23198 0.44785 0.05248 0.01648
v 0.08273 2.02136 0.25886 0.44785 0.05248 0.01648
v 0.06338 1.96818 0.25886 0.44785 0.05248 0.01648
v 0.01437 1.93989 0.25886 0.44785 0.05248 0.01648
v -0.04137 1.94971 0.25886 0.44785 0.05248 0.01648
v -0.07774 1.99307 0.25886 0.44785 0.05248 0.01648
v -0.07774 2.04966 0.25886 0.44785 0.05248 0.01648
v -0.04137 2.09301 0.25886 0.44785 0.05248 0.01648
v 0.01437 2.10284 0.25886 0.44785 0.05248 0.01648
v 0.06338 2.07455 0.25886 0.44785 0.05248 0.01648
v 0.08273 2.02136 0.25886 0.44785 0.05248 0.01648
v 0.07038 2.02136 0.28311 0.44785 0.05248 0.01648
v 0.05391 1.97613 0.28311 0.44785 0.05248 0.01648
v 0.01222 1.95206 0.28311 0.44785 0.05248 0.01648
v -0.03519 1.96042 0.28311 0.44785 0.05248 0.01648
v -0.06613 1.99729 0.28311 0.44785 0.05248 0.01648
v -0.06613 2.04544 0.28311 0.44785 0.05248 0.01648
v -0.03519 2.08231 0.28311 0.44785 0.05248 0.01648
v 0.01222 2.09067 0.28311 0.44785 0.05248 0.01648
v 0.05391 2.06660 0.28311 0.44785 0.05248 0.01648
v 0.07038 2.02136 0.28311 0.44785 0.05248 0.01648
v 0.05113 2.02136 0.30236 0.44785 0.05248 0.01648
v 0.03917 1.98850 0.30236 0.44785 0.05248 0.01648
v 0.00888 1.97101 0.30236 0.44785 0.05248 0.01648
v -0.02557 1.97708 0.30236 0.44785 0.05248 0.01648
v -0.04805 2.00388 0.30236 0.44785 0.05248 0.01648
v -0.04805 2.03885 0.30236 0.44785 0.05248 0.01648
v -0.02557 2.06565 0.30236 0.44785 0.05248 0.01648
v 0.00888 2.07172 0.30236 0.44785 0.05248 0.01648
v 0.03917 2.05423 0.30236 0.44785 0.05248 0.01648
v 0.05113 2.02136 0.30236 0.44785 0.05248 0.01648
v 0.02688 2.02136 0.31471 0.44785 0.05248 0.01648
v 0.02059 2.00409 0.31471 0.44785 0.05248 0.01648
v 0.00467 1.99489 0.31471 0.44785 0.05248 0.01648
v -0.01344 1.99808 0.31471 0.44785 0.05248 0.01648
v -0.02526 2.01217 0.31471 0.44785 0.05248 0.01648
v -0.02526 2.03056 0.31471 0.44785 0.05248 0.01648
v -0.01344 2.04465 0.31471 0.44785 0.05248 0.01648
v 0.00467 2.04784 0.31471 0.44785 0.05248 0.01648
v 0.02059 2.03864 0.31471 0.44785 0.05248 0.01648
v 0.02688 2.02136 0.31471 0.44785 0.05248 0.01648
v 0.00000 2.02136 0.31897 0.44785 0.05248 0.01648
v 0.00000 2.02136 0.31897 0.44785 0.05248 0.01648
v 0.00000 2.02136 0.31897 0.44785 0.05248 0.01648
v -0.00000 2.02136 0.31897 0.44785 0.05248 0.01648
v -0.00000 2.02136 0.31897 0.44785 0.05248 0.01648
v -0.00000 2.02136 0.31897 0.44785 0.05248 0.01648
v -0.00000 2.02136 0.31897 0.44785 0.05248 0.01648
v 0.00000 2.02136 0.31897 0.44785 0.05248 0.01648
v 0.00000 2.02136 0.31897 0.44785 0.05248 0.01648
v 0.00000 2.02136 0.31897 0.44785 0.05248 0.01648
v 0.26275 0.59511 0.29034 0.44785 0.05248 0.01648
v 0.26266 0.59433 0.29063 0.44785 0.05248 0.01648
v 0.26251 0.59529 0.28957 0.44785 0.05248 0.01648
v 0.26266 0.59433 0.29063 0.44785 0.05248 0.01648
v 0.26231 0.59445 0.28981 0.44785 0.05248 0.01648
v 0.26251 0.59529 0.28957 0.44785 0.05248 0.01648
v 0.26251 0.59529 0.28957 0.44785 0.05248 0.01648
v 0.26231 0.59445 0.28981 0.44785 0.05248 0.01648
v 0.26238 0.59543 0.28859 0.44785 0.05248 0.01648
v 0.26231 0.59445 0.28981 0.44785 0.05248 0.01648
v 0.26209 0.59456 0.28872 0.44785 0.05248 0.01648
v 0.26238 0.59543 0.28859 0.44785 0.05248 0.01648
v 0.26238 0.59543 0.28859 0.44785 0.05248 0.01648
v 0.26209 0.59456 0.28872 0.44785 0.05248 0.01648
v 0.26247 0.59548 0.28750 0.44785 0.05248 0.01648
v 0.26209 0.59456 0.28872 0.44785 0.05248 0.01648
v 0.26215 0.59460 0.28744 0.44785 0.05248 0.01648
v 0.26247 0.59548 0.28750 0.44785 0.05248 0.01648
v 0.26247 0.59548 0.28750 0.44785 0.05248 0.01648
v 0.26215 0.59460 0.28744 0.44785 0.05248 0.01648
v 0.40719 0.59548 -0.50780 0.44785 0.05248 0.01648
v 0.26215 0.59460 0.28744 0.44785 0.05248 0.01648
v 0.40687 0.59460 -0.50785 0.44785 0.05248 0.01648
v 0.40719 0.59548 -0.50780 0.44785 0.05248 0.01648
v 0.40719 0.59548 -0.50780 0.44785 0.05248 0.01648
v 0.40687 0.59460 -0.50785 0.44785 0.05248 0.01648
v 0.40749 0.59543 -0.50885 0.44785 0.05248 0.01648
v 0.40687 0.59460 -0.50785 0.44785 0.05248 0.01648
v 0.40726 0.59456 -0.50907 0.44785 0.05248 0.01648
v 0.40749 0.59543 -0.50885 0.44785 0.05248 0.01648
v 0.40749 0.59543 -0.50885 0.44785 0.05248 0.01648
v 0.40726 0.59456 -0.50907 0.44785 0.05248 0.01648
v 0.40795 0.59529 -0.50972 0.44785 0.05248 0.01648
v 0.40726 0.59456 -0.50907 0.44785 0.05248 0.01648
v 0.40785 0.59445 -0.51002 0.44785 0.05248 0.01648
v 0.40795 0.59529 -0.50972 0.44785 0.05248 0.01648
v 0.40795 0.59529 -0.50972 0.44785 0.05248 0.01648
v 0.40785 0.59445 -0.51002 0.44785 0.05248 0.01648
v 0.40845 0.59511 -0.51036 0.44785 0.05248 0.01648
v 0.40785 0.59445 -0.51002 0.44785 0.05248 0.01648
v 0.40847 0.59433 -0.51066 0.44785 0.05248 0.01648
v 0.40845 0.59511 -0.51036 0.44785 0.05248 0.01648
v 0.26266 0.59433 0.29063 0.44785 0.05248 0.01648
v 0.26271 0.59337 0.29087 0.44785 0.05248 0.01648
v 0.26231 0.59445 0.28981 0.44785 0.05248 0.01648
v 0.26271 0.59337 0.29087 0.44785 0.05248 0.01648
v 0.26228 0.59336 0.29005 0.44785 0.05248 0.01648
v 0.26231 0.59445 0.28981 0.44785 0.05248 0.01648
v 0.26231 0.59445 0.28981 0.44785 0.05248 0.01648
v 0.26228 0.59336 0.29005 0.44785 0.05248 0.01648
v 0.26209 0.59456 0.28872 0.44785 0.05248 0.01648
v 0.26228 0.59336 0.29005 0.44785 0.05248 0.01648
v 0.26197 0.59335 0.28887 0.44785 0.05248 0.01648
v 0.26209 0.59456 0.28872 0.44785 0.05248 0.01648
v 0.26209 0.59456 0.28872 0.44785 0.05248 0.01648
v 0.26197 0.59335 0.28887 0.44785 0.05248 0.01648
v 0.26215 0.59460 0.28744 0.44785 0.05248 0.01648
v 0.26197 0.59335 0.28887 0.44785 0.05248 0.01648
v 0.26201 0.59335 0.28741 0.44785 0.05248 0.01648
v 0.26215 0.59460 0.28744 0.44785 0.05248 0.01648
v 0.26215 0.59460 0.28744 0.44785 0.05248 0.01648
v 0.26201 0.59335 0.28741 0.44785 0.05248 0.01648
v 0.40687 0.59460 -0.50785 0.44785 0.05248 0.01648
v 0.26201 0.59335 0.28741 0.44785 0.05248 0.01648
v 0.40673 0.59335 -0.50788 0.44785 0.05248 0.01648
v 0.40687 0.59460 -0.50785 0.44785 0.05248 0.01648
v 0.40687 0.59460 -0.50785 0.44785 0.05248 0.01648
v 0.40673 0.59335 -0.50788 0.44785 0.05248 0.01648
v 0.40726 0.59456 -0.50907 0.44785 0.05248 0.01648
v 0.40673 0.59335 -0.50788 0.44785 0.05248 0.01648
v 0.40720 0.59335 -0.50925 0.44785 0.05248 0.01648
v 0.40726 0.59456 -0.50907 0.44785 0.05248 0.01648
v 0.40726 0.59456 -0.50907 0.44785 0.05248 0.01648
v 0.40720 0.59335 -0.50925 0.44785 0.05248 0.01648
v 0.40785 0.59445 -0.51002 0.44785 0.05248 0.01648
v 0.40720 0.59335 -0.50925 0.44785 0.05248 0.01648
v 0.40791 0.59336 -0.51025 0.44785 0.05248 0.01648
v 0.40785 0.59445 -0.51002 0.44785 0.05248 0.01648
v 0.40785 0.59445 -0.51002 0.44785 0.05248 0.01648
v 0.40791 0.59336 -0.51025 0.44785 0.05248 0.01648
v 0.40847 0.59433 -0.51066 0.44785 0.05248 0.01648
v 0.40791 0.59336 -0.51025 0.44785 0.05248 0.01648
v 0.40860 0.59337 -0.51087 0.44785 0.05248 0.01648
v 0.40847 0.59433 -0.51066 0.44785 0.05248 0.01648
v 0.26271 0.59337 0.29087 0.44785 0.05248 0.01648
v 0.26296 0.59231 0.29101 0.44785 0.05248 0.01648
v 0.26228 0.59336 0.29005 0.44785 0.05248 0.01648
v 0.26296 0.59231 0.29101 0.44785 0.05248 0.01648
v 0.26254 0.59211 0.29019 0.44785 0.05248 0.01648
v 0.26228 0.59336 0.29005 0.44785 0.05248 0.01648
v 0.26228 0.59336 0.29005 0.44785 0.05248 0.01648
v 0.26254 0.59211 0.29019 0.44785 0.05248 0.01648
v 0.26197 0.59335 0.28887 0.44785 0.05248 0.01648
v 0.26254 0.59211 0.29019 0.44785 0.05248 0.01648
v 0.26223 0.59193 0.28898 0.44785 0.05248 0.01648
v 0.26197 0.59335 0.28887 0.44785 0.05248 0.01648
v 0.26197 0.59335 0.28887 0.44785 0.05248 0.01648
v 0.26223 0.59193 0.28898 0.44785 0.05248 0.01648
v 0.26201 0.59335 0.28741 0.44785 0.05248 0.01648
v 0.26223 0.59193 0.28898 0.44785 0.05248 0.01648
v 0.26227 0.59185 0.28746 0.44785 0.05248 0.01648
v 0.26201 0.59335 0.28741 0.44785 0.05248 0.01648
v 0.26201 0.59335 0.28741 0.44785 0.05248 0.01648
v 0.26227 0.59185 0.28746 0.44785 0.05248 0.01648
v 0.40673 0.59335 -0.50788 0.44785 0.05248 0.01648
v 0.26227 0.59185 0.28746 0.44785 0.05248 0.01648
v 0.40699 0.59185 -0.50783 0.44785 0.05248 0.01648
v 0.40673 0.59335 -0.50788 0.44785 0.05248 0.01648
v 0.40673 0.59335 -0.50788 0.44785 0.05248 0.01648
v 0.40699 0.59185 -0.50783 0.44785 0.05248 0.01648
v 0.40720 0.59335 -0.50925 0.44785 0.05248 0.01648
v 0.40699 0.59185 -0.50783 0.44785 0.05248 0.01648
v 0.40749 0.59193 -0.50927 0.44785 0.05248 0.01648
v 0.40720 0.59335 -0.50925 0.44785 0.05248 0.01648
v 0.40720 0.59335 -0.50925 0.44785 0.05248 0.01648
v 0.40749 0.59193 -0.50927 0.44785 0.05248 0.01648
v 0.40791 0.59336 -0.51025 0.44785 0.05248 0.01648
v 0.40749 0.59193 -0.50927 0.44785 0.05248 0.01648
v 0.40820 0.59211 -0.51029 0.44785 0.05248 0.01648
v 0.40791 0.59336 -0.51025 0.44785 0.05248 0.01648
v 0.40791 0.59336 -0.51025 0.44785 0.05248 0.01648
v 0.40820 0.59211 -0.51029 0.44785 0.05248 0.01648
v 0.40860 0.59337 -0.51087 0.44785 0.05248 0.01648
v 0.40820 0.59211 -0.51029 0.44785 0.05248 0.01648
v 0.40889 0.59231 -0.51091 0.44785 0.05248 0.01648
v 0.40860 0.59337 -0.51087 0.44785 0.05248 0.01648
v 0.26296 0.59231 0.29101 0.44785 0.05248 0.01648
v 0.46575 0.00495 0.32791 0.44785 0.05248 0.01648
v 0.26254 0.59211 0.29019 0.44785 0.05248 0.01648
v 0.46575 0.00495 0.32791 0.44785 0.05248 0.01648
v 0.46533 0.00475 0.32710 0.44785 0.05248 0.01648
v 0.26254 0.59211 0.29019 0.44785 0.05248 0.01648
v 0.26254 0.59211 0.29019 0.44785 0.05248 0.01648
v 0.46533 0.00475 0.32710 0.44785 0.05248 0.01648
v 0.26223 0.59193 0.28898 0.44785 0.05248 0.01648
v 0.46533 0.00475 0.32710 0.44785 0.05248 0.01648
v 0.46502 0.00457 0.32588 0.44785 0.05248 0.01648
v 0.26223 0.59193 0.28898 0.44785 0.05248 0.01648
v 0.26223 0.59193 0.28898 0.44785 0.05248 0.01648
v 0.46502 0.00457 0.32588 0.44785 0.05248 0.01648
v 0.26227 0.59185 0.28746 0.44785 0.05248 0.01648
v 0.46502 0.00457 0.32588 0.44785 0.05248 0.01648
v 0.46506 0.00449 0.32436 0.44785 0.05248 0.01648
v 0.26227 0.59185 0.28746 0.44785 0.05248 0.01648
v 0.26227 0.59185 0.28746 0.44785 0.05248 0.01648
v 0.46506 0.00449 0.32436 0.44785 0.05248 0.01648
v 0.40699 0.59185 -0.50783 0.44785 0.05248 0.01648
v 0.46506 0.00449 0.32436 0.44785 0.05248 0.01648
v 0.60978 0.00449 -0.47093 0.44785 0.05248 0.01648
v 0.40699 0.59185 -0.50783 0.44785 0.05248 0.01648
v 0.40699 0.59185 -0.50783 0.44785 0.05248 0.01648
v 0.60978 0.00449 -0.47093 0.44785 0.05248 0.01648
v 0.40749 0.59193 -0.50927 0.44785 0.05248 0.01648
v 0.60978 0.00449 -0.47093 0.44785 0.05248 0.01648
v 0.61027 0.00457 -0.47237 0.44785 0.05248 0.01648
v 0.40749 0.59193 -0.50927 0.44785 0.05248 0.01648
v 0.40749 0.59193 -0.50927 0.44785 0.05248 0.01648
v 0.61027 0.00457 -0.47237 0.44785 0.05248 0.01648
v 0.40820 0.59211 -0.51029 0.44785 0.05248 0.01648
v 0.61027 0.00457 -0.47237 0.44785 0.05248 0.01648
v 0.61099 0.00475 -0.47339 0.44785 0.05248 0.01648
v 0.40820 0.59211 -0.51029 0.44785 0.05248 0.01648
v 0.40820 0.59211 -0.51029 0.44785 0.05248 0.01648
v 0.61099 0.00475 -0.47339 0.44785 0.05248 0.01648
v 0.40889 0.59231 -0.51091 0.44785 0.05248 0.01648
v 0.61099 0.00475 -0.47339 0.44785 0.05248 0.01648
v 0.61167 0.00495 -0.47401 0.44785 0.05248 0.01648
v 0.40889 0.59231 -0.51091 0.44785 0.05248 0.01648
v 0.46575 0.00495 0.32791 0.44785 0.05248 0.01648
v 0.46621 0.00395 0.32790 0.44785 0.05248 0.01648
v 0.46533 0.00475 0.32710 0.44785 0.05248 0.01648
v 0.46621 0.00395 0.32790 0.44785 0.05248 0.01648
v 0.46589 0.00360 0.32710 0.44785 0.05248 0.01648
v 0.46533 0.00475 0.32710 0.44785 0.05248 0.01648
v 0.46533 0.00475 0.32710 0.44785 0.05248 0.01648
v 0.46589 0.00360 0.32710 0.44785 0.05248 0.01648
v 0.46502 0.00457 0.32588 0.44785 0.05248 0.01648
v 0.46589 0.00360 0.32710 0.44785 0.05248 0.01648
v 0.46569 0.00329 0.32594 0.44785 0.05248 0.01648
v 0.46502 0.00457 0.32588 0.44785 0.05248 0.01648
v 0.46502 0.00457 0.32588 0.44785 0.05248 0.01648
v 0.46569 0.00329 0.32594 0.44785 0.05248 0.01648
v 0.46506 0.00449 0.32436 0.44785 0.05248 0.01648
v 0.46569 0.00329 0.32594 0.44785 0.05248 0.01648
v 0.46578 0.00315 0.32449 0.44785 0.05248 0.01648
v 0.46506 0.00449 0.32436 0.44785 0.05248 0.01648
v 0.46506 0.00449 0.32436 0.44785 0.05248 0.01648
v 0.46578 0.00315 0.32449 0.44785 0.05248 0.01648
v 0.60978 0.00449 -0.47093 0.44785 0.05248 0.01648
v 0.46578 0.00315 0.32449 0.44785 0.05248 0.01648
v 0.61050 0.00315 -0.47080 0.44785 0.05248 0.01648
v 0.60978 0.00449 -0.47093 0.44785 0.05248 0.01648
v 0.60978 0.00449 -0.47093 0.44785 0.05248 0.01648
v 0.61050 0.00315 -0.47080 0.44785 0.05248 0.01648
v 0.61027 0.00457 -0.47237 0.44785 0.05248 0.01648
v 0.61050 0.00315 -0.47080 0.44785 0.05248 0.01648
v 0.61092 0.00329 -0.47218 0.44785 0.05248 0.01648
v 0.61027 0.00457 -0.47237 0.44785 0.05248 0.01648
v 0.61027 0.00457 -0.47237 0.44785 0.05248 0.01648
v 0.61092 0.00329 -0.47218 0.44785 0.05248 0.01648
v 0.61099 0.00475 -0.47339 0.44785 0.05248 0.01648
v 0.61092 0.00329 -0.47218 0.44785 0.05248 0.01648
v 0.61152 0.00360 -0.47320 0.44785 0.05248 0.01648
v 0.61099 0.00475 -0.47339 0.44785 0.05248 0.01648
v 0.61099 0.00475 -0.47339 0.44785 0.05248 0.01648
v 0.61152 0.00360 -0.47320 0.44785 0.05248 0.01648
v 0.61167 0.00495 -0.47401 0.44785 0.05248 0.01648
v 0.61152 0.00360 -0.47320 0.44785 0.05248 0.01648
v 0.61210 0.00395 -0.47384 0.44785 0.05248 0.01648
v 0.61167 0.00495 -0.47401 0.44785 0.05248 0.01648
v 0.46621 0.00395 0.32790 0.44785 0.05248 0.01648
v 0.46677 0.00314 0.32777 0.44785 0.05248 0.01648
v 0.46589 0.00360 0.32710 0.44785 0.05248 0.01648
v 0.46677 0.00314 0.32777 0.44785 0.05248 0.01648
v 0.46660 0.00274 0.32699 0.44785 0.05248 0.01648
v 0.46589 0.00360 0.32710 0.44785 0.05248 0.01648
v 0.46589 0.00360 0.32710 0.44785 0.05248 0.01648
v 0.46660 0.00274 0.32699 0.44785 0.05248 0.01648
v 0.46569 0.00329 0.32594 0.44785 0.05248 0.01648
v 0.46660 0.00274 0.32699 0.44785 0.05248 0.01648
v 0.46654 0.00240 0.32592 0.44785 0.05248 0.01648
v 0.46569 0.00329 0.32594 0.44785 0.05248 0.01648
v 0.46569 0.00329 0.32594 0.44785 0.05248 0.01648
v 0.46654 0.00240 0.32592 0.44785 0.05248 0.01648
v 0.46578 0.00315 0.32449 0.44785 0.05248 0.01648
v 0.46654 0.00240 0.32592 0.44785 0.05248 0.01648
v 0.46666 0.00226 0.32465 0.44785 0.05248 0.01648
v 0.46578 0.00315 0.32449 0.44785 0.05248 0.01648
v 0.46578 0.00315 0.32449 0.44785 0.05248 0.01648
v 0.46666 0.00226 0.32465 0.44785 0.05248 0.01648
v 0.61050 0.00315 -0.47080 0.44785 0.05248 0.01648
v 0.46666 0.00226 0.32465 0.44785 0.05248 0.01648
v 0.61138 0.00226 -0.47064 0.44785 0.05248 0.01648
v 0.61050 0.00315 -0.47080 0.44785 0.05248 0.01648
v 0.61050 0.00315 -0.47080 0.44785 0.05248 0.01648
v 0.61138 0.00226 -0.47064 0.44785 0.05248 0.01648
v 0.61092 0.00329 -0.47218 0.44785 0.05248 0.01648
v 0.61138 0.00226 -0.47064 0.44785 0.05248 0.01648
v 0.61171 0.00240 -0.47187 0.44785 0.05248 0.01648
v 0.61092 0.00329 -0.47218 0.44785 0.05248 0.01648
v 0.61092 0.00329 -0.47218 0.44785 0.05248 0.01648
v 0.61171 0.00240 -0.47187 0.44785 0.05248 0.01648
v 0.61152 0.00360 -0.47320 0.44785 0.05248 0.01648
v 0.61171 0.00240 -0.47187 0.44785 0.05248 0.01648
v 0.61215 0.00274 -0.47285 0.44785 0.05248 0.01648
v 0.61152 0.00360 -0.47320 0.44785 0.05248 0.01648
v 0.61152 0.00360 -0.47320 0.44785 0.05248 0.01648
v 0.61215 0.00274 -0.47285 0.44785 0.05248 0.01648
v 0.61210 0.00395 -0.47384 0.44785 0.05248 0.01648
v 0.61215 0.00274 -0.47285 0.44785 0.05248 0.01648
v 0.61258 0.00314 -0.47351 0.44785 0.05248 0.01648
v 0.61210 0.00395 -0.47384 0.44785 0.05248 0.01648
v 0.46677 0.00314 0.32777 0.44785 0.05248 0.01648
v 0.46733 0.00256 0.32757 0.44785 0.05248 0.01648
v 0.46660 0.00274 0.32699 0.44785 0.05248 0.01648
v 0.46733 0.00256 0.32757 0.44785 0.05248 0.01648
v 0.46728 0.00219 0.32683 0.44785 0.05248 0.01648
v 0.46660 0.00274 0.32699 0.44785 0.05248 0.01648
v 0.46660 0.00274 0.32699 0.44785 0.05248 0.01648
v 0.46728 0.00219 0.32683 0.44785 0.05248 0.01648
v 0.46654 0.00240 0.32592 0.44785 0.05248 0.01648
v 0.46728 0.00219 0.32683 0.44785 0.05248 0.01648
v 0.46731 0.00189 0.32588 0.44785 0.05248 0.01648
v 0.46654 0.00240 0.32592 0.44785 0.05248 0.01648
v 0.46654 0.00240 0.32592 0.44785 0.05248 0.01648
v 0.46731 0.00189 0.32588 0.44785 0.05248 0.01648
v 0.46666 0.00226 0.32465 0.44785 0.05248 0.01648
v 0.46731 0.00189 0.32588 0.44785 0.05248 0.01648
v 0.46745 0.00178 0.32480 0.44785 0.05248 0.01648
v 0.46666 0.00226 0.32465 0.44785 0.05248 0.01648
v 0.46666 0.00226 0.32465 0.44785 0.05248 0.01648
v 0.46745 0.00178 0.32480 0.44785 0.05248 0.01648
v 0.61138 0.00226 -0.47064 0.44785 0.05248 0.01648
v 0.46745 0.00178 0.32480 0.44785 0.05248 0.01648
v 0.61217 0.00178 -0.47050 0.44785 0.05248 0.01648
v 0.61138 0.00226 -0.47064 0.44785 0.05248 0.01648
v 0.61138 0.00226 -0.47064 0.44785 0.05248 0.01648
v 0.61217 0.00178 -0.47050 0.44785 0.05248 0.01648
v 0.61171 0.00240 -0.47187 0.44785 0.05248 0.01648
v 0.61217 0.00178 -0.47050 0.44785 0.05248 0.01648
v 0.61242 0.00189 -0.47156 0.44785 0.05248 0.01648
v 0.61171 0.00240 -0.47187 0.44785 0.05248 0.01648
v 0.61171 0.00240 -0.47187 0.44785 0.05248 0.01648
v 0.61242 0.00189 -0.47156 0.44785 0.05248 0.01648
v 0.61215 0.00274 -0.47285 0.44785 0.05248 0.01648
v 0.61242 0.00189 -0.47156 0.44785 0.05248 0.01648
v 0.61273 0.00219 -0.47246 0.44785 0.05248 0.01648
v 0.61215 0.00274 -0.47285 0.44785 0.05248 0.01648
v 0.61215 0.00274 -0.47285 0.44785 0.05248 0.01648
v 0.61273 0.00219 -0.47246 0.44785 0.05248 0.01648
v 0.61258 0.00314 -0.47351 0.44785 0.05248 0.01648
v 0.61273 0.00219 -0.47246 0.44785 0.05248 0.01648
v 0.61303 0.00256 -0.47313 0.44785 0.05248 0.01648
v 0.61258 0.00314 -0.47351 0.44785 0.05248 0.01648
v 0.43233 0.60362 -0.50601 0.44785 0.05248 0.01648
v 0.43289 0.60304 -0.50621 0.44785 0.05248 0.01648
v 0.43238 0.60400 -0.50527 0.44785 0.05248 0.01648
v 0.43289 0.60304 -0.50621 0.44785 0.05248 0.01648
v 0.43306 0.60344 -0.50543 0.44785 0.05248 0.01648
v 0.43238 0.60400 -0.50527 0.44785 0.05248 0.01648
v 0.43238 0.60400 -0.50527 0.44785 0.05248 0.01648
v 0.43306 0.60344 -0.50543 0.44785 0.05248 0.01648
v 0.43235 0.60429 -0.50433 0.44785 0.05248 0.01648
v 0.43306 0.60344 -0.50543 0.44785 0.05248 0.01648
v 0.43312 0.60378 -0.50437 0.44785 0.05248 0.01648
v 0.43235 0.60429 -0.50433 0.44785 0.05248 0.01648
v 0.43235 0.60429 -0.50433 0.44785 0.05248 0.01648
v 0.43312 0.60378 -0.50437 0.44785 0.05248 0.01648
v 0.43221 0.60441 -0.50324 0.44785 0.05248 0.01648
v 0.43312 0.60378 -0.50437 0.44785 0.05248 0.01648
v 0.43300 0.60392 -0.50310 0.44785 0.05248 0.01648
v 0.43221 0.60441 -0.50324 0.44785 0.05248 0.01648
v 0.43221 0.60441 -0.50324 0.44785 0.05248 0.01648
v 0.43300 0.60392 -0.50310 0.44785 0.05248 0.01648
v 0.28749 0.60441 0.29205 0.44785 0.05248 0.01648
v 0.43300 0.60392 -0.50310 0.44785 0.05248 0.01648
v 0.28828 0.60392 0.29219 0.44785 0.05248 0.01648
v 0.28749 0.60441 0.29205 0.44785 0.05248 0.01648
v 0.28749 0.60441 0.29205 0.44785 0.05248 0.01648
v 0.28828 0.60392 0.29219 0.44785 0.05248 0.01648
v 0.28724 0.60429 0.29312 0.44785 0.05248 0.01648
v 0.28828 0.60392 0.29219 0.44785 0.05248 0.01648
v 0.28795 0.60378 0.29343 0.44785 0.05248 0.01648
v 0.28724 0.60429 0.29312 0.44785 0.05248 0.01648
v 0.28724 0.60429 0.29312 0.44785 0.05248 0.01648
v 0.28795 0.60378 0.29343 0.44785 0.05248 0.01648
v 0.28693 0.60400 0.29401 0.44785 0.05248 0.01648
v 0.28795 0.60378 0.29343 0.44785 0.05248 0.01648
v 0.28751 0.60344 0.29440 0.44785 0.05248 0.01648
v 0.28693 0.60400 0.29401 0.44785 0.05248 0.01648
v 0.28693 0.60400 0.29401 0.44785 0.05248 0.01648
v 0.28751 0.60344 0.29440 0.44785 0.05248 0.01648
v 0.28663 0.60362 0.29469 0.44785 0.05248 0.01648
v 0.28751 0.60344 0.29440 0.44785 0.05248 0.01648
v 0.28708 0.60304 0.29507 0.44785 0.05248 0.01648
v 0.28663 0.60362 0.29469 0.44785 0.05248 0.01648
v 0.43289 0.60304 -0.50621 0.44785 0.05248 0.01648
v 0.43345 0.60223 -0.50635 0.44785 0.05248 0.01648
v 0.43306 0.60344 -0.50543 0.44785 0.05248 0.01648
v 0.43345 0.60223 -0.50635 0.44785 0.05248 0.01648
v 0.43376 0.60258 -0.50554 0.44785 0.05248 0.01648
v 0.43306 0.60344 -0.50543 0.44785 0.05248 0.01648
v 0.43306 0.60344 -0.50543 0.44785 0.05248 0.01648
v 0.43376 0.60258 -0.50554 0.44785 0.05248 0.01648
v 0.43312 0.60378 -0.50437 0.44785 0.05248 0.01648
v 0.43376 0.60258 -0.50554 0.44785 0.05248 0.01648
v 0.43397 0.60290 -0.50438 0.44785 0.05248 0.01648
v 0.43312 0.60378 -0.50437 0.44785 0.05248 0.01648
v 0.43312 0.60378 -0.50437 0.44785 0.05248 0.01648
v 0.43397 0.60290 -0.50438 0.44785 0.05248 0.01648
v 0.43300 0.60392 -0.50310 0.44785 0.05248 0.01648
v 0.43397 0.60290 -0.50438 0.44785 0.05248 0.01648
v 0.43388 0.60303 -0.50294 0.44785 0.05248 0.01648
v 0.43300 0.60392 -0.50310 0.44785 0.05248 0.01648
v 0.43300 0.60392 -0.50310 0.44785 0.05248 0.01648
v 0.43388 0.60303 -0.50294 0.44785 0.05248 0.01648
v 0.28828 0.60392 0.29219 0.44785 0.05248 0.01648
v 0.43388 0.60303 -0.50294 0.44785 0.05248 0.01648
v 0.28916 0.60303 0.29236 0.44785 0.05248 0.01648
v 0.28828 0.60392 0.29219 0.44785 0.05248 0.01648
v 0.28828 0.60392 0.29219 0.44785 0.05248 0.01648
v 0.28916 0.60303 0.29236 0.44785 0.05248 0.01648
v 0.28795 0.60378 0.29343 0.44785 0.05248 0.01648
v 0.28916 0.60303 0.29236 0.44785 0.05248 0.01648
v 0.28873 0.60290 0.29374 0.44785 0.05248 0.01648
v 0.28795 0.60378 0.29343 0.44785 0.05248 0.01648
v 0.28795 0.60378 0.29343 0.44785 0.05248 0.01648
v 0.28873 0.60290 0.29374 0.44785 0.05248 0.01648
v 0.28751 0.60344 0.29440 0.44785 0.05248 0.01648
v 0.28873 0.60290 0.29374 0.44785 0.05248 0.01648
v 0.28813 0.60258 0.29475 0.44785 0.05248 0.01648
v 0.28751 0.60344 0.29440 0.44785 0.05248 0.01648
v 0.28751 0.60344 0.29440 0.44785 0.05248 0.01648
v 0.28813 0.60258 0.29475 0.44785 0.05248 0.01648
v 0.28708 0.60304 0.29507 0.44785 0.05248 0.01648
v 0.28813 0.60258 0.29475 0.44785 0.05248 0.01648
v 0.28756 0.60223 0.29539 0.44785 0.05248 0.01648
v 0.28708 0.60304 0.29507 0.44785 0.05248 0.01648
v 0.43345 0.60223 -0.50635 0.44785 0.05248 0.01648
v 0.43391 0.60123 -0.50635 0.44785 0.05248 0.01648
v 0.43376 0.60258 -0.50554 0.44785 0.05248 0.01648
v 0.43391 0.60123 -0.50635 0.44785 0.05248 0.01648
v 0.43433 0.60143 -0.50554 0.44785 0.05248 0.01648
v 0.43376 0.60258 -0.50554 0.44785 0.05248 0.01648
v 0.43376 0.60258 -0.50554 0.44785 0.05248 0.01648
v 0.43433 0.60143 -0.50554 0.44785 0.05248 0.01648
v 0.43397 0.60290 -0.50438 0.44785 0.05248 0.01648
v 0.43433 0.60143 -0.50554 0.44785 0.05248 0.01648
v 0.43464 0.60161 -0.50433 0.44785 0.05248 0.01648
v 0.43397 0.60290 -0.50438 0.44785 0.05248 0.01648
v 0.43397 0.60290 -0.50438 0.44785 0.05248 0.01648
v 0.43464 0.60161 -0.50433 0.44785 0.05248 0.01648
v 0.43388 0.60303 -0.50294 0.44785 0.05248 0.01648
v 0.43464 0.60161 -0.50433 0.44785 0.05248 0.01648
v 0.43460 0.60170 -0.50281 0.44785 0.05248 0.01648
v 0.43388 0.60303 -0.50294 0.44785 0.05248 0.01648
v 0.43388 0.60303 -0.50294 0.44785 0.05248 0.01648
v 0.43460 0.60170 -0.50281 0.44785 0.05248 0.01648
v 0.28916 0.60303 0.29236 0.44785 0.05248 0.01648
v 0.43460 0.60170 -0.50281 0.44785 0.05248 0.01648
v 0.28988 0.60170 0.29249 0.44785 0.05248 0.01648
v 0.28916 0.60303 0.29236 0.44785 0.05248 0.01648
v 0.28916 0.60303 0.29236 0.44785 0.05248 0.01648
v 0.28988 0.60170 0.29249 0.44785 0.05248 0.01648
v 0.28873 0.60290 0.29374 0.44785 0.05248 0.01648
v 0.28988 0.60170 0.29249 0.44785 0.05248 0.01648
v 0.28938 0.60161 0.29393 0.44785 0.05248 0.01648
v 0.28873 0.60290 0.29374 0.44785 0.05248 0.01648
v 0.28873 0.60290 0.29374 0.44785 0.05248 0.01648
v 0.28938 0.60161 0.29393 0.44785 0.05248 0.01648
v 0.28813 0.60258 0.29475 0.44785 0.05248 0.01648
v 0.28938 0.60161 0.29393 0.44785 0.05248 0.01648
v 0.28866 0.60143 0.29495 0.44785 0.05248 0.01648
v 0.28813 0.60258 0.29475 0.44785 0.05248 0.01648
v 0.28813 0.60258 0.29475 0.44785 0.05248 0.01648
v 0.28866 0.60143 0.29495 0.44785 0.05248 0.01648
v 0.28756 0.60223 0.29539 0.44785 0.05248 0.01648
v 0.28866 0.60143 0.29495 0.44785 0.05248 0.01648
v 0.28798 0.60123 0.29556 0.44785 0.05248 0.01648
v 0.28756 0.60223 0.29539 0.44785 0.05248 0.01648
v 0.43391 0.60123 -0.50635 0.44785 0.05248 0.01648
v 0.63670 0.01388 -0.46945 0.44785 0.05248 0.01648
v 0.43433 0.60143 -0.50554 0.44785 0.05248 0.01648
v 0.63670 0.01388 -0.46945 0.44785 0.05248 0.01648
v 0.63712 0.01407 -0.46864 0.44785 0.05248 0.01648
v 0.43433 0.60143 -0.50554 0.44785 0.05248 0.01648
v 0.43433 0.60143 -0.50554 0.44785 0.05248 0.01648
v 0.63712 0.01407 -0.46864 0.44785 0.05248 0.01648
v 0.43464 0.60161 -0.50433 0.44785 0.05248 0.01648
v 0.63712 0.01407 -0.46864 0.44785 0.05248 0.01648
v 0.63743 0.01426 -0.46743 0.44785 0.05248 0.01648
v 0.43464 0.60161 -0.50433 0.44785 0.05248 0.01648
v 0.43464 0.60161 -0.50433 0.44785 0.05248 0.01648
v 0.63743 0.01426 -0.46743 0.44785 0.05248 0.01648
v 0.43460 0.60170 -0.50281 0.44785 0.05248 0.01648
v 0.63743 0.01426 -0.46743 0.44785 0.05248 0.01648
v 0.63739 0.01434 -0.46591 0.44785 0.05248 0.01648
v 0.43460 0.60170 -0.50281 0.44785 0.05248 0.01648
v 0.43460 0.60170 -0.50281 0.44785 0.05248 0.01648
v 0.63739 0.01434 -0.46591 0.44785 0.05248 0.01648
v 0.28988 0.60170 0.29249 0.44785 0.05248 0.01648
v 0.63739 0.01434 -0.46591 0.44785 0.05248 0.01648
v 0.49267 0.01434 0.32939 0.44785 0.05248 0.01648
v 0.28988 0.60170 0.29249 0.44785 0.05248 0.01648
v 0.28988 0.60170 0.29249 0.44785 0.05248 0.01648
v 0.49267 0.01434 0.32939 0.44785 0.05248 0.01648
v 0.28938 0.60161 0.29393 0.44785 0.05248 0.01648
v 0.49267 0.01434 0.32939 0.44785 0.05248 0.01648
v 0.49217 0.01426 0.33083 0.44785 0.05248 0.01648
v 0.28938 0.60161 0.29393 0.44785 0.05248 0.01648
v 0.28938 0.60161 0.29393 0.44785 0.05248 0.01648
v 0.49217 0.01426 0.33083 0.44785 0.05248 0.01648
v 0.28866 0.60143 0.29495 0.44785 0.05248 0.01648
v 0.49217 0.01426 0.33083 0.44785 0.05248 0.01648
v 0.49145 0.01407 0.33185 0.44785 0.05248 0.01648
v 0.28866 0.60143 0.29495 0.44785 0.05248 0.01648
v 0.28866 0.60143 0.29495 0.44785 0.05248 0.01648
v 0.49145 0.01407 0.33185 0.44785 0.05248 0.01648
v 0.28798 0.60123 0.29556 0.44785 0.05248 0.01648
v 0.49145 0.01407 0.33185 0.44785 0.05248 0.01648
v 0.49077 0.01388 0.33246 0.44785 0.05248 0.01648
v 0.28798 0.60123 0.29556 0.44785 0.05248 0.01648
v 0.63670 0.01388 -0.46945 0.44785 0.05248 0.01648
v 0.63695 0.01282 -0.46931 0.44785 0.05248 0.01648
v 0.63712 0.01407 -0.46864 0.44785 0.05248 0.01648
v 0.63695 0.01282 -0.46931 0.44785 0.05248 0.01648
v 0.63738 0.01283 -0.46849 0.44785 0.05248 0.01648
v 0.63712 0.01407 -0.46864 0.44785 0.05248 0.01648
v 0.63712 0.01407 -0.46864 0.44785 0.05248 0.01648
v 0.63738 0.01283 -0.46849 0.44785 0.05248 0.01648
v 0.63743 0.01426 -0.46743 0.44785 0.05248 0.01648
v 0.63738 0.01283 -0.46849 0.44785 0.05248 0.01648
v 0.63769 0.01283 -0.46731 0.44785 0.05248 0.01648
v 0.63743 0.01426 -0.46743 0.44785 0.05248 0.01648
v 0.63743 0.01426 -0.46743 0.44785 0.05248 0.01648
v 0.63769 0.01283 -0.46731 0.44785 0.05248 0.01648
v 0.63739 0.01434 -0.46591 0.44785 0.05248 0.01648
v 0.63769 0.01283 -0.46731 0.44785 0.05248 0.01648
v 0.63765 0.01284 -0.46586 0.44785 0.05248 0.01648
v 0.63739 0.01434 -0.46591 0.44785 0.05248 0.01648
v 0.63739 0.01434 -0.46591 0.44785 0.05248 0.01648
v 0.63765 0.01284 -0.46586 0.44785 0.05248 0.01648
v 0.49267 0.01434 0.32939 0.44785 0.05248 0.01648
v 0.63765 0.01284 -0.46586 0.44785 0.05248 0.01648
v 0.49293 0.01284 0.32944 0.44785 0.05248 0.01648
v 0.49267 0.01434 0.32939 0.44785 0.05248 0.01648
v 0.49267 0.01434 0.32939 0.44785 0.05248 0.01648
v 0.49293 0.01284 0.32944 0.44785 0.05248 0.01648
v 0.49217 0.01426 0.33083 0.44785 0.05248 0.01648
v 0.49293 0.01284 0.32944 0.44785 0.05248 0.01648
v 0.49246 0.01283 0.33081 0.44785 0.05248 0.01648
v 0.49217 0.01426 0.33083 0.44785 0.05248 0.01648
v 0.49217 0.01426 0.33083 0.44785 0.05248 0.01648
v 0.49246 0.01283 0.33081 0.44785 0.05248 0.01648
v 0.49145 0.01407 0.33185 0.44785 0.05248 0.01648
v 0.49246 0.01283 0.33081 0.44785 0.05248 0.01648
v 0.49175 0.01283 0.33181 0.44785 0.05248 0.01648
v 0.49145 0.01407 0.33185 0.44785 0.05248 0.01648
v 0.49145 0.01407 0.33185 0.44785 0.05248 0.01648
v 0.49175 0.01283 0.33181 0.44785 0.05248 0.01648
v 0.49077 0.01388 0.33246 0.44785 0.05248 0.01648
v 0.49175 0.01283 0.33181 0.44785 0.05248 0.01648
v 0.49106 0.01282 0.33242 0.44785 0.05248 0.01648
v 0.49077 0.01388 0.33246 0.44785 0.05248 0.01648
v 0.63695 0.01282 -0.46931 0.44785 0.05248 0.01648
v 0.63700 0.01186 -0.46907 0.44785 0.05248 0.01648
v 0.63738 0.01283 -0.46849 0.44785 0.05248 0.01648
v 0.63700 0.01186 -0.46907 0.44785 0.05248 0.01648
v 0.63735 0.01173 -0.46826 0.44785 0.05248 0.01648
v 0.63738 0.01283 -0.46849 0.44785 0.05248 0.01648
v 0.63738 0.01283 -0.46849 0.44785 0.05248 0.01648
v 0.63735 0.01173 -0.46826 0.44785 0.05248 0.01648
v 0.63769 0.01283 -0.46731 0.44785 0.05248 0.01648
v 0.63735 0.01173 -0.46826 0.44785 0.05248 0.01648
v 0.63757 0.01163 -0.46717 0.44785 0.05248 0.01648
v 0.63769 0.01283 -0.46731 0.44785 0.05248 0.01648
v 0.63769 0.01283 -0.46731 0.44785 0.05248 0.01648
v 0.63757 0.01163 -0.46717 0.44785 0.05248 0.01648
v 0.63765 0.01284 -0.46586 0.44785 0.05248 0.01648
v 0.63757 0.01163 -0.46717 0.44785 0.05248 0.01648
v 0.63751 0.01158 -0.46588 0.44785 0.05248 0.01648
v 0.63765 0.01284 -0.46586 0.44785 0.05248 0.01648
v 0.63765 0.01284 -0.46586 0.44785 0.05248 0.01648
v 0.63751 0.01158 -0.46588 0.44785 0.05248 0.01648
v 0.49293 0.01284 0.32944 0.44785 0.05248 0.01648
v 0.63751 0.01158 -0.46588 0.44785 0.05248 0.01648
v 0.49279 0.01158 0.32941 0.44785 0.05248 0.01648
v 0.49293 0.01284 0.32944 0.44785 0.05248 0.01648
v 0.49293 0.01284 0.32944 0.44785 0.05248 0.01648
v 0.49279 0.01158 0.32941 0.44785 0.05248 0.01648
v 0.49246 0.01283 0.33081 0.44785 0.05248 0.01648
v 0.49279 0.01158 0.32941 0.44785 0.05248 0.01648
v 0.49239 0.01163 0.33063 0.44785 0.05248 0.01648
v 0.49246 0.01283 0.33081 0.44785 0.05248 0.01648
v 0.49246 0.01283 0.33081 0.44785 0.05248 0.01648
v 0.49239 0.01163 0.33063 0.44785 0.05248 0.01648
v 0.49175 0.01283 0.33181 0.44785 0.05248 0.01648
v 0.49239 0.01163 0.33063 0.44785 0.05248 0.01648
v 0.49180 0.01173 0.33158 0.44785 0.05248 0.01648
v 0.49175 0.01283 0.33181 0.44785 0.05248 0.01648
v 0.49175 0.01283 0.33181 0.44785 0.05248 0.01648
v 0.49180 0.01173 0.33158 0.44785 0.05248 0.01648
v 0.49106 0.01282 0.33242 0.44785 0.05248 0.01648
v 0.49180 0.01173 0.33158 0.44785 0.05248 0.01648
v 0.49119 0.01186 0.33221 0.44785 0.05248 0.01648
v 0.49106 0.01282 0.33242 0.44785 0.05248 0.01648
v 0.63700 0.01186 -0.46907 0.44785 0.05248 0.01648
v 0.63691 0.01108 -0.46879 0.44785 0.05248 0.01648
v 0.63735 0.01173 -0.46826 0.44785 0.05248 0.01648
v 0.63691 0.01108 -0.46879 0.44785 0.05248 0.01648
v 0.63715 0.01090 -0.46801 0.44785 0.05248 0.01648
v 0.63735 0.01173 -0.46826 0.44785 0.05248 0.01648
v 0.63735 0.01173 -0.46826 0.44785 0.05248 0.01648
v 0.63715 0.01090 -0.46801 0.44785 0.05248 0.01648
v 0.63757 0.01163 -0.46717 0.44785 0.05248 0.01648
v 0.63715 0.01090 -0.46801 0.44785 0.05248 0.01648
v 0.63727 0.01076 -0.46704 0.44785 0.05248 0.01648
v 0.63757 0.01163 -0.46717 0.44785 0.05248 0.01648
v 0.63757 0.01163 -0.46717 0.44785 0.05248 0.01648
v 0.63727 0.01076 -0.46704 0.44785 0.05248 0.01648
v 0.63751 0.01158 -0.46588 0.44785 0.05248 0.01648
v 0.63727 0.01076 -0.46704 0.44785 0.05248 0.01648
v 0.63719 0.01070 -0.46594 0.44785 0.05248 0.01648
v 0.63751 0.01158 -0.46588 0.44785 0.05248 0.01648
v 0.63751 0.01158 -0.46588 0.44785 0.05248 0.01648
v 0.63719 0.01070 -0.46594 0.44785 0.05248 0.01648
v 0.49279 0.01158 0.32941 0.44785 0.05248 0.01648
v 0.63719 0.01070 -0.46594 0.44785 0.05248 0.01648
v 0.49247 0.01070 0.32935 0.44785 0.05248 0.01648
v 0.49279 0.01158 0.32941 0.44785 0.05248 0.01648
v 0.49279 0.01158 0.32941 0.44785 0.05248 0.01648
v 0.49247 0.01070 0.32935 0.44785 0.05248 0.01648
v 0.49239 0.01163 0.33063 0.44785 0.05248 0.01648
v 0.49247 0.01070 0.32935 0.44785 0.05248 0.01648
v 0.49216 0.01076 0.33040 0.44785 0.05248 0.01648
v 0.49239 0.01163 0.33063 0.44785 0.05248 0.01648
v 0.49239 0.01163 0.33063 0.44785 0.05248 0.01648
v 0.49216 0.01076 0.33040 0.44785 0.05248 0.01648
v 0.49180 0.01173 0.33158 0.44785 0.05248 0.01648
v 0.49216 0.01076 0.33040 0.44785 0.05248 0.01648
v 0.49170 0.01090 0.33127 0.44785 0.05248 0.01648
v 0.49180 0.01173 0.33158 0.44785 0.05248 0.01648
v 0.49180 0.01173 0.33158 0.44785 0.05248 0.01648
v 0.49170 0.01090 0.33127 0.44785 0.05248 0.01648
v 0.49119 0.01186 0.33221 0.44785 0.05248 0.01648
v 0.49170 0.01090 0.33127 0.44785 0.05248 0.01648
v 0.49120 0.01108 0.33191 0.44785 0.05248 0.01648
v 0.49119 0.01186 0.33221 0.44785 0.05248 0.01648
v 0.43233 0.60362 -0.50601 0.44785 0.05248 0.01648
v 0.43238 0.60400 -0.50527 0.44785 0.05248 0.01648
v 0.43162 0.60366 -0.50644 0.44785 0.05248 0.01648
v 0.43238 0.60400 -0.50527 0.44785 0.05248 0.01648
v 0.43161 0.60415 -0.50570 0.44785 0.05248 0.01648
v 0.43162 0.60366 -0.50644 0.44785 0.05248 0.01648
v 0.43162 0.60366 -0.50644 0.44785 0.05248 0.01648
v 0.43161 0.60415 -0.50570 0.44785 0.05248 0.01648
v 0.43071 0.60357 -0.50684 0.44785 0.05248 0.01648
v 0.43161 0.60415 -0.50570 0.44785 0.05248 0.01648
v 0.43057 0.60414 -0.50613 0.44785 0.05248 0.01648
v 0.43071 0.60357 -0.50684 0.44785 0.05248 0.01648
v 0.43071 0.60357 -0.50684 0.44785 0.05248 0.01648
v 0.43057 0.60414 -0.50613 0.44785 0.05248 0.01648
v 0.42969 0.60329 -0.50712 0.44785 0.05248 0.01648
v 0.43057 0.60414 -0.50613 0.44785 0.05248 0.01648
v 0.42936 0.60386 -0.50644 0.44785 0.05248 0.01648
v 0.42969 0.60329 -0.50712 0.44785 0.05248 0.01648
v 0.42969 0.60329 -0.50712 0.44785 0.05248 0.01648
v 0.42936 0.60386 -0.50644 0.44785 0.05248 0.01648
v 0.41091 0.59660 -0.51054 0.44785 0.05248 0.01648
v 0.42936 0.60386 -0.50644 0.44785 0.05248 0.01648
v 0.41059 0.59716 -0.50986 0.44785 0.05248 0.01648
v 0.41091 0.59660 -0.51054 0.44785 0.05248 0.01648
v 0.41091 0.59660 -0.51054 0.44785 0.05248 0.01648
v 0.41059 0.59716 -0.50986 0.44785 0.05248 0.01648
v 0.40991 0.59615 -0.51063 0.44785 0.05248 0.01648
v 0.41059 0.59716 -0.50986 0.44785 0.05248 0.01648
v 0.40944 0.59660 -0.50997 0.44785 0.05248 0.01648
v 0.40991 0.59615 -0.51063 0.44785 0.05248 0.01648
v 0.40991 0.59615 -0.51063 0.44785 0.05248 0.01648
v 0.40944 0.59660 -0.50997 0.44785 0.05248 0.01648
v 0.40908 0.59562 -0.51055 0.44785 0.05248 0.01648
v 0.40944 0.59660 -0.50997 0.44785 0.05248 0.01648
v 0.40855 0.59593 -0.50989 0.44785 0.05248 0.01648
v 0.40908 0.59562 -0.51055 0.44785 0.05248 0.01648
v 0.40908 0.59562 -0.51055 0.44785 0.05248 0.01648
v 0.40855 0.59593 -0.50989 0.44785 0.05248 0.01648
v 0.40845 0.59511 -0.51036 0.44785 0.05248 0.01648
v 0.40855 0.59593 -0.50989 0.44785 0.05248 0.01648
v 0.40795 0.59529 -0.50972 0.44785 0.05248 0.01648
v 0.40845 0.59511 -0.51036 0.44785 0.05248 0.01648
v 0.43238 0.60400 -0.50527 0.44785 0.05248 0.01648
v 0.43235 0.60429 -0.50433 0.44785 0.05248 0.01648
v 0.43161 0.60415 -0.50570 0.44785 0.05248 0.01648
v 0.43235 0.60429 -0.50433 0.44785 0.05248 0.01648
v 0.43153 0.60456 -0.50466 0.44785 0.05248 0.01648
v 0.43161 0.60415 -0.50570 0.44785 0.05248 0.01648
v 0.43161 0.60415 -0.50570 0.44785 0.05248 0.01648
v 0.43153 0.60456 -0.50466 0.44785 0.05248 0.01648
v 0.43057 0.60414 -0.50613 0.44785 0.05248 0.01648
v 0.43153 0.60456 -0.50466 0.44785 0.05248 0.01648
v 0.43037 0.60466 -0.50504 0.44785 0.05248 0.01648
v 0.43057 0.60414 -0.50613 0.44785 0.05248 0.01648
v 0.43057 0.60414 -0.50613 0.44785 0.05248 0.01648
v 0.43037 0.60466 -0.50504 0.44785 0.05248 0.01648
v 0.42936 0.60386 -0.50644 0.44785 0.05248 0.01648
v 0.43037 0.60466 -0.50504 0.44785 0.05248 0.01648
v 0.42898 0.60438 -0.50536 0.44785 0.05248 0.01648
v 0.42936 0.60386 -0.50644 0.44785 0.05248 0.01648
v 0.42936 0.60386 -0.50644 0.44785 0.05248 0.01648
v 0.42898 0.60438 -0.50536 0.44785 0.05248 0.01648
v 0.41059 0.59716 -0.50986 0.44785 0.05248 0.01648
v 0.42898 0.60438 -0.50536 0.44785 0.05248 0.01648
v 0.41021 0.59768 -0.50878 0.44785 0.05248 0.01648
v 0.41059 0.59716 -0.50986 0.44785 0.05248 0.01648
v 0.41059 0.59716 -0.50986 0.44785 0.05248 0.01648
v 0.41021 0.59768 -0.50878 0.44785 0.05248 0.01648
v 0.40944 0.59660 -0.50997 0.44785 0.05248 0.01648
v 0.41021 0.59768 -0.50878 0.44785 0.05248 0.01648
v 0.40893 0.59701 -0.50894 0.44785 0.05248 0.01648
v 0.40944 0.59660 -0.50997 0.44785 0.05248 0.01648
v 0.40944 0.59660 -0.50997 0.44785 0.05248 0.01648
v 0.40893 0.59701 -0.50894 0.44785 0.05248 0.01648
v 0.40855 0.59593 -0.50989 0.44785 0.05248 0.01648
v 0.40893 0.59701 -0.50894 0.44785 0.05248 0.01648
v 0.40803 0.59618 -0.50894 0.44785 0.05248 0.01648
v 0.40855 0.59593 -0.50989 0.44785 0.05248 0.01648
v 0.40855 0.59593 -0.50989 0.44785 0.05248 0.01648
v 0.40803 0.59618 -0.50894 0.44785 0.05248 0.01648
v 0.40795 0.59529 -0.50972 0.44785 0.05248 0.01648
v 0.40803 0.59618 -0.50894 0.44785 0.05248 0.01648
v 0.40749 0.59543 -0.50885 0.44785 0.05248 0.01648
v 0.40795 0.59529 -0.50972 0.44785 0.05248 0.01648
v 0.43235 0.60429 -0.50433 0.44785 0.05248 0.01648
v 0.43221 0.60441 -0.50324 0.44785 0.05248 0.01648
v 0.43153 0.60456 -0.50466 0.44785 0.05248 0.01648
v 0.43221 0.60441 -0.50324 0.44785 0.05248 0.01648
v 0.43134 0.60473 -0.50340 0.44785 0.05248 0.01648
v 0.43153 0.60456 -0.50466 0.44785 0.05248 0.01648
v 0.43153 0.60456 -0.50466 0.44785 0.05248 0.01648
v 0.43134 0.60473 -0.50340 0.44785 0.05248 0.01648
v 0.43037 0.60466 -0.50504 0.44785 0.05248 0.01648
v 0.43134 0.60473 -0.50340 0.44785 0.05248 0.01648
v 0.43011 0.60488 -0.50363 0.44785 0.05248 0.01648
v 0.43037 0.60466 -0.50504 0.44785 0.05248 0.01648
v 0.43037 0.60466 -0.50504 0.44785 0.05248 0.01648
v 0.43011 0.60488 -0.50363 0.44785 0.05248 0.01648
v 0.42898 0.60438 -0.50536 0.44785 0.05248 0.01648
v 0.43011 0.60488 -0.50363 0.44785 0.05248 0.01648
v 0.42863 0.60461 -0.50389 0.44785 0.05248 0.01648
v 0.42898 0.60438 -0.50536 0.44785 0.05248 0.01648
v 0.42898 0.60438 -0.50536 0.44785 0.05248 0.01648
v 0.42863 0.60461 -0.50389 0.44785 0.05248 0.01648
v 0.41021 0.59768 -0.50878 0.44785 0.05248 0.01648
v 0.42863 0.60461 -0.50389 0.44785 0.05248 0.01648
v 0.40986 0.59791 -0.50731 0.44785 0.05248 0.01648
v 0.41021 0.59768 -0.50878 0.44785 0.05248 0.01648
v 0.41021 0.59768 -0.50878 0.44785 0.05248 0.01648
v 0.40986 0.59791 -0.50731 0.44785 0.05248 0.01648
v 0.40893 0.59701 -0.50894 0.44785 0.05248 0.01648
v 0.40986 0.59791 -0.50731 0.44785 0.05248 0.01648
v 0.40854 0.59718 -0.50755 0.44785 0.05248 0.01648
v 0.40893 0.59701 -0.50894 0.44785 0.05248 0.01648
v 0.40893 0.59701 -0.50894 0.44785 0.05248 0.01648
v 0.40854 0.59718 -0.50755 0.44785 0.05248 0.01648
v 0.40803 0.59618 -0.50894 0.44785 0.05248 0.01648
v 0.40854 0.59718 -0.50755 0.44785 0.05248 0.01648
v 0.40767 0.59629 -0.50771 0.44785 0.05248 0.01648
v 0.40803 0.59618 -0.50894 0.44785 0.05248 0.01648
v 0.40803 0.59618 -0.50894 0.44785 0.05248 0.01648
v 0.40767 0.59629 -0.50771 0.44785 0.05248 0.01648
v 0.40749 0.59543 -0.50885 0.44785 0.05248 0.01648
v 0.40767 0.59629 -0.50771 0.44785 0.05248 0.01648
v 0.40719 0.59548 -0.50780 0.44785 0.05248 0.01648
v 0.40749 0.59543 -0.50885 0.44785 0.05248 0.01648
v 0.43221 0.60441 -0.50324 0.44785 0.05248 0.01648
v 0.28749 0.60441 0.29205 0.44785 0.05248 0.01648
v 0.43134 0.60473 -0.50340 0.44785 0.05248 0.01648
v 0.28749 0.60441 0.29205 0.44785 0.05248 0.01648
v 0.28662 0.60473 0.29189 0.44785 0.05248 0.01648
v 0.43134 0.60473 -0.50340 0.44785 0.05248 0.01648
v 0.43134 0.60473 -0.50340 0.44785 0.05248 0.01648
v 0.28662 0.60473 0.29189 0.44785 0.05248 0.01648
v 0.43011 0.60488 -0.50363 0.44785 0.05248 0.01648
v 0.28662 0.60473 0.29189 0.44785 0.05248 0.01648
v 0.28539 0.60488 0.29167 0.44785 0.05248 0.01648
v 0.43011 0.60488 -0.50363 0.44785 0.05248 0.01648
v 0.43011 0.60488 -0.50363 0.44785 0.05248 0.01648
v 0.28539 0.60488 0.29167 0.44785 0.05248 0.01648
v 0.42863 0.60461 -0.50389 0.44785 0.05248 0.01648
v 0.28539 0.60488 0.29167 0.44785 0.05248 0.01648
v 0.28391 0.60461 0.29140 0.44785 0.05248 0.01648
v 0.42863 0.60461 -0.50389 0.44785 0.05248 0.01648
v 0.42863 0.60461 -0.50389 0.44785 0.05248 0.01648
v 0.28391 0.60461 0.29140 0.44785 0.05248 0.01648
v 0.40986 0.59791 -0.50731 0.44785 0.05248 0.01648
v 0.28391 0.60461 0.29140 0.44785 0.05248 0.01648
v 0.26514 0.59791 0.28798 0.44785 0.05248 0.01648
v 0.40986 0.59791 -0.50731 0.44785 0.05248 0.01648
v 0.40986 0.59791 -0.50731 0.44785 0.05248 0.01648
v 0.26514 0.59791 0.28798 0.44785 0.05248 0.01648
v 0.40854 0.59718 -0.50755 0.44785 0.05248 0.01648
v 0.26514 0.59791 0.28798 0.44785 0.05248 0.01648
v 0.26382 0.59718 0.28774 0.44785 0.05248 0.01648
v 0.40854 0.59718 -0.50755 0.44785 0.05248 0.01648
v 0.40854 0.59718 -0.50755 0.44785 0.05248 0.01648
v 0.26382 0.59718 0.28774 0.44785 0.05248 0.01648
v 0.40767 0.59629 -0.50771 0.44785 0.05248 0.01648
v 0.26382 0.59718 0.28774 0.44785 0.05248 0.01648
v 0.26295 0.59629 0.28759 0.44785 0.05248 0.01648
v 0.40767 0.59629 -0.50771 0.44785 0.05248 0.01648
v 0.40767 0.59629 -0.50771 0.44785 0.05248 0.01648
v 0.26295 0.59629 0.28759 0.44785 0.05248 0.01648
v 0.40719 0.59548 -0.50780 0.44785 0.05248 0.01648
v 0.26295 0.59629 0.28759 0.44785 0.05248 0.01648
v 0.26247 0.59548 0.28750 0.44785 0.05248 0.01648
v 0.40719 0.59548 -0.50780 0.44785 0.05248 0.01648
v 0.28749 0.60441 0.29205 0.44785 0.05248 0.01648
v 0.28724 0.60429 0.29312 0.44785 0.05248 0.01648
v 0.28662 0.60473 0.29189 0.44785 0.05248 0.01648
v 0.28724 0.60429 0.29312 0.44785 0.05248 0.01648
v 0.28635 0.60456 0.29314 0.44785 0.05248 0.01648
v 0.28662 0.60473 0.29189 0.44785 0.05248 0.01648
v 0.28662 0.60473 0.29189 0.44785 0.05248 0.01648
v 0.28635 0.60456 0.29314 0.44785 0.05248 0.01648
v 0.28539 0.60488 0.29167 0.44785 0.05248 0.01648
v 0.28635 0.60456 0.29314 0.44785 0.05248 0.01648
v 0.28513 0.60466 0.29308 0.44785 0.05248 0.01648
v 0.28539 0.60488 0.29167 0.44785 0.05248 0.01648
v 0.28539 0.60488 0.29167 0.44785 0.05248 0.01648
v 0.28513 0.60466 0.29308 0.44785 0.05248 0.01648
v 0.28391 0.60461 0.29140 0.44785 0.05248 0.01648
v 0.28513 0.60466 0.29308 0.44785 0.05248 0.01648
v 0.28372 0.60438 0.29289 0.44785 0.05248 0.01648
v 0.28391 0.60461 0.29140 0.44785 0.05248 0.01648
v 0.28391 0.60461 0.29140 0.44785 0.05248 0.01648
v 0.28372 0.60438 0.29289 0.44785 0.05248 0.01648
v 0.26514 0.59791 0.28798 0.44785 0.05248 0.01648
v 0.28372 0.60438 0.29289 0.44785 0.05248 0.01648
v 0.26495 0.59768 0.28948 0.44785 0.05248 0.01648
v 0.26514 0.59791 0.28798 0.44785 0.05248 0.01648
v 0.26514 0.59791 0.28798 0.44785 0.05248 0.01648
v 0.26495 0.59768 0.28948 0.44785 0.05248 0.01648
v 0.26382 0.59718 0.28774 0.44785 0.05248 0.01648
v 0.26495 0.59768 0.28948 0.44785 0.05248 0.01648
v 0.26370 0.59701 0.28918 0.44785 0.05248 0.01648
v 0.26382 0.59718 0.28774 0.44785 0.05248 0.01648
v 0.26382 0.59718 0.28774 0.44785 0.05248 0.01648
v 0.26370 0.59701 0.28918 0.44785 0.05248 0.01648
v 0.26295 0.59629 0.28759 0.44785 0.05248 0.01648
v 0.26370 0.59701 0.28918 0.44785 0.05248 0.01648
v 0.26286 0.59618 0.28886 0.44785 0.05248 0.01648
v 0.26295 0.59629 0.28759 0.44785 0.05248 0.01648
v 0.26295 0.59629 0.28759 0.44785 0.05248 0.01648
v 0.26286 0.59618 0.28886 0.44785 0.05248 0.01648
v 0.26247 0.59548 0.28750 0.44785 0.05248 0.01648
v 0.26286 0.59618 0.28886 0.44785 0.05248 0.01648
v 0.26238 0.59543 0.28859 0.44785 0.05248 0.01648
v 0.26247 0.59548 0.28750 0.44785 0.05248 0.01648
v 0.28724 0.60429 0.29312 0.44785 0.05248 0.01648
v 0.28693 0.60400 0.29401 0.44785 0.05248 0.01648
v 0.28635 0.60456 0.29314 0.44785 0.05248 0.01648
v 0.28693 0.60400 0.29401 0.44785 0.05248 0.01648
v 0.28606 0.60415 0.29414 0.44785 0.05248 0.01648
v 0.28635 0.60456 0.29314 0.44785 0.05248 0.01648
v 0.28635 0.60456 0.29314 0.44785 0.05248 0.01648
v 0.28606 0.60415 0.29414 0.44785 0.05248 0.01648
v 0.28513 0.60466 0.29308 0.44785 0.05248 0.01648
v 0.28606 0.60415 0.29414 0.44785 0.05248 0.01648
v 0.28494 0.60414 0.29417 0.44785 0.05248 0.01648
v 0.28513 0.60466 0.29308 0.44785 0.05248 0.01648
v 0.28513 0.60466 0.29308 0.44785 0.05248 0.01648
v 0.28494 0.60414 0.29417 0.44785 0.05248 0.01648
v 0.28372 0.60438 0.29289 0.44785 0.05248 0.01648
v 0.28494 0.60414 0.29417 0.44785 0.05248 0.01648
v 0.28370 0.60386 0.29404 0.44785 0.05248 0.01648
v 0.28372 0.60438 0.29289 0.44785 0.05248 0.01648
v 0.28372 0.60438 0.29289 0.44785 0.05248 0.01648
v 0.28370 0.60386 0.29404 0.44785 0.05248 0.01648
v 0.26495 0.59768 0.28948 0.44785 0.05248 0.01648
v 0.28370 0.60386 0.29404 0.44785 0.05248 0.01648
v 0.26493 0.59716 0.29063 0.44785 0.05248 0.01648
v 0.26495 0.59768 0.28948 0.44785 0.05248 0.01648
v 0.26495 0.59768 0.28948 0.44785 0.05248 0.01648
v 0.26493 0.59716 0.29063 0.44785 0.05248 0.01648
v 0.26370 0.59701 0.28918 0.44785 0.05248 0.01648
v 0.26493 0.59716 0.29063 0.44785 0.05248 0.01648
v 0.26381 0.59660 0.29033 0.44785 0.05248 0.01648
v 0.26370 0.59701 0.28918 0.44785 0.05248 0.01648
v 0.26370 0.59701 0.28918 0.44785 0.05248 0.01648
v 0.26381 0.59660 0.29033 0.44785 0.05248 0.01648
v 0.26286 0.59618 0.28886 0.44785 0.05248 0.01648
v 0.26381 0.59660 0.29033 0.44785 0.05248 0.01648
v 0.26300 0.59593 0.28994 0.44785 0.05248 0.01648
v 0.26286 0.59618 0.28886 0.44785 0.05248 0.01648
v 0.26286 0.59618 0.28886 0.44785 0.05248 0.01648
v 0.26300 0.59593 0.28994 0.44785 0.05248 0.01648
v 0.26238 0.59543 0.28859 0.44785 0.05248 0.01648
v 0.26300 0.59593 0.28994 0.44785 0.05248 0.01648
v 0.26251 0.59529 0.28957 0.44785 0.05248 0.01648
v 0.26238 0.59543 0.28859 0.44785 0.05248 0.01648
v 0.28693 0.60400 0.29401 0.44785 0.05248 0.01648
v 0.28663 0.60362 0.29469 0.44785 0.05248 0.01648
v 0.28606 0.60415 0.29414 0.44785 0.05248 0.01648
v 0.28663 0.60362 0.29469 0.44785 0.05248 0.01648
v 0.28581 0.60366 0.29484 0.44785 0.05248 0.01648
v 0.28606 0.60415 0.29414 0.44785 0.05248 0.01648
v 0.28606 0.60415 0.29414 0.44785 0.05248 0.01648
v 0.28581 0.60366 0.29484 0.44785 0.05248 0.01648
v 0.28494 0.60414 0.29417 0.44785 0.05248 0.01648
v 0.28581 0.60366 0.29484 0.44785 0.05248 0.01648
v 0.28482 0.60357 0.29489 0.44785 0.05248 0.01648
v 0.28494 0.60414 0.29417 0.44785 0.05248 0.01648
v 0.28494 0.60414 0.29417 0.44785 0.05248 0.01648
v 0.28482 0.60357 0.29489 0.44785 0.05248 0.01648
v 0.28370 0.60386 0.29404 0.44785 0.05248 0.01648
v 0.28482 0.60357 0.29489 0.44785 0.05248 0.01648
v 0.28376 0.60329 0.29479 0.44785 0.05248 0.01648
v 0.28370 0.60386 0.29404 0.44785 0.05248 0.01648
v 0.28370 0.60386 0.29404 0.44785 0.05248 0.01648
v 0.28376 0.60329 0.29479 0.44785 0.05248 0.01648
v 0.26493 0.59716 0.29063 0.44785 0.05248 0.01648
v 0.28376 0.60329 0.29479 0.44785 0.05248 0.01648
v 0.26499 0.59660 0.29138 0.44785 0.05248 0.01648
v 0.26493 0.59716 0.29063 0.44785 0.05248 0.01648
v 0.26493 0.59716 0.29063 0.44785 0.05248 0.01648
v 0.26499 0.59660 0.29138 0.44785 0.05248 0.01648
v 0.26381 0.59660 0.29033 0.44785 0.05248 0.01648
v 0.26499 0.59660 0.29138 0.44785 0.05248 0.01648
v 0.26402 0.59615 0.29111 0.44785 0.05248 0.01648
v 0.26381 0.59660 0.29033 0.44785 0.05248 0.01648
v 0.26381 0.59660 0.29033 0.44785 0.05248 0.01648
v 0.26402 0.59615 0.29111 0.44785 0.05248 0.01648
v 0.26300 0.59593 0.28994 0.44785 0.05248 0.01648
v 0.26402 0.59615 0.29111 0.44785 0.05248 0.01648
v 0.26327 0.59562 0.29074 0.44785 0.05248 0.01648
v 0.26300 0.59593 0.28994 0.44785 0.05248 0.01648
v 0.26300 0.59593 0.28994 0.44785 0.05248 0.01648
v 0.26327 0.59562 0.29074 0.44785 0.05248 0.01648
v 0.26251 0.59529 0.28957 0.44785 0.05248 0.01648
v 0.26327 0.59562 0.29074 0.44785 0.05248 0.01648
v 0.26275 0.59511 0.29034 0.44785 0.05248 0.01648
v 0.26251 0.59529 0.28957 0.44785 0.05248 0.01648
v 0.49120 0.01108 0.33191 0.44785 0.05248 0.01648
v 0.49170 0.01090 0.33127 0.44785 0.05248 0.01648
v 0.49058 0.01056 0.33210 0.44785 0.05248 0.01648
v 0.49170 0.01090 0.33127 0.44785 0.05248 0.01648
v 0.49111 0.01026 0.33145 0.44785 0.05248 0.01648
v 0.49058 0.01056 0.33210 0.44785 0.05248 0.01648
v 0.49058 0.01056 0.33210 0.44785 0.05248 0.01648
v 0.49111 0.01026 0.33145 0.44785 0.05248 0.01648
v 0.48975 0.01003 0.33218 0.44785 0.05248 0.01648
v 0.49111 0.01026 0.33145 0.44785 0.05248 0.01648
v 0.49022 0.00958 0.33153 0.44785 0.05248 0.01648
v 0.48975 0.01003 0.33218 0.44785 0.05248 0.01648
v 0.48975 0.01003 0.33218 0.44785 0.05248 0.01648
v 0.49022 0.00958 0.33153 0.44785 0.05248 0.01648
v 0.48874 0.00959 0.33209 0.44785 0.05248 0.01648
v 0.49022 0.00958 0.33153 0.44785 0.05248 0.01648
v 0.48907 0.00903 0.33142 0.44785 0.05248 0.01648
v 0.48874 0.00959 0.33209 0.44785 0.05248 0.01648
v 0.48874 0.00959 0.33209 0.44785 0.05248 0.01648
v 0.48907 0.00903 0.33142 0.44785 0.05248 0.01648
v 0.46997 0.00289 0.32868 0.44785 0.05248 0.01648
v 0.48907 0.00903 0.33142 0.44785 0.05248 0.01648
v 0.47029 0.00233 0.32800 0.44785 0.05248 0.01648
v 0.46997 0.00289 0.32868 0.44785 0.05248 0.01648
v 0.46997 0.00289 0.32868 0.44785 0.05248 0.01648
v 0.47029 0.00233 0.32800 0.44785 0.05248 0.01648
v 0.46894 0.00261 0.32840 0.44785 0.05248 0.01648
v 0.47029 0.00233 0.32800 0.44785 0.05248 0.01648
v 0.46908 0.00204 0.32768 0.44785 0.05248 0.01648
v 0.46894 0.00261 0.32840 0.44785 0.05248 0.01648
v 0.46894 0.00261 0.32840 0.44785 0.05248 0.01648
v 0.46908 0.00204 0.32768 0.44785 0.05248 0.01648
v 0.46804 0.00252 0.32800 0.44785 0.05248 0.01648
v 0.46908 0.00204 0.32768 0.44785 0.05248 0.01648
v 0.46805 0.00203 0.32725 0.44785 0.05248 0.01648
v 0.46804 0.00252 0.32800 0.44785 0.05248 0.01648
v 0.46804 0.00252 0.32800 0.44785 0.05248 0.01648
v 0.46805 0.00203 0.32725 0.44785 0.05248 0.01648
v 0.46733 0.00256 0.32757 0.44785 0.05248 0.01648
v 0.46805 0.00203 0.32725 0.44785 0.05248 0.01648
v 0.46728 0.00219 0.32683 0.44785 0.05248 0.01648
v 0.46733 0.00256 0.32757 0.44785 0.05248 0.01648
v 0.49170 0.01090 0.33127 0.44785 0.05248 0.01648
v 0.49216 0.01076 0.33040 0.44785 0.05248 0.01648
v 0.49111 0.01026 0.33145 0.44785 0.05248 0.01648
v 0.49216 0.01076 0.33040 0.44785 0.05248 0.01648
v 0.49163 0.01000 0.33049 0.44785 0.05248 0.01648
v 0.49111 0.01026 0.33145 0.44785 0.05248 0.01648
v 0.49111 0.01026 0.33145 0.44785 0.05248 0.01648
v 0.49163 0.01000 0.33049 0.44785 0.05248 0.01648
v 0.49022 0.00958 0.33153 0.44785 0.05248 0.01648
v 0.49163 0.01000 0.33049 0.44785 0.05248 0.01648
v 0.49073 0.00918 0.33049 0.44785 0.05248 0.01648
v 0.49022 0.00958 0.33153 0.44785 0.05248 0.01648
v 0.49022 0.00958 0.33153 0.44785 0.05248 0.01648
v 0.49073 0.00918 0.33049 0.44785 0.05248 0.01648
v 0.48907 0.00903 0.33142 0.44785 0.05248 0.01648
v 0.49073 0.00918 0.33049 0.44785 0.05248 0.01648
v 0.48945 0.00850 0.33033 0.44785 0.05248 0.01648
v 0.48907 0.00903 0.33142 0.44785 0.05248 0.01648
v 0.48907 0.00903 0.33142 0.44785 0.05248 0.01648
v 0.48945 0.00850 0.33033 0.44785 0.05248 0.01648
v 0.47029 0.00233 0.32800 0.44785 0.05248 0.01648
v 0.48945 0.00850 0.33033 0.44785 0.05248 0.01648
v 0.47068 0.00181 0.32692 0.44785 0.05248 0.01648
v 0.47029 0.00233 0.32800 0.44785 0.05248 0.01648
v 0.47029 0.00233 0.32800 0.44785 0.05248 0.01648
v 0.47068 0.00181 0.32692 0.44785 0.05248 0.01648
v 0.46908 0.00204 0.32768 0.44785 0.05248 0.01648
v 0.47068 0.00181 0.32692 0.44785 0.05248 0.01648
v 0.46929 0.00153 0.32659 0.44785 0.05248 0.01648
v 0.46908 0.00204 0.32768 0.44785 0.05248 0.01648
v 0.46908 0.00204 0.32768 0.44785 0.05248 0.01648
v 0.46929 0.00153 0.32659 0.44785 0.05248 0.01648
v 0.46805 0.00203 0.32725 0.44785 0.05248 0.01648
v 0.46929 0.00153 0.32659 0.44785 0.05248 0.01648
v 0.46813 0.00162 0.32621 0.44785 0.05248 0.01648
v 0.46805 0.00203 0.32725 0.44785 0.05248 0.01648
v 0.46805 0.00203 0.32725 0.44785 0.05248 0.01648
v 0.46813 0.00162 0.32621 0.44785 0.05248 0.01648
v 0.46728 0.00219 0.32683 0.44785 0.05248 0.01648
v 0.46813 0.00162 0.32621 0.44785 0.05248 0.01648
v 0.46731 0.00189 0.32588 0.44785 0.05248 0.01648
v 0.46728 0.00219 0.32683 0.44785 0.05248 0.01648
v 0.49216 0.01076 0.33040 0.44785 0.05248 0.01648
v 0.49247 0.01070 0.32935 0.44785 0.05248 0.01648
v 0.49163 0.01000 0.33049 0.44785 0.05248 0.01648
v 0.49247 0.01070 0.32935 0.44785 0.05248 0.01648
v 0.49199 0.00990 0.32926 0.44785 0.05248 0.01648
v 0.49163 0.01000 0.33049 0.44785 0.05248 0.01648
v 0.49163 0.01000 0.33049 0.44785 0.05248 0.01648
v 0.49199 0.00990 0.32926 0.44785 0.05248 0.01648
v 0.49073 0.00918 0.33049 0.44785 0.05248 0.01648
v 0.49199 0.00990 0.32926 0.44785 0.05248 0.01648
v 0.49112 0.00900 0.32911 0.44785 0.05248 0.01648
v 0.49073 0.00918 0.33049 0.44785 0.05248 0.01648
v 0.49073 0.00918 0.33049 0.44785 0.05248 0.01648
v 0.49112 0.00900 0.32911 0.44785 0.05248 0.01648
v 0.48945 0.00850 0.33033 0.44785 0.05248 0.01648
v 0.49112 0.00900 0.32911 0.44785 0.05248 0.01648
v 0.48980 0.00827 0.32887 0.44785 0.05248 0.01648
v 0.48945 0.00850 0.33033 0.44785 0.05248 0.01648
v 0.48945 0.00850 0.33033 0.44785 0.05248 0.01648
v 0.48980 0.00827 0.32887 0.44785 0.05248 0.01648
v 0.47068 0.00181 0.32692 0.44785 0.05248 0.01648
v 0.48980 0.00827 0.32887 0.44785 0.05248 0.01648
v 0.47103 0.00158 0.32545 0.44785 0.05248 0.01648
v 0.47068 0.00181 0.32692 0.44785 0.05248 0.01648
v 0.47068 0.00181 0.32692 0.44785 0.05248 0.01648
v 0.47103 0.00158 0.32545 0.44785 0.05248 0.01648
v 0.46929 0.00153 0.32659 0.44785 0.05248 0.01648
v 0.47103 0.00158 0.32545 0.44785 0.05248 0.01648
v 0.46955 0.00131 0.32518 0.44785 0.05248 0.01648
v 0.46929 0.00153 0.32659 0.44785 0.05248 0.01648
v 0.46929 0.00153 0.32659 0.44785 0.05248 0.01648
v 0.46955 0.00131 0.32518 0.44785 0.05248 0.01648
v 0.46813 0.00162 0.32621 0.44785 0.05248 0.01648
v 0.46955 0.00131 0.32518 0.44785 0.05248 0.01648
v 0.46832 0.00146 0.32496 0.44785 0.05248 0.01648
v 0.46813 0.00162 0.32621 0.44785 0.05248 0.01648
v 0.46813 0.00162 0.32621 0.44785 0.05248 0.01648
v 0.46832 0.00146 0.32496 0.44785 0.05248 0.01648
v 0.46731 0.00189 0.32588 0.44785 0.05248 0.01648
v 0.46832 0.00146 0.32496 0.44785 0.05248 0.01648
v 0.46745 0.00178 0.32480 0.44785 0.05248 0.01648
v 0.46731 0.00189 0.32588 0.44785 0.05248 0.01648
v 0.49247 0.01070 0.32935 0.44785 0.05248 0.01648
v 0.63719 0.01070 -0.46594 0.44785 0.05248 0.01648
v 0.49199 0.00990 0.32926 0.44785 0.05248 0.01648
v 0.63719 0.01070 -0.46594 0.44785 0.05248 0.01648
v 0.63671 0.00990 -0.46603 0.44785 0.05248 0.01648
v 0.49199 0.00990 0.32926 0.44785 0.05248 0.01648
v 0.49199 0.00990 0.32926 0.44785 0.05248 0.01648
v 0.63671 0.00990 -0.46603 0.44785 0.05248 0.01648
v 0.49112 0.00900 0.32911 0.44785 0.05248 0.01648
v 0.63671 0.00990 -0.46603 0.44785 0.05248 0.01648
v 0.63584 0.00900 -0.46619 0.44785 0.05248 0.01648
v 0.49112 0.00900 0.32911 0.44785 0.05248 0.01648
v 0.49112 0.00900 0.32911 0.44785 0.05248 0.01648
v 0.63584 0.00900 -0.46619 0.44785 0.05248 0.01648
v 0.48980 0.00827 0.32887 0.44785 0.05248 0.01648
v 0.63584 0.00900 -0.46619 0.44785 0.05248 0.01648
v 0.63452 0.00827 -0.46643 0.44785 0.05248 0.01648
v 0.48980 0.00827 0.32887 0.44785 0.05248 0.01648
v 0.48980 0.00827 0.32887 0.44785 0.05248 0.01648
v 0.63452 0.00827 -0.46643 0.44785 0.05248 0.01648
v 0.47103 0.00158 0.32545 0.44785 0.05248 0.01648
v 0.63452 0.00827 -0.46643 0.44785 0.05248 0.01648
v 0.61575 0.00158 -0.46984 0.44785 0.05248 0.01648
v 0.47103 0.00158 0.32545 0.44785 0.05248 0.01648
v 0.47103 0.00158 0.32545 0.44785 0.05248 0.01648
v 0.61575 0.00158 -0.46984 0.44785 0.05248 0.01648
v 0.46955 0.00131 0.32518 0.44785 0.05248 0.01648
v 0.61575 0.00158 -0.46984 0.44785 0.05248 0.01648
v 0.61427 0.00131 -0.47011 0.44785 0.05248 0.01648
v 0.46955 0.00131 0.32518 0.44785 0.05248 0.01648
v 0.46955 0.00131 0.32518 0.44785 0.05248 0.01648
v 0.61427 0.00131 -0.47011 0.44785 0.05248 0.01648
v 0.46832 0.00146 0.32496 0.44785 0.05248 0.01648
v 0.61427 0.00131 -0.47011 0.44785 0.05248 0.01648
v 0.61304 0.00146 -0.47034 0.44785 0.05248 0.01648
v 0.46832 0.00146 0.32496 0.44785 0.05248 0.01648
v 0.46832 0.00146 0.32496 0.44785 0.05248 0.01648
v 0.61304 0.00146 -0.47034 0.44785 0.05248 0.01648
v 0.46745 0.00178 0.32480 0.44785 0.05248 0.01648
v 0.61304 0.00146 -0.47034 0.44785 0.05248 0.01648
v 0.61217 0.00178 -0.47050 0.44785 0.05248 0.01648
v 0.46745 0.00178 0.32480 0.44785 0.05248 0.01648
v 0.63719 0.01070 -0.46594 0.44785 0.05248 0.01648
v 0.63727 0.01076 -0.46704 0.44785 0.05248 0.01648
v 0.63671 0.00990 -0.46603 0.44785 0.05248 0.01648
v 0.63727 0.01076 -0.46704 0.44785 0.05248 0.01648
v 0.63680 0.01000 -0.46731 0.44785 0.05248 0.01648
v 0.63671 0.00990 -0.46603 0.44785 0.05248 0.01648
v 0.63671 0.00990 -0.46603 0.44785 0.05248 0.01648
v 0.63680 0.01000 -0.46731 0.44785 0.05248 0.01648
v 0.63584 0.00900 -0.46619 0.44785 0.05248 0.01648
v 0.63680 0.01000 -0.46731 0.44785 0.05248 0.01648
v 0.63596 0.00918 -0.46762 0.44785 0.05248 0.01648
v 0.63584 0.00900 -0.46619 0.44785 0.05248 0.01648
v 0.63584 0.00900 -0.46619 0.44785 0.05248 0.01648
v 0.63596 0.00918 -0.46762 0.44785 0.05248 0.01648
v 0.63452 0.00827 -0.46643 0.44785 0.05248 0.01648
v 0.63596 0.00918 -0.46762 0.44785 0.05248 0.01648
v 0.63471 0.00850 -0.46792 0.44785 0.05248 0.01648
v 0.63452 0.00827 -0.46643 0.44785 0.05248 0.01648
v 0.63452 0.00827 -0.46643 0.44785 0.05248 0.01648
v 0.63471 0.00850 -0.46792 0.44785 0.05248 0.01648
v 0.61575 0.00158 -0.46984 0.44785 0.05248 0.01648
v 0.63471 0.00850 -0.46792 0.44785 0.05248 0.01648
v 0.61594 0.00181 -0.47134 0.44785 0.05248 0.01648
v 0.61575 0.00158 -0.46984 0.44785 0.05248 0.01648
v 0.61575 0.00158 -0.46984 0.44785 0.05248 0.01648
v 0.61594 0.00181 -0.47134 0.44785 0.05248 0.01648
v 0.61427 0.00131 -0.47011 0.44785 0.05248 0.01648
v 0.61594 0.00181 -0.47134 0.44785 0.05248 0.01648
v 0.61452 0.00153 -0.47153 0.44785 0.05248 0.01648
v 0.61427 0.00131 -0.47011 0.44785 0.05248 0.01648
v 0.61427 0.00131 -0.47011 0.44785 0.05248 0.01648
v 0.61452 0.00153 -0.47153 0.44785 0.05248 0.01648
v 0.61304 0.00146 -0.47034 0.44785 0.05248 0.01648
v 0.61452 0.00153 -0.47153 0.44785 0.05248 0.01648
v 0.61331 0.00162 -0.47158 0.44785 0.05248 0.01648
v 0.61304 0.00146 -0.47034 0.44785 0.05248 0.01648
v 0.61304 0.00146 -0.47034 0.44785 0.05248 0.01648
v 0.61331 0.00162 -0.47158 0.44785 0.05248 0.01648
v 0.61217 0.00178 -0.47050 0.44785 0.05248 0.01648
v 0.61331 0.00162 -0.47158 0.44785 0.05248 0.01648
v 0.61242 0.00189 -0.47156 0.44785 0.05248 0.01648
v 0.61217 0.00178 -0.47050 0.44785 0.05248 0.01648
v 0.63727 0.01076 -0.46704 0.44785 0.05248 0.01648
v 0.63715 0.01090 -0.46801 0.44785 0.05248 0.01648
v 0.63680 0.01000 -0.46731 0.44785 0.05248 0.01648
v 0.63715 0.01090 -0.46801 0.44785 0.05248 0.01648
v 0.63665 0.01026 -0.46839 0.44785 0.05248 0.01648
v 0.63680 0.01000 -0.46731 0.44785 0.05248 0.01648
v 0.63680 0.01000 -0.46731 0.44785 0.05248 0.01648
v 0.63665 0.01026 -0.46839 0.44785 0.05248 0.01648
v 0.63596 0.00918 -0.46762 0.44785 0.05248 0.01648
v 0.63665 0.01026 -0.46839 0.44785 0.05248 0.01648
v 0.63585 0.00958 -0.46877 0.44785 0.05248 0.01648
v 0.63596 0.00918 -0.46762 0.44785 0.05248 0.01648
v 0.63596 0.00918 -0.46762 0.44785 0.05248 0.01648
v 0.63585 0.00958 -0.46877 0.44785 0.05248 0.01648
v 0.63471 0.00850 -0.46792 0.44785 0.05248 0.01648
v 0.63585 0.00958 -0.46877 0.44785 0.05248 0.01648
v 0.63473 0.00903 -0.46907 0.44785 0.05248 0.01648
v 0.63471 0.00850 -0.46792 0.44785 0.05248 0.01648
v 0.63471 0.00850 -0.46792 0.44785 0.05248 0.01648
v 0.63473 0.00903 -0.46907 0.44785 0.05248 0.01648
v 0.61594 0.00181 -0.47134 0.44785 0.05248 0.01648
v 0.63473 0.00903 -0.46907 0.44785 0.05248 0.01648
v 0.61596 0.00233 -0.47249 0.44785 0.05248 0.01648
v 0.61594 0.00181 -0.47134 0.44785 0.05248 0.01648
v 0.61594 0.00181 -0.47134 0.44785 0.05248 0.01648
v 0.61596 0.00233 -0.47249 0.44785 0.05248 0.01648
v 0.61452 0.00153 -0.47153 0.44785 0.05248 0.01648
v 0.61596 0.00233 -0.47249 0.44785 0.05248 0.01648
v 0.61471 0.00204 -0.47262 0.44785 0.05248 0.01648
v 0.61452 0.00153 -0.47153 0.44785 0.05248 0.01648
v 0.61452 0.00153 -0.47153 0.44785 0.05248 0.01648
v 0.61471 0.00204 -0.47262 0.44785 0.05248 0.01648
v 0.61331 0.00162 -0.47158 0.44785 0.05248 0.01648
v 0.61471 0.00204 -0.47262 0.44785 0.05248 0.01648
v 0.61359 0.00203 -0.47258 0.44785 0.05248 0.01648
v 0.61331 0.00162 -0.47158 0.44785 0.05248 0.01648
v 0.61331 0.00162 -0.47158 0.44785 0.05248 0.01648
v 0.61359 0.00203 -0.47258 0.44785 0.05248 0.01648
v 0.61242 0.00189 -0.47156 0.44785 0.05248 0.01648
v 0.61359 0.00203 -0.47258 0.44785 0.05248 0.01648
v 0.61273 0.00219 -0.47246 0.44785 0.05248 0.01648
v 0.61242 0.00189 -0.47156 0.44785 0.05248 0.01648
v 0.63715 0.01090 -0.46801 0.44785 0.05248 0.01648
v 0.63691 0.01108 -0.46879 0.44785 0.05248 0.01648
v 0.63665 0.01026 -0.46839 0.44785 0.05248 0.01648
v 0.63691 0.01108 -0.46879 0.44785 0.05248 0.01648
v 0.63639 0.01056 -0.46918 0.44785 0.05248 0.01648
v 0.63665 0.01026 -0.46839 0.44785 0.05248 0.01648
v 0.63665 0.01026 -0.46839 0.44785 0.05248 0.01648
v 0.63639 0.01056 -0.46918 0.44785 0.05248 0.01648
v 0.63585 0.00958 -0.46877 0.44785 0.05248 0.01648
v 0.63639 0.01056 -0.46918 0.44785 0.05248 0.01648
v 0.63564 0.01003 -0.46955 0.44785 0.05248 0.01648
v 0.63585 0.00958 -0.46877 0.44785 0.05248 0.01648
v 0.63585 0.00958 -0.46877 0.44785 0.05248 0.01648
v 0.63564 0.01003 -0.46955 0.44785 0.05248 0.01648
v 0.63473 0.00903 -0.46907 0.44785 0.05248 0.01648
v 0.63564 0.01003 -0.46955 0.44785 0.05248 0.01648
v 0.63467 0.00959 -0.46982 0.44785 0.05248 0.01648
v 0.63473 0.00903 -0.46907 0.44785 0.05248 0.01648
v 0.63473 0.00903 -0.46907 0.44785 0.05248 0.01648
v 0.63467 0.00959 -0.46982 0.44785 0.05248 0.01648
v 0.61596 0.00233 -0.47249 0.44785 0.05248 0.01648
v 0.63467 0.00959 -0.46982 0.44785 0.05248 0.01648
v 0.61589 0.00289 -0.47324 0.44785 0.05248 0.01648
v 0.61596 0.00233 -0.47249 0.44785 0.05248 0.01648
v 0.61596 0.00233 -0.47249 0.44785 0.05248 0.01648
v 0.61589 0.00289 -0.47324 0.44785 0.05248 0.01648
v 0.61471 0.00204 -0.47262 0.44785 0.05248 0.01648
v 0.61589 0.00289 -0.47324 0.44785 0.05248 0.01648
v 0.61484 0.00261 -0.47334 0.44785 0.05248 0.01648
v 0.61471 0.00204 -0.47262 0.44785 0.05248 0.01648
v 0.61471 0.00204 -0.47262 0.44785 0.05248 0.01648
v 0.61484 0.00261 -0.47334 0.44785 0.05248 0.01648
v 0.61359 0.00203 -0.47258 0.44785 0.05248 0.01648
v 0.61484 0.00261 -0.47334 0.44785 0.05248 0.01648
v 0.61385 0.00252 -0.47328 0.44785 0.05248 0.01648
v 0.61359 0.00203 -0.47258 0.44785 0.05248 0.01648
v 0.61359 0.00203 -0.47258 0.44785 0.05248 0.01648
v 0.61385 0.00252 -0.47328 0.44785 0.05248 0.01648
v 0.61273 0.00219 -0.47246 0.44785 0.05248 0.01648
v 0.61385 0.00252 -0.47328 0.44785 0.05248 0.01648
v 0.61303 0.00256 -0.47313 0.44785 0.05248 0.01648
v 0.61273 0.00219 -0.47246 0.44785 0.05248 0.01648
v 0.28663 0.60362 0.29469 0.44785 0.05248 0.01648
v 0.28708 0.60304 0.29507 0.44785 0.05248 0.01648
v 0.28581 0.60366 0.29484 0.44785 0.05248 0.01648
v 0.28708 0.60304 0.29507 0.44785 0.05248 0.01648
v 0.28623 0.60306 0.29534 0.44785 0.05248 0.01648
v 0.28581 0.60366 0.29484 0.44785 0.05248 0.01648
v 0.28581 0.60366 0.29484 0.44785 0.05248 0.01648
v 0.28623 0.60306 0.29534 0.44785 0.05248 0.01648
v 0.28482 0.60357 0.29489 0.44785 0.05248 0.01648
v 0.28623 0.60306 0.29534 0.44785 0.05248 0.01648
v 0.28513 0.60294 0.29550 0.44785 0.05248 0.01648
v 0.28482 0.60357 0.29489 0.44785 0.05248 0.01648
v 0.28482 0.60357 0.29489 0.44785 0.05248 0.01648
v 0.28513 0.60294 0.29550 0.44785 0.05248 0.01648
v 0.28376 0.60329 0.29479 0.44785 0.05248 0.01648
v 0.28513 0.60294 0.29550 0.44785 0.05248 0.01648
v 0.28389 0.60261 0.29542 0.44785 0.05248 0.01648
v 0.28376 0.60329 0.29479 0.44785 0.05248 0.01648
v 0.28376 0.60329 0.29479 0.44785 0.05248 0.01648
v 0.28389 0.60261 0.29542 0.44785 0.05248 0.01648
v 0.26499 0.59660 0.29138 0.44785 0.05248 0.01648
v 0.28389 0.60261 0.29542 0.44785 0.05248 0.01648
v 0.26512 0.59591 0.29200 0.44785 0.05248 0.01648
v 0.26499 0.59660 0.29138 0.44785 0.05248 0.01648
v 0.26499 0.59660 0.29138 0.44785 0.05248 0.01648
v 0.26512 0.59591 0.29200 0.44785 0.05248 0.01648
v 0.26402 0.59615 0.29111 0.44785 0.05248 0.01648
v 0.26512 0.59591 0.29200 0.44785 0.05248 0.01648
v 0.26400 0.59540 0.29165 0.44785 0.05248 0.01648
v 0.26402 0.59615 0.29111 0.44785 0.05248 0.01648
v 0.26402 0.59615 0.29111 0.44785 0.05248 0.01648
v 0.26400 0.59540 0.29165 0.44785 0.05248 0.01648
v 0.26327 0.59562 0.29074 0.44785 0.05248 0.01648
v 0.26400 0.59540 0.29165 0.44785 0.05248 0.01648
v 0.26317 0.59484 0.29115 0.44785 0.05248 0.01648
v 0.26327 0.59562 0.29074 0.44785 0.05248 0.01648
v 0.26327 0.59562 0.29074 0.44785 0.05248 0.01648
v 0.26317 0.59484 0.29115 0.44785 0.05248 0.01648
v 0.26275 0.59511 0.29034 0.44785 0.05248 0.01648
v 0.26317 0.59484 0.29115 0.44785 0.05248 0.01648
v 0.26266 0.59433 0.29063 0.44785 0.05248 0.01648
v 0.26275 0.59511 0.29034 0.44785 0.05248 0.01648
v 0.28708 0.60304 0.29507 0.44785 0.05248 0.01648
v 0.28756 0.60223 0.29539 0.44785 0.05248 0.01648
v 0.28623 0.60306 0.29534 0.44785 0.05248 0.01648
v 0.28756 0.60223 0.29539 0.44785 0.05248 0.01648
v 0.28673 0.60216 0.29579 0.44785 0.05248 0.01648
v 0.28623 0.60306 0.29534 0.44785 0.05248 0.01648
v 0.28623 0.60306 0.29534 0.44785 0.05248 0.01648
v 0.28673 0.60216 0.29579 0.44785 0.05248 0.01648
v 0.28513 0.60294 0.29550 0.44785 0.05248 0.01648
v 0.28673 0.60216 0.29579 0.44785 0.05248 0.01648
v 0.28556 0.60195 0.29607 0.44785 0.05248 0.01648
v 0.28513 0.60294 0.29550 0.44785 0.05248 0.01648
v 0.28513 0.60294 0.29550 0.44785 0.05248 0.01648
v 0.28556 0.60195 0.29607 0.44785 0.05248 0.01648
v 0.28389 0.60261 0.29542 0.44785 0.05248 0.01648
v 0.28556 0.60195 0.29607 0.44785 0.05248 0.01648
v 0.28416 0.60154 0.29603 0.44785 0.05248 0.01648
v 0.28389 0.60261 0.29542 0.44785 0.05248 0.01648
v 0.28389 0.60261 0.29542 0.44785 0.05248 0.01648
v 0.28416 0.60154 0.29603 0.44785 0.05248 0.01648
v 0.26512 0.59591 0.29200 0.44785 0.05248 0.01648
v 0.28416 0.60154 0.29603 0.44785 0.05248 0.01648
v 0.26539 0.59484 0.29262 0.44785 0.05248 0.01648
v 0.26512 0.59591 0.29200 0.44785 0.05248 0.01648
v 0.26512 0.59591 0.29200 0.44785 0.05248 0.01648
v 0.26539 0.59484 0.29262 0.44785 0.05248 0.01648
v 0.26400 0.59540 0.29165 0.44785 0.05248 0.01648
v 0.26539 0.59484 0.29262 0.44785 0.05248 0.01648
v 0.26412 0.59430 0.29217 0.44785 0.05248 0.01648
v 0.26400 0.59540 0.29165 0.44785 0.05248 0.01648
v 0.26400 0.59540 0.29165 0.44785 0.05248 0.01648
v 0.26412 0.59430 0.29217 0.44785 0.05248 0.01648
v 0.26317 0.59484 0.29115 0.44785 0.05248 0.01648
v 0.26412 0.59430 0.29217 0.44785 0.05248 0.01648
v 0.26323 0.59378 0.29151 0.44785 0.05248 0.01648
v 0.26317 0.59484 0.29115 0.44785 0.05248 0.01648
v 0.26317 0.59484 0.29115 0.44785 0.05248 0.01648
v 0.26323 0.59378 0.29151 0.44785 0.05248 0.01648
v 0.26266 0.59433 0.29063 0.44785 0.05248 0.01648
v 0.26323 0.59378 0.29151 0.44785 0.05248 0.01648
v 0.26271 0.59337 0.29087 0.44785 0.05248 0.01648
v 0.26266 0.59433 0.29063 0.44785 0.05248 0.01648
v 0.28756 0.60223 0.29539 0.44785 0.05248 0.01648
v 0.28798 0.60123 0.29556 0.44785 0.05248 0.01648
v 0.28673 0.60216 0.29579 0.44785 0.05248 0.01648
v 0.28798 0.60123 0.29556 0.44785 0.05248 0.01648
v 0.28720 0.60099 0.29602 0.44785 0.05248 0.01648
v 0.28673 0.60216 0.29579 0.44785 0.05248 0.01648
v 0.28673 0.60216 0.29579 0.44785 0.05248 0.01648
v 0.28720 0.60099 0.29602 0.44785 0.05248 0.01648
v 0.28556 0.60195 0.29607 0.44785 0.05248 0.01648
v 0.28720 0.60099 0.29602 0.44785 0.05248 0.01648
v 0.28605 0.60062 0.29638 0.44785 0.05248 0.01648
v 0.28556 0.60195 0.29607 0.44785 0.05248 0.01648
v 0.28556 0.60195 0.29607 0.44785 0.05248 0.01648
v 0.28605 0.60062 0.29638 0.44785 0.05248 0.01648
v 0.28416 0.60154 0.29603 0.44785 0.05248 0.01648
v 0.28605 0.60062 0.29638 0.44785 0.05248 0.01648
v 0.28461 0.60012 0.29636 0.44785 0.05248 0.01648
v 0.28416 0.60154 0.29603 0.44785 0.05248 0.01648
v 0.28416 0.60154 0.29603 0.44785 0.05248 0.01648
v 0.28461 0.60012 0.29636 0.44785 0.05248 0.01648
v 0.26539 0.59484 0.29262 0.44785 0.05248 0.01648
v 0.28461 0.60012 0.29636 0.44785 0.05248 0.01648
v 0.26584 0.59342 0.29295 0.44785 0.05248 0.01648
v 0.26539 0.59484 0.29262 0.44785 0.05248 0.01648
v 0.26539 0.59484 0.29262 0.44785 0.05248 0.01648
v 0.26584 0.59342 0.29295 0.44785 0.05248 0.01648
v 0.26412 0.59430 0.29217 0.44785 0.05248 0.01648
v 0.26584 0.59342 0.29295 0.44785 0.05248 0.01648
v 0.26448 0.59292 0.29245 0.44785 0.05248 0.01648
v 0.26412 0.59430 0.29217 0.44785 0.05248 0.01648
v 0.26412 0.59430 0.29217 0.44785 0.05248 0.01648
v 0.26448 0.59292 0.29245 0.44785 0.05248 0.01648
v 0.26323 0.59378 0.29151 0.44785 0.05248 0.01648
v 0.26448 0.59292 0.29245 0.44785 0.05248 0.01648
v 0.26353 0.59255 0.29172 0.44785 0.05248 0.01648
v 0.26323 0.59378 0.29151 0.44785 0.05248 0.01648
v 0.26323 0.59378 0.29151 0.44785 0.05248 0.01648
v 0.26353 0.59255 0.29172 0.44785 0.05248 0.01648
v 0.26271 0.59337 0.29087 0.44785 0.05248 0.01648
v 0.26353 0.59255 0.29172 0.44785 0.05248 0.01648
v 0.26296 0.59231 0.29101 0.44785 0.05248 0.01648
v 0.26271 0.59337 0.29087 0.44785 0.05248 0.01648
v 0.28798 0.60123 0.29556 0.44785 0.05248 0.01648
v 0.49077 0.01388 0.33246 0.44785 0.05248 0.01648
v 0.28720 0.60099 0.29602 0.44785 0.05248 0.01648
v 0.49077 0.01388 0.33246 0.44785 0.05248 0.01648
v 0.48999 0.01364 0.33292 0.44785 0.05248 0.01648
v 0.28720 0.60099 0.29602 0.44785 0.05248 0.01648
v 0.28720 0.60099 0.29602 0.44785 0.05248 0.01648
v 0.48999 0.01364 0.33292 0.44785 0.05248 0.01648
v 0.28605 0.60062 0.29638 0.44785 0.05248 0.01648
v 0.48999 0.01364 0.33292 0.44785 0.05248 0.01648
v 0.48884 0.01326 0.33328 0.44785 0.05248 0.01648
v 0.28605 0.60062 0.29638 0.44785 0.05248 0.01648
v 0.28605 0.60062 0.29638 0.44785 0.05248 0.01648
v 0.48884 0.01326 0.33328 0.44785 0.05248 0.01648
v 0.28461 0.60012 0.29636 0.44785 0.05248 0.01648
v 0.48884 0.01326 0.33328 0.44785 0.05248 0.01648
v 0.48740 0.01276 0.33327 0.44785 0.05248 0.01648
v 0.28461 0.60012 0.29636 0.44785 0.05248 0.01648
v 0.28461 0.60012 0.29636 0.44785 0.05248 0.01648
v 0.48740 0.01276 0.33327 0.44785 0.05248 0.01648
v 0.26584 0.59342 0.29295 0.44785 0.05248 0.01648
v 0.48740 0.01276 0.33327 0.44785 0.05248 0.01648
v 0.46862 0.00607 0.32985 0.44785 0.05248 0.01648
v 0.26584 0.59342 0.29295 0.44785 0.05248 0.01648
v 0.26584 0.59342 0.29295 0.44785 0.05248 0.01648
v 0.46862 0.00607 0.32985 0.44785 0.05248 0.01648
v 0.26448 0.59292 0.29245 0.44785 0.05248 0.01648
v 0.46862 0.00607 0.32985 0.44785 0.05248 0.01648
v 0.46727 0.00557 0.32935 0.44785 0.05248 0.01648
v 0.26448 0.59292 0.29245 0.44785 0.05248 0.01648
v 0.26448 0.59292 0.29245 0.44785 0.05248 0.01648
v 0.46727 0.00557 0.32935 0.44785 0.05248 0.01648
v 0.26353 0.59255 0.29172 0.44785 0.05248 0.01648
v 0.46727 0.00557 0.32935 0.44785 0.05248 0.01648
v 0.46632 0.00519 0.32862 0.44785 0.05248 0.01648
v 0.26353 0.59255 0.29172 0.44785 0.05248 0.01648
v 0.26353 0.59255 0.29172 0.44785 0.05248 0.01648
v 0.46632 0.00519 0.32862 0.44785 0.05248 0.01648
v 0.26296 0.59231 0.29101 0.44785 0.05248 0.01648
v 0.46632 0.00519 0.32862 0.44785 0.05248 0.01648
v 0.46575 0.00495 0.32791 0.44785 0.05248 0.01648
v 0.26296 0.59231 0.29101 0.44785 0.05248 0.01648
v 0.49077 0.01388 0.33246 0.44785 0.05248 0.01648
v 0.49106 0.01282 0.33242 0.44785 0.05248 0.01648
v 0.48999 0.01364 0.33292 0.44785 0.05248 0.01648
v 0.49106 0.01282 0.33242 0.44785 0.05248 0.01648
v 0.49034 0.01240 0.33284 0.44785 0.05248 0.01648
v 0.48999 0.01364 0.33292 0.44785 0.05248 0.01648
v 0.48999 0.01364 0.33292 0.44785 0.05248 0.01648
v 0.49034 0.01240 0.33284 0.44785 0.05248 0.01648
v 0.48884 0.01326 0.33328 0.44785 0.05248 0.01648
v 0.49034 0.01240 0.33284 0.44785 0.05248 0.01648
v 0.48928 0.01188 0.33315 0.44785 0.05248 0.01648
v 0.48884 0.01326 0.33328 0.44785 0.05248 0.01648
v 0.48884 0.01326 0.33328 0.44785 0.05248 0.01648
v 0.48928 0.01188 0.33315 0.44785 0.05248 0.01648
v 0.48740 0.01276 0.33327 0.44785 0.05248 0.01648
v 0.48928 0.01188 0.33315 0.44785 0.05248 0.01648
v 0.48793 0.01134 0.33311 0.44785 0.05248 0.01648
v 0.48740 0.01276 0.33327 0.44785 0.05248 0.01648
v 0.48740 0.01276 0.33327 0.44785 0.05248 0.01648
v 0.48793 0.01134 0.33311 0.44785 0.05248 0.01648
v 0.46862 0.00607 0.32985 0.44785 0.05248 0.01648
v 0.48793 0.01134 0.33311 0.44785 0.05248 0.01648
v 0.46916 0.00465 0.32970 0.44785 0.05248 0.01648
v 0.46862 0.00607 0.32985 0.44785 0.05248 0.01648
v 0.46862 0.00607 0.32985 0.44785 0.05248 0.01648
v 0.46916 0.00465 0.32970 0.44785 0.05248 0.01648
v 0.46727 0.00557 0.32935 0.44785 0.05248 0.01648
v 0.46916 0.00465 0.32970 0.44785 0.05248 0.01648
v 0.46784 0.00424 0.32924 0.44785 0.05248 0.01648
v 0.46727 0.00557 0.32935 0.44785 0.05248 0.01648
v 0.46727 0.00557 0.32935 0.44785 0.05248 0.01648
v 0.46784 0.00424 0.32924 0.44785 0.05248 0.01648
v 0.46632 0.00519 0.32862 0.44785 0.05248 0.01648
v 0.46784 0.00424 0.32924 0.44785 0.05248 0.01648
v 0.46685 0.00402 0.32857 0.44785 0.05248 0.01648
v 0.46632 0.00519 0.32862 0.44785 0.05248 0.01648
v 0.46632 0.00519 0.32862 0.44785 0.05248 0.01648
v 0.46685 0.00402 0.32857 0.44785 0.05248 0.01648
v 0.46575 0.00495 0.32791 0.44785 0.05248 0.01648
v 0.46685 0.00402 0.32857 0.44785 0.05248 0.01648
v 0.46621 0.00395 0.32790 0.44785 0.05248 0.01648
v 0.46575 0.00495 0.32791 0.44785 0.05248 0.01648
v 0.49106 0.01282 0.33242 0.44785 0.05248 0.01648
v 0.49119 0.01186 0.33221 0.44785 0.05248 0.01648
v 0.49034 0.01240 0.33284 0.44785 0.05248 0.01648
v 0.49119 0.01186 0.33221 0.44785 0.05248 0.01648
v 0.49053 0.01135 0.33252 0.44785 0.05248 0.01648
v 0.49034 0.01240 0.33284 0.44785 0.05248 0.01648
v 0.49034 0.01240 0.33284 0.44785 0.05248 0.01648
v 0.49053 0.01135 0.33252 0.44785 0.05248 0.01648
v 0.48928 0.01188 0.33315 0.44785 0.05248 0.01648
v 0.49053 0.01135 0.33252 0.44785 0.05248 0.01648
v 0.48958 0.01078 0.33270 0.44785 0.05248 0.01648
v 0.48928 0.01188 0.33315 0.44785 0.05248 0.01648
v 0.48928 0.01188 0.33315 0.44785 0.05248 0.01648
v 0.48958 0.01078 0.33270 0.44785 0.05248 0.01648
v 0.48793 0.01134 0.33311 0.44785 0.05248 0.01648
v 0.48958 0.01078 0.33270 0.44785 0.05248 0.01648
v 0.48840 0.01027 0.33264 0.44785 0.05248 0.01648
v 0.48793 0.01134 0.33311 0.44785 0.05248 0.01648
v 0.48793 0.01134 0.33311 0.44785 0.05248 0.01648
v 0.48840 0.01027 0.33264 0.44785 0.05248 0.01648
v 0.46916 0.00465 0.32970 0.44785 0.05248 0.01648
v 0.48840 0.01027 0.33264 0.44785 0.05248 0.01648
v 0.46963 0.00358 0.32922 0.44785 0.05248 0.01648
v 0.46916 0.00465 0.32970 0.44785 0.05248 0.01648
v 0.46916 0.00465 0.32970 0.44785 0.05248 0.01648
v 0.46963 0.00358 0.32922 0.44785 0.05248 0.01648
v 0.46784 0.00424 0.32924 0.44785 0.05248 0.01648
v 0.46963 0.00358 0.32922 0.44785 0.05248 0.01648
v 0.46844 0.00324 0.32886 0.44785 0.05248 0.01648
v 0.46784 0.00424 0.32924 0.44785 0.05248 0.01648
v 0.46784 0.00424 0.32924 0.44785 0.05248 0.01648
v 0.46844 0.00324 0.32886 0.44785 0.05248 0.01648
v 0.46685 0.00402 0.32857 0.44785 0.05248 0.01648
v 0.46844 0.00324 0.32886 0.44785 0.05248 0.01648
v 0.46747 0.00312 0.32832 0.44785 0.05248 0.01648
v 0.46685 0.00402 0.32857 0.44785 0.05248 0.01648
v 0.46685 0.00402 0.32857 0.44785 0.05248 0.01648
v 0.46747 0.00312 0.32832 0.44785 0.05248 0.01648
v 0.46621 0.00395 0.32790 0.44785 0.05248 0.01648
v 0.46747 0.00312 0.32832 0.44785 0.05248 0.01648
v 0.46677 0.00314 0.32777 0.44785 0.05248 0.01648
v 0.46621 0.00395 0.32790 0.44785 0.05248 0.01648
v 0.49119 0.01186 0.33221 0.44785 0.05248 0.01648
v 0.49120 0.01108 0.33191 0.44785 0.05248 0.01648
v 0.49053 0.01135 0.33252 0.44785 0.05248 0.01648
v 0.49120 0.01108 0.33191 0.44785 0.05248 0.01648
v 0.49058 0.01056 0.33210 0.44785 0.05248 0.01648
v 0.49053 0.01135 0.33252 0.44785 0.05248 0.01648
v 0.49053 0.01135 0.33252 0.44785 0.05248 0.01648
v 0.49058 0.01056 0.33210 0.44785 0.05248 0.01648
v 0.48958 0.01078 0.33270 0.44785 0.05248 0.01648
v 0.49058 0.01056 0.33210 0.44785 0.05248 0.01648
v 0.48975 0.01003 0.33218 0.44785 0.05248 0.01648
v 0.48958 0.01078 0.33270 0.44785 0.05248 0.01648
v 0.48958 0.01078 0.33270 0.44785 0.05248 0.01648
v 0.48975 0.01003 0.33218 0.44785 0.05248 0.01648
v 0.48840 0.01027 0.33264 0.44785 0.05248 0.01648
v 0.48975 0.01003 0.33218 0.44785 0.05248 0.01648
v 0.48874 0.00959 0.33209 0.44785 0.05248 0.01648
v 0.48840 0.01027 0.33264 0.44785 0.05248 0.01648
v 0.48840 0.01027 0.33264 0.44785 0.05248 0.01648
v 0.48874 0.00959 0.33209 0.44785 0.05248 0.01648
v 0.46963 0.00358 0.32922 0.44785 0.05248 0.01648
v 0.48874 0.00959 0.33209 0.44785 0.05248 0.01648
v 0.46997 0.00289 0.32868 0.44785 0.05248 0.01648
v 0.46963 0.00358 0.32922 0.44785 0.05248 0.01648
v 0.46963 0.00358 0.32922 0.44785 0.05248 0.01648
v 0.46997 0.00289 0.32868 0.44785 0.05248 0.01648
v 0.46844 0.00324 0.32886 0.44785 0.05248 0.01648
v 0.46997 0.00289 0.32868 0.44785 0.05248 0.01648
v 0.46894 0.00261 0.32840 0.44785 0.05248 0.01648
v 0.46844 0.00324 0.32886 0.44785 0.05248 0.01648
v 0.46844 0.00324 0.32886 0.44785 0.05248 0.01648
v 0.46894 0.00261 0.32840 0.44785 0.05248 0.01648
v 0.46747 0.00312 0.32832 0.44785 0.05248 0.01648
v 0.46894 0.00261 0.32840 0.44785 0.05248 0.01648
v 0.46804 0.00252 0.32800 0.44785 0.05248 0.01648
v 0.46747 0.00312 0.32832 0.44785 0.05248 0.01648
v 0.46747 0.00312 0.32832 0.44785 0.05248 0.01648
v 0.46804 0.00252 0.32800 0.44785 0.05248 0.01648
v 0.46677 0.00314 0.32777 0.44785 0.05248 0.01648
v 0.46804 0.00252 0.32800 0.44785 0.05248 0.01648
v 0.46733 0.00256 0.32757 0.44785 0.05248 0.01648
v 0.46677 0.00314 0.32777 0.44785 0.05248 0.01648
v 0.40845 0.59511 -0.51036 0.44785 0.05248 0.01648
v 0.40847 0.59433 -0.51066 0.44785 0.05248 0.01648
v 0.40908 0.59562 -0.51055 0.44785 0.05248 0.01648
v 0.40847 0.59433 -0.51066 0.44785 0.05248 0.01648
v 0.40913 0.59484 -0.51096 0.44785 0.05248 0.01648
v 0.40908 0.59562 -0.51055 0.44785 0.05248 0.01648
v 0.40908 0.59562 -0.51055 0.44785 0.05248 0.01648
v 0.40913 0.59484 -0.51096 0.44785 0.05248 0.01648
v 0.40991 0.59615 -0.51063 0.44785 0.05248 0.01648
v 0.40913 0.59484 -0.51096 0.44785 0.05248 0.01648
v 0.41008 0.59540 -0.51115 0.44785 0.05248 0.01648
v 0.40991 0.59615 -0.51063 0.44785 0.05248 0.01648
v 0.40991 0.59615 -0.51063 0.44785 0.05248 0.01648
v 0.41008 0.59540 -0.51115 0.44785 0.05248 0.01648
v 0.41091 0.59660 -0.51054 0.44785 0.05248 0.01648
v 0.41008 0.59540 -0.51115 0.44785 0.05248 0.01648
v 0.41126 0.59591 -0.51108 0.44785 0.05248 0.01648
v 0.41091 0.59660 -0.51054 0.44785 0.05248 0.01648
v 0.41091 0.59660 -0.51054 0.44785 0.05248 0.01648
v 0.41126 0.59591 -0.51108 0.44785 0.05248 0.01648
v 0.42969 0.60329 -0.50712 0.44785 0.05248 0.01648
v 0.41126 0.59591 -0.51108 0.44785 0.05248 0.01648
v 0.43003 0.60261 -0.50766 0.44785 0.05248 0.01648
v 0.42969 0.60329 -0.50712 0.44785 0.05248 0.01648
v 0.42969 0.60329 -0.50712 0.44785 0.05248 0.01648
v 0.43003 0.60261 -0.50766 0.44785 0.05248 0.01648
v 0.43071 0.60357 -0.50684 0.44785 0.05248 0.01648
v 0.43003 0.60261 -0.50766 0.44785 0.05248 0.01648
v 0.43122 0.60294 -0.50730 0.44785 0.05248 0.01648
v 0.43071 0.60357 -0.50684 0.44785 0.05248 0.01648
v 0.43071 0.60357 -0.50684 0.44785 0.05248 0.01648
v 0.43122 0.60294 -0.50730 0.44785 0.05248 0.01648
v 0.43162 0.60366 -0.50644 0.44785 0.05248 0.01648
v 0.43122 0.60294 -0.50730 0.44785 0.05248 0.01648
v 0.43219 0.60306 -0.50676 0.44785 0.05248 0.01648
v 0.43162 0.60366 -0.50644 0.44785 0.05248 0.01648
v 0.43162 0.60366 -0.50644 0.44785 0.05248 0.01648
v 0.43219 0.60306 -0.50676 0.44785 0.05248 0.01648
v 0.43233 0.60362 -0.50601 0.44785 0.05248 0.01648
v 0.43219 0.60306 -0.50676 0.44785 0.05248 0.01648
v 0.43289 0.60304 -0.50621 0.44785 0.05248 0.01648
v 0.43233 0.60362 -0.50601 0.44785 0.05248 0.01648
v 0.40847 0.59433 -0.51066 0.44785 0.05248 0.01648
v 0.40860 0.59337 -0.51087 0.44785 0.05248 0.01648
v 0.40913 0.59484 -0.51096 0.44785 0.05248 0.01648
v 0.40860 0.59337 -0.51087 0.44785 0.05248 0.01648
v 0.40931 0.59378 -0.51129 0.44785 0.05248 0.01648
v 0.40913 0.59484 -0.51096 0.44785 0.05248 0.01648
v 0.40913 0.59484 -0.51096 0.44785 0.05248 0.01648
v 0.40931 0.59378 -0.51129 0.44785 0.05248 0.01648
v 0.41008 0.59540 -0.51115 0.44785 0.05248 0.01648
v 0.40931 0.59378 -0.51129 0.44785 0.05248 0.01648
v 0.41038 0.59430 -0.51159 0.44785 0.05248 0.01648
v 0.41008 0.59540 -0.51115 0.44785 0.05248 0.01648
v 0.41008 0.59540 -0.51115 0.44785 0.05248 0.01648
v 0.41038 0.59430 -0.51159 0.44785 0.05248 0.01648
v 0.41126 0.59591 -0.51108 0.44785 0.05248 0.01648
v 0.41038 0.59430 -0.51159 0.44785 0.05248 0.01648
v 0.41172 0.59484 -0.51156 0.44785 0.05248 0.01648
v 0.41126 0.59591 -0.51108 0.44785 0.05248 0.01648
v 0.41126 0.59591 -0.51108 0.44785 0.05248 0.01648
v 0.41172 0.59484 -0.51156 0.44785 0.05248 0.01648
v 0.43003 0.60261 -0.50766 0.44785 0.05248 0.01648
v 0.41172 0.59484 -0.51156 0.44785 0.05248 0.01648
v 0.43050 0.60154 -0.50814 0.44785 0.05248 0.01648
v 0.43003 0.60261 -0.50766 0.44785 0.05248 0.01648
v 0.43003 0.60261 -0.50766 0.44785 0.05248 0.01648
v 0.43050 0.60154 -0.50814 0.44785 0.05248 0.01648
v 0.43122 0.60294 -0.50730 0.44785 0.05248 0.01648
v 0.43050 0.60154 -0.50814 0.44785 0.05248 0.01648
v 0.43182 0.60195 -0.50769 0.44785 0.05248 0.01648
v 0.43122 0.60294 -0.50730 0.44785 0.05248 0.01648
v 0.43122 0.60294 -0.50730 0.44785 0.05248 0.01648
v 0.43182 0.60195 -0.50769 0.44785 0.05248 0.01648
v 0.43219 0.60306 -0.50676 0.44785 0.05248 0.01648
v 0.43182 0.60195 -0.50769 0.44785 0.05248 0.01648
v 0.43281 0.60216 -0.50701 0.44785 0.05248 0.01648
v 0.43219 0.60306 -0.50676 0.44785 0.05248 0.01648
v 0.43219 0.60306 -0.50676 0.44785 0.05248 0.01648
v 0.43281 0.60216 -0.50701 0.44785 0.05248 0.01648
v 0.43289 0.60304 -0.50621 0.44785 0.05248 0.01648
v 0.43281 0.60216 -0.50701 0.44785 0.05248 0.01648
v 0.43345 0.60223 -0.50635 0.44785 0.05248 0.01648
v 0.43289 0.60304 -0.50621 0.44785 0.05248 0.01648
v 0.40860 0.59337 -0.51087 0.44785 0.05248 0.01648
v 0.40889 0.59231 -0.51091 0.44785 0.05248 0.01648
v 0.40931 0.59378 -0.51129 0.44785 0.05248 0.01648
v 0.40889 0.59231 -0.51091 0.44785 0.05248 0.01648
v 0.40967 0.59255 -0.51137 0.44785 0.05248 0.01648
v 0.40931 0.59378 -0.51129 0.44785 0.05248 0.01648
v 0.40931 0.59378 -0.51129 0.44785 0.05248 0.01648
v 0.40967 0.59255 -0.51137 0.44785 0.05248 0.01648
v 0.41038 0.59430 -0.51159 0.44785 0.05248 0.01648
v 0.40967 0.59255 -0.51137 0.44785 0.05248 0.01648
v 0.41082 0.59292 -0.51172 0.44785 0.05248 0.01648
v 0.41038 0.59430 -0.51159 0.44785 0.05248 0.01648
v 0.41038 0.59430 -0.51159 0.44785 0.05248 0.01648
v 0.41082 0.59292 -0.51172 0.44785 0.05248 0.01648
v 0.41172 0.59484 -0.51156 0.44785 0.05248 0.01648
v 0.41082 0.59292 -0.51172 0.44785 0.05248 0.01648
v 0.41226 0.59342 -0.51171 0.44785 0.05248 0.01648
v 0.41172 0.59484 -0.51156 0.44785 0.05248 0.01648
v 0.41172 0.59484 -0.51156 0.44785 0.05248 0.01648
v 0.41226 0.59342 -0.51171 0.44785 0.05248 0.01648
v 0.43050 0.60154 -0.50814 0.44785 0.05248 0.01648
v 0.41226 0.59342 -0.51171 0.44785 0.05248 0.01648
v 0.43103 0.60012 -0.50829 0.44785 0.05248 0.01648
v 0.43050 0.60154 -0.50814 0.44785 0.05248 0.01648
v 0.43050 0.60154 -0.50814 0.44785 0.05248 0.01648
v 0.43103 0.60012 -0.50829 0.44785 0.05248 0.01648
v 0.43182 0.60195 -0.50769 0.44785 0.05248 0.01648
v 0.43103 0.60012 -0.50829 0.44785 0.05248 0.01648
v 0.43239 0.60062 -0.50780 0.44785 0.05248 0.01648
v 0.43182 0.60195 -0.50769 0.44785 0.05248 0.01648
v 0.43182 0.60195 -0.50769 0.44785 0.05248 0.01648
v 0.43239 0.60062 -0.50780 0.44785 0.05248 0.01648
v 0.43281 0.60216 -0.50701 0.44785 0.05248 0.01648
v 0.43239 0.60062 -0.50780 0.44785 0.05248 0.01648
v 0.43334 0.60099 -0.50706 0.44785 0.05248 0.01648
v 0.43281 0.60216 -0.50701 0.44785 0.05248 0.01648
v 0.43281 0.60216 -0.50701 0.44785 0.05248 0.01648
v 0.43334 0.60099 -0.50706 0.44785 0.05248 0.01648
v 0.43345 0.60223 -0.50635 0.44785 0.05248 0.01648
v 0.43334 0.60099 -0.50706 0.44785 0.05248 0.01648
v 0.43391 0.60123 -0.50635 0.44785 0.05248 0.01648
v 0.43345 0.60223 -0.50635 0.44785 0.05248 0.01648
v 0.40889 0.59231 -0.51091 0.44785 0.05248 0.01648
v 0.61167 0.00495 -0.47401 0.44785 0.05248 0.01648
v 0.40967 0.59255 -0.51137 0.44785 0.05248 0.01648
v 0.61167 0.00495 -0.47401 0.44785 0.05248 0.01648
v 0.61245 0.00519 -0.47447 0.44785 0.05248 0.01648
v 0.40967 0.59255 -0.51137 0.44785 0.05248 0.01648
v 0.40967 0.59255 -0.51137 0.44785 0.05248 0.01648
v 0.61245 0.00519 -0.47447 0.44785 0.05248 0.01648
v 0.41082 0.59292 -0.51172 0.44785 0.05248 0.01648
v 0.61245 0.00519 -0.47447 0.44785 0.05248 0.01648
v 0.61361 0.00557 -0.47482 0.44785 0.05248 0.01648
v 0.41082 0.59292 -0.51172 0.44785 0.05248 0.01648
v 0.41082 0.59292 -0.51172 0.44785 0.05248 0.01648
v 0.61361 0.00557 -0.47482 0.44785 0.05248 0.01648
v 0.41226 0.59342 -0.51171 0.44785 0.05248 0.01648
v 0.61361 0.00557 -0.47482 0.44785 0.05248 0.01648
v 0.61505 0.00607 -0.47481 0.44785 0.05248 0.01648
v 0.41226 0.59342 -0.51171 0.44785 0.05248 0.01648
v 0.41226 0.59342 -0.51171 0.44785 0.05248 0.01648
v 0.61505 0.00607 -0.47481 0.44785 0.05248 0.01648
v 0.43103 0.60012 -0.50829 0.44785 0.05248 0.01648
v 0.61505 0.00607 -0.47481 0.44785 0.05248 0.01648
v 0.63382 0.01276 -0.47139 0.44785 0.05248 0.01648
v 0.43103 0.60012 -0.50829 0.44785 0.05248 0.01648
v 0.43103 0.60012 -0.50829 0.44785 0.05248 0.01648
v 0.63382 0.01276 -0.47139 0.44785 0.05248 0.01648
v 0.43239 0.60062 -0.50780 0.44785 0.05248 0.01648
v 0.63382 0.01276 -0.47139 0.44785 0.05248 0.01648
v 0.63518 0.01326 -0.47090 0.44785 0.05248 0.01648
v 0.43239 0.60062 -0.50780 0.44785 0.05248 0.01648
v 0.43239 0.60062 -0.50780 0.44785 0.05248 0.01648
v 0.63518 0.01326 -0.47090 0.44785 0.05248 0.01648
v 0.43334 0.60099 -0.50706 0.44785 0.05248 0.01648
v 0.63518 0.01326 -0.47090 0.44785 0.05248 0.01648
v 0.63613 0.01364 -0.47016 0.44785 0.05248 0.01648
v 0.43334 0.60099 -0.50706 0.44785 0.05248 0.01648
v 0.43334 0.60099 -0.50706 0.44785 0.05248 0.01648
v 0.63613 0.01364 -0.47016 0.44785 0.05248 0.01648
v 0.43391 0.60123 -0.50635 0.44785 0.05248 0.01648
v 0.63613 0.01364 -0.47016 0.44785 0.05248 0.01648
v 0.63670 0.01388 -0.46945 0.44785 0.05248 0.01648
v 0.43391 0.60123 -0.50635 0.44785 0.05248 0.01648
v 0.61167 0.00495 -0.47401 0.44785 0.05248 0.01648
v 0.61210 0.00395 -0.47384 0.44785 0.05248 0.01648
v 0.61245 0.00519 -0.47447 0.44785 0.05248 0.01648
v 0.61210 0.00395 -0.47384 0.44785 0.05248 0.01648
v 0.61293 0.00402 -0.47423 0.44785 0.05248 0.01648
v 0.61245 0.00519 -0.47447 0.44785 0.05248 0.01648
v 0.61245 0.00519 -0.47447 0.44785 0.05248 0.01648
v 0.61293 0.00402 -0.47423 0.44785 0.05248 0.01648
v 0.61361 0.00557 -0.47482 0.44785 0.05248 0.01648
v 0.61293 0.00402 -0.47423 0.44785 0.05248 0.01648
v 0.61410 0.00424 -0.47452 0.44785 0.05248 0.01648
v 0.61361 0.00557 -0.47482 0.44785 0.05248 0.01648
v 0.61361 0.00557 -0.47482 0.44785 0.05248 0.01648
v 0.61410 0.00424 -0.47452 0.44785 0.05248 0.01648
v 0.61505 0.00607 -0.47481 0.44785 0.05248 0.01648
v 0.61410 0.00424 -0.47452 0.44785 0.05248 0.01648
v 0.61549 0.00465 -0.47448 0.44785 0.05248 0.01648
v 0.61505 0.00607 -0.47481 0.44785 0.05248 0.01648
v 0.61505 0.00607 -0.47481 0.44785 0.05248 0.01648
v 0.61549 0.00465 -0.47448 0.44785 0.05248 0.01648
v 0.63382 0.01276 -0.47139 0.44785 0.05248 0.01648
v 0.61549 0.00465 -0.47448 0.44785 0.05248 0.01648
v 0.63427 0.01134 -0.47106 0.44785 0.05248 0.01648
v 0.63382 0.01276 -0.47139 0.44785 0.05248 0.01648
v 0.63382 0.01276 -0.47139 0.44785 0.05248 0.01648
v 0.63427 0.01134 -0.47106 0.44785 0.05248 0.01648
v 0.63518 0.01326 -0.47090 0.44785 0.05248 0.01648
v 0.63427 0.01134 -0.47106 0.44785 0.05248 0.01648
v 0.63554 0.01188 -0.47062 0.44785 0.05248 0.01648
v 0.63518 0.01326 -0.47090 0.44785 0.05248 0.01648
v 0.63518 0.01326 -0.47090 0.44785 0.05248 0.01648
v 0.63554 0.01188 -0.47062 0.44785 0.05248 0.01648
v 0.63613 0.01364 -0.47016 0.44785 0.05248 0.01648
v 0.63554 0.01188 -0.47062 0.44785 0.05248 0.01648
v 0.63643 0.01240 -0.46996 0.44785 0.05248 0.01648
v 0.63613 0.01364 -0.47016 0.44785 0.05248 0.01648
v 0.63613 0.01364 -0.47016 0.44785 0.05248 0.01648
v 0.63643 0.01240 -0.46996 0.44785 0.05248 0.01648
v 0.63670 0.01388 -0.46945 0.44785 0.05248 0.01648
v 0.63643 0.01240 -0.46996 0.44785 0.05248 0.01648
v 0.63695 0.01282 -0.46931 0.44785 0.05248 0.01648
v 0.63670 0.01388 -0.46945 0.44785 0.05248 0.01648
v 0.61210 0.00395 -0.47384 0.44785 0.05248 0.01648
v 0.61258 0.00314 -0.47351 0.44785 0.05248 0.01648
v 0.61293 0.00402 -0.47423 0.44785 0.05248 0.01648
v 0.61258 0.00314 -0.47351 0.44785 0.05248 0.01648
v 0.61342 0.00312 -0.47379 0.44785 0.05248 0.01648
v 0.61293 0.00402 -0.47423 0.44785 0.05248 0.01648
v 0.61293 0.00402 -0.47423 0.44785 0.05248 0.01648
v 0.61342 0.00312 -0.47379 0.44785 0.05248 0.01648
v 0.61410 0.00424 -0.47452 0.44785 0.05248 0.01648
v 0.61342 0.00312 -0.47379 0.44785 0.05248 0.01648
v 0.61453 0.00324 -0.47394 0.44785 0.05248 0.01648
v 0.61410 0.00424 -0.47452 0.44785 0.05248 0.01648
v 0.61410 0.00424 -0.47452 0.44785 0.05248 0.01648
v 0.61453 0.00324 -0.47394 0.44785 0.05248 0.01648
v 0.61549 0.00465 -0.47448 0.44785 0.05248 0.01648
v 0.61453 0.00324 -0.47394 0.44785 0.05248 0.01648
v 0.61576 0.00358 -0.47387 0.44785 0.05248 0.01648
v 0.61549 0.00465 -0.47448 0.44785 0.05248 0.01648
v 0.61549 0.00465 -0.47448 0.44785 0.05248 0.01648
v 0.61576 0.00358 -0.47387 0.44785 0.05248 0.01648
v 0.63427 0.01134 -0.47106 0.44785 0.05248 0.01648
v 0.61576 0.00358 -0.47387 0.44785 0.05248 0.01648
v 0.63454 0.01027 -0.47045 0.44785 0.05248 0.01648
v 0.63427 0.01134 -0.47106 0.44785 0.05248 0.01648
v 0.63427 0.01134 -0.47106 0.44785 0.05248 0.01648
v 0.63454 0.01027 -0.47045 0.44785 0.05248 0.01648
v 0.63554 0.01188 -0.47062 0.44785 0.05248 0.01648
v 0.63454 0.01027 -0.47045 0.44785 0.05248 0.01648
v 0.63566 0.01078 -0.47010 0.44785 0.05248 0.01648
v 0.63554 0.01188 -0.47062 0.44785 0.05248 0.01648
v 0.63554 0.01188 -0.47062 0.44785 0.05248 0.01648
v 0.63566 0.01078 -0.47010 0.44785 0.05248 0.01648
v 0.63643 0.01240 -0.46996 0.44785 0.05248 0.01648
v 0.63566 0.01078 -0.47010 0.44785 0.05248 0.01648
v 0.63648 0.01135 -0.46959 0.44785 0.05248 0.01648
v 0.63643 0.01240 -0.46996 0.44785 0.05248 0.01648
v 0.63643 0.01240 -0.46996 0.44785 0.05248 0.01648
v 0.63648 0.01135 -0.46959 0.44785 0.05248 0.01648
v 0.63695 0.01282 -0.46931 0.44785 0.05248 0.01648
v 0.63648 0.01135 -0.46959 0.44785 0.05248 0.01648
v 0.63700 0.01186 -0.46907 0.44785 0.05248 0.01648
v 0.63695 0.01282 -0.46931 0.44785 0.05248 0.01648
v 0.61258 0.00314 -0.47351 0.44785 0.05248 0.01648
v 0.61303 0.00256 -0.47313 0.44785 0.05248 0.01648
v 0.61342 0.00312 -0.47379 0.44785 0.05248 0.01648
v 0.61303 0.00256 -0.47313 0.44785 0.05248 0.01648
v 0.61385 0.00252 -0.47328 0.44785 0.05248 0.01648
v 0.61342 0.00312 -0.47379 0.44785 0.05248 0.01648
v 0.61342 0.00312 -0.47379 0.44785 0.05248 0.01648
v 0.61385 0.00252 -0.47328 0.44785 0.05248 0.01648
v 0.61453 0.00324 -0.47394 0.44785 0.05248 0.01648
v 0.61385 0.00252 -0.47328 0.44785 0.05248 0.01648
v 0.61484 0.00261 -0.47334 0.44785 0.05248 0.01648
v 0.61453 0.00324 -0.47394 0.44785 0.05248 0.01648
v 0.61453 0.00324 -0.47394 0.44785 0.05248 0.01648
v 0.61484 0.00261 -0.47334 0.44785 0.05248 0.01648
v 0.61576 0.00358 -0.47387 0.44785 0.05248 0.01648
v 0.61484 0.00261 -0.47334 0.44785 0.05248 0.01648
v 0.61589 0.00289 -0.47324 0.44785 0.05248 0.01648
v 0.61576 0.00358 -0.47387 0.44785 0.05248 0.01648
v 0.61576 0.00358 -0.47387 0.44785 0.05248 0.01648
v 0.61589 0.00289 -0.47324 0.44785 0.05248 0.01648
v 0.63454 0.01027 -0.47045 0.44785 0.05248 0.01648
v 0.61589 0.00289 -0.47324 0.44785 0.05248 0.01648
v 0.63467 0.00959 -0.46982 0.44785 0.05248 0.01648
v 0.63454 0.01027 -0.47045 0.44785 0.05248 0.01648
v 0.63454 0.01027 -0.47045 0.44785 0.05248 0.01648
v 0.63467 0.00959 -0.46982 0.44785 0.05248 0.01648
v 0.63566 0.01078 -0.47010 0.44785 0.05248 0.01648
v 0.63467 0.00959 -0.46982 0.44785 0.05248 0.01648
v 0.63564 0.01003 -0.46955 0.44785 0.05248 0.01648
v 0.63566 0.01078 -0.47010 0.44785 0.05248 0.01648
v 0.63566 0.01078 -0.47010 0.44785 0.05248 0.01648
v 0.63564 0.01003 -0.46955 0.44785 0.05248 0.01648
v 0.63648 0.01135 -0.46959 0.44785 0.05248 0.01648
v 0.63564 0.01003 -0.46955 0.44785 0.05248 0.01648
v 0.63639 0.01056 -0.46918 0.44785 0.05248 0.01648
v 0.63648 0.01135 -0.46959 0.44785 0.05248 0.01648
v 0.63648 0.01135 -0.46959 0.44785 0.05248 0.01648
v 0.63639 0.01056 -0.46918 0.44785 0.05248 0.01648
v 0.63700 0.01186 -0.46907 0.44785 0.05248 0.01648
v 0.63639 0.01056 -0.46918 0.44785 0.05248 0.01648
v 0.63691 0.01108 -0.46879 0.44785 0.05248 0.01648
v 0.63700 0.01186 -0.46907 0.44785 0.05248 0.01648
v -0.28663 0.60362 0.29469 0.44785 0.05248 0.01648
v -0.28708 0.60304 0.29507 0.44785 0.05248 0.01648
v -0.28693 0.60400 0.29401 0.44785 0.05248 0.01648
v -0.28708 0.60304 0.29507 0.44785 0.05248 0.01648
v -0.28751 0.60344 0.29440 0.44785 0.05248 0.01648
v -0.28693 0.60400 0.29401 0.44785 0.05248 0.01648
v -0.28693 0.60400 0.29401 0.44785 0.05248 0.01648
v -0.28751 0.60344 0.29440 0.44785 0.05248 0.01648
v -0.28724 0.60429 0.29312 0.44785 0.05248 0.01648
v -0.28751 0.60344 0.29440 0.44785 0.05248 0.01648
v -0.28795 0.60378 0.29343 0.44785 0.05248 0.01648
v -0.28724 0.60429 0.29312 0.44785 0.05248 0.01648
v -0.28724 0.60429 0.29312 0.44785 0.05248 0.01648
v -0.28795 0.60378 0.29343 0.44785 0.05248 0.01648
v -0.28749 0.60441 0.29205 0.44785 0.05248 0.01648
v -0.28795 0.60378 0.29343 0.44785 0.05248 0.01648
v -0.28828 0.60392 0.29219 0.44785 0.05248 0.01648
v -0.28749 0.60441 0.29205 0.44785 0.05248 0.01648
v -0.28749 0.60441 0.29205 0.44785 0.05248 0.01648
v -0.28828 0.60392 0.29219 0.44785 0.05248 0.01648
v -0.43221 0.60441 -0.50324 0.44785 0.05248 0.01648
v -0.28828 0.60392 0.29219 0.44785 0.05248 0.01648
v -0.43300 0.60392 -0.50310 0.44785 0.05248 0.01648
v -0.43221 0.60441 -0.50324 0.44785 0.05248 0.01648
v -0.43221 0.60441 -0.50324 0.44785 0.05248 0.01648
v -0.43300 0.60392 -0.50310 0.44785 0.05248 0.01648
v -0.43235 0.60429 -0.50433 0.44785 0.05248 0.01648
v -0.43300 0.60392 -0.50310 0.44785 0.05248 0.01648
v -0.43312 0.60378 -0.50437 0.44785 0.05248 0.01648
v -0.43235 0.60429 -0.50433 0.44785 0.05248 0.01648
v -0.43235 0.60429 -0.50433 0.44785 0.05248 0.01648
v -0.43312 0.60378 -0.50437 0.44785 0.05248 0.01648
v -0.43238 0.60400 -0.50527 0.44785 0.05248 0.01648
v -0.43312 0.60378 -0.50437 0.44785 0.05248 0.01648
v -0.43306 0.60344 -0.50543 0.44785 0.05248 0.01648
v -0.43238 0.60400 -0.50527 0.44785 0.05248 0.01648
v -0.43238 0.60400 -0.50527 0.44785 0.05248 0.01648
v -0.43306 0.60344 -0.50543 0.44785 0.05248 0.01648
v -0.43233 0.60362 -0.50601 0.44785 0.05248 0.01648
v -0.43306 0.60344 -0.50543 0.44785 0.05248 0.01648
v -0.43289 0.60304 -0.50621 0.44785 0.05248 0.01648
v -0.43233 0.60362 -0.50601 0.44785 0.05248 0.01648
v -0.28708 0.60304 0.29507 0.44785 0.05248 0.01648
v -0.28756 0.60223 0.29539 0.44785 0.05248 0.01648
v -0.28751 0.60344 0.29440 0.44785 0.05248 0.01648
v -0.28756 0.60223 0.29539 0.44785 0.05248 0.01648
v -0.28813 0.60258 0.29475 0.44785 0.05248 0.01648
v -0.28751 0.60344 0.29440 0.44785 0.05248 0.01648
v -0.28751 0.60344 0.29440 0.44785 0.05248 0.01648
v -0.28813 0.60258 0.29475 0.44785 0.05248 0.01648
v -0.28795 0.60378 0.29343 0.44785 0.05248 0.01648
v -0.28813 0.60258 0.29475 0.44785 0.05248 0.01648
v -0.28873 0.60290 0.29374 0.44785 0.05248 0.01648
v -0.28795 0.60378 0.29343 0.44785 0.05248 0.01648
v -0.28795 0.60378 0.29343 0.44785 0.05248 0.01648
v -0.28873 0.60290 0.29374 0.44785 0.05248 0.01648
v -0.28828 0.60392 0.29219 0.44785 0.05248 0.01648
v -0.28873 0.60290 0.29374 0.44785 0.05248 0.01648
v -0.28916 0.60303 0.29236 0.44785 0.05248 0.01648
v -0.28828 0.60392 0.29219 0.44785 0.05248 0.01648
v -0.28828 0.60392 0.29219 0.44785 0.05248 0.01648
v -0.28916 0.60303 0.29236 0.44785 0.05248 0.01648
v -0.43300 0.60392 -0.50310 0.44785 0.05248 0.01648
v -0.28916 0.60303 0.29236 0.44785 0.05248 0.01648
v -0.43388 0.60303 -0.50294 0.44785 0.05248 0.01648
v -0.43300 0.60392 -0.50310 0.44785 0.05248 0.01648
v -0.43300 0.60392 -0.50310 0.44785 0.05248 0.01648
v -0.43388 0.60303 -0.50294 0.44785 0.05248 0.01648
v -0.43312 0.60378 -0.50437 0.44785 0.05248 0.01648
v -0.43388 0.60303 -0.50294 0.44785 0.05248 0.01648
v -0.43397 0.60290 -0.50438 0.44785 0.05248 0.01648
v -0.43312 0.60378 -0.50437 0.44785 0.05248 0.01648
v -0.43312 0.60378 -0.50437 0.44785 0.05248 0.01648
v -0.43397 0.60290 -0.50438 0.44785 0.05248 0.01648
v -0.43306 0.60344 -0.50543 0.44785 0.05248 0.01648
v -0.43397 0.60290 -0.50438 0.44785 0.05248 0.01648
v -0.43376 0.60258 -0.50554 0.44785 0.05248 0.01648
v -0.43306 0.60344 -0.50543 0.44785 0.05248 0.01648
v -0.43306 0.60344 -0.50543 0.44785 0.05248 0.01648
v -0.43376 0.60258 -0.50554 0.44785 0.05248 0.01648
v -0.43289 0.60304 -0.50621 0.44785 0.05248 0.01648
v -0.43376 0.60258 -0.50554 0.44785 0.05248 0.01648
v -0.43345 0.60223 -0.50635 0.44785 0.05248 0.01648
v -0.43289 0.60304 -0.50621 0.44785 0.05248 0.01648
v -0.28756 0.60223 0.29539 0.44785 0.05248 0.01648
v -0.28798 0.60123 0.29556 0.44785 0.05248 0.01648
v -0.28813 0.60258 0.29475 0.44785 0.05248 0.01648
v -0.28798 0.60123 0.29556 0.44785 0.05248 0.01648
v -0.28866 0.60143 0.29495 0.44785 0.05248 0.01648
v -0.28813 0.60258 0.29475 0.44785 0.05248 0.01648
v -0.28813 0.60258 0.29475 0.44785 0.05248 0.01648
v -0.28866 0.60143 0.29495 0.44785 0.05248 0.01648
v -0.28873 0.60290 0.29374 0.44785 0.05248 0.01648
v -0.28866 0.60143 0.29495 0.44785 0.05248 0.01648
v -0.28938 0.60161 0.29393 0.44785 0.05248 0.01648
v -0.28873 0.60290 0.29374 0.44785 0.05248 0.01648
v -0.28873 0.60290 0.29374 0.44785 0.05248 0.01648
v -0.28938 0.60161 0.29393 0.44785 0.05248 0.01648
v -0.28916 0.60303 0.29236 0.44785 0.05248 0.01648
v -0.28938 0.60161 0.29393 0.44785 0.05248 0.01648
v -0.28988 0.60170 0.29249 0.44785 0.05248 0.01648
v -0.28916 0.60303 0.29236 0.44785 0.05248 0.01648
v -0.28916 0.60303 0.29236 0.44785 0.05248 0.01648
v -0.28988 0.60170 0.29249 0.44785 0.05248 0.01648
v -0.43388 0.60303 -0.50294 0.44785 0.05248 0.01648
v -0.28988 0.60170 0.29249 0.44785 0.05248 0.01648
v -0.43460 0.60170 -0.50281 0.44785 0.05248 0.01648
v -0.43388 0.60303 -0.50294 0.44785 0.05248 0.01648
v -0.43388 0.60303 -0.50294 0.44785 0.05248 0.01648
v -0.43460 0.60170 -0.50281 0.44785 0.05248 0.01648
v -0.43397 0.60290 -0.50438 0.44785 0.05248 0.01648
v -0.43460 0.60170 -0.50281 0.44785 0.05248 0.01648
v -0.43464 0.60161 -0.50433 0.44785 0.05248 0.01648
v -0.43397 0.60290 -0.50438 0.44785 0.05248 0.01648
v -0.43397 0.60290 -0.50438 0.44785 0.05248 0.01648
v -0.43464 0.60161 -0.50433 0.44785 0.05248 0.01648
v -0.43376 0.60258 -0.50554 0.44785 0.05248 0.01648
v -0.43464 0.60161 -0.50433 0.44785 0.05248 0.01648
v -0.43433 0.60143 -0.50554 0.44785 0.05248 0.01648
v -0.43376 0.60258 -0.50554 0.44785 0.05248 0.01648
v -0.43376 0.60258 -0.50554 0.44785 0.05248 0.01648
v -0.43433 0.60143 -0.50554 0.44785 0.05248 0.01648
v -0.43345 0.60223 -0.50635 0.44785 0.05248 0.01648
v -0.43433 0.60143 -0.50554 0.44785 0.05248 0.01648
v -0.43391 0.60123 -0.50635 0.44785 0.05248 0.01648
v -0.43345 0.60223 -0.50635 0.44785 0.05248 0.01648
v -0.28798 0.60123 0.29556 0.44785 0.05248 0.01648
v -0.49077 0.01388 0.33246 0.44785 0.05248 0.01648
v -0.28866 0.60143 0.29495 0.44785 0.05248 0.01648
v -0.49077 0.01388 0.33246 0.44785 0.05248 0.01648
v -0.49145 0.01407 0.33185 0.44785 0.05248 0.01648
v -0.28866 0.60143 0.29495 0.44785 0.05248 0.01648
v -0.28866 0.60143 0.29495 0.44785 0.05248 0.01648
v -0.49145 0.01407 0.33185 0.44785 0.05248 0.01648
v -0.28938 0.60161 0.29393 0.44785 0.05248 0.01648
v -0.49145 0.01407 0.33185 0.44785 0.05248 0.01648
v -0.49217 0.01426 0.33083 0.44785 0.05248 0.01648
v -0.28938 0.60161 0.29393 0.44785 0.05248 0.01648
v -0.28938 0.60161 0.29393 0.44785 0.05248 0.01648
v -0.49217 0.01426 0.33083 0.44785 0.05248 0.01648
v -0.28988 0.60170 0.29249 0.44785 0.05248 0.01648
v -0.49217 0.01426 0.33083 0.44785 0.05248 0.01648
v -0.49267 0.01434 0.32939 0.44785 0.05248 0.01648
v -0.28988 0.60170 0.29249 0.44785 0.05248 0.01648
v -0.28988 0.60170 0.29249 0.44785 0.05248 0.01648
v -0.49267 0.01434 0.32939 0.44785 0.05248 0.01648
v -0.43460 0.60170 -0.50281 0.44785 0.05248 0.01648
v -0.49267 0.01434 0.32939 0.44785 0.05248 0.01648
v -0.63739 0.01434 -0.46591 0.44785 0.05248 0.01648
v -0.43460 0.60170 -0.50281 0.44785 0.05248 0.01648
v -0.43460 0.60170 -0.50281 0.44785 0.05248 0.01648
v -0.63739 0.01434 -0.46591 0.44785 0.05248 0.01648
v -0.43464 0.60161 -0.50433 0.44785 0.05248 0.01648
v -0.63739 0.01434 -0.46591 0.44785 0.05248 0.01648
v -0.63743 0.01426 -0.46743 0.44785 0.05248 0.01648
v -0.43464 0.60161 -0.50433 0.44785 0.05248 0.01648
v -0.43464 0.60161 -0.50433 0.44785 0.05248 0.01648
v -0.63743 0.01426 -0.46743 0.44785 0.05248 0.01648
v -0.43433 0.60143 -0.50554 0.44785 0.05248 0.01648
v -0.63743 0.01426 -0.46743 0.44785 0.05248 0.01648
v -0.63712 0.01407 -0.46864 0.44785 0.05248 0.01648
v -0.43433 0.60143 -0.50554 0.44785 0.05248 0.01648
v -0.43433 0.60143 -0.50554 0.44785 0.05248 0.01648
v -0.63712 0.01407 -0.46864 0.44785 0.05248 0.01648
v -0.43391 0.60123 -0.50635 0.44785 0.05248 0.01648
v -0.63712 0.01407 -0.46864 0.44785 0.05248 0.01648
v -0.63670 0.01388 -0.46945 0.44785 0.05248 0.01648
v -0.43391 0.60123 -0.50635 0.44785 0.05248 0.01648
v -0.49077 0.01388 0.33246 0.44785 0.05248 0.01648
v -0.49106 0.01282 0.33242 0.44785 0.05248 0.01648
v -0.49145 0.01407 0.33185 0.44785 0.05248 0.01648
v -0.49106 0.01282 0.33242 0.44785 0.05248 0.01648
v -0.49175 0.01283 0.33181 0.44785 0.05248 0.01648
v -0.49145 0.01407 0.33185 0.44785 0.05248 0.01648
v -0.49145 0.01407 0.33185 0.44785 0.05248 0.01648
v -0.49175 0.01283 0.33181 0.44785 0.05248 0.01648
v -0.49217 0.01426 0.33083 0.44785 0.05248 0.01648
v -0.49175 0.01283 0.33181 0.44785 0.05248 0.01648
v -0.49246 0.01283 0.33081 0.44785 0.05248 0.01648
v -0.49217 0.01426 0.33083 0.44785 0.05248 0.01648
v -0.49217 0.01426 0.33083 0.44785 0.05248 0.01648
v -0.49246 0.01283 0.33081 0.44785 0.05248 0.01648
v -0.49267 0.01434 0.32939 0.44785 0.05248 0.01648
v -0.49246 0.01283 0.33081 0.44785 0.05248 0.01648
v -0.49293 0.01284 0.32944 0.44785 0.05248 0.01648
v -0.49267 0.01434 0.32939 0.44785 0.05248 0.01648
v -0.49267 0.01434 0.32939 0.44785 0.05248 0.01648
v -0.49293 0.01284 0.32944 0.44785 0.05248 0.01648
v -0.63739 0.01434 -0.46591 0.44785 0.05248 0.01648
v -0.49293 0.01284 0.32944 0.44785 0.05248 0.01648
v -0.63765 0.01284 -0.46586 0.44785 0.05248 0.01648
v -0.63739 0.01434 -0.46591 0.44785 0.05248 0.01648
v -0.63739 0.01434 -0.46591 0.44785 0.05248 0.01648
v -0.63765 0.01284 -0.46586 0.44785 0.05248 0.01648
v -0.63743 0.01426 -0.46743 0.44785 0.05248 0.01648
v -0.63765 0.01284 -0.46586 0.44785 0.05248 0.01648
v -0.63769 0.01283 -0.46731 0.44785 0.05248 0.01648
v -0.63743 0.01426 -0.46743 0.44785 0.05248 0.01648
v -0.63743 0.01426 -0.46743 0.44785 0.05248 0.01648
v -0.63769 0.01283 -0.46731 0.44785 0.05248 0.01648
v -0.63712 0.01407 -0.46864 0.44785 0.05248 0.01648
v -0.63769 0.01283 -0.46731 0.44785 0.05248 0.01648
v -0.63738 0.01283 -0.46849 0.44785 0.05248 0.01648
v -0.63712 0.01407 -0.46864 0.44785 0.05248 0.01648
v -0.63712 0.01407 -0.46864 0.44785 0.05248 0.01648
v -0.63738 0.01283 -0.46849 0.44785 0.05248 0.01648
v -0.63670 0.01388 -0.46945 0.44785 0.05248 0.01648
v -0.63738 0.01283 -0.46849 0.44785 0.05248 0.01648
v -0.63695 0.01282 -0.46931 0.44785 0.05248 0.01648
v -0.63670 0.01388 -0.46945 0.44785 0.05248 0.01648
v -0.49106 0.01282 0.33242 0.44785 0.05248 0.01648
v -0.49119 0.01186 0.33221 0.44785 0.05248 0.01648
v -0.49175 0.01283 0.33181 0.44785 0.05248 0.01648
v -0.49119 0.01186 0.33221 0.44785 0.05248 0.01648
v -0.49180 0.01173 0.33158 0.44785 0.05248 0.01648
v -0.49175 0.01283 0.33181 0.44785 0.05248 0.01648
v -0.49175 0.01283 0.33181 0.44785 0.05248 0.01648
v -0.49180 0.01173 0.33158 0.44785 0.05248 0.01648
v -0.49246 0.01283 0.33081 0.44785 0.05248 0.01648
v -0.49180 0.01173 0.33158 0.44785 0.05248 0.01648
v -0.49239 0.01163 0.33063 0.44785 0.05248 0.01648
v -0.49246 0.01283 0.33081 0.44785 0.05248 0.01648
v -0.49246 0.01283 0.33081 0.44785 0.05248 0.01648
v -0.49239 0.01163 0.33063 0.44785 0.05248 0.01648
v -0.49293 0.01284 0.32944 0.44785 0.05248 0.01648
v -0.49239 0.01163 0.33063 0.44785 0.05248 0.01648
v -0.49279 0.01158 0.32941 0.44785 0.05248 0.01648
v -0.49293 0.01284 0.32944 0.44785 0.05248 0.01648
v -0.49293 0.01284 0.32944 0.44785 0.05248 0.01648
v -0.49279 0.01158 0.32941 0.44785 0.05248 0.01648
v -0.63765 0.01284 -0.46586 0.44785 0.05248 0.01648
v -0.49279 0.01158 0.32941 0.44785 0.05248 0.01648
v -0.63751 0.01158 -0.46588 0.44785 0.05248 0.01648
v -0.63765 0.01284 -0.46586 0.44785 0.05248 0.01648
v -0.63765 0.01284 -0.46586 0.44785 0.05248 0.01648
v -0.63751 0.01158 -0.46588 0.44785 0.05248 0.01648
v -0.63769 0.01283 -0.46731 0.44785 0.05248 0.01648
v -0.63751 0.01158 -0.46588 0.44785 0.05248 0.01648
v -0.63757 0.01163 -0.46717 0.44785 0.05248 0.01648
v -0.63769 0.01283 -0.46731 0.44785 0.05248 0.01648
v -0.63769 0.01283 -0.46731 0.44785 0.05248 0.01648
v -0.63757 0.01163 -0.46717 0.44785 0.05248 0.01648
v -0.63738 0.01283 -0.46849 0.44785 0.05248 0.01648
v -0.63757 0.01163 -0.46717 0.44785 0.05248 0.01648
v -0.63735 0.01173 -0.46826 0.44785 0.05248 0.01648
v -0.63738 0.01283 -0.46849 0.44785 0.05248 0.01648
v -0.63738 0.01283 -0.46849 0.44785 0.05248 0.01648
v -0.63735 0.01173 -0.46826 0.44785 0.05248 0.01648
v -0.63695 0.01282 -0.46931 0.44785 0.05248 0.01648
v -0.63735 0.01173 -0.46826 0.44785 0.05248 0.01648
v -0.63700 0.01186 -0.46907 0.44785 0.05248 0.01648
v -0.63695 0.01282 -0.46931 0.44785 0.05248 0.01648
v -0.49119 0.01186 0.33221 0.44785 0.05248 0.01648
v -0.49120 0.01108 0.33191 0.44785 0.05248 0.01648
v -0.49180 0.01173 0.33158 0.44785 0.05248 0.01648
v -0.49120 0.01108 0.33191 0.44785 0.05248 0.01648
v -0.49170 0.01090 0.33127 0.44785 0.05248 0.01648
v -0.49180 0.01173 0.33158 0.44785 0.05248 0.01648
v -0.49180 0.01173 0.33158 0.44785 0.05248 0.01648
v -0.49170 0.01090 0.33127 0.44785 0.05248 0.01648
v -0.49239 0.01163 0.33063 0.44785 0.05248 0.01648
v -0.49170 0.01090 0.33127 0.44785 0.05248 0.01648
v -0.49216 0.01076 0.33040 0.44785 0.05248 0.01648
v -0.49239 0.01163 0.33063 0.44785 0.05248 0.01648
v -0.49239 0.01163 0.33063 0.44785 0.05248 0.01648
v -0.49216 0.01076 0.33040 0.44785 0.05248 0.01648
v -0.49279 0.01158 0.32941 0.44785 0.05248 0.01648
v -0.49216 0.01076 0.33040 0.44785 0.05248 0.01648
v -0.49247 0.01070 0.32935 0.44785 0.05248 0.01648
v -0.49279 0.01158 0.32941 0.44785 0.05248 0.01648
v -0.49279 0.01158 0.32941 0.44785 0.05248 0.01648
v -0.49247 0.01070 0.32935 0.44785 0.05248 0.01648
v -0.63751 0.01158 -0.46588 0.44785 0.05248 0.01648
v -0.49247 0.01070 0.32935 0.44785 0.05248 0.01648
v -0.63719 0.01070 -0.46594 0.44785 0.05248 0.01648
v -0.63751 0.01158 -0.46588 0.44785 0.05248 0.01648
v -0.63751 0.01158 -0.46588 0.44785 0.05248 0.01648
v -0.63719 0.01070 -0.46594 0.44785 0.05248 0.01648
v -0.63757 0.01163 -0.46717 0.44785 0.05248 0.01648
v -0.63719 0.01070 -0.46594 0.44785 0.05248 0.01648
v -0.63727 0.01076 -0.46704 0.44785 0.05248 0.01648
v -0.63757 0.01163 -0.46717 0.44785 0.05248 0.01648
v -0.63757 0.01163 -0.46717 0.44785 0.05248 0.01648
v -0.63727 0.01076 -0.46704 0.44785 0.05248 0.01648
v -0.63735 0.01173 -0.46826 0.44785 0.05248 0.01648
v -0.63727 0.01076 -0.46704 0.44785 0.05248 0.01648
v -0.63715 0.01090 -0.46801 0.44785 0.05248 0.01648
v -0.63735 0.01173 -0.46826 0.44785 0.05248 0.01648
v -0.63735 0.01173 -0.46826 0.44785 0.05248 0.01648
v -0.63715 0.01090 -0.46801 0.44785 0.05248 0.01648
v -0.63700 0.01186 -0.46907 0.44785 0.05248 0.01648
v -0.63715 0.01090 -0.46801 0.44785 0.05248 0.01648
v -0.63691 0.01108 -0.46879 0.44785 0.05248 0.01648
v -0.63700 0.01186 -0.46907 0.44785 0.05248 0.01648
v -0.40845 0.59511 -0.51036 0.44785 0.05248 0.01648
v -0.40847 0.59433 -0.51066 0.44785 0.05248 0.01648
v -0.40795 0.59529 -0.50972 0.44785 0.05248 0.01648
v -0.40847 0.59433 -0.51066 0.44785 0.05248 0.01648
v -0.40785 0.59445 -0.51002 0.44785 0.05248 0.01648
v -0.40795 0.59529 -0.50972 0.44785 0.05248 0.01648
v -0.40795 0.59529 -0.50972 0.44785 0.05248 0.01648
v -0.40785 0.59445 -0.51002 0.44785 0.05248 0.01648
v -0.40749 0.59543 -0.50885 0.44785 0.05248 0.01648
v -0.40785 0.59445 -0.51002 0.44785 0.05248 0.01648
v -0.40726 0.59456 -0.50907 0.44785 0.05248 0.01648
v -0.40749 0.59543 -0.50885 0.44785 0.05248 0.01648
v -0.40749 0.59543 -0.50885 0.44785 0.05248 0.01648
v -0.40726 0.59456 -0.50907 0.44785 0.05248 0.01648
v -0.40719 0.59548 -0.50780 0.44785 0.05248 0.01648
v -0.40726 0.59456 -0.50907 0.44785 0.05248 0.01648
v -0.40687 0.59460 -0.50785 0.44785 0.05248 0.01648
v -0.40719 0.59548 -0.50780 0.44785 0.05248 0.01648
v -0.40719 0.59548 -0.50780 0.44785 0.05248 0.01648
v -0.40687 0.59460 -0.50785 0.44785 0.05248 0.01648
v -0.26247 0.59548 0.28750 0.44785 0.05248 0.01648
v -0.40687 0.59460 -0.50785 0.44785 0.05248 0.01648
v -0.26215 0.59460 0.28744 0.44785 0.05248 0.01648
v -0.26247 0.59548 0.28750 0.44785 0.05248 0.01648
v -0.26247 0.59548 0.28750 0.44785 0.05248 0.01648
v -0.26215 0.59460 0.28744 0.44785 0.05248 0.01648
v -0.26238 0.59543 0.28859 0.44785 0.05248 0.01648
v -0.26215 0.59460 0.28744 0.44785 0.05248 0.01648
v -0.26209 0.59456 0.28872 0.44785 0.05248 0.01648
v -0.26238 0.59543 0.28859 0.44785 0.05248 0.01648
v -0.26238 0.59543 0.28859 0.44785 0.05248 0.01648
v -0.26209 0.59456 0.28872 0.44785 0.05248 0.01648
v -0.26251 0.59529 0.28957 0.44785 0.05248 0.01648
v -0.26209 0.59456 0.28872 0.44785 0.05248 0.01648
v -0.26231 0.59445 0.28981 0.44785 0.05248 0.01648
v -0.26251 0.59529 0.28957 0.44785 0.05248 0.01648
v -0.26251 0.59529 0.28957 0.44785 0.05248 0.01648
v -0.26231 0.59445 0.28981 0.44785 0.05248 0.01648
v -0.26275 0.59511 0.29034 0.44785 0.05248 0.01648
v -0.26231 0.59445 0.28981 0.44785 0.05248 0.01648
v -0.26266 0.59433 0.29063 0.44785 0.05248 0.01648
v -0.26275 0.59511 0.29034 0.44785 0.05248 0.01648
v -0.40847 0.59433 -0.51066 0.44785 0.05248 0.01648
v -0.40860 0.59337 -0.51087 0.44785 0.05248 0.01648
v -0.40785 0.59445 -0.51002 0.44785 0.05248 0.01648
v -0.40860 0.59337 -0.51087 0.44785 0.05248 0.01648
v -0.40791 0.59336 -0.51025 0.44785 0.05248 0.01648
v -0.40785 0.59445 -0.51002 0.44785 0.05248 0.01648
v -0.40785 0.59445 -0.51002 0.44785 0.05248 0.01648
v -0.40791 0.59336 -0.51025 0.44785 0.05248 0.01648
v -0.40726 0.59456 -0.50907 0.44785 0.05248 0.01648
v -0.40791 0.59336 -0.51025 0.44785 0.05248 0.01648
v -0.40720 0.59335 -0.50925 0.44785 0.05248 0.01648
v -0.40726 0.59456 -0.50907 0.44785 0.05248 0.01648
v -0.40726 0.59456 -0.50907 0.44785 0.05248 0.01648
v -0.40720 0.59335 -0.50925 0.44785 0.05248 0.01648
v -0.40687 0.59460 -0.50785 0.44785 0.05248 0.01648
v -0.40720 0.59335 -0.50925 0.44785 0.05248 0.01648
v -0.40673 0.59335 -0.50788 0.44785 0.05248 0.01648
v -0.40687 0.59460 -0.50785 0.44785 0.05248 0.01648
v -0.40687 0.59460 -0.50785 0.44785 0.05248 0.01648
v -0.40673 0.59335 -0.50788 0.44785 0.05248 0.01648
v -0.26215 0.59460 0.28744 0.44785 0.05248 0.01648
v -0.40673 0.59335 -0.50788 0.44785 0.05248 0.01648
v -0.26201 0.59335 0.28741 0.44785 0.05248 0.01648
v -0.26215 0.59460 0.28744 0.44785 0.05248 0.01648
v -0.26215 0.59460 0.28744 0.44785 0.05248 0.01648
v -0.26201 0.59335 0.28741 0.44785 0.05248 0.01648
v -0.26209 0.59456 0.28872 0.44785 0.05248 0.01648
v -0.26201 0.59335 0.28741 0.44785 0.05248 0.01648
v -0.26197 0.59335 0.28887 0.44785 0.05248 0.01648
v -0.26209 0.59456 0.28872 0.44785 0.05248 0.01648
v -0.26209 0.59456 0.28872 0.44785 0.05248 0.01648
v -0.26197 0.59335 0.28887 0.44785 0.05248 0.01648
v -0.26231 0.59445 0.28981 0.44785 0.05248 0.01648
v -0.26197 0.59335 0.28887 0.44785 0.05248 0.01648
v -0.26228 0.59336 0.29005 0.44785 0.05248 0.01648
v -0.26231 0.59445 0.28981 0.44785 0.05248 0.01648
v -0.26231 0.59445 0.28981 0.44785 0.05248 0.01648
v -0.26228 0.59336 0.29005 0.44785 0.05248 0.01648
v -0.26266 0.59433 0.29063 0.44785 0.05248 0.01648
v -0.26228 0.59336 0.29005 0.44785 0.05248 0.01648
v -0.26271 0.59337 0.29087 0.44785 0.05248 0.01648
v -0.26266 0.59433 0.29063 0.44785 0.05248 0.01648
v -0.40860 0.59337 -0.51087 0.44785 0.05248 0.01648
v -0.40889 0.59231 -0.51091 0.44785 0.05248 0.01648
v -0.40791 0.59336 -0.51025 0.44785 0.05248 0.01648
v -0.40889 0.59231 -0.51091 0.44785 0.05248 0.01648
v -0.40820 0.59211 -0.51029 0.44785 0.05248 0.01648
v -0.40791 0.59336 -0.51025 0.44785 0.05248 0.01648
v -0.40791 0.59336 -0.51025 0.44785 0.05248 0.01648
v -0.40820 0.59211 -0.51029 0.44785 0.05248 0.01648
v -0.40720 0.59335 -0.50925 0.44785 0.05248 0.01648
v -0.40820 0.59211 -0.51029 0.44785 0.05248 0.01648
v -0.40749 0.59193 -0.50927 0.44785 0.05248 0.01648
v -0.40720 0.59335 -0.50925 0.44785 0.05248 0.01648
v -0.40720 0.59335 -0.50925 0.44785 0.05248 0.01648
v -0.40749 0.59193 -0.50927 0.44785 0.05248 0.01648
v -0.40673 0.59335 -0.50788 0.44785 0.05248 0.01648
v -0.40749 0.59193 -0.50927 0.44785 0.05248 0.01648
v -0.40699 0.59185 -0.50783 0.44785 0.05248 0.01648
v -0.40673 0.59335 -0.50788 0.44785 0.05248 0.01648
v -0.40673 0.59335 -0.50788 0.44785 0.05248 0.01648
v -0.40699 0.59185 -0.50783 0.44785 0.05248 0.01648
v -0.26201 0.59335 0.28741 0.44785 0.05248 0.01648
v -0.40699 0.59185 -0.50783 0.44785 0.05248 0.01648
v -0.26227 0.59185 0.28746 0.44785 0.05248 0.01648
v -0.26201 0.59335 0.28741 0.44785 0.05248 0.01648
v -0.26201 0.59335 0.28741 0.44785 0.05248 0.01648
v -0.26227 0.59185 0.28746 0.44785 0.05248 0.01648
v -0.26197 0.59335 0.28887 0.44785 0.05248 0.01648
v -0.26227 0.59185 0.28746 0.44785 0.05248 0.01648
v -0.26223 0.59193 0.28898 0.44785 0.05248 0.01648
v -0.26197 0.59335 0.28887 0.44785 0.05248 0.01648
v -0.26197 0.59335 0.28887 0.44785 0.05248 0.01648
v -0.26223 0.59193 0.28898 0.44785 0.05248 0.01648
v -0.26228 0.59336 0.29005 0.44785 0.05248 0.01648
v -0.26223 0.59193 0.28898 0.44785 0.05248 0.01648
v -0.26254 0.59211 0.29019 0.44785 0.05248 0.01648
v -0.26228 0.59336 0.29005 0.44785 0.05248 0.01648
v -0.26228 0.59336 0.29005 0.44785 0.05248 0.01648
v -0.26254 0.59211 0.29019 0.44785 0.05248 0.01648
v -0.26271 0.59337 0.29087 0.44785 0.05248 0.01648
v -0.26254 0.59211 0.29019 0.44785 0.05248 0.01648
v -0.26296 0.59231 0.29101 0.44785 0.05248 0.01648
v -0.26271 0.59337 0.29087 0.44785 0.05248 0.01648
v -0.40889 0.59231 -0.51091 0.44785 0.05248 0.01648
v -0.61167 0.00495 -0.47401 0.44785 0.05248 0.01648
v -0.40820 0.59211 -0.51029 0.44785 0.05248 0.01648
v -0.61167 0.00495 -0.47401 0.44785 0.05248 0.01648
v -0.61099 0.00475 -0.47339 0.44785 0.05248 0.01648
v -0.40820 0.59211 -0.51029 0.44785 0.05248 0.01648
v -0.40820 0.59211 -0.51029 0.44785 0.05248 0.01648
v -0.61099 0.00475 -0.47339 0.44785 0.05248 0.01648
v -0.40749 0.59193 -0.50927 0.44785 0.05248 0.01648
v -0.61099 0.00475 -0.47339 0.44785 0.05248 0.01648
v -0.61027 0.00457 -0.47237 0.44785 0.05248 0.01648
v -0.40749 0.59193 -0.50927 0.44785 0.05248 0.01648
v -0.40749 0.59193 -0.50927 0.44785 0.05248 0.01648
v -0.61027 0.00457 -0.47237 0.44785 0.05248 0.01648
v -0.40699 0.59185 -0.50783 0.44785 0.05248 0.01648
v -0.61027 0.00457 -0.47237 0.44785 0.05248 0.01648
v -0.60978 0.00449 -0.47093 0.44785 0.05248 0.01648
v -0.40699 0.59185 -0.50783 0.44785 0.05248 0.01648
v -0.40699 0.59185 -0.50783 0.44785 0.05248 0.01648
v -0.60978 0.00449 -0.47093 0.44785 0.05248 0.01648
v -0.26227 0.59185 0.28746 0.44785 0.05248 0.01648
v -0.60978 0.00449 -0.47093 0.44785 0.05248 0.01648
v -0.46506 0.00449 0.32436 0.44785 0.05248 0.01648
v -0.26227 0.59185 0.28746 0.44785 0.05248 0.01648
v -0.26227 0.59185 0.28746 0.44785 0.05248 0.01648
v -0.46506 0.00449 0.32436 0.44785 0.05248 0.01648
v -0.26223 0.59193 0.28898 0.44785 0.05248 0.01648
v -0.46506 0.00449 0.32436 0.44785 0.05248 0.01648
v -0.46502 0.00457 0.32588 0.44785 0.05248 0.01648
v -0.26223 0.59193 0.28898 0.44785 0.05248 0.01648
v -0.26223 0.59193 0.28898 0.44785 0.05248 0.01648
v -0.46502 0.00457 0.32588 0.44785 0.05248 0.01648
v -0.26254 0.59211 0.29019 0.44785 0.05248 0.01648
v -0.46502 0.00457 0.32588 0.44785 0.05248 0.01648
v -0.46533 0.00475 0.32710 0.44785 0.05248 0.01648
v -0.26254 0.59211 0.29019 0.44785 0.05248 0.01648
v -0.26254 0.59211 0.29019 0.44785 0.05248 0.01648
v -0.46533 0.00475 0.32710 0.44785 0.05248 0.01648
v -0.26296 0.59231 0.29101 0.44785 0.05248 0.01648
v -0.46533 0.00475 0.32710 0.44785 0.05248 0.01648
v -0.46575 0.00495 0.32791 0.44785 0.05248 0.01648
v -0.26296 0.59231 0.29101 0.44785 0.05248 0.01648
v -0.61167 0.00495 -0.47401 0.44785 0.05248 0.01648
v -0.61210 0.00395 -0.47384 0.44785 0.05248 0.01648
v -0.61099 0.00475 -0.47339 0.44785 0.05248 0.01648
v -0.61210 0.00395 -0.47384 0.44785 0.05248 0.01648
v -0.61152 0.00360 -0.47320 0.44785 0.05248 0.01648
v -0.61099 0.00475 -0.47339 0.44785 0.05248 0.01648
v -0.61099 0.00475 -0.47339 0.44785 0.05248 0.01648
v -0.61152 0.00360 -0.47320 0.44785 0.05248 0.01648
v -0.61027 0.00457 -0.47237 0.44785 0.05248 0.01648
v -0.61152 0.00360 -0.47320 0.44785 0.05248 0.01648
v -0.61092 0.00329 -0.47218 0.44785 0.05248 0.01648
v -0.61027 0.00457 -0.47237 0.44785 0.05248 0.01648
v -0.61027 0.00457 -0.47237 0.44785 0.05248 0.01648
v -0.61092 0.00329 -0.47218 0.44785 0.05248 0.01648
v -0.60978 0.00449 -0.47093 0.44785 0.05248 0.01648
v -0.61092 0.00329 -0.47218 0.44785 0.05248 0.01648
v -0.61050 0.00315 -0.47080 0.44785 0.05248 0.01648
v -0.60978 0.00449 -0.47093 0.44785 0.05248 0.01648
v -0.60978 0.00449 -0.47093 0.44785 0.05248 0.01648
v -0.61050 0.00315 -0.47080 0.44785 0.05248 0.01648
v -0.46506 0.00449 0.32436 0.44785 0.05248 0.01648
v -0.61050 0.00315 -0.47080 0.44785 0.05248 0.01648
v -0.46578 0.00315 0.32449 0.44785 0.05248 0.01648
v -0.46506 0.00449 0.32436 0.44785 0.05248 0.01648
v -0.46506 0.00449 0.32436 0.44785 0.05248 0.01648
v -0.46578 0.00315 0.32449 0.44785 0.05248 0.01648
v -0.46502 0.00457 0.32588 0.44785 0.05248 0.01648
v -0.46578 0.00315 0.32449 0.44785 0.05248 0.01648
v -0.46569 0.00329 0.32594 0.44785 0.05248 0.01648
v -0.46502 0.00457 0.32588 0.44785 0.05248 0.01648
v -0.46502 0.00457 0.32588 0.44785 0.05248 0.01648
v -0.46569 0.00329 0.32594 0.44785 0.05248 0.01648
v -0.46533 0.00475 0.32710 0.44785 0.05248 0.01648
v -0.46569 0.00329 0.32594 0.44785 0.05248 0.01648
v -0.46589 0.00360 0.32710 0.44785 0.05248 0.01648
v -0.46533 0.00475 0.32710 0.44785 0.05248 0.01648
v -0.46533 0.00475 0.32710 0.44785 0.05248 0.01648
v -0.46589 0.00360 0.32710 0.44785 0.05248 0.01648
v -0.46575 0.00495 0.32791 0.44785 0.05248 0.01648
v -0.46589 0.00360 0.32710 0.44785 0.05248 0.01648
v -0.46621 0.00395 0.32790 0.44785 0.05248 0.01648
v -0.46575 0.00495 0.32791 0.44785 0.05248 0.01648
v -0.61210 0.00395 -0.47384 0.44785 0.05248 0.01648
v -0.61258 0.00314 -0.47351 0.44785 0.05248 0.01648
v -0.61152 0.00360 -0.47320 0.44785 0.05248 0.01648
v -0.61258 0.00314 -0.47351 0.44785 0.05248 0.01648
v -0.61215 0.00274 -0.47285 0.44785 0.05248 0.01648
v -0.61152 0.00360 -0.47320 0.44785 0.05248 0.01648
v -0.61152 0.00360 -0.47320 0.44785 0.05248 0.01648
v -0.61215 0.00274 -0.47285 0.44785 0.05248 0.01648
v -0.61092 0.00329 -0.47218 0.44785 0.05248 0.01648
v -0.61215 0.00274 -0.47285 0.44785 0.05248 0.01648
v -0.61171 0.00240 -0.47187 0.44785 0.05248 0.01648
v -0.61092 0.00329 -0.47218 0.44785 0.05248 0.01648
v -0.61092 0.00329 -0.47218 0.44785 0.05248 0.01648
v -0.61171 0.00240 -0.47187 0.44785 0.05248 0.01648
v -0.61050 0.00315 -0.47080 0.44785 0.05248 0.01648
v -0.61171 0.00240 -0.47187 0.44785 0.05248 0.01648
v -0.61138 0.00226 -0.47064 0.44785 0.05248 0.01648
v -0.61050 0.00315 -0.47080 0.44785 0.05248 0.01648
v -0.61050 0.00315 -0.47080 0.44785 0.05248 0.01648
v -0.61138 0.00226 -0.47064 0.44785 0.05248 0.01648
v -0.46578 0.00315 0.32449 0.44785 0.05248 0.01648
v -0.61138 0.00226 -0.47064 0.44785 0.05248 0.01648
v -0.46666 0.00226 0.32465 0.44785 0.05248 0.01648
v -0.46578 0.00315 0.32449 0.44785 0.05248 0.01648
v -0.46578 0.00315 0.32449 0.44785 0.05248 0.01648
v -0.46666 0.00226 0.32465 0.44785 0.05248 0.01648
v -0.46569 0.00329 0.32594 0.44785 0.05248 0.01648
v -0.46666 0.00226 0.32465 0.44785 0.05248 0.01648
v -0.46654 0.00240 0.32592 0.44785 0.05248 0.01648
v -0.46569 0.00329 0.32594 0.44785 0.05248 0.01648
v -0.46569 0.00329 0.32594 0.44785 0.05248 0.01648
v -0.46654 0.00240 0.32592 0.44785 0.05248 0.01648
v -0.46589 0.00360 0.32710 0.44785 0.05248 0.01648
v -0.46654 0.00240 0.32592 0.44785 0.05248 0.01648
v -0.46660 0.00274 0.32699 0.44785 0.05248 0.01648
v -0.46589 0.00360 0.32710 0.44785 0.05248 0.01648
v -0.46589 0.00360 0.32710 0.44785 0.05248 0.01648
v -0.46660 0.00274 0.32699 0.44785 0.05248 0.01648
v -0.46621 0.00395 0.32790 0.44785 0.05248 0.01648
v -0.46660 0.00274 0.32699 0.44785 0.05248 0.01648
v -0.46677 0.00314 0.32777 0.44785 0.05248 0.01648
v -0.46621 0.00395 0.32790 0.44785 0.05248 0.01648
v -0.61258 0.00314 -0.47351 0.44785 0.05248 0.01648
v -0.61303 0.00256 -0.47313 0.44785 0.05248 0.01648
v -0.61215 0.00274 -0.47285 0.44785 0.05248 0.01648
v -0.61303 0.00256 -0.47313 0.44785 0.05248 0.01648
v -0.61273 0.00219 -0.47246 0.44785 0.05248 0.01648
v -0.61215 0.00274 -0.47285 0.44785 0.05248 0.01648
v -0.61215 0.00274 -0.47285 0.44785 0.05248 0.01648
v -0.61273 0.00219 -0.47246 0.44785 0.05248 0.01648
v -0.61171 0.00240 -0.47187 0.44785 0.05248 0.01648
v -0.61273 0.00219 -0.47246 0.44785 0.05248 0.01648
v -0.61242 0.00189 -0.47156 0.44785 0.05248 0.01648
v -0.61171 0.00240 -0.47187 0.44785 0.05248 0.01648
v -0.61171 0.00240 -0.47187 0.44785 0.05248 0.01648
v -0.61242 0.00189 -0.47156 0.44785 0.05248 0.01648
v -0.61138 0.00226 -0.47064 0.44785 0.05248 0.01648
v -0.61242 0.00189 -0.47156 0.44785 0.05248 0.01648
v -0.61217 0.00178 -0.47050 0.44785 0.05248 0.01648
v -0.61138 0.00226 -0.47064 0.44785 0.05248 0.01648
v -0.61138 0.00226 -0.47064 0.44785 0.05248 0.01648
v -0.61217 0.00178 -0.47050 0.44785 0.05248 0.01648
v -0.46666 0.00226 0.32465 0.44785 0.05248 0.01648
v -0.61217 0.00178 -0.47050 0.44785 0.05248 0.01648
v -0.46745 0.00178 0.32480 0.44785 0.05248 0.01648
v -0.46666 0.00226 0.32465 0.44785 0.05248 0.01648
v -0.46666 0.00226 0.32465 0.44785 0.05248 0.01648
v -0.46745 0.00178 0.32480 0.44785 0.05248 0.01648
v -0.46654 0.00240 0.32592 0.44785 0.05248 0.01648
v -0.46745 0.00178 0.32480 0.44785 0.05248 0.01648
v -0.46731 0.00189 0.32588 0.44785 0.05248 0.01648
v -0.46654 0.00240 0.32592 0.44785 0.05248 0.01648
v -0.46654 0.00240 0.32592 0.44785 0.05248 0.01648
v -0.46731 0.00189 0.32588 0.44785 0.05248 0.01648
v -0.46660 0.00274 0.32699 0.44785 0.05248 0.01648
v -0.46731 0.00189 0.32588 0.44785 0.05248 0.01648
v -0.46728 0.00219 0.32683 0.44785 0.05248 0.01648
v -0.46660 0.00274 0.32699 0.44785 0.05248 0.01648
v -0.46660 0.00274 0.32699 0.44785 0.05248 0.01648
v -0.46728 0.00219 0.32683 0.44785 0.05248 0.01648
v -0.46677 0.00314 0.32777 0.44785 0.05248 0.01648
v -0.46728 0.00219 0.32683 0.44785 0.05248 0.01648
v -0.46733 0.00256 0.32757 0.44785 0.05248 0.01648
v -0.46677 0.00314 0.32777 0.44785 0.05248 0.01648
v -0.40845 0.59511 -0.51036 0.44785 0.05248 0.01648
v -0.40795 0.59529 -0.50972 0.44785 0.05248 0.01648
v -0.40908 0.59562 -0.51055 0.44785 0.05248 0.01648
v -0.40795 0.59529 -0.50972 0.44785 0.05248 0.01648
v -0.40855 0.59593 -0.50989 0.44785 0.05248 0.01648
v -0.40908 0.59562 -0.51055 0.44785 0.05248 0.01648
v -0.40908 0.59562 -0.51055 0.44785 0.05248 0.01648
v -0.40855 0.59593 -0.50989 0.44785 0.05248 0.01648
v -0.40991 0.59615 -0.51063 0.44785 0.05248 0.01648
v -0.40855 0.59593 -0.50989 0.44785 0.05248 0.01648
v -0.40944 0.59660 -0.50997 0.44785 0.05248 0.01648
v -0.40991 0.59615 -0.51063 0.44785 0.05248 0.01648
v -0.40991 0.59615 -0.51063 0.44785 0.05248 0.01648
v -0.40944 0.59660 -0.50997 0.44785 0.05248 0.01648
v -0.41091 0.59660 -0.51054 0.44785 0.05248 0.01648
v -0.40944 0.59660 -0.50997 0.44785 0.05248 0.01648
v -0.41059 0.59716 -0.50986 0.44785 0.05248 0.01648
v -0.41091 0.59660 -0.51054 0.44785 0.05248 0.01648
v -0.41091 0.59660 -0.51054 0.44785 0.05248 0.01648
v -0.41059 0.59716 -0.50986 0.44785 0.05248 0.01648
v -0.42969 0.60329 -0.50712 0.44785 0.05248 0.01648
v -0.41059 0.59716 -0.50986 0.44785 0.05248 0.01648
v -0.42936 0.60386 -0.50644 0.44785 0.05248 0.01648
v -0.42969 0.60329 -0.50712 0.44785 0.05248 0.01648
v -0.42969 0.60329 -0.50712 0.44785 0.05248 0.01648
v -0.42936 0.60386 -0.50644 0.44785 0.05248 0.01648
v -0.43071 0.60357 -0.50684 0.44785 0.05248 0.01648
v -0.42936 0.60386 -0.50644 0.44785 0.05248 0.01648
v -0.43057 0.60414 -0.50613 0.44785 0.05248 0.01648
v -0.43071 0.60357 -0.50684 0.44785 0.05248 0.01648
v -0.43071 0.60357 -0.50684 0.44785 0.05248 0.01648
v -0.43057 0.60414 -0.50613 0.44785 0.05248 0.01648
v -0.43162 0.60366 -0.50644 0.44785 0.05248 0.01648
v -0.43057 0.60414 -0.50613 0.44785 0.05248 0.01648
v -0.43161 0.60415 -0.50570 0.44785 0.05248 0.01648
v -0.43162 0.60366 -0.50644 0.44785 0.05248 0.01648
v -0.43162 0.60366 -0.50644 0.44785 0.05248 0.01648
v -0.43161 0.60415 -0.50570 0.44785 0.05248 0.01648
v -0.43233 0.60362 -0.50601 0.44785 0.05248 0.01648
v -0.43161 0.60415 -0.50570 0.44785 0.05248 0.01648
v -0.43238 0.60400 -0.50527 0.44785 0.05248 0.01648
v -0.43233 0.60362 -0.50601 0.44785 0.05248 0.01648
v -0.40795 0.59529 -0.50972 0.44785 0.05248 0.01648
v -0.40749 0.59543 -0.50885 0.44785 0.05248 0.01648
v -0.40855 0.59593 -0.50989 0.44785 0.05248 0.01648
v -0.40749 0.59543 -0.50885 0.44785 0.05248 0.01648
v -0.40803 0.59618 -0.50894 0.44785 0.05248 0.01648
v -0.40855 0.59593 -0.50989 0.44785 0.05248 0.01648
v -0.40855 0.59593 -0.50989 0.44785 0.05248 0.01648
v -0.40803 0.59618 -0.50894 0.44785 0.05248 0.01648
v -0.40944 0.59660 -0.50997 0.44785 0.05248 0.01648
v -0.40803 0.59618 -0.50894 0.44785 0.05248 0.01648
v -0.40893 0.59701 -0.50894 0.44785 0.05248 0.01648
v -0.40944 0.59660 -0.50997 0.44785 0.05248 0.01648
v -0.40944 0.59660 -0.50997 0.44785 0.05248 0.01648
v -0.40893 0.59701 -0.50894 0.44785 0.05248 0.01648
v -0.41059 0.59716 -0.50986 0.44785 0.05248 0.01648
v -0.40893 0.59701 -0.50894 0.44785 0.05248 0.01648
v -0.41021 0.59768 -0.50878 0.44785 0.05248 0.01648
v -0.41059 0.59716 -0.50986 0.44785 0.05248 0.01648
v -0.41059 0.59716 -0.50986 0.44785 0.05248 0.01648
v -0.41021 0.59768 -0.50878 0.44785 0.05248 0.01648
v -0.42936 0.60386 -0.50644 0.44785 0.05248 0.01648
v -0.41021 0.59768 -0.50878 0.44785 0.05248 0.01648
v -0.42898 0.60438 -0.50536 0.44785 0.05248 0.01648
v -0.42936 0.60386 -0.50644 0.44785 0.05248 0.01648
v -0.42936 0.60386 -0.50644 0.44785 0.05248 0.01648
v -0.42898 0.60438 -0.50536 0.44785 0.05248 0.01648
v -0.43057 0.60414 -0.50613 0.44785 0.05248 0.01648
v -0.42898 0.60438 -0.50536 0.44785 0.05248 0.01648
v -0.43037 0.60466 -0.50504 0.44785 0.05248 0.01648
v -0.43057 0.60414 -0.50613 0.44785 0.05248 0.01648
v -0.43057 0.60414 -0.50613 0.44785 0.05248 0.01648
v -0.43037 0.60466 -0.50504 0.44785 0.05248 0.01648
v -0.43161 0.60415 -0.50570 0.44785 0.05248 0.01648
v -0.43037 0.60466 -0.50504 0.44785 0.05248 0.01648
v -0.43153 0.60456 -0.50466 0.44785 0.05248 0.01648
v -0.43161 0.60415 -0.50570 0.44785 0.05248 0.01648
v -0.43161 0.60415 -0.50570 0.44785 0.05248 0.01648
v -0.43153 0.60456 -0.50466 0.44785 0.05248 0.01648
v -0.43238 0.60400 -0.50527 0.44785 0.05248 0.01648
v -0.43153 0.60456 -0.50466 0.44785 0.05248 0.01648
v -0.43235 0.60429 -0.50433 0.44785 0.05248 0.01648
v -0.43238 0.60400 -0.50527 0.44785 0.05248 0.01648
v -0.40749 0.59543 -0.50885 0.44785 0.05248 0.01648
v -0.40719 0.59548 -0.50780 0.44785 0.05248 0.01648
v -0.40803 0.59618 -0.50894 0.44785 0.05248 0.01648
v -0.40719 0.59548 -0.50780 0.44785 0.05248 0.01648
v -0.40767 0.59629 -0.50771 0.44785 0.05248 0.01648
v -0.40803 0.59618 -0.50894 0.44785 0.05248 0.01648
v -0.40803 0.59618 -0.50894 0.44785 0.05248 0.01648
v -0.40767 0.59629 -0.50771 0.44785 0.05248 0.01648
v -0.40893 0.59701 -0.50894 0.44785 0.05248 0.01648
v -0.40767 0.59629 -0.50771 0.44785 0.05248 0.01648
v -0.40854 0.59718 -0.50755 0.44785 0.05248 0.01648
v -0.40893 0.59701 -0.50894 0.44785 0.05248 0.01648
v -0.40893 0.59701 -0.50894 0.44785 0.05248 0.01648
v -0.40854 0.59718 -0.50755 0.44785 0.05248 0.01648
v -0.41021 0.59768 -0.50878 0.44785 0.05248 0.01648
v -0.40854 0.59718 -0.50755 0.44785 0.05248 0.01648
v -0.40986 0.59791 -0.50731 0.44785 0.05248 0.01648
v -0.41021 0.59768 -0.50878 0.44785 0.05248 0.01648
v -0.41021 0.59768 -0.50878 0.44785 0.05248 0.01648
v -0.40986 0.59791 -0.50731 0.44785 0.05248 0.01648
v -0.42898 0.60438 -0.50536 0.44785 0.05248 0.01648
v -0.40986 0.59791 -0.50731 0.44785 0.05248 0.01648
v -0.42863 0.60461 -0.50389 0.44785 0.05248 0.01648
v -0.42898 0.60438 -0.50536 0.44785 0.05248 0.01648
v -0.42898 0.60438 -0.50536 0.44785 0.05248 0.01648
v -0.42863 0.60461 -0.50389 0.44785 0.05248 0.01648
v -0.43037 0.60466 -0.50504 0.44785 0.05248 0.01648
v -0.42863 0.60461 -0.50389 0.44785 0.05248 0.01648
v -0.43011 0.60488 -0.50363 0.44785 0.05248 0.01648
v -0.43037 0.60466 -0.50504 0.44785 0.05248 0.01648
v -0.43037 0.60466 -0.50504 0.44785 0.05248 0.01648
v -0.43011 0.60488 -0.50363 0.44785 0.05248 0.01648
v -0.43153 0.60456 -0.50466 0.44785 0.05248 0.01648
v -0.43011 0.60488 -0.50363 0.44785 0.05248 0.01648
v -0.43134 0.60473 -0.50340 0.44785 0.05248 0.01648
v -0.43153 0.60456 -0.50466 0.44785 0.05248 0.01648
v -0.43153 0.60456 -0.50466 0.44785 0.05248 0.01648
v -0.43134 0.60473 -0.50340 0.44785 0.05248 0.01648
v -0.43235 0.60429 -0.50433 0.44785 0.05248 0.01648
v -0.43134 0.60473 -0.50340 0.44785 0.05248 0.01648
v -0.43221 0.60441 -0.50324 0.44785 0.05248 0.01648
v -0.43235 0.60429 -0.50433 0.44785 0.05248 0.01648
v -0.40719 0.59548 -0.50780 0.44785 0.05248 0.01648
v -0.26247 0.59548 0.28750 0.44785 0.05248 0.01648
v -0.40767 0.59629 -0.50771 0.44785 0.05248 0.01648
v -0.26247 0.59548 0.28750 0.44785 0.05248 0.01648
v -0.26295 0.59629 0.28759 0.44785 0.05248 0.01648
v -0.40767 0.59629 -0.50771 0.44785 0.05248 0.01648
v -0.40767 0.59629 -0.50771 0.44785 0.05248 0.01648
v -0.26295 0.59629 0.28759 0.44785 0.05248 0.01648
v -0.40854 0.59718 -0.50755 0.44785 0.05248 0.01648
v -0.26295 0.59629 0.28759 0.44785 0.05248 0.01648
v -0.26382 0.59718 0.28774 0.44785 0.05248 0.01648
v -0.40854 0.59718 -0.50755 0.44785 0.05248 0.01648
v -0.40854 0.59718 -0.50755 0.44785 0.05248 0.01648
v -0.26382 0.59718 0.28774 0.44785 0.05248 0.01648
v -0.40986 0.59791 -0.50731 0.44785 0.05248 0.01648
v -0.26382 0.59718 0.28774 0.44785 0.05248 0.01648
v -0.26514 0.59791 0.28798 0.44785 0.05248 0.01648
v -0.40986 0.59791 -0.50731 0.44785 0.05248 0.01648
v -0.40986 0.59791 -0.50731 0.44785 0.05248 0.01648
v -0.26514 0.59791 0.28798 0.44785 0.05248 0.01648
v -0.42863 0.60461 -0.50389 0.44785 0.05248 0.01648
v -0.26514 0.59791 0.28798 0.44785 0.05248 0.01648
v -0.28391 0.60461 0.29140 0.44785 0.05248 0.01648
v -0.42863 0.60461 -0.50389 0.44785 0.05248 0.01648
v -0.42863 0.60461 -0.50389 0.44785 0.05248 0.01648
v -0.28391 0.60461 0.29140 0.44785 0.05248 0.01648
v -0.43011 0.60488 -0.50363 0.44785 0.05248 0.01648
v -0.28391 0.60461 0.29140 0.44785 0.05248 0.01648
v -0.28539 0.60488 0.29167 0.44785 0.05248 0.01648
v -0.43011 0.60488 -0.50363 0.44785 0.05248 0.01648
v -0.43011 0.60488 -0.50363 0.44785 0.05248 0.01648
v -0.28539 0.60488 0.29167 0.44785 0.05248 0.01648
v -0.43134 0.60473 -0.50340 0.44785 0.05248 0.01648
v -0.28539 0.60488 0.29167 0.44785 0.05248 0.01648
v -0.28662 0.60473 0.29189 0.44785 0.05248 0.01648
v -0.43134 0.60473 -0.50340 0.44785 0.05248 0.01648
v -0.43134 0.60473 -0.50340 0.44785 0.05248 0.01648
v -0.28662 0.60473 0.29189 0.44785 0.05248 0.01648
v -0.43221 0.60441 -0.50324 0.44785 0.05248 0.01648
v -0.28662 0.60473 0.29189 0.44785 0.05248 0.01648
v -0.28749 0.60441 0.29205 0.44785 0.05248 0.01648
v -0.43221 0.60441 -0.50324 0.44785 0.05248 0.01648
v -0.26247 0.59548 0.28750 0.44785 0.05248 0.01648
v -0.26238 0.59543 0.28859 0.44785 0.05248 0.01648
v -0.26295 0.59629 0.28759 0.44785 0.05248 0.01648
v -0.26238 0.59543 0.28859 0.44785 0.05248 0.01648
v -0.26286 0.59618 0.28886 0.44785 0.05248 0.01648
v -0.26295 0.59629 0.28759 0.44785 0.05248 0.01648
v -0.26295 0.59629 0.28759 0.44785 0.05248 0.01648
v -0.26286 0.59618 0.28886 0.44785 0.05248 0.01648
v -0.26382 0.59718 0.28774 0.44785 0.05248 0.01648
v -0.26286 0.59618 0.28886 0.44785 0.05248 0.01648
v -0.26370 0.59701 0.28918 0.44785 0.05248 0.01648
v -0.26382 0.59718 0.28774 0.44785 0.05248 0.01648
v -0.26382 0.59718 0.28774 0.44785 0.05248 0.01648
v -0.26370 0.59701 0.28918 0.44785 0.05248 0.01648
v -0.26514 0.59791 0.28798 0.44785 0.05248 0.01648
v -0.26370 0.59701 0.28918 0.44785 0.05248 0.01648
v -0.26495 0.59768 0.28948 0.44785 0.05248 0.01648
v -0.26514 0.59791 0.28798 0.44785 0.05248 0.01648
v -0.26514 0.59791 0.28798 0.44785 0.05248 0.01648
v -0.26495 0.59768 0.28948 0.44785 0.05248 0.01648
v -0.28391 0.60461 0.29140 0.44785 0.05248 0.01648
v -0.26495 0.59768 0.28948 0.44785 0.05248 0.01648
v -0.28372 0.60438 0.29289 0.44785 0.05248 0.01648
v -0.28391 0.60461 0.29140 0.44785 0.05248 0.01648
v -0.28391 0.60461 0.29140 0.44785 0.05248 0.01648
v -0.28372 0.60438 0.29289 0.44785 0.05248 0.01648
v -0.28539 0.60488 0.29167 0.44785 0.05248 0.01648
v -0.28372 0.60438 0.29289 0.44785 0.05248 0.01648
v -0.28513 0.60466 0.29308 0.44785 0.05248 0.01648
v -0.28539 0.60488 0.29167 0.44785 0.05248 0.01648
v -0.28539 0.60488 0.29167 0.44785 0.05248 0.01648
v -0.28513 0.60466 0.29308 0.44785 0.05248 0.01648
v -0.28662 0.60473 0.29189 0.44785 0.05248 0.01648
v -0.28513 0.60466 0.29308 0.44785 0.05248 0.01648
v -0.28635 0.60456 0.29314 0.44785 0.05248 0.01648
v -0.28662 0.60473 0.29189 0.44785 0.05248 0.01648
v -0.28662 0.60473 0.29189 0.44785 0.05248 0.01648
v -0.28635 0.60456 0.29314 0.44785 0.05248 0.01648
v -0.28749 0.60441 0.29205 0.44785 0.05248 0.01648
v -0.28635 0.60456 0.29314 0.44785 0.05248 0.01648
v -0.28724 0.60429 0.29312 0.44785 0.05248 0.01648
v -0.28749 0.60441 0.29205 0.44785 0.05248 0.01648
v -0.26238 0.59543 0.28859 0.44785 0.05248 0.01648
v -0.26251 0.59529 0.28957 0.44785 0.05248 0.01648
v -0.26286 0.59618 0.28886 0.44785 0.05248 0.01648
v -0.26251 0.59529 0.28957 0.44785 0.05248 0.01648
v -0.26300 0.59593 0.28994 0.44785 0.05248 0.01648
v -0.26286 0.59618 0.28886 0.44785 0.05248 0.01648
v -0.26286 0.59618 0.28886 0.44785 0.05248 0.01648
v -0.26300 0.59593 0.28994 0.44785 0.05248 0.01648
v -0.26370 0.59701 0.28918 0.44785 0.05248 0.01648
v -0.26300 0.59593 0.28994 0.44785 0.05248 0.01648
v -0.26381 0.59660 0.29033 0.44785 0.05248 0.01648
v -0.26370 0.59701 0.28918 0.44785 0.05248 0.01648
v -0.26370 0.59701 0.28918 0.44785 0.05248 0.01648
v -0.26381 0.59660 0.29033 0.44785 0.05248 0.01648
v -0.26495 0.59768 0.28948 0.44785 0.05248 0.01648
v -0.26381 0.59660 0.29033 0.44785 0.05248 0.01648
v -0.26493 0.59716 0.29063 0.44785 0.05248 0.01648
v -0.26495 0.59768 0.28948 0.44785 0.05248 0.01648
v -0.26495 0.59768 0.28948 0.44785 0.05248 0.01648
v -0.26493 0.59716 0.29063 0.44785 0.05248 0.01648
v -0.28372 0.60438 0.29289 0.44785 0.05248 0.01648
v -0.26493 0.59716 0.29063 0.44785 0.05248 0.01648
v -0.28370 0.60386 0.29404 0.44785 0.05248 0.01648
v -0.28372 0.60438 0.29289 0.44785 0.05248 0.01648
v -0.28372 0.60438 0.29289 0.44785 0.05248 0.01648
v -0.28370 0.60386 0.29404 0.44785 0.05248 0.01648
v -0.28513 0.60466 0.29308 0.44785 0.05248 0.01648
v -0.28370 0.60386 0.29404 0.44785 0.05248 0.01648
v -0.28494 0.60414 0.29417 0.44785 0.05248 0.01648
v -0.28513 0.60466 0.29308 0.44785 0.05248 0.01648
v -0.28513 0.60466 0.29308 0.44785 0.05248 0.01648
v -0.28494 0.60414 0.29417 0.44785 0.05248 0.01648
v -0.28635 0.60456 0.29314 0.44785 0.05248 0.01648
v -0.28494 0.60414 0.29417 0.44785 0.05248 0.01648
v -0.28606 0.60415 0.29414 0.44785 0.05248 0.01648
v -0.28635 0.60456 0.29314 0.44785 0.05248 0.01648
v -0.28635 0.60456 0.29314 0.44785 0.05248 0.01648
v -0.28606 0.60415 0.29414 0.44785 0.05248 0.01648
v -0.28724 0.60429 0.29312 0.44785 0.05248 0.01648
v -0.28606 0.60415 0.29414 0.44785 0.05248 0.01648
v -0.28693 0.60400 0.29401 0.44785 0.05248 0.01648
v -0.28724 0.60429 0.29312 0.44785 0.05248 0.01648
v -0.26251 0.59529 0.28957 0.44785 0.05248 0.01648
v -0.26275 0.59511 0.29034 0.44785 0.05248 0.01648
v -0.26300 0.59593 0.28994 0.44785 0.05248 0.01648
v -0.26275 0.59511 0.29034 0.44785 0.05248 0.01648
v -0.26327 0.59562 0.29074 0.44785 0.05248 0.01648
v -0.26300 0.59593 0.28994 0.44785 0.05248 0.01648
v -0.26300 0.59593 0.28994 0.44785 0.05248 0.01648
v -0.26327 0.59562 0.29074 0.44785 0.05248 0.01648
v -0.26381 0.59660 0.29033 0.44785 0.05248 0.01648
v -0.26327 0.59562 0.29074 0.44785 0.05248 0.01648
v -0.26402 0.59615 0.29111 0.44785 0.05248 0.01648
v -0.26381 0.59660 0.29033 0.44785 0.05248 0.01648
v -0.26381 0.59660 0.29033 0.44785 0.05248 0.01648
v -0.26402 0.59615 0.29111 0.44785 0.05248 0.01648
v -0.26493 0.59716 0.29063 0.44785 0.05248 0.01648
v -0.26402 0.59615 0.29111 0.44785 0.05248 0.01648
v -0.26499 0.59660 0.29138 0.44785 0.05248 0.01648
v -0.26493 0.59716 0.29063 0.44785 0.05248 0.01648
v -0.26493 0.59716 0.29063 0.44785 0.05248 0.01648
v -0.26499 0.59660 0.29138 0.44785 0.05248 0.01648
v -0.28370 0.60386 0.29404 0.44785 0.05248 0.01648
v -0.26499 0.59660 0.29138 0.44785 0.05248 0.01648
v -0.28376 0.60329 0.29479 0.44785 0.05248 0.01648
v -0.28370 0.60386 0.29404 0.44785 0.05248 0.01648
v -0.28370 0.60386 0.29404 0.44785 0.05248 0.01648
v -0.28376 0.60329 0.29479 0.44785 0.05248 0.01648
v -0.28494 0.60414 0.29417 0.44785 0.05248 0.01648
v -0.28376 0.60329 0.29479 0.44785 0.05248 0.01648
v -0.28482 0.60357 0.29489 0.44785 0.05248 0.01648
v -0.28494 0.60414 0.29417 0.44785 0.05248 0.01648
v -0.28494 0.60414 0.29417 0.44785 0.05248 0.01648
v -0.28482 0.60357 0.29489 0.44785 0.05248 0.01648
v -0.28606 0.60415 0.29414 0.44785 0.05248 0.01648
v -0.28482 0.60357 0.29489 0.44785 0.05248 0.01648
v -0.28581 0.60366 0.29484 0.44785 0.05248 0.01648
v -0.28606 0.60415 0.29414 0.44785 0.05248 0.01648
v -0.28606 0.60415 0.29414 0.44785 0.05248 0.01648
v -0.28581 0.60366 0.29484 0.44785 0.05248 0.01648
v -0.28693 0.60400 0.29401 0.44785 0.05248 0.01648
v -0.28581 0.60366 0.29484 0.44785 0.05248 0.01648
v -0.28663 0.60362 0.29469 0.44785 0.05248 0.01648
v -0.28693 0.60400 0.29401 0.44785 0.05248 0.01648
v -0.46733 0.00256 0.32757 0.44785 0.05248 0.01648
v -0.46728 0.00219 0.32683 0.44785 0.05248 0.01648
v -0.46804 0.00252 0.32800 0.44785 0.05248 0.01648
v -0.46728 0.00219 0.32683 0.44785 0.05248 0.01648
v -0.46805 0.00203 0.32725 0.44785 0.05248 0.01648
v -0.46804 0.00252 0.32800 0.44785 0.05248 0.01648
v -0.46804 0.00252 0.32800 0.44785 0.05248 0.01648
v -0.46805 0.00203 0.32725 0.44785 0.05248 0.01648
v -0.46894 0.00261 0.32840 0.44785 0.05248 0.01648
v -0.46805 0.00203 0.32725 0.44785 0.05248 0.01648
v -0.46908 0.00204 0.32768 0.44785 0.05248 0.01648
v -0.46894 0.00261 0.32840 0.44785 0.05248 0.01648
v -0.46894 0.00261 0.32840 0.44785 0.05248 0.01648
v -0.46908 0.00204 0.32768 0.44785 0.05248 0.01648
v -0.46997 0.00289 0.32868 0.44785 0.05248 0.01648
v -0.46908 0.00204 0.32768 0.44785 0.05248 0.01648
v -0.47029 0.00233 0.32800 0.44785 0.05248 0.01648
v -0.46997 0.00289 0.32868 0.44785 0.05248 0.01648
v -0.46997 0.00289 0.32868 0.44785 0.05248 0.01648
v -0.47029 0.00233 0.32800 0.44785 0.05248 0.01648
v -0.48874 0.00959 0.33209 0.44785 0.05248 0.01648
v -0.47029 0.00233 0.32800 0.44785 0.05248 0.01648
v -0.48907 0.00903 0.33142 0.44785 0.05248 0.01648
v -0.48874 0.00959 0.33209 0.44785 0.05248 0.01648
v -0.48874 0.00959 0.33209 0.44785 0.05248 0.01648
v -0.48907 0.00903 0.33142 0.44785 0.05248 0.01648
v -0.48975 0.01003 0.33218 0.44785 0.05248 0.01648
v -0.48907 0.00903 0.33142 0.44785 0.05248 0.01648
v -0.49022 0.00958 0.33153 0.44785 0.05248 0.01648
v -0.48975 0.01003 0.33218 0.44785 0.05248 0.01648
v -0.48975 0.01003 0.33218 0.44785 0.05248 0.01648
v -0.49022 0.00958 0.33153 0.44785 0.05248 0.01648
v -0.49058 0.01056 0.33210 0.44785 0.05248 0.01648
v -0.49022 0.00958 0.33153 0.44785 0.05248 0.01648
v -0.49111 0.01026 0.33145 0.44785 0.05248 0.01648
v -0.49058 0.01056 0.33210 0.44785 0.05248 0.01648
v -0.49058 0.01056 0.33210 0.44785 0.05248 0.01648
v -0.49111 0.01026 0.33145 0.44785 0.05248 0.01648
v -0.49120 0.01108 0.33191 0.44785 0.05248 0.01648
v -0.49111 0.01026 0.33145 0.44785 0.05248 0.01648
v -0.49170 0.01090 0.33127 0.44785 0.05248 0.01648
v -0.49120 0.01108 0.33191 0.44785 0.05248 0.01648
v -0.46728 0.00219 0.32683 0.44785 0.05248 0.01648
v -0.46731 0.00189 0.32588 0.44785 0.05248 0.01648
v -0.46805 0.00203 0.32725 0.44785 0.05248 0.01648
v -0.46731 0.00189 0.32588 0.44785 0.05248 0.01648
v -0.46813 0.00162 0.32621 0.44785 0.05248 0.01648
v -0.46805 0.00203 0.32725 0.44785 0.05248 0.01648
v -0.46805 0.00203 0.32725 0.44785 0.05248 0.01648
v -0.46813 0.00162 0.32621 0.44785 0.05248 0.01648
v -0.46908 0.00204 0.32768 0.44785 0.05248 0.01648
v -0.46813 0.00162 0.32621 0.44785 0.05248 0.01648
v -0.46929 0.00153 0.32659 0.44785 0.05248 0.01648
v -0.46908 0.00204 0.32768 0.44785 0.05248 0.01648
v -0.46908 0.00204 0.32768 0.44785 0.05248 0.01648
v -0.46929 0.00153 0.32659 0.44785 0.05248 0.01648
v -0.47029 0.00233 0.32800 0.44785 0.05248 0.01648
v -0.46929 0.00153 0.32659 0.44785 0.05248 0.01648
v -0.47068 0.00181 0.32692 0.44785 0.05248 0.01648
v -0.47029 0.00233 0.32800 0.44785 0.05248 0.01648
v -0.47029 0.00233 0.32800 0.44785 0.05248 0.01648
v -0.47068 0.00181 0.32692 0.44785 0.05248 0.01648
v -0.48907 0.00903 0.33142 0.44785 0.05248 0.01648
v -0.47068 0.00181 0.32692 0.44785 0.05248 0.01648
v -0.48945 0.00850 0.33033 0.44785 0.05248 0.01648
v -0.48907 0.00903 0.33142 0.44785 0.05248 0.01648
v -0.48907 0.00903 0.33142 0.44785 0.05248 0.01648
v -0.48945 0.00850 0.33033 0.44785 0.05248 0.01648
v -0.49022 0.00958 0.33153 0.44785 0.05248 0.01648
v -0.48945 0.00850 0.33033 0.44785 0.05248 0.01648
v -0.49073 0.00918 0.33049 0.44785 0.05248 0.01648
v -0.49022 0.00958 0.33153 0.44785 0.05248 0.01648
v -0.49022 0.00958 0.33153 0.44785 0.05248 0.01648
v -0.49073 0.00918 0.33049 0.44785 0.05248 0.01648
v -0.49111 0.01026 0.33145 0.44785 0.05248 0.01648
v -0.49073 0.00918 0.33049 0.44785 0.05248 0.01648
v -0.49163 0.01000 0.33049 0.44785 0.05248 0.01648
v -0.49111 0.01026 0.33145 0.44785 0.05248 0.01648
v -0.49111 0.01026 0.33145 0.44785 0.05248 0.01648
v -0.49163 0.01000 0.33049 0.44785 0.05248 0.01648
v -0.49170 0.01090 0.33127 0.44785 0.05248 0.01648
v -0.49163 0.01000 0.33049 0.44785 0.05248 0.01648
v -0.49216 0.01076 0.33040 0.44785 0.05248 0.01648
v -0.49170 0.01090 0.33127 0.44785 0.05248 0.01648
v -0.46731 0.00189 0.32588 0.44785 0.05248 0.01648
v -0.46745 0.00178 0.32480 0.44785 0.05248 0.01648
v -0.46813 0.00162 0.32621 0.44785 0.05248 0.01648
v -0.46745 0.00178 0.32480 0.44785 0.05248 0.01648
v -0.46832 0.00146 0.32496 0.44785 0.05248 0.01648
v -0.46813 0.00162 0.32621 0.44785 0.05248 0.01648
v -0.46813 0.00162 0.32621 0.44785 0.05248 0.01648
v -0.46832 0.00146 0.32496 0.44785 0.05248 0.01648
v -0.46929 0.00153 0.32659 0.44785 0.05248 0.01648
v -0.46832 0.00146 0.32496 0.44785 0.05248 0.01648
v -0.46955 0.00131 0.32518 0.44785 0.05248 0.01648
v -0.46929 0.00153 0.32659 0.44785 0.05248 0.01648
v -0.46929 0.00153 0.32659 0.44785 0.05248 0.01648
v -0.46955 0.00131 0.32518 0.44785 0.05248 0.01648
v -0.47068 0.00181 0.32692 0.44785 0.05248 0.01648
v -0.46955 0.00131 0.32518 0.44785 0.05248 0.01648
v -0.47103 0.00158 0.32545 0.44785 0.05248 0.01648
v -0.47068 0.00181 0.32692 0.44785 0.05248 0.01648
v -0.47068 0.00181 0.32692 0.44785 0.05248 0.01648
v -0.47103 0.00158 0.32545 0.44785 0.05248 0.01648
v -0.48945 0.00850 0.33033 0.44785 0.05248 0.01648
v -0.47103 0.00158 0.32545 0.44785 0.05248 0.01648
v -0.48980 0.00827 0.32887 0.44785 0.05248 0.01648
v -0.48945 0.00850 0.33033 0.44785 0.05248 0.01648
v -0.48945 0.00850 0.33033 0.44785 0.05248 0.01648
v -0.48980 0.00827 0.32887 0.44785 0.05248 0.01648
v -0.49073 0.00918 0.33049 0.44785 0.05248 0.01648
v -0.48980 0.00827 0.32887 0.44785 0.05248 0.01648
v -0.49112 0.00900 0.32911 0.44785 0.05248 0.01648
v -0.49073 0.00918 0.33049 0.44785 0.05248 0.01648
v -0.49073 0.00918 0.33049 0.44785 0.05248 0.01648
v -0.49112 0.00900 0.32911 0.44785 0.05248 0.01648
v -0.49163 0.01000 0.33049 0.44785 0.05248 0.01648
v -0.49112 0.00900 0.32911 0.44785 0.05248 0.01648
v -0.49199 0.00990 0.32926 0.44785 0.05248 0.01648
v -0.49163 0.01000 0.33049 0.44785 0.05248 0.01648
v -0.49163 0.01000 0.33049 0.44785 0.05248 0.01648
v -0.49199 0.00990 0.32926 0.44785 0.05248 0.01648
v -0.49216 0.01076 0.33040 0.44785 0.05248 0.01648
v -0.49199 0.00990 0.32926 0.44785 0.05248 0.01648
v -0.49247 0.01070 0.32935 0.44785 0.05248 0.01648
v -0.49216 0.01076 0.33040 0.44785 0.05248 0.01648
v -0.46745 0.00178 0.32480 0.44785 0.05248 0.01648
v -0.61217 0.00178 -0.47050 0.44785 0.05248 0.01648
v -0.46832 0.00146 0.32496 0.44785 0.05248 0.01648
v -0.61217 0.00178 -0.47050 0.44785 0.05248 0.01648
v -0.61304 0.00146 -0.47034 0.44785 0.05248 0.01648
v -0.46832 0.00146 0.32496 0.44785 0.05248 0.01648
v -0.46832 0.00146 0.32496 0.44785 0.05248 0.01648
v -0.61304 0.00146 -0.47034 0.44785 0.05248 0.01648
v -0.46955 0.00131 0.32518 0.44785 0.05248 0.01648
v -0.61304 0.00146 -0.47034 0.44785 0.05248 0.01648
v -0.61427 0.00131 -0.47011 0.44785 0.05248 0.01648
v -0.46955 0.00131 0.32518 0.44785 0.05248 0.01648
v -0.46955 0.00131 0.32518 0.44785 0.05248 0.01648
v -0.61427 0.00131 -0.47011 0.44785 0.05248 0.01648
v -0.47103 0.00158 0.32545 0.44785 0.05248 0.01648
v -0.61427 0.00131 -0.47011 0.44785 0.05248 0.01648
v -0.61575 0.00158 -0.46984 0.44785 0.05248 0.01648
v -0.47103 0.00158 0.32545 0.44785 0.05248 0.01648
v -0.47103 0.00158 0.32545 0.44785 0.05248 0.01648
v -0.61575 0.00158 -0.46984 0.44785 0.05248 0.01648
v -0.48980 0.00827 0.32887 0.44785 0.05248 0.01648
v -0.61575 0.00158 -0.46984 0.44785 0.05248 0.01648
v -0.63452 0.00827 -0.46643 0.44785 0.05248 0.01648
v -0.48980 0.00827 0.32887 0.44785 0.05248 0.01648
v -0.48980 0.00827 0.32887 0.44785 0.05248 0.01648
v -0.63452 0.00827 -0.46643 0.44785 0.05248 0.01648
v -0.49112 0.00900 0.32911 0.44785 0.05248 0.01648
v -0.63452 0.00827 -0.46643 0.44785 0.05248 0.01648
v -0.63584 0.00900 -0.46619 0.44785 0.05248 0.01648
v -0.49112 0.00900 0.32911 0.44785 0.05248 0.01648
v -0.49112 0.00900 0.32911 0.44785 0.05248 0.01648
v -0.63584 0.00900 -0.46619 0.44785 0.05248 0.01648
v -0.49199 0.00990 0.32926 0.44785 0.05248 0.01648
v -0.63584 0.00900 -0.46619 0.44785 0.05248 0.01648
v -0.63671 0.00990 -0.46603 0.44785 0.05248 0.01648
v -0.49199 0.00990 0.32926 0.44785 0.05248 0.01648
v -0.49199 0.00990 0.32926 0.44785 0.05248 0.01648
v -0.63671 0.00990 -0.46603 0.44785 0.05248 0.01648
v -0.49247 0.01070 0.32935 0.44785 0.05248 0.01648
v -0.63671 0.00990 -0.46603 0.44785 0.05248 0.01648
v -0.63719 0.01070 -0.46594 0.44785 0.05248 0.01648
v -0.49247 0.01070 0.32935 0.44785 0.05248 0.01648
v -0.61217 0.00178 -0.47050 0.44785 0.05248 0.01648
v -0.61242 0.00189 -0.47156 0.44785 0.05248 0.01648
v -0.61304 0.00146 -0.47034 0.44785 0.05248 0.01648
v -0.61242 0.00189 -0.47156 0.44785 0.05248 0.01648
v -0.61331 0.00162 -0.47158 0.44785 0.05248 0.01648
v -0.61304 0.00146 -0.47034 0.44785 0.05248 0.01648
v -0.61304 0.00146 -0.47034 0.44785 0.05248 0.01648
v -0.61331 0.00162 -0.47158 0.44785 0.05248 0.01648
v -0.61427 0.00131 -0.47011 0.44785 0.05248 0.01648
v -0.61331 0.00162 -0.47158 0.44785 0.05248 0.01648
v -0.61452 0.00153 -0.47153 0.44785 0.05248 0.01648
v -0.61427 0.00131 -0.47011 0.44785 0.05248 0.01648
v -0.61427 0.00131 -0.47011 0.44785 0.05248 0.01648
v -0.61452 0.00153 -0.47153 0.44785 0.05248 0.01648
v -0.61575 0.00158 -0.46984 0.44785 0.05248 0.01648
v -0.61452 0.00153 -0.47153 0.44785 0.05248 0.01648
v -0.61594 0.00181 -0.47134 0.44785 0.05248 0.01648
v -0.61575 0.00158 -0.46984 0.44785 0.05248 0.01648
v -0.61575 0.00158 -0.46984 0.44785 0.05248 0.01648
v -0.61594 0.00181 -0.47134 0.44785 0.05248 0.01648
v -0.63452 0.00827 -0.46643 0.44785 0.05248 0.01648
v -0.61594 0.00181 -0.47134 0.44785 0.05248 0.01648
v -0.63471 0.00850 -0.46792 0.44785 0.05248 0.01648
v -0.63452 0.00827 -0.46643 0.44785 0.05248 0.01648
v -0.63452 0.00827 -0.46643 0.44785 0.05248 0.01648
v -0.63471 0.00850 -0.46792 0.44785 0.05248 0.01648
v -0.63584 0.00900 -0.46619 0.44785 0.05248 0.01648
v -0.63471 0.00850 -0.46792 0.44785 0.05248 0.01648
v -0.63596 0.00918 -0.46762 0.44785 0.05248 0.01648
v -0.63584 0.00900 -0.46619 0.44785 0.05248 0.01648
v -0.63584 0.00900 -0.46619 0.44785 0.05248 0.01648
v -0.63596 0.00918 -0.46762 0.44785 0.05248 0.01648
v -0.63671 0.00990 -0.46603 0.44785 0.05248 0.01648
v -0.63596 0.00918 -0.46762 0.44785 0.05248 0.01648
v -0.63680 0.01000 -0.46731 0.44785 0.05248 0.01648
v -0.63671 0.00990 -0.46603 0.44785 0.05248 0.01648
v -0.63671 0.00990 -0.46603 0.44785 0.05248 0.01648
v -0.63680 0.01000 -0.46731 0.44785 0.05248 0.01648
v -0.63719 0.01070 -0.46594 0.44785 0.05248 0.01648
v -0.63680 0.01000 -0.46731 0.44785 0.05248 0.01648
v -0.63727 0.01076 -0.46704 0.44785 0.05248 0.01648
v -0.63719 0.01070 -0.46594 0.44785 0.05248 0.01648
v -0.61242 0.00189 -0.47156 0.44785 0.05248 0.01648
v -0.61273 0.00219 -0.47246 0.44785 0.05248 0.01648
v -0.61331 0.00162 -0.47158 0.44785 0.05248 0.01648
v -0.61273 0.00219 -0.47246 0.44785 0.05248 0.01648
v -0.61359 0.00203 -0.47258 0.44785 0.05248 0.01648
v -0.61331 0.00162 -0.47158 0.44785 0.05248 0.01648
v -0.61331 0.00162 -0.47158 0.44785 0.05248 0.01648
v -0.61359 0.00203 -0.47258 0.44785 0.05248 0.01648
v -0.61452 0.00153 -0.47153 0.44785 0.05248 0.01648
v -0.61359 0.00203 -0.47258 0.44785 0.05248 0.01648
v -0.61471 0.00204 -0.47262 0.44785 0.05248 0.01648
v -0.61452 0.00153 -0.47153 0.44785 0.05248 0.01648
v -0.61452 0.00153 -0.47153 0.44785 0.05248 0.01648
v -0.61471 0.00204 -0.47262 0.44785 0.05248 0.01648
v -0.61594 0.00181 -0.47134 0.44785 0.05248 0.01648
v -0.61471 0.00204 -0.47262 0.44785 0.05248 0.01648
v -0.61596 0.00233 -0.47249 0.44785 0.05248 0.01648
v -0.61594 0.00181 -0.47134 0.44785 0.05248 0.01648
v -0.61594 0.00181 -0.47134 0.44785 0.05248 0.01648
v -0.61596 0.00233 -0.47249 0.44785 0.05248 0.01648
v -0.63471 0.00850 -0.46792 0.44785 0.05248 0.01648
v -0.61596 0.00233 -0.47249 0.44785 0.05248 0.01648
v -0.63473 0.00903 -0.46907 0.44785 0.05248 0.01648
v -0.63471 0.00850 -0.46792 0.44785 0.05248 0.01648
v -0.63471 0.00850 -0.46792 0.44785 0.05248 0.01648
v -0.63473 0.00903 -0.46907 0.44785 0.05248 0.01648
v -0.63596 0.00918 -0.46762 0.44785 0.05248 0.01648
v -0.63473 0.00903 -0.46907 0.44785 0.05248 0.01648
v -0.63585 0.00958 -0.46877 0.44785 0.05248 0.01648
v -0.63596 0.00918 -0.46762 0.44785 0.05248 0.01648
v -0.63596 0.00918 -0.46762 0.44785 0.05248 0.01648
v -0.63585 0.00958 -0.46877 0.44785 0.05248 0.01648
v -0.63680 0.01000 -0.46731 0.44785 0.05248 0.01648
v -0.63585 0.00958 -0.46877 0.44785 0.05248 0.01648
v -0.63665 0.01026 -0.46839 0.44785 0.05248 0.01648
v -0.63680 0.01000 -0.46731 0.44785 0.05248 0.01648
v -0.63680 0.01000 -0.46731 0.44785 0.05248 0.01648
v -0.63665 0.01026 -0.46839 0.44785 0.05248 0.01648
v -0.63727 0.01076 -0.46704 0.44785 0.05248 0.01648
v -0.63665 0.01026 -0.46839 0.44785 0.05248 0.01648
v -0.63715 0.01090 -0.46801 0.44785 0.05248 0.01648
v -0.63727 0.01076 -0.46704 0.44785 0.05248 0.01648
v -0.61273 0.00219 -0.47246 0.44785 0.05248 0.01648
v -0.61303 0.00256 -0.47313 0.44785 0.05248 0.01648
v -0.61359 0.00203 -0.47258 0.44785 0.05248 0.01648
v -0.61303 0.00256 -0.47313 0.44785 0.05248 0.01648
v -0.61385 0.00252 -0.47328 0.44785 0.05248 0.01648
v -0.61359 0.00203 -0.47258 0.44785 0.05248 0.01648
v -0.61359 0.00203 -0.47258 0.44785 0.05248 0.01648
v -0.61385 0.00252 -0.47328 0.44785 0.05248 0.01648
v -0.61471 0.00204 -0.47262 0.44785 0.05248 0.01648
v -0.61385 0.00252 -0.47328 0.44785 0.05248 0.01648
v -0.61484 0.00261 -0.47334 0.44785 0.05248 0.01648
v -0.61471 0.00204 -0.47262 0.44785 0.05248 0.01648
v -0.61471 0.00204 -0.47262 0.44785 0.05248 0.01648
v -0.61484 0.00261 -0.47334 0.44785 0.05248 0.01648
v -0.61596 0.00233 -0.47249 0.44785 0.05248 0.01648
v -0.61484 0.00261 -0.47334 0.44785 0.05248 0.01648
v -0.61589 0.00289 -0.47324 0.44785 0.05248 0.01648
v -0.61596 0.00233 -0.47249 0.44785 0.05248 0.01648
v -0.61596 0.00233 -0.47249 0.44785 0.05248 0.01648
v -0.61589 0.00289 -0.47324 0.44785 0.05248 0.01648
v -0.63473 0.00903 -0.46907 0.44785 0.05248 0.01648
v -0.61589 0.00289 -0.47324 0.44785 0.05248 0.01648
v -0.63467 0.00959 -0.46982 0.44785 0.05248 0.01648
v -0.63473 0.00903 -0.46907 0.44785 0.05248 0.01648
v -0.63473 0.00903 -0.46907 0.44785 0.05248 0.01648
v -0.63467 0.00959 -0.46982 0.44785 0.05248 0.01648
v -0.63585 0.00958 -0.46877 0.44785 0.05248 0.01648
v -0.63467 0.00959 -0.46982 0.44785 0.05248 0.01648
v -0.63564 0.01003 -0.46955 0.44785 0.05248 0.01648
v -0.63585 0.00958 -0.46877 0.44785 0.05248 0.01648
v -0.63585 0.00958 -0.46877 0.44785 0.05248 0.01648
v -0.63564 0.01003 -0.46955 0.44785 0.05248 0.01648
v -0.63665 0.01026 -0.46839 0.44785 0.05248 0.01648
v -0.63564 0.01003 -0.46955 0.44785 0.05248 0.01648
v -0.63639 0.01056 -0.46918 0.44785 0.05248 0.01648
v -0.63665 0.01026 -0.46839 0.44785 0.05248 0.01648
v -0.63665 0.01026 -0.46839 0.44785 0.05248 0.01648
v -0.63639 0.01056 -0.46918 0.44785 0.05248 0.01648
v -0.63715 0.01090 -0.46801 0.44785 0.05248 0.01648
v -0.63639 0.01056 -0.46918 0.44785 0.05248 0.01648
v -0.63691 0.01108 -0.46879 0.44785 0.05248 0.01648
v -0.63715 0.01090 -0.46801 0.44785 0.05248 0.01648
v -0.26275 0.59511 0.29034 0.44785 0.05248 0.01648
v -0.26266 0.59433 0.29063 0.44785 0.05248 0.01648
v -0.26327 0.59562 0.29074 0.44785 0.05248 0.01648
v -0.26266 0.59433 0.29063 0.44785 0.05248 0.01648
v -0.26317 0.59484 0.29115 0.44785 0.05248 0.01648
v -0.26327 0.59562 0.29074 0.44785 0.05248 0.01648
v -0.26327 0.59562 0.29074 0.44785 0.05248 0.01648
v -0.26317 0.59484 0.29115 0.44785 0.05248 0.01648
v -0.26402 0.59615 0.29111 0.44785 0.05248 0.01648
v -0.26317 0.59484 0.29115 0.44785 0.05248 0.01648
v -0.26400 0.59540 0.29165 0.44785 0.05248 0.01648
v -0.26402 0.59615 0.29111 0.44785 0.05248 0.01648
v -0.26402 0.59615 0.29111 0.44785 0.05248 0.01648
v -0.26400 0.59540 0.29165 0.44785 0.05248 0.01648
v -0.26499 0.59660 0.29138 0.44785 0.05248 0.01648
v -0.26400 0.59540 0.29165 0.44785 0.05248 0.01648
v -0.26512 0.59591 0.29200 0.44785 0.05248 0.01648
v -0.26499 0.59660 0.29138 0.44785 0.05248 0.01648
v -0.26499 0.59660 0.29138 0.44785 0.05248 0.01648
v -0.26512 0.59591 0.29200 0.44785 0.05248 0.01648
v -0.28376 0.60329 0.29479 0.44785 0.05248 0.01648
v -0.26512 0.59591 0.29200 0.44785 0.05248 0.01648
v -0.28389 0.60261 0.29542 0.44785 0.05248 0.01648
v -0.28376 0.60329 0.29479 0.44785 0.05248 0.01648
v -0.28376 0.60329 0.29479 0.44785 0.05248 0.01648
v -0.28389 0.60261 0.29542 0.44785 0.05248 0.01648
v -0.28482 0.60357 0.29489 0.44785 0.05248 0.01648
v -0.28389 0.60261 0.29542 0.44785 0.05248 0.01648
v -0.28513 0.60294 0.29550 0.44785 0.05248 0.01648
v -0.28482 0.60357 0.29489 0.44785 0.05248 0.01648
v -0.28482 0.60357 0.29489 0.44785 0.05248 0.01648
v -0.28513 0.60294 0.29550 0.44785 0.05248 0.01648
v -0.28581 0.60366 0.29484 0.44785 0.05248 0.01648
v -0.28513 0.60294 0.29550 0.44785 0.05248 0.01648
v -0.28623 0.60306 0.29534 0.44785 0.05248 0.01648
v -0.28581 0.60366 0.29484 0.44785 0.05248 0.01648
v -0.28581 0.60366 0.29484 0.44785 0.05248 0.01648
v -0.28623 0.60306 0.29534 0.44785 0.05248 0.01648
v -0.28663 0.60362 0.29469 0.44785 0.05248 0.01648
v -0.28623 0.60306 0.29534 0.44785 0.05248 0.01648
v -0.28708 0.60304 0.29507 0.44785 0.05248 0.01648
v -0.28663 0.60362 0.29469 0.44785 0.05248 0.01648
v -0.26266 0.59433 0.29063 0.44785 0.05248 0.01648
v -0.26271 0.59337 0.29087 0.44785 0.05248 0.01648
v -0.26317 0.59484 0.29115 0.44785 0.05248 0.01648
v -0.26271 0.59337 0.29087 0.44785 0.05248 0.01648
v -0.26323 0.59378 0.29151 0.44785 0.05248 0.01648
v -0.26317 0.59484 0.29115 0.44785 0.05248 0.01648
v -0.26317 0.59484 0.29115 0.44785 0.05248 0.01648
v -0.26323 0.59378 0.29151 0.44785 0.05248 0.01648
v -0.26400 0.59540 0.29165 0.44785 0.05248 0.01648
v -0.26323 0.59378 0.29151 0.44785 0.05248 0.01648
v -0.26412 0.59430 0.29217 0.44785 0.05248 0.01648
v -0.26400 0.59540 0.29165 0.44785 0.05248 0.01648
v -0.26400 0.59540 0.29165 0.44785 0.05248 0.01648
v -0.26412 0.59430 0.29217 0.44785 0.05248 0.01648
v -0.26512 0.59591 0.29200 0.44785 0.05248 0.01648
v -0.26412 0.59430 0.29217 0.44785 0.05248 0.01648
v -0.26539 0.59484 0.29262 0.44785 0.05248 0.01648
v -0.26512 0.59591 0.29200 0.44785 0.05248 0.01648
v -0.26512 0.59591 0.29200 0.44785 0.05248 0.01648
v -0.26539 0.59484 0.29262 0.44785 0.05248 0.01648
v -0.28389 0.60261 0.29542 0.44785 0.05248 0.01648
v -0.26539 0.59484 0.29262 0.44785 0.05248 0.01648
v -0.28416 0.60154 0.29603 0.44785 0.05248 0.01648
v -0.28389 0.60261 0.29542 0.44785 0.05248 0.01648
v -0.28389 0.60261 0.29542 0.44785 0.05248 0.01648
v -0.28416 0.60154 0.29603 0.44785 0.05248 0.01648
v -0.28513 0.60294 0.29550 0.44785 0.05248 0.01648
v -0.28416 0.60154 0.29603 0.44785 0.05248 0.01648
v -0.28556 0.60195 0.29607 0.44785 0.05248 0.01648
v -0.28513 0.60294 0.29550 0.44785 0.05248 0.01648
v -0.28513 0.60294 0.29550 0.44785 0.05248 0.01648
v -0.28556 0.60195 0.29607 0.44785 0.05248 0.01648
v -0.28623 0.60306 0.29534 0.44785 0.05248 0.01648
v -0.28556 0.60195 0.29607 0.44785 0.05248 0.01648
v -0.28673 0.60216 0.29579 0.44785 0.05248 0.01648
v -0.28623 0.60306 0.29534 0.44785 0.05248 0.01648
v -0.28623 0.60306 0.29534 0.44785 0.05248 0.01648
v -0.28673 0.60216 0.29579 0.44785 0.05248 0.01648
v -0.28708 0.60304 0.29507 0.44785 0.05248 0.01648
v -0.28673 0.60216 0.29579 0.44785 0.05248 0.01648
v -0.28756 0.60223 0.29539 0.44785 0.05248 0.01648
v -0.28708 0.60304 0.29507 0.44785 0.05248 0.01648
v -0.26271 0.59337 0.29087 0.44785 0.05248 0.01648
v -0.26296 0.59231 0.29101 0.44785 0.05248 0.01648
v -0.26323 0.59378 0.29151 0.44785 0.05248 0.01648
v -0.26296 0.59231 0.29101 0.44785 0.05248 0.01648
v -0.26353 0.59255 0.29172 0.44785 0.05248 0.01648
v -0.26323 0.59378 0.29151 0.44785 0.05248 0.01648
v -0.26323 0.59378 0.29151 0.44785 0.05248 0.01648
v -0.26353 0.59255 0.29172 0.44785 0.05248 0.01648
v -0.26412 0.59430 0.29217 0.44785 0.05248 0.01648
v -0.26353 0.59255 0.29172 0.44785 0.05248 0.01648
v -0.26448 0.59292 0.29245 0.44785 0.05248 0.01648
v -0.26412 0.59430 0.29217 0.44785 0.05248 0.01648
v -0.26412 0.59430 0.29217 0.44785 0.05248 0.01648
v -0.26448 0.59292 0.29245 0.44785 0.05248 0.01648
v -0.26539 0.59484 0.29262 0.44785 0.05248 0.01648
v -0.26448 0.59292 0.29245 0.44785 0.05248 0.01648
v -0.26584 0.59342 0.29295 0.44785 0.05248 0.01648
v -0.26539 0.59484 0.29262 0.44785 0.05248 0.01648
v -0.26539 0.59484 0.29262 0.44785 0.05248 0.01648
v -0.26584 0.59342 0.29295 0.44785 0.05248 0.01648
v -0.28416 0.60154 0.29603 0.44785 0.05248 0.01648
v -0.26584 0.59342 0.29295 0.44785 0.05248 0.01648
v -0.28461 0.60012 0.29636 0.44785 0.05248 0.01648
v -0.28416 0.60154 0.29603 0.44785 0.05248 0.01648
v -0.28416 0.60154 0.29603 0.44785 0.05248 0.01648
v -0.28461 0.60012 0.29636 0.44785 0.05248 0.01648
v -0.28556 0.60195 0.29607 0.44785 0.05248 0.01648
v -0.28461 0.60012 0.29636 0.44785 0.05248 0.01648
v -0.28605 0.60062 0.29638 0.44785 0.05248 0.01648
v -0.28556 0.60195 0.29607 0.44785 0.05248 0.01648
v -0.28556 0.60195 0.29607 0.44785 0.05248 0.01648
v -0.28605 0.60062 0.29638 0.44785 0.05248 0.01648
v -0.28673 0.60216 0.29579 0.44785 0.05248 0.01648
v -0.28605 0.60062 0.29638 0.44785 0.05248 0.01648
v -0.28720 0.60099 0.29602 0.44785 0.05248 0.01648
v -0.28673 0.60216 0.29579 0.44785 0.05248 0.01648
v -0.28673 0.60216 0.29579 0.44785 0.05248 0.01648
v -0.28720 0.60099 0.29602 0.44785 0.05248 0.01648
v -0.28756 0.60223 0.29539 0.44785 0.05248 0.01648
v -0.28720 0.60099 0.29602 0.44785 0.05248 0.01648
v -0.28798 0.60123 0.29556 0.44785 0.05248 0.01648
v -0.28756 0.60223 0.29539 0.44785 0.05248 0.01648
v -0.26296 0.59231 0.29101 0.44785 0.05248 0.01648
v -0.46575 0.00495 0.32791 0.44785 0.05248 0.01648
v -0.26353 0.59255 0.29172 0.44785 0.05248 0.01648
v -0.46575 0.00495 0.32791 0.44785 0.05248 0.01648
v -0.46632 0.00519 0.32862 0.44785 0.05248 0.01648
v -0.26353 0.59255 0.29172 0.44785 0.05248 0.01648
v -0.26353 0.59255 0.29172 0.44785 0.05248 0.01648
v -0.46632 0.00519 0.32862 0.44785 0.05248 0.01648
v -0.26448 0.59292 0.29245 0.44785 0.05248 0.01648
v -0.46632 0.00519 0.32862 0.44785 0.05248 0.01648
v -0.46727 0.00557 0.32935 0.44785 0.05248 0.01648
v -0.26448 0.59292 0.29245 0.44785 0.05248 0.01648
v -0.26448 0.59292 0.29245 0.44785 0.05248 0.01648
v -0.46727 0.00557 0.32935 0.44785 0.05248 0.01648
v -0.26584 0.59342 0.29295 0.44785 0.05248 0.01648
v -0.46727 0.00557 0.32935 0.44785 0.05248 0.01648
v -0.46862 0.00607 0.32985 0.44785 0.05248 0.01648
v -0.26584 0.59342 0.29295 0.44785 0.05248 0.01648
v -0.26584 0.59342 0.29295 0.44785 0.05248 0.01648
v -0.46862 0.00607 0.32985 0.44785 0.05248 0.01648
v -0.28461 0.60012 0.29636 0.44785 0.05248 0.01648
v -0.46862 0.00607 0.32985 0.44785 0.05248 0.01648
v -0.48740 0.01276 0.33327 0.44785 0.05248 0.01648
v -0.28461 0.60012 0.29636 0.44785 0.05248 0.01648
v -0.28461 0.60012 0.29636 0.44785 0.05248 0.01648
v -0.48740 0.01276 0.33327 0.44785 0.05248 0.01648
v -0.28605 0.60062 0.29638 0.44785 0.05248 0.01648
v -0.48740 0.01276 0.33327 0.44785 0.05248 0.01648
v -0.48884 0.01326 0.33328 0.44785 0.05248 0.01648
v -0.28605 0.60062 0.29638 0.44785 0.05248 0.01648
v -0.28605 0.60062 0.29638 0.44785 0.05248 0.01648
v -0.48884 0.01326 0.33328 0.44785 0.05248 0.01648
v -0.28720 0.60099 0.29602 0.44785 0.05248 0.01648
v -0.48884 0.01326 0.33328 0.44785 0.05248 0.01648
v -0.48999 0.01364 0.33292 0.44785 0.05248 0.01648
v -0.28720 0.60099 0.29602 0.44785 0.05248 0.01648
v -0.28720 0.60099 0.29602 0.44785 0.05248 0.01648
v -0.48999 0.01364 0.33292 0.44785 0.05248 0.01648
v -0.28798 0.60123 0.29556 0.44785 0.05248 0.01648
v -0.48999 0.01364 0.33292 0.44785 0.05248 0.01648
v -0.49077 0.01388 0.33246 0.44785 0.05248 0.01648
v -0.28798 0.60123 0.29556 0.44785 0.05248 0.01648
v -0.46575 0.00495 0.32791 0.44785 0.05248 0.01648
v -0.46621 0.00395 0.32790 0.44785 0.05248 0.01648
v -0.46632 0.00519 0.32862 0.44785 0.05248 0.01648
v -0.46621 0.00395 0.32790 0.44785 0.05248 0.01648
v -0.46685 0.00402 0.32857 0.44785 0.05248 0.01648
v -0.46632 0.00519 0.32862 0.44785 0.05248 0.01648
v -0.46632 0.00519 0.32862 0.44785 0.05248 0.01648
v -0.46685 0.00402 0.32857 0.44785 0.05248 0.01648
v -0.46727 0.00557 0.32935 0.44785 0.05248 0.01648
v -0.46685 0.00402 0.32857 0.44785 0.05248 0.01648
v -0.46784 0.00424 0.32924 0.44785 0.05248 0.01648
v -0.46727 0.00557 0.32935 0.44785 0.05248 0.01648
v -0.46727 0.00557 0.32935 0.44785 0.05248 0.01648
v -0.46784 0.00424 0.32924 0.44785 0.05248 0.01648
v -0.46862 0.00607 0.32985 0.44785 0.05248 0.01648
v -0.46784 0.00424 0.32924 0.44785 0.05248 0.01648
v -0.46916 0.00465 0.32970 0.44785 0.05248 0.01648
v -0.46862 0.00607 0.32985 0.44785 0.05248 0.01648
v -0.46862 0.00607 0.32985 0.44785 0.05248 0.01648
v -0.46916 0.00465 0.32970 0.44785 0.05248 0.01648
v -0.48740 0.01276 0.33327 0.44785 0.05248 0.01648
v -0.46916 0.00465 0.32970 0.44785 0.05248 0.01648
v -0.48793 0.01134 0.33311 0.44785 0.05248 0.01648
v -0.48740 0.01276 0.33327 0.44785 0.05248 0.01648
v -0.48740 0.01276 0.33327 0.44785 0.05248 0.01648
v -0.48793 0.01134 0.33311 0.44785 0.05248 0.01648
v -0.48884 0.01326 0.33328 0.44785 0.05248 0.01648
v -0.48793 0.01134 0.33311 0.44785 0.05248 0.01648
v -0.48928 0.01188 0.33315 0.44785 0.05248 0.01648
v -0.48884 0.01326 0.33328 0.44785 0.05248 0.01648
v -0.48884 0.01326 0.33328 0.44785 0.05248 0.01648
v -0.48928 0.01188 0.33315 0.44785 0.05248 0.01648
v -0.48999 0.01364 0.33292 0.44785 0.05248 0.01648
v -0.48928 0.01188 0.33315 0.44785 0.05248 0.01648
v -0.49034 0.01240 0.33284 0.44785 0.05248 0.01648
v -0.48999 0.01364 0.33292 0.44785 0.05248 0.01648
v -0.48999 0.01364 0.33292 0.44785 0.05248 0.01648
v -0.49034 0.01240 0.33284 0.44785 0.05248 0.01648
v -0.49077 0.01388 0.33246 0.44785 0.05248 0.01648
v -0.49034 0.01240 0.33284 0.44785 0.05248 0.01648
v -0.49106 0.01282 0.33242 0.44785 0.05248 0.01648
v -0.49077 0.01388 0.33246 0.44785 0.05248 0.01648
v -0.46621 0.00395 0.32790 0.44785 0.05248 0.01648
v -0.46677 0.00314 0.32777 0.44785 0.05248 0.01648
v -0.46685 0.00402 0.32857 0.44785 0.05248 0.01648
v -0.46677 0.00314 0.32777 0.44785 0.05248 0.01648
v -0.46747 0.00312 0.32832 0.44785 0.05248 0.01648
v -0.46685 0.00402 0.32857 0.44785 0.05248 0.01648
v -0.46685 0.00402 0.32857 0.44785 0.05248 0.01648
v -0.46747 0.00312 0.32832 0.44785 0.05248 0.01648
v -0.46784 0.00424 0.32924 0.44785 0.05248 0.01648
v -0.46747 0.00312 0.32832 0.44785 0.05248 0.01648
v -0.46844 0.00324 0.32886 0.44785 0.05248 0.01648
v -0.46784 0.00424 0.32924 0.44785 0.05248 0.01648
v -0.46784 0.00424 0.32924 0.44785 0.05248 0.01648
v -0.46844 0.00324 0.32886 0.44785 0.05248 0.01648
v -0.46916 0.00465 0.32970 0.44785 0.05248 0.01648
v -0.46844 0.00324 0.32886 0.44785 0.05248 0.01648
v -0.46963 0.00358 0.32922 0.44785 0.05248 0.01648
v -0.46916 0.00465 0.32970 0.44785 0.05248 0.01648
v -0.46916 0.00465 0.32970 0.44785 0.05248 0.01648
v -0.46963 0.00358 0.32922 0.44785 0.05248 0.01648
v -0.48793 0.01134 0.33311 0.44785 0.05248 0.01648
v -0.46963 0.00358 0.32922 0.44785 0.05248 0.01648
v -0.48840 0.01027 0.33264 0.44785 0.05248 0.01648
v -0.48793 0.01134 0.33311 0.44785 0.05248 0.01648
v -0.48793 0.01134 0.33311 0.44785 0.05248 0.01648
v -0.48840 0.01027 0.33264 0.44785 0.05248 0.01648
v -0.48928 0.01188 0.33315 0.44785 0.05248 0.01648
v -0.48840 0.01027 0.33264 0.44785 0.05248 0.01648
v -0.48958 0.01078 0.33270 0.44785 0.05248 0.01648
v -0.48928 0.01188 0.33315 0.44785 0.05248 0.01648
v -0.48928 0.01188 0.33315 0.44785 0.05248 0.01648
v -0.48958 0.01078 0.33270 0.44785 0.05248 0.01648
v -0.49034 0.01240 0.33284 0.44785 0.05248 0.01648
v -0.48958 0.01078 0.33270 0.44785 0.05248 0.01648
v -0.49053 0.01135 0.33252 0.44785 0.05248 0.01648
v -0.49034 0.01240 0.33284 0.44785 0.05248 0.01648
v -0.49034 0.01240 0.33284 0.44785 0.05248 0.01648
v -0.49053 0.01135 0.33252 0.44785 0.05248 0.01648
v -0.49106 0.01282 0.33242 0.44785 0.05248 0.01648
v -0.49053 0.01135 0.33252 0.44785 0.05248 0.01648
v -0.49119 0.01186 0.33221 0.44785 0.05248 0.01648
v -0.49106 0.01282 0.33242 0.44785 0.05248 0.01648
v -0.46677 0.00314 0.32777 0.44785 0.05248 0.01648
v -0.46733 0.00256 0.32757 0.44785 0.05248 0.01648
v -0.46747 0.00312 0.32832 0.44785 0.05248 0.01648
v -0.46733 0.00256 0.32757 0.44785 0.05248 0.01648
v -0.46804 0.00252 0.32800 0.44785 0.05248 0.01648
v -0.46747 0.00312 0.32832 0.44785 0.05248 0.01648
v -0.46747 0.00312 0.32832 0.44785 0.05248 0.01648
v -0.46804 0.00252 0.32800 0.44785 0.05248 0.01648
v -0.46844 0.00324 0.32886 0.44785 0.05248 0.01648
v -0.46804 0.00252 0.32800 0.44785 0.05248 0.01648
v -0.46894 0.00261 0.32840 0.44785 0.05248 0.01648
v -0.46844 0.00324 0.32886 0.44785 0.05248 0.01648
v -0.46844 0.00324 0.32886 0.44785 0.05248 0.01648
v -0.46894 0.00261 0.32840 0.44785 0.05248 0.01648
v -0.46963 0.00358 0.32922 0.44785 0.05248 0.01648
v -0.46894 0.00261 0.32840 0.44785 0.05248 0.01648
v -0.46997 0.00289 0.32868 0.44785 0.05248 0.01648
v -0.46963 0.00358 0.32922 0.44785 0.05248 0.01648
v -0.46963 0.00358 0.32922 0.44785 0.05248 0.01648
v -0.46997 0.00289 0.32868 0.44785 0.05248 0.01648
v -0.48840 0.01027 0.33264 0.44785 0.05248 0.01648
v -0.46997 0.00289 0.32868 0.44785 0.05248 0.01648
v -0.48874 0.00959 0.33209 0.44785 0.05248 0.01648
v -0.48840 0.01027 0.33264 0.44785 0.05248 0.01648
v -0.48840 0.01027 0.33264 0.44785 0.05248 0.01648
v -0.48874 0.00959 0.33209 0.44785 0.05248 0.01648
v -0.48958 0.01078 0.33270 0.44785 0.05248 0.01648
v -0.48874 0.00959 0.33209 0.44785 0.05248 0.01648
v -0.48975 0.01003 0.33218 0.44785 0.05248 0.01648
v -0.48958 0.01078 0.33270 0.44785 0.05248 0.01648
v -0.48958 0.01078 0.33270 0.44785 0.05248 0.01648
v -0.48975 0.01003 0.33218 0.44785 0.05248 0.01648
v -0.49053 0.01135 0.33252 0.44785 0.05248 0.01648
v -0.48975 0.01003 0.33218 0.44785 0.05248 0.01648
v -0.49058 0.01056 0.33210 0.44785 0.05248 0.01648
v -0.49053 0.01135 0.33252 0.44785 0.05248 0.01648
v -0.49053 0.01135 0.33252 0.44785 0.05248 0.01648
v -0.49058 0.01056 0.33210 0.44785 0.05248 0.01648
v -0.49119 0.01186 0.33221 0.44785 0.05248 0.01648
v -0.49058 0.01056 0.33210 0.44785 0.05248 0.01648
v -0.49120 0.01108 0.33191 0.44785 0.05248 0.01648
v -0.49119 0.01186 0.33221 0.44785 0.05248 0.01648
v -0.43233 0.60362 -0.50601 0.44785 0.05248 0.01648
v -0.43289 0.60304 -0.50621 0.44785 0.05248 0.01648
v -0.43162 0.60366 -0.50644 0.44785 0.05248 0.01648
v -0.43289 0.60304 -0.50621 0.44785 0.05248 0.01648
v -0.43219 0.60306 -0.50676 0.44785 0.05248 0.01648
v -0.43162 0.60366 -0.50644 0.44785 0.05248 0.01648
v -0.43162 0.60366 -0.50644 0.44785 0.05248 0.01648
v -0.43219 0.60306 -0.50676 0.44785 0.05248 0.01648
v -0.43071 0.60357 -0.50684 0.44785 0.05248 0.01648
v -0.43219 0.60306 -0.50676 0.44785 0.05248 0.01648
v -0.43122 0.60294 -0.50730 0.44785 0.05248 0.01648
v -0.43071 0.60357 -0.50684 0.44785 0.05248 0.01648
v -0.43071 0.60357 -0.50684 0.44785 0.05248 0.01648
v -0.43122 0.60294 -0.50730 0.44785 0.05248 0.01648
v -0.42969 0.60329 -0.50712 0.44785 0.05248 0.01648
v -0.43122 0.60294 -0.50730 0.44785 0.05248 0.01648
v -0.43003 0.60261 -0.50766 0.44785 0.05248 0.01648
v -0.42969 0.60329 -0.50712 0.44785 0.05248 0.01648
v -0.42969 0.60329 -0.50712 0.44785 0.05248 0.01648
v -0.43003 0.60261 -0.50766 0.44785 0.05248 0.01648
v -0.41091 0.59660 -0.51054 0.44785 0.05248 0.01648
v -0.43003 0.60261 -0.50766 0.44785 0.05248 0.01648
v -0.41126 0.59591 -0.51108 0.44785 0.05248 0.01648
v -0.41091 0.59660 -0.51054 0.44785 0.05248 0.01648
v -0.41091 0.59660 -0.51054 0.44785 0.05248 0.01648
v -0.41126 0.59591 -0.51108 0.44785 0.05248 0.01648
v -0.40991 0.59615 -0.51063 0.44785 0.05248 0.01648
v -0.41126 0.59591 -0.51108 0.44785 0.05248 0.01648
v -0.41008 0.59540 -0.51115 0.44785 0.05248 0.01648
v -0.40991 0.59615 -0.51063 0.44785 0.05248 0.01648
v -0.40991 0.59615 -0.51063 0.44785 0.05248 0.01648
v -0.41008 0.59540 -0.51115 0.44785 0.05248 0.01648
v -0.40908 0.59562 -0.51055 0.44785 0.05248 0.01648
v -0.41008 0.59540 -0.51115 0.44785 0.05248 0.01648
v -0.40913 0.59484 -0.51096 0.44785 0.05248 0.01648
v -0.40908 0.59562 -0.51055 0.44785 0.05248 0.01648
v -0.40908 0.59562 -0.51055 0.44785 0.05248 0.01648
v -0.40913 0.59484 -0.51096 0.44785 0.05248 0.01648
v -0.40845 0.59511 -0.51036 0.44785 0.05248 0.01648
v -0.40913 0.59484 -0.51096 0.44785 0.05248 0.01648
v -0.40847 0.59433 -0.51066 0.44785 0.05248 0.01648
v -0.40845 0.59511 -0.51036 0.44785 0.05248 0.01648
v -0.43289 0.60304 -0.50621 0.44785 0.05248 0.01648
v -0.43345 0.60223 -0.50635 0.44785 0.05248 0.01648
v -0.43219 0.60306 -0.50676 0.44785 0.05248 0.01648
v -0.43345 0.60223 -0.50635 0.44785 0.05248 0.01648
v -0.43281 0.60216 -0.50701 0.44785 0.05248 0.01648
v -0.43219 0.60306 -0.50676 0.44785 0.05248 0.01648
v -0.43219 0.60306 -0.50676 0.44785 0.05248 0.01648
v -0.43281 0.60216 -0.50701 0.44785 0.05248 0.01648
v -0.43122 0.60294 -0.50730 0.44785 0.05248 0.01648
v -0.43281 0.60216 -0.50701 0.44785 0.05248 0.01648
v -0.43182 0.60195 -0.50769 0.44785 0.05248 0.01648
v -0.43122 0.60294 -0.50730 0.44785 0.05248 0.01648
v -0.43122 0.60294 -0.50730 0.44785 0.05248 0.01648
v -0.43182 0.60195 -0.50769 0.44785 0.05248 0.01648
v -0.43003 0.60261 -0.50766 0.44785 0.05248 0.01648
v -0.43182 0.60195 -0.50769 0.44785 0.05248 0.01648
v -0.43050 0.60154 -0.50814 0.44785 0.05248 0.01648
v -0.43003 0.60261 -0.50766 0.44785 0.05248 0.01648
v -0.43003 0.60261 -0.50766 0.44785 0.05248 0.01648
v -0.43050 0.60154 -0.50814 0.44785 0.05248 0.01648
v -0.41126 0.59591 -0.51108 0.44785 0.05248 0.01648
v -0.43050 0.60154 -0.50814 0.44785 0.05248 0.01648
v -0.41172 0.59484 -0.51156 0.44785 0.05248 0.01648
v -0.41126 0.59591 -0.51108 0.44785 0.05248 0.01648
v -0.41126 0.59591 -0.51108 0.44785 0.05248 0.01648
v -0.41172 0.59484 -0.51156 0.44785 0.05248 0.01648
v -0.41008 0.59540 -0.51115 0.44785 0.05248 0.01648
v -0.41172 0.59484 -0.51156 0.44785 0.05248 0.01648
v -0.41038 0.59430 -0.51159 0.44785 0.05248 0.01648
v -0.41008 0.59540 -0.51115 0.44785 0.05248 0.01648
v -0.41008 0.59540 -0.51115 0.44785 0.05248 0.01648
v -0.41038 0.59430 -0.51159 0.44785 0.05248 0.01648
v -0.40913 0.59484 -0.51096 0.44785 0.05248 0.01648
v -0.41038 0.59430 -0.51159 0.44785 0.05248 0.01648
v -0.40931 0.59378 -0.51129 0.44785 0.05248 0.01648
v -0.40913 0.59484 -0.51096 0.44785 0.05248 0.01648
v -0.40913 0.59484 -0.51096 0.44785 0.05248 0.01648
v -0.40931 0.59378 -0.51129 0.44785 0.05248 0.01648
v -0.40847 0.59433 -0.51066 0.44785 0.05248 0.01648
v -0.40931 0.59378 -0.51129 0.44785 0.05248 0.01648
v -0.40860 0.59337 -0.51087 0.44785 0.05248 0.01648
v -0.40847 0.59433 -0.51066 0.44785 0.05248 0.01648
v -0.43345 0.60223 -0.50635 0.44785 0.05248 0.01648
v -0.43391 0.60123 -0.50635 0.44785 0.05248 0.01648
v -0.43281 0.60216 -0.50701 0.44785 0.05248 0.01648
v -0.43391 0.60123 -0.50635 0.44785 0.05248 0.01648
v -0.43334 0.60099 -0.50706 0.44785 0.05248 0.01648
v -0.43281 0.60216 -0.50701 0.44785 0.05248 0.01648
v -0.43281 0.60216 -0.50701 0.44785 0.05248 0.01648
v -0.43334 0.60099 -0.50706 0.44785 0.05248 0.01648
v -0.43182 0.60195 -0.50769 0.44785 0.05248 0.01648
v -0.43334 0.60099 -0.50706 0.44785 0.05248 0.01648
v -0.43239 0.60062 -0.50780 0.44785 0.05248 0.01648
v -0.43182 0.60195 -0.50769 0.44785 0.05248 0.01648
v -0.43182 0.60195 -0.50769 0.44785 0.05248 0.01648
v -0.43239 0.60062 -0.50780 0.44785 0.05248 0.01648
v -0.43050 0.60154 -0.50814 0.44785 0.05248 0.01648
v -0.43239 0.60062 -0.50780 0.44785 0.05248 0.01648
v -0.43103 0.60012 -0.50829 0.44785 0.05248 0.01648
v -0.43050 0.60154 -0.50814 0.44785 0.05248 0.01648
v -0.43050 0.60154 -0.50814 0.44785 0.05248 0.01648
v -0.43103 0.60012 -0.50829 0.44785 0.05248 0.01648
v -0.41172 0.59484 -0.51156 0.44785 0.05248 0.01648
v -0.43103 0.60012 -0.50829 0.44785 0.05248 0.01648
v -0.41226 0.59342 -0.51171 0.44785 0.05248 0.01648
v -0.41172 0.59484 -0.51156 0.44785 0.05248 0.01648
v -0.41172 0.59484 -0.51156 0.44785 0.05248 0.01648
v -0.41226 0.59342 -0.51171 0.44785 0.05248 0.01648
v -0.41038 0.59430 -0.51159 0.44785 0.05248 0.01648
v -0.41226 0.59342 -0.51171 0.44785 0.05248 0.01648
v -0.41082 0.59292 -0.51172 0.44785 0.05248 0.01648
v -0.41038 0.59430 -0.51159 0.44785 0.05248 0.01648
v -0.41038 0.59430 -0.51159 0.44785 0.05248 0.01648
v -0.41082 0.59292 -0.51172 0.44785 0.05248 0.01648
v -0.40931 0.59378 -0.51129 0.44785 0.05248 0.01648
v -0.41082 0.59292 -0.51172 0.44785 0.05248 0.01648
v -0.40967 0.59255 -0.51137 0.44785 0.05248 0.01648
v -0.40931 0.59378 -0.51129 0.44785 0.05248 0.01648
v -0.40931 0.59378 -0.51129 0.44785 0.05248 0.01648
v -0.40967 0.59255 -0.51137 0.44785 0.05248 0.01648
v -0.40860 0.59337 -0.51087 0.44785 0.05248 0.01648
v -0.40967 0.59255 -0.51137 0.44785 0.05248 0.01648
v -0.40889 0.59231 -0.51091 0.44785 0.05248 0.01648
v -0.40860 0.59337 -0.51087 0.44785 0.05248 0.01648
v -0.43391 0.60123 -0.50635 0.44785 0.05248 0.01648
v -0.63670 0.01388 -0.46945 0.44785 0.05248 0.01648
v -0.43334 0.60099 -0.50706 0.44785 0.05248 0.01648
v -0.63670 0.01388 -0.46945 0.44785 0.05248 0.01648
v -0.63613 0.01364 -0.47016 0.44785 0.05248 0.01648
v -0.43334 0.60099 -0.50706 0.44785 0.05248 0.01648
v -0.43334 0.60099 -0.50706 0.44785 0.05248 0.01648
v -0.63613 0.01364 -0.47016 0.44785 0.05248 0.01648
v -0.43239 0.60062 -0.50780 0.44785 0.05248 0.01648
v -0.63613 0.01364 -0.47016 0.44785 0.05248 0.01648
v -0.63518 0.01326 -0.47090 0.44785 0.05248 0.01648
v -0.43239 0.60062 -0.50780 0.44785 0.05248 0.01648
v -0.43239 0.60062 -0.50780 0.44785 0.05248 0.01648
v -0.63518 0.01326 -0.47090 0.44785 0.05248 0.01648
v -0.43103 0.60012 -0.50829 0.44785 0.05248 0.01648
v -0.63518 0.01326 -0.47090 0.44785 0.05248 0.01648
v -0.63382 0.01276 -0.47139 0.44785 0.05248 0.01648
v -0.43103 0.60012 -0.50829 0.44785 0.05248 0.01648
v -0.43103 0.60012 -0.50829 0.44785 0.05248 0.01648
v -0.63382 0.01276 -0.47139 0.44785 0.05248 0.01648
v -0.41226 0.59342 -0.51171 0.44785 0.05248 0.01648
v -0.63382 0.01276 -0.47139 0.44785 0.05248 0.01648
v -0.61505 0.00607 -0.47481 0.44785 0.05248 0.01648
v -0.41226 0.59342 -0.51171 0.44785 0.05248 0.01648
v -0.41226 0.59342 -0.51171 0.44785 0.05248 0.01648
v -0.61505 0.00607 -0.47481 0.44785 0.05248 0.01648
v -0.41082 0.59292 -0.51172 0.44785 0.05248 0.01648
v -0.61505 0.00607 -0.47481 0.44785 0.05248 0.01648
v -0.61361 0.00557 -0.47482 0.44785 0.05248 0.01648
v -0.41082 0.59292 -0.51172 0.44785 0.05248 0.01648
v -0.41082 0.59292 -0.51172 0.44785 0.05248 0.01648
v -0.61361 0.00557 -0.47482 0.44785 0.05248 0.01648
v -0.40967 0.59255 -0.51137 0.44785 0.05248 0.01648
v -0.61361 0.00557 -0.47482 0.44785 0.05248 0.01648
v -0.61245 0.00519 -0.47447 0.44785 0.05248 0.01648
v -0.40967 0.59255 -0.51137 0.44785 0.05248 0.01648
v -0.40967 0.59255 -0.51137 0.44785 0.05248 0.01648
v -0.61245 0.00519 -0.47447 0.44785 0.05248 0.01648
v -0.40889 0.59231 -0.51091 0.44785 0.05248 0.01648
v -0.61245 0.00519 -0.47447 0.44785 0.05248 0.01648
v -0.61167 0.00495 -0.47401 0.44785 0.05248 0.01648
v -0.40889 0.59231 -0.51091 0.44785 0.05248 0.01648
v -0.63670 0.01388 -0.46945 0.44785 0.05248 0.01648
v -0.63695 0.01282 -0.46931 0.44785 0.05248 0.01648
v -0.63613 0.01364 -0.47016 0.44785 0.05248 0.01648
v -0.63695 0.01282 -0.46931 0.44785 0.05248 0.01648
v -0.63643 0.01240 -0.46996 0.44785 0.05248 0.01648
v -0.63613 0.01364 -0.47016 0.44785 0.05248 0.01648
v -0.63613 0.01364 -0.47016 0.44785 0.05248 0.01648
v -0.63643 0.01240 -0.46996 0.44785 0.05248 0.01648
v -0.63518 0.01326 -0.47090 0.44785 0.05248 0.01648
v -0.63643 0.01240 -0.46996 0.44785 0.05248 0.01648
v -0.63554 0.01188 -0.47062 0.44785 0.05248 0.01648
v -0.63518 0.01326 -0.47090 0.44785 0.05248 0.01648
v -0.63518 0.01326 -0.47090 0.44785 0.05248 0.01648
v -0.63554 0.01188 -0.47062 0.44785 0.05248 0.01648
v -0.63382 0.01276 -0.47139 0.44785 0.05248 0.01648
v -0.63554 0.01188 -0.47062 0.44785 0.05248 0.01648
v -0.63427 0.01134 -0.47106 0.44785 0.05248 0.01648
v -0.63382 0.01276 -0.47139 0.44785 0.05248 0.01648
v -0.63382 0.01276 -0.47139 0.44785 0.05248 0.01648
v -0.63427 0.01134 -0.47106 0.44785 0.05248 0.01648
v -0.61505 0.00607 -0.47481 0.44785 0.05248 0.01648
v -0.63427 0.01134 -0.47106 0.44785 0.05248 0.01648
v -0.61549 0.00465 -0.47448 0.44785 0.05248 0.01648
v -0.61505 0.00607 -0.47481 0.44785 0.05248 0.01648
v -0.61505 0.00607 -0.47481 0.44785 0.05248 0.01648
v -0.61549 0.00465 -0.47448 0.44785 0.05248 0.01648
v -0.61361 0.00557 -0.47482 0.44785 0.05248 0.01648
v -0.61549 0.00465 -0.47448 0.44785 0.05248 0.01648
v -0.61410 0.00424 -0.47452 0.44785 0.05248 0.01648
v -0.61361 0.00557 -0.47482 0.44785 0.05248 0.01648
v -0.61361 0.00557 -0.47482 0.44785 0.05248 0.01648
v -0.61410 0.00424 -0.47452 0.44785 0.05248 0.01648
v -0.61245 0.00519 -0.47447 0.44785 0.05248 0.01648
v -0.61410 0.00424 -0.47452 0.44785 0.05248 0.01648
v -0.61293 0.00402 -0.47423 0.44785 0.05248 0.01648
v -0.61245 0.00519 -0.47447 0.44785 0.05248 0.01648
v -0.61245 0.00519 -0.47447 0.44785 0.05248 0.01648
v -0.61293 0.00402 -0.47423 0.44785 0.05248 0.01648
v -0.61167 0.00495 -0.47401 0.44785 0.05248 0.01648
v -0.61293 0.00402 -0.47423 0.44785 0.05248 0.01648
v -0.61210 0.00395 -0.47384 0.44785 0.05248 0.01648
v -0.61167 0.00495 -0.47401 0.44785 0.05248 0.01648
v -0.63695 0.01282 -0.46931 0.44785 0.05248 0.01648
v -0.63700 0.01186 -0.46907 0.44785 0.05248 0.01648
v -0.63643 0.01240 -0.46996 0.44785 0.05248 0.01648
v -0.63700 0.01186 -0.46907 0.44785 0.05248 0.01648
v -0.63648 0.01135 -0.46959 0.44785 0.05248 0.01648
v -0.63643 0.01240 -0.46996 0.44785 0.05248 0.01648
v -0.63643 0.01240 -0.46996 0.44785 0.05248 0.01648
v -0.63648 0.01135 -0.46959 0.44785 0.05248 0.01648
v -0.63554 0.01188 -0.47062 0.44785 0.05248 0.01648
v -0.63648 0.01135 -0.46959 0.44785 0.05248 0.01648
v -0.63566 0.01078 -0.47010 0.44785 0.05248 0.01648
v -0.63554 0.01188 -0.47062 0.44785 0.05248 0.01648
v -0.63554 0.01188 -0.47062 0.44785 0.05248 0.01648
v -0.63566 0.01078 -0.47010 0.44785 0.05248 0.01648
v -0.63427 0.01134 -0.47106 0.44785 0.05248 0.01648
v -0.63566 0.01078 -0.47010 0.44785 0.05248 0.01648
v -0.63454 0.01027 -0.47045 0.44785 0.05248 0.01648
v -0.63427 0.01134 -0.47106 0.44785 0.05248 0.01648
v -0.63427 0.01134 -0.47106 0.44785 0.05248 0.01648
v -0.63454 0.01027 -0.47045 0.44785 0.05248 0.01648
v -0.61549 0.00465 -0.47448 0.44785 0.05248 0.01648
v -0.63454 0.01027 -0.47045 0.44785 0.05248 0.01648
v -0.61576 0.00358 -0.47387 0.44785 0.05248 0.01648
v -0.61549 0.00465 -0.47448 0.44785 0.05248 0.01648
v -0.61549 0.00465 -0.47448 0.44785 0.05248 0.01648
v -0.61576 0.00358 -0.47387 0.44785 0.05248 0.01648
v -0.61410 0.00424 -0.47452 0.44785 0.05248 0.01648
v -0.61576 0.00358 -0.47387 0.44785 0.05248 0.01648
v -0.61453 0.00324 -0.47394 0.44785 0.05248 0.01648
v -0.61410 0.00424 -0.47452 0.44785 0.05248 0.01648
v -0.61410 0.00424 -0.47452 0.44785 0.05248 0.01648
v -0.61453 0.00324 -0.47394 0.44785 0.05248 0.01648
v -0.61293 0.00402 -0.47423 0.44785 0.05248 0.01648
v -0.61453 0.00324 -0.47394 0.44785 0.05248 0.01648
v -0.61342 0.00312 -0.47379 0.44785 0.05248 0.01648
v -0.61293 0.00402 -0.47423 0.44785 0.05248 0.01648
v -0.61293 0.00402 -0.47423 0.44785 0.05248 0.01648
v -0.61342 0.00312 -0.47379 0.44785 0.05248 0.01648
v -0.61210 0.00395 -0.47384 0.44785 0.05248 0.01648
v -0.61342 0.00312 -0.47379 0.44785 0.05248 0.01648
v -0.61258 0.00314 -0.47351 0.44785 0.05248 0.01648
v -0.61210 0.00395 -0.47384 0.44785 0.05248 0.01648
v -0.63700 0.01186 -0.46907 0.44785 0.05248 0.01648
v -0.63691 0.01108 -0.46879 0.44785 0.05248 0.01648
v -0.63648 0.01135 -0.46959 0.44785 0.05248 0.01648
v -0.63691 0.01108 -0.46879 0.44785 0.05248 0.01648
v -0.63639 0.01056 -0.46918 0.44785 0.05248 0.01648
v -0.63648 0.01135 -0.46959 0.44785 0.05248 0.01648
v -0.63648 0.01135 -0.46959 0.44785 0.05248 0.01648
v -0.63639 0.01056 -0.46918 0.44785 0.05248 0.01648
v -0.63566 0.01078 -0.47010 0.44785 0.05248 0.01648
v -0.63639 0.01056 -0.46918 0.44785 0.05248 0.01648
v -0.63564 0.01003 -0.46955 0.44785 0.05248 0.01648
v -0.63566 0.01078 -0.47010 0.44785 0.05248 0.01648
v -0.63566 0.01078 -0.47010 0.44785 0.05248 0.01648
v -0.63564 0.01003 -0.46955 0.44785 0.05248 0.01648
v -0.63454 0.01027 -0.47045 0.44785 0.05248 0.01648
v -0.63564 0.01003 -0.46955 0.44785 0.05248 0.01648
v -0.63467 0.00959 -0.46982 0.44785 0.05248 0.01648
v -0.63454 0.01027 -0.47045 0.44785 0.05248 0.01648
v -0.63454 0.01027 -0.47045 0.44785 0.05248 0.01648
v -0.63467 0.00959 -0.46982 0.44785 0.05248 0.01648
v -0.61576 0.00358 -0.47387 0.44785 0.05248 0.01648
v -0.63467 0.00959 -0.46982 0.44785 0.05248 0.01648
v -0.61589 0.00289 -0.47324 0.44785 0.05248 0.01648
v -0.61576 0.00358 -0.47387 0.44785 0.05248 0.01648
v -0.61576 0.00358 -0.47387 0.44785 0.05248 0.01648
v -0.61589 0.00289 -0.47324 0.44785 0.05248 0.01648
v -0.61453 0.00324 -0.47394 0.44785 0.05248 0.01648
v -0.61589 0.00289 -0.47324 0.44785 0.05248 0.01648
v -0.61484 0.00261 -0.47334 0.44785 0.05248 0.01648
v -0.61453 0.00324 -0.47394 0.44785 0.05248 0.01648
v -0.61453 0.00324 -0.47394 0.44785 0.05248 0.01648
v -0.61484 0.00261 -0.47334 0.44785 0.05248 0.01648
v -0.61342 0.00312 -0.47379 0.44785 0.05248 0.01648
v -0.61484 0.00261 -0.47334 0.44785 0.05248 0.01648
v -0.61385 0.00252 -0.47328 0.44785 0.05248 0.01648
v -0.61342 0.00312 -0.47379 0.44785 0.05248 0.01648
v -0.61342 0.00312 -0.47379 0.44785 0.05248 0.01648
v -0.61385 0.00252 -0.47328 0.44785 0.05248 0.01648
v -0.61258 0.00314 -0.47351 0.44785 0.05248 0.01648
v -0.61385 0.00252 -0.47328 0.44785 0.05248 0.01648
v -0.61303 0.00256 -0.47313 0.44785 0.05248 0.01648
v -0.61258 0.00314 -0.47351 0.44785 0.05248 0.01648
v 0.31228 0.11907 0.02974 0.44785 0.05248 0.01648
v 0.31228 0.11907 0.02974 0.44785 0.05248 0.01648
v 0.31228 0.11907 0.02974 0.44785 0.05248 0.01648
v 0.31228 0.11907 0.02974 0.44785 0.05248 0.01648
v 0.31228 0.11907 0.02974 0.44785 0.05248 0.01648
v 0.31228 0.11907 0.02974 0.44785 0.05248 0.01648
v 0.31228 0.11907 0.02974 0.44785 0.05248 0.01648
v 0.31228 0.11907 0.02974 0.44785 0.05248 0.01648
v 0.31228 0.11907 0.02974 0.44785 0.05248 0.01648
v 0.31228 0.11907 0.02974 0.44785 0.05248 0.01648
v 0.33296 0.12235 0.02974 0.44785 0.05248 0.01648
v 0.32812 0.12235 0.04303 0.44785 0.05248 0.01648
v 0.31587 0.12235 0.05010 0.44785 0.05248 0.01648
v 0.30194 0.12235 0.04765 0.44785 0.05248 0.01648
v 0.29285 0.12235 0.03681 0.44785 0.05248 0.01648
v 0.29285 0.12235 0.02267 0.44785 0.05248 0.01648
v 0.30194 0.12235 0.01183 0.44785 0.05248 0.01648
v 0.31587 0.12235 0.00938 0.44785 0.05248 0.01648
v 0.32812 0.12235 0.01645 0.44785 0.05248 0.01648
v 0.33296 0.12235 0.02974 0.44785 0.05248 0.01648
v 0.35161 0.13185 0.02974 0.44785 0.05248 0.01648
v 0.34241 0.13185 0.05502 0.44785 0.05248 0.01648
v 0.31911 0.13185 0.06848 0.44785 0.05248 0.01648
v 0.29261 0.13185 0.06380 0.44785 0.05248 0.01648
v 0.27532 0.13185 0.04319 0.44785 0.05248 0.01648
v 0.27532 0.13185 0.01629 0.44785 0.05248 0.01648
v 0.29261 0.13185 -0.00432 0.44785 0.05248 0.01648
v 0.31911 0.13185 -0.00899 0.44785 0.05248 0.01648
v 0.34241 0.13185 0.00446 0.44785 0.05248 0.01648
v 0.35161 0.13185 0.02974 0.44785 0.05248 0.01648
v 0.36641 0.14666 0.02974 0.44785 0.05248 0.01648
v 0.35375 0.14666 0.06454 0.44785 0.05248 0.01648
v 0.32168 0.14666 0.08306 0.44785 0.05248 0.01648
v 0.28521 0.14666 0.07662 0.44785 0.05248 0.01648
v 0.26141 0.14666 0.04826 0.44785 0.05248 0.01648
v 0.26141 0.14666 0.01122 0.44785 0.05248 0.01648
v 0.28521 0.14666 -0.01714 0.44785 0.05248 0.01648
v 0.32168 0.14666 -0.02357 0.44785 0.05248 0.01648
v 0.35375 0.14666 -0.00506 0.44785 0.05248 0.01648
v 0.36641 0.14666 0.02974 0.44785 0.05248 0.01648
v 0.37592 0.16531 0.02974 0.44785 0.05248 0.01648
v 0.36103 0.16531 0.07065 0.44785 0.05248 0.01648
v 0.32333 0.16531 0.09242 0.44785 0.05248 0.01648
v 0.28046 0.16531 0.08486 0.44785 0.05248 0.01648
v 0.25247 0.16531 0.05151 0.44785 0.05248 0.01648
v 0.25247 0.16531 0.00797 0.44785 0.05248 0.01648
v 0.28046 0.16531 -0.02537 0.44785 0.05248 0.01648
v 0.32333 0.16531 -0.03293 0.44785 0.05248 0.01648
v 0.36103 0.16531 -0.01117 0.44785 0.05248 0.01648
v 0.37592 0.16531 0.02974 0.44785 0.05248 0.01648
v 0.37919 0.18599 0.02974 0.44785 0.05248 0.01648
v 0.36354 0.18599 0.07275 0.44785 0.05248 0.01648
v 0.32390 0.18599 0.09564 0.44785 0.05248 0.01648
v 0.27882 0.18599 0.08769 0.44785 0.05248 0.01648
v 0.24940 0.18599 0.05263 0.44785 0.05248 0.01648
v 0.24940 0.18599 0.00685 0.44785 0.05248 0.01648
v 0.27882 0.18599 -0.02821 0.44785 0.05248 0.01648
v 0.32390 0.18599 -0.03616 0.44785 0.05248 0.01648
v 0.36354 0.18599 -0.01327 0.44785 0.05248 0.01648
v 0.37919 0.18599 0.02974 0.44785 0.05248 0.01648
v 0.37919 0.42020 0.02974 0.44785 0.05248 0.01648
v 0.36354 0.42020 0.07275 0.44785 0.05248 0.01648
v 0.32390 0.42020 0.09564 0.44785 0.05248 0.01648
v 0.27882 0.42020 0.08769 0.44785 0.05248 0.01648
v 0.24940 0.42020 0.05263 0.44785 0.05248 0.01648
v 0.24940 0.42020 0.00685 0.44785 0.05248 0.01648
v 0.27882 0.42020 -0.02821 0.44785 0.05248 0.01648
v 0.32390 0.42020 -0.03616 0.44785 0.05248 0.01648
v 0.36354 0.42020 -0.01327 0.44785 0.05248 0.01648
v 0.37919 0.42020 0.02974 0.44785 0.05248 0.01648
v 0.37592 0.44088 0.02974 0.44785 0.05248 0.01648
v 0.36103 0.44088 0.07065 0.44785 0.05248 0.01648
v 0.32333 0.44088 0.09242 0.44785 0.05248 0.01648
v 0.28046 0.44088 0.08486 0.44785 0.05248 0.01648
v 0.25247 0.44088 0.05151 0.44785 0.05248 0.01648
v 0.25247 0.44088 0.00797 0.44785 0.05248 0.01648
v 0.28046 0.44088 -0.02537 0.44785 0.05248 0.01648
v 0.32333 0.44088 -0.03293 0.44785 0.05248 0.01648
v 0.36103 0.44088 -0.01117 0.44785 0.05248 0.01648
v 0.37592 0.44088 0.02974 0.44785 0.05248 0.01648
v 0.36641 0.45953 0.02974 0.44785 0.05248 0.01648
v 0.35375 0.45953 0.06454 0.44785 0.05248 0.01648
v 0.32168 0.45953 0.08306 0.44785 0.05248 0.01648
v 0.28521 0.45953 0.07662 0.44785 0.05248 0.01648
v 0.26141 0.45953 0.04826 0.44785 0.05248 0.01648
v 0.26141 0.45953 0.01122 0.44785 0.05248 0.01648
v 0.28521 0.45953 -0.01714 0.44785 0.05248 0.01648
v 0.32168 0.45953 -0.02357 0.44785 0.05248 0.01648
v 0.35375 0.45953 -0.00506 0.44785 0.05248 0.01648
v 0.36641 0.45953 0.02974 0.44785 0.05248 0.01648
v 0.35161 0.47433 0.02974 0.44785 0.05248 0.01648
v 0.34241 0.47433 0.05502 0.44785 0.05248 0.01648
v 0.31911 0.47433 0.06848 0.44785 0.05248 0.01648
v 0.29261 0.47433 0.06380 0.44785 0.05248 0.01648
v 0.27532 0.47433 0.04319 0.44785 0.05248 0.01648
v 0.27532 0.47433 0.01629 0.44785 0.05248 0.01648
v 0.29261 0.47433 -0.00432 0.44785 0.05248 0.01648
v 0.31911 0.47433 -0.00899 0.44785 0.05248 0.01648
v 0.34241 0.47433 0.00446 0.44785 0.05248 0.01648
v 0.35161 0.47433 0.02974 0.44785 0.05248 0.01648
v 0.33296 0.48384 0.02974 0.44785 0.05248 0.01648
v 0.32812 0.48384 0.04303 0.44785 0.05248 0.01648
v 0.31587 0.48384 0.05010 0.44785 0.05248 0.01648
v 0.30194 0.48384 0.04765 0.44785 0.05248 0.01648
v 0.29285 0.48384 0.03681 0.44785 0.05248 0.01648
v 0.29285 0.48384 0.02267 0.44785 0.05248 0.01648
v 0.30194 0.48384 0.01183 0.44785 0.05248 0.01648
v 0.31587 0.48384 0.00938 0.44785 0.05248 0.01648
v 0.32812 0.48384 0.01645 0.44785 0.05248 0.01648
v 0.33296 0.48384 0.02974 0.44785 0.05248 0.01648
v 0.31228 0.48711 0.02974 0.44785 0.05248 0.01648
v 0.31228 0.48711 0.02974 0.44785 0.05248 0.01648
v 0.31228 0.48711 0.02974 0.44785 0.05248 0.01648
v 0.31228 0.48711 0.02974 0.44785 0.05248 0.01648
v 0.31228 0.48711 0.02974 0.44785 0.05248 0.01648
v 0.31228 0.48711 0.02974 0.44785 0.05248 0.01648
v 0.31228 0.48711 0.02974 0.44785 0.05248 0.01648
v 0.31228 0.48711 0.02974 0.44785 0.05248 0.01648
v 0.31228 0.48711 0.02974 0.44785 0.05248 0.01648
v 0.31228 0.48711 0.02974 0.44785 0.05248 0.01648
v 0.32715 0.14584 0.05948 0.44785 0.05248 0.01648
v 0.32715 0.14584 0.05948 0.44785 0.05248 0.01648
v 0.32715 0.14584 0.05948 0.44785 0.05248 0.01648
v 0.32715 0.14584 0.05948 0.44785 0.05248 0.01648
v 0.32715 0.14584 0.05948 0.44785 0.05248 0.01648
v 0.32715 0.14584 0.05948 0.44785 0.05248 0.01648
v 0.32715 0.14584 0.05948 0.44785 0.05248 0.01648
v 0.32715 0.14584 0.05948 0.44785 0.05248 0.01648
v 0.32715 0.14584 0.05948 0.44785 0.05248 0.01648
v 0.32715 0.14584 0.05948 0.44785 0.05248 0.01648
v 0.34472 0.14862 0.05948 0.44785 0.05248 0.01648
v 0.34061 0.14862 0.07078 0.44785 0.05248 0.01648
v 0.33020 0.14862 0.07679 0.44785 0.05248 0.01648
v 0.31836 0.14862 0.07470 0.44785 0.05248 0.01648
v 0.31063 0.14862 0.06549 0.44785 0.05248 0.01648
v 0.31063 0.14862 0.05347 0.44785 0.05248 0.01648
v 0.31836 0.14862 0.04426 0.44785 0.05248 0.01648
v 0.33020 0.14862 0.04217 0.44785 0.05248 0.01648
v 0.34061 0.14862 0.04818 0.44785 0.05248 0.01648
v 0.34472 0.14862 0.05948 0.44785 0.05248 0.01648
v 0.36058 0.15670 0.05948 0.44785 0.05248 0.01648
v 0.35276 0.15670 0.08097 0.44785 0.05248 0.01648
v 0.33295 0.15670 0.09241 0.44785 0.05248 0.01648
v 0.31043 0.15670 0.08844 0.44785 0.05248 0.01648
v 0.29573 0.15670 0.07092 0.44785 0.05248 0.01648
v 0.29573 0.15670 0.04805 0.44785 0.05248 0.01648
v 0.31043 0.15670 0.03053 0.44785 0.05248 0.01648
v 0.33295 0.15670 0.02656 0.44785 0.05248 0.01648
v 0.35276 0.15670 0.03799 0.44785 0.05248 0.01648
v 0.36058 0.15670 0.05948 0.44785 0.05248 0.01648
v 0.37316 0.16928 0.05948 0.44785 0.05248 0.01648
v 0.36240 0.16928 0.08906 0.44785 0.05248 0.01648
v 0.33514 0.16928 0.10480 0.44785 0.05248 0.01648
v 0.30414 0.16928 0.09933 0.44785 0.05248 0.01648
v 0.28391 0.16928 0.07522 0.44785 0.05248 0.01648
v 0.28391 0.16928 0.04374 0.44785 0.05248 0.01648
v 0.30414 0.16928 0.01963 0.44785 0.05248 0.01648
v 0.33514 0.16928 0.01416 0.44785 0.05248 0.01648
v 0.36240 0.16928 0.02990 0.44785 0.05248 0.01648
v 0.37316 0.16928 0.05948 0.44785 0.05248 0.01648
v 0.38124 0.18514 0.05948 0.44785 0.05248 0.01648
v 0.36859 0.18514 0.09425 0.44785 0.05248 0.01648
v 0.33654 0.18514 0.11275 0.44785 0.05248 0.01648
v 0.30010 0.18514 0.10633 0.44785 0.05248 0.01648
v 0.27632 0.18514 0.07798 0.44785 0.05248 0.01648
v 0.27632 0.18514 0.04098 0.44785 0.05248 0.01648
v 0.30010 0.18514 0.01263 0.44785 0.05248 0.01648
v 0.33654 0.18514 0.00621 0.44785 0.05248 0.01648
v 0.36859 0.18514 0.02471 0.44785 0.05248 0.01648
v 0.38124 0.18514 0.05948 0.44785 0.05248 0.01648
v 0.38403 0.20272 0.05948 0.44785 0.05248 0.01648
v 0.37072 0.20272 0.09604 0.44785 0.05248 0.01648
v 0.33703 0.20272 0.11550 0.44785 0.05248 0.01648
v 0.29871 0.20272 0.10874 0.44785 0.05248 0.01648
v 0.27370 0.20272 0.07894 0.44785 0.05248 0.01648
v 0.27370 0.20272 0.04003 0.44785 0.05248 0.01648
v 0.29871 0.20272 0.01022 0.44785 0.05248 0.01648
v 0.33703 0.20272 0.00347 0.44785 0.05248 0.01648
v 0.37072 0.20272 0.02292 0.44785 0.05248 0.01648
v 0.38403 0.20272 0.05948 0.44785 0.05248 0.01648
v 0.38403 0.40347 0.05948 0.44785 0.05248 0.01648
v 0.37072 0.40347 0.09604 0.44785 0.05248 0.01648
v 0.33703 0.40347 0.11550 0.44785 0.05248 0.01648
v 0.29871 0.40347 0.10874 0.44785 0.05248 0.01648
v 0.27370 0.40347 0.07894 0.44785 0.05248 0.01648
v 0.27370 0.40347 0.04003 0.44785 0.05248 0.01648
v 0.29871 0.40347 0.01022 0.44785 0.05248 0.01648
v 0.33703 0.40347 0.00347 0.44785 0.05248 0.01648
v 0.37072 0.40347 0.02292 0.44785 0.05248 0.01648
v 0.38403 0.40347 0.05948 0.44785 0.05248 0.01648
v 0.38124 0.42104 0.05948 0.44785 0.05248 0.01648
v 0.36859 0.42104 0.09425 0.44785 0.05248 0.01648
v 0.33654 0.42104 0.11275 0.44785 0.05248 0.01648
v 0.30010 0.42104 0.10633 0.44785 0.05248 0.01648
v 0.27632 0.42104 0.07798 0.44785 0.05248 0.01648
v 0.27632 0.42104 0.04098 0.44785 0.05248 0.01648
v 0.30010 0.42104 0.01263 0.44785 0.05248 0.01648
v 0.33654 0.42104 0.00621 0.44785 0.05248 0.01648
v 0.36859 0.42104 0.02471 0.44785 0.05248 0.01648
v 0.38124 0.42104 0.05948 0.44785 0.05248 0.01648
v 0.37316 0.43690 0.05948 0.44785 0.05248 0.01648
v 0.36240 0.43690 0.08906 0.44785 0.05248 0.01648
v 0.33514 0.43690 0.10480 0.44785 0.05248 0.01648
v 0.30414 0.43690 0.09933 0.44785 0.05248 0.01648
v 0.28391 0.43690 0.07522 0.44785 0.05248 0.01648
v 0.28391 0.43690 0.04374 0.44785 0.05248 0.01648
v 0.30414 0.43690 0.01963 0.44785 0.05248 0.01648
v 0.33514 0.43690 0.01416 0.44785 0.05248 0.01648
v 0.36240 0.43690 0.02990 0.44785 0.05248 0.01648
v 0.37316 0.43690 0.05948 0.44785 0.05248 0.01648
v 0.36058 0.44948 0.05948 0.44785 0.05248 0.01648
v 0.35276 0.44948 0.08097 0.44785 0.05248 0.01648
v 0.33295 0.44948 0.09241 0.44785 0.05248 0.01648
v 0.31043 0.44948 0.08844 0.44785 0.05248 0.01648
v 0.29573 0.44948 0.07092 0.44785 0.05248 0.01648
v 0.29573 0.44948 0.04805 0.44785 0.05248 0.01648
v 0.31043 0.44948 0.03053 0.44785 0.05248 0.01648
v 0.33295 0.44948 0.02656 0.44785 0.05248 0.01648
v 0.35276 0.44948 0.03799 0.44785 0.05248 0.01648
v 0.36058 0.44948 0.05948 0.44785 0.05248 0.01648
v 0.34472 0.45756 0.05948 0.44785 0.05248 0.01648
v 0.34061 0.45756 0.07078 0.44785 0.05248 0.01648
v 0.33020 0.45756 0.07679 0.44785 0.05248 0.01648
v 0.31836 0.45756 0.07470 0.44785 0.05248 0.01648
v 0.31063 0.45756 0.06549 0.44785 0.05248 0.01648
v 0.31063 0.45756 0.05347 0.44785 0.05248 0.01648
v 0.31836 0.45756 0.04426 0.44785 0.05248 0.01648
v 0.33020 0.45756 0.04217 0.44785 0.05248 0.01648
v 0.34061 0.45756 0.04818 0.44785 0.05248 0.01648
v 0.34472 0.45756 0.05948 0.44785 0.05248 0.01648
v 0.32715 0.46035 0.05948 0.44785 0.05248 0.01648
v 0.32715 0.46035 0.05948 0.44785 0.05248 0.01648
v 0.32715 0.46035 0.05948 0.44785 0.05248 0.01648
v 0.32715 0.46035 0.05948 0.44785 0.05248 0.01648
v 0.32715 0.46035 0.05948 0.44785 0.05248 0.01648
v 0.32715 0.46035 0.05948 0.44785 0.05248 0.01648
v 0.32715 0.46035 0.05948 0.44785 0.05248 0.01648
v 0.32715 0.46035 0.05948 0.44785 0.05248 0.01648
v 0.32715 0.46035 0.05948 0.44785 0.05248 0.01648
v 0.32715 0.46035 0.05948 0.44785 0.05248 0.01648
v -0.31228 0.11907 0.02974 0.44785 0.05248 0.01648
v -0.31228 0.11907 0.02974 0.44785 0.05248 0.01648
v -0.31228 0.11907 0.02974 0.44785 0.05248 0.01648
v -0.31228 0.11907 0.02974 0.44785 0.05248 0.01648
v -0.31228 0.11907 0.02974 0.44785 0.05248 0.01648
v -0.31228 0.11907 0.02974 0.44785 0.05248 0.01648
v -0.31228 0.11907 0.02974 0.44785 0.05248 0.01648
v -0.31228 0.11907 0.02974 0.44785 0.05248 0.01648
v -0.31228 0.11907 0.02974 0.44785 0.05248 0.01648
v -0.31228 0.11907 0.02974 0.44785 0.05248 0.01648
v -0.29160 0.12235 0.02974 0.44785 0.05248 0.01648
v -0.29644 0.12235 0.04303 0.44785 0.05248 0.01648
v -0.30869 0.12235 0.05010 0.44785 0.05248 0.01648
v -0.32262 0.12235 0.04765 0.44785 0.05248 0.01648
v -0.33171 0.12235 0.03681 0.44785 0.05248 0.01648
v -0.33171 0.12235 0.02267 0.44785 0.05248 0.01648
v -0.32262 0.12235 0.01183 0.44785 0.05248 0.01648
v -0.30869 0.12235 0.00938 0.44785 0.05248 0.01648
v -0.29644 0.12235 0.01645 0.44785 0.05248 0.01648
v -0.29160 0.12235 0.02974 0.44785 0.05248 0.01648
v -0.27295 0.13185 0.02974 0.44785 0.05248 0.01648
v -0.28215 0.13185 0.05502 0.44785 0.05248 0.01648
v -0.30545 0.13185 0.06848 0.44785 0.05248 0.01648
v -0.33194 0.13185 0.06380 0.44785 0.05248 0.01648
v -0.34924 0.13185 0.04319 0.44785 0.05248 0.01648
v -0.34924 0.13185 0.01629 0.44785 0.05248 0.01648
v -0.33194 0.13185 -0.00432 0.44785 0.05248 0.01648
v -0.30545 0.13185 -0.00899 0.44785 0.05248 0.01648
v -0.28215 0.13185 0.00446 0.44785 0.05248 0.01648
v -0.27295 0.13185 0.02974 0.44785 0.05248 0.01648
v -0.25814 0.14666 0.02974 0.44785 0.05248 0.01648
v -0.27081 0.14666 0.06454 0.44785 0.05248 0.01648
v -0.30288 0.14666 0.08306 0.44785 0.05248 0.01648
v -0.33935 0.14666 0.07662 0.44785 0.05248 0.01648
v -0.36315 0.14666 0.04826 0.44785 0.05248 0.01648
v -0.36315 0.14666 0.01122 0.44785 0.05248 0.01648
v -0.33935 0.14666 -0.01714 0.44785 0.05248 0.01648
v -0.30288 0.14666 -0.02357 0.44785 0.05248 0.01648
v -0.27081 0.14666 -0.00506 0.44785 0.05248 0.01648
v -0.25814 0.14666 0.02974 0.44785 0.05248 0.01648
v -0.24864 0.16531 0.02974 0.44785 0.05248 0.01648
v -0.26353 0.16531 0.07065 0.44785 0.05248 0.01648
v -0.30123 0.16531 0.09242 0.44785 0.05248 0.01648
v -0.34410 0.16531 0.08486 0.44785 0.05248 0.01648
v -0.37208 0.16531 0.05151 0.44785 0.05248 0.01648
v -0.37208 0.16531 0.00797 0.44785 0.05248 0.01648
v -0.34410 0.16531 -0.02537 0.44785 0.05248 0.01648
v -0.30123 0.16531 -0.03293 0.44785 0.05248 0.01648
v -0.26353 0.16531 -0.01117 0.44785 0.05248 0.01648
v -0.24864 0.16531 0.02974 0.44785 0.05248 0.01648
v -0.24536 0.18599 0.02974 0.44785 0.05248 0.01648
v -0.26102 0.18599 0.07275 0.44785 0.05248 0.01648
v -0.30066 0.18599 0.09564 0.44785 0.05248 0.01648
v -0.34574 0.18599 0.08769 0.44785 0.05248 0.01648
v -0.37516 0.18599 0.05263 0.44785 0.05248 0.01648
v -0.37516 0.18599 0.00685 0.44785 0.05248 0.01648
v -0.34574 0.18599 -0.02821 0.44785 0.05248 0.01648
v -0.30066 0.18599 -0.03616 0.44785 0.05248 0.01648
v -0.26102 0.18599 -0.01327 0.44785 0.05248 0.01648
v -0.24536 0.18599 0.02974 0.44785 0.05248 0.01648
v -0.24536 0.42020 0.02974 0.44785 0.05248 0.01648
v -0.26102 0.42020 0.07275 0.44785 0.05248 0.01648
v -0.30066 0.42020 0.09564 0.44785 0.05248 0.01648
v -0.34574 0.42020 0.08769 0.44785 0.05248 0.01648
v -0.37516 0.42020 0.05263 0.44785 0.05248 0.01648
v -0.37516 0.42020 0.00685 0.44785 0.05248 0.01648
v -0.34574 0.42020 -0.02821 0.44785 0.05248 0.01648
v -0.30066 0.42020 -0.03616 0.44785 0.05248 0.01648
v -0.26102 0.42020 -0.01327 0.44785 0.05248 0.01648
v -0.24536 0.42020 0.02974 0.44785 0.05248 0.01648
v -0.24864 0.44088 0.02974 0.44785 0.05248 0.01648
v -0.26353 0.44088 0.07065 0.44785 0.05248 0.01648
v -0.30123 0.44088 0.09242 0.44785 0.05248 0.01648
v -0.34410 0.44088 0.08486 0.44785 0.05248 0.01648
v -0.37208 0.44088 0.05151 0.44785 0.05248 0.01648
v -0.37208 0.44088 0.00797 0.44785 0.05248 0.01648
v -0.34410 0.44088 -0.02537 0.44785 0.05248 0.01648
v -0.30123 0.44088 -0.03293 0.44785 0.05248 0.01648
v -0.26353 0.44088 -0.01117 0.44785 0.05248 0.01648
v -0.24864 0.44088 0.02974 0.44785 0.05248 0.01648
v -0.25814 0.45953 0.02974 0.44785 0.05248 0.01648
v -0.27081 0.45953 0.06454 0.44785 0.05248 0.01648
v -0.30288 0.45953 0.08306 0.44785 0.05248 0.01648
v -0.33935 0.45953 0.07662 0.44785 0.05248 0.01648
v -0.36315 0.45953 0.04826 0.44785 0.05248 0.01648
v -0.36315 0.45953 0.01122 0.44785 0.05248 0.01648
v -0.33935 0.45953 -0.01714 0.44785 0.05248 0.01648
v -0.30288 0.45953 -0.02357 0.44785 0.05248 0.01648
v -0.27081 0.45953 -0.00506 0.44785 0.05248 0.01648
v -0.25814 0.45953 0.02974 0.44785 0.05248 0.01648
v -0.27295 0.47433 0.02974 0.44785 0.05248 0.01648
v -0.28215 0.47433 0.05502 0.44785 0.05248 0.01648
v -0.30545 0.47433 0.06848 0.44785 0.05248 0.01648
v -0.33194 0.47433 0.06380 0.44785 0.05248 0.01648
v -0.34924 0.47433 0.04319 0.44785 0.05248 0.01648
v -0.34924 0.47433 0.01629 0.44785 0.05248 0.01648
v -0.33194 0.47433 -0.00432 0.44785 0.05248 0.01648
v -0.30545 0.47433 -0.00899 0.44785 0.05248 0.01648
v -0.28215 0.47433 0.00446 0.44785 0.05248 0.01648
v -0.27295 0.47433 0.02974 0.44785 0.05248 0.01648
v -0.29160 0.48384 0.02974 0.44785 0.05248 0.01648
v -0.29644 0.48384 0.04303 0.44785 0.05248 0.01648
v -0.30869 0.48384 0.05010 0.44785 0.05248 0.01648
v -0.32262 0.48384 0.04765 0.44785 0.05248 0.01648
v -0.33171 0.48384 0.03681 0.44785 0.05248 0.01648
v -0.33171 0.48384 0.02267 0.44785 0.05248 0.01648
v -0.32262 0.48384 0.01183 0.44785 0.05248 0.01648
v -0.30869 0.48384 0.00938 0.44785 0.05248 0.01648
v -0.29644 0.48384 0.01645 0.44785 0.05248 0.01648
v -0.29160 0.48384 0.02974 0.44785 0.05248 0.01648
v -0.31228 0.48711 0.02974 0.44785 0.05248 0.01648
v -0.31228 0.48711 0.02974 0.44785 0.05248 0.01648
v -0.31228 0.48711 0.02974 0.44785 0.05248 0.01648
v -0.31228 0.48711 0.02974 0.44785 0.05248 0.01648
v -0.31228 0.48711 0.02974 0.44785 0.05248 0.01648
v -0.31228 0.48711 0.02974 0.44785 0.05248 0.01648
v -0.31228 0.48711 0.02974 0.44785 0.05248 0.01648
v -0.31228 0.48711 0.02974 0.44785 0.05248 0.01648
v -0.31228 0.48711 0.02974 0.44785 0.05248 0.01648
v -0.31228 0.48711 0.02974 0.44785 0.05248 0.01648
v -0.32715 0.14584 0.05948 0.44785 0.05248 0.01648
v -0.32715 0.14584 0.05948 0.44785 0.05248 0.01648
v -0.32715 0.14584 0.05948 0.44785 0.05248 0.01648
v -0.32715 0.14584 0.05948 0.44785 0.05248 0.01648
v -0.32715 0.14584 0.05948 0.44785 0.05248 0.01648
v -0.32715 0.14584 0.05948 0.44785 0.05248 0.01648
v -0.32715 0.14584 0.05948 0.44785 0.05248 0.01648
v -0.32715 0.14584 0.05948 0.44785 0.05248 0.01648
v -0.32715 0.14584 0.05948 0.44785 0.05248 0.01648
v -0.32715 0.14584 0.05948 0.44785 0.05248 0.01648
v -0.30957 0.14862 0.05948 0.44785 0.05248 0.01648
v -0.31368 0.14862 0.07078 0.44785 0.05248 0.01648
v -0.32410 0.14862 0.07679 0.44785 0.05248 0.01648
v -0.33594 0.14862 0.07470 0.44785 0.05248 0.01648
v -0.34366 0.14862 0.06549 0.44785 0.05248 0.01648
v -0.34366 0.14862 0.05347 0.44785 0.05248 0.01648
v -0.33594 0.14862 0.04426 0.44785 0.05248 0.01648
v -0.32410 0.14862 0.04217 0.44785 0.05248 0.01648
v -0.31368 0.14862 0.04818 0.44785 0.05248 0.01648
v -0.30957 0.14862 0.05948 0.44785 0.05248 0.01648
v -0.29372 0.15670 0.05948 0.44785 0.05248 0.01648
v -0.30154 0.15670 0.08097 0.44785 0.05248 0.01648
v -0.32134 0.15670 0.09241 0.44785 0.05248 0.01648
v -0.34386 0.15670 0.08844 0.44785 0.05248 0.01648
v -0.35856 0.15670 0.07092 0.44785 0.05248 0.01648
v -0.35856 0.15670 0.04805 0.44785 0.05248 0.01648
v -0.34386 0.15670 0.03053 0.44785 0.05248 0.01648
v -0.32134 0.15670 0.02656 0.44785 0.05248 0.01648
v -0.30154 0.15670 0.03799 0.44785 0.05248 0.01648
v -0.29372 0.15670 0.05948 0.44785 0.05248 0.01648
v -0.28113 0.16928 0.05948 0.44785 0.05248 0.01648
v -0.29190 0.16928 0.08906 0.44785 0.05248 0.01648
v -0.31916 0.16928 0.10480 0.44785 0.05248 0.01648
v -0.35016 0.16928 0.09933 0.44785 0.05248 0.01648
v -0.37039 0.16928 0.07522 0.44785 0.05248 0.01648
v -0.37039 0.16928 0.04374 0.44785 0.05248 0.01648
v -0.35016 0.16928 0.01963 0.44785 0.05248 0.01648
v -0.31916 0.16928 0.01416 0.44785 0.05248 0.01648
v -0.29190 0.16928 0.02990 0.44785 0.05248 0.01648
v -0.28113 0.16928 0.05948 0.44785 0.05248 0.01648
v -0.27305 0.18514 0.05948 0.44785 0.05248 0.01648
v -0.28571 0.18514 0.09425 0.44785 0.05248 0.01648
v -0.31775 0.18514 0.11275 0.44785 0.05248 0.01648
v -0.35420 0.18514 0.10633 0.44785 0.05248 0.01648
v -0.37798 0.18514 0.07798 0.44785 0.05248 0.01648
v -0.37798 0.18514 0.04098 0.44785 0.05248 0.01648
v -0.35420 0.18514 0.01263 0.44785 0.05248 0.01648
v -0.31775 0.18514 0.00621 0.44785 0.05248 0.01648
v -0.28571 0.18514 0.02471 0.44785 0.05248 0.01648
v -0.27305 0.18514 0.05948 0.44785 0.05248 0.01648
v -0.27027 0.20272 0.05948 0.44785 0.05248 0.01648
v -0.28358 0.20272 0.09604 0.44785 0.05248 0.01648
v -0.31727 0.20272 0.11550 0.44785 0.05248 0.01648
v -0.35559 0.20272 0.10874 0.44785 0.05248 0.01648
v -0.38060 0.20272 0.07894 0.44785 0.05248 0.01648
v -0.38060 0.20272 0.04003 0.44785 0.05248 0.01648
v -0.35559 0.20272 0.01022 0.44785 0.05248 0.01648
v -0.31727 0.20272 0.00347 0.44785 0.05248 0.01648
v -0.28358 0.20272 0.02292 0.44785 0.05248 0.01648
v -0.27027 0.20272 0.05948 0.44785 0.05248 0.01648
v -0.27027 0.40347 0.05948 0.44785 0.05248 0.01648
v -0.28358 0.40347 0.09604 0.44785 0.05248 0.01648
v -0.31727 0.40347 0.11550 0.44785 0.05248 0.01648
v -0.35559 0.40347 0.10874 0.44785 0.05248 0.01648
v -0.38060 0.40347 0.07894 0.44785 0.05248 0.01648
v -0.38060 0.40347 0.04003 0.44785 0.05248 0.01648
v -0.35559 0.40347 0.01022 0.44785 0.05248 0.01648
v -0.31727 0.40347 0.00347 0.44785 0.05248 0.01648
v -0.28358 0.40347 0.02292 0.44785 0.05248 0.01648
v -0.27027 0.40347 0.05948 0.44785 0.05248 0.01648
v -0.27305 0.42104 0.05948 0.44785 0.05248 0.01648
v -0.28571 0.42104 0.09425 0.44785 0.05248 0.01648
v -0.31775 0.42104 0.11275 0.44785 0.05248 0.01648
v -0.35420 0.42104 0.10633 0.44785 0.05248 0.01648
v -0.37798 0.42104 0.07798 0.44785 0.05248 0.01648
v -0.37798 0.42104 0.04098 0.44785 0.05248 0.01648
v -0.35420 0.42104 0.01263 0.44785 0.05248 0.01648
v -0.31775 0.42104 0.00621 0.44785 0.05248 0.01648
v -0.28571 0.42104 0.02471 0.44785 0.05248 0.01648
v -0.27305 0.42104 0.05948 0.44785 0.05248 0.01648
v -0.28113 0.43690 0.05948 0.44785 0.05248 0.01648
v -0.29190 0.43690 0.08906 0.44785 0.05248 0.01648
v -0.31916 0.43690 0.10480 0.44785 0.05248 0.01648
v -0.35016 0.43690 0.09933 0.44785 0.05248 0.01648
v -0.37039 0.43690 0.07522 0.44785 0.05248 0.01648
v -0.37039 0.43690 0.04374 0.44785 0.05248 0.01648
v -0.35016 0.43690 0.01963 0.44785 0.05248 0.01648
v -0.31916 0.43690 0.01416 0.44785 0.05248 0.01648
v -0.29190 0.43690 0.02990 0.44785 0.05248 0.01648
v -0.28113 0.43690 0.05948 0.44785 0.05248 0.01648
v -0.29372 0.44948 0.05948 0.44785 0.05248 0.01648
v -0.30154 0.44948 0.08097 0.44785 0.05248 0.01648
v -0.32134 0.44948 0.09241 0.44785 0.05248 0.01648
v -0.34386 0.44948 0.08844 0.44785 0.05248 0.01648
v -0.35856 0.44948 0.07092 0.44785 0.05248 0.01648
v -0.35856 0.44948 0.04805 0.44785 0.05248 0.01648
v -0.34386 0.44948 0.03053 0.44785 0.05248 0.01648
v -0.32134 0.44948 0.02656 0.44785 0.05248 0.01648
v -0.30154 0.44948 0.03799 0.44785 0.05248 0.01648
v -0.29372 0.44948 0.05948 0.44785 0.05248 0.01648
v -0.30957 0.45756 0.05948 0.44785 0.05248 0.01648
v -0.31368 0.45756 0.07078 0.44785 0.05248 0.01648
v -0.32410 0.45756 0.07679 0.44785 0.05248 0.01648
v -0.33594 0.45756 0.07470 0.44785 0.05248 0.01648
v -0.34366 0.45756 0.06549 0.44785 0.05248 0.01648
v -0.34366 0.45756 0.05347 0.44785 0.05248 0.01648
v -0.33594 0.45756 0.04426 0.44785 0.05248 0.01648
v -0.32410 0.45756 0.04217 0.44785 0.05248 0.01648
v -0.31368 0.45756 0.04818 0.44785 0.05248 0.01648
v -0.30957 0.45756 0.05948 0.44785 0.05248 0.01648
v -0.32715 0.46035 0.05948 0.44785 0.05248 0.01648
v -0.32715 0.46035 0.05948 0.44785 0.05248 0.01648
v -0.32715 0.46035 0.05948 0.44785 0.05248 0.01648
v -0.32715 0.46035 0.05948 0.44785 0.05248 0.01648
v -0.32715 0.46035 0.05948 0.44785 0.05248 0.01648
v -0.32715 0.46035 0.05948 0.44785 0.05248 0.01648
v -0.32715 0.46035 0.05948 0.44785 0.05248 0.01648
v -0.32715 0.46035 0.05948 0.44785 0.05248 0.01648
v -0.32715 0.46035 0.05948 0.44785 0.05248 0.01648
v -0.32715 0.46035 0.05948 0.44785 0.05248 0.01648
v 0.14870 0.08543 0.01487 0.44785 0.05248 0.01648
v 0.14870 0.08543 0.01487 0.44785 0.05248 0.01648
v 0.14870 0.08543 0.01487 0.44785 0.05248 0.01648
v 0.14870 0.08543 0.01487 0.44785 0.05248 0.01648
v 0.14870 0.08543 0.01487 0.44785 0.05248 0.01648
v 0.14870 0.08543 0.01487 0.44785 0.05248 0.01648
v 0.14870 0.08543 0.01487 0.44785 0.05248 0.01648
v 0.14870 0.08543 0.01487 0.44785 0.05248 0.01648
v 0.14870 0.08543 0.01487 0.44785 0.05248 0.01648
v 0.14870 0.08543 0.01487 0.44785 0.05248 0.01648
v 0.17777 0.09003 0.01487 0.44785 0.05248 0.01648
v 0.17097 0.09003 0.03355 0.44785 0.05248 0.01648
v 0.15375 0.09003 0.04349 0.44785 0.05248 0.01648
v 0.13417 0.09003 0.04004 0.44785 0.05248 0.01648
v 0.12139 0.09003 0.02481 0.44785 0.05248 0.01648
v 0.12139 0.09003 0.00493 0.44785 0.05248 0.01648
v 0.13417 0.09003 -0.01030 0.44785 0.05248 0.01648
v 0.15375 0.09003 -0.01375 0.44785 0.05248 0.01648
v 0.17097 0.09003 -0.00381 0.44785 0.05248 0.01648
v 0.17777 0.09003 0.01487 0.44785 0.05248 0.01648
v 0.20399 0.10339 0.01487 0.44785 0.05248 0.01648
v 0.19105 0.10339 0.05041 0.44785 0.05248 0.01648
v 0.15830 0.10339 0.06931 0.44785 0.05248 0.01648
v 0.12106 0.10339 0.06275 0.44785 0.05248 0.01648
v 0.09675 0.10339 0.03378 0.44785 0.05248 0.01648
v 0.09675 0.10339 -0.00404 0.44785 0.05248 0.01648
v 0.12106 0.10339 -0.03301 0.44785 0.05248 0.01648
v 0.15830 0.10339 -0.03957 0.44785 0.05248 0.01648
v 0.19105 0.10339 -0.02067 0.44785 0.05248 0.01648
v 0.20399 0.10339 0.01487 0.44785 0.05248 0.01648
v 0.22480 0.12420 0.01487 0.44785 0.05248 0.01648
v 0.20699 0.12420 0.06378 0.44785 0.05248 0.01648
v 0.16192 0.12420 0.08981 0.44785 0.05248 0.01648
v 0.11066 0.12420 0.08077 0.44785 0.05248 0.01648
v 0.07720 0.12420 0.04090 0.44785 0.05248 0.01648
v 0.07720 0.12420 -0.01115 0.44785 0.05248 0.01648
v 0.11066 0.12420 -0.05103 0.44785 0.05248 0.01648
v 0.16192 0.12420 -0.06007 0.44785 0.05248 0.01648
v 0.20699 0.12420 -0.03404 0.44785 0.05248 0.01648
v 0.22480 0.12420 0.01487 0.44785 0.05248 0.01648
v 0.23816 0.15042 0.01487 0.44785 0.05248 0.01648
v 0.21723 0.15042 0.07237 0.44785 0.05248 0.01648
v 0.16424 0.15042 0.10296 0.44785 0.05248 0.01648
v 0.10398 0.15042 0.09234 0.44785 0.05248 0.01648
v 0.06465 0.15042 0.04546 0.44785 0.05248 0.01648
v 0.06465 0.15042 -0.01572 0.44785 0.05248 0.01648
v 0.10398 0.15042 -0.06260 0.44785 0.05248 0.01648
v 0.16424 0.15042 -0.07322 0.44785 0.05248 0.01648
v 0.21723 0.15042 -0.04263 0.44785 0.05248 0.01648
v 0.23816 0.15042 0.01487 0.44785 0.05248 0.01648
v 0.24276 0.17948 0.01487 0.44785 0.05248 0.01648
v 0.22075 0.17948 0.07533 0.44785 0.05248 0.01648
v 0.16504 0.17948 0.10750 0.44785 0.05248 0.01648
v 0.10168 0.17948 0.09632 0.44785 0.05248 0.01648
v 0.06032 0.17948 0.04704 0.44785 0.05248 0.01648
v 0.06032 0.17948 -0.01730 0.44785 0.05248 0.01648
v 0.10168 0.17948 -0.06658 0.44785 0.05248 0.01648
v 0.16504 0.17948 -0.07776 0.44785 0.05248 0.01648
v 0.22075 0.17948 -0.04559 0.44785 0.05248 0.01648
v 0.24276 0.17948 0.01487 0.44785 0.05248 0.01648
v 0.24276 0.42670 0.01487 0.44785 0.05248 0.01648
v 0.22075 0.42670 0.07533 0.44785 0.05248 0.01648
v 0.16504 0.42670 0.10750 0.44785 0.05248 0.01648
v 0.10168 0.42670 0.09632 0.44785 0.05248 0.01648
v 0.06032 0.42670 0.04704 0.44785 0.05248 0.01648
v 0.06032 0.42670 -0.01730 0.44785 0.05248 0.01648
v 0.10168 0.42670 -0.06658 0.44785 0.05248 0.01648
v 0.16504 0.42670 -0.07776 0.44785 0.05248 0.01648
v 0.22075 0.42670 -0.04559 0.44785 0.05248 0.01648
v 0.24276 0.42670 0.01487 0.44785 0.05248 0.01648
v 0.23816 0.45577 0.01487 0.44785 0.05248 0.01648
v 0.21723 0.45577 0.07237 0.44785 0.05248 0.01648
v 0.16424 0.45577 0.10296 0.44785 0.05248 0.01648
v 0.10398 0.45577 0.09234 0.44785 0.05248 0.01648
v 0.06465 0.45577 0.04546 0.44785 0.05248 0.01648
v 0.06465 0.45577 -0.01572 0.44785 0.05248 0.01648
v 0.10398 0.45577 -0.06260 0.44785 0.05248 0.01648
v 0.16424 0.45577 -0.07322 0.44785 0.05248 0.01648
v 0.21723 0.45577 -0.04263 0.44785 0.05248 0.01648
v 0.23816 0.45577 0.01487 0.44785 0.05248 0.01648
v 0.22480 0.48199 0.01487 0.44785 0.05248 0.01648
v 0.20699 0.48199 0.06378 0.44785 0.05248 0.01648
v 0.16192 0.48199 0.08981 0.44785 0.05248 0.01648
v 0.11066 0.48199 0.08077 0.44785 0.05248 0.01648
v 0.07720 0.48199 0.04090 0.44785 0.05248 0.01648
v 0.07720 0.48199 -0.01115 0.44785 0.05248 0.01648
v 0.11066 0.48199 -0.05103 0.44785 0.05248 0.01648
v 0.16192 0.48199 -0.06007 0.44785 0.05248 0.01648
v 0.20699 0.48199 -0.03404 0.44785 0.05248 0.01648
v 0.22480 0.48199 0.01487 0.44785 0.05248 0.01648
v 0.20399 0.50279 0.01487 0.44785 0.05248 0.01648
v 0.19105 0.50279 0.05041 0.44785 0.05248 0.01648
v 0.15830 0.50279 0.06931 0.44785 0.05248 0.01648
v 0.12106 0.50279 0.06275 0.44785 0.05248 0.01648
v 0.09675 0.50279 0.03378 0.44785 0.05248 0.01648
v 0.09675 0.50279 -0.00404 0.44785 0.05248 0.01648
v 0.12106 0.50279 -0.03301 0.44785 0.05248 0.01648
v 0.15830 0.50279 -0.03957 0.44785 0.05248 0.01648
v 0.19105 0.50279 -0.02067 0.44785 0.05248 0.01648
v 0.20399 0.50279 0.01487 0.44785 0.05248 0.01648
v 0.17777 0.51615 0.01487 0.44785 0.05248 0.01648
v 0.17097 0.51615 0.03355 0.44785 0.05248 0.01648
v 0.15375 0.51615 0.04349 0.44785 0.05248 0.01648
v 0.13417 0.51615 0.04004 0.44785 0.05248 0.01648
v 0.12139 0.51615 0.02481 0.44785 0.05248 0.01648
v 0.12139 0.51615 0.00493 0.44785 0.05248 0.01648
v 0.13417 0.51615 -0.01030 0.44785 0.05248 0.01648
v 0.15375 0.51615 -0.01375 0.44785 0.05248 0.01648
v 0.17097 0.51615 -0.00381 0.44785 0.05248 0.01648
v 0.17777 0.51615 0.01487 0.44785 0.05248 0.01648
v 0.14870 0.52076 0.01487 0.44785 0.05248 0.01648
v 0.14870 0.52076 0.01487 0.44785 0.05248 0.01648
v 0.14870 0.52076 0.01487 0.44785 0.05248 0.01648
v 0.14870 0.52076 0.01487 0.44785 0.05248 0.01648
v 0.14870 0.52076 0.01487 0.44785 0.05248 0.01648
v 0.14870 0.52076 0.01487 0.44785 0.05248 0.01648
v 0.14870 0.52076 0.01487 0.44785 0.05248 0.01648
v 0.14870 0.52076 0.01487 0.44785 0.05248 0.01648
v 0.14870 0.52076 0.01487 0.44785 0.05248 0.01648
v 0.14870 0.52076 0.01487 0.44785 0.05248 0.01648
v 0.14870 0.13060 0.07435 0.44785 0.05248 0.01648
v 0.14870 0.13060 0.07435 0.44785 0.05248 0.01648
v 0.14870 0.13060 0.07435 0.44785 0.05248 0.01648
v 0.14870 0.13060 0.07435 0.44785 0.05248 0.01648
v 0.14870 0.13060 0.07435 0.44785 0.05248 0.01648
v 0.14870 0.13060 0.07435 0.44785 0.05248 0.01648
v 0.14870 0.13060 0.07435 0.44785 0.05248 0.01648
v 0.14870 0.13060 0.07435 0.44785 0.05248 0.01648
v 0.14870 0.13060 0.07435 0.44785 0.05248 0.01648
v 0.14870 0.13060 0.07435 0.44785 0.05248 0.01648
v 0.17145 0.13420 0.07435 0.44785 0.05248 0.01648
v 0.16613 0.13420 0.08897 0.44785 0.05248 0.01648
v 0.15265 0.13420 0.09675 0.44785 0.05248 0.01648
v 0.13733 0.13420 0.09405 0.44785 0.05248 0.01648
v 0.12733 0.13420 0.08213 0.44785 0.05248 0.01648
v 0.12733 0.13420 0.06657 0.44785 0.05248 0.01648
v 0.13733 0.13420 0.05465 0.44785 0.05248 0.01648
v 0.15265 0.13420 0.05195 0.44785 0.05248 0.01648
v 0.16613 0.13420 0.05973 0.44785 0.05248 0.01648
v 0.17145 0.13420 0.07435 0.44785 0.05248 0.01648
v 0.19197 0.14465 0.07435 0.44785 0.05248 0.01648
v 0.18185 0.14465 0.10216 0.44785 0.05248 0.01648
v 0.15622 0.14465 0.11696 0.44785 0.05248 0.01648
v 0.12707 0.14465 0.11182 0.44785 0.05248 0.01648
v 0.10805 0.14465 0.08915 0.44785 0.05248 0.01648
v 0.10805 0.14465 0.05955 0.44785 0.05248 0.01648
v 0.12707 0.14465 0.03688 0.44785 0.05248 0.01648
v 0.15622 0.14465 0.03174 0.44785 0.05248 0.01648
v 0.18185 0.14465 0.04654 0.44785 0.05248 0.01648
v 0.19197 0.14465 0.07435 0.44785 0.05248 0.01648
v 0.20825 0.16094 0.07435 0.44785 0.05248 0.01648
v 0.19432 0.16094 0.11263 0.44785 0.05248 0.01648
v 0.15904 0.16094 0.13300 0.44785 0.05248 0.01648
v 0.11893 0.16094 0.12592 0.44785 0.05248 0.01648
v 0.09274 0.16094 0.09472 0.44785 0.05248 0.01648
v 0.09274 0.16094 0.05398 0.44785 0.05248 0.01648
v 0.11893 0.16094 0.02278 0.44785 0.05248 0.01648
v 0.15904 0.16094 0.01571 0.44785 0.05248 0.01648
v 0.19432 0.16094 0.03607 0.44785 0.05248 0.01648
v 0.20825 0.16094 0.07435 0.44785 0.05248 0.01648
v 0.21871 0.18146 0.07435 0.44785 0.05248 0.01648
v 0.20233 0.18146 0.11935 0.44785 0.05248 0.01648
v 0.16086 0.18146 0.14329 0.44785 0.05248 0.01648
v 0.11370 0.18146 0.13498 0.44785 0.05248 0.01648
v 0.08292 0.18146 0.09830 0.44785 0.05248 0.01648
v 0.08292 0.18146 0.05041 0.44785 0.05248 0.01648
v 0.11370 0.18146 0.01373 0.44785 0.05248 0.01648
v 0.16086 0.18146 0.00541 0.44785 0.05248 0.01648
v 0.20233 0.18146 0.02935 0.44785 0.05248 0.01648
v 0.21871 0.18146 0.07435 0.44785 0.05248 0.01648
v 0.22231 0.20420 0.07435 0.44785 0.05248 0.01648
v 0.20509 0.20420 0.12167 0.44785 0.05248 0.01648
v 0.16149 0.20420 0.14684 0.44785 0.05248 0.01648
v 0.11190 0.20420 0.13810 0.44785 0.05248 0.01648
v 0.07953 0.20420 0.09953 0.44785 0.05248 0.01648
v 0.07953 0.20420 0.04918 0.44785 0.05248 0.01648
v 0.11190 0.20420 0.01061 0.44785 0.05248 0.01648
v 0.16149 0.20420 0.00186 0.44785 0.05248 0.01648
v 0.20509 0.20420 0.02704 0.44785 0.05248 0.01648
v 0.22231 0.20420 0.07435 0.44785 0.05248 0.01648
v 0.22231 0.40198 0.07435 0.44785 0.05248 0.01648
v 0.20509 0.40198 0.12167 0.44785 0.05248 0.01648
v 0.16149 0.40198 0.14684 0.44785 0.05248 0.01648
v 0.11190 0.40198 0.13810 0.44785 0.05248 0.01648
v 0.07953 0.40198 0.09953 0.44785 0.05248 0.01648
v 0.07953 0.40198 0.04918 0.44785 0.05248 0.01648
v 0.11190 0.40198 0.01061 0.44785 0.05248 0.01648
v 0.16149 0.40198 0.00186 0.44785 0.05248 0.01648
v 0.20509 0.40198 0.02704 0.44785 0.05248 0.01648
v 0.22231 0.40198 0.07435 0.44785 0.05248 0.01648
v 0.21871 0.42473 0.07435 0.44785 0.05248 0.01648
v 0.20233 0.42473 0.11935 0.44785 0.05248 0.01648
v 0.16086 0.42473 0.14329 0.44785 0.05248 0.01648
v 0.11370 0.42473 0.13498 0.44785 0.05248 0.01648
v 0.08292 0.42473 0.09830 0.44785 0.05248 0.01648
v 0.08292 0.42473 0.05041 0.44785 0.05248 0.01648
v 0.11370 0.42473 0.01373 0.44785 0.05248 0.01648
v 0.16086 0.42473 0.00541 0.44785 0.05248 0.01648
v 0.20233 0.42473 0.02935 0.44785 0.05248 0.01648
v 0.21871 0.42473 0.07435 0.44785 0.05248 0.01648
v 0.20825 0.44525 0.07435 0.44785 0.05248 0.01648
v 0.19432 0.44525 0.11263 0.44785 0.05248 0.01648
v 0.15904 0.44525 0.13300 0.44785 0.05248 0.01648
v 0.11893 0.44525 0.12592 0.44785 0.05248 0.01648
v 0.09274 0.44525 0.09472 0.44785 0.05248 0.01648
v 0.09274 0.44525 0.05398 0.44785 0.05248 0.01648
v 0.11893 0.44525 0.02278 0.44785 0.05248 0.01648
v 0.15904 0.44525 0.01571 0.44785 0.05248 0.01648
v 0.19432 0.44525 0.03607 0.44785 0.05248 0.01648
v 0.20825 0.44525 0.07435 0.44785 0.05248 0.01648
v 0.19197 0.46153 0.07435 0.44785 0.05248 0.01648
v 0.18185 0.46153 0.10216 0.44785 0.05248 0.01648
v 0.15622 0.46153 0.11696 0.44785 0.05248 0.01648
v 0.12707 0.46153 0.11182 0.44785 0.05248 0.01648
v 0.10805 0.46153 0.08915 0.44785 0.05248 0.01648
v 0.10805 0.46153 0.05955 0.44785 0.05248 0.01648
v 0.12707 0.46153 0.03688 0.44785 0.05248 0.01648
v 0.15622 0.46153 0.03174 0.44785 0.05248 0.01648
v 0.18185 0.46153 0.04654 0.44785 0.05248 0.01648
v 0.19197 0.46153 0.07435 0.44785 0.05248 0.01648
v 0.17145 0.47199 0.07435 0.44785 0.05248 0.01648
v 0.16613 0.47199 0.08897 0.44785 0.05248 0.01648
v 0.15265 0.47199 0.09675 0.44785 0.05248 0.01648
v 0.13733 0.47199 0.09405 0.44785 0.05248 0.01648
v 0.12733 0.47199 0.08213 0.44785 0.05248 0.01648
v 0.12733 0.47199 0.06657 0.44785 0.05248 0.01648
v 0.13733 0.47199 0.05465 0.44785 0.05248 0.01648
v 0.15265 0.47199 0.05195 0.44785 0.05248 0.01648
v 0.16613 0.47199 0.05973 0.44785 0.05248 0.01648
v 0.17145 0.47199 0.07435 0.44785 0.05248 0.01648
v 0.14870 0.47559 0.07435 0.44785 0.05248 0.01648
v 0.14870 0.47559 0.07435 0.44785 0.05248 0.01648
v 0.14870 0.47559 0.07435 0.44785 0.05248 0.01648
v 0.14870 0.47559 0.07435 0.44785 0.05248 0.01648
v 0.14870 0.47559 0.07435 0.44785 0.05248 0.01648
v 0.14870 0.47559 0.07435 0.44785 0.05248 0.01648
v 0.14870 0.47559 0.07435 0.44785 0.05248 0.01648
v 0.14870 0.47559 0.07435 0.44785 0.05248 0.01648
v 0.14870 0.47559 0.07435 0.44785 0.05248 0.01648
v 0.14870 0.47559 0.07435 0.44785 0.05248 0.01648
v 0.14870 0.20049 0.14870 0.44785 0.05248 0.01648
v 0.14870 0.20049 0.14870 0.44785 0.05248 0.01648
v 0.14870 0.20049 0.14870 0.44785 0.05248 0.01648
v 0.14870 0.20049 0.14870 0.44785 0.05248 0.01648
v 0.14870 0.20049 0.14870 0.44785 0.05248 0.01648
v 0.14870 0.20049 0.14870 0.44785 0.05248 0.01648
v 0.14870 0.20049 0.14870 0.44785 0.05248 0.01648
v 0.14870 0.20049 0.14870 0.44785 0.05248 0.01648
v 0.16905 0.20453 0.14870 0.44785 0.05248 0.01648
v 0.16139 0.20453 0.16461 0.44785 0.05248 0.01648
v 0.14418 0.20453 0.16854 0.44785 0.05248 0.01648
v 0.13037 0.20453 0.15753 0.44785 0.05248 0.01648
v 0.13037 0.20453 0.13988 0.44785 0.05248 0.01648
v 0.14418 0.20453 0.12887 0.44785 0.05248 0.01648
v 0.16139 0.20453 0.13280 0.44785 0.05248 0.01648
v 0.16905 0.20453 0.14870 0.44785 0.05248 0.01648
v 0.18629 0.21606 0.14870 0.44785 0.05248 0.01648
v 0.17214 0.21606 0.17809 0.44785 0.05248 0.01648
v 0.14034 0.21606 0.18535 0.44785 0.05248 0.01648
v 0.11484 0.21606 0.16501 0.44785 0.05248 0.01648
v 0.11484 0.21606 0.13239 0.44785 0.05248 0.01648
v 0.14034 0.21606 0.11206 0.44785 0.05248 0.01648
v 0.17214 0.21606 0.11931 0.44785 0.05248 0.01648
v 0.18629 0.21606 0.14870 0.44785 0.05248 0.01648
v 0.19782 0.23330 0.14870 0.44785 0.05248 0.01648
v 0.17933 0.23330 0.18710 0.44785 0.05248 0.01648
v 0.13777 0.23330 0.19659 0.44785 0.05248 0.01648
v 0.10445 0.23330 0.17001 0.44785 0.05248 0.01648
v 0.10445 0.23330 0.12739 0.44785 0.05248 0.01648
v 0.13777 0.23330 0.10082 0.44785 0.05248 0.01648
v 0.17933 0.23330 0.11030 0.44785 0.05248 0.01648
v 0.19782 0.23330 0.14870 0.44785 0.05248 0.01648
v 0.20187 0.25365 0.14870 0.44785 0.05248 0.01648
v 0.18185 0.25365 0.19027 0.44785 0.05248 0.01648
v 0.13687 0.25365 0.20053 0.44785 0.05248 0.01648
v 0.10081 0.25365 0.17177 0.44785 0.05248 0.01648
v 0.10081 0.25365 0.12564 0.44785 0.05248 0.01648
v 0.13687 0.25365 0.09688 0.44785 0.05248 0.01648
v 0.18185 0.25365 0.10714 0.44785 0.05248 0.01648
v 0.20187 0.25365 0.14870 0.44785 0.05248 0.01648
v 0.20187 0.35254 0.14870 0.44785 0.05248 0.01648
v 0.18185 0.35254 0.19027 0.44785 0.05248 0.01648
v 0.13687 0.35254 0.20053 0.44785 0.05248 0.01648
v 0.10081 0.35254 0.17177 0.44785 0.05248 0.01648
v 0.10081 0.35254 0.12564 0.44785 0.05248 0.01648
v 0.13687 0.35254 0.09688 0.44785 0.05248 0.01648
v 0.18185 0.35254 0.10714 0.44785 0.05248 0.01648
v 0.20187 0.35254 0.14870 0.44785 0.05248 0.01648
v 0.19782 0.37288 0.14870 0.44785 0.05248 0.01648
v 0.17933 0.37288 0.18710 0.44785 0.05248 0.01648
v 0.13777 0.37288 0.19659 0.44785 0.05248 0.01648
v 0.10445 0.37288 0.17001 0.44785 0.05248 0.01648
v 0.10445 0.37288 0.12739 0.44785 0.05248 0.01648
v 0.13777 0.37288 0.10082 0.44785 0.05248 0.01648
v 0.17933 0.37288 0.11030 0.44785 0.05248 0.01648
v 0.19782 0.37288 0.14870 0.44785 0.05248 0.01648
v 0.18629 0.39013 0.14870 0.44785 0.05248 0.01648
v 0.17214 0.39013 0.17809 0.44785 0.05248 0.01648
v 0.14034 0.39013 0.18535 0.44785 0.05248 0.01648
v 0.11484 0.39013 0.16501 0.44785 0.05248 0.01648
v 0.11484 0.39013 0.13239 0.44785 0.05248 0.01648
v 0.14034 0.39013 0.11206 0.44785 0.05248 0.01648
v 0.17214 0.39013 0.11931 0.44785 0.05248 0.01648
v 0.18629 0.39013 0.14870 0.44785 0.05248 0.01648
v 0.16905 0.40165 0.14870 0.44785 0.05248 0.01648
v 0.16139 0.40165 0.16461 0.44785 0.05248 0.01648
v 0.14418 0.40165 0.16854 0.44785 0.05248 0.01648
v 0.13037 0.40165 0.15753 0.44785 0.05248 0.01648
v 0.13037 0.40165 0.13988 0.44785 0.05248 0.01648
v 0.14418 0.40165 0.12887 0.44785 0.05248 0.01648
v 0.16139 0.40165 0.13280 0.44785 0.05248 0.01648
v 0.16905 0.40165 0.14870 0.44785 0.05248 0.01648
v 0.14870 0.40570 0.14870 0.44785 0.05248 0.01648
v 0.14870 0.40570 0.14870 0.44785 0.05248 0.01648
v 0.14870 0.40570 0.14870 0.44785 0.05248 0.01648
v 0.14870 0.40570 0.14870 0.44785 0.05248 0.01648
v 0.14870 0.40570 0.14870 0.44785 0.05248 0.01648
v 0.14870 0.40570 0.14870 0.44785 0.05248 0.01648
v 0.14870 0.40570 0.14870 0.44785 0.05248 0.01648
v 0.14870 0.40570 0.14870 0.44785 0.05248 0.01648
v -0.14870 0.08543 0.01487 0.44785 0.05248 0.01648
v -0.14870 0.08543 0.01487 0.44785 0.05248 0.01648
v -0.14870 0.08543 0.01487 0.44785 0.05248 0.01648
v -0.14870 0.08543 0.01487 0.44785 0.05248 0.01648
v -0.14870 0.08543 0.01487 0.44785 0.05248 0.01648
v -0.14870 0.08543 0.01487 0.44785 0.05248 0.01648
v -0.14870 0.08543 0.01487 0.44785 0.05248 0.01648
v -0.14870 0.08543 0.01487 0.44785 0.05248 0.01648
v -0.14870 0.08543 0.01487 0.44785 0.05248 0.01648
v -0.14870 0.08543 0.01487 0.44785 0.05248 0.01648
v -0.11964 0.09003 0.01487 0.44785 0.05248 0.01648
v -0.12644 0.09003 0.03355 0.44785 0.05248 0.01648
v -0.14366 0.09003 0.04349 0.44785 0.05248 0.01648
v -0.16324 0.09003 0.04004 0.44785 0.05248 0.01648
v -0.17602 0.09003 0.02481 0.44785 0.05248 0.01648
v -0.17602 0.09003 0.00493 0.44785 0.05248 0.01648
v -0.16324 0.09003 -0.01030 0.44785 0.05248 0.01648
v -0.14366 0.09003 -0.01375 0.44785 0.05248 0.01648
v -0.12644 0.09003 -0.00381 0.44785 0.05248 0.01648
v -0.11964 0.09003 0.01487 0.44785 0.05248 0.01648
v -0.09342 0.10339 0.01487 0.44785 0.05248 0.01648
v -0.10635 0.10339 0.05041 0.44785 0.05248 0.01648
v -0.13910 0.10339 0.06931 0.44785 0.05248 0.01648
v -0.17635 0.10339 0.06275 0.44785 0.05248 0.01648
v -0.20065 0.10339 0.03378 0.44785 0.05248 0.01648
v -0.20065 0.10339 -0.00404 0.44785 0.05248 0.01648
v -0.17635 0.10339 -0.03301 0.44785 0.05248 0.01648
v -0.13910 0.10339 -0.03957 0.44785 0.05248 0.01648
v -0.10635 0.10339 -0.02067 0.44785 0.05248 0.01648
v -0.09342 0.10339 0.01487 0.44785 0.05248 0.01648
v -0.07261 0.12420 0.01487 0.44785 0.05248 0.01648
v -0.09041 0.12420 0.06378 0.44785 0.05248 0.01648
v -0.13549 0.12420 0.08981 0.44785 0.05248 0.01648
v -0.18675 0.12420 0.08077 0.44785 0.05248 0.01648
v -0.22021 0.12420 0.04090 0.44785 0.05248 0.01648
v -0.22021 0.12420 -0.01115 0.44785 0.05248 0.01648
v -0.18675 0.12420 -0.05103 0.44785 0.05248 0.01648
v -0.13549 0.12420 -0.06007 0.44785 0.05248 0.01648
v -0.09041 0.12420 -0.03404 0.44785 0.05248 0.01648
v -0.07261 0.12420 0.01487 0.44785 0.05248 0.01648
v -0.05925 0.15042 0.01487 0.44785 0.05248 0.01648
v -0.08018 0.15042 0.07237 0.44785 0.05248 0.01648
v -0.13317 0.15042 0.10296 0.44785 0.05248 0.01648
v -0.19343 0.15042 0.09234 0.44785 0.05248 0.01648
v -0.23276 0.15042 0.04546 0.44785 0.05248 0.01648
v -0.23276 0.15042 -0.01572 0.44785 0.05248 0.01648
v -0.19343 0.15042 -0.06260 0.44785 0.05248 0.01648
v -0.13317 0.15042 -0.07322 0.44785 0.05248 0.01648
v -0.08018 0.15042 -0.04263 0.44785 0.05248 0.01648
v -0.05925 0.15042 0.01487 0.44785 0.05248 0.01648
v -0.05465 0.17948 0.01487 0.44785 0.05248 0.01648
v -0.07665 0.17948 0.07533 0.44785 0.05248 0.01648
v -0.13237 0.17948 0.10750 0.44785 0.05248 0.01648
v -0.19573 0.17948 0.09632 0.44785 0.05248 0.01648
v -0.23709 0.17948 0.04704 0.44785 0.05248 0.01648
v -0.23709 0.17948 -0.01730 0.44785 0.05248 0.01648
v -0.19573 0.17948 -0.06658 0.44785 0.05248 0.01648
v -0.13237 0.17948 -0.07776 0.44785 0.05248 0.01648
v -0.07665 0.17948 -0.04559 0.44785 0.05248 0.01648
v -0.05465 0.17948 0.01487 0.44785 0.05248 0.01648
v -0.05465 0.42670 0.01487 0.44785 0.05248 0.01648
v -0.07665 0.42670 0.07533 0.44785 0.05248 0.01648
v -0.13237 0.42670 0.10750 0.44785 0.05248 0.01648
v -0.19573 0.42670 0.09632 0.44785 0.05248 0.01648
v -0.23709 0.42670 0.04704 0.44785 0.05248 0.01648
v -0.23709 0.42670 -0.01730 0.44785 0.05248 0.01648
v -0.19573 0.42670 -0.06658 0.44785 0.05248 0.01648
v -0.13237 0.42670 -0.07776 0.44785 0.05248 0.01648
v -0.07665 0.42670 -0.04559 0.44785 0.05248 0.01648
v -0.05465 0.42670 0.01487 0.44785 0.05248 0.01648
v -0.05925 0.45577 0.01487 0.44785 0.05248 0.01648
v -0.08018 0.45577 0.07237 0.44785 0.05248 0.01648
v -0.13317 0.45577 0.10296 0.44785 0.05248 0.01648
v -0.19343 0.45577 0.09234 0.44785 0.05248 0.01648
v -0.23276 0.45577 0.04546 0.44785 0.05248 0.01648
v -0.23276 0.45577 -0.01572 0.44785 0.05248 0.01648
v -0.19343 0.45577 -0.06260 0.44785 0.05248 0.01648
v -0.13317 0.45577 -0.07322 0.44785 0.05248 0.01648
v -0.08018 0.45577 -0.04263 0.44785 0.05248 0.01648
v -0.05925 0.45577 0.01487 0.44785 0.05248 0.01648
v -0.07261 0.48199 0.01487 0.44785 0.05248 0.01648
v -0.09041 0.48199 0.06378 0.44785 0.05248 0.01648
v -0.13549 0.48199 0.08981 0.44785 0.05248 0.01648
v -0.18675 0.48199 0.08077 0.44785 0.05248 0.01648
v -0.22021 0.48199 0.04090 0.44785 0.05248 0.01648
v -0.22021 0.48199 -0.01115 0.44785 0.05248 0.01648
v -0.18675 0.48199 -0.05103 0.44785 0.05248 0.01648
v -0.13549 0.48199 -0.06007 0.44785 0.05248 0.01648
v -0.09041 0.48199 -0.03404 0.44785 0.05248 0.01648
v -0.07261 0.48199 0.01487 0.44785 0.05248 0.01648
v -0.09342 0.50279 0.01487 0.44785 0.05248 0.01648
v -0.10635 0.50279 0.05041 0.44785 0.05248 0.01648
v -0.13910 0.50279 0.06931 0.44785 0.05248 0.01648
v -0.17635 0.50279 0.06275 0.44785 0.05248 0.01648
v -0.20065 0.50279 0.03378 0.44785 0.05248 0.01648
v -0.20065 0.50279 -0.00404 0.44785 0.05248 0.01648
v -0.17635 0.50279 -0.03301 0.44785 0.05248 0.01648
v -0.13910 0.50279 -0.03957 0.44785 0.05248 0.01648
v -0.10635 0.50279 -0.02067 0.44785 0.05248 0.01648
v -0.09342 0.50279 0.01487 0.44785 0.05248 0.01648
v -0.11964 0.51615 0.01487 0.44785 0.05248 0.01648
v -0.12644 0.51615 0.03355 0.44785 0.05248 0.01648
v -0.14366 0.51615 0.04349 0.44785 0.05248 0.01648
v -0.16324 0.51615 0.04004 0.44785 0.05248 0.01648
v -0.17602 0.51615 0.02481 0.44785 0.05248 0.01648
v -0.17602 0.51615 0.00493 0.44785 0.05248 0.01648
v -0.16324 0.51615 -0.01030 0.44785 0.05248 0.01648
v -0.14366 0.51615 -0.01375 0.44785 0.05248 0.01648
v -0.12644 0.51615 -0.00381 0.44785 0.05248 0.01648
v -0.11964 0.51615 0.01487 0.44785 0.05248 0.01648
v -0.14870 0.52076 0.01487 0.44785 0.05248 0.01648
v -0.14870 0.52076 0.01487 0.44785 0.05248 0.01648
v -0.14870 0.52076 0.01487 0.44785 0.05248 0.01648
v -0.14870 0.52076 0.01487 0.44785 0.05248 0.01648
v -0.14870 0.52076 0.01487 0.44785 0.05248 0.01648
v -0.14870 0.52076 0.01487 0.44785 0.05248 0.01648
v -0.14870 0.52076 0.01487 0.44785 0.05248 0.01648
v -0.14870 0.52076 0.01487 0.44785 0.05248 0.01648
v -0.14870 0.52076 0.01487 0.44785 0.05248 0.01648
v -0.14870 0.52076 0.01487 0.44785 0.05248 0.01648
v -0.14870 0.13060 0.07435 0.44785 0.05248 0.01648
v -0.14870 0.13060 0.07435 0.44785 0.05248 0.01648
v -0.14870 0.13060 0.07435 0.44785 0.05248 0.01648
v -0.14870 0.13060 0.07435 0.44785 0.05248 0.01648
v -0.14870 0.13060 0.07435 0.44785 0.05248 0.01648
v -0.14870 0.13060 0.07435 0.44785 0.05248 0.01648
v -0.14870 0.13060 0.07435 0.44785 0.05248 0.01648
v -0.14870 0.13060 0.07435 0.44785 0.05248 0.01648
v -0.14870 0.13060 0.07435 0.44785 0.05248 0.01648
v -0.14870 0.13060 0.07435 0.44785 0.05248 0.01648
v -0.12596 0.13420 0.07435 0.44785 0.05248 0.01648
v -0.13128 0.13420 0.08897 0.44785 0.05248 0.01648
v -0.14475 0.13420 0.09675 0.44785 0.05248 0.01648
v -0.16008 0.13420 0.09405 0.44785 0.05248 0.01648
v -0.17008 0.13420 0.08213 0.44785 0.05248 0.01648
v -0.17008 0.13420 0.06657 0.44785 0.05248 0.01648
v -0.16008 0.13420 0.05465 0.44785 0.05248 0.01648
v -0.14475 0.13420 0.05195 0.44785 0.05248 0.01648
v -0.13128 0.13420 0.05973 0.44785 0.05248 0.01648
v -0.12596 0.13420 0.07435 0.44785 0.05248 0.01648
v -0.10544 0.14465 0.07435 0.44785 0.05248 0.01648
v -0.11556 0.14465 0.10216 0.44785 0.05248 0.01648
v -0.14119 0.14465 0.11696 0.44785 0.05248 0.01648
v -0.17034 0.14465 0.11182 0.44785 0.05248 0.01648
v -0.18936 0.14465 0.08915 0.44785 0.05248 0.01648
v -0.18936 0.14465 0.05955 0.44785 0.05248 0.01648
v -0.17034 0.14465 0.03688 0.44785 0.05248 0.01648
v -0.14119 0.14465 0.03174 0.44785 0.05248 0.01648
v -0.11556 0.14465 0.04654 0.44785 0.05248 0.01648
v -0.10544 0.14465 0.07435 0.44785 0.05248 0.01648
v -0.08915 0.16094 0.07435 0.44785 0.05248 0.01648
v -0.10309 0.16094 0.11263 0.44785 0.05248 0.01648
v -0.13836 0.16094 0.13300 0.44785 0.05248 0.01648
v -0.17848 0.16094 0.12592 0.44785 0.05248 0.01648
v -0.20466 0.16094 0.09472 0.44785 0.05248 0.01648
v -0.20466 0.16094 0.05398 0.44785 0.05248 0.01648
v -0.17848 0.16094 0.02278 0.44785 0.05248 0.01648
v -0.13836 0.16094 0.01571 0.44785 0.05248 0.01648
v -0.10309 0.16094 0.03607 0.44785 0.05248 0.01648
v -0.08915 0.16094 0.07435 0.44785 0.05248 0.01648
v -0.07870 0.18146 0.07435 0.44785 0.05248 0.01648
v -0.09508 0.18146 0.11935 0.44785 0.05248 0.01648
v -0.13655 0.18146 0.14329 0.44785 0.05248 0.01648
v -0.18371 0.18146 0.13498 0.44785 0.05248 0.01648
v -0.21449 0.18146 0.09830 0.44785 0.05248 0.01648
v -0.21449 0.18146 0.05041 0.44785 0.05248 0.01648
v -0.18371 0.18146 0.01373 0.44785 0.05248 0.01648
v -0.13655 0.18146 0.00541 0.44785 0.05248 0.01648
v -0.09508 0.18146 0.02935 0.44785 0.05248 0.01648
v -0.07870 0.18146 0.07435 0.44785 0.05248 0.01648
v -0.07510 0.20420 0.07435 0.44785 0.05248 0.01648
v -0.09232 0.20420 0.12167 0.44785 0.05248 0.01648
v -0.13592 0.20420 0.14684 0.44785 0.05248 0.01648
v -0.18551 0.20420 0.13810 0.44785 0.05248 0.01648
v -0.21787 0.20420 0.09953 0.44785 0.05248 0.01648
v -0.21787 0.20420 0.04918 0.44785 0.05248 0.01648
v -0.18551 0.20420 0.01061 0.44785 0.05248 0.01648
v -0.13592 0.20420 0.00186 0.44785 0.05248 0.01648
v -0.09232 0.20420 0.02704 0.44785 0.05248 0.01648
v -0.07510 0.20420 0.07435 0.44785 0.05248 0.01648
v -0.07510 0.40198 0.07435 0.44785 0.05248 0.01648
v -0.09232 0.40198 0.12167 0.44785 0.05248 0.01648
v -0.13592 0.40198 0.14684 0.44785 0.05248 0.01648
v -0.18551 0.40198 0.13810 0.44785 0.05248 0.01648
v -0.21787 0.40198 0.09953 0.44785 0.05248 0.01648
v -0.21787 0.40198 0.04918 0.44785 0.05248 0.01648
v -0.18551 0.40198 0.01061 0.44785 0.05248 0.01648
v -0.13592 0.40198 0.00186 0.44785 0.05248 0.01648
v -0.09232 0.40198 0.02704 0.44785 0.05248 0.01648
v -0.07510 0.40198 0.07435 0.44785 0.05248 0.01648
v -0.07870 0.42473 0.07435 0.44785 0.05248 0.01648
v -0.09508 0.42473 0.11935 0.44785 0.05248 0.01648
v -0.13655 0.42473 0.14329 0.44785 0.05248 0.01648
v -0.18371 0.42473 0.13498 0.44785 0.05248 0.01648
v -0.21449 0.42473 0.09830 0.44785 0.05248 0.01648
v -0.21449 0.42473 0.05041 0.44785 0.05248 0.01648
v -0.18371 0.42473 0.01373 0.44785 0.05248 0.01648
v -0.13655 0.42473 0.00541 0.44785 0.05248 0.01648
v -0.09508 0.42473 0.02935 0.44785 0.05248 0.01648
v -0.07870 0.42473 0.07435 0.44785 0.05248 0.01648
v -0.08915 0.44525 0.07435 0.44785 0.05248 0.01648
v -0.10309 0.44525 0.11263 0.44785 0.05248 0.01648
v -0.13836 0.44525 0.13300 0.44785 0.05248 0.01648
v -0.17848 0.44525 0.12592 0.44785 0.05248 0.01648
v -0.20466 0.44525 0.09472 0.44785 0.05248 0.01648
v -0.20466 0.44525 0.05398 0.44785 0.05248 0.01648
v -0.17848 0.44525 0.02278 0.44785 0.05248 0.01648
v -0.13836 0.44525 0.01571 0.44785 0.05248 0.01648
v -0.10309 0.44525 0.03607 0.44785 0.05248 0.01648
v -0.08915 0.44525 0.07435 0.44785 0.05248 0.01648
v -0.10544 0.46153 0.07435 0.44785 0.05248 0.01648
v -0.11556 0.46153 0.10216 0.44785 0.05248 0.01648
v -0.14119 0.46153 0.11696 0.44785 0.05248 0.01648
v -0.17034 0.46153 0.11182 0.44785 0.05248 0.01648
v -0.18936 0.46153 0.08915 0.44785 0.05248 0.01648
v -0.18936 0.46153 0.05955 0.44785 0.05248 0.01648
v -0.17034 0.46153 0.03688 0.44785 0.05248 0.01648
v -0.14119 0.46153 0.03174 0.44785 0.05248 0.01648
v -0.11556 0.46153 0.04654 0.44785 0.05248 0.01648
v -0.10544 0.46153 0.07435 0.44785 0.05248 0.01648
v -0.12596 0.47199 0.07435 0.44785 0.05248 0.01648
v -0.13128 0.47199 0.08897 0.44785 0.05248 0.01648
v -0.14475 0.47199 0.09675 0.44785 0.05248 0.01648
v -0.16008 0.47199 0.09405 0.44785 0.05248 0.01648
v -0.17008 0.47199 0.08213 0.44785 0.05248 0.01648
v -0.17008 0.47199 0.06657 0.44785 0.05248 0.01648
v -0.16008 0.47199 0.05465 0.44785 0.05248 0.01648
v -0.14475 0.47199 0.05195 0.44785 0.05248 0.01648
v -0.13128 0.47199 0.05973 0.44785 0.05248 0.01648
v -0.12596 0.47199 0.07435 0.44785 0.05248 0.01648
v -0.14870 0.47559 0.07435 0.44785 0.05248 0.01648
v -0.14870 0.47559 0.07435 0.44785 0.05248 0.01648
v -0.14870 0.47559 0.07435 0.44785 0.05248 0.01648
v -0.14870 0.47559 0.07435 0.44785 0.05248 0.01648
v -0.14870 0.47559 0.07435 0.44785 0.05248 0.01648
v -0.14870 0.47559 0.07435 0.44785 0.05248 0.01648
v -0.14870 0.47559 0.07435 0.44785 0.05248 0.01648
v -0.14870 0.47559 0.07435 0.44785 0.05248 0.01648
v -0.14870 0.47559 0.07435 0.44785 0.05248 0.01648
v -0.14870 0.47559 0.07435 0.44785 0.05248 0.01648
v -0.14870 0.20049 0.14870 0.44785 0.05248 0.01648
v -0.14870 0.20049 0.14870 0.44785 0.05248 0.01648
v -0.14870 0.20049 0.14870 0.44785 0.05248 0.01648
v -0.14870 0.20049 0.14870 0.44785 0.05248 0.01648
v -0.14870 0.20049 0.14870 0.44785 0.05248 0.01648
v -0.14870 0.20049 0.14870 0.44785 0.05248 0.01648
v -0.14870 0.20049 0.14870 0.44785 0.05248 0.01648
v -0.14870 0.20049 0.14870 0.44785 0.05248 0.01648
v -0.12836 0.20453 0.14870 0.44785 0.05248 0.01648
v -0.13602 0.20453 0.16461 0.44785 0.05248 0.01648
v -0.15323 0.20453 0.16854 0.44785 0.05248 0.01648
v -0.16703 0.20453 0.15753 0.44785 0.05248 0.01648
v -0.16703 0.20453 0.13988 0.44785 0.05248 0.01648
v -0.15323 0.20453 0.12887 0.44785 0.05248 0.01648
v -0.13602 0.20453 0.13280 0.44785 0.05248 0.01648
v -0.12836 0.20453 0.14870 0.44785 0.05248 0.01648
v -0.11111 0.21606 0.14870 0.44785 0.05248 0.01648
v -0.12527 0.21606 0.17809 0.44785 0.05248 0.01648
v -0.15707 0.21606 0.18535 0.44785 0.05248 0.01648
v -0.18257 0.21606 0.16501 0.44785 0.05248 0.01648
v -0.18257 0.21606 0.13239 0.44785 0.05248 0.01648
v -0.15707 0.21606 0.11206 0.44785 0.05248 0.01648
v -0.12527 0.21606 0.11931 0.44785 0.05248 0.01648
v -0.11111 0.21606 0.14870 0.44785 0.05248 0.01648
v -0.09959 0.23330 0.14870 0.44785 0.05248 0.01648
v -0.11808 0.23330 0.18710 0.44785 0.05248 0.01648
v -0.15963 0.23330 0.19659 0.44785 0.05248 0.01648
v -0.19295 0.23330 0.17001 0.44785 0.05248 0.01648
v -0.19295 0.23330 0.12739 0.44785 0.05248 0.01648
v -0.15963 0.23330 0.10082 0.44785 0.05248 0.01648
v -0.11808 0.23330 0.11030 0.44785 0.05248 0.01648
v -0.09959 0.23330 0.14870 0.44785 0.05248 0.01648
v -0.09554 0.25365 0.14870 0.44785 0.05248 0.01648
v -0.11556 0.25365 0.19027 0.44785 0.05248 0.01648
v -0.16053 0.25365 0.20053 0.44785 0.05248 0.01648
v -0.19660 0.25365 0.17177 0.44785 0.05248 0.01648
v -0.19660 0.25365 0.12564 0.44785 0.05248 0.01648
v -0.16053 0.25365 0.09688 0.44785 0.05248 0.01648
v -0.11556 0.25365 0.10714 0.44785 0.05248 0.01648
v -0.09554 0.25365 0.14870 0.44785 0.05248 0.01648
v -0.09554 0.35254 0.14870 0.44785 0.05248 0.01648
v -0.11556 0.35254 0.19027 0.44785 0.05248 0.01648
v -0.16053 0.35254 0.20053 0.44785 0.05248 0.01648
v -0.19660 0.35254 0.17177 0.44785 0.05248 0.01648
v -0.19660 0.35254 0.12564 0.44785 0.05248 0.01648
v -0.16053 0.35254 0.09688 0.44785 0.05248 0.01648
v -0.11556 0.35254 0.10714 0.44785 0.05248 0.01648
v -0.09554 0.35254 0.14870 0.44785 0.05248 0.01648
v -0.09959 0.37288 0.14870 0.44785 0.05248 0.01648
v -0.11808 0.37288 0.18710 0.44785 0.05248 0.01648
v -0.15963 0.37288 0.19659 0.44785 0.05248 0.01648
v -0.19295 0.37288 0.17001 0.44785 0.05248 0.01648
v -0.19295 0.37288 0.12739 0.44785 0.05248 0.01648
v -0.15963 0.37288 0.10082 0.44785 0.05248 0.01648
v -0.11808 0.37288 0.11030 0.44785 0.05248 0.01648
v -0.09959 0.37288 0.14870 0.44785 0.05248 0.01648
v -0.11111 0.39013 0.14870 0.44785 0.05248 0.01648
v -0.12527 0.39013 0.17809 0.44785 0.05248 0.01648
v -0.15707 0.39013 0.18535 0.44785 0.05248 0.01648
v -0.18257 0.39013 0.16501 0.44785 0.05248 0.01648
v -0.18257 0.39013 0.13239 0.44785 0.05248 0.01648
v -0.15707 0.39013 0.11206 0.44785 0.05248 0.01648
v -0.12527 0.39013 0.11931 0.44785 0.05248 0.01648
v -0.11111 0.39013 0.14870 0.44785 0.05248 0.01648
v -0.12836 0.40165 0.14870 0.44785 0.05248 0.01648
v -0.13602 0.40165 0.16461 0.44785 0.05248 0.01648
v -0.15323 0.40165 0.16854 0.44785 0.05248 0.01648
v -0.16703 0.40165 0.15753 0.44785 0.05248 0.01648
v -0.16703 0.40165 0.13988 0.44785 0.05248 0.01648
v -0.15323 0.40165 0.12887 0.44785 0.05248 0.01648
v -0.13602 0.40165 0.13280 0.44785 0.05248 0.01648
v -0.12836 0.40165 0.14870 0.44785 0.05248 0.01648
v -0.14870 0.40570 0.14870 0.44785 0.05248 0.01648
v -0.14870 0.40570 0.14870 0.44785 0.05248 0.01648
v -0.14870 0.40570 0.14870 0.44785 0.05248 0.01648
v -0.14870 0.40570 0.14870 0.44785 0.05248 0.01648
v -0.14870 0.40570 0.14870 0.44785 0.05248 0.01648
v -0.14870 0.40570 0.14870 0.44785 0.05248 0.01648
v -0.14870 0.40570 0.14870 0.44785 0.05248 0.01648
v -0.14870 0.40570 0.14870 0.44785 0.05248 0.01648
v 0.00000 0.19352 -0.20990 0.44785 0.05248 0.01648
v 0.00000 0.19352 -0.20990 0.44785 0.05248 0.01648
v 0.00000 0.19352 -0.20990 0.44785 0.05248 0.01648
v 0.00000 0.19352 -0.20990 0.44785 0.05248 0.01648
v 0.00000 0.19352 -0.20990 0.44785 0.05248 0.01648
v 0.00000 0.19352 -0.20990 0.44785 0.05248 0.01648
v 0.00000 0.19352 -0.20990 0.44785 0.05248 0.01648
v 0.00000 0.19352 -0.20990 0.44785 0.05248 0.01648
v 0.02276 0.19769 -0.20814 0.44785 0.05248 0.01648
v 0.01419 0.19076 -0.19175 0.44785 0.05248 0.01648
v -0.00507 0.18905 -0.18770 0.44785 0.05248 0.01648
v -0.02051 0.19384 -0.19904 0.44785 0.05248 0.01648
v -0.02051 0.20154 -0.21723 0.44785 0.05248 0.01648
v -0.00507 0.20633 -0.22858 0.44785 0.05248 0.01648
v 0.01419 0.20462 -0.22453 0.44785 0.05248 0.01648
v 0.02276 0.19769 -0.20814 0.44785 0.05248 0.01648
v 0.04206 0.20957 -0.20312 0.44785 0.05248 0.01648
v 0.02622 0.19676 -0.17283 0.44785 0.05248 0.01648
v -0.00936 0.19360 -0.16535 0.44785 0.05248 0.01648
v -0.03789 0.20246 -0.18631 0.44785 0.05248 0.01648
v -0.03789 0.21667 -0.21992 0.44785 0.05248 0.01648
v -0.00936 0.22554 -0.24088 0.44785 0.05248 0.01648
v 0.02622 0.22237 -0.23340 0.44785 0.05248 0.01648
v 0.04206 0.20957 -0.20312 0.44785 0.05248 0.01648
v 0.05495 0.22734 -0.19560 0.44785 0.05248 0.01648
v 0.03426 0.21061 -0.15603 0.44785 0.05248 0.01648
v -0.01223 0.20648 -0.14625 0.44785 0.05248 0.01648
v -0.04951 0.21806 -0.17364 0.44785 0.05248 0.01648
v -0.04951 0.23663 -0.21756 0.44785 0.05248 0.01648
v -0.01223 0.24820 -0.24495 0.44785 0.05248 0.01648
v 0.03426 0.24407 -0.23517 0.44785 0.05248 0.01648
v 0.05495 0.22734 -0.19560 0.44785 0.05248 0.01648
v 0.05948 0.24831 -0.18674 0.44785 0.05248 0.01648
v 0.03709 0.23020 -0.14390 0.44785 0.05248 0.01648
v -0.01324 0.22572 -0.13332 0.44785 0.05248 0.01648
v -0.05359 0.23826 -0.16297 0.44785 0.05248 0.01648
v -0.05359 0.25836 -0.21051 0.44785 0.05248 0.01648
v -0.01324 0.27089 -0.24015 0.44785 0.05248 0.01648
v 0.03709 0.26642 -0.22957 0.44785 0.05248 0.01648
v 0.05948 0.24831 -0.18674 0.44785 0.05248 0.01648
v 0.05948 0.35788 -0.14041 0.44785 0.05248 0.01648
v 0.03709 0.33977 -0.09758 0.44785 0.05248 0.01648
v -0.01324 0.33530 -0.08700 0.44785 0.05248 0.01648
v -0.05359 0.34783 -0.11664 0.44785 0.05248 0.01648
v -0.05359 0.36793 -0.16418 0.44785 0.05248 0.01648
v -0.01324 0.38046 -0.19382 0.44785 0.05248 0.01648
v 0.03709 0.37599 -0.18324 0.44785 0.05248 0.01648
v 0.05948 0.35788 -0.14041 0.44785 0.05248 0.01648
v 0.05495 0.37884 -0.13155 0.44785 0.05248 0.01648
v 0.03426 0.36211 -0.09197 0.44785 0.05248 0.01648
v -0.01223 0.35798 -0.08220 0.44785 0.05248 0.01648
v -0.04951 0.36956 -0.10959 0.44785 0.05248 0.01648
v -0.04951 0.38813 -0.15351 0.44785 0.05248 0.01648
v -0.01223 0.39971 -0.18089 0.44785 0.05248 0.01648
v 0.03426 0.39558 -0.17112 0.44785 0.05248 0.01648
v 0.05495 0.37884 -0.13155 0.44785 0.05248 0.01648
v 0.04206 0.39662 -0.12403 0.44785 0.05248 0.01648
v 0.02622 0.38381 -0.09374 0.44785 0.05248 0.01648
v -0.00936 0.38065 -0.08626 0.44785 0.05248 0.01648
v -0.03789 0.38951 -0.10722 0.44785 0.05248 0.01648
v -0.03789 0.40372 -0.14084 0.44785 0.05248 0.01648
v -0.00936 0.41259 -0.16180 0.44785 0.05248 0.01648
v 0.02622 0.40942 -0.15432 0.44785 0.05248 0.01648
v 0.04206 0.39662 -0.12403 0.44785 0.05248 0.01648
v 0.02276 0.40849 -0.11901 0.44785 0.05248 0.01648
v 0.01419 0.40156 -0.10262 0.44785 0.05248 0.01648
v -0.00507 0.39985 -0.09857 0.44785 0.05248 0.01648
v -0.02051 0.40465 -0.10991 0.44785 0.05248 0.01648
v -0.02051 0.41234 -0.12811 0.44785 0.05248 0.01648
v -0.00507 0.41714 -0.13945 0.44785 0.05248 0.01648
v 0.01419 0.41542 -0.13540 0.44785 0.05248 0.01648
v 0.02276 0.40849 -0.11901 0.44785 0.05248 0.01648
v 0.00000 0.41266 -0.11725 0.44785 0.05248 0.01648
v 0.00000 0.41266 -0.11725 0.44785 0.05248 0.01648
v -0.00000 0.41266 -0.11725 0.44785 0.05248 0.01648
v -0.00000 0.41266 -0.11725 0.44785 0.05248 0.01648
v -0.00000 0.41266 -0.11725 0.44785 0.05248 0.01648
v -0.00000 0.41266 -0.11725 0.44785 0.05248 0.01648
v 0.00000 0.41266 -0.11725 0.44785 0.05248 0.01648
v 0.00000 0.41266 -0.11725 0.44785 0.05248 0.01648
v 0.00000 0.20316 -0.31718 0.44785 0.05248 0.01648
v 0.00000 0.20316 -0.31718 0.44785 0.05248 0.01648
v 0.00000 0.20316 -0.31718 0.44785 0.05248 0.01648
v 0.00000 0.20316 -0.31718 0.44785 0.05248 0.01648
v 0.00000 0.20316 -0.31718 0.44785 0.05248 0.01648
v 0.00000 0.20316 -0.31718 0.44785 0.05248 0.01648
v 0.00000 0.20316 -0.31718 0.44785 0.05248 0.01648
v 0.00000 0.20316 -0.31718 0.44785 0.05248 0.01648
v 0.02049 0.20681 -0.31537 0.44785 0.05248 0.01648
v 0.01277 0.19970 -0.30102 0.44785 0.05248 0.01648
v -0.00456 0.19794 -0.29747 0.44785 0.05248 0.01648
v -0.01846 0.20286 -0.30741 0.44785 0.05248 0.01648
v -0.01846 0.21076 -0.32333 0.44785 0.05248 0.01648
v -0.00456 0.21568 -0.33327 0.44785 0.05248 0.01648
v 0.01277 0.21392 -0.32972 0.44785 0.05248 0.01648
v 0.02049 0.20681 -0.31537 0.44785 0.05248 0.01648
v 0.03785 0.21721 -0.31022 0.44785 0.05248 0.01648
v 0.02360 0.20407 -0.28370 0.44785 0.05248 0.01648
v -0.00842 0.20082 -0.27715 0.44785 0.05248 0.01648
v -0.03411 0.20992 -0.29550 0.44785 0.05248 0.01648
v -0.03411 0.22450 -0.32494 0.44785 0.05248 0.01648
v -0.00842 0.23359 -0.34329 0.44785 0.05248 0.01648
v 0.02360 0.23035 -0.33674 0.44785 0.05248 0.01648
v 0.03785 0.21721 -0.31022 0.44785 0.05248 0.01648
v 0.04946 0.23277 -0.30251 0.44785 0.05248 0.01648
v 0.03084 0.21560 -0.26786 0.44785 0.05248 0.01648
v -0.01101 0.21136 -0.25930 0.44785 0.05248 0.01648
v -0.04456 0.22324 -0.28328 0.44785 0.05248 0.01648
v -0.04456 0.24230 -0.32174 0.44785 0.05248 0.01648
v -0.01101 0.25418 -0.34571 0.44785 0.05248 0.01648
v 0.03084 0.24994 -0.33716 0.44785 0.05248 0.01648
v 0.04946 0.23277 -0.30251 0.44785 0.05248 0.01648
v 0.05353 0.25113 -0.29341 0.44785 0.05248 0.01648
v 0.03338 0.23255 -0.25591 0.44785 0.05248 0.01648
v -0.01191 0.22796 -0.24665 0.44785 0.05248 0.01648
v -0.04823 0.24081 -0.27260 0.44785 0.05248 0.01648
v -0.04823 0.26144 -0.31423 0.44785 0.05248 0.01648
v -0.01191 0.27430 -0.34018 0.44785 0.05248 0.01648
v 0.03338 0.26971 -0.33092 0.44785 0.05248 0.01648
v 0.05353 0.25113 -0.29341 0.44785 0.05248 0.01648
v 0.05353 0.35506 -0.24192 0.44785 0.05248 0.01648
v 0.03338 0.33648 -0.20442 0.44785 0.05248 0.01648
v -0.01191 0.33189 -0.19515 0.44785 0.05248 0.01648
v -0.04823 0.34475 -0.22111 0.44785 0.05248 0.01648
v -0.04823 0.36537 -0.26273 0.44785 0.05248 0.01648
v -0.01191 0.37823 -0.28869 0.44785 0.05248 0.01648
v 0.03338 0.37364 -0.27942 0.44785 0.05248 0.01648
v 0.05353 0.35506 -0.24192 0.44785 0.05248 0.01648
v 0.04946 0.37342 -0.23283 0.44785 0.05248 0.01648
v 0.03084 0.35625 -0.19818 0.44785 0.05248 0.01648
v -0.01101 0.35201 -0.18962 0.44785 0.05248 0.01648
v -0.04456 0.36389 -0.21360 0.44785 0.05248 0.01648
v -0.04456 0.38294 -0.25205 0.44785 0.05248 0.01648
v -0.01101 0.39482 -0.27603 0.44785 0.05248 0.01648
v 0.03084 0.39058 -0.26747 0.44785 0.05248 0.01648
v 0.04946 0.37342 -0.23283 0.44785 0.05248 0.01648
v 0.03785 0.38898 -0.22512 0.44785 0.05248 0.01648
v 0.02360 0.37584 -0.19860 0.44785 0.05248 0.01648
v -0.00842 0.37259 -0.19205 0.44785 0.05248 0.01648
v -0.03411 0.38169 -0.21040 0.44785 0.05248 0.01648
v -0.03411 0.39627 -0.23983 0.44785 0.05248 0.01648
v -0.00842 0.40536 -0.25818 0.44785 0.05248 0.01648
v 0.02360 0.40212 -0.25163 0.44785 0.05248 0.01648
v 0.03785 0.38898 -0.22512 0.44785 0.05248 0.01648
v 0.02049 0.39938 -0.21996 0.44785 0.05248 0.01648
v 0.01277 0.39227 -0.20561 0.44785 0.05248 0.01648
v -0.00456 0.39051 -0.20207 0.44785 0.05248 0.01648
v -0.01846 0.39543 -0.21200 0.44785 0.05248 0.01648
v -0.01846 0.40332 -0.22793 0.44785 0.05248 0.01648
v -0.00456 0.40824 -0.23786 0.44785 0.05248 0.01648
v 0.01277 0.40649 -0.23432 0.44785 0.05248 0.01648
v 0.02049 0.39938 -0.21996 0.44785 0.05248 0.01648
v 0.00000 0.40303 -0.21815 0.44785 0.05248 0.01648
v 0.00000 0.40303 -0.21815 0.44785 0.05248 0.01648
v -0.00000 0.40303 -0.21815 0.44785 0.05248 0.01648
v -0.00000 0.40303 -0.21815 0.44785 0.05248 0.01648
v -0.00000 0.40303 -0.21815 0.44785 0.05248 0.01648
v -0.00000 0.40303 -0.21815 0.44785 0.05248 0.01648
v 0.00000 0.40303 -0.21815 0.44785 0.05248 0.01648
v 0.00000 0.40303 -0.21815 0.44785 0.05248 0.01648
v 0.00000 0.21276 -0.42125 0.44785 0.05248 0.01648
v 0.00000 0.21276 -0.42125 0.44785 0.05248 0.01648
v 0.00000 0.21276 -0.42125 0.44785 0.05248 0.01648
v 0.00000 0.21276 -0.42125 0.44785 0.05248 0.01648
v 0.00000 0.21276 -0.42125 0.44785 0.05248 0.01648
v 0.00000 0.21276 -0.42125 0.44785 0.05248 0.01648
v 0.00000 0.21276 -0.42125 0.44785 0.05248 0.01648
v 0.00000 0.21276 -0.42125 0.44785 0.05248 0.01648
v 0.01821 0.21590 -0.41945 0.44785 0.05248 0.01648
v 0.01135 0.20883 -0.40710 0.44785 0.05248 0.01648
v -0.00405 0.20708 -0.40404 0.44785 0.05248 0.01648
v -0.01641 0.21198 -0.41259 0.44785 0.05248 0.01648
v -0.01641 0.21983 -0.42631 0.44785 0.05248 0.01648
v -0.00405 0.22472 -0.43486 0.44785 0.05248 0.01648
v 0.01135 0.22298 -0.43181 0.44785 0.05248 0.01648
v 0.01821 0.21590 -0.41945 0.44785 0.05248 0.01648
v 0.03365 0.22485 -0.41433 0.44785 0.05248 0.01648
v 0.02098 0.21178 -0.39150 0.44785 0.05248 0.01648
v -0.00749 0.20855 -0.38586 0.44785 0.05248 0.01648
v -0.03032 0.21760 -0.40166 0.44785 0.05248 0.01648
v -0.03032 0.23211 -0.42699 0.44785 0.05248 0.01648
v -0.00749 0.24115 -0.44279 0.44785 0.05248 0.01648
v 0.02098 0.23793 -0.43715 0.44785 0.05248 0.01648
v 0.03365 0.22485 -0.41433 0.44785 0.05248 0.01648
v 0.04396 0.23825 -0.40665 0.44785 0.05248 0.01648
v 0.02741 0.22117 -0.37683 0.44785 0.05248 0.01648
v -0.00978 0.21695 -0.36946 0.44785 0.05248 0.01648
v -0.03961 0.22877 -0.39010 0.44785 0.05248 0.01648
v -0.03961 0.24773 -0.42321 0.44785 0.05248 0.01648
v -0.00978 0.25955 -0.44385 0.44785 0.05248 0.01648
v 0.02741 0.25533 -0.43648 0.44785 0.05248 0.01648
v 0.04396 0.23825 -0.40665 0.44785 0.05248 0.01648
v 0.04759 0.25405 -0.39761 0.44785 0.05248 0.01648
v 0.02967 0.23557 -0.36532 0.44785 0.05248 0.01648
v -0.01059 0.23100 -0.35735 0.44785 0.05248 0.01648
v -0.04287 0.24380 -0.37969 0.44785 0.05248 0.01648
v -0.04287 0.26431 -0.41552 0.44785 0.05248 0.01648
v -0.01059 0.27711 -0.43787 0.44785 0.05248 0.01648
v 0.02967 0.27254 -0.42989 0.44785 0.05248 0.01648
v 0.04759 0.25405 -0.39761 0.44785 0.05248 0.01648
v 0.04759 0.35213 -0.34145 0.44785 0.05248 0.01648
v 0.02967 0.33365 -0.30917 0.44785 0.05248 0.01648
v -0.01059 0.32908 -0.30119 0.44785 0.05248 0.01648
v -0.04287 0.34187 -0.32353 0.44785 0.05248 0.01648
v -0.04287 0.36239 -0.35937 0.44785 0.05248 0.01648
v -0.01059 0.37518 -0.38171 0.44785 0.05248 0.01648
v 0.02967 0.37062 -0.37374 0.44785 0.05248 0.01648
v 0.04759 0.35213 -0.34145 0.44785 0.05248 0.01648
v 0.04396 0.36793 -0.33240 0.44785 0.05248 0.01648
v 0.02741 0.35086 -0.30257 0.44785 0.05248 0.01648
v -0.00978 0.34664 -0.29521 0.44785 0.05248 0.01648
v -0.03961 0.35846 -0.31585 0.44785 0.05248 0.01648
v -0.03961 0.37741 -0.34896 0.44785 0.05248 0.01648
v -0.00978 0.38923 -0.36960 0.44785 0.05248 0.01648
v 0.02741 0.38501 -0.36223 0.44785 0.05248 0.01648
v 0.04396 0.36793 -0.33240 0.44785 0.05248 0.01648
v 0.03365 0.38133 -0.32473 0.44785 0.05248 0.01648
v 0.02098 0.36826 -0.30190 0.44785 0.05248 0.01648
v -0.00749 0.36503 -0.29626 0.44785 0.05248 0.01648
v -0.03032 0.37408 -0.31206 0.44785 0.05248 0.01648
v -0.03032 0.38859 -0.33740 0.44785 0.05248 0.01648
v -0.00749 0.39763 -0.35320 0.44785 0.05248 0.01648
v 0.02098 0.39440 -0.34756 0.44785 0.05248 0.01648
v 0.03365 0.38133 -0.32473 0.44785 0.05248 0.01648
v 0.01821 0.39028 -0.31961 0.44785 0.05248 0.01648
v 0.01135 0.38321 -0.30725 0.44785 0.05248 0.01648
v -0.00405 0.38146 -0.30420 0.44785 0.05248 0.01648
v -0.01641 0.38636 -0.31275 0.44785 0.05248 0.01648
v -0.01641 0.39421 -0.32646 0.44785 0.05248 0.01648
v -0.00405 0.39910 -0.33501 0.44785 0.05248 0.01648
v 0.01135 0.39736 -0.33196 0.44785 0.05248 0.01648
v 0.01821 0.39028 -0.31961 0.44785 0.05248 0.01648
v 0.00000 0.39343 -0.31781 0.44785 0.05248 0.01648
v 0.00000 0.39343 -0.31781 0.44785 0.05248 0.01648
v -0.00000 0.39343 -0.31781 0.44785 0.05248 0.01648
v -0.00000 0.39343 -0.31781 0.44785 0.05248 0.01648
v -0.00000 0.39343 -0.31781 0.44785 0.05248 0.01648
v -0.00000 0.39343 -0.31781 0.44785 0.05248 0.01648
v 0.00000 0.39343 -0.31781 0.44785 0.05248 0.01648
v 0.00000 0.39343 -0.31781 0.44785 0.05248 0.01648
v 0.00000 0.22224 -0.52213 0.44785 0.05248 0.01648
v 0.00000 0.22224 -0.52213 0.44785 0.05248 0.01648
v 0.00000 0.22224 -0.52213 0.44785 0.05248 0.01648
v 0.00000 0.22224 -0.52213 0.44785 0.05248 0.01648
v 0.00000 0.22224 -0.52213 0.44785 0.05248 0.01648
v 0.00000 0.22224 -0.52213 0.44785 0.05248 0.01648
v 0.00000 0.22224 -0.52213 0.44785 0.05248 0.01648
v 0.00000 0.22224 -0.52213 0.44785 0.05248 0.01648
v 0.01593 0.22489 -0.52039 0.44785 0.05248 0.01648
v 0.00993 0.21807 -0.50997 0.44785 0.05248 0.01648
v -0.00355 0.21638 -0.50740 0.44785 0.05248 0.01648
v -0.01436 0.22110 -0.51461 0.44785 0.05248 0.01648
v -0.01436 0.22868 -0.52618 0.44785 0.05248 0.01648
v -0.00355 0.23341 -0.53339 0.44785 0.05248 0.01648
v 0.00993 0.23172 -0.53081 0.44785 0.05248 0.01648
v 0.01593 0.22489 -0.52039 0.44785 0.05248 0.01648
v 0.02944 0.23244 -0.51545 0.44785 0.05248 0.01648
v 0.01836 0.21983 -0.49619 0.44785 0.05248 0.01648
v -0.00655 0.21671 -0.49144 0.44785 0.05248 0.01648
v -0.02653 0.22544 -0.50476 0.44785 0.05248 0.01648
v -0.02653 0.23944 -0.52613 0.44785 0.05248 0.01648
v -0.00655 0.24817 -0.53946 0.44785 0.05248 0.01648
v 0.01836 0.24506 -0.53470 0.44785 0.05248 0.01648
v 0.02944 0.23244 -0.51545 0.44785 0.05248 0.01648
v 0.03847 0.24374 -0.50804 0.44785 0.05248 0.01648
v 0.02398 0.22726 -0.48289 0.44785 0.05248 0.01648
v -0.00856 0.22319 -0.47667 0.44785 0.05248 0.01648
v -0.03466 0.23460 -0.49408 0.44785 0.05248 0.01648
v -0.03466 0.25289 -0.52201 0.44785 0.05248 0.01648
v -0.00856 0.26429 -0.53941 0.44785 0.05248 0.01648
v 0.02398 0.26022 -0.53320 0.44785 0.05248 0.01648
v 0.03847 0.24374 -0.50804 0.44785 0.05248 0.01648
v 0.04164 0.25707 -0.49931 0.44785 0.05248 0.01648
v 0.02596 0.23923 -0.47208 0.44785 0.05248 0.01648
v -0.00927 0.23482 -0.46536 0.44785 0.05248 0.01648
v -0.03751 0.24717 -0.48420 0.44785 0.05248 0.01648
v -0.03751 0.26697 -0.51442 0.44785 0.05248 0.01648
v -0.00927 0.27932 -0.53327 0.44785 0.05248 0.01648
v 0.02596 0.27491 -0.52654 0.44785 0.05248 0.01648
v 0.04164 0.25707 -0.49931 0.44785 0.05248 0.01648
v 0.04164 0.34912 -0.43901 0.44785 0.05248 0.01648
v 0.02596 0.33128 -0.41178 0.44785 0.05248 0.01648
v -0.00927 0.32687 -0.40505 0.44785 0.05248 0.01648
v -0.03751 0.33921 -0.42390 0.44785 0.05248 0.01648
v -0.03751 0.35902 -0.45412 0.44785 0.05248 0.01648
v -0.00927 0.37136 -0.47296 0.44785 0.05248 0.01648
v 0.02596 0.36696 -0.46624 0.44785 0.05248 0.01648
v 0.04164 0.34912 -0.43901 0.44785 0.05248 0.01648
v 0.03847 0.36244 -0.43028 0.44785 0.05248 0.01648
v 0.02398 0.34596 -0.40512 0.44785 0.05248 0.01648
v -0.00856 0.34189 -0.39891 0.44785 0.05248 0.01648
v -0.03466 0.35330 -0.41631 0.44785 0.05248 0.01648
v -0.03466 0.37159 -0.44424 0.44785 0.05248 0.01648
v -0.00856 0.38300 -0.46165 0.44785 0.05248 0.01648
v 0.02398 0.37893 -0.45543 0.44785 0.05248 0.01648
v 0.03847 0.36244 -0.43028 0.44785 0.05248 0.01648
v 0.02944 0.37374 -0.42287 0.44785 0.05248 0.01648
v 0.01836 0.36113 -0.40362 0.44785 0.05248 0.01648
v -0.00655 0.35801 -0.39886 0.44785 0.05248 0.01648
v -0.02653 0.36674 -0.41219 0.44785 0.05248 0.01648
v -0.02653 0.38074 -0.43356 0.44785 0.05248 0.01648
v -0.00655 0.38947 -0.44688 0.44785 0.05248 0.01648
v 0.01836 0.38636 -0.44213 0.44785 0.05248 0.01648
v 0.02944 0.37374 -0.42287 0.44785 0.05248 0.01648
v 0.01593 0.38129 -0.41793 0.44785 0.05248 0.01648
v 0.00993 0.37446 -0.40751 0.44785 0.05248 0.01648
v -0.00355 0.37278 -0.40493 0.44785 0.05248 0.01648
v -0.01436 0.37750 -0.41214 0.44785 0.05248 0.01648
v -0.01436 0.38508 -0.42371 0.44785 0.05248 0.01648
v -0.00355 0.38981 -0.43092 0.44785 0.05248 0.01648
v 0.00993 0.38812 -0.42835 0.44785 0.05248 0.01648
v 0.01593 0.38129 -0.41793 0.44785 0.05248 0.01648
v 0.00000 0.38394 -0.41619 0.44785 0.05248 0.01648
v 0.00000 0.38394 -0.41619 0.44785 0.05248 0.01648
v -0.00000 0.38394 -0.41619 0.44785 0.05248 0.01648
v -0.00000 0.38394 -0.41619 0.44785 0.05248 0.01648
v -0.00000 0.38394 -0.41619 0.44785 0.05248 0.01648
v -0.00000 0.38394 -0.41619 0.44785 0.05248 0.01648
v 0.00000 0.38394 -0.41619 0.44785 0.05248 0.01648
v 0.00000 0.38394 -0.41619 0.44785 0.05248 0.01648
v 0.00000 0.23153 -0.61984 0.44785 0.05248 0.01648
v 0.00000 0.23153 -0.61984 0.44785 0.05248 0.01648
v 0.00000 0.23153 -0.61984 0.44785 0.05248 0.01648
v 0.00000 0.23153 -0.61984 0.44785 0.05248 0.01648
v 0.00000 0.23153 -0.61984 0.44785 0.05248 0.01648
v 0.00000 0.23153 -0.61984 0.44785 0.05248 0.01648
v 0.00000 0.23153 -0.61984 0.44785 0.05248 0.01648
v 0.00000 0.23153 -0.61984 0.44785 0.05248 0.01648
v 0.01366 0.23371 -0.61822 0.44785 0.05248 0.01648
v 0.00852 0.22733 -0.60966 0.44785 0.05248 0.01648
v -0.00304 0.22576 -0.60754 0.44785 0.05248 0.01648
v -0.01231 0.23017 -0.61347 0.44785 0.05248 0.01648
v -0.01231 0.23725 -0.62298 0.44785 0.05248 0.01648
v -0.00304 0.24166 -0.62890 0.44785 0.05248 0.01648
v 0.00852 0.24008 -0.62679 0.44785 0.05248 0.01648
v 0.01366 0.23371 -0.61822 0.44785 0.05248 0.01648
v 0.02524 0.23991 -0.61360 0.44785 0.05248 0.01648
v 0.01573 0.22813 -0.59778 0.44785 0.05248 0.01648
v -0.00562 0.22522 -0.59387 0.44785 0.05248 0.01648
v -0.02274 0.23337 -0.60482 0.44785 0.05248 0.01648
v -0.02274 0.24645 -0.62238 0.44785 0.05248 0.01648
v -0.00562 0.25461 -0.63334 0.44785 0.05248 0.01648
v 0.01573 0.25170 -0.62943 0.44785 0.05248 0.01648
v 0.02524 0.23991 -0.61360 0.44785 0.05248 0.01648
v 0.03297 0.24920 -0.60669 0.44785 0.05248 0.01648
v 0.02056 0.23380 -0.58601 0.44785 0.05248 0.01648
v -0.00734 0.23000 -0.58090 0.44785 0.05248 0.01648
v -0.02971 0.24066 -0.59521 0.44785 0.05248 0.01648
v -0.02971 0.25774 -0.61816 0.44785 0.05248 0.01648
v -0.00734 0.26840 -0.63247 0.44785 0.05248 0.01648
v 0.02056 0.26459 -0.62736 0.44785 0.05248 0.01648
v 0.03297 0.24920 -0.60669 0.44785 0.05248 0.01648
v 0.03569 0.26015 -0.59853 0.44785 0.05248 0.01648
v 0.02225 0.24349 -0.57615 0.44785 0.05248 0.01648
v -0.00794 0.23938 -0.57062 0.44785 0.05248 0.01648
v -0.03215 0.25091 -0.58611 0.44785 0.05248 0.01648
v -0.03215 0.26940 -0.61095 0.44785 0.05248 0.01648
v -0.00794 0.28093 -0.62644 0.44785 0.05248 0.01648
v 0.02225 0.27682 -0.62091 0.44785 0.05248 0.01648
v 0.03569 0.26015 -0.59853 0.44785 0.05248 0.01648
v 0.03569 0.34603 -0.53459 0.44785 0.05248 0.01648
v 0.02225 0.32937 -0.51221 0.44785 0.05248 0.01648
v -0.00794 0.32525 -0.50668 0.44785 0.05248 0.01648
v -0.03215 0.33678 -0.52217 0.44785 0.05248 0.01648
v -0.03215 0.35528 -0.54701 0.44785 0.05248 0.01648
v -0.00794 0.36681 -0.56250 0.44785 0.05248 0.01648
v 0.02225 0.36270 -0.55697 0.44785 0.05248 0.01648
v 0.03569 0.34603 -0.53459 0.44785 0.05248 0.01648
v 0.03297 0.35699 -0.52644 0.44785 0.05248 0.01648
v 0.02056 0.34159 -0.50576 0.44785 0.05248 0.01648
v -0.00734 0.33779 -0.50065 0.44785 0.05248 0.01648
v -0.02971 0.34844 -0.51496 0.44785 0.05248 0.01648
v -0.02971 0.36553 -0.53791 0.44785 0.05248 0.01648
v -0.00734 0.37618 -0.55222 0.44785 0.05248 0.01648
v 0.02056 0.37238 -0.54711 0.44785 0.05248 0.01648
v 0.03297 0.35699 -0.52644 0.44785 0.05248 0.01648
v 0.02524 0.36627 -0.51952 0.44785 0.05248 0.01648
v 0.01573 0.35449 -0.50370 0.44785 0.05248 0.01648
v -0.00562 0.35158 -0.49979 0.44785 0.05248 0.01648
v -0.02274 0.35973 -0.51074 0.44785 0.05248 0.01648
v -0.02274 0.37281 -0.52830 0.44785 0.05248 0.01648
v -0.00562 0.38097 -0.53925 0.44785 0.05248 0.01648
v 0.01573 0.37806 -0.53535 0.44785 0.05248 0.01648
v 0.02524 0.36627 -0.51952 0.44785 0.05248 0.01648
v 0.01366 0.37248 -0.51490 0.44785 0.05248 0.01648
v 0.00852 0.36610 -0.50634 0.44785 0.05248 0.01648
v -0.00304 0.36453 -0.50422 0.44785 0.05248 0.01648
v -0.01231 0.36894 -0.51015 0.44785 0.05248 0.01648
v -0.01231 0.37602 -0.51965 0.44785 0.05248 0.01648
v -0.00304 0.38043 -0.52558 0.44785 0.05248 0.01648
v 0.00852 0.37886 -0.52347 0.44785 0.05248 0.01648
v 0.01366 0.37248 -0.51490 0.44785 0.05248 0.01648
v 0.00000 0.37466 -0.51328 0.44785 0.05248 0.01648
v 0.00000 0.37466 -0.51328 0.44785 0.05248 0.01648
v -0.00000 0.37466 -0.51328 0.44785 0.05248 0.01648
v -0.00000 0.37466 -0.51328 0.44785 0.05248 0.01648
v -0.00000 0.37466 -0.51328 0.44785 0.05248 0.01648
v -0.00000 0.37466 -0.51328 0.44785 0.05248 0.01648
v 0.00000 0.37466 -0.51328 0.44785 0.05248 0.01648
v 0.00000 0.37466 -0.51328 0.44785 0.05248 0.01648
v 0.00000 0.24054 -0.71442 0.44785 0.05248 0.01648
v 0.00000 0.24054 -0.71442 0.44785 0.05248 0.01648
v 0.00000 0.24054 -0.71442 0.44785 0.05248 0.01648
v 0.00000 0.24054 -0.71442 0.44785 0.05248 0.01648
v 0.00000 0.24054 -0.71442 0.44785 0.05248 0.01648
v 0.00000 0.24054 -0.71442 0.44785 0.05248 0.01648
v 0.00000 0.24054 -0.71442 0.44785 0.05248 0.01648
v 0.00000 0.24054 -0.71442 0.44785 0.05248 0.01648
v 0.01138 0.24227 -0.71296 0.44785 0.05248 0.01648
v 0.00710 0.23654 -0.70616 0.44785 0.05248 0.01648
v -0.00253 0.23512 -0.70448 0.44785 0.05248 0.01648
v -0.01025 0.23909 -0.70919 0.44785 0.05248 0.01648
v -0.01025 0.24545 -0.71674 0.44785 0.05248 0.01648
v -0.00253 0.24942 -0.72145 0.44785 0.05248 0.01648
v 0.00710 0.24800 -0.71977 0.44785 0.05248 0.01648
v 0.01138 0.24227 -0.71296 0.44785 0.05248 0.01648
v 0.02103 0.24720 -0.70881 0.44785 0.05248 0.01648
v 0.01311 0.23661 -0.69623 0.44785 0.05248 0.01648
v -0.00468 0.23399 -0.69313 0.44785 0.05248 0.01648
v -0.01895 0.24132 -0.70183 0.44785 0.05248 0.01648
v -0.01895 0.25308 -0.71579 0.44785 0.05248 0.01648
v -0.00468 0.26041 -0.72449 0.44785 0.05248 0.01648
v 0.01311 0.25779 -0.72138 0.44785 0.05248 0.01648
v 0.02103 0.24720 -0.70881 0.44785 0.05248 0.01648
v 0.02748 0.25458 -0.70259 0.44785 0.05248 0.01648
v 0.01713 0.24074 -0.68616 0.44785 0.05248 0.01648
v -0.00611 0.23732 -0.68210 0.44785 0.05248 0.01648
v -0.02476 0.24690 -0.69347 0.44785 0.05248 0.01648
v -0.02476 0.26226 -0.71171 0.44785 0.05248 0.01648
v -0.00611 0.27184 -0.72308 0.44785 0.05248 0.01648
v 0.01713 0.26842 -0.71902 0.44785 0.05248 0.01648
v 0.02748 0.25458 -0.70259 0.44785 0.05248 0.01648
v 0.02974 0.26329 -0.69526 0.44785 0.05248 0.01648
v 0.01854 0.24831 -0.67748 0.44785 0.05248 0.01648
v -0.00662 0.24461 -0.67308 0.44785 0.05248 0.01648
v -0.02680 0.25497 -0.68539 0.44785 0.05248 0.01648
v -0.02680 0.27160 -0.70513 0.44785 0.05248 0.01648
v -0.00662 0.28196 -0.71744 0.44785 0.05248 0.01648
v 0.01854 0.27827 -0.71305 0.44785 0.05248 0.01648
v 0.02974 0.26329 -0.69526 0.44785 0.05248 0.01648
v 0.02974 0.34290 -0.62820 0.44785 0.05248 0.01648
v 0.01854 0.32792 -0.61042 0.44785 0.05248 0.01648
v -0.00662 0.32422 -0.60603 0.44785 0.05248 0.01648
v -0.02680 0.33459 -0.61833 0.44785 0.05248 0.01648
v -0.02680 0.35121 -0.63807 0.44785 0.05248 0.01648
v -0.00662 0.36158 -0.65038 0.44785 0.05248 0.01648
v 0.01854 0.35788 -0.64599 0.44785 0.05248 0.01648
v 0.02974 0.34290 -0.62820 0.44785 0.05248 0.01648
v 0.02748 0.35160 -0.62087 0.44785 0.05248 0.01648
v 0.01713 0.33777 -0.60444 0.44785 0.05248 0.01648
v -0.00611 0.33435 -0.60038 0.44785 0.05248 0.01648
v -0.02476 0.34392 -0.61175 0.44785 0.05248 0.01648
v -0.02476 0.35929 -0.62999 0.44785 0.05248 0.01648
v -0.00611 0.36886 -0.64136 0.44785 0.05248 0.01648
v 0.01713 0.36544 -0.63730 0.44785 0.05248 0.01648
v 0.02748 0.35160 -0.62087 0.44785 0.05248 0.01648
v 0.02103 0.35898 -0.61465 0.44785 0.05248 0.01648
v 0.01311 0.34839 -0.60208 0.44785 0.05248 0.01648
v -0.00468 0.34578 -0.59897 0.44785 0.05248 0.01648
v -0.01895 0.35311 -0.60768 0.44785 0.05248 0.01648
v -0.01895 0.36486 -0.62163 0.44785 0.05248 0.01648
v -0.00468 0.37219 -0.63034 0.44785 0.05248 0.01648
v 0.01311 0.36958 -0.62723 0.44785 0.05248 0.01648
v 0.02103 0.35898 -0.61465 0.44785 0.05248 0.01648
v 0.01138 0.36392 -0.61050 0.44785 0.05248 0.01648
v 0.00710 0.35818 -0.60370 0.44785 0.05248 0.01648
v -0.00253 0.35677 -0.60201 0.44785 0.05248 0.01648
v -0.01025 0.36073 -0.60672 0.44785 0.05248 0.01648
v -0.01025 0.36710 -0.61428 0.44785 0.05248 0.01648
v -0.00253 0.37106 -0.61899 0.44785 0.05248 0.01648
v 0.00710 0.36965 -0.61731 0.44785 0.05248 0.01648
v 0.01138 0.36392 -0.61050 0.44785 0.05248 0.01648
v 0.00000 0.36565 -0.60904 0.44785 0.05248 0.01648
v 0.00000 0.36565 -0.60904 0.44785 0.05248 0.01648
v -0.00000 0.36565 -0.60904 0.44785 0.05248 0.01648
v -0.00000 0.36565 -0.60904 0.44785 0.05248 0.01648
v -0.00000 0.36565 -0.60904 0.44785 0.05248 0.01648
v -0.00000 0.36565 -0.60904 0.44785 0.05248 0.01648
v 0.00000 0.36565 -0.60904 0.44785 0.05248 0.01648
v 0.00000 0.36565 -0.60904 0.44785 0.05248 0.01648
f 1 3 2
f 4 6 5
f 7 9 8
f 10 12 11
f 13 15 14
f 16 18 17
f 19 21 20
f 22 24 23
f 25 27 26
f 28 30 29
f 31 33 32
f 34 36 35
f 37 39 38
f 40 42 41
f 43 45 44
f 46 48 47
f 49 51 50
f 52 54 53
f 55 57 56
f 58 60 59
f 61 63 62
f 64 66 65
f 67 69 68
f 70 72 71
f 73 75 74
f 76 78 77
f 79 81 80
f 82 84 83
f 85 87 86
f 88 90 89
f 91 93 92
f 94 96 95
f 97 99 98
f 100 102 101
f 103 105 104
f 106 108 107
f 109 111 110
f 112 114 113
f 115 117 116
f 118 120 119
f 121 123 122
f 124 126 125
f 127 129 128
f 130 132 131
f 133 135 134
f 136 138 137
f 139 141 140
f 142 144 143
f 145 147 146
f 148 150 149
f 151 153 152
f 154 156 155
f 157 159 158
f 160 162 161
f 163 165 164
f 166 168 167
f 169 171 170
f 172 174 173
f 175 177 176
f 178 180 179
f 181 183 182
f 184 186 185
f 187 189 188
f 190 192 191
f 193 195 194
f 196 198 197
f 199 201 200
f 202 204 203
f 205 207 206
f 208 210 209
f 211 213 212
f 214 216 215
f 217 219 218
f 220 222 221
f 223 225 224
f 226 228 227
f 229 231 230
f 232 234 233
f 235 237 236
f 238 240 239
f 241 243 242
f 244 246 245
f 247 249 248
f 250 252 251
f 253 255 254
f 256 258 257
f 259 261 260
f 262 264 263
f 265 267 266
f 268 270 269
f 271 273 272
f 274 276 275
f 277 279 278
f 280 282 281
f 283 285 284
f 286 288 287
f 289 291 290
f 292 294 293
f 295 297 296
f 298 300 299
f 301 303 302
f 304 306 305
f 307 309 308
f 310 312 311
f 313 315 314
f 316 318 317
f 319 321 320
f 322 324 323
f 325 327 326
f 328 330 329
f 331 333 332
f 334 336 335
f 337 339 338
f 340 342 341
f 343 345 344
f 346 348 347
f 349 351 350
f 352 354 353
f 355 357 356
f 358 360 359
f 361 363 362
f 364 366 365
f 367 369 368
f 370 372 371
f 373 375 374
f 376 378 377
f 379 381 380
f 382 384 383
f 385 387 386
f 388 390 389
f 391 393 392
f 394 396 395
f 397 399 398
f 400 402 401
f 403 405 404
f 406 408 407
f 409 411 410
f 412 414 413
f 415 417 416
f 418 420 419
f 421 423 422
f 424 426 425
f 427 429 428
f 430 432 431
f 433 435 434
f 436 438 437
f 439 441 440
f 442 444 443
f 445 447 446
f 448 450 449
f 451 453 452
f 454 456 455
f 457 459 458
f 460 462 461
f 463 465 464
f 466 468 467
f 469 471 470
f 472 474 473
f 475 477 476
f 478 480 479
f 481 483 482
f 484 486 485
f 487 489 488
f 490 492 491
f 493 495 494
f 496 498 497
f 499 501 500
f 502 504 503
f 505 507 506
f 508 510 509
f 511 513 512
f 514 516 515
f 517 519 518
f 520 522 521
f 523 525 524
f 526 528 527
f 529 531 530
f 532 534 533
f 535 537 536
f 538 540 539
f 541 543 542
f 544 546 545
f 547 549 548
f 550 552 551
f 553 555 554
f 556 558 557
f 559 561 560
f 562 564 563
f 565 567 566
f 568 570 569
f 571 573 572
f 574 576 575
f 577 579 578
f 580 582 581
f 583 585 584
f 586 588 587
f 589 591 590
f 592 594 593
f 595 597 596
f 598 600 599
f 601 603 602
f 604 606 605
f 607 609 608
f 610 612 611
f 613 615 614
f 616 618 617
f 619 621 620
f 622 624 623
f 625 627 626
f 628 630 629
f 631 633 632
f 634 636 635
f 637 639 638
f 640 642 641
f 643 645 644
f 646 648 647
f 649 651 650
f 652 654 653
f 655 657 656
f 658 660 659
f 661 663 662
f 664 666 665
f 667 669 668
f 670 672 671
f 673 675 674
f 676 678 677
f 679 681 680
f 682 684 683
f 685 687 686
f 688 690 689
f 691 693 692
f 694 696 695
f 697 699 698
f 700 702 701
f 703 705 704
f 706 708 707
f 709 711 710
f 712 714 713
f 715 717 716
f 718 720 719
f 721 723 722
f 724 726 725
f 727 729 728
f 730 732 731
f 733 735 734
f 736 738 737
f 739 741 740
f 742 744 743
f 745 747 746
f 748 750 749
f 751 753 752
f 754 756 755
f 757 759 758
f 760 762 761
f 763 765 764
f 766 768 767
f 769 771 770
f 772 774 773
f 775 777 776
f 778 780 779
f 781 783 782
f 784 786 785
f 787 789 788
f 790 792 791
f 793 795 794
f 796 798 797
f 799 801 800
f 802 804 803
f 805 807 806
f 808 810 809
f 811 813 812
f 814 816 815
f 817 819 818
f 820 822 821
f 823 825 824
f 826 828 827
f 829 831 830
f 832 834 833
f 835 837 836
f 838 840 839
f 841 843 842
f 844 846 845
f 847 849 848
f 850 852 851
f 853 855 854
f 856 858 857
f 859 861 860
f 862 864 863
f 865 867 866
f 868 870 869
f 871 873 872
f 874 876 875
f 877 879 878
f 880 882 881
f 883 885 884
f 886 888 887
f 889 891 890
f 892 894 893
f 895 897 896
f 898 900 899
f 901 903 902
f 904 906 905
f 907 909 908
f 910 912 911
f 913 915 914
f 916 918 917
f 919 921 920
f 922 924 923
f 925 927 926
f 928 930 929
f 931 933 932
f 934 936 935
f 937 939 938
f 940 942 941
f 943 945 944
f 946 948 947
f 949 951 950
f 952 954 953
f 955 957 956
f 958 960 959
f 961 963 962
f 964 966 965
f 967 969 968
f 970 972 971
f 973 975 974
f 976 978 977
f 979 981 980
f 982 984 983
f 985 987 986
f 988 990 989
f 991 993 992
f 994 996 995
f 997 999 998
f 1000 1002 1001
f 1003 1005 1004
f 1006 1008 1007
f 1009 1011 1010
f 1012 1014 1013
f 1015 1017 1016
f 1018 1020 1019
f 1021 1023 1022
f 1024 1026 1025
f 1027 1029 1028
f 1030 1032 1031
f 1033 1035 1034
f 1036 1038 1037
f 1039 1041 1040
f 1042 1044 1043
f 1045 1047 1046
f 1048 1050 1049
f 1051 1053 1052
f 1054 1056 1055
f 1057 1059 1058
f 1060 1062 1061
f 1063 1065 1064
f 1066 1068 1067
f 1069 1071 1070
f 1072 1074 1073
f 1075 1077 1076
f 1078 1080 1079
f 1081 1083 1082
f 1084 1086 1085
f 1087 1089 1088
f 1090 1092 1091
f 1093 1095 1094
f 1096 1098 1097
f 1099 1101 1100
f 1102 1104 1103
f 1105 1107 1106
f 1108 1110 1109
f 1111 1113 1112
f 1114 1116 1115
f 1117 1119 1118
f 1120 1122 1121
f 1123 1125 1124
f 1126 1128 1127
f 1129 1131 1130
f 1132 1134 1133
f 1135 1137 1136
f 1138 1140 1139
f 1141 1143 1142
f 1144 1146 1145
f 1147 1149 1148
f 1150 1152 1151
f 1153 1155 1154
f 1156 1158 1157
f 1159 1161 1160
f 1162 1164 1163
f 1165 1167 1166
f 1168 1170 1169
f 1171 1173 1172
f 1174 1176 1175
f 1177 1179 1178
f 1180 1182 1181
f 1183 1185 1184
f 1186 1188 1187
f 1189 1191 1190
f 1192 1194 1193
f 1195 1197 1196
f 1198 1200 1199
f 1201 1203 1202
f 1204 1206 1205
f 1207 1209 1208
f 1210 1212 1211
f 1213 1215 1214
f 1216 1218 1217
f 1219 1221 1220
f 1222 1224 1223
f 1225 1227 1226
f 1228 1230 1229
f 1231 1233 1232
f 1234 1236 1235
f 1237 1239 1238
f 1240 1242 1241
f 1243 1245 1244
f 1246 1248 1247
f 1249 1251 1250
f 1252 1254 1253
f 1255 1257 1256
f 1258 1260 1259
f 1261 1263 1262
f 1264 1266 1265
f 1267 1269 1268
f 1270 1272 1271
f 1273 1275 1274
f 1276 1278 1277
f 1279 1281 1280
f 1282 1284 1283
f 1285 1287 1286
f 1288 1290 1289
f 1291 1293 1292
f 1294 1296 1295
f 1297 1299 1298
f 1300 1302 1301
f 1303 1305 1304
f 1306 1308 1307
f 1309 1311 1310
f 1312 1314 1313
f 1315 1317 1316
f 1318 1320 1319
f 1321 1323 1322
f 1324 1326 1325
f 1327 1329 1328
f 1330 1332 1331
f 1333 1335 1334
f 1336 1338 1337
f 1339 1341 1340
f 1342 1344 1343
f 1345 1347 1346
f 1348 1350 1349
f 1351 1353 1352
f 1354 1356 1355
f 1357 1359 1358
f 1360 1362 1361
f 1363 1365 1364
f 1366 1368 1367
f 1369 1371 1370
f 1372 1374 1373
f 1375 1377 1376
f 1378 1380 1379
f 1381 1383 1382
f 1384 1386 1385
f 1387 1389 1388
f 1390 1392 1391
f 1393 1395 1394
f 1396 1398 1397
f 1399 1401 1400
f 1402 1404 1403
f 1405 1407 1406
f 1408 1410 1409
f 1411 1413 1412
f 1414 1416 1415
f 1417 1419 1418
f 1420 1422 1421
f 1423 1425 1424
f 1426 1428 1427
f 1429 1431 1430
f 1432 1434 1433
f 1435 1437 1436
f 1438 1440 1439
f 1441 1443 1442
f 1444 1446 1445
f 1447 1449 1448
f 1450 1452 1451
f 1453 1455 1454
f 1456 1458 1457
f 1459 1461 1460
f 1462 1464 1463
f 1465 1467 1466
f 1468 1470 1469
f 1471 1473 1472
f 1474 1476 1475
f 1477 1479 1478
f 1480 1482 1481
f 1483 1485 1484
f 1486 1488 1487
f 1489 1491 1490
f 1492 1494 1493
f 1495 1497 1496
f 1498 1500 1499
f 1501 1503 1502
f 1504 1506 1505
f 1507 1509 1508
f 1510 1512 1511
f 1513 1515 1514
f 1516 1518 1517
f 1519 1521 1520
f 1522 1524 1523
f 1525 1527 1526
f 1528 1530 1529
f 1531 1533 1532
f 1534 1536 1535
f 1537 1539 1538
f 1540 1542 1541
f 1543 1545 1544
f 1546 1548 1547
f 1549 1551 1550
f 1552 1554 1553
f 1555 1557 1556
f 1558 1560 1559
f 1561 1563 1562
f 1564 1566 1565
f 1567 1569 1568
f 1570 1572 1571
f 1573 1575 1574
f 1576 1578 1577
f 1579 1581 1580
f 1582 1584 1583
f 1585 1587 1586
f 1588 1590 1589
f 1591 1593 1592
f 1594 1596 1595
f 1597 1599 1598
f 1600 1602 1601
f 1603 1605 1604
f 1606 1608 1607
f 1609 1611 1610
f 1612 1614 1613
f 1615 1617 1616
f 1618 1620 1619
f 1621 1623 1622
f 1624 1626 1625
f 1627 1629 1628
f 1630 1632 1631
f 1633 1635 1634
f 1636 1638 1637
f 1639 1641 1640
f 1642 1644 1643
f 1645 1647 1646
f 1648 1650 1649
f 1651 1653 1652
f 1654 1656 1655
f 1657 1659 1658
f 1660 1662 1661
f 1663 1665 1664
f 1666 1668 1667
f 1669 1671 1670
f 1672 1674 1673
f 1675 1677 1676
f 1678 1680 1679
f 1681 1683 1682
f 1684 1686 1685
f 1687 1689 1688
f 1690 1692 1691
f 1693 1695 1694
f 1696 1698 1697
f 1699 1701 1700
f 1702 1704 1703
f 1705 1707 1706
f 1708 1710 1709
f 1711 1713 1712
f 1714 1716 1715
f 1717 1719 1718
f 1720 1722 1721
f 1723 1725 1724
f 1726 1728 1727
f 1729 1731 1730
f 1732 1734 1733
f 1735 1737 1736
f 1738 1740 1739
f 1741 1743 1742
f 1744 1746 1745
f 1747 1749 1748
f 1750 1752 1751
f 1753 1755 1754
f 1756 1758 1757
f 1759 1761 1760
f 1762 1764 1763
f 1765 1775 1766
f 1766 1775 1776
f 1766 1776 1767
f 1767 1776 1777
f 1767 1777 1768
f 1768 1777 1778
f 1768 1778 1769
f 1769 1778 1779
f 1769 1779 1770
f 1770 1779 1780
f 1770 1780 1771
f 1771 1780 1781
f 1771 1781 1772
f 1772 1781 1782
f 1772 1782 1773
f 1773 1782 1783
f 1773 1783 1774
f 1774 1783 1784
f 1775 1785 1776
f 1776 1785 1786
f 1776 1786 1777
f 1777 1786 1787
f 1777 1787 1778
f 1778 1787 1788
f 1778 1788 1779
f 1779 1788 1789
f 1779 1789 1780
f 1780 1789 1790
f 1780 1790 1781
f 1781 1790 1791
f 1781 1791 1782
f 1782 1791 1792
f 1782 1792 1783
f 1783 1792 1793
f 1783 1793 1784
f 1784 1793 1794
f 1785 1795 1786
f 1786 1795 1796
f 1786 1796 1787
f 1787 1796 1797
f 1787 1797 1788
f 1788 1797 1798
f 1788 1798 1789
f 1789 1798 1799
f 1789 1799 1790
f 1790 1799 1800
f 1790 1800 1791
f 1791 1800 1801
f 1791 1801 1792
f 1792 1801 1802
f 1792 1802 1793
f 1793 1802 1803
f 1793 1803 1794
f 1794 1803 1804
f 1795 1805 1796
f 1796 1805 1806
f 1796 1806 1797
f 1797 1806 1807
f 1797 1807 1798
f 1798 1807 1808
f 1798 1808 1799
f 1799 1808 1809
f 1799 1809 1800
f 1800 1809 1810
f 1800 1810 1801
f 1801 1810 1811
f 1801 1811 1802
f 1802 1811 1812
f 1802 1812 1803
f 1803 1812 1813
f 1803 1813 1804
f 1804 1813 1814
f 1805 1815 1806
f 1806 1815 1816
f 1806 1816 1807
f 1807 1816 1817
f 1807 1817 1808
f 1808 1817 1818
f 1808 1818 1809
f 1809 1818 1819
f 1809 1819 1810
f 1810 1819 1820
f 1810 1820 1811
f 1811 1820 1821
f 1811 1821 1812
f 1812 1821 1822
f 1812 1822 1813
f 1813 1822 1823
f 1813 1823 1814
f 1814 1823 1824
f 1815 1825 1816
f 1816 1825 1826
f 1816 1826 1817
f 1817 1826 1827
f 1817 1827 1818
f 1818 1827 1828
f 1818 1828 1819
f 1819 1828 1829
f 1819 1829 1820
f 1820 1829 1830
f 1820 1830 1821
f 1821 1830 1831
f 1821 1831 1822
f 1822 1831 1832
f 1822 1832 1823
f 1823 1832 1833
f 1823 1833 1824
f 1824 1833 1834
f 1825 1835 1826
f 1826 1835 1836
f 1826 1836 1827
f 1827 1836 1837
f 1827 1837 1828
f 1828 1837 1838
f 1828 1838 1829
f 1829 1838 1839
f 1829 1839 1830
f 1830 1839 1840
f 1830 1840 1831
f 1831 1840 1841
f 1831 1841 1832
f 1832 1841 1842
f 1832 1842 1833
f 1833 1842 1843
f 1833 1843 1834
f 1834 1843 1844
f 1835 1845 1836
f 1836 1845 1846
f 1836 1846 1837
f 1837 1846 1847
f 1837 1847 1838
f 1838 1847 1848
f 1838 1848 1839
f 1839 1848 1849
f 1839 1849 1840
f 1840 1849 1850
f 1840 1850 1841
f 1841 1850 1851
f 1841 1851 1842
f 1842 1851 1852
f 1842 1852 1843
f 1843 1852 1853
f 1843 1853 1844
f 1844 1853 1854
f 1845 1855 1846
f 1846 1855 1856
f 1846 1856 1847
f 1847 1856 1857
f 1847 1857 1848
f 1848 1857 1858
f 1848 1858 1849
f 1849 1858 1859
f 1849 1859 1850
f 1850 1859 1860
f 1850 1860 1851
f 1851 1860 1861
f 1851 1861 1852
f 1852 1861 1862
f 1852 1862 1853
f 1853 1862 1863
f 1853 1863 1854
f 1854 1863 1864
f 1855 1865 1856
f 1856 1865 1866
f 1856 1866 1857
f 1857 1866 1867
f 1857 1867 1858
f 1858 1867 1868
f 1858 1868 1859
f 1859 1868 1869
f 1859 1869 1860
f 1860 1869 1870
f 1860 1870 1861
f 1861 1870 1871
f 1861 1871 1862
f 1862 1871 1872
f 1862 1872 1863
f 1863 1872 1873
f 1863 1873 1864
f 1864 1873 1874
f 1865 1875 1866
f 1866 1875 1876
f 1866 1876 1867
f 1867 1876 1877
f 1867 1877 1868
f 1868 1877 1878
f 1868 1878 1869
f 1869 1878 1879
f 1869 1879 1870
f 1870 1879 1880
f 1870 1880 1871
f 1871 1880 1881
f 1871 1881 1872
f 1872 1881 1882
f 1872 1882 1873
f 1873 1882 1883
f 1873 1883 1874
f 1874 1883 1884
f 1875 1885 1876
f 1876 1885 1886
f 1876 1886 1877
f 1877 1886 1887
f 1877 1887 1878
f 1878 1887 1888
f 1878 1888 1879
f 1879 1888 1889
f 1879 1889 1880
f 1880 1889 1890
f 1880 1890 1881
f 1881 1890 1891
f 1881 1891 1882
f 1882 1891 1892
f 1882 1892 1883
f 1883 1892 1893
f 1883 1893 1884
f 1884 1893 1894
f 1885 1895 1886
f 1886 1895 1896
f 1886 1896 1887
f 1887 1896 1897
f 1887 1897 1888
f 1888 1897 1898
f 1888 1898 1889
f 1889 1898 1899
f 1889 1899 1890
f 1890 1899 1900
f 1890 1900 1891
f 1891 1900 1901
f 1891 1901 1892
f 1892 1901 1902
f 1892 1902 1893
f 1893 1902 1903
f 1893 1903 1894
f 1894 1903 1904
f 1895 1905 1896
f 1896 1905 1906
f 1896 1906 1897
f 1897 1906 1907
f 1897 1907 1898
f 1898 1907 1908
f 1898 1908 1899
f 1899 1908 1909
f 1899 1909 1900
f 1900 1909 1910
f 1900 1910 1901
f 1901 1910 1911
f 1901 1911 1902
f 1902 1911 1912
f 1902 1912 1903
f 1903 1912 1913
f 1903 1913 1904
f 1904 1913 1914
f 1905 1915 1906
f 1906 1915 1916
f 1906 1916 1907
f 1907 1916 1917
f 1907 1917 1908
f 1908 1917 1918
f 1908 1918 1909
f 1909 1918 1919
f 1909 1919 1910
f 1910 1919 1920
f 1910 1920 1911
f 1911 1920 1921
f 1911 1921 1912
f 1912 1921 1922
f 1912 1922 1913
f 1913 1922 1923
f 1913 1923 1914
f 1914 1923 1924
f 1925 1942 1941
f 1926 1943 1942
f 1927 1944 1943
f 1928 1945 1944
f 1929 1946 1945
f 1930 1947 1946
f 1931 1948 1947
f 1932 1949 1948
f 1933 1950 1949
f 1934 1951 1950
f 1935 1952 1951
f 1936 1953 1952
f 1937 1954 1953
f 1938 1955 1954
f 1939 1956 1955
f 1942 1958 1941
f 1941 1958 1957
f 1943 1959 1942
f 1942 1959 1958
f 1944 1960 1943
f 1943 1960 1959
f 1945 1961 1944
f 1944 1961 1960
f 1946 1962 1945
f 1945 1962 1961
f 1947 1963 1946
f 1946 1963 1962
f 1948 1964 1947
f 1947 1964 1963
f 1949 1965 1948
f 1948 1965 1964
f 1950 1966 1949
f 1949 1966 1965
f 1951 1967 1950
f 1950 1967 1966
f 1952 1968 1951
f 1951 1968 1967
f 1953 1969 1952
f 1952 1969 1968
f 1954 1970 1953
f 1953 1970 1969
f 1955 1971 1954
f 1954 1971 1970
f 1956 1972 1955
f 1955 1972 1971
f 1958 1974 1957
f 1957 1974 1973
f 1959 1975 1958
f 1958 1975 1974
f 1960 1976 1959
f 1959 1976 1975
f 1961 1977 1960
f 1960 1977 1976
f 1962 1978 1961
f 1961 1978 1977
f 1963 1979 1962
f 1962 1979 1978
f 1964 1980 1963
f 1963 1980 1979
f 1965 1981 1964
f 1964 1981 1980
f 1966 1982 1965
f 1965 1982 1981
f 1967 1983 1966
f 1966 1983 1982
f 1968 1984 1967
f 1967 1984 1983
f 1969 1985 1968
f 1968 1985 1984
f 1970 1986 1969
f 1969 1986 1985
f 1971 1987 1970
f 1970 1987 1986
f 1972 1988 1971
f 1971 1988 1987
f 1974 1990 1973
f 1973 1990 1989
f 1975 1991 1974
f 1974 1991 1990
f 1976 1992 1975
f 1975 1992 1991
f 1977 1993 1976
f 1976 1993 1992
f 1978 1994 1977
f 1977 1994 1993
f 1979 1995 1978
f 1978 1995 1994
f 1980 1996 1979
f 1979 1996 1995
f 1981 1997 1980
f 1980 1997 1996
f 1982 1998 1981
f 1981 1998 1997
f 1983 1999 1982
f 1982 1999 1998
f 1984 2000 1983
f 1983 2000 1999
f 1985 2001 1984
f 1984 2001 2000
f 1986 2002 1985
f 1985 2002 2001
f 1987 2003 1986
f 1986 2003 2002
f 1988 2004 1987
f 1987 2004 2003
f 1990 2006 1989
f 1989 2006 2005
f 1991 2007 1990
f 1990 2007 2006
f 1992 2008 1991
f 1991 2008 2007
f 1993 2009 1992
f 1992 2009 2008
f 1994 2010 1993
f 1993 2010 2009
f 1995 2011 1994
f 1994 2011 2010
f 1996 2012 1995
f 1995 2012 2011
f 1997 2013 1996
f 1996 2013 2012
f 1998 2014 1997
f 1997 2014 2013
f 1999 2015 1998
f 1998 2015 2014
f 2000 2016 1999
f 1999 2016 2015
f 2001 2017 2000
f 2000 2017 2016
f 2002 2018 2001
f 2001 2018 2017
f 2003 2019 2002
f 2002 2019 2018
f 2004 2020 2003
f 2003 2020 2019
f 2006 2022 2005
f 2005 2022 2021
f 2007 2023 2006
f 2006 2023 2022
f 2008 2024 2007
f 2007 2024 2023
f 2009 2025 2008
f 2008 2025 2024
f 2010 2026 2009
f 2009 2026 2025
f 2011 2027 2010
f 2010 2027 2026
f 2012 2028 2011
f 2011 2028 2027
f 2013 2029 2012
f 2012 2029 2028
f 2014 2030 2013
f 2013 2030 2029
f 2015 2031 2014
f 2014 2031 2030
f 2016 2032 2015
f 2015 2032 2031
f 2017 2033 2016
f 2016 2033 2032
f 2018 2034 2017
f 2017 2034 2033
f 2019 2035 2018
f 2018 2035 2034
f 2020 2036 2019
f 2019 2036 2035
f 2022 2038 2021
f 2021 2038 2037
f 2023 2039 2022
f 2022 2039 2038
f 2024 2040 2023
f 2023 2040 2039
f 2025 2041 2024
f 2024 2041 2040
f 2026 2042 2025
f 2025 2042 2041
f 2027 2043 2026
f 2026 2043 2042
f 2028 2044 2027
f 2027 2044 2043
f 2029 2045 2028
f 2028 2045 2044
f 2030 2046 2029
f 2029 2046 2045
f 2031 2047 2030
f 2030 2047 2046
f 2032 2048 2031
f 2031 2048 2047
f 2033 2049 2032
f 2032 2049 2048
f 2034 2050 2033
f 2033 2050 2049
f 2035 2051 2034
f 2034 2051 2050
f 2036 2052 2035
f 2035 2052 2051
f 2038 2054 2037
f 2037 2054 2053
f 2039 2055 2038
f 2038 2055 2054
f 2040 2056 2039
f 2039 2056 2055
f 2041 2057 2040
f 2040 2057 2056
f 2042 2058 2041
f 2041 2058 2057
f 2043 2059 2042
f 2042 2059 2058
f 2044 2060 2043
f 2043 2060 2059
f 2045 2061 2044
f 2044 2061 2060
f 2046 2062 2045
f 2045 2062 2061
f 2047 2063 2046
f 2046 2063 2062
f 2048 2064 2047
f 2047 2064 2063
f 2049 2065 2048
f 2048 2065 2064
f 2050 2066 2049
f 2049 2066 2065
f 2051 2067 2050
f 2050 2067 2066
f 2052 2068 2051
f 2051 2068 2067
f 2054 2070 2053
f 2053 2070 2069
f 2055 2071 2054
f 2054 2071 2070
f 2056 2072 2055
f 2055 2072 2071
f 2057 2073 2056
f 2056 2073 2072
f 2058 2074 2057
f 2057 2074 2073
f 2059 2075 2058
f 2058 2075 2074
f 2060 2076 2059
f 2059 2076 2075
f 2061 2077 2060
f 2060 2077 2076
f 2062 2078 2061
f 2061 2078 2077
f 2063 2079 2062
f 2062 2079 2078
f 2064 2080 2063
f 2063 2080 2079
f 2065 2081 2064
f 2064 2081 2080
f 2066 2082 2065
f 2065 2082 2081
f 2067 2083 2066
f 2066 2083 2082
f 2068 2084 2067
f 2067 2084 2083
f 2070 2086 2069
f 2069 2086 2085
f 2071 2087 2070
f 2070 2087 2086
f 2072 2088 2071
f 2071 2088 2087
f 2073 2089 2072
f 2072 2089 2088
f 2074 2090 2073
f 2073 2090 2089
f 2075 2091 2074
f 2074 2091 2090
f 2076 2092 2075
f 2075 2092 2091
f 2077 2093 2076
f 2076 2093 2092
f 2078 2094 2077
f 2077 2094 2093
f 2079 2095 2078
f 2078 2095 2094
f 2080 2096 2079
f 2079 2096 2095
f 2081 2097 2080
f 2080 2097 2096
f 2082 2098 2081
f 2081 2098 2097
f 2083 2099 2082
f 2082 2099 2098
f 2084 2100 2083
f 2083 2100 2099
f 2086 2102 2085
f 2085 2102 2101
f 2087 2103 2086
f 2086 2103 2102
f 2088 2104 2087
f 2087 2104 2103
f 2089 2105 2088
f 2088 2105 2104
f 2090 2106 2089
f 2089 2106 2105
f 2091 2107 2090
f 2090 2107 2106
f 2092 2108 2091
f 2091 2108 2107
f 2093 2109 2092
f 2092 2109 2108
f 2094 2110 2093
f 2093 2110 2109
f 2095 2111 2094
f 2094 2111 2110
f 2096 2112 2095
f 2095 2112 2111
f 2097 2113 2096
f 2096 2113 2112
f 2098 2114 2097
f 2097 2114 2113
f 2099 2115 2098
f 2098 2115 2114
f 2100 2116 2099
f 2099 2116 2115
f 2102 2118 2101
f 2103 2119 2102
f 2104 2120 2103
f 2105 2121 2104
f 2106 2122 2105
f 2107 2123 2106
f 2108 2124 2107
f 2109 2125 2108
f 2110 2126 2109
f 2111 2127 2110
f 2112 2128 2111
f 2113 2129 2112
f 2114 2130 2113
f 2115 2131 2114
f 2116 2132 2115
f 2133 2143 2134
f 2134 2143 2144
f 2134 2144 2135
f 2135 2144 2145
f 2135 2145 2136
f 2136 2145 2146
f 2136 2146 2137
f 2137 2146 2147
f 2137 2147 2138
f 2138 2147 2148
f 2138 2148 2139
f 2139 2148 2149
f 2139 2149 2140
f 2140 2149 2150
f 2140 2150 2141
f 2141 2150 2151
f 2141 2151 2142
f 2142 2151 2152
f 2143 2153 2144
f 2144 2153 2154
f 2144 2154 2145
f 2145 2154 2155
f 2145 2155 2146
f 2146 2155 2156
f 2146 2156 2147
f 2147 2156 2157
f 2147 2157 2148
f 2148 2157 2158
f 2148 2158 2149
f 2149 2158 2159
f 2149 2159 2150
f 2150 2159 2160
f 2150 2160 2151
f 2151 2160 2161
f 2151 2161 2152
f 2152 2161 2162
f 2153 2163 2154
f 2154 2163 2164
f 2154 2164 2155
f 2155 2164 2165
f 2155 2165 2156
f 2156 2165 2166
f 2156 2166 2157
f 2157 2166 2167
f 2157 2167 2158
f 2158 2167 2168
f 2158 2168 2159
f 2159 2168 2169
f 2159 2169 2160
f 2160 2169 2170
f 2160 2170 2161
f 2161 2170 2171
f 2161 2171 2162
f 2162 2171 2172
f 2163 2173 2164
f 2164 2173 2174
f 2164 2174 2165
f 2165 2174 2175
f 2165 2175 2166
f 2166 2175 2176
f 2166 2176 2167
f 2167 2176 2177
f 2167 2177 2168
f 2168 2177 2178
f 2168 2178 2169
f 2169 2178 2179
f 2169 2179 2170
f 2170 2179 2180
f 2170 2180 2171
f 2171 2180 2181
f 2171 2181 2172
f 2172 2181 2182
f 2173 2183 2174
f 2174 2183 2184
f 2174 2184 2175
f 2175 2184 2185
f 2175 2185 2176
f 2176 2185 2186
f 2176 2186 2177
f 2177 2186 2187
f 2177 2187 2178
f 2178 2187 2188
f 2178 2188 2179
f 2179 2188 2189
f 2179 2189 2180
f 2180 2189 2190
f 2180 2190 2181
f 2181 2190 2191
f 2181 2191 2182
f 2182 2191 2192
f 2183 2193 2184
f 2184 2193 2194
f 2184 2194 2185
f 2185 2194 2195
f 2185 2195 2186
f 2186 2195 2196
f 2186 2196 2187
f 2187 2196 2197
f 2187 2197 2188
f 2188 2197 2198
f 2188 2198 2189
f 2189 2198 2199
f 2189 2199 2190
f 2190 2199 2200
f 2190 2200 2191
f 2191 2200 2201
f 2191 2201 2192
f 2192 2201 2202
f 2193 2203 2194
f 2194 2203 2204
f 2194 2204 2195
f 2195 2204 2205
f 2195 2205 2196
f 2196 2205 2206
f 2196 2206 2197
f 2197 2206 2207
f 2197 2207 2198
f 2198 2207 2208
f 2198 2208 2199
f 2199 2208 2209
f 2199 2209 2200
f 2200 2209 2210
f 2200 2210 2201
f 2201 2210 2211
f 2201 2211 2202
f 2202 2211 2212
f 2203 2213 2204
f 2204 2213 2214
f 2204 2214 2205
f 2205 2214 2215
f 2205 2215 2206
f 2206 2215 2216
f 2206 2216 2207
f 2207 2216 2217
f 2207 2217 2208
f 2208 2217 2218
f 2208 2218 2209
f 2209 2218 2219
f 2209 2219 2210
f 2210 2219 2220
f 2210 2220 2211
f 2211 2220 2221
f 2211 2221 2212
f 2212 2221 2222
f 2213 2223 2214
f 2214 2223 2224
f 2214 2224 2215
f 2215 2224 2225
f 2215 2225 2216
f 2216 2225 2226
f 2216 2226 2217
f 2217 2226 2227
f 2217 2227 2218
f 2218 2227 2228
f 2218 2228 2219
f 2219 2228 2229
f 2219 2229 2220
f 2220 2229 2230
f 2220 2230 2221
f 2221 2230 2231
f 2221 2231 2222
f 2222 2231 2232
f 2223 2233 2224
f 2224 2233 2234
f 2224 2234 2225
f 2225 2234 2235
f 2225 2235 2226
f 2226 2235 2236
f 2226 2236 2227
f 2227 2236 2237
f 2227 2237 2228
f 2228 2237 2238
f 2228 2238 2229
f 2229 2238 2239
f 2229 2239 2230
f 2230 2239 2240
f 2230 2240 2231
f 2231 2240 2241
f 2231 2241 2232
f 2232 2241 2242
f 2233 2243 2234
f 2234 2243 2244
f 2234 2244 2235
f 2235 2244 2245
f 2235 2245 2236
f 2236 2245 2246
f 2236 2246 2237
f 2237 2246 2247
f 2237 2247 2238
f 2238 2247 2248
f 2238 2248 2239
f 2239 2248 2249
f 2239 2249 2240
f 2240 2249 2250
f 2240 2250 2241
f 2241 2250 2251
f 2241 2251 2242
f 2242 2251 2252
f 2253 2255 2254
f 2256 2258 2257
f 2259 2261 2260
f 2262 2264 2263
f 2265 2267 2266
f 2268 2270 2269
f 2271 2273 2272
f 2274 2276 2275
f 2277 2279 2278
f 2280 2282 2281
f 2283 2285 2284
f 2286 2288 2287
f 2289 2291 2290
f 2292 2294 2293
f 2295 2297 2296
f 2298 2300 2299
f 2301 2303 2302
f 2304 2306 2305
f 2307 2309 2308
f 2310 2312 2311
f 2313 2315 2314
f 2316 2318 2317
f 2319 2321 2320
f 2322 2324 2323
f 2325 2327 2326
f 2328 2330 2329
f 2331 2333 2332
f 2334 2336 2335
f 2337 2339 2338
f 2340 2342 2341
f 2343 2345 2344
f 2346 2348 2347
f 2349 2351 2350
f 2352 2354 2353
f 2355 2357 2356
f 2358 2360 2359
f 2361 2363 2362
f 2364 2366 2365
f 2367 2369 2368
f 2370 2372 2371
f 2373 2375 2374
f 2376 2378 2377
f 2379 2381 2380
f 2382 2384 2383
f 2385 2387 2386
f 2388 2390 2389
f 2391 2393 2392
f 2394 2396 2395
f 2397 2399 2398
f 2400 2402 2401
f 2403 2405 2404
f 2406 2408 2407
f 2409 2411 2410
f 2412 2414 2413
f 2415 2417 2416
f 2418 2420 2419
f 2421 2423 2422
f 2424 2426 2425
f 2427 2429 2428
f 2430 2432 2431
f 2433 2435 2434
f 2436 2438 2437
f 2439 2441 2440
f 2442 2444 2443
f 2445 2447 2446
f 2448 2450 2449
f 2451 2453 2452
f 2454 2456 2455
f 2457 2459 2458
f 2460 2462 2461
f 2463 2465 2464
f 2466 2468 2467
f 2469 2471 2470
f 2472 2474 2473
f 2475 2477 2476
f 2478 2480 2479
f 2481 2483 2482
f 2484 2486 2485
f 2487 2489 2488
f 2490 2492 2491
f 2493 2495 2494
f 2496 2498 2497
f 2499 2501 2500
f 2502 2504 2503
f 2505 2507 2506
f 2508 2510 2509
f 2511 2513 2512
f 2514 2516 2515
f 2517 2519 2518
f 2520 2522 2521
f 2523 2525 2524
f 2526 2528 2527
f 2529 2531 2530
f 2532 2534 2533
f 2535 2537 2536
f 2538 2540 2539
f 2541 2543 2542
f 2544 2546 2545
f 2547 2549 2548
f 2550 2552 2551
f 2553 2555 2554
f 2556 2558 2557
f 2559 2561 2560
f 2562 2564 2563
f 2565 2567 2566
f 2568 2570 2569
f 2571 2573 2572
f 2574 2576 2575
f 2577 2579 2578
f 2580 2582 2581
f 2583 2585 2584
f 2586 2588 2587
f 2589 2591 2590
f 2592 2594 2593
f 2595 2597 2596
f 2598 2600 2599
f 2601 2603 2602
f 2604 2606 2605
f 2607 2609 2608
f 2610 2612 2611
f 2613 2615 2614
f 2616 2618 2617
f 2619 2621 2620
f 2622 2624 2623
f 2625 2627 2626
f 2628 2630 2629
f 2631 2633 2632
f 2634 2636 2635
f 2637 2639 2638
f 2640 2642 2641
f 2643 2645 2644
f 2646 2648 2647
f 2649 2651 2650
f 2652 2654 2653
f 2655 2657 2656
f 2658 2660 2659
f 2661 2663 2662
f 2664 2666 2665
f 2667 2669 2668
f 2670 2672 2671
f 2673 2675 2674
f 2676 2678 2677
f 2679 2681 2680
f 2682 2684 2683
f 2685 2687 2686
f 2688 2690 2689
f 2691 2693 2692
f 2694 2696 2695
f 2697 2699 2698
f 2700 2702 2701
f 2703 2705 2704
f 2706 2708 2707
f 2709 2711 2710
f 2712 2714 2713
f 2715 2717 2716
f 2718 2720 2719
f 2721 2723 2722
f 2724 2726 2725
f 2727 2729 2728
f 2730 2732 2731
f 2733 2735 2734
f 2736 2738 2737
f 2739 2741 2740
f 2742 2744 2743
f 2745 2747 2746
f 2748 2750 2749
f 2751 2753 2752
f 2754 2756 2755
f 2757 2759 2758
f 2760 2762 2761
f 2763 2765 2764
f 2766 2768 2767
f 2769 2771 2770
f 2772 2774 2773
f 2775 2777 2776
f 2778 2780 2779
f 2781 2783 2782
f 2784 2786 2785
f 2787 2789 2788
f 2790 2792 2791
f 2793 2795 2794
f 2796 2798 2797
f 2799 2801 2800
f 2802 2804 2803
f 2805 2807 2806
f 2808 2810 2809
f 2811 2813 2812
f 2814 2816 2815
f 2817 2819 2818
f 2820 2822 2821
f 2823 2825 2824
f 2826 2828 2827
f 2829 2831 2830
f 2832 2834 2833
f 2835 2837 2836
f 2838 2840 2839
f 2841 2843 2842
f 2844 2846 2845
f 2847 2849 2848
f 2850 2852 2851
f 2853 2855 2854
f 2856 2858 2857
f 2859 2861 2860
f 2862 2864 2863
f 2865 2867 2866
f 2868 2870 2869
f 2871 2873 2872
f 2874 2876 2875
f 2877 2879 2878
f 2880 2882 2881
f 2883 2885 2884
f 2886 2888 2887
f 2889 2891 2890
f 2892 2894 2893
f 2895 2897 2896
f 2898 2900 2899
f 2901 2903 2902
f 2904 2906 2905
f 2907 2909 2908
f 2910 2912 2911
f 2913 2915 2914
f 2916 2918 2917
f 2919 2921 2920
f 2922 2924 2923
f 2925 2927 2926
f 2928 2930 2929
f 2931 2933 2932
f 2934 2936 2935
f 2937 2939 2938
f 2940 2942 2941
f 2943 2945 2944
f 2946 2948 2947
f 2949 2951 2950
f 2952 2954 2953
f 2955 2957 2956
f 2958 2960 2959
f 2961 2963 2962
f 2964 2966 2965
f 2967 2969 2968
f 2970 2972 2971
f 2973 2975 2974
f 2976 2978 2977
f 2979 2981 2980
f 2982 2984 2983
f 2985 2987 2986
f 2988 2990 2989
f 2991 2993 2992
f 2994 2996 2995
f 2997 2999 2998
f 3000 3002 3001
f 3003 3005 3004
f 3006 3008 3007
f 3009 3011 3010
f 3012 3014 3013
f 3015 3017 3016
f 3018 3020 3019
f 3021 3023 3022
f 3024 3026 3025
f 3027 3029 3028
f 3030 3032 3031
f 3033 3035 3034
f 3036 3038 3037
f 3039 3041 3040
f 3042 3044 3043
f 3045 3047 3046
f 3048 3050 3049
f 3051 3053 3052
f 3054 3056 3055
f 3057 3059 3058
f 3060 3062 3061
f 3063 3065 3064
f 3066 3068 3067
f 3069 3071 3070
f 3072 3074 3073
f 3075 3077 3076
f 3078 3080 3079
f 3081 3083 3082
f 3084 3086 3085
f 3087 3089 3088
f 3090 3092 3091
f 3093 3095 3094
f 3096 3098 3097
f 3099 3101 3100
f 3102 3104 3103
f 3105 3107 3106
f 3108 3110 3109
f 3111 3113 3112
f 3114 3116 3115
f 3117 3119 3118
f 3120 3122 3121
f 3123 3125 3124
f 3126 3128 3127
f 3129 3131 3130
f 3132 3134 3133
f 3135 3137 3136
f 3138 3140 3139
f 3141 3143 3142
f 3144 3146 3145
f 3147 3149 3148
f 3150 3152 3151
f 3153 3155 3154
f 3156 3158 3157
f 3159 3161 3160
f 3162 3164 3163
f 3165 3167 3166
f 3168 3170 3169
f 3171 3173 3172
f 3174 3176 3175
f 3177 3179 3178
f 3180 3182 3181
f 3183 3185 3184
f 3186 3188 3187
f 3189 3191 3190
f 3192 3194 3193
f 3195 3197 3196
f 3198 3200 3199
f 3201 3203 3202
f 3204 3206 3205
f 3207 3209 3208
f 3210 3212 3211
f 3213 3215 3214
f 3216 3218 3217
f 3219 3221 3220
f 3222 3224 3223
f 3225 3227 3226
f 3228 3230 3229
f 3231 3233 3232
f 3234 3236 3235
f 3237 3239 3238
f 3240 3242 3241
f 3243 3245 3244
f 3246 3248 3247
f 3249 3251 3250
f 3252 3254 3253
f 3255 3257 3256
f 3258 3260 3259
f 3261 3263 3262
f 3264 3266 3265
f 3267 3269 3268
f 3270 3272 3271
f 3273 3275 3274
f 3276 3278 3277
f 3279 3281 3280
f 3282 3284 3283
f 3285 3287 3286
f 3288 3290 3289
f 3291 3293 3292
f 3294 3296 3295
f 3297 3299 3298
f 3300 3302 3301
f 3303 3305 3304
f 3306 3308 3307
f 3309 3311 3310
f 3312 3314 3313
f 3315 3317 3316
f 3318 3320 3319
f 3321 3323 3322
f 3324 3326 3325
f 3327 3329 3328
f 3330 3332 3331
f 3333 3335 3334
f 3336 3338 3337
f 3339 3341 3340
f 3342 3344 3343
f 3345 3347 3346
f 3348 3350 3349
f 3351 3353 3352
f 3354 3356 3355
f 3357 3359 3358
f 3360 3362 3361
f 3363 3365 3364
f 3366 3368 3367
f 3369 3371 3370
f 3372 3374 3373
f 3375 3377 3376
f 3378 3380 3379
f 3381 3383 3382
f 3384 3386 3385
f 3387 3389 3388
f 3390 3392 3391
f 3393 3395 3394
f 3396 3398 3397
f 3399 3401 3400
f 3402 3404 3403
f 3405 3407 3406
f 3408 3410 3409
f 3411 3413 3412
f 3414 3416 3415
f 3417 3419 3418
f 3420 3422 3421
f 3423 3425 3424
f 3426 3428 3427
f 3429 3431 3430
f 3432 3434 3433
f 3435 3437 3436
f 3438 3440 3439
f 3441 3443 3442
f 3444 3446 3445
f 3447 3449 3448
f 3450 3452 3451
f 3453 3455 3454
f 3456 3458 3457
f 3459 3461 3460
f 3462 3464 3463
f 3465 3467 3466
f 3468 3470 3469
f 3471 3473 3472
f 3474 3476 3475
f 3477 3479 3478
f 3480 3482 3481
f 3483 3485 3484
f 3486 3488 3487
f 3489 3491 3490
f 3492 3494 3493
f 3495 3497 3496
f 3498 3500 3499
f 3501 3503 3502
f 3504 3506 3505
f 3507 3509 3508
f 3510 3512 3511
f 3513 3515 3514
f 3516 3518 3517
f 3519 3521 3520
f 3522 3524 3523
f 3525 3527 3526
f 3528 3530 3529
f 3531 3533 3532
f 3534 3536 3535
f 3537 3539 3538
f 3540 3542 3541
f 3543 3545 3544
f 3546 3548 3547
f 3549 3551 3550
f 3552 3554 3553
f 3555 3557 3556
f 3558 3560 3559
f 3561 3563 3562
f 3564 3566 3565
f 3567 3569 3568
f 3570 3572 3571
f 3573 3575 3574
f 3576 3578 3577
f 3579 3581 3580
f 3582 3584 3583
f 3585 3587 3586
f 3588 3590 3589
f 3591 3593 3592
f 3594 3596 3595
f 3597 3599 3598
f 3600 3602 3601
f 3603 3605 3604
f 3606 3608 3607
f 3609 3611 3610
f 3612 3614 3613
f 3615 3617 3616
f 3618 3620 3619
f 3621 3623 3622
f 3624 3626 3625
f 3627 3629 3628
f 3630 3632 3631
f 3633 3635 3634
f 3636 3638 3637
f 3639 3641 3640
f 3642 3644 3643
f 3645 3647 3646
f 3648 3650 3649
f 3651 3653 3652
f 3654 3656 3655
f 3657 3659 3658
f 3660 3662 3661
f 3663 3665 3664
f 3666 3668 3667
f 3669 3671 3670
f 3672 3674 3673
f 3675 3677 3676
f 3678 3680 3679
f 3681 3683 3682
f 3684 3686 3685
f 3687 3689 3688
f 3690 3692 3691
f 3693 3695 3694
f 3696 3698 3697
f 3699 3701 3700
f 3702 3704 3703
f 3705 3707 3706
f 3708 3710 3709
f 3711 3713 3712
f 3714 3716 3715
f 3717 3719 3718
f 3720 3722 3721
f 3723 3725 3724
f 3726 3728 3727
f 3729 3731 3730
f 3732 3734 3733
f 3735 3737 3736
f 3738 3740 3739
f 3741 3743 3742
f 3744 3746 3745
f 3747 3749 3748
f 3750 3752 3751
f 3753 3755 3754
f 3756 3758 3757
f 3759 3761 3760
f 3762 3764 3763
f 3765 3767 3766
f 3768 3770 3769
f 3771 3773 3772
f 3774 3776 3775
f 3777 3779 3778
f 3780 3782 3781
f 3783 3785 3784
f 3786 3788 3787
f 3789 3791 3790
f 3792 3794 3793
f 3795 3797 3796
f 3798 3800 3799
f 3801 3803 3802
f 3804 3806 3805
f 3807 3809 3808
f 3810 3812 3811
f 3813 3815 3814
f 3816 3818 3817
f 3819 3821 3820
f 3822 3824 3823
f 3825 3827 3826
f 3828 3830 3829
f 3831 3833 3832
f 3834 3836 3835
f 3837 3839 3838
f 3840 3842 3841
f 3843 3845 3844
f 3846 3848 3847
f 3849 3851 3850
f 3852 3854 3853
f 3855 3857 3856
f 3858 3860 3859
f 3861 3863 3862
f 3864 3866 3865
f 3867 3869 3868
f 3870 3872 3871
f 3873 3875 3874
f 3876 3878 3877
f 3879 3881 3880
f 3882 3884 3883
f 3885 3887 3886
f 3888 3890 3889
f 3891 3893 3892
f 3894 3896 3895
f 3897 3899 3898
f 3900 3902 3901
f 3903 3905 3904
f 3906 3908 3907
f 3909 3911 3910
f 3912 3914 3913
f 3915 3917 3916
f 3918 3920 3919
f 3921 3923 3922
f 3924 3926 3925
f 3927 3929 3928
f 3930 3932 3931
f 3933 3935 3934
f 3936 3938 3937
f 3939 3941 3940
f 3942 3944 3943
f 3945 3947 3946
f 3948 3950 3949
f 3951 3953 3952
f 3954 3956 3955
f 3957 3959 3958
f 3960 3962 3961
f 3963 3965 3964
f 3966 3968 3967
f 3969 3971 3970
f 3972 3974 3973
f 3975 3977 3976
f 3978 3980 3979
f 3981 3983 3982
f 3984 3986 3985
f 3987 3989 3988
f 3990 3992 3991
f 3993 3995 3994
f 3996 3998 3997
f 3999 4001 4000
f 4002 4004 4003
f 4005 4007 4006
f 4008 4010 4009
f 4011 4013 4012
f 4014 4016 4015
f 4017 4019 4018
f 4020 4022 4021
f 4023 4025 4024
f 4026 4028 4027
f 4029 4031 4030
f 4032 4034 4033
f 4035 4037 4036
f 4038 4040 4039
f 4041 4043 4042
f 4044 4046 4045
f 4047 4049 4048
f 4050 4052 4051
f 4053 4055 4054
f 4056 4058 4057
f 4059 4061 4060
f 4062 4064 4063
f 4065 4067 4066
f 4068 4070 4069
f 4071 4073 4072
f 4074 4076 4075
f 4077 4079 4078
f 4080 4082 4081
f 4083 4085 4084
f 4086 4088 4087
f 4089 4091 4090
f 4092 4094 4093
f 4095 4097 4096
f 4098 4100 4099
f 4101 4103 4102
f 4104 4106 4105
f 4107 4109 4108
f 4110 4112 4111
f 4113 4115 4114
f 4116 4118 4117
f 4119 4121 4120
f 4122 4124 4123
f 4125 4127 4126
f 4128 4130 4129
f 4131 4133 4132
f 4134 4136 4135
f 4137 4139 4138
f 4140 4142 4141
f 4143 4145 4144
f 4146 4148 4147
f 4149 4151 4150
f 4152 4154 4153
f 4155 4157 4156
f 4158 4160 4159
f 4161 4163 4162
f 4164 4166 4165
f 4167 4169 4168
f 4170 4172 4171
f 4173 4175 4174
f 4176 4178 4177
f 4179 4181 4180
f 4182 4184 4183
f 4185 4187 4186
f 4188 4190 4189
f 4191 4193 4192
f 4194 4196 4195
f 4197 4199 4198
f 4200 4202 4201
f 4203 4205 4204
f 4206 4208 4207
f 4209 4211 4210
f 4212 4214 4213
f 4215 4217 4216
f 4218 4220 4219
f 4221 4223 4222
f 4224 4226 4225
f 4227 4229 4228
f 4230 4232 4231
f 4233 4235 4234
f 4236 4238 4237
f 4239 4241 4240
f 4242 4244 4243
f 4245 4247 4246
f 4248 4250 4249
f 4251 4253 4252
f 4254 4256 4255
f 4257 4259 4258
f 4260 4262 4261
f 4263 4265 4264
f 4266 4268 4267
f 4269 4271 4270
f 4272 4274 4273
f 4275 4277 4276
f 4278 4280 4279
f 4281 4283 4282
f 4284 4286 4285
f 4287 4289 4288
f 4290 4292 4291
f 4293 4295 4294
f 4296 4298 4297
f 4299 4301 4300
f 4302 4304 4303
f 4305 4307 4306
f 4308 4310 4309
f 4311 4313 4312
f 4314 4316 4315
f 4317 4319 4318
f 4320 4322 4321
f 4323 4325 4324
f 4326 4328 4327
f 4329 4331 4330
f 4332 4334 4333
f 4335 4337 4336
f 4338 4340 4339
f 4341 4343 4342
f 4344 4346 4345
f 4347 4349 4348
f 4350 4352 4351
f 4353 4355 4354
f 4356 4358 4357
f 4359 4361 4360
f 4362 4364 4363
f 4365 4367 4366
f 4368 4370 4369
f 4371 4373 4372
f 4374 4376 4375
f 4377 4379 4378
f 4380 4382 4381
f 4383 4385 4384
f 4386 4388 4387
f 4389 4391 4390
f 4392 4394 4393
f 4395 4397 4396
f 4398 4400 4399
f 4401 4403 4402
f 4404 4406 4405
f 4407 4409 4408
f 4410 4412 4411
f 4413 4415 4414
f 4416 4418 4417
f 4419 4421 4420
f 4422 4424 4423
f 4425 4427 4426
f 4428 4430 4429
f 4431 4433 4432
f 4434 4436 4435
f 4437 4439 4438
f 4440 4442 4441
f 4443 4445 4444
f 4446 4448 4447
f 4449 4451 4450
f 4452 4454 4453
f 4455 4457 4456
f 4458 4460 4459
f 4461 4463 4462
f 4464 4466 4465
f 4467 4469 4468
f 4470 4472 4471
f 4473 4475 4474
f 4476 4478 4477
f 4479 4481 4480
f 4482 4484 4483
f 4485 4487 4486
f 4488 4490 4489
f 4491 4493 4492
f 4494 4496 4495
f 4497 4499 4498
f 4500 4502 4501
f 4503 4505 4504
f 4506 4508 4507
f 4509 4511 4510
f 4512 4514 4513
f 4515 4517 4516
f 4518 4520 4519
f 4521 4523 4522
f 4524 4526 4525
f 4527 4529 4528
f 4530 4532 4531
f 4533 4535 4534
f 4536 4538 4537
f 4539 4541 4540
f 4542 4544 4543
f 4545 4547 4546
f 4548 4550 4549
f 4551 4553 4552
f 4554 4556 4555
f 4557 4559 4558
f 4560 4562 4561
f 4563 4565 4564
f 4566 4568 4567
f 4569 4571 4570
f 4572 4574 4573
f 4575 4577 4576
f 4578 4580 4579
f 4581 4583 4582
f 4584 4586 4585
f 4587 4589 4588
f 4590 4592 4591
f 4593 4595 4594
f 4596 4598 4597
f 4599 4601 4600
f 4602 4604 4603
f 4605 4607 4606
f 4608 4610 4609
f 4611 4613 4612
f 4614 4616 4615
f 4617 4619 4618
f 4620 4622 4621
f 4623 4625 4624
f 4626 4628 4627
f 4629 4631 4630
f 4632 4634 4633
f 4635 4637 4636
f 4638 4640 4639
f 4641 4643 4642
f 4644 4646 4645
f 4647 4649 4648
f 4650 4652 4651
f 4653 4655 4654
f 4656 4658 4657
f 4659 4661 4660
f 4662 4664 4663
f 4665 4667 4666
f 4668 4670 4669
f 4671 4673 4672
f 4674 4676 4675
f 4677 4679 4678
f 4680 4682 4681
f 4683 4685 4684
f 4686 4688 4687
f 4689 4691 4690
f 4692 4694 4693
f 4695 4697 4696
f 4698 4700 4699
f 4701 4703 4702
f 4704 4706 4705
f 4707 4709 4708
f 4710 4712 4711
f 4713 4715 4714
f 4716 4718 4717
f 4719 4721 4720
f 4722 4724 4723
f 4725 4727 4726
f 4728 4730 4729
f 4731 4733 4732
f 4734 4736 4735
f 4737 4739 4738
f 4740 4742 4741
f 4743 4745 4744
f 4746 4748 4747
f 4749 4751 4750
f 4752 4754 4753
f 4755 4757 4756
f 4758 4760 4759
f 4761 4763 4762
f 4764 4766 4765
f 4767 4769 4768
f 4770 4772 4771
f 4773 4775 4774
f 4776 4778 4777
f 4779 4781 4780
f 4782 4784 4783
f 4785 4787 4786
f 4788 4790 4789
f 4791 4793 4792
f 4794 4796 4795
f 4797 4799 4798
f 4800 4802 4801
f 4803 4805 4804
f 4806 4808 4807
f 4809 4811 4810
f 4812 4814 4813
f 4815 4817 4816
f 4818 4820 4819
f 4821 4823 4822
f 4824 4826 4825
f 4827 4829 4828
f 4830 4832 4831
f 4833 4835 4834
f 4836 4838 4837
f 4839 4841 4840
f 4842 4844 4843
f 4845 4847 4846
f 4848 4850 4849
f 4851 4853 4852
f 4854 4856 4855
f 4857 4859 4858
f 4860 4862 4861
f 4863 4865 4864
f 4866 4868 4867
f 4869 4871 4870
f 4872 4874 4873
f 4875 4877 4876
f 4878 4880 4879
f 4881 4883 4882
f 4884 4886 4885
f 4887 4889 4888
f 4890 4892 4891
f 4893 4895 4894
f 4896 4898 4897
f 4899 4901 4900
f 4902 4904 4903
f 4905 4907 4906
f 4908 4910 4909
f 4911 4913 4912
f 4914 4916 4915
f 4917 4919 4918
f 4920 4922 4921
f 4923 4925 4924
f 4926 4928 4927
f 4929 4931 4930
f 4932 4934 4933
f 4935 4937 4936
f 4938 4940 4939
f 4941 4943 4942
f 4944 4946 4945
f 4947 4949 4948
f 4950 4952 4951
f 4953 4955 4954
f 4956 4958 4957
f 4959 4961 4960
f 4962 4964 4963
f 4965 4967 4966
f 4968 4970 4969
f 4971 4973 4972
f 4974 4976 4975
f 4977 4979 4978
f 4980 4982 4981
f 4983 4985 4984
f 4986 4988 4987
f 4989 4991 4990
f 4992 4994 4993
f 4995 4997 4996
f 4998 5000 4999
f 5001 5003 5002
f 5004 5006 5005
f 5007 5009 5008
f 5010 5012 5011
f 5013 5015 5014
f 5016 5018 5017
f 5019 5021 5020
f 5022 5024 5023
f 5025 5027 5026
f 5028 5030 5029
f 5031 5033 5032
f 5034 5036 5035
f 5037 5039 5038
f 5040 5042 5041
f 5043 5045 5044
f 5046 5048 5047
f 5049 5051 5050
f 5052 5054 5053
f 5055 5057 5056
f 5058 5060 5059
f 5061 5063 5062
f 5064 5066 5065
f 5067 5069 5068
f 5070 5072 5071
f 5073 5075 5074
f 5076 5078 5077
f 5079 5081 5080
f 5082 5084 5083
f 5085 5087 5086
f 5088 5090 5089
f 5091 5093 5092
f 5094 5096 5095
f 5097 5099 5098
f 5100 5102 5101
f 5103 5105 5104
f 5106 5108 5107
f 5109 5111 5110
f 5112 5114 5113
f 5115 5117 5116
f 5118 5120 5119
f 5121 5123 5122
f 5124 5126 5125
f 5127 5129 5128
f 5130 5132 5131
f 5133 5135 5134
f 5136 5138 5137
f 5139 5141 5140
f 5142 5144 5143
f 5145 5147 5146
f 5148 5150 5149
f 5151 5153 5152
f 5154 5156 5155
f 5157 5159 5158
f 5160 5162 5161
f 5163 5165 5164
f 5166 5168 5167
f 5169 5171 5170
f 5172 5174 5173
f 5175 5177 5176
f 5178 5180 5179
f 5181 5183 5182
f 5184 5186 5185
f 5187 5189 5188
f 5190 5192 5191
f 5193 5195 5194
f 5196 5198 5197
f 5199 5201 5200
f 5202 5204 5203
f 5205 5207 5206
f 5208 5210 5209
f 5211 5213 5212
f 5214 5216 5215
f 5217 5219 5218
f 5220 5222 5221
f 5223 5225 5224
f 5226 5228 5227
f 5229 5231 5230
f 5232 5234 5233
f 5235 5237 5236
f 5238 5240 5239
f 5241 5243 5242
f 5244 5246 5245
f 5247 5249 5248
f 5250 5252 5251
f 5253 5255 5254
f 5256 5258 5257
f 5259 5261 5260
f 5262 5264 5263
f 5265 5267 5266
f 5268 5270 5269
f 5271 5273 5272
f 5274 5276 5275
f 5277 5279 5278
f 5280 5282 5281
f 5283 5285 5284
f 5286 5288 5287
f 5289 5291 5290
f 5292 5294 5293
f 5295 5297 5296
f 5298 5300 5299
f 5301 5303 5302
f 5304 5306 5305
f 5307 5309 5308
f 5310 5312 5311
f 5313 5315 5314
f 5316 5318 5317
f 5319 5321 5320
f 5322 5324 5323
f 5325 5327 5326
f 5328 5330 5329
f 5331 5333 5332
f 5334 5336 5335
f 5337 5339 5338
f 5340 5342 5341
f 5343 5345 5344
f 5346 5348 5347
f 5349 5351 5350
f 5352 5354 5353
f 5355 5357 5356
f 5358 5360 5359
f 5361 5363 5362
f 5364 5366 5365
f 5367 5369 5368
f 5370 5372 5371
f 5373 5375 5374
f 5376 5378 5377
f 5379 5381 5380
f 5382 5384 5383
f 5385 5387 5386
f 5388 5390 5389
f 5391 5393 5392
f 5394 5396 5395
f 5397 5399 5398
f 5400 5402 5401
f 5403 5405 5404
f 5406 5408 5407
f 5409 5411 5410
f 5412 5414 5413
f 5415 5417 5416
f 5418 5420 5419
f 5421 5423 5422
f 5424 5426 5425
f 5427 5429 5428
f 5430 5432 5431
f 5433 5435 5434
f 5436 5438 5437
f 5439 5441 5440
f 5442 5444 5443
f 5445 5447 5446
f 5448 5450 5449
f 5451 5453 5452
f 5454 5456 5455
f 5457 5459 5458
f 5460 5462 5461
f 5463 5465 5464
f 5466 5468 5467
f 5469 5471 5470
f 5472 5474 5473
f 5475 5477 5476
f 5478 5480 5479
f 5481 5483 5482
f 5484 5486 5485
f 5487 5489 5488
f 5490 5492 5491
f 5493 5495 5494
f 5496 5498 5497
f 5499 5501 5500
f 5502 5504 5503
f 5505 5507 5506
f 5508 5510 5509
f 5511 5513 5512
f 5514 5516 5515
f 5517 5519 5518
f 5520 5522 5521
f 5523 5525 5524
f 5526 5528 5527
f 5529 5531 5530
f 5532 5534 5533
f 5535 5537 5536
f 5538 5540 5539
f 5541 5543 5542
f 5544 5546 5545
f 5547 5549 5548
f 5550 5552 5551
f 5553 5555 5554
f 5556 5558 5557
f 5559 5561 5560
f 5562 5564 5563
f 5565 5567 5566
f 5568 5570 5569
f 5571 5573 5572
f 5574 5576 5575
f 5577 5579 5578
f 5580 5582 5581
f 5583 5585 5584
f 5586 5588 5587
f 5589 5591 5590
f 5592 5594 5593
f 5595 5597 5596
f 5598 5600 5599
f 5601 5603 5602
f 5604 5606 5605
f 5607 5609 5608
f 5610 5612 5611
f 5613 5615 5614
f 5616 5618 5617
f 5619 5621 5620
f 5622 5624 5623
f 5625 5627 5626
f 5628 5630 5629
f 5631 5633 5632
f 5634 5636 5635
f 5637 5639 5638
f 5640 5642 5641
f 5643 5645 5644
f 5646 5648 5647
f 5649 5651 5650
f 5652 5654 5653
f 5655 5657 5656
f 5658 5660 5659
f 5661 5663 5662
f 5664 5666 5665
f 5667 5669 5668
f 5670 5672 5671
f 5673 5675 5674
f 5676 5678 5677
f 5679 5681 5680
f 5682 5684 5683
f 5685 5687 5686
f 5688 5690 5689
f 5691 5693 5692
f 5694 5696 5695
f 5697 5699 5698
f 5700 5702 5701
f 5703 5705 5704
f 5706 5708 5707
f 5709 5711 5710
f 5712 5714 5713
f 5715 5717 5716
f 5718 5720 5719
f 5721 5723 5722
f 5724 5726 5725
f 5727 5729 5728
f 5730 5732 5731
f 5733 5735 5734
f 5736 5738 5737
f 5739 5741 5740
f 5742 5744 5743
f 5745 5747 5746
f 5748 5750 5749
f 5751 5753 5752
f 5754 5756 5755
f 5757 5759 5758
f 5760 5762 5761
f 5763 5765 5764
f 5766 5768 5767
f 5769 5771 5770
f 5772 5774 5773
f 5775 5777 5776
f 5778 5780 5779
f 5781 5791 5782
f 5782 5791 5792
f 5782 5792 5783
f 5783 5792 5793
f 5783 5793 5784
f 5784 5793 5794
f 5784 5794 5785
f 5785 5794 5795
f 5785 5795 5786
f 5786 5795 5796
f 5786 5796 5787
f 5787 5796 5797
f 5787 5797 5788
f 5788 5797 5798
f 5788 5798 5789
f 5789 5798 5799
f 5789 5799 5790
f 5790 5799 5800
f 5791 5801 5792
f 5792 5801 5802
f 5792 5802 5793
f 5793 5802 5803
f 5793 5803 5794
f 5794 5803 5804
f 5794 5804 5795
f 5795 5804 5805
f 5795 5805 5796
f 5796 5805 5806
f 5796 5806 5797
f 5797 5806 5807
f 5797 5807 5798
f 5798 5807 5808
f 5798 5808 5799
f 5799 5808 5809
f 5799 5809 5800
f 5800 5809 5810
f 5801 5811 5802
f 5802 5811 5812
f 5802 5812 5803
f 5803 5812 5813
f 5803 5813 5804
f 5804 5813 5814
f 5804 5814 5805
f 5805 5814 5815
f 5805 5815 5806
f 5806 5815 5816
f 5806 5816 5807
f 5807 5816 5817
f 5807 5817 5808
f 5808 5817 5818
f 5808 5818 5809
f 5809 5818 5819
f 5809 5819 5810
f 5810 5819 5820
f 5811 5821 5812
f 5812 5821 5822
f 5812 5822 5813
f 5813 5822 5823
f 5813 5823 5814
f 5814 5823 5824
f 5814 5824 5815
f 5815 5824 5825
f 5815 5825 5816
f 5816 5825 5826
f 5816 5826 5817
f 5817 5826 5827
f 5817 5827 5818
f 5818 5827 5828
f 5818 5828 5819
f 5819 5828 5829
f 5819 5829 5820
f 5820 5829 5830
f 5821 5831 5822
f 5822 5831 5832
f 5822 5832 5823
f 5823 5832 5833
f 5823 5833 5824
f 5824 5833 5834
f 5824 5834 5825
f 5825 5834 5835
f 5825 5835 5826
f 5826 5835 5836
f 5826 5836 5827
f 5827 5836 5837
f 5827 5837 5828
f 5828 5837 5838
f 5828 5838 5829
f 5829 5838 5839
f 5829 5839 5830
f 5830 5839 5840
f 5831 5841 5832
f 5832 5841 5842
f 5832 5842 5833
f 5833 5842 5843
f 5833 5843 5834
f 5834 5843 5844
f 5834 5844 5835
f 5835 5844 5845
f 5835 5845 5836
f 5836 5845 5846
f 5836 5846 5837
f 5837 5846 5847
f 5837 5847 5838
f 5838 5847 5848
f 5838 5848 5839
f 5839 5848 5849
f 5839 5849 5840
f 5840 5849 5850
f 5841 5851 5842
f 5842 5851 5852
f 5842 5852 5843
f 5843 5852 5853
f 5843 5853 5844
f 5844 5853 5854
f 5844 5854 5845
f 5845 5854 5855
f 5845 5855 5846
f 5846 5855 5856
f 5846 5856 5847
f 5847 5856 5857
f 5847 5857 5848
f 5848 5857 5858
f 5848 5858 5849
f 5849 5858 5859
f 5849 5859 5850
f 5850 5859 5860
f 5851 5861 5852
f 5852 5861 5862
f 5852 5862 5853
f 5853 5862 5863
f 5853 5863 5854
f 5854 5863 5864
f 5854 5864 5855
f 5855 5864 5865
f 5855 5865 5856
f 5856 5865 5866
f 5856 5866 5857
f 5857 5866 5867
f 5857 5867 5858
f 5858 5867 5868
f 5858 5868 5859
f 5859 5868 5869
f 5859 5869 5860
f 5860 5869 5870
f 5861 5871 5862
f 5862 5871 5872
f 5862 5872 5863
f 5863 5872 5873
f 5863 5873 5864
f 5864 5873 5874
f 5864 5874 5865
f 5865 5874 5875
f 5865 5875 5866
f 5866 5875 5876
f 5866 5876 5867
f 5867 5876 5877
f 5867 5877 5868
f 5868 5877 5878
f 5868 5878 5869
f 5869 5878 5879
f 5869 5879 5870
f 5870 5879 5880
f 5871 5881 5872
f 5872 5881 5882
f 5872 5882 5873
f 5873 5882 5883
f 5873 5883 5874
f 5874 5883 5884
f 5874 5884 5875
f 5875 5884 5885
f 5875 5885 5876
f 5876 5885 5886
f 5876 5886 5877
f 5877 5886 5887
f 5877 5887 5878
f 5878 5887 5888
f 5878 5888 5879
f 5879 5888 5889
f 5879 5889 5880
f 5880 5889 5890
f 5881 5891 5882
f 5882 5891 5892
f 5882 5892 5883
f 5883 5892 5893
f 5883 5893 5884
f 5884 5893 5894
f 5884 5894 5885
f 5885 5894 5895
f 5885 5895 5886
f 5886 5895 5896
f 5886 5896 5887
f 5887 5896 5897
f 5887 5897 5888
f 5888 5897 5898
f 5888 5898 5889
f 5889 5898 5899
f 5889 5899 5890
f 5890 5899 5900
f 5901 5911 5902
f 5902 5911 5912
f 5902 5912 5903
f 5903 5912 5913
f 5903 5913 5904
f 5904 5913 5914
f 5904 5914 5905
f 5905 5914 5915
f 5905 5915 5906
f 5906 5915 5916
f 5906 5916 5907
f 5907 5916 5917
f 5907 5917 5908
f 5908 5917 5918
f 5908 5918 5909
f 5909 5918 5919
f 5909 5919 5910
f 5910 5919 5920
f 5911 5921 5912
f 5912 5921 5922
f 5912 5922 5913
f 5913 5922 5923
f 5913 5923 5914
f 5914 5923 5924
f 5914 5924 5915
f 5915 5924 5925
f 5915 5925 5916
f 5916 5925 5926
f 5916 5926 5917
f 5917 5926 5927
f 5917 5927 5918
f 5918 5927 5928
f 5918 5928 5919
f 5919 5928 5929
f 5919 5929 5920
f 5920 5929 5930
f 5921 5931 5922
f 5922 5931 5932
f 5922 5932 5923
f 5923 5932 5933
f 5923 5933 5924
f 5924 5933 5934
f 5924 5934 5925
f 5925 5934 5935
f 5925 5935 5926
f 5926 5935 5936
f 5926 5936 5927
f 5927 5936 5937
f 5927 5937 5928
f 5928 5937 5938
f 5928 5938 5929
f 5929 5938 5939
f 5929 5939 5930
f 5930 5939 5940
f 5931 5941 5932
f 5932 5941 5942
f 5932 5942 5933
f 5933 5942 5943
f 5933 5943 5934
f 5934 5943 5944
f 5934 5944 5935
f 5935 5944 5945
f 5935 5945 5936
f 5936 5945 5946
f 5936 5946 5937
f 5937 5946 5947
f 5937 5947 5938
f 5938 5947 5948
f 5938 5948 5939
f 5939 5948 5949
f 5939 5949 5940
f 5940 5949 5950
f 5941 5951 5942
f 5942 5951 5952
f 5942 5952 5943
f 5943 5952 5953
f 5943 5953 5944
f 5944 5953 5954
f 5944 5954 5945
f 5945 5954 5955
f 5945 5955 5946
f 5946 5955 5956
f 5946 5956 5947
f 5947 5956 5957
f 5947 5957 5948
f 5948 5957 5958
f 5948 5958 5949
f 5949 5958 5959
f 5949 5959 5950
f 5950 5959 5960
f 5951 5961 5952
f 5952 5961 5962
f 5952 5962 5953
f 5953 5962 5963
f 5953 5963 5954
f 5954 5963 5964
f 5954 5964 5955
f 5955 5964 5965
f 5955 5965 5956
f 5956 5965 5966
f 5956 5966 5957
f 5957 5966 5967
f 5957 5967 5958
f 5958 5967 5968
f 5958 5968 5959
f 5959 5968 5969
f 5959 5969 5960
f 5960 5969 5970
f 5961 5971 5962
f 5962 5971 5972
f 5962 5972 5963
f 5963 5972 5973
f 5963 5973 5964
f 5964 5973 5974
f 5964 5974 5965
f 5965 5974 5975
f 5965 5975 5966
f 5966 5975 5976
f 5966 5976 5967
f 5967 5976 5977
f 5967 5977 5968
f 5968 5977 5978
f 5968 5978 5969
f 5969 5978 5979
f 5969 5979 5970
f 5970 5979 5980
f 5971 5981 5972
f 5972 5981 5982
f 5972 5982 5973
f 5973 5982 5983
f 5973 5983 5974
f 5974 5983 5984
f 5974 5984 5975
f 5975 5984 5985
f 5975 5985 5976
f 5976 5985 5986
f 5976 5986 5977
f 5977 5986 5987
f 5977 5987 5978
f 5978 5987 5988
f 5978 5988 5979
f 5979 5988 5989
f 5979 5989 5980
f 5980 5989 5990
f 5981 5991 5982
f 5982 5991 5992
f 5982 5992 5983
f 5983 5992 5993
f 5983 5993 5984
f 5984 5993 5994
f 5984 5994 5985
f 5985 5994 5995
f 5985 5995 5986
f 5986 5995 5996
f 5986 5996 5987
f 5987 5996 5997
f 5987 5997 5988
f 5988 5997 5998
f 5988 5998 5989
f 5989 5998 5999
f 5989 5999 5990
f 5990 5999 6000
f 5991 6001 5992
f 5992 6001 6002
f 5992 6002 5993
f 5993 6002 6003
f 5993 6003 5994
f 5994 6003 6004
f 5994 6004 5995
f 5995 6004 6005
f 5995 6005 5996
f 5996 6005 6006
f 5996 6006 5997
f 5997 6006 6007
f 5997 6007 5998
f 5998 6007 6008
f 5998 6008 5999
f 5999 6008 6009
f 5999 6009 6000
f 6000 6009 6010
f 6001 6011 6002
f 6002 6011 6012
f 6002 6012 6003
f 6003 6012 6013
f 6003 6013 6004
f 6004 6013 6014
f 6004 6014 6005
f 6005 6014 6015
f 6005 6015 6006
f 6006 6015 6016
f 6006 6016 6007
f 6007 6016 6017
f 6007 6017 6008
f 6008 6017 6018
f 6008 6018 6009
f 6009 6018 6019
f 6009 6019 6010
f 6010 6019 6020
f 6021 6031 6022
f 6022 6031 6032
f 6022 6032 6023
f 6023 6032 6033
f 6023 6033 6024
f 6024 6033 6034
f 6024 6034 6025
f 6025 6034 6035
f 6025 6035 6026
f 6026 6035 6036
f 6026 6036 6027
f 6027 6036 6037
f 6027 6037 6028
f 6028 6037 6038
f 6028 6038 6029
f 6029 6038 6039
f 6029 6039 6030
f 6030 6039 6040
f 6031 6041 6032
f 6032 6041 6042
f 6032 6042 6033
f 6033 6042 6043
f 6033 6043 6034
f 6034 6043 6044
f 6034 6044 6035
f 6035 6044 6045
f 6035 6045 6036
f 6036 6045 6046
f 6036 6046 6037
f 6037 6046 6047
f 6037 6047 6038
f 6038 6047 6048
f 6038 6048 6039
f 6039 6048 6049
f 6039 6049 6040
f 6040 6049 6050
f 6041 6051 6042
f 6042 6051 6052
f 6042 6052 6043
f 6043 6052 6053
f 6043 6053 6044
f 6044 6053 6054
f 6044 6054 6045
f 6045 6054 6055
f 6045 6055 6046
f 6046 6055 6056
f 6046 6056 6047
f 6047 6056 6057
f 6047 6057 6048
f 6048 6057 6058
f 6048 6058 6049
f 6049 6058 6059
f 6049 6059 6050
f 6050 6059 6060
f 6051 6061 6052
f 6052 6061 6062
f 6052 6062 6053
f 6053 6062 6063
f 6053 6063 6054
f 6054 6063 6064
f 6054 6064 6055
f 6055 6064 6065
f 6055 6065 6056
f 6056 6065 6066
f 6056 6066 6057
f 6057 6066 6067
f 6057 6067 6058
f 6058 6067 6068
f 6058 6068 6059
f 6059 6068 6069
f 6059 6069 6060
f 6060 6069 6070
f 6061 6071 6062
f 6062 6071 6072
f 6062 6072 6063
f 6063 6072 6073
f 6063 6073 6064
f 6064 6073 6074
f 6064 6074 6065
f 6065 6074 6075
f 6065 6075 6066
f 6066 6075 6076
f 6066 6076 6067
f 6067 6076 6077
f 6067 6077 6068
f 6068 6077 6078
f 6068 6078 6069
f 6069 6078 6079
f 6069 6079 6070
f 6070 6079 6080
f 6071 6081 6072
f 6072 6081 6082
f 6072 6082 6073
f 6073 6082 6083
f 6073 6083 6074
f 6074 6083 6084
f 6074 6084 6075
f 6075 6084 6085
f 6075 6085 6076
f 6076 6085 6086
f 6076 6086 6077
f 6077 6086 6087
f 6077 6087 6078
f 6078 6087 6088
f 6078 6088 6079
f 6079 6088 6089
f 6079 6089 6080
f 6080 6089 6090
f 6081 6091 6082
f 6082 6091 6092
f 6082 6092 6083
f 6083 6092 6093
f 6083 6093 6084
f 6084 6093 6094
f 6084 6094 6085
f 6085 6094 6095
f 6085 6095 6086
f 6086 6095 6096
f 6086 6096 6087
f 6087 6096 6097
f 6087 6097 6088
f 6088 6097 6098
f 6088 6098 6089
f 6089 6098 6099
f 6089 6099 6090
f 6090 6099 6100
f 6091 6101 6092
f 6092 6101 6102
f 6092 6102 6093
f 6093 6102 6103
f 6093 6103 6094
f 6094 6103 6104
f 6094 6104 6095
f 6095 6104 6105
f 6095 6105 6096
f 6096 6105 6106
f 6096 6106 6097
f 6097 6106 6107
f 6097 6107 6098
f 6098 6107 6108
f 6098 6108 6099
f 6099 6108 6109
f 6099 6109 6100
f 6100 6109 6110
f 6101 6111 6102
f 6102 6111 6112
f 6102 6112 6103
f 6103 6112 6113
f 6103 6113 6104
f 6104 6113 6114
f 6104 6114 6105
f 6105 6114 6115
f 6105 6115 6106
f 6106 6115 6116
f 6106 6116 6107
f 6107 6116 6117
f 6107 6117 6108
f 6108 6117 6118
f 6108 6118 6109
f 6109 6118 6119
f 6109 6119 6110
f 6110 6119 6120
f 6111 6121 6112
f 6112 6121 6122
f 6112 6122 6113
f 6113 6122 6123
f 6113 6123 6114
f 6114 6123 6124
f 6114 6124 6115
f 6115 6124 6125
f 6115 6125 6116
f 6116 6125 6126
f 6116 6126 6117
f 6117 6126 6127
f 6117 6127 6118
f 6118 6127 6128
f 6118 6128 6119
f 6119 6128 6129
f 6119 6129 6120
f 6120 6129 6130
f 6121 6131 6122
f 6122 6131 6132
f 6122 6132 6123
f 6123 6132 6133
f 6123 6133 6124
f 6124 6133 6134
f 6124 6134 6125
f 6125 6134 6135
f 6125 6135 6126
f 6126 6135 6136
f 6126 6136 6127
f 6127 6136 6137
f 6127 6137 6128
f 6128 6137 6138
f 6128 6138 6129
f 6129 6138 6139
f 6129 6139 6130
f 6130 6139 6140
f 6141 6151 6142
f 6142 6151 6152
f 6142 6152 6143
f 6143 6152 6153
f 6143 6153 6144
f 6144 6153 6154
f 6144 6154 6145
f 6145 6154 6155
f 6145 6155 6146
f 6146 6155 6156
f 6146 6156 6147
f 6147 6156 6157
f 6147 6157 6148
f 6148 6157 6158
f 6148 6158 6149
f 6149 6158 6159
f 6149 6159 6150
f 6150 6159 6160
f 6151 6161 6152
f 6152 6161 6162
f 6152 6162 6153
f 6153 6162 6163
f 6153 6163 6154
f 6154 6163 6164
f 6154 6164 6155
f 6155 6164 6165
f 6155 6165 6156
f 6156 6165 6166
f 6156 6166 6157
f 6157 6166 6167
f 6157 6167 6158
f 6158 6167 6168
f 6158 6168 6159
f 6159 6168 6169
f 6159 6169 6160
f 6160 6169 6170
f 6161 6171 6162
f 6162 6171 6172
f 6162 6172 6163
f 6163 6172 6173
f 6163 6173 6164
f 6164 6173 6174
f 6164 6174 6165
f 6165 6174 6175
f 6165 6175 6166
f 6166 6175 6176
f 6166 6176 6167
f 6167 6176 6177
f 6167 6177 6168
f 6168 6177 6178
f 6168 6178 6169
f 6169 6178 6179
f 6169 6179 6170
f 6170 6179 6180
f 6171 6181 6172
f 6172 6181 6182
f 6172 6182 6173
f 6173 6182 6183
f 6173 6183 6174
f 6174 6183 6184
f 6174 6184 6175
f 6175 6184 6185
f 6175 6185 6176
f 6176 6185 6186
f 6176 6186 6177
f 6177 6186 6187
f 6177 6187 6178
f 6178 6187 6188
f 6178 6188 6179
f 6179 6188 6189
f 6179 6189 6180
f 6180 6189 6190
f 6181 6191 6182
f 6182 6191 6192
f 6182 6192 6183
f 6183 6192 6193
f 6183 6193 6184
f 6184 6193 6194
f 6184 6194 6185
f 6185 6194 6195
f 6185 6195 6186
f 6186 6195 6196
f 6186 6196 6187
f 6187 6196 6197
f 6187 6197 6188
f 6188 6197 6198
f 6188 6198 6189
f 6189 6198 6199
f 6189 6199 6190
f 6190 6199 6200
f 6191 6201 6192
f 6192 6201 6202
f 6192 6202 6193
f 6193 6202 6203
f 6193 6203 6194
f 6194 6203 6204
f 6194 6204 6195
f 6195 6204 6205
f 6195 6205 6196
f 6196 6205 6206
f 6196 6206 6197
f 6197 6206 6207
f 6197 6207 6198
f 6198 6207 6208
f 6198 6208 6199
f 6199 6208 6209
f 6199 6209 6200
f 6200 6209 6210
f 6201 6211 6202
f 6202 6211 6212
f 6202 6212 6203
f 6203 6212 6213
f 6203 6213 6204
f 6204 6213 6214
f 6204 6214 6205
f 6205 6214 6215
f 6205 6215 6206
f 6206 6215 6216
f 6206 6216 6207
f 6207 6216 6217
f 6207 6217 6208
f 6208 6217 6218
f 6208 6218 6209
f 6209 6218 6219
f 6209 6219 6210
f 6210 6219 6220
f 6211 6221 6212
f 6212 6221 6222
f 6212 6222 6213
f 6213 6222 6223
f 6213 6223 6214
f 6214 6223 6224
f 6214 6224 6215
f 6215 6224 6225
f 6215 6225 6216
f 6216 6225 6226
f 6216 6226 6217
f 6217 6226 6227
f 6217 6227 6218
f 6218 6227 6228
f 6218 6228 6219
f 6219 6228 6229
f 6219 6229 6220
f 6220 6229 6230
f 6221 6231 6222
f 6222 6231 6232
f 6222 6232 6223
f 6223 6232 6233
f 6223 6233 6224
f 6224 6233 6234
f 6224 6234 6225
f 6225 6234 6235
f 6225 6235 6226
f 6226 6235 6236
f 6226 6236 6227
f 6227 6236 6237
f 6227 6237 6228
f 6228 6237 6238
f 6228 6238 6229
f 6229 6238 6239
f 6229 6239 6230
f 6230 6239 6240
f 6231 6241 6232
f 6232 6241 6242
f 6232 6242 6233
f 6233 6242 6243
f 6233 6243 6234
f 6234 6243 6244
f 6234 6244 6235
f 6235 6244 6245
f 6235 6245 6236
f 6236 6245 6246
f 6236 6246 6237
f 6237 6246 6247
f 6237 6247 6238
f 6238 6247 6248
f 6238 6248 6239
f 6239 6248 6249
f 6239 6249 6240
f 6240 6249 6250
f 6241 6251 6242
f 6242 6251 6252
f 6242 6252 6243
f 6243 6252 6253
f 6243 6253 6244
f 6244 6253 6254
f 6244 6254 6245
f 6245 6254 6255
f 6245 6255 6246
f 6246 6255 6256
f 6246 6256 6247
f 6247 6256 6257
f 6247 6257 6248
f 6248 6257 6258
f 6248 6258 6249
f 6249 6258 6259
f 6249 6259 6250
f 6250 6259 6260
f 6261 6271 6262
f 6262 6271 6272
f 6262 6272 6263
f 6263 6272 6273
f 6263 6273 6264
f 6264 6273 6274
f 6264 6274 6265
f 6265 6274 6275
f 6265 6275 6266
f 6266 6275 6276
f 6266 6276 6267
f 6267 6276 6277
f 6267 6277 6268
f 6268 6277 6278
f 6268 6278 6269
f 6269 6278 6279
f 6269 6279 6270
f 6270 6279 6280
f 6271 6281 6272
f 6272 6281 6282
f 6272 6282 6273
f 6273 6282 6283
f 6273 6283 6274
f 6274 6283 6284
f 6274 6284 6275
f 6275 6284 6285
f 6275 6285 6276
f 6276 6285 6286
f 6276 6286 6277
f 6277 6286 6287
f 6277 6287 6278
f 6278 6287 6288
f 6278 6288 6279
f 6279 6288 6289
f 6279 6289 6280
f 6280 6289 6290
f 6281 6291 6282
f 6282 6291 6292
f 6282 6292 6283
f 6283 6292 6293
f 6283 6293 6284
f 6284 6293 6294
f 6284 6294 6285
f 6285 6294 6295
f 6285 6295 6286
f 6286 6295 6296
f 6286 6296 6287
f 6287 6296 6297
f 6287 6297 6288
f 6288 6297 6298
f 6288 6298 6289
f 6289 6298 6299
f 6289 6299 6290
f 6290 6299 6300
f 6291 6301 6292
f 6292 6301 6302
f 6292 6302 6293
f 6293 6302 6303
f 6293 6303 6294
f 6294 6303 6304
f 6294 6304 6295
f 6295 6304 6305
f 6295 6305 6296
f 6296 6305 6306
f 6296 6306 6297
f 6297 6306 6307
f 6297 6307 6298
f 6298 6307 6308
f 6298 6308 6299
f 6299 6308 6309
f 6299 6309 6300
f 6300 6309 6310
f 6301 6311 6302
f 6302 6311 6312
f 6302 6312 6303
f 6303 6312 6313
f 6303 6313 6304
f 6304 6313 6314
f 6304 6314 6305
f 6305 6314 6315
f 6305 6315 6306
f 6306 6315 6316
f 6306 6316 6307
f 6307 6316 6317
f 6307 6317 6308
f 6308 6317 6318
f 6308 6318 6309
f 6309 6318 6319
f 6309 6319 6310
f 6310 6319 6320
f 6311 6321 6312
f 6312 6321 6322
f 6312 6322 6313
f 6313 6322 6323
f 6313 6323 6314
f 6314 6323 6324
f 6314 6324 6315
f 6315 6324 6325
f 6315 6325 6316
f 6316 6325 6326
f 6316 6326 6317
f 6317 6326 6327
f 6317 6327 6318
f 6318 6327 6328
f 6318 6328 6319
f 6319 6328 6329
f 6319 6329 6320
f 6320 6329 6330
f 6321 6331 6322
f 6322 6331 6332
f 6322 6332 6323
f 6323 6332 6333
f 6323 6333 6324
f 6324 6333 6334
f 6324 6334 6325
f 6325 6334 6335
f 6325 6335 6326
f 6326 6335 6336
f 6326 6336 6327
f 6327 6336 6337
f 6327 6337 6328
f 6328 6337 6338
f 6328 6338 6329
f 6329 6338 6339
f 6329 6339 6330
f 6330 6339 6340
f 6331 6341 6332
f 6332 6341 6342
f 6332 6342 6333
f 6333 6342 6343
f 6333 6343 6334
f 6334 6343 6344
f 6334 6344 6335
f 6335 6344 6345
f 6335 6345 6336
f 6336 6345 6346
f 6336 6346 6337
f 6337 6346 6347
f 6337 6347 6338
f 6338 6347 6348
f 6338 6348 6339
f 6339 6348 6349
f 6339 6349 6340
f 6340 6349 6350
f 6341 6351 6342
f 6342 6351 6352
f 6342 6352 6343
f 6343 6352 6353
f 6343 6353 6344
f 6344 6353 6354
f 6344 6354 6345
f 6345 6354 6355
f 6345 6355 6346
f 6346 6355 6356
f 6346 6356 6347
f 6347 6356 6357
f 6347 6357 6348
f 6348 6357 6358
f 6348 6358 6349
f 6349 6358 6359
f 6349 6359 6350
f 6350 6359 6360
f 6351 6361 6352
f 6352 6361 6362
f 6352 6362 6353
f 6353 6362 6363
f 6353 6363 6354
f 6354 6363 6364
f 6354 6364 6355
f 6355 6364 6365
f 6355 6365 6356
f 6356 6365 6366
f 6356 6366 6357
f 6357 6366 6367
f 6357 6367 6358
f 6358 6367 6368
f 6358 6368 6359
f 6359 6368 6369
f 6359 6369 6360
f 6360 6369 6370
f 6361 6371 6362
f 6362 6371 6372
f 6362 6372 6363
f 6363 6372 6373
f 6363 6373 6364
f 6364 6373 6374
f 6364 6374 6365
f 6365 6374 6375
f 6365 6375 6366
f 6366 6375 6376
f 6366 6376 6367
f 6367 6376 6377
f 6367 6377 6368
f 6368 6377 6378
f 6368 6378 6369
f 6369 6378 6379
f 6369 6379 6370
f 6370 6379 6380
f 6381 6391 6382
f 6382 6391 6392
f 6382 6392 6383
f 6383 6392 6393
f 6383 6393 6384
f 6384 6393 6394
f 6384 6394 6385
f 6385 6394 6395
f 6385 6395 6386
f 6386 6395 6396
f 6386 6396 6387
f 6387 6396 6397
f 6387 6397 6388
f 6388 6397 6398
f 6388 6398 6389
f 6389 6398 6399
f 6389 6399 6390
f 6390 6399 6400
f 6391 6401 6392
f 6392 6401 6402
f 6392 6402 6393
f 6393 6402 6403
f 6393 6403 6394
f 6394 6403 6404
f 6394 6404 6395
f 6395 6404 6405
f 6395 6405 6396
f 6396 6405 6406
f 6396 6406 6397
f 6397 6406 6407
f 6397 6407 6398
f 6398 6407 6408
f 6398 6408 6399
f 6399 6408 6409
f 6399 6409 6400
f 6400 6409 6410
f 6401 6411 6402
f 6402 6411 6412
f 6402 6412 6403
f 6403 6412 6413
f 6403 6413 6404
f 6404 6413 6414
f 6404 6414 6405
f 6405 6414 6415
f 6405 6415 6406
f 6406 6415 6416
f 6406 6416 6407
f 6407 6416 6417
f 6407 6417 6408
f 6408 6417 6418
f 6408 6418 6409
f 6409 6418 6419
f 6409 6419 6410
f 6410 6419 6420
f 6411 6421 6412
f 6412 6421 6422
f 6412 6422 6413
f 6413 6422 6423
f 6413 6423 6414
f 6414 6423 6424
f 6414 6424 6415
f 6415 6424 6425
f 6415 6425 6416
f 6416 6425 6426
f 6416 6426 6417
f 6417 6426 6427
f 6417 6427 6418
f 6418 6427 6428
f 6418 6428 6419
f 6419 6428 6429
f 6419 6429 6420
f 6420 6429 6430
f 6421 6431 6422
f 6422 6431 6432
f 6422 6432 6423
f 6423 6432 6433
f 6423 6433 6424
f 6424 6433 6434
f 6424 6434 6425
f 6425 6434 6435
f 6425 6435 6426
f 6426 6435 6436
f 6426 6436 6427
f 6427 6436 6437
f 6427 6437 6428
f 6428 6437 6438
f 6428 6438 6429
f 6429 6438 6439
f 6429 6439 6430
f 6430 6439 6440
f 6431 6441 6432
f 6432 6441 6442
f 6432 6442 6433
f 6433 6442 6443
f 6433 6443 6434
f 6434 6443 6444
f 6434 6444 6435
f 6435 6444 6445
f 6435 6445 6436
f 6436 6445 6446
f 6436 6446 6437
f 6437 6446 6447
f 6437 6447 6438
f 6438 6447 6448
f 6438 6448 6439
f 6439 6448 6449
f 6439 6449 6440
f 6440 6449 6450
f 6441 6451 6442
f 6442 6451 6452
f 6442 6452 6443
f 6443 6452 6453
f 6443 6453 6444
f 6444 6453 6454
f 6444 6454 6445
f 6445 6454 6455
f 6445 6455 6446
f 6446 6455 6456
f 6446 6456 6447
f 6447 6456 6457
f 6447 6457 6448
f 6448 6457 6458
f 6448 6458 6449
f 6449 6458 6459
f 6449 6459 6450
f 6450 6459 6460
f 6451 6461 6452
f 6452 6461 6462
f 6452 6462 6453
f 6453 6462 6463
f 6453 6463 6454
f 6454 6463 6464
f 6454 6464 6455
f 6455 6464 6465
f 6455 6465 6456
f 6456 6465 6466
f 6456 6466 6457
f 6457 6466 6467
f 6457 6467 6458
f 6458 6467 6468
f 6458 6468 6459
f 6459 6468 6469
f 6459 6469 6460
f 6460 6469 6470
f 6461 6471 6462
f 6462 6471 6472
f 6462 6472 6463
f 6463 6472 6473
f 6463 6473 6464
f 6464 6473 6474
f 6464 6474 6465
f 6465 6474 6475
f 6465 6475 6466
f 6466 6475 6476
f 6466 6476 6467
f 6467 6476 6477
f 6467 6477 6468
f 6468 6477 6478
f 6468 6478 6469
f 6469 6478 6479
f 6469 6479 6470
f 6470 6479 6480
f 6471 6481 6472
f 6472 6481 6482
f 6472 6482 6473
f 6473 6482 6483
f 6473 6483 6474
f 6474 6483 6484
f 6474 6484 6475
f 6475 6484 6485
f 6475 6485 6476
f 6476 6485 6486
f 6476 6486 6477
f 6477 6486 6487
f 6477 6487 6478
f 6478 6487 6488
f 6478 6488 6479
f 6479 6488 6489
f 6479 6489 6480
f 6480 6489 6490
f 6481 6491 6482
f 6482 6491 6492
f 6482 6492 6483
f 6483 6492 6493
f 6483 6493 6484
f 6484 6493 6494
f 6484 6494 6485
f 6485 6494 6495
f 6485 6495 6486
f 6486 6495 6496
f 6486 6496 6487
f 6487 6496 6497
f 6487 6497 6488
f 6488 6497 6498
f 6488 6498 6489
f 6489 6498 6499
f 6489 6499 6490
f 6490 6499 6500
f 6501 6509 6502
f 6502 6509 6510
f 6502 6510 6503
f 6503 6510 6511
f 6503 6511 6504
f 6504 6511 6512
f 6504 6512 6505
f 6505 6512 6513
f 6505 6513 6506
f 6506 6513 6514
f 6506 6514 6507
f 6507 6514 6515
f 6507 6515 6508
f 6508 6515 6516
f 6509 6517 6510
f 6510 6517 6518
f 6510 6518 6511
f 6511 6518 6519
f 6511 6519 6512
f 6512 6519 6520
f 6512 6520 6513
f 6513 6520 6521
f 6513 6521 6514
f 6514 6521 6522
f 6514 6522 6515
f 6515 6522 6523
f 6515 6523 6516
f 6516 6523 6524
f 6517 6525 6518
f 6518 6525 6526
f 6518 6526 6519
f 6519 6526 6527
f 6519 6527 6520
f 6520 6527 6528
f 6520 6528 6521
f 6521 6528 6529
f 6521 6529 6522
f 6522 6529 6530
f 6522 6530 6523
f 6523 6530 6531
f 6523 6531 6524
f 6524 6531 6532
f 6525 6533 6526
f 6526 6533 6534
f 6526 6534 6527
f 6527 6534 6535
f 6527 6535 6528
f 6528 6535 6536
f 6528 6536 6529
f 6529 6536 6537
f 6529 6537 6530
f 6530 6537 6538
f 6530 6538 6531
f 6531 6538 6539
f 6531 6539 6532
f 6532 6539 6540
f 6533 6541 6534
f 6534 6541 6542
f 6534 6542 6535
f 6535 6542 6543
f 6535 6543 6536
f 6536 6543 6544
f 6536 6544 6537
f 6537 6544 6545
f 6537 6545 6538
f 6538 6545 6546
f 6538 6546 6539
f 6539 6546 6547
f 6539 6547 6540
f 6540 6547 6548
f 6541 6549 6542
f 6542 6549 6550
f 6542 6550 6543
f 6543 6550 6551
f 6543 6551 6544
f 6544 6551 6552
f 6544 6552 6545
f 6545 6552 6553
f 6545 6553 6546
f 6546 6553 6554
f 6546 6554 6547
f 6547 6554 6555
f 6547 6555 6548
f 6548 6555 6556
f 6549 6557 6550
f 6550 6557 6558
f 6550 6558 6551
f 6551 6558 6559
f 6551 6559 6552
f 6552 6559 6560
f 6552 6560 6553
f 6553 6560 6561
f 6553 6561 6554
f 6554 6561 6562
f 6554 6562 6555
f 6555 6562 6563
f 6555 6563 6556
f 6556 6563 6564
f 6557 6565 6558
f 6558 6565 6566
f 6558 6566 6559
f 6559 6566 6567
f 6559 6567 6560
f 6560 6567 6568
f 6560 6568 6561
f 6561 6568 6569
f 6561 6569 6562
f 6562 6569 6570
f 6562 6570 6563
f 6563 6570 6571
f 6563 6571 6564
f 6564 6571 6572
f 6565 6573 6566
f 6566 6573 6574
f 6566 6574 6567
f 6567 6574 6575
f 6567 6575 6568
f 6568 6575 6576
f 6568 6576 6569
f 6569 6576 6577
f 6569 6577 6570
f 6570 6577 6578
f 6570 6578 6571
f 6571 6578 6579
f 6571 6579 6572
f 6572 6579 6580
f 6581 6591 6582
f 6582 6591 6592
f 6582 6592 6583
f 6583 6592 6593
f 6583 6593 6584
f 6584 6593 6594
f 6584 6594 6585
f 6585 6594 6595
f 6585 6595 6586
f 6586 6595 6596
f 6586 6596 6587
f 6587 6596 6597
f 6587 6597 6588
f 6588 6597 6598
f 6588 6598 6589
f 6589 6598 6599
f 6589 6599 6590
f 6590 6599 6600
f 6591 6601 6592
f 6592 6601 6602
f 6592 6602 6593
f 6593 6602 6603
f 6593 6603 6594
f 6594 6603 6604
f 6594 6604 6595
f 6595 6604 6605
f 6595 6605 6596
f 6596 6605 6606
f 6596 6606 6597
f 6597 6606 6607
f 6597 6607 6598
f 6598 6607 6608
f 6598 6608 6599
f 6599 6608 6609
f 6599 6609 6600
f 6600 6609 6610
f 6601 6611 6602
f 6602 6611 6612
f 6602 6612 6603
f 6603 6612 6613
f 6603 6613 6604
f 6604 6613 6614
f 6604 6614 6605
f 6605 6614 6615
f 6605 6615 6606
f 6606 6615 6616
f 6606 6616 6607
f 6607 6616 6617
f 6607 6617 6608
f 6608 6617 6618
f 6608 6618 6609
f 6609 6618 6619
f 6609 6619 6610
f 6610 6619 6620
f 6611 6621 6612
f 6612 6621 6622
f 6612 6622 6613
f 6613 6622 6623
f 6613 6623 6614
f 6614 6623 6624
f 6614 6624 6615
f 6615 6624 6625
f 6615 6625 6616
f 6616 6625 6626
f 6616 6626 6617
f 6617 6626 6627
f 6617 6627 6618
f 6618 6627 6628
f 6618 6628 6619
f 6619 6628 6629
f 6619 6629 6620
f 6620 6629 6630
f 6621 6631 6622
f 6622 6631 6632
f 6622 6632 6623
f 6623 6632 6633
f 6623 6633 6624
f 6624 6633 6634
f 6624 6634 6625
f 6625 6634 6635
f 6625 6635 6626
f 6626 6635 6636
f 6626 6636 6627
f 6627 6636 6637
f 6627 6637 6628
f 6628 6637 6638
f 6628 6638 6629
f 6629 6638 6639
f 6629 6639 6630
f 6630 6639 6640
f 6631 6641 6632
f 6632 6641 6642
f 6632 6642 6633
f 6633 6642 6643
f 6633 6643 6634
f 6634 6643 6644
f 6634 6644 6635
f 6635 6644 6645
f 6635 6645 6636
f 6636 6645 6646
f 6636 6646 6637
f 6637 6646 6647
f 6637 6647 6638
f 6638 6647 6648
f 6638 6648 6639
f 6639 6648 6649
f 6639 6649 6640
f 6640 6649 6650
f 6641 6651 6642
f 6642 6651 6652
f 6642 6652 6643
f 6643 6652 6653
f 6643 6653 6644
f 6644 6653 6654
f 6644 6654 6645
f 6645 6654 6655
f 6645 6655 6646
f 6646 6655 6656
f 6646 6656 6647
f 6647 6656 6657
f 6647 6657 6648
f 6648 6657 6658
f 6648 6658 6649
f 6649 6658 6659
f 6649 6659 6650
f 6650 6659 6660
f 6651 6661 6652
f 6652 6661 6662
f 6652 6662 6653
f 6653 6662 6663
f 6653 6663 6654
f 6654 6663 6664
f 6654 6664 6655
f 6655 6664 6665
f 6655 6665 6656
f 6656 6665 6666
f 6656 6666 6657
f 6657 6666 6667
f 6657 6667 6658
f 6658 6667 6668
f 6658 6668 6659
f 6659 6668 6669
f 6659 6669 6660
f 6660 6669 6670
f 6661 6671 6662
f 6662 6671 6672
f 6662 6672 6663
f 6663 6672 6673
f 6663 6673 6664
f 6664 6673 6674
f 6664 6674 6665
f 6665 6674 6675
f 6665 6675 6666
f 6666 6675 6676
f 6666 6676 6667
f 6667 6676 6677
f 6667 6677 6668
f 6668 6677 6678
f 6668 6678 6669
f 6669 6678 6679
f 6669 6679 6670
f 6670 6679 6680
f 6671 6681 6672
f 6672 6681 6682
f 6672 6682 6673
f 6673 6682 6683
f 6673 6683 6674
f 6674 6683 6684
f 6674 6684 6675
f 6675 6684 6685
f 6675 6685 6676
f 6676 6685 6686
f 6676 6686 6677
f 6677 6686 6687
f 6677 6687 6678
f 6678 6687 6688
f 6678 6688 6679
f 6679 6688 6689
f 6679 6689 6680
f 6680 6689 6690
f 6681 6691 6682
f 6682 6691 6692
f 6682 6692 6683
f 6683 6692 6693
f 6683 6693 6684
f 6684 6693 6694
f 6684 6694 6685
f 6685 6694 6695
f 6685 6695 6686
f 6686 6695 6696
f 6686 6696 6687
f 6687 6696 6697
f 6687 6697 6688
f 6688 6697 6698
f 6688 6698 6689
f 6689 6698 6699
f 6689 6699 6690
f 6690 6699 6700
f 6701 6711 6702
f 6702 6711 6712
f 6702 6712 6703
f 6703 6712 6713
f 6703 6713 6704
f 6704 6713 6714
f 6704 6714 6705
f 6705 6714 6715
f 6705 6715 6706
f 6706 6715 6716
f 6706 6716 6707
f 6707 6716 6717
f 6707 6717 6708
f 6708 6717 6718
f 6708 6718 6709
f 6709 6718 6719
f 6709 6719 6710
f 6710 6719 6720
f 6711 6721 6712
f 6712 6721 6722
f 6712 6722 6713
f 6713 6722 6723
f 6713 6723 6714
f 6714 6723 6724
f 6714 6724 6715
f 6715 6724 6725
f 6715 6725 6716
f 6716 6725 6726
f 6716 6726 6717
f 6717 6726 6727
f 6717 6727 6718
f 6718 6727 6728
f 6718 6728 6719
f 6719 6728 6729
f 6719 6729 6720
f 6720 6729 6730
f 6721 6731 6722
f 6722 6731 6732
f 6722 6732 6723
f 6723 6732 6733
f 6723 6733 6724
f 6724 6733 6734
f 6724 6734 6725
f 6725 6734 6735
f 6725 6735 6726
f 6726 6735 6736
f 6726 6736 6727
f 6727 6736 6737
f 6727 6737 6728
f 6728 6737 6738
f 6728 6738 6729
f 6729 6738 6739
f 6729 6739 6730
f 6730 6739 6740
f 6731 6741 6732
f 6732 6741 6742
f 6732 6742 6733
f 6733 6742 6743
f 6733 6743 6734
f 6734 6743 6744
f 6734 6744 6735
f 6735 6744 6745
f 6735 6745 6736
f 6736 6745 6746
f 6736 6746 6737
f 6737 6746 6747
f 6737 6747 6738
f 6738 6747 6748
f 6738 6748 6739
f 6739 6748 6749
f 6739 6749 6740
f 6740 6749 6750
f 6741 6751 6742
f 6742 6751 6752
f 6742 6752 6743
f 6743 6752 6753
f 6743 6753 6744
f 6744 6753 6754
f 6744 6754 6745
f 6745 6754 6755
f 6745 6755 6746
f 6746 6755 6756
f 6746 6756 6747
f 6747 6756 6757
f 6747 6757 6748
f 6748 6757 6758
f 6748 6758 6749
f 6749 6758 6759
f 6749 6759 6750
f 6750 6759 6760
f 6751 6761 6752
f 6752 6761 6762
f 6752 6762 6753
f 6753 6762 6763
f 6753 6763 6754
f 6754 6763 6764
f 6754 6764 6755
f 6755 6764 6765
f 6755 6765 6756
f 6756 6765 6766
f 6756 6766 6757
f 6757 6766 6767
f 6757 6767 6758
f 6758 6767 6768
f 6758 6768 6759
f 6759 6768 6769
f 6759 6769 6760
f 6760 6769 6770
f 6761 6771 6762
f 6762 6771 6772
f 6762 6772 6763
f 6763 6772 6773
f 6763 6773 6764
f 6764 6773 6774
f 6764 6774 6765
f 6765 6774 6775
f 6765 6775 6766
f 6766 6775 6776
f 6766 6776 6767
f 6767 6776 6777
f 6767 6777 6768
f 6768 6777 6778
f 6768 6778 6769
f 6769 6778 6779
f 6769 6779 6770
f 6770 6779 6780
f 6771 6781 6772
f 6772 6781 6782
f 6772 6782 6773
f 6773 6782 6783
f 6773 6783 6774
f 6774 6783 6784
f 6774 6784 6775
f 6775 6784 6785
f 6775 6785 6776
f 6776 6785 6786
f 6776 6786 6777
f 6777 6786 6787
f 6777 6787 6778
f 6778 6787 6788
f 6778 6788 6779
f 6779 6788 6789
f 6779 6789 6780
f 6780 6789 6790
f 6781 6791 6782
f 6782 6791 6792
f 6782 6792 6783
f 6783 6792 6793
f 6783 6793 6784
f 6784 6793 6794
f 6784 6794 6785
f 6785 6794 6795
f 6785 6795 6786
f 6786 6795 6796
f 6786 6796 6787
f 6787 6796 6797
f 6787 6797 6788
f 6788 6797 6798
f 6788 6798 6789
f 6789 6798 6799
f 6789 6799 6790
f 6790 6799 6800
f 6791 6801 6792
f 6792 6801 6802
f 6792 6802 6793
f 6793 6802 6803
f 6793 6803 6794
f 6794 6803 6804
f 6794 6804 6795
f 6795 6804 6805
f 6795 6805 6796
f 6796 6805 6806
f 6796 6806 6797
f 6797 6806 6807
f 6797 6807 6798
f 6798 6807 6808
f 6798 6808 6799
f 6799 6808 6809
f 6799 6809 6800
f 6800 6809 6810
f 6801 6811 6802
f 6802 6811 6812
f 6802 6812 6803
f 6803 6812 6813
f 6803 6813 6804
f 6804 6813 6814
f 6804 6814 6805
f 6805 6814 6815
f 6805 6815 6806
f 6806 6815 6816
f 6806 6816 6807
f 6807 6816 6817
f 6807 6817 6808
f 6808 6817 6818
f 6808 6818 6809
f 6809 6818 6819
f 6809 6819 6810
f 6810 6819 6820
f 6821 6829 6822
f 6822 6829 6830
f 6822 6830 6823
f 6823 6830 6831
f 6823 6831 6824
f 6824 6831 6832
f 6824 6832 6825
f 6825 6832 6833
f 6825 6833 6826
f 6826 6833 6834
f 6826 6834 6827
f 6827 6834 6835
f 6827 6835 6828
f 6828 6835 6836
f 6829 6837 6830
f 6830 6837 6838
f 6830 6838 6831
f 6831 6838 6839
f 6831 6839 6832
f 6832 6839 6840
f 6832 6840 6833
f 6833 6840 6841
f 6833 6841 6834
f 6834 6841 6842
f 6834 6842 6835
f 6835 6842 6843
f 6835 6843 6836
f 6836 6843 6844
f 6837 6845 6838
f 6838 6845 6846
f 6838 6846 6839
f 6839 6846 6847
f 6839 6847 6840
f 6840 6847 6848
f 6840 6848 6841
f 6841 6848 6849
f 6841 6849 6842
f 6842 6849 6850
f 6842 6850 6843
f 6843 6850 6851
f 6843 6851 6844
f 6844 6851 6852
f 6845 6853 6846
f 6846 6853 6854
f 6846 6854 6847
f 6847 6854 6855
f 6847 6855 6848
f 6848 6855 6856
f 6848 6856 6849
f 6849 6856 6857
f 6849 6857 6850
f 6850 6857 6858
f 6850 6858 6851
f 6851 6858 6859
f 6851 6859 6852
f 6852 6859 6860
f 6853 6861 6854
f 6854 6861 6862
f 6854 6862 6855
f 6855 6862 6863
f 6855 6863 6856
f 6856 6863 6864
f 6856 6864 6857
f 6857 6864 6865
f 6857 6865 6858
f 6858 6865 6866
f 6858 6866 6859
f 6859 6866 6867
f 6859 6867 6860
f 6860 6867 6868
f 6861 6869 6862
f 6862 6869 6870
f 6862 6870 6863
f 6863 6870 6871
f 6863 6871 6864
f 6864 6871 6872
f 6864 6872 6865
f 6865 6872 6873
f 6865 6873 6866
f 6866 6873 6874
f 6866 6874 6867
f 6867 6874 6875
f 6867 6875 6868
f 6868 6875 6876
f 6869 6877 6870
f 6870 6877 6878
f 6870 6878 6871
f 6871 6878 6879
f 6871 6879 6872
f 6872 6879 6880
f 6872 6880 6873
f 6873 6880 6881
f 6873 6881 6874
f 6874 6881 6882
f 6874 6882 6875
f 6875 6882 6883
f 6875 6883 6876
f 6876 6883 6884
f 6877 6885 6878
f 6878 6885 6886
f 6878 6886 6879
f 6879 6886 6887
f 6879 6887 6880
f 6880 6887 6888
f 6880 6888 6881
f 6881 6888 6889
f 6881 6889 6882
f 6882 6889 6890
f 6882 6890 6883
f 6883 6890 6891
f 6883 6891 6884
f 6884 6891 6892
f 6885 6893 6886
f 6886 6893 6894
f 6886 6894 6887
f 6887 6894 6895
f 6887 6895 6888
f 6888 6895 6896
f 6888 6896 6889
f 6889 6896 6897
f 6889 6897 6890
f 6890 6897 6898
f 6890 6898 6891
f 6891 6898 6899
f 6891 6899 6892
f 6892 6899 6900
f 6901 6909 6902
f 6902 6909 6910
f 6902 6910 6903
f 6903 6910 6911
f 6903 6911 6904
f 6904 6911 6912
f 6904 6912 6905
f 6905 6912 6913
f 6905 6913 6906
f 6906 6913 6914
f 6906 6914 6907
f 6907 6914 6915
f 6907 6915 6908
f 6908 6915 6916
f 6909 6917 6910
f 6910 6917 6918
f 6910 6918 6911
f 6911 6918 6919
f 6911 6919 6912
f 6912 6919 6920
f 6912 6920 6913
f 6913 6920 6921
f 6913 6921 6914
f 6914 6921 6922
f 6914 6922 6915
f 6915 6922 6923
f 6915 6923 6916
f 6916 6923 6924
f 6917 6925 6918
f 6918 6925 6926
f 6918 6926 6919
f 6919 6926 6927
f 6919 6927 6920
f 6920 6927 6928
f 6920 6928 6921
f 6921 6928 6929
f 6921 6929 6922
f 6922 6929 6930
f 6922 6930 6923
f 6923 6930 6931
f 6923 6931 6924
f 6924 6931 6932
f 6925 6933 6926
f 6926 6933 6934
f 6926 6934 6927
f 6927 6934 6935
f 6927 6935 6928
f 6928 6935 6936
f 6928 6936 6929
f 6929 6936 6937
f 6929 6937 6930
f 6930 6937 6938
f 6930 6938 6931
f 6931 6938 6939
f 6931 6939 6932
f 6932 6939 6940
f 6933 6941 6934
f 6934 6941 6942
f 6934 6942 6935
f 6935 6942 6943
f 6935 6943 6936
f 6936 6943 6944
f 6936 6944 6937
f 6937 6944 6945
f 6937 6945 6938
f 6938 6945 6946
f 6938 6946 6939
f 6939 6946 6947
f 6939 6947 6940
f 6940 6947 6948
f 6941 6949 6942
f 6942 6949 6950
f 6942 6950 6943
f 6943 6950 6951
f 6943 6951 6944
f 6944 6951 6952
f 6944 6952 6945
f 6945 6952 6953
f 6945 6953 6946
f 6946 6953 6954
f 6946 6954 6947
f 6947 6954 6955
f 6947 6955 6948
f 6948 6955 6956
f 6949 6957 6950
f 6950 6957 6958
f 6950 6958 6951
f 6951 6958 6959
f 6951 6959 6952
f 6952 6959 6960
f 6952 6960 6953
f 6953 6960 6961
f 6953 6961 6954
f 6954 6961 6962
f 6954 6962 6955
f 6955 6962 6963
f 6955 6963 6956
f 6956 6963 6964
f 6957 6965 6958
f 6958 6965 6966
f 6958 6966 6959
f 6959 6966 6967
f 6959 6967 6960
f 6960 6967 6968
f 6960 6968 6961
f 6961 6968 6969
f 6961 6969 6962
f 6962 6969 6970
f 6962 6970 6963
f 6963 6970 6971
f 6963 6971 6964
f 6964 6971 6972
f 6965 6973 6966
f 6966 6973 6974
f 6966 6974 6967
f 6967 6974 6975
f 6967 6975 6968
f 6968 6975 6976
f 6968 6976 6969
f 6969 6976 6977
f 6969 6977 6970
f 6970 6977 6978
f 6970 6978 6971
f 6971 6978 6979
f 6971 6979 6972
f 6972 6979 6980
f 6981 6989 6982
f 6982 6989 6990
f 6982 6990 6983
f 6983 6990 6991
f 6983 6991 6984
f 6984 6991 6992
f 6984 6992 6985
f 6985 6992 6993
f 6985 6993 6986
f 6986 6993 6994
f 6986 6994 6987
f 6987 6994 6995
f 6987 6995 6988
f 6988 6995 6996
f 6989 6997 6990
f 6990 6997 6998
f 6990 6998 6991
f 6991 6998 6999
f 6991 6999 6992
f 6992 6999 7000
f 6992 7000 6993
f 6993 7000 7001
f 6993 7001 6994
f 6994 7001 7002
f 6994 7002 6995
f 6995 7002 7003
f 6995 7003 6996
f 6996 7003 7004
f 6997 7005 6998
f 6998 7005 7006
f 6998 7006 6999
f 6999 7006 7007
f 6999 7007 7000
f 7000 7007 7008
f 7000 7008 7001
f 7001 7008 7009
f 7001 7009 7002
f 7002 7009 7010
f 7002 7010 7003
f 7003 7010 7011
f 7003 7011 7004
f 7004 7011 7012
f 7005 7013 7006
f 7006 7013 7014
f 7006 7014 7007
f 7007 7014 7015
f 7007 7015 7008
f 7008 7015 7016
f 7008 7016 7009
f 7009 7016 7017
f 7009 7017 7010
f 7010 7017 7018
f 7010 7018 7011
f 7011 7018 7019
f 7011 7019 7012
f 7012 7019 7020
f 7013 7021 7014
f 7014 7021 7022
f 7014 7022 7015
f 7015 7022 7023
f 7015 7023 7016
f 7016 7023 7024
f 7016 7024 7017
f 7017 7024 7025
f 7017 7025 7018
f 7018 7025 7026
f 7018 7026 7019
f 7019 7026 7027
f 7019 7027 7020
f 7020 7027 7028
f 7021 7029 7022
f 7022 7029 7030
f 7022 7030 7023
f 7023 7030 7031
f 7023 7031 7024
f 7024 7031 7032
f 7024 7032 7025
f 7025 7032 7033
f 7025 7033 7026
f 7026 7033 7034
f 7026 7034 7027
f 7027 7034 7035
f 7027 7035 7028
f 7028 7035 7036
f 7029 7037 7030
f 7030 7037 7038
f 7030 7038 7031
f 7031 7038 7039
f 7031 7039 7032
f 7032 7039 7040
f 7032 7040 7033
f 7033 7040 7041
f 7033 7041 7034
f 7034 7041 7042
f 7034 7042 7035
f 7035 7042 7043
f 7035 7043 7036
f 7036 7043 7044
f 7037 7045 7038
f 7038 7045 7046
f 7038 7046 7039
f 7039 7046 7047
f 7039 7047 7040
f 7040 7047 7048
f 7040 7048 7041
f 7041 7048 7049
f 7041 7049 7042
f 7042 7049 7050
f 7042 7050 7043
f 7043 7050 7051
f 7043 7051 7044
f 7044 7051 7052
f 7045 7053 7046
f 7046 7053 7054
f 7046 7054 7047
f 7047 7054 7055
f 7047 7055 7048
f 7048 7055 7056
f 7048 7056 7049
f 7049 7056 7057
f 7049 7057 7050
f 7050 7057 7058
f 7050 7058 7051
f 7051 7058 7059
f 7051 7059 7052
f 7052 7059 7060
f 7061 7069 7062
f 7062 7069 7070
f 7062 7070 7063
f 7063 7070 7071
f 7063 7071 7064
f 7064 7071 7072
f 7064 7072 7065
f 7065 7072 7073
f 7065 7073 7066
f 7066 7073 7074
f 7066 7074 7067
f 7067 7074 7075
f 7067 7075 7068
f 7068 7075 7076
f 7069 7077 7070
f 7070 7077 7078
f 7070 7078 7071
f 7071 7078 7079
f 7071 7079 7072
f 7072 7079 7080
f 7072 7080 7073
f 7073 7080 7081
f 7073 7081 7074
f 7074 7081 7082
f 7074 7082 7075
f 7075 7082 7083
f 7075 7083 7076
f 7076 7083 7084
f 7077 7085 7078
f 7078 7085 7086
f 7078 7086 7079
f 7079 7086 7087
f 7079 7087 7080
f 7080 7087 7088
f 7080 7088 7081
f 7081 7088 7089
f 7081 7089 7082
f 7082 7089 7090
f 7082 7090 7083
f 7083 7090 7091
f 7083 7091 7084
f 7084 7091 7092
f 7085 7093 7086
f 7086 7093 7094
f 7086 7094 7087
f 7087 7094 7095
f 7087 7095 7088
f 7088 7095 7096
f 7088 7096 7089
f 7089 7096 7097
f 7089 7097 7090
f 7090 7097 7098
f 7090 7098 7091
f 7091 7098 7099
f 7091 7099 7092
f 7092 7099 7100
f 7093 7101 7094
f 7094 7101 7102
f 7094 7102 7095
f 7095 7102 7103
f 7095 7103 7096
f 7096 7103 7104
f 7096 7104 7097
f 7097 7104 7105
f 7097 7105 7098
f 7098 7105 7106
f 7098 7106 7099
f 7099 7106 7107
f 7099 7107 7100
f 7100 7107 7108
f 7101 7109 7102
f 7102 7109 7110
f 7102 7110 7103
f 7103 7110 7111
f 7103 7111 7104
f 7104 7111 7112
f 7104 7112 7105
f 7105 7112 7113
f 7105 7113 7106
f 7106 7113 7114
f 7106 7114 7107
f 7107 7114 7115
f 7107 7115 7108
f 7108 7115 7116
f 7109 7117 7110
f 7110 7117 7118
f 7110 7118 7111
f 7111 7118 7119
f 7111 7119 7112
f 7112 7119 7120
f 7112 7120 7113
f 7113 7120 7121
f 7113 7121 7114
f 7114 7121 7122
f 7114 7122 7115
f 7115 7122 7123
f 7115 7123 7116
f 7116 7123 7124
f 7117 7125 7118
f 7118 7125 7126
f 7118 7126 7119
f 7119 7126 7127
f 7119 7127 7120
f 7120 7127 7128
f 7120 7128 7121
f 7121 7128 7129
f 7121 7129 7122
f 7122 7129 7130
f 7122 7130 7123
f 7123 7130 7131
f 7123 7131 7124
f 7124 7131 7132
f 7125 7133 7126
f 7126 7133 7134
f 7126 7134 7127
f 7127 7134 7135
f 7127 7135 7128
f 7128 7135 7136
f 7128 7136 7129
f 7129 7136 7137
f 7129 7137 7130
f 7130 7137 7138
f 7130 7138 7131
f 7131 7138 7139
f 7131 7139 7132
f 7132 7139 7140
f 7141 7149 7142
f 7142 7149 7150
f 7142 7150 7143
f 7143 7150 7151
f 7143 7151 7144
f 7144 7151 7152
f 7144 7152 7145
f 7145 7152 7153
f 7145 7153 7146
f 7146 7153 7154
f 7146 7154 7147
f 7147 7154 7155
f 7147 7155 7148
f 7148 7155 7156
f 7149 7157 7150
f 7150 7157 7158
f 7150 7158 7151
f 7151 7158 7159
f 7151 7159 7152
f 7152 7159 7160
f 7152 7160 7153
f 7153 7160 7161
f 7153 7161 7154
f 7154 7161 7162
f 7154 7162 7155
f 7155 7162 7163
f 7155 7163 7156
f 7156 7163 7164
f 7157 7165 7158
f 7158 7165 7166
f 7158 7166 7159
f 7159 7166 7167
f 7159 7167 7160
f 7160 7167 7168
f 7160 7168 7161
f 7161 7168 7169
f 7161 7169 7162
f 7162 7169 7170
f 7162 7170 7163
f 7163 7170 7171
f 7163 7171 7164
f 7164 7171 7172
f 7165 7173 7166
f 7166 7173 7174
f 7166 7174 7167
f 7167 7174 7175
f 7167 7175 7168
f 7168 7175 7176
f 7168 7176 7169
f 7169 7176 7177
f 7169 7177 7170
f 7170 7177 7178
f 7170 7178 7171
f 7171 7178 7179
f 7171 7179 7172
f 7172 7179 7180
f 7173 7181 7174
f 7174 7181 7182
f 7174 7182 7175
f 7175 7182 7183
f 7175 7183 7176
f 7176 7183 7184
f 7176 7184 7177
f 7177 7184 7185
f 7177 7185 7178
f 7178 7185 7186
f 7178 7186 7179
f 7179 7186 7187
f 7179 7187 7180
f 7180 7187 7188
f 7181 7189 7182
f 7182 7189 7190
f 7182 7190 7183
f 7183 7190 7191
f 7183 7191 7184
f 7184 7191 7192
f 7184 7192 7185
f 7185 7192 7193
f 7185 7193 7186
f 7186 7193 7194
f 7186 7194 7187
f 7187 7194 7195
f 7187 7195 7188
f 7188 7195 7196
f 7189 7197 7190
f 7190 7197 7198
f 7190 7198 7191
f 7191 7198 7199
f 7191 7199 7192
f 7192 7199 7200
f 7192 7200 7193
f 7193 7200 7201
f 7193 7201 7194
f 7194 7201 7202
f 7194 7202 7195
f 7195 7202 7203
f 7195 7203 7196
f 7196 7203 7204
f 7197 7205 7198
f 7198 7205 7206
f 7198 7206 7199
f 7199 7206 7207
f 7199 7207 7200
f 7200 7207 7208
f 7200 7208 7201
f 7201 7208 7209
f 7201 7209 7202
f 7202 7209 7210
f 7202 7210 7203
f 7203 7210 7211
f 7203 7211 7204
f 7204 7211 7212
f 7205 7213 7206
f 7206 7213 7214
f 7206 7214 7207
f 7207 7214 7215
f 7207 7215 7208
f 7208 7215 7216
f 7208 7216 7209
f 7209 7216 7217
f 7209 7217 7210
f 7210 7217 7218
f 7210 7218 7211
f 7211 7218 7219
f 7211 7219 7212
f 7212 7219 7220
f 7221 7229 7222
f 7222 7229 7230
f 7222 7230 7223
f 7223 7230 7231
f 7223 7231 7224
f 7224 7231 7232
f 7224 7232 7225
f 7225 7232 7233
f 7225 7233 7226
f 7226 7233 7234
f 7226 7234 7227
f 7227 7234 7235
f 7227 7235 7228
f 7228 7235 7236
f 7229 7237 7230
f 7230 7237 7238
f 7230 7238 7231
f 7231 7238 7239
f 7231 7239 7232
f 7232 7239 7240
f 7232 7240 7233
f 7233 7240 7241
f 7233 7241 7234
f 7234 7241 7242
f 7234 7242 7235
f 7235 7242 7243
f 7235 7243 7236
f 7236 7243 7244
f 7237 7245 7238
f 7238 7245 7246
f 7238 7246 7239
f 7239 7246 7247
f 7239 7247 7240
f 7240 7247 7248
f 7240 7248 7241
f 7241 7248 7249
f 7241 7249 7242
f 7242 7249 7250
f 7242 7250 7243
f 7243 7250 7251
f 7243 7251 7244
f 7244 7251 7252
f 7245 7253 7246
f 7246 7253 7254
f 7246 7254 7247
f 7247 7254 7255
f 7247 7255 7248
f 7248 7255 7256
f 7248 7256 7249
f 7249 7256 7257
f 7249 7257 7250
f 7250 7257 7258
f 7250 7258 7251
f 7251 7258 7259
f 7251 7259 7252
f 7252 7259 7260
f 7253 7261 7254
f 7254 7261 7262
f 7254 7262 7255
f 7255 7262 7263
f 7255 7263 7256
f 7256 7263 7264
f 7256 7264 7257
f 7257 7264 7265
f 7257 7265 7258
f 7258 7265 7266
f 7258 7266 7259
f 7259 7266 7267
f 7259 7267 7260
f 7260 7267 7268
f 7261 7269 7262
f 7262 7269 7270
f 7262 7270 7263
f 7263 7270 7271
f 7263 7271 7264
f 7264 7271 7272
f 7264 7272 7265
f 7265 7272 7273
f 7265 7273 7266
f 7266 7273 7274
f 7266 7274 7267
f 7267 7274 7275
f 7267 7275 7268
f 7268 7275 7276
f 7269 7277 7270
f 7270 7277 7278
f 7270 7278 7271
f 7271 7278 7279
f 7271 7279 7272
f 7272 7279 7280
f 7272 7280 7273
f 7273 7280 7281
f 7273 7281 7274
f 7274 7281 7282
f 7274 7282 7275
f 7275 7282 7283
f 7275 7283 7276
f 7276 7283 7284
f 7277 7285 7278
f 7278 7285 7286
f 7278 7286 7279
f 7279 7286 7287
f 7279 7287 7280
f 7280 7287 7288
f 7280 7288 7281
f 7281 7288 7289
f 7281 7289 7282
f 7282 7289 7290
f 7282 7290 7283
f 7283 7290 7291
f 7283 7291 7284
f 7284 7291 7292
f 7285 7293 7286
f 7286 7293 7294
f 7286 7294 7287
f 7287 7294 7295
f 7287 7295 7288
f 7288 7295 7296
f 7288 7296 7289
f 7289 7296 7297
f 7289 7297 7290
f 7290 7297 7298
f 7290 7298 7291
f 7291 7298 7299
f 7291 7299 7292
f 7292 7299 7300
f 7301 7309 7302
f 7302 7309 7310
f 7302 7310 7303
f 7303 7310 7311
f 7303 7311 7304
f 7304 7311 7312
f 7304 7312 7305
f 7305 7312 7313
f 7305 7313 7306
f 7306 7313 7314
f 7306 7314 7307
f 7307 7314 7315
f 7307 7315 7308
f 7308 7315 7316
f 7309 7317 7310
f 7310 7317 7318
f 7310 7318 7311
f 7311 7318 7319
f 7311 7319 7312
f 7312 7319 7320
f 7312 7320 7313
f 7313 7320 7321
f 7313 7321 7314
f 7314 7321 7322
f 7314 7322 7315
f 7315 7322 7323
f 7315 7323 7316
f 7316 7323 7324
f 7317 7325 7318
f 7318 7325 7326
f 7318 7326 7319
f 7319 7326 7327
f 7319 7327 7320
f 7320 7327 7328
f 7320 7328 7321
f 7321 7328 7329
f 7321 7329 7322
f 7322 7329 7330
f 7322 7330 7323
f 7323 7330 7331
f 7323 7331 7324
f 7324 7331 7332
f 7325 7333 7326
f 7326 7333 7334
f 7326 7334 7327
f 7327 7334 7335
f 7327 7335 7328
f 7328 7335 7336
f 7328 7336 7329
f 7329 7336 7337
f 7329 7337 7330
f 7330 7337 7338
f 7330 7338 7331
f 7331 7338 7339
f 7331 7339 7332
f 7332 7339 7340
f 7333 7341 7334
f 7334 7341 7342
f 7334 7342 7335
f 7335 7342 7343
f 7335 7343 7336
f 7336 7343 7344
f 7336 7344 7337
f 7337 7344 7345
f 7337 7345 7338
f 7338 7345 7346
f 7338 7346 7339
f 7339 7346 7347
f 7339 7347 7340
f 7340 7347 7348
f 7341 7349 7342
f 7342 7349 7350
f 7342 7350 7343
f 7343 7350 7351
f 7343 7351 7344
f 7344 7351 7352
f 7344 7352 7345
f 7345 7352 7353
f 7345 7353 7346
f 7346 7353 7354
f 7346 7354 7347
f 7347 7354 7355
f 7347 7355 7348
f 7348 7355 7356
f 7349 7357 7350
f 7350 7357 7358
f 7350 7358 7351
f 7351 7358 7359
f 7351 7359 7352
f 7352 7359 7360
f 7352 7360 7353
f 7353 7360 7361
f 7353 7361 7354
f 7354 7361 7362
f 7354 7362 7355
f 7355 7362 7363
f 7355 7363 7356
f 7356 7363 7364
f 7357 7365 7358
f 7358 7365 7366
f 7358 7366 7359
f 7359 7366 7367
f 7359 7367 7360
f 7360 7367 7368
f 7360 7368 7361
f 7361 7368 7369
f 7361 7369 7362
f 7362 7369 7370
f 7362 7370 7363
f 7363 7370 7371
f 7363 7371 7364
f 7364 7371 7372
f 7365 7373 7366
f 7366 7373 7374
f 7366 7374 7367
f 7367 7374 7375
f 7367 7375 7368
f 7368 7375 7376
f 7368 7376 7369
f 7369 7376 7377
f 7369 7377 7370
f 7370 7377 7378
f 7370 7378 7371
f 7371 7378 7379
f 7371 7379 7372
f 7372 7379 7380
v -0.20959 1.60565 0.23189 0.02315 0.00913 0.00518
v -0.21086 1.60217 0.23317 0.02315 0.00913 0.00518
v -0.21086 1.60693 0.22841 0.02315 0.00913 0.00518
v -0.21086 1.60217 0.23317 0.02315 0.00913 0.00518
v -0.21300 1.60324 0.22948 0.02315 0.00913 0.00518
v -0.21086 1.60693 0.22841 0.02315 0.00913 0.00518
v -0.21086 1.60693 0.22841 0.02315 0.00913 0.00518
v -0.21300 1.60324 0.22948 0.02315 0.00913 0.00518
v -0.21144 1.60750 0.22365 0.02315 0.00913 0.00518
v -0.21300 1.60324 0.22948 0.02315 0.00913 0.00518
v -0.21411 1.60379 0.22365 0.02315 0.00913 0.00518
v -0.21144 1.60750 0.22365 0.02315 0.00913 0.00518
v -0.21144 1.60750 0.22365 0.02315 0.00913 0.00518
v -0.21411 1.60379 0.22365 0.02315 0.00913 0.00518
v -0.21144 1.60750 0.10350 0.02315 0.00913 0.00518
v -0.21411 1.60379 0.22365 0.02315 0.00913 0.00518
v -0.21411 1.60379 0.10350 0.02315 0.00913 0.00518
v -0.21144 1.60750 0.10350 0.02315 0.00913 0.00518
v -0.21144 1.60750 0.10350 0.02315 0.00913 0.00518
v -0.21411 1.60379 0.10350 0.02315 0.00913 0.00518
v -0.21086 1.60693 0.09874 0.02315 0.00913 0.00518
v -0.21411 1.60379 0.10350 0.02315 0.00913 0.00518
v -0.21300 1.60324 0.09767 0.02315 0.00913 0.00518
v -0.21086 1.60693 0.09874 0.02315 0.00913 0.00518
v -0.21086 1.60693 0.09874 0.02315 0.00913 0.00518
v -0.21300 1.60324 0.09767 0.02315 0.00913 0.00518
v -0.20959 1.60565 0.09526 0.02315 0.00913 0.00518
v -0.21300 1.60324 0.09767 0.02315 0.00913 0.00518
v -0.21086 1.60217 0.09398 0.02315 0.00913 0.00518
v -0.20959 1.60565 0.09526 0.02315 0.00913 0.00518
v -0.21086 1.60217 0.23317 0.02315 0.00913 0.00518
v -0.21144 1.59741 0.23374 0.02315 0.00913 0.00518
v -0.21300 1.60324 0.22948 0.02315 0.00913 0.00518
v -0.21144 1.59741 0.23374 0.02315 0.00913 0.00518
v -0.21411 1.59741 0.23003 0.02315 0.00913 0.00518
v -0.21300 1.60324 0.22948 0.02315 0.00913 0.00518
v -0.21300 1.60324 0.22948 0.02315 0.00913 0.00518
v -0.21411 1.59741 0.23003 0.02315 0.00913 0.00518
v -0.21411 1.60379 0.22365 0.02315 0.00913 0.00518
v -0.21411 1.59741 0.23003 0.02315 0.00913 0.00518
v -0.21562 1.59741 0.22365 0.02315 0.00913 0.00518
v -0.21411 1.60379 0.22365 0.02315 0.00913 0.00518
v -0.21411 1.60379 0.22365 0.02315 0.00913 0.00518
v -0.21562 1.59741 0.22365 0.02315 0.00913 0.00518
v -0.21411 1.60379 0.10350 0.02315 0.00913 0.00518
v -0.21562 1.59741 0.22365 0.02315 0.00913 0.00518
v -0.21562 1.59741 0.10350 0.02315 0.00913 0.00518
v -0.21411 1.60379 0.10350 0.02315 0.00913 0.00518
v -0.21411 1.60379 0.10350 0.02315 0.00913 0.00518
v -0.21562 1.59741 0.10350 0.02315 0.00913 0.00518
v -0.21300 1.60324 0.09767 0.02315 0.00913 0.00518
v -0.21562 1.59741 0.10350 0.02315 0.00913 0.00518
v -0.21411 1.59741 0.09711 0.02315 0.00913 0.00518
v -0.21300 1.60324 0.09767 0.02315 0.00913 0.00518
v -0.21300 1.60324 0.09767 0.02315 0.00913 0.00518
v -0.21411 1.59741 0.09711 0.02315 0.00913 0.00518
v -0.21086 1.60217 0.09398 0.02315 0.00913 0.00518
v -0.21411 1.59741 0.09711 0.02315 0.00913 0.00518
v -0.21144 1.59741 0.09340 0.02315 0.00913 0.00518
v -0.21086 1.60217 0.09398 0.02315 0.00913 0.00518
v -0.21144 1.59741 0.23374 0.02315 0.00913 0.00518
v -0.21144 1.53674 0.23374 0.02315 0.00913 0.00518
v -0.21411 1.59741 0.23003 0.02315 0.00913 0.00518
v -0.21144 1.53674 0.23374 0.02315 0.00913 0.00518
v -0.21411 1.53674 0.23003 0.02315 0.00913 0.00518
v -0.21411 1.59741 0.23003 0.02315 0.00913 0.00518
v -0.21411 1.59741 0.23003 0.02315 0.00913 0.00518
v -0.21411 1.53674 0.23003 0.02315 0.00913 0.00518
v -0.21562 1.59741 0.22365 0.02315 0.00913 0.00518
v -0.21411 1.53674 0.23003 0.02315 0.00913 0.00518
v -0.21562 1.53674 0.22365 0.02315 0.00913 0.00518
v -0.21562 1.59741 0.22365 0.02315 0.00913 0.00518
v -0.21562 1.59741 0.22365 0.02315 0.00913 0.00518
v -0.21562 1.53674 0.22365 0.02315 0.00913 0.00518
v -0.21562 1.59741 0.10350 0.02315 0.00913 0.00518
v -0.21562 1.53674 0.22365 0.02315 0.00913 0.00518
v -0.21562 1.53674 0.10350 0.02315 0.00913 0.00518
v -0.21562 1.59741 0.10350 0.02315 0.00913 0.00518
v -0.21562 1.59741 0.10350 0.02315 0.00913 0.00518
v -0.21562 1.53674 0.10350 0.02315 0.00913 0.00518
v -0.21411 1.59741 0.09711 0.02315 0.00913 0.00518
v -0.21562 1.53674 0.10350 0.02315 0.00913 0.00518
v -0.21411 1.53674 0.09711 0.02315 0.00913 0.00518
v -0.21411 1.59741 0.09711 0.02315 0.00913 0.00518
v -0.21411 1.59741 0.09711 0.02315 0.00913 0.00518
v -0.21411 1.53674 0.09711 0.02315 0.00913 0.00518
v -0.21144 1.59741 0.09340 0.02315 0.00913 0.00518
v -0.21411 1.53674 0.09711 0.02315 0.00913 0.00518
v -0.21144 1.53674 0.09340 0.02315 0.00913 0.00518
v -0.21144 1.59741 0.09340 0.02315 0.00913 0.00518
v -0.21144 1.53674 0.23374 0.02315 0.00913 0.00518
v -0.21086 1.53198 0.23317 0.02315 0.00913 0.00518
v -0.21411 1.53674 0.23003 0.02315 0.00913 0.00518
v -0.21086 1.53198 0.23317 0.02315 0.00913 0.00518
v -0.21300 1.53091 0.22948 0.02315 0.00913 0.00518
v -0.21411 1.53674 0.23003 0.02315 0.00913 0.00518
v -0.21411 1.53674 0.23003 0.02315 0.00913 0.00518
v -0.21300 1.53091 0.22948 0.02315 0.00913 0.00518
v -0.21562 1.53674 0.22365 0.02315 0.00913 0.00518
v -0.21300 1.53091 0.22948 0.02315 0.00913 0.00518
v -0.21411 1.53035 0.22365 0.02315 0.00913 0.00518
v -0.21562 1.53674 0.22365 0.02315 0.00913 0.00518
v -0.21562 1.53674 0.22365 0.02315 0.00913 0.00518
v -0.21411 1.53035 0.22365 0.02315 0.00913 0.00518
v -0.21562 1.53674 0.10350 0.02315 0.00913 0.00518
v -0.21411 1.53035 0.22365 0.02315 0.00913 0.00518
v -0.21411 1.53035 0.10350 0.02315 0.00913 0.00518
v -0.21562 1.53674 0.10350 0.02315 0.00913 0.00518
v -0.21562 1.53674 0.10350 0.02315 0.00913 0.00518
v -0.21411 1.53035 0.10350 0.02315 0.00913 0.00518
v -0.21411 1.53674 0.09711 0.02315 0.00913 0.00518
v -0.21411 1.53035 0.10350 0.02315 0.00913 0.00518
v -0.21300 1.53091 0.09767 0.02315 0.00913 0.00518
v -0.21411 1.53674 0.09711 0.02315 0.00913 0.00518
v -0.21411 1.53674 0.09711 0.02315 0.00913 0.00518
v -0.21300 1.53091 0.09767 0.02315 0.00913 0.00518
v -0.21144 1.53674 0.09340 0.02315 0.00913 0.00518
v -0.21300 1.53091 0.09767 0.02315 0.00913 0.00518
v -0.21086 1.53198 0.09398 0.02315 0.00913 0.00518
v -0.21144 1.53674 0.09340 0.02315 0.00913 0.00518
v -0.21086 1.53198 0.23317 0.02315 0.00913 0.00518
v -0.20959 1.52850 0.23189 0.02315 0.00913 0.00518
v -0.21300 1.53091 0.22948 0.02315 0.00913 0.00518
v -0.20959 1.52850 0.23189 0.02315 0.00913 0.00518
v -0.21086 1.52722 0.22841 0.02315 0.00913 0.00518
v -0.21300 1.53091 0.22948 0.02315 0.00913 0.00518
v -0.21300 1.53091 0.22948 0.02315 0.00913 0.00518
v -0.21086 1.52722 0.22841 0.02315 0.00913 0.00518
v -0.21411 1.53035 0.22365 0.02315 0.00913 0.00518
v -0.21086 1.52722 0.22841 0.02315 0.00913 0.00518
v -0.21144 1.52664 0.22365 0.02315 0.00913 0.00518
v -0.21411 1.53035 0.22365 0.02315 0.00913 0.00518
v -0.21411 1.53035 0.22365 0.02315 0.00913 0.00518
v -0.21144 1.52664 0.22365 0.02315 0.00913 0.00518
v -0.21411 1.53035 0.10350 0.02315 0.00913 0.00518
v -0.21144 1.52664 0.22365 0.02315 0.00913 0.00518
v -0.21144 1.52664 0.10350 0.02315 0.00913 0.00518
v -0.21411 1.53035 0.10350 0.02315 0.00913 0.00518
v -0.21411 1.53035 0.10350 0.02315 0.00913 0.00518
v -0.21144 1.52664 0.10350 0.02315 0.00913 0.00518
v -0.21300 1.53091 0.09767 0.02315 0.00913 0.00518
v -0.21144 1.52664 0.10350 0.02315 0.00913 0.00518
v -0.21086 1.52722 0.09874 0.02315 0.00913 0.00518
v -0.21300 1.53091 0.09767 0.02315 0.00913 0.00518
v -0.21300 1.53091 0.09767 0.02315 0.00913 0.00518
v -0.21086 1.52722 0.09874 0.02315 0.00913 0.00518
v -0.21086 1.53198 0.09398 0.02315 0.00913 0.00518
v -0.21086 1.52722 0.09874 0.02315 0.00913 0.00518
v -0.20959 1.52850 0.09526 0.02315 0.00913 0.00518
v -0.21086 1.53198 0.09398 0.02315 0.00913 0.00518
v 0.20959 1.60565 0.09526 0.02315 0.00913 0.00518
v 0.21086 1.60217 0.09398 0.02315 0.00913 0.00518
v 0.21086 1.60693 0.09874 0.02315 0.00913 0.00518
v 0.21086 1.60217 0.09398 0.02315 0.00913 0.00518
v 0.21300 1.60324 0.09767 0.02315 0.00913 0.00518
v 0.21086 1.60693 0.09874 0.02315 0.00913 0.00518
v 0.21086 1.60693 0.09874 0.02315 0.00913 0.00518
v 0.21300 1.60324 0.09767 0.02315 0.00913 0.00518
v 0.21144 1.60750 0.10350 0.02315 0.00913 0.00518
v 0.21300 1.60324 0.09767 0.02315 0.00913 0.00518
v 0.21411 1.60379 0.10350 0.02315 0.00913 0.00518
v 0.21144 1.60750 0.10350 0.02315 0.00913 0.00518
v 0.21144 1.60750 0.10350 0.02315 0.00913 0.00518
v 0.21411 1.60379 0.10350 0.02315 0.00913 0.00518
v 0.21144 1.60750 0.22365 0.02315 0.00913 0.00518
v 0.21411 1.60379 0.10350 0.02315 0.00913 0.00518
v 0.21411 1.60379 0.22365 0.02315 0.00913 0.00518
v 0.21144 1.60750 0.22365 0.02315 0.00913 0.00518
v 0.21144 1.60750 0.22365 0.02315 0.00913 0.00518
v 0.21411 1.60379 0.22365 0.02315 0.00913 0.00518
v 0.21086 1.60693 0.22841 0.02315 0.00913 0.00518
v 0.21411 1.60379 0.22365 0.02315 0.00913 0.00518
v 0.21300 1.60324 0.22948 0.02315 0.00913 0.00518
v 0.21086 1.60693 0.22841 0.02315 0.00913 0.00518
v 0.21086 1.60693 0.22841 0.02315 0.00913 0.00518
v 0.21300 1.60324 0.22948 0.02315 0.00913 0.00518
v 0.20959 1.60565 0.23189 0.02315 0.00913 0.00518
v 0.21300 1.60324 0.22948 0.02315 0.00913 0.00518
v 0.21086 1.60217 0.23317 0.02315 0.00913 0.00518
v 0.20959 1.60565 0.23189 0.02315 0.00913 0.00518
v 0.21086 1.60217 0.09398 0.02315 0.00913 0.00518
v 0.21144 1.59741 0.09340 0.02315 0.00913 0.00518
v 0.21300 1.60324 0.09767 0.02315 0.00913 0.00518
v 0.21144 1.59741 0.09340 0.02315 0.00913 0.00518
v 0.21411 1.59741 0.09711 0.02315 0.00913 0.00518
v 0.21300 1.60324 0.09767 0.02315 0.00913 0.00518
v 0.21300 1.60324 0.09767 0.02315 0.00913 0.00518
v 0.21411 1.59741 0.09711 0.02315 0.00913 0.00518
v 0.21411 1.60379 0.10350 0.02315 0.00913 0.00518
v 0.21411 1.59741 0.09711 0.02315 0.00913 0.00518
v 0.21562 1.59741 0.10350 0.02315 0.00913 0.00518
v 0.21411 1.60379 0.10350 0.02315 0.00913 0.00518
v 0.21411 1.60379 0.10350 0.02315 0.00913 0.00518
v 0.21562 1.59741 0.10350 0.02315 0.00913 0.00518
v 0.21411 1.60379 0.22365 0.02315 0.00913 0.00518
v 0.21562 1.59741 0.10350 0.02315 0.00913 0.00518
v 0.21562 1.59741 0.22365 0.02315 0.00913 0.00518
v 0.21411 1.60379 0.22365 0.02315 0.00913 0.00518
v 0.21411 1.60379 0.22365 0.02315 0.00913 0.00518
v 0.21562 1.59741 0.22365 0.02315 0.00913 0.00518
v 0.21300 1.60324 0.22948 0.02315 0.00913 0.00518
v 0.21562 1.59741 0.22365 0.02315 0.00913 0.00518
v 0.21411 1.59741 0.23003 0.02315 0.00913 0.00518
v 0.21300 1.60324 0.22948 0.02315 0.00913 0.00518
v 0.21300 1.60324 0.22948 0.02315 0.00913 0.00518
v 0.21411 1.59741 0.23003 0.02315 0.00913 0.00518
v 0.21086 1.60217 0.23317 0.02315 0.00913 0.00518
v 0.21411 1.59741 0.23003 0.02315 0.00913 0.00518
v 0.21144 1.59741 0.23374 0.02315 0.00913 0.00518
v 0.21086 1.60217 0.23317 0.02315 0.00913 0.00518
v 0.21144 1.59741 0.09340 0.02315 0.00913 0.00518
v 0.21144 1.53674 0.09340 0.02315 0.00913 0.00518
v 0.21411 1.59741 0.09711 0.02315 0.00913 0.00518
v 0.21144 1.53674 0.09340 0.02315 0.00913 0.00518
v 0.21411 1.53674 0.09711 0.02315 0.00913 0.00518
v 0.21411 1.59741 0.09711 0.02315 0.00913 0.00518
v 0.21411 1.59741 0.09711 0.02315 0.00913 0.00518
v 0.21411 1.53674 0.09711 0.02315 0.00913 0.00518
v 0.21562 1.59741 0.10350 0.02315 0.00913 0.00518
v 0.21411 1.53674 0.09711 0.02315 0.00913 0.00518
v 0.21562 1.53674 0.10350 0.02315 0.00913 0.00518
v 0.21562 1.59741 0.10350 0.02315 0.00913 0.00518
v 0.21562 1.59741 0.10350 0.02315 0.00913 0.00518
v 0.21562 1.53674 0.10350 0.02315 0.00913 0.00518
v 0.21562 1.59741 0.22365 0.02315 0.00913 0.00518
v 0.21562 1.53674 0.10350 0.02315 0.00913 0.00518
v 0.21562 1.53674 0.22365 0.02315 0.00913 0.00518
v 0.21562 1.59741 0.22365 0.02315 0.00913 0.00518
v 0.21562 1.59741 0.22365 0.02315 0.00913 0.00518
v 0.21562 1.53674 0.22365 0.02315 0.00913 0.00518
v 0.21411 1.59741 0.23003 0.02315 0.00913 0.00518
v 0.21562 1.53674 0.22365 0.02315 0.00913 0.00518
v 0.21411 1.53674 0.23003 0.02315 0.00913 0.00518
v 0.21411 1.59741 0.23003 0.02315 0.00913 0.00518
v 0.21411 1.59741 0.23003 0.02315 0.00913 0.00518
v 0.21411 1.53674 0.23003 0.02315 0.00913 0.00518
v 0.21144 1.59741 0.23374 0.02315 0.00913 0.00518
v 0.21411 1.53674 0.23003 0.02315 0.00913 0.00518
v 0.21144 1.53674 0.23374 0.02315 0.00913 0.00518
v 0.21144 1.59741 0.23374 0.02315 0.00913 0.00518
v 0.21144 1.53674 0.09340 0.02315 0.00913 0.00518
v 0.21086 1.53198 0.09398 0.02315 0.00913 0.00518
v 0.21411 1.53674 0.09711 0.02315 0.00913 0.00518
v 0.21086 1.53198 0.09398 0.02315 0.00913 0.00518
v 0.21300 1.53091 0.09767 0.02315 0.00913 0.00518
v 0.21411 1.53674 0.09711 0.02315 0.00913 0.00518
v 0.21411 1.53674 0.09711 0.02315 0.00913 0.00518
v 0.21300 1.53091 0.09767 0.02315 0.00913 0.00518
v 0.21562 1.53674 0.10350 0.02315 0.00913 0.00518
v 0.21300 1.53091 0.09767 0.02315 0.00913 0.00518
v 0.21411 1.53035 0.10350 0.02315 0.00913 0.00518
v 0.21562 1.53674 0.10350 0.02315 0.00913 0.00518
v 0.21562 1.53674 0.10350 0.02315 0.00913 0.00518
v 0.21411 1.53035 0.10350 0.02315 0.00913 0.00518
v 0.21562 1.53674 0.22365 0.02315 0.00913 0.00518
v 0.21411 1.53035 0.10350 0.02315 0.00913 0.00518
v 0.21411 1.53035 0.22365 0.02315 0.00913 0.00518
v 0.21562 1.53674 0.22365 0.02315 0.00913 0.00518
v 0.21562 1.53674 0.22365 0.02315 0.00913 0.00518
v 0.21411 1.53035 0.22365 0.02315 0.00913 0.00518
v 0.21411 1.53674 0.23003 0.02315 0.00913 0.00518
v 0.21411 1.53035 0.22365 0.02315 0.00913 0.00518
v 0.21300 1.53091 0.22948 0.02315 0.00913 0.00518
v 0.21411 1.53674 0.23003 0.02315 0.00913 0.00518
v 0.21411 1.53674 0.23003 0.02315 0.00913 0.00518
v 0.21300 1.53091 0.22948 0.02315 0.00913 0.00518
v 0.21144 1.53674 0.23374 0.02315 0.00913 0.00518
v 0.21300 1.53091 0.22948 0.02315 0.00913 0.00518
v 0.21086 1.53198 0.23317 0.02315 0.00913 0.00518
v 0.21144 1.53674 0.23374 0.02315 0.00913 0.00518
v 0.21086 1.53198 0.09398 0.02315 0.00913 0.00518
v 0.20959 1.52850 0.09526 0.02315 0.00913 0.00518
v 0.21300 1.53091 0.09767 0.02315 0.00913 0.00518
v 0.20959 1.52850 0.09526 0.02315 0.00913 0.00518
v 0.21086 1.52722 0.09874 0.02315 0.00913 0.00518
v 0.21300 1.53091 0.09767 0.02315 0.00913 0.00518
v 0.21300 1.53091 0.09767 0.02315 0.00913 0.00518
v 0.21086 1.52722 0.09874 0.02315 0.00913 0.00518
v 0.21411 1.53035 0.10350 0.02315 0.00913 0.00518
v 0.21086 1.52722 0.09874 0.02315 0.00913 0.00518
v 0.21144 1.52664 0.10350 0.02315 0.00913 0.00518
v 0.21411 1.53035 0.10350 0.02315 0.00913 0.00518
v 0.21411 1.53035 0.10350 0.02315 0.00913 0.00518
v 0.21144 1.52664 0.10350 0.02315 0.00913 0.00518
v 0.21411 1.53035 0.22365 0.02315 0.00913 0.00518
v 0.21144 1.52664 0.10350 0.02315 0.00913 0.00518
v 0.21144 1.52664 0.22365 0.02315 0.00913 0.00518
v 0.21411 1.53035 0.22365 0.02315 0.00913 0.00518
v 0.21411 1.53035 0.22365 0.02315 0.00913 0.00518
v 0.21144 1.52664 0.22365 0.02315 0.00913 0.00518
v 0.21300 1.53091 0.22948 0.02315 0.00913 0.00518
v 0.21144 1.52664 0.22365 0.02315 0.00913 0.00518
v 0.21086 1.52722 0.22841 0.02315 0.00913 0.00518
v 0.21300 1.53091 0.22948 0.02315 0.00913 0.00518
v 0.21300 1.53091 0.22948 0.02315 0.00913 0.00518
v 0.21086 1.52722 0.22841 0.02315 0.00913 0.00518
v 0.21086 1.53198 0.23317 0.02315 0.00913 0.00518
v 0.21086 1.52722 0.22841 0.02315 0.00913 0.00518
v 0.20959 1.52850 0.23189 0.02315 0.00913 0.00518
v 0.21086 1.53198 0.23317 0.02315 0.00913 0.00518
v 0.20959 1.60565 0.09526 0.02315 0.00913 0.00518
v 0.21086 1.60693 0.09874 0.02315 0.00913 0.00518
v 0.20610 1.60693 0.09398 0.02315 0.00913 0.00518
v 0.21086 1.60693 0.09874 0.02315 0.00913 0.00518
v 0.20717 1.60907 0.09767 0.02315 0.00913 0.00518
v 0.20610 1.60693 0.09398 0.02315 0.00913 0.00518
v 0.20610 1.60693 0.09398 0.02315 0.00913 0.00518
v 0.20717 1.60907 0.09767 0.02315 0.00913 0.00518
v 0.20134 1.60750 0.09340 0.02315 0.00913 0.00518
v 0.20717 1.60907 0.09767 0.02315 0.00913 0.00518
v 0.20134 1.61018 0.09711 0.02315 0.00913 0.00518
v 0.20134 1.60750 0.09340 0.02315 0.00913 0.00518
v 0.20134 1.60750 0.09340 0.02315 0.00913 0.00518
v 0.20134 1.61018 0.09711 0.02315 0.00913 0.00518
v -0.20134 1.60750 0.09340 0.02315 0.00913 0.00518
v 0.20134 1.61018 0.09711 0.02315 0.00913 0.00518
v -0.20134 1.61018 0.09711 0.02315 0.00913 0.00518
v -0.20134 1.60750 0.09340 0.02315 0.00913 0.00518
v -0.20134 1.60750 0.09340 0.02315 0.00913 0.00518
v -0.20134 1.61018 0.09711 0.02315 0.00913 0.00518
v -0.20610 1.60693 0.09398 0.02315 0.00913 0.00518
v -0.20134 1.61018 0.09711 0.02315 0.00913 0.00518
v -0.20717 1.60907 0.09767 0.02315 0.00913 0.00518
v -0.20610 1.60693 0.09398 0.02315 0.00913 0.00518
v -0.20610 1.60693 0.09398 0.02315 0.00913 0.00518
v -0.20717 1.60907 0.09767 0.02315 0.00913 0.00518
v -0.20959 1.60565 0.09526 0.02315 0.00913 0.00518
v -0.20717 1.60907 0.09767 0.02315 0.00913 0.00518
v -0.21086 1.60693 0.09874 0.02315 0.00913 0.00518
v -0.20959 1.60565 0.09526 0.02315 0.00913 0.00518
v 0.21086 1.60693 0.09874 0.02315 0.00913 0.00518
v 0.21144 1.60750 0.10350 0.02315 0.00913 0.00518
v 0.20717 1.60907 0.09767 0.02315 0.00913 0.00518
v 0.21144 1.60750 0.10350 0.02315 0.00913 0.00518
v 0.20773 1.61018 0.10350 0.02315 0.00913 0.00518
v 0.20717 1.60907 0.09767 0.02315 0.00913 0.00518
v 0.20717 1.60907 0.09767 0.02315 0.00913 0.00518
v 0.20773 1.61018 0.10350 0.02315 0.00913 0.00518
v 0.20134 1.61018 0.09711 0.02315 0.00913 0.00518
v 0.20773 1.61018 0.10350 0.02315 0.00913 0.00518
v 0.20134 1.61169 0.10350 0.02315 0.00913 0.00518
v 0.20134 1.61018 0.09711 0.02315 0.00913 0.00518
v 0.20134 1.61018 0.09711 0.02315 0.00913 0.00518
v 0.20134 1.61169 0.10350 0.02315 0.00913 0.00518
v -0.20134 1.61018 0.09711 0.02315 0.00913 0.00518
v 0.20134 1.61169 0.10350 0.02315 0.00913 0.00518
v -0.20134 1.61169 0.10350 0.02315 0.00913 0.00518
v -0.20134 1.61018 0.09711 0.02315 0.00913 0.00518
v -0.20134 1.61018 0.09711 0.02315 0.00913 0.00518
v -0.20134 1.61169 0.10350 0.02315 0.00913 0.00518
v -0.20717 1.60907 0.09767 0.02315 0.00913 0.00518
v -0.20134 1.61169 0.10350 0.02315 0.00913 0.00518
v -0.20773 1.61018 0.10350 0.02315 0.00913 0.00518
v -0.20717 1.60907 0.09767 0.02315 0.00913 0.00518
v -0.20717 1.60907 0.09767 0.02315 0.00913 0.00518
v -0.20773 1.61018 0.10350 0.02315 0.00913 0.00518
v -0.21086 1.60693 0.09874 0.02315 0.00913 0.00518
v -0.20773 1.61018 0.10350 0.02315 0.00913 0.00518
v -0.21144 1.60750 0.10350 0.02315 0.00913 0.00518
v -0.21086 1.60693 0.09874 0.02315 0.00913 0.00518
v 0.21144 1.60750 0.10350 0.02315 0.00913 0.00518
v 0.21144 1.60750 0.22365 0.02315 0.00913 0.00518
v 0.20773 1.61018 0.10350 0.02315 0.00913 0.00518
v 0.21144 1.60750 0.22365 0.02315 0.00913 0.00518
v 0.20773 1.61018 0.22365 0.02315 0.00913 0.00518
v 0.20773 1.61018 0.10350 0.02315 0.00913 0.00518
v 0.20773 1.61018 0.10350 0.02315 0.00913 0.00518
v 0.20773 1.61018 0.22365 0.02315 0.00913 0.00518
v 0.20134 1.61169 0.10350 0.02315 0.00913 0.00518
v 0.20773 1.61018 0.22365 0.02315 0.00913 0.00518
v 0.20134 1.61169 0.22365 0.02315 0.00913 0.00518
v 0.20134 1.61169 0.10350 0.02315 0.00913 0.00518
v 0.20134 1.61169 0.10350 0.02315 0.00913 0.00518
v 0.20134 1.61169 0.22365 0.02315 0.00913 0.00518
v -0.20134 1.61169 0.10350 0.02315 0.00913 0.00518
v 0.20134 1.61169 0.22365 0.02315 0.00913 0.00518
v -0.20134 1.61169 0.22365 0.02315 0.00913 0.00518
v -0.20134 1.61169 0.10350 0.02315 0.00913 0.00518
v -0.20134 1.61169 0.10350 0.02315 0.00913 0.00518
v -0.20134 1.61169 0.22365 0.02315 0.00913 0.00518
v -0.20773 1.61018 0.10350 0.02315 0.00913 0.00518
v -0.20134 1.61169 0.22365 0.02315 0.00913 0.00518
v -0.20773 1.61018 0.22365 0.02315 0.00913 0.00518
v -0.20773 1.61018 0.10350 0.02315 0.00913 0.00518
v -0.20773 1.61018 0.10350 0.02315 0.00913 0.00518
v -0.20773 1.61018 0.22365 0.02315 0.00913 0.00518
v -0.21144 1.60750 0.10350 0.02315 0.00913 0.00518
v -0.20773 1.61018 0.22365 0.02315 0.00913 0.00518
v -0.21144 1.60750 0.22365 0.02315 0.00913 0.00518
v -0.21144 1.60750 0.10350 0.02315 0.00913 0.00518
v 0.21144 1.60750 0.22365 0.02315 0.00913 0.00518
v 0.21086 1.60693 0.22841 0.02315 0.00913 0.00518
v 0.20773 1.61018 0.22365 0.02315 0.00913 0.00518
v 0.21086 1.60693 0.22841 0.02315 0.00913 0.00518
v 0.20717 1.60907 0.22948 0.02315 0.00913 0.00518
v 0.20773 1.61018 0.22365 0.02315 0.00913 0.00518
v 0.20773 1.61018 0.22365 0.02315 0.00913 0.00518
v 0.20717 1.60907 0.22948 0.02315 0.00913 0.00518
v 0.20134 1.61169 0.22365 0.02315 0.00913 0.00518
v 0.20717 1.60907 0.22948 0.02315 0.00913 0.00518
v 0.20134 1.61018 0.23003 0.02315 0.00913 0.00518
v 0.20134 1.61169 0.22365 0.02315 0.00913 0.00518
v 0.20134 1.61169 0.22365 0.02315 0.00913 0.00518
v 0.20134 1.61018 0.23003 0.02315 0.00913 0.00518
v -0.20134 1.61169 0.22365 0.02315 0.00913 0.00518
v 0.20134 1.61018 0.23003 0.02315 0.00913 0.00518
v -0.20134 1.61018 0.23003 0.02315 0.00913 0.00518
v -0.20134 1.61169 0.22365 0.02315 0.00913 0.00518
v -0.20134 1.61169 0.22365 0.02315 0.00913 0.00518
v -0.20134 1.61018 0.23003 0.02315 0.00913 0.00518
v -0.20773 1.61018 0.22365 0.02315 0.00913 0.00518
v -0.20134 1.61018 0.23003 0.02315 0.00913 0.00518
v -0.20717 1.60907 0.22948 0.02315 0.00913 0.00518
v -0.20773 1.61018 0.22365 0.02315 0.00913 0.00518
v -0.20773 1.61018 0.22365 0.02315 0.00913 0.00518
v -0.20717 1.60907 0.22948 0.02315 0.00913 0.00518
v -0.21144 1.60750 0.22365 0.02315 0.00913 0.00518
v -0.20717 1.60907 0.22948 0.02315 0.00913 0.00518
v -0.21086 1.60693 0.22841 0.02315 0.00913 0.00518
v -0.21144 1.60750 0.22365 0.02315 0.00913 0.00518
v 0.21086 1.60693 0.22841 0.02315 0.00913 0.00518
v 0.20959 1.60565 0.23189 0.02315 0.00913 0.00518
v 0.20717 1.60907 0.22948 0.02315 0.00913 0.00518
v 0.20959 1.60565 0.23189 0.02315 0.00913 0.00518
v 0.20610 1.60693 0.23317 0.02315 0.00913 0.00518
v 0.20717 1.60907 0.22948 0.02315 0.00913 0.00518
v 0.20717 1.60907 0.22948 0.02315 0.00913 0.00518
v 0.20610 1.60693 0.23317 0.02315 0.00913 0.00518
v 0.20134 1.61018 0.23003 0.02315 0.00913 0.00518
v 0.20610 1.60693 0.23317 0.02315 0.00913 0.00518
v 0.20134 1.60750 0.23374 0.02315 0.00913 0.00518
v 0.20134 1.61018 0.23003 0.02315 0.00913 0.00518
v 0.20134 1.61018 0.23003 0.02315 0.00913 0.00518
v 0.20134 1.60750 0.23374 0.02315 0.00913 0.00518
v -0.20134 1.61018 0.23003 0.02315 0.00913 0.00518
v 0.20134 1.60750 0.23374 0.02315 0.00913 0.00518
v -0.20134 1.60750 0.23374 0.02315 0.00913 0.00518
v -0.20134 1.61018 0.23003 0.02315 0.00913 0.00518
v -0.20134 1.61018 0.23003 0.02315 0.00913 0.00518
v -0.20134 1.60750 0.23374 0.02315 0.00913 0.00518
v -0.20717 1.60907 0.22948 0.02315 0.00913 0.00518
v -0.20134 1.60750 0.23374 0.02315 0.00913 0.00518
v -0.20610 1.60693 0.23317 0.02315 0.00913 0.00518
v -0.20717 1.60907 0.22948 0.02315 0.00913 0.00518
v -0.20717 1.60907 0.22948 0.02315 0.00913 0.00518
v -0.20610 1.60693 0.23317 0.02315 0.00913 0.00518
v -0.21086 1.60693 0.22841 0.02315 0.00913 0.00518
v -0.20610 1.60693 0.23317 0.02315 0.00913 0.00518
v -0.20959 1.60565 0.23189 0.02315 0.00913 0.00518
v -0.21086 1.60693 0.22841 0.02315 0.00913 0.00518
v 0.20959 1.52850 0.23189 0.02315 0.00913 0.00518
v 0.21086 1.52722 0.22841 0.02315 0.00913 0.00518
v 0.20610 1.52722 0.23317 0.02315 0.00913 0.00518
v 0.21086 1.52722 0.22841 0.02315 0.00913 0.00518
v 0.20717 1.52508 0.22948 0.02315 0.00913 0.00518
v 0.20610 1.52722 0.23317 0.02315 0.00913 0.00518
v 0.20610 1.52722 0.23317 0.02315 0.00913 0.00518
v 0.20717 1.52508 0.22948 0.02315 0.00913 0.00518
v 0.20134 1.52664 0.23374 0.02315 0.00913 0.00518
v 0.20717 1.52508 0.22948 0.02315 0.00913 0.00518
v 0.20134 1.52397 0.23003 0.02315 0.00913 0.00518
v 0.20134 1.52664 0.23374 0.02315 0.00913 0.00518
v 0.20134 1.52664 0.23374 0.02315 0.00913 0.00518
v 0.20134 1.52397 0.23003 0.02315 0.00913 0.00518
v -0.20134 1.52664 0.23374 0.02315 0.00913 0.00518
v 0.20134 1.52397 0.23003 0.02315 0.00913 0.00518
v -0.20134 1.52397 0.23003 0.02315 0.00913 0.00518
v -0.20134 1.52664 0.23374 0.02315 0.00913 0.00518
v -0.20134 1.52664 0.23374 0.02315 0.00913 0.00518
v -0.20134 1.52397 0.23003 0.02315 0.00913 0.00518
v -0.20610 1.52722 0.23317 0.02315 0.00913 0.00518
v -0.20134 1.52397 0.23003 0.02315 0.00913 0.00518
v -0.20717 1.52508 0.22948 0.02315 0.00913 0.00518
v -0.20610 1.52722 0.23317 0.02315 0.00913 0.00518
v -0.20610 1.52722 0.23317 0.02315 0.00913 0.00518
v -0.20717 1.52508 0.22948 0.02315 0.00913 0.00518
v -0.20959 1.52850 0.23189 0.02315 0.00913 0.00518
v -0.20717 1.52508 0.22948 0.02315 0.00913 0.00518
v -0.21086 1.52722 0.22841 0.02315 0.00913 0.00518
v -0.20959 1.52850 0.23189 0.02315 0.00913 0.00518
v 0.21086 1.52722 0.22841 0.02315 0.00913 0.00518
v 0.21144 1.52664 0.22365 0.02315 0.00913 0.00518
v 0.20717 1.52508 0.22948 0.02315 0.00913 0.00518
v 0.21144 1.52664 0.22365 0.02315 0.00913 0.00518
v 0.20773 1.52397 0.22365 0.02315 0.00913 0.00518
v 0.20717 1.52508 0.22948 0.02315 0.00913 0.00518
v 0.20717 1.52508 0.22948 0.02315 0.00913 0.00518
v 0.20773 1.52397 0.22365 0.02315 0.00913 0.00518
v 0.20134 1.52397 0.23003 0.02315 0.00913 0.00518
v 0.20773 1.52397 0.22365 0.02315 0.00913 0.00518
v 0.20134 1.52246 0.22365 0.02315 0.00913 0.00518
v 0.20134 1.52397 0.23003 0.02315 0.00913 0.00518
v 0.20134 1.52397 0.23003 0.02315 0.00913 0.00518
v 0.20134 1.52246 0.22365 0.02315 0.00913 0.00518
v -0.20134 1.52397 0.23003 0.02315 0.00913 0.00518
v 0.20134 1.52246 0.22365 0.02315 0.00913 0.00518
v -0.20134 1.52246 0.22365 0.02315 0.00913 0.00518
v -0.20134 1.52397 0.23003 0.02315 0.00913 0.00518
v -0.20134 1.52397 0.23003 0.02315 0.00913 0.00518
v -0.20134 1.52246 0.22365 0.02315 0.00913 0.00518
v -0.20717 1.52508 0.22948 0.02315 0.00913 0.00518
v -0.20134 1.52246 0.22365 0.02315 0.00913 0.00518
v -0.20773 1.52397 0.22365 0.02315 0.00913 0.00518
v -0.20717 1.52508 0.22948 0.02315 0.00913 0.00518
v -0.20717 1.52508 0.22948 0.02315 0.00913 0.00518
v -0.20773 1.52397 0.22365 0.02315 0.00913 0.00518
v -0.21086 1.52722 0.22841 0.02315 0.00913 0.00518
v -0.20773 1.52397 0.22365 0.02315 0.00913 0.00518
v -0.21144 1.52664 0.22365 0.02315 0.00913 0.00518
v -0.21086 1.52722 0.22841 0.02315 0.00913 0.00518
v 0.21144 1.52664 0.22365 0.02315 0.00913 0.00518
v 0.21144 1.52664 0.10350 0.02315 0.00913 0.00518
v 0.20773 1.52397 0.22365 0.02315 0.00913 0.00518
v 0.21144 1.52664 0.10350 0.02315 0.00913 0.00518
v 0.20773 1.52397 0.10350 0.02315 0.00913 0.00518
v 0.20773 1.52397 0.22365 0.02315 0.00913 0.00518
v 0.20773 1.52397 0.22365 0.02315 0.00913 0.00518
v 0.20773 1.52397 0.10350 0.02315 0.00913 0.00518
v 0.20134 1.52246 0.22365 0.02315 0.00913 0.00518
v 0.20773 1.52397 0.10350 0.02315 0.00913 0.00518
v 0.20134 1.52246 0.10350 0.02315 0.00913 0.00518
v 0.20134 1.52246 0.22365 0.02315 0.00913 0.00518
v 0.20134 1.52246 0.22365 0.02315 0.00913 0.00518
v 0.20134 1.52246 0.10350 0.02315 0.00913 0.00518
v -0.20134 1.52246 0.22365 0.02315 0.00913 0.00518
v 0.20134 1.52246 0.10350 0.02315 0.00913 0.00518
v -0.20134 1.52246 0.10350 0.02315 0.00913 0.00518
v -0.20134 1.52246 0.22365 0.02315 0.00913 0.00518
v -0.20134 1.52246 0.22365 0.02315 0.00913 0.00518
v -0.20134 1.52246 0.10350 0.02315 0.00913 0.00518
v -0.20773 1.52397 0.22365 0.02315 0.00913 0.00518
v -0.20134 1.52246 0.10350 0.02315 0.00913 0.00518
v -0.20773 1.52397 0.10350 0.02315 0.00913 0.00518
v -0.20773 1.52397 0.22365 0.02315 0.00913 0.00518
v -0.20773 1.52397 0.22365 0.02315 0.00913 0.00518
v -0.20773 1.52397 0.10350 0.02315 0.00913 0.00518
v -0.21144 1.52664 0.22365 0.02315 0.00913 0.00518
v -0.20773 1.52397 0.10350 0.02315 0.00913 0.00518
v -0.21144 1.52664 0.10350 0.02315 0.00913 0.00518
v -0.21144 1.52664 0.22365 0.02315 0.00913 0.00518
v 0.21144 1.52664 0.10350 0.02315 0.00913 0.00518
v 0.21086 1.52722 0.09874 0.02315 0.00913 0.00518
v 0.20773 1.52397 0.10350 0.02315 0.00913 0.00518
v 0.21086 1.52722 0.09874 0.02315 0.00913 0.00518
v 0.20717 1.52508 0.09767 0.02315 0.00913 0.00518
v 0.20773 1.52397 0.10350 0.02315 0.00913 0.00518
v 0.20773 1.52397 0.10350 0.02315 0.00913 0.00518
v 0.20717 1.52508 0.09767 0.02315 0.00913 0.00518
v 0.20134 1.52246 0.10350 0.02315 0.00913 0.00518
v 0.20717 1.52508 0.09767 0.02315 0.00913 0.00518
v 0.20134 1.52397 0.09711 0.02315 0.00913 0.00518
v 0.20134 1.52246 0.10350 0.02315 0.00913 0.00518
v 0.20134 1.52246 0.10350 0.02315 0.00913 0.00518
v 0.20134 1.52397 0.09711 0.02315 0.00913 0.00518
v -0.20134 1.52246 0.10350 0.02315 0.00913 0.00518
v 0.20134 1.52397 0.09711 0.02315 0.00913 0.00518
v -0.20134 1.52397 0.09711 0.02315 0.00913 0.00518
v -0.20134 1.52246 0.10350 0.02315 0.00913 0.00518
v -0.20134 1.52246 0.10350 0.02315 0.00913 0.00518
v -0.20134 1.52397 0.09711 0.02315 0.00913 0.00518
v -0.20773 1.52397 0.10350 0.02315 0.00913 0.00518
v -0.20134 1.52397 0.09711 0.02315 0.00913 0.00518
v -0.20717 1.52508 0.09767 0.02315 0.00913 0.00518
v -0.20773 1.52397 0.10350 0.02315 0.00913 0.00518
v -0.20773 1.52397 0.10350 0.02315 0.00913 0.00518
v -0.20717 1.52508 0.09767 0.02315 0.00913 0.00518
v -0.21144 1.52664 0.10350 0.02315 0.00913 0.00518
v -0.20717 1.52508 0.09767 0.02315 0.00913 0.00518
v -0.21086 1.52722 0.09874 0.02315 0.00913 0.00518
v -0.21144 1.52664 0.10350 0.02315 0.00913 0.00518
v 0.21086 1.52722 0.09874 0.02315 0.00913 0.00518
v 0.20959 1.52850 0.09526 0.02315 0.00913 0.00518
v 0.20717 1.52508 0.09767 0.02315 0.00913 0.00518
v 0.20959 1.52850 0.09526 0.02315 0.00913 0.00518
v 0.20610 1.52722 0.09398 0.02315 0.00913 0.00518
v 0.20717 1.52508 0.09767 0.02315 0.00913 0.00518
v 0.20717 1.52508 0.09767 0.02315 0.00913 0.00518
v 0.20610 1.52722 0.09398 0.02315 0.00913 0.00518
v 0.20134 1.52397 0.09711 0.02315 0.00913 0.00518
v 0.20610 1.52722 0.09398 0.02315 0.00913 0.00518
v 0.20134 1.52664 0.09340 0.02315 0.00913 0.00518
v 0.20134 1.52397 0.09711 0.02315 0.00913 0.00518
v 0.20134 1.52397 0.09711 0.02315 0.00913 0.00518
v 0.20134 1.52664 0.09340 0.02315 0.00913 0.00518
v -0.20134 1.52397 0.09711 0.02315 0.00913 0.00518
v 0.20134 1.52664 0.09340 0.02315 0.00913 0.00518
v -0.20134 1.52664 0.09340 0.02315 0.00913 0.00518
v -0.20134 1.52397 0.09711 0.02315 0.00913 0.00518
v -0.20134 1.52397 0.09711 0.02315 0.00913 0.00518
v -0.20134 1.52664 0.09340 0.02315 0.00913 0.00518
v -0.20717 1.52508 0.09767 0.02315 0.00913 0.00518
v -0.20134 1.52664 0.09340 0.02315 0.00913 0.00518
v -0.20610 1.52722 0.09398 0.02315 0.00913 0.00518
v -0.20717 1.52508 0.09767 0.02315 0.00913 0.00518
v -0.20717 1.52508 0.09767 0.02315 0.00913 0.00518
v -0.20610 1.52722 0.09398 0.02315 0.00913 0.00518
v -0.21086 1.52722 0.09874 0.02315 0.00913 0.00518
v -0.20610 1.52722 0.09398 0.02315 0.00913 0.00518
v -0.20959 1.52850 0.09526 0.02315 0.00913 0.00518
v -0.21086 1.52722 0.09874 0.02315 0.00913 0.00518
v 0.20959 1.60565 0.23189 0.02315 0.00913 0.00518
v 0.21086 1.60217 0.23317 0.02315 0.00913 0.00518
v 0.20610 1.60693 0.23317 0.02315 0.00913 0.00518
v 0.21086 1.60217 0.23317 0.02315 0.00913 0.00518
v 0.20717 1.60324 0.23531 0.02315 0.00913 0.00518
v 0.20610 1.60693 0.23317 0.02315 0.00913 0.00518
v 0.20610 1.60693 0.23317 0.02315 0.00913 0.00518
v 0.20717 1.60324 0.23531 0.02315 0.00913 0.00518
v 0.20134 1.60750 0.23374 0.02315 0.00913 0.00518
v 0.20717 1.60324 0.23531 0.02315 0.00913 0.00518
v 0.20134 1.60379 0.23642 0.02315 0.00913 0.00518
v 0.20134 1.60750 0.23374 0.02315 0.00913 0.00518
v 0.20134 1.60750 0.23374 0.02315 0.00913 0.00518
v 0.20134 1.60379 0.23642 0.02315 0.00913 0.00518
v -0.20134 1.60750 0.23374 0.02315 0.00913 0.00518
v 0.20134 1.60379 0.23642 0.02315 0.00913 0.00518
v -0.20134 1.60379 0.23642 0.02315 0.00913 0.00518
v -0.20134 1.60750 0.23374 0.02315 0.00913 0.00518
v -0.20134 1.60750 0.23374 0.02315 0.00913 0.00518
v -0.20134 1.60379 0.23642 0.02315 0.00913 0.00518
v -0.20610 1.60693 0.23317 0.02315 0.00913 0.00518
v -0.20134 1.60379 0.23642 0.02315 0.00913 0.00518
v -0.20717 1.60324 0.23531 0.02315 0.00913 0.00518
v -0.20610 1.60693 0.23317 0.02315 0.00913 0.00518
v -0.20610 1.60693 0.23317 0.02315 0.00913 0.00518
v -0.20717 1.60324 0.23531 0.02315 0.00913 0.00518
v -0.20959 1.60565 0.23189 0.02315 0.00913 0.00518
v -0.20717 1.60324 0.23531 0.02315 0.00913 0.00518
v -0.21086 1.60217 0.23317 0.02315 0.00913 0.00518
v -0.20959 1.60565 0.23189 0.02315 0.00913 0.00518
v 0.21086 1.60217 0.23317 0.02315 0.00913 0.00518
v 0.21144 1.59741 0.23374 0.02315 0.00913 0.00518
v 0.20717 1.60324 0.23531 0.02315 0.00913 0.00518
v 0.21144 1.59741 0.23374 0.02315 0.00913 0.00518
v 0.20773 1.59741 0.23642 0.02315 0.00913 0.00518
v 0.20717 1.60324 0.23531 0.02315 0.00913 0.00518
v 0.20717 1.60324 0.23531 0.02315 0.00913 0.00518
v 0.20773 1.59741 0.23642 0.02315 0.00913 0.00518
v 0.20134 1.60379 0.23642 0.02315 0.00913 0.00518
v 0.20773 1.59741 0.23642 0.02315 0.00913 0.00518
v 0.20134 1.59741 0.23793 0.02315 0.00913 0.00518
v 0.20134 1.60379 0.23642 0.02315 0.00913 0.00518
v 0.20134 1.60379 0.23642 0.02315 0.00913 0.00518
v 0.20134 1.59741 0.23793 0.02315 0.00913 0.00518
v -0.20134 1.60379 0.23642 0.02315 0.00913 0.00518
v 0.20134 1.59741 0.23793 0.02315 0.00913 0.00518
v -0.20134 1.59741 0.23793 0.02315 0.00913 0.00518
v -0.20134 1.60379 0.23642 0.02315 0.00913 0.00518
v -0.20134 1.60379 0.23642 0.02315 0.00913 0.00518
v -0.20134 1.59741 0.23793 0.02315 0.00913 0.00518
v -0.20717 1.60324 0.23531 0.02315 0.00913 0.00518
v -0.20134 1.59741 0.23793 0.02315 0.00913 0.00518
v -0.20773 1.59741 0.23642 0.02315 0.00913 0.00518
v -0.20717 1.60324 0.23531 0.02315 0.00913 0.00518
v -0.20717 1.60324 0.23531 0.02315 0.00913 0.00518
v -0.20773 1.59741 0.23642 0.02315 0.00913 0.00518
v -0.21086 1.60217 0.23317 0.02315 0.00913 0.00518
v -0.20773 1.59741 0.23642 0.02315 0.00913 0.00518
v -0.21144 1.59741 0.23374 0.02315 0.00913 0.00518
v -0.21086 1.60217 0.23317 0.02315 0.00913 0.00518
v 0.21144 1.59741 0.23374 0.02315 0.00913 0.00518
v 0.21144 1.53674 0.23374 0.02315 0.00913 0.00518
v 0.20773 1.59741 0.23642 0.02315 0.00913 0.00518
v 0.21144 1.53674 0.23374 0.02315 0.00913 0.00518
v 0.20773 1.53674 0.23642 0.02315 0.00913 0.00518
v 0.20773 1.59741 0.23642 0.02315 0.00913 0.00518
v 0.20773 1.59741 0.23642 0.02315 0.00913 0.00518
v 0.20773 1.53674 0.23642 0.02315 0.00913 0.00518
v 0.20134 1.59741 0.23793 0.02315 0.00913 0.00518
v 0.20773 1.53674 0.23642 0.02315 0.00913 0.00518
v 0.20134 1.53674 0.23793 0.02315 0.00913 0.00518
v 0.20134 1.59741 0.23793 0.02315 0.00913 0.00518
v 0.20134 1.59741 0.23793 0.02315 0.00913 0.00518
v 0.20134 1.53674 0.23793 0.02315 0.00913 0.00518
v -0.20134 1.59741 0.23793 0.02315 0.00913 0.00518
v 0.20134 1.53674 0.23793 0.02315 0.00913 0.00518
v -0.20134 1.53674 0.23793 0.02315 0.00913 0.00518
v -0.20134 1.59741 0.23793 0.02315 0.00913 0.00518
v -0.20134 1.59741 0.23793 0.02315 0.00913 0.00518
v -0.20134 1.53674 0.23793 0.02315 0.00913 0.00518
v -0.20773 1.59741 0.23642 0.02315 0.00913 0.00518
v -0.20134 1.53674 0.23793 0.02315 0.00913 0.00518
v -0.20773 1.53674 0.23642 0.02315 0.00913 0.00518
v -0.20773 1.59741 0.23642 0.02315 0.00913 0.00518
v -0.20773 1.59741 0.23642 0.02315 0.00913 0.00518
v -0.20773 1.53674 0.23642 0.02315 0.00913 0.00518
v -0.21144 1.59741 0.23374 0.02315 0.00913 0.00518
v -0.20773 1.53674 0.23642 0.02315 0.00913 0.00518
v -0.21144 1.53674 0.23374 0.02315 0.00913 0.00518
v -0.21144 1.59741 0.23374 0.02315 0.00913 0.00518
v 0.21144 1.53674 0.23374 0.02315 0.00913 0.00518
v 0.21086 1.53198 0.23317 0.02315 0.00913 0.00518
v 0.20773 1.53674 0.23642 0.02315 0.00913 0.00518
v 0.21086 1.53198 0.23317 0.02315 0.00913 0.00518
v 0.20717 1.53091 0.23531 0.02315 0.00913 0.00518
v 0.20773 1.53674 0.23642 0.02315 0.00913 0.00518
v 0.20773 1.53674 0.23642 0.02315 0.00913 0.00518
v 0.20717 1.53091 0.23531 0.02315 0.00913 0.00518
v 0.20134 1.53674 0.23793 0.02315 0.00913 0.00518
v 0.20717 1.53091 0.23531 0.02315 0.00913 0.00518
v 0.20134 1.53035 0.23642 0.02315 0.00913 0.00518
v 0.20134 1.53674 0.23793 0.02315 0.00913 0.00518
v 0.20134 1.53674 0.23793 0.02315 0.00913 0.00518
v 0.20134 1.53035 0.23642 0.02315 0.00913 0.00518
v -0.20134 1.53674 0.23793 0.02315 0.00913 0.00518
v 0.20134 1.53035 0.23642 0.02315 0.00913 0.00518
v -0.20134 1.53035 0.23642 0.02315 0.00913 0.00518
v -0.20134 1.53674 0.23793 0.02315 0.00913 0.00518
v -0.20134 1.53674 0.23793 0.02315 0.00913 0.00518
v -0.20134 1.53035 0.23642 0.02315 0.00913 0.00518
v -0.20773 1.53674 0.23642 0.02315 0.00913 0.00518
v -0.20134 1.53035 0.23642 0.02315 0.00913 0.00518
v -0.20717 1.53091 0.23531 0.02315 0.00913 0.00518
v -0.20773 1.53674 0.23642 0.02315 0.00913 0.00518
v -0.20773 1.53674 0.23642 0.02315 0.00913 0.00518
v -0.20717 1.53091 0.23531 0.02315 0.00913 0.00518
v -0.21144 1.53674 0.23374 0.02315 0.00913 0.00518
v -0.20717 1.53091 0.23531 0.02315 0.00913 0.00518
v -0.21086 1.53198 0.23317 0.02315 0.00913 0.00518
v -0.21144 1.53674 0.23374 0.02315 0.00913 0.00518
v 0.21086 1.53198 0.23317 0.02315 0.00913 0.00518
v 0.20959 1.52850 0.23189 0.02315 0.00913 0.00518
v 0.20717 1.53091 0.23531 0.02315 0.00913 0.00518
v 0.20959 1.52850 0.23189 0.02315 0.00913 0.00518
v 0.20610 1.52722 0.23317 0.02315 0.00913 0.00518
v 0.20717 1.53091 0.23531 0.02315 0.00913 0.00518
v 0.20717 1.53091 0.23531 0.02315 0.00913 0.00518
v 0.20610 1.52722 0.23317 0.02315 0.00913 0.00518
v 0.20134 1.53035 0.23642 0.02315 0.00913 0.00518
v 0.20610 1.52722 0.23317 0.02315 0.00913 0.00518
v 0.20134 1.52664 0.23374 0.02315 0.00913 0.00518
v 0.20134 1.53035 0.23642 0.02315 0.00913 0.00518
v 0.20134 1.53035 0.23642 0.02315 0.00913 0.00518
v 0.20134 1.52664 0.23374 0.02315 0.00913 0.00518
v -0.20134 1.53035 0.23642 0.02315 0.00913 0.00518
v 0.20134 1.52664 0.23374 0.02315 0.00913 0.00518
v -0.20134 1.52664 0.23374 0.02315 0.00913 0.00518
v -0.20134 1.53035 0.23642 0.02315 0.00913 0.00518
v -0.20134 1.53035 0.23642 0.02315 0.00913 0.00518
v -0.20134 1.52664 0.23374 0.02315 0.00913 0.00518
v -0.20717 1.53091 0.23531 0.02315 0.00913 0.00518
v -0.20134 1.52664 0.23374 0.02315 0.00913 0.00518
v -0.20610 1.52722 0.23317 0.02315 0.00913 0.00518
v -0.20717 1.53091 0.23531 0.02315 0.00913 0.00518
v -0.20717 1.53091 0.23531 0.02315 0.00913 0.00518
v -0.20610 1.52722 0.23317 0.02315 0.00913 0.00518
v -0.21086 1.53198 0.23317 0.02315 0.00913 0.00518
v -0.20610 1.52722 0.23317 0.02315 0.00913 0.00518
v -0.20959 1.52850 0.23189 0.02315 0.00913 0.00518
v -0.21086 1.53198 0.23317 0.02315 0.00913 0.00518
v -0.20959 1.60565 0.09526 0.02315 0.00913 0.00518
v -0.21086 1.60217 0.09398 0.02315 0.00913 0.00518
v -0.20610 1.60693 0.09398 0.02315 0.00913 0.00518
v -0.21086 1.60217 0.09398 0.02315 0.00913 0.00518
v -0.20717 1.60324 0.09184 0.02315 0.00913 0.00518
v -0.20610 1.60693 0.09398 0.02315 0.00913 0.00518
v -0.20610 1.60693 0.09398 0.02315 0.00913 0.00518
v -0.20717 1.60324 0.09184 0.02315 0.00913 0.00518
v -0.20134 1.60750 0.09340 0.02315 0.00913 0.00518
v -0.20717 1.60324 0.09184 0.02315 0.00913 0.00518
v -0.20134 1.60379 0.09073 0.02315 0.00913 0.00518
v -0.20134 1.60750 0.09340 0.02315 0.00913 0.00518
v -0.20134 1.60750 0.09340 0.02315 0.00913 0.00518
v -0.20134 1.60379 0.09073 0.02315 0.00913 0.00518
v 0.20134 1.60750 0.09340 0.02315 0.00913 0.00518
v -0.20134 1.60379 0.09073 0.02315 0.00913 0.00518
v 0.20134 1.60379 0.09073 0.02315 0.00913 0.00518
v 0.20134 1.60750 0.09340 0.02315 0.00913 0.00518
v 0.20134 1.60750 0.09340 0.02315 0.00913 0.00518
v 0.20134 1.60379 0.09073 0.02315 0.00913 0.00518
v 0.20610 1.60693 0.09398 0.02315 0.00913 0.00518
v 0.20134 1.60379 0.09073 0.02315 0.00913 0.00518
v 0.20717 1.60324 0.09184 0.02315 0.00913 0.00518
v 0.20610 1.60693 0.09398 0.02315 0.00913 0.00518
v 0.20610 1.60693 0.09398 0.02315 0.00913 0.00518
v 0.20717 1.60324 0.09184 0.02315 0.00913 0.00518
v 0.20959 1.60565 0.09526 0.02315 0.00913 0.00518
v 0.20717 1.60324 0.09184 0.02315 0.00913 0.00518
v 0.21086 1.60217 0.09398 0.02315 0.00913 0.00518
v 0.20959 1.60565 0.09526 0.02315 0.00913 0.00518
v -0.21086 1.60217 0.09398 0.02315 0.00913 0.00518
v -0.21144 1.59741 0.09340 0.02315 0.00913 0.00518
v -0.20717 1.60324 0.09184 0.02315 0.00913 0.00518
v -0.21144 1.59741 0.09340 0.02315 0.00913 0.00518
v -0.20773 1.59741 0.09073 0.02315 0.00913 0.00518
v -0.20717 1.60324 0.09184 0.02315 0.00913 0.00518
v -0.20717 1.60324 0.09184 0.02315 0.00913 0.00518
v -0.20773 1.59741 0.09073 0.02315 0.00913 0.00518
v -0.20134 1.60379 0.09073 0.02315 0.00913 0.00518
v -0.20773 1.59741 0.09073 0.02315 0.00913 0.00518
v -0.20134 1.59741 0.08922 0.02315 0.00913 0.00518
v -0.20134 1.60379 0.09073 0.02315 0.00913 0.00518
v -0.20134 1.60379 0.09073 0.02315 0.00913 0.00518
v -0.20134 1.59741 0.08922 0.02315 0.00913 0.00518
v 0.20134 1.60379 0.09073 0.02315 0.00913 0.00518
v -0.20134 1.59741 0.08922 0.02315 0.00913 0.00518
v 0.20134 1.59741 0.08922 0.02315 0.00913 0.00518
v 0.20134 1.60379 0.09073 0.02315 0.00913 0.00518
v 0.20134 1.60379 0.09073 0.02315 0.00913 0.00518
v 0.20134 1.59741 0.08922 0.02315 0.00913 0.00518
v 0.20717 1.60324 0.09184 0.02315 0.00913 0.00518
v 0.20134 1.59741 0.08922 0.02315 0.00913 0.00518
v 0.20773 1.59741 0.09073 0.02315 0.00913 0.00518
v 0.20717 1.60324 0.09184 0.02315 0.00913 0.00518
v 0.20717 1.60324 0.09184 0.02315 0.00913 0.00518
v 0.20773 1.59741 0.09073 0.02315 0.00913 0.00518
v 0.21086 1.60217 0.09398 0.02315 0.00913 0.00518
v 0.20773 1.59741 0.09073 0.02315 0.00913 0.00518
v 0.21144 1.59741 0.09340 0.02315 0.00913 0.00518
v 0.21086 1.60217 0.09398 0.02315 0.00913 0.00518
v -0.21144 1.59741 0.09340 0.02315 0.00913 0.00518
v -0.21144 1.53674 0.09340 0.02315 0.00913 0.00518
v -0.20773 1.59741 0.09073 0.02315 0.00913 0.00518
v -0.21144 1.53674 0.09340 0.02315 0.00913 0.00518
v -0.20773 1.53674 0.09073 0.02315 0.00913 0.00518
v -0.20773 1.59741 0.09073 0.02315 0.00913 0.00518
v -0.20773 1.59741 0.09073 0.02315 0.00913 0.00518
v -0.20773 1.53674 0.09073 0.02315 0.00913 0.00518
v -0.20134 1.59741 0.08922 0.02315 0.00913 0.00518
v -0.20773 1.53674 0.09073 0.02315 0.00913 0.00518
v -0.20134 1.53674 0.08922 0.02315 0.00913 0.00518
v -0.20134 1.59741 0.08922 0.02315 0.00913 0.00518
v -0.20134 1.59741 0.08922 0.02315 0.00913 0.00518
v -0.20134 1.53674 0.08922 0.02315 0.00913 0.00518
v 0.20134 1.59741 0.08922 0.02315 0.00913 0.00518
v -0.20134 1.53674 0.08922 0.02315 0.00913 0.00518
v 0.20134 1.53674 0.08922 0.02315 0.00913 0.00518
v 0.20134 1.59741 0.08922 0.02315 0.00913 0.00518
v 0.20134 1.59741 0.08922 0.02315 0.00913 0.00518
v 0.20134 1.53674 0.08922 0.02315 0.00913 0.00518
v 0.20773 1.59741 0.09073 0.02315 0.00913 0.00518
v 0.20134 1.53674 0.08922 0.02315 0.00913 0.00518
v 0.20773 1.53674 0.09073 0.02315 0.00913 0.00518
v 0.20773 1.59741 0.09073 0.02315 0.00913 0.00518
v 0.20773 1.59741 0.09073 0.02315 0.00913 0.00518
v 0.20773 1.53674 0.09073 0.02315 0.00913 0.00518
v 0.21144 1.59741 0.09340 0.02315 0.00913 0.00518
v 0.20773 1.53674 0.09073 0.02315 0.00913 0.00518
v 0.21144 1.53674 0.09340 0.02315 0.00913 0.00518
v 0.21144 1.59741 0.09340 0.02315 0.00913 0.00518
v -0.21144 1.53674 0.09340 0.02315 0.00913 0.00518
v -0.21086 1.53198 0.09398 0.02315 0.00913 0.00518
v -0.20773 1.53674 0.09073 0.02315 0.00913 0.00518
v -0.21086 1.53198 0.09398 0.02315 0.00913 0.00518
v -0.20717 1.53091 0.09184 0.02315 0.00913 0.00518
v -0.20773 1.53674 0.09073 0.02315 0.00913 0.00518
v -0.20773 1.53674 0.09073 0.02315 0.00913 0.00518
v -0.20717 1.53091 0.09184 0.02315 0.00913 0.00518
v -0.20134 1.53674 0.08922 0.02315 0.00913 0.00518
v -0.20717 1.53091 0.09184 0.02315 0.00913 0.00518
v -0.20134 1.53035 0.09073 0.02315 0.00913 0.00518
v -0.20134 1.53674 0.08922 0.02315 0.00913 0.00518
v -0.20134 1.53674 0.08922 0.02315 0.00913 0.00518
v -0.20134 1.53035 0.09073 0.02315 0.00913 0.00518
v 0.20134 1.53674 0.08922 0.02315 0.00913 0.00518
v -0.20134 1.53035 0.09073 0.02315 0.00913 0.00518
v 0.20134 1.53035 0.09073 0.02315 0.00913 0.00518
v 0.20134 1.53674 0.08922 0.02315 0.00913 0.00518
v 0.20134 1.53674 0.08922 0.02315 0.00913 0.00518
v 0.20134 1.53035 0.09073 0.02315 0.00913 0.00518
v 0.20773 1.53674 0.09073 0.02315 0.00913 0.00518
v 0.20134 1.53035 0.09073 0.02315 0.00913 0.00518
v 0.20717 1.53091 0.09184 0.02315 0.00913 0.00518
v 0.20773 1.53674 0.09073 0.02315 0.00913 0.00518
v 0.20773 1.53674 0.09073 0.02315 0.00913 0.00518
v 0.20717 1.53091 0.09184 0.02315 0.00913 0.00518
v 0.21144 1.53674 0.09340 0.02315 0.00913 0.00518
v 0.20717 1.53091 0.09184 0.02315 0.00913 0.00518
v 0.21086 1.53198 0.09398 0.02315 0.00913 0.00518
v 0.21144 1.53674 0.09340 0.02315 0.00913 0.00518
v -0.21086 1.53198 0.09398 0.02315 0.00913 0.00518
v -0.20959 1.52850 0.09526 0.02315 0.00913 0.00518
v -0.20717 1.53091 0.09184 0.02315 0.00913 0.00518
v -0.20959 1.52850 0.09526 0.02315 0.00913 0.00518
v -0.20610 1.52722 0.09398 0.02315 0.00913 0.00518
v -0.20717 1.53091 0.09184 0.02315 0.00913 0.00518
v -0.20717 1.53091 0.09184 0.02315 0.00913 0.00518
v -0.20610 1.52722 0.09398 0.02315 0.00913 0.00518
v -0.20134 1.53035 0.09073 0.02315 0.00913 0.00518
v -0.20610 1.52722 0.09398 0.02315 0.00913 0.00518
v -0.20134 1.52664 0.09340 0.02315 0.00913 0.00518
v -0.20134 1.53035 0.09073 0.02315 0.00913 0.00518
v -0.20134 1.53035 0.09073 0.02315 0.00913 0.00518
v -0.20134 1.52664 0.09340 0.02315 0.00913 0.00518
v 0.20134 1.53035 0.09073 0.02315 0.00913 0.00518
v -0.20134 1.52664 0.09340 0.02315 0.00913 0.00518
v 0.20134 1.52664 0.09340 0.02315 0.00913 0.00518
v 0.20134 1.53035 0.09073 0.02315 0.00913 0.00518
v 0.20134 1.53035 0.09073 0.02315 0.00913 0.00518
v 0.20134 1.52664 0.09340 0.02315 0.00913 0.00518
v 0.20717 1.53091 0.09184 0.02315 0.00913 0.00518
v 0.20134 1.52664 0.09340 0.02315 0.00913 0.00518
v 0.20610 1.52722 0.09398 0.02315 0.00913 0.00518
v 0.20717 1.53091 0.09184 0.02315 0.00913 0.00518
v 0.20717 1.53091 0.09184 0.02315 0.00913 0.00518
v 0.20610 1.52722 0.09398 0.02315 0.00913 0.00518
v 0.21086 1.53198 0.09398 0.02315 0.00913 0.00518
v 0.20610 1.52722 0.09398 0.02315 0.00913 0.00518
v 0.20959 1.52850 0.09526 0.02315 0.00913 0.00518
v 0.21086 1.53198 0.09398 0.02315 0.00913 0.00518
v -0.19472 1.45695 0.23189 0.02315 0.00913 0.00518
v -0.19599 1.45347 0.23317 0.02315 0.00913 0.00518
v -0.19599 1.45822 0.22841 0.02315 0.00913 0.00518
v -0.19599 1.45347 0.23317 0.02315 0.00913 0.00518
v -0.19813 1.45453 0.22948 0.02315 0.00913 0.00518
v -0.19599 1.45822 0.22841 0.02315 0.00913 0.00518
v -0.19599 1.45822 0.22841 0.02315 0.00913 0.00518
v -0.19813 1.45453 0.22948 0.02315 0.00913 0.00518
v -0.19657 1.45880 0.22365 0.02315 0.00913 0.00518
v -0.19813 1.45453 0.22948 0.02315 0.00913 0.00518
v -0.19924 1.45509 0.22365 0.02315 0.00913 0.00518
v -0.19657 1.45880 0.22365 0.02315 0.00913 0.00518
v -0.19657 1.45880 0.22365 0.02315 0.00913 0.00518
v -0.19924 1.45509 0.22365 0.02315 0.00913 0.00518
v -0.19657 1.45880 0.10350 0.02315 0.00913 0.00518
v -0.19924 1.45509 0.22365 0.02315 0.00913 0.00518
v -0.19924 1.45509 0.10350 0.02315 0.00913 0.00518
v -0.19657 1.45880 0.10350 0.02315 0.00913 0.00518
v -0.19657 1.45880 0.10350 0.02315 0.00913 0.00518
v -0.19924 1.45509 0.10350 0.02315 0.00913 0.00518
v -0.19599 1.45822 0.09874 0.02315 0.00913 0.00518
v -0.19924 1.45509 0.10350 0.02315 0.00913 0.00518
v -0.19813 1.45453 0.09767 0.02315 0.00913 0.00518
v -0.19599 1.45822 0.09874 0.02315 0.00913 0.00518
v -0.19599 1.45822 0.09874 0.02315 0.00913 0.00518
v -0.19813 1.45453 0.09767 0.02315 0.00913 0.00518
v -0.19472 1.45695 0.09526 0.02315 0.00913 0.00518
v -0.19813 1.45453 0.09767 0.02315 0.00913 0.00518
v -0.19599 1.45347 0.09398 0.02315 0.00913 0.00518
v -0.19472 1.45695 0.09526 0.02315 0.00913 0.00518
v -0.19599 1.45347 0.23317 0.02315 0.00913 0.00518
v -0.19657 1.44871 0.23374 0.02315 0.00913 0.00518
v -0.19813 1.45453 0.22948 0.02315 0.00913 0.00518
v -0.19657 1.44871 0.23374 0.02315 0.00913 0.00518
v -0.19924 1.44871 0.23003 0.02315 0.00913 0.00518
v -0.19813 1.45453 0.22948 0.02315 0.00913 0.00518
v -0.19813 1.45453 0.22948 0.02315 0.00913 0.00518
v -0.19924 1.44871 0.23003 0.02315 0.00913 0.00518
v -0.19924 1.45509 0.22365 0.02315 0.00913 0.00518
v -0.19924 1.44871 0.23003 0.02315 0.00913 0.00518
v -0.20075 1.44871 0.22365 0.02315 0.00913 0.00518
v -0.19924 1.45509 0.22365 0.02315 0.00913 0.00518
v -0.19924 1.45509 0.22365 0.02315 0.00913 0.00518
v -0.20075 1.44871 0.22365 0.02315 0.00913 0.00518
v -0.19924 1.45509 0.10350 0.02315 0.00913 0.00518
v -0.20075 1.44871 0.22365 0.02315 0.00913 0.00518
v -0.20075 1.44871 0.10350 0.02315 0.00913 0.00518
v -0.19924 1.45509 0.10350 0.02315 0.00913 0.00518
v -0.19924 1.45509 0.10350 0.02315 0.00913 0.00518
v -0.20075 1.44871 0.10350 0.02315 0.00913 0.00518
v -0.19813 1.45453 0.09767 0.02315 0.00913 0.00518
v -0.20075 1.44871 0.10350 0.02315 0.00913 0.00518
v -0.19924 1.44871 0.09711 0.02315 0.00913 0.00518
v -0.19813 1.45453 0.09767 0.02315 0.00913 0.00518
v -0.19813 1.45453 0.09767 0.02315 0.00913 0.00518
v -0.19924 1.44871 0.09711 0.02315 0.00913 0.00518
v -0.19599 1.45347 0.09398 0.02315 0.00913 0.00518
v -0.19924 1.44871 0.09711 0.02315 0.00913 0.00518
v -0.19657 1.44871 0.09340 0.02315 0.00913 0.00518
v -0.19599 1.45347 0.09398 0.02315 0.00913 0.00518
v -0.19657 1.44871 0.23374 0.02315 0.00913 0.00518
v -0.19657 1.38804 0.23374 0.02315 0.00913 0.00518
v -0.19924 1.44871 0.23003 0.02315 0.00913 0.00518
v -0.19657 1.38804 0.23374 0.02315 0.00913 0.00518
v -0.19924 1.38804 0.23003 0.02315 0.00913 0.00518
v -0.19924 1.44871 0.23003 0.02315 0.00913 0.00518
v -0.19924 1.44871 0.23003 0.02315 0.00913 0.00518
v -0.19924 1.38804 0.23003 0.02315 0.00913 0.00518
v -0.20075 1.44871 0.22365 0.02315 0.00913 0.00518
v -0.19924 1.38804 0.23003 0.02315 0.00913 0.00518
v -0.20075 1.38804 0.22365 0.02315 0.00913 0.00518
v -0.20075 1.44871 0.22365 0.02315 0.00913 0.00518
v -0.20075 1.44871 0.22365 0.02315 0.00913 0.00518
v -0.20075 1.38804 0.22365 0.02315 0.00913 0.00518
v -0.20075 1.44871 0.10350 0.02315 0.00913 0.00518
v -0.20075 1.38804 0.22365 0.02315 0.00913 0.00518
v -0.20075 1.38804 0.10350 0.02315 0.00913 0.00518
v -0.20075 1.44871 0.10350 0.02315 0.00913 0.00518
v -0.20075 1.44871 0.10350 0.02315 0.00913 0.00518
v -0.20075 1.38804 0.10350 0.02315 0.00913 0.00518
v -0.19924 1.44871 0.09711 0.02315 0.00913 0.00518
v -0.20075 1.38804 0.10350 0.02315 0.00913 0.00518
v -0.19924 1.38804 0.09711 0.02315 0.00913 0.00518
v -0.19924 1.44871 0.09711 0.02315 0.00913 0.00518
v -0.19924 1.44871 0.09711 0.02315 0.00913 0.00518
v -0.19924 1.38804 0.09711 0.02315 0.00913 0.00518
v -0.19657 1.44871 0.09340 0.02315 0.00913 0.00518
v -0.19924 1.38804 0.09711 0.02315 0.00913 0.00518
v -0.19657 1.38804 0.09340 0.02315 0.00913 0.00518
v -0.19657 1.44871 0.09340 0.02315 0.00913 0.00518
v -0.19657 1.38804 0.23374 0.02315 0.00913 0.00518
v -0.19599 1.38328 0.23317 0.02315 0.00913 0.00518
v -0.19924 1.38804 0.23003 0.02315 0.00913 0.00518
v -0.19599 1.38328 0.23317 0.02315 0.00913 0.00518
v -0.19813 1.38221 0.22948 0.02315 0.00913 0.00518
v -0.19924 1.38804 0.23003 0.02315 0.00913 0.00518
v -0.19924 1.38804 0.23003 0.02315 0.00913 0.00518
v -0.19813 1.38221 0.22948 0.02315 0.00913 0.00518
v -0.20075 1.38804 0.22365 0.02315 0.00913 0.00518
v -0.19813 1.38221 0.22948 0.02315 0.00913 0.00518
v -0.19924 1.38165 0.22365 0.02315 0.00913 0.00518
v -0.20075 1.38804 0.22365 0.02315 0.00913 0.00518
v -0.20075 1.38804 0.22365 0.02315 0.00913 0.00518
v -0.19924 1.38165 0.22365 0.02315 0.00913 0.00518
v -0.20075 1.38804 0.10350 0.02315 0.00913 0.00518
v -0.19924 1.38165 0.22365 0.02315 0.00913 0.00518
v -0.19924 1.38165 0.10350 0.02315 0.00913 0.00518
v -0.20075 1.38804 0.10350 0.02315 0.00913 0.00518
v -0.20075 1.38804 0.10350 0.02315 0.00913 0.00518
v -0.19924 1.38165 0.10350 0.02315 0.00913 0.00518
v -0.19924 1.38804 0.09711 0.02315 0.00913 0.00518
v -0.19924 1.38165 0.10350 0.02315 0.00913 0.00518
v -0.19813 1.38221 0.09767 0.02315 0.00913 0.00518
v -0.19924 1.38804 0.09711 0.02315 0.00913 0.00518
v -0.19924 1.38804 0.09711 0.02315 0.00913 0.00518
v -0.19813 1.38221 0.09767 0.02315 0.00913 0.00518
v -0.19657 1.38804 0.09340 0.02315 0.00913 0.00518
v -0.19813 1.38221 0.09767 0.02315 0.00913 0.00518
v -0.19599 1.38328 0.09398 0.02315 0.00913 0.00518
v -0.19657 1.38804 0.09340 0.02315 0.00913 0.00518
v -0.19599 1.38328 0.23317 0.02315 0.00913 0.00518
v -0.19472 1.37979 0.23189 0.02315 0.00913 0.00518
v -0.19813 1.38221 0.22948 0.02315 0.00913 0.00518
v -0.19472 1.37979 0.23189 0.02315 0.00913 0.00518
v -0.19599 1.37852 0.22841 0.02315 0.00913 0.00518
v -0.19813 1.38221 0.22948 0.02315 0.00913 0.00518
v -0.19813 1.38221 0.22948 0.02315 0.00913 0.00518
v -0.19599 1.37852 0.22841 0.02315 0.00913 0.00518
v -0.19924 1.38165 0.22365 0.02315 0.00913 0.00518
v -0.19599 1.37852 0.22841 0.02315 0.00913 0.00518
v -0.19657 1.37794 0.22365 0.02315 0.00913 0.00518
v -0.19924 1.38165 0.22365 0.02315 0.00913 0.00518
v -0.19924 1.38165 0.22365 0.02315 0.00913 0.00518
v -0.19657 1.37794 0.22365 0.02315 0.00913 0.00518
v -0.19924 1.38165 0.10350 0.02315 0.00913 0.00518
v -0.19657 1.37794 0.22365 0.02315 0.00913 0.00518
v -0.19657 1.37794 0.10350 0.02315 0.00913 0.00518
v -0.19924 1.38165 0.10350 0.02315 0.00913 0.00518
v -0.19924 1.38165 0.10350 0.02315 0.00913 0.00518
v -0.19657 1.37794 0.10350 0.02315 0.00913 0.00518
v -0.19813 1.38221 0.09767 0.02315 0.00913 0.00518
v -0.19657 1.37794 0.10350 0.02315 0.00913 0.00518
v -0.19599 1.37852 0.09874 0.02315 0.00913 0.00518
v -0.19813 1.38221 0.09767 0.02315 0.00913 0.00518
v -0.19813 1.38221 0.09767 0.02315 0.00913 0.00518
v -0.19599 1.37852 0.09874 0.02315 0.00913 0.00518
v -0.19599 1.38328 0.09398 0.02315 0.00913 0.00518
v -0.19599 1.37852 0.09874 0.02315 0.00913 0.00518
v -0.19472 1.37979 0.09526 0.02315 0.00913 0.00518
v -0.19599 1.38328 0.09398 0.02315 0.00913 0.00518
v 0.19472 1.45695 0.09526 0.02315 0.00913 0.00518
v 0.19599 1.45347 0.09398 0.02315 0.00913 0.00518
v 0.19599 1.45822 0.09874 0.02315 0.00913 0.00518
v 0.19599 1.45347 0.09398 0.02315 0.00913 0.00518
v 0.19813 1.45453 0.09767 0.02315 0.00913 0.00518
v 0.19599 1.45822 0.09874 0.02315 0.00913 0.00518
v 0.19599 1.45822 0.09874 0.02315 0.00913 0.00518
v 0.19813 1.45453 0.09767 0.02315 0.00913 0.00518
v 0.19657 1.45880 0.10350 0.02315 0.00913 0.00518
v 0.19813 1.45453 0.09767 0.02315 0.00913 0.00518
v 0.19924 1.45509 0.10350 0.02315 0.00913 0.00518
v 0.19657 1.45880 0.10350 0.02315 0.00913 0.00518
v 0.19657 1.45880 0.10350 0.02315 0.00913 0.00518
v 0.19924 1.45509 0.10350 0.02315 0.00913 0.00518
v 0.19657 1.45880 0.22365 0.02315 0.00913 0.00518
v 0.19924 1.45509 0.10350 0.02315 0.00913 0.00518
v 0.19924 1.45509 0.22365 0.02315 0.00913 0.00518
v 0.19657 1.45880 0.22365 0.02315 0.00913 0.00518
v 0.19657 1.45880 0.22365 0.02315 0.00913 0.00518
v 0.19924 1.45509 0.22365 0.02315 0.00913 0.00518
v 0.19599 1.45822 0.22841 0.02315 0.00913 0.00518
v 0.19924 1.45509 0.22365 0.02315 0.00913 0.00518
v 0.19813 1.45453 0.22948 0.02315 0.00913 0.00518
v 0.19599 1.45822 0.22841 0.02315 0.00913 0.00518
v 0.19599 1.45822 0.22841 0.02315 0.00913 0.00518
v 0.19813 1.45453 0.22948 0.02315 0.00913 0.00518
v 0.19472 1.45695 0.23189 0.02315 0.00913 0.00518
v 0.19813 1.45453 0.22948 0.02315 0.00913 0.00518
v 0.19599 1.45347 0.23317 0.02315 0.00913 0.00518
v 0.19472 1.45695 0.23189 0.02315 0.00913 0.00518
v 0.19599 1.45347 0.09398 0.02315 0.00913 0.00518
v 0.19657 1.44871 0.09340 0.02315 0.00913 0.00518
v 0.19813 1.45453 0.09767 0.02315 0.00913 0.00518
v 0.19657 1.44871 0.09340 0.02315 0.00913 0.00518
v 0.19924 1.44871 0.09711 0.02315 0.00913 0.00518
v 0.19813 1.45453 0.09767 0.02315 0.00913 0.00518
v 0.19813 1.45453 0.09767 0.02315 0.00913 0.00518
v 0.19924 1.44871 0.09711 0.02315 0.00913 0.00518
v 0.19924 1.45509 0.10350 0.02315 0.00913 0.00518
v 0.19924 1.44871 0.09711 0.02315 0.00913 0.00518
v 0.20075 1.44871 0.10350 0.02315 0.00913 0.00518
v 0.19924 1.45509 0.10350 0.02315 0.00913 0.00518
v 0.19924 1.45509 0.10350 0.02315 0.00913 0.00518
v 0.20075 1.44871 0.10350 0.02315 0.00913 0.00518
v 0.19924 1.45509 0.22365 0.02315 0.00913 0.00518
v 0.20075 1.44871 0.10350 0.02315 0.00913 0.00518
v 0.20075 1.44871 0.22365 0.02315 0.00913 0.00518
v 0.19924 1.45509 0.22365 0.02315 0.00913 0.00518
v 0.19924 1.45509 0.22365 0.02315 0.00913 0.00518
v 0.20075 1.44871 0.22365 0.02315 0.00913 0.00518
v 0.19813 1.45453 0.22948 0.02315 0.00913 0.00518
v 0.20075 1.44871 0.22365 0.02315 0.00913 0.00518
v 0.19924 1.44871 0.23003 0.02315 0.00913 0.00518
v 0.19813 1.45453 0.22948 0.02315 0.00913 0.00518
v 0.19813 1.45453 0.22948 0.02315 0.00913 0.00518
v 0.19924 1.44871 0.23003 0.02315 0.00913 0.00518
v 0.19599 1.45347 0.23317 0.02315 0.00913 0.00518
v 0.19924 1.44871 0.23003 0.02315 0.00913 0.00518
v 0.19657 1.44871 0.23374 0.02315 0.00913 0.00518
v 0.19599 1.45347 0.23317 0.02315 0.00913 0.00518
v 0.19657 1.44871 0.09340 0.02315 0.00913 0.00518
v 0.19657 1.38804 0.09340 0.02315 0.00913 0.00518
v 0.19924 1.44871 0.09711 0.02315 0.00913 0.00518
v 0.19657 1.38804 0.09340 0.02315 0.00913 0.00518
v 0.19924 1.38804 0.09711 0.02315 0.00913 0.00518
v 0.19924 1.44871 0.09711 0.02315 0.00913 0.00518
v 0.19924 1.44871 0.09711 0.02315 0.00913 0.00518
v 0.19924 1.38804 0.09711 0.02315 0.00913 0.00518
v 0.20075 1.44871 0.10350 0.02315 0.00913 0.00518
v 0.19924 1.38804 0.09711 0.02315 0.00913 0.00518
v 0.20075 1.38804 0.10350 0.02315 0.00913 0.00518
v 0.20075 1.44871 0.10350 0.02315 0.00913 0.00518
v 0.20075 1.44871 0.10350 0.02315 0.00913 0.00518
v 0.20075 1.38804 0.10350 0.02315 0.00913 0.00518
v 0.20075 1.44871 0.22365 0.02315 0.00913 0.00518
v 0.20075 1.38804 0.10350 0.02315 0.00913 0.00518
v 0.20075 1.38804 0.22365 0.02315 0.00913 0.00518
v 0.20075 1.44871 0.22365 0.02315 0.00913 0.00518
v 0.20075 1.44871 0.22365 0.02315 0.00913 0.00518
v 0.20075 1.38804 0.22365 0.02315 0.00913 0.00518
v 0.19924 1.44871 0.23003 0.02315 0.00913 0.00518
v 0.20075 1.38804 0.22365 0.02315 0.00913 0.00518
v 0.19924 1.38804 0.23003 0.02315 0.00913 0.00518
v 0.19924 1.44871 0.23003 0.02315 0.00913 0.00518
v 0.19924 1.44871 0.23003 0.02315 0.00913 0.00518
v 0.19924 1.38804 0.23003 0.02315 0.00913 0.00518
v 0.19657 1.44871 0.23374 0.02315 0.00913 0.00518
v 0.19924 1.38804 0.23003 0.02315 0.00913 0.00518
v 0.19657 1.38804 0.23374 0.02315 0.00913 0.00518
v 0.19657 1.44871 0.23374 0.02315 0.00913 0.00518
v 0.19657 1.38804 0.09340 0.02315 0.00913 0.00518
v 0.19599 1.38328 0.09398 0.02315 0.00913 0.00518
v 0.19924 1.38804 0.09711 0.02315 0.00913 0.00518
v 0.19599 1.38328 0.09398 0.02315 0.00913 0.00518
v 0.19813 1.38221 0.09767 0.02315 0.00913 0.00518
v 0.19924 1.38804 0.09711 0.02315 0.00913 0.00518
v 0.19924 1.38804 0.09711 0.02315 0.00913 0.00518
v 0.19813 1.38221 0.09767 0.02315 0.00913 0.00518
v 0.20075 1.38804 0.10350 0.02315 0.00913 0.00518
v 0.19813 1.38221 0.09767 0.02315 0.00913 0.00518
v 0.19924 1.38165 0.10350 0.02315 0.00913 0.00518
v 0.20075 1.38804 0.10350 0.02315 0.00913 0.00518
v 0.20075 1.38804 0.10350 0.02315 0.00913 0.00518
v 0.19924 1.38165 0.10350 0.02315 0.00913 0.00518
v 0.20075 1.38804 0.22365 0.02315 0.00913 0.00518
v 0.19924 1.38165 0.10350 0.02315 0.00913 0.00518
v 0.19924 1.38165 0.22365 0.02315 0.00913 0.00518
v 0.20075 1.38804 0.22365 0.02315 0.00913 0.00518
v 0.20075 1.38804 0.22365 0.02315 0.00913 0.00518
v 0.19924 1.38165 0.22365 0.02315 0.00913 0.00518
v 0.19924 1.38804 0.23003 0.02315 0.00913 0.00518
v 0.19924 1.38165 0.22365 0.02315 0.00913 0.00518
v 0.19813 1.38221 0.22948 0.02315 0.00913 0.00518
v 0.19924 1.38804 0.23003 0.02315 0.00913 0.00518
v 0.19924 1.38804 0.23003 0.02315 0.00913 0.00518
v 0.19813 1.38221 0.22948 0.02315 0.00913 0.00518
v 0.19657 1.38804 0.23374 0.02315 0.00913 0.00518
v 0.19813 1.38221 0.22948 0.02315 0.00913 0.00518
v 0.19599 1.38328 0.23317 0.02315 0.00913 0.00518
v 0.19657 1.38804 0.23374 0.02315 0.00913 0.00518
v 0.19599 1.38328 0.09398 0.02315 0.00913 0.00518
v 0.19472 1.37979 0.09526 0.02315 0.00913 0.00518
v 0.19813 1.38221 0.09767 0.02315 0.00913 0.00518
v 0.19472 1.37979 0.09526 0.02315 0.00913 0.00518
v 0.19599 1.37852 0.09874 0.02315 0.00913 0.00518
v 0.19813 1.38221 0.09767 0.02315 0.00913 0.00518
v 0.19813 1.38221 0.09767 0.02315 0.00913 0.00518
v 0.19599 1.37852 0.09874 0.02315 0.00913 0.00518
v 0.19924 1.38165 0.10350 0.02315 0.00913 0.00518
v 0.19599 1.37852 0.09874 0.02315 0.00913 0.00518
v 0.19657 1.37794 0.10350 0.02315 0.00913 0.00518
v 0.19924 1.38165 0.10350 0.02315 0.00913 0.00518
v 0.19924 1.38165 0.10350 0.02315 0.00913 0.00518
v 0.19657 1.37794 0.10350 0.02315 0.00913 0.00518
v 0.19924 1.38165 0.22365 0.02315 0.00913 0.00518
v 0.19657 1.37794 0.10350 0.02315 0.00913 0.00518
v 0.19657 1.37794 0.22365 0.02315 0.00913 0.00518
v 0.19924 1.38165 0.22365 0.02315 0.00913 0.00518
v 0.19924 1.38165 0.22365 0.02315 0.00913 0.00518
v 0.19657 1.37794 0.22365 0.02315 0.00913 0.00518
v 0.19813 1.38221 0.22948 0.02315 0.00913 0.00518
v 0.19657 1.37794 0.22365 0.02315 0.00913 0.00518
v 0.19599 1.37852 0.22841 0.02315 0.00913 0.00518
v 0.19813 1.38221 0.22948 0.02315 0.00913 0.00518
v 0.19813 1.38221 0.22948 0.02315 0.00913 0.00518
v 0.19599 1.37852 0.22841 0.02315 0.00913 0.00518
v 0.19599 1.38328 0.23317 0.02315 0.00913 0.00518
v 0.19599 1.37852 0.22841 0.02315 0.00913 0.00518
v 0.19472 1.37979 0.23189 0.02315 0.00913 0.00518
v 0.19599 1.38328 0.23317 0.02315 0.00913 0.00518
v 0.19472 1.45695 0.09526 0.02315 0.00913 0.00518
v 0.19599 1.45822 0.09874 0.02315 0.00913 0.00518
v 0.19123 1.45822 0.09398 0.02315 0.00913 0.00518
v 0.19599 1.45822 0.09874 0.02315 0.00913 0.00518
v 0.19230 1.46036 0.09767 0.02315 0.00913 0.00518
v 0.19123 1.45822 0.09398 0.02315 0.00913 0.00518
v 0.19123 1.45822 0.09398 0.02315 0.00913 0.00518
v 0.19230 1.46036 0.09767 0.02315 0.00913 0.00518
v 0.18647 1.45880 0.09340 0.02315 0.00913 0.00518
v 0.19230 1.46036 0.09767 0.02315 0.00913 0.00518
v 0.18647 1.46147 0.09711 0.02315 0.00913 0.00518
v 0.18647 1.45880 0.09340 0.02315 0.00913 0.00518
v 0.18647 1.45880 0.09340 0.02315 0.00913 0.00518
v 0.18647 1.46147 0.09711 0.02315 0.00913 0.00518
v -0.18647 1.45880 0.09340 0.02315 0.00913 0.00518
v 0.18647 1.46147 0.09711 0.02315 0.00913 0.00518
v -0.18647 1.46147 0.09711 0.02315 0.00913 0.00518
v -0.18647 1.45880 0.09340 0.02315 0.00913 0.00518
v -0.18647 1.45880 0.09340 0.02315 0.00913 0.00518
v -0.18647 1.46147 0.09711 0.02315 0.00913 0.00518
v -0.19123 1.45822 0.09398 0.02315 0.00913 0.00518
v -0.18647 1.46147 0.09711 0.02315 0.00913 0.00518
v -0.19230 1.46036 0.09767 0.02315 0.00913 0.00518
v -0.19123 1.45822 0.09398 0.02315 0.00913 0.00518
v -0.19123 1.45822 0.09398 0.02315 0.00913 0.00518
v -0.19230 1.46036 0.09767 0.02315 0.00913 0.00518
v -0.19472 1.45695 0.09526 0.02315 0.00913 0.00518
v -0.19230 1.46036 0.09767 0.02315 0.00913 0.00518
v -0.19599 1.45822 0.09874 0.02315 0.00913 0.00518
v -0.19472 1.45695 0.09526 0.02315 0.00913 0.00518
v 0.19599 1.45822 0.09874 0.02315 0.00913 0.00518
v 0.19657 1.45880 0.10350 0.02315 0.00913 0.00518
v 0.19230 1.46036 0.09767 0.02315 0.00913 0.00518
v 0.19657 1.45880 0.10350 0.02315 0.00913 0.00518
v 0.19286 1.46147 0.10350 0.02315 0.00913 0.00518
v 0.19230 1.46036 0.09767 0.02315 0.00913 0.00518
v 0.19230 1.46036 0.09767 0.02315 0.00913 0.00518
v 0.19286 1.46147 0.10350 0.02315 0.00913 0.00518
v 0.18647 1.46147 0.09711 0.02315 0.00913 0.00518
v 0.19286 1.46147 0.10350 0.02315 0.00913 0.00518
v 0.18647 1.46298 0.10350 0.02315 0.00913 0.00518
v 0.18647 1.46147 0.09711 0.02315 0.00913 0.00518
v 0.18647 1.46147 0.09711 0.02315 0.00913 0.00518
v 0.18647 1.46298 0.10350 0.02315 0.00913 0.00518
v -0.18647 1.46147 0.09711 0.02315 0.00913 0.00518
v 0.18647 1.46298 0.10350 0.02315 0.00913 0.00518
v -0.18647 1.46298 0.10350 0.02315 0.00913 0.00518
v -0.18647 1.46147 0.09711 0.02315 0.00913 0.00518
v -0.18647 1.46147 0.09711 0.02315 0.00913 0.00518
v -0.18647 1.46298 0.10350 0.02315 0.00913 0.00518
v -0.19230 1.46036 0.09767 0.02315 0.00913 0.00518
v -0.18647 1.46298 0.10350 0.02315 0.00913 0.00518
v -0.19286 1.46147 0.10350 0.02315 0.00913 0.00518
v -0.19230 1.46036 0.09767 0.02315 0.00913 0.00518
v -0.19230 1.46036 0.09767 0.02315 0.00913 0.00518
v -0.19286 1.46147 0.10350 0.02315 0.00913 0.00518
v -0.19599 1.45822 0.09874 0.02315 0.00913 0.00518
v -0.19286 1.46147 0.10350 0.02315 0.00913 0.00518
v -0.19657 1.45880 0.10350 0.02315 0.00913 0.00518
v -0.19599 1.45822 0.09874 0.02315 0.00913 0.00518
v 0.19657 1.45880 0.10350 0.02315 0.00913 0.00518
v 0.19657 1.45880 0.22365 0.02315 0.00913 0.00518
v 0.19286 1.46147 0.10350 0.02315 0.00913 0.00518
v 0.19657 1.45880 0.22365 0.02315 0.00913 0.00518
v 0.19286 1.46147 0.22365 0.02315 0.00913 0.00518
v 0.19286 1.46147 0.10350 0.02315 0.00913 0.00518
v 0.19286 1.46147 0.10350 0.02315 0.00913 0.00518
v 0.19286 1.46147 0.22365 0.02315 0.00913 0.00518
v 0.18647 1.46298 0.10350 0.02315 0.00913 0.00518
v 0.19286 1.46147 0.22365 0.02315 0.00913 0.00518
v 0.18647 1.46298 0.22365 0.02315 0.00913 0.00518
v 0.18647 1.46298 0.10350 0.02315 0.00913 0.00518
v 0.18647 1.46298 0.10350 0.02315 0.00913 0.00518
v 0.18647 1.46298 0.22365 0.02315 0.00913 0.00518
v -0.18647 1.46298 0.10350 0.02315 0.00913 0.00518
v 0.18647 1.46298 0.22365 0.02315 0.00913 0.00518
v -0.18647 1.46298 0.22365 0.02315 0.00913 0.00518
v -0.18647 1.46298 0.10350 0.02315 0.00913 0.00518
v -0.18647 1.46298 0.10350 0.02315 0.00913 0.00518
v -0.18647 1.46298 0.22365 0.02315 0.00913 0.00518
v -0.19286 1.46147 0.10350 0.02315 0.00913 0.00518
v -0.18647 1.46298 0.22365 0.02315 0.00913 0.00518
v -0.19286 1.46147 0.22365 0.02315 0.00913 0.00518
v -0.19286 1.46147 0.10350 0.02315 0.00913 0.00518
v -0.19286 1.46147 0.10350 0.02315 0.00913 0.00518
v -0.19286 1.46147 0.22365 0.02315 0.00913 0.00518
v -0.19657 1.45880 0.10350 0.02315 0.00913 0.00518
v -0.19286 1.46147 0.22365 0.02315 0.00913 0.00518
v -0.19657 1.45880 0.22365 0.02315 0.00913 0.00518
v -0.19657 1.45880 0.10350 0.02315 0.00913 0.00518
v 0.19657 1.45880 0.22365 0.02315 0.00913 0.00518
v 0.19599 1.45822 0.22841 0.02315 0.00913 0.00518
v 0.19286 1.46147 0.22365 0.02315 0.00913 0.00518
v 0.19599 1.45822 0.22841 0.02315 0.00913 0.00518
v 0.19230 1.46036 0.22948 0.02315 0.00913 0.00518
v 0.19286 1.46147 0.22365 0.02315 0.00913 0.00518
v 0.19286 1.46147 0.22365 0.02315 0.00913 0.00518
v 0.19230 1.46036 0.22948 0.02315 0.00913 0.00518
v 0.18647 1.46298 0.22365 0.02315 0.00913 0.00518
v 0.19230 1.46036 0.22948 0.02315 0.00913 0.00518
v 0.18647 1.46147 0.23003 0.02315 0.00913 0.00518
v 0.18647 1.46298 0.22365 0.02315 0.00913 0.00518
v 0.18647 1.46298 0.22365 0.02315 0.00913 0.00518
v 0.18647 1.46147 0.23003 0.02315 0.00913 0.00518
v -0.18647 1.46298 0.22365 0.02315 0.00913 0.00518
v 0.18647 1.46147 0.23003 0.02315 0.00913 0.00518
v -0.18647 1.46147 0.23003 0.02315 0.00913 0.00518
v -0.18647 1.46298 0.22365 0.02315 0.00913 0.00518
v -0.18647 1.46298 0.22365 0.02315 0.00913 0.00518
v -0.18647 1.46147 0.23003 0.02315 0.00913 0.00518
v -0.19286 1.46147 0.22365 0.02315 0.00913 0.00518
v -0.18647 1.46147 0.23003 0.02315 0.00913 0.00518
v -0.19230 1.46036 0.22948 0.02315 0.00913 0.00518
v -0.19286 1.46147 0.22365 0.02315 0.00913 0.00518
v -0.19286 1.46147 0.22365 0.02315 0.00913 0.00518
v -0.19230 1.46036 0.22948 0.02315 0.00913 0.00518
v -0.19657 1.45880 0.22365 0.02315 0.00913 0.00518
v -0.19230 1.46036 0.22948 0.02315 0.00913 0.00518
v -0.19599 1.45822 0.22841 0.02315 0.00913 0.00518
v -0.19657 1.45880 0.22365 0.02315 0.00913 0.00518
v 0.19599 1.45822 0.22841 0.02315 0.00913 0.00518
v 0.19472 1.45695 0.23189 0.02315 0.00913 0.00518
v 0.19230 1.46036 0.22948 0.02315 0.00913 0.00518
v 0.19472 1.45695 0.23189 0.02315 0.00913 0.00518
v 0.19123 1.45822 0.23317 0.02315 0.00913 0.00518
v 0.19230 1.46036 0.22948 0.02315 0.00913 0.00518
v 0.19230 1.46036 0.22948 0.02315 0.00913 0.00518
v 0.19123 1.45822 0.23317 0.02315 0.00913 0.00518
v 0.18647 1.46147 0.23003 0.02315 0.00913 0.00518
v 0.19123 1.45822 0.23317 0.02315 0.00913 0.00518
v 0.18647 1.45880 0.23374 0.02315 0.00913 0.00518
v 0.18647 1.46147 0.23003 0.02315 0.00913 0.00518
v 0.18647 1.46147 0.23003 0.02315 0.00913 0.00518
v 0.18647 1.45880 0.23374 0.02315 0.00913 0.00518
v -0.18647 1.46147 0.23003 0.02315 0.00913 0.00518
v 0.18647 1.45880 0.23374 0.02315 0.00913 0.00518
v -0.18647 1.45880 0.23374 0.02315 0.00913 0.00518
v -0.18647 1.46147 0.23003 0.02315 0.00913 0.00518
v -0.18647 1.46147 0.23003 0.02315 0.00913 0.00518
v -0.18647 1.45880 0.23374 0.02315 0.00913 0.00518
v -0.19230 1.46036 0.22948 0.02315 0.00913 0.00518
v -0.18647 1.45880 0.23374 0.02315 0.00913 0.00518
v -0.19123 1.45822 0.23317 0.02315 0.00913 0.00518
v -0.19230 1.46036 0.22948 0.02315 0.00913 0.00518
v -0.19230 1.46036 0.22948 0.02315 0.00913 0.00518
v -0.19123 1.45822 0.23317 0.02315 0.00913 0.00518
v -0.19599 1.45822 0.22841 0.02315 0.00913 0.00518
v -0.19123 1.45822 0.23317 0.02315 0.00913 0.00518
v -0.19472 1.45695 0.23189 0.02315 0.00913 0.00518
v -0.19599 1.45822 0.22841 0.02315 0.00913 0.00518
v 0.19472 1.37979 0.23189 0.02315 0.00913 0.00518
v 0.19599 1.37852 0.22841 0.02315 0.00913 0.00518
v 0.19123 1.37852 0.23317 0.02315 0.00913 0.00518
v 0.19599 1.37852 0.22841 0.02315 0.00913 0.00518
v 0.19230 1.37638 0.22948 0.02315 0.00913 0.00518
v 0.19123 1.37852 0.23317 0.02315 0.00913 0.00518
v 0.19123 1.37852 0.23317 0.02315 0.00913 0.00518
v 0.19230 1.37638 0.22948 0.02315 0.00913 0.00518
v 0.18647 1.37794 0.23374 0.02315 0.00913 0.00518
v 0.19230 1.37638 0.22948 0.02315 0.00913 0.00518
v 0.18647 1.37527 0.23003 0.02315 0.00913 0.00518
v 0.18647 1.37794 0.23374 0.02315 0.00913 0.00518
v 0.18647 1.37794 0.23374 0.02315 0.00913 0.00518
v 0.18647 1.37527 0.23003 0.02315 0.00913 0.00518
v -0.18647 1.37794 0.23374 0.02315 0.00913 0.00518
v 0.18647 1.37527 0.23003 0.02315 0.00913 0.00518
v -0.18647 1.37527 0.23003 0.02315 0.00913 0.00518
v -0.18647 1.37794 0.23374 0.02315 0.00913 0.00518
v -0.18647 1.37794 0.23374 0.02315 0.00913 0.00518
v -0.18647 1.37527 0.23003 0.02315 0.00913 0.00518
v -0.19123 1.37852 0.23317 0.02315 0.00913 0.00518
v -0.18647 1.37527 0.23003 0.02315 0.00913 0.00518
v -0.19230 1.37638 0.22948 0.02315 0.00913 0.00518
v -0.19123 1.37852 0.23317 0.02315 0.00913 0.00518
v -0.19123 1.37852 0.23317 0.02315 0.00913 0.00518
v -0.19230 1.37638 0.22948 0.02315 0.00913 0.00518
v -0.19472 1.37979 0.23189 0.02315 0.00913 0.00518
v -0.19230 1.37638 0.22948 0.02315 0.00913 0.00518
v -0.19599 1.37852 0.22841 0.02315 0.00913 0.00518
v -0.19472 1.37979 0.23189 0.02315 0.00913 0.00518
v 0.19599 1.37852 0.22841 0.02315 0.00913 0.00518
v 0.19657 1.37794 0.22365 0.02315 0.00913 0.00518
v 0.19230 1.37638 0.22948 0.02315 0.00913 0.00518
v 0.19657 1.37794 0.22365 0.02315 0.00913 0.00518
v 0.19286 1.37527 0.22365 0.02315 0.00913 0.00518
v 0.19230 1.37638 0.22948 0.02315 0.00913 0.00518
v 0.19230 1.37638 0.22948 0.02315 0.00913 0.00518
v 0.19286 1.37527 0.22365 0.02315 0.00913 0.00518
v 0.18647 1.37527 0.23003 0.02315 0.00913 0.00518
v 0.19286 1.37527 0.22365 0.02315 0.00913 0.00518
v 0.18647 1.37376 0.22365 0.02315 0.00913 0.00518
v 0.18647 1.37527 0.23003 0.02315 0.00913 0.00518
v 0.18647 1.37527 0.23003 0.02315 0.00913 0.00518
v 0.18647 1.37376 0.22365 0.02315 0.00913 0.00518
v -0.18647 1.37527 0.23003 0.02315 0.00913 0.00518
v 0.18647 1.37376 0.22365 0.02315 0.00913 0.00518
v -0.18647 1.37376 0.22365 0.02315 0.00913 0.00518
v -0.18647 1.37527 0.23003 0.02315 0.00913 0.00518
v -0.18647 1.37527 0.23003 0.02315 0.00913 0.00518
v -0.18647 1.37376 0.22365 0.02315 0.00913 0.00518
v -0.19230 1.37638 0.22948 0.02315 0.00913 0.00518
v -0.18647 1.37376 0.22365 0.02315 0.00913 0.00518
v -0.19286 1.37527 0.22365 0.02315 0.00913 0.00518
v -0.19230 1.37638 0.22948 0.02315 0.00913 0.00518
v -0.19230 1.37638 0.22948 0.02315 0.00913 0.00518
v -0.19286 1.37527 0.22365 0.02315 0.00913 0.00518
v -0.19599 1.37852 0.22841 0.02315 0.00913 0.00518
v -0.19286 1.37527 0.22365 0.02315 0.00913 0.00518
v -0.19657 1.37794 0.22365 0.02315 0.00913 0.00518
v -0.19599 1.37852 0.22841 0.02315 0.00913 0.00518
v 0.19657 1.37794 0.22365 0.02315 0.00913 0.00518
v 0.19657 1.37794 0.10350 0.02315 0.00913 0.00518
v 0.19286 1.37527 0.22365 0.02315 0.00913 0.00518
v 0.19657 1.37794 0.10350 0.02315 0.00913 0.00518
v 0.19286 1.37527 0.10350 0.02315 0.00913 0.00518
v 0.19286 1.37527 0.22365 0.02315 0.00913 0.00518
v 0.19286 1.37527 0.22365 0.02315 0.00913 0.00518
v 0.19286 1.37527 0.10350 0.02315 0.00913 0.00518
v 0.18647 1.37376 0.22365 0.02315 0.00913 0.00518
v 0.19286 1.37527 0.10350 0.02315 0.00913 0.00518
v 0.18647 1.37376 0.10350 0.02315 0.00913 0.00518
v 0.18647 1.37376 0.22365 0.02315 0.00913 0.00518
v 0.18647 1.37376 0.22365 0.02315 0.00913 0.00518
v 0.18647 1.37376 0.10350 0.02315 0.00913 0.00518
v -0.18647 1.37376 0.22365 0.02315 0.00913 0.00518
v 0.18647 1.37376 0.10350 0.02315 0.00913 0.00518
v -0.18647 1.37376 0.10350 0.02315 0.00913 0.00518
v -0.18647 1.37376 0.22365 0.02315 0.00913 0.00518
v -0.18647 1.37376 0.22365 0.02315 0.00913 0.00518
v -0.18647 1.37376 0.10350 0.02315 0.00913 0.00518
v -0.19286 1.37527 0.22365 0.02315 0.00913 0.00518
v -0.18647 1.37376 0.10350 0.02315 0.00913 0.00518
v -0.19286 1.37527 0.10350 0.02315 0.00913 0.00518
v -0.19286 1.37527 0.22365 0.02315 0.00913 0.00518
v -0.19286 1.37527 0.22365 0.02315 0.00913 0.00518
v -0.19286 1.37527 0.10350 0.02315 0.00913 0.00518
v -0.19657 1.37794 0.22365 0.02315 0.00913 0.00518
v -0.19286 1.37527 0.10350 0.02315 0.00913 0.00518
v -0.19657 1.37794 0.10350 0.02315 0.00913 0.00518
v -0.19657 1.37794 0.22365 0.02315 0.00913 0.00518
v 0.19657 1.37794 0.10350 0.02315 0.00913 0.00518
v 0.19599 1.37852 0.09874 0.02315 0.00913 0.00518
v 0.19286 1.37527 0.10350 0.02315 0.00913 0.00518
v 0.19599 1.37852 0.09874 0.02315 0.00913 0.00518
v 0.19230 1.37638 0.09767 0.02315 0.00913 0.00518
v 0.19286 1.37527 0.10350 0.02315 0.00913 0.00518
v 0.19286 1.37527 0.10350 0.02315 0.00913 0.00518
v 0.19230 1.37638 0.09767 0.02315 0.00913 0.00518
v 0.18647 1.37376 0.10350 0.02315 0.00913 0.00518
v 0.19230 1.37638 0.09767 0.02315 0.00913 0.00518
v 0.18647 1.37527 0.09711 0.02315 0.00913 0.00518
v 0.18647 1.37376 0.10350 0.02315 0.00913 0.00518
v 0.18647 1.37376 0.10350 0.02315 0.00913 0.00518
v 0.18647 1.37527 0.09711 0.02315 0.00913 0.00518
v -0.18647 1.37376 0.10350 0.02315 0.00913 0.00518
v 0.18647 1.37527 0.09711 0.02315 0.00913 0.00518
v -0.18647 1.37527 0.09711 0.02315 0.00913 0.00518
v -0.18647 1.37376 0.10350 0.02315 0.00913 0.00518
v -0.18647 1.37376 0.10350 0.02315 0.00913 0.00518
v -0.18647 1.37527 0.09711 0.02315 0.00913 0.00518
v -0.19286 1.37527 0.10350 0.02315 0.00913 0.00518
v -0.18647 1.37527 0.09711 0.02315 0.00913 0.00518
v -0.19230 1.37638 0.09767 0.02315 0.00913 0.00518
v -0.19286 1.37527 0.10350 0.02315 0.00913 0.00518
v -0.19286 1.37527 0.10350 0.02315 0.00913 0.00518
v -0.19230 1.37638 0.09767 0.02315 0.00913 0.00518
v -0.19657 1.37794 0.10350 0.02315 0.00913 0.00518
v -0.19230 1.37638 0.09767 0.02315 0.00913 0.00518
v -0.19599 1.37852 0.09874 0.02315 0.00913 0.00518
v -0.19657 1.37794 0.10350 0.02315 0.00913 0.00518
v 0.19599 1.37852 0.09874 0.02315 0.00913 0.00518
v 0.19472 1.37979 0.09526 0.02315 0.00913 0.00518
v 0.19230 1.37638 0.09767 0.02315 0.00913 0.00518
v 0.19472 1.37979 0.09526 0.02315 0.00913 0.00518
v 0.19123 1.37852 0.09398 0.02315 0.00913 0.00518
v 0.19230 1.37638 0.09767 0.02315 0.00913 0.00518
v 0.19230 1.37638 0.09767 0.02315 0.00913 0.00518
v 0.19123 1.37852 0.09398 0.02315 0.00913 0.00518
v 0.18647 1.37527 0.09711 0.02315 0.00913 0.00518
v 0.19123 1.37852 0.09398 0.02315 0.00913 0.00518
v 0.18647 1.37794 0.09340 0.02315 0.00913 0.00518
v 0.18647 1.37527 0.09711 0.02315 0.00913 0.00518
v 0.18647 1.37527 0.09711 0.02315 0.00913 0.00518
v 0.18647 1.37794 0.09340 0.02315 0.00913 0.00518
v -0.18647 1.37527 0.09711 0.02315 0.00913 0.00518
v 0.18647 1.37794 0.09340 0.02315 0.00913 0.00518
v -0.18647 1.37794 0.09340 0.02315 0.00913 0.00518
v -0.18647 1.37527 0.09711 0.02315 0.00913 0.00518
v -0.18647 1.37527 0.09711 0.02315 0.00913 0.00518
v -0.18647 1.37794 0.09340 0.02315 0.00913 0.00518
v -0.19230 1.37638 0.09767 0.02315 0.00913 0.00518
v -0.18647 1.37794 0.09340 0.02315 0.00913 0.00518
v -0.19123 1.37852 0.09398 0.02315 0.00913 0.00518
v -0.19230 1.37638 0.09767 0.02315 0.00913 0.00518
v -0.19230 1.37638 0.09767 0.02315 0.00913 0.00518
v -0.19123 1.37852 0.09398 0.02315 0.00913 0.00518
v -0.19599 1.37852 0.09874 0.02315 0.00913 0.00518
v -0.19123 1.37852 0.09398 0.02315 0.00913 0.00518
v -0.19472 1.37979 0.09526 0.02315 0.00913 0.00518
v -0.19599 1.37852 0.09874 0.02315 0.00913 0.00518
v 0.19472 1.45695 0.23189 0.02315 0.00913 0.00518
v 0.19599 1.45347 0.23317 0.02315 0.00913 0.00518
v 0.19123 1.45822 0.23317 0.02315 0.00913 0.00518
v 0.19599 1.45347 0.23317 0.02315 0.00913 0.00518
v 0.19230 1.45453 0.23531 0.02315 0.00913 0.00518
v 0.19123 1.45822 0.23317 0.02315 0.00913 0.00518
v 0.19123 1.45822 0.23317 0.02315 0.00913 0.00518
v 0.19230 1.45453 0.23531 0.02315 0.00913 0.00518
v 0.18647 1.45880 0.23374 0.02315 0.00913 0.00518
v 0.19230 1.45453 0.23531 0.02315 0.00913 0.00518
v 0.18647 1.45509 0.23642 0.02315 0.00913 0.00518
v 0.18647 1.45880 0.23374 0.02315 0.00913 0.00518
v 0.18647 1.45880 0.23374 0.02315 0.00913 0.00518
v 0.18647 1.45509 0.23642 0.02315 0.00913 0.00518
v -0.18647 1.45880 0.23374 0.02315 0.00913 0.00518
v 0.18647 1.45509 0.23642 0.02315 0.00913 0.00518
v -0.18647 1.45509 0.23642 0.02315 0.00913 0.00518
v -0.18647 1.45880 0.23374 0.02315 0.00913 0.00518
v -0.18647 1.45880 0.23374 0.02315 0.00913 0.00518
v -0.18647 1.45509 0.23642 0.02315 0.00913 0.00518
v -0.19123 1.45822 0.23317 0.02315 0.00913 0.00518
v -0.18647 1.45509 0.23642 0.02315 0.00913 0.00518
v -0.19230 1.45453 0.23531 0.02315 0.00913 0.00518
v -0.19123 1.45822 0.23317 0.02315 0.00913 0.00518
v -0.19123 1.45822 0.23317 0.02315 0.00913 0.00518
v -0.19230 1.45453 0.23531 0.02315 0.00913 0.00518
v -0.19472 1.45695 0.23189 0.02315 0.00913 0.00518
v -0.19230 1.45453 0.23531 0.02315 0.00913 0.00518
v -0.19599 1.45347 0.23317 0.02315 0.00913 0.00518
v -0.19472 1.45695 0.23189 0.02315 0.00913 0.00518
v 0.19599 1.45347 0.23317 0.02315 0.00913 0.00518
v 0.19657 1.44871 0.23374 0.02315 0.00913 0.00518
v 0.19230 1.45453 0.23531 0.02315 0.00913 0.00518
v 0.19657 1.44871 0.23374 0.02315 0.00913 0.00518
v 0.19286 1.44871 0.23642 0.02315 0.00913 0.00518
v 0.19230 1.45453 0.23531 0.02315 0.00913 0.00518
v 0.19230 1.45453 0.23531 0.02315 0.00913 0.00518
v 0.19286 1.44871 0.23642 0.02315 0.00913 0.00518
v 0.18647 1.45509 0.23642 0.02315 0.00913 0.00518
v 0.19286 1.44871 0.23642 0.02315 0.00913 0.00518
v 0.18647 1.44871 0.23793 0.02315 0.00913 0.00518
v 0.18647 1.45509 0.23642 0.02315 0.00913 0.00518
v 0.18647 1.45509 0.23642 0.02315 0.00913 0.00518
v 0.18647 1.44871 0.23793 0.02315 0.00913 0.00518
v -0.18647 1.45509 0.23642 0.02315 0.00913 0.00518
v 0.18647 1.44871 0.23793 0.02315 0.00913 0.00518
v -0.18647 1.44871 0.23793 0.02315 0.00913 0.00518
v -0.18647 1.45509 0.23642 0.02315 0.00913 0.00518
v -0.18647 1.45509 0.23642 0.02315 0.00913 0.00518
v -0.18647 1.44871 0.23793 0.02315 0.00913 0.00518
v -0.19230 1.45453 0.23531 0.02315 0.00913 0.00518
v -0.18647 1.44871 0.23793 0.02315 0.00913 0.00518
v -0.19286 1.44871 0.23642 0.02315 0.00913 0.00518
v -0.19230 1.45453 0.23531 0.02315 0.00913 0.00518
v -0.19230 1.45453 0.23531 0.02315 0.00913 0.00518
v -0.19286 1.44871 0.23642 0.02315 0.00913 0.00518
v -0.19599 1.45347 0.23317 0.02315 0.00913 0.00518
v -0.19286 1.44871 0.23642 0.02315 0.00913 0.00518
v -0.19657 1.44871 0.23374 0.02315 0.00913 0.00518
v -0.19599 1.45347 0.23317 0.02315 0.00913 0.00518
v 0.19657 1.44871 0.23374 0.02315 0.00913 0.00518
v 0.19657 1.38804 0.23374 0.02315 0.00913 0.00518
v 0.19286 1.44871 0.23642 0.02315 0.00913 0.00518
v 0.19657 1.38804 0.23374 0.02315 0.00913 0.00518
v 0.19286 1.38804 0.23642 0.02315 0.00913 0.00518
v 0.19286 1.44871 0.23642 0.02315 0.00913 0.00518
v 0.19286 1.44871 0.23642 0.02315 0.00913 0.00518
v 0.19286 1.38804 0.23642 0.02315 0.00913 0.00518
v 0.18647 1.44871 0.23793 0.02315 0.00913 0.00518
v 0.19286 1.38804 0.23642 0.02315 0.00913 0.00518
v 0.18647 1.38804 0.23793 0.02315 0.00913 0.00518
v 0.18647 1.44871 0.23793 0.02315 0.00913 0.00518
v 0.18647 1.44871 0.23793 0.02315 0.00913 0.00518
v 0.18647 1.38804 0.23793 0.02315 0.00913 0.00518
v -0.18647 1.44871 0.23793 0.02315 0.00913 0.00518
v 0.18647 1.38804 0.23793 0.02315 0.00913 0.00518
v -0.18647 1.38804 0.23793 0.02315 0.00913 0.00518
v -0.18647 1.44871 0.23793 0.02315 0.00913 0.00518
v -0.18647 1.44871 0.23793 0.02315 0.00913 0.00518
v -0.18647 1.38804 0.23793 0.02315 0.00913 0.00518
v -0.19286 1.44871 0.23642 0.02315 0.00913 0.00518
v -0.18647 1.38804 0.23793 0.02315 0.00913 0.00518
v -0.19286 1.38804 0.23642 0.02315 0.00913 0.00518
v -0.19286 1.44871 0.23642 0.02315 0.00913 0.00518
v -0.19286 1.44871 0.23642 0.02315 0.00913 0.00518
v -0.19286 1.38804 0.23642 0.02315 0.00913 0.00518
v -0.19657 1.44871 0.23374 0.02315 0.00913 0.00518
v -0.19286 1.38804 0.23642 0.02315 0.00913 0.00518
v -0.19657 1.38804 0.23374 0.02315 0.00913 0.00518
v -0.19657 1.44871 0.23374 0.02315 0.00913 0.00518
v 0.19657 1.38804 0.23374 0.02315 0.00913 0.00518
v 0.19599 1.38328 0.23317 0.02315 0.00913 0.00518
v 0.19286 1.38804 0.23642 0.02315 0.00913 0.00518
v 0.19599 1.38328 0.23317 0.02315 0.00913 0.00518
v 0.19230 1.38221 0.23531 0.02315 0.00913 0.00518
v 0.19286 1.38804 0.23642 0.02315 0.00913 0.00518
v 0.19286 1.38804 0.23642 0.02315 0.00913 0.00518
v 0.19230 1.38221 0.23531 0.02315 0.00913 0.00518
v 0.18647 1.38804 0.23793 0.02315 0.00913 0.00518
v 0.19230 1.38221 0.23531 0.02315 0.00913 0.00518
v 0.18647 1.38165 0.23642 0.02315 0.00913 0.00518
v 0.18647 1.38804 0.23793 0.02315 0.00913 0.00518
v 0.18647 1.38804 0.23793 0.02315 0.00913 0.00518
v 0.18647 1.38165 0.23642 0.02315 0.00913 0.00518
v -0.18647 1.38804 0.23793 0.02315 0.00913 0.00518
v 0.18647 1.38165 0.23642 0.02315 0.00913 0.00518
v -0.18647 1.38165 0.23642 0.02315 0.00913 0.00518
v -0.18647 1.38804 0.23793 0.02315 0.00913 0.00518
v -0.18647 1.38804 0.23793 0.02315 0.00913 0.00518
v -0.18647 1.38165 0.23642 0.02315 0.00913 0.00518
v -0.19286 1.38804 0.23642 0.02315 0.00913 0.00518
v -0.18647 1.38165 0.23642 0.02315 0.00913 0.00518
v -0.19230 1.38221 0.23531 0.02315 0.00913 0.00518
v -0.19286 1.38804 0.23642 0.02315 0.00913 0.00518
v -0.19286 1.38804 0.23642 0.02315 0.00913 0.00518
v -0.19230 1.38221 0.23531 0.02315 0.00913 0.00518
v -0.19657 1.38804 0.23374 0.02315 0.00913 0.00518
v -0.19230 1.38221 0.23531 0.02315 0.00913 0.00518
v -0.19599 1.38328 0.23317 0.02315 0.00913 0.00518
v -0.19657 1.38804 0.23374 0.02315 0.00913 0.00518
v 0.19599 1.38328 0.23317 0.02315 0.00913 0.00518
v 0.19472 1.37979 0.23189 0.02315 0.00913 0.00518
v 0.19230 1.38221 0.23531 0.02315 0.00913 0.00518
v 0.19472 1.37979 0.23189 0.02315 0.00913 0.00518
v 0.19123 1.37852 0.23317 0.02315 0.00913 0.00518
v 0.19230 1.38221 0.23531 0.02315 0.00913 0.00518
v 0.19230 1.38221 0.23531 0.02315 0.00913 0.00518
v 0.19123 1.37852 0.23317 0.02315 0.00913 0.00518
v 0.18647 1.38165 0.23642 0.02315 0.00913 0.00518
v 0.19123 1.37852 0.23317 0.02315 0.00913 0.00518
v 0.18647 1.37794 0.23374 0.02315 0.00913 0.00518
v 0.18647 1.38165 0.23642 0.02315 0.00913 0.00518
v 0.18647 1.38165 0.23642 0.02315 0.00913 0.00518
v 0.18647 1.37794 0.23374 0.02315 0.00913 0.00518
v -0.18647 1.38165 0.23642 0.02315 0.00913 0.00518
v 0.18647 1.37794 0.23374 0.02315 0.00913 0.00518
v -0.18647 1.37794 0.23374 0.02315 0.00913 0.00518
v -0.18647 1.38165 0.23642 0.02315 0.00913 0.00518
v -0.18647 1.38165 0.23642 0.02315 0.00913 0.00518
v -0.18647 1.37794 0.23374 0.02315 0.00913 0.00518
v -0.19230 1.38221 0.23531 0.02315 0.00913 0.00518
v -0.18647 1.37794 0.23374 0.02315 0.00913 0.00518
v -0.19123 1.37852 0.23317 0.02315 0.00913 0.00518
v -0.19230 1.38221 0.23531 0.02315 0.00913 0.00518
v -0.19230 1.38221 0.23531 0.02315 0.00913 0.00518
v -0.19123 1.37852 0.23317 0.02315 0.00913 0.00518
v -0.19599 1.38328 0.23317 0.02315 0.00913 0.00518
v -0.19123 1.37852 0.23317 0.02315 0.00913 0.00518
v -0.19472 1.37979 0.23189 0.02315 0.00913 0.00518
v -0.19599 1.38328 0.23317 0.02315 0.00913 0.00518
v -0.19472 1.45695 0.09526 0.02315 0.00913 0.00518
v -0.19599 1.45347 0.09398 0.02315 0.00913 0.00518
v -0.19123 1.45822 0.09398 0.02315 0.00913 0.00518
v -0.19599 1.45347 0.09398 0.02315 0.00913 0.00518
v -0.19230 1.45453 0.09184 0.02315 0.00913 0.00518
v -0.19123 1.45822 0.09398 0.02315 0.00913 0.00518
v -0.19123 1.45822 0.09398 0.02315 0.00913 0.00518
v -0.19230 1.45453 0.09184 0.02315 0.00913 0.00518
v -0.18647 1.45880 0.09340 0.02315 0.00913 0.00518
v -0.19230 1.45453 0.09184 0.02315 0.00913 0.00518
v -0.18647 1.45509 0.09073 0.02315 0.00913 0.00518
v -0.18647 1.45880 0.09340 0.02315 0.00913 0.00518
v -0.18647 1.45880 0.09340 0.02315 0.00913 0.00518
v -0.18647 1.45509 0.09073 0.02315 0.00913 0.00518
v 0.18647 1.45880 0.09340 0.02315 0.00913 0.00518
v -0.18647 1.45509 0.09073 0.02315 0.00913 0.00518
v 0.18647 1.45509 0.09073 0.02315 0.00913 0.00518
v 0.18647 1.45880 0.09340 0.02315 0.00913 0.00518
v 0.18647 1.45880 0.09340 0.02315 0.00913 0.00518
v 0.18647 1.45509 0.09073 0.02315 0.00913 0.00518
v 0.19123 1.45822 0.09398 0.02315 0.00913 0.00518
v 0.18647 1.45509 0.09073 0.02315 0.00913 0.00518
v 0.19230 1.45453 0.09184 0.02315 0.00913 0.00518
v 0.19123 1.45822 0.09398 0.02315 0.00913 0.00518
v 0.19123 1.45822 0.09398 0.02315 0.00913 0.00518
v 0.19230 1.45453 0.09184 0.02315 0.00913 0.00518
v 0.19472 1.45695 0.09526 0.02315 0.00913 0.00518
v 0.19230 1.45453 0.09184 0.02315 0.00913 0.00518
v 0.19599 1.45347 0.09398 0.02315 0.00913 0.00518
v 0.19472 1.45695 0.09526 0.02315 0.00913 0.00518
v -0.19599 1.45347 0.09398 0.02315 0.00913 0.00518
v -0.19657 1.44871 0.09340 0.02315 0.00913 0.00518
v -0.19230 1.45453 0.09184 0.02315 0.00913 0.00518
v -0.19657 1.44871 0.09340 0.02315 0.00913 0.00518
v -0.19286 1.44871 0.09073 0.02315 0.00913 0.00518
v -0.19230 1.45453 0.09184 0.02315 0.00913 0.00518
v -0.19230 1.45453 0.09184 0.02315 0.00913 0.00518
v -0.19286 1.44871 0.09073 0.02315 0.00913 0.00518
v -0.18647 1.45509 0.09073 0.02315 0.00913 0.00518
v -0.19286 1.44871 0.09073 0.02315 0.00913 0.00518
v -0.18647 1.44871 0.08922 0.02315 0.00913 0.00518
v -0.18647 1.45509 0.09073 0.02315 0.00913 0.00518
v -0.18647 1.45509 0.09073 0.02315 0.00913 0.00518
v -0.18647 1.44871 0.08922 0.02315 0.00913 0.00518
v 0.18647 1.45509 0.09073 0.02315 0.00913 0.00518
v -0.18647 1.44871 0.08922 0.02315 0.00913 0.00518
v 0.18647 1.44871 0.08922 0.02315 0.00913 0.00518
v 0.18647 1.45509 0.09073 0.02315 0.00913 0.00518
v 0.18647 1.45509 0.09073 0.02315 0.00913 0.00518
v 0.18647 1.44871 0.08922 0.02315 0.00913 0.00518
v 0.19230 1.45453 0.09184 0.02315 0.00913 0.00518
v 0.18647 1.44871 0.08922 0.02315 0.00913 0.00518
v 0.19286 1.44871 0.09073 0.02315 0.00913 0.00518
v 0.19230 1.45453 0.09184 0.02315 0.00913 0.00518
v 0.19230 1.45453 0.09184 0.02315 0.00913 0.00518
v 0.19286 1.44871 0.09073 0.02315 0.00913 0.00518
v 0.19599 1.45347 0.09398 0.02315 0.00913 0.00518
v 0.19286 1.44871 0.09073 0.02315 0.00913 0.00518
v 0.19657 1.44871 0.09340 0.02315 0.00913 0.00518
v 0.19599 1.45347 0.09398 0.02315 0.00913 0.00518
v -0.19657 1.44871 0.09340 0.02315 0.00913 0.00518
v -0.19657 1.38804 0.09340 0.02315 0.00913 0.00518
v -0.19286 1.44871 0.09073 0.02315 0.00913 0.00518
v -0.19657 1.38804 0.09340 0.02315 0.00913 0.00518
v -0.19286 1.38804 0.09073 0.02315 0.00913 0.00518
v -0.19286 1.44871 0.09073 0.02315 0.00913 0.00518
v -0.19286 1.44871 0.09073 0.02315 0.00913 0.00518
v -0.19286 1.38804 0.09073 0.02315 0.00913 0.00518
v -0.18647 1.44871 0.08922 0.02315 0.00913 0.00518
v -0.19286 1.38804 0.09073 0.02315 0.00913 0.00518
v -0.18647 1.38804 0.08922 0.02315 0.00913 0.00518
v -0.18647 1.44871 0.08922 0.02315 0.00913 0.00518
v -0.18647 1.44871 0.08922 0.02315 0.00913 0.00518
v -0.18647 1.38804 0.08922 0.02315 0.00913 0.00518
v 0.18647 1.44871 0.08922 0.02315 0.00913 0.00518
v -0.18647 1.38804 0.08922 0.02315 0.00913 0.00518
v 0.18647 1.38804 0.08922 0.02315 0.00913 0.00518
v 0.18647 1.44871 0.08922 0.02315 0.00913 0.00518
v 0.18647 1.44871 0.08922 0.02315 0.00913 0.00518
v 0.18647 1.38804 0.08922 0.02315 0.00913 0.00518
v 0.19286 1.44871 0.09073 0.02315 0.00913 0.00518
v 0.18647 1.38804 0.08922 0.02315 0.00913 0.00518
v 0.19286 1.38804 0.09073 0.02315 0.00913 0.00518
v 0.19286 1.44871 0.09073 0.02315 0.00913 0.00518
v 0.19286 1.44871 0.09073 0.02315 0.00913 0.00518
v 0.19286 1.38804 0.09073 0.02315 0.00913 0.00518
v 0.19657 1.44871 0.09340 0.02315 0.00913 0.00518
v 0.19286 1.38804 0.09073 0.02315 0.00913 0.00518
v 0.19657 1.38804 0.09340 0.02315 0.00913 0.00518
v 0.19657 1.44871 0.09340 0.02315 0.00913 0.00518
v -0.19657 1.38804 0.09340 0.02315 0.00913 0.00518
v -0.19599 1.38328 0.09398 0.02315 0.00913 0.00518
v -0.19286 1.38804 0.09073 0.02315 0.00913 0.00518
v -0.19599 1.38328 0.09398 0.02315 0.00913 0.00518
v -0.19230 1.38221 0.09184 0.02315 0.00913 0.00518
v -0.19286 1.38804 0.09073 0.02315 0.00913 0.00518
v -0.19286 1.38804 0.09073 0.02315 0.00913 0.00518
v -0.19230 1.38221 0.09184 0.02315 0.00913 0.00518
v -0.18647 1.38804 0.08922 0.02315 0.00913 0.00518
v -0.19230 1.38221 0.09184 0.02315 0.00913 0.00518
v -0.18647 1.38165 0.09073 0.02315 0.00913 0.00518
v -0.18647 1.38804 0.08922 0.02315 0.00913 0.00518
v -0.18647 1.38804 0.08922 0.02315 0.00913 0.00518
v -0.18647 1.38165 0.09073 0.02315 0.00913 0.00518
v 0.18647 1.38804 0.08922 0.02315 0.00913 0.00518
v -0.18647 1.38165 0.09073 0.02315 0.00913 0.00518
v 0.18647 1.38165 0.09073 0.02315 0.00913 0.00518
v 0.18647 1.38804 0.08922 0.02315 0.00913 0.00518
v 0.18647 1.38804 0.08922 0.02315 0.00913 0.00518
v 0.18647 1.38165 0.09073 0.02315 0.00913 0.00518
v 0.19286 1.38804 0.09073 0.02315 0.00913 0.00518
v 0.18647 1.38165 0.09073 0.02315 0.00913 0.00518
v 0.19230 1.38221 0.09184 0.02315 0.00913 0.00518
v 0.19286 1.38804 0.09073 0.02315 0.00913 0.00518
v 0.19286 1.38804 0.09073 0.02315 0.00913 0.00518
v 0.19230 1.38221 0.09184 0.02315 0.00913 0.00518
v 0.19657 1.38804 0.09340 0.02315 0.00913 0.00518
v 0.19230 1.38221 0.09184 0.02315 0.00913 0.00518
v 0.19599 1.38328 0.09398 0.02315 0.00913 0.00518
v 0.19657 1.38804 0.09340 0.02315 0.00913 0.00518
v -0.19599 1.38328 0.09398 0.02315 0.00913 0.00518
v -0.19472 1.37979 0.09526 0.02315 0.00913 0.00518
v -0.19230 1.38221 0.09184 0.02315 0.00913 0.00518
v -0.19472 1.37979 0.09526 0.02315 0.00913 0.00518
v -0.19123 1.37852 0.09398 0.02315 0.00913 0.00518
v -0.19230 1.38221 0.09184 0.02315 0.00913 0.00518
v -0.19230 1.38221 0.09184 0.02315 0.00913 0.00518
v -0.19123 1.37852 0.09398 0.02315 0.00913 0.00518
v -0.18647 1.38165 0.09073 0.02315 0.00913 0.00518
v -0.19123 1.37852 0.09398 0.02315 0.00913 0.00518
v -0.18647 1.37794 0.09340 0.02315 0.00913 0.00518
v -0.18647 1.38165 0.09073 0.02315 0.00913 0.00518
v -0.18647 1.38165 0.09073 0.02315 0.00913 0.00518
v -0.18647 1.37794 0.09340 0.02315 0.00913 0.00518
v 0.18647 1.38165 0.09073 0.02315 0.00913 0.00518
v -0.18647 1.37794 0.09340 0.02315 0.00913 0.00518
v 0.18647 1.37794 0.09340 0.02315 0.00913 0.00518
v 0.18647 1.38165 0.09073 0.02315 0.00913 0.00518
v 0.18647 1.38165 0.09073 0.02315 0.00913 0.00518
v 0.18647 1.37794 0.09340 0.02315 0.00913 0.00518
v 0.19230 1.38221 0.09184 0.02315 0.00913 0.00518
v 0.18647 1.37794 0.09340 0.02315 0.00913 0.00518
v 0.19123 1.37852 0.09398 0.02315 0.00913 0.00518
v 0.19230 1.38221 0.09184 0.02315 0.00913 0.00518
v 0.19230 1.38221 0.09184 0.02315 0.00913 0.00518
v 0.19123 1.37852 0.09398 0.02315 0.00913 0.00518
v 0.19599 1.38328 0.09398 0.02315 0.00913 0.00518
v 0.19123 1.37852 0.09398 0.02315 0.00913 0.00518
v 0.19472 1.37979 0.09526 0.02315 0.00913 0.00518
v 0.19599 1.38328 0.09398 0.02315 0.00913 0.00518
v -0.17985 1.30824 0.23189 0.02315 0.00913 0.00518
v -0.18112 1.30476 0.23317 0.02315 0.00913 0.00518
v -0.18112 1.30952 0.22841 0.02315 0.00913 0.00518
v -0.18112 1.30476 0.23317 0.02315 0.00913 0.00518
v -0.18326 1.30583 0.22948 0.02315 0.00913 0.00518
v -0.18112 1.30952 0.22841 0.02315 0.00913 0.00518
v -0.18112 1.30952 0.22841 0.02315 0.00913 0.00518
v -0.18326 1.30583 0.22948 0.02315 0.00913 0.00518
v -0.18170 1.31010 0.22365 0.02315 0.00913 0.00518
v -0.18326 1.30583 0.22948 0.02315 0.00913 0.00518
v -0.18437 1.30639 0.22365 0.02315 0.00913 0.00518
v -0.18170 1.31010 0.22365 0.02315 0.00913 0.00518
v -0.18170 1.31010 0.22365 0.02315 0.00913 0.00518
v -0.18437 1.30639 0.22365 0.02315 0.00913 0.00518
v -0.18170 1.31010 0.10350 0.02315 0.00913 0.00518
v -0.18437 1.30639 0.22365 0.02315 0.00913 0.00518
v -0.18437 1.30639 0.10350 0.02315 0.00913 0.00518
v -0.18170 1.31010 0.10350 0.02315 0.00913 0.00518
v -0.18170 1.31010 0.10350 0.02315 0.00913 0.00518
v -0.18437 1.30639 0.10350 0.02315 0.00913 0.00518
v -0.18112 1.30952 0.09874 0.02315 0.00913 0.00518
v -0.18437 1.30639 0.10350 0.02315 0.00913 0.00518
v -0.18326 1.30583 0.09767 0.02315 0.00913 0.00518
v -0.18112 1.30952 0.09874 0.02315 0.00913 0.00518
v -0.18112 1.30952 0.09874 0.02315 0.00913 0.00518
v -0.18326 1.30583 0.09767 0.02315 0.00913 0.00518
v -0.17985 1.30824 0.09526 0.02315 0.00913 0.00518
v -0.18326 1.30583 0.09767 0.02315 0.00913 0.00518
v -0.18112 1.30476 0.09398 0.02315 0.00913 0.00518
v -0.17985 1.30824 0.09526 0.02315 0.00913 0.00518
v -0.18112 1.30476 0.23317 0.02315 0.00913 0.00518
v -0.18170 1.30000 0.23374 0.02315 0.00913 0.00518
v -0.18326 1.30583 0.22948 0.02315 0.00913 0.00518
v -0.18170 1.30000 0.23374 0.02315 0.00913 0.00518
v -0.18437 1.30000 0.23003 0.02315 0.00913 0.00518
v -0.18326 1.30583 0.22948 0.02315 0.00913 0.00518
v -0.18326 1.30583 0.22948 0.02315 0.00913 0.00518
v -0.18437 1.30000 0.23003 0.02315 0.00913 0.00518
v -0.18437 1.30639 0.22365 0.02315 0.00913 0.00518
v -0.18437 1.30000 0.23003 0.02315 0.00913 0.00518
v -0.18588 1.30000 0.22365 0.02315 0.00913 0.00518
v -0.18437 1.30639 0.22365 0.02315 0.00913 0.00518
v -0.18437 1.30639 0.22365 0.02315 0.00913 0.00518
v -0.18588 1.30000 0.22365 0.02315 0.00913 0.00518
v -0.18437 1.30639 0.10350 0.02315 0.00913 0.00518
v -0.18588 1.30000 0.22365 0.02315 0.00913 0.00518
v -0.18588 1.30000 0.10350 0.02315 0.00913 0.00518
v -0.18437 1.30639 0.10350 0.02315 0.00913 0.00518
v -0.18437 1.30639 0.10350 0.02315 0.00913 0.00518
v -0.18588 1.30000 0.10350 0.02315 0.00913 0.00518
v -0.18326 1.30583 0.09767 0.02315 0.00913 0.00518
v -0.18588 1.30000 0.10350 0.02315 0.00913 0.00518
v -0.18437 1.30000 0.09711 0.02315 0.00913 0.00518
v -0.18326 1.30583 0.09767 0.02315 0.00913 0.00518
v -0.18326 1.30583 0.09767 0.02315 0.00913 0.00518
v -0.18437 1.30000 0.09711 0.02315 0.00913 0.00518
v -0.18112 1.30476 0.09398 0.02315 0.00913 0.00518
v -0.18437 1.30000 0.09711 0.02315 0.00913 0.00518
v -0.18170 1.30000 0.09340 0.02315 0.00913 0.00518
v -0.18112 1.30476 0.09398 0.02315 0.00913 0.00518
v -0.18170 1.30000 0.23374 0.02315 0.00913 0.00518
v -0.18170 1.23933 0.23374 0.02315 0.00913 0.00518
v -0.18437 1.30000 0.23003 0.02315 0.00913 0.00518
v -0.18170 1.23933 0.23374 0.02315 0.00913 0.00518
v -0.18437 1.23933 0.23003 0.02315 0.00913 0.00518
v -0.18437 1.30000 0.23003 0.02315 0.00913 0.00518
v -0.18437 1.30000 0.23003 0.02315 0.00913 0.00518
v -0.18437 1.23933 0.23003 0.02315 0.00913 0.00518
v -0.18588 1.30000 0.22365 0.02315 0.00913 0.00518
v -0.18437 1.23933 0.23003 0.02315 0.00913 0.00518
v -0.18588 1.23933 0.22365 0.02315 0.00913 0.00518
v -0.18588 1.30000 0.22365 0.02315 0.00913 0.00518
v -0.18588 1.30000 0.22365 0.02315 0.00913 0.00518
v -0.18588 1.23933 0.22365 0.02315 0.00913 0.00518
v -0.18588 1.30000 0.10350 0.02315 0.00913 0.00518
v -0.18588 1.23933 0.22365 0.02315 0.00913 0.00518
v -0.18588 1.23933 0.10350 0.02315 0.00913 0.00518
v -0.18588 1.30000 0.10350 0.02315 0.00913 0.00518
v -0.18588 1.30000 0.10350 0.02315 0.00913 0.00518
v -0.18588 1.23933 0.10350 0.02315 0.00913 0.00518
v -0.18437 1.30000 0.09711 0.02315 0.00913 0.00518
v -0.18588 1.23933 0.10350 0.02315 0.00913 0.00518
v -0.18437 1.23933 0.09711 0.02315 0.00913 0.00518
v -0.18437 1.30000 0.09711 0.02315 0.00913 0.00518
v -0.18437 1.30000 0.09711 0.02315 0.00913 0.00518
v -0.18437 1.23933 0.09711 0.02315 0.00913 0.00518
v -0.18170 1.30000 0.09340 0.02315 0.00913 0.00518
v -0.18437 1.23933 0.09711 0.02315 0.00913 0.00518
v -0.18170 1.23933 0.09340 0.02315 0.00913 0.00518
v -0.18170 1.30000 0.09340 0.02315 0.00913 0.00518
v -0.18170 1.23933 0.23374 0.02315 0.00913 0.00518
v -0.18112 1.23457 0.23317 0.02315 0.00913 0.00518
v -0.18437 1.23933 0.23003 0.02315 0.00913 0.00518
v -0.18112 1.23457 0.23317 0.02315 0.00913 0.00518
v -0.18326 1.23350 0.22948 0.02315 0.00913 0.00518
v -0.18437 1.23933 0.23003 0.02315 0.00913 0.00518
v -0.18437 1.23933 0.23003 0.02315 0.00913 0.00518
v -0.18326 1.23350 0.22948 0.02315 0.00913 0.00518
v -0.18588 1.23933 0.22365 0.02315 0.00913 0.00518
v -0.18326 1.23350 0.22948 0.02315 0.00913 0.00518
v -0.18437 1.23295 0.22365 0.02315 0.00913 0.00518
v -0.18588 1.23933 0.22365 0.02315 0.00913 0.00518
v -0.18588 1.23933 0.22365 0.02315 0.00913 0.00518
v -0.18437 1.23295 0.22365 0.02315 0.00913 0.00518
v -0.18588 1.23933 0.10350 0.02315 0.00913 0.00518
v -0.18437 1.23295 0.22365 0.02315 0.00913 0.00518
v -0.18437 1.23295 0.10350 0.02315 0.00913 0.00518
v -0.18588 1.23933 0.10350 0.02315 0.00913 0.00518
v -0.18588 1.23933 0.10350 0.02315 0.00913 0.00518
v -0.18437 1.23295 0.10350 0.02315 0.00913 0.00518
v -0.18437 1.23933 0.09711 0.02315 0.00913 0.00518
v -0.18437 1.23295 0.10350 0.02315 0.00913 0.00518
v -0.18326 1.23350 0.09767 0.02315 0.00913 0.00518
v -0.18437 1.23933 0.09711 0.02315 0.00913 0.00518
v -0.18437 1.23933 0.09711 0.02315 0.00913 0.00518
v -0.18326 1.23350 0.09767 0.02315 0.00913 0.00518
v -0.18170 1.23933 0.09340 0.02315 0.00913 0.00518
v -0.18326 1.23350 0.09767 0.02315 0.00913 0.00518
v -0.18112 1.23457 0.09398 0.02315 0.00913 0.00518
v -0.18170 1.23933 0.09340 0.02315 0.00913 0.00518
v -0.18112 1.23457 0.23317 0.02315 0.00913 0.00518
v -0.17985 1.23109 0.23189 0.02315 0.00913 0.00518
v -0.18326 1.23350 0.22948 0.02315 0.00913 0.00518
v -0.17985 1.23109 0.23189 0.02315 0.00913 0.00518
v -0.18112 1.22981 0.22841 0.02315 0.00913 0.00518
v -0.18326 1.23350 0.22948 0.02315 0.00913 0.00518
v -0.18326 1.23350 0.22948 0.02315 0.00913 0.00518
v -0.18112 1.22981 0.22841 0.02315 0.00913 0.00518
v -0.18437 1.23295 0.22365 0.02315 0.00913 0.00518
v -0.18112 1.22981 0.22841 0.02315 0.00913 0.00518
v -0.18170 1.22924 0.22365 0.02315 0.00913 0.00518
v -0.18437 1.23295 0.22365 0.02315 0.00913 0.00518
v -0.18437 1.23295 0.22365 0.02315 0.00913 0.00518
v -0.18170 1.22924 0.22365 0.02315 0.00913 0.00518
v -0.18437 1.23295 0.10350 0.02315 0.00913 0.00518
v -0.18170 1.22924 0.22365 0.02315 0.00913 0.00518
v -0.18170 1.22924 0.10350 0.02315 0.00913 0.00518
v -0.18437 1.23295 0.10350 0.02315 0.00913 0.00518
v -0.18437 1.23295 0.10350 0.02315 0.00913 0.00518
v -0.18170 1.22924 0.10350 0.02315 0.00913 0.00518
v -0.18326 1.23350 0.09767 0.02315 0.00913 0.00518
v -0.18170 1.22924 0.10350 0.02315 0.00913 0.00518
v -0.18112 1.22981 0.09874 0.02315 0.00913 0.00518
v -0.18326 1.23350 0.09767 0.02315 0.00913 0.00518
v -0.18326 1.23350 0.09767 0.02315 0.00913 0.00518
v -0.18112 1.22981 0.09874 0.02315 0.00913 0.00518
v -0.18112 1.23457 0.09398 0.02315 0.00913 0.00518
v -0.18112 1.22981 0.09874 0.02315 0.00913 0.00518
v -0.17985 1.23109 0.09526 0.02315 0.00913 0.00518
v -0.18112 1.23457 0.09398 0.02315 0.00913 0.00518
v 0.17985 1.30824 0.09526 0.02315 0.00913 0.00518
v 0.18112 1.30476 0.09398 0.02315 0.00913 0.00518
v 0.18112 1.30952 0.09874 0.02315 0.00913 0.00518
v 0.18112 1.30476 0.09398 0.02315 0.00913 0.00518
v 0.18326 1.30583 0.09767 0.02315 0.00913 0.00518
v 0.18112 1.30952 0.09874 0.02315 0.00913 0.00518
v 0.18112 1.30952 0.09874 0.02315 0.00913 0.00518
v 0.18326 1.30583 0.09767 0.02315 0.00913 0.00518
v 0.18170 1.31010 0.10350 0.02315 0.00913 0.00518
v 0.18326 1.30583 0.09767 0.02315 0.00913 0.00518
v 0.18437 1.30639 0.10350 0.02315 0.00913 0.00518
v 0.18170 1.31010 0.10350 0.02315 0.00913 0.00518
v 0.18170 1.31010 0.10350 0.02315 0.00913 0.00518
v 0.18437 1.30639 0.10350 0.02315 0.00913 0.00518
v 0.18170 1.31010 0.22365 0.02315 0.00913 0.00518
v 0.18437 1.30639 0.10350 0.02315 0.00913 0.00518
v 0.18437 1.30639 0.22365 0.02315 0.00913 0.00518
v 0.18170 1.31010 0.22365 0.02315 0.00913 0.00518
v 0.18170 1.31010 0.22365 0.02315 0.00913 0.00518
v 0.18437 1.30639 0.22365 0.02315 0.00913 0.00518
v 0.18112 1.30952 0.22841 0.02315 0.00913 0.00518
v 0.18437 1.30639 0.22365 0.02315 0.00913 0.00518
v 0.18326 1.30583 0.22948 0.02315 0.00913 0.00518
v 0.18112 1.30952 0.22841 0.02315 0.00913 0.00518
v 0.18112 1.30952 0.22841 0.02315 0.00913 0.00518
v 0.18326 1.30583 0.22948 0.02315 0.00913 0.00518
v 0.17985 1.30824 0.23189 0.02315 0.00913 0.00518
v 0.18326 1.30583 0.22948 0.02315 0.00913 0.00518
v 0.18112 1.30476 0.23317 0.02315 0.00913 0.00518
v 0.17985 1.30824 0.23189 0.02315 0.00913 0.00518
v 0.18112 1.30476 0.09398 0.02315 0.00913 0.00518
v 0.18170 1.30000 0.09340 0.02315 0.00913 0.00518
v 0.18326 1.30583 0.09767 0.02315 0.00913 0.00518
v 0.18170 1.30000 0.09340 0.02315 0.00913 0.00518
v 0.18437 1.30000 0.09711 0.02315 0.00913 0.00518
v 0.18326 1.30583 0.09767 0.02315 0.00913 0.00518
v 0.18326 1.30583 0.09767 0.02315 0.00913 0.00518
v 0.18437 1.30000 0.09711 0.02315 0.00913 0.00518
v 0.18437 1.30639 0.10350 0.02315 0.00913 0.00518
v 0.18437 1.30000 0.09711 0.02315 0.00913 0.00518
v 0.18588 1.30000 0.10350 0.02315 0.00913 0.00518
v 0.18437 1.30639 0.10350 0.02315 0.00913 0.00518
v 0.18437 1.30639 0.10350 0.02315 0.00913 0.00518
v 0.18588 1.30000 0.10350 0.02315 0.00913 0.00518
v 0.18437 1.30639 0.22365 0.02315 0.00913 0.00518
v 0.18588 1.30000 0.10350 0.02315 0.00913 0.00518
v 0.18588 1.30000 0.22365 0.02315 0.00913 0.00518
v 0.18437 1.30639 0.22365 0.02315 0.00913 0.00518
v 0.18437 1.30639 0.22365 0.02315 0.00913 0.00518
v 0.18588 1.30000 0.22365 0.02315 0.00913 0.00518
v 0.18326 1.30583 0.22948 0.02315 0.00913 0.00518
v 0.18588 1.30000 0.22365 0.02315 0.00913 0.00518
v 0.18437 1.30000 0.23003 0.02315 0.00913 0.00518
v 0.18326 1.30583 0.22948 0.02315 0.00913 0.00518
v 0.18326 1.30583 0.22948 0.02315 0.00913 0.00518
v 0.18437 1.30000 0.23003 0.02315 0.00913 0.00518
v 0.18112 1.30476 0.23317 0.02315 0.00913 0.00518
v 0.18437 1.30000 0.23003 0.02315 0.00913 0.00518
v 0.18170 1.30000 0.23374 0.02315 0.00913 0.00518
v 0.18112 1.30476 0.23317 0.02315 0.00913 0.00518
v 0.18170 1.30000 0.09340 0.02315 0.00913 0.00518
v 0.18170 1.23933 0.09340 0.02315 0.00913 0.00518
v 0.18437 1.30000 0.09711 0.02315 0.00913 0.00518
v 0.18170 1.23933 0.09340 0.02315 0.00913 0.00518
v 0.18437 1.23933 0.09711 0.02315 0.00913 0.00518
v 0.18437 1.30000 0.09711 0.02315 0.00913 0.00518
v 0.18437 1.30000 0.09711 0.02315 0.00913 0.00518
v 0.18437 1.23933 0.09711 0.02315 0.00913 0.00518
v 0.18588 1.30000 0.10350 0.02315 0.00913 0.00518
v 0.18437 1.23933 0.09711 0.02315 0.00913 0.00518
v 0.18588 1.23933 0.10350 0.02315 0.00913 0.00518
v 0.18588 1.30000 0.10350 0.02315 0.00913 0.00518
v 0.18588 1.30000 0.10350 0.02315 0.00913 0.00518
v 0.18588 1.23933 0.10350 0.02315 0.00913 0.00518
v 0.18588 1.30000 0.22365 0.02315 0.00913 0.00518
v 0.18588 1.23933 0.10350 0.02315 0.00913 0.00518
v 0.18588 1.23933 0.22365 0.02315 0.00913 0.00518
v 0.18588 1.30000 0.22365 0.02315 0.00913 0.00518
v 0.18588 1.30000 0.22365 0.02315 0.00913 0.00518
v 0.18588 1.23933 0.22365 0.02315 0.00913 0.00518
v 0.18437 1.30000 0.23003 0.02315 0.00913 0.00518
v 0.18588 1.23933 0.22365 0.02315 0.00913 0.00518
v 0.18437 1.23933 0.23003 0.02315 0.00913 0.00518
v 0.18437 1.30000 0.23003 0.02315 0.00913 0.00518
v 0.18437 1.30000 0.23003 0.02315 0.00913 0.00518
v 0.18437 1.23933 0.23003 0.02315 0.00913 0.00518
v 0.18170 1.30000 0.23374 0.02315 0.00913 0.00518
v 0.18437 1.23933 0.23003 0.02315 0.00913 0.00518
v 0.18170 1.23933 0.23374 0.02315 0.00913 0.00518
v 0.18170 1.30000 0.23374 0.02315 0.00913 0.00518
v 0.18170 1.23933 0.09340 0.02315 0.00913 0.00518
v 0.18112 1.23457 0.09398 0.02315 0.00913 0.00518
v 0.18437 1.23933 0.09711 0.02315 0.00913 0.00518
v 0.18112 1.23457 0.09398 0.02315 0.00913 0.00518
v 0.18326 1.23350 0.09767 0.02315 0.00913 0.00518
v 0.18437 1.23933 0.09711 0.02315 0.00913 0.00518
v 0.18437 1.23933 0.09711 0.02315 0.00913 0.00518
v 0.18326 1.23350 0.09767 0.02315 0.00913 0.00518
v 0.18588 1.23933 0.10350 0.02315 0.00913 0.00518
v 0.18326 1.23350 0.09767 0.02315 0.00913 0.00518
v 0.18437 1.23295 0.10350 0.02315 0.00913 0.00518
v 0.18588 1.23933 0.10350 0.02315 0.00913 0.00518
v 0.18588 1.23933 0.10350 0.02315 0.00913 0.00518
v 0.18437 1.23295 0.10350 0.02315 0.00913 0.00518
v 0.18588 1.23933 0.22365 0.02315 0.00913 0.00518
v 0.18437 1.23295 0.10350 0.02315 0.00913 0.00518
v 0.18437 1.23295 0.22365 0.02315 0.00913 0.00518
v 0.18588 1.23933 0.22365 0.02315 0.00913 0.00518
v 0.18588 1.23933 0.22365 0.02315 0.00913 0.00518
v 0.18437 1.23295 0.22365 0.02315 0.00913 0.00518
v 0.18437 1.23933 0.23003 0.02315 0.00913 0.00518
v 0.18437 1.23295 0.22365 0.02315 0.00913 0.00518
v 0.18326 1.23350 0.22948 0.02315 0.00913 0.00518
v 0.18437 1.23933 0.23003 0.02315 0.00913 0.00518
v 0.18437 1.23933 0.23003 0.02315 0.00913 0.00518
v 0.18326 1.23350 0.22948 0.02315 0.00913 0.00518
v 0.18170 1.23933 0.23374 0.02315 0.00913 0.00518
v 0.18326 1.23350 0.22948 0.02315 0.00913 0.00518
v 0.18112 1.23457 0.23317 0.02315 0.00913 0.00518
v 0.18170 1.23933 0.23374 0.02315 0.00913 0.00518
v 0.18112 1.23457 0.09398 0.02315 0.00913 0.00518
v 0.17985 1.23109 0.09526 0.02315 0.00913 0.00518
v 0.18326 1.23350 0.09767 0.02315 0.00913 0.00518
v 0.17985 1.23109 0.09526 0.02315 0.00913 0.00518
v 0.18112 1.22981 0.09874 0.02315 0.00913 0.00518
v 0.18326 1.23350 0.09767 0.02315 0.00913 0.00518
v 0.18326 1.23350 0.09767 0.02315 0.00913 0.00518
v 0.18112 1.22981 0.09874 0.02315 0.00913 0.00518
v 0.18437 1.23295 0.10350 0.02315 0.00913 0.00518
v 0.18112 1.22981 0.09874 0.02315 0.00913 0.00518
v 0.18170 1.22924 0.10350 0.02315 0.00913 0.00518
v 0.18437 1.23295 0.10350 0.02315 0.00913 0.00518
v 0.18437 1.23295 0.10350 0.02315 0.00913 0.00518
v 0.18170 1.22924 0.10350 0.02315 0.00913 0.00518
v 0.18437 1.23295 0.22365 0.02315 0.00913 0.00518
v 0.18170 1.22924 0.10350 0.02315 0.00913 0.00518
v 0.18170 1.22924 0.22365 0.02315 0.00913 0.00518
v 0.18437 1.23295 0.22365 0.02315 0.00913 0.00518
v 0.18437 1.23295 0.22365 0.02315 0.00913 0.00518
v 0.18170 1.22924 0.22365 0.02315 0.00913 0.00518
v 0.18326 1.23350 0.22948 0.02315 0.00913 0.00518
v 0.18170 1.22924 0.22365 0.02315 0.00913 0.00518
v 0.18112 1.22981 0.22841 0.02315 0.00913 0.00518
v 0.18326 1.23350 0.22948 0.02315 0.00913 0.00518
v 0.18326 1.23350 0.22948 0.02315 0.00913 0.00518
v 0.18112 1.22981 0.22841 0.02315 0.00913 0.00518
v 0.18112 1.23457 0.23317 0.02315 0.00913 0.00518
v 0.18112 1.22981 0.22841 0.02315 0.00913 0.00518
v 0.17985 1.23109 0.23189 0.02315 0.00913 0.00518
v 0.18112 1.23457 0.23317 0.02315 0.00913 0.00518
v 0.17985 1.30824 0.09526 0.02315 0.00913 0.00518
v 0.18112 1.30952 0.09874 0.02315 0.00913 0.00518
v 0.17636 1.30952 0.09398 0.02315 0.00913 0.00518
v 0.18112 1.30952 0.09874 0.02315 0.00913 0.00518
v 0.17743 1.31166 0.09767 0.02315 0.00913 0.00518
v 0.17636 1.30952 0.09398 0.02315 0.00913 0.00518
v 0.17636 1.30952 0.09398 0.02315 0.00913 0.00518
v 0.17743 1.31166 0.09767 0.02315 0.00913 0.00518
v 0.17160 1.31010 0.09340 0.02315 0.00913 0.00518
v 0.17743 1.31166 0.09767 0.02315 0.00913 0.00518
v 0.17160 1.31277 0.09711 0.02315 0.00913 0.00518
v 0.17160 1.31010 0.09340 0.02315 0.00913 0.00518
v 0.17160 1.31010 0.09340 0.02315 0.00913 0.00518
v 0.17160 1.31277 0.09711 0.02315 0.00913 0.00518
v -0.17160 1.31010 0.09340 0.02315 0.00913 0.00518
v 0.17160 1.31277 0.09711 0.02315 0.00913 0.00518
v -0.17160 1.31277 0.09711 0.02315 0.00913 0.00518
v -0.17160 1.31010 0.09340 0.02315 0.00913 0.00518
v -0.17160 1.31010 0.09340 0.02315 0.00913 0.00518
v -0.17160 1.31277 0.09711 0.02315 0.00913 0.00518
v -0.17636 1.30952 0.09398 0.02315 0.00913 0.00518
v -0.17160 1.31277 0.09711 0.02315 0.00913 0.00518
v -0.17743 1.31166 0.09767 0.02315 0.00913 0.00518
v -0.17636 1.30952 0.09398 0.02315 0.00913 0.00518
v -0.17636 1.30952 0.09398 0.02315 0.00913 0.00518
v -0.17743 1.31166 0.09767 0.02315 0.00913 0.00518
v -0.17985 1.30824 0.09526 0.02315 0.00913 0.00518
v -0.17743 1.31166 0.09767 0.02315 0.00913 0.00518
v -0.18112 1.30952 0.09874 0.02315 0.00913 0.00518
v -0.17985 1.30824 0.09526 0.02315 0.00913 0.00518
v 0.18112 1.30952 0.09874 0.02315 0.00913 0.00518
v 0.18170 1.31010 0.10350 0.02315 0.00913 0.00518
v 0.17743 1.31166 0.09767 0.02315 0.00913 0.00518
v 0.18170 1.31010 0.10350 0.02315 0.00913 0.00518
v 0.17799 1.31277 0.10350 0.02315 0.00913 0.00518
v 0.17743 1.31166 0.09767 0.02315 0.00913 0.00518
v 0.17743 1.31166 0.09767 0.02315 0.00913 0.00518
v 0.17799 1.31277 0.10350 0.02315 0.00913 0.00518
v 0.17160 1.31277 0.09711 0.02315 0.00913 0.00518
v 0.17799 1.31277 0.10350 0.02315 0.00913 0.00518
v 0.17160 1.31428 0.10350 0.02315 0.00913 0.00518
v 0.17160 1.31277 0.09711 0.02315 0.00913 0.00518
v 0.17160 1.31277 0.09711 0.02315 0.00913 0.00518
v 0.17160 1.31428 0.10350 0.02315 0.00913 0.00518
v -0.17160 1.31277 0.09711 0.02315 0.00913 0.00518
v 0.17160 1.31428 0.10350 0.02315 0.00913 0.00518
v -0.17160 1.31428 0.10350 0.02315 0.00913 0.00518
v -0.17160 1.31277 0.09711 0.02315 0.00913 0.00518
v -0.17160 1.31277 0.09711 0.02315 0.00913 0.00518
v -0.17160 1.31428 0.10350 0.02315 0.00913 0.00518
v -0.17743 1.31166 0.09767 0.02315 0.00913 0.00518
v -0.17160 1.31428 0.10350 0.02315 0.00913 0.00518
v -0.17799 1.31277 0.10350 0.02315 0.00913 0.00518
v -0.17743 1.31166 0.09767 0.02315 0.00913 0.00518
v -0.17743 1.31166 0.09767 0.02315 0.00913 0.00518
v -0.17799 1.31277 0.10350 0.02315 0.00913 0.00518
v -0.18112 1.30952 0.09874 0.02315 0.00913 0.00518
v -0.17799 1.31277 0.10350 0.02315 0.00913 0.00518
v -0.18170 1.31010 0.10350 0.02315 0.00913 0.00518
v -0.18112 1.30952 0.09874 0.02315 0.00913 0.00518
v 0.18170 1.31010 0.10350 0.02315 0.00913 0.00518
v 0.18170 1.31010 0.22365 0.02315 0.00913 0.00518
v 0.17799 1.31277 0.10350 0.02315 0.00913 0.00518
v 0.18170 1.31010 0.22365 0.02315 0.00913 0.00518
v 0.17799 1.31277 0.22365 0.02315 0.00913 0.00518
v 0.17799 1.31277 0.10350 0.02315 0.00913 0.00518
v 0.17799 1.31277 0.10350 0.02315 0.00913 0.00518
v 0.17799 1.31277 0.22365 0.02315 0.00913 0.00518
v 0.17160 1.31428 0.10350 0.02315 0.00913 0.00518
v 0.17799 1.31277 0.22365 0.02315 0.00913 0.00518
v 0.17160 1.31428 0.22365 0.02315 0.00913 0.00518
v 0.17160 1.31428 0.10350 0.02315 0.00913 0.00518
v 0.17160 1.31428 0.10350 0.02315 0.00913 0.00518
v 0.17160 1.31428 0.22365 0.02315 0.00913 0.00518
v -0.17160 1.31428 0.10350 0.02315 0.00913 0.00518
v 0.17160 1.31428 0.22365 0.02315 0.00913 0.00518
v -0.17160 1.31428 0.22365 0.02315 0.00913 0.00518
v -0.17160 1.31428 0.10350 0.02315 0.00913 0.00518
v -0.17160 1.31428 0.10350 0.02315 0.00913 0.00518
v -0.17160 1.31428 0.22365 0.02315 0.00913 0.00518
v -0.17799 1.31277 0.10350 0.02315 0.00913 0.00518
v -0.17160 1.31428 0.22365 0.02315 0.00913 0.00518
v -0.17799 1.31277 0.22365 0.02315 0.00913 0.00518
v -0.17799 1.31277 0.10350 0.02315 0.00913 0.00518
v -0.17799 1.31277 0.10350 0.02315 0.00913 0.00518
v -0.17799 1.31277 0.22365 0.02315 0.00913 0.00518
v -0.18170 1.31010 0.10350 0.02315 0.00913 0.00518
v -0.17799 1.31277 0.22365 0.02315 0.00913 0.00518
v -0.18170 1.31010 0.22365 0.02315 0.00913 0.00518
v -0.18170 1.31010 0.10350 0.02315 0.00913 0.00518
v 0.18170 1.31010 0.22365 0.02315 0.00913 0.00518
v 0.18112 1.30952 0.22841 0.02315 0.00913 0.00518
v 0.17799 1.31277 0.22365 0.02315 0.00913 0.00518
v 0.18112 1.30952 0.22841 0.02315 0.00913 0.00518
v 0.17743 1.31166 0.22948 0.02315 0.00913 0.00518
v 0.17799 1.31277 0.22365 0.02315 0.00913 0.00518
v 0.17799 1.31277 0.22365 0.02315 0.00913 0.00518
v 0.17743 1.31166 0.22948 0.02315 0.00913 0.00518
v 0.17160 1.31428 0.22365 0.02315 0.00913 0.00518
v 0.17743 1.31166 0.22948 0.02315 0.00913 0.00518
v 0.17160 1.31277 0.23003 0.02315 0.00913 0.00518
v 0.17160 1.31428 0.22365 0.02315 0.00913 0.00518
v 0.17160 1.31428 0.22365 0.02315 0.00913 0.00518
v 0.17160 1.31277 0.23003 0.02315 0.00913 0.00518
v -0.17160 1.31428 0.22365 0.02315 0.00913 0.00518
v 0.17160 1.31277 0.23003 0.02315 0.00913 0.00518
v -0.17160 1.31277 0.23003 0.02315 0.00913 0.00518
v -0.17160 1.31428 0.22365 0.02315 0.00913 0.00518
v -0.17160 1.31428 0.22365 0.02315 0.00913 0.00518
v -0.17160 1.31277 0.23003 0.02315 0.00913 0.00518
v -0.17799 1.31277 0.22365 0.02315 0.00913 0.00518
v -0.17160 1.31277 0.23003 0.02315 0.00913 0.00518
v -0.17743 1.31166 0.22948 0.02315 0.00913 0.00518
v -0.17799 1.31277 0.22365 0.02315 0.00913 0.00518
v -0.17799 1.31277 0.22365 0.02315 0.00913 0.00518
v -0.17743 1.31166 0.22948 0.02315 0.00913 0.00518
v -0.18170 1.31010 0.22365 0.02315 0.00913 0.00518
v -0.17743 1.31166 0.22948 0.02315 0.00913 0.00518
v -0.18112 1.30952 0.22841 0.02315 0.00913 0.00518
v -0.18170 1.31010 0.22365 0.02315 0.00913 0.00518
v 0.18112 1.30952 0.22841 0.02315 0.00913 0.00518
v 0.17985 1.30824 0.23189 0.02315 0.00913 0.00518
v 0.17743 1.31166 0.22948 0.02315 0.00913 0.00518
v 0.17985 1.30824 0.23189 0.02315 0.00913 0.00518
v 0.17636 1.30952 0.23317 0.02315 0.00913 0.00518
v 0.17743 1.31166 0.22948 0.02315 0.00913 0.00518
v 0.17743 1.31166 0.22948 0.02315 0.00913 0.00518
v 0.17636 1.30952 0.23317 0.02315 0.00913 0.00518
v 0.17160 1.31277 0.23003 0.02315 0.00913 0.00518
v 0.17636 1.30952 0.23317 0.02315 0.00913 0.00518
v 0.17160 1.31010 0.23374 0.02315 0.00913 0.00518
v 0.17160 1.31277 0.23003 0.02315 0.00913 0.00518
v 0.17160 1.31277 0.23003 0.02315 0.00913 0.00518
v 0.17160 1.31010 0.23374 0.02315 0.00913 0.00518
v -0.17160 1.31277 0.23003 0.02315 0.00913 0.00518
v 0.17160 1.31010 0.23374 0.02315 0.00913 0.00518
v -0.17160 1.31010 0.23374 0.02315 0.00913 0.00518
v -0.17160 1.31277 0.23003 0.02315 0.00913 0.00518
v -0.17160 1.31277 0.23003 0.02315 0.00913 0.00518
v -0.17160 1.31010 0.23374 0.02315 0.00913 0.00518
v -0.17743 1.31166 0.22948 0.02315 0.00913 0.00518
v -0.17160 1.31010 0.23374 0.02315 0.00913 0.00518
v -0.17636 1.30952 0.23317 0.02315 0.00913 0.00518
v -0.17743 1.31166 0.22948 0.02315 0.00913 0.00518
v -0.17743 1.31166 0.22948 0.02315 0.00913 0.00518
v -0.17636 1.30952 0.23317 0.02315 0.00913 0.00518
v -0.18112 1.30952 0.22841 0.02315 0.00913 0.00518
v -0.17636 1.30952 0.23317 0.02315 0.00913 0.00518
v -0.17985 1.30824 0.23189 0.02315 0.00913 0.00518
v -0.18112 1.30952 0.22841 0.02315 0.00913 0.00518
v 0.17985 1.23109 0.23189 0.02315 0.00913 0.00518
v 0.18112 1.22981 0.22841 0.02315 0.00913 0.00518
v 0.17636 1.22981 0.23317 0.02315 0.00913 0.00518
v 0.18112 1.22981 0.22841 0.02315 0.00913 0.00518
v 0.17743 1.22768 0.22948 0.02315 0.00913 0.00518
v 0.17636 1.22981 0.23317 0.02315 0.00913 0.00518
v 0.17636 1.22981 0.23317 0.02315 0.00913 0.00518
v 0.17743 1.22768 0.22948 0.02315 0.00913 0.00518
v 0.17160 1.22924 0.23374 0.02315 0.00913 0.00518
v 0.17743 1.22768 0.22948 0.02315 0.00913 0.00518
v 0.17160 1.22656 0.23003 0.02315 0.00913 0.00518
v 0.17160 1.22924 0.23374 0.02315 0.00913 0.00518
v 0.17160 1.22924 0.23374 0.02315 0.00913 0.00518
v 0.17160 1.22656 0.23003 0.02315 0.00913 0.00518
v -0.17160 1.22924 0.23374 0.02315 0.00913 0.00518
v 0.17160 1.22656 0.23003 0.02315 0.00913 0.00518
v -0.17160 1.22656 0.23003 0.02315 0.00913 0.00518
v -0.17160 1.22924 0.23374 0.02315 0.00913 0.00518
v -0.17160 1.22924 0.23374 0.02315 0.00913 0.00518
v -0.17160 1.22656 0.23003 0.02315 0.00913 0.00518
v -0.17636 1.22981 0.23317 0.02315 0.00913 0.00518
v -0.17160 1.22656 0.23003 0.02315 0.00913 0.00518
v -0.17743 1.22768 0.22948 0.02315 0.00913 0.00518
v -0.17636 1.22981 0.23317 0.02315 0.00913 0.00518
v -0.17636 1.22981 0.23317 0.02315 0.00913 0.00518
v -0.17743 1.22768 0.22948 0.02315 0.00913 0.00518
v -0.17985 1.23109 0.23189 0.02315 0.00913 0.00518
v -0.17743 1.22768 0.22948 0.02315 0.00913 0.00518
v -0.18112 1.22981 0.22841 0.02315 0.00913 0.00518
v -0.17985 1.23109 0.23189 0.02315 0.00913 0.00518
v 0.18112 1.22981 0.22841 0.02315 0.00913 0.00518
v 0.18170 1.22924 0.22365 0.02315 0.00913 0.00518
v 0.17743 1.22768 0.22948 0.02315 0.00913 0.00518
v 0.18170 1.22924 0.22365 0.02315 0.00913 0.00518
v 0.17799 1.22656 0.22365 0.02315 0.00913 0.00518
v 0.17743 1.22768 0.22948 0.02315 0.00913 0.00518
v 0.17743 1.22768 0.22948 0.02315 0.00913 0.00518
v 0.17799 1.22656 0.22365 0.02315 0.00913 0.00518
v 0.17160 1.22656 0.23003 0.02315 0.00913 0.00518
v 0.17799 1.22656 0.22365 0.02315 0.00913 0.00518
v 0.17160 1.22506 0.22365 0.02315 0.00913 0.00518
v 0.17160 1.22656 0.23003 0.02315 0.00913 0.00518
v 0.17160 1.22656 0.23003 0.02315 0.00913 0.00518
v 0.17160 1.22506 0.22365 0.02315 0.00913 0.00518
v -0.17160 1.22656 0.23003 0.02315 0.00913 0.00518
v 0.17160 1.22506 0.22365 0.02315 0.00913 0.00518
v -0.17160 1.22506 0.22365 0.02315 0.00913 0.00518
v -0.17160 1.22656 0.23003 0.02315 0.00913 0.00518
v -0.17160 1.22656 0.23003 0.02315 0.00913 0.00518
v -0.17160 1.22506 0.22365 0.02315 0.00913 0.00518
v -0.17743 1.22768 0.22948 0.02315 0.00913 0.00518
v -0.17160 1.22506 0.22365 0.02315 0.00913 0.00518
v -0.17799 1.22656 0.22365 0.02315 0.00913 0.00518
v -0.17743 1.22768 0.22948 0.02315 0.00913 0.00518
v -0.17743 1.22768 0.22948 0.02315 0.00913 0.00518
v -0.17799 1.22656 0.22365 0.02315 0.00913 0.00518
v -0.18112 1.22981 0.22841 0.02315 0.00913 0.00518
v -0.17799 1.22656 0.22365 0.02315 0.00913 0.00518
v -0.18170 1.22924 0.22365 0.02315 0.00913 0.00518
v -0.18112 1.22981 0.22841 0.02315 0.00913 0.00518
v 0.18170 1.22924 0.22365 0.02315 0.00913 0.00518
v 0.18170 1.22924 0.10350 0.02315 0.00913 0.00518
v 0.17799 1.22656 0.22365 0.02315 0.00913 0.00518
v 0.18170 1.22924 0.10350 0.02315 0.00913 0.00518
v 0.17799 1.22656 0.10350 0.02315 0.00913 0.00518
v 0.17799 1.22656 0.22365 0.02315 0.00913 0.00518
v 0.17799 1.22656 0.22365 0.02315 0.00913 0.00518
v 0.17799 1.22656 0.10350 0.02315 0.00913 0.00518
v 0.17160 1.22506 0.22365 0.02315 0.00913 0.00518
v 0.17799 1.22656 0.10350 0.02315 0.00913 0.00518
v 0.17160 1.22506 0.10350 0.02315 0.00913 0.00518
v 0.17160 1.22506 0.22365 0.02315 0.00913 0.00518
v 0.17160 1.22506 0.22365 0.02315 0.00913 0.00518
v 0.17160 1.22506 0.10350 0.02315 0.00913 0.00518
v -0.17160 1.22506 0.22365 0.02315 0.00913 0.00518
v 0.17160 1.22506 0.10350 0.02315 0.00913 0.00518
v -0.17160 1.22506 0.10350 0.02315 0.00913 0.00518
v -0.17160 1.22506 0.22365 0.02315 0.00913 0.00518
v -0.17160 1.22506 0.22365 0.02315 0.00913 0.00518
v -0.17160 1.22506 0.10350 0.02315 0.00913 0.00518
v -0.17799 1.22656 0.22365 0.02315 0.00913 0.00518
v -0.17160 1.22506 0.10350 0.02315 0.00913 0.00518
v -0.17799 1.22656 0.10350 0.02315 0.00913 0.00518
v -0.17799 1.22656 0.22365 0.02315 0.00913 0.00518
v -0.17799 1.22656 0.22365 0.02315 0.00913 0.00518
v -0.17799 1.22656 0.10350 0.02315 0.00913 0.00518
v -0.18170 1.22924 0.22365 0.02315 0.00913 0.00518
v -0.17799 1.22656 0.10350 0.02315 0.00913 0.00518
v -0.18170 1.22924 0.10350 0.02315 0.00913 0.00518
v -0.18170 1.22924 0.22365 0.02315 0.00913 0.00518
v 0.18170 1.22924 0.10350 0.02315 0.00913 0.00518
v 0.18112 1.22981 0.09874 0.02315 0.00913 0.00518
v 0.17799 1.22656 0.10350 0.02315 0.00913 0.00518
v 0.18112 1.22981 0.09874 0.02315 0.00913 0.00518
v 0.17743 1.22768 0.09767 0.02315 0.00913 0.00518
v 0.17799 1.22656 0.10350 0.02315 0.00913 0.00518
v 0.17799 1.22656 0.10350 0.02315 0.00913 0.00518
v 0.17743 1.22768 0.09767 0.02315 0.00913 0.00518
v 0.17160 1.22506 0.10350 0.02315 0.00913 0.00518
v 0.17743 1.22768 0.09767 0.02315 0.00913 0.00518
v 0.17160 1.22656 0.09711 0.02315 0.00913 0.00518
v 0.17160 1.22506 0.10350 0.02315 0.00913 0.00518
v 0.17160 1.22506 0.10350 0.02315 0.00913 0.00518
v 0.17160 1.22656 0.09711 0.02315 0.00913 0.00518
v -0.17160 1.22506 0.10350 0.02315 0.00913 0.00518
v 0.17160 1.22656 0.09711 0.02315 0.00913 0.00518
v -0.17160 1.22656 0.09711 0.02315 0.00913 0.00518
v -0.17160 1.22506 0.10350 0.02315 0.00913 0.00518
v -0.17160 1.22506 0.10350 0.02315 0.00913 0.00518
v -0.17160 1.22656 0.09711 0.02315 0.00913 0.00518
v -0.17799 1.22656 0.10350 0.02315 0.00913 0.00518
v -0.17160 1.22656 0.09711 0.02315 0.00913 0.00518
v -0.17743 1.22768 0.09767 0.02315 0.00913 0.00518
v -0.17799 1.22656 0.10350 0.02315 0.00913 0.00518
v -0.17799 1.22656 0.10350 0.02315 0.00913 0.00518
v -0.17743 1.22768 0.09767 0.02315 0.00913 0.00518
v -0.18170 1.22924 0.10350 0.02315 0.00913 0.00518
v -0.17743 1.22768 0.09767 0.02315 0.00913 0.00518
v -0.18112 1.22981 0.09874 0.02315 0.00913 0.00518
v -0.18170 1.22924 0.10350 0.02315 0.00913 0.00518
v 0.18112 1.22981 0.09874 0.02315 0.00913 0.00518
v 0.17985 1.23109 0.09526 0.02315 0.00913 0.00518
v 0.17743 1.22768 0.09767 0.02315 0.00913 0.00518
v 0.17985 1.23109 0.09526 0.02315 0.00913 0.00518
v 0.17636 1.22981 0.09398 0.02315 0.00913 0.00518
v 0.17743 1.22768 0.09767 0.02315 0.00913 0.00518
v 0.17743 1.22768 0.09767 0.02315 0.00913 0.00518
v 0.17636 1.22981 0.09398 0.02315 0.00913 0.00518
v 0.17160 1.22656 0.09711 0.02315 0.00913 0.00518
v 0.17636 1.22981 0.09398 0.02315 0.00913 0.00518
v 0.17160 1.22924 0.09340 0.02315 0.00913 0.00518
v 0.17160 1.22656 0.09711 0.02315 0.00913 0.00518
v 0.17160 1.22656 0.09711 0.02315 0.00913 0.00518
v 0.17160 1.22924 0.09340 0.02315 0.00913 0.00518
v -0.17160 1.22656 0.09711 0.02315 0.00913 0.00518
v 0.17160 1.22924 0.09340 0.02315 0.00913 0.00518
v -0.17160 1.22924 0.09340 0.02315 0.00913 0.00518
v -0.17160 1.22656 0.09711 0.02315 0.00913 0.00518
v -0.17160 1.22656 0.09711 0.02315 0.00913 0.00518
v -0.17160 1.22924 0.09340 0.02315 0.00913 0.00518
v -0.17743 1.22768 0.09767 0.02315 0.00913 0.00518
v -0.17160 1.22924 0.09340 0.02315 0.00913 0.00518
v -0.17636 1.22981 0.09398 0.02315 0.00913 0.00518
v -0.17743 1.22768 0.09767 0.02315 0.00913 0.00518
v -0.17743 1.22768 0.09767 0.02315 0.00913 0.00518
v -0.17636 1.22981 0.09398 0.02315 0.00913 0.00518
v -0.18112 1.22981 0.09874 0.02315 0.00913 0.00518
v -0.17636 1.22981 0.09398 0.02315 0.00913 0.00518
v -0.17985 1.23109 0.09526 0.02315 0.00913 0.00518
v -0.18112 1.22981 0.09874 0.02315 0.00913 0.00518
v 0.17985 1.30824 0.23189 0.02315 0.00913 0.00518
v 0.18112 1.30476 0.23317 0.02315 0.00913 0.00518
v 0.17636 1.30952 0.23317 0.02315 0.00913 0.00518
v 0.18112 1.30476 0.23317 0.02315 0.00913 0.00518
v 0.17743 1.30583 0.23531 0.02315 0.00913 0.00518
v 0.17636 1.30952 0.23317 0.02315 0.00913 0.00518
v 0.17636 1.30952 0.23317 0.02315 0.00913 0.00518
v 0.17743 1.30583 0.23531 0.02315 0.00913 0.00518
v 0.17160 1.31010 0.23374 0.02315 0.00913 0.00518
v 0.17743 1.30583 0.23531 0.02315 0.00913 0.00518
v 0.17160 1.30639 0.23642 0.02315 0.00913 0.00518
v 0.17160 1.31010 0.23374 0.02315 0.00913 0.00518
v 0.17160 1.31010 0.23374 0.02315 0.00913 0.00518
v 0.17160 1.30639 0.23642 0.02315 0.00913 0.00518
v -0.17160 1.31010 0.23374 0.02315 0.00913 0.00518
v 0.17160 1.30639 0.23642 0.02315 0.00913 0.00518
v -0.17160 1.30639 0.23642 0.02315 0.00913 0.00518
v -0.17160 1.31010 0.23374 0.02315 0.00913 0.00518
v -0.17160 1.31010 0.23374 0.02315 0.00913 0.00518
v -0.17160 1.30639 0.23642 0.02315 0.00913 0.00518
v -0.17636 1.30952 0.23317 0.02315 0.00913 0.00518
v -0.17160 1.30639 0.23642 0.02315 0.00913 0.00518
v -0.17743 1.30583 0.23531 0.02315 0.00913 0.00518
v -0.17636 1.30952 0.23317 0.02315 0.00913 0.00518
v -0.17636 1.30952 0.23317 0.02315 0.00913 0.00518
v -0.17743 1.30583 0.23531 0.02315 0.00913 0.00518
v -0.17985 1.30824 0.23189 0.02315 0.00913 0.00518
v -0.17743 1.30583 0.23531 0.02315 0.00913 0.00518
v -0.18112 1.30476 0.23317 0.02315 0.00913 0.00518
v -0.17985 1.30824 0.23189 0.02315 0.00913 0.00518
v 0.18112 1.30476 0.23317 0.02315 0.00913 0.00518
v 0.18170 1.30000 0.23374 0.02315 0.00913 0.00518
v 0.17743 1.30583 0.23531 0.02315 0.00913 0.00518
v 0.18170 1.30000 0.23374 0.02315 0.00913 0.00518
v 0.17799 1.30000 0.23642 0.02315 0.00913 0.00518
v 0.17743 1.30583 0.23531 0.02315 0.00913 0.00518
v 0.17743 1.30583 0.23531 0.02315 0.00913 0.00518
v 0.17799 1.30000 0.23642 0.02315 0.00913 0.00518
v 0.17160 1.30639 0.23642 0.02315 0.00913 0.00518
v 0.17799 1.30000 0.23642 0.02315 0.00913 0.00518
v 0.17160 1.30000 0.23793 0.02315 0.00913 0.00518
v 0.17160 1.30639 0.23642 0.02315 0.00913 0.00518
v 0.17160 1.30639 0.23642 0.02315 0.00913 0.00518
v 0.17160 1.30000 0.23793 0.02315 0.00913 0.00518
v -0.17160 1.30639 0.23642 0.02315 0.00913 0.00518
v 0.17160 1.30000 0.23793 0.02315 0.00913 0.00518
v -0.17160 1.30000 0.23793 0.02315 0.00913 0.00518
v -0.17160 1.30639 0.23642 0.02315 0.00913 0.00518
v -0.17160 1.30639 0.23642 0.02315 0.00913 0.00518
v -0.17160 1.30000 0.23793 0.02315 0.00913 0.00518
v -0.17743 1.30583 0.23531 0.02315 0.00913 0.00518
v -0.17160 1.30000 0.23793 0.02315 0.00913 0.00518
v -0.17799 1.30000 0.23642 0.02315 0.00913 0.00518
v -0.17743 1.30583 0.23531 0.02315 0.00913 0.00518
v -0.17743 1.30583 0.23531 0.02315 0.00913 0.00518
v -0.17799 1.30000 0.23642 0.02315 0.00913 0.00518
v -0.18112 1.30476 0.23317 0.02315 0.00913 0.00518
v -0.17799 1.30000 0.23642 0.02315 0.00913 0.00518
v -0.18170 1.30000 0.23374 0.02315 0.00913 0.00518
v -0.18112 1.30476 0.23317 0.02315 0.00913 0.00518
v 0.18170 1.30000 0.23374 0.02315 0.00913 0.00518
v 0.18170 1.23933 0.23374 0.02315 0.00913 0.00518
v 0.17799 1.30000 0.23642 0.02315 0.00913 0.00518
v 0.18170 1.23933 0.23374 0.02315 0.00913 0.00518
v 0.17799 1.23933 0.23642 0.02315 0.00913 0.00518
v 0.17799 1.30000 0.23642 0.02315 0.00913 0.00518
v 0.17799 1.30000 0.23642 0.02315 0.00913 0.00518
v 0.17799 1.23933 0.23642 0.02315 0.00913 0.00518
v 0.17160 1.30000 0.23793 0.02315 0.00913 0.00518
v 0.17799 1.23933 0.23642 0.02315 0.00913 0.00518
v 0.17160 1.23933 0.23793 0.02315 0.00913 0.00518
v 0.17160 1.30000 0.23793 0.02315 0.00913 0.00518
v 0.17160 1.30000 0.23793 0.02315 0.00913 0.00518
v 0.17160 1.23933 0.23793 0.02315 0.00913 0.00518
v -0.17160 1.30000 0.23793 0.02315 0.00913 0.00518
v 0.17160 1.23933 0.23793 0.02315 0.00913 0.00518
v -0.17160 1.23933 0.23793 0.02315 0.00913 0.00518
v -0.17160 1.30000 0.23793 0.02315 0.00913 0.00518
v -0.17160 1.30000 0.23793 0.02315 0.00913 0.00518
v -0.17160 1.23933 0.23793 0.02315 0.00913 0.00518
v -0.17799 1.30000 0.23642 0.02315 0.00913 0.00518
v -0.17160 1.23933 0.23793 0.02315 0.00913 0.00518
v -0.17799 1.23933 0.23642 0.02315 0.00913 0.00518
v -0.17799 1.30000 0.23642 0.02315 0.00913 0.00518
v -0.17799 1.30000 0.23642 0.02315 0.00913 0.00518
v -0.17799 1.23933 0.23642 0.02315 0.00913 0.00518
v -0.18170 1.30000 0.23374 0.02315 0.00913 0.00518
v -0.17799 1.23933 0.23642 0.02315 0.00913 0.00518
v -0.18170 1.23933 0.23374 0.02315 0.00913 0.00518
v -0.18170 1.30000 0.23374 0.02315 0.00913 0.00518
v 0.18170 1.23933 0.23374 0.02315 0.00913 0.00518
v 0.18112 1.23457 0.23317 0.02315 0.00913 0.00518
v 0.17799 1.23933 0.23642 0.02315 0.00913 0.00518
v 0.18112 1.23457 0.23317 0.02315 0.00913 0.00518
v 0.17743 1.23350 0.23531 0.02315 0.00913 0.00518
v 0.17799 1.23933 0.23642 0.02315 0.00913 0.00518
v 0.17799 1.23933 0.23642 0.02315 0.00913 0.00518
v 0.17743 1.23350 0.23531 0.02315 0.00913 0.00518
v 0.17160 1.23933 0.23793 0.02315 0.00913 0.00518
v 0.17743 1.23350 0.23531 0.02315 0.00913 0.00518
v 0.17160 1.23295 0.23642 0.02315 0.00913 0.00518
v 0.17160 1.23933 0.23793 0.02315 0.00913 0.00518
v 0.17160 1.23933 0.23793 0.02315 0.00913 0.00518
v 0.17160 1.23295 0.23642 0.02315 0.00913 0.00518
v -0.17160 1.23933 0.23793 0.02315 0.00913 0.00518
v 0.17160 1.23295 0.23642 0.02315 0.00913 0.00518
v -0.17160 1.23295 0.23642 0.02315 0.00913 0.00518
v -0.17160 1.23933 0.23793 0.02315 0.00913 0.00518
v -0.17160 1.23933 0.23793 0.02315 0.00913 0.00518
v -0.17160 1.23295 0.23642 0.02315 0.00913 0.00518
v -0.17799 1.23933 0.23642 0.02315 0.00913 0.00518
v -0.17160 1.23295 0.23642 0.02315 0.00913 0.00518
v -0.17743 1.23350 0.23531 0.02315 0.00913 0.00518
v -0.17799 1.23933 0.23642 0.02315 0.00913 0.00518
v -0.17799 1.23933 0.23642 0.02315 0.00913 0.00518
v -0.17743 1.23350 0.23531 0.02315 0.00913 0.00518
v -0.18170 1.23933 0.23374 0.02315 0.00913 0.00518
v -0.17743 1.23350 0.23531 0.02315 0.00913 0.00518
v -0.18112 1.23457 0.23317 0.02315 0.00913 0.00518
v -0.18170 1.23933 0.23374 0.02315 0.00913 0.00518
v 0.18112 1.23457 0.23317 0.02315 0.00913 0.00518
v 0.17985 1.23109 0.23189 0.02315 0.00913 0.00518
v 0.17743 1.23350 0.23531 0.02315 0.00913 0.00518
v 0.17985 1.23109 0.23189 0.02315 0.00913 0.00518
v 0.17636 1.22981 0.23317 0.02315 0.00913 0.00518
v 0.17743 1.23350 0.23531 0.02315 0.00913 0.00518
v 0.17743 1.23350 0.23531 0.02315 0.00913 0.00518
v 0.17636 1.22981 0.23317 0.02315 0.00913 0.00518
v 0.17160 1.23295 0.23642 0.02315 0.00913 0.00518
v 0.17636 1.22981 0.23317 0.02315 0.00913 0.00518
v 0.17160 1.22924 0.23374 0.02315 0.00913 0.00518
v 0.17160 1.23295 0.23642 0.02315 0.00913 0.00518
v 0.17160 1.23295 0.23642 0.02315 0.00913 0.00518
v 0.17160 1.22924 0.23374 0.02315 0.00913 0.00518
v -0.17160 1.23295 0.23642 0.02315 0.00913 0.00518
v 0.17160 1.22924 0.23374 0.02315 0.00913 0.00518
v -0.17160 1.22924 0.23374 0.02315 0.00913 0.00518
v -0.17160 1.23295 0.23642 0.02315 0.00913 0.00518
v -0.17160 1.23295 0.23642 0.02315 0.00913 0.00518
v -0.17160 1.22924 0.23374 0.02315 0.00913 0.00518
v -0.17743 1.23350 0.23531 0.02315 0.00913 0.00518
v -0.17160 1.22924 0.23374 0.02315 0.00913 0.00518
v -0.17636 1.22981 0.23317 0.02315 0.00913 0.00518
v -0.17743 1.23350 0.23531 0.02315 0.00913 0.00518
v -0.17743 1.23350 0.23531 0.02315 0.00913 0.00518
v -0.17636 1.22981 0.23317 0.02315 0.00913 0.00518
v -0.18112 1.23457 0.23317 0.02315 0.00913 0.00518
v -0.17636 1.22981 0.23317 0.02315 0.00913 0.00518
v -0.17985 1.23109 0.23189 0.02315 0.00913 0.00518
v -0.18112 1.23457 0.23317 0.02315 0.00913 0.00518
v -0.17985 1.30824 0.09526 0.02315 0.00913 0.00518
v -0.18112 1.30476 0.09398 0.02315 0.00913 0.00518
v -0.17636 1.30952 0.09398 0.02315 0.00913 0.00518
v -0.18112 1.30476 0.09398 0.02315 0.00913 0.00518
v -0.17743 1.30583 0.09184 0.02315 0.00913 0.00518
v -0.17636 1.30952 0.09398 0.02315 0.00913 0.00518
v -0.17636 1.30952 0.09398 0.02315 0.00913 0.00518
v -0.17743 1.30583 0.09184 0.02315 0.00913 0.00518
v -0.17160 1.31010 0.09340 0.02315 0.00913 0.00518
v -0.17743 1.30583 0.09184 0.02315 0.00913 0.00518
v -0.17160 1.30639 0.09073 0.02315 0.00913 0.00518
v -0.17160 1.31010 0.09340 0.02315 0.00913 0.00518
v -0.17160 1.31010 0.09340 0.02315 0.00913 0.00518
v -0.17160 1.30639 0.09073 0.02315 0.00913 0.00518
v 0.17160 1.31010 0.09340 0.02315 0.00913 0.00518
v -0.17160 1.30639 0.09073 0.02315 0.00913 0.00518
v 0.17160 1.30639 0.09073 0.02315 0.00913 0.00518
v 0.17160 1.31010 0.09340 0.02315 0.00913 0.00518
v 0.17160 1.31010 0.09340 0.02315 0.00913 0.00518
v 0.17160 1.30639 0.09073 0.02315 0.00913 0.00518
v 0.17636 1.30952 0.09398 0.02315 0.00913 0.00518
v 0.17160 1.30639 0.09073 0.02315 0.00913 0.00518
v 0.17743 1.30583 0.09184 0.02315 0.00913 0.00518
v 0.17636 1.30952 0.09398 0.02315 0.00913 0.00518
v 0.17636 1.30952 0.09398 0.02315 0.00913 0.00518
v 0.17743 1.30583 0.09184 0.02315 0.00913 0.00518
v 0.17985 1.30824 0.09526 0.02315 0.00913 0.00518
v 0.17743 1.30583 0.09184 0.02315 0.00913 0.00518
v 0.18112 1.30476 0.09398 0.02315 0.00913 0.00518
v 0.17985 1.30824 0.09526 0.02315 0.00913 0.00518
v -0.18112 1.30476 0.09398 0.02315 0.00913 0.00518
v -0.18170 1.30000 0.09340 0.02315 0.00913 0.00518
v -0.17743 1.30583 0.09184 0.02315 0.00913 0.00518
v -0.18170 1.30000 0.09340 0.02315 0.00913 0.00518
v -0.17799 1.30000 0.09073 0.02315 0.00913 0.00518
v -0.17743 1.30583 0.09184 0.02315 0.00913 0.00518
v -0.17743 1.30583 0.09184 0.02315 0.00913 0.00518
v -0.17799 1.30000 0.09073 0.02315 0.00913 0.00518
v -0.17160 1.30639 0.09073 0.02315 0.00913 0.00518
v -0.17799 1.30000 0.09073 0.02315 0.00913 0.00518
v -0.17160 1.30000 0.08922 0.02315 0.00913 0.00518
v -0.17160 1.30639 0.09073 0.02315 0.00913 0.00518
v -0.17160 1.30639 0.09073 0.02315 0.00913 0.00518
v -0.17160 1.30000 0.08922 0.02315 0.00913 0.00518
v 0.17160 1.30639 0.09073 0.02315 0.00913 0.00518
v -0.17160 1.30000 0.08922 0.02315 0.00913 0.00518
v 0.17160 1.30000 0.08922 0.02315 0.00913 0.00518
v 0.17160 1.30639 0.09073 0.02315 0.00913 0.00518
v 0.17160 1.30639 0.09073 0.02315 0.00913 0.00518
v 0.17160 1.30000 0.08922 0.02315 0.00913 0.00518
v 0.17743 1.30583 0.09184 0.02315 0.00913 0.00518
v 0.17160 1.30000 0.08922 0.02315 0.00913 0.00518
v 0.17799 1.30000 0.09073 0.02315 0.00913 0.00518
v 0.17743 1.30583 0.09184 0.02315 0.00913 0.00518
v 0.17743 1.30583 0.09184 0.02315 0.00913 0.00518
v 0.17799 1.30000 0.09073 0.02315 0.00913 0.00518
v 0.18112 1.30476 0.09398 0.02315 0.00913 0.00518
v 0.17799 1.30000 0.09073 0.02315 0.00913 0.00518
v 0.18170 1.30000 0.09340 0.02315 0.00913 0.00518
v 0.18112 1.30476 0.09398 0.02315 0.00913 0.00518
v -0.18170 1.30000 0.09340 0.02315 0.00913 0.00518
v -0.18170 1.23933 0.09340 0.02315 0.00913 0.00518
v -0.17799 1.30000 0.09073 0.02315 0.00913 0.00518
v -0.18170 1.23933 0.09340 0.02315 0.00913 0.00518
v -0.17799 1.23933 0.09073 0.02315 0.00913 0.00518
v -0.17799 1.30000 0.09073 0.02315 0.00913 0.00518
v -0.17799 1.30000 0.09073 0.02315 0.00913 0.00518
v -0.17799 1.23933 0.09073 0.02315 0.00913 0.00518
v -0.17160 1.30000 0.08922 0.02315 0.00913 0.00518
v -0.17799 1.23933 0.09073 0.02315 0.00913 0.00518
v -0.17160 1.23933 0.08922 0.02315 0.00913 0.00518
v -0.17160 1.30000 0.08922 0.02315 0.00913 0.00518
v -0.17160 1.30000 0.08922 0.02315 0.00913 0.00518
v -0.17160 1.23933 0.08922 0.02315 0.00913 0.00518
v 0.17160 1.30000 0.08922 0.02315 0.00913 0.00518
v -0.17160 1.23933 0.08922 0.02315 0.00913 0.00518
v 0.17160 1.23933 0.08922 0.02315 0.00913 0.00518
v 0.17160 1.30000 0.08922 0.02315 0.00913 0.00518
v 0.17160 1.30000 0.08922 0.02315 0.00913 0.00518
v 0.17160 1.23933 0.08922 0.02315 0.00913 0.00518
v 0.17799 1.30000 0.09073 0.02315 0.00913 0.00518
v 0.17160 1.23933 0.08922 0.02315 0.00913 0.00518
v 0.17799 1.23933 0.09073 0.02315 0.00913 0.00518
v 0.17799 1.30000 0.09073 0.02315 0.00913 0.00518
v 0.17799 1.30000 0.09073 0.02315 0.00913 0.00518
v 0.17799 1.23933 0.09073 0.02315 0.00913 0.00518
v 0.18170 1.30000 0.09340 0.02315 0.00913 0.00518
v 0.17799 1.23933 0.09073 0.02315 0.00913 0.00518
v 0.18170 1.23933 0.09340 0.02315 0.00913 0.00518
v 0.18170 1.30000 0.09340 0.02315 0.00913 0.00518
v -0.18170 1.23933 0.09340 0.02315 0.00913 0.00518
v -0.18112 1.23457 0.09398 0.02315 0.00913 0.00518
v -0.17799 1.23933 0.09073 0.02315 0.00913 0.00518
v -0.18112 1.23457 0.09398 0.02315 0.00913 0.00518
v -0.17743 1.23350 0.09184 0.02315 0.00913 0.00518
v -0.17799 1.23933 0.09073 0.02315 0.00913 0.00518
v -0.17799 1.23933 0.09073 0.02315 0.00913 0.00518
v -0.17743 1.23350 0.09184 0.02315 0.00913 0.00518
v -0.17160 1.23933 0.08922 0.02315 0.00913 0.00518
v -0.17743 1.23350 0.09184 0.02315 0.00913 0.00518
v -0.17160 1.23295 0.09073 0.02315 0.00913 0.00518
v -0.17160 1.23933 0.08922 0.02315 0.00913 0.00518
v -0.17160 1.23933 0.08922 0.02315 0.00913 0.00518
v -0.17160 1.23295 0.09073 0.02315 0.00913 0.00518
v 0.17160 1.23933 0.08922 0.02315 0.00913 0.00518
v -0.17160 1.23295 0.09073 0.02315 0.00913 0.00518
v 0.17160 1.23295 0.09073 0.02315 0.00913 0.00518
v 0.17160 1.23933 0.08922 0.02315 0.00913 0.00518
v 0.17160 1.23933 0.08922 0.02315 0.00913 0.00518
v 0.17160 1.23295 0.09073 0.02315 0.00913 0.00518
v 0.17799 1.23933 0.09073 0.02315 0.00913 0.00518
v 0.17160 1.23295 0.09073 0.02315 0.00913 0.00518
v 0.17743 1.23350 0.09184 0.02315 0.00913 0.00518
v 0.17799 1.23933 0.09073 0.02315 0.00913 0.00518
v 0.17799 1.23933 0.09073 0.02315 0.00913 0.00518
v 0.17743 1.23350 0.09184 0.02315 0.00913 0.00518
v 0.18170 1.23933 0.09340 0.02315 0.00913 0.00518
v 0.17743 1.23350 0.09184 0.02315 0.00913 0.00518
v 0.18112 1.23457 0.09398 0.02315 0.00913 0.00518
v 0.18170 1.23933 0.09340 0.02315 0.00913 0.00518
v -0.18112 1.23457 0.09398 0.02315 0.00913 0.00518
v -0.17985 1.23109 0.09526 0.02315 0.00913 0.00518
v -0.17743 1.23350 0.09184 0.02315 0.00913 0.00518
v -0.17985 1.23109 0.09526 0.02315 0.00913 0.00518
v -0.17636 1.22981 0.09398 0.02315 0.00913 0.00518
v -0.17743 1.23350 0.09184 0.02315 0.00913 0.00518
v -0.17743 1.23350 0.09184 0.02315 0.00913 0.00518
v -0.17636 1.22981 0.09398 0.02315 0.00913 0.00518
v -0.17160 1.23295 0.09073 0.02315 0.00913 0.00518
v -0.17636 1.22981 0.09398 0.02315 0.00913 0.00518
v -0.17160 1.22924 0.09340 0.02315 0.00913 0.00518
v -0.17160 1.23295 0.09073 0.02315 0.00913 0.00518
v -0.17160 1.23295 0.09073 0.02315 0.00913 0.00518
v -0.17160 1.22924 0.09340 0.02315 0.00913 0.00518
v 0.17160 1.23295 0.09073 0.02315 0.00913 0.00518
v -0.17160 1.22924 0.09340 0.02315 0.00913 0.00518
v 0.17160 1.22924 0.09340 0.02315 0.00913 0.00518
v 0.17160 1.23295 0.09073 0.02315 0.00913 0.00518
v 0.17160 1.23295 0.09073 0.02315 0.00913 0.00518
v 0.17160 1.22924 0.09340 0.02315 0.00913 0.00518
v 0.17743 1.23350 0.09184 0.02315 0.00913 0.00518
v 0.17160 1.22924 0.09340 0.02315 0.00913 0.00518
v 0.17636 1.22981 0.09398 0.02315 0.00913 0.00518
v 0.17743 1.23350 0.09184 0.02315 0.00913 0.00518
v 0.17743 1.23350 0.09184 0.02315 0.00913 0.00518
v 0.17636 1.22981 0.09398 0.02315 0.00913 0.00518
v 0.18112 1.23457 0.09398 0.02315 0.00913 0.00518
v 0.17636 1.22981 0.09398 0.02315 0.00913 0.00518
v 0.17985 1.23109 0.09526 0.02315 0.00913 0.00518
v 0.18112 1.23457 0.09398 0.02315 0.00913 0.00518
v 0.19857 0.34375 -0.01933 0.02315 0.00913 0.00518
v 0.19857 0.34375 -0.01933 0.02315 0.00913 0.00518
v 0.19857 0.34375 -0.01933 0.02315 0.00913 0.00518
v 0.19857 0.34375 -0.01933 0.02315 0.00913 0.00518
v 0.19857 0.34375 -0.01933 0.02315 0.00913 0.00518
v 0.19857 0.34375 -0.01933 0.02315 0.00913 0.00518
v 0.13007 0.26243 0.00387 0.02315 0.00913 0.00518
v 0.11320 0.27665 -0.01216 0.02315 0.00913 0.00518
v 0.11964 0.27122 -0.03810 0.02315 0.00913 0.00518
v 0.14050 0.25365 -0.03810 0.02315 0.00913 0.00518
v 0.14694 0.24822 -0.01216 0.02315 0.00913 0.00518
v 0.13007 0.26243 0.00387 0.02315 0.00913 0.00518
v 0.13007 0.26243 -0.01933 0.02315 0.00913 0.00518
v 0.13007 0.26243 -0.01933 0.02315 0.00913 0.00518
v 0.13007 0.26243 -0.01933 0.02315 0.00913 0.00518
v 0.13007 0.26243 -0.01933 0.02315 0.00913 0.00518
v 0.13007 0.26243 -0.01933 0.02315 0.00913 0.00518
v 0.13007 0.26243 0.00387 0.02315 0.00913 0.00518
v 0.11320 0.27665 -0.01216 0.02315 0.00913 0.00518
v 0.11964 0.27122 -0.03810 0.02315 0.00913 0.00518
v 0.14050 0.25365 -0.03810 0.02315 0.00913 0.00518
v 0.14694 0.24822 -0.01216 0.02315 0.00913 0.00518
v 0.13007 0.26243 0.00387 0.02315 0.00913 0.00518
v -0.19857 0.34375 -0.01933 0.02315 0.00913 0.00518
v -0.19857 0.34375 -0.01933 0.02315 0.00913 0.00518
v -0.19857 0.34375 -0.01933 0.02315 0.00913 0.00518
v -0.19857 0.34375 -0.01933 0.02315 0.00913 0.00518
v -0.19857 0.34375 -0.01933 0.02315 0.00913 0.00518
v -0.19857 0.34375 -0.01933 0.02315 0.00913 0.00518
v -0.13007 0.26243 0.00387 0.02315 0.00913 0.00518
v -0.14694 0.24822 -0.01216 0.02315 0.00913 0.00518
v -0.14050 0.25365 -0.03810 0.02315 0.00913 0.00518
v -0.11964 0.27122 -0.03810 0.02315 0.00913 0.00518
v -0.11320 0.27665 -0.01216 0.02315 0.00913 0.00518
v -0.13007 0.26243 0.00387 0.02315 0.00913 0.00518
v -0.13007 0.26243 -0.01933 0.02315 0.00913 0.00518
v -0.13007 0.26243 -0.01933 0.02315 0.00913 0.00518
v -0.13007 0.26243 -0.01933 0.02315 0.00913 0.00518
v -0.13007 0.26243 -0.01933 0.02315 0.00913 0.00518
v -0.13007 0.26243 -0.01933 0.02315 0.00913 0.00518
v -0.13007 0.26243 0.00387 0.02315 0.00913 0.00518
v -0.14694 0.24822 -0.01216 0.02315 0.00913 0.00518
v -0.14050 0.25365 -0.03810 0.02315 0.00913 0.00518
v -0.11964 0.27122 -0.03810 0.02315 0.00913 0.00518
v -0.11320 0.27665 -0.01216 0.02315 0.00913 0.00518
v -0.13007 0.26243 0.00387 0.02315 0.00913 0.00518
v 0.09401 0.36347 -0.04442 0.02315 0.00913 0.00518
v 0.09401 0.36347 -0.04442 0.02315 0.00913 0.00518
v 0.09401 0.36347 -0.04442 0.02315 0.00913 0.00518
v 0.09401 0.36347 -0.04442 0.02315 0.00913 0.00518
v 0.09401 0.36347 -0.04442 0.02315 0.00913 0.00518
v 0.09401 0.36347 -0.04442 0.02315 0.00913 0.00518
v 0.09401 0.36347 -0.04442 0.02315 0.00913 0.00518
v 0.04131 0.24941 0.01264 0.02315 0.00913 0.00518
v 0.01972 0.25490 -0.00273 0.02315 0.00913 0.00518
v 0.01972 0.24821 -0.02895 0.02315 0.00913 0.00518
v 0.04131 0.23602 -0.03980 0.02315 0.00913 0.00518
v 0.06290 0.23052 -0.02443 0.02315 0.00913 0.00518
v 0.06290 0.23722 0.00179 0.02315 0.00913 0.00518
v 0.04131 0.24941 0.01264 0.02315 0.00913 0.00518
v 0.04131 0.24271 -0.01358 0.02315 0.00913 0.00518
v 0.04131 0.24271 -0.01358 0.02315 0.00913 0.00518
v 0.04131 0.24271 -0.01358 0.02315 0.00913 0.00518
v 0.04131 0.24271 -0.01358 0.02315 0.00913 0.00518
v 0.04131 0.24271 -0.01358 0.02315 0.00913 0.00518
v 0.04131 0.24271 -0.01358 0.02315 0.00913 0.00518
v 0.04131 0.24941 0.01264 0.02315 0.00913 0.00518
v 0.01972 0.25490 -0.00273 0.02315 0.00913 0.00518
v 0.01972 0.24821 -0.02895 0.02315 0.00913 0.00518
v 0.04131 0.23602 -0.03980 0.02315 0.00913 0.00518
v 0.06290 0.23052 -0.02443 0.02315 0.00913 0.00518
v 0.06290 0.23722 0.00179 0.02315 0.00913 0.00518
v 0.04131 0.24941 0.01264 0.02315 0.00913 0.00518
v -0.09401 0.36347 -0.04442 0.02315 0.00913 0.00518
v -0.09401 0.36347 -0.04442 0.02315 0.00913 0.00518
v -0.09401 0.36347 -0.04442 0.02315 0.00913 0.00518
v -0.09401 0.36347 -0.04442 0.02315 0.00913 0.00518
v -0.09401 0.36347 -0.04442 0.02315 0.00913 0.00518
v -0.09401 0.36347 -0.04442 0.02315 0.00913 0.00518
v -0.09401 0.36347 -0.04442 0.02315 0.00913 0.00518
v -0.04131 0.24941 0.01264 0.02315 0.00913 0.00518
v -0.06290 0.23722 0.00179 0.02315 0.00913 0.00518
v -0.06290 0.23052 -0.02443 0.02315 0.00913 0.00518
v -0.04131 0.23602 -0.03980 0.02315 0.00913 0.00518
v -0.01972 0.24821 -0.02895 0.02315 0.00913 0.00518
v -0.01972 0.25490 -0.00273 0.02315 0.00913 0.00518
v -0.04131 0.24941 0.01264 0.02315 0.00913 0.00518
v -0.04131 0.24271 -0.01358 0.02315 0.00913 0.00518
v -0.04131 0.24271 -0.01358 0.02315 0.00913 0.00518
v -0.04131 0.24271 -0.01358 0.02315 0.00913 0.00518
v -0.04131 0.24271 -0.01358 0.02315 0.00913 0.00518
v -0.04131 0.24271 -0.01358 0.02315 0.00913 0.00518
v -0.04131 0.24271 -0.01358 0.02315 0.00913 0.00518
v -0.04131 0.24941 0.01264 0.02315 0.00913 0.00518
v -0.06290 0.23722 0.00179 0.02315 0.00913 0.00518
v -0.06290 0.23052 -0.02443 0.02315 0.00913 0.00518
v -0.04131 0.23602 -0.03980 0.02315 0.00913 0.00518
v -0.01972 0.24821 -0.02895 0.02315 0.00913 0.00518
v -0.01972 0.25490 -0.00273 0.02315 0.00913 0.00518
v -0.04131 0.24941 0.01264 0.02315 0.00913 0.00518
v 0.12715 0.38117 -0.06827 0.02315 0.00913 0.00518
v 0.12715 0.38117 -0.06827 0.02315 0.00913 0.00518
v 0.12715 0.38117 -0.06827 0.02315 0.00913 0.00518
v 0.12715 0.38117 -0.06827 0.02315 0.00913 0.00518
v 0.12715 0.38117 -0.06827 0.02315 0.00913 0.00518
v 0.12715 0.38117 -0.06827 0.02315 0.00913 0.00518
v 0.12715 0.38117 -0.06827 0.02315 0.00913 0.00518
v 0.03910 0.23171 -0.00217 0.02315 0.00913 0.00518
v 0.01853 0.23925 -0.01806 0.02315 0.00913 0.00518
v 0.01853 0.23255 -0.04428 0.02315 0.00913 0.00518
v 0.03910 0.21832 -0.05461 0.02315 0.00913 0.00518
v 0.05967 0.21078 -0.03872 0.02315 0.00913 0.00518
v 0.05967 0.21747 -0.01250 0.02315 0.00913 0.00518
v 0.03910 0.23171 -0.00217 0.02315 0.00913 0.00518
v 0.03910 0.22501 -0.02839 0.02315 0.00913 0.00518
v 0.03910 0.22501 -0.02839 0.02315 0.00913 0.00518
v 0.03910 0.22501 -0.02839 0.02315 0.00913 0.00518
v 0.03910 0.22501 -0.02839 0.02315 0.00913 0.00518
v 0.03910 0.22501 -0.02839 0.02315 0.00913 0.00518
v 0.03910 0.22501 -0.02839 0.02315 0.00913 0.00518
v 0.03910 0.23171 -0.00217 0.02315 0.00913 0.00518
v 0.01853 0.23925 -0.01806 0.02315 0.00913 0.00518
v 0.01853 0.23255 -0.04428 0.02315 0.00913 0.00518
v 0.03910 0.21832 -0.05461 0.02315 0.00913 0.00518
v 0.05967 0.21078 -0.03872 0.02315 0.00913 0.00518
v 0.05967 0.21747 -0.01250 0.02315 0.00913 0.00518
v 0.03910 0.23171 -0.00217 0.02315 0.00913 0.00518
v -0.12715 0.38117 -0.06827 0.02315 0.00913 0.00518
v -0.12715 0.38117 -0.06827 0.02315 0.00913 0.00518
v -0.12715 0.38117 -0.06827 0.02315 0.00913 0.00518
v -0.12715 0.38117 -0.06827 0.02315 0.00913 0.00518
v -0.12715 0.38117 -0.06827 0.02315 0.00913 0.00518
v -0.12715 0.38117 -0.06827 0.02315 0.00913 0.00518
v -0.12715 0.38117 -0.06827 0.02315 0.00913 0.00518
v -0.03910 0.23171 -0.00217 0.02315 0.00913 0.00518
v -0.05967 0.21747 -0.01250 0.02315 0.00913 0.00518
v -0.05967 0.21078 -0.03872 0.02315 0.00913 0.00518
v -0.03910 0.21832 -0.05461 0.02315 0.00913 0.00518
v -0.01853 0.23255 -0.04428 0.02315 0.00913 0.00518
v -0.01853 0.23925 -0.01806 0.02315 0.00913 0.00518
v -0.03910 0.23171 -0.00217 0.02315 0.00913 0.00518
v -0.03910 0.22501 -0.02839 0.02315 0.00913 0.00518
v -0.03910 0.22501 -0.02839 0.02315 0.00913 0.00518
v -0.03910 0.22501 -0.02839 0.02315 0.00913 0.00518
v -0.03910 0.22501 -0.02839 0.02315 0.00913 0.00518
v -0.03910 0.22501 -0.02839 0.02315 0.00913 0.00518
v -0.03910 0.22501 -0.02839 0.02315 0.00913 0.00518
v -0.03910 0.23171 -0.00217 0.02315 0.00913 0.00518
v -0.05967 0.21747 -0.01250 0.02315 0.00913 0.00518
v -0.05967 0.21078 -0.03872 0.02315 0.00913 0.00518
v -0.03910 0.21832 -0.05461 0.02315 0.00913 0.00518
v -0.01853 0.23255 -0.04428 0.02315 0.00913 0.00518
v -0.01853 0.23925 -0.01806 0.02315 0.00913 0.00518
v -0.03910 0.23171 -0.00217 0.02315 0.00913 0.00518
v 0.00000 2.35000 -0.03866 0.02315 0.00913 0.00518
v 0.00000 2.35000 -0.03866 0.02315 0.00913 0.00518
v 0.00000 2.35000 -0.03866 0.02315 0.00913 0.00518
v 0.00000 2.35000 -0.03866 0.02315 0.00913 0.00518
v 0.00000 2.35000 -0.03866 0.02315 0.00913 0.00518
v 0.00000 2.35000 -0.03866 0.02315 0.00913 0.00518
v 0.00000 2.17602 -0.01547 0.02315 0.00913 0.00518
v -0.02206 2.17602 -0.03149 0.02315 0.00913 0.00518
v -0.01364 2.17602 -0.05743 0.02315 0.00913 0.00518
v 0.01364 2.17602 -0.05743 0.02315 0.00913 0.00518
v 0.02206 2.17602 -0.03149 0.02315 0.00913 0.00518
v 0.00000 2.17602 -0.01547 0.02315 0.00913 0.00518
v 0.00000 2.17602 -0.03866 0.02315 0.00913 0.00518
v 0.00000 2.17602 -0.03866 0.02315 0.00913 0.00518
v 0.00000 2.17602 -0.03866 0.02315 0.00913 0.00518
v 0.00000 2.17602 -0.03866 0.02315 0.00913 0.00518
v 0.00000 2.17602 -0.03866 0.02315 0.00913 0.00518
v 0.00000 2.17602 -0.01547 0.02315 0.00913 0.00518
v -0.02206 2.17602 -0.03149 0.02315 0.00913 0.00518
v -0.01364 2.17602 -0.05743 0.02315 0.00913 0.00518
v 0.01364 2.17602 -0.05743 0.02315 0.00913 0.00518
v 0.02206 2.17602 -0.03149 0.02315 0.00913 0.00518
v 0.00000 2.17602 -0.01547 0.02315 0.00913 0.00518
v 0.29854 0.15915 -0.05948 0.02315 0.00913 0.00518
v 0.29854 0.15915 -0.05948 0.02315 0.00913 0.00518
v 0.29854 0.15915 -0.05948 0.02315 0.00913 0.00518
v 0.29854 0.15915 -0.05948 0.02315 0.00913 0.00518
v 0.29854 0.15915 -0.05948 0.02315 0.00913 0.00518
v 0.29854 0.15915 -0.05948 0.02315 0.00913 0.00518
v 0.29854 0.15915 -0.05948 0.02315 0.00913 0.00518
v 0.29854 0.15915 -0.05948 0.02315 0.00913 0.00518
v 0.30713 0.16512 -0.05948 0.02315 0.00913 0.00518
v 0.30363 0.16343 -0.05140 0.02315 0.00913 0.00518
v 0.29575 0.15962 -0.04940 0.02315 0.00913 0.00518
v 0.28944 0.15657 -0.05500 0.02315 0.00913 0.00518
v 0.28944 0.15657 -0.06397 0.02315 0.00913 0.00518
v 0.29575 0.15962 -0.06956 0.02315 0.00913 0.00518
v 0.30363 0.16343 -0.06757 0.02315 0.00913 0.00518
v 0.30713 0.16512 -0.05948 0.02315 0.00913 0.00518
v 0.31346 0.17346 -0.05948 0.02315 0.00913 0.00518
v 0.30680 0.17024 -0.04411 0.02315 0.00913 0.00518
v 0.29182 0.16300 -0.04031 0.02315 0.00913 0.00518
v 0.27980 0.15720 -0.05095 0.02315 0.00913 0.00518
v 0.27980 0.15720 -0.06801 0.02315 0.00913 0.00518
v 0.29182 0.16300 -0.07865 0.02315 0.00913 0.00518
v 0.30680 0.17024 -0.07486 0.02315 0.00913 0.00518
v 0.31346 0.17346 -0.05948 0.02315 0.00913 0.00518
v 0.31691 0.18334 -0.05948 0.02315 0.00913 0.00518
v 0.30773 0.17891 -0.03832 0.02315 0.00913 0.00518
v 0.28711 0.16895 -0.03309 0.02315 0.00913 0.00518
v 0.27058 0.16096 -0.04774 0.02315 0.00913 0.00518
v 0.27058 0.16096 -0.07123 0.02315 0.00913 0.00518
v 0.28711 0.16895 -0.08587 0.02315 0.00913 0.00518
v 0.30773 0.17891 -0.08064 0.02315 0.00913 0.00518
v 0.31691 0.18334 -0.05948 0.02315 0.00913 0.00518
v 0.31713 0.19381 -0.05948 0.02315 0.00913 0.00518
v 0.30634 0.18860 -0.03460 0.02315 0.00913 0.00518
v 0.28210 0.17689 -0.02846 0.02315 0.00913 0.00518
v 0.26266 0.16750 -0.04567 0.02315 0.00913 0.00518
v 0.26266 0.16750 -0.07329 0.02315 0.00913 0.00518
v 0.28210 0.17689 -0.09050 0.02315 0.00913 0.00518
v 0.30634 0.18860 -0.08436 0.02315 0.00913 0.00518
v 0.31713 0.19381 -0.05948 0.02315 0.00913 0.00518
v 0.31411 0.20383 -0.05948 0.02315 0.00913 0.00518
v 0.30277 0.19835 -0.03332 0.02315 0.00913 0.00518
v 0.27728 0.18604 -0.02686 0.02315 0.00913 0.00518
v 0.25684 0.17617 -0.04496 0.02315 0.00913 0.00518
v 0.25684 0.17617 -0.07400 0.02315 0.00913 0.00518
v 0.27728 0.18604 -0.09210 0.02315 0.00913 0.00518
v 0.30277 0.19835 -0.08564 0.02315 0.00913 0.00518
v 0.31411 0.20383 -0.05948 0.02315 0.00913 0.00518
v 0.20415 0.43146 -0.05948 0.02315 0.00913 0.00518
v 0.19281 0.42598 -0.03332 0.02315 0.00913 0.00518
v 0.16732 0.41367 -0.02686 0.02315 0.00913 0.00518
v 0.14688 0.40380 -0.04496 0.02315 0.00913 0.00518
v 0.14688 0.40380 -0.07400 0.02315 0.00913 0.00518
v 0.16732 0.41367 -0.09210 0.02315 0.00913 0.00518
v 0.19281 0.42598 -0.08564 0.02315 0.00913 0.00518
v 0.20415 0.43146 -0.05948 0.02315 0.00913 0.00518
v 0.19818 0.44006 -0.05948 0.02315 0.00913 0.00518
v 0.18739 0.43485 -0.03460 0.02315 0.00913 0.00518
v 0.16315 0.42314 -0.02846 0.02315 0.00913 0.00518
v 0.14371 0.41375 -0.04567 0.02315 0.00913 0.00518
v 0.14371 0.41375 -0.07329 0.02315 0.00913 0.00518
v 0.16315 0.42314 -0.09050 0.02315 0.00913 0.00518
v 0.18739 0.43485 -0.08436 0.02315 0.00913 0.00518
v 0.19818 0.44006 -0.05948 0.02315 0.00913 0.00518
v 0.18984 0.44639 -0.05948 0.02315 0.00913 0.00518
v 0.18067 0.44196 -0.03832 0.02315 0.00913 0.00518
v 0.16005 0.43200 -0.03309 0.02315 0.00913 0.00518
v 0.14351 0.42401 -0.04774 0.02315 0.00913 0.00518
v 0.14351 0.42401 -0.07123 0.02315 0.00913 0.00518
v 0.16005 0.43200 -0.08587 0.02315 0.00913 0.00518
v 0.18067 0.44196 -0.08064 0.02315 0.00913 0.00518
v 0.18984 0.44639 -0.05948 0.02315 0.00913 0.00518
v 0.17996 0.44984 -0.05948 0.02315 0.00913 0.00518
v 0.17329 0.44661 -0.04411 0.02315 0.00913 0.00518
v 0.15831 0.43938 -0.04031 0.02315 0.00913 0.00518
v 0.14630 0.43357 -0.05095 0.02315 0.00913 0.00518
v 0.14630 0.43357 -0.06801 0.02315 0.00913 0.00518
v 0.15831 0.43938 -0.07865 0.02315 0.00913 0.00518
v 0.17329 0.44661 -0.07486 0.02315 0.00913 0.00518
v 0.17996 0.44984 -0.05948 0.02315 0.00913 0.00518
v 0.16949 0.45006 -0.05948 0.02315 0.00913 0.00518
v 0.16599 0.44836 -0.05140 0.02315 0.00913 0.00518
v 0.15811 0.44456 -0.04940 0.02315 0.00913 0.00518
v 0.15180 0.44151 -0.05500 0.02315 0.00913 0.00518
v 0.15180 0.44151 -0.06397 0.02315 0.00913 0.00518
v 0.15811 0.44456 -0.06956 0.02315 0.00913 0.00518
v 0.16599 0.44836 -0.06757 0.02315 0.00913 0.00518
v 0.16949 0.45006 -0.05948 0.02315 0.00913 0.00518
v 0.15947 0.44704 -0.05948 0.02315 0.00913 0.00518
v 0.15947 0.44704 -0.05948 0.02315 0.00913 0.00518
v 0.15947 0.44704 -0.05948 0.02315 0.00913 0.00518
v 0.15947 0.44704 -0.05948 0.02315 0.00913 0.00518
v 0.15947 0.44704 -0.05948 0.02315 0.00913 0.00518
v 0.15947 0.44704 -0.05948 0.02315 0.00913 0.00518
v 0.15947 0.44704 -0.05948 0.02315 0.00913 0.00518
v 0.15947 0.44704 -0.05948 0.02315 0.00913 0.00518
v 0.33942 0.17315 -0.07435 0.02315 0.00913 0.00518
v 0.33942 0.17315 -0.07435 0.02315 0.00913 0.00518
v 0.33942 0.17315 -0.07435 0.02315 0.00913 0.00518
v 0.33942 0.17315 -0.07435 0.02315 0.00913 0.00518
v 0.33942 0.17315 -0.07435 0.02315 0.00913 0.00518
v 0.33942 0.17315 -0.07435 0.02315 0.00913 0.00518
v 0.34711 0.17893 -0.07435 0.02315 0.00913 0.00518
v 0.34116 0.17653 -0.06551 0.02315 0.00913 0.00518
v 0.33152 0.17266 -0.06889 0.02315 0.00913 0.00518
v 0.33152 0.17266 -0.07981 0.02315 0.00913 0.00518
v 0.34116 0.17653 -0.08319 0.02315 0.00913 0.00518
v 0.34711 0.17893 -0.07435 0.02315 0.00913 0.00518
v 0.35089 0.18778 -0.07435 0.02315 0.00913 0.00518
v 0.34057 0.18363 -0.05904 0.02315 0.00913 0.00518
v 0.32387 0.17691 -0.06489 0.02315 0.00913 0.00518
v 0.32387 0.17691 -0.08381 0.02315 0.00913 0.00518
v 0.34057 0.18363 -0.08966 0.02315 0.00913 0.00518
v 0.35089 0.18778 -0.07435 0.02315 0.00913 0.00518
v 0.34973 0.19733 -0.07435 0.02315 0.00913 0.00518
v 0.33781 0.19254 -0.05667 0.02315 0.00913 0.00518
v 0.31853 0.18478 -0.06343 0.02315 0.00913 0.00518
v 0.31853 0.18478 -0.08528 0.02315 0.00913 0.00518
v 0.33781 0.19254 -0.09203 0.02315 0.00913 0.00518
v 0.34973 0.19733 -0.07435 0.02315 0.00913 0.00518
v 0.20820 0.54913 -0.07435 0.02315 0.00913 0.00518
v 0.19628 0.54433 -0.05667 0.02315 0.00913 0.00518
v 0.17700 0.53658 -0.06343 0.02315 0.00913 0.00518
v 0.17700 0.53658 -0.08528 0.02315 0.00913 0.00518
v 0.19628 0.54433 -0.09203 0.02315 0.00913 0.00518
v 0.20820 0.54913 -0.07435 0.02315 0.00913 0.00518
v 0.20242 0.55682 -0.07435 0.02315 0.00913 0.00518
v 0.19210 0.55267 -0.05904 0.02315 0.00913 0.00518
v 0.17540 0.54595 -0.06489 0.02315 0.00913 0.00518
v 0.17540 0.54595 -0.08381 0.02315 0.00913 0.00518
v 0.19210 0.55267 -0.08966 0.02315 0.00913 0.00518
v 0.20242 0.55682 -0.07435 0.02315 0.00913 0.00518
v 0.19357 0.56059 -0.07435 0.02315 0.00913 0.00518
v 0.18761 0.55819 -0.06551 0.02315 0.00913 0.00518
v 0.17797 0.55432 -0.06889 0.02315 0.00913 0.00518
v 0.17797 0.55432 -0.07981 0.02315 0.00913 0.00518
v 0.18761 0.55819 -0.08319 0.02315 0.00913 0.00518
v 0.19357 0.56059 -0.07435 0.02315 0.00913 0.00518
v 0.18402 0.55943 -0.07435 0.02315 0.00913 0.00518
v 0.18402 0.55943 -0.07435 0.02315 0.00913 0.00518
v 0.18402 0.55943 -0.07435 0.02315 0.00913 0.00518
v 0.18402 0.55943 -0.07435 0.02315 0.00913 0.00518
v 0.18402 0.55943 -0.07435 0.02315 0.00913 0.00518
v 0.18402 0.55943 -0.07435 0.02315 0.00913 0.00518
v 0.47649 0.18384 -0.08922 0.02315 0.00913 0.00518
v 0.47649 0.18384 -0.08922 0.02315 0.00913 0.00518
v 0.47649 0.18384 -0.08922 0.02315 0.00913 0.00518
v 0.47649 0.18384 -0.08922 0.02315 0.00913 0.00518
v 0.47649 0.18384 -0.08922 0.02315 0.00913 0.00518
v 0.47649 0.18384 -0.08922 0.02315 0.00913 0.00518
v 0.48343 0.19050 -0.08922 0.02315 0.00913 0.00518
v 0.47780 0.18741 -0.08038 0.02315 0.00913 0.00518
v 0.46870 0.18240 -0.08376 0.02315 0.00913 0.00518
v 0.46870 0.18240 -0.09469 0.02315 0.00913 0.00518
v 0.47780 0.18741 -0.09806 0.02315 0.00913 0.00518
v 0.48343 0.19050 -0.08922 0.02315 0.00913 0.00518
v 0.48612 0.19974 -0.08922 0.02315 0.00913 0.00518
v 0.47637 0.19438 -0.07391 0.02315 0.00913 0.00518
v 0.46060 0.18572 -0.07976 0.02315 0.00913 0.00518
v 0.46060 0.18572 -0.09868 0.02315 0.00913 0.00518
v 0.47637 0.19438 -0.10453 0.02315 0.00913 0.00518
v 0.48612 0.19974 -0.08922 0.02315 0.00913 0.00518
v 0.48382 0.20908 -0.08922 0.02315 0.00913 0.00518
v 0.47257 0.20290 -0.07154 0.02315 0.00913 0.00518
v 0.45435 0.19289 -0.07830 0.02315 0.00913 0.00518
v 0.45435 0.19289 -0.10015 0.02315 0.00913 0.00518
v 0.47257 0.20290 -0.10690 0.02315 0.00913 0.00518
v 0.48382 0.20908 -0.08922 0.02315 0.00913 0.00518
v 0.30120 0.54140 -0.08922 0.02315 0.00913 0.00518
v 0.28994 0.53522 -0.07154 0.02315 0.00913 0.00518
v 0.27173 0.52521 -0.07830 0.02315 0.00913 0.00518
v 0.27173 0.52521 -0.10015 0.02315 0.00913 0.00518
v 0.28994 0.53522 -0.10690 0.02315 0.00913 0.00518
v 0.30120 0.54140 -0.08922 0.02315 0.00913 0.00518
v 0.29454 0.54835 -0.08922 0.02315 0.00913 0.00518
v 0.28479 0.54299 -0.07391 0.02315 0.00913 0.00518
v 0.26902 0.53432 -0.07976 0.02315 0.00913 0.00518
v 0.26902 0.53432 -0.09868 0.02315 0.00913 0.00518
v 0.28479 0.54299 -0.10453 0.02315 0.00913 0.00518
v 0.29454 0.54835 -0.08922 0.02315 0.00913 0.00518
v 0.28530 0.55104 -0.08922 0.02315 0.00913 0.00518
v 0.27967 0.54794 -0.08038 0.02315 0.00913 0.00518
v 0.27056 0.54294 -0.08376 0.02315 0.00913 0.00518
v 0.27056 0.54294 -0.09469 0.02315 0.00913 0.00518
v 0.27967 0.54794 -0.09806 0.02315 0.00913 0.00518
v 0.28530 0.55104 -0.08922 0.02315 0.00913 0.00518
v 0.27595 0.54874 -0.08922 0.02315 0.00913 0.00518
v 0.27595 0.54874 -0.08922 0.02315 0.00913 0.00518
v 0.27595 0.54874 -0.08922 0.02315 0.00913 0.00518
v 0.27595 0.54874 -0.08922 0.02315 0.00913 0.00518
v 0.27595 0.54874 -0.08922 0.02315 0.00913 0.00518
v 0.27595 0.54874 -0.08922 0.02315 0.00913 0.00518
v 0.61211 0.19716 -0.10409 0.02315 0.00913 0.00518
v 0.61211 0.19716 -0.10409 0.02315 0.00913 0.00518
v 0.61211 0.19716 -0.10409 0.02315 0.00913 0.00518
v 0.61211 0.19716 -0.10409 0.02315 0.00913 0.00518
v 0.61211 0.19716 -0.10409 0.02315 0.00913 0.00518
v 0.61211 0.19716 -0.10409 0.02315 0.00913 0.00518
v 0.61821 0.20460 -0.10409 0.02315 0.00913 0.00518
v 0.61299 0.20086 -0.09525 0.02315 0.00913 0.00518
v 0.60455 0.19480 -0.09863 0.02315 0.00913 0.00518
v 0.60455 0.19480 -0.10956 0.02315 0.00913 0.00518
v 0.61299 0.20086 -0.11293 0.02315 0.00913 0.00518
v 0.61821 0.20460 -0.10409 0.02315 0.00913 0.00518
v 0.61977 0.21409 -0.10409 0.02315 0.00913 0.00518
v 0.61073 0.20761 -0.08878 0.02315 0.00913 0.00518
v 0.59611 0.19711 -0.09463 0.02315 0.00913 0.00518
v 0.59611 0.19711 -0.11355 0.02315 0.00913 0.00518
v 0.61073 0.20761 -0.11940 0.02315 0.00913 0.00518
v 0.61977 0.21409 -0.10409 0.02315 0.00913 0.00518
v 0.61637 0.22310 -0.10409 0.02315 0.00913 0.00518
v 0.60594 0.21561 -0.08641 0.02315 0.00913 0.00518
v 0.58905 0.20349 -0.09317 0.02315 0.00913 0.00518
v 0.58905 0.20349 -0.11502 0.02315 0.00913 0.00518
v 0.60594 0.21561 -0.12177 0.02315 0.00913 0.00518
v 0.61637 0.22310 -0.10409 0.02315 0.00913 0.00518
v 0.39528 0.53116 -0.10409 0.02315 0.00913 0.00518
v 0.38484 0.52367 -0.08641 0.02315 0.00913 0.00518
v 0.36796 0.51156 -0.09317 0.02315 0.00913 0.00518
v 0.36796 0.51156 -0.11502 0.02315 0.00913 0.00518
v 0.38484 0.52367 -0.12177 0.02315 0.00913 0.00518
v 0.39528 0.53116 -0.10409 0.02315 0.00913 0.00518
v 0.38783 0.53726 -0.10409 0.02315 0.00913 0.00518
v 0.37880 0.53078 -0.08878 0.02315 0.00913 0.00518
v 0.36417 0.52028 -0.09463 0.02315 0.00913 0.00518
v 0.36417 0.52028 -0.11355 0.02315 0.00913 0.00518
v 0.37880 0.53078 -0.11940 0.02315 0.00913 0.00518
v 0.38783 0.53726 -0.10409 0.02315 0.00913 0.00518
v 0.37834 0.53882 -0.10409 0.02315 0.00913 0.00518
v 0.37312 0.53508 -0.09525 0.02315 0.00913 0.00518
v 0.36468 0.52902 -0.09863 0.02315 0.00913 0.00518
v 0.36468 0.52902 -0.10956 0.02315 0.00913 0.00518
v 0.37312 0.53508 -0.11293 0.02315 0.00913 0.00518
v 0.37834 0.53882 -0.10409 0.02315 0.00913 0.00518
v 0.36934 0.53543 -0.10409 0.02315 0.00913 0.00518
v 0.36934 0.53543 -0.10409 0.02315 0.00913 0.00518
v 0.36934 0.53543 -0.10409 0.02315 0.00913 0.00518
v 0.36934 0.53543 -0.10409 0.02315 0.00913 0.00518
v 0.36934 0.53543 -0.10409 0.02315 0.00913 0.00518
v 0.36934 0.53543 -0.10409 0.02315 0.00913 0.00518
v -0.29854 0.15915 -0.05948 0.02315 0.00913 0.00518
v -0.29854 0.15915 -0.05948 0.02315 0.00913 0.00518
v -0.29854 0.15915 -0.05948 0.02315 0.00913 0.00518
v -0.29854 0.15915 -0.05948 0.02315 0.00913 0.00518
v -0.29854 0.15915 -0.05948 0.02315 0.00913 0.00518
v -0.29854 0.15915 -0.05948 0.02315 0.00913 0.00518
v -0.29854 0.15915 -0.05948 0.02315 0.00913 0.00518
v -0.29854 0.15915 -0.05948 0.02315 0.00913 0.00518
v -0.28851 0.15613 -0.05948 0.02315 0.00913 0.00518
v -0.29202 0.15782 -0.05140 0.02315 0.00913 0.00518
v -0.29990 0.16163 -0.04940 0.02315 0.00913 0.00518
v -0.30621 0.16468 -0.05500 0.02315 0.00913 0.00518
v -0.30621 0.16468 -0.06397 0.02315 0.00913 0.00518
v -0.29990 0.16163 -0.06956 0.02315 0.00913 0.00518
v -0.29202 0.15782 -0.06757 0.02315 0.00913 0.00518
v -0.28851 0.15613 -0.05948 0.02315 0.00913 0.00518
v -0.27805 0.15635 -0.05948 0.02315 0.00913 0.00518
v -0.28472 0.15957 -0.04411 0.02315 0.00913 0.00518
v -0.29970 0.16681 -0.04031 0.02315 0.00913 0.00518
v -0.31171 0.17261 -0.05095 0.02315 0.00913 0.00518
v -0.31171 0.17261 -0.06801 0.02315 0.00913 0.00518
v -0.29970 0.16681 -0.07865 0.02315 0.00913 0.00518
v -0.28472 0.15957 -0.07486 0.02315 0.00913 0.00518
v -0.27805 0.15635 -0.05948 0.02315 0.00913 0.00518
v -0.26816 0.15980 -0.05948 0.02315 0.00913 0.00518
v -0.27734 0.16423 -0.03832 0.02315 0.00913 0.00518
v -0.29796 0.17419 -0.03309 0.02315 0.00913 0.00518
v -0.31450 0.18218 -0.04774 0.02315 0.00913 0.00518
v -0.31450 0.18218 -0.07123 0.02315 0.00913 0.00518
v -0.29796 0.17419 -0.08587 0.02315 0.00913 0.00518
v -0.27734 0.16423 -0.08064 0.02315 0.00913 0.00518
v -0.26816 0.15980 -0.05948 0.02315 0.00913 0.00518
v -0.25983 0.16613 -0.05948 0.02315 0.00913 0.00518
v -0.27062 0.17134 -0.03460 0.02315 0.00913 0.00518
v -0.29486 0.18305 -0.02846 0.02315 0.00913 0.00518
v -0.31430 0.19244 -0.04567 0.02315 0.00913 0.00518
v -0.31430 0.19244 -0.07329 0.02315 0.00913 0.00518
v -0.29486 0.18305 -0.09050 0.02315 0.00913 0.00518
v -0.27062 0.17134 -0.08436 0.02315 0.00913 0.00518
v -0.25983 0.16613 -0.05948 0.02315 0.00913 0.00518
v -0.25386 0.17472 -0.05948 0.02315 0.00913 0.00518
v -0.26520 0.18020 -0.03332 0.02315 0.00913 0.00518
v -0.29069 0.19252 -0.02686 0.02315 0.00913 0.00518
v -0.31113 0.20239 -0.04496 0.02315 0.00913 0.00518
v -0.31113 0.20239 -0.07400 0.02315 0.00913 0.00518
v -0.29069 0.19252 -0.09210 0.02315 0.00913 0.00518
v -0.26520 0.18020 -0.08564 0.02315 0.00913 0.00518
v -0.25386 0.17472 -0.05948 0.02315 0.00913 0.00518
v -0.14390 0.40235 -0.05948 0.02315 0.00913 0.00518
v -0.15524 0.40783 -0.03332 0.02315 0.00913 0.00518
v -0.18073 0.42015 -0.02686 0.02315 0.00913 0.00518
v -0.20117 0.43002 -0.04496 0.02315 0.00913 0.00518
v -0.20117 0.43002 -0.07400 0.02315 0.00913 0.00518
v -0.18073 0.42015 -0.09210 0.02315 0.00913 0.00518
v -0.15524 0.40783 -0.08564 0.02315 0.00913 0.00518
v -0.14390 0.40235 -0.05948 0.02315 0.00913 0.00518
v -0.14087 0.41238 -0.05948 0.02315 0.00913 0.00518
v -0.15166 0.41759 -0.03460 0.02315 0.00913 0.00518
v -0.17590 0.42930 -0.02846 0.02315 0.00913 0.00518
v -0.19534 0.43869 -0.04567 0.02315 0.00913 0.00518
v -0.19534 0.43869 -0.07329 0.02315 0.00913 0.00518
v -0.17590 0.42930 -0.09050 0.02315 0.00913 0.00518
v -0.15166 0.41759 -0.08436 0.02315 0.00913 0.00518
v -0.14087 0.41238 -0.05948 0.02315 0.00913 0.00518
v -0.14110 0.42284 -0.05948 0.02315 0.00913 0.00518
v -0.15027 0.42728 -0.03832 0.02315 0.00913 0.00518
v -0.17089 0.43724 -0.03309 0.02315 0.00913 0.00518
v -0.18743 0.44522 -0.04774 0.02315 0.00913 0.00518
v -0.18743 0.44522 -0.07123 0.02315 0.00913 0.00518
v -0.17089 0.43724 -0.08587 0.02315 0.00913 0.00518
v -0.15027 0.42728 -0.08064 0.02315 0.00913 0.00518
v -0.14110 0.42284 -0.05948 0.02315 0.00913 0.00518
v -0.14454 0.43273 -0.05948 0.02315 0.00913 0.00518
v -0.15121 0.43595 -0.04411 0.02315 0.00913 0.00518
v -0.16619 0.44318 -0.04031 0.02315 0.00913 0.00518
v -0.17821 0.44899 -0.05095 0.02315 0.00913 0.00518
v -0.17821 0.44899 -0.06801 0.02315 0.00913 0.00518
v -0.16619 0.44318 -0.07865 0.02315 0.00913 0.00518
v -0.15121 0.43595 -0.07486 0.02315 0.00913 0.00518
v -0.14454 0.43273 -0.05948 0.02315 0.00913 0.00518
v -0.15087 0.44106 -0.05948 0.02315 0.00913 0.00518
v -0.15438 0.44276 -0.05140 0.02315 0.00913 0.00518
v -0.16226 0.44656 -0.04940 0.02315 0.00913 0.00518
v -0.16857 0.44961 -0.05500 0.02315 0.00913 0.00518
v -0.16857 0.44961 -0.06397 0.02315 0.00913 0.00518
v -0.16226 0.44656 -0.06956 0.02315 0.00913 0.00518
v -0.15438 0.44276 -0.06757 0.02315 0.00913 0.00518
v -0.15087 0.44106 -0.05948 0.02315 0.00913 0.00518
v -0.15947 0.44704 -0.05948 0.02315 0.00913 0.00518
v -0.15947 0.44704 -0.05948 0.02315 0.00913 0.00518
v -0.15947 0.44704 -0.05948 0.02315 0.00913 0.00518
v -0.15947 0.44704 -0.05948 0.02315 0.00913 0.00518
v -0.15947 0.44704 -0.05948 0.02315 0.00913 0.00518
v -0.15947 0.44704 -0.05948 0.02315 0.00913 0.00518
v -0.15947 0.44704 -0.05948 0.02315 0.00913 0.00518
v -0.15947 0.44704 -0.05948 0.02315 0.00913 0.00518
v -0.33942 0.17315 -0.07435 0.02315 0.00913 0.00518
v -0.33942 0.17315 -0.07435 0.02315 0.00913 0.00518
v -0.33942 0.17315 -0.07435 0.02315 0.00913 0.00518
v -0.33942 0.17315 -0.07435 0.02315 0.00913 0.00518
v -0.33942 0.17315 -0.07435 0.02315 0.00913 0.00518
v -0.33942 0.17315 -0.07435 0.02315 0.00913 0.00518
v -0.32987 0.17199 -0.07435 0.02315 0.00913 0.00518
v -0.33583 0.17439 -0.06551 0.02315 0.00913 0.00518
v -0.34547 0.17827 -0.06889 0.02315 0.00913 0.00518
v -0.34547 0.17827 -0.07981 0.02315 0.00913 0.00518
v -0.33583 0.17439 -0.08319 0.02315 0.00913 0.00518
v -0.32987 0.17199 -0.07435 0.02315 0.00913 0.00518
v -0.32102 0.17577 -0.07435 0.02315 0.00913 0.00518
v -0.33134 0.17992 -0.05904 0.02315 0.00913 0.00518
v -0.34804 0.18663 -0.06489 0.02315 0.00913 0.00518
v -0.34804 0.18663 -0.08381 0.02315 0.00913 0.00518
v -0.33134 0.17992 -0.08966 0.02315 0.00913 0.00518
v -0.32102 0.17577 -0.07435 0.02315 0.00913 0.00518
v -0.31524 0.18346 -0.07435 0.02315 0.00913 0.00518
v -0.32716 0.18825 -0.05667 0.02315 0.00913 0.00518
v -0.34644 0.19601 -0.06343 0.02315 0.00913 0.00518
v -0.34644 0.19601 -0.08528 0.02315 0.00913 0.00518
v -0.32716 0.18825 -0.09203 0.02315 0.00913 0.00518
v -0.31524 0.18346 -0.07435 0.02315 0.00913 0.00518
v -0.17371 0.53525 -0.07435 0.02315 0.00913 0.00518
v -0.18562 0.54004 -0.05667 0.02315 0.00913 0.00518
v -0.20490 0.54780 -0.06343 0.02315 0.00913 0.00518
v -0.20490 0.54780 -0.08528 0.02315 0.00913 0.00518
v -0.18562 0.54004 -0.09203 0.02315 0.00913 0.00518
v -0.17371 0.53525 -0.07435 0.02315 0.00913 0.00518
v -0.17255 0.54480 -0.07435 0.02315 0.00913 0.00518
v -0.18287 0.54895 -0.05904 0.02315 0.00913 0.00518
v -0.19957 0.55567 -0.06489 0.02315 0.00913 0.00518
v -0.19957 0.55567 -0.08381 0.02315 0.00913 0.00518
v -0.18287 0.54895 -0.08966 0.02315 0.00913 0.00518
v -0.17255 0.54480 -0.07435 0.02315 0.00913 0.00518
v -0.17632 0.55365 -0.07435 0.02315 0.00913 0.00518
v -0.18228 0.55605 -0.06551 0.02315 0.00913 0.00518
v -0.19192 0.55993 -0.06889 0.02315 0.00913 0.00518
v -0.19192 0.55993 -0.07981 0.02315 0.00913 0.00518
v -0.18228 0.55605 -0.08319 0.02315 0.00913 0.00518
v -0.17632 0.55365 -0.07435 0.02315 0.00913 0.00518
v -0.18402 0.55943 -0.07435 0.02315 0.00913 0.00518
v -0.18402 0.55943 -0.07435 0.02315 0.00913 0.00518
v -0.18402 0.55943 -0.07435 0.02315 0.00913 0.00518
v -0.18402 0.55943 -0.07435 0.02315 0.00913 0.00518
v -0.18402 0.55943 -0.07435 0.02315 0.00913 0.00518
v -0.18402 0.55943 -0.07435 0.02315 0.00913 0.00518
v -0.47649 0.18384 -0.08922 0.02315 0.00913 0.00518
v -0.47649 0.18384 -0.08922 0.02315 0.00913 0.00518
v -0.47649 0.18384 -0.08922 0.02315 0.00913 0.00518
v -0.47649 0.18384 -0.08922 0.02315 0.00913 0.00518
v -0.47649 0.18384 -0.08922 0.02315 0.00913 0.00518
v -0.47649 0.18384 -0.08922 0.02315 0.00913 0.00518
v -0.46714 0.18155 -0.08922 0.02315 0.00913 0.00518
v -0.47277 0.18464 -0.08038 0.02315 0.00913 0.00518
v -0.48188 0.18965 -0.08376 0.02315 0.00913 0.00518
v -0.48188 0.18965 -0.09469 0.02315 0.00913 0.00518
v -0.47277 0.18464 -0.09806 0.02315 0.00913 0.00518
v -0.46714 0.18155 -0.08922 0.02315 0.00913 0.00518
v -0.45790 0.18423 -0.08922 0.02315 0.00913 0.00518
v -0.46765 0.18959 -0.07391 0.02315 0.00913 0.00518
v -0.48342 0.19826 -0.07976 0.02315 0.00913 0.00518
v -0.48342 0.19826 -0.09868 0.02315 0.00913 0.00518
v -0.46765 0.18959 -0.10453 0.02315 0.00913 0.00518
v -0.45790 0.18423 -0.08922 0.02315 0.00913 0.00518
v -0.45124 0.19118 -0.08922 0.02315 0.00913 0.00518
v -0.46250 0.19737 -0.07154 0.02315 0.00913 0.00518
v -0.48071 0.20737 -0.07830 0.02315 0.00913 0.00518
v -0.48071 0.20737 -0.10015 0.02315 0.00913 0.00518
v -0.46250 0.19737 -0.10690 0.02315 0.00913 0.00518
v -0.45124 0.19118 -0.08922 0.02315 0.00913 0.00518
v -0.26862 0.52350 -0.08922 0.02315 0.00913 0.00518
v -0.27987 0.52968 -0.07154 0.02315 0.00913 0.00518
v -0.29809 0.53969 -0.07830 0.02315 0.00913 0.00518
v -0.29809 0.53969 -0.10015 0.02315 0.00913 0.00518
v -0.27987 0.52968 -0.10690 0.02315 0.00913 0.00518
v -0.26862 0.52350 -0.08922 0.02315 0.00913 0.00518
v -0.26632 0.53284 -0.08922 0.02315 0.00913 0.00518
v -0.27607 0.53820 -0.07391 0.02315 0.00913 0.00518
v -0.29184 0.54687 -0.07976 0.02315 0.00913 0.00518
v -0.29184 0.54687 -0.09868 0.02315 0.00913 0.00518
v -0.27607 0.53820 -0.10453 0.02315 0.00913 0.00518
v -0.26632 0.53284 -0.08922 0.02315 0.00913 0.00518
v -0.26901 0.54208 -0.08922 0.02315 0.00913 0.00518
v -0.27464 0.54518 -0.08038 0.02315 0.00913 0.00518
v -0.28374 0.55018 -0.08376 0.02315 0.00913 0.00518
v -0.28374 0.55018 -0.09469 0.02315 0.00913 0.00518
v -0.27464 0.54518 -0.09806 0.02315 0.00913 0.00518
v -0.26901 0.54208 -0.08922 0.02315 0.00913 0.00518
v -0.27595 0.54874 -0.08922 0.02315 0.00913 0.00518
v -0.27595 0.54874 -0.08922 0.02315 0.00913 0.00518
v -0.27595 0.54874 -0.08922 0.02315 0.00913 0.00518
v -0.27595 0.54874 -0.08922 0.02315 0.00913 0.00518
v -0.27595 0.54874 -0.08922 0.02315 0.00913 0.00518
v -0.27595 0.54874 -0.08922 0.02315 0.00913 0.00518
v -0.61211 0.19716 -0.10409 0.02315 0.00913 0.00518
v -0.61211 0.19716 -0.10409 0.02315 0.00913 0.00518
v -0.61211 0.19716 -0.10409 0.02315 0.00913 0.00518
v -0.61211 0.19716 -0.10409 0.02315 0.00913 0.00518
v -0.61211 0.19716 -0.10409 0.02315 0.00913 0.00518
v -0.61211 0.19716 -0.10409 0.02315 0.00913 0.00518
v -0.60311 0.19376 -0.10409 0.02315 0.00913 0.00518
v -0.60832 0.19751 -0.09525 0.02315 0.00913 0.00518
v -0.61677 0.20356 -0.09863 0.02315 0.00913 0.00518
v -0.61677 0.20356 -0.10956 0.02315 0.00913 0.00518
v -0.60832 0.19751 -0.11293 0.02315 0.00913 0.00518
v -0.60311 0.19376 -0.10409 0.02315 0.00913 0.00518
v -0.59361 0.19532 -0.10409 0.02315 0.00913 0.00518
v -0.60265 0.20181 -0.08878 0.02315 0.00913 0.00518
v -0.61727 0.21230 -0.09463 0.02315 0.00913 0.00518
v -0.61727 0.21230 -0.11355 0.02315 0.00913 0.00518
v -0.60265 0.20181 -0.11940 0.02315 0.00913 0.00518
v -0.59361 0.19532 -0.10409 0.02315 0.00913 0.00518
v -0.58617 0.20142 -0.10409 0.02315 0.00913 0.00518
v -0.59660 0.20891 -0.08641 0.02315 0.00913 0.00518
v -0.61349 0.22103 -0.09317 0.02315 0.00913 0.00518
v -0.61349 0.22103 -0.11502 0.02315 0.00913 0.00518
v -0.59660 0.20891 -0.12177 0.02315 0.00913 0.00518
v -0.58617 0.20142 -0.10409 0.02315 0.00913 0.00518
v -0.36507 0.50949 -0.10409 0.02315 0.00913 0.00518
v -0.37551 0.51698 -0.08641 0.02315 0.00913 0.00518
v -0.39239 0.52909 -0.09317 0.02315 0.00913 0.00518
v -0.39239 0.52909 -0.11502 0.02315 0.00913 0.00518
v -0.37551 0.51698 -0.12177 0.02315 0.00913 0.00518
v -0.36507 0.50949 -0.10409 0.02315 0.00913 0.00518
v -0.36168 0.51849 -0.10409 0.02315 0.00913 0.00518
v -0.37071 0.52498 -0.08878 0.02315 0.00913 0.00518
v -0.38534 0.53547 -0.09463 0.02315 0.00913 0.00518
v -0.38534 0.53547 -0.11355 0.02315 0.00913 0.00518
v -0.37071 0.52498 -0.11940 0.02315 0.00913 0.00518
v -0.36168 0.51849 -0.10409 0.02315 0.00913 0.00518
v -0.36324 0.52798 -0.10409 0.02315 0.00913 0.00518
v -0.36845 0.53173 -0.09525 0.02315 0.00913 0.00518
v -0.37690 0.53779 -0.09863 0.02315 0.00913 0.00518
v -0.37690 0.53779 -0.10956 0.02315 0.00913 0.00518
v -0.36845 0.53173 -0.11293 0.02315 0.00913 0.00518
v -0.36324 0.52798 -0.10409 0.02315 0.00913 0.00518
v -0.36934 0.53543 -0.10409 0.02315 0.00913 0.00518
v -0.36934 0.53543 -0.10409 0.02315 0.00913 0.00518
v -0.36934 0.53543 -0.10409 0.02315 0.00913 0.00518
v -0.36934 0.53543 -0.10409 0.02315 0.00913 0.00518
v -0.36934 0.53543 -0.10409 0.02315 0.00913 0.00518
v -0.36934 0.53543 -0.10409 0.02315 0.00913 0.00518
v 0.34202 0.38005 0.07435 0.02315 0.00913 0.00518
v 0.34202 0.38005 0.07435 0.02315 0.00913 0.00518
v 0.34202 0.38005 0.07435 0.02315 0.00913 0.00518
v 0.34202 0.38005 0.07435 0.02315 0.00913 0.00518
v 0.34202 0.38005 0.07435 0.02315 0.00913 0.00518
v 0.34202 0.38005 0.07435 0.02315 0.00913 0.00518
v 0.34202 0.38005 0.07435 0.02315 0.00913 0.00518
v 0.34202 0.38005 0.07435 0.02315 0.00913 0.00518
v 0.38725 0.36535 0.07435 0.02315 0.00913 0.00518
v 0.37022 0.36535 0.10972 0.02315 0.00913 0.00518
v 0.33195 0.36535 0.11845 0.02315 0.00913 0.00518
v 0.30127 0.36535 0.09398 0.02315 0.00913 0.00518
v 0.30127 0.36535 0.05473 0.02315 0.00913 0.00518
v 0.33195 0.36535 0.03025 0.02315 0.00913 0.00518
v 0.37022 0.36535 0.03899 0.02315 0.00913 0.00518
v 0.38725 0.36535 0.07435 0.02315 0.00913 0.00518
v 0.41521 0.32687 0.07435 0.02315 0.00913 0.00518
v 0.38765 0.32687 0.13157 0.02315 0.00913 0.00518
v 0.32573 0.32687 0.14570 0.02315 0.00913 0.00518
v 0.27608 0.32687 0.10611 0.02315 0.00913 0.00518
v 0.27608 0.32687 0.04260 0.02315 0.00913 0.00518
v 0.32573 0.32687 0.00300 0.02315 0.00913 0.00518
v 0.38765 0.32687 0.01713 0.02315 0.00913 0.00518
v 0.41521 0.32687 0.07435 0.02315 0.00913 0.00518
v 0.41521 0.27931 0.07435 0.02315 0.00913 0.00518
v 0.38765 0.27931 0.13157 0.02315 0.00913 0.00518
v 0.32573 0.27931 0.14570 0.02315 0.00913 0.00518
v 0.27608 0.27931 0.10611 0.02315 0.00913 0.00518
v 0.27608 0.27931 0.04260 0.02315 0.00913 0.00518
v 0.32573 0.27931 0.00300 0.02315 0.00913 0.00518
v 0.38765 0.27931 0.01713 0.02315 0.00913 0.00518
v 0.41521 0.27931 0.07435 0.02315 0.00913 0.00518
v 0.38725 0.24084 0.07435 0.02315 0.00913 0.00518
v 0.37022 0.24084 0.10972 0.02315 0.00913 0.00518
v 0.33195 0.24084 0.11845 0.02315 0.00913 0.00518
v 0.30127 0.24084 0.09398 0.02315 0.00913 0.00518
v 0.30127 0.24084 0.05473 0.02315 0.00913 0.00518
v 0.33195 0.24084 0.03025 0.02315 0.00913 0.00518
v 0.37022 0.24084 0.03899 0.02315 0.00913 0.00518
v 0.38725 0.24084 0.07435 0.02315 0.00913 0.00518
v 0.34202 0.22614 0.07435 0.02315 0.00913 0.00518
v 0.34202 0.22614 0.07435 0.02315 0.00913 0.00518
v 0.34202 0.22614 0.07435 0.02315 0.00913 0.00518
v 0.34202 0.22614 0.07435 0.02315 0.00913 0.00518
v 0.34202 0.22614 0.07435 0.02315 0.00913 0.00518
v 0.34202 0.22614 0.07435 0.02315 0.00913 0.00518
v 0.34202 0.22614 0.07435 0.02315 0.00913 0.00518
v 0.34202 0.22614 0.07435 0.02315 0.00913 0.00518
v -0.34202 0.38005 0.07435 0.02315 0.00913 0.00518
v -0.34202 0.38005 0.07435 0.02315 0.00913 0.00518
v -0.34202 0.38005 0.07435 0.02315 0.00913 0.00518
v -0.34202 0.38005 0.07435 0.02315 0.00913 0.00518
v -0.34202 0.38005 0.07435 0.02315 0.00913 0.00518
v -0.34202 0.38005 0.07435 0.02315 0.00913 0.00518
v -0.34202 0.38005 0.07435 0.02315 0.00913 0.00518
v -0.34202 0.38005 0.07435 0.02315 0.00913 0.00518
v -0.29679 0.36535 0.07435 0.02315 0.00913 0.00518
v -0.31382 0.36535 0.10972 0.02315 0.00913 0.00518
v -0.35208 0.36535 0.11845 0.02315 0.00913 0.00518
v -0.38277 0.36535 0.09398 0.02315 0.00913 0.00518
v -0.38277 0.36535 0.05473 0.02315 0.00913 0.00518
v -0.35208 0.36535 0.03025 0.02315 0.00913 0.00518
v -0.31382 0.36535 0.03899 0.02315 0.00913 0.00518
v -0.29679 0.36535 0.07435 0.02315 0.00913 0.00518
v -0.26883 0.32687 0.07435 0.02315 0.00913 0.00518
v -0.29639 0.32687 0.13157 0.02315 0.00913 0.00518
v -0.35830 0.32687 0.14570 0.02315 0.00913 0.00518
v -0.40796 0.32687 0.10611 0.02315 0.00913 0.00518
v -0.40796 0.32687 0.04260 0.02315 0.00913 0.00518
v -0.35830 0.32687 0.00300 0.02315 0.00913 0.00518
v -0.29639 0.32687 0.01713 0.02315 0.00913 0.00518
v -0.26883 0.32687 0.07435 0.02315 0.00913 0.00518
v -0.26883 0.27931 0.07435 0.02315 0.00913 0.00518
v -0.29639 0.27931 0.13157 0.02315 0.00913 0.00518
v -0.35830 0.27931 0.14570 0.02315 0.00913 0.00518
v -0.40796 0.27931 0.10611 0.02315 0.00913 0.00518
v -0.40796 0.27931 0.04260 0.02315 0.00913 0.00518
v -0.35830 0.27931 0.00300 0.02315 0.00913 0.00518
v -0.29639 0.27931 0.01713 0.02315 0.00913 0.00518
v -0.26883 0.27931 0.07435 0.02315 0.00913 0.00518
v -0.29679 0.24084 0.07435 0.02315 0.00913 0.00518
v -0.31382 0.24084 0.10972 0.02315 0.00913 0.00518
v -0.35208 0.24084 0.11845 0.02315 0.00913 0.00518
v -0.38277 0.24084 0.09398 0.02315 0.00913 0.00518
v -0.38277 0.24084 0.05473 0.02315 0.00913 0.00518
v -0.35208 0.24084 0.03025 0.02315 0.00913 0.00518
v -0.31382 0.24084 0.03899 0.02315 0.00913 0.00518
v -0.29679 0.24084 0.07435 0.02315 0.00913 0.00518
v -0.34202 0.22614 0.07435 0.02315 0.00913 0.00518
v -0.34202 0.22614 0.07435 0.02315 0.00913 0.00518
v -0.34202 0.22614 0.07435 0.02315 0.00913 0.00518
v -0.34202 0.22614 0.07435 0.02315 0.00913 0.00518
v -0.34202 0.22614 0.07435 0.02315 0.00913 0.00518
v -0.34202 0.22614 0.07435 0.02315 0.00913 0.00518
v -0.34202 0.22614 0.07435 0.02315 0.00913 0.00518
v -0.34202 0.22614 0.07435 0.02315 0.00913 0.00518
v 0.14870 0.38079 0.10409 0.02315 0.00913 0.00518
v 0.14870 0.38079 0.10409 0.02315 0.00913 0.00518
v 0.14870 0.38079 0.10409 0.02315 0.00913 0.00518
v 0.14870 0.38079 0.10409 0.02315 0.00913 0.00518
v 0.14870 0.38079 0.10409 0.02315 0.00913 0.00518
v 0.14870 0.38079 0.10409 0.02315 0.00913 0.00518
v 0.14870 0.38079 0.10409 0.02315 0.00913 0.00518
v 0.14870 0.38079 0.10409 0.02315 0.00913 0.00518
v 0.19437 0.36595 0.10409 0.02315 0.00913 0.00518
v 0.17718 0.36595 0.13980 0.02315 0.00913 0.00518
v 0.13854 0.36595 0.14862 0.02315 0.00913 0.00518
v 0.10756 0.36595 0.12391 0.02315 0.00913 0.00518
v 0.10756 0.36595 0.08428 0.02315 0.00913 0.00518
v 0.13854 0.36595 0.05957 0.02315 0.00913 0.00518
v 0.17718 0.36595 0.06839 0.02315 0.00913 0.00518
v 0.19437 0.36595 0.10409 0.02315 0.00913 0.00518
v 0.22260 0.32710 0.10409 0.02315 0.00913 0.00518
v 0.19478 0.32710 0.16187 0.02315 0.00913 0.00518
v 0.13226 0.32710 0.17613 0.02315 0.00913 0.00518
v 0.08213 0.32710 0.13615 0.02315 0.00913 0.00518
v 0.08213 0.32710 0.07203 0.02315 0.00913 0.00518
v 0.13226 0.32710 0.03205 0.02315 0.00913 0.00518
v 0.19478 0.32710 0.04632 0.02315 0.00913 0.00518
v 0.22260 0.32710 0.10409 0.02315 0.00913 0.00518
v 0.22260 0.27908 0.10409 0.02315 0.00913 0.00518
v 0.19478 0.27908 0.16187 0.02315 0.00913 0.00518
v 0.13226 0.27908 0.17613 0.02315 0.00913 0.00518
v 0.08213 0.27908 0.13615 0.02315 0.00913 0.00518
v 0.08213 0.27908 0.07203 0.02315 0.00913 0.00518
v 0.13226 0.27908 0.03205 0.02315 0.00913 0.00518
v 0.19478 0.27908 0.04632 0.02315 0.00913 0.00518
v 0.22260 0.27908 0.10409 0.02315 0.00913 0.00518
v 0.19437 0.24023 0.10409 0.02315 0.00913 0.00518
v 0.17718 0.24023 0.13980 0.02315 0.00913 0.00518
v 0.13854 0.24023 0.14862 0.02315 0.00913 0.00518
v 0.10756 0.24023 0.12391 0.02315 0.00913 0.00518
v 0.10756 0.24023 0.08428 0.02315 0.00913 0.00518
v 0.13854 0.24023 0.05957 0.02315 0.00913 0.00518
v 0.17718 0.24023 0.06839 0.02315 0.00913 0.00518
v 0.19437 0.24023 0.10409 0.02315 0.00913 0.00518
v 0.14870 0.22540 0.10409 0.02315 0.00913 0.00518
v 0.14870 0.22540 0.10409 0.02315 0.00913 0.00518
v 0.14870 0.22540 0.10409 0.02315 0.00913 0.00518
v 0.14870 0.22540 0.10409 0.02315 0.00913 0.00518
v 0.14870 0.22540 0.10409 0.02315 0.00913 0.00518
v 0.14870 0.22540 0.10409 0.02315 0.00913 0.00518
v 0.14870 0.22540 0.10409 0.02315 0.00913 0.00518
v 0.14870 0.22540 0.10409 0.02315 0.00913 0.00518
v 0.06261 0.32785 0.31882 0.02315 0.00913 0.00518
v 0.06179 0.32561 0.31963 0.02315 0.00913 0.00518
v 0.06179 0.32866 0.31658 0.02315 0.00913 0.00518
v 0.06179 0.32561 0.31963 0.02315 0.00913 0.00518
v 0.06042 0.32630 0.31727 0.02315 0.00913 0.00518
v 0.06179 0.32866 0.31658 0.02315 0.00913 0.00518
v 0.06179 0.32866 0.31658 0.02315 0.00913 0.00518
v 0.06042 0.32630 0.31727 0.02315 0.00913 0.00518
v 0.06142 0.32904 0.31353 0.02315 0.00913 0.00518
v 0.06042 0.32630 0.31727 0.02315 0.00913 0.00518
v 0.05971 0.32665 0.31353 0.02315 0.00913 0.00518
v 0.06142 0.32904 0.31353 0.02315 0.00913 0.00518
v 0.06142 0.32904 0.31353 0.02315 0.00913 0.00518
v 0.05971 0.32665 0.31353 0.02315 0.00913 0.00518
v 0.06142 0.32904 0.10284 0.02315 0.00913 0.00518
v 0.05971 0.32665 0.31353 0.02315 0.00913 0.00518
v 0.05971 0.32665 0.10284 0.02315 0.00913 0.00518
v 0.06142 0.32904 0.10284 0.02315 0.00913 0.00518
v 0.06142 0.32904 0.10284 0.02315 0.00913 0.00518
v 0.05971 0.32665 0.10284 0.02315 0.00913 0.00518
v 0.06179 0.32866 0.09979 0.02315 0.00913 0.00518
v 0.05971 0.32665 0.10284 0.02315 0.00913 0.00518
v 0.06042 0.32630 0.09910 0.02315 0.00913 0.00518
v 0.06179 0.32866 0.09979 0.02315 0.00913 0.00518
v 0.06179 0.32866 0.09979 0.02315 0.00913 0.00518
v 0.06042 0.32630 0.09910 0.02315 0.00913 0.00518
v 0.06261 0.32785 0.09755 0.02315 0.00913 0.00518
v 0.06042 0.32630 0.09910 0.02315 0.00913 0.00518
v 0.06179 0.32561 0.09674 0.02315 0.00913 0.00518
v 0.06261 0.32785 0.09755 0.02315 0.00913 0.00518
v 0.06179 0.32561 0.31963 0.02315 0.00913 0.00518
v 0.06142 0.32256 0.32000 0.02315 0.00913 0.00518
v 0.06042 0.32630 0.31727 0.02315 0.00913 0.00518
v 0.06142 0.32256 0.32000 0.02315 0.00913 0.00518
v 0.05971 0.32256 0.31762 0.02315 0.00913 0.00518
v 0.06042 0.32630 0.31727 0.02315 0.00913 0.00518
v 0.06042 0.32630 0.31727 0.02315 0.00913 0.00518
v 0.05971 0.32256 0.31762 0.02315 0.00913 0.00518
v 0.05971 0.32665 0.31353 0.02315 0.00913 0.00518
v 0.05971 0.32256 0.31762 0.02315 0.00913 0.00518
v 0.05874 0.32256 0.31353 0.02315 0.00913 0.00518
v 0.05971 0.32665 0.31353 0.02315 0.00913 0.00518
v 0.05971 0.32665 0.31353 0.02315 0.00913 0.00518
v 0.05874 0.32256 0.31353 0.02315 0.00913 0.00518
v 0.05971 0.32665 0.10284 0.02315 0.00913 0.00518
v 0.05874 0.32256 0.31353 0.02315 0.00913 0.00518
v 0.05874 0.32256 0.10284 0.02315 0.00913 0.00518
v 0.05971 0.32665 0.10284 0.02315 0.00913 0.00518
v 0.05971 0.32665 0.10284 0.02315 0.00913 0.00518
v 0.05874 0.32256 0.10284 0.02315 0.00913 0.00518
v 0.06042 0.32630 0.09910 0.02315 0.00913 0.00518
v 0.05874 0.32256 0.10284 0.02315 0.00913 0.00518
v 0.05971 0.32256 0.09875 0.02315 0.00913 0.00518
v 0.06042 0.32630 0.09910 0.02315 0.00913 0.00518
v 0.06042 0.32630 0.09910 0.02315 0.00913 0.00518
v 0.05971 0.32256 0.09875 0.02315 0.00913 0.00518
v 0.06179 0.32561 0.09674 0.02315 0.00913 0.00518
v 0.05971 0.32256 0.09875 0.02315 0.00913 0.00518
v 0.06142 0.32256 0.09637 0.02315 0.00913 0.00518
v 0.06179 0.32561 0.09674 0.02315 0.00913 0.00518
v 0.06142 0.32256 0.32000 0.02315 0.00913 0.00518
v 0.06142 0.28363 0.32000 0.02315 0.00913 0.00518
v 0.05971 0.32256 0.31762 0.02315 0.00913 0.00518
v 0.06142 0.28363 0.32000 0.02315 0.00913 0.00518
v 0.05971 0.28363 0.31762 0.02315 0.00913 0.00518
v 0.05971 0.32256 0.31762 0.02315 0.00913 0.00518
v 0.05971 0.32256 0.31762 0.02315 0.00913 0.00518
v 0.05971 0.28363 0.31762 0.02315 0.00913 0.00518
v 0.05874 0.32256 0.31353 0.02315 0.00913 0.00518
v 0.05971 0.28363 0.31762 0.02315 0.00913 0.00518
v 0.05874 0.28363 0.31353 0.02315 0.00913 0.00518
v 0.05874 0.32256 0.31353 0.02315 0.00913 0.00518
v 0.05874 0.32256 0.31353 0.02315 0.00913 0.00518
v 0.05874 0.28363 0.31353 0.02315 0.00913 0.00518
v 0.05874 0.32256 0.10284 0.02315 0.00913 0.00518
v 0.05874 0.28363 0.31353 0.02315 0.00913 0.00518
v 0.05874 0.28363 0.10284 0.02315 0.00913 0.00518
v 0.05874 0.32256 0.10284 0.02315 0.00913 0.00518
v 0.05874 0.32256 0.10284 0.02315 0.00913 0.00518
v 0.05874 0.28363 0.10284 0.02315 0.00913 0.00518
v 0.05971 0.32256 0.09875 0.02315 0.00913 0.00518
v 0.05874 0.28363 0.10284 0.02315 0.00913 0.00518
v 0.05971 0.28363 0.09875 0.02315 0.00913 0.00518
v 0.05971 0.32256 0.09875 0.02315 0.00913 0.00518
v 0.05971 0.32256 0.09875 0.02315 0.00913 0.00518
v 0.05971 0.28363 0.09875 0.02315 0.00913 0.00518
v 0.06142 0.32256 0.09637 0.02315 0.00913 0.00518
v 0.05971 0.28363 0.09875 0.02315 0.00913 0.00518
v 0.06142 0.28363 0.09637 0.02315 0.00913 0.00518
v 0.06142 0.32256 0.09637 0.02315 0.00913 0.00518
v 0.06142 0.28363 0.32000 0.02315 0.00913 0.00518
v 0.06179 0.28057 0.31963 0.02315 0.00913 0.00518
v 0.05971 0.28363 0.31762 0.02315 0.00913 0.00518
v 0.06179 0.28057 0.31963 0.02315 0.00913 0.00518
v 0.06042 0.27989 0.31727 0.02315 0.00913 0.00518
v 0.05971 0.28363 0.31762 0.02315 0.00913 0.00518
v 0.05971 0.28363 0.31762 0.02315 0.00913 0.00518
v 0.06042 0.27989 0.31727 0.02315 0.00913 0.00518
v 0.05874 0.28363 0.31353 0.02315 0.00913 0.00518
v 0.06042 0.27989 0.31727 0.02315 0.00913 0.00518
v 0.05971 0.27953 0.31353 0.02315 0.00913 0.00518
v 0.05874 0.28363 0.31353 0.02315 0.00913 0.00518
v 0.05874 0.28363 0.31353 0.02315 0.00913 0.00518
v 0.05971 0.27953 0.31353 0.02315 0.00913 0.00518
v 0.05874 0.28363 0.10284 0.02315 0.00913 0.00518
v 0.05971 0.27953 0.31353 0.02315 0.00913 0.00518
v 0.05971 0.27953 0.10284 0.02315 0.00913 0.00518
v 0.05874 0.28363 0.10284 0.02315 0.00913 0.00518
v 0.05874 0.28363 0.10284 0.02315 0.00913 0.00518
v 0.05971 0.27953 0.10284 0.02315 0.00913 0.00518
v 0.05971 0.28363 0.09875 0.02315 0.00913 0.00518
v 0.05971 0.27953 0.10284 0.02315 0.00913 0.00518
v 0.06042 0.27989 0.09910 0.02315 0.00913 0.00518
v 0.05971 0.28363 0.09875 0.02315 0.00913 0.00518
v 0.05971 0.28363 0.09875 0.02315 0.00913 0.00518
v 0.06042 0.27989 0.09910 0.02315 0.00913 0.00518
v 0.06142 0.28363 0.09637 0.02315 0.00913 0.00518
v 0.06042 0.27989 0.09910 0.02315 0.00913 0.00518
v 0.06179 0.28057 0.09674 0.02315 0.00913 0.00518
v 0.06142 0.28363 0.09637 0.02315 0.00913 0.00518
v 0.06179 0.28057 0.31963 0.02315 0.00913 0.00518
v 0.06261 0.27834 0.31882 0.02315 0.00913 0.00518
v 0.06042 0.27989 0.31727 0.02315 0.00913 0.00518
v 0.06261 0.27834 0.31882 0.02315 0.00913 0.00518
v 0.06179 0.27752 0.31658 0.02315 0.00913 0.00518
v 0.06042 0.27989 0.31727 0.02315 0.00913 0.00518
v 0.06042 0.27989 0.31727 0.02315 0.00913 0.00518
v 0.06179 0.27752 0.31658 0.02315 0.00913 0.00518
v 0.05971 0.27953 0.31353 0.02315 0.00913 0.00518
v 0.06179 0.27752 0.31658 0.02315 0.00913 0.00518
v 0.06142 0.27715 0.31353 0.02315 0.00913 0.00518
v 0.05971 0.27953 0.31353 0.02315 0.00913 0.00518
v 0.05971 0.27953 0.31353 0.02315 0.00913 0.00518
v 0.06142 0.27715 0.31353 0.02315 0.00913 0.00518
v 0.05971 0.27953 0.10284 0.02315 0.00913 0.00518
v 0.06142 0.27715 0.31353 0.02315 0.00913 0.00518
v 0.06142 0.27715 0.10284 0.02315 0.00913 0.00518
v 0.05971 0.27953 0.10284 0.02315 0.00913 0.00518
v 0.05971 0.27953 0.10284 0.02315 0.00913 0.00518
v 0.06142 0.27715 0.10284 0.02315 0.00913 0.00518
v 0.06042 0.27989 0.09910 0.02315 0.00913 0.00518
v 0.06142 0.27715 0.10284 0.02315 0.00913 0.00518
v 0.06179 0.27752 0.09979 0.02315 0.00913 0.00518
v 0.06042 0.27989 0.09910 0.02315 0.00913 0.00518
v 0.06042 0.27989 0.09910 0.02315 0.00913 0.00518
v 0.06179 0.27752 0.09979 0.02315 0.00913 0.00518
v 0.06179 0.28057 0.09674 0.02315 0.00913 0.00518
v 0.06179 0.27752 0.09979 0.02315 0.00913 0.00518
v 0.06261 0.27834 0.09755 0.02315 0.00913 0.00518
v 0.06179 0.28057 0.09674 0.02315 0.00913 0.00518
v 0.23480 0.32785 0.09755 0.02315 0.00913 0.00518
v 0.23562 0.32561 0.09674 0.02315 0.00913 0.00518
v 0.23562 0.32866 0.09979 0.02315 0.00913 0.00518
v 0.23562 0.32561 0.09674 0.02315 0.00913 0.00518
v 0.23699 0.32630 0.09910 0.02315 0.00913 0.00518
v 0.23562 0.32866 0.09979 0.02315 0.00913 0.00518
v 0.23562 0.32866 0.09979 0.02315 0.00913 0.00518
v 0.23699 0.32630 0.09910 0.02315 0.00913 0.00518
v 0.23599 0.32904 0.10284 0.02315 0.00913 0.00518
v 0.23699 0.32630 0.09910 0.02315 0.00913 0.00518
v 0.23770 0.32665 0.10284 0.02315 0.00913 0.00518
v 0.23599 0.32904 0.10284 0.02315 0.00913 0.00518
v 0.23599 0.32904 0.10284 0.02315 0.00913 0.00518
v 0.23770 0.32665 0.10284 0.02315 0.00913 0.00518
v 0.23599 0.32904 0.31353 0.02315 0.00913 0.00518
v 0.23770 0.32665 0.10284 0.02315 0.00913 0.00518
v 0.23770 0.32665 0.31353 0.02315 0.00913 0.00518
v 0.23599 0.32904 0.31353 0.02315 0.00913 0.00518
v 0.23599 0.32904 0.31353 0.02315 0.00913 0.00518
v 0.23770 0.32665 0.31353 0.02315 0.00913 0.00518
v 0.23562 0.32866 0.31658 0.02315 0.00913 0.00518
v 0.23770 0.32665 0.31353 0.02315 0.00913 0.00518
v 0.23699 0.32630 0.31727 0.02315 0.00913 0.00518
v 0.23562 0.32866 0.31658 0.02315 0.00913 0.00518
v 0.23562 0.32866 0.31658 0.02315 0.00913 0.00518
v 0.23699 0.32630 0.31727 0.02315 0.00913 0.00518
v 0.23480 0.32785 0.31882 0.02315 0.00913 0.00518
v 0.23699 0.32630 0.31727 0.02315 0.00913 0.00518
v 0.23562 0.32561 0.31963 0.02315 0.00913 0.00518
v 0.23480 0.32785 0.31882 0.02315 0.00913 0.00518
v 0.23562 0.32561 0.09674 0.02315 0.00913 0.00518
v 0.23599 0.32256 0.09637 0.02315 0.00913 0.00518
v 0.23699 0.32630 0.09910 0.02315 0.00913 0.00518
v 0.23599 0.32256 0.09637 0.02315 0.00913 0.00518
v 0.23770 0.32256 0.09875 0.02315 0.00913 0.00518
v 0.23699 0.32630 0.09910 0.02315 0.00913 0.00518
v 0.23699 0.32630 0.09910 0.02315 0.00913 0.00518
v 0.23770 0.32256 0.09875 0.02315 0.00913 0.00518
v 0.23770 0.32665 0.10284 0.02315 0.00913 0.00518
v 0.23770 0.32256 0.09875 0.02315 0.00913 0.00518
v 0.23867 0.32256 0.10284 0.02315 0.00913 0.00518
v 0.23770 0.32665 0.10284 0.02315 0.00913 0.00518
v 0.23770 0.32665 0.10284 0.02315 0.00913 0.00518
v 0.23867 0.32256 0.10284 0.02315 0.00913 0.00518
v 0.23770 0.32665 0.31353 0.02315 0.00913 0.00518
v 0.23867 0.32256 0.10284 0.02315 0.00913 0.00518
v 0.23867 0.32256 0.31353 0.02315 0.00913 0.00518
v 0.23770 0.32665 0.31353 0.02315 0.00913 0.00518
v 0.23770 0.32665 0.31353 0.02315 0.00913 0.00518
v 0.23867 0.32256 0.31353 0.02315 0.00913 0.00518
v 0.23699 0.32630 0.31727 0.02315 0.00913 0.00518
v 0.23867 0.32256 0.31353 0.02315 0.00913 0.00518
v 0.23770 0.32256 0.31762 0.02315 0.00913 0.00518
v 0.23699 0.32630 0.31727 0.02315 0.00913 0.00518
v 0.23699 0.32630 0.31727 0.02315 0.00913 0.00518
v 0.23770 0.32256 0.31762 0.02315 0.00913 0.00518
v 0.23562 0.32561 0.31963 0.02315 0.00913 0.00518
v 0.23770 0.32256 0.31762 0.02315 0.00913 0.00518
v 0.23599 0.32256 0.32000 0.02315 0.00913 0.00518
v 0.23562 0.32561 0.31963 0.02315 0.00913 0.00518
v 0.23599 0.32256 0.09637 0.02315 0.00913 0.00518
v 0.23599 0.28363 0.09637 0.02315 0.00913 0.00518
v 0.23770 0.32256 0.09875 0.02315 0.00913 0.00518
v 0.23599 0.28363 0.09637 0.02315 0.00913 0.00518
v 0.23770 0.28363 0.09875 0.02315 0.00913 0.00518
v 0.23770 0.32256 0.09875 0.02315 0.00913 0.00518
v 0.23770 0.32256 0.09875 0.02315 0.00913 0.00518
v 0.23770 0.28363 0.09875 0.02315 0.00913 0.00518
v 0.23867 0.32256 0.10284 0.02315 0.00913 0.00518
v 0.23770 0.28363 0.09875 0.02315 0.00913 0.00518
v 0.23867 0.28363 0.10284 0.02315 0.00913 0.00518
v 0.23867 0.32256 0.10284 0.02315 0.00913 0.00518
v 0.23867 0.32256 0.10284 0.02315 0.00913 0.00518
v 0.23867 0.28363 0.10284 0.02315 0.00913 0.00518
v 0.23867 0.32256 0.31353 0.02315 0.00913 0.00518
v 0.23867 0.28363 0.10284 0.02315 0.00913 0.00518
v 0.23867 0.28363 0.31353 0.02315 0.00913 0.00518
v 0.23867 0.32256 0.31353 0.02315 0.00913 0.00518
v 0.23867 0.32256 0.31353 0.02315 0.00913 0.00518
v 0.23867 0.28363 0.31353 0.02315 0.00913 0.00518
v 0.23770 0.32256 0.31762 0.02315 0.00913 0.00518
v 0.23867 0.28363 0.31353 0.02315 0.00913 0.00518
v 0.23770 0.28363 0.31762 0.02315 0.00913 0.00518
v 0.23770 0.32256 0.31762 0.02315 0.00913 0.00518
v 0.23770 0.32256 0.31762 0.02315 0.00913 0.00518
v 0.23770 0.28363 0.31762 0.02315 0.00913 0.00518
v 0.23599 0.32256 0.32000 0.02315 0.00913 0.00518
v 0.23770 0.28363 0.31762 0.02315 0.00913 0.00518
v 0.23599 0.28363 0.32000 0.02315 0.00913 0.00518
v 0.23599 0.32256 0.32000 0.02315 0.00913 0.00518
v 0.23599 0.28363 0.09637 0.02315 0.00913 0.00518
v 0.23562 0.28057 0.09674 0.02315 0.00913 0.00518
v 0.23770 0.28363 0.09875 0.02315 0.00913 0.00518
v 0.23562 0.28057 0.09674 0.02315 0.00913 0.00518
v 0.23699 0.27989 0.09910 0.02315 0.00913 0.00518
v 0.23770 0.28363 0.09875 0.02315 0.00913 0.00518
v 0.23770 0.28363 0.09875 0.02315 0.00913 0.00518
v 0.23699 0.27989 0.09910 0.02315 0.00913 0.00518
v 0.23867 0.28363 0.10284 0.02315 0.00913 0.00518
v 0.23699 0.27989 0.09910 0.02315 0.00913 0.00518
v 0.23770 0.27953 0.10284 0.02315 0.00913 0.00518
v 0.23867 0.28363 0.10284 0.02315 0.00913 0.00518
v 0.23867 0.28363 0.10284 0.02315 0.00913 0.00518
v 0.23770 0.27953 0.10284 0.02315 0.00913 0.00518
v 0.23867 0.28363 0.31353 0.02315 0.00913 0.00518
v 0.23770 0.27953 0.10284 0.02315 0.00913 0.00518
v 0.23770 0.27953 0.31353 0.02315 0.00913 0.00518
v 0.23867 0.28363 0.31353 0.02315 0.00913 0.00518
v 0.23867 0.28363 0.31353 0.02315 0.00913 0.00518
v 0.23770 0.27953 0.31353 0.02315 0.00913 0.00518
v 0.23770 0.28363 0.31762 0.02315 0.00913 0.00518
v 0.23770 0.27953 0.31353 0.02315 0.00913 0.00518
v 0.23699 0.27989 0.31727 0.02315 0.00913 0.00518
v 0.23770 0.28363 0.31762 0.02315 0.00913 0.00518
v 0.23770 0.28363 0.31762 0.02315 0.00913 0.00518
v 0.23699 0.27989 0.31727 0.02315 0.00913 0.00518
v 0.23599 0.28363 0.32000 0.02315 0.00913 0.00518
v 0.23699 0.27989 0.31727 0.02315 0.00913 0.00518
v 0.23562 0.28057 0.31963 0.02315 0.00913 0.00518
v 0.23599 0.28363 0.32000 0.02315 0.00913 0.00518
v 0.23562 0.28057 0.09674 0.02315 0.00913 0.00518
v 0.23480 0.27834 0.09755 0.02315 0.00913 0.00518
v 0.23699 0.27989 0.09910 0.02315 0.00913 0.00518
v 0.23480 0.27834 0.09755 0.02315 0.00913 0.00518
v 0.23562 0.27752 0.09979 0.02315 0.00913 0.00518
v 0.23699 0.27989 0.09910 0.02315 0.00913 0.00518
v 0.23699 0.27989 0.09910 0.02315 0.00913 0.00518
v 0.23562 0.27752 0.09979 0.02315 0.00913 0.00518
v 0.23770 0.27953 0.10284 0.02315 0.00913 0.00518
v 0.23562 0.27752 0.09979 0.02315 0.00913 0.00518
v 0.23599 0.27715 0.10284 0.02315 0.00913 0.00518
v 0.23770 0.27953 0.10284 0.02315 0.00913 0.00518
v 0.23770 0.27953 0.10284 0.02315 0.00913 0.00518
v 0.23599 0.27715 0.10284 0.02315 0.00913 0.00518
v 0.23770 0.27953 0.31353 0.02315 0.00913 0.00518
v 0.23599 0.27715 0.10284 0.02315 0.00913 0.00518
v 0.23599 0.27715 0.31353 0.02315 0.00913 0.00518
v 0.23770 0.27953 0.31353 0.02315 0.00913 0.00518
v 0.23770 0.27953 0.31353 0.02315 0.00913 0.00518
v 0.23599 0.27715 0.31353 0.02315 0.00913 0.00518
v 0.23699 0.27989 0.31727 0.02315 0.00913 0.00518
v 0.23599 0.27715 0.31353 0.02315 0.00913 0.00518
v 0.23562 0.27752 0.31658 0.02315 0.00913 0.00518
v 0.23699 0.27989 0.31727 0.02315 0.00913 0.00518
v 0.23699 0.27989 0.31727 0.02315 0.00913 0.00518
v 0.23562 0.27752 0.31658 0.02315 0.00913 0.00518
v 0.23562 0.28057 0.31963 0.02315 0.00913 0.00518
v 0.23562 0.27752 0.31658 0.02315 0.00913 0.00518
v 0.23480 0.27834 0.31882 0.02315 0.00913 0.00518
v 0.23562 0.28057 0.31963 0.02315 0.00913 0.00518
v 0.23480 0.32785 0.09755 0.02315 0.00913 0.00518
v 0.23562 0.32866 0.09979 0.02315 0.00913 0.00518
v 0.23256 0.32866 0.09674 0.02315 0.00913 0.00518
v 0.23562 0.32866 0.09979 0.02315 0.00913 0.00518
v 0.23325 0.33004 0.09910 0.02315 0.00913 0.00518
v 0.23256 0.32866 0.09674 0.02315 0.00913 0.00518
v 0.23256 0.32866 0.09674 0.02315 0.00913 0.00518
v 0.23325 0.33004 0.09910 0.02315 0.00913 0.00518
v 0.22951 0.32904 0.09637 0.02315 0.00913 0.00518
v 0.23325 0.33004 0.09910 0.02315 0.00913 0.00518
v 0.22951 0.33075 0.09875 0.02315 0.00913 0.00518
v 0.22951 0.32904 0.09637 0.02315 0.00913 0.00518
v 0.22951 0.32904 0.09637 0.02315 0.00913 0.00518
v 0.22951 0.33075 0.09875 0.02315 0.00913 0.00518
v 0.06790 0.32904 0.09637 0.02315 0.00913 0.00518
v 0.22951 0.33075 0.09875 0.02315 0.00913 0.00518
v 0.06790 0.33075 0.09875 0.02315 0.00913 0.00518
v 0.06790 0.32904 0.09637 0.02315 0.00913 0.00518
v 0.06790 0.32904 0.09637 0.02315 0.00913 0.00518
v 0.06790 0.33075 0.09875 0.02315 0.00913 0.00518
v 0.06484 0.32866 0.09674 0.02315 0.00913 0.00518
v 0.06790 0.33075 0.09875 0.02315 0.00913 0.00518
v 0.06416 0.33004 0.09910 0.02315 0.00913 0.00518
v 0.06484 0.32866 0.09674 0.02315 0.00913 0.00518
v 0.06484 0.32866 0.09674 0.02315 0.00913 0.00518
v 0.06416 0.33004 0.09910 0.02315 0.00913 0.00518
v 0.06261 0.32785 0.09755 0.02315 0.00913 0.00518
v 0.06416 0.33004 0.09910 0.02315 0.00913 0.00518
v 0.06179 0.32866 0.09979 0.02315 0.00913 0.00518
v 0.06261 0.32785 0.09755 0.02315 0.00913 0.00518
v 0.23562 0.32866 0.09979 0.02315 0.00913 0.00518
v 0.23599 0.32904 0.10284 0.02315 0.00913 0.00518
v 0.23325 0.33004 0.09910 0.02315 0.00913 0.00518
v 0.23599 0.32904 0.10284 0.02315 0.00913 0.00518
v 0.23361 0.33075 0.10284 0.02315 0.00913 0.00518
v 0.23325 0.33004 0.09910 0.02315 0.00913 0.00518
v 0.23325 0.33004 0.09910 0.02315 0.00913 0.00518
v 0.23361 0.33075 0.10284 0.02315 0.00913 0.00518
v 0.22951 0.33075 0.09875 0.02315 0.00913 0.00518
v 0.23361 0.33075 0.10284 0.02315 0.00913 0.00518
v 0.22951 0.33172 0.10284 0.02315 0.00913 0.00518
v 0.22951 0.33075 0.09875 0.02315 0.00913 0.00518
v 0.22951 0.33075 0.09875 0.02315 0.00913 0.00518
v 0.22951 0.33172 0.10284 0.02315 0.00913 0.00518
v 0.06790 0.33075 0.09875 0.02315 0.00913 0.00518
v 0.22951 0.33172 0.10284 0.02315 0.00913 0.00518
v 0.06790 0.33172 0.10284 0.02315 0.00913 0.00518
v 0.06790 0.33075 0.09875 0.02315 0.00913 0.00518
v 0.06790 0.33075 0.09875 0.02315 0.00913 0.00518
v 0.06790 0.33172 0.10284 0.02315 0.00913 0.00518
v 0.06416 0.33004 0.09910 0.02315 0.00913 0.00518
v 0.06790 0.33172 0.10284 0.02315 0.00913 0.00518
v 0.06380 0.33075 0.10284 0.02315 0.00913 0.00518
v 0.06416 0.33004 0.09910 0.02315 0.00913 0.00518
v 0.06416 0.33004 0.09910 0.02315 0.00913 0.00518
v 0.06380 0.33075 0.10284 0.02315 0.00913 0.00518
v 0.06179 0.32866 0.09979 0.02315 0.00913 0.00518
v 0.06380 0.33075 0.10284 0.02315 0.00913 0.00518
v 0.06142 0.32904 0.10284 0.02315 0.00913 0.00518
v 0.06179 0.32866 0.09979 0.02315 0.00913 0.00518
v 0.23599 0.32904 0.10284 0.02315 0.00913 0.00518
v 0.23599 0.32904 0.31353 0.02315 0.00913 0.00518
v 0.23361 0.33075 0.10284 0.02315 0.00913 0.00518
v 0.23599 0.32904 0.31353 0.02315 0.00913 0.00518
v 0.23361 0.33075 0.31353 0.02315 0.00913 0.00518
v 0.23361 0.33075 0.10284 0.02315 0.00913 0.00518
v 0.23361 0.33075 0.10284 0.02315 0.00913 0.00518
v 0.23361 0.33075 0.31353 0.02315 0.00913 0.00518
v 0.22951 0.33172 0.10284 0.02315 0.00913 0.00518
v 0.23361 0.33075 0.31353 0.02315 0.00913 0.00518
v 0.22951 0.33172 0.31353 0.02315 0.00913 0.00518
v 0.22951 0.33172 0.10284 0.02315 0.00913 0.00518
v 0.22951 0.33172 0.10284 0.02315 0.00913 0.00518
v 0.22951 0.33172 0.31353 0.02315 0.00913 0.00518
v 0.06790 0.33172 0.10284 0.02315 0.00913 0.00518
v 0.22951 0.33172 0.31353 0.02315 0.00913 0.00518
v 0.06790 0.33172 0.31353 0.02315 0.00913 0.00518
v 0.06790 0.33172 0.10284 0.02315 0.00913 0.00518
v 0.06790 0.33172 0.10284 0.02315 0.00913 0.00518
v 0.06790 0.33172 0.31353 0.02315 0.00913 0.00518
v 0.06380 0.33075 0.10284 0.02315 0.00913 0.00518
v 0.06790 0.33172 0.31353 0.02315 0.00913 0.00518
v 0.06380 0.33075 0.31353 0.02315 0.00913 0.00518
v 0.06380 0.33075 0.10284 0.02315 0.00913 0.00518
v 0.06380 0.33075 0.10284 0.02315 0.00913 0.00518
v 0.06380 0.33075 0.31353 0.02315 0.00913 0.00518
v 0.06142 0.32904 0.10284 0.02315 0.00913 0.00518
v 0.06380 0.33075 0.31353 0.02315 0.00913 0.00518
v 0.06142 0.32904 0.31353 0.02315 0.00913 0.00518
v 0.06142 0.32904 0.10284 0.02315 0.00913 0.00518
v 0.23599 0.32904 0.31353 0.02315 0.00913 0.00518
v 0.23562 0.32866 0.31658 0.02315 0.00913 0.00518
v 0.23361 0.33075 0.31353 0.02315 0.00913 0.00518
v 0.23562 0.32866 0.31658 0.02315 0.00913 0.00518
v 0.23325 0.33004 0.31727 0.02315 0.00913 0.00518
v 0.23361 0.33075 0.31353 0.02315 0.00913 0.00518
v 0.23361 0.33075 0.31353 0.02315 0.00913 0.00518
v 0.23325 0.33004 0.31727 0.02315 0.00913 0.00518
v 0.22951 0.33172 0.31353 0.02315 0.00913 0.00518
v 0.23325 0.33004 0.31727 0.02315 0.00913 0.00518
v 0.22951 0.33075 0.31762 0.02315 0.00913 0.00518
v 0.22951 0.33172 0.31353 0.02315 0.00913 0.00518
v 0.22951 0.33172 0.31353 0.02315 0.00913 0.00518
v 0.22951 0.33075 0.31762 0.02315 0.00913 0.00518
v 0.06790 0.33172 0.31353 0.02315 0.00913 0.00518
v 0.22951 0.33075 0.31762 0.02315 0.00913 0.00518
v 0.06790 0.33075 0.31762 0.02315 0.00913 0.00518
v 0.06790 0.33172 0.31353 0.02315 0.00913 0.00518
v 0.06790 0.33172 0.31353 0.02315 0.00913 0.00518
v 0.06790 0.33075 0.31762 0.02315 0.00913 0.00518
v 0.06380 0.33075 0.31353 0.02315 0.00913 0.00518
v 0.06790 0.33075 0.31762 0.02315 0.00913 0.00518
v 0.06416 0.33004 0.31727 0.02315 0.00913 0.00518
v 0.06380 0.33075 0.31353 0.02315 0.00913 0.00518
v 0.06380 0.33075 0.31353 0.02315 0.00913 0.00518
v 0.06416 0.33004 0.31727 0.02315 0.00913 0.00518
v 0.06142 0.32904 0.31353 0.02315 0.00913 0.00518
v 0.06416 0.33004 0.31727 0.02315 0.00913 0.00518
v 0.06179 0.32866 0.31658 0.02315 0.00913 0.00518
v 0.06142 0.32904 0.31353 0.02315 0.00913 0.00518
v 0.23562 0.32866 0.31658 0.02315 0.00913 0.00518
v 0.23480 0.32785 0.31882 0.02315 0.00913 0.00518
v 0.23325 0.33004 0.31727 0.02315 0.00913 0.00518
v 0.23480 0.32785 0.31882 0.02315 0.00913 0.00518
v 0.23256 0.32866 0.31963 0.02315 0.00913 0.00518
v 0.23325 0.33004 0.31727 0.02315 0.00913 0.00518
v 0.23325 0.33004 0.31727 0.02315 0.00913 0.00518
v 0.23256 0.32866 0.31963 0.02315 0.00913 0.00518
v 0.22951 0.33075 0.31762 0.02315 0.00913 0.00518
v 0.23256 0.32866 0.31963 0.02315 0.00913 0.00518
v 0.22951 0.32904 0.32000 0.02315 0.00913 0.00518
v 0.22951 0.33075 0.31762 0.02315 0.00913 0.00518
v 0.22951 0.33075 0.31762 0.02315 0.00913 0.00518
v 0.22951 0.32904 0.32000 0.02315 0.00913 0.00518
v 0.06790 0.33075 0.31762 0.02315 0.00913 0.00518
v 0.22951 0.32904 0.32000 0.02315 0.00913 0.00518
v 0.06790 0.32904 0.32000 0.02315 0.00913 0.00518
v 0.06790 0.33075 0.31762 0.02315 0.00913 0.00518
v 0.06790 0.33075 0.31762 0.02315 0.00913 0.00518
v 0.06790 0.32904 0.32000 0.02315 0.00913 0.00518
v 0.06416 0.33004 0.31727 0.02315 0.00913 0.00518
v 0.06790 0.32904 0.32000 0.02315 0.00913 0.00518
v 0.06484 0.32866 0.31963 0.02315 0.00913 0.00518
v 0.06416 0.33004 0.31727 0.02315 0.00913 0.00518
v 0.06416 0.33004 0.31727 0.02315 0.00913 0.00518
v 0.06484 0.32866 0.31963 0.02315 0.00913 0.00518
v 0.06179 0.32866 0.31658 0.02315 0.00913 0.00518
v 0.06484 0.32866 0.31963 0.02315 0.00913 0.00518
v 0.06261 0.32785 0.31882 0.02315 0.00913 0.00518
v 0.06179 0.32866 0.31658 0.02315 0.00913 0.00518
v 0.23480 0.27834 0.31882 0.02315 0.00913 0.00518
v 0.23562 0.27752 0.31658 0.02315 0.00913 0.00518
v 0.23256 0.27752 0.31963 0.02315 0.00913 0.00518
v 0.23562 0.27752 0.31658 0.02315 0.00913 0.00518
v 0.23325 0.27615 0.31727 0.02315 0.00913 0.00518
v 0.23256 0.27752 0.31963 0.02315 0.00913 0.00518
v 0.23256 0.27752 0.31963 0.02315 0.00913 0.00518
v 0.23325 0.27615 0.31727 0.02315 0.00913 0.00518
v 0.22951 0.27715 0.32000 0.02315 0.00913 0.00518
v 0.23325 0.27615 0.31727 0.02315 0.00913 0.00518
v 0.22951 0.27543 0.31762 0.02315 0.00913 0.00518
v 0.22951 0.27715 0.32000 0.02315 0.00913 0.00518
v 0.22951 0.27715 0.32000 0.02315 0.00913 0.00518
v 0.22951 0.27543 0.31762 0.02315 0.00913 0.00518
v 0.06790 0.27715 0.32000 0.02315 0.00913 0.00518
v 0.22951 0.27543 0.31762 0.02315 0.00913 0.00518
v 0.06790 0.27543 0.31762 0.02315 0.00913 0.00518
v 0.06790 0.27715 0.32000 0.02315 0.00913 0.00518
v 0.06790 0.27715 0.32000 0.02315 0.00913 0.00518
v 0.06790 0.27543 0.31762 0.02315 0.00913 0.00518
v 0.06484 0.27752 0.31963 0.02315 0.00913 0.00518
v 0.06790 0.27543 0.31762 0.02315 0.00913 0.00518
v 0.06416 0.27615 0.31727 0.02315 0.00913 0.00518
v 0.06484 0.27752 0.31963 0.02315 0.00913 0.00518
v 0.06484 0.27752 0.31963 0.02315 0.00913 0.00518
v 0.06416 0.27615 0.31727 0.02315 0.00913 0.00518
v 0.06261 0.27834 0.31882 0.02315 0.00913 0.00518
v 0.06416 0.27615 0.31727 0.02315 0.00913 0.00518
v 0.06179 0.27752 0.31658 0.02315 0.00913 0.00518
v 0.06261 0.27834 0.31882 0.02315 0.00913 0.00518
v 0.23562 0.27752 0.31658 0.02315 0.00913 0.00518
v 0.23599 0.27715 0.31353 0.02315 0.00913 0.00518
v 0.23325 0.27615 0.31727 0.02315 0.00913 0.00518
v 0.23599 0.27715 0.31353 0.02315 0.00913 0.00518
v 0.23361 0.27543 0.31353 0.02315 0.00913 0.00518
v 0.23325 0.27615 0.31727 0.02315 0.00913 0.00518
v 0.23325 0.27615 0.31727 0.02315 0.00913 0.00518
v 0.23361 0.27543 0.31353 0.02315 0.00913 0.00518
v 0.22951 0.27543 0.31762 0.02315 0.00913 0.00518
v 0.23361 0.27543 0.31353 0.02315 0.00913 0.00518
v 0.22951 0.27447 0.31353 0.02315 0.00913 0.00518
v 0.22951 0.27543 0.31762 0.02315 0.00913 0.00518
v 0.22951 0.27543 0.31762 0.02315 0.00913 0.00518
v 0.22951 0.27447 0.31353 0.02315 0.00913 0.00518
v 0.06790 0.27543 0.31762 0.02315 0.00913 0.00518
v 0.22951 0.27447 0.31353 0.02315 0.00913 0.00518
v 0.06790 0.27447 0.31353 0.02315 0.00913 0.00518
v 0.06790 0.27543 0.31762 0.02315 0.00913 0.00518
v 0.06790 0.27543 0.31762 0.02315 0.00913 0.00518
v 0.06790 0.27447 0.31353 0.02315 0.00913 0.00518
v 0.06416 0.27615 0.31727 0.02315 0.00913 0.00518
v 0.06790 0.27447 0.31353 0.02315 0.00913 0.00518
v 0.06380 0.27543 0.31353 0.02315 0.00913 0.00518
v 0.06416 0.27615 0.31727 0.02315 0.00913 0.00518
v 0.06416 0.27615 0.31727 0.02315 0.00913 0.00518
v 0.06380 0.27543 0.31353 0.02315 0.00913 0.00518
v 0.06179 0.27752 0.31658 0.02315 0.00913 0.00518
v 0.06380 0.27543 0.31353 0.02315 0.00913 0.00518
v 0.06142 0.27715 0.31353 0.02315 0.00913 0.00518
v 0.06179 0.27752 0.31658 0.02315 0.00913 0.00518
v 0.23599 0.27715 0.31353 0.02315 0.00913 0.00518
v 0.23599 0.27715 0.10284 0.02315 0.00913 0.00518
v 0.23361 0.27543 0.31353 0.02315 0.00913 0.00518
v 0.23599 0.27715 0.10284 0.02315 0.00913 0.00518
v 0.23361 0.27543 0.10284 0.02315 0.00913 0.00518
v 0.23361 0.27543 0.31353 0.02315 0.00913 0.00518
v 0.23361 0.27543 0.31353 0.02315 0.00913 0.00518
v 0.23361 0.27543 0.10284 0.02315 0.00913 0.00518
v 0.22951 0.27447 0.31353 0.02315 0.00913 0.00518
v 0.23361 0.27543 0.10284 0.02315 0.00913 0.00518
v 0.22951 0.27447 0.10284 0.02315 0.00913 0.00518
v 0.22951 0.27447 0.31353 0.02315 0.00913 0.00518
v 0.22951 0.27447 0.31353 0.02315 0.00913 0.00518
v 0.22951 0.27447 0.10284 0.02315 0.00913 0.00518
v 0.06790 0.27447 0.31353 0.02315 0.00913 0.00518
v 0.22951 0.27447 0.10284 0.02315 0.00913 0.00518
v 0.06790 0.27447 0.10284 0.02315 0.00913 0.00518
v 0.06790 0.27447 0.31353 0.02315 0.00913 0.00518
v 0.06790 0.27447 0.31353 0.02315 0.00913 0.00518
v 0.06790 0.27447 0.10284 0.02315 0.00913 0.00518
v 0.06380 0.27543 0.31353 0.02315 0.00913 0.00518
v 0.06790 0.27447 0.10284 0.02315 0.00913 0.00518
v 0.06380 0.27543 0.10284 0.02315 0.00913 0.00518
v 0.06380 0.27543 0.31353 0.02315 0.00913 0.00518
v 0.06380 0.27543 0.31353 0.02315 0.00913 0.00518
v 0.06380 0.27543 0.10284 0.02315 0.00913 0.00518
v 0.06142 0.27715 0.31353 0.02315 0.00913 0.00518
v 0.06380 0.27543 0.10284 0.02315 0.00913 0.00518
v 0.06142 0.27715 0.10284 0.02315 0.00913 0.00518
v 0.06142 0.27715 0.31353 0.02315 0.00913 0.00518
v 0.23599 0.27715 0.10284 0.02315 0.00913 0.00518
v 0.23562 0.27752 0.09979 0.02315 0.00913 0.00518
v 0.23361 0.27543 0.10284 0.02315 0.00913 0.00518
v 0.23562 0.27752 0.09979 0.02315 0.00913 0.00518
v 0.23325 0.27615 0.09910 0.02315 0.00913 0.00518
v 0.23361 0.27543 0.10284 0.02315 0.00913 0.00518
v 0.23361 0.27543 0.10284 0.02315 0.00913 0.00518
v 0.23325 0.27615 0.09910 0.02315 0.00913 0.00518
v 0.22951 0.27447 0.10284 0.02315 0.00913 0.00518
v 0.23325 0.27615 0.09910 0.02315 0.00913 0.00518
v 0.22951 0.27543 0.09875 0.02315 0.00913 0.00518
v 0.22951 0.27447 0.10284 0.02315 0.00913 0.00518
v 0.22951 0.27447 0.10284 0.02315 0.00913 0.00518
v 0.22951 0.27543 0.09875 0.02315 0.00913 0.00518
v 0.06790 0.27447 0.10284 0.02315 0.00913 0.00518
v 0.22951 0.27543 0.09875 0.02315 0.00913 0.00518
v 0.06790 0.27543 0.09875 0.02315 0.00913 0.00518
v 0.06790 0.27447 0.10284 0.02315 0.00913 0.00518
v 0.06790 0.27447 0.10284 0.02315 0.00913 0.00518
v 0.06790 0.27543 0.09875 0.02315 0.00913 0.00518
v 0.06380 0.27543 0.10284 0.02315 0.00913 0.00518
v 0.06790 0.27543 0.09875 0.02315 0.00913 0.00518
v 0.06416 0.27615 0.09910 0.02315 0.00913 0.00518
v 0.06380 0.27543 0.10284 0.02315 0.00913 0.00518
v 0.06380 0.27543 0.10284 0.02315 0.00913 0.00518
v 0.06416 0.27615 0.09910 0.02315 0.00913 0.00518
v 0.06142 0.27715 0.10284 0.02315 0.00913 0.00518
v 0.06416 0.27615 0.09910 0.02315 0.00913 0.00518
v 0.06179 0.27752 0.09979 0.02315 0.00913 0.00518
v 0.06142 0.27715 0.10284 0.02315 0.00913 0.00518
v 0.23562 0.27752 0.09979 0.02315 0.00913 0.00518
v 0.23480 0.27834 0.09755 0.02315 0.00913 0.00518
v 0.23325 0.27615 0.09910 0.02315 0.00913 0.00518
v 0.23480 0.27834 0.09755 0.02315 0.00913 0.00518
v 0.23256 0.27752 0.09674 0.02315 0.00913 0.00518
v 0.23325 0.27615 0.09910 0.02315 0.00913 0.00518
v 0.23325 0.27615 0.09910 0.02315 0.00913 0.00518
v 0.23256 0.27752 0.09674 0.02315 0.00913 0.00518
v 0.22951 0.27543 0.09875 0.02315 0.00913 0.00518
v 0.23256 0.27752 0.09674 0.02315 0.00913 0.00518
v 0.22951 0.27715 0.09637 0.02315 0.00913 0.00518
v 0.22951 0.27543 0.09875 0.02315 0.00913 0.00518
v 0.22951 0.27543 0.09875 0.02315 0.00913 0.00518
v 0.22951 0.27715 0.09637 0.02315 0.00913 0.00518
v 0.06790 0.27543 0.09875 0.02315 0.00913 0.00518
v 0.22951 0.27715 0.09637 0.02315 0.00913 0.00518
v 0.06790 0.27715 0.09637 0.02315 0.00913 0.00518
v 0.06790 0.27543 0.09875 0.02315 0.00913 0.00518
v 0.06790 0.27543 0.09875 0.02315 0.00913 0.00518
v 0.06790 0.27715 0.09637 0.02315 0.00913 0.00518
v 0.06416 0.27615 0.09910 0.02315 0.00913 0.00518
v 0.06790 0.27715 0.09637 0.02315 0.00913 0.00518
v 0.06484 0.27752 0.09674 0.02315 0.00913 0.00518
v 0.06416 0.27615 0.09910 0.02315 0.00913 0.00518
v 0.06416 0.27615 0.09910 0.02315 0.00913 0.00518
v 0.06484 0.27752 0.09674 0.02315 0.00913 0.00518
v 0.06179 0.27752 0.09979 0.02315 0.00913 0.00518
v 0.06484 0.27752 0.09674 0.02315 0.00913 0.00518
v 0.06261 0.27834 0.09755 0.02315 0.00913 0.00518
v 0.06179 0.27752 0.09979 0.02315 0.00913 0.00518
v 0.23480 0.32785 0.31882 0.02315 0.00913 0.00518
v 0.23562 0.32561 0.31963 0.02315 0.00913 0.00518
v 0.23256 0.32866 0.31963 0.02315 0.00913 0.00518
v 0.23562 0.32561 0.31963 0.02315 0.00913 0.00518
v 0.23325 0.32630 0.32101 0.02315 0.00913 0.00518
v 0.23256 0.32866 0.31963 0.02315 0.00913 0.00518
v 0.23256 0.32866 0.31963 0.02315 0.00913 0.00518
v 0.23325 0.32630 0.32101 0.02315 0.00913 0.00518
v 0.22951 0.32904 0.32000 0.02315 0.00913 0.00518
v 0.23325 0.32630 0.32101 0.02315 0.00913 0.00518
v 0.22951 0.32665 0.32172 0.02315 0.00913 0.00518
v 0.22951 0.32904 0.32000 0.02315 0.00913 0.00518
v 0.22951 0.32904 0.32000 0.02315 0.00913 0.00518
v 0.22951 0.32665 0.32172 0.02315 0.00913 0.00518
v 0.06790 0.32904 0.32000 0.02315 0.00913 0.00518
v 0.22951 0.32665 0.32172 0.02315 0.00913 0.00518
v 0.06790 0.32665 0.32172 0.02315 0.00913 0.00518
v 0.06790 0.32904 0.32000 0.02315 0.00913 0.00518
v 0.06790 0.32904 0.32000 0.02315 0.00913 0.00518
v 0.06790 0.32665 0.32172 0.02315 0.00913 0.00518
v 0.06484 0.32866 0.31963 0.02315 0.00913 0.00518
v 0.06790 0.32665 0.32172 0.02315 0.00913 0.00518
v 0.06416 0.32630 0.32101 0.02315 0.00913 0.00518
v 0.06484 0.32866 0.31963 0.02315 0.00913 0.00518
v 0.06484 0.32866 0.31963 0.02315 0.00913 0.00518
v 0.06416 0.32630 0.32101 0.02315 0.00913 0.00518
v 0.06261 0.32785 0.31882 0.02315 0.00913 0.00518
v 0.06416 0.32630 0.32101 0.02315 0.00913 0.00518
v 0.06179 0.32561 0.31963 0.02315 0.00913 0.00518
v 0.06261 0.32785 0.31882 0.02315 0.00913 0.00518
v 0.23562 0.32561 0.31963 0.02315 0.00913 0.00518
v 0.23599 0.32256 0.32000 0.02315 0.00913 0.00518
v 0.23325 0.32630 0.32101 0.02315 0.00913 0.00518
v 0.23599 0.32256 0.32000 0.02315 0.00913 0.00518
v 0.23361 0.32256 0.32172 0.02315 0.00913 0.00518
v 0.23325 0.32630 0.32101 0.02315 0.00913 0.00518
v 0.23325 0.32630 0.32101 0.02315 0.00913 0.00518
v 0.23361 0.32256 0.32172 0.02315 0.00913 0.00518
v 0.22951 0.32665 0.32172 0.02315 0.00913 0.00518
v 0.23361 0.32256 0.32172 0.02315 0.00913 0.00518
v 0.22951 0.32256 0.32269 0.02315 0.00913 0.00518
v 0.22951 0.32665 0.32172 0.02315 0.00913 0.00518
v 0.22951 0.32665 0.32172 0.02315 0.00913 0.00518
v 0.22951 0.32256 0.32269 0.02315 0.00913 0.00518
v 0.06790 0.32665 0.32172 0.02315 0.00913 0.00518
v 0.22951 0.32256 0.32269 0.02315 0.00913 0.00518
v 0.06790 0.32256 0.32269 0.02315 0.00913 0.00518
v 0.06790 0.32665 0.32172 0.02315 0.00913 0.00518
v 0.06790 0.32665 0.32172 0.02315 0.00913 0.00518
v 0.06790 0.32256 0.32269 0.02315 0.00913 0.00518
v 0.06416 0.32630 0.32101 0.02315 0.00913 0.00518
v 0.06790 0.32256 0.32269 0.02315 0.00913 0.00518
v 0.06380 0.32256 0.32172 0.02315 0.00913 0.00518
v 0.06416 0.32630 0.32101 0.02315 0.00913 0.00518
v 0.06416 0.32630 0.32101 0.02315 0.00913 0.00518
v 0.06380 0.32256 0.32172 0.02315 0.00913 0.00518
v 0.06179 0.32561 0.31963 0.02315 0.00913 0.00518
v 0.06380 0.32256 0.32172 0.02315 0.00913 0.00518
v 0.06142 0.32256 0.32000 0.02315 0.00913 0.00518
v 0.06179 0.32561 0.31963 0.02315 0.00913 0.00518
v 0.23599 0.32256 0.32000 0.02315 0.00913 0.00518
v 0.23599 0.28363 0.32000 0.02315 0.00913 0.00518
v 0.23361 0.32256 0.32172 0.02315 0.00913 0.00518
v 0.23599 0.28363 0.32000 0.02315 0.00913 0.00518
v 0.23361 0.28363 0.32172 0.02315 0.00913 0.00518
v 0.23361 0.32256 0.32172 0.02315 0.00913 0.00518
v 0.23361 0.32256 0.32172 0.02315 0.00913 0.00518
v 0.23361 0.28363 0.32172 0.02315 0.00913 0.00518
v 0.22951 0.32256 0.32269 0.02315 0.00913 0.00518
v 0.23361 0.28363 0.32172 0.02315 0.00913 0.00518
v 0.22951 0.28363 0.32269 0.02315 0.00913 0.00518
v 0.22951 0.32256 0.32269 0.02315 0.00913 0.00518
v 0.22951 0.32256 0.32269 0.02315 0.00913 0.00518
v 0.22951 0.28363 0.32269 0.02315 0.00913 0.00518
v 0.06790 0.32256 0.32269 0.02315 0.00913 0.00518
v 0.22951 0.28363 0.32269 0.02315 0.00913 0.00518
v 0.06790 0.28363 0.32269 0.02315 0.00913 0.00518
v 0.06790 0.32256 0.32269 0.02315 0.00913 0.00518
v 0.06790 0.32256 0.32269 0.02315 0.00913 0.00518
v 0.06790 0.28363 0.32269 0.02315 0.00913 0.00518
v 0.06380 0.32256 0.32172 0.02315 0.00913 0.00518
v 0.06790 0.28363 0.32269 0.02315 0.00913 0.00518
v 0.06380 0.28363 0.32172 0.02315 0.00913 0.00518
v 0.06380 0.32256 0.32172 0.02315 0.00913 0.00518
v 0.06380 0.32256 0.32172 0.02315 0.00913 0.00518
v 0.06380 0.28363 0.32172 0.02315 0.00913 0.00518
v 0.06142 0.32256 0.32000 0.02315 0.00913 0.00518
v 0.06380 0.28363 0.32172 0.02315 0.00913 0.00518
v 0.06142 0.28363 0.32000 0.02315 0.00913 0.00518
v 0.06142 0.32256 0.32000 0.02315 0.00913 0.00518
v 0.23599 0.28363 0.32000 0.02315 0.00913 0.00518
v 0.23562 0.28057 0.31963 0.02315 0.00913 0.00518
v 0.23361 0.28363 0.32172 0.02315 0.00913 0.00518
v 0.23562 0.28057 0.31963 0.02315 0.00913 0.00518
v 0.23325 0.27989 0.32101 0.02315 0.00913 0.00518
v 0.23361 0.28363 0.32172 0.02315 0.00913 0.00518
v 0.23361 0.28363 0.32172 0.02315 0.00913 0.00518
v 0.23325 0.27989 0.32101 0.02315 0.00913 0.00518
v 0.22951 0.28363 0.32269 0.02315 0.00913 0.00518
v 0.23325 0.27989 0.32101 0.02315 0.00913 0.00518
v 0.22951 0.27953 0.32172 0.02315 0.00913 0.00518
v 0.22951 0.28363 0.32269 0.02315 0.00913 0.00518
v 0.22951 0.28363 0.32269 0.02315 0.00913 0.00518
v 0.22951 0.27953 0.32172 0.02315 0.00913 0.00518
v 0.06790 0.28363 0.32269 0.02315 0.00913 0.00518
v 0.22951 0.27953 0.32172 0.02315 0.00913 0.00518
v 0.06790 0.27953 0.32172 0.02315 0.00913 0.00518
v 0.06790 0.28363 0.32269 0.02315 0.00913 0.00518
v 0.06790 0.28363 0.32269 0.02315 0.00913 0.00518
v 0.06790 0.27953 0.32172 0.02315 0.00913 0.00518
v 0.06380 0.28363 0.32172 0.02315 0.00913 0.00518
v 0.06790 0.27953 0.32172 0.02315 0.00913 0.00518
v 0.06416 0.27989 0.32101 0.02315 0.00913 0.00518
v 0.06380 0.28363 0.32172 0.02315 0.00913 0.00518
v 0.06380 0.28363 0.32172 0.02315 0.00913 0.00518
v 0.06416 0.27989 0.32101 0.02315 0.00913 0.00518
v 0.06142 0.28363 0.32000 0.02315 0.00913 0.00518
v 0.06416 0.27989 0.32101 0.02315 0.00913 0.00518
v 0.06179 0.28057 0.31963 0.02315 0.00913 0.00518
v 0.06142 0.28363 0.32000 0.02315 0.00913 0.00518
v 0.23562 0.28057 0.31963 0.02315 0.00913 0.00518
v 0.23480 0.27834 0.31882 0.02315 0.00913 0.00518
v 0.23325 0.27989 0.32101 0.02315 0.00913 0.00518
v 0.23480 0.27834 0.31882 0.02315 0.00913 0.00518
v 0.23256 0.27752 0.31963 0.02315 0.00913 0.00518
v 0.23325 0.27989 0.32101 0.02315 0.00913 0.00518
v 0.23325 0.27989 0.32101 0.02315 0.00913 0.00518
v 0.23256 0.27752 0.31963 0.02315 0.00913 0.00518
v 0.22951 0.27953 0.32172 0.02315 0.00913 0.00518
v 0.23256 0.27752 0.31963 0.02315 0.00913 0.00518
v 0.22951 0.27715 0.32000 0.02315 0.00913 0.00518
v 0.22951 0.27953 0.32172 0.02315 0.00913 0.00518
v 0.22951 0.27953 0.32172 0.02315 0.00913 0.00518
v 0.22951 0.27715 0.32000 0.02315 0.00913 0.00518
v 0.06790 0.27953 0.32172 0.02315 0.00913 0.00518
v 0.22951 0.27715 0.32000 0.02315 0.00913 0.00518
v 0.06790 0.27715 0.32000 0.02315 0.00913 0.00518
v 0.06790 0.27953 0.32172 0.02315 0.00913 0.00518
v 0.06790 0.27953 0.32172 0.02315 0.00913 0.00518
v 0.06790 0.27715 0.32000 0.02315 0.00913 0.00518
v 0.06416 0.27989 0.32101 0.02315 0.00913 0.00518
v 0.06790 0.27715 0.32000 0.02315 0.00913 0.00518
v 0.06484 0.27752 0.31963 0.02315 0.00913 0.00518
v 0.06416 0.27989 0.32101 0.02315 0.00913 0.00518
v 0.06416 0.27989 0.32101 0.02315 0.00913 0.00518
v 0.06484 0.27752 0.31963 0.02315 0.00913 0.00518
v 0.06179 0.28057 0.31963 0.02315 0.00913 0.00518
v 0.06484 0.27752 0.31963 0.02315 0.00913 0.00518
v 0.06261 0.27834 0.31882 0.02315 0.00913 0.00518
v 0.06179 0.28057 0.31963 0.02315 0.00913 0.00518
v 0.06261 0.32785 0.09755 0.02315 0.00913 0.00518
v 0.06179 0.32561 0.09674 0.02315 0.00913 0.00518
v 0.06484 0.32866 0.09674 0.02315 0.00913 0.00518
v 0.06179 0.32561 0.09674 0.02315 0.00913 0.00518
v 0.06416 0.32630 0.09536 0.02315 0.00913 0.00518
v 0.06484 0.32866 0.09674 0.02315 0.00913 0.00518
v 0.06484 0.32866 0.09674 0.02315 0.00913 0.00518
v 0.06416 0.32630 0.09536 0.02315 0.00913 0.00518
v 0.06790 0.32904 0.09637 0.02315 0.00913 0.00518
v 0.06416 0.32630 0.09536 0.02315 0.00913 0.00518
v 0.06790 0.32665 0.09465 0.02315 0.00913 0.00518
v 0.06790 0.32904 0.09637 0.02315 0.00913 0.00518
v 0.06790 0.32904 0.09637 0.02315 0.00913 0.00518
v 0.06790 0.32665 0.09465 0.02315 0.00913 0.00518
v 0.22951 0.32904 0.09637 0.02315 0.00913 0.00518
v 0.06790 0.32665 0.09465 0.02315 0.00913 0.00518
v 0.22951 0.32665 0.09465 0.02315 0.00913 0.00518
v 0.22951 0.32904 0.09637 0.02315 0.00913 0.00518
v 0.22951 0.32904 0.09637 0.02315 0.00913 0.00518
v 0.22951 0.32665 0.09465 0.02315 0.00913 0.00518
v 0.23256 0.32866 0.09674 0.02315 0.00913 0.00518
v 0.22951 0.32665 0.09465 0.02315 0.00913 0.00518
v 0.23325 0.32630 0.09536 0.02315 0.00913 0.00518
v 0.23256 0.32866 0.09674 0.02315 0.00913 0.00518
v 0.23256 0.32866 0.09674 0.02315 0.00913 0.00518
v 0.23325 0.32630 0.09536 0.02315 0.00913 0.00518
v 0.23480 0.32785 0.09755 0.02315 0.00913 0.00518
v 0.23325 0.32630 0.09536 0.02315 0.00913 0.00518
v 0.23562 0.32561 0.09674 0.02315 0.00913 0.00518
v 0.23480 0.32785 0.09755 0.02315 0.00913 0.00518
v 0.06179 0.32561 0.09674 0.02315 0.00913 0.00518
v 0.06142 0.32256 0.09637 0.02315 0.00913 0.00518
v 0.06416 0.32630 0.09536 0.02315 0.00913 0.00518
v 0.06142 0.32256 0.09637 0.02315 0.00913 0.00518
v 0.06380 0.32256 0.09465 0.02315 0.00913 0.00518
v 0.06416 0.32630 0.09536 0.02315 0.00913 0.00518
v 0.06416 0.32630 0.09536 0.02315 0.00913 0.00518
v 0.06380 0.32256 0.09465 0.02315 0.00913 0.00518
v 0.06790 0.32665 0.09465 0.02315 0.00913 0.00518
v 0.06380 0.32256 0.09465 0.02315 0.00913 0.00518
v 0.06790 0.32256 0.09368 0.02315 0.00913 0.00518
v 0.06790 0.32665 0.09465 0.02315 0.00913 0.00518
v 0.06790 0.32665 0.09465 0.02315 0.00913 0.00518
v 0.06790 0.32256 0.09368 0.02315 0.00913 0.00518
v 0.22951 0.32665 0.09465 0.02315 0.00913 0.00518
v 0.06790 0.32256 0.09368 0.02315 0.00913 0.00518
v 0.22951 0.32256 0.09368 0.02315 0.00913 0.00518
v 0.22951 0.32665 0.09465 0.02315 0.00913 0.00518
v 0.22951 0.32665 0.09465 0.02315 0.00913 0.00518
v 0.22951 0.32256 0.09368 0.02315 0.00913 0.00518
v 0.23325 0.32630 0.09536 0.02315 0.00913 0.00518
v 0.22951 0.32256 0.09368 0.02315 0.00913 0.00518
v 0.23361 0.32256 0.09465 0.02315 0.00913 0.00518
v 0.23325 0.32630 0.09536 0.02315 0.00913 0.00518
v 0.23325 0.32630 0.09536 0.02315 0.00913 0.00518
v 0.23361 0.32256 0.09465 0.02315 0.00913 0.00518
v 0.23562 0.32561 0.09674 0.02315 0.00913 0.00518
v 0.23361 0.32256 0.09465 0.02315 0.00913 0.00518
v 0.23599 0.32256 0.09637 0.02315 0.00913 0.00518
v 0.23562 0.32561 0.09674 0.02315 0.00913 0.00518
v 0.06142 0.32256 0.09637 0.02315 0.00913 0.00518
v 0.06142 0.28363 0.09637 0.02315 0.00913 0.00518
v 0.06380 0.32256 0.09465 0.02315 0.00913 0.00518
v 0.06142 0.28363 0.09637 0.02315 0.00913 0.00518
v 0.06380 0.28363 0.09465 0.02315 0.00913 0.00518
v 0.06380 0.32256 0.09465 0.02315 0.00913 0.00518
v 0.06380 0.32256 0.09465 0.02315 0.00913 0.00518
v 0.06380 0.28363 0.09465 0.02315 0.00913 0.00518
v 0.06790 0.32256 0.09368 0.02315 0.00913 0.00518
v 0.06380 0.28363 0.09465 0.02315 0.00913 0.00518
v 0.06790 0.28363 0.09368 0.02315 0.00913 0.00518
v 0.06790 0.32256 0.09368 0.02315 0.00913 0.00518
v 0.06790 0.32256 0.09368 0.02315 0.00913 0.00518
v 0.06790 0.28363 0.09368 0.02315 0.00913 0.00518
v 0.22951 0.32256 0.09368 0.02315 0.00913 0.00518
v 0.06790 0.28363 0.09368 0.02315 0.00913 0.00518
v 0.22951 0.28363 0.09368 0.02315 0.00913 0.00518
v 0.22951 0.32256 0.09368 0.02315 0.00913 0.00518
v 0.22951 0.32256 0.09368 0.02315 0.00913 0.00518
v 0.22951 0.28363 0.09368 0.02315 0.00913 0.00518
v 0.23361 0.32256 0.09465 0.02315 0.00913 0.00518
v 0.22951 0.28363 0.09368 0.02315 0.00913 0.00518
v 0.23361 0.28363 0.09465 0.02315 0.00913 0.00518
v 0.23361 0.32256 0.09465 0.02315 0.00913 0.00518
v 0.23361 0.32256 0.09465 0.02315 0.00913 0.00518
v 0.23361 0.28363 0.09465 0.02315 0.00913 0.00518
v 0.23599 0.32256 0.09637 0.02315 0.00913 0.00518
v 0.23361 0.28363 0.09465 0.02315 0.00913 0.00518
v 0.23599 0.28363 0.09637 0.02315 0.00913 0.00518
v 0.23599 0.32256 0.09637 0.02315 0.00913 0.00518
v 0.06142 0.28363 0.09637 0.02315 0.00913 0.00518
v 0.06179 0.28057 0.09674 0.02315 0.00913 0.00518
v 0.06380 0.28363 0.09465 0.02315 0.00913 0.00518
v 0.06179 0.28057 0.09674 0.02315 0.00913 0.00518
v 0.06416 0.27989 0.09536 0.02315 0.00913 0.00518
v 0.06380 0.28363 0.09465 0.02315 0.00913 0.00518
v 0.06380 0.28363 0.09465 0.02315 0.00913 0.00518
v 0.06416 0.27989 0.09536 0.02315 0.00913 0.00518
v 0.06790 0.28363 0.09368 0.02315 0.00913 0.00518
v 0.06416 0.27989 0.09536 0.02315 0.00913 0.00518
v 0.06790 0.27953 0.09465 0.02315 0.00913 0.00518
v 0.06790 0.28363 0.09368 0.02315 0.00913 0.00518
v 0.06790 0.28363 0.09368 0.02315 0.00913 0.00518
v 0.06790 0.27953 0.09465 0.02315 0.00913 0.00518
v 0.22951 0.28363 0.09368 0.02315 0.00913 0.00518
v 0.06790 0.27953 0.09465 0.02315 0.00913 0.00518
v 0.22951 0.27953 0.09465 0.02315 0.00913 0.00518
v 0.22951 0.28363 0.09368 0.02315 0.00913 0.00518
v 0.22951 0.28363 0.09368 0.02315 0.00913 0.00518
v 0.22951 0.27953 0.09465 0.02315 0.00913 0.00518
v 0.23361 0.28363 0.09465 0.02315 0.00913 0.00518
v 0.22951 0.27953 0.09465 0.02315 0.00913 0.00518
v 0.23325 0.27989 0.09536 0.02315 0.00913 0.00518
v 0.23361 0.28363 0.09465 0.02315 0.00913 0.00518
v 0.23361 0.28363 0.09465 0.02315 0.00913 0.00518
v 0.23325 0.27989 0.09536 0.02315 0.00913 0.00518
v 0.23599 0.28363 0.09637 0.02315 0.00913 0.00518
v 0.23325 0.27989 0.09536 0.02315 0.00913 0.00518
v 0.23562 0.28057 0.09674 0.02315 0.00913 0.00518
v 0.23599 0.28363 0.09637 0.02315 0.00913 0.00518
v 0.06179 0.28057 0.09674 0.02315 0.00913 0.00518
v 0.06261 0.27834 0.09755 0.02315 0.00913 0.00518
v 0.06416 0.27989 0.09536 0.02315 0.00913 0.00518
v 0.06261 0.27834 0.09755 0.02315 0.00913 0.00518
v 0.06484 0.27752 0.09674 0.02315 0.00913 0.00518
v 0.06416 0.27989 0.09536 0.02315 0.00913 0.00518
v 0.06416 0.27989 0.09536 0.02315 0.00913 0.00518
v 0.06484 0.27752 0.09674 0.02315 0.00913 0.00518
v 0.06790 0.27953 0.09465 0.02315 0.00913 0.00518
v 0.06484 0.27752 0.09674 0.02315 0.00913 0.00518
v 0.06790 0.27715 0.09637 0.02315 0.00913 0.00518
v 0.06790 0.27953 0.09465 0.02315 0.00913 0.00518
v 0.06790 0.27953 0.09465 0.02315 0.00913 0.00518
v 0.06790 0.27715 0.09637 0.02315 0.00913 0.00518
v 0.22951 0.27953 0.09465 0.02315 0.00913 0.00518
v 0.06790 0.27715 0.09637 0.02315 0.00913 0.00518
v 0.22951 0.27715 0.09637 0.02315 0.00913 0.00518
v 0.22951 0.27953 0.09465 0.02315 0.00913 0.00518
v 0.22951 0.27953 0.09465 0.02315 0.00913 0.00518
v 0.22951 0.27715 0.09637 0.02315 0.00913 0.00518
v 0.23325 0.27989 0.09536 0.02315 0.00913 0.00518
v 0.22951 0.27715 0.09637 0.02315 0.00913 0.00518
v 0.23256 0.27752 0.09674 0.02315 0.00913 0.00518
v 0.23325 0.27989 0.09536 0.02315 0.00913 0.00518
v 0.23325 0.27989 0.09536 0.02315 0.00913 0.00518
v 0.23256 0.27752 0.09674 0.02315 0.00913 0.00518
v 0.23562 0.28057 0.09674 0.02315 0.00913 0.00518
v 0.23256 0.27752 0.09674 0.02315 0.00913 0.00518
v 0.23480 0.27834 0.09755 0.02315 0.00913 0.00518
v 0.23562 0.28057 0.09674 0.02315 0.00913 0.00518
v -0.14870 0.38079 0.10409 0.02315 0.00913 0.00518
v -0.14870 0.38079 0.10409 0.02315 0.00913 0.00518
v -0.14870 0.38079 0.10409 0.02315 0.00913 0.00518
v -0.14870 0.38079 0.10409 0.02315 0.00913 0.00518
v -0.14870 0.38079 0.10409 0.02315 0.00913 0.00518
v -0.14870 0.38079 0.10409 0.02315 0.00913 0.00518
v -0.14870 0.38079 0.10409 0.02315 0.00913 0.00518
v -0.14870 0.38079 0.10409 0.02315 0.00913 0.00518
v -0.10303 0.36595 0.10409 0.02315 0.00913 0.00518
v -0.12023 0.36595 0.13980 0.02315 0.00913 0.00518
v -0.15887 0.36595 0.14862 0.02315 0.00913 0.00518
v -0.18985 0.36595 0.12391 0.02315 0.00913 0.00518
v -0.18985 0.36595 0.08428 0.02315 0.00913 0.00518
v -0.15887 0.36595 0.05957 0.02315 0.00913 0.00518
v -0.12023 0.36595 0.06839 0.02315 0.00913 0.00518
v -0.10303 0.36595 0.10409 0.02315 0.00913 0.00518
v -0.07481 0.32710 0.10409 0.02315 0.00913 0.00518
v -0.10263 0.32710 0.16187 0.02315 0.00913 0.00518
v -0.16515 0.32710 0.17613 0.02315 0.00913 0.00518
v -0.21528 0.32710 0.13615 0.02315 0.00913 0.00518
v -0.21528 0.32710 0.07203 0.02315 0.00913 0.00518
v -0.16515 0.32710 0.03205 0.02315 0.00913 0.00518
v -0.10263 0.32710 0.04632 0.02315 0.00913 0.00518
v -0.07481 0.32710 0.10409 0.02315 0.00913 0.00518
v -0.07481 0.27908 0.10409 0.02315 0.00913 0.00518
v -0.10263 0.27908 0.16187 0.02315 0.00913 0.00518
v -0.16515 0.27908 0.17613 0.02315 0.00913 0.00518
v -0.21528 0.27908 0.13615 0.02315 0.00913 0.00518
v -0.21528 0.27908 0.07203 0.02315 0.00913 0.00518
v -0.16515 0.27908 0.03205 0.02315 0.00913 0.00518
v -0.10263 0.27908 0.04632 0.02315 0.00913 0.00518
v -0.07481 0.27908 0.10409 0.02315 0.00913 0.00518
v -0.10303 0.24023 0.10409 0.02315 0.00913 0.00518
v -0.12023 0.24023 0.13980 0.02315 0.00913 0.00518
v -0.15887 0.24023 0.14862 0.02315 0.00913 0.00518
v -0.18985 0.24023 0.12391 0.02315 0.00913 0.00518
v -0.18985 0.24023 0.08428 0.02315 0.00913 0.00518
v -0.15887 0.24023 0.05957 0.02315 0.00913 0.00518
v -0.12023 0.24023 0.06839 0.02315 0.00913 0.00518
v -0.10303 0.24023 0.10409 0.02315 0.00913 0.00518
v -0.14870 0.22540 0.10409 0.02315 0.00913 0.00518
v -0.14870 0.22540 0.10409 0.02315 0.00913 0.00518
v -0.14870 0.22540 0.10409 0.02315 0.00913 0.00518
v -0.14870 0.22540 0.10409 0.02315 0.00913 0.00518
v -0.14870 0.22540 0.10409 0.02315 0.00913 0.00518
v -0.14870 0.22540 0.10409 0.02315 0.00913 0.00518
v -0.14870 0.22540 0.10409 0.02315 0.00913 0.00518
v -0.14870 0.22540 0.10409 0.02315 0.00913 0.00518
v -0.23480 0.32785 0.31882 0.02315 0.00913 0.00518
v -0.23562 0.32561 0.31963 0.02315 0.00913 0.00518
v -0.23562 0.32866 0.31658 0.02315 0.00913 0.00518
v -0.23562 0.32561 0.31963 0.02315 0.00913 0.00518
v -0.23699 0.32630 0.31727 0.02315 0.00913 0.00518
v -0.23562 0.32866 0.31658 0.02315 0.00913 0.00518
v -0.23562 0.32866 0.31658 0.02315 0.00913 0.00518
v -0.23699 0.32630 0.31727 0.02315 0.00913 0.00518
v -0.23599 0.32904 0.31353 0.02315 0.00913 0.00518
v -0.23699 0.32630 0.31727 0.02315 0.00913 0.00518
v -0.23770 0.32665 0.31353 0.02315 0.00913 0.00518
v -0.23599 0.32904 0.31353 0.02315 0.00913 0.00518
v -0.23599 0.32904 0.31353 0.02315 0.00913 0.00518
v -0.23770 0.32665 0.31353 0.02315 0.00913 0.00518
v -0.23599 0.32904 0.10284 0.02315 0.00913 0.00518
v -0.23770 0.32665 0.31353 0.02315 0.00913 0.00518
v -0.23770 0.32665 0.10284 0.02315 0.00913 0.00518
v -0.23599 0.32904 0.10284 0.02315 0.00913 0.00518
v -0.23599 0.32904 0.10284 0.02315 0.00913 0.00518
v -0.23770 0.32665 0.10284 0.02315 0.00913 0.00518
v -0.23562 0.32866 0.09979 0.02315 0.00913 0.00518
v -0.23770 0.32665 0.10284 0.02315 0.00913 0.00518
v -0.23699 0.32630 0.09910 0.02315 0.00913 0.00518
v -0.23562 0.32866 0.09979 0.02315 0.00913 0.00518
v -0.23562 0.32866 0.09979 0.02315 0.00913 0.00518
v -0.23699 0.32630 0.09910 0.02315 0.00913 0.00518
v -0.23480 0.32785 0.09755 0.02315 0.00913 0.00518
v -0.23699 0.32630 0.09910 0.02315 0.00913 0.00518
v -0.23562 0.32561 0.09674 0.02315 0.00913 0.00518
v -0.23480 0.32785 0.09755 0.02315 0.00913 0.00518
v -0.23562 0.32561 0.31963 0.02315 0.00913 0.00518
v -0.23599 0.32256 0.32000 0.02315 0.00913 0.00518
v -0.23699 0.32630 0.31727 0.02315 0.00913 0.00518
v -0.23599 0.32256 0.32000 0.02315 0.00913 0.00518
v -0.23770 0.32256 0.31762 0.02315 0.00913 0.00518
v -0.23699 0.32630 0.31727 0.02315 0.00913 0.00518
v -0.23699 0.32630 0.31727 0.02315 0.00913 0.00518
v -0.23770 0.32256 0.31762 0.02315 0.00913 0.00518
v -0.23770 0.32665 0.31353 0.02315 0.00913 0.00518
v -0.23770 0.32256 0.31762 0.02315 0.00913 0.00518
v -0.23867 0.32256 0.31353 0.02315 0.00913 0.00518
v -0.23770 0.32665 0.31353 0.02315 0.00913 0.00518
v -0.23770 0.32665 0.31353 0.02315 0.00913 0.00518
v -0.23867 0.32256 0.31353 0.02315 0.00913 0.00518
v -0.23770 0.32665 0.10284 0.02315 0.00913 0.00518
v -0.23867 0.32256 0.31353 0.02315 0.00913 0.00518
v -0.23867 0.32256 0.10284 0.02315 0.00913 0.00518
v -0.23770 0.32665 0.10284 0.02315 0.00913 0.00518
v -0.23770 0.32665 0.10284 0.02315 0.00913 0.00518
v -0.23867 0.32256 0.10284 0.02315 0.00913 0.00518
v -0.23699 0.32630 0.09910 0.02315 0.00913 0.00518
v -0.23867 0.32256 0.10284 0.02315 0.00913 0.00518
v -0.23770 0.32256 0.09875 0.02315 0.00913 0.00518
v -0.23699 0.32630 0.09910 0.02315 0.00913 0.00518
v -0.23699 0.32630 0.09910 0.02315 0.00913 0.00518
v -0.23770 0.32256 0.09875 0.02315 0.00913 0.00518
v -0.23562 0.32561 0.09674 0.02315 0.00913 0.00518
v -0.23770 0.32256 0.09875 0.02315 0.00913 0.00518
v -0.23599 0.32256 0.09637 0.02315 0.00913 0.00518
v -0.23562 0.32561 0.09674 0.02315 0.00913 0.00518
v -0.23599 0.32256 0.32000 0.02315 0.00913 0.00518
v -0.23599 0.28363 0.32000 0.02315 0.00913 0.00518
v -0.23770 0.32256 0.31762 0.02315 0.00913 0.00518
v -0.23599 0.28363 0.32000 0.02315 0.00913 0.00518
v -0.23770 0.28363 0.31762 0.02315 0.00913 0.00518
v -0.23770 0.32256 0.31762 0.02315 0.00913 0.00518
v -0.23770 0.32256 0.31762 0.02315 0.00913 0.00518
v -0.23770 0.28363 0.31762 0.02315 0.00913 0.00518
v -0.23867 0.32256 0.31353 0.02315 0.00913 0.00518
v -0.23770 0.28363 0.31762 0.02315 0.00913 0.00518
v -0.23867 0.28363 0.31353 0.02315 0.00913 0.00518
v -0.23867 0.32256 0.31353 0.02315 0.00913 0.00518
v -0.23867 0.32256 0.31353 0.02315 0.00913 0.00518
v -0.23867 0.28363 0.31353 0.02315 0.00913 0.00518
v -0.23867 0.32256 0.10284 0.02315 0.00913 0.00518
v -0.23867 0.28363 0.31353 0.02315 0.00913 0.00518
v -0.23867 0.28363 0.10284 0.02315 0.00913 0.00518
v -0.23867 0.32256 0.10284 0.02315 0.00913 0.00518
v -0.23867 0.32256 0.10284 0.02315 0.00913 0.00518
v -0.23867 0.28363 0.10284 0.02315 0.00913 0.00518
v -0.23770 0.32256 0.09875 0.02315 0.00913 0.00518
v -0.23867 0.28363 0.10284 0.02315 0.00913 0.00518
v -0.23770 0.28363 0.09875 0.02315 0.00913 0.00518
v -0.23770 0.32256 0.09875 0.02315 0.00913 0.00518
v -0.23770 0.32256 0.09875 0.02315 0.00913 0.00518
v -0.23770 0.28363 0.09875 0.02315 0.00913 0.00518
v -0.23599 0.32256 0.09637 0.02315 0.00913 0.00518
v -0.23770 0.28363 0.09875 0.02315 0.00913 0.00518
v -0.23599 0.28363 0.09637 0.02315 0.00913 0.00518
v -0.23599 0.32256 0.09637 0.02315 0.00913 0.00518
v -0.23599 0.28363 0.32000 0.02315 0.00913 0.00518
v -0.23562 0.28057 0.31963 0.02315 0.00913 0.00518
v -0.23770 0.28363 0.31762 0.02315 0.00913 0.00518
v -0.23562 0.28057 0.31963 0.02315 0.00913 0.00518
v -0.23699 0.27989 0.31727 0.02315 0.00913 0.00518
v -0.23770 0.28363 0.31762 0.02315 0.00913 0.00518
v -0.23770 0.28363 0.31762 0.02315 0.00913 0.00518
v -0.23699 0.27989 0.31727 0.02315 0.00913 0.00518
v -0.23867 0.28363 0.31353 0.02315 0.00913 0.00518
v -0.23699 0.27989 0.31727 0.02315 0.00913 0.00518
v -0.23770 0.27953 0.31353 0.02315 0.00913 0.00518
v -0.23867 0.28363 0.31353 0.02315 0.00913 0.00518
v -0.23867 0.28363 0.31353 0.02315 0.00913 0.00518
v -0.23770 0.27953 0.31353 0.02315 0.00913 0.00518
v -0.23867 0.28363 0.10284 0.02315 0.00913 0.00518
v -0.23770 0.27953 0.31353 0.02315 0.00913 0.00518
v -0.23770 0.27953 0.10284 0.02315 0.00913 0.00518
v -0.23867 0.28363 0.10284 0.02315 0.00913 0.00518
v -0.23867 0.28363 0.10284 0.02315 0.00913 0.00518
v -0.23770 0.27953 0.10284 0.02315 0.00913 0.00518
v -0.23770 0.28363 0.09875 0.02315 0.00913 0.00518
v -0.23770 0.27953 0.10284 0.02315 0.00913 0.00518
v -0.23699 0.27989 0.09910 0.02315 0.00913 0.00518
v -0.23770 0.28363 0.09875 0.02315 0.00913 0.00518
v -0.23770 0.28363 0.09875 0.02315 0.00913 0.00518
v -0.23699 0.27989 0.09910 0.02315 0.00913 0.00518
v -0.23599 0.28363 0.09637 0.02315 0.00913 0.00518
v -0.23699 0.27989 0.09910 0.02315 0.00913 0.00518
v -0.23562 0.28057 0.09674 0.02315 0.00913 0.00518
v -0.23599 0.28363 0.09637 0.02315 0.00913 0.00518
v -0.23562 0.28057 0.31963 0.02315 0.00913 0.00518
v -0.23480 0.27834 0.31882 0.02315 0.00913 0.00518
v -0.23699 0.27989 0.31727 0.02315 0.00913 0.00518
v -0.23480 0.27834 0.31882 0.02315 0.00913 0.00518
v -0.23562 0.27752 0.31658 0.02315 0.00913 0.00518
v -0.23699 0.27989 0.31727 0.02315 0.00913 0.00518
v -0.23699 0.27989 0.31727 0.02315 0.00913 0.00518
v -0.23562 0.27752 0.31658 0.02315 0.00913 0.00518
v -0.23770 0.27953 0.31353 0.02315 0.00913 0.00518
v -0.23562 0.27752 0.31658 0.02315 0.00913 0.00518
v -0.23599 0.27715 0.31353 0.02315 0.00913 0.00518
v -0.23770 0.27953 0.31353 0.02315 0.00913 0.00518
v -0.23770 0.27953 0.31353 0.02315 0.00913 0.00518
v -0.23599 0.27715 0.31353 0.02315 0.00913 0.00518
v -0.23770 0.27953 0.10284 0.02315 0.00913 0.00518
v -0.23599 0.27715 0.31353 0.02315 0.00913 0.00518
v -0.23599 0.27715 0.10284 0.02315 0.00913 0.00518
v -0.23770 0.27953 0.10284 0.02315 0.00913 0.00518
v -0.23770 0.27953 0.10284 0.02315 0.00913 0.00518
v -0.23599 0.27715 0.10284 0.02315 0.00913 0.00518
v -0.23699 0.27989 0.09910 0.02315 0.00913 0.00518
v -0.23599 0.27715 0.10284 0.02315 0.00913 0.00518
v -0.23562 0.27752 0.09979 0.02315 0.00913 0.00518
v -0.23699 0.27989 0.09910 0.02315 0.00913 0.00518
v -0.23699 0.27989 0.09910 0.02315 0.00913 0.00518
v -0.23562 0.27752 0.09979 0.02315 0.00913 0.00518
v -0.23562 0.28057 0.09674 0.02315 0.00913 0.00518
v -0.23562 0.27752 0.09979 0.02315 0.00913 0.00518
v -0.23480 0.27834 0.09755 0.02315 0.00913 0.00518
v -0.23562 0.28057 0.09674 0.02315 0.00913 0.00518
v -0.06261 0.32785 0.09755 0.02315 0.00913 0.00518
v -0.06179 0.32561 0.09674 0.02315 0.00913 0.00518
v -0.06179 0.32866 0.09979 0.02315 0.00913 0.00518
v -0.06179 0.32561 0.09674 0.02315 0.00913 0.00518
v -0.06042 0.32630 0.09910 0.02315 0.00913 0.00518
v -0.06179 0.32866 0.09979 0.02315 0.00913 0.00518
v -0.06179 0.32866 0.09979 0.02315 0.00913 0.00518
v -0.06042 0.32630 0.09910 0.02315 0.00913 0.00518
v -0.06142 0.32904 0.10284 0.02315 0.00913 0.00518
v -0.06042 0.32630 0.09910 0.02315 0.00913 0.00518
v -0.05971 0.32665 0.10284 0.02315 0.00913 0.00518
v -0.06142 0.32904 0.10284 0.02315 0.00913 0.00518
v -0.06142 0.32904 0.10284 0.02315 0.00913 0.00518
v -0.05971 0.32665 0.10284 0.02315 0.00913 0.00518
v -0.06142 0.32904 0.31353 0.02315 0.00913 0.00518
v -0.05971 0.32665 0.10284 0.02315 0.00913 0.00518
v -0.05971 0.32665 0.31353 0.02315 0.00913 0.00518
v -0.06142 0.32904 0.31353 0.02315 0.00913 0.00518
v -0.06142 0.32904 0.31353 0.02315 0.00913 0.00518
v -0.05971 0.32665 0.31353 0.02315 0.00913 0.00518
v -0.06179 0.32866 0.31658 0.02315 0.00913 0.00518
v -0.05971 0.32665 0.31353 0.02315 0.00913 0.00518
v -0.06042 0.32630 0.31727 0.02315 0.00913 0.00518
v -0.06179 0.32866 0.31658 0.02315 0.00913 0.00518
v -0.06179 0.32866 0.31658 0.02315 0.00913 0.00518
v -0.06042 0.32630 0.31727 0.02315 0.00913 0.00518
v -0.06261 0.32785 0.31882 0.02315 0.00913 0.00518
v -0.06042 0.32630 0.31727 0.02315 0.00913 0.00518
v -0.06179 0.32561 0.31963 0.02315 0.00913 0.00518
v -0.06261 0.32785 0.31882 0.02315 0.00913 0.00518
v -0.06179 0.32561 0.09674 0.02315 0.00913 0.00518
v -0.06142 0.32256 0.09637 0.02315 0.00913 0.00518
v -0.06042 0.32630 0.09910 0.02315 0.00913 0.00518
v -0.06142 0.32256 0.09637 0.02315 0.00913 0.00518
v -0.05971 0.32256 0.09875 0.02315 0.00913 0.00518
v -0.06042 0.32630 0.09910 0.02315 0.00913 0.00518
v -0.06042 0.32630 0.09910 0.02315 0.00913 0.00518
v -0.05971 0.32256 0.09875 0.02315 0.00913 0.00518
v -0.05971 0.32665 0.10284 0.02315 0.00913 0.00518
v -0.05971 0.32256 0.09875 0.02315 0.00913 0.00518
v -0.05874 0.32256 0.10284 0.02315 0.00913 0.00518
v -0.05971 0.32665 0.10284 0.02315 0.00913 0.00518
v -0.05971 0.32665 0.10284 0.02315 0.00913 0.00518
v -0.05874 0.32256 0.10284 0.02315 0.00913 0.00518
v -0.05971 0.32665 0.31353 0.02315 0.00913 0.00518
v -0.05874 0.32256 0.10284 0.02315 0.00913 0.00518
v -0.05874 0.32256 0.31353 0.02315 0.00913 0.00518
v -0.05971 0.32665 0.31353 0.02315 0.00913 0.00518
v -0.05971 0.32665 0.31353 0.02315 0.00913 0.00518
v -0.05874 0.32256 0.31353 0.02315 0.00913 0.00518
v -0.06042 0.32630 0.31727 0.02315 0.00913 0.00518
v -0.05874 0.32256 0.31353 0.02315 0.00913 0.00518
v -0.05971 0.32256 0.31762 0.02315 0.00913 0.00518
v -0.06042 0.32630 0.31727 0.02315 0.00913 0.00518
v -0.06042 0.32630 0.31727 0.02315 0.00913 0.00518
v -0.05971 0.32256 0.31762 0.02315 0.00913 0.00518
v -0.06179 0.32561 0.31963 0.02315 0.00913 0.00518
v -0.05971 0.32256 0.31762 0.02315 0.00913 0.00518
v -0.06142 0.32256 0.32000 0.02315 0.00913 0.00518
v -0.06179 0.32561 0.31963 0.02315 0.00913 0.00518
v -0.06142 0.32256 0.09637 0.02315 0.00913 0.00518
v -0.06142 0.28363 0.09637 0.02315 0.00913 0.00518
v -0.05971 0.32256 0.09875 0.02315 0.00913 0.00518
v -0.06142 0.28363 0.09637 0.02315 0.00913 0.00518
v -0.05971 0.28363 0.09875 0.02315 0.00913 0.00518
v -0.05971 0.32256 0.09875 0.02315 0.00913 0.00518
v -0.05971 0.32256 0.09875 0.02315 0.00913 0.00518
v -0.05971 0.28363 0.09875 0.02315 0.00913 0.00518
v -0.05874 0.32256 0.10284 0.02315 0.00913 0.00518
v -0.05971 0.28363 0.09875 0.02315 0.00913 0.00518
v -0.05874 0.28363 0.10284 0.02315 0.00913 0.00518
v -0.05874 0.32256 0.10284 0.02315 0.00913 0.00518
v -0.05874 0.32256 0.10284 0.02315 0.00913 0.00518
v -0.05874 0.28363 0.10284 0.02315 0.00913 0.00518
v -0.05874 0.32256 0.31353 0.02315 0.00913 0.00518
v -0.05874 0.28363 0.10284 0.02315 0.00913 0.00518
v -0.05874 0.28363 0.31353 0.02315 0.00913 0.00518
v -0.05874 0.32256 0.31353 0.02315 0.00913 0.00518
v -0.05874 0.32256 0.31353 0.02315 0.00913 0.00518
v -0.05874 0.28363 0.31353 0.02315 0.00913 0.00518
v -0.05971 0.32256 0.31762 0.02315 0.00913 0.00518
v -0.05874 0.28363 0.31353 0.02315 0.00913 0.00518
v -0.05971 0.28363 0.31762 0.02315 0.00913 0.00518
v -0.05971 0.32256 0.31762 0.02315 0.00913 0.00518
v -0.05971 0.32256 0.31762 0.02315 0.00913 0.00518
v -0.05971 0.28363 0.31762 0.02315 0.00913 0.00518
v -0.06142 0.32256 0.32000 0.02315 0.00913 0.00518
v -0.05971 0.28363 0.31762 0.02315 0.00913 0.00518
v -0.06142 0.28363 0.32000 0.02315 0.00913 0.00518
v -0.06142 0.32256 0.32000 0.02315 0.00913 0.00518
v -0.06142 0.28363 0.09637 0.02315 0.00913 0.00518
v -0.06179 0.28057 0.09674 0.02315 0.00913 0.00518
v -0.05971 0.28363 0.09875 0.02315 0.00913 0.00518
v -0.06179 0.28057 0.09674 0.02315 0.00913 0.00518
v -0.06042 0.27989 0.09910 0.02315 0.00913 0.00518
v -0.05971 0.28363 0.09875 0.02315 0.00913 0.00518
v -0.05971 0.28363 0.09875 0.02315 0.00913 0.00518
v -0.06042 0.27989 0.09910 0.02315 0.00913 0.00518
v -0.05874 0.28363 0.10284 0.02315 0.00913 0.00518
v -0.06042 0.27989 0.09910 0.02315 0.00913 0.00518
v -0.05971 0.27953 0.10284 0.02315 0.00913 0.00518
v -0.05874 0.28363 0.10284 0.02315 0.00913 0.00518
v -0.05874 0.28363 0.10284 0.02315 0.00913 0.00518
v -0.05971 0.27953 0.10284 0.02315 0.00913 0.00518
v -0.05874 0.28363 0.31353 0.02315 0.00913 0.00518
v -0.05971 0.27953 0.10284 0.02315 0.00913 0.00518
v -0.05971 0.27953 0.31353 0.02315 0.00913 0.00518
v -0.05874 0.28363 0.31353 0.02315 0.00913 0.00518
v -0.05874 0.28363 0.31353 0.02315 0.00913 0.00518
v -0.05971 0.27953 0.31353 0.02315 0.00913 0.00518
v -0.05971 0.28363 0.31762 0.02315 0.00913 0.00518
v -0.05971 0.27953 0.31353 0.02315 0.00913 0.00518
v -0.06042 0.27989 0.31727 0.02315 0.00913 0.00518
v -0.05971 0.28363 0.31762 0.02315 0.00913 0.00518
v -0.05971 0.28363 0.31762 0.02315 0.00913 0.00518
v -0.06042 0.27989 0.31727 0.02315 0.00913 0.00518
v -0.06142 0.28363 0.32000 0.02315 0.00913 0.00518
v -0.06042 0.27989 0.31727 0.02315 0.00913 0.00518
v -0.06179 0.28057 0.31963 0.02315 0.00913 0.00518
v -0.06142 0.28363 0.32000 0.02315 0.00913 0.00518
v -0.06179 0.28057 0.09674 0.02315 0.00913 0.00518
v -0.06261 0.27834 0.09755 0.02315 0.00913 0.00518
v -0.06042 0.27989 0.09910 0.02315 0.00913 0.00518
v -0.06261 0.27834 0.09755 0.02315 0.00913 0.00518
v -0.06179 0.27752 0.09979 0.02315 0.00913 0.00518
v -0.06042 0.27989 0.09910 0.02315 0.00913 0.00518
v -0.06042 0.27989 0.09910 0.02315 0.00913 0.00518
v -0.06179 0.27752 0.09979 0.02315 0.00913 0.00518
v -0.05971 0.27953 0.10284 0.02315 0.00913 0.00518
v -0.06179 0.27752 0.09979 0.02315 0.00913 0.00518
v -0.06142 0.27715 0.10284 0.02315 0.00913 0.00518
v -0.05971 0.27953 0.10284 0.02315 0.00913 0.00518
v -0.05971 0.27953 0.10284 0.02315 0.00913 0.00518
v -0.06142 0.27715 0.10284 0.02315 0.00913 0.00518
v -0.05971 0.27953 0.31353 0.02315 0.00913 0.00518
v -0.06142 0.27715 0.10284 0.02315 0.00913 0.00518
v -0.06142 0.27715 0.31353 0.02315 0.00913 0.00518
v -0.05971 0.27953 0.31353 0.02315 0.00913 0.00518
v -0.05971 0.27953 0.31353 0.02315 0.00913 0.00518
v -0.06142 0.27715 0.31353 0.02315 0.00913 0.00518
v -0.06042 0.27989 0.31727 0.02315 0.00913 0.00518
v -0.06142 0.27715 0.31353 0.02315 0.00913 0.00518
v -0.06179 0.27752 0.31658 0.02315 0.00913 0.00518
v -0.06042 0.27989 0.31727 0.02315 0.00913 0.00518
v -0.06042 0.27989 0.31727 0.02315 0.00913 0.00518
v -0.06179 0.27752 0.31658 0.02315 0.00913 0.00518
v -0.06179 0.28057 0.31963 0.02315 0.00913 0.00518
v -0.06179 0.27752 0.31658 0.02315 0.00913 0.00518
v -0.06261 0.27834 0.31882 0.02315 0.00913 0.00518
v -0.06179 0.28057 0.31963 0.02315 0.00913 0.00518
v -0.06261 0.32785 0.09755 0.02315 0.00913 0.00518
v -0.06179 0.32866 0.09979 0.02315 0.00913 0.00518
v -0.06484 0.32866 0.09674 0.02315 0.00913 0.00518
v -0.06179 0.32866 0.09979 0.02315 0.00913 0.00518
v -0.06416 0.33004 0.09910 0.02315 0.00913 0.00518
v -0.06484 0.32866 0.09674 0.02315 0.00913 0.00518
v -0.06484 0.32866 0.09674 0.02315 0.00913 0.00518
v -0.06416 0.33004 0.09910 0.02315 0.00913 0.00518
v -0.06790 0.32904 0.09637 0.02315 0.00913 0.00518
v -0.06416 0.33004 0.09910 0.02315 0.00913 0.00518
v -0.06790 0.33075 0.09875 0.02315 0.00913 0.00518
v -0.06790 0.32904 0.09637 0.02315 0.00913 0.00518
v -0.06790 0.32904 0.09637 0.02315 0.00913 0.00518
v -0.06790 0.33075 0.09875 0.02315 0.00913 0.00518
v -0.22951 0.32904 0.09637 0.02315 0.00913 0.00518
v -0.06790 0.33075 0.09875 0.02315 0.00913 0.00518
v -0.22951 0.33075 0.09875 0.02315 0.00913 0.00518
v -0.22951 0.32904 0.09637 0.02315 0.00913 0.00518
v -0.22951 0.32904 0.09637 0.02315 0.00913 0.00518
v -0.22951 0.33075 0.09875 0.02315 0.00913 0.00518
v -0.23256 0.32866 0.09674 0.02315 0.00913 0.00518
v -0.22951 0.33075 0.09875 0.02315 0.00913 0.00518
v -0.23325 0.33004 0.09910 0.02315 0.00913 0.00518
v -0.23256 0.32866 0.09674 0.02315 0.00913 0.00518
v -0.23256 0.32866 0.09674 0.02315 0.00913 0.00518
v -0.23325 0.33004 0.09910 0.02315 0.00913 0.00518
v -0.23480 0.32785 0.09755 0.02315 0.00913 0.00518
v -0.23325 0.33004 0.09910 0.02315 0.00913 0.00518
v -0.23562 0.32866 0.09979 0.02315 0.00913 0.00518
v -0.23480 0.32785 0.09755 0.02315 0.00913 0.00518
v -0.06179 0.32866 0.09979 0.02315 0.00913 0.00518
v -0.06142 0.32904 0.10284 0.02315 0.00913 0.00518
v -0.06416 0.33004 0.09910 0.02315 0.00913 0.00518
v -0.06142 0.32904 0.10284 0.02315 0.00913 0.00518
v -0.06380 0.33075 0.10284 0.02315 0.00913 0.00518
v -0.06416 0.33004 0.09910 0.02315 0.00913 0.00518
v -0.06416 0.33004 0.09910 0.02315 0.00913 0.00518
v -0.06380 0.33075 0.10284 0.02315 0.00913 0.00518
v -0.06790 0.33075 0.09875 0.02315 0.00913 0.00518
v -0.06380 0.33075 0.10284 0.02315 0.00913 0.00518
v -0.06790 0.33172 0.10284 0.02315 0.00913 0.00518
v -0.06790 0.33075 0.09875 0.02315 0.00913 0.00518
v -0.06790 0.33075 0.09875 0.02315 0.00913 0.00518
v -0.06790 0.33172 0.10284 0.02315 0.00913 0.00518
v -0.22951 0.33075 0.09875 0.02315 0.00913 0.00518
v -0.06790 0.33172 0.10284 0.02315 0.00913 0.00518
v -0.22951 0.33172 0.10284 0.02315 0.00913 0.00518
v -0.22951 0.33075 0.09875 0.02315 0.00913 0.00518
v -0.22951 0.33075 0.09875 0.02315 0.00913 0.00518
v -0.22951 0.33172 0.10284 0.02315 0.00913 0.00518
v -0.23325 0.33004 0.09910 0.02315 0.00913 0.00518
v -0.22951 0.33172 0.10284 0.02315 0.00913 0.00518
v -0.23361 0.33075 0.10284 0.02315 0.00913 0.00518
v -0.23325 0.33004 0.09910 0.02315 0.00913 0.00518
v -0.23325 0.33004 0.09910 0.02315 0.00913 0.00518
v -0.23361 0.33075 0.10284 0.02315 0.00913 0.00518
v -0.23562 0.32866 0.09979 0.02315 0.00913 0.00518
v -0.23361 0.33075 0.10284 0.02315 0.00913 0.00518
v -0.23599 0.32904 0.10284 0.02315 0.00913 0.00518
v -0.23562 0.32866 0.09979 0.02315 0.00913 0.00518
v -0.06142 0.32904 0.10284 0.02315 0.00913 0.00518
v -0.06142 0.32904 0.31353 0.02315 0.00913 0.00518
v -0.06380 0.33075 0.10284 0.02315 0.00913 0.00518
v -0.06142 0.32904 0.31353 0.02315 0.00913 0.00518
v -0.06380 0.33075 0.31353 0.02315 0.00913 0.00518
v -0.06380 0.33075 0.10284 0.02315 0.00913 0.00518
v -0.06380 0.33075 0.10284 0.02315 0.00913 0.00518
v -0.06380 0.33075 0.31353 0.02315 0.00913 0.00518
v -0.06790 0.33172 0.10284 0.02315 0.00913 0.00518
v -0.06380 0.33075 0.31353 0.02315 0.00913 0.00518
v -0.06790 0.33172 0.31353 0.02315 0.00913 0.00518
v -0.06790 0.33172 0.10284 0.02315 0.00913 0.00518
v -0.06790 0.33172 0.10284 0.02315 0.00913 0.00518
v -0.06790 0.33172 0.31353 0.02315 0.00913 0.00518
v -0.22951 0.33172 0.10284 0.02315 0.00913 0.00518
v -0.06790 0.33172 0.31353 0.02315 0.00913 0.00518
v -0.22951 0.33172 0.31353 0.02315 0.00913 0.00518
v -0.22951 0.33172 0.10284 0.02315 0.00913 0.00518
v -0.22951 0.33172 0.10284 0.02315 0.00913 0.00518
v -0.22951 0.33172 0.31353 0.02315 0.00913 0.00518
v -0.23361 0.33075 0.10284 0.02315 0.00913 0.00518
v -0.22951 0.33172 0.31353 0.02315 0.00913 0.00518
v -0.23361 0.33075 0.31353 0.02315 0.00913 0.00518
v -0.23361 0.33075 0.10284 0.02315 0.00913 0.00518
v -0.23361 0.33075 0.10284 0.02315 0.00913 0.00518
v -0.23361 0.33075 0.31353 0.02315 0.00913 0.00518
v -0.23599 0.32904 0.10284 0.02315 0.00913 0.00518
v -0.23361 0.33075 0.31353 0.02315 0.00913 0.00518
v -0.23599 0.32904 0.31353 0.02315 0.00913 0.00518
v -0.23599 0.32904 0.10284 0.02315 0.00913 0.00518
v -0.06142 0.32904 0.31353 0.02315 0.00913 0.00518
v -0.06179 0.32866 0.31658 0.02315 0.00913 0.00518
v -0.06380 0.33075 0.31353 0.02315 0.00913 0.00518
v -0.06179 0.32866 0.31658 0.02315 0.00913 0.00518
v -0.06416 0.33004 0.31727 0.02315 0.00913 0.00518
v -0.06380 0.33075 0.31353 0.02315 0.00913 0.00518
v -0.06380 0.33075 0.31353 0.02315 0.00913 0.00518
v -0.06416 0.33004 0.31727 0.02315 0.00913 0.00518
v -0.06790 0.33172 0.31353 0.02315 0.00913 0.00518
v -0.06416 0.33004 0.31727 0.02315 0.00913 0.00518
v -0.06790 0.33075 0.31762 0.02315 0.00913 0.00518
v -0.06790 0.33172 0.31353 0.02315 0.00913 0.00518
v -0.06790 0.33172 0.31353 0.02315 0.00913 0.00518
v -0.06790 0.33075 0.31762 0.02315 0.00913 0.00518
v -0.22951 0.33172 0.31353 0.02315 0.00913 0.00518
v -0.06790 0.33075 0.31762 0.02315 0.00913 0.00518
v -0.22951 0.33075 0.31762 0.02315 0.00913 0.00518
v -0.22951 0.33172 0.31353 0.02315 0.00913 0.00518
v -0.22951 0.33172 0.31353 0.02315 0.00913 0.00518
v -0.22951 0.33075 0.31762 0.02315 0.00913 0.00518
v -0.23361 0.33075 0.31353 0.02315 0.00913 0.00518
v -0.22951 0.33075 0.31762 0.02315 0.00913 0.00518
v -0.23325 0.33004 0.31727 0.02315 0.00913 0.00518
v -0.23361 0.33075 0.31353 0.02315 0.00913 0.00518
v -0.23361 0.33075 0.31353 0.02315 0.00913 0.00518
v -0.23325 0.33004 0.31727 0.02315 0.00913 0.00518
v -0.23599 0.32904 0.31353 0.02315 0.00913 0.00518
v -0.23325 0.33004 0.31727 0.02315 0.00913 0.00518
v -0.23562 0.32866 0.31658 0.02315 0.00913 0.00518
v -0.23599 0.32904 0.31353 0.02315 0.00913 0.00518
v -0.06179 0.32866 0.31658 0.02315 0.00913 0.00518
v -0.06261 0.32785 0.31882 0.02315 0.00913 0.00518
v -0.06416 0.33004 0.31727 0.02315 0.00913 0.00518
v -0.06261 0.32785 0.31882 0.02315 0.00913 0.00518
v -0.06484 0.32866 0.31963 0.02315 0.00913 0.00518
v -0.06416 0.33004 0.31727 0.02315 0.00913 0.00518
v -0.06416 0.33004 0.31727 0.02315 0.00913 0.00518
v -0.06484 0.32866 0.31963 0.02315 0.00913 0.00518
v -0.06790 0.33075 0.31762 0.02315 0.00913 0.00518
v -0.06484 0.32866 0.31963 0.02315 0.00913 0.00518
v -0.06790 0.32904 0.32000 0.02315 0.00913 0.00518
v -0.06790 0.33075 0.31762 0.02315 0.00913 0.00518
v -0.06790 0.33075 0.31762 0.02315 0.00913 0.00518
v -0.06790 0.32904 0.32000 0.02315 0.00913 0.00518
v -0.22951 0.33075 0.31762 0.02315 0.00913 0.00518
v -0.06790 0.32904 0.32000 0.02315 0.00913 0.00518
v -0.22951 0.32904 0.32000 0.02315 0.00913 0.00518
v -0.22951 0.33075 0.31762 0.02315 0.00913 0.00518
v -0.22951 0.33075 0.31762 0.02315 0.00913 0.00518
v -0.22951 0.32904 0.32000 0.02315 0.00913 0.00518
v -0.23325 0.33004 0.31727 0.02315 0.00913 0.00518
v -0.22951 0.32904 0.32000 0.02315 0.00913 0.00518
v -0.23256 0.32866 0.31963 0.02315 0.00913 0.00518
v -0.23325 0.33004 0.31727 0.02315 0.00913 0.00518
v -0.23325 0.33004 0.31727 0.02315 0.00913 0.00518
v -0.23256 0.32866 0.31963 0.02315 0.00913 0.00518
v -0.23562 0.32866 0.31658 0.02315 0.00913 0.00518
v -0.23256 0.32866 0.31963 0.02315 0.00913 0.00518
v -0.23480 0.32785 0.31882 0.02315 0.00913 0.00518
v -0.23562 0.32866 0.31658 0.02315 0.00913 0.00518
v -0.06261 0.27834 0.31882 0.02315 0.00913 0.00518
v -0.06179 0.27752 0.31658 0.02315 0.00913 0.00518
v -0.06484 0.27752 0.31963 0.02315 0.00913 0.00518
v -0.06179 0.27752 0.31658 0.02315 0.00913 0.00518
v -0.06416 0.27615 0.31727 0.02315 0.00913 0.00518
v -0.06484 0.27752 0.31963 0.02315 0.00913 0.00518
v -0.06484 0.27752 0.31963 0.02315 0.00913 0.00518
v -0.06416 0.27615 0.31727 0.02315 0.00913 0.00518
v -0.06790 0.27715 0.32000 0.02315 0.00913 0.00518
v -0.06416 0.27615 0.31727 0.02315 0.00913 0.00518
v -0.06790 0.27543 0.31762 0.02315 0.00913 0.00518
v -0.06790 0.27715 0.32000 0.02315 0.00913 0.00518
v -0.06790 0.27715 0.32000 0.02315 0.00913 0.00518
v -0.06790 0.27543 0.31762 0.02315 0.00913 0.00518
v -0.22951 0.27715 0.32000 0.02315 0.00913 0.00518
v -0.06790 0.27543 0.31762 0.02315 0.00913 0.00518
v -0.22951 0.27543 0.31762 0.02315 0.00913 0.00518
v -0.22951 0.27715 0.32000 0.02315 0.00913 0.00518
v -0.22951 0.27715 0.32000 0.02315 0.00913 0.00518
v -0.22951 0.27543 0.31762 0.02315 0.00913 0.00518
v -0.23256 0.27752 0.31963 0.02315 0.00913 0.00518
v -0.22951 0.27543 0.31762 0.02315 0.00913 0.00518
v -0.23325 0.27615 0.31727 0.02315 0.00913 0.00518
v -0.23256 0.27752 0.31963 0.02315 0.00913 0.00518
v -0.23256 0.27752 0.31963 0.02315 0.00913 0.00518
v -0.23325 0.27615 0.31727 0.02315 0.00913 0.00518
v -0.23480 0.27834 0.31882 0.02315 0.00913 0.00518
v -0.23325 0.27615 0.31727 0.02315 0.00913 0.00518
v -0.23562 0.27752 0.31658 0.02315 0.00913 0.00518
v -0.23480 0.27834 0.31882 0.02315 0.00913 0.00518
v -0.06179 0.27752 0.31658 0.02315 0.00913 0.00518
v -0.06142 0.27715 0.31353 0.02315 0.00913 0.00518
v -0.06416 0.27615 0.31727 0.02315 0.00913 0.00518
v -0.06142 0.27715 0.31353 0.02315 0.00913 0.00518
v -0.06380 0.27543 0.31353 0.02315 0.00913 0.00518
v -0.06416 0.27615 0.31727 0.02315 0.00913 0.00518
v -0.06416 0.27615 0.31727 0.02315 0.00913 0.00518
v -0.06380 0.27543 0.31353 0.02315 0.00913 0.00518
v -0.06790 0.27543 0.31762 0.02315 0.00913 0.00518
v -0.06380 0.27543 0.31353 0.02315 0.00913 0.00518
v -0.06790 0.27447 0.31353 0.02315 0.00913 0.00518
v -0.06790 0.27543 0.31762 0.02315 0.00913 0.00518
v -0.06790 0.27543 0.31762 0.02315 0.00913 0.00518
v -0.06790 0.27447 0.31353 0.02315 0.00913 0.00518
v -0.22951 0.27543 0.31762 0.02315 0.00913 0.00518
v -0.06790 0.27447 0.31353 0.02315 0.00913 0.00518
v -0.22951 0.27447 0.31353 0.02315 0.00913 0.00518
v -0.22951 0.27543 0.31762 0.02315 0.00913 0.00518
v -0.22951 0.27543 0.31762 0.02315 0.00913 0.00518
v -0.22951 0.27447 0.31353 0.02315 0.00913 0.00518
v -0.23325 0.27615 0.31727 0.02315 0.00913 0.00518
v -0.22951 0.27447 0.31353 0.02315 0.00913 0.00518
v -0.23361 0.27543 0.31353 0.02315 0.00913 0.00518
v -0.23325 0.27615 0.31727 0.02315 0.00913 0.00518
v -0.23325 0.27615 0.31727 0.02315 0.00913 0.00518
v -0.23361 0.27543 0.31353 0.02315 0.00913 0.00518
v -0.23562 0.27752 0.31658 0.02315 0.00913 0.00518
v -0.23361 0.27543 0.31353 0.02315 0.00913 0.00518
v -0.23599 0.27715 0.31353 0.02315 0.00913 0.00518
v -0.23562 0.27752 0.31658 0.02315 0.00913 0.00518
v -0.06142 0.27715 0.31353 0.02315 0.00913 0.00518
v -0.06142 0.27715 0.10284 0.02315 0.00913 0.00518
v -0.06380 0.27543 0.31353 0.02315 0.00913 0.00518
v -0.06142 0.27715 0.10284 0.02315 0.00913 0.00518
v -0.06380 0.27543 0.10284 0.02315 0.00913 0.00518
v -0.06380 0.27543 0.31353 0.02315 0.00913 0.00518
v -0.06380 0.27543 0.31353 0.02315 0.00913 0.00518
v -0.06380 0.27543 0.10284 0.02315 0.00913 0.00518
v -0.06790 0.27447 0.31353 0.02315 0.00913 0.00518
v -0.06380 0.27543 0.10284 0.02315 0.00913 0.00518
v -0.06790 0.27447 0.10284 0.02315 0.00913 0.00518
v -0.06790 0.27447 0.31353 0.02315 0.00913 0.00518
v -0.06790 0.27447 0.31353 0.02315 0.00913 0.00518
v -0.06790 0.27447 0.10284 0.02315 0.00913 0.00518
v -0.22951 0.27447 0.31353 0.02315 0.00913 0.00518
v -0.06790 0.27447 0.10284 0.02315 0.00913 0.00518
v -0.22951 0.27447 0.10284 0.02315 0.00913 0.00518
v -0.22951 0.27447 0.31353 0.02315 0.00913 0.00518
v -0.22951 0.27447 0.31353 0.02315 0.00913 0.00518
v -0.22951 0.27447 0.10284 0.02315 0.00913 0.00518
v -0.23361 0.27543 0.31353 0.02315 0.00913 0.00518
v -0.22951 0.27447 0.10284 0.02315 0.00913 0.00518
v -0.23361 0.27543 0.10284 0.02315 0.00913 0.00518
v -0.23361 0.27543 0.31353 0.02315 0.00913 0.00518
v -0.23361 0.27543 0.31353 0.02315 0.00913 0.00518
v -0.23361 0.27543 0.10284 0.02315 0.00913 0.00518
v -0.23599 0.27715 0.31353 0.02315 0.00913 0.00518
v -0.23361 0.27543 0.10284 0.02315 0.00913 0.00518
v -0.23599 0.27715 0.10284 0.02315 0.00913 0.00518
v -0.23599 0.27715 0.31353 0.02315 0.00913 0.00518
v -0.06142 0.27715 0.10284 0.02315 0.00913 0.00518
v -0.06179 0.27752 0.09979 0.02315 0.00913 0.00518
v -0.06380 0.27543 0.10284 0.02315 0.00913 0.00518
v -0.06179 0.27752 0.09979 0.02315 0.00913 0.00518
v -0.06416 0.27615 0.09910 0.02315 0.00913 0.00518
v -0.06380 0.27543 0.10284 0.02315 0.00913 0.00518
v -0.06380 0.27543 0.10284 0.02315 0.00913 0.00518
v -0.06416 0.27615 0.09910 0.02315 0.00913 0.00518
v -0.06790 0.27447 0.10284 0.02315 0.00913 0.00518
v -0.06416 0.27615 0.09910 0.02315 0.00913 0.00518
v -0.06790 0.27543 0.09875 0.02315 0.00913 0.00518
v -0.06790 0.27447 0.10284 0.02315 0.00913 0.00518
v -0.06790 0.27447 0.10284 0.02315 0.00913 0.00518
v -0.06790 0.27543 0.09875 0.02315 0.00913 0.00518
v -0.22951 0.27447 0.10284 0.02315 0.00913 0.00518
v -0.06790 0.27543 0.09875 0.02315 0.00913 0.00518
v -0.22951 0.27543 0.09875 0.02315 0.00913 0.00518
v -0.22951 0.27447 0.10284 0.02315 0.00913 0.00518
v -0.22951 0.27447 0.10284 0.02315 0.00913 0.00518
v -0.22951 0.27543 0.09875 0.02315 0.00913 0.00518
v -0.23361 0.27543 0.10284 0.02315 0.00913 0.00518
v -0.22951 0.27543 0.09875 0.02315 0.00913 0.00518
v -0.23325 0.27615 0.09910 0.02315 0.00913 0.00518
v -0.23361 0.27543 0.10284 0.02315 0.00913 0.00518
v -0.23361 0.27543 0.10284 0.02315 0.00913 0.00518
v -0.23325 0.27615 0.09910 0.02315 0.00913 0.00518
v -0.23599 0.27715 0.10284 0.02315 0.00913 0.00518
v -0.23325 0.27615 0.09910 0.02315 0.00913 0.00518
v -0.23562 0.27752 0.09979 0.02315 0.00913 0.00518
v -0.23599 0.27715 0.10284 0.02315 0.00913 0.00518
v -0.06179 0.27752 0.09979 0.02315 0.00913 0.00518
v -0.06261 0.27834 0.09755 0.02315 0.00913 0.00518
v -0.06416 0.27615 0.09910 0.02315 0.00913 0.00518
v -0.06261 0.27834 0.09755 0.02315 0.00913 0.00518
v -0.06484 0.27752 0.09674 0.02315 0.00913 0.00518
v -0.06416 0.27615 0.09910 0.02315 0.00913 0.00518
v -0.06416 0.27615 0.09910 0.02315 0.00913 0.00518
v -0.06484 0.27752 0.09674 0.02315 0.00913 0.00518
v -0.06790 0.27543 0.09875 0.02315 0.00913 0.00518
v -0.06484 0.27752 0.09674 0.02315 0.00913 0.00518
v -0.06790 0.27715 0.09637 0.02315 0.00913 0.00518
v -0.06790 0.27543 0.09875 0.02315 0.00913 0.00518
v -0.06790 0.27543 0.09875 0.02315 0.00913 0.00518
v -0.06790 0.27715 0.09637 0.02315 0.00913 0.00518
v -0.22951 0.27543 0.09875 0.02315 0.00913 0.00518
v -0.06790 0.27715 0.09637 0.02315 0.00913 0.00518
v -0.22951 0.27715 0.09637 0.02315 0.00913 0.00518
v -0.22951 0.27543 0.09875 0.02315 0.00913 0.00518
v -0.22951 0.27543 0.09875 0.02315 0.00913 0.00518
v -0.22951 0.27715 0.09637 0.02315 0.00913 0.00518
v -0.23325 0.27615 0.09910 0.02315 0.00913 0.00518
v -0.22951 0.27715 0.09637 0.02315 0.00913 0.00518
v -0.23256 0.27752 0.09674 0.02315 0.00913 0.00518
v -0.23325 0.27615 0.09910 0.02315 0.00913 0.00518
v -0.23325 0.27615 0.09910 0.02315 0.00913 0.00518
v -0.23256 0.27752 0.09674 0.02315 0.00913 0.00518
v -0.23562 0.27752 0.09979 0.02315 0.00913 0.00518
v -0.23256 0.27752 0.09674 0.02315 0.00913 0.00518
v -0.23480 0.27834 0.09755 0.02315 0.00913 0.00518
v -0.23562 0.27752 0.09979 0.02315 0.00913 0.00518
v -0.06261 0.32785 0.31882 0.02315 0.00913 0.00518
v -0.06179 0.32561 0.31963 0.02315 0.00913 0.00518
v -0.06484 0.32866 0.31963 0.02315 0.00913 0.00518
v -0.06179 0.32561 0.31963 0.02315 0.00913 0.00518
v -0.06416 0.32630 0.32101 0.02315 0.00913 0.00518
v -0.06484 0.32866 0.31963 0.02315 0.00913 0.00518
v -0.06484 0.32866 0.31963 0.02315 0.00913 0.00518
v -0.06416 0.32630 0.32101 0.02315 0.00913 0.00518
v -0.06790 0.32904 0.32000 0.02315 0.00913 0.00518
v -0.06416 0.32630 0.32101 0.02315 0.00913 0.00518
v -0.06790 0.32665 0.32172 0.02315 0.00913 0.00518
v -0.06790 0.32904 0.32000 0.02315 0.00913 0.00518
v -0.06790 0.32904 0.32000 0.02315 0.00913 0.00518
v -0.06790 0.32665 0.32172 0.02315 0.00913 0.00518
v -0.22951 0.32904 0.32000 0.02315 0.00913 0.00518
v -0.06790 0.32665 0.32172 0.02315 0.00913 0.00518
v -0.22951 0.32665 0.32172 0.02315 0.00913 0.00518
v -0.22951 0.32904 0.32000 0.02315 0.00913 0.00518
v -0.22951 0.32904 0.32000 0.02315 0.00913 0.00518
v -0.22951 0.32665 0.32172 0.02315 0.00913 0.00518
v -0.23256 0.32866 0.31963 0.02315 0.00913 0.00518
v -0.22951 0.32665 0.32172 0.02315 0.00913 0.00518
v -0.23325 0.32630 0.32101 0.02315 0.00913 0.00518
v -0.23256 0.32866 0.31963 0.02315 0.00913 0.00518
v -0.23256 0.32866 0.31963 0.02315 0.00913 0.00518
v -0.23325 0.32630 0.32101 0.02315 0.00913 0.00518
v -0.23480 0.32785 0.31882 0.02315 0.00913 0.00518
v -0.23325 0.32630 0.32101 0.02315 0.00913 0.00518
v -0.23562 0.32561 0.31963 0.02315 0.00913 0.00518
v -0.23480 0.32785 0.31882 0.02315 0.00913 0.00518
v -0.06179 0.32561 0.31963 0.02315 0.00913 0.00518
v -0.06142 0.32256 0.32000 0.02315 0.00913 0.00518
v -0.06416 0.32630 0.32101 0.02315 0.00913 0.00518
v -0.06142 0.32256 0.32000 0.02315 0.00913 0.00518
v -0.06380 0.32256 0.32172 0.02315 0.00913 0.00518
v -0.06416 0.32630 0.32101 0.02315 0.00913 0.00518
v -0.06416 0.32630 0.32101 0.02315 0.00913 0.00518
v -0.06380 0.32256 0.32172 0.02315 0.00913 0.00518
v -0.06790 0.32665 0.32172 0.02315 0.00913 0.00518
v -0.06380 0.32256 0.32172 0.02315 0.00913 0.00518
v -0.06790 0.32256 0.32269 0.02315 0.00913 0.00518
v -0.06790 0.32665 0.32172 0.02315 0.00913 0.00518
v -0.06790 0.32665 0.32172 0.02315 0.00913 0.00518
v -0.06790 0.32256 0.32269 0.02315 0.00913 0.00518
v -0.22951 0.32665 0.32172 0.02315 0.00913 0.00518
v -0.06790 0.32256 0.32269 0.02315 0.00913 0.00518
v -0.22951 0.32256 0.32269 0.02315 0.00913 0.00518
v -0.22951 0.32665 0.32172 0.02315 0.00913 0.00518
v -0.22951 0.32665 0.32172 0.02315 0.00913 0.00518
v -0.22951 0.32256 0.32269 0.02315 0.00913 0.00518
v -0.23325 0.32630 0.32101 0.02315 0.00913 0.00518
v -0.22951 0.32256 0.32269 0.02315 0.00913 0.00518
v -0.23361 0.32256 0.32172 0.02315 0.00913 0.00518
v -0.23325 0.32630 0.32101 0.02315 0.00913 0.00518
v -0.23325 0.32630 0.32101 0.02315 0.00913 0.00518
v -0.23361 0.32256 0.32172 0.02315 0.00913 0.00518
v -0.23562 0.32561 0.31963 0.02315 0.00913 0.00518
v -0.23361 0.32256 0.32172 0.02315 0.00913 0.00518
v -0.23599 0.32256 0.32000 0.02315 0.00913 0.00518
v -0.23562 0.32561 0.31963 0.02315 0.00913 0.00518
v -0.06142 0.32256 0.32000 0.02315 0.00913 0.00518
v -0.06142 0.28363 0.32000 0.02315 0.00913 0.00518
v -0.06380 0.32256 0.32172 0.02315 0.00913 0.00518
v -0.06142 0.28363 0.32000 0.02315 0.00913 0.00518
v -0.06380 0.28363 0.32172 0.02315 0.00913 0.00518
v -0.06380 0.32256 0.32172 0.02315 0.00913 0.00518
v -0.06380 0.32256 0.32172 0.02315 0.00913 0.00518
v -0.06380 0.28363 0.32172 0.02315 0.00913 0.00518
v -0.06790 0.32256 0.32269 0.02315 0.00913 0.00518
v -0.06380 0.28363 0.32172 0.02315 0.00913 0.00518
v -0.06790 0.28363 0.32269 0.02315 0.00913 0.00518
v -0.06790 0.32256 0.32269 0.02315 0.00913 0.00518
v -0.06790 0.32256 0.32269 0.02315 0.00913 0.00518
v -0.06790 0.28363 0.32269 0.02315 0.00913 0.00518
v -0.22951 0.32256 0.32269 0.02315 0.00913 0.00518
v -0.06790 0.28363 0.32269 0.02315 0.00913 0.00518
v -0.22951 0.28363 0.32269 0.02315 0.00913 0.00518
v -0.22951 0.32256 0.32269 0.02315 0.00913 0.00518
v -0.22951 0.32256 0.32269 0.02315 0.00913 0.00518
v -0.22951 0.28363 0.32269 0.02315 0.00913 0.00518
v -0.23361 0.32256 0.32172 0.02315 0.00913 0.00518
v -0.22951 0.28363 0.32269 0.02315 0.00913 0.00518
v -0.23361 0.28363 0.32172 0.02315 0.00913 0.00518
v -0.23361 0.32256 0.32172 0.02315 0.00913 0.00518
v -0.23361 0.32256 0.32172 0.02315 0.00913 0.00518
v -0.23361 0.28363 0.32172 0.02315 0.00913 0.00518
v -0.23599 0.32256 0.32000 0.02315 0.00913 0.00518
v -0.23361 0.28363 0.32172 0.02315 0.00913 0.00518
v -0.23599 0.28363 0.32000 0.02315 0.00913 0.00518
v -0.23599 0.32256 0.32000 0.02315 0.00913 0.00518
v -0.06142 0.28363 0.32000 0.02315 0.00913 0.00518
v -0.06179 0.28057 0.31963 0.02315 0.00913 0.00518
v -0.06380 0.28363 0.32172 0.02315 0.00913 0.00518
v -0.06179 0.28057 0.31963 0.02315 0.00913 0.00518
v -0.06416 0.27989 0.32101 0.02315 0.00913 0.00518
v -0.06380 0.28363 0.32172 0.02315 0.00913 0.00518
v -0.06380 0.28363 0.32172 0.02315 0.00913 0.00518
v -0.06416 0.27989 0.32101 0.02315 0.00913 0.00518
v -0.06790 0.28363 0.32269 0.02315 0.00913 0.00518
v -0.06416 0.27989 0.32101 0.02315 0.00913 0.00518
v -0.06790 0.27953 0.32172 0.02315 0.00913 0.00518
v -0.06790 0.28363 0.32269 0.02315 0.00913 0.00518
v -0.06790 0.28363 0.32269 0.02315 0.00913 0.00518
v -0.06790 0.27953 0.32172 0.02315 0.00913 0.00518
v -0.22951 0.28363 0.32269 0.02315 0.00913 0.00518
v -0.06790 0.27953 0.32172 0.02315 0.00913 0.00518
v -0.22951 0.27953 0.32172 0.02315 0.00913 0.00518
v -0.22951 0.28363 0.32269 0.02315 0.00913 0.00518
v -0.22951 0.28363 0.32269 0.02315 0.00913 0.00518
v -0.22951 0.27953 0.32172 0.02315 0.00913 0.00518
v -0.23361 0.28363 0.32172 0.02315 0.00913 0.00518
v -0.22951 0.27953 0.32172 0.02315 0.00913 0.00518
v -0.23325 0.27989 0.32101 0.02315 0.00913 0.00518
v -0.23361 0.28363 0.32172 0.02315 0.00913 0.00518
v -0.23361 0.28363 0.32172 0.02315 0.00913 0.00518
v -0.23325 0.27989 0.32101 0.02315 0.00913 0.00518
v -0.23599 0.28363 0.32000 0.02315 0.00913 0.00518
v -0.23325 0.27989 0.32101 0.02315 0.00913 0.00518
v -0.23562 0.28057 0.31963 0.02315 0.00913 0.00518
v -0.23599 0.28363 0.32000 0.02315 0.00913 0.00518
v -0.06179 0.28057 0.31963 0.02315 0.00913 0.00518
v -0.06261 0.27834 0.31882 0.02315 0.00913 0.00518
v -0.06416 0.27989 0.32101 0.02315 0.00913 0.00518
v -0.06261 0.27834 0.31882 0.02315 0.00913 0.00518
v -0.06484 0.27752 0.31963 0.02315 0.00913 0.00518
v -0.06416 0.27989 0.32101 0.02315 0.00913 0.00518
v -0.06416 0.27989 0.32101 0.02315 0.00913 0.00518
v -0.06484 0.27752 0.31963 0.02315 0.00913 0.00518
v -0.06790 0.27953 0.32172 0.02315 0.00913 0.00518
v -0.06484 0.27752 0.31963 0.02315 0.00913 0.00518
v -0.06790 0.27715 0.32000 0.02315 0.00913 0.00518
v -0.06790 0.27953 0.32172 0.02315 0.00913 0.00518
v -0.06790 0.27953 0.32172 0.02315 0.00913 0.00518
v -0.06790 0.27715 0.32000 0.02315 0.00913 0.00518
v -0.22951 0.27953 0.32172 0.02315 0.00913 0.00518
v -0.06790 0.27715 0.32000 0.02315 0.00913 0.00518
v -0.22951 0.27715 0.32000 0.02315 0.00913 0.00518
v -0.22951 0.27953 0.32172 0.02315 0.00913 0.00518
v -0.22951 0.27953 0.32172 0.02315 0.00913 0.00518
v -0.22951 0.27715 0.32000 0.02315 0.00913 0.00518
v -0.23325 0.27989 0.32101 0.02315 0.00913 0.00518
v -0.22951 0.27715 0.32000 0.02315 0.00913 0.00518
v -0.23256 0.27752 0.31963 0.02315 0.00913 0.00518
v -0.23325 0.27989 0.32101 0.02315 0.00913 0.00518
v -0.23325 0.27989 0.32101 0.02315 0.00913 0.00518
v -0.23256 0.27752 0.31963 0.02315 0.00913 0.00518
v -0.23562 0.28057 0.31963 0.02315 0.00913 0.00518
v -0.23256 0.27752 0.31963 0.02315 0.00913 0.00518
v -0.23480 0.27834 0.31882 0.02315 0.00913 0.00518
v -0.23562 0.28057 0.31963 0.02315 0.00913 0.00518
v -0.23480 0.32785 0.09755 0.02315 0.00913 0.00518
v -0.23562 0.32561 0.09674 0.02315 0.00913 0.00518
v -0.23256 0.32866 0.09674 0.02315 0.00913 0.00518
v -0.23562 0.32561 0.09674 0.02315 0.00913 0.00518
v -0.23325 0.32630 0.09536 0.02315 0.00913 0.00518
v -0.23256 0.32866 0.09674 0.02315 0.00913 0.00518
v -0.23256 0.32866 0.09674 0.02315 0.00913 0.00518
v -0.23325 0.32630 0.09536 0.02315 0.00913 0.00518
v -0.22951 0.32904 0.09637 0.02315 0.00913 0.00518
v -0.23325 0.32630 0.09536 0.02315 0.00913 0.00518
v -0.22951 0.32665 0.09465 0.02315 0.00913 0.00518
v -0.22951 0.32904 0.09637 0.02315 0.00913 0.00518
v -0.22951 0.32904 0.09637 0.02315 0.00913 0.00518
v -0.22951 0.32665 0.09465 0.02315 0.00913 0.00518
v -0.06790 0.32904 0.09637 0.02315 0.00913 0.00518
v -0.22951 0.32665 0.09465 0.02315 0.00913 0.00518
v -0.06790 0.32665 0.09465 0.02315 0.00913 0.00518
v -0.06790 0.32904 0.09637 0.02315 0.00913 0.00518
v -0.06790 0.32904 0.09637 0.02315 0.00913 0.00518
v -0.06790 0.32665 0.09465 0.02315 0.00913 0.00518
v -0.06484 0.32866 0.09674 0.02315 0.00913 0.00518
v -0.06790 0.32665 0.09465 0.02315 0.00913 0.00518
v -0.06416 0.32630 0.09536 0.02315 0.00913 0.00518
v -0.06484 0.32866 0.09674 0.02315 0.00913 0.00518
v -0.06484 0.32866 0.09674 0.02315 0.00913 0.00518
v -0.06416 0.32630 0.09536 0.02315 0.00913 0.00518
v -0.06261 0.32785 0.09755 0.02315 0.00913 0.00518
v -0.06416 0.32630 0.09536 0.02315 0.00913 0.00518
v -0.06179 0.32561 0.09674 0.02315 0.00913 0.00518
v -0.06261 0.32785 0.09755 0.02315 0.00913 0.00518
v -0.23562 0.32561 0.09674 0.02315 0.00913 0.00518
v -0.23599 0.32256 0.09637 0.02315 0.00913 0.00518
v -0.23325 0.32630 0.09536 0.02315 0.00913 0.00518
v -0.23599 0.32256 0.09637 0.02315 0.00913 0.00518
v -0.23361 0.32256 0.09465 0.02315 0.00913 0.00518
v -0.23325 0.32630 0.09536 0.02315 0.00913 0.00518
v -0.23325 0.32630 0.09536 0.02315 0.00913 0.00518
v -0.23361 0.32256 0.09465 0.02315 0.00913 0.00518
v -0.22951 0.32665 0.09465 0.02315 0.00913 0.00518
v -0.23361 0.32256 0.09465 0.02315 0.00913 0.00518
v -0.22951 0.32256 0.09368 0.02315 0.00913 0.00518
v -0.22951 0.32665 0.09465 0.02315 0.00913 0.00518
v -0.22951 0.32665 0.09465 0.02315 0.00913 0.00518
v -0.22951 0.32256 0.09368 0.02315 0.00913 0.00518
v -0.06790 0.32665 0.09465 0.02315 0.00913 0.00518
v -0.22951 0.32256 0.09368 0.02315 0.00913 0.00518
v -0.06790 0.32256 0.09368 0.02315 0.00913 0.00518
v -0.06790 0.32665 0.09465 0.02315 0.00913 0.00518
v -0.06790 0.32665 0.09465 0.02315 0.00913 0.00518
v -0.06790 0.32256 0.09368 0.02315 0.00913 0.00518
v -0.06416 0.32630 0.09536 0.02315 0.00913 0.00518
v -0.06790 0.32256 0.09368 0.02315 0.00913 0.00518
v -0.06380 0.32256 0.09465 0.02315 0.00913 0.00518
v -0.06416 0.32630 0.09536 0.02315 0.00913 0.00518
v -0.06416 0.32630 0.09536 0.02315 0.00913 0.00518
v -0.06380 0.32256 0.09465 0.02315 0.00913 0.00518
v -0.06179 0.32561 0.09674 0.02315 0.00913 0.00518
v -0.06380 0.32256 0.09465 0.02315 0.00913 0.00518
v -0.06142 0.32256 0.09637 0.02315 0.00913 0.00518
v -0.06179 0.32561 0.09674 0.02315 0.00913 0.00518
v -0.23599 0.32256 0.09637 0.02315 0.00913 0.00518
v -0.23599 0.28363 0.09637 0.02315 0.00913 0.00518
v -0.23361 0.32256 0.09465 0.02315 0.00913 0.00518
v -0.23599 0.28363 0.09637 0.02315 0.00913 0.00518
v -0.23361 0.28363 0.09465 0.02315 0.00913 0.00518
v -0.23361 0.32256 0.09465 0.02315 0.00913 0.00518
v -0.23361 0.32256 0.09465 0.02315 0.00913 0.00518
v -0.23361 0.28363 0.09465 0.02315 0.00913 0.00518
v -0.22951 0.32256 0.09368 0.02315 0.00913 0.00518
v -0.23361 0.28363 0.09465 0.02315 0.00913 0.00518
v -0.22951 0.28363 0.09368 0.02315 0.00913 0.00518
v -0.22951 0.32256 0.09368 0.02315 0.00913 0.00518
v -0.22951 0.32256 0.09368 0.02315 0.00913 0.00518
v -0.22951 0.28363 0.09368 0.02315 0.00913 0.00518
v -0.06790 0.32256 0.09368 0.02315 0.00913 0.00518
v -0.22951 0.28363 0.09368 0.02315 0.00913 0.00518
v -0.06790 0.28363 0.09368 0.02315 0.00913 0.00518
v -0.06790 0.32256 0.09368 0.02315 0.00913 0.00518
v -0.06790 0.32256 0.09368 0.02315 0.00913 0.00518
v -0.06790 0.28363 0.09368 0.02315 0.00913 0.00518
v -0.06380 0.32256 0.09465 0.02315 0.00913 0.00518
v -0.06790 0.28363 0.09368 0.02315 0.00913 0.00518
v -0.06380 0.28363 0.09465 0.02315 0.00913 0.00518
v -0.06380 0.32256 0.09465 0.02315 0.00913 0.00518
v -0.06380 0.32256 0.09465 0.02315 0.00913 0.00518
v -0.06380 0.28363 0.09465 0.02315 0.00913 0.00518
v -0.06142 0.32256 0.09637 0.02315 0.00913 0.00518
v -0.06380 0.28363 0.09465 0.02315 0.00913 0.00518
v -0.06142 0.28363 0.09637 0.02315 0.00913 0.00518
v -0.06142 0.32256 0.09637 0.02315 0.00913 0.00518
v -0.23599 0.28363 0.09637 0.02315 0.00913 0.00518
v -0.23562 0.28057 0.09674 0.02315 0.00913 0.00518
v -0.23361 0.28363 0.09465 0.02315 0.00913 0.00518
v -0.23562 0.28057 0.09674 0.02315 0.00913 0.00518
v -0.23325 0.27989 0.09536 0.02315 0.00913 0.00518
v -0.23361 0.28363 0.09465 0.02315 0.00913 0.00518
v -0.23361 0.28363 0.09465 0.02315 0.00913 0.00518
v -0.23325 0.27989 0.09536 0.02315 0.00913 0.00518
v -0.22951 0.28363 0.09368 0.02315 0.00913 0.00518
v -0.23325 0.27989 0.09536 0.02315 0.00913 0.00518
v -0.22951 0.27953 0.09465 0.02315 0.00913 0.00518
v -0.22951 0.28363 0.09368 0.02315 0.00913 0.00518
v -0.22951 0.28363 0.09368 0.02315 0.00913 0.00518
v -0.22951 0.27953 0.09465 0.02315 0.00913 0.00518
v -0.06790 0.28363 0.09368 0.02315 0.00913 0.00518
v -0.22951 0.27953 0.09465 0.02315 0.00913 0.00518
v -0.06790 0.27953 0.09465 0.02315 0.00913 0.00518
v -0.06790 0.28363 0.09368 0.02315 0.00913 0.00518
v -0.06790 0.28363 0.09368 0.02315 0.00913 0.00518
v -0.06790 0.27953 0.09465 0.02315 0.00913 0.00518
v -0.06380 0.28363 0.09465 0.02315 0.00913 0.00518
v -0.06790 0.27953 0.09465 0.02315 0.00913 0.00518
v -0.06416 0.27989 0.09536 0.02315 0.00913 0.00518
v -0.06380 0.28363 0.09465 0.02315 0.00913 0.00518
v -0.06380 0.28363 0.09465 0.02315 0.00913 0.00518
v -0.06416 0.27989 0.09536 0.02315 0.00913 0.00518
v -0.06142 0.28363 0.09637 0.02315 0.00913 0.00518
v -0.06416 0.27989 0.09536 0.02315 0.00913 0.00518
v -0.06179 0.28057 0.09674 0.02315 0.00913 0.00518
v -0.06142 0.28363 0.09637 0.02315 0.00913 0.00518
v -0.23562 0.28057 0.09674 0.02315 0.00913 0.00518
v -0.23480 0.27834 0.09755 0.02315 0.00913 0.00518
v -0.23325 0.27989 0.09536 0.02315 0.00913 0.00518
v -0.23480 0.27834 0.09755 0.02315 0.00913 0.00518
v -0.23256 0.27752 0.09674 0.02315 0.00913 0.00518
v -0.23325 0.27989 0.09536 0.02315 0.00913 0.00518
v -0.23325 0.27989 0.09536 0.02315 0.00913 0.00518
v -0.23256 0.27752 0.09674 0.02315 0.00913 0.00518
v -0.22951 0.27953 0.09465 0.02315 0.00913 0.00518
v -0.23256 0.27752 0.09674 0.02315 0.00913 0.00518
v -0.22951 0.27715 0.09637 0.02315 0.00913 0.00518
v -0.22951 0.27953 0.09465 0.02315 0.00913 0.00518
v -0.22951 0.27953 0.09465 0.02315 0.00913 0.00518
v -0.22951 0.27715 0.09637 0.02315 0.00913 0.00518
v -0.06790 0.27953 0.09465 0.02315 0.00913 0.00518
v -0.22951 0.27715 0.09637 0.02315 0.00913 0.00518
v -0.06790 0.27715 0.09637 0.02315 0.00913 0.00518
v -0.06790 0.27953 0.09465 0.02315 0.00913 0.00518
v -0.06790 0.27953 0.09465 0.02315 0.00913 0.00518
v -0.06790 0.27715 0.09637 0.02315 0.00913 0.00518
v -0.06416 0.27989 0.09536 0.02315 0.00913 0.00518
v -0.06790 0.27715 0.09637 0.02315 0.00913 0.00518
v -0.06484 0.27752 0.09674 0.02315 0.00913 0.00518
v -0.06416 0.27989 0.09536 0.02315 0.00913 0.00518
v -0.06416 0.27989 0.09536 0.02315 0.00913 0.00518
v -0.06484 0.27752 0.09674 0.02315 0.00913 0.00518
v -0.06179 0.28057 0.09674 0.02315 0.00913 0.00518
v -0.06484 0.27752 0.09674 0.02315 0.00913 0.00518
v -0.06261 0.27834 0.09755 0.02315 0.00913 0.00518
v -0.06179 0.28057 0.09674 0.02315 0.00913 0.00518
v 0.02304 0.31495 -0.16357 0.02315 0.00913 0.00518
v 0.02304 0.31495 -0.16357 0.02315 0.00913 0.00518
v 0.02304 0.31495 -0.16357 0.02315 0.00913 0.00518
v 0.02304 0.31495 -0.16357 0.02315 0.00913 0.00518
v 0.02304 0.31495 -0.16357 0.02315 0.00913 0.00518
v 0.02304 0.31495 -0.16357 0.02315 0.00913 0.00518
v 0.08402 0.29124 -0.14276 0.02315 0.00913 0.00518
v 0.07685 0.27278 -0.15714 0.02315 0.00913 0.00518
v 0.07959 0.27983 -0.18042 0.02315 0.00913 0.00518
v 0.08846 0.30264 -0.18042 0.02315 0.00913 0.00518
v 0.09120 0.30969 -0.15714 0.02315 0.00913 0.00518
v 0.08402 0.29124 -0.14276 0.02315 0.00913 0.00518
v 0.08402 0.29124 -0.16357 0.02315 0.00913 0.00518
v 0.08402 0.29124 -0.16357 0.02315 0.00913 0.00518
v 0.08402 0.29124 -0.16357 0.02315 0.00913 0.00518
v 0.08402 0.29124 -0.16357 0.02315 0.00913 0.00518
v 0.08402 0.29124 -0.16357 0.02315 0.00913 0.00518
v 0.08402 0.29124 -0.14276 0.02315 0.00913 0.00518
v 0.07685 0.27278 -0.15714 0.02315 0.00913 0.00518
v 0.07959 0.27983 -0.18042 0.02315 0.00913 0.00518
v 0.08846 0.30264 -0.18042 0.02315 0.00913 0.00518
v 0.09120 0.30969 -0.15714 0.02315 0.00913 0.00518
v 0.08402 0.29124 -0.14276 0.02315 0.00913 0.00518
v -0.02304 0.31495 -0.16357 0.02315 0.00913 0.00518
v -0.02304 0.31495 -0.16357 0.02315 0.00913 0.00518
v -0.02304 0.31495 -0.16357 0.02315 0.00913 0.00518
v -0.02304 0.31495 -0.16357 0.02315 0.00913 0.00518
v -0.02304 0.31495 -0.16357 0.02315 0.00913 0.00518
v -0.02304 0.31495 -0.16357 0.02315 0.00913 0.00518
v -0.08402 0.29124 -0.14276 0.02315 0.00913 0.00518
v -0.09120 0.30969 -0.15714 0.02315 0.00913 0.00518
v -0.08846 0.30264 -0.18042 0.02315 0.00913 0.00518
v -0.07959 0.27983 -0.18042 0.02315 0.00913 0.00518
v -0.07685 0.27278 -0.15714 0.02315 0.00913 0.00518
v -0.08402 0.29124 -0.14276 0.02315 0.00913 0.00518
v -0.08402 0.29124 -0.16357 0.02315 0.00913 0.00518
v -0.08402 0.29124 -0.16357 0.02315 0.00913 0.00518
v -0.08402 0.29124 -0.16357 0.02315 0.00913 0.00518
v -0.08402 0.29124 -0.16357 0.02315 0.00913 0.00518
v -0.08402 0.29124 -0.16357 0.02315 0.00913 0.00518
v -0.08402 0.29124 -0.14276 0.02315 0.00913 0.00518
v -0.09120 0.30969 -0.15714 0.02315 0.00913 0.00518
v -0.08846 0.30264 -0.18042 0.02315 0.00913 0.00518
v -0.07959 0.27983 -0.18042 0.02315 0.00913 0.00518
v -0.07685 0.27278 -0.15714 0.02315 0.00913 0.00518
v -0.08402 0.29124 -0.14276 0.02315 0.00913 0.00518
v 0.02304 0.31495 -0.36953 0.02315 0.00913 0.00518
v 0.02304 0.31495 -0.36953 0.02315 0.00913 0.00518
v 0.02304 0.31495 -0.36953 0.02315 0.00913 0.00518
v 0.02304 0.31495 -0.36953 0.02315 0.00913 0.00518
v 0.02304 0.31495 -0.36953 0.02315 0.00913 0.00518
v 0.02304 0.31495 -0.36953 0.02315 0.00913 0.00518
v 0.08402 0.29124 -0.34871 0.02315 0.00913 0.00518
v 0.07685 0.27278 -0.36310 0.02315 0.00913 0.00518
v 0.07959 0.27983 -0.38637 0.02315 0.00913 0.00518
v 0.08846 0.30264 -0.38637 0.02315 0.00913 0.00518
v 0.09120 0.30969 -0.36310 0.02315 0.00913 0.00518
v 0.08402 0.29124 -0.34871 0.02315 0.00913 0.00518
v 0.08402 0.29124 -0.36953 0.02315 0.00913 0.00518
v 0.08402 0.29124 -0.36953 0.02315 0.00913 0.00518
v 0.08402 0.29124 -0.36953 0.02315 0.00913 0.00518
v 0.08402 0.29124 -0.36953 0.02315 0.00913 0.00518
v 0.08402 0.29124 -0.36953 0.02315 0.00913 0.00518
v 0.08402 0.29124 -0.34871 0.02315 0.00913 0.00518
v 0.07685 0.27278 -0.36310 0.02315 0.00913 0.00518
v 0.07959 0.27983 -0.38637 0.02315 0.00913 0.00518
v 0.08846 0.30264 -0.38637 0.02315 0.00913 0.00518
v 0.09120 0.30969 -0.36310 0.02315 0.00913 0.00518
v 0.08402 0.29124 -0.34871 0.02315 0.00913 0.00518
v -0.02304 0.31495 -0.36953 0.02315 0.00913 0.00518
v -0.02304 0.31495 -0.36953 0.02315 0.00913 0.00518
v -0.02304 0.31495 -0.36953 0.02315 0.00913 0.00518
v -0.02304 0.31495 -0.36953 0.02315 0.00913 0.00518
v -0.02304 0.31495 -0.36953 0.02315 0.00913 0.00518
v -0.02304 0.31495 -0.36953 0.02315 0.00913 0.00518
v -0.08402 0.29124 -0.34871 0.02315 0.00913 0.00518
v -0.09120 0.30969 -0.36310 0.02315 0.00913 0.00518
v -0.08846 0.30264 -0.38637 0.02315 0.00913 0.00518
v -0.07959 0.27983 -0.38637 0.02315 0.00913 0.00518
v -0.07685 0.27278 -0.36310 0.02315 0.00913 0.00518
v -0.08402 0.29124 -0.34871 0.02315 0.00913 0.00518
v -0.08402 0.29124 -0.36953 0.02315 0.00913 0.00518
v -0.08402 0.29124 -0.36953 0.02315 0.00913 0.00518
v -0.08402 0.29124 -0.36953 0.02315 0.00913 0.00518
v -0.08402 0.29124 -0.36953 0.02315 0.00913 0.00518
v -0.08402 0.29124 -0.36953 0.02315 0.00913 0.00518
v -0.08402 0.29124 -0.34871 0.02315 0.00913 0.00518
v -0.09120 0.30969 -0.36310 0.02315 0.00913 0.00518
v -0.08846 0.30264 -0.38637 0.02315 0.00913 0.00518
v -0.07959 0.27983 -0.38637 0.02315 0.00913 0.00518
v -0.07685 0.27278 -0.36310 0.02315 0.00913 0.00518
v -0.08402 0.29124 -0.34871 0.02315 0.00913 0.00518
v 0.02304 0.31495 -0.56656 0.02315 0.00913 0.00518
v 0.02304 0.31495 -0.56656 0.02315 0.00913 0.00518
v 0.02304 0.31495 -0.56656 0.02315 0.00913 0.00518
v 0.02304 0.31495 -0.56656 0.02315 0.00913 0.00518
v 0.02304 0.31495 -0.56656 0.02315 0.00913 0.00518
v 0.02304 0.31495 -0.56656 0.02315 0.00913 0.00518
v 0.08402 0.29124 -0.54574 0.02315 0.00913 0.00518
v 0.07685 0.27278 -0.56013 0.02315 0.00913 0.00518
v 0.07959 0.27983 -0.58340 0.02315 0.00913 0.00518
v 0.08846 0.30264 -0.58340 0.02315 0.00913 0.00518
v 0.09120 0.30969 -0.56013 0.02315 0.00913 0.00518
v 0.08402 0.29124 -0.54574 0.02315 0.00913 0.00518
v 0.08402 0.29124 -0.56656 0.02315 0.00913 0.00518
v 0.08402 0.29124 -0.56656 0.02315 0.00913 0.00518
v 0.08402 0.29124 -0.56656 0.02315 0.00913 0.00518
v 0.08402 0.29124 -0.56656 0.02315 0.00913 0.00518
v 0.08402 0.29124 -0.56656 0.02315 0.00913 0.00518
v 0.08402 0.29124 -0.54574 0.02315 0.00913 0.00518
v 0.07685 0.27278 -0.56013 0.02315 0.00913 0.00518
v 0.07959 0.27983 -0.58340 0.02315 0.00913 0.00518
v 0.08846 0.30264 -0.58340 0.02315 0.00913 0.00518
v 0.09120 0.30969 -0.56013 0.02315 0.00913 0.00518
v 0.08402 0.29124 -0.54574 0.02315 0.00913 0.00518
v -0.02304 0.31495 -0.56656 0.02315 0.00913 0.00518
v -0.02304 0.31495 -0.56656 0.02315 0.00913 0.00518
v -0.02304 0.31495 -0.56656 0.02315 0.00913 0.00518
v -0.02304 0.31495 -0.56656 0.02315 0.00913 0.00518
v -0.02304 0.31495 -0.56656 0.02315 0.00913 0.00518
v -0.02304 0.31495 -0.56656 0.02315 0.00913 0.00518
v -0.08402 0.29124 -0.54574 0.02315 0.00913 0.00518
v -0.09120 0.30969 -0.56013 0.02315 0.00913 0.00518
v -0.08846 0.30264 -0.58340 0.02315 0.00913 0.00518
v -0.07959 0.27983 -0.58340 0.02315 0.00913 0.00518
v -0.07685 0.27278 -0.56013 0.02315 0.00913 0.00518
v -0.08402 0.29124 -0.54574 0.02315 0.00913 0.00518
v -0.08402 0.29124 -0.56656 0.02315 0.00913 0.00518
v -0.08402 0.29124 -0.56656 0.02315 0.00913 0.00518
v -0.08402 0.29124 -0.56656 0.02315 0.00913 0.00518
v -0.08402 0.29124 -0.56656 0.02315 0.00913 0.00518
v -0.08402 0.29124 -0.56656 0.02315 0.00913 0.00518
v -0.08402 0.29124 -0.54574 0.02315 0.00913 0.00518
v -0.09120 0.30969 -0.56013 0.02315 0.00913 0.00518
v -0.08846 0.30264 -0.58340 0.02315 0.00913 0.00518
v -0.07959 0.27983 -0.58340 0.02315 0.00913 0.00518
v -0.07685 0.27278 -0.56013 0.02315 0.00913 0.00518
v -0.08402 0.29124 -0.54574 0.02315 0.00913 0.00518
v 0.00000 0.33565 -0.72766 0.02315 0.00913 0.00518
v 0.00000 0.33565 -0.72766 0.02315 0.00913 0.00518
v 0.00000 0.33565 -0.72766 0.02315 0.00913 0.00518
v 0.00000 0.33565 -0.72766 0.02315 0.00913 0.00518
v 0.00000 0.33565 -0.72766 0.02315 0.00913 0.00518
v 0.00000 0.33565 -0.72766 0.02315 0.00913 0.00518
v 0.00000 0.23442 -0.82045 0.02315 0.00913 0.00518
v -0.03960 0.25938 -0.83477 0.02315 0.00913 0.00518
v -0.02447 0.29976 -0.85793 0.02315 0.00913 0.00518
v 0.02447 0.29976 -0.85793 0.02315 0.00913 0.00518
v 0.03960 0.25938 -0.83477 0.02315 0.00913 0.00518
v 0.00000 0.23442 -0.82045 0.02315 0.00913 0.00518
v 0.00000 0.27054 -0.84117 0.02315 0.00913 0.00518
v 0.00000 0.27054 -0.84117 0.02315 0.00913 0.00518
v 0.00000 0.27054 -0.84117 0.02315 0.00913 0.00518
v 0.00000 0.27054 -0.84117 0.02315 0.00913 0.00518
v 0.00000 0.27054 -0.84117 0.02315 0.00913 0.00518
v 0.00000 0.23442 -0.82045 0.02315 0.00913 0.00518
v -0.03960 0.25938 -0.83477 0.02315 0.00913 0.00518
v -0.02447 0.29976 -0.85793 0.02315 0.00913 0.00518
v 0.02447 0.29976 -0.85793 0.02315 0.00913 0.00518
v 0.03960 0.25938 -0.83477 0.02315 0.00913 0.00518
v 0.00000 0.23442 -0.82045 0.02315 0.00913 0.00518
f 7381 7383 7382
f 7384 7386 7385
f 7387 7389 7388
f 7390 7392 7391
f 7393 7395 7394
f 7396 7398 7397
f 7399 7401 7400
f 7402 7404 7403
f 7405 7407 7406
f 7408 7410 7409
f 7411 7413 7412
f 7414 7416 7415
f 7417 7419 7418
f 7420 7422 7421
f 7423 7425 7424
f 7426 7428 7427
f 7429 7431 7430
f 7432 7434 7433
f 7435 7437 7436
f 7438 7440 7439
f 7441 7443 7442
f 7444 7446 7445
f 7447 7449 7448
f 7450 7452 7451
f 7453 7455 7454
f 7456 7458 7457
f 7459 7461 7460
f 7462 7464 7463
f 7465 7467 7466
f 7468 7470 7469
f 7471 7473 7472
f 7474 7476 7475
f 7477 7479 7478
f 7480 7482 7481
f 7483 7485 7484
f 7486 7488 7487
f 7489 7491 7490
f 7492 7494 7493
f 7495 7497 7496
f 7498 7500 7499
f 7501 7503 7502
f 7504 7506 7505
f 7507 7509 7508
f 7510 7512 7511
f 7513 7515 7514
f 7516 7518 7517
f 7519 7521 7520
f 7522 7524 7523
f 7525 7527 7526
f 7528 7530 7529
f 7531 7533 7532
f 7534 7536 7535
f 7537 7539 7538
f 7540 7542 7541
f 7543 7545 7544
f 7546 7548 7547
f 7549 7551 7550
f 7552 7554 7553
f 7555 7557 7556
f 7558 7560 7559
f 7561 7563 7562
f 7564 7566 7565
f 7567 7569 7568
f 7570 7572 7571
f 7573 7575 7574
f 7576 7578 7577
f 7579 7581 7580
f 7582 7584 7583
f 7585 7587 7586
f 7588 7590 7589
f 7591 7593 7592
f 7594 7596 7595
f 7597 7599 7598
f 7600 7602 7601
f 7603 7605 7604
f 7606 7608 7607
f 7609 7611 7610
f 7612 7614 7613
f 7615 7617 7616
f 7618 7620 7619
f 7621 7623 7622
f 7624 7626 7625
f 7627 7629 7628
f 7630 7632 7631
f 7633 7635 7634
f 7636 7638 7637
f 7639 7641 7640
f 7642 7644 7643
f 7645 7647 7646
f 7648 7650 7649
f 7651 7653 7652
f 7654 7656 7655
f 7657 7659 7658
f 7660 7662 7661
f 7663 7665 7664
f 7666 7668 7667
f 7669 7671 7670
f 7672 7674 7673
f 7675 7677 7676
f 7678 7680 7679
f 7681 7683 7682
f 7684 7686 7685
f 7687 7689 7688
f 7690 7692 7691
f 7693 7695 7694
f 7696 7698 7697
f 7699 7701 7700
f 7702 7704 7703
f 7705 7707 7706
f 7708 7710 7709
f 7711 7713 7712
f 7714 7716 7715
f 7717 7719 7718
f 7720 7722 7721
f 7723 7725 7724
f 7726 7728 7727
f 7729 7731 7730
f 7732 7734 7733
f 7735 7737 7736
f 7738 7740 7739
f 7741 7743 7742
f 7744 7746 7745
f 7747 7749 7748
f 7750 7752 7751
f 7753 7755 7754
f 7756 7758 7757
f 7759 7761 7760
f 7762 7764 7763
f 7765 7767 7766
f 7768 7770 7769
f 7771 7773 7772
f 7774 7776 7775
f 7777 7779 7778
f 7780 7782 7781
f 7783 7785 7784
f 7786 7788 7787
f 7789 7791 7790
f 7792 7794 7793
f 7795 7797 7796
f 7798 7800 7799
f 7801 7803 7802
f 7804 7806 7805
f 7807 7809 7808
f 7810 7812 7811
f 7813 7815 7814
f 7816 7818 7817
f 7819 7821 7820
f 7822 7824 7823
f 7825 7827 7826
f 7828 7830 7829
f 7831 7833 7832
f 7834 7836 7835
f 7837 7839 7838
f 7840 7842 7841
f 7843 7845 7844
f 7846 7848 7847
f 7849 7851 7850
f 7852 7854 7853
f 7855 7857 7856
f 7858 7860 7859
f 7861 7863 7862
f 7864 7866 7865
f 7867 7869 7868
f 7870 7872 7871
f 7873 7875 7874
f 7876 7878 7877
f 7879 7881 7880
f 7882 7884 7883
f 7885 7887 7886
f 7888 7890 7889
f 7891 7893 7892
f 7894 7896 7895
f 7897 7899 7898
f 7900 7902 7901
f 7903 7905 7904
f 7906 7908 7907
f 7909 7911 7910
f 7912 7914 7913
f 7915 7917 7916
f 7918 7920 7919
f 7921 7923 7922
f 7924 7926 7925
f 7927 7929 7928
f 7930 7932 7931
f 7933 7935 7934
f 7936 7938 7937
f 7939 7941 7940
f 7942 7944 7943
f 7945 7947 7946
f 7948 7950 7949
f 7951 7953 7952
f 7954 7956 7955
f 7957 7959 7958
f 7960 7962 7961
f 7963 7965 7964
f 7966 7968 7967
f 7969 7971 7970
f 7972 7974 7973
f 7975 7977 7976
f 7978 7980 7979
f 7981 7983 7982
f 7984 7986 7985
f 7987 7989 7988
f 7990 7992 7991
f 7993 7995 7994
f 7996 7998 7997
f 7999 8001 8000
f 8002 8004 8003
f 8005 8007 8006
f 8008 8010 8009
f 8011 8013 8012
f 8014 8016 8015
f 8017 8019 8018
f 8020 8022 8021
f 8023 8025 8024
f 8026 8028 8027
f 8029 8031 8030
f 8032 8034 8033
f 8035 8037 8036
f 8038 8040 8039
f 8041 8043 8042
f 8044 8046 8045
f 8047 8049 8048
f 8050 8052 8051
f 8053 8055 8054
f 8056 8058 8057
f 8059 8061 8060
f 8062 8064 8063
f 8065 8067 8066
f 8068 8070 8069
f 8071 8073 8072
f 8074 8076 8075
f 8077 8079 8078
f 8080 8082 8081
f 8083 8085 8084
f 8086 8088 8087
f 8089 8091 8090
f 8092 8094 8093
f 8095 8097 8096
f 8098 8100 8099
f 8101 8103 8102
f 8104 8106 8105
f 8107 8109 8108
f 8110 8112 8111
f 8113 8115 8114
f 8116 8118 8117
f 8119 8121 8120
f 8122 8124 8123
f 8125 8127 8126
f 8128 8130 8129
f 8131 8133 8132
f 8134 8136 8135
f 8137 8139 8138
f 8140 8142 8141
f 8143 8145 8144
f 8146 8148 8147
f 8149 8151 8150
f 8152 8154 8153
f 8155 8157 8156
f 8158 8160 8159
f 8161 8163 8162
f 8164 8166 8165
f 8167 8169 8168
f 8170 8172 8171
f 8173 8175 8174
f 8176 8178 8177
f 8179 8181 8180
f 8182 8184 8183
f 8185 8187 8186
f 8188 8190 8189
f 8191 8193 8192
f 8194 8196 8195
f 8197 8199 8198
f 8200 8202 8201
f 8203 8205 8204
f 8206 8208 8207
f 8209 8211 8210
f 8212 8214 8213
f 8215 8217 8216
f 8218 8220 8219
f 8221 8223 8222
f 8224 8226 8225
f 8227 8229 8228
f 8230 8232 8231
f 8233 8235 8234
f 8236 8238 8237
f 8239 8241 8240
f 8242 8244 8243
f 8245 8247 8246
f 8248 8250 8249
f 8251 8253 8252
f 8254 8256 8255
f 8257 8259 8258
f 8260 8262 8261
f 8263 8265 8264
f 8266 8268 8267
f 8269 8271 8270
f 8272 8274 8273
f 8275 8277 8276
f 8278 8280 8279
f 8281 8283 8282
f 8284 8286 8285
f 8287 8289 8288
f 8290 8292 8291
f 8293 8295 8294
f 8296 8298 8297
f 8299 8301 8300
f 8302 8304 8303
f 8305 8307 8306
f 8308 8310 8309
f 8311 8313 8312
f 8314 8316 8315
f 8317 8319 8318
f 8320 8322 8321
f 8323 8325 8324
f 8326 8328 8327
f 8329 8331 8330
f 8332 8334 8333
f 8335 8337 8336
f 8338 8340 8339
f 8341 8343 8342
f 8344 8346 8345
f 8347 8349 8348
f 8350 8352 8351
f 8353 8355 8354
f 8356 8358 8357
f 8359 8361 8360
f 8362 8364 8363
f 8365 8367 8366
f 8368 8370 8369
f 8371 8373 8372
f 8374 8376 8375
f 8377 8379 8378
f 8380 8382 8381
f 8383 8385 8384
f 8386 8388 8387
f 8389 8391 8390
f 8392 8394 8393
f 8395 8397 8396
f 8398 8400 8399
f 8401 8403 8402
f 8404 8406 8405
f 8407 8409 8408
f 8410 8412 8411
f 8413 8415 8414
f 8416 8418 8417
f 8419 8421 8420
f 8422 8424 8423
f 8425 8427 8426
f 8428 8430 8429
f 8431 8433 8432
f 8434 8436 8435
f 8437 8439 8438
f 8440 8442 8441
f 8443 8445 8444
f 8446 8448 8447
f 8449 8451 8450
f 8452 8454 8453
f 8455 8457 8456
f 8458 8460 8459
f 8461 8463 8462
f 8464 8466 8465
f 8467 8469 8468
f 8470 8472 8471
f 8473 8475 8474
f 8476 8478 8477
f 8479 8481 8480
f 8482 8484 8483
f 8485 8487 8486
f 8488 8490 8489
f 8491 8493 8492
f 8494 8496 8495
f 8497 8499 8498
f 8500 8502 8501
f 8503 8505 8504
f 8506 8508 8507
f 8509 8511 8510
f 8512 8514 8513
f 8515 8517 8516
f 8518 8520 8519
f 8521 8523 8522
f 8524 8526 8525
f 8527 8529 8528
f 8530 8532 8531
f 8533 8535 8534
f 8536 8538 8537
f 8539 8541 8540
f 8542 8544 8543
f 8545 8547 8546
f 8548 8550 8549
f 8551 8553 8552
f 8554 8556 8555
f 8557 8559 8558
f 8560 8562 8561
f 8563 8565 8564
f 8566 8568 8567
f 8569 8571 8570
f 8572 8574 8573
f 8575 8577 8576
f 8578 8580 8579
f 8581 8583 8582
f 8584 8586 8585
f 8587 8589 8588
f 8590 8592 8591
f 8593 8595 8594
f 8596 8598 8597
f 8599 8601 8600
f 8602 8604 8603
f 8605 8607 8606
f 8608 8610 8609
f 8611 8613 8612
f 8614 8616 8615
f 8617 8619 8618
f 8620 8622 8621
f 8623 8625 8624
f 8626 8628 8627
f 8629 8631 8630
f 8632 8634 8633
f 8635 8637 8636
f 8638 8640 8639
f 8641 8643 8642
f 8644 8646 8645
f 8647 8649 8648
f 8650 8652 8651
f 8653 8655 8654
f 8656 8658 8657
f 8659 8661 8660
f 8662 8664 8663
f 8665 8667 8666
f 8668 8670 8669
f 8671 8673 8672
f 8674 8676 8675
f 8677 8679 8678
f 8680 8682 8681
f 8683 8685 8684
f 8686 8688 8687
f 8689 8691 8690
f 8692 8694 8693
f 8695 8697 8696
f 8698 8700 8699
f 8701 8703 8702
f 8704 8706 8705
f 8707 8709 8708
f 8710 8712 8711
f 8713 8715 8714
f 8716 8718 8717
f 8719 8721 8720
f 8722 8724 8723
f 8725 8727 8726
f 8728 8730 8729
f 8731 8733 8732
f 8734 8736 8735
f 8737 8739 8738
f 8740 8742 8741
f 8743 8745 8744
f 8746 8748 8747
f 8749 8751 8750
f 8752 8754 8753
f 8755 8757 8756
f 8758 8760 8759
f 8761 8763 8762
f 8764 8766 8765
f 8767 8769 8768
f 8770 8772 8771
f 8773 8775 8774
f 8776 8778 8777
f 8779 8781 8780
f 8782 8784 8783
f 8785 8787 8786
f 8788 8790 8789
f 8791 8793 8792
f 8794 8796 8795
f 8797 8799 8798
f 8800 8802 8801
f 8803 8805 8804
f 8806 8808 8807
f 8809 8811 8810
f 8812 8814 8813
f 8815 8817 8816
f 8818 8820 8819
f 8821 8823 8822
f 8824 8826 8825
f 8827 8829 8828
f 8830 8832 8831
f 8833 8835 8834
f 8836 8838 8837
f 8839 8841 8840
f 8842 8844 8843
f 8845 8847 8846
f 8848 8850 8849
f 8851 8853 8852
f 8854 8856 8855
f 8857 8859 8858
f 8860 8862 8861
f 8863 8865 8864
f 8866 8868 8867
f 8869 8871 8870
f 8872 8874 8873
f 8875 8877 8876
f 8878 8880 8879
f 8881 8883 8882
f 8884 8886 8885
f 8887 8889 8888
f 8890 8892 8891
f 8893 8895 8894
f 8896 8898 8897
f 8899 8901 8900
f 8902 8904 8903
f 8905 8907 8906
f 8908 8910 8909
f 8911 8913 8912
f 8914 8916 8915
f 8917 8919 8918
f 8920 8922 8921
f 8923 8925 8924
f 8926 8928 8927
f 8929 8931 8930
f 8932 8934 8933
f 8935 8937 8936
f 8938 8940 8939
f 8941 8943 8942
f 8944 8946 8945
f 8947 8949 8948
f 8950 8952 8951
f 8953 8955 8954
f 8956 8958 8957
f 8959 8961 8960
f 8962 8964 8963
f 8965 8967 8966
f 8968 8970 8969
f 8971 8973 8972
f 8974 8976 8975
f 8977 8979 8978
f 8980 8982 8981
f 8983 8985 8984
f 8986 8988 8987
f 8989 8991 8990
f 8992 8994 8993
f 8995 8997 8996
f 8998 9000 8999
f 9001 9003 9002
f 9004 9006 9005
f 9007 9009 9008
f 9010 9012 9011
f 9013 9015 9014
f 9016 9018 9017
f 9019 9021 9020
f 9022 9024 9023
f 9025 9027 9026
f 9028 9030 9029
f 9031 9033 9032
f 9034 9036 9035
f 9037 9039 9038
f 9040 9042 9041
f 9043 9045 9044
f 9046 9048 9047
f 9049 9051 9050
f 9052 9054 9053
f 9055 9057 9056
f 9058 9060 9059
f 9061 9063 9062
f 9064 9066 9065
f 9067 9069 9068
f 9070 9072 9071
f 9073 9075 9074
f 9076 9078 9077
f 9079 9081 9080
f 9082 9084 9083
f 9085 9087 9086
f 9088 9090 9089
f 9091 9093 9092
f 9094 9096 9095
f 9097 9099 9098
f 9100 9102 9101
f 9103 9105 9104
f 9106 9108 9107
f 9109 9111 9110
f 9112 9114 9113
f 9115 9117 9116
f 9118 9120 9119
f 9121 9123 9122
f 9124 9126 9125
f 9127 9129 9128
f 9130 9132 9131
f 9133 9135 9134
f 9136 9138 9137
f 9139 9141 9140
f 9142 9144 9143
f 9145 9147 9146
f 9148 9150 9149
f 9151 9153 9152
f 9154 9156 9155
f 9157 9159 9158
f 9160 9162 9161
f 9163 9165 9164
f 9166 9168 9167
f 9169 9171 9170
f 9172 9174 9173
f 9175 9177 9176
f 9178 9180 9179
f 9181 9183 9182
f 9184 9186 9185
f 9187 9189 9188
f 9190 9192 9191
f 9193 9195 9194
f 9196 9198 9197
f 9199 9201 9200
f 9202 9204 9203
f 9205 9207 9206
f 9208 9210 9209
f 9211 9213 9212
f 9214 9216 9215
f 9217 9219 9218
f 9220 9222 9221
f 9223 9225 9224
f 9226 9228 9227
f 9229 9231 9230
f 9232 9234 9233
f 9235 9237 9236
f 9238 9240 9239
f 9241 9243 9242
f 9244 9246 9245
f 9247 9249 9248
f 9250 9252 9251
f 9253 9255 9254
f 9256 9258 9257
f 9259 9261 9260
f 9262 9264 9263
f 9265 9267 9266
f 9268 9270 9269
f 9271 9273 9272
f 9274 9276 9275
f 9277 9279 9278
f 9280 9282 9281
f 9283 9285 9284
f 9286 9288 9287
f 9289 9291 9290
f 9292 9294 9293
f 9295 9297 9296
f 9298 9300 9299
f 9301 9303 9302
f 9304 9306 9305
f 9307 9309 9308
f 9310 9312 9311
f 9313 9315 9314
f 9316 9318 9317
f 9319 9321 9320
f 9322 9324 9323
f 9325 9327 9326
f 9328 9330 9329
f 9331 9333 9332
f 9334 9336 9335
f 9337 9339 9338
f 9340 9342 9341
f 9343 9345 9344
f 9346 9348 9347
f 9349 9351 9350
f 9352 9354 9353
f 9355 9357 9356
f 9358 9360 9359
f 9361 9363 9362
f 9364 9366 9365
f 9367 9369 9368
f 9370 9372 9371
f 9373 9375 9374
f 9376 9378 9377
f 9379 9381 9380
f 9382 9384 9383
f 9385 9387 9386
f 9388 9390 9389
f 9391 9393 9392
f 9394 9396 9395
f 9397 9399 9398
f 9400 9402 9401
f 9403 9405 9404
f 9406 9408 9407
f 9409 9411 9410
f 9412 9414 9413
f 9415 9417 9416
f 9418 9420 9419
f 9421 9423 9422
f 9424 9426 9425
f 9427 9429 9428
f 9430 9432 9431
f 9433 9435 9434
f 9436 9438 9437
f 9439 9441 9440
f 9442 9444 9443
f 9445 9447 9446
f 9448 9450 9449
f 9451 9453 9452
f 9454 9456 9455
f 9457 9459 9458
f 9460 9462 9461
f 9463 9465 9464
f 9466 9468 9467
f 9469 9471 9470
f 9472 9474 9473
f 9475 9477 9476
f 9478 9480 9479
f 9481 9483 9482
f 9484 9486 9485
f 9487 9489 9488
f 9490 9492 9491
f 9493 9495 9494
f 9496 9498 9497
f 9499 9501 9500
f 9502 9504 9503
f 9505 9507 9506
f 9508 9510 9509
f 9511 9513 9512
f 9514 9516 9515
f 9517 9519 9518
f 9520 9522 9521
f 9523 9525 9524
f 9526 9528 9527
f 9529 9531 9530
f 9532 9534 9533
f 9535 9537 9536
f 9538 9540 9539
f 9541 9543 9542
f 9544 9546 9545
f 9547 9549 9548
f 9550 9552 9551
f 9553 9555 9554
f 9556 9558 9557
f 9559 9561 9560
f 9562 9564 9563
f 9565 9567 9566
f 9568 9570 9569
f 9571 9573 9572
f 9574 9576 9575
f 9577 9579 9578
f 9580 9582 9581
f 9583 9585 9584
f 9586 9588 9587
f 9589 9591 9590
f 9592 9594 9593
f 9595 9597 9596
f 9598 9600 9599
f 9601 9603 9602
f 9604 9606 9605
f 9607 9609 9608
f 9610 9612 9611
f 9613 9615 9614
f 9616 9618 9617
f 9619 9621 9620
f 9622 9624 9623
f 9625 9627 9626
f 9628 9630 9629
f 9631 9633 9632
f 9634 9636 9635
f 9637 9639 9638
f 9640 9642 9641
f 9643 9645 9644
f 9646 9648 9647
f 9649 9651 9650
f 9652 9654 9653
f 9655 9657 9656
f 9658 9660 9659
f 9661 9663 9662
f 9664 9666 9665
f 9667 9669 9668
f 9670 9672 9671
f 9673 9675 9674
f 9676 9678 9677
f 9679 9681 9680
f 9682 9684 9683
f 9685 9687 9686
f 9688 9690 9689
f 9691 9693 9692
f 9694 9696 9695
f 9697 9699 9698
f 9700 9702 9701
f 9703 9705 9704
f 9706 9708 9707
f 9709 9711 9710
f 9712 9714 9713
f 9715 9717 9716
f 9718 9720 9719
f 9721 9723 9722
f 9724 9726 9725
f 9727 9729 9728
f 9730 9732 9731
f 9733 9735 9734
f 9736 9738 9737
f 9739 9741 9740
f 9742 9744 9743
f 9745 9747 9746
f 9748 9750 9749
f 9751 9753 9752
f 9754 9756 9755
f 9757 9759 9758
f 9760 9762 9761
f 9763 9765 9764
f 9766 9768 9767
f 9769 9771 9770
f 9772 9774 9773
f 9775 9777 9776
f 9778 9780 9779
f 9781 9783 9782
f 9784 9786 9785
f 9787 9789 9788
f 9790 9792 9791
f 9793 9795 9794
f 9796 9798 9797
f 9799 9801 9800
f 9802 9804 9803
f 9805 9807 9806
f 9808 9810 9809
f 9811 9813 9812
f 9814 9816 9815
f 9817 9819 9818
f 9820 9822 9821
f 9823 9825 9824
f 9826 9828 9827
f 9829 9831 9830
f 9832 9834 9833
f 9835 9837 9836
f 9838 9840 9839
f 9841 9843 9842
f 9844 9846 9845
f 9847 9849 9848
f 9850 9852 9851
f 9853 9855 9854
f 9856 9858 9857
f 9859 9861 9860
f 9862 9864 9863
f 9865 9867 9866
f 9868 9870 9869
f 9871 9873 9872
f 9874 9876 9875
f 9877 9879 9878
f 9880 9882 9881
f 9883 9885 9884
f 9886 9888 9887
f 9889 9891 9890
f 9892 9894 9893
f 9895 9897 9896
f 9898 9900 9899
f 9901 9903 9902
f 9904 9906 9905
f 9907 9909 9908
f 9910 9912 9911
f 9913 9915 9914
f 9916 9918 9917
f 9919 9921 9920
f 9922 9924 9923
f 9925 9927 9926
f 9928 9930 9929
f 9931 9933 9932
f 9934 9936 9935
f 9937 9939 9938
f 9940 9942 9941
f 9943 9945 9944
f 9946 9948 9947
f 9949 9951 9950
f 9952 9954 9953
f 9955 9957 9956
f 9958 9960 9959
f 9961 9963 9962
f 9964 9966 9965
f 9967 9969 9968
f 9970 9972 9971
f 9973 9975 9974
f 9976 9978 9977
f 9979 9981 9980
f 9982 9984 9983
f 9985 9987 9986
f 9988 9990 9989
f 9991 9993 9992
f 9994 9996 9995
f 9997 9999 9998
f 10000 10002 10001
f 10003 10005 10004
f 10006 10008 10007
f 10009 10011 10010
f 10012 10014 10013
f 10015 10017 10016
f 10018 10020 10019
f 10021 10023 10022
f 10024 10026 10025
f 10027 10029 10028
f 10030 10032 10031
f 10033 10035 10034
f 10036 10038 10037
f 10039 10041 10040
f 10042 10044 10043
f 10045 10047 10046
f 10048 10050 10049
f 10051 10053 10052
f 10054 10056 10055
f 10057 10059 10058
f 10060 10062 10061
f 10063 10065 10064
f 10066 10068 10067
f 10069 10071 10070
f 10072 10074 10073
f 10075 10077 10076
f 10078 10080 10079
f 10087 10082 10088
f 10088 10083 10089
f 10089 10084 10090
f 10090 10085 10091
f 10091 10086 10092
f 10099 10093 10098
f 10100 10094 10099
f 10101 10095 10100
f 10102 10096 10101
f 10103 10097 10102
f 10110 10105 10111
f 10111 10106 10112
f 10112 10107 10113
f 10113 10108 10114
f 10114 10109 10115
f 10122 10116 10121
f 10123 10117 10122
f 10124 10118 10123
f 10125 10119 10124
f 10126 10120 10125
f 10134 10128 10135
f 10135 10129 10136
f 10136 10130 10137
f 10137 10131 10138
f 10138 10132 10139
f 10139 10133 10140
f 10148 10141 10147
f 10149 10142 10148
f 10150 10143 10149
f 10151 10144 10150
f 10152 10145 10151
f 10153 10146 10152
f 10161 10155 10162
f 10162 10156 10163
f 10163 10157 10164
f 10164 10158 10165
f 10165 10159 10166
f 10166 10160 10167
f 10175 10168 10174
f 10176 10169 10175
f 10177 10170 10176
f 10178 10171 10177
f 10179 10172 10178
f 10180 10173 10179
f 10188 10182 10189
f 10189 10183 10190
f 10190 10184 10191
f 10191 10185 10192
f 10192 10186 10193
f 10193 10187 10194
f 10202 10195 10201
f 10203 10196 10202
f 10204 10197 10203
f 10205 10198 10204
f 10206 10199 10205
f 10207 10200 10206
f 10215 10209 10216
f 10216 10210 10217
f 10217 10211 10218
f 10218 10212 10219
f 10219 10213 10220
f 10220 10214 10221
f 10229 10222 10228
f 10230 10223 10229
f 10231 10224 10230
f 10232 10225 10231
f 10233 10226 10232
f 10234 10227 10233
f 10241 10236 10242
f 10242 10237 10243
f 10243 10238 10244
f 10244 10239 10245
f 10245 10240 10246
f 10253 10247 10252
f 10254 10248 10253
f 10255 10249 10254
f 10256 10250 10255
f 10257 10251 10256
f 10258 10266 10259
f 10259 10266 10267
f 10259 10267 10260
f 10260 10267 10268
f 10260 10268 10261
f 10261 10268 10269
f 10261 10269 10262
f 10262 10269 10270
f 10262 10270 10263
f 10263 10270 10271
f 10263 10271 10264
f 10264 10271 10272
f 10264 10272 10265
f 10265 10272 10273
f 10266 10274 10267
f 10267 10274 10275
f 10267 10275 10268
f 10268 10275 10276
f 10268 10276 10269
f 10269 10276 10277
f 10269 10277 10270
f 10270 10277 10278
f 10270 10278 10271
f 10271 10278 10279
f 10271 10279 10272
f 10272 10279 10280
f 10272 10280 10273
f 10273 10280 10281
f 10274 10282 10275
f 10275 10282 10283
f 10275 10283 10276
f 10276 10283 10284
f 10276 10284 10277
f 10277 10284 10285
f 10277 10285 10278
f 10278 10285 10286
f 10278 10286 10279
f 10279 10286 10287
f 10279 10287 10280
f 10280 10287 10288
f 10280 10288 10281
f 10281 10288 10289
f 10282 10290 10283
f 10283 10290 10291
f 10283 10291 10284
f 10284 10291 10292
f 10284 10292 10285
f 10285 10292 10293
f 10285 10293 10286
f 10286 10293 10294
f 10286 10294 10287
f 10287 10294 10295
f 10287 10295 10288
f 10288 10295 10296
f 10288 10296 10289
f 10289 10296 10297
f 10290 10298 10291
f 10291 10298 10299
f 10291 10299 10292
f 10292 10299 10300
f 10292 10300 10293
f 10293 10300 10301
f 10293 10301 10294
f 10294 10301 10302
f 10294 10302 10295
f 10295 10302 10303
f 10295 10303 10296
f 10296 10303 10304
f 10296 10304 10297
f 10297 10304 10305
f 10298 10306 10299
f 10299 10306 10307
f 10299 10307 10300
f 10300 10307 10308
f 10300 10308 10301
f 10301 10308 10309
f 10301 10309 10302
f 10302 10309 10310
f 10302 10310 10303
f 10303 10310 10311
f 10303 10311 10304
f 10304 10311 10312
f 10304 10312 10305
f 10305 10312 10313
f 10306 10314 10307
f 10307 10314 10315
f 10307 10315 10308
f 10308 10315 10316
f 10308 10316 10309
f 10309 10316 10317
f 10309 10317 10310
f 10310 10317 10318
f 10310 10318 10311
f 10311 10318 10319
f 10311 10319 10312
f 10312 10319 10320
f 10312 10320 10313
f 10313 10320 10321
f 10314 10322 10315
f 10315 10322 10323
f 10315 10323 10316
f 10316 10323 10324
f 10316 10324 10317
f 10317 10324 10325
f 10317 10325 10318
f 10318 10325 10326
f 10318 10326 10319
f 10319 10326 10327
f 10319 10327 10320
f 10320 10327 10328
f 10320 10328 10321
f 10321 10328 10329
f 10322 10330 10323
f 10323 10330 10331
f 10323 10331 10324
f 10324 10331 10332
f 10324 10332 10325
f 10325 10332 10333
f 10325 10333 10326
f 10326 10333 10334
f 10326 10334 10327
f 10327 10334 10335
f 10327 10335 10328
f 10328 10335 10336
f 10328 10336 10329
f 10329 10336 10337
f 10330 10338 10331
f 10331 10338 10339
f 10331 10339 10332
f 10332 10339 10340
f 10332 10340 10333
f 10333 10340 10341
f 10333 10341 10334
f 10334 10341 10342
f 10334 10342 10335
f 10335 10342 10343
f 10335 10343 10336
f 10336 10343 10344
f 10336 10344 10337
f 10337 10344 10345
f 10338 10346 10339
f 10339 10346 10347
f 10339 10347 10340
f 10340 10347 10348
f 10340 10348 10341
f 10341 10348 10349
f 10341 10349 10342
f 10342 10349 10350
f 10342 10350 10343
f 10343 10350 10351
f 10343 10351 10344
f 10344 10351 10352
f 10344 10352 10345
f 10345 10352 10353
f 10354 10360 10355
f 10355 10360 10361
f 10355 10361 10356
f 10356 10361 10362
f 10356 10362 10357
f 10357 10362 10363
f 10357 10363 10358
f 10358 10363 10364
f 10358 10364 10359
f 10359 10364 10365
f 10360 10366 10361
f 10361 10366 10367
f 10361 10367 10362
f 10362 10367 10368
f 10362 10368 10363
f 10363 10368 10369
f 10363 10369 10364
f 10364 10369 10370
f 10364 10370 10365
f 10365 10370 10371
f 10366 10372 10367
f 10367 10372 10373
f 10367 10373 10368
f 10368 10373 10374
f 10368 10374 10369
f 10369 10374 10375
f 10369 10375 10370
f 10370 10375 10376
f 10370 10376 10371
f 10371 10376 10377
f 10372 10378 10373
f 10373 10378 10379
f 10373 10379 10374
f 10374 10379 10380
f 10374 10380 10375
f 10375 10380 10381
f 10375 10381 10376
f 10376 10381 10382
f 10376 10382 10377
f 10377 10382 10383
f 10378 10384 10379
f 10379 10384 10385
f 10379 10385 10380
f 10380 10385 10386
f 10380 10386 10381
f 10381 10386 10387
f 10381 10387 10382
f 10382 10387 10388
f 10382 10388 10383
f 10383 10388 10389
f 10384 10390 10385
f 10385 10390 10391
f 10385 10391 10386
f 10386 10391 10392
f 10386 10392 10387
f 10387 10392 10393
f 10387 10393 10388
f 10388 10393 10394
f 10388 10394 10389
f 10389 10394 10395
f 10390 10396 10391
f 10391 10396 10397
f 10391 10397 10392
f 10392 10397 10398
f 10392 10398 10393
f 10393 10398 10399
f 10393 10399 10394
f 10394 10399 10400
f 10394 10400 10395
f 10395 10400 10401
f 10402 10408 10403
f 10403 10408 10409
f 10403 10409 10404
f 10404 10409 10410
f 10404 10410 10405
f 10405 10410 10411
f 10405 10411 10406
f 10406 10411 10412
f 10406 10412 10407
f 10407 10412 10413
f 10408 10414 10409
f 10409 10414 10415
f 10409 10415 10410
f 10410 10415 10416
f 10410 10416 10411
f 10411 10416 10417
f 10411 10417 10412
f 10412 10417 10418
f 10412 10418 10413
f 10413 10418 10419
f 10414 10420 10415
f 10415 10420 10421
f 10415 10421 10416
f 10416 10421 10422
f 10416 10422 10417
f 10417 10422 10423
f 10417 10423 10418
f 10418 10423 10424
f 10418 10424 10419
f 10419 10424 10425
f 10420 10426 10421
f 10421 10426 10427
f 10421 10427 10422
f 10422 10427 10428
f 10422 10428 10423
f 10423 10428 10429
f 10423 10429 10424
f 10424 10429 10430
f 10424 10430 10425
f 10425 10430 10431
f 10426 10432 10427
f 10427 10432 10433
f 10427 10433 10428
f 10428 10433 10434
f 10428 10434 10429
f 10429 10434 10435
f 10429 10435 10430
f 10430 10435 10436
f 10430 10436 10431
f 10431 10436 10437
f 10432 10438 10433
f 10433 10438 10439
f 10433 10439 10434
f 10434 10439 10440
f 10434 10440 10435
f 10435 10440 10441
f 10435 10441 10436
f 10436 10441 10442
f 10436 10442 10437
f 10437 10442 10443
f 10438 10444 10439
f 10439 10444 10445
f 10439 10445 10440
f 10440 10445 10446
f 10440 10446 10441
f 10441 10446 10447
f 10441 10447 10442
f 10442 10447 10448
f 10442 10448 10443
f 10443 10448 10449
f 10450 10456 10451
f 10451 10456 10457
f 10451 10457 10452
f 10452 10457 10458
f 10452 10458 10453
f 10453 10458 10459
f 10453 10459 10454
f 10454 10459 10460
f 10454 10460 10455
f 10455 10460 10461
f 10456 10462 10457
f 10457 10462 10463
f 10457 10463 10458
f 10458 10463 10464
f 10458 10464 10459
f 10459 10464 10465
f 10459 10465 10460
f 10460 10465 10466
f 10460 10466 10461
f 10461 10466 10467
f 10462 10468 10463
f 10463 10468 10469
f 10463 10469 10464
f 10464 10469 10470
f 10464 10470 10465
f 10465 10470 10471
f 10465 10471 10466
f 10466 10471 10472
f 10466 10472 10467
f 10467 10472 10473
f 10468 10474 10469
f 10469 10474 10475
f 10469 10475 10470
f 10470 10475 10476
f 10470 10476 10471
f 10471 10476 10477
f 10471 10477 10472
f 10472 10477 10478
f 10472 10478 10473
f 10473 10478 10479
f 10474 10480 10475
f 10475 10480 10481
f 10475 10481 10476
f 10476 10481 10482
f 10476 10482 10477
f 10477 10482 10483
f 10477 10483 10478
f 10478 10483 10484
f 10478 10484 10479
f 10479 10484 10485
f 10480 10486 10481
f 10481 10486 10487
f 10481 10487 10482
f 10482 10487 10488
f 10482 10488 10483
f 10483 10488 10489
f 10483 10489 10484
f 10484 10489 10490
f 10484 10490 10485
f 10485 10490 10491
f 10486 10492 10487
f 10487 10492 10493
f 10487 10493 10488
f 10488 10493 10494
f 10488 10494 10489
f 10489 10494 10495
f 10489 10495 10490
f 10490 10495 10496
f 10490 10496 10491
f 10491 10496 10497
f 10498 10506 10499
f 10499 10506 10507
f 10499 10507 10500
f 10500 10507 10508
f 10500 10508 10501
f 10501 10508 10509
f 10501 10509 10502
f 10502 10509 10510
f 10502 10510 10503
f 10503 10510 10511
f 10503 10511 10504
f 10504 10511 10512
f 10504 10512 10505
f 10505 10512 10513
f 10506 10514 10507
f 10507 10514 10515
f 10507 10515 10508
f 10508 10515 10516
f 10508 10516 10509
f 10509 10516 10517
f 10509 10517 10510
f 10510 10517 10518
f 10510 10518 10511
f 10511 10518 10519
f 10511 10519 10512
f 10512 10519 10520
f 10512 10520 10513
f 10513 10520 10521
f 10514 10522 10515
f 10515 10522 10523
f 10515 10523 10516
f 10516 10523 10524
f 10516 10524 10517
f 10517 10524 10525
f 10517 10525 10518
f 10518 10525 10526
f 10518 10526 10519
f 10519 10526 10527
f 10519 10527 10520
f 10520 10527 10528
f 10520 10528 10521
f 10521 10528 10529
f 10522 10530 10523
f 10523 10530 10531
f 10523 10531 10524
f 10524 10531 10532
f 10524 10532 10525
f 10525 10532 10533
f 10525 10533 10526
f 10526 10533 10534
f 10526 10534 10527
f 10527 10534 10535
f 10527 10535 10528
f 10528 10535 10536
f 10528 10536 10529
f 10529 10536 10537
f 10530 10538 10531
f 10531 10538 10539
f 10531 10539 10532
f 10532 10539 10540
f 10532 10540 10533
f 10533 10540 10541
f 10533 10541 10534
f 10534 10541 10542
f 10534 10542 10535
f 10535 10542 10543
f 10535 10543 10536
f 10536 10543 10544
f 10536 10544 10537
f 10537 10544 10545
f 10538 10546 10539
f 10539 10546 10547
f 10539 10547 10540
f 10540 10547 10548
f 10540 10548 10541
f 10541 10548 10549
f 10541 10549 10542
f 10542 10549 10550
f 10542 10550 10543
f 10543 10550 10551
f 10543 10551 10544
f 10544 10551 10552
f 10544 10552 10545
f 10545 10552 10553
f 10546 10554 10547
f 10547 10554 10555
f 10547 10555 10548
f 10548 10555 10556
f 10548 10556 10549
f 10549 10556 10557
f 10549 10557 10550
f 10550 10557 10558
f 10550 10558 10551
f 10551 10558 10559
f 10551 10559 10552
f 10552 10559 10560
f 10552 10560 10553
f 10553 10560 10561
f 10554 10562 10555
f 10555 10562 10563
f 10555 10563 10556
f 10556 10563 10564
f 10556 10564 10557
f 10557 10564 10565
f 10557 10565 10558
f 10558 10565 10566
f 10558 10566 10559
f 10559 10566 10567
f 10559 10567 10560
f 10560 10567 10568
f 10560 10568 10561
f 10561 10568 10569
f 10562 10570 10563
f 10563 10570 10571
f 10563 10571 10564
f 10564 10571 10572
f 10564 10572 10565
f 10565 10572 10573
f 10565 10573 10566
f 10566 10573 10574
f 10566 10574 10567
f 10567 10574 10575
f 10567 10575 10568
f 10568 10575 10576
f 10568 10576 10569
f 10569 10576 10577
f 10570 10578 10571
f 10571 10578 10579
f 10571 10579 10572
f 10572 10579 10580
f 10572 10580 10573
f 10573 10580 10581
f 10573 10581 10574
f 10574 10581 10582
f 10574 10582 10575
f 10575 10582 10583
f 10575 10583 10576
f 10576 10583 10584
f 10576 10584 10577
f 10577 10584 10585
f 10578 10586 10579
f 10579 10586 10587
f 10579 10587 10580
f 10580 10587 10588
f 10580 10588 10581
f 10581 10588 10589
f 10581 10589 10582
f 10582 10589 10590
f 10582 10590 10583
f 10583 10590 10591
f 10583 10591 10584
f 10584 10591 10592
f 10584 10592 10585
f 10585 10592 10593
f 10594 10600 10595
f 10595 10600 10601
f 10595 10601 10596
f 10596 10601 10602
f 10596 10602 10597
f 10597 10602 10603
f 10597 10603 10598
f 10598 10603 10604
f 10598 10604 10599
f 10599 10604 10605
f 10600 10606 10601
f 10601 10606 10607
f 10601 10607 10602
f 10602 10607 10608
f 10602 10608 10603
f 10603 10608 10609
f 10603 10609 10604
f 10604 10609 10610
f 10604 10610 10605
f 10605 10610 10611
f 10606 10612 10607
f 10607 10612 10613
f 10607 10613 10608
f 10608 10613 10614
f 10608 10614 10609
f 10609 10614 10615
f 10609 10615 10610
f 10610 10615 10616
f 10610 10616 10611
f 10611 10616 10617
f 10612 10618 10613
f 10613 10618 10619
f 10613 10619 10614
f 10614 10619 10620
f 10614 10620 10615
f 10615 10620 10621
f 10615 10621 10616
f 10616 10621 10622
f 10616 10622 10617
f 10617 10622 10623
f 10618 10624 10619
f 10619 10624 10625
f 10619 10625 10620
f 10620 10625 10626
f 10620 10626 10621
f 10621 10626 10627
f 10621 10627 10622
f 10622 10627 10628
f 10622 10628 10623
f 10623 10628 10629
f 10624 10630 10625
f 10625 10630 10631
f 10625 10631 10626
f 10626 10631 10632
f 10626 10632 10627
f 10627 10632 10633
f 10627 10633 10628
f 10628 10633 10634
f 10628 10634 10629
f 10629 10634 10635
f 10630 10636 10631
f 10631 10636 10637
f 10631 10637 10632
f 10632 10637 10638
f 10632 10638 10633
f 10633 10638 10639
f 10633 10639 10634
f 10634 10639 10640
f 10634 10640 10635
f 10635 10640 10641
f 10642 10648 10643
f 10643 10648 10649
f 10643 10649 10644
f 10644 10649 10650
f 10644 10650 10645
f 10645 10650 10651
f 10645 10651 10646
f 10646 10651 10652
f 10646 10652 10647
f 10647 10652 10653
f 10648 10654 10649
f 10649 10654 10655
f 10649 10655 10650
f 10650 10655 10656
f 10650 10656 10651
f 10651 10656 10657
f 10651 10657 10652
f 10652 10657 10658
f 10652 10658 10653
f 10653 10658 10659
f 10654 10660 10655
f 10655 10660 10661
f 10655 10661 10656
f 10656 10661 10662
f 10656 10662 10657
f 10657 10662 10663
f 10657 10663 10658
f 10658 10663 10664
f 10658 10664 10659
f 10659 10664 10665
f 10660 10666 10661
f 10661 10666 10667
f 10661 10667 10662
f 10662 10667 10668
f 10662 10668 10663
f 10663 10668 10669
f 10663 10669 10664
f 10664 10669 10670
f 10664 10670 10665
f 10665 10670 10671
f 10666 10672 10667
f 10667 10672 10673
f 10667 10673 10668
f 10668 10673 10674
f 10668 10674 10669
f 10669 10674 10675
f 10669 10675 10670
f 10670 10675 10676
f 10670 10676 10671
f 10671 10676 10677
f 10672 10678 10673
f 10673 10678 10679
f 10673 10679 10674
f 10674 10679 10680
f 10674 10680 10675
f 10675 10680 10681
f 10675 10681 10676
f 10676 10681 10682
f 10676 10682 10677
f 10677 10682 10683
f 10678 10684 10679
f 10679 10684 10685
f 10679 10685 10680
f 10680 10685 10686
f 10680 10686 10681
f 10681 10686 10687
f 10681 10687 10682
f 10682 10687 10688
f 10682 10688 10683
f 10683 10688 10689
f 10690 10696 10691
f 10691 10696 10697
f 10691 10697 10692
f 10692 10697 10698
f 10692 10698 10693
f 10693 10698 10699
f 10693 10699 10694
f 10694 10699 10700
f 10694 10700 10695
f 10695 10700 10701
f 10696 10702 10697
f 10697 10702 10703
f 10697 10703 10698
f 10698 10703 10704
f 10698 10704 10699
f 10699 10704 10705
f 10699 10705 10700
f 10700 10705 10706
f 10700 10706 10701
f 10701 10706 10707
f 10702 10708 10703
f 10703 10708 10709
f 10703 10709 10704
f 10704 10709 10710
f 10704 10710 10705
f 10705 10710 10711
f 10705 10711 10706
f 10706 10711 10712
f 10706 10712 10707
f 10707 10712 10713
f 10708 10714 10709
f 10709 10714 10715
f 10709 10715 10710
f 10710 10715 10716
f 10710 10716 10711
f 10711 10716 10717
f 10711 10717 10712
f 10712 10717 10718
f 10712 10718 10713
f 10713 10718 10719
f 10714 10720 10715
f 10715 10720 10721
f 10715 10721 10716
f 10716 10721 10722
f 10716 10722 10717
f 10717 10722 10723
f 10717 10723 10718
f 10718 10723 10724
f 10718 10724 10719
f 10719 10724 10725
f 10720 10726 10721
f 10721 10726 10727
f 10721 10727 10722
f 10722 10727 10728
f 10722 10728 10723
f 10723 10728 10729
f 10723 10729 10724
f 10724 10729 10730
f 10724 10730 10725
f 10725 10730 10731
f 10726 10732 10727
f 10727 10732 10733
f 10727 10733 10728
f 10728 10733 10734
f 10728 10734 10729
f 10729 10734 10735
f 10729 10735 10730
f 10730 10735 10736
f 10730 10736 10731
f 10731 10736 10737
f 10738 10747 10746
f 10739 10748 10747
f 10740 10749 10748
f 10741 10750 10749
f 10742 10751 10750
f 10743 10752 10751
f 10744 10753 10752
f 10747 10755 10746
f 10746 10755 10754
f 10748 10756 10747
f 10747 10756 10755
f 10749 10757 10748
f 10748 10757 10756
f 10750 10758 10749
f 10749 10758 10757
f 10751 10759 10750
f 10750 10759 10758
f 10752 10760 10751
f 10751 10760 10759
f 10753 10761 10752
f 10752 10761 10760
f 10755 10763 10754
f 10754 10763 10762
f 10756 10764 10755
f 10755 10764 10763
f 10757 10765 10756
f 10756 10765 10764
f 10758 10766 10757
f 10757 10766 10765
f 10759 10767 10758
f 10758 10767 10766
f 10760 10768 10759
f 10759 10768 10767
f 10761 10769 10760
f 10760 10769 10768
f 10763 10771 10762
f 10762 10771 10770
f 10764 10772 10763
f 10763 10772 10771
f 10765 10773 10764
f 10764 10773 10772
f 10766 10774 10765
f 10765 10774 10773
f 10767 10775 10766
f 10766 10775 10774
f 10768 10776 10767
f 10767 10776 10775
f 10769 10777 10768
f 10768 10777 10776
f 10771 10779 10770
f 10772 10780 10771
f 10773 10781 10772
f 10774 10782 10773
f 10775 10783 10774
f 10776 10784 10775
f 10777 10785 10776
f 10786 10795 10794
f 10787 10796 10795
f 10788 10797 10796
f 10789 10798 10797
f 10790 10799 10798
f 10791 10800 10799
f 10792 10801 10800
f 10795 10803 10794
f 10794 10803 10802
f 10796 10804 10795
f 10795 10804 10803
f 10797 10805 10796
f 10796 10805 10804
f 10798 10806 10797
f 10797 10806 10805
f 10799 10807 10798
f 10798 10807 10806
f 10800 10808 10799
f 10799 10808 10807
f 10801 10809 10800
f 10800 10809 10808
f 10803 10811 10802
f 10802 10811 10810
f 10804 10812 10803
f 10803 10812 10811
f 10805 10813 10804
f 10804 10813 10812
f 10806 10814 10805
f 10805 10814 10813
f 10807 10815 10806
f 10806 10815 10814
f 10808 10816 10807
f 10807 10816 10815
f 10809 10817 10808
f 10808 10817 10816
f 10811 10819 10810
f 10810 10819 10818
f 10812 10820 10811
f 10811 10820 10819
f 10813 10821 10812
f 10812 10821 10820
f 10814 10822 10813
f 10813 10822 10821
f 10815 10823 10814
f 10814 10823 10822
f 10816 10824 10815
f 10815 10824 10823
f 10817 10825 10816
f 10816 10825 10824
f 10819 10827 10818
f 10820 10828 10819
f 10821 10829 10820
f 10822 10830 10821
f 10823 10831 10822
f 10824 10832 10823
f 10825 10833 10824
f 10834 10843 10842
f 10835 10844 10843
f 10836 10845 10844
f 10837 10846 10845
f 10838 10847 10846
f 10839 10848 10847
f 10840 10849 10848
f 10843 10851 10842
f 10842 10851 10850
f 10844 10852 10843
f 10843 10852 10851
f 10845 10853 10844
f 10844 10853 10852
f 10846 10854 10845
f 10845 10854 10853
f 10847 10855 10846
f 10846 10855 10854
f 10848 10856 10847
f 10847 10856 10855
f 10849 10857 10848
f 10848 10857 10856
f 10851 10859 10850
f 10850 10859 10858
f 10852 10860 10851
f 10851 10860 10859
f 10853 10861 10852
f 10852 10861 10860
f 10854 10862 10853
f 10853 10862 10861
f 10855 10863 10854
f 10854 10863 10862
f 10856 10864 10855
f 10855 10864 10863
f 10857 10865 10856
f 10856 10865 10864
f 10859 10867 10858
f 10858 10867 10866
f 10860 10868 10859
f 10859 10868 10867
f 10861 10869 10860
f 10860 10869 10868
f 10862 10870 10861
f 10861 10870 10869
f 10863 10871 10862
f 10862 10871 10870
f 10864 10872 10863
f 10863 10872 10871
f 10865 10873 10864
f 10864 10873 10872
f 10867 10875 10866
f 10868 10876 10867
f 10869 10877 10868
f 10870 10878 10869
f 10871 10879 10870
f 10872 10880 10871
f 10873 10881 10872
f 10882 10884 10883
f 10885 10887 10886
f 10888 10890 10889
f 10891 10893 10892
f 10894 10896 10895
f 10897 10899 10898
f 10900 10902 10901
f 10903 10905 10904
f 10906 10908 10907
f 10909 10911 10910
f 10912 10914 10913
f 10915 10917 10916
f 10918 10920 10919
f 10921 10923 10922
f 10924 10926 10925
f 10927 10929 10928
f 10930 10932 10931
f 10933 10935 10934
f 10936 10938 10937
f 10939 10941 10940
f 10942 10944 10943
f 10945 10947 10946
f 10948 10950 10949
f 10951 10953 10952
f 10954 10956 10955
f 10957 10959 10958
f 10960 10962 10961
f 10963 10965 10964
f 10966 10968 10967
f 10969 10971 10970
f 10972 10974 10973
f 10975 10977 10976
f 10978 10980 10979
f 10981 10983 10982
f 10984 10986 10985
f 10987 10989 10988
f 10990 10992 10991
f 10993 10995 10994
f 10996 10998 10997
f 10999 11001 11000
f 11002 11004 11003
f 11005 11007 11006
f 11008 11010 11009
f 11011 11013 11012
f 11014 11016 11015
f 11017 11019 11018
f 11020 11022 11021
f 11023 11025 11024
f 11026 11028 11027
f 11029 11031 11030
f 11032 11034 11033
f 11035 11037 11036
f 11038 11040 11039
f 11041 11043 11042
f 11044 11046 11045
f 11047 11049 11048
f 11050 11052 11051
f 11053 11055 11054
f 11056 11058 11057
f 11059 11061 11060
f 11062 11064 11063
f 11065 11067 11066
f 11068 11070 11069
f 11071 11073 11072
f 11074 11076 11075
f 11077 11079 11078
f 11080 11082 11081
f 11083 11085 11084
f 11086 11088 11087
f 11089 11091 11090
f 11092 11094 11093
f 11095 11097 11096
f 11098 11100 11099
f 11101 11103 11102
f 11104 11106 11105
f 11107 11109 11108
f 11110 11112 11111
f 11113 11115 11114
f 11116 11118 11117
f 11119 11121 11120
f 11122 11124 11123
f 11125 11127 11126
f 11128 11130 11129
f 11131 11133 11132
f 11134 11136 11135
f 11137 11139 11138
f 11140 11142 11141
f 11143 11145 11144
f 11146 11148 11147
f 11149 11151 11150
f 11152 11154 11153
f 11155 11157 11156
f 11158 11160 11159
f 11161 11163 11162
f 11164 11166 11165
f 11167 11169 11168
f 11170 11172 11171
f 11173 11175 11174
f 11176 11178 11177
f 11179 11181 11180
f 11182 11184 11183
f 11185 11187 11186
f 11188 11190 11189
f 11191 11193 11192
f 11194 11196 11195
f 11197 11199 11198
f 11200 11202 11201
f 11203 11205 11204
f 11206 11208 11207
f 11209 11211 11210
f 11212 11214 11213
f 11215 11217 11216
f 11218 11220 11219
f 11221 11223 11222
f 11224 11226 11225
f 11227 11229 11228
f 11230 11232 11231
f 11233 11235 11234
f 11236 11238 11237
f 11239 11241 11240
f 11242 11244 11243
f 11245 11247 11246
f 11248 11250 11249
f 11251 11253 11252
f 11254 11256 11255
f 11257 11259 11258
f 11260 11262 11261
f 11263 11265 11264
f 11266 11268 11267
f 11269 11271 11270
f 11272 11274 11273
f 11275 11277 11276
f 11278 11280 11279
f 11281 11283 11282
f 11284 11286 11285
f 11287 11289 11288
f 11290 11292 11291
f 11293 11295 11294
f 11296 11298 11297
f 11299 11301 11300
f 11302 11304 11303
f 11305 11307 11306
f 11308 11310 11309
f 11311 11313 11312
f 11314 11316 11315
f 11317 11319 11318
f 11320 11322 11321
f 11323 11325 11324
f 11326 11328 11327
f 11329 11331 11330
f 11332 11334 11333
f 11335 11337 11336
f 11338 11340 11339
f 11341 11343 11342
f 11344 11346 11345
f 11347 11349 11348
f 11350 11352 11351
f 11353 11355 11354
f 11356 11358 11357
f 11359 11361 11360
f 11362 11364 11363
f 11365 11367 11366
f 11368 11370 11369
f 11371 11373 11372
f 11374 11376 11375
f 11377 11379 11378
f 11380 11382 11381
f 11383 11385 11384
f 11386 11388 11387
f 11389 11391 11390
f 11392 11394 11393
f 11395 11397 11396
f 11398 11400 11399
f 11401 11403 11402
f 11404 11406 11405
f 11407 11409 11408
f 11410 11412 11411
f 11413 11415 11414
f 11416 11418 11417
f 11419 11421 11420
f 11422 11424 11423
f 11425 11427 11426
f 11428 11430 11429
f 11431 11433 11432
f 11434 11436 11435
f 11437 11439 11438
f 11440 11442 11441
f 11443 11445 11444
f 11446 11448 11447
f 11449 11451 11450
f 11452 11454 11453
f 11455 11457 11456
f 11458 11460 11459
f 11461 11463 11462
f 11464 11466 11465
f 11467 11469 11468
f 11470 11472 11471
f 11473 11475 11474
f 11476 11478 11477
f 11479 11481 11480
f 11482 11484 11483
f 11485 11487 11486
f 11488 11490 11489
f 11491 11493 11492
f 11494 11496 11495
f 11497 11499 11498
f 11500 11502 11501
f 11503 11505 11504
f 11506 11508 11507
f 11509 11511 11510
f 11512 11514 11513
f 11515 11517 11516
f 11518 11520 11519
f 11521 11523 11522
f 11524 11526 11525
f 11527 11529 11528
f 11530 11532 11531
f 11533 11535 11534
f 11536 11538 11537
f 11539 11541 11540
f 11542 11544 11543
f 11545 11547 11546
f 11548 11550 11549
f 11551 11553 11552
f 11554 11556 11555
f 11557 11559 11558
f 11560 11562 11561
f 11563 11565 11564
f 11566 11568 11567
f 11569 11571 11570
f 11572 11574 11573
f 11575 11577 11576
f 11578 11580 11579
f 11581 11583 11582
f 11584 11586 11585
f 11587 11589 11588
f 11590 11592 11591
f 11593 11595 11594
f 11596 11598 11597
f 11599 11601 11600
f 11602 11604 11603
f 11605 11607 11606
f 11608 11610 11609
f 11611 11613 11612
f 11614 11616 11615
f 11617 11619 11618
f 11620 11622 11621
f 11623 11625 11624
f 11626 11628 11627
f 11629 11631 11630
f 11632 11634 11633
f 11635 11637 11636
f 11638 11640 11639
f 11641 11643 11642
f 11644 11646 11645
f 11647 11649 11648
f 11650 11652 11651
f 11653 11655 11654
f 11656 11658 11657
f 11659 11661 11660
f 11662 11664 11663
f 11665 11667 11666
f 11668 11670 11669
f 11671 11673 11672
f 11674 11676 11675
f 11677 11679 11678
f 11680 11682 11681
f 11683 11685 11684
f 11686 11688 11687
f 11689 11691 11690
f 11692 11694 11693
f 11695 11697 11696
f 11698 11700 11699
f 11701 11703 11702
f 11704 11706 11705
f 11707 11709 11708
f 11710 11712 11711
f 11713 11715 11714
f 11716 11718 11717
f 11719 11721 11720
f 11722 11724 11723
f 11725 11727 11726
f 11728 11730 11729
f 11731 11733 11732
f 11734 11736 11735
f 11737 11739 11738
f 11740 11742 11741
f 11743 11745 11744
f 11746 11748 11747
f 11749 11751 11750
f 11752 11754 11753
f 11755 11757 11756
f 11758 11760 11759
f 11761 11763 11762
f 11764 11766 11765
f 11767 11769 11768
f 11770 11772 11771
f 11773 11775 11774
f 11776 11778 11777
f 11779 11781 11780
f 11782 11791 11790
f 11783 11792 11791
f 11784 11793 11792
f 11785 11794 11793
f 11786 11795 11794
f 11787 11796 11795
f 11788 11797 11796
f 11791 11799 11790
f 11790 11799 11798
f 11792 11800 11791
f 11791 11800 11799
f 11793 11801 11792
f 11792 11801 11800
f 11794 11802 11793
f 11793 11802 11801
f 11795 11803 11794
f 11794 11803 11802
f 11796 11804 11795
f 11795 11804 11803
f 11797 11805 11796
f 11796 11805 11804
f 11799 11807 11798
f 11798 11807 11806
f 11800 11808 11799
f 11799 11808 11807
f 11801 11809 11800
f 11800 11809 11808
f 11802 11810 11801
f 11801 11810 11809
f 11803 11811 11802
f 11802 11811 11810
f 11804 11812 11803
f 11803 11812 11811
f 11805 11813 11804
f 11804 11813 11812
f 11807 11815 11806
f 11806 11815 11814
f 11808 11816 11807
f 11807 11816 11815
f 11809 11817 11808
f 11808 11817 11816
f 11810 11818 11809
f 11809 11818 11817
f 11811 11819 11810
f 11810 11819 11818
f 11812 11820 11811
f 11811 11820 11819
f 11813 11821 11812
f 11812 11821 11820
f 11815 11823 11814
f 11816 11824 11815
f 11817 11825 11816
f 11818 11826 11817
f 11819 11827 11818
f 11820 11828 11819
f 11821 11829 11820
f 11830 11832 11831
f 11833 11835 11834
f 11836 11838 11837
f 11839 11841 11840
f 11842 11844 11843
f 11845 11847 11846
f 11848 11850 11849
f 11851 11853 11852
f 11854 11856 11855
f 11857 11859 11858
f 11860 11862 11861
f 11863 11865 11864
f 11866 11868 11867
f 11869 11871 11870
f 11872 11874 11873
f 11875 11877 11876
f 11878 11880 11879
f 11881 11883 11882
f 11884 11886 11885
f 11887 11889 11888
f 11890 11892 11891
f 11893 11895 11894
f 11896 11898 11897
f 11899 11901 11900
f 11902 11904 11903
f 11905 11907 11906
f 11908 11910 11909
f 11911 11913 11912
f 11914 11916 11915
f 11917 11919 11918
f 11920 11922 11921
f 11923 11925 11924
f 11926 11928 11927
f 11929 11931 11930
f 11932 11934 11933
f 11935 11937 11936
f 11938 11940 11939
f 11941 11943 11942
f 11944 11946 11945
f 11947 11949 11948
f 11950 11952 11951
f 11953 11955 11954
f 11956 11958 11957
f 11959 11961 11960
f 11962 11964 11963
f 11965 11967 11966
f 11968 11970 11969
f 11971 11973 11972
f 11974 11976 11975
f 11977 11979 11978
f 11980 11982 11981
f 11983 11985 11984
f 11986 11988 11987
f 11989 11991 11990
f 11992 11994 11993
f 11995 11997 11996
f 11998 12000 11999
f 12001 12003 12002
f 12004 12006 12005
f 12007 12009 12008
f 12010 12012 12011
f 12013 12015 12014
f 12016 12018 12017
f 12019 12021 12020
f 12022 12024 12023
f 12025 12027 12026
f 12028 12030 12029
f 12031 12033 12032
f 12034 12036 12035
f 12037 12039 12038
f 12040 12042 12041
f 12043 12045 12044
f 12046 12048 12047
f 12049 12051 12050
f 12052 12054 12053
f 12055 12057 12056
f 12058 12060 12059
f 12061 12063 12062
f 12064 12066 12065
f 12067 12069 12068
f 12070 12072 12071
f 12073 12075 12074
f 12076 12078 12077
f 12079 12081 12080
f 12082 12084 12083
f 12085 12087 12086
f 12088 12090 12089
f 12091 12093 12092
f 12094 12096 12095
f 12097 12099 12098
f 12100 12102 12101
f 12103 12105 12104
f 12106 12108 12107
f 12109 12111 12110
f 12112 12114 12113
f 12115 12117 12116
f 12118 12120 12119
f 12121 12123 12122
f 12124 12126 12125
f 12127 12129 12128
f 12130 12132 12131
f 12133 12135 12134
f 12136 12138 12137
f 12139 12141 12140
f 12142 12144 12143
f 12145 12147 12146
f 12148 12150 12149
f 12151 12153 12152
f 12154 12156 12155
f 12157 12159 12158
f 12160 12162 12161
f 12163 12165 12164
f 12166 12168 12167
f 12169 12171 12170
f 12172 12174 12173
f 12175 12177 12176
f 12178 12180 12179
f 12181 12183 12182
f 12184 12186 12185
f 12187 12189 12188
f 12190 12192 12191
f 12193 12195 12194
f 12196 12198 12197
f 12199 12201 12200
f 12202 12204 12203
f 12205 12207 12206
f 12208 12210 12209
f 12211 12213 12212
f 12214 12216 12215
f 12217 12219 12218
f 12220 12222 12221
f 12223 12225 12224
f 12226 12228 12227
f 12229 12231 12230
f 12232 12234 12233
f 12235 12237 12236
f 12238 12240 12239
f 12241 12243 12242
f 12244 12246 12245
f 12247 12249 12248
f 12250 12252 12251
f 12253 12255 12254
f 12256 12258 12257
f 12259 12261 12260
f 12262 12264 12263
f 12265 12267 12266
f 12268 12270 12269
f 12271 12273 12272
f 12274 12276 12275
f 12277 12279 12278
f 12280 12282 12281
f 12283 12285 12284
f 12286 12288 12287
f 12289 12291 12290
f 12292 12294 12293
f 12295 12297 12296
f 12298 12300 12299
f 12301 12303 12302
f 12304 12306 12305
f 12307 12309 12308
f 12310 12312 12311
f 12313 12315 12314
f 12316 12318 12317
f 12319 12321 12320
f 12322 12324 12323
f 12325 12327 12326
f 12328 12330 12329
f 12331 12333 12332
f 12334 12336 12335
f 12337 12339 12338
f 12340 12342 12341
f 12343 12345 12344
f 12346 12348 12347
f 12349 12351 12350
f 12352 12354 12353
f 12355 12357 12356
f 12358 12360 12359
f 12361 12363 12362
f 12364 12366 12365
f 12367 12369 12368
f 12370 12372 12371
f 12373 12375 12374
f 12376 12378 12377
f 12379 12381 12380
f 12382 12384 12383
f 12385 12387 12386
f 12388 12390 12389
f 12391 12393 12392
f 12394 12396 12395
f 12397 12399 12398
f 12400 12402 12401
f 12403 12405 12404
f 12406 12408 12407
f 12409 12411 12410
f 12412 12414 12413
f 12415 12417 12416
f 12418 12420 12419
f 12421 12423 12422
f 12424 12426 12425
f 12427 12429 12428
f 12430 12432 12431
f 12433 12435 12434
f 12436 12438 12437
f 12439 12441 12440
f 12442 12444 12443
f 12445 12447 12446
f 12448 12450 12449
f 12451 12453 12452
f 12454 12456 12455
f 12457 12459 12458
f 12460 12462 12461
f 12463 12465 12464
f 12466 12468 12467
f 12469 12471 12470
f 12472 12474 12473
f 12475 12477 12476
f 12478 12480 12479
f 12481 12483 12482
f 12484 12486 12485
f 12487 12489 12488
f 12490 12492 12491
f 12493 12495 12494
f 12496 12498 12497
f 12499 12501 12500
f 12502 12504 12503
f 12505 12507 12506
f 12508 12510 12509
f 12511 12513 12512
f 12514 12516 12515
f 12517 12519 12518
f 12520 12522 12521
f 12523 12525 12524
f 12526 12528 12527
f 12529 12531 12530
f 12532 12534 12533
f 12535 12537 12536
f 12538 12540 12539
f 12541 12543 12542
f 12544 12546 12545
f 12547 12549 12548
f 12550 12552 12551
f 12553 12555 12554
f 12556 12558 12557
f 12559 12561 12560
f 12562 12564 12563
f 12565 12567 12566
f 12568 12570 12569
f 12571 12573 12572
f 12574 12576 12575
f 12577 12579 12578
f 12580 12582 12581
f 12583 12585 12584
f 12586 12588 12587
f 12589 12591 12590
f 12592 12594 12593
f 12595 12597 12596
f 12598 12600 12599
f 12601 12603 12602
f 12604 12606 12605
f 12607 12609 12608
f 12610 12612 12611
f 12613 12615 12614
f 12616 12618 12617
f 12619 12621 12620
f 12622 12624 12623
f 12625 12627 12626
f 12628 12630 12629
f 12631 12633 12632
f 12634 12636 12635
f 12637 12639 12638
f 12640 12642 12641
f 12643 12645 12644
f 12646 12648 12647
f 12649 12651 12650
f 12652 12654 12653
f 12655 12657 12656
f 12658 12660 12659
f 12661 12663 12662
f 12664 12666 12665
f 12667 12669 12668
f 12670 12672 12671
f 12673 12675 12674
f 12676 12678 12677
f 12679 12681 12680
f 12682 12684 12683
f 12685 12687 12686
f 12688 12690 12689
f 12691 12693 12692
f 12694 12696 12695
f 12697 12699 12698
f 12700 12702 12701
f 12703 12705 12704
f 12706 12708 12707
f 12709 12711 12710
f 12712 12714 12713
f 12715 12717 12716
f 12718 12720 12719
f 12721 12723 12722
f 12724 12726 12725
f 12727 12729 12728
f 12736 12731 12737
f 12737 12732 12738
f 12738 12733 12739
f 12739 12734 12740
f 12740 12735 12741
f 12748 12742 12747
f 12749 12743 12748
f 12750 12744 12749
f 12751 12745 12750
f 12752 12746 12751
f 12759 12754 12760
f 12760 12755 12761
f 12761 12756 12762
f 12762 12757 12763
f 12763 12758 12764
f 12771 12765 12770
f 12772 12766 12771
f 12773 12767 12772
f 12774 12768 12773
f 12775 12769 12774
f 12782 12777 12783
f 12783 12778 12784
f 12784 12779 12785
f 12785 12780 12786
f 12786 12781 12787
f 12794 12788 12793
f 12795 12789 12794
f 12796 12790 12795
f 12797 12791 12796
f 12798 12792 12797
f 12805 12800 12806
f 12806 12801 12807
f 12807 12802 12808
f 12808 12803 12809
f 12809 12804 12810
f 12817 12811 12816
f 12818 12812 12817
f 12819 12813 12818
f 12820 12814 12819
f 12821 12815 12820
f 12828 12823 12829
f 12829 12824 12830
f 12830 12825 12831
f 12831 12826 12832
f 12832 12827 12833
f 12840 12834 12839
f 12841 12835 12840
f 12842 12836 12841
f 12843 12837 12842
f 12844 12838 12843
f 12851 12846 12852
f 12852 12847 12853
f 12853 12848 12854
f 12854 12849 12855
f 12855 12850 12856
f 12863 12857 12862
f 12864 12858 12863
f 12865 12859 12864
f 12866 12860 12865
f 12867 12861 12866
f 12874 12869 12875
f 12875 12870 12876
f 12876 12871 12877
f 12877 12872 12878
f 12878 12873 12879
f 12886 12880 12885
f 12887 12881 12886
f 12888 12882 12887
f 12889 12883 12888
f 12890 12884 12889
v -0.15011 1.50528 0.03858 0.65837 0.39157 0.14413
v -0.15099 1.50312 0.03947 0.65837 0.39157 0.14413
v -0.15099 1.50617 0.03642 0.65837 0.39157 0.14413
v -0.15099 1.50312 0.03947 0.65837 0.39157 0.14413
v -0.15225 1.50396 0.03726 0.65837 0.39157 0.14413
v -0.15099 1.50617 0.03642 0.65837 0.39157 0.14413
v -0.15099 1.50617 0.03642 0.65837 0.39157 0.14413
v -0.15225 1.50396 0.03726 0.65837 0.39157 0.14413
v -0.15169 1.50686 0.03361 0.65837 0.39157 0.14413
v -0.15225 1.50396 0.03726 0.65837 0.39157 0.14413
v -0.15331 1.50467 0.03415 0.65837 0.39157 0.14413
v -0.15169 1.50686 0.03361 0.65837 0.39157 0.14413
v -0.15169 1.50686 0.03361 0.65837 0.39157 0.14413
v -0.15331 1.50467 0.03415 0.65837 0.39157 0.14413
v -0.15196 1.50713 0.03034 0.65837 0.39157 0.14413
v -0.15331 1.50467 0.03415 0.65837 0.39157 0.14413
v -0.15374 1.50495 0.03034 0.65837 0.39157 0.14413
v -0.15196 1.50713 0.03034 0.65837 0.39157 0.14413
v -0.15196 1.50713 0.03034 0.65837 0.39157 0.14413
v -0.15374 1.50495 0.03034 0.65837 0.39157 0.14413
v -0.15196 1.50713 -0.03034 0.65837 0.39157 0.14413
v -0.15374 1.50495 0.03034 0.65837 0.39157 0.14413
v -0.15374 1.50495 -0.03034 0.65837 0.39157 0.14413
v -0.15196 1.50713 -0.03034 0.65837 0.39157 0.14413
v -0.15196 1.50713 -0.03034 0.65837 0.39157 0.14413
v -0.15374 1.50495 -0.03034 0.65837 0.39157 0.14413
v -0.15169 1.50686 -0.03361 0.65837 0.39157 0.14413
v -0.15374 1.50495 -0.03034 0.65837 0.39157 0.14413
v -0.15331 1.50467 -0.03415 0.65837 0.39157 0.14413
v -0.15169 1.50686 -0.03361 0.65837 0.39157 0.14413
v -0.15169 1.50686 -0.03361 0.65837 0.39157 0.14413
v -0.15331 1.50467 -0.03415 0.65837 0.39157 0.14413
v -0.15099 1.50617 -0.03642 0.65837 0.39157 0.14413
v -0.15331 1.50467 -0.03415 0.65837 0.39157 0.14413
v -0.15225 1.50396 -0.03726 0.65837 0.39157 0.14413
v -0.15099 1.50617 -0.03642 0.65837 0.39157 0.14413
v -0.15099 1.50617 -0.03642 0.65837 0.39157 0.14413
v -0.15225 1.50396 -0.03726 0.65837 0.39157 0.14413
v -0.15011 1.50528 -0.03858 0.65837 0.39157 0.14413
v -0.15225 1.50396 -0.03726 0.65837 0.39157 0.14413
v -0.15099 1.50312 -0.03947 0.65837 0.39157 0.14413
v -0.15011 1.50528 -0.03858 0.65837 0.39157 0.14413
v -0.15099 1.50312 0.03947 0.65837 0.39157 0.14413
v -0.15169 1.50031 0.04016 0.65837 0.39157 0.14413
v -0.15225 1.50396 0.03726 0.65837 0.39157 0.14413
v -0.15169 1.50031 0.04016 0.65837 0.39157 0.14413
v -0.15331 1.50085 0.03797 0.65837 0.39157 0.14413
v -0.15225 1.50396 0.03726 0.65837 0.39157 0.14413
v -0.15225 1.50396 0.03726 0.65837 0.39157 0.14413
v -0.15331 1.50085 0.03797 0.65837 0.39157 0.14413
v -0.15331 1.50467 0.03415 0.65837 0.39157 0.14413
v -0.15331 1.50085 0.03797 0.65837 0.39157 0.14413
v -0.15478 1.50134 0.03464 0.65837 0.39157 0.14413
v -0.15331 1.50467 0.03415 0.65837 0.39157 0.14413
v -0.15331 1.50467 0.03415 0.65837 0.39157 0.14413
v -0.15478 1.50134 0.03464 0.65837 0.39157 0.14413
v -0.15374 1.50495 0.03034 0.65837 0.39157 0.14413
v -0.15478 1.50134 0.03464 0.65837 0.39157 0.14413
v -0.15541 1.50155 0.03034 0.65837 0.39157 0.14413
v -0.15374 1.50495 0.03034 0.65837 0.39157 0.14413
v -0.15374 1.50495 0.03034 0.65837 0.39157 0.14413
v -0.15541 1.50155 0.03034 0.65837 0.39157 0.14413
v -0.15374 1.50495 -0.03034 0.65837 0.39157 0.14413
v -0.15541 1.50155 0.03034 0.65837 0.39157 0.14413
v -0.15541 1.50155 -0.03034 0.65837 0.39157 0.14413
v -0.15374 1.50495 -0.03034 0.65837 0.39157 0.14413
v -0.15374 1.50495 -0.03034 0.65837 0.39157 0.14413
v -0.15541 1.50155 -0.03034 0.65837 0.39157 0.14413
v -0.15331 1.50467 -0.03415 0.65837 0.39157 0.14413
v -0.15541 1.50155 -0.03034 0.65837 0.39157 0.14413
v -0.15478 1.50134 -0.03464 0.65837 0.39157 0.14413
v -0.15331 1.50467 -0.03415 0.65837 0.39157 0.14413
v -0.15331 1.50467 -0.03415 0.65837 0.39157 0.14413
v -0.15478 1.50134 -0.03464 0.65837 0.39157 0.14413
v -0.15225 1.50396 -0.03726 0.65837 0.39157 0.14413
v -0.15478 1.50134 -0.03464 0.65837 0.39157 0.14413
v -0.15331 1.50085 -0.03797 0.65837 0.39157 0.14413
v -0.15225 1.50396 -0.03726 0.65837 0.39157 0.14413
v -0.15225 1.50396 -0.03726 0.65837 0.39157 0.14413
v -0.15331 1.50085 -0.03797 0.65837 0.39157 0.14413
v -0.15099 1.50312 -0.03947 0.65837 0.39157 0.14413
v -0.15331 1.50085 -0.03797 0.65837 0.39157 0.14413
v -0.15169 1.50031 -0.04016 0.65837 0.39157 0.14413
v -0.15099 1.50312 -0.03947 0.65837 0.39157 0.14413
v -0.15169 1.50031 0.04016 0.65837 0.39157 0.14413
v -0.15196 1.49704 0.04043 0.65837 0.39157 0.14413
v -0.15331 1.50085 0.03797 0.65837 0.39157 0.14413
v -0.15196 1.49704 0.04043 0.65837 0.39157 0.14413
v -0.15374 1.49704 0.03825 0.65837 0.39157 0.14413
v -0.15331 1.50085 0.03797 0.65837 0.39157 0.14413
v -0.15331 1.50085 0.03797 0.65837 0.39157 0.14413
v -0.15374 1.49704 0.03825 0.65837 0.39157 0.14413
v -0.15478 1.50134 0.03464 0.65837 0.39157 0.14413
v -0.15374 1.49704 0.03825 0.65837 0.39157 0.14413
v -0.15541 1.49704 0.03485 0.65837 0.39157 0.14413
v -0.15478 1.50134 0.03464 0.65837 0.39157 0.14413
v -0.15478 1.50134 0.03464 0.65837 0.39157 0.14413
v -0.15541 1.49704 0.03485 0.65837 0.39157 0.14413
v -0.15541 1.50155 0.03034 0.65837 0.39157 0.14413
v -0.15541 1.49704 0.03485 0.65837 0.39157 0.14413
v -0.15614 1.49704 0.03034 0.65837 0.39157 0.14413
v -0.15541 1.50155 0.03034 0.65837 0.39157 0.14413
v -0.15541 1.50155 0.03034 0.65837 0.39157 0.14413
v -0.15614 1.49704 0.03034 0.65837 0.39157 0.14413
v -0.15541 1.50155 -0.03034 0.65837 0.39157 0.14413
v -0.15614 1.49704 0.03034 0.65837 0.39157 0.14413
v -0.15614 1.49704 -0.03034 0.65837 0.39157 0.14413
v -0.15541 1.50155 -0.03034 0.65837 0.39157 0.14413
v -0.15541 1.50155 -0.03034 0.65837 0.39157 0.14413
v -0.15614 1.49704 -0.03034 0.65837 0.39157 0.14413
v -0.15478 1.50134 -0.03464 0.65837 0.39157 0.14413
v -0.15614 1.49704 -0.03034 0.65837 0.39157 0.14413
v -0.15541 1.49704 -0.03485 0.65837 0.39157 0.14413
v -0.15478 1.50134 -0.03464 0.65837 0.39157 0.14413
v -0.15478 1.50134 -0.03464 0.65837 0.39157 0.14413
v -0.15541 1.49704 -0.03485 0.65837 0.39157 0.14413
v -0.15331 1.50085 -0.03797 0.65837 0.39157 0.14413
v -0.15541 1.49704 -0.03485 0.65837 0.39157 0.14413
v -0.15374 1.49704 -0.03825 0.65837 0.39157 0.14413
v -0.15331 1.50085 -0.03797 0.65837 0.39157 0.14413
v -0.15331 1.50085 -0.03797 0.65837 0.39157 0.14413
v -0.15374 1.49704 -0.03825 0.65837 0.39157 0.14413
v -0.15169 1.50031 -0.04016 0.65837 0.39157 0.14413
v -0.15374 1.49704 -0.03825 0.65837 0.39157 0.14413
v -0.15196 1.49704 -0.04043 0.65837 0.39157 0.14413
v -0.15169 1.50031 -0.04016 0.65837 0.39157 0.14413
v -0.15196 1.49704 0.04043 0.65837 0.39157 0.14413
v -0.15196 1.11665 0.04043 0.65837 0.39157 0.14413
v -0.15374 1.49704 0.03825 0.65837 0.39157 0.14413
v -0.15196 1.11665 0.04043 0.65837 0.39157 0.14413
v -0.15374 1.11665 0.03825 0.65837 0.39157 0.14413
v -0.15374 1.49704 0.03825 0.65837 0.39157 0.14413
v -0.15374 1.49704 0.03825 0.65837 0.39157 0.14413
v -0.15374 1.11665 0.03825 0.65837 0.39157 0.14413
v -0.15541 1.49704 0.03485 0.65837 0.39157 0.14413
v -0.15374 1.11665 0.03825 0.65837 0.39157 0.14413
v -0.15541 1.11665 0.03485 0.65837 0.39157 0.14413
v -0.15541 1.49704 0.03485 0.65837 0.39157 0.14413
v -0.15541 1.49704 0.03485 0.65837 0.39157 0.14413
v -0.15541 1.11665 0.03485 0.65837 0.39157 0.14413
v -0.15614 1.49704 0.03034 0.65837 0.39157 0.14413
v -0.15541 1.11665 0.03485 0.65837 0.39157 0.14413
v -0.15614 1.11665 0.03034 0.65837 0.39157 0.14413
v -0.15614 1.49704 0.03034 0.65837 0.39157 0.14413
v -0.15614 1.49704 0.03034 0.65837 0.39157 0.14413
v -0.15614 1.11665 0.03034 0.65837 0.39157 0.14413
v -0.15614 1.49704 -0.03034 0.65837 0.39157 0.14413
v -0.15614 1.11665 0.03034 0.65837 0.39157 0.14413
v -0.15614 1.11665 -0.03034 0.65837 0.39157 0.14413
v -0.15614 1.49704 -0.03034 0.65837 0.39157 0.14413
v -0.15614 1.49704 -0.03034 0.65837 0.39157 0.14413
v -0.15614 1.11665 -0.03034 0.65837 0.39157 0.14413
v -0.15541 1.49704 -0.03485 0.65837 0.39157 0.14413
v -0.15614 1.11665 -0.03034 0.65837 0.39157 0.14413
v -0.15541 1.11665 -0.03485 0.65837 0.39157 0.14413
v -0.15541 1.49704 -0.03485 0.65837 0.39157 0.14413
v -0.15541 1.49704 -0.03485 0.65837 0.39157 0.14413
v -0.15541 1.11665 -0.03485 0.65837 0.39157 0.14413
v -0.15374 1.49704 -0.03825 0.65837 0.39157 0.14413
v -0.15541 1.11665 -0.03485 0.65837 0.39157 0.14413
v -0.15374 1.11665 -0.03825 0.65837 0.39157 0.14413
v -0.15374 1.49704 -0.03825 0.65837 0.39157 0.14413
v -0.15374 1.49704 -0.03825 0.65837 0.39157 0.14413
v -0.15374 1.11665 -0.03825 0.65837 0.39157 0.14413
v -0.15196 1.49704 -0.04043 0.65837 0.39157 0.14413
v -0.15374 1.11665 -0.03825 0.65837 0.39157 0.14413
v -0.15196 1.11665 -0.04043 0.65837 0.39157 0.14413
v -0.15196 1.49704 -0.04043 0.65837 0.39157 0.14413
v -0.15196 1.11665 0.04043 0.65837 0.39157 0.14413
v -0.15169 1.11338 0.04016 0.65837 0.39157 0.14413
v -0.15374 1.11665 0.03825 0.65837 0.39157 0.14413
v -0.15169 1.11338 0.04016 0.65837 0.39157 0.14413
v -0.15331 1.11284 0.03797 0.65837 0.39157 0.14413
v -0.15374 1.11665 0.03825 0.65837 0.39157 0.14413
v -0.15374 1.11665 0.03825 0.65837 0.39157 0.14413
v -0.15331 1.11284 0.03797 0.65837 0.39157 0.14413
v -0.15541 1.11665 0.03485 0.65837 0.39157 0.14413
v -0.15331 1.11284 0.03797 0.65837 0.39157 0.14413
v -0.15478 1.11235 0.03464 0.65837 0.39157 0.14413
v -0.15541 1.11665 0.03485 0.65837 0.39157 0.14413
v -0.15541 1.11665 0.03485 0.65837 0.39157 0.14413
v -0.15478 1.11235 0.03464 0.65837 0.39157 0.14413
v -0.15614 1.11665 0.03034 0.65837 0.39157 0.14413
v -0.15478 1.11235 0.03464 0.65837 0.39157 0.14413
v -0.15541 1.11214 0.03034 0.65837 0.39157 0.14413
v -0.15614 1.11665 0.03034 0.65837 0.39157 0.14413
v -0.15614 1.11665 0.03034 0.65837 0.39157 0.14413
v -0.15541 1.11214 0.03034 0.65837 0.39157 0.14413
v -0.15614 1.11665 -0.03034 0.65837 0.39157 0.14413
v -0.15541 1.11214 0.03034 0.65837 0.39157 0.14413
v -0.15541 1.11214 -0.03034 0.65837 0.39157 0.14413
v -0.15614 1.11665 -0.03034 0.65837 0.39157 0.14413
v -0.15614 1.11665 -0.03034 0.65837 0.39157 0.14413
v -0.15541 1.11214 -0.03034 0.65837 0.39157 0.14413
v -0.15541 1.11665 -0.03485 0.65837 0.39157 0.14413
v -0.15541 1.11214 -0.03034 0.65837 0.39157 0.14413
v -0.15478 1.11235 -0.03464 0.65837 0.39157 0.14413
v -0.15541 1.11665 -0.03485 0.65837 0.39157 0.14413
v -0.15541 1.11665 -0.03485 0.65837 0.39157 0.14413
v -0.15478 1.11235 -0.03464 0.65837 0.39157 0.14413
v -0.15374 1.11665 -0.03825 0.65837 0.39157 0.14413
v -0.15478 1.11235 -0.03464 0.65837 0.39157 0.14413
v -0.15331 1.11284 -0.03797 0.65837 0.39157 0.14413
v -0.15374 1.11665 -0.03825 0.65837 0.39157 0.14413
v -0.15374 1.11665 -0.03825 0.65837 0.39157 0.14413
v -0.15331 1.11284 -0.03797 0.65837 0.39157 0.14413
v -0.15196 1.11665 -0.04043 0.65837 0.39157 0.14413
v -0.15331 1.11284 -0.03797 0.65837 0.39157 0.14413
v -0.15169 1.11338 -0.04016 0.65837 0.39157 0.14413
v -0.15196 1.11665 -0.04043 0.65837 0.39157 0.14413
v -0.15169 1.11338 0.04016 0.65837 0.39157 0.14413
v -0.15099 1.11056 0.03947 0.65837 0.39157 0.14413
v -0.15331 1.11284 0.03797 0.65837 0.39157 0.14413
v -0.15099 1.11056 0.03947 0.65837 0.39157 0.14413
v -0.15225 1.10973 0.03726 0.65837 0.39157 0.14413
v -0.15331 1.11284 0.03797 0.65837 0.39157 0.14413
v -0.15331 1.11284 0.03797 0.65837 0.39157 0.14413
v -0.15225 1.10973 0.03726 0.65837 0.39157 0.14413
v -0.15478 1.11235 0.03464 0.65837 0.39157 0.14413
v -0.15225 1.10973 0.03726 0.65837 0.39157 0.14413
v -0.15331 1.10902 0.03415 0.65837 0.39157 0.14413
v -0.15478 1.11235 0.03464 0.65837 0.39157 0.14413
v -0.15478 1.11235 0.03464 0.65837 0.39157 0.14413
v -0.15331 1.10902 0.03415 0.65837 0.39157 0.14413
v -0.15541 1.11214 0.03034 0.65837 0.39157 0.14413
v -0.15331 1.10902 0.03415 0.65837 0.39157 0.14413
v -0.15374 1.10873 0.03034 0.65837 0.39157 0.14413
v -0.15541 1.11214 0.03034 0.65837 0.39157 0.14413
v -0.15541 1.11214 0.03034 0.65837 0.39157 0.14413
v -0.15374 1.10873 0.03034 0.65837 0.39157 0.14413
v -0.15541 1.11214 -0.03034 0.65837 0.39157 0.14413
v -0.15374 1.10873 0.03034 0.65837 0.39157 0.14413
v -0.15374 1.10873 -0.03034 0.65837 0.39157 0.14413
v -0.15541 1.11214 -0.03034 0.65837 0.39157 0.14413
v -0.15541 1.11214 -0.03034 0.65837 0.39157 0.14413
v -0.15374 1.10873 -0.03034 0.65837 0.39157 0.14413
v -0.15478 1.11235 -0.03464 0.65837 0.39157 0.14413
v -0.15374 1.10873 -0.03034 0.65837 0.39157 0.14413
v -0.15331 1.10902 -0.03415 0.65837 0.39157 0.14413
v -0.15478 1.11235 -0.03464 0.65837 0.39157 0.14413
v -0.15478 1.11235 -0.03464 0.65837 0.39157 0.14413
v -0.15331 1.10902 -0.03415 0.65837 0.39157 0.14413
v -0.15331 1.11284 -0.03797 0.65837 0.39157 0.14413
v -0.15331 1.10902 -0.03415 0.65837 0.39157 0.14413
v -0.15225 1.10973 -0.03726 0.65837 0.39157 0.14413
v -0.15331 1.11284 -0.03797 0.65837 0.39157 0.14413
v -0.15331 1.11284 -0.03797 0.65837 0.39157 0.14413
v -0.15225 1.10973 -0.03726 0.65837 0.39157 0.14413
v -0.15169 1.11338 -0.04016 0.65837 0.39157 0.14413
v -0.15225 1.10973 -0.03726 0.65837 0.39157 0.14413
v -0.15099 1.11056 -0.03947 0.65837 0.39157 0.14413
v -0.15169 1.11338 -0.04016 0.65837 0.39157 0.14413
v -0.15099 1.11056 0.03947 0.65837 0.39157 0.14413
v -0.15011 1.10841 0.03858 0.65837 0.39157 0.14413
v -0.15225 1.10973 0.03726 0.65837 0.39157 0.14413
v -0.15011 1.10841 0.03858 0.65837 0.39157 0.14413
v -0.15099 1.10752 0.03642 0.65837 0.39157 0.14413
v -0.15225 1.10973 0.03726 0.65837 0.39157 0.14413
v -0.15225 1.10973 0.03726 0.65837 0.39157 0.14413
v -0.15099 1.10752 0.03642 0.65837 0.39157 0.14413
v -0.15331 1.10902 0.03415 0.65837 0.39157 0.14413
v -0.15099 1.10752 0.03642 0.65837 0.39157 0.14413
v -0.15169 1.10683 0.03361 0.65837 0.39157 0.14413
v -0.15331 1.10902 0.03415 0.65837 0.39157 0.14413
v -0.15331 1.10902 0.03415 0.65837 0.39157 0.14413
v -0.15169 1.10683 0.03361 0.65837 0.39157 0.14413
v -0.15374 1.10873 0.03034 0.65837 0.39157 0.14413
v -0.15169 1.10683 0.03361 0.65837 0.39157 0.14413
v -0.15196 1.10656 0.03034 0.65837 0.39157 0.14413
v -0.15374 1.10873 0.03034 0.65837 0.39157 0.14413
v -0.15374 1.10873 0.03034 0.65837 0.39157 0.14413
v -0.15196 1.10656 0.03034 0.65837 0.39157 0.14413
v -0.15374 1.10873 -0.03034 0.65837 0.39157 0.14413
v -0.15196 1.10656 0.03034 0.65837 0.39157 0.14413
v -0.15196 1.10656 -0.03034 0.65837 0.39157 0.14413
v -0.15374 1.10873 -0.03034 0.65837 0.39157 0.14413
v -0.15374 1.10873 -0.03034 0.65837 0.39157 0.14413
v -0.15196 1.10656 -0.03034 0.65837 0.39157 0.14413
v -0.15331 1.10902 -0.03415 0.65837 0.39157 0.14413
v -0.15196 1.10656 -0.03034 0.65837 0.39157 0.14413
v -0.15169 1.10683 -0.03361 0.65837 0.39157 0.14413
v -0.15331 1.10902 -0.03415 0.65837 0.39157 0.14413
v -0.15331 1.10902 -0.03415 0.65837 0.39157 0.14413
v -0.15169 1.10683 -0.03361 0.65837 0.39157 0.14413
v -0.15225 1.10973 -0.03726 0.65837 0.39157 0.14413
v -0.15169 1.10683 -0.03361 0.65837 0.39157 0.14413
v -0.15099 1.10752 -0.03642 0.65837 0.39157 0.14413
v -0.15225 1.10973 -0.03726 0.65837 0.39157 0.14413
v -0.15225 1.10973 -0.03726 0.65837 0.39157 0.14413
v -0.15099 1.10752 -0.03642 0.65837 0.39157 0.14413
v -0.15099 1.11056 -0.03947 0.65837 0.39157 0.14413
v -0.15099 1.10752 -0.03642 0.65837 0.39157 0.14413
v -0.15011 1.10841 -0.03858 0.65837 0.39157 0.14413
v -0.15099 1.11056 -0.03947 0.65837 0.39157 0.14413
v 0.15011 1.50528 -0.03858 0.65837 0.39157 0.14413
v 0.15099 1.50312 -0.03947 0.65837 0.39157 0.14413
v 0.15099 1.50617 -0.03642 0.65837 0.39157 0.14413
v 0.15099 1.50312 -0.03947 0.65837 0.39157 0.14413
v 0.15225 1.50396 -0.03726 0.65837 0.39157 0.14413
v 0.15099 1.50617 -0.03642 0.65837 0.39157 0.14413
v 0.15099 1.50617 -0.03642 0.65837 0.39157 0.14413
v 0.15225 1.50396 -0.03726 0.65837 0.39157 0.14413
v 0.15169 1.50686 -0.03361 0.65837 0.39157 0.14413
v 0.15225 1.50396 -0.03726 0.65837 0.39157 0.14413
v 0.15331 1.50467 -0.03415 0.65837 0.39157 0.14413
v 0.15169 1.50686 -0.03361 0.65837 0.39157 0.14413
v 0.15169 1.50686 -0.03361 0.65837 0.39157 0.14413
v 0.15331 1.50467 -0.03415 0.65837 0.39157 0.14413
v 0.15196 1.50713 -0.03034 0.65837 0.39157 0.14413
v 0.15331 1.50467 -0.03415 0.65837 0.39157 0.14413
v 0.15374 1.50495 -0.03034 0.65837 0.39157 0.14413
v 0.15196 1.50713 -0.03034 0.65837 0.39157 0.14413
v 0.15196 1.50713 -0.03034 0.65837 0.39157 0.14413
v 0.15374 1.50495 -0.03034 0.65837 0.39157 0.14413
v 0.15196 1.50713 0.03034 0.65837 0.39157 0.14413
v 0.15374 1.50495 -0.03034 0.65837 0.39157 0.14413
v 0.15374 1.50495 0.03034 0.65837 0.39157 0.14413
v 0.15196 1.50713 0.03034 0.65837 0.39157 0.14413
v 0.15196 1.50713 0.03034 0.65837 0.39157 0.14413
v 0.15374 1.50495 0.03034 0.65837 0.39157 0.14413
v 0.15169 1.50686 0.03361 0.65837 0.39157 0.14413
v 0.15374 1.50495 0.03034 0.65837 0.39157 0.14413
v 0.15331 1.50467 0.03415 0.65837 0.39157 0.14413
v 0.15169 1.50686 0.03361 0.65837 0.39157 0.14413
v 0.15169 1.50686 0.03361 0.65837 0.39157 0.14413
v 0.15331 1.50467 0.03415 0.65837 0.39157 0.14413
v 0.15099 1.50617 0.03642 0.65837 0.39157 0.14413
v 0.15331 1.50467 0.03415 0.65837 0.39157 0.14413
v 0.15225 1.50396 0.03726 0.65837 0.39157 0.14413
v 0.15099 1.50617 0.03642 0.65837 0.39157 0.14413
v 0.15099 1.50617 0.03642 0.65837 0.39157 0.14413
v 0.15225 1.50396 0.03726 0.65837 0.39157 0.14413
v 0.15011 1.50528 0.03858 0.65837 0.39157 0.14413
v 0.15225 1.50396 0.03726 0.65837 0.39157 0.14413
v 0.15099 1.50312 0.03947 0.65837 0.39157 0.14413
v 0.15011 1.50528 0.03858 0.65837 0.39157 0.14413
v 0.15099 1.50312 -0.03947 0.65837 0.39157 0.14413
v 0.15169 1.50031 -0.04016 0.65837 0.39157 0.14413
v 0.15225 1.50396 -0.03726 0.65837 0.39157 0.14413
v 0.15169 1.50031 -0.04016 0.65837 0.39157 0.14413
v 0.15331 1.50085 -0.03797 0.65837 0.39157 0.14413
v 0.15225 1.50396 -0.03726 0.65837 0.39157 0.14413
v 0.15225 1.50396 -0.03726 0.65837 0.39157 0.14413
v 0.15331 1.50085 -0.03797 0.65837 0.39157 0.14413
v 0.15331 1.50467 -0.03415 0.65837 0.39157 0.14413
v 0.15331 1.50085 -0.03797 0.65837 0.39157 0.14413
v 0.15478 1.50134 -0.03464 0.65837 0.39157 0.14413
v 0.15331 1.50467 -0.03415 0.65837 0.39157 0.14413
v 0.15331 1.50467 -0.03415 0.65837 0.39157 0.14413
v 0.15478 1.50134 -0.03464 0.65837 0.39157 0.14413
v 0.15374 1.50495 -0.03034 0.65837 0.39157 0.14413
v 0.15478 1.50134 -0.03464 0.65837 0.39157 0.14413
v 0.15541 1.50155 -0.03034 0.65837 0.39157 0.14413
v 0.15374 1.50495 -0.03034 0.65837 0.39157 0.14413
v 0.15374 1.50495 -0.03034 0.65837 0.39157 0.14413
v 0.15541 1.50155 -0.03034 0.65837 0.39157 0.14413
v 0.15374 1.50495 0.03034 0.65837 0.39157 0.14413
v 0.15541 1.50155 -0.03034 0.65837 0.39157 0.14413
v 0.15541 1.50155 0.03034 0.65837 0.39157 0.14413
v 0.15374 1.50495 0.03034 0.65837 0.39157 0.14413
v 0.15374 1.50495 0.03034 0.65837 0.39157 0.14413
v 0.15541 1.50155 0.03034 0.65837 0.39157 0.14413
v 0.15331 1.50467 0.03415 0.65837 0.39157 0.14413
v 0.15541 1.50155 0.03034 0.65837 0.39157 0.14413
v 0.15478 1.50134 0.03464 0.65837 0.39157 0.14413
v 0.15331 1.50467 0.03415 0.65837 0.39157 0.14413
v 0.15331 1.50467 0.03415 0.65837 0.39157 0.14413
v 0.15478 1.50134 0.03464 0.65837 0.39157 0.14413
v 0.15225 1.50396 0.03726 0.65837 0.39157 0.14413
v 0.15478 1.50134 0.03464 0.65837 0.39157 0.14413
v 0.15331 1.50085 0.03797 0.65837 0.39157 0.14413
v 0.15225 1.50396 0.03726 0.65837 0.39157 0.14413
v 0.15225 1.50396 0.03726 0.65837 0.39157 0.14413
v 0.15331 1.50085 0.03797 0.65837 0.39157 0.14413
v 0.15099 1.50312 0.03947 0.65837 0.39157 0.14413
v 0.15331 1.50085 0.03797 0.65837 0.39157 0.14413
v 0.15169 1.50031 0.04016 0.65837 0.39157 0.14413
v 0.15099 1.50312 0.03947 0.65837 0.39157 0.14413
v 0.15169 1.50031 -0.04016 0.65837 0.39157 0.14413
v 0.15196 1.49704 -0.04043 0.65837 0.39157 0.14413
v 0.15331 1.50085 -0.03797 0.65837 0.39157 0.14413
v 0.15196 1.49704 -0.04043 0.65837 0.39157 0.14413
v 0.15374 1.49704 -0.03825 0.65837 0.39157 0.14413
v 0.15331 1.50085 -0.03797 0.65837 0.39157 0.14413
v 0.15331 1.50085 -0.03797 0.65837 0.39157 0.14413
v 0.15374 1.49704 -0.03825 0.65837 0.39157 0.14413
v 0.15478 1.50134 -0.03464 0.65837 0.39157 0.14413
v 0.15374 1.49704 -0.03825 0.65837 0.39157 0.14413
v 0.15541 1.49704 -0.03485 0.65837 0.39157 0.14413
v 0.15478 1.50134 -0.03464 0.65837 0.39157 0.14413
v 0.15478 1.50134 -0.03464 0.65837 0.39157 0.14413
v 0.15541 1.49704 -0.03485 0.65837 0.39157 0.14413
v 0.15541 1.50155 -0.03034 0.65837 0.39157 0.14413
v 0.15541 1.49704 -0.03485 0.65837 0.39157 0.14413
v 0.15614 1.49704 -0.03034 0.65837 0.39157 0.14413
v 0.15541 1.50155 -0.03034 0.65837 0.39157 0.14413
v 0.15541 1.50155 -0.03034 0.65837 0.39157 0.14413
v 0.15614 1.49704 -0.03034 0.65837 0.39157 0.14413
v 0.15541 1.50155 0.03034 0.65837 0.39157 0.14413
v 0.15614 1.49704 -0.03034 0.65837 0.39157 0.14413
v 0.15614 1.49704 0.03034 0.65837 0.39157 0.14413
v 0.15541 1.50155 0.03034 0.65837 0.39157 0.14413
v 0.15541 1.50155 0.03034 0.65837 0.39157 0.14413
v 0.15614 1.49704 0.03034 0.65837 0.39157 0.14413
v 0.15478 1.50134 0.03464 0.65837 0.39157 0.14413
v 0.15614 1.49704 0.03034 0.65837 0.39157 0.14413
v 0.15541 1.49704 0.03485 0.65837 0.39157 0.14413
v 0.15478 1.50134 0.03464 0.65837 0.39157 0.14413
v 0.15478 1.50134 0.03464 0.65837 0.39157 0.14413
v 0.15541 1.49704 0.03485 0.65837 0.39157 0.14413
v 0.15331 1.50085 0.03797 0.65837 0.39157 0.14413
v 0.15541 1.49704 0.03485 0.65837 0.39157 0.14413
v 0.15374 1.49704 0.03825 0.65837 0.39157 0.14413
v 0.15331 1.50085 0.03797 0.65837 0.39157 0.14413
v 0.15331 1.50085 0.03797 0.65837 0.39157 0.14413
v 0.15374 1.49704 0.03825 0.65837 0.39157 0.14413
v 0.15169 1.50031 0.04016 0.65837 0.39157 0.14413
v 0.15374 1.49704 0.03825 0.65837 0.39157 0.14413
v 0.15196 1.49704 0.04043 0.65837 0.39157 0.14413
v 0.15169 1.50031 0.04016 0.65837 0.39157 0.14413
v 0.15196 1.49704 -0.04043 0.65837 0.39157 0.14413
v 0.15196 1.11665 -0.04043 0.65837 0.39157 0.14413
v 0.15374 1.49704 -0.03825 0.65837 0.39157 0.14413
v 0.15196 1.11665 -0.04043 0.65837 0.39157 0.14413
v 0.15374 1.11665 -0.03825 0.65837 0.39157 0.14413
v 0.15374 1.49704 -0.03825 0.65837 0.39157 0.14413
v 0.15374 1.49704 -0.03825 0.65837 0.39157 0.14413
v 0.15374 1.11665 -0.03825 0.65837 0.39157 0.14413
v 0.15541 1.49704 -0.03485 0.65837 0.39157 0.14413
v 0.15374 1.11665 -0.03825 0.65837 0.39157 0.14413
v 0.15541 1.11665 -0.03485 0.65837 0.39157 0.14413
v 0.15541 1.49704 -0.03485 0.65837 0.39157 0.14413
v 0.15541 1.49704 -0.03485 0.65837 0.39157 0.14413
v 0.15541 1.11665 -0.03485 0.65837 0.39157 0.14413
v 0.15614 1.49704 -0.03034 0.65837 0.39157 0.14413
v 0.15541 1.11665 -0.03485 0.65837 0.39157 0.14413
v 0.15614 1.11665 -0.03034 0.65837 0.39157 0.14413
v 0.15614 1.49704 -0.03034 0.65837 0.39157 0.14413
v 0.15614 1.49704 -0.03034 0.65837 0.39157 0.14413
v 0.15614 1.11665 -0.03034 0.65837 0.39157 0.14413
v 0.15614 1.49704 0.03034 0.65837 0.39157 0.14413
v 0.15614 1.11665 -0.03034 0.65837 0.39157 0.14413
v 0.15614 1.11665 0.03034 0.65837 0.39157 0.14413
v 0.15614 1.49704 0.03034 0.65837 0.39157 0.14413
v 0.15614 1.49704 0.03034 0.65837 0.39157 0.14413
v 0.15614 1.11665 0.03034 0.65837 0.39157 0.14413
v 0.15541 1.49704 0.03485 0.65837 0.39157 0.14413
v 0.15614 1.11665 0.03034 0.65837 0.39157 0.14413
v 0.15541 1.11665 0.03485 0.65837 0.39157 0.14413
v 0.15541 1.49704 0.03485 0.65837 0.39157 0.14413
v 0.15541 1.49704 0.03485 0.65837 0.39157 0.14413
v 0.15541 1.11665 0.03485 0.65837 0.39157 0.14413
v 0.15374 1.49704 0.03825 0.65837 0.39157 0.14413
v 0.15541 1.11665 0.03485 0.65837 0.39157 0.14413
v 0.15374 1.11665 0.03825 0.65837 0.39157 0.14413
v 0.15374 1.49704 0.03825 0.65837 0.39157 0.14413
v 0.15374 1.49704 0.03825 0.65837 0.39157 0.14413
v 0.15374 1.11665 0.03825 0.65837 0.39157 0.14413
v 0.15196 1.49704 0.04043 0.65837 0.39157 0.14413
v 0.15374 1.11665 0.03825 0.65837 0.39157 0.14413
v 0.15196 1.11665 0.04043 0.65837 0.39157 0.14413
v 0.15196 1.49704 0.04043 0.65837 0.39157 0.14413
v 0.15196 1.11665 -0.04043 0.65837 0.39157 0.14413
v 0.15169 1.11338 -0.04016 0.65837 0.39157 0.14413
v 0.15374 1.11665 -0.03825 0.65837 0.39157 0.14413
v 0.15169 1.11338 -0.04016 0.65837 0.39157 0.14413
v 0.15331 1.11284 -0.03797 0.65837 0.39157 0.14413
v 0.15374 1.11665 -0.03825 0.65837 0.39157 0.14413
v 0.15374 1.11665 -0.03825 0.65837 0.39157 0.14413
v 0.15331 1.11284 -0.03797 0.65837 0.39157 0.14413
v 0.15541 1.11665 -0.03485 0.65837 0.39157 0.14413
v 0.15331 1.11284 -0.03797 0.65837 0.39157 0.14413
v 0.15478 1.11235 -0.03464 0.65837 0.39157 0.14413
v 0.15541 1.11665 -0.03485 0.65837 0.39157 0.14413
v 0.15541 1.11665 -0.03485 0.65837 0.39157 0.14413
v 0.15478 1.11235 -0.03464 0.65837 0.39157 0.14413
v 0.15614 1.11665 -0.03034 0.65837 0.39157 0.14413
v 0.15478 1.11235 -0.03464 0.65837 0.39157 0.14413
v 0.15541 1.11214 -0.03034 0.65837 0.39157 0.14413
v 0.15614 1.11665 -0.03034 0.65837 0.39157 0.14413
v 0.15614 1.11665 -0.03034 0.65837 0.39157 0.14413
v 0.15541 1.11214 -0.03034 0.65837 0.39157 0.14413
v 0.15614 1.11665 0.03034 0.65837 0.39157 0.14413
v 0.15541 1.11214 -0.03034 0.65837 0.39157 0.14413
v 0.15541 1.11214 0.03034 0.65837 0.39157 0.14413
v 0.15614 1.11665 0.03034 0.65837 0.39157 0.14413
v 0.15614 1.11665 0.03034 0.65837 0.39157 0.14413
v 0.15541 1.11214 0.03034 0.65837 0.39157 0.14413
v 0.15541 1.11665 0.03485 0.65837 0.39157 0.14413
v 0.15541 1.11214 0.03034 0.65837 0.39157 0.14413
v 0.15478 1.11235 0.03464 0.65837 0.39157 0.14413
v 0.15541 1.11665 0.03485 0.65837 0.39157 0.14413
v 0.15541 1.11665 0.03485 0.65837 0.39157 0.14413
v 0.15478 1.11235 0.03464 0.65837 0.39157 0.14413
v 0.15374 1.11665 0.03825 0.65837 0.39157 0.14413
v 0.15478 1.11235 0.03464 0.65837 0.39157 0.14413
v 0.15331 1.11284 0.03797 0.65837 0.39157 0.14413
v 0.15374 1.11665 0.03825 0.65837 0.39157 0.14413
v 0.15374 1.11665 0.03825 0.65837 0.39157 0.14413
v 0.15331 1.11284 0.03797 0.65837 0.39157 0.14413
v 0.15196 1.11665 0.04043 0.65837 0.39157 0.14413
v 0.15331 1.11284 0.03797 0.65837 0.39157 0.14413
v 0.15169 1.11338 0.04016 0.65837 0.39157 0.14413
v 0.15196 1.11665 0.04043 0.65837 0.39157 0.14413
v 0.15169 1.11338 -0.04016 0.65837 0.39157 0.14413
v 0.15099 1.11056 -0.03947 0.65837 0.39157 0.14413
v 0.15331 1.11284 -0.03797 0.65837 0.39157 0.14413
v 0.15099 1.11056 -0.03947 0.65837 0.39157 0.14413
v 0.15225 1.10973 -0.03726 0.65837 0.39157 0.14413
v 0.15331 1.11284 -0.03797 0.65837 0.39157 0.14413
v 0.15331 1.11284 -0.03797 0.65837 0.39157 0.14413
v 0.15225 1.10973 -0.03726 0.65837 0.39157 0.14413
v 0.15478 1.11235 -0.03464 0.65837 0.39157 0.14413
v 0.15225 1.10973 -0.03726 0.65837 0.39157 0.14413
v 0.15331 1.10902 -0.03415 0.65837 0.39157 0.14413
v 0.15478 1.11235 -0.03464 0.65837 0.39157 0.14413
v 0.15478 1.11235 -0.03464 0.65837 0.39157 0.14413
v 0.15331 1.10902 -0.03415 0.65837 0.39157 0.14413
v 0.15541 1.11214 -0.03034 0.65837 0.39157 0.14413
v 0.15331 1.10902 -0.03415 0.65837 0.39157 0.14413
v 0.15374 1.10873 -0.03034 0.65837 0.39157 0.14413
v 0.15541 1.11214 -0.03034 0.65837 0.39157 0.14413
v 0.15541 1.11214 -0.03034 0.65837 0.39157 0.14413
v 0.15374 1.10873 -0.03034 0.65837 0.39157 0.14413
v 0.15541 1.11214 0.03034 0.65837 0.39157 0.14413
v 0.15374 1.10873 -0.03034 0.65837 0.39157 0.14413
v 0.15374 1.10873 0.03034 0.65837 0.39157 0.14413
v 0.15541 1.11214 0.03034 0.65837 0.39157 0.14413
v 0.15541 1.11214 0.03034 0.65837 0.39157 0.14413
v 0.15374 1.10873 0.03034 0.65837 0.39157 0.14413
v 0.15478 1.11235 0.03464 0.65837 0.39157 0.14413
v 0.15374 1.10873 0.03034 0.65837 0.39157 0.14413
v 0.15331 1.10902 0.03415 0.65837 0.39157 0.14413
v 0.15478 1.11235 0.03464 0.65837 0.39157 0.14413
v 0.15478 1.11235 0.03464 0.65837 0.39157 0.14413
v 0.15331 1.10902 0.03415 0.65837 0.39157 0.14413
v 0.15331 1.11284 0.03797 0.65837 0.39157 0.14413
v 0.15331 1.10902 0.03415 0.65837 0.39157 0.14413
v 0.15225 1.10973 0.03726 0.65837 0.39157 0.14413
v 0.15331 1.11284 0.03797 0.65837 0.39157 0.14413
v 0.15331 1.11284 0.03797 0.65837 0.39157 0.14413
v 0.15225 1.10973 0.03726 0.65837 0.39157 0.14413
v 0.15169 1.11338 0.04016 0.65837 0.39157 0.14413
v 0.15225 1.10973 0.03726 0.65837 0.39157 0.14413
v 0.15099 1.11056 0.03947 0.65837 0.39157 0.14413
v 0.15169 1.11338 0.04016 0.65837 0.39157 0.14413
v 0.15099 1.11056 -0.03947 0.65837 0.39157 0.14413
v 0.15011 1.10841 -0.03858 0.65837 0.39157 0.14413
v 0.15225 1.10973 -0.03726 0.65837 0.39157 0.14413
v 0.15011 1.10841 -0.03858 0.65837 0.39157 0.14413
v 0.15099 1.10752 -0.03642 0.65837 0.39157 0.14413
v 0.15225 1.10973 -0.03726 0.65837 0.39157 0.14413
v 0.15225 1.10973 -0.03726 0.65837 0.39157 0.14413
v 0.15099 1.10752 -0.03642 0.65837 0.39157 0.14413
v 0.15331 1.10902 -0.03415 0.65837 0.39157 0.14413
v 0.15099 1.10752 -0.03642 0.65837 0.39157 0.14413
v 0.15169 1.10683 -0.03361 0.65837 0.39157 0.14413
v 0.15331 1.10902 -0.03415 0.65837 0.39157 0.14413
v 0.15331 1.10902 -0.03415 0.65837 0.39157 0.14413
v 0.15169 1.10683 -0.03361 0.65837 0.39157 0.14413
v 0.15374 1.10873 -0.03034 0.65837 0.39157 0.14413
v 0.15169 1.10683 -0.03361 0.65837 0.39157 0.14413
v 0.15196 1.10656 -0.03034 0.65837 0.39157 0.14413
v 0.15374 1.10873 -0.03034 0.65837 0.39157 0.14413
v 0.15374 1.10873 -0.03034 0.65837 0.39157 0.14413
v 0.15196 1.10656 -0.03034 0.65837 0.39157 0.14413
v 0.15374 1.10873 0.03034 0.65837 0.39157 0.14413
v 0.15196 1.10656 -0.03034 0.65837 0.39157 0.14413
v 0.15196 1.10656 0.03034 0.65837 0.39157 0.14413
v 0.15374 1.10873 0.03034 0.65837 0.39157 0.14413
v 0.15374 1.10873 0.03034 0.65837 0.39157 0.14413
v 0.15196 1.10656 0.03034 0.65837 0.39157 0.14413
v 0.15331 1.10902 0.03415 0.65837 0.39157 0.14413
v 0.15196 1.10656 0.03034 0.65837 0.39157 0.14413
v 0.15169 1.10683 0.03361 0.65837 0.39157 0.14413
v 0.15331 1.10902 0.03415 0.65837 0.39157 0.14413
v 0.15331 1.10902 0.03415 0.65837 0.39157 0.14413
v 0.15169 1.10683 0.03361 0.65837 0.39157 0.14413
v 0.15225 1.10973 0.03726 0.65837 0.39157 0.14413
v 0.15169 1.10683 0.03361 0.65837 0.39157 0.14413
v 0.15099 1.10752 0.03642 0.65837 0.39157 0.14413
v 0.15225 1.10973 0.03726 0.65837 0.39157 0.14413
v 0.15225 1.10973 0.03726 0.65837 0.39157 0.14413
v 0.15099 1.10752 0.03642 0.65837 0.39157 0.14413
v 0.15099 1.11056 0.03947 0.65837 0.39157 0.14413
v 0.15099 1.10752 0.03642 0.65837 0.39157 0.14413
v 0.15011 1.10841 0.03858 0.65837 0.39157 0.14413
v 0.15099 1.11056 0.03947 0.65837 0.39157 0.14413
v 0.15011 1.50528 -0.03858 0.65837 0.39157 0.14413
v 0.15099 1.50617 -0.03642 0.65837 0.39157 0.14413
v 0.14795 1.50617 -0.03947 0.65837 0.39157 0.14413
v 0.15099 1.50617 -0.03642 0.65837 0.39157 0.14413
v 0.14879 1.50742 -0.03726 0.65837 0.39157 0.14413
v 0.14795 1.50617 -0.03947 0.65837 0.39157 0.14413
v 0.14795 1.50617 -0.03947 0.65837 0.39157 0.14413
v 0.14879 1.50742 -0.03726 0.65837 0.39157 0.14413
v 0.14514 1.50686 -0.04016 0.65837 0.39157 0.14413
v 0.14879 1.50742 -0.03726 0.65837 0.39157 0.14413
v 0.14568 1.50848 -0.03797 0.65837 0.39157 0.14413
v 0.14514 1.50686 -0.04016 0.65837 0.39157 0.14413
v 0.14514 1.50686 -0.04016 0.65837 0.39157 0.14413
v 0.14568 1.50848 -0.03797 0.65837 0.39157 0.14413
v 0.14186 1.50713 -0.04043 0.65837 0.39157 0.14413
v 0.14568 1.50848 -0.03797 0.65837 0.39157 0.14413
v 0.14186 1.50891 -0.03825 0.65837 0.39157 0.14413
v 0.14186 1.50713 -0.04043 0.65837 0.39157 0.14413
v 0.14186 1.50713 -0.04043 0.65837 0.39157 0.14413
v 0.14186 1.50891 -0.03825 0.65837 0.39157 0.14413
v -0.14186 1.50713 -0.04043 0.65837 0.39157 0.14413
v 0.14186 1.50891 -0.03825 0.65837 0.39157 0.14413
v -0.14186 1.50891 -0.03825 0.65837 0.39157 0.14413
v -0.14186 1.50713 -0.04043 0.65837 0.39157 0.14413
v -0.14186 1.50713 -0.04043 0.65837 0.39157 0.14413
v -0.14186 1.50891 -0.03825 0.65837 0.39157 0.14413
v -0.14514 1.50686 -0.04016 0.65837 0.39157 0.14413
v -0.14186 1.50891 -0.03825 0.65837 0.39157 0.14413
v -0.14568 1.50848 -0.03797 0.65837 0.39157 0.14413
v -0.14514 1.50686 -0.04016 0.65837 0.39157 0.14413
v -0.14514 1.50686 -0.04016 0.65837 0.39157 0.14413
v -0.14568 1.50848 -0.03797 0.65837 0.39157 0.14413
v -0.14795 1.50617 -0.03947 0.65837 0.39157 0.14413
v -0.14568 1.50848 -0.03797 0.65837 0.39157 0.14413
v -0.14879 1.50742 -0.03726 0.65837 0.39157 0.14413
v -0.14795 1.50617 -0.03947 0.65837 0.39157 0.14413
v -0.14795 1.50617 -0.03947 0.65837 0.39157 0.14413
v -0.14879 1.50742 -0.03726 0.65837 0.39157 0.14413
v -0.15011 1.50528 -0.03858 0.65837 0.39157 0.14413
v -0.14879 1.50742 -0.03726 0.65837 0.39157 0.14413
v -0.15099 1.50617 -0.03642 0.65837 0.39157 0.14413
v -0.15011 1.50528 -0.03858 0.65837 0.39157 0.14413
v 0.15099 1.50617 -0.03642 0.65837 0.39157 0.14413
v 0.15169 1.50686 -0.03361 0.65837 0.39157 0.14413
v 0.14879 1.50742 -0.03726 0.65837 0.39157 0.14413
v 0.15169 1.50686 -0.03361 0.65837 0.39157 0.14413
v 0.14949 1.50848 -0.03415 0.65837 0.39157 0.14413
v 0.14879 1.50742 -0.03726 0.65837 0.39157 0.14413
v 0.14879 1.50742 -0.03726 0.65837 0.39157 0.14413
v 0.14949 1.50848 -0.03415 0.65837 0.39157 0.14413
v 0.14568 1.50848 -0.03797 0.65837 0.39157 0.14413
v 0.14949 1.50848 -0.03415 0.65837 0.39157 0.14413
v 0.14617 1.50995 -0.03464 0.65837 0.39157 0.14413
v 0.14568 1.50848 -0.03797 0.65837 0.39157 0.14413
v 0.14568 1.50848 -0.03797 0.65837 0.39157 0.14413
v 0.14617 1.50995 -0.03464 0.65837 0.39157 0.14413
v 0.14186 1.50891 -0.03825 0.65837 0.39157 0.14413
v 0.14617 1.50995 -0.03464 0.65837 0.39157 0.14413
v 0.14186 1.51058 -0.03485 0.65837 0.39157 0.14413
v 0.14186 1.50891 -0.03825 0.65837 0.39157 0.14413
v 0.14186 1.50891 -0.03825 0.65837 0.39157 0.14413
v 0.14186 1.51058 -0.03485 0.65837 0.39157 0.14413
v -0.14186 1.50891 -0.03825 0.65837 0.39157 0.14413
v 0.14186 1.51058 -0.03485 0.65837 0.39157 0.14413
v -0.14186 1.51058 -0.03485 0.65837 0.39157 0.14413
v -0.14186 1.50891 -0.03825 0.65837 0.39157 0.14413
v -0.14186 1.50891 -0.03825 0.65837 0.39157 0.14413
v -0.14186 1.51058 -0.03485 0.65837 0.39157 0.14413
v -0.14568 1.50848 -0.03797 0.65837 0.39157 0.14413
v -0.14186 1.51058 -0.03485 0.65837 0.39157 0.14413
v -0.14617 1.50995 -0.03464 0.65837 0.39157 0.14413
v -0.14568 1.50848 -0.03797 0.65837 0.39157 0.14413
v -0.14568 1.50848 -0.03797 0.65837 0.39157 0.14413
v -0.14617 1.50995 -0.03464 0.65837 0.39157 0.14413
v -0.14879 1.50742 -0.03726 0.65837 0.39157 0.14413
v -0.14617 1.50995 -0.03464 0.65837 0.39157 0.14413
v -0.14949 1.50848 -0.03415 0.65837 0.39157 0.14413
v -0.14879 1.50742 -0.03726 0.65837 0.39157 0.14413
v -0.14879 1.50742 -0.03726 0.65837 0.39157 0.14413
v -0.14949 1.50848 -0.03415 0.65837 0.39157 0.14413
v -0.15099 1.50617 -0.03642 0.65837 0.39157 0.14413
v -0.14949 1.50848 -0.03415 0.65837 0.39157 0.14413
v -0.15169 1.50686 -0.03361 0.65837 0.39157 0.14413
v -0.15099 1.50617 -0.03642 0.65837 0.39157 0.14413
v 0.15169 1.50686 -0.03361 0.65837 0.39157 0.14413
v 0.15196 1.50713 -0.03034 0.65837 0.39157 0.14413
v 0.14949 1.50848 -0.03415 0.65837 0.39157 0.14413
v 0.15196 1.50713 -0.03034 0.65837 0.39157 0.14413
v 0.14978 1.50891 -0.03034 0.65837 0.39157 0.14413
v 0.14949 1.50848 -0.03415 0.65837 0.39157 0.14413
v 0.14949 1.50848 -0.03415 0.65837 0.39157 0.14413
v 0.14978 1.50891 -0.03034 0.65837 0.39157 0.14413
v 0.14617 1.50995 -0.03464 0.65837 0.39157 0.14413
v 0.14978 1.50891 -0.03034 0.65837 0.39157 0.14413
v 0.14638 1.51058 -0.03034 0.65837 0.39157 0.14413
v 0.14617 1.50995 -0.03464 0.65837 0.39157 0.14413
v 0.14617 1.50995 -0.03464 0.65837 0.39157 0.14413
v 0.14638 1.51058 -0.03034 0.65837 0.39157 0.14413
v 0.14186 1.51058 -0.03485 0.65837 0.39157 0.14413
v 0.14638 1.51058 -0.03034 0.65837 0.39157 0.14413
v 0.14186 1.51131 -0.03034 0.65837 0.39157 0.14413
v 0.14186 1.51058 -0.03485 0.65837 0.39157 0.14413
v 0.14186 1.51058 -0.03485 0.65837 0.39157 0.14413
v 0.14186 1.51131 -0.03034 0.65837 0.39157 0.14413
v -0.14186 1.51058 -0.03485 0.65837 0.39157 0.14413
v 0.14186 1.51131 -0.03034 0.65837 0.39157 0.14413
v -0.14186 1.51131 -0.03034 0.65837 0.39157 0.14413
v -0.14186 1.51058 -0.03485 0.65837 0.39157 0.14413
v -0.14186 1.51058 -0.03485 0.65837 0.39157 0.14413
v -0.14186 1.51131 -0.03034 0.65837 0.39157 0.14413
v -0.14617 1.50995 -0.03464 0.65837 0.39157 0.14413
v -0.14186 1.51131 -0.03034 0.65837 0.39157 0.14413
v -0.14638 1.51058 -0.03034 0.65837 0.39157 0.14413
v -0.14617 1.50995 -0.03464 0.65837 0.39157 0.14413
v -0.14617 1.50995 -0.03464 0.65837 0.39157 0.14413
v -0.14638 1.51058 -0.03034 0.65837 0.39157 0.14413
v -0.14949 1.50848 -0.03415 0.65837 0.39157 0.14413
v -0.14638 1.51058 -0.03034 0.65837 0.39157 0.14413
v -0.14978 1.50891 -0.03034 0.65837 0.39157 0.14413
v -0.14949 1.50848 -0.03415 0.65837 0.39157 0.14413
v -0.14949 1.50848 -0.03415 0.65837 0.39157 0.14413
v -0.14978 1.50891 -0.03034 0.65837 0.39157 0.14413
v -0.15169 1.50686 -0.03361 0.65837 0.39157 0.14413
v -0.14978 1.50891 -0.03034 0.65837 0.39157 0.14413
v -0.15196 1.50713 -0.03034 0.65837 0.39157 0.14413
v -0.15169 1.50686 -0.03361 0.65837 0.39157 0.14413
v 0.15196 1.50713 -0.03034 0.65837 0.39157 0.14413
v 0.15196 1.50713 0.03034 0.65837 0.39157 0.14413
v 0.14978 1.50891 -0.03034 0.65837 0.39157 0.14413
v 0.15196 1.50713 0.03034 0.65837 0.39157 0.14413
v 0.14978 1.50891 0.03034 0.65837 0.39157 0.14413
v 0.14978 1.50891 -0.03034 0.65837 0.39157 0.14413
v 0.14978 1.50891 -0.03034 0.65837 0.39157 0.14413
v 0.14978 1.50891 0.03034 0.65837 0.39157 0.14413
v 0.14638 1.51058 -0.03034 0.65837 0.39157 0.14413
v 0.14978 1.50891 0.03034 0.65837 0.39157 0.14413
v 0.14638 1.51058 0.03034 0.65837 0.39157 0.14413
v 0.14638 1.51058 -0.03034 0.65837 0.39157 0.14413
v 0.14638 1.51058 -0.03034 0.65837 0.39157 0.14413
v 0.14638 1.51058 0.03034 0.65837 0.39157 0.14413
v 0.14186 1.51131 -0.03034 0.65837 0.39157 0.14413
v 0.14638 1.51058 0.03034 0.65837 0.39157 0.14413
v 0.14186 1.51131 0.03034 0.65837 0.39157 0.14413
v 0.14186 1.51131 -0.03034 0.65837 0.39157 0.14413
v 0.14186 1.51131 -0.03034 0.65837 0.39157 0.14413
v 0.14186 1.51131 0.03034 0.65837 0.39157 0.14413
v -0.14186 1.51131 -0.03034 0.65837 0.39157 0.14413
v 0.14186 1.51131 0.03034 0.65837 0.39157 0.14413
v -0.14186 1.51131 0.03034 0.65837 0.39157 0.14413
v -0.14186 1.51131 -0.03034 0.65837 0.39157 0.14413
v -0.14186 1.51131 -0.03034 0.65837 0.39157 0.14413
v -0.14186 1.51131 0.03034 0.65837 0.39157 0.14413
v -0.14638 1.51058 -0.03034 0.65837 0.39157 0.14413
v -0.14186 1.51131 0.03034 0.65837 0.39157 0.14413
v -0.14638 1.51058 0.03034 0.65837 0.39157 0.14413
v -0.14638 1.51058 -0.03034 0.65837 0.39157 0.14413
v -0.14638 1.51058 -0.03034 0.65837 0.39157 0.14413
v -0.14638 1.51058 0.03034 0.65837 0.39157 0.14413
v -0.14978 1.50891 -0.03034 0.65837 0.39157 0.14413
v -0.14638 1.51058 0.03034 0.65837 0.39157 0.14413
v -0.14978 1.50891 0.03034 0.65837 0.39157 0.14413
v -0.14978 1.50891 -0.03034 0.65837 0.39157 0.14413
v -0.14978 1.50891 -0.03034 0.65837 0.39157 0.14413
v -0.14978 1.50891 0.03034 0.65837 0.39157 0.14413
v -0.15196 1.50713 -0.03034 0.65837 0.39157 0.14413
v -0.14978 1.50891 0.03034 0.65837 0.39157 0.14413
v -0.15196 1.50713 0.03034 0.65837 0.39157 0.14413
v -0.15196 1.50713 -0.03034 0.65837 0.39157 0.14413
v 0.15196 1.50713 0.03034 0.65837 0.39157 0.14413
v 0.15169 1.50686 0.03361 0.65837 0.39157 0.14413
v 0.14978 1.50891 0.03034 0.65837 0.39157 0.14413
v 0.15169 1.50686 0.03361 0.65837 0.39157 0.14413
v 0.14949 1.50848 0.03415 0.65837 0.39157 0.14413
v 0.14978 1.50891 0.03034 0.65837 0.39157 0.14413
v 0.14978 1.50891 0.03034 0.65837 0.39157 0.14413
v 0.14949 1.50848 0.03415 0.65837 0.39157 0.14413
v 0.14638 1.51058 0.03034 0.65837 0.39157 0.14413
v 0.14949 1.50848 0.03415 0.65837 0.39157 0.14413
v 0.14617 1.50995 0.03464 0.65837 0.39157 0.14413
v 0.14638 1.51058 0.03034 0.65837 0.39157 0.14413
v 0.14638 1.51058 0.03034 0.65837 0.39157 0.14413
v 0.14617 1.50995 0.03464 0.65837 0.39157 0.14413
v 0.14186 1.51131 0.03034 0.65837 0.39157 0.14413
v 0.14617 1.50995 0.03464 0.65837 0.39157 0.14413
v 0.14186 1.51058 0.03485 0.65837 0.39157 0.14413
v 0.14186 1.51131 0.03034 0.65837 0.39157 0.14413
v 0.14186 1.51131 0.03034 0.65837 0.39157 0.14413
v 0.14186 1.51058 0.03485 0.65837 0.39157 0.14413
v -0.14186 1.51131 0.03034 0.65837 0.39157 0.14413
v 0.14186 1.51058 0.03485 0.65837 0.39157 0.14413
v -0.14186 1.51058 0.03485 0.65837 0.39157 0.14413
v -0.14186 1.51131 0.03034 0.65837 0.39157 0.14413
v -0.14186 1.51131 0.03034 0.65837 0.39157 0.14413
v -0.14186 1.51058 0.03485 0.65837 0.39157 0.14413
v -0.14638 1.51058 0.03034 0.65837 0.39157 0.14413
v -0.14186 1.51058 0.03485 0.65837 0.39157 0.14413
v -0.14617 1.50995 0.03464 0.65837 0.39157 0.14413
v -0.14638 1.51058 0.03034 0.65837 0.39157 0.14413
v -0.14638 1.51058 0.03034 0.65837 0.39157 0.14413
v -0.14617 1.50995 0.03464 0.65837 0.39157 0.14413
v -0.14978 1.50891 0.03034 0.65837 0.39157 0.14413
v -0.14617 1.50995 0.03464 0.65837 0.39157 0.14413
v -0.14949 1.50848 0.03415 0.65837 0.39157 0.14413
v -0.14978 1.50891 0.03034 0.65837 0.39157 0.14413
v -0.14978 1.50891 0.03034 0.65837 0.39157 0.14413
v -0.14949 1.50848 0.03415 0.65837 0.39157 0.14413
v -0.15196 1.50713 0.03034 0.65837 0.39157 0.14413
v -0.14949 1.50848 0.03415 0.65837 0.39157 0.14413
v -0.15169 1.50686 0.03361 0.65837 0.39157 0.14413
v -0.15196 1.50713 0.03034 0.65837 0.39157 0.14413
v 0.15169 1.50686 0.03361 0.65837 0.39157 0.14413
v 0.15099 1.50617 0.03642 0.65837 0.39157 0.14413
v 0.14949 1.50848 0.03415 0.65837 0.39157 0.14413
v 0.15099 1.50617 0.03642 0.65837 0.39157 0.14413
v 0.14879 1.50742 0.03726 0.65837 0.39157 0.14413
v 0.14949 1.50848 0.03415 0.65837 0.39157 0.14413
v 0.14949 1.50848 0.03415 0.65837 0.39157 0.14413
v 0.14879 1.50742 0.03726 0.65837 0.39157 0.14413
v 0.14617 1.50995 0.03464 0.65837 0.39157 0.14413
v 0.14879 1.50742 0.03726 0.65837 0.39157 0.14413
v 0.14568 1.50848 0.03797 0.65837 0.39157 0.14413
v 0.14617 1.50995 0.03464 0.65837 0.39157 0.14413
v 0.14617 1.50995 0.03464 0.65837 0.39157 0.14413
v 0.14568 1.50848 0.03797 0.65837 0.39157 0.14413
v 0.14186 1.51058 0.03485 0.65837 0.39157 0.14413
v 0.14568 1.50848 0.03797 0.65837 0.39157 0.14413
v 0.14186 1.50891 0.03825 0.65837 0.39157 0.14413
v 0.14186 1.51058 0.03485 0.65837 0.39157 0.14413
v 0.14186 1.51058 0.03485 0.65837 0.39157 0.14413
v 0.14186 1.50891 0.03825 0.65837 0.39157 0.14413
v -0.14186 1.51058 0.03485 0.65837 0.39157 0.14413
v 0.14186 1.50891 0.03825 0.65837 0.39157 0.14413
v -0.14186 1.50891 0.03825 0.65837 0.39157 0.14413
v -0.14186 1.51058 0.03485 0.65837 0.39157 0.14413
v -0.14186 1.51058 0.03485 0.65837 0.39157 0.14413
v -0.14186 1.50891 0.03825 0.65837 0.39157 0.14413
v -0.14617 1.50995 0.03464 0.65837 0.39157 0.14413
v -0.14186 1.50891 0.03825 0.65837 0.39157 0.14413
v -0.14568 1.50848 0.03797 0.65837 0.39157 0.14413
v -0.14617 1.50995 0.03464 0.65837 0.39157 0.14413
v -0.14617 1.50995 0.03464 0.65837 0.39157 0.14413
v -0.14568 1.50848 0.03797 0.65837 0.39157 0.14413
v -0.14949 1.50848 0.03415 0.65837 0.39157 0.14413
v -0.14568 1.50848 0.03797 0.65837 0.39157 0.14413
v -0.14879 1.50742 0.03726 0.65837 0.39157 0.14413
v -0.14949 1.50848 0.03415 0.65837 0.39157 0.14413
v -0.14949 1.50848 0.03415 0.65837 0.39157 0.14413
v -0.14879 1.50742 0.03726 0.65837 0.39157 0.14413
v -0.15169 1.50686 0.03361 0.65837 0.39157 0.14413
v -0.14879 1.50742 0.03726 0.65837 0.39157 0.14413
v -0.15099 1.50617 0.03642 0.65837 0.39157 0.14413
v -0.15169 1.50686 0.03361 0.65837 0.39157 0.14413
v 0.15099 1.50617 0.03642 0.65837 0.39157 0.14413
v 0.15011 1.50528 0.03858 0.65837 0.39157 0.14413
v 0.14879 1.50742 0.03726 0.65837 0.39157 0.14413
v 0.15011 1.50528 0.03858 0.65837 0.39157 0.14413
v 0.14795 1.50617 0.03947 0.65837 0.39157 0.14413
v 0.14879 1.50742 0.03726 0.65837 0.39157 0.14413
v 0.14879 1.50742 0.03726 0.65837 0.39157 0.14413
v 0.14795 1.50617 0.03947 0.65837 0.39157 0.14413
v 0.14568 1.50848 0.03797 0.65837 0.39157 0.14413
v 0.14795 1.50617 0.03947 0.65837 0.39157 0.14413
v 0.14514 1.50686 0.04016 0.65837 0.39157 0.14413
v 0.14568 1.50848 0.03797 0.65837 0.39157 0.14413
v 0.14568 1.50848 0.03797 0.65837 0.39157 0.14413
v 0.14514 1.50686 0.04016 0.65837 0.39157 0.14413
v 0.14186 1.50891 0.03825 0.65837 0.39157 0.14413
v 0.14514 1.50686 0.04016 0.65837 0.39157 0.14413
v 0.14186 1.50713 0.04043 0.65837 0.39157 0.14413
v 0.14186 1.50891 0.03825 0.65837 0.39157 0.14413
v 0.14186 1.50891 0.03825 0.65837 0.39157 0.14413
v 0.14186 1.50713 0.04043 0.65837 0.39157 0.14413
v -0.14186 1.50891 0.03825 0.65837 0.39157 0.14413
v 0.14186 1.50713 0.04043 0.65837 0.39157 0.14413
v -0.14186 1.50713 0.04043 0.65837 0.39157 0.14413
v -0.14186 1.50891 0.03825 0.65837 0.39157 0.14413
v -0.14186 1.50891 0.03825 0.65837 0.39157 0.14413
v -0.14186 1.50713 0.04043 0.65837 0.39157 0.14413
v -0.14568 1.50848 0.03797 0.65837 0.39157 0.14413
v -0.14186 1.50713 0.04043 0.65837 0.39157 0.14413
v -0.14514 1.50686 0.04016 0.65837 0.39157 0.14413
v -0.14568 1.50848 0.03797 0.65837 0.39157 0.14413
v -0.14568 1.50848 0.03797 0.65837 0.39157 0.14413
v -0.14514 1.50686 0.04016 0.65837 0.39157 0.14413
v -0.14879 1.50742 0.03726 0.65837 0.39157 0.14413
v -0.14514 1.50686 0.04016 0.65837 0.39157 0.14413
v -0.14795 1.50617 0.03947 0.65837 0.39157 0.14413
v -0.14879 1.50742 0.03726 0.65837 0.39157 0.14413
v -0.14879 1.50742 0.03726 0.65837 0.39157 0.14413
v -0.14795 1.50617 0.03947 0.65837 0.39157 0.14413
v -0.15099 1.50617 0.03642 0.65837 0.39157 0.14413
v -0.14795 1.50617 0.03947 0.65837 0.39157 0.14413
v -0.15011 1.50528 0.03858 0.65837 0.39157 0.14413
v -0.15099 1.50617 0.03642 0.65837 0.39157 0.14413
v 0.15011 1.10841 0.03858 0.65837 0.39157 0.14413
v 0.15099 1.10752 0.03642 0.65837 0.39157 0.14413
v 0.14795 1.10752 0.03947 0.65837 0.39157 0.14413
v 0.15099 1.10752 0.03642 0.65837 0.39157 0.14413
v 0.14879 1.10626 0.03726 0.65837 0.39157 0.14413
v 0.14795 1.10752 0.03947 0.65837 0.39157 0.14413
v 0.14795 1.10752 0.03947 0.65837 0.39157 0.14413
v 0.14879 1.10626 0.03726 0.65837 0.39157 0.14413
v 0.14514 1.10683 0.04016 0.65837 0.39157 0.14413
v 0.14879 1.10626 0.03726 0.65837 0.39157 0.14413
v 0.14568 1.10521 0.03797 0.65837 0.39157 0.14413
v 0.14514 1.10683 0.04016 0.65837 0.39157 0.14413
v 0.14514 1.10683 0.04016 0.65837 0.39157 0.14413
v 0.14568 1.10521 0.03797 0.65837 0.39157 0.14413
v 0.14186 1.10656 0.04043 0.65837 0.39157 0.14413
v 0.14568 1.10521 0.03797 0.65837 0.39157 0.14413
v 0.14186 1.10477 0.03825 0.65837 0.39157 0.14413
v 0.14186 1.10656 0.04043 0.65837 0.39157 0.14413
v 0.14186 1.10656 0.04043 0.65837 0.39157 0.14413
v 0.14186 1.10477 0.03825 0.65837 0.39157 0.14413
v -0.14186 1.10656 0.04043 0.65837 0.39157 0.14413
v 0.14186 1.10477 0.03825 0.65837 0.39157 0.14413
v -0.14186 1.10477 0.03825 0.65837 0.39157 0.14413
v -0.14186 1.10656 0.04043 0.65837 0.39157 0.14413
v -0.14186 1.10656 0.04043 0.65837 0.39157 0.14413
v -0.14186 1.10477 0.03825 0.65837 0.39157 0.14413
v -0.14514 1.10683 0.04016 0.65837 0.39157 0.14413
v -0.14186 1.10477 0.03825 0.65837 0.39157 0.14413
v -0.14568 1.10521 0.03797 0.65837 0.39157 0.14413
v -0.14514 1.10683 0.04016 0.65837 0.39157 0.14413
v -0.14514 1.10683 0.04016 0.65837 0.39157 0.14413
v -0.14568 1.10521 0.03797 0.65837 0.39157 0.14413
v -0.14795 1.10752 0.03947 0.65837 0.39157 0.14413
v -0.14568 1.10521 0.03797 0.65837 0.39157 0.14413
v -0.14879 1.10626 0.03726 0.65837 0.39157 0.14413
v -0.14795 1.10752 0.03947 0.65837 0.39157 0.14413
v -0.14795 1.10752 0.03947 0.65837 0.39157 0.14413
v -0.14879 1.10626 0.03726 0.65837 0.39157 0.14413
v -0.15011 1.10841 0.03858 0.65837 0.39157 0.14413
v -0.14879 1.10626 0.03726 0.65837 0.39157 0.14413
v -0.15099 1.10752 0.03642 0.65837 0.39157 0.14413
v -0.15011 1.10841 0.03858 0.65837 0.39157 0.14413
v 0.15099 1.10752 0.03642 0.65837 0.39157 0.14413
v 0.15169 1.10683 0.03361 0.65837 0.39157 0.14413
v 0.14879 1.10626 0.03726 0.65837 0.39157 0.14413
v 0.15169 1.10683 0.03361 0.65837 0.39157 0.14413
v 0.14949 1.10521 0.03415 0.65837 0.39157 0.14413
v 0.14879 1.10626 0.03726 0.65837 0.39157 0.14413
v 0.14879 1.10626 0.03726 0.65837 0.39157 0.14413
v 0.14949 1.10521 0.03415 0.65837 0.39157 0.14413
v 0.14568 1.10521 0.03797 0.65837 0.39157 0.14413
v 0.14949 1.10521 0.03415 0.65837 0.39157 0.14413
v 0.14617 1.10374 0.03464 0.65837 0.39157 0.14413
v 0.14568 1.10521 0.03797 0.65837 0.39157 0.14413
v 0.14568 1.10521 0.03797 0.65837 0.39157 0.14413
v 0.14617 1.10374 0.03464 0.65837 0.39157 0.14413
v 0.14186 1.10477 0.03825 0.65837 0.39157 0.14413
v 0.14617 1.10374 0.03464 0.65837 0.39157 0.14413
v 0.14186 1.10311 0.03485 0.65837 0.39157 0.14413
v 0.14186 1.10477 0.03825 0.65837 0.39157 0.14413
v 0.14186 1.10477 0.03825 0.65837 0.39157 0.14413
v 0.14186 1.10311 0.03485 0.65837 0.39157 0.14413
v -0.14186 1.10477 0.03825 0.65837 0.39157 0.14413
v 0.14186 1.10311 0.03485 0.65837 0.39157 0.14413
v -0.14186 1.10311 0.03485 0.65837 0.39157 0.14413
v -0.14186 1.10477 0.03825 0.65837 0.39157 0.14413
v -0.14186 1.10477 0.03825 0.65837 0.39157 0.14413
v -0.14186 1.10311 0.03485 0.65837 0.39157 0.14413
v -0.14568 1.10521 0.03797 0.65837 0.39157 0.14413
v -0.14186 1.10311 0.03485 0.65837 0.39157 0.14413
v -0.14617 1.10374 0.03464 0.65837 0.39157 0.14413
v -0.14568 1.10521 0.03797 0.65837 0.39157 0.14413
v -0.14568 1.10521 0.03797 0.65837 0.39157 0.14413
v -0.14617 1.10374 0.03464 0.65837 0.39157 0.14413
v -0.14879 1.10626 0.03726 0.65837 0.39157 0.14413
v -0.14617 1.10374 0.03464 0.65837 0.39157 0.14413
v -0.14949 1.10521 0.03415 0.65837 0.39157 0.14413
v -0.14879 1.10626 0.03726 0.65837 0.39157 0.14413
v -0.14879 1.10626 0.03726 0.65837 0.39157 0.14413
v -0.14949 1.10521 0.03415 0.65837 0.39157 0.14413
v -0.15099 1.10752 0.03642 0.65837 0.39157 0.14413
v -0.14949 1.10521 0.03415 0.65837 0.39157 0.14413
v -0.15169 1.10683 0.03361 0.65837 0.39157 0.14413
v -0.15099 1.10752 0.03642 0.65837 0.39157 0.14413
v 0.15169 1.10683 0.03361 0.65837 0.39157 0.14413
v 0.15196 1.10656 0.03034 0.65837 0.39157 0.14413
v 0.14949 1.10521 0.03415 0.65837 0.39157 0.14413
v 0.15196 1.10656 0.03034 0.65837 0.39157 0.14413
v 0.14978 1.10477 0.03034 0.65837 0.39157 0.14413
v 0.14949 1.10521 0.03415 0.65837 0.39157 0.14413
v 0.14949 1.10521 0.03415 0.65837 0.39157 0.14413
v 0.14978 1.10477 0.03034 0.65837 0.39157 0.14413
v 0.14617 1.10374 0.03464 0.65837 0.39157 0.14413
v 0.14978 1.10477 0.03034 0.65837 0.39157 0.14413
v 0.14638 1.10311 0.03034 0.65837 0.39157 0.14413
v 0.14617 1.10374 0.03464 0.65837 0.39157 0.14413
v 0.14617 1.10374 0.03464 0.65837 0.39157 0.14413
v 0.14638 1.10311 0.03034 0.65837 0.39157 0.14413
v 0.14186 1.10311 0.03485 0.65837 0.39157 0.14413
v 0.14638 1.10311 0.03034 0.65837 0.39157 0.14413
v 0.14186 1.10238 0.03034 0.65837 0.39157 0.14413
v 0.14186 1.10311 0.03485 0.65837 0.39157 0.14413
v 0.14186 1.10311 0.03485 0.65837 0.39157 0.14413
v 0.14186 1.10238 0.03034 0.65837 0.39157 0.14413
v -0.14186 1.10311 0.03485 0.65837 0.39157 0.14413
v 0.14186 1.10238 0.03034 0.65837 0.39157 0.14413
v -0.14186 1.10238 0.03034 0.65837 0.39157 0.14413
v -0.14186 1.10311 0.03485 0.65837 0.39157 0.14413
v -0.14186 1.10311 0.03485 0.65837 0.39157 0.14413
v -0.14186 1.10238 0.03034 0.65837 0.39157 0.14413
v -0.14617 1.10374 0.03464 0.65837 0.39157 0.14413
v -0.14186 1.10238 0.03034 0.65837 0.39157 0.14413
v -0.14638 1.10311 0.03034 0.65837 0.39157 0.14413
v -0.14617 1.10374 0.03464 0.65837 0.39157 0.14413
v -0.14617 1.10374 0.03464 0.65837 0.39157 0.14413
v -0.14638 1.10311 0.03034 0.65837 0.39157 0.14413
v -0.14949 1.10521 0.03415 0.65837 0.39157 0.14413
v -0.14638 1.10311 0.03034 0.65837 0.39157 0.14413
v -0.14978 1.10477 0.03034 0.65837 0.39157 0.14413
v -0.14949 1.10521 0.03415 0.65837 0.39157 0.14413
v -0.14949 1.10521 0.03415 0.65837 0.39157 0.14413
v -0.14978 1.10477 0.03034 0.65837 0.39157 0.14413
v -0.15169 1.10683 0.03361 0.65837 0.39157 0.14413
v -0.14978 1.10477 0.03034 0.65837 0.39157 0.14413
v -0.15196 1.10656 0.03034 0.65837 0.39157 0.14413
v -0.15169 1.10683 0.03361 0.65837 0.39157 0.14413
v 0.15196 1.10656 0.03034 0.65837 0.39157 0.14413
v 0.15196 1.10656 -0.03034 0.65837 0.39157 0.14413
v 0.14978 1.10477 0.03034 0.65837 0.39157 0.14413
v 0.15196 1.10656 -0.03034 0.65837 0.39157 0.14413
v 0.14978 1.10477 -0.03034 0.65837 0.39157 0.14413
v 0.14978 1.10477 0.03034 0.65837 0.39157 0.14413
v 0.14978 1.10477 0.03034 0.65837 0.39157 0.14413
v 0.14978 1.10477 -0.03034 0.65837 0.39157 0.14413
v 0.14638 1.10311 0.03034 0.65837 0.39157 0.14413
v 0.14978 1.10477 -0.03034 0.65837 0.39157 0.14413
v 0.14638 1.10311 -0.03034 0.65837 0.39157 0.14413
v 0.14638 1.10311 0.03034 0.65837 0.39157 0.14413
v 0.14638 1.10311 0.03034 0.65837 0.39157 0.14413
v 0.14638 1.10311 -0.03034 0.65837 0.39157 0.14413
v 0.14186 1.10238 0.03034 0.65837 0.39157 0.14413
v 0.14638 1.10311 -0.03034 0.65837 0.39157 0.14413
v 0.14186 1.10238 -0.03034 0.65837 0.39157 0.14413
v 0.14186 1.10238 0.03034 0.65837 0.39157 0.14413
v 0.14186 1.10238 0.03034 0.65837 0.39157 0.14413
v 0.14186 1.10238 -0.03034 0.65837 0.39157 0.14413
v -0.14186 1.10238 0.03034 0.65837 0.39157 0.14413
v 0.14186 1.10238 -0.03034 0.65837 0.39157 0.14413
v -0.14186 1.10238 -0.03034 0.65837 0.39157 0.14413
v -0.14186 1.10238 0.03034 0.65837 0.39157 0.14413
v -0.14186 1.10238 0.03034 0.65837 0.39157 0.14413
v -0.14186 1.10238 -0.03034 0.65837 0.39157 0.14413
v -0.14638 1.10311 0.03034 0.65837 0.39157 0.14413
v -0.14186 1.10238 -0.03034 0.65837 0.39157 0.14413
v -0.14638 1.10311 -0.03034 0.65837 0.39157 0.14413
v -0.14638 1.10311 0.03034 0.65837 0.39157 0.14413
v -0.14638 1.10311 0.03034 0.65837 0.39157 0.14413
v -0.14638 1.10311 -0.03034 0.65837 0.39157 0.14413
v -0.14978 1.10477 0.03034 0.65837 0.39157 0.14413
v -0.14638 1.10311 -0.03034 0.65837 0.39157 0.14413
v -0.14978 1.10477 -0.03034 0.65837 0.39157 0.14413
v -0.14978 1.10477 0.03034 0.65837 0.39157 0.14413
v -0.14978 1.10477 0.03034 0.65837 0.39157 0.14413
v -0.14978 1.10477 -0.03034 0.65837 0.39157 0.14413
v -0.15196 1.10656 0.03034 0.65837 0.39157 0.14413
v -0.14978 1.10477 -0.03034 0.65837 0.39157 0.14413
v -0.15196 1.10656 -0.03034 0.65837 0.39157 0.14413
v -0.15196 1.10656 0.03034 0.65837 0.39157 0.14413
v 0.15196 1.10656 -0.03034 0.65837 0.39157 0.14413
v 0.15169 1.10683 -0.03361 0.65837 0.39157 0.14413
v 0.14978 1.10477 -0.03034 0.65837 0.39157 0.14413
v 0.15169 1.10683 -0.03361 0.65837 0.39157 0.14413
v 0.14949 1.10521 -0.03415 0.65837 0.39157 0.14413
v 0.14978 1.10477 -0.03034 0.65837 0.39157 0.14413
v 0.14978 1.10477 -0.03034 0.65837 0.39157 0.14413
v 0.14949 1.10521 -0.03415 0.65837 0.39157 0.14413
v 0.14638 1.10311 -0.03034 0.65837 0.39157 0.14413
v 0.14949 1.10521 -0.03415 0.65837 0.39157 0.14413
v 0.14617 1.10374 -0.03464 0.65837 0.39157 0.14413
v 0.14638 1.10311 -0.03034 0.65837 0.39157 0.14413
v 0.14638 1.10311 -0.03034 0.65837 0.39157 0.14413
v 0.14617 1.10374 -0.03464 0.65837 0.39157 0.14413
v 0.14186 1.10238 -0.03034 0.65837 0.39157 0.14413
v 0.14617 1.10374 -0.03464 0.65837 0.39157 0.14413
v 0.14186 1.10311 -0.03485 0.65837 0.39157 0.14413
v 0.14186 1.10238 -0.03034 0.65837 0.39157 0.14413
v 0.14186 1.10238 -0.03034 0.65837 0.39157 0.14413
v 0.14186 1.10311 -0.03485 0.65837 0.39157 0.14413
v -0.14186 1.10238 -0.03034 0.65837 0.39157 0.14413
v 0.14186 1.10311 -0.03485 0.65837 0.39157 0.14413
v -0.14186 1.10311 -0.03485 0.65837 0.39157 0.14413
v -0.14186 1.10238 -0.03034 0.65837 0.39157 0.14413
v -0.14186 1.10238 -0.03034 0.65837 0.39157 0.14413
v -0.14186 1.10311 -0.03485 0.65837 0.39157 0.14413
v -0.14638 1.10311 -0.03034 0.65837 0.39157 0.14413
v -0.14186 1.10311 -0.03485 0.65837 0.39157 0.14413
v -0.14617 1.10374 -0.03464 0.65837 0.39157 0.14413
v -0.14638 1.10311 -0.03034 0.65837 0.39157 0.14413
v -0.14638 1.10311 -0.03034 0.65837 0.39157 0.14413
v -0.14617 1.10374 -0.03464 0.65837 0.39157 0.14413
v -0.14978 1.10477 -0.03034 0.65837 0.39157 0.14413
v -0.14617 1.10374 -0.03464 0.65837 0.39157 0.14413
v -0.14949 1.10521 -0.03415 0.65837 0.39157 0.14413
v -0.14978 1.10477 -0.03034 0.65837 0.39157 0.14413
v -0.14978 1.10477 -0.03034 0.65837 0.39157 0.14413
v -0.14949 1.10521 -0.03415 0.65837 0.39157 0.14413
v -0.15196 1.10656 -0.03034 0.65837 0.39157 0.14413
v -0.14949 1.10521 -0.03415 0.65837 0.39157 0.14413
v -0.15169 1.10683 -0.03361 0.65837 0.39157 0.14413
v -0.15196 1.10656 -0.03034 0.65837 0.39157 0.14413
v 0.15169 1.10683 -0.03361 0.65837 0.39157 0.14413
v 0.15099 1.10752 -0.03642 0.65837 0.39157 0.14413
v 0.14949 1.10521 -0.03415 0.65837 0.39157 0.14413
v 0.15099 1.10752 -0.03642 0.65837 0.39157 0.14413
v 0.14879 1.10626 -0.03726 0.65837 0.39157 0.14413
v 0.14949 1.10521 -0.03415 0.65837 0.39157 0.14413
v 0.14949 1.10521 -0.03415 0.65837 0.39157 0.14413
v 0.14879 1.10626 -0.03726 0.65837 0.39157 0.14413
v 0.14617 1.10374 -0.03464 0.65837 0.39157 0.14413
v 0.14879 1.10626 -0.03726 0.65837 0.39157 0.14413
v 0.14568 1.10521 -0.03797 0.65837 0.39157 0.14413
v 0.14617 1.10374 -0.03464 0.65837 0.39157 0.14413
v 0.14617 1.10374 -0.03464 0.65837 0.39157 0.14413
v 0.14568 1.10521 -0.03797 0.65837 0.39157 0.14413
v 0.14186 1.10311 -0.03485 0.65837 0.39157 0.14413
v 0.14568 1.10521 -0.03797 0.65837 0.39157 0.14413
v 0.14186 1.10477 -0.03825 0.65837 0.39157 0.14413
v 0.14186 1.10311 -0.03485 0.65837 0.39157 0.14413
v 0.14186 1.10311 -0.03485 0.65837 0.39157 0.14413
v 0.14186 1.10477 -0.03825 0.65837 0.39157 0.14413
v -0.14186 1.10311 -0.03485 0.65837 0.39157 0.14413
v 0.14186 1.10477 -0.03825 0.65837 0.39157 0.14413
v -0.14186 1.10477 -0.03825 0.65837 0.39157 0.14413
v -0.14186 1.10311 -0.03485 0.65837 0.39157 0.14413
v -0.14186 1.10311 -0.03485 0.65837 0.39157 0.14413
v -0.14186 1.10477 -0.03825 0.65837 0.39157 0.14413
v -0.14617 1.10374 -0.03464 0.65837 0.39157 0.14413
v -0.14186 1.10477 -0.03825 0.65837 0.39157 0.14413
v -0.14568 1.10521 -0.03797 0.65837 0.39157 0.14413
v -0.14617 1.10374 -0.03464 0.65837 0.39157 0.14413
v -0.14617 1.10374 -0.03464 0.65837 0.39157 0.14413
v -0.14568 1.10521 -0.03797 0.65837 0.39157 0.14413
v -0.14949 1.10521 -0.03415 0.65837 0.39157 0.14413
v -0.14568 1.10521 -0.03797 0.65837 0.39157 0.14413
v -0.14879 1.10626 -0.03726 0.65837 0.39157 0.14413
v -0.14949 1.10521 -0.03415 0.65837 0.39157 0.14413
v -0.14949 1.10521 -0.03415 0.65837 0.39157 0.14413
v -0.14879 1.10626 -0.03726 0.65837 0.39157 0.14413
v -0.15169 1.10683 -0.03361 0.65837 0.39157 0.14413
v -0.14879 1.10626 -0.03726 0.65837 0.39157 0.14413
v -0.15099 1.10752 -0.03642 0.65837 0.39157 0.14413
v -0.15169 1.10683 -0.03361 0.65837 0.39157 0.14413
v 0.15099 1.10752 -0.03642 0.65837 0.39157 0.14413
v 0.15011 1.10841 -0.03858 0.65837 0.39157 0.14413
v 0.14879 1.10626 -0.03726 0.65837 0.39157 0.14413
v 0.15011 1.10841 -0.03858 0.65837 0.39157 0.14413
v 0.14795 1.10752 -0.03947 0.65837 0.39157 0.14413
v 0.14879 1.10626 -0.03726 0.65837 0.39157 0.14413
v 0.14879 1.10626 -0.03726 0.65837 0.39157 0.14413
v 0.14795 1.10752 -0.03947 0.65837 0.39157 0.14413
v 0.14568 1.10521 -0.03797 0.65837 0.39157 0.14413
v 0.14795 1.10752 -0.03947 0.65837 0.39157 0.14413
v 0.14514 1.10683 -0.04016 0.65837 0.39157 0.14413
v 0.14568 1.10521 -0.03797 0.65837 0.39157 0.14413
v 0.14568 1.10521 -0.03797 0.65837 0.39157 0.14413
v 0.14514 1.10683 -0.04016 0.65837 0.39157 0.14413
v 0.14186 1.10477 -0.03825 0.65837 0.39157 0.14413
v 0.14514 1.10683 -0.04016 0.65837 0.39157 0.14413
v 0.14186 1.10656 -0.04043 0.65837 0.39157 0.14413
v 0.14186 1.10477 -0.03825 0.65837 0.39157 0.14413
v 0.14186 1.10477 -0.03825 0.65837 0.39157 0.14413
v 0.14186 1.10656 -0.04043 0.65837 0.39157 0.14413
v -0.14186 1.10477 -0.03825 0.65837 0.39157 0.14413
v 0.14186 1.10656 -0.04043 0.65837 0.39157 0.14413
v -0.14186 1.10656 -0.04043 0.65837 0.39157 0.14413
v -0.14186 1.10477 -0.03825 0.65837 0.39157 0.14413
v -0.14186 1.10477 -0.03825 0.65837 0.39157 0.14413
v -0.14186 1.10656 -0.04043 0.65837 0.39157 0.14413
v -0.14568 1.10521 -0.03797 0.65837 0.39157 0.14413
v -0.14186 1.10656 -0.04043 0.65837 0.39157 0.14413
v -0.14514 1.10683 -0.04016 0.65837 0.39157 0.14413
v -0.14568 1.10521 -0.03797 0.65837 0.39157 0.14413
v -0.14568 1.10521 -0.03797 0.65837 0.39157 0.14413
v -0.14514 1.10683 -0.04016 0.65837 0.39157 0.14413
v -0.14879 1.10626 -0.03726 0.65837 0.39157 0.14413
v -0.14514 1.10683 -0.04016 0.65837 0.39157 0.14413
v -0.14795 1.10752 -0.03947 0.65837 0.39157 0.14413
v -0.14879 1.10626 -0.03726 0.65837 0.39157 0.14413
v -0.14879 1.10626 -0.03726 0.65837 0.39157 0.14413
v -0.14795 1.10752 -0.03947 0.65837 0.39157 0.14413
v -0.15099 1.10752 -0.03642 0.65837 0.39157 0.14413
v -0.14795 1.10752 -0.03947 0.65837 0.39157 0.14413
v -0.15011 1.10841 -0.03858 0.65837 0.39157 0.14413
v -0.15099 1.10752 -0.03642 0.65837 0.39157 0.14413
v 0.15011 1.50528 0.03858 0.65837 0.39157 0.14413
v 0.15099 1.50312 0.03947 0.65837 0.39157 0.14413
v 0.14795 1.50617 0.03947 0.65837 0.39157 0.14413
v 0.15099 1.50312 0.03947 0.65837 0.39157 0.14413
v 0.14879 1.50396 0.04072 0.65837 0.39157 0.14413
v 0.14795 1.50617 0.03947 0.65837 0.39157 0.14413
v 0.14795 1.50617 0.03947 0.65837 0.39157 0.14413
v 0.14879 1.50396 0.04072 0.65837 0.39157 0.14413
v 0.14514 1.50686 0.04016 0.65837 0.39157 0.14413
v 0.14879 1.50396 0.04072 0.65837 0.39157 0.14413
v 0.14568 1.50467 0.04178 0.65837 0.39157 0.14413
v 0.14514 1.50686 0.04016 0.65837 0.39157 0.14413
v 0.14514 1.50686 0.04016 0.65837 0.39157 0.14413
v 0.14568 1.50467 0.04178 0.65837 0.39157 0.14413
v 0.14186 1.50713 0.04043 0.65837 0.39157 0.14413
v 0.14568 1.50467 0.04178 0.65837 0.39157 0.14413
v 0.14186 1.50495 0.04221 0.65837 0.39157 0.14413
v 0.14186 1.50713 0.04043 0.65837 0.39157 0.14413
v 0.14186 1.50713 0.04043 0.65837 0.39157 0.14413
v 0.14186 1.50495 0.04221 0.65837 0.39157 0.14413
v -0.14186 1.50713 0.04043 0.65837 0.39157 0.14413
v 0.14186 1.50495 0.04221 0.65837 0.39157 0.14413
v -0.14186 1.50495 0.04221 0.65837 0.39157 0.14413
v -0.14186 1.50713 0.04043 0.65837 0.39157 0.14413
v -0.14186 1.50713 0.04043 0.65837 0.39157 0.14413
v -0.14186 1.50495 0.04221 0.65837 0.39157 0.14413
v -0.14514 1.50686 0.04016 0.65837 0.39157 0.14413
v -0.14186 1.50495 0.04221 0.65837 0.39157 0.14413
v -0.14568 1.50467 0.04178 0.65837 0.39157 0.14413
v -0.14514 1.50686 0.04016 0.65837 0.39157 0.14413
v -0.14514 1.50686 0.04016 0.65837 0.39157 0.14413
v -0.14568 1.50467 0.04178 0.65837 0.39157 0.14413
v -0.14795 1.50617 0.03947 0.65837 0.39157 0.14413
v -0.14568 1.50467 0.04178 0.65837 0.39157 0.14413
v -0.14879 1.50396 0.04072 0.65837 0.39157 0.14413
v -0.14795 1.50617 0.03947 0.65837 0.39157 0.14413
v -0.14795 1.50617 0.03947 0.65837 0.39157 0.14413
v -0.14879 1.50396 0.04072 0.65837 0.39157 0.14413
v -0.15011 1.50528 0.03858 0.65837 0.39157 0.14413
v -0.14879 1.50396 0.04072 0.65837 0.39157 0.14413
v -0.15099 1.50312 0.03947 0.65837 0.39157 0.14413
v -0.15011 1.50528 0.03858 0.65837 0.39157 0.14413
v 0.15099 1.50312 0.03947 0.65837 0.39157 0.14413
v 0.15169 1.50031 0.04016 0.65837 0.39157 0.14413
v 0.14879 1.50396 0.04072 0.65837 0.39157 0.14413
v 0.15169 1.50031 0.04016 0.65837 0.39157 0.14413
v 0.14949 1.50085 0.04178 0.65837 0.39157 0.14413
v 0.14879 1.50396 0.04072 0.65837 0.39157 0.14413
v 0.14879 1.50396 0.04072 0.65837 0.39157 0.14413
v 0.14949 1.50085 0.04178 0.65837 0.39157 0.14413
v 0.14568 1.50467 0.04178 0.65837 0.39157 0.14413
v 0.14949 1.50085 0.04178 0.65837 0.39157 0.14413
v 0.14617 1.50134 0.04325 0.65837 0.39157 0.14413
v 0.14568 1.50467 0.04178 0.65837 0.39157 0.14413
v 0.14568 1.50467 0.04178 0.65837 0.39157 0.14413
v 0.14617 1.50134 0.04325 0.65837 0.39157 0.14413
v 0.14186 1.50495 0.04221 0.65837 0.39157 0.14413
v 0.14617 1.50134 0.04325 0.65837 0.39157 0.14413
v 0.14186 1.50155 0.04388 0.65837 0.39157 0.14413
v 0.14186 1.50495 0.04221 0.65837 0.39157 0.14413
v 0.14186 1.50495 0.04221 0.65837 0.39157 0.14413
v 0.14186 1.50155 0.04388 0.65837 0.39157 0.14413
v -0.14186 1.50495 0.04221 0.65837 0.39157 0.14413
v 0.14186 1.50155 0.04388 0.65837 0.39157 0.14413
v -0.14186 1.50155 0.04388 0.65837 0.39157 0.14413
v -0.14186 1.50495 0.04221 0.65837 0.39157 0.14413
v -0.14186 1.50495 0.04221 0.65837 0.39157 0.14413
v -0.14186 1.50155 0.04388 0.65837 0.39157 0.14413
v -0.14568 1.50467 0.04178 0.65837 0.39157 0.14413
v -0.14186 1.50155 0.04388 0.65837 0.39157 0.14413
v -0.14617 1.50134 0.04325 0.65837 0.39157 0.14413
v -0.14568 1.50467 0.04178 0.65837 0.39157 0.14413
v -0.14568 1.50467 0.04178 0.65837 0.39157 0.14413
v -0.14617 1.50134 0.04325 0.65837 0.39157 0.14413
v -0.14879 1.50396 0.04072 0.65837 0.39157 0.14413
v -0.14617 1.50134 0.04325 0.65837 0.39157 0.14413
v -0.14949 1.50085 0.04178 0.65837 0.39157 0.14413
v -0.14879 1.50396 0.04072 0.65837 0.39157 0.14413
v -0.14879 1.50396 0.04072 0.65837 0.39157 0.14413
v -0.14949 1.50085 0.04178 0.65837 0.39157 0.14413
v -0.15099 1.50312 0.03947 0.65837 0.39157 0.14413
v -0.14949 1.50085 0.04178 0.65837 0.39157 0.14413
v -0.15169 1.50031 0.04016 0.65837 0.39157 0.14413
v -0.15099 1.50312 0.03947 0.65837 0.39157 0.14413
v 0.15169 1.50031 0.04016 0.65837 0.39157 0.14413
v 0.15196 1.49704 0.04043 0.65837 0.39157 0.14413
v 0.14949 1.50085 0.04178 0.65837 0.39157 0.14413
v 0.15196 1.49704 0.04043 0.65837 0.39157 0.14413
v 0.14978 1.49704 0.04221 0.65837 0.39157 0.14413
v 0.14949 1.50085 0.04178 0.65837 0.39157 0.14413
v 0.14949 1.50085 0.04178 0.65837 0.39157 0.14413
v 0.14978 1.49704 0.04221 0.65837 0.39157 0.14413
v 0.14617 1.50134 0.04325 0.65837 0.39157 0.14413
v 0.14978 1.49704 0.04221 0.65837 0.39157 0.14413
v 0.14638 1.49704 0.04388 0.65837 0.39157 0.14413
v 0.14617 1.50134 0.04325 0.65837 0.39157 0.14413
v 0.14617 1.50134 0.04325 0.65837 0.39157 0.14413
v 0.14638 1.49704 0.04388 0.65837 0.39157 0.14413
v 0.14186 1.50155 0.04388 0.65837 0.39157 0.14413
v 0.14638 1.49704 0.04388 0.65837 0.39157 0.14413
v 0.14186 1.49704 0.04461 0.65837 0.39157 0.14413
v 0.14186 1.50155 0.04388 0.65837 0.39157 0.14413
v 0.14186 1.50155 0.04388 0.65837 0.39157 0.14413
v 0.14186 1.49704 0.04461 0.65837 0.39157 0.14413
v -0.14186 1.50155 0.04388 0.65837 0.39157 0.14413
v 0.14186 1.49704 0.04461 0.65837 0.39157 0.14413
v -0.14186 1.49704 0.04461 0.65837 0.39157 0.14413
v -0.14186 1.50155 0.04388 0.65837 0.39157 0.14413
v -0.14186 1.50155 0.04388 0.65837 0.39157 0.14413
v -0.14186 1.49704 0.04461 0.65837 0.39157 0.14413
v -0.14617 1.50134 0.04325 0.65837 0.39157 0.14413
v -0.14186 1.49704 0.04461 0.65837 0.39157 0.14413
v -0.14638 1.49704 0.04388 0.65837 0.39157 0.14413
v -0.14617 1.50134 0.04325 0.65837 0.39157 0.14413
v -0.14617 1.50134 0.04325 0.65837 0.39157 0.14413
v -0.14638 1.49704 0.04388 0.65837 0.39157 0.14413
v -0.14949 1.50085 0.04178 0.65837 0.39157 0.14413
v -0.14638 1.49704 0.04388 0.65837 0.39157 0.14413
v -0.14978 1.49704 0.04221 0.65837 0.39157 0.14413
v -0.14949 1.50085 0.04178 0.65837 0.39157 0.14413
v -0.14949 1.50085 0.04178 0.65837 0.39157 0.14413
v -0.14978 1.49704 0.04221 0.65837 0.39157 0.14413
v -0.15169 1.50031 0.04016 0.65837 0.39157 0.14413
v -0.14978 1.49704 0.04221 0.65837 0.39157 0.14413
v -0.15196 1.49704 0.04043 0.65837 0.39157 0.14413
v -0.15169 1.50031 0.04016 0.65837 0.39157 0.14413
v 0.15196 1.49704 0.04043 0.65837 0.39157 0.14413
v 0.15196 1.11665 0.04043 0.65837 0.39157 0.14413
v 0.14978 1.49704 0.04221 0.65837 0.39157 0.14413
v 0.15196 1.11665 0.04043 0.65837 0.39157 0.14413
v 0.14978 1.11665 0.04221 0.65837 0.39157 0.14413
v 0.14978 1.49704 0.04221 0.65837 0.39157 0.14413
v 0.14978 1.49704 0.04221 0.65837 0.39157 0.14413
v 0.14978 1.11665 0.04221 0.65837 0.39157 0.14413
v 0.14638 1.49704 0.04388 0.65837 0.39157 0.14413
v 0.14978 1.11665 0.04221 0.65837 0.39157 0.14413
v 0.14638 1.11665 0.04388 0.65837 0.39157 0.14413
v 0.14638 1.49704 0.04388 0.65837 0.39157 0.14413
v 0.14638 1.49704 0.04388 0.65837 0.39157 0.14413
v 0.14638 1.11665 0.04388 0.65837 0.39157 0.14413
v 0.14186 1.49704 0.04461 0.65837 0.39157 0.14413
v 0.14638 1.11665 0.04388 0.65837 0.39157 0.14413
v 0.14186 1.11665 0.04461 0.65837 0.39157 0.14413
v 0.14186 1.49704 0.04461 0.65837 0.39157 0.14413
v 0.14186 1.49704 0.04461 0.65837 0.39157 0.14413
v 0.14186 1.11665 0.04461 0.65837 0.39157 0.14413
v -0.14186 1.49704 0.04461 0.65837 0.39157 0.14413
v 0.14186 1.11665 0.04461 0.65837 0.39157 0.14413
v -0.14186 1.11665 0.04461 0.65837 0.39157 0.14413
v -0.14186 1.49704 0.04461 0.65837 0.39157 0.14413
v -0.14186 1.49704 0.04461 0.65837 0.39157 0.14413
v -0.14186 1.11665 0.04461 0.65837 0.39157 0.14413
v -0.14638 1.49704 0.04388 0.65837 0.39157 0.14413
v -0.14186 1.11665 0.04461 0.65837 0.39157 0.14413
v -0.14638 1.11665 0.04388 0.65837 0.39157 0.14413
v -0.14638 1.49704 0.04388 0.65837 0.39157 0.14413
v -0.14638 1.49704 0.04388 0.65837 0.39157 0.14413
v -0.14638 1.11665 0.04388 0.65837 0.39157 0.14413
v -0.14978 1.49704 0.04221 0.65837 0.39157 0.14413
v -0.14638 1.11665 0.04388 0.65837 0.39157 0.14413
v -0.14978 1.11665 0.04221 0.65837 0.39157 0.14413
v -0.14978 1.49704 0.04221 0.65837 0.39157 0.14413
v -0.14978 1.49704 0.04221 0.65837 0.39157 0.14413
v -0.14978 1.11665 0.04221 0.65837 0.39157 0.14413
v -0.15196 1.49704 0.04043 0.65837 0.39157 0.14413
v -0.14978 1.11665 0.04221 0.65837 0.39157 0.14413
v -0.15196 1.11665 0.04043 0.65837 0.39157 0.14413
v -0.15196 1.49704 0.04043 0.65837 0.39157 0.14413
v 0.15196 1.11665 0.04043 0.65837 0.39157 0.14413
v 0.15169 1.11338 0.04016 0.65837 0.39157 0.14413
v 0.14978 1.11665 0.04221 0.65837 0.39157 0.14413
v 0.15169 1.11338 0.04016 0.65837 0.39157 0.14413
v 0.14949 1.11284 0.04178 0.65837 0.39157 0.14413
v 0.14978 1.11665 0.04221 0.65837 0.39157 0.14413
v 0.14978 1.11665 0.04221 0.65837 0.39157 0.14413
v 0.14949 1.11284 0.04178 0.65837 0.39157 0.14413
v 0.14638 1.11665 0.04388 0.65837 0.39157 0.14413
v 0.14949 1.11284 0.04178 0.65837 0.39157 0.14413
v 0.14617 1.11235 0.04325 0.65837 0.39157 0.14413
v 0.14638 1.11665 0.04388 0.65837 0.39157 0.14413
v 0.14638 1.11665 0.04388 0.65837 0.39157 0.14413
v 0.14617 1.11235 0.04325 0.65837 0.39157 0.14413
v 0.14186 1.11665 0.04461 0.65837 0.39157 0.14413
v 0.14617 1.11235 0.04325 0.65837 0.39157 0.14413
v 0.14186 1.11214 0.04388 0.65837 0.39157 0.14413
v 0.14186 1.11665 0.04461 0.65837 0.39157 0.14413
v 0.14186 1.11665 0.04461 0.65837 0.39157 0.14413
v 0.14186 1.11214 0.04388 0.65837 0.39157 0.14413
v -0.14186 1.11665 0.04461 0.65837 0.39157 0.14413
v 0.14186 1.11214 0.04388 0.65837 0.39157 0.14413
v -0.14186 1.11214 0.04388 0.65837 0.39157 0.14413
v -0.14186 1.11665 0.04461 0.65837 0.39157 0.14413
v -0.14186 1.11665 0.04461 0.65837 0.39157 0.14413
v -0.14186 1.11214 0.04388 0.65837 0.39157 0.14413
v -0.14638 1.11665 0.04388 0.65837 0.39157 0.14413
v -0.14186 1.11214 0.04388 0.65837 0.39157 0.14413
v -0.14617 1.11235 0.04325 0.65837 0.39157 0.14413
v -0.14638 1.11665 0.04388 0.65837 0.39157 0.14413
v -0.14638 1.11665 0.04388 0.65837 0.39157 0.14413
v -0.14617 1.11235 0.04325 0.65837 0.39157 0.14413
v -0.14978 1.11665 0.04221 0.65837 0.39157 0.14413
v -0.14617 1.11235 0.04325 0.65837 0.39157 0.14413
v -0.14949 1.11284 0.04178 0.65837 0.39157 0.14413
v -0.14978 1.11665 0.04221 0.65837 0.39157 0.14413
v -0.14978 1.11665 0.04221 0.65837 0.39157 0.14413
v -0.14949 1.11284 0.04178 0.65837 0.39157 0.14413
v -0.15196 1.11665 0.04043 0.65837 0.39157 0.14413
v -0.14949 1.11284 0.04178 0.65837 0.39157 0.14413
v -0.15169 1.11338 0.04016 0.65837 0.39157 0.14413
v -0.15196 1.11665 0.04043 0.65837 0.39157 0.14413
v 0.15169 1.11338 0.04016 0.65837 0.39157 0.14413
v 0.15099 1.11056 0.03947 0.65837 0.39157 0.14413
v 0.14949 1.11284 0.04178 0.65837 0.39157 0.14413
v 0.15099 1.11056 0.03947 0.65837 0.39157 0.14413
v 0.14879 1.10973 0.04072 0.65837 0.39157 0.14413
v 0.14949 1.11284 0.04178 0.65837 0.39157 0.14413
v 0.14949 1.11284 0.04178 0.65837 0.39157 0.14413
v 0.14879 1.10973 0.04072 0.65837 0.39157 0.14413
v 0.14617 1.11235 0.04325 0.65837 0.39157 0.14413
v 0.14879 1.10973 0.04072 0.65837 0.39157 0.14413
v 0.14568 1.10902 0.04178 0.65837 0.39157 0.14413
v 0.14617 1.11235 0.04325 0.65837 0.39157 0.14413
v 0.14617 1.11235 0.04325 0.65837 0.39157 0.14413
v 0.14568 1.10902 0.04178 0.65837 0.39157 0.14413
v 0.14186 1.11214 0.04388 0.65837 0.39157 0.14413
v 0.14568 1.10902 0.04178 0.65837 0.39157 0.14413
v 0.14186 1.10873 0.04221 0.65837 0.39157 0.14413
v 0.14186 1.11214 0.04388 0.65837 0.39157 0.14413
v 0.14186 1.11214 0.04388 0.65837 0.39157 0.14413
v 0.14186 1.10873 0.04221 0.65837 0.39157 0.14413
v -0.14186 1.11214 0.04388 0.65837 0.39157 0.14413
v 0.14186 1.10873 0.04221 0.65837 0.39157 0.14413
v -0.14186 1.10873 0.04221 0.65837 0.39157 0.14413
v -0.14186 1.11214 0.04388 0.65837 0.39157 0.14413
v -0.14186 1.11214 0.04388 0.65837 0.39157 0.14413
v -0.14186 1.10873 0.04221 0.65837 0.39157 0.14413
v -0.14617 1.11235 0.04325 0.65837 0.39157 0.14413
v -0.14186 1.10873 0.04221 0.65837 0.39157 0.14413
v -0.14568 1.10902 0.04178 0.65837 0.39157 0.14413
v -0.14617 1.11235 0.04325 0.65837 0.39157 0.14413
v -0.14617 1.11235 0.04325 0.65837 0.39157 0.14413
v -0.14568 1.10902 0.04178 0.65837 0.39157 0.14413
v -0.14949 1.11284 0.04178 0.65837 0.39157 0.14413
v -0.14568 1.10902 0.04178 0.65837 0.39157 0.14413
v -0.14879 1.10973 0.04072 0.65837 0.39157 0.14413
v -0.14949 1.11284 0.04178 0.65837 0.39157 0.14413
v -0.14949 1.11284 0.04178 0.65837 0.39157 0.14413
v -0.14879 1.10973 0.04072 0.65837 0.39157 0.14413
v -0.15169 1.11338 0.04016 0.65837 0.39157 0.14413
v -0.14879 1.10973 0.04072 0.65837 0.39157 0.14413
v -0.15099 1.11056 0.03947 0.65837 0.39157 0.14413
v -0.15169 1.11338 0.04016 0.65837 0.39157 0.14413
v 0.15099 1.11056 0.03947 0.65837 0.39157 0.14413
v 0.15011 1.10841 0.03858 0.65837 0.39157 0.14413
v 0.14879 1.10973 0.04072 0.65837 0.39157 0.14413
v 0.15011 1.10841 0.03858 0.65837 0.39157 0.14413
v 0.14795 1.10752 0.03947 0.65837 0.39157 0.14413
v 0.14879 1.10973 0.04072 0.65837 0.39157 0.14413
v 0.14879 1.10973 0.04072 0.65837 0.39157 0.14413
v 0.14795 1.10752 0.03947 0.65837 0.39157 0.14413
v 0.14568 1.10902 0.04178 0.65837 0.39157 0.14413
v 0.14795 1.10752 0.03947 0.65837 0.39157 0.14413
v 0.14514 1.10683 0.04016 0.65837 0.39157 0.14413
v 0.14568 1.10902 0.04178 0.65837 0.39157 0.14413
v 0.14568 1.10902 0.04178 0.65837 0.39157 0.14413
v 0.14514 1.10683 0.04016 0.65837 0.39157 0.14413
v 0.14186 1.10873 0.04221 0.65837 0.39157 0.14413
v 0.14514 1.10683 0.04016 0.65837 0.39157 0.14413
v 0.14186 1.10656 0.04043 0.65837 0.39157 0.14413
v 0.14186 1.10873 0.04221 0.65837 0.39157 0.14413
v 0.14186 1.10873 0.04221 0.65837 0.39157 0.14413
v 0.14186 1.10656 0.04043 0.65837 0.39157 0.14413
v -0.14186 1.10873 0.04221 0.65837 0.39157 0.14413
v 0.14186 1.10656 0.04043 0.65837 0.39157 0.14413
v -0.14186 1.10656 0.04043 0.65837 0.39157 0.14413
v -0.14186 1.10873 0.04221 0.65837 0.39157 0.14413
v -0.14186 1.10873 0.04221 0.65837 0.39157 0.14413
v -0.14186 1.10656 0.04043 0.65837 0.39157 0.14413
v -0.14568 1.10902 0.04178 0.65837 0.39157 0.14413
v -0.14186 1.10656 0.04043 0.65837 0.39157 0.14413
v -0.14514 1.10683 0.04016 0.65837 0.39157 0.14413
v -0.14568 1.10902 0.04178 0.65837 0.39157 0.14413
v -0.14568 1.10902 0.04178 0.65837 0.39157 0.14413
v -0.14514 1.10683 0.04016 0.65837 0.39157 0.14413
v -0.14879 1.10973 0.04072 0.65837 0.39157 0.14413
v -0.14514 1.10683 0.04016 0.65837 0.39157 0.14413
v -0.14795 1.10752 0.03947 0.65837 0.39157 0.14413
v -0.14879 1.10973 0.04072 0.65837 0.39157 0.14413
v -0.14879 1.10973 0.04072 0.65837 0.39157 0.14413
v -0.14795 1.10752 0.03947 0.65837 0.39157 0.14413
v -0.15099 1.11056 0.03947 0.65837 0.39157 0.14413
v -0.14795 1.10752 0.03947 0.65837 0.39157 0.14413
v -0.15011 1.10841 0.03858 0.65837 0.39157 0.14413
v -0.15099 1.11056 0.03947 0.65837 0.39157 0.14413
v -0.15011 1.50528 -0.03858 0.65837 0.39157 0.14413
v -0.15099 1.50312 -0.03947 0.65837 0.39157 0.14413
v -0.14795 1.50617 -0.03947 0.65837 0.39157 0.14413
v -0.15099 1.50312 -0.03947 0.65837 0.39157 0.14413
v -0.14879 1.50396 -0.04072 0.65837 0.39157 0.14413
v -0.14795 1.50617 -0.03947 0.65837 0.39157 0.14413
v -0.14795 1.50617 -0.03947 0.65837 0.39157 0.14413
v -0.14879 1.50396 -0.04072 0.65837 0.39157 0.14413
v -0.14514 1.50686 -0.04016 0.65837 0.39157 0.14413
v -0.14879 1.50396 -0.04072 0.65837 0.39157 0.14413
v -0.14568 1.50467 -0.04178 0.65837 0.39157 0.14413
v -0.14514 1.50686 -0.04016 0.65837 0.39157 0.14413
v -0.14514 1.50686 -0.04016 0.65837 0.39157 0.14413
v -0.14568 1.50467 -0.04178 0.65837 0.39157 0.14413
v -0.14186 1.50713 -0.04043 0.65837 0.39157 0.14413
v -0.14568 1.50467 -0.04178 0.65837 0.39157 0.14413
v -0.14186 1.50495 -0.04221 0.65837 0.39157 0.14413
v -0.14186 1.50713 -0.04043 0.65837 0.39157 0.14413
v -0.14186 1.50713 -0.04043 0.65837 0.39157 0.14413
v -0.14186 1.50495 -0.04221 0.65837 0.39157 0.14413
v 0.14186 1.50713 -0.04043 0.65837 0.39157 0.14413
v -0.14186 1.50495 -0.04221 0.65837 0.39157 0.14413
v 0.14186 1.50495 -0.04221 0.65837 0.39157 0.14413
v 0.14186 1.50713 -0.04043 0.65837 0.39157 0.14413
v 0.14186 1.50713 -0.04043 0.65837 0.39157 0.14413
v 0.14186 1.50495 -0.04221 0.65837 0.39157 0.14413
v 0.14514 1.50686 -0.04016 0.65837 0.39157 0.14413
v 0.14186 1.50495 -0.04221 0.65837 0.39157 0.14413
v 0.14568 1.50467 -0.04178 0.65837 0.39157 0.14413
v 0.14514 1.50686 -0.04016 0.65837 0.39157 0.14413
v 0.14514 1.50686 -0.04016 0.65837 0.39157 0.14413
v 0.14568 1.50467 -0.04178 0.65837 0.39157 0.14413
v 0.14795 1.50617 -0.03947 0.65837 0.39157 0.14413
v 0.14568 1.50467 -0.04178 0.65837 0.39157 0.14413
v 0.14879 1.50396 -0.04072 0.65837 0.39157 0.14413
v 0.14795 1.50617 -0.03947 0.65837 0.39157 0.14413
v 0.14795 1.50617 -0.03947 0.65837 0.39157 0.14413
v 0.14879 1.50396 -0.04072 0.65837 0.39157 0.14413
v 0.15011 1.50528 -0.03858 0.65837 0.39157 0.14413
v 0.14879 1.50396 -0.04072 0.65837 0.39157 0.14413
v 0.15099 1.50312 -0.03947 0.65837 0.39157 0.14413
v 0.15011 1.50528 -0.03858 0.65837 0.39157 0.14413
v -0.15099 1.50312 -0.03947 0.65837 0.39157 0.14413
v -0.15169 1.50031 -0.04016 0.65837 0.39157 0.14413
v -0.14879 1.50396 -0.04072 0.65837 0.39157 0.14413
v -0.15169 1.50031 -0.04016 0.65837 0.39157 0.14413
v -0.14949 1.50085 -0.04178 0.65837 0.39157 0.14413
v -0.14879 1.50396 -0.04072 0.65837 0.39157 0.14413
v -0.14879 1.50396 -0.04072 0.65837 0.39157 0.14413
v -0.14949 1.50085 -0.04178 0.65837 0.39157 0.14413
v -0.14568 1.50467 -0.04178 0.65837 0.39157 0.14413
v -0.14949 1.50085 -0.04178 0.65837 0.39157 0.14413
v -0.14617 1.50134 -0.04325 0.65837 0.39157 0.14413
v -0.14568 1.50467 -0.04178 0.65837 0.39157 0.14413
v -0.14568 1.50467 -0.04178 0.65837 0.39157 0.14413
v -0.14617 1.50134 -0.04325 0.65837 0.39157 0.14413
v -0.14186 1.50495 -0.04221 0.65837 0.39157 0.14413
v -0.14617 1.50134 -0.04325 0.65837 0.39157 0.14413
v -0.14186 1.50155 -0.04388 0.65837 0.39157 0.14413
v -0.14186 1.50495 -0.04221 0.65837 0.39157 0.14413
v -0.14186 1.50495 -0.04221 0.65837 0.39157 0.14413
v -0.14186 1.50155 -0.04388 0.65837 0.39157 0.14413
v 0.14186 1.50495 -0.04221 0.65837 0.39157 0.14413
v -0.14186 1.50155 -0.04388 0.65837 0.39157 0.14413
v 0.14186 1.50155 -0.04388 0.65837 0.39157 0.14413
v 0.14186 1.50495 -0.04221 0.65837 0.39157 0.14413
v 0.14186 1.50495 -0.04221 0.65837 0.39157 0.14413
v 0.14186 1.50155 -0.04388 0.65837 0.39157 0.14413
v 0.14568 1.50467 -0.04178 0.65837 0.39157 0.14413
v 0.14186 1.50155 -0.04388 0.65837 0.39157 0.14413
v 0.14617 1.50134 -0.04325 0.65837 0.39157 0.14413
v 0.14568 1.50467 -0.04178 0.65837 0.39157 0.14413
v 0.14568 1.50467 -0.04178 0.65837 0.39157 0.14413
v 0.14617 1.50134 -0.04325 0.65837 0.39157 0.14413
v 0.14879 1.50396 -0.04072 0.65837 0.39157 0.14413
v 0.14617 1.50134 -0.04325 0.65837 0.39157 0.14413
v 0.14949 1.50085 -0.04178 0.65837 0.39157 0.14413
v 0.14879 1.50396 -0.04072 0.65837 0.39157 0.14413
v 0.14879 1.50396 -0.04072 0.65837 0.39157 0.14413
v 0.14949 1.50085 -0.04178 0.65837 0.39157 0.14413
v 0.15099 1.50312 -0.03947 0.65837 0.39157 0.14413
v 0.14949 1.50085 -0.04178 0.65837 0.39157 0.14413
v 0.15169 1.50031 -0.04016 0.65837 0.39157 0.14413
v 0.15099 1.50312 -0.03947 0.65837 0.39157 0.14413
v -0.15169 1.50031 -0.04016 0.65837 0.39157 0.14413
v -0.15196 1.49704 -0.04043 0.65837 0.39157 0.14413
v -0.14949 1.50085 -0.04178 0.65837 0.39157 0.14413
v -0.15196 1.49704 -0.04043 0.65837 0.39157 0.14413
v -0.14978 1.49704 -0.04221 0.65837 0.39157 0.14413
v -0.14949 1.50085 -0.04178 0.65837 0.39157 0.14413
v -0.14949 1.50085 -0.04178 0.65837 0.39157 0.14413
v -0.14978 1.49704 -0.04221 0.65837 0.39157 0.14413
v -0.14617 1.50134 -0.04325 0.65837 0.39157 0.14413
v -0.14978 1.49704 -0.04221 0.65837 0.39157 0.14413
v -0.14638 1.49704 -0.04388 0.65837 0.39157 0.14413
v -0.14617 1.50134 -0.04325 0.65837 0.39157 0.14413
v -0.14617 1.50134 -0.04325 0.65837 0.39157 0.14413
v -0.14638 1.49704 -0.04388 0.65837 0.39157 0.14413
v -0.14186 1.50155 -0.04388 0.65837 0.39157 0.14413
v -0.14638 1.49704 -0.04388 0.65837 0.39157 0.14413
v -0.14186 1.49704 -0.04461 0.65837 0.39157 0.14413
v -0.14186 1.50155 -0.04388 0.65837 0.39157 0.14413
v -0.14186 1.50155 -0.04388 0.65837 0.39157 0.14413
v -0.14186 1.49704 -0.04461 0.65837 0.39157 0.14413
v 0.14186 1.50155 -0.04388 0.65837 0.39157 0.14413
v -0.14186 1.49704 -0.04461 0.65837 0.39157 0.14413
v 0.14186 1.49704 -0.04461 0.65837 0.39157 0.14413
v 0.14186 1.50155 -0.04388 0.65837 0.39157 0.14413
v 0.14186 1.50155 -0.04388 0.65837 0.39157 0.14413
v 0.14186 1.49704 -0.04461 0.65837 0.39157 0.14413
v 0.14617 1.50134 -0.04325 0.65837 0.39157 0.14413
v 0.14186 1.49704 -0.04461 0.65837 0.39157 0.14413
v 0.14638 1.49704 -0.04388 0.65837 0.39157 0.14413
v 0.14617 1.50134 -0.04325 0.65837 0.39157 0.14413
v 0.14617 1.50134 -0.04325 0.65837 0.39157 0.14413
v 0.14638 1.49704 -0.04388 0.65837 0.39157 0.14413
v 0.14949 1.50085 -0.04178 0.65837 0.39157 0.14413
v 0.14638 1.49704 -0.04388 0.65837 0.39157 0.14413
v 0.14978 1.49704 -0.04221 0.65837 0.39157 0.14413
v 0.14949 1.50085 -0.04178 0.65837 0.39157 0.14413
v 0.14949 1.50085 -0.04178 0.65837 0.39157 0.14413
v 0.14978 1.49704 -0.04221 0.65837 0.39157 0.14413
v 0.15169 1.50031 -0.04016 0.65837 0.39157 0.14413
v 0.14978 1.49704 -0.04221 0.65837 0.39157 0.14413
v 0.15196 1.49704 -0.04043 0.65837 0.39157 0.14413
v 0.15169 1.50031 -0.04016 0.65837 0.39157 0.14413
v -0.15196 1.49704 -0.04043 0.65837 0.39157 0.14413
v -0.15196 1.11665 -0.04043 0.65837 0.39157 0.14413
v -0.14978 1.49704 -0.04221 0.65837 0.39157 0.14413
v -0.15196 1.11665 -0.04043 0.65837 0.39157 0.14413
v -0.14978 1.11665 -0.04221 0.65837 0.39157 0.14413
v -0.14978 1.49704 -0.04221 0.65837 0.39157 0.14413
v -0.14978 1.49704 -0.04221 0.65837 0.39157 0.14413
v -0.14978 1.11665 -0.04221 0.65837 0.39157 0.14413
v -0.14638 1.49704 -0.04388 0.65837 0.39157 0.14413
v -0.14978 1.11665 -0.04221 0.65837 0.39157 0.14413
v -0.14638 1.11665 -0.04388 0.65837 0.39157 0.14413
v -0.14638 1.49704 -0.04388 0.65837 0.39157 0.14413
v -0.14638 1.49704 -0.04388 0.65837 0.39157 0.14413
v -0.14638 1.11665 -0.04388 0.65837 0.39157 0.14413
v -0.14186 1.49704 -0.04461 0.65837 0.39157 0.14413
v -0.14638 1.11665 -0.04388 0.65837 0.39157 0.14413
v -0.14186 1.11665 -0.04461 0.65837 0.39157 0.14413
v -0.14186 1.49704 -0.04461 0.65837 0.39157 0.14413
v -0.14186 1.49704 -0.04461 0.65837 0.39157 0.14413
v -0.14186 1.11665 -0.04461 0.65837 0.39157 0.14413
v 0.14186 1.49704 -0.04461 0.65837 0.39157 0.14413
v -0.14186 1.11665 -0.04461 0.65837 0.39157 0.14413
v 0.14186 1.11665 -0.04461 0.65837 0.39157 0.14413
v 0.14186 1.49704 -0.04461 0.65837 0.39157 0.14413
v 0.14186 1.49704 -0.04461 0.65837 0.39157 0.14413
v 0.14186 1.11665 -0.04461 0.65837 0.39157 0.14413
v 0.14638 1.49704 -0.04388 0.65837 0.39157 0.14413
v 0.14186 1.11665 -0.04461 0.65837 0.39157 0.14413
v 0.14638 1.11665 -0.04388 0.65837 0.39157 0.14413
v 0.14638 1.49704 -0.04388 0.65837 0.39157 0.14413
v 0.14638 1.49704 -0.04388 0.65837 0.39157 0.14413
v 0.14638 1.11665 -0.04388 0.65837 0.39157 0.14413
v 0.14978 1.49704 -0.04221 0.65837 0.39157 0.14413
v 0.14638 1.11665 -0.04388 0.65837 0.39157 0.14413
v 0.14978 1.11665 -0.04221 0.65837 0.39157 0.14413
v 0.14978 1.49704 -0.04221 0.65837 0.39157 0.14413
v 0.14978 1.49704 -0.04221 0.65837 0.39157 0.14413
v 0.14978 1.11665 -0.04221 0.65837 0.39157 0.14413
v 0.15196 1.49704 -0.04043 0.65837 0.39157 0.14413
v 0.14978 1.11665 -0.04221 0.65837 0.39157 0.14413
v 0.15196 1.11665 -0.04043 0.65837 0.39157 0.14413
v 0.15196 1.49704 -0.04043 0.65837 0.39157 0.14413
v -0.15196 1.11665 -0.04043 0.65837 0.39157 0.14413
v -0.15169 1.11338 -0.04016 0.65837 0.39157 0.14413
v -0.14978 1.11665 -0.04221 0.65837 0.39157 0.14413
v -0.15169 1.11338 -0.04016 0.65837 0.39157 0.14413
v -0.14949 1.11284 -0.04178 0.65837 0.39157 0.14413
v -0.14978 1.11665 -0.04221 0.65837 0.39157 0.14413
v -0.14978 1.11665 -0.04221 0.65837 0.39157 0.14413
v -0.14949 1.11284 -0.04178 0.65837 0.39157 0.14413
v -0.14638 1.11665 -0.04388 0.65837 0.39157 0.14413
v -0.14949 1.11284 -0.04178 0.65837 0.39157 0.14413
v -0.14617 1.11235 -0.04325 0.65837 0.39157 0.14413
v -0.14638 1.11665 -0.04388 0.65837 0.39157 0.14413
v -0.14638 1.11665 -0.04388 0.65837 0.39157 0.14413
v -0.14617 1.11235 -0.04325 0.65837 0.39157 0.14413
v -0.14186 1.11665 -0.04461 0.65837 0.39157 0.14413
v -0.14617 1.11235 -0.04325 0.65837 0.39157 0.14413
v -0.14186 1.11214 -0.04388 0.65837 0.39157 0.14413
v -0.14186 1.11665 -0.04461 0.65837 0.39157 0.14413
v -0.14186 1.11665 -0.04461 0.65837 0.39157 0.14413
v -0.14186 1.11214 -0.04388 0.65837 0.39157 0.14413
v 0.14186 1.11665 -0.04461 0.65837 0.39157 0.14413
v -0.14186 1.11214 -0.04388 0.65837 0.39157 0.14413
v 0.14186 1.11214 -0.04388 0.65837 0.39157 0.14413
v 0.14186 1.11665 -0.04461 0.65837 0.39157 0.14413
v 0.14186 1.11665 -0.04461 0.65837 0.39157 0.14413
v 0.14186 1.11214 -0.04388 0.65837 0.39157 0.14413
v 0.14638 1.11665 -0.04388 0.65837 0.39157 0.14413
v 0.14186 1.11214 -0.04388 0.65837 0.39157 0.14413
v 0.14617 1.11235 -0.04325 0.65837 0.39157 0.14413
v 0.14638 1.11665 -0.04388 0.65837 0.39157 0.14413
v 0.14638 1.11665 -0.04388 0.65837 0.39157 0.14413
v 0.14617 1.11235 -0.04325 0.65837 0.39157 0.14413
v 0.14978 1.11665 -0.04221 0.65837 0.39157 0.14413
v 0.14617 1.11235 -0.04325 0.65837 0.39157 0.14413
v 0.14949 1.11284 -0.04178 0.65837 0.39157 0.14413
v 0.14978 1.11665 -0.04221 0.65837 0.39157 0.14413
v 0.14978 1.11665 -0.04221 0.65837 0.39157 0.14413
v 0.14949 1.11284 -0.04178 0.65837 0.39157 0.14413
v 0.15196 1.11665 -0.04043 0.65837 0.39157 0.14413
v 0.14949 1.11284 -0.04178 0.65837 0.39157 0.14413
v 0.15169 1.11338 -0.04016 0.65837 0.39157 0.14413
v 0.15196 1.11665 -0.04043 0.65837 0.39157 0.14413
v -0.15169 1.11338 -0.04016 0.65837 0.39157 0.14413
v -0.15099 1.11056 -0.03947 0.65837 0.39157 0.14413
v -0.14949 1.11284 -0.04178 0.65837 0.39157 0.14413
v -0.15099 1.11056 -0.03947 0.65837 0.39157 0.14413
v -0.14879 1.10973 -0.04072 0.65837 0.39157 0.14413
v -0.14949 1.11284 -0.04178 0.65837 0.39157 0.14413
v -0.14949 1.11284 -0.04178 0.65837 0.39157 0.14413
v -0.14879 1.10973 -0.04072 0.65837 0.39157 0.14413
v -0.14617 1.11235 -0.04325 0.65837 0.39157 0.14413
v -0.14879 1.10973 -0.04072 0.65837 0.39157 0.14413
v -0.14568 1.10902 -0.04178 0.65837 0.39157 0.14413
v -0.14617 1.11235 -0.04325 0.65837 0.39157 0.14413
v -0.14617 1.11235 -0.04325 0.65837 0.39157 0.14413
v -0.14568 1.10902 -0.04178 0.65837 0.39157 0.14413
v -0.14186 1.11214 -0.04388 0.65837 0.39157 0.14413
v -0.14568 1.10902 -0.04178 0.65837 0.39157 0.14413
v -0.14186 1.10873 -0.04221 0.65837 0.39157 0.14413
v -0.14186 1.11214 -0.04388 0.65837 0.39157 0.14413
v -0.14186 1.11214 -0.04388 0.65837 0.39157 0.14413
v -0.14186 1.10873 -0.04221 0.65837 0.39157 0.14413
v 0.14186 1.11214 -0.04388 0.65837 0.39157 0.14413
v -0.14186 1.10873 -0.04221 0.65837 0.39157 0.14413
v 0.14186 1.10873 -0.04221 0.65837 0.39157 0.14413
v 0.14186 1.11214 -0.04388 0.65837 0.39157 0.14413
v 0.14186 1.11214 -0.04388 0.65837 0.39157 0.14413
v 0.14186 1.10873 -0.04221 0.65837 0.39157 0.14413
v 0.14617 1.11235 -0.04325 0.65837 0.39157 0.14413
v 0.14186 1.10873 -0.04221 0.65837 0.39157 0.14413
v 0.14568 1.10902 -0.04178 0.65837 0.39157 0.14413
v 0.14617 1.11235 -0.04325 0.65837 0.39157 0.14413
v 0.14617 1.11235 -0.04325 0.65837 0.39157 0.14413
v 0.14568 1.10902 -0.04178 0.65837 0.39157 0.14413
v 0.14949 1.11284 -0.04178 0.65837 0.39157 0.14413
v 0.14568 1.10902 -0.04178 0.65837 0.39157 0.14413
v 0.14879 1.10973 -0.04072 0.65837 0.39157 0.14413
v 0.14949 1.11284 -0.04178 0.65837 0.39157 0.14413
v 0.14949 1.11284 -0.04178 0.65837 0.39157 0.14413
v 0.14879 1.10973 -0.04072 0.65837 0.39157 0.14413
v 0.15169 1.11338 -0.04016 0.65837 0.39157 0.14413
v 0.14879 1.10973 -0.04072 0.65837 0.39157 0.14413
v 0.15099 1.11056 -0.03947 0.65837 0.39157 0.14413
v 0.15169 1.11338 -0.04016 0.65837 0.39157 0.14413
v -0.15099 1.11056 -0.03947 0.65837 0.39157 0.14413
v -0.15011 1.10841 -0.03858 0.65837 0.39157 0.14413
v -0.14879 1.10973 -0.04072 0.65837 0.39157 0.14413
v -0.15011 1.10841 -0.03858 0.65837 0.39157 0.14413
v -0.14795 1.10752 -0.03947 0.65837 0.39157 0.14413
v -0.14879 1.10973 -0.04072 0.65837 0.39157 0.14413
v -0.14879 1.10973 -0.04072 0.65837 0.39157 0.14413
v -0.14795 1.10752 -0.03947 0.65837 0.39157 0.14413
v -0.14568 1.10902 -0.04178 0.65837 0.39157 0.14413
v -0.14795 1.10752 -0.03947 0.65837 0.39157 0.14413
v -0.14514 1.10683 -0.04016 0.65837 0.39157 0.14413
v -0.14568 1.10902 -0.04178 0.65837 0.39157 0.14413
v -0.14568 1.10902 -0.04178 0.65837 0.39157 0.14413
v -0.14514 1.10683 -0.04016 0.65837 0.39157 0.14413
v -0.14186 1.10873 -0.04221 0.65837 0.39157 0.14413
v -0.14514 1.10683 -0.04016 0.65837 0.39157 0.14413
v -0.14186 1.10656 -0.04043 0.65837 0.39157 0.14413
v -0.14186 1.10873 -0.04221 0.65837 0.39157 0.14413
v -0.14186 1.10873 -0.04221 0.65837 0.39157 0.14413
v -0.14186 1.10656 -0.04043 0.65837 0.39157 0.14413
v 0.14186 1.10873 -0.04221 0.65837 0.39157 0.14413
v -0.14186 1.10656 -0.04043 0.65837 0.39157 0.14413
v 0.14186 1.10656 -0.04043 0.65837 0.39157 0.14413
v 0.14186 1.10873 -0.04221 0.65837 0.39157 0.14413
v 0.14186 1.10873 -0.04221 0.65837 0.39157 0.14413
v 0.14186 1.10656 -0.04043 0.65837 0.39157 0.14413
v 0.14568 1.10902 -0.04178 0.65837 0.39157 0.14413
v 0.14186 1.10656 -0.04043 0.65837 0.39157 0.14413
v 0.14514 1.10683 -0.04016 0.65837 0.39157 0.14413
v 0.14568 1.10902 -0.04178 0.65837 0.39157 0.14413
v 0.14568 1.10902 -0.04178 0.65837 0.39157 0.14413
v 0.14514 1.10683 -0.04016 0.65837 0.39157 0.14413
v 0.14879 1.10973 -0.04072 0.65837 0.39157 0.14413
v 0.14514 1.10683 -0.04016 0.65837 0.39157 0.14413
v 0.14795 1.10752 -0.03947 0.65837 0.39157 0.14413
v 0.14879 1.10973 -0.04072 0.65837 0.39157 0.14413
v 0.14879 1.10973 -0.04072 0.65837 0.39157 0.14413
v 0.14795 1.10752 -0.03947 0.65837 0.39157 0.14413
v 0.15099 1.11056 -0.03947 0.65837 0.39157 0.14413
v 0.14795 1.10752 -0.03947 0.65837 0.39157 0.14413
v 0.15011 1.10841 -0.03858 0.65837 0.39157 0.14413
v 0.15099 1.11056 -0.03947 0.65837 0.39157 0.14413
v -0.08242 1.99262 0.15974 0.65837 0.39157 0.14413
v -0.08338 1.98998 0.16071 0.65837 0.39157 0.14413
v -0.08338 1.99359 0.15710 0.65837 0.39157 0.14413
v -0.08338 1.98998 0.16071 0.65837 0.39157 0.14413
v -0.08501 1.99079 0.15791 0.65837 0.39157 0.14413
v -0.08338 1.99359 0.15710 0.65837 0.39157 0.14413
v -0.08338 1.99359 0.15710 0.65837 0.39157 0.14413
v -0.08501 1.99079 0.15791 0.65837 0.39157 0.14413
v -0.08382 1.99403 0.15349 0.65837 0.39157 0.14413
v -0.08501 1.99079 0.15791 0.65837 0.39157 0.14413
v -0.08585 1.99122 0.15349 0.65837 0.39157 0.14413
v -0.08382 1.99403 0.15349 0.65837 0.39157 0.14413
v -0.08382 1.99403 0.15349 0.65837 0.39157 0.14413
v -0.08585 1.99122 0.15349 0.65837 0.39157 0.14413
v -0.08382 1.99403 0.02049 0.65837 0.39157 0.14413
v -0.08585 1.99122 0.15349 0.65837 0.39157 0.14413
v -0.08585 1.99122 0.02049 0.65837 0.39157 0.14413
v -0.08382 1.99403 0.02049 0.65837 0.39157 0.14413
v -0.08382 1.99403 0.02049 0.65837 0.39157 0.14413
v -0.08585 1.99122 0.02049 0.65837 0.39157 0.14413
v -0.08338 1.99359 0.01688 0.65837 0.39157 0.14413
v -0.08585 1.99122 0.02049 0.65837 0.39157 0.14413
v -0.08501 1.99079 0.01607 0.65837 0.39157 0.14413
v -0.08338 1.99359 0.01688 0.65837 0.39157 0.14413
v -0.08338 1.99359 0.01688 0.65837 0.39157 0.14413
v -0.08501 1.99079 0.01607 0.65837 0.39157 0.14413
v -0.08242 1.99262 0.01424 0.65837 0.39157 0.14413
v -0.08501 1.99079 0.01607 0.65837 0.39157 0.14413
v -0.08338 1.98998 0.01327 0.65837 0.39157 0.14413
v -0.08242 1.99262 0.01424 0.65837 0.39157 0.14413
v -0.08338 1.98998 0.16071 0.65837 0.39157 0.14413
v -0.08382 1.98637 0.16115 0.65837 0.39157 0.14413
v -0.08501 1.99079 0.15791 0.65837 0.39157 0.14413
v -0.08382 1.98637 0.16115 0.65837 0.39157 0.14413
v -0.08585 1.98637 0.15833 0.65837 0.39157 0.14413
v -0.08501 1.99079 0.15791 0.65837 0.39157 0.14413
v -0.08501 1.99079 0.15791 0.65837 0.39157 0.14413
v -0.08585 1.98637 0.15833 0.65837 0.39157 0.14413
v -0.08585 1.99122 0.15349 0.65837 0.39157 0.14413
v -0.08585 1.98637 0.15833 0.65837 0.39157 0.14413
v -0.08699 1.98637 0.15349 0.65837 0.39157 0.14413
v -0.08585 1.99122 0.15349 0.65837 0.39157 0.14413
v -0.08585 1.99122 0.15349 0.65837 0.39157 0.14413
v -0.08699 1.98637 0.15349 0.65837 0.39157 0.14413
v -0.08585 1.99122 0.02049 0.65837 0.39157 0.14413
v -0.08699 1.98637 0.15349 0.65837 0.39157 0.14413
v -0.08699 1.98637 0.02049 0.65837 0.39157 0.14413
v -0.08585 1.99122 0.02049 0.65837 0.39157 0.14413
v -0.08585 1.99122 0.02049 0.65837 0.39157 0.14413
v -0.08699 1.98637 0.02049 0.65837 0.39157 0.14413
v -0.08501 1.99079 0.01607 0.65837 0.39157 0.14413
v -0.08699 1.98637 0.02049 0.65837 0.39157 0.14413
v -0.08585 1.98637 0.01565 0.65837 0.39157 0.14413
v -0.08501 1.99079 0.01607 0.65837 0.39157 0.14413
v -0.08501 1.99079 0.01607 0.65837 0.39157 0.14413
v -0.08585 1.98637 0.01565 0.65837 0.39157 0.14413
v -0.08338 1.98998 0.01327 0.65837 0.39157 0.14413
v -0.08585 1.98637 0.01565 0.65837 0.39157 0.14413
v -0.08382 1.98637 0.01284 0.65837 0.39157 0.14413
v -0.08338 1.98998 0.01327 0.65837 0.39157 0.14413
v -0.08382 1.98637 0.16115 0.65837 0.39157 0.14413
v -0.08382 1.94037 0.16115 0.65837 0.39157 0.14413
v -0.08585 1.98637 0.15833 0.65837 0.39157 0.14413
v -0.08382 1.94037 0.16115 0.65837 0.39157 0.14413
v -0.08585 1.94037 0.15833 0.65837 0.39157 0.14413
v -0.08585 1.98637 0.15833 0.65837 0.39157 0.14413
v -0.08585 1.98637 0.15833 0.65837 0.39157 0.14413
v -0.08585 1.94037 0.15833 0.65837 0.39157 0.14413
v -0.08699 1.98637 0.15349 0.65837 0.39157 0.14413
v -0.08585 1.94037 0.15833 0.65837 0.39157 0.14413
v -0.08699 1.94037 0.15349 0.65837 0.39157 0.14413
v -0.08699 1.98637 0.15349 0.65837 0.39157 0.14413
v -0.08699 1.98637 0.15349 0.65837 0.39157 0.14413
v -0.08699 1.94037 0.15349 0.65837 0.39157 0.14413
v -0.08699 1.98637 0.02049 0.65837 0.39157 0.14413
v -0.08699 1.94037 0.15349 0.65837 0.39157 0.14413
v -0.08699 1.94037 0.02049 0.65837 0.39157 0.14413
v -0.08699 1.98637 0.02049 0.65837 0.39157 0.14413
v -0.08699 1.98637 0.02049 0.65837 0.39157 0.14413
v -0.08699 1.94037 0.02049 0.65837 0.39157 0.14413
v -0.08585 1.98637 0.01565 0.65837 0.39157 0.14413
v -0.08699 1.94037 0.02049 0.65837 0.39157 0.14413
v -0.08585 1.94037 0.01565 0.65837 0.39157 0.14413
v -0.08585 1.98637 0.01565 0.65837 0.39157 0.14413
v -0.08585 1.98637 0.01565 0.65837 0.39157 0.14413
v -0.08585 1.94037 0.01565 0.65837 0.39157 0.14413
v -0.08382 1.98637 0.01284 0.65837 0.39157 0.14413
v -0.08585 1.94037 0.01565 0.65837 0.39157 0.14413
v -0.08382 1.94037 0.01284 0.65837 0.39157 0.14413
v -0.08382 1.98637 0.01284 0.65837 0.39157 0.14413
v -0.08382 1.94037 0.16115 0.65837 0.39157 0.14413
v -0.08338 1.93676 0.16071 0.65837 0.39157 0.14413
v -0.08585 1.94037 0.15833 0.65837 0.39157 0.14413
v -0.08338 1.93676 0.16071 0.65837 0.39157 0.14413
v -0.08501 1.93595 0.15791 0.65837 0.39157 0.14413
v -0.08585 1.94037 0.15833 0.65837 0.39157 0.14413
v -0.08585 1.94037 0.15833 0.65837 0.39157 0.14413
v -0.08501 1.93595 0.15791 0.65837 0.39157 0.14413
v -0.08699 1.94037 0.15349 0.65837 0.39157 0.14413
v -0.08501 1.93595 0.15791 0.65837 0.39157 0.14413
v -0.08585 1.93552 0.15349 0.65837 0.39157 0.14413
v -0.08699 1.94037 0.15349 0.65837 0.39157 0.14413
v -0.08699 1.94037 0.15349 0.65837 0.39157 0.14413
v -0.08585 1.93552 0.15349 0.65837 0.39157 0.14413
v -0.08699 1.94037 0.02049 0.65837 0.39157 0.14413
v -0.08585 1.93552 0.15349 0.65837 0.39157 0.14413
v -0.08585 1.93552 0.02049 0.65837 0.39157 0.14413
v -0.08699 1.94037 0.02049 0.65837 0.39157 0.14413
v -0.08699 1.94037 0.02049 0.65837 0.39157 0.14413
v -0.08585 1.93552 0.02049 0.65837 0.39157 0.14413
v -0.08585 1.94037 0.01565 0.65837 0.39157 0.14413
v -0.08585 1.93552 0.02049 0.65837 0.39157 0.14413
v -0.08501 1.93595 0.01607 0.65837 0.39157 0.14413
v -0.08585 1.94037 0.01565 0.65837 0.39157 0.14413
v -0.08585 1.94037 0.01565 0.65837 0.39157 0.14413
v -0.08501 1.93595 0.01607 0.65837 0.39157 0.14413
v -0.08382 1.94037 0.01284 0.65837 0.39157 0.14413
v -0.08501 1.93595 0.01607 0.65837 0.39157 0.14413
v -0.08338 1.93676 0.01327 0.65837 0.39157 0.14413
v -0.08382 1.94037 0.01284 0.65837 0.39157 0.14413
v -0.08338 1.93676 0.16071 0.65837 0.39157 0.14413
v -0.08242 1.93412 0.15974 0.65837 0.39157 0.14413
v -0.08501 1.93595 0.15791 0.65837 0.39157 0.14413
v -0.08242 1.93412 0.15974 0.65837 0.39157 0.14413
v -0.08338 1.93315 0.15710 0.65837 0.39157 0.14413
v -0.08501 1.93595 0.15791 0.65837 0.39157 0.14413
v -0.08501 1.93595 0.15791 0.65837 0.39157 0.14413
v -0.08338 1.93315 0.15710 0.65837 0.39157 0.14413
v -0.08585 1.93552 0.15349 0.65837 0.39157 0.14413
v -0.08338 1.93315 0.15710 0.65837 0.39157 0.14413
v -0.08382 1.93271 0.15349 0.65837 0.39157 0.14413
v -0.08585 1.93552 0.15349 0.65837 0.39157 0.14413
v -0.08585 1.93552 0.15349 0.65837 0.39157 0.14413
v -0.08382 1.93271 0.15349 0.65837 0.39157 0.14413
v -0.08585 1.93552 0.02049 0.65837 0.39157 0.14413
v -0.08382 1.93271 0.15349 0.65837 0.39157 0.14413
v -0.08382 1.93271 0.02049 0.65837 0.39157 0.14413
v -0.08585 1.93552 0.02049 0.65837 0.39157 0.14413
v -0.08585 1.93552 0.02049 0.65837 0.39157 0.14413
v -0.08382 1.93271 0.02049 0.65837 0.39157 0.14413
v -0.08501 1.93595 0.01607 0.65837 0.39157 0.14413
v -0.08382 1.93271 0.02049 0.65837 0.39157 0.14413
v -0.08338 1.93315 0.01688 0.65837 0.39157 0.14413
v -0.08501 1.93595 0.01607 0.65837 0.39157 0.14413
v -0.08501 1.93595 0.01607 0.65837 0.39157 0.14413
v -0.08338 1.93315 0.01688 0.65837 0.39157 0.14413
v -0.08338 1.93676 0.01327 0.65837 0.39157 0.14413
v -0.08338 1.93315 0.01688 0.65837 0.39157 0.14413
v -0.08242 1.93412 0.01424 0.65837 0.39157 0.14413
v -0.08338 1.93676 0.01327 0.65837 0.39157 0.14413
v 0.08242 1.99262 0.01424 0.65837 0.39157 0.14413
v 0.08338 1.98998 0.01327 0.65837 0.39157 0.14413
v 0.08338 1.99359 0.01688 0.65837 0.39157 0.14413
v 0.08338 1.98998 0.01327 0.65837 0.39157 0.14413
v 0.08501 1.99079 0.01607 0.65837 0.39157 0.14413
v 0.08338 1.99359 0.01688 0.65837 0.39157 0.14413
v 0.08338 1.99359 0.01688 0.65837 0.39157 0.14413
v 0.08501 1.99079 0.01607 0.65837 0.39157 0.14413
v 0.08382 1.99403 0.02049 0.65837 0.39157 0.14413
v 0.08501 1.99079 0.01607 0.65837 0.39157 0.14413
v 0.08585 1.99122 0.02049 0.65837 0.39157 0.14413
v 0.08382 1.99403 0.02049 0.65837 0.39157 0.14413
v 0.08382 1.99403 0.02049 0.65837 0.39157 0.14413
v 0.08585 1.99122 0.02049 0.65837 0.39157 0.14413
v 0.08382 1.99403 0.15349 0.65837 0.39157 0.14413
v 0.08585 1.99122 0.02049 0.65837 0.39157 0.14413
v 0.08585 1.99122 0.15349 0.65837 0.39157 0.14413
v 0.08382 1.99403 0.15349 0.65837 0.39157 0.14413
v 0.08382 1.99403 0.15349 0.65837 0.39157 0.14413
v 0.08585 1.99122 0.15349 0.65837 0.39157 0.14413
v 0.08338 1.99359 0.15710 0.65837 0.39157 0.14413
v 0.08585 1.99122 0.15349 0.65837 0.39157 0.14413
v 0.08501 1.99079 0.15791 0.65837 0.39157 0.14413
v 0.08338 1.99359 0.15710 0.65837 0.39157 0.14413
v 0.08338 1.99359 0.15710 0.65837 0.39157 0.14413
v 0.08501 1.99079 0.15791 0.65837 0.39157 0.14413
v 0.08242 1.99262 0.15974 0.65837 0.39157 0.14413
v 0.08501 1.99079 0.15791 0.65837 0.39157 0.14413
v 0.08338 1.98998 0.16071 0.65837 0.39157 0.14413
v 0.08242 1.99262 0.15974 0.65837 0.39157 0.14413
v 0.08338 1.98998 0.01327 0.65837 0.39157 0.14413
v 0.08382 1.98637 0.01284 0.65837 0.39157 0.14413
v 0.08501 1.99079 0.01607 0.65837 0.39157 0.14413
v 0.08382 1.98637 0.01284 0.65837 0.39157 0.14413
v 0.08585 1.98637 0.01565 0.65837 0.39157 0.14413
v 0.08501 1.99079 0.01607 0.65837 0.39157 0.14413
v 0.08501 1.99079 0.01607 0.65837 0.39157 0.14413
v 0.08585 1.98637 0.01565 0.65837 0.39157 0.14413
v 0.08585 1.99122 0.02049 0.65837 0.39157 0.14413
v 0.08585 1.98637 0.01565 0.65837 0.39157 0.14413
v 0.08699 1.98637 0.02049 0.65837 0.39157 0.14413
v 0.08585 1.99122 0.02049 0.65837 0.39157 0.14413
v 0.08585 1.99122 0.02049 0.65837 0.39157 0.14413
v 0.08699 1.98637 0.02049 0.65837 0.39157 0.14413
v 0.08585 1.99122 0.15349 0.65837 0.39157 0.14413
v 0.08699 1.98637 0.02049 0.65837 0.39157 0.14413
v 0.08699 1.98637 0.15349 0.65837 0.39157 0.14413
v 0.08585 1.99122 0.15349 0.65837 0.39157 0.14413
v 0.08585 1.99122 0.15349 0.65837 0.39157 0.14413
v 0.08699 1.98637 0.15349 0.65837 0.39157 0.14413
v 0.08501 1.99079 0.15791 0.65837 0.39157 0.14413
v 0.08699 1.98637 0.15349 0.65837 0.39157 0.14413
v 0.08585 1.98637 0.15833 0.65837 0.39157 0.14413
v 0.08501 1.99079 0.15791 0.65837 0.39157 0.14413
v 0.08501 1.99079 0.15791 0.65837 0.39157 0.14413
v 0.08585 1.98637 0.15833 0.65837 0.39157 0.14413
v 0.08338 1.98998 0.16071 0.65837 0.39157 0.14413
v 0.08585 1.98637 0.15833 0.65837 0.39157 0.14413
v 0.08382 1.98637 0.16115 0.65837 0.39157 0.14413
v 0.08338 1.98998 0.16071 0.65837 0.39157 0.14413
v 0.08382 1.98637 0.01284 0.65837 0.39157 0.14413
v 0.08382 1.94037 0.01284 0.65837 0.39157 0.14413
v 0.08585 1.98637 0.01565 0.65837 0.39157 0.14413
v 0.08382 1.94037 0.01284 0.65837 0.39157 0.14413
v 0.08585 1.94037 0.01565 0.65837 0.39157 0.14413
v 0.08585 1.98637 0.01565 0.65837 0.39157 0.14413
v 0.08585 1.98637 0.01565 0.65837 0.39157 0.14413
v 0.08585 1.94037 0.01565 0.65837 0.39157 0.14413
v 0.08699 1.98637 0.02049 0.65837 0.39157 0.14413
v 0.08585 1.94037 0.01565 0.65837 0.39157 0.14413
v 0.08699 1.94037 0.02049 0.65837 0.39157 0.14413
v 0.08699 1.98637 0.02049 0.65837 0.39157 0.14413
v 0.08699 1.98637 0.02049 0.65837 0.39157 0.14413
v 0.08699 1.94037 0.02049 0.65837 0.39157 0.14413
v 0.08699 1.98637 0.15349 0.65837 0.39157 0.14413
v 0.08699 1.94037 0.02049 0.65837 0.39157 0.14413
v 0.08699 1.94037 0.15349 0.65837 0.39157 0.14413
v 0.08699 1.98637 0.15349 0.65837 0.39157 0.14413
v 0.08699 1.98637 0.15349 0.65837 0.39157 0.14413
v 0.08699 1.94037 0.15349 0.65837 0.39157 0.14413
v 0.08585 1.98637 0.15833 0.65837 0.39157 0.14413
v 0.08699 1.94037 0.15349 0.65837 0.39157 0.14413
v 0.08585 1.94037 0.15833 0.65837 0.39157 0.14413
v 0.08585 1.98637 0.15833 0.65837 0.39157 0.14413
v 0.08585 1.98637 0.15833 0.65837 0.39157 0.14413
v 0.08585 1.94037 0.15833 0.65837 0.39157 0.14413
v 0.08382 1.98637 0.16115 0.65837 0.39157 0.14413
v 0.08585 1.94037 0.15833 0.65837 0.39157 0.14413
v 0.08382 1.94037 0.16115 0.65837 0.39157 0.14413
v 0.08382 1.98637 0.16115 0.65837 0.39157 0.14413
v 0.08382 1.94037 0.01284 0.65837 0.39157 0.14413
v 0.08338 1.93676 0.01327 0.65837 0.39157 0.14413
v 0.08585 1.94037 0.01565 0.65837 0.39157 0.14413
v 0.08338 1.93676 0.01327 0.65837 0.39157 0.14413
v 0.08501 1.93595 0.01607 0.65837 0.39157 0.14413
v 0.08585 1.94037 0.01565 0.65837 0.39157 0.14413
v 0.08585 1.94037 0.01565 0.65837 0.39157 0.14413
v 0.08501 1.93595 0.01607 0.65837 0.39157 0.14413
v 0.08699 1.94037 0.02049 0.65837 0.39157 0.14413
v 0.08501 1.93595 0.01607 0.65837 0.39157 0.14413
v 0.08585 1.93552 0.02049 0.65837 0.39157 0.14413
v 0.08699 1.94037 0.02049 0.65837 0.39157 0.14413
v 0.08699 1.94037 0.02049 0.65837 0.39157 0.14413
v 0.08585 1.93552 0.02049 0.65837 0.39157 0.14413
v 0.08699 1.94037 0.15349 0.65837 0.39157 0.14413
v 0.08585 1.93552 0.02049 0.65837 0.39157 0.14413
v 0.08585 1.93552 0.15349 0.65837 0.39157 0.14413
v 0.08699 1.94037 0.15349 0.65837 0.39157 0.14413
v 0.08699 1.94037 0.15349 0.65837 0.39157 0.14413
v 0.08585 1.93552 0.15349 0.65837 0.39157 0.14413
v 0.08585 1.94037 0.15833 0.65837 0.39157 0.14413
v 0.08585 1.93552 0.15349 0.65837 0.39157 0.14413
v 0.08501 1.93595 0.15791 0.65837 0.39157 0.14413
v 0.08585 1.94037 0.15833 0.65837 0.39157 0.14413
v 0.08585 1.94037 0.15833 0.65837 0.39157 0.14413
v 0.08501 1.93595 0.15791 0.65837 0.39157 0.14413
v 0.08382 1.94037 0.16115 0.65837 0.39157 0.14413
v 0.08501 1.93595 0.15791 0.65837 0.39157 0.14413
v 0.08338 1.93676 0.16071 0.65837 0.39157 0.14413
v 0.08382 1.94037 0.16115 0.65837 0.39157 0.14413
v 0.08338 1.93676 0.01327 0.65837 0.39157 0.14413
v 0.08242 1.93412 0.01424 0.65837 0.39157 0.14413
v 0.08501 1.93595 0.01607 0.65837 0.39157 0.14413
v 0.08242 1.93412 0.01424 0.65837 0.39157 0.14413
v 0.08338 1.93315 0.01688 0.65837 0.39157 0.14413
v 0.08501 1.93595 0.01607 0.65837 0.39157 0.14413
v 0.08501 1.93595 0.01607 0.65837 0.39157 0.14413
v 0.08338 1.93315 0.01688 0.65837 0.39157 0.14413
v 0.08585 1.93552 0.02049 0.65837 0.39157 0.14413
v 0.08338 1.93315 0.01688 0.65837 0.39157 0.14413
v 0.08382 1.93271 0.02049 0.65837 0.39157 0.14413
v 0.08585 1.93552 0.02049 0.65837 0.39157 0.14413
v 0.08585 1.93552 0.02049 0.65837 0.39157 0.14413
v 0.08382 1.93271 0.02049 0.65837 0.39157 0.14413
v 0.08585 1.93552 0.15349 0.65837 0.39157 0.14413
v 0.08382 1.93271 0.02049 0.65837 0.39157 0.14413
v 0.08382 1.93271 0.15349 0.65837 0.39157 0.14413
v 0.08585 1.93552 0.15349 0.65837 0.39157 0.14413
v 0.08585 1.93552 0.15349 0.65837 0.39157 0.14413
v 0.08382 1.93271 0.15349 0.65837 0.39157 0.14413
v 0.08501 1.93595 0.15791 0.65837 0.39157 0.14413
v 0.08382 1.93271 0.15349 0.65837 0.39157 0.14413
v 0.08338 1.93315 0.15710 0.65837 0.39157 0.14413
v 0.08501 1.93595 0.15791 0.65837 0.39157 0.14413
v 0.08501 1.93595 0.15791 0.65837 0.39157 0.14413
v 0.08338 1.93315 0.15710 0.65837 0.39157 0.14413
v 0.08338 1.93676 0.16071 0.65837 0.39157 0.14413
v 0.08338 1.93315 0.15710 0.65837 0.39157 0.14413
v 0.08242 1.93412 0.15974 0.65837 0.39157 0.14413
v 0.08338 1.93676 0.16071 0.65837 0.39157 0.14413
v 0.08242 1.99262 0.01424 0.65837 0.39157 0.14413
v 0.08338 1.99359 0.01688 0.65837 0.39157 0.14413
v 0.07977 1.99359 0.01327 0.65837 0.39157 0.14413
v 0.08338 1.99359 0.01688 0.65837 0.39157 0.14413
v 0.08059 1.99521 0.01607 0.65837 0.39157 0.14413
v 0.07977 1.99359 0.01327 0.65837 0.39157 0.14413
v 0.07977 1.99359 0.01327 0.65837 0.39157 0.14413
v 0.08059 1.99521 0.01607 0.65837 0.39157 0.14413
v 0.07617 1.99403 0.01284 0.65837 0.39157 0.14413
v 0.08059 1.99521 0.01607 0.65837 0.39157 0.14413
v 0.07617 1.99606 0.01565 0.65837 0.39157 0.14413
v 0.07617 1.99403 0.01284 0.65837 0.39157 0.14413
v 0.07617 1.99403 0.01284 0.65837 0.39157 0.14413
v 0.07617 1.99606 0.01565 0.65837 0.39157 0.14413
v -0.07617 1.99403 0.01284 0.65837 0.39157 0.14413
v 0.07617 1.99606 0.01565 0.65837 0.39157 0.14413
v -0.07617 1.99606 0.01565 0.65837 0.39157 0.14413
v -0.07617 1.99403 0.01284 0.65837 0.39157 0.14413
v -0.07617 1.99403 0.01284 0.65837 0.39157 0.14413
v -0.07617 1.99606 0.01565 0.65837 0.39157 0.14413
v -0.07977 1.99359 0.01327 0.65837 0.39157 0.14413
v -0.07617 1.99606 0.01565 0.65837 0.39157 0.14413
v -0.08059 1.99521 0.01607 0.65837 0.39157 0.14413
v -0.07977 1.99359 0.01327 0.65837 0.39157 0.14413
v -0.07977 1.99359 0.01327 0.65837 0.39157 0.14413
v -0.08059 1.99521 0.01607 0.65837 0.39157 0.14413
v -0.08242 1.99262 0.01424 0.65837 0.39157 0.14413
v -0.08059 1.99521 0.01607 0.65837 0.39157 0.14413
v -0.08338 1.99359 0.01688 0.65837 0.39157 0.14413
v -0.08242 1.99262 0.01424 0.65837 0.39157 0.14413
v 0.08338 1.99359 0.01688 0.65837 0.39157 0.14413
v 0.08382 1.99403 0.02049 0.65837 0.39157 0.14413
v 0.08059 1.99521 0.01607 0.65837 0.39157 0.14413
v 0.08382 1.99403 0.02049 0.65837 0.39157 0.14413
v 0.08101 1.99606 0.02049 0.65837 0.39157 0.14413
v 0.08059 1.99521 0.01607 0.65837 0.39157 0.14413
v 0.08059 1.99521 0.01607 0.65837 0.39157 0.14413
v 0.08101 1.99606 0.02049 0.65837 0.39157 0.14413
v 0.07617 1.99606 0.01565 0.65837 0.39157 0.14413
v 0.08101 1.99606 0.02049 0.65837 0.39157 0.14413
v 0.07617 1.99720 0.02049 0.65837 0.39157 0.14413
v 0.07617 1.99606 0.01565 0.65837 0.39157 0.14413
v 0.07617 1.99606 0.01565 0.65837 0.39157 0.14413
v 0.07617 1.99720 0.02049 0.65837 0.39157 0.14413
v -0.07617 1.99606 0.01565 0.65837 0.39157 0.14413
v 0.07617 1.99720 0.02049 0.65837 0.39157 0.14413
v -0.07617 1.99720 0.02049 0.65837 0.39157 0.14413
v -0.07617 1.99606 0.01565 0.65837 0.39157 0.14413
v -0.07617 1.99606 0.01565 0.65837 0.39157 0.14413
v -0.07617 1.99720 0.02049 0.65837 0.39157 0.14413
v -0.08059 1.99521 0.01607 0.65837 0.39157 0.14413
v -0.07617 1.99720 0.02049 0.65837 0.39157 0.14413
v -0.08101 1.99606 0.02049 0.65837 0.39157 0.14413
v -0.08059 1.99521 0.01607 0.65837 0.39157 0.14413
v -0.08059 1.99521 0.01607 0.65837 0.39157 0.14413
v -0.08101 1.99606 0.02049 0.65837 0.39157 0.14413
v -0.08338 1.99359 0.01688 0.65837 0.39157 0.14413
v -0.08101 1.99606 0.02049 0.65837 0.39157 0.14413
v -0.08382 1.99403 0.02049 0.65837 0.39157 0.14413
v -0.08338 1.99359 0.01688 0.65837 0.39157 0.14413
v 0.08382 1.99403 0.02049 0.65837 0.39157 0.14413
v 0.08382 1.99403 0.15349 0.65837 0.39157 0.14413
v 0.08101 1.99606 0.02049 0.65837 0.39157 0.14413
v 0.08382 1.99403 0.15349 0.65837 0.39157 0.14413
v 0.08101 1.99606 0.15349 0.65837 0.39157 0.14413
v 0.08101 1.99606 0.02049 0.65837 0.39157 0.14413
v 0.08101 1.99606 0.02049 0.65837 0.39157 0.14413
v 0.08101 1.99606 0.15349 0.65837 0.39157 0.14413
v 0.07617 1.99720 0.02049 0.65837 0.39157 0.14413
v 0.08101 1.99606 0.15349 0.65837 0.39157 0.14413
v 0.07617 1.99720 0.15349 0.65837 0.39157 0.14413
v 0.07617 1.99720 0.02049 0.65837 0.39157 0.14413
v 0.07617 1.99720 0.02049 0.65837 0.39157 0.14413
v 0.07617 1.99720 0.15349 0.65837 0.39157 0.14413
v -0.07617 1.99720 0.02049 0.65837 0.39157 0.14413
v 0.07617 1.99720 0.15349 0.65837 0.39157 0.14413
v -0.07617 1.99720 0.15349 0.65837 0.39157 0.14413
v -0.07617 1.99720 0.02049 0.65837 0.39157 0.14413
v -0.07617 1.99720 0.02049 0.65837 0.39157 0.14413
v -0.07617 1.99720 0.15349 0.65837 0.39157 0.14413
v -0.08101 1.99606 0.02049 0.65837 0.39157 0.14413
v -0.07617 1.99720 0.15349 0.65837 0.39157 0.14413
v -0.08101 1.99606 0.15349 0.65837 0.39157 0.14413
v -0.08101 1.99606 0.02049 0.65837 0.39157 0.14413
v -0.08101 1.99606 0.02049 0.65837 0.39157 0.14413
v -0.08101 1.99606 0.15349 0.65837 0.39157 0.14413
v -0.08382 1.99403 0.02049 0.65837 0.39157 0.14413
v -0.08101 1.99606 0.15349 0.65837 0.39157 0.14413
v -0.08382 1.99403 0.15349 0.65837 0.39157 0.14413
v -0.08382 1.99403 0.02049 0.65837 0.39157 0.14413
v 0.08382 1.99403 0.15349 0.65837 0.39157 0.14413
v 0.08338 1.99359 0.15710 0.65837 0.39157 0.14413
v 0.08101 1.99606 0.15349 0.65837 0.39157 0.14413
v 0.08338 1.99359 0.15710 0.65837 0.39157 0.14413
v 0.08059 1.99521 0.15791 0.65837 0.39157 0.14413
v 0.08101 1.99606 0.15349 0.65837 0.39157 0.14413
v 0.08101 1.99606 0.15349 0.65837 0.39157 0.14413
v 0.08059 1.99521 0.15791 0.65837 0.39157 0.14413
v 0.07617 1.99720 0.15349 0.65837 0.39157 0.14413
v 0.08059 1.99521 0.15791 0.65837 0.39157 0.14413
v 0.07617 1.99606 0.15833 0.65837 0.39157 0.14413
v 0.07617 1.99720 0.15349 0.65837 0.39157 0.14413
v 0.07617 1.99720 0.15349 0.65837 0.39157 0.14413
v 0.07617 1.99606 0.15833 0.65837 0.39157 0.14413
v -0.07617 1.99720 0.15349 0.65837 0.39157 0.14413
v 0.07617 1.99606 0.15833 0.65837 0.39157 0.14413
v -0.07617 1.99606 0.15833 0.65837 0.39157 0.14413
v -0.07617 1.99720 0.15349 0.65837 0.39157 0.14413
v -0.07617 1.99720 0.15349 0.65837 0.39157 0.14413
v -0.07617 1.99606 0.15833 0.65837 0.39157 0.14413
v -0.08101 1.99606 0.15349 0.65837 0.39157 0.14413
v -0.07617 1.99606 0.15833 0.65837 0.39157 0.14413
v -0.08059 1.99521 0.15791 0.65837 0.39157 0.14413
v -0.08101 1.99606 0.15349 0.65837 0.39157 0.14413
v -0.08101 1.99606 0.15349 0.65837 0.39157 0.14413
v -0.08059 1.99521 0.15791 0.65837 0.39157 0.14413
v -0.08382 1.99403 0.15349 0.65837 0.39157 0.14413
v -0.08059 1.99521 0.15791 0.65837 0.39157 0.14413
v -0.08338 1.99359 0.15710 0.65837 0.39157 0.14413
v -0.08382 1.99403 0.15349 0.65837 0.39157 0.14413
v 0.08338 1.99359 0.15710 0.65837 0.39157 0.14413
v 0.08242 1.99262 0.15974 0.65837 0.39157 0.14413
v 0.08059 1.99521 0.15791 0.65837 0.39157 0.14413
v 0.08242 1.99262 0.15974 0.65837 0.39157 0.14413
v 0.07977 1.99359 0.16071 0.65837 0.39157 0.14413
v 0.08059 1.99521 0.15791 0.65837 0.39157 0.14413
v 0.08059 1.99521 0.15791 0.65837 0.39157 0.14413
v 0.07977 1.99359 0.16071 0.65837 0.39157 0.14413
v 0.07617 1.99606 0.15833 0.65837 0.39157 0.14413
v 0.07977 1.99359 0.16071 0.65837 0.39157 0.14413
v 0.07617 1.99403 0.16115 0.65837 0.39157 0.14413
v 0.07617 1.99606 0.15833 0.65837 0.39157 0.14413
v 0.07617 1.99606 0.15833 0.65837 0.39157 0.14413
v 0.07617 1.99403 0.16115 0.65837 0.39157 0.14413
v -0.07617 1.99606 0.15833 0.65837 0.39157 0.14413
v 0.07617 1.99403 0.16115 0.65837 0.39157 0.14413
v -0.07617 1.99403 0.16115 0.65837 0.39157 0.14413
v -0.07617 1.99606 0.15833 0.65837 0.39157 0.14413
v -0.07617 1.99606 0.15833 0.65837 0.39157 0.14413
v -0.07617 1.99403 0.16115 0.65837 0.39157 0.14413
v -0.08059 1.99521 0.15791 0.65837 0.39157 0.14413
v -0.07617 1.99403 0.16115 0.65837 0.39157 0.14413
v -0.07977 1.99359 0.16071 0.65837 0.39157 0.14413
v -0.08059 1.99521 0.15791 0.65837 0.39157 0.14413
v -0.08059 1.99521 0.15791 0.65837 0.39157 0.14413
v -0.07977 1.99359 0.16071 0.65837 0.39157 0.14413
v -0.08338 1.99359 0.15710 0.65837 0.39157 0.14413
v -0.07977 1.99359 0.16071 0.65837 0.39157 0.14413
v -0.08242 1.99262 0.15974 0.65837 0.39157 0.14413
v -0.08338 1.99359 0.15710 0.65837 0.39157 0.14413
v 0.08242 1.93412 0.15974 0.65837 0.39157 0.14413
v 0.08338 1.93315 0.15710 0.65837 0.39157 0.14413
v 0.07977 1.93315 0.16071 0.65837 0.39157 0.14413
v 0.08338 1.93315 0.15710 0.65837 0.39157 0.14413
v 0.08059 1.93153 0.15791 0.65837 0.39157 0.14413
v 0.07977 1.93315 0.16071 0.65837 0.39157 0.14413
v 0.07977 1.93315 0.16071 0.65837 0.39157 0.14413
v 0.08059 1.93153 0.15791 0.65837 0.39157 0.14413
v 0.07617 1.93271 0.16115 0.65837 0.39157 0.14413
v 0.08059 1.93153 0.15791 0.65837 0.39157 0.14413
v 0.07617 1.93068 0.15833 0.65837 0.39157 0.14413
v 0.07617 1.93271 0.16115 0.65837 0.39157 0.14413
v 0.07617 1.93271 0.16115 0.65837 0.39157 0.14413
v 0.07617 1.93068 0.15833 0.65837 0.39157 0.14413
v -0.07617 1.93271 0.16115 0.65837 0.39157 0.14413
v 0.07617 1.93068 0.15833 0.65837 0.39157 0.14413
v -0.07617 1.93068 0.15833 0.65837 0.39157 0.14413
v -0.07617 1.93271 0.16115 0.65837 0.39157 0.14413
v -0.07617 1.93271 0.16115 0.65837 0.39157 0.14413
v -0.07617 1.93068 0.15833 0.65837 0.39157 0.14413
v -0.07977 1.93315 0.16071 0.65837 0.39157 0.14413
v -0.07617 1.93068 0.15833 0.65837 0.39157 0.14413
v -0.08059 1.93153 0.15791 0.65837 0.39157 0.14413
v -0.07977 1.93315 0.16071 0.65837 0.39157 0.14413
v -0.07977 1.93315 0.16071 0.65837 0.39157 0.14413
v -0.08059 1.93153 0.15791 0.65837 0.39157 0.14413
v -0.08242 1.93412 0.15974 0.65837 0.39157 0.14413
v -0.08059 1.93153 0.15791 0.65837 0.39157 0.14413
v -0.08338 1.93315 0.15710 0.65837 0.39157 0.14413
v -0.08242 1.93412 0.15974 0.65837 0.39157 0.14413
v 0.08338 1.93315 0.15710 0.65837 0.39157 0.14413
v 0.08382 1.93271 0.15349 0.65837 0.39157 0.14413
v 0.08059 1.93153 0.15791 0.65837 0.39157 0.14413
v 0.08382 1.93271 0.15349 0.65837 0.39157 0.14413
v 0.08101 1.93068 0.15349 0.65837 0.39157 0.14413
v 0.08059 1.93153 0.15791 0.65837 0.39157 0.14413
v 0.08059 1.93153 0.15791 0.65837 0.39157 0.14413
v 0.08101 1.93068 0.15349 0.65837 0.39157 0.14413
v 0.07617 1.93068 0.15833 0.65837 0.39157 0.14413
v 0.08101 1.93068 0.15349 0.65837 0.39157 0.14413
v 0.07617 1.92954 0.15349 0.65837 0.39157 0.14413
v 0.07617 1.93068 0.15833 0.65837 0.39157 0.14413
v 0.07617 1.93068 0.15833 0.65837 0.39157 0.14413
v 0.07617 1.92954 0.15349 0.65837 0.39157 0.14413
v -0.07617 1.93068 0.15833 0.65837 0.39157 0.14413
v 0.07617 1.92954 0.15349 0.65837 0.39157 0.14413
v -0.07617 1.92954 0.15349 0.65837 0.39157 0.14413
v -0.07617 1.93068 0.15833 0.65837 0.39157 0.14413
v -0.07617 1.93068 0.15833 0.65837 0.39157 0.14413
v -0.07617 1.92954 0.15349 0.65837 0.39157 0.14413
v -0.08059 1.93153 0.15791 0.65837 0.39157 0.14413
v -0.07617 1.92954 0.15349 0.65837 0.39157 0.14413
v -0.08101 1.93068 0.15349 0.65837 0.39157 0.14413
v -0.08059 1.93153 0.15791 0.65837 0.39157 0.14413
v -0.08059 1.93153 0.15791 0.65837 0.39157 0.14413
v -0.08101 1.93068 0.15349 0.65837 0.39157 0.14413
v -0.08338 1.93315 0.15710 0.65837 0.39157 0.14413
v -0.08101 1.93068 0.15349 0.65837 0.39157 0.14413
v -0.08382 1.93271 0.15349 0.65837 0.39157 0.14413
v -0.08338 1.93315 0.15710 0.65837 0.39157 0.14413
v 0.08382 1.93271 0.15349 0.65837 0.39157 0.14413
v 0.08382 1.93271 0.02049 0.65837 0.39157 0.14413
v 0.08101 1.93068 0.15349 0.65837 0.39157 0.14413
v 0.08382 1.93271 0.02049 0.65837 0.39157 0.14413
v 0.08101 1.93068 0.02049 0.65837 0.39157 0.14413
v 0.08101 1.93068 0.15349 0.65837 0.39157 0.14413
v 0.08101 1.93068 0.15349 0.65837 0.39157 0.14413
v 0.08101 1.93068 0.02049 0.65837 0.39157 0.14413
v 0.07617 1.92954 0.15349 0.65837 0.39157 0.14413
v 0.08101 1.93068 0.02049 0.65837 0.39157 0.14413
v 0.07617 1.92954 0.02049 0.65837 0.39157 0.14413
v 0.07617 1.92954 0.15349 0.65837 0.39157 0.14413
v 0.07617 1.92954 0.15349 0.65837 0.39157 0.14413
v 0.07617 1.92954 0.02049 0.65837 0.39157 0.14413
v -0.07617 1.92954 0.15349 0.65837 0.39157 0.14413
v 0.07617 1.92954 0.02049 0.65837 0.39157 0.14413
v -0.07617 1.92954 0.02049 0.65837 0.39157 0.14413
v -0.07617 1.92954 0.15349 0.65837 0.39157 0.14413
v -0.07617 1.92954 0.15349 0.65837 0.39157 0.14413
v -0.07617 1.92954 0.02049 0.65837 0.39157 0.14413
v -0.08101 1.93068 0.15349 0.65837 0.39157 0.14413
v -0.07617 1.92954 0.02049 0.65837 0.39157 0.14413
v -0.08101 1.93068 0.02049 0.65837 0.39157 0.14413
v -0.08101 1.93068 0.15349 0.65837 0.39157 0.14413
v -0.08101 1.93068 0.15349 0.65837 0.39157 0.14413
v -0.08101 1.93068 0.02049 0.65837 0.39157 0.14413
v -0.08382 1.93271 0.15349 0.65837 0.39157 0.14413
v -0.08101 1.93068 0.02049 0.65837 0.39157 0.14413
v -0.08382 1.93271 0.02049 0.65837 0.39157 0.14413
v -0.08382 1.93271 0.15349 0.65837 0.39157 0.14413
v 0.08382 1.93271 0.02049 0.65837 0.39157 0.14413
v 0.08338 1.93315 0.01688 0.65837 0.39157 0.14413
v 0.08101 1.93068 0.02049 0.65837 0.39157 0.14413
v 0.08338 1.93315 0.01688 0.65837 0.39157 0.14413
v 0.08059 1.93153 0.01607 0.65837 0.39157 0.14413
v 0.08101 1.93068 0.02049 0.65837 0.39157 0.14413
v 0.08101 1.93068 0.02049 0.65837 0.39157 0.14413
v 0.08059 1.93153 0.01607 0.65837 0.39157 0.14413
v 0.07617 1.92954 0.02049 0.65837 0.39157 0.14413
v 0.08059 1.93153 0.01607 0.65837 0.39157 0.14413
v 0.07617 1.93068 0.01565 0.65837 0.39157 0.14413
v 0.07617 1.92954 0.02049 0.65837 0.39157 0.14413
v 0.07617 1.92954 0.02049 0.65837 0.39157 0.14413
v 0.07617 1.93068 0.01565 0.65837 0.39157 0.14413
v -0.07617 1.92954 0.02049 0.65837 0.39157 0.14413
v 0.07617 1.93068 0.01565 0.65837 0.39157 0.14413
v -0.07617 1.93068 0.01565 0.65837 0.39157 0.14413
v -0.07617 1.92954 0.02049 0.65837 0.39157 0.14413
v -0.07617 1.92954 0.02049 0.65837 0.39157 0.14413
v -0.07617 1.93068 0.01565 0.65837 0.39157 0.14413
v -0.08101 1.93068 0.02049 0.65837 0.39157 0.14413
v -0.07617 1.93068 0.01565 0.65837 0.39157 0.14413
v -0.08059 1.93153 0.01607 0.65837 0.39157 0.14413
v -0.08101 1.93068 0.02049 0.65837 0.39157 0.14413
v -0.08101 1.93068 0.02049 0.65837 0.39157 0.14413
v -0.08059 1.93153 0.01607 0.65837 0.39157 0.14413
v -0.08382 1.93271 0.02049 0.65837 0.39157 0.14413
v -0.08059 1.93153 0.01607 0.65837 0.39157 0.14413
v -0.08338 1.93315 0.01688 0.65837 0.39157 0.14413
v -0.08382 1.93271 0.02049 0.65837 0.39157 0.14413
v 0.08338 1.93315 0.01688 0.65837 0.39157 0.14413
v 0.08242 1.93412 0.01424 0.65837 0.39157 0.14413
v 0.08059 1.93153 0.01607 0.65837 0.39157 0.14413
v 0.08242 1.93412 0.01424 0.65837 0.39157 0.14413
v 0.07977 1.93315 0.01327 0.65837 0.39157 0.14413
v 0.08059 1.93153 0.01607 0.65837 0.39157 0.14413
v 0.08059 1.93153 0.01607 0.65837 0.39157 0.14413
v 0.07977 1.93315 0.01327 0.65837 0.39157 0.14413
v 0.07617 1.93068 0.01565 0.65837 0.39157 0.14413
v 0.07977 1.93315 0.01327 0.65837 0.39157 0.14413
v 0.07617 1.93271 0.01284 0.65837 0.39157 0.14413
v 0.07617 1.93068 0.01565 0.65837 0.39157 0.14413
v 0.07617 1.93068 0.01565 0.65837 0.39157 0.14413
v 0.07617 1.93271 0.01284 0.65837 0.39157 0.14413
v -0.07617 1.93068 0.01565 0.65837 0.39157 0.14413
v 0.07617 1.93271 0.01284 0.65837 0.39157 0.14413
v -0.07617 1.93271 0.01284 0.65837 0.39157 0.14413
v -0.07617 1.93068 0.01565 0.65837 0.39157 0.14413
v -0.07617 1.93068 0.01565 0.65837 0.39157 0.14413
v -0.07617 1.93271 0.01284 0.65837 0.39157 0.14413
v -0.08059 1.93153 0.01607 0.65837 0.39157 0.14413
v -0.07617 1.93271 0.01284 0.65837 0.39157 0.14413
v -0.07977 1.93315 0.01327 0.65837 0.39157 0.14413
v -0.08059 1.93153 0.01607 0.65837 0.39157 0.14413
v -0.08059 1.93153 0.01607 0.65837 0.39157 0.14413
v -0.07977 1.93315 0.01327 0.65837 0.39157 0.14413
v -0.08338 1.93315 0.01688 0.65837 0.39157 0.14413
v -0.07977 1.93315 0.01327 0.65837 0.39157 0.14413
v -0.08242 1.93412 0.01424 0.65837 0.39157 0.14413
v -0.08338 1.93315 0.01688 0.65837 0.39157 0.14413
v 0.08242 1.99262 0.15974 0.65837 0.39157 0.14413
v 0.08338 1.98998 0.16071 0.65837 0.39157 0.14413
v 0.07977 1.99359 0.16071 0.65837 0.39157 0.14413
v 0.08338 1.98998 0.16071 0.65837 0.39157 0.14413
v 0.08059 1.99079 0.16233 0.65837 0.39157 0.14413
v 0.07977 1.99359 0.16071 0.65837 0.39157 0.14413
v 0.07977 1.99359 0.16071 0.65837 0.39157 0.14413
v 0.08059 1.99079 0.16233 0.65837 0.39157 0.14413
v 0.07617 1.99403 0.16115 0.65837 0.39157 0.14413
v 0.08059 1.99079 0.16233 0.65837 0.39157 0.14413
v 0.07617 1.99122 0.16317 0.65837 0.39157 0.14413
v 0.07617 1.99403 0.16115 0.65837 0.39157 0.14413
v 0.07617 1.99403 0.16115 0.65837 0.39157 0.14413
v 0.07617 1.99122 0.16317 0.65837 0.39157 0.14413
v -0.07617 1.99403 0.16115 0.65837 0.39157 0.14413
v 0.07617 1.99122 0.16317 0.65837 0.39157 0.14413
v -0.07617 1.99122 0.16317 0.65837 0.39157 0.14413
v -0.07617 1.99403 0.16115 0.65837 0.39157 0.14413
v -0.07617 1.99403 0.16115 0.65837 0.39157 0.14413
v -0.07617 1.99122 0.16317 0.65837 0.39157 0.14413
v -0.07977 1.99359 0.16071 0.65837 0.39157 0.14413
v -0.07617 1.99122 0.16317 0.65837 0.39157 0.14413
v -0.08059 1.99079 0.16233 0.65837 0.39157 0.14413
v -0.07977 1.99359 0.16071 0.65837 0.39157 0.14413
v -0.07977 1.99359 0.16071 0.65837 0.39157 0.14413
v -0.08059 1.99079 0.16233 0.65837 0.39157 0.14413
v -0.08242 1.99262 0.15974 0.65837 0.39157 0.14413
v -0.08059 1.99079 0.16233 0.65837 0.39157 0.14413
v -0.08338 1.98998 0.16071 0.65837 0.39157 0.14413
v -0.08242 1.99262 0.15974 0.65837 0.39157 0.14413
v 0.08338 1.98998 0.16071 0.65837 0.39157 0.14413
v 0.08382 1.98637 0.16115 0.65837 0.39157 0.14413
v 0.08059 1.99079 0.16233 0.65837 0.39157 0.14413
v 0.08382 1.98637 0.16115 0.65837 0.39157 0.14413
v 0.08101 1.98637 0.16317 0.65837 0.39157 0.14413
v 0.08059 1.99079 0.16233 0.65837 0.39157 0.14413
v 0.08059 1.99079 0.16233 0.65837 0.39157 0.14413
v 0.08101 1.98637 0.16317 0.65837 0.39157 0.14413
v 0.07617 1.99122 0.16317 0.65837 0.39157 0.14413
v 0.08101 1.98637 0.16317 0.65837 0.39157 0.14413
v 0.07617 1.98637 0.16432 0.65837 0.39157 0.14413
v 0.07617 1.99122 0.16317 0.65837 0.39157 0.14413
v 0.07617 1.99122 0.16317 0.65837 0.39157 0.14413
v 0.07617 1.98637 0.16432 0.65837 0.39157 0.14413
v -0.07617 1.99122 0.16317 0.65837 0.39157 0.14413
v 0.07617 1.98637 0.16432 0.65837 0.39157 0.14413
v -0.07617 1.98637 0.16432 0.65837 0.39157 0.14413
v -0.07617 1.99122 0.16317 0.65837 0.39157 0.14413
v -0.07617 1.99122 0.16317 0.65837 0.39157 0.14413
v -0.07617 1.98637 0.16432 0.65837 0.39157 0.14413
v -0.08059 1.99079 0.16233 0.65837 0.39157 0.14413
v -0.07617 1.98637 0.16432 0.65837 0.39157 0.14413
v -0.08101 1.98637 0.16317 0.65837 0.39157 0.14413
v -0.08059 1.99079 0.16233 0.65837 0.39157 0.14413
v -0.08059 1.99079 0.16233 0.65837 0.39157 0.14413
v -0.08101 1.98637 0.16317 0.65837 0.39157 0.14413
v -0.08338 1.98998 0.16071 0.65837 0.39157 0.14413
v -0.08101 1.98637 0.16317 0.65837 0.39157 0.14413
v -0.08382 1.98637 0.16115 0.65837 0.39157 0.14413
v -0.08338 1.98998 0.16071 0.65837 0.39157 0.14413
v 0.08382 1.98637 0.16115 0.65837 0.39157 0.14413
v 0.08382 1.94037 0.16115 0.65837 0.39157 0.14413
v 0.08101 1.98637 0.16317 0.65837 0.39157 0.14413
v 0.08382 1.94037 0.16115 0.65837 0.39157 0.14413
v 0.08101 1.94037 0.16317 0.65837 0.39157 0.14413
v 0.08101 1.98637 0.16317 0.65837 0.39157 0.14413
v 0.08101 1.98637 0.16317 0.65837 0.39157 0.14413
v 0.08101 1.94037 0.16317 0.65837 0.39157 0.14413
v 0.07617 1.98637 0.16432 0.65837 0.39157 0.14413
v 0.08101 1.94037 0.16317 0.65837 0.39157 0.14413
v 0.07617 1.94037 0.16432 0.65837 0.39157 0.14413
v 0.07617 1.98637 0.16432 0.65837 0.39157 0.14413
v 0.07617 1.98637 0.16432 0.65837 0.39157 0.14413
v 0.07617 1.94037 0.16432 0.65837 0.39157 0.14413
v -0.07617 1.98637 0.16432 0.65837 0.39157 0.14413
v 0.07617 1.94037 0.16432 0.65837 0.39157 0.14413
v -0.07617 1.94037 0.16432 0.65837 0.39157 0.14413
v -0.07617 1.98637 0.16432 0.65837 0.39157 0.14413
v -0.07617 1.98637 0.16432 0.65837 0.39157 0.14413
v -0.07617 1.94037 0.16432 0.65837 0.39157 0.14413
v -0.08101 1.98637 0.16317 0.65837 0.39157 0.14413
v -0.07617 1.94037 0.16432 0.65837 0.39157 0.14413
v -0.08101 1.94037 0.16317 0.65837 0.39157 0.14413
v -0.08101 1.98637 0.16317 0.65837 0.39157 0.14413
v -0.08101 1.98637 0.16317 0.65837 0.39157 0.14413
v -0.08101 1.94037 0.16317 0.65837 0.39157 0.14413
v -0.08382 1.98637 0.16115 0.65837 0.39157 0.14413
v -0.08101 1.94037 0.16317 0.65837 0.39157 0.14413
v -0.08382 1.94037 0.16115 0.65837 0.39157 0.14413
v -0.08382 1.98637 0.16115 0.65837 0.39157 0.14413
v 0.08382 1.94037 0.16115 0.65837 0.39157 0.14413
v 0.08338 1.93676 0.16071 0.65837 0.39157 0.14413
v 0.08101 1.94037 0.16317 0.65837 0.39157 0.14413
v 0.08338 1.93676 0.16071 0.65837 0.39157 0.14413
v 0.08059 1.93595 0.16233 0.65837 0.39157 0.14413
v 0.08101 1.94037 0.16317 0.65837 0.39157 0.14413
v 0.08101 1.94037 0.16317 0.65837 0.39157 0.14413
v 0.08059 1.93595 0.16233 0.65837 0.39157 0.14413
v 0.07617 1.94037 0.16432 0.65837 0.39157 0.14413
v 0.08059 1.93595 0.16233 0.65837 0.39157 0.14413
v 0.07617 1.93552 0.16317 0.65837 0.39157 0.14413
v 0.07617 1.94037 0.16432 0.65837 0.39157 0.14413
v 0.07617 1.94037 0.16432 0.65837 0.39157 0.14413
v 0.07617 1.93552 0.16317 0.65837 0.39157 0.14413
v -0.07617 1.94037 0.16432 0.65837 0.39157 0.14413
v 0.07617 1.93552 0.16317 0.65837 0.39157 0.14413
v -0.07617 1.93552 0.16317 0.65837 0.39157 0.14413
v -0.07617 1.94037 0.16432 0.65837 0.39157 0.14413
v -0.07617 1.94037 0.16432 0.65837 0.39157 0.14413
v -0.07617 1.93552 0.16317 0.65837 0.39157 0.14413
v -0.08101 1.94037 0.16317 0.65837 0.39157 0.14413
v -0.07617 1.93552 0.16317 0.65837 0.39157 0.14413
v -0.08059 1.93595 0.16233 0.65837 0.39157 0.14413
v -0.08101 1.94037 0.16317 0.65837 0.39157 0.14413
v -0.08101 1.94037 0.16317 0.65837 0.39157 0.14413
v -0.08059 1.93595 0.16233 0.65837 0.39157 0.14413
v -0.08382 1.94037 0.16115 0.65837 0.39157 0.14413
v -0.08059 1.93595 0.16233 0.65837 0.39157 0.14413
v -0.08338 1.93676 0.16071 0.65837 0.39157 0.14413
v -0.08382 1.94037 0.16115 0.65837 0.39157 0.14413
v 0.08338 1.93676 0.16071 0.65837 0.39157 0.14413
v 0.08242 1.93412 0.15974 0.65837 0.39157 0.14413
v 0.08059 1.93595 0.16233 0.65837 0.39157 0.14413
v 0.08242 1.93412 0.15974 0.65837 0.39157 0.14413
v 0.07977 1.93315 0.16071 0.65837 0.39157 0.14413
v 0.08059 1.93595 0.16233 0.65837 0.39157 0.14413
v 0.08059 1.93595 0.16233 0.65837 0.39157 0.14413
v 0.07977 1.93315 0.16071 0.65837 0.39157 0.14413
v 0.07617 1.93552 0.16317 0.65837 0.39157 0.14413
v 0.07977 1.93315 0.16071 0.65837 0.39157 0.14413
v 0.07617 1.93271 0.16115 0.65837 0.39157 0.14413
v 0.07617 1.93552 0.16317 0.65837 0.39157 0.14413
v 0.07617 1.93552 0.16317 0.65837 0.39157 0.14413
v 0.07617 1.93271 0.16115 0.65837 0.39157 0.14413
v -0.07617 1.93552 0.16317 0.65837 0.39157 0.14413
v 0.07617 1.93271 0.16115 0.65837 0.39157 0.14413
v -0.07617 1.93271 0.16115 0.65837 0.39157 0.14413
v -0.07617 1.93552 0.16317 0.65837 0.39157 0.14413
v -0.07617 1.93552 0.16317 0.65837 0.39157 0.14413
v -0.07617 1.93271 0.16115 0.65837 0.39157 0.14413
v -0.08059 1.93595 0.16233 0.65837 0.39157 0.14413
v -0.07617 1.93271 0.16115 0.65837 0.39157 0.14413
v -0.07977 1.93315 0.16071 0.65837 0.39157 0.14413
v -0.08059 1.93595 0.16233 0.65837 0.39157 0.14413
v -0.08059 1.93595 0.16233 0.65837 0.39157 0.14413
v -0.07977 1.93315 0.16071 0.65837 0.39157 0.14413
v -0.08338 1.93676 0.16071 0.65837 0.39157 0.14413
v -0.07977 1.93315 0.16071 0.65837 0.39157 0.14413
v -0.08242 1.93412 0.15974 0.65837 0.39157 0.14413
v -0.08338 1.93676 0.16071 0.65837 0.39157 0.14413
v -0.08242 1.99262 0.01424 0.65837 0.39157 0.14413
v -0.08338 1.98998 0.01327 0.65837 0.39157 0.14413
v -0.07977 1.99359 0.01327 0.65837 0.39157 0.14413
v -0.08338 1.98998 0.01327 0.65837 0.39157 0.14413
v -0.08059 1.99079 0.01165 0.65837 0.39157 0.14413
v -0.07977 1.99359 0.01327 0.65837 0.39157 0.14413
v -0.07977 1.99359 0.01327 0.65837 0.39157 0.14413
v -0.08059 1.99079 0.01165 0.65837 0.39157 0.14413
v -0.07617 1.99403 0.01284 0.65837 0.39157 0.14413
v -0.08059 1.99079 0.01165 0.65837 0.39157 0.14413
v -0.07617 1.99122 0.01081 0.65837 0.39157 0.14413
v -0.07617 1.99403 0.01284 0.65837 0.39157 0.14413
v -0.07617 1.99403 0.01284 0.65837 0.39157 0.14413
v -0.07617 1.99122 0.01081 0.65837 0.39157 0.14413
v 0.07617 1.99403 0.01284 0.65837 0.39157 0.14413
v -0.07617 1.99122 0.01081 0.65837 0.39157 0.14413
v 0.07617 1.99122 0.01081 0.65837 0.39157 0.14413
v 0.07617 1.99403 0.01284 0.65837 0.39157 0.14413
v 0.07617 1.99403 0.01284 0.65837 0.39157 0.14413
v 0.07617 1.99122 0.01081 0.65837 0.39157 0.14413
v 0.07977 1.99359 0.01327 0.65837 0.39157 0.14413
v 0.07617 1.99122 0.01081 0.65837 0.39157 0.14413
v 0.08059 1.99079 0.01165 0.65837 0.39157 0.14413
v 0.07977 1.99359 0.01327 0.65837 0.39157 0.14413
v 0.07977 1.99359 0.01327 0.65837 0.39157 0.14413
v 0.08059 1.99079 0.01165 0.65837 0.39157 0.14413
v 0.08242 1.99262 0.01424 0.65837 0.39157 0.14413
v 0.08059 1.99079 0.01165 0.65837 0.39157 0.14413
v 0.08338 1.98998 0.01327 0.65837 0.39157 0.14413
v 0.08242 1.99262 0.01424 0.65837 0.39157 0.14413
v -0.08338 1.98998 0.01327 0.65837 0.39157 0.14413
v -0.08382 1.98637 0.01284 0.65837 0.39157 0.14413
v -0.08059 1.99079 0.01165 0.65837 0.39157 0.14413
v -0.08382 1.98637 0.01284 0.65837 0.39157 0.14413
v -0.08101 1.98637 0.01081 0.65837 0.39157 0.14413
v -0.08059 1.99079 0.01165 0.65837 0.39157 0.14413
v -0.08059 1.99079 0.01165 0.65837 0.39157 0.14413
v -0.08101 1.98637 0.01081 0.65837 0.39157 0.14413
v -0.07617 1.99122 0.01081 0.65837 0.39157 0.14413
v -0.08101 1.98637 0.01081 0.65837 0.39157 0.14413
v -0.07617 1.98637 0.00967 0.65837 0.39157 0.14413
v -0.07617 1.99122 0.01081 0.65837 0.39157 0.14413
v -0.07617 1.99122 0.01081 0.65837 0.39157 0.14413
v -0.07617 1.98637 0.00967 0.65837 0.39157 0.14413
v 0.07617 1.99122 0.01081 0.65837 0.39157 0.14413
v -0.07617 1.98637 0.00967 0.65837 0.39157 0.14413
v 0.07617 1.98637 0.00967 0.65837 0.39157 0.14413
v 0.07617 1.99122 0.01081 0.65837 0.39157 0.14413
v 0.07617 1.99122 0.01081 0.65837 0.39157 0.14413
v 0.07617 1.98637 0.00967 0.65837 0.39157 0.14413
v 0.08059 1.99079 0.01165 0.65837 0.39157 0.14413
v 0.07617 1.98637 0.00967 0.65837 0.39157 0.14413
v 0.08101 1.98637 0.01081 0.65837 0.39157 0.14413
v 0.08059 1.99079 0.01165 0.65837 0.39157 0.14413
v 0.08059 1.99079 0.01165 0.65837 0.39157 0.14413
v 0.08101 1.98637 0.01081 0.65837 0.39157 0.14413
v 0.08338 1.98998 0.01327 0.65837 0.39157 0.14413
v 0.08101 1.98637 0.01081 0.65837 0.39157 0.14413
v 0.08382 1.98637 0.01284 0.65837 0.39157 0.14413
v 0.08338 1.98998 0.01327 0.65837 0.39157 0.14413
v -0.08382 1.98637 0.01284 0.65837 0.39157 0.14413
v -0.08382 1.94037 0.01284 0.65837 0.39157 0.14413
v -0.08101 1.98637 0.01081 0.65837 0.39157 0.14413
v -0.08382 1.94037 0.01284 0.65837 0.39157 0.14413
v -0.08101 1.94037 0.01081 0.65837 0.39157 0.14413
v -0.08101 1.98637 0.01081 0.65837 0.39157 0.14413
v -0.08101 1.98637 0.01081 0.65837 0.39157 0.14413
v -0.08101 1.94037 0.01081 0.65837 0.39157 0.14413
v -0.07617 1.98637 0.00967 0.65837 0.39157 0.14413
v -0.08101 1.94037 0.01081 0.65837 0.39157 0.14413
v -0.07617 1.94037 0.00967 0.65837 0.39157 0.14413
v -0.07617 1.98637 0.00967 0.65837 0.39157 0.14413
v -0.07617 1.98637 0.00967 0.65837 0.39157 0.14413
v -0.07617 1.94037 0.00967 0.65837 0.39157 0.14413
v 0.07617 1.98637 0.00967 0.65837 0.39157 0.14413
v -0.07617 1.94037 0.00967 0.65837 0.39157 0.14413
v 0.07617 1.94037 0.00967 0.65837 0.39157 0.14413
v 0.07617 1.98637 0.00967 0.65837 0.39157 0.14413
v 0.07617 1.98637 0.00967 0.65837 0.39157 0.14413
v 0.07617 1.94037 0.00967 0.65837 0.39157 0.14413
v 0.08101 1.98637 0.01081 0.65837 0.39157 0.14413
v 0.07617 1.94037 0.00967 0.65837 0.39157 0.14413
v 0.08101 1.94037 0.01081 0.65837 0.39157 0.14413
v 0.08101 1.98637 0.01081 0.65837 0.39157 0.14413
v 0.08101 1.98637 0.01081 0.65837 0.39157 0.14413
v 0.08101 1.94037 0.01081 0.65837 0.39157 0.14413
v 0.08382 1.98637 0.01284 0.65837 0.39157 0.14413
v 0.08101 1.94037 0.01081 0.65837 0.39157 0.14413
v 0.08382 1.94037 0.01284 0.65837 0.39157 0.14413
v 0.08382 1.98637 0.01284 0.65837 0.39157 0.14413
v -0.08382 1.94037 0.01284 0.65837 0.39157 0.14413
v -0.08338 1.93676 0.01327 0.65837 0.39157 0.14413
v -0.08101 1.94037 0.01081 0.65837 0.39157 0.14413
v -0.08338 1.93676 0.01327 0.65837 0.39157 0.14413
v -0.08059 1.93595 0.01165 0.65837 0.39157 0.14413
v -0.08101 1.94037 0.01081 0.65837 0.39157 0.14413
v -0.08101 1.94037 0.01081 0.65837 0.39157 0.14413
v -0.08059 1.93595 0.01165 0.65837 0.39157 0.14413
v -0.07617 1.94037 0.00967 0.65837 0.39157 0.14413
v -0.08059 1.93595 0.01165 0.65837 0.39157 0.14413
v -0.07617 1.93552 0.01081 0.65837 0.39157 0.14413
v -0.07617 1.94037 0.00967 0.65837 0.39157 0.14413
v -0.07617 1.94037 0.00967 0.65837 0.39157 0.14413
v -0.07617 1.93552 0.01081 0.65837 0.39157 0.14413
v 0.07617 1.94037 0.00967 0.65837 0.39157 0.14413
v -0.07617 1.93552 0.01081 0.65837 0.39157 0.14413
v 0.07617 1.93552 0.01081 0.65837 0.39157 0.14413
v 0.07617 1.94037 0.00967 0.65837 0.39157 0.14413
v 0.07617 1.94037 0.00967 0.65837 0.39157 0.14413
v 0.07617 1.93552 0.01081 0.65837 0.39157 0.14413
v 0.08101 1.94037 0.01081 0.65837 0.39157 0.14413
v 0.07617 1.93552 0.01081 0.65837 0.39157 0.14413
v 0.08059 1.93595 0.01165 0.65837 0.39157 0.14413
v 0.08101 1.94037 0.01081 0.65837 0.39157 0.14413
v 0.08101 1.94037 0.01081 0.65837 0.39157 0.14413
v 0.08059 1.93595 0.01165 0.65837 0.39157 0.14413
v 0.08382 1.94037 0.01284 0.65837 0.39157 0.14413
v 0.08059 1.93595 0.01165 0.65837 0.39157 0.14413
v 0.08338 1.93676 0.01327 0.65837 0.39157 0.14413
v 0.08382 1.94037 0.01284 0.65837 0.39157 0.14413
v -0.08338 1.93676 0.01327 0.65837 0.39157 0.14413
v -0.08242 1.93412 0.01424 0.65837 0.39157 0.14413
v -0.08059 1.93595 0.01165 0.65837 0.39157 0.14413
v -0.08242 1.93412 0.01424 0.65837 0.39157 0.14413
v -0.07977 1.93315 0.01327 0.65837 0.39157 0.14413
v -0.08059 1.93595 0.01165 0.65837 0.39157 0.14413
v -0.08059 1.93595 0.01165 0.65837 0.39157 0.14413
v -0.07977 1.93315 0.01327 0.65837 0.39157 0.14413
v -0.07617 1.93552 0.01081 0.65837 0.39157 0.14413
v -0.07977 1.93315 0.01327 0.65837 0.39157 0.14413
v -0.07617 1.93271 0.01284 0.65837 0.39157 0.14413
v -0.07617 1.93552 0.01081 0.65837 0.39157 0.14413
v -0.07617 1.93552 0.01081 0.65837 0.39157 0.14413
v -0.07617 1.93271 0.01284 0.65837 0.39157 0.14413
v 0.07617 1.93552 0.01081 0.65837 0.39157 0.14413
v -0.07617 1.93271 0.01284 0.65837 0.39157 0.14413
v 0.07617 1.93271 0.01284 0.65837 0.39157 0.14413
v 0.07617 1.93552 0.01081 0.65837 0.39157 0.14413
v 0.07617 1.93552 0.01081 0.65837 0.39157 0.14413
v 0.07617 1.93271 0.01284 0.65837 0.39157 0.14413
v 0.08059 1.93595 0.01165 0.65837 0.39157 0.14413
v 0.07617 1.93271 0.01284 0.65837 0.39157 0.14413
v 0.07977 1.93315 0.01327 0.65837 0.39157 0.14413
v 0.08059 1.93595 0.01165 0.65837 0.39157 0.14413
v 0.08059 1.93595 0.01165 0.65837 0.39157 0.14413
v 0.07977 1.93315 0.01327 0.65837 0.39157 0.14413
v 0.08338 1.93676 0.01327 0.65837 0.39157 0.14413
v 0.07977 1.93315 0.01327 0.65837 0.39157 0.14413
v 0.08242 1.93412 0.01424 0.65837 0.39157 0.14413
v 0.08338 1.93676 0.01327 0.65837 0.39157 0.14413
f 12891 12893 12892
f 12894 12896 12895
f 12897 12899 12898
f 12900 12902 12901
f 12903 12905 12904
f 12906 12908 12907
f 12909 12911 12910
f 12912 12914 12913
f 12915 12917 12916
f 12918 12920 12919
f 12921 12923 12922
f 12924 12926 12925
f 12927 12929 12928
f 12930 12932 12931
f 12933 12935 12934
f 12936 12938 12937
f 12939 12941 12940
f 12942 12944 12943
f 12945 12947 12946
f 12948 12950 12949
f 12951 12953 12952
f 12954 12956 12955
f 12957 12959 12958
f 12960 12962 12961
f 12963 12965 12964
f 12966 12968 12967
f 12969 12971 12970
f 12972 12974 12973
f 12975 12977 12976
f 12978 12980 12979
f 12981 12983 12982
f 12984 12986 12985
f 12987 12989 12988
f 12990 12992 12991
f 12993 12995 12994
f 12996 12998 12997
f 12999 13001 13000
f 13002 13004 13003
f 13005 13007 13006
f 13008 13010 13009
f 13011 13013 13012
f 13014 13016 13015
f 13017 13019 13018
f 13020 13022 13021
f 13023 13025 13024
f 13026 13028 13027
f 13029 13031 13030
f 13032 13034 13033
f 13035 13037 13036
f 13038 13040 13039
f 13041 13043 13042
f 13044 13046 13045
f 13047 13049 13048
f 13050 13052 13051
f 13053 13055 13054
f 13056 13058 13057
f 13059 13061 13060
f 13062 13064 13063
f 13065 13067 13066
f 13068 13070 13069
f 13071 13073 13072
f 13074 13076 13075
f 13077 13079 13078
f 13080 13082 13081
f 13083 13085 13084
f 13086 13088 13087
f 13089 13091 13090
f 13092 13094 13093
f 13095 13097 13096
f 13098 13100 13099
f 13101 13103 13102
f 13104 13106 13105
f 13107 13109 13108
f 13110 13112 13111
f 13113 13115 13114
f 13116 13118 13117
f 13119 13121 13120
f 13122 13124 13123
f 13125 13127 13126
f 13128 13130 13129
f 13131 13133 13132
f 13134 13136 13135
f 13137 13139 13138
f 13140 13142 13141
f 13143 13145 13144
f 13146 13148 13147
f 13149 13151 13150
f 13152 13154 13153
f 13155 13157 13156
f 13158 13160 13159
f 13161 13163 13162
f 13164 13166 13165
f 13167 13169 13168
f 13170 13172 13171
f 13173 13175 13174
f 13176 13178 13177
f 13179 13181 13180
f 13182 13184 13183
f 13185 13187 13186
f 13188 13190 13189
f 13191 13193 13192
f 13194 13196 13195
f 13197 13199 13198
f 13200 13202 13201
f 13203 13205 13204
f 13206 13208 13207
f 13209 13211 13210
f 13212 13214 13213
f 13215 13217 13216
f 13218 13220 13219
f 13221 13223 13222
f 13224 13226 13225
f 13227 13229 13228
f 13230 13232 13231
f 13233 13235 13234
f 13236 13238 13237
f 13239 13241 13240
f 13242 13244 13243
f 13245 13247 13246
f 13248 13250 13249
f 13251 13253 13252
f 13254 13256 13255
f 13257 13259 13258
f 13260 13262 13261
f 13263 13265 13264
f 13266 13268 13267
f 13269 13271 13270
f 13272 13274 13273
f 13275 13277 13276
f 13278 13280 13279
f 13281 13283 13282
f 13284 13286 13285
f 13287 13289 13288
f 13290 13292 13291
f 13293 13295 13294
f 13296 13298 13297
f 13299 13301 13300
f 13302 13304 13303
f 13305 13307 13306
f 13308 13310 13309
f 13311 13313 13312
f 13314 13316 13315
f 13317 13319 13318
f 13320 13322 13321
f 13323 13325 13324
f 13326 13328 13327
f 13329 13331 13330
f 13332 13334 13333
f 13335 13337 13336
f 13338 13340 13339
f 13341 13343 13342
f 13344 13346 13345
f 13347 13349 13348
f 13350 13352 13351
f 13353 13355 13354
f 13356 13358 13357
f 13359 13361 13360
f 13362 13364 13363
f 13365 13367 13366
f 13368 13370 13369
f 13371 13373 13372
f 13374 13376 13375
f 13377 13379 13378
f 13380 13382 13381
f 13383 13385 13384
f 13386 13388 13387
f 13389 13391 13390
f 13392 13394 13393
f 13395 13397 13396
f 13398 13400 13399
f 13401 13403 13402
f 13404 13406 13405
f 13407 13409 13408
f 13410 13412 13411
f 13413 13415 13414
f 13416 13418 13417
f 13419 13421 13420
f 13422 13424 13423
f 13425 13427 13426
f 13428 13430 13429
f 13431 13433 13432
f 13434 13436 13435
f 13437 13439 13438
f 13440 13442 13441
f 13443 13445 13444
f 13446 13448 13447
f 13449 13451 13450
f 13452 13454 13453
f 13455 13457 13456
f 13458 13460 13459
f 13461 13463 13462
f 13464 13466 13465
f 13467 13469 13468
f 13470 13472 13471
f 13473 13475 13474
f 13476 13478 13477
f 13479 13481 13480
f 13482 13484 13483
f 13485 13487 13486
f 13488 13490 13489
f 13491 13493 13492
f 13494 13496 13495
f 13497 13499 13498
f 13500 13502 13501
f 13503 13505 13504
f 13506 13508 13507
f 13509 13511 13510
f 13512 13514 13513
f 13515 13517 13516
f 13518 13520 13519
f 13521 13523 13522
f 13524 13526 13525
f 13527 13529 13528
f 13530 13532 13531
f 13533 13535 13534
f 13536 13538 13537
f 13539 13541 13540
f 13542 13544 13543
f 13545 13547 13546
f 13548 13550 13549
f 13551 13553 13552
f 13554 13556 13555
f 13557 13559 13558
f 13560 13562 13561
f 13563 13565 13564
f 13566 13568 13567
f 13569 13571 13570
f 13572 13574 13573
f 13575 13577 13576
f 13578 13580 13579
f 13581 13583 13582
f 13584 13586 13585
f 13587 13589 13588
f 13590 13592 13591
f 13593 13595 13594
f 13596 13598 13597
f 13599 13601 13600
f 13602 13604 13603
f 13605 13607 13606
f 13608 13610 13609
f 13611 13613 13612
f 13614 13616 13615
f 13617 13619 13618
f 13620 13622 13621
f 13623 13625 13624
f 13626 13628 13627
f 13629 13631 13630
f 13632 13634 13633
f 13635 13637 13636
f 13638 13640 13639
f 13641 13643 13642
f 13644 13646 13645
f 13647 13649 13648
f 13650 13652 13651
f 13653 13655 13654
f 13656 13658 13657
f 13659 13661 13660
f 13662 13664 13663
f 13665 13667 13666
f 13668 13670 13669
f 13671 13673 13672
f 13674 13676 13675
f 13677 13679 13678
f 13680 13682 13681
f 13683 13685 13684
f 13686 13688 13687
f 13689 13691 13690
f 13692 13694 13693
f 13695 13697 13696
f 13698 13700 13699
f 13701 13703 13702
f 13704 13706 13705
f 13707 13709 13708
f 13710 13712 13711
f 13713 13715 13714
f 13716 13718 13717
f 13719 13721 13720
f 13722 13724 13723
f 13725 13727 13726
f 13728 13730 13729
f 13731 13733 13732
f 13734 13736 13735
f 13737 13739 13738
f 13740 13742 13741
f 13743 13745 13744
f 13746 13748 13747
f 13749 13751 13750
f 13752 13754 13753
f 13755 13757 13756
f 13758 13760 13759
f 13761 13763 13762
f 13764 13766 13765
f 13767 13769 13768
f 13770 13772 13771
f 13773 13775 13774
f 13776 13778 13777
f 13779 13781 13780
f 13782 13784 13783
f 13785 13787 13786
f 13788 13790 13789
f 13791 13793 13792
f 13794 13796 13795
f 13797 13799 13798
f 13800 13802 13801
f 13803 13805 13804
f 13806 13808 13807
f 13809 13811 13810
f 13812 13814 13813
f 13815 13817 13816
f 13818 13820 13819
f 13821 13823 13822
f 13824 13826 13825
f 13827 13829 13828
f 13830 13832 13831
f 13833 13835 13834
f 13836 13838 13837
f 13839 13841 13840
f 13842 13844 13843
f 13845 13847 13846
f 13848 13850 13849
f 13851 13853 13852
f 13854 13856 13855
f 13857 13859 13858
f 13860 13862 13861
f 13863 13865 13864
f 13866 13868 13867
f 13869 13871 13870
f 13872 13874 13873
f 13875 13877 13876
f 13878 13880 13879
f 13881 13883 13882
f 13884 13886 13885
f 13887 13889 13888
f 13890 13892 13891
f 13893 13895 13894
f 13896 13898 13897
f 13899 13901 13900
f 13902 13904 13903
f 13905 13907 13906
f 13908 13910 13909
f 13911 13913 13912
f 13914 13916 13915
f 13917 13919 13918
f 13920 13922 13921
f 13923 13925 13924
f 13926 13928 13927
f 13929 13931 13930
f 13932 13934 13933
f 13935 13937 13936
f 13938 13940 13939
f 13941 13943 13942
f 13944 13946 13945
f 13947 13949 13948
f 13950 13952 13951
f 13953 13955 13954
f 13956 13958 13957
f 13959 13961 13960
f 13962 13964 13963
f 13965 13967 13966
f 13968 13970 13969
f 13971 13973 13972
f 13974 13976 13975
f 13977 13979 13978
f 13980 13982 13981
f 13983 13985 13984
f 13986 13988 13987
f 13989 13991 13990
f 13992 13994 13993
f 13995 13997 13996
f 13998 14000 13999
f 14001 14003 14002
f 14004 14006 14005
f 14007 14009 14008
f 14010 14012 14011
f 14013 14015 14014
f 14016 14018 14017
f 14019 14021 14020
f 14022 14024 14023
f 14025 14027 14026
f 14028 14030 14029
f 14031 14033 14032
f 14034 14036 14035
f 14037 14039 14038
f 14040 14042 14041
f 14043 14045 14044
f 14046 14048 14047
f 14049 14051 14050
f 14052 14054 14053
f 14055 14057 14056
f 14058 14060 14059
f 14061 14063 14062
f 14064 14066 14065
f 14067 14069 14068
f 14070 14072 14071
f 14073 14075 14074
f 14076 14078 14077
f 14079 14081 14080
f 14082 14084 14083
f 14085 14087 14086
f 14088 14090 14089
f 14091 14093 14092
f 14094 14096 14095
f 14097 14099 14098
f 14100 14102 14101
f 14103 14105 14104
f 14106 14108 14107
f 14109 14111 14110
f 14112 14114 14113
f 14115 14117 14116
f 14118 14120 14119
f 14121 14123 14122
f 14124 14126 14125
f 14127 14129 14128
f 14130 14132 14131
f 14133 14135 14134
f 14136 14138 14137
f 14139 14141 14140
f 14142 14144 14143
f 14145 14147 14146
f 14148 14150 14149
f 14151 14153 14152
f 14154 14156 14155
f 14157 14159 14158
f 14160 14162 14161
f 14163 14165 14164
f 14166 14168 14167
f 14169 14171 14170
f 14172 14174 14173
f 14175 14177 14176
f 14178 14180 14179
f 14181 14183 14182
f 14184 14186 14185
f 14187 14189 14188
f 14190 14192 14191
f 14193 14195 14194
f 14196 14198 14197
f 14199 14201 14200
f 14202 14204 14203
f 14205 14207 14206
f 14208 14210 14209
f 14211 14213 14212
f 14214 14216 14215
f 14217 14219 14218
f 14220 14222 14221
f 14223 14225 14224
f 14226 14228 14227
f 14229 14231 14230
f 14232 14234 14233
f 14235 14237 14236
f 14238 14240 14239
f 14241 14243 14242
f 14244 14246 14245
f 14247 14249 14248
f 14250 14252 14251
f 14253 14255 14254
f 14256 14258 14257
f 14259 14261 14260
f 14262 14264 14263
f 14265 14267 14266
f 14268 14270 14269
f 14271 14273 14272
f 14274 14276 14275
f 14277 14279 14278
f 14280 14282 14281
f 14283 14285 14284
f 14286 14288 14287
f 14289 14291 14290
f 14292 14294 14293
f 14295 14297 14296
f 14298 14300 14299
f 14301 14303 14302
f 14304 14306 14305
f 14307 14309 14308
f 14310 14312 14311
f 14313 14315 14314
f 14316 14318 14317
f 14319 14321 14320
f 14322 14324 14323
f 14325 14327 14326
f 14328 14330 14329
f 14331 14333 14332
f 14334 14336 14335
f 14337 14339 14338
f 14340 14342 14341
f 14343 14345 14344
f 14346 14348 14347
f 14349 14351 14350
f 14352 14354 14353
f 14355 14357 14356
f 14358 14360 14359
f 14361 14363 14362
f 14364 14366 14365
f 14367 14369 14368
f 14370 14372 14371
f 14373 14375 14374
f 14376 14378 14377
f 14379 14381 14380
f 14382 14384 14383
f 14385 14387 14386
f 14388 14390 14389
f 14391 14393 14392
f 14394 14396 14395
f 14397 14399 14398
f 14400 14402 14401
f 14403 14405 14404
f 14406 14408 14407
f 14409 14411 14410
f 14412 14414 14413
f 14415 14417 14416
f 14418 14420 14419
f 14421 14423 14422
f 14424 14426 14425
f 14427 14429 14428
f 14430 14432 14431
f 14433 14435 14434
f 14436 14438 14437
f 14439 14441 14440
f 14442 14444 14443
f 14445 14447 14446
f 14448 14450 14449
f 14451 14453 14452
f 14454 14456 14455
f 14457 14459 14458
f 14460 14462 14461
f 14463 14465 14464
f 14466 14468 14467
f 14469 14471 14470
f 14472 14474 14473
f 14475 14477 14476
f 14478 14480 14479
f 14481 14483 14482
f 14484 14486 14485
f 14487 14489 14488
f 14490 14492 14491
f 14493 14495 14494
f 14496 14498 14497
f 14499 14501 14500
f 14502 14504 14503
f 14505 14507 14506
f 14508 14510 14509
f 14511 14513 14512
f 14514 14516 14515
f 14517 14519 14518
f 14520 14522 14521
f 14523 14525 14524
f 14526 14528 14527
f 14529 14531 14530
f 14532 14534 14533
f 14535 14537 14536
f 14538 14540 14539
f 14541 14543 14542
f 14544 14546 14545
f 14547 14549 14548
f 14550 14552 14551
f 14553 14555 14554
f 14556 14558 14557
f 14559 14561 14560
f 14562 14564 14563
f 14565 14567 14566
f 14568 14570 14569
f 14571 14573 14572
f 14574 14576 14575
f 14577 14579 14578
f 14580 14582 14581
f 14583 14585 14584
f 14586 14588 14587
f 14589 14591 14590
f 14592 14594 14593
f 14595 14597 14596
f 14598 14600 14599
f 14601 14603 14602
f 14604 14606 14605
f 14607 14609 14608
f 14610 14612 14611
f 14613 14615 14614
f 14616 14618 14617
f 14619 14621 14620
f 14622 14624 14623
f 14625 14627 14626
f 14628 14630 14629
f 14631 14633 14632
f 14634 14636 14635
f 14637 14639 14638
f 14640 14642 14641
f 14643 14645 14644
f 14646 14648 14647
f 14649 14651 14650
f 14652 14654 14653
f 14655 14657 14656
f 14658 14660 14659
f 14661 14663 14662
f 14664 14666 14665
f 14667 14669 14668
f 14670 14672 14671
f 14673 14675 14674
f 14676 14678 14677
f 14679 14681 14680
f 14682 14684 14683
f 14685 14687 14686
f 14688 14690 14689
f 14691 14693 14692
f 14694 14696 14695
f 14697 14699 14698
f 14700 14702 14701
f 14703 14705 14704
f 14706 14708 14707
f 14709 14711 14710
f 14712 14714 14713
f 14715 14717 14716
f 14718 14720 14719
f 14721 14723 14722
f 14724 14726 14725
f 14727 14729 14728
f 14730 14732 14731
f 14733 14735 14734
f 14736 14738 14737
f 14739 14741 14740
f 14742 14744 14743
f 14745 14747 14746
f 14748 14750 14749
f 14751 14753 14752
f 14754 14756 14755
f 14757 14759 14758
f 14760 14762 14761
f 14763 14765 14764
f 14766 14768 14767
f 14769 14771 14770
f 14772 14774 14773
f 14775 14777 14776
f 14778 14780 14779
f 14781 14783 14782
f 14784 14786 14785
f 14787 14789 14788
f 14790 14792 14791
f 14793 14795 14794
f 14796 14798 14797
f 14799 14801 14800
f 14802 14804 14803
f 14805 14807 14806
f 14808 14810 14809
f 14811 14813 14812
f 14814 14816 14815
f 14817 14819 14818
f 14820 14822 14821
f 14823 14825 14824
f 14826 14828 14827
f 14829 14831 14830
f 14832 14834 14833
f 14835 14837 14836
f 14838 14840 14839
f 14841 14843 14842
f 14844 14846 14845
f 14847 14849 14848
f 14850 14852 14851
f 14853 14855 14854
f 14856 14858 14857
f 14859 14861 14860
f 14862 14864 14863
f 14865 14867 14866
f 14868 14870 14869
f 14871 14873 14872
f 14874 14876 14875
f 14877 14879 14878
f 14880 14882 14881
f 14883 14885 14884
f 14886 14888 14887
f 14889 14891 14890
f 14892 14894 14893
f 14895 14897 14896
f 14898 14900 14899
f 14901 14903 14902
f 14904 14906 14905
f 14907 14909 14908
f 14910 14912 14911
f 14913 14915 14914
f 14916 14918 14917
f 14919 14921 14920
f 14922 14924 14923
f 14925 14927 14926
f 14928 14930 14929
f 14931 14933 14932
f 14934 14936 14935
f 14937 14939 14938
f 14940 14942 14941
f 14943 14945 14944
f 14946 14948 14947
f 14949 14951 14950
f 14952 14954 14953
f 14955 14957 14956
f 14958 14960 14959
f 14961 14963 14962
f 14964 14966 14965
f 14967 14969 14968
f 14970 14972 14971
f 14973 14975 14974
f 14976 14978 14977
f 14979 14981 14980
f 14982 14984 14983
f 14985 14987 14986
f 14988 14990 14989
f 14991 14993 14992
f 14994 14996 14995
f 14997 14999 14998
f 15000 15002 15001
f 15003 15005 15004
f 15006 15008 15007
f 15009 15011 15010
f 15012 15014 15013
f 15015 15017 15016
f 15018 15020 15019
f 15021 15023 15022
f 15024 15026 15025
f 15027 15029 15028
f 15030 15032 15031
f 15033 15035 15034
f 15036 15038 15037
f 15039 15041 15040
f 15042 15044 15043
f 15045 15047 15046
f 15048 15050 15049
f 15051 15053 15052
f 15054 15056 15055
f 15057 15059 15058
f 15060 15062 15061
f 15063 15065 15064
f 15066 15068 15067
f 15069 15071 15070
f 15072 15074 15073
f 15075 15077 15076
f 15078 15080 15079
f 15081 15083 15082
f 15084 15086 15085
f 15087 15089 15088
f 15090 15092 15091
f 15093 15095 15094
f 15096 15098 15097
f 15099 15101 15100
f 15102 15104 15103
f 15105 15107 15106
f 15108 15110 15109
f 15111 15113 15112
f 15114 15116 15115
f 15117 15119 15118
f 15120 15122 15121
f 15123 15125 15124
f 15126 15128 15127
f 15129 15131 15130
f 15132 15134 15133
f 15135 15137 15136
f 15138 15140 15139
f 15141 15143 15142
f 15144 15146 15145
f 15147 15149 15148
f 15150 15152 15151
f 15153 15155 15154
f 15156 15158 15157
f 15159 15161 15160
f 15162 15164 15163
f 15165 15167 15166
f 15168 15170 15169
f 15171 15173 15172
f 15174 15176 15175
f 15177 15179 15178
f 15180 15182 15181
f 15183 15185 15184
f 15186 15188 15187
f 15189 15191 15190
f 15192 15194 15193
f 15195 15197 15196
f 15198 15200 15199
f 15201 15203 15202
f 15204 15206 15205
f 15207 15209 15208
f 15210 15212 15211
f 15213 15215 15214
f 15216 15218 15217
f 15219 15221 15220
f 15222 15224 15223
f 15225 15227 15226
f 15228 15230 15229
f 15231 15233 15232
f 15234 15236 15235
f 15237 15239 15238
f 15240 15242 15241
f 15243 15245 15244
f 15246 15248 15247
f 15249 15251 15250
f 15252 15254 15253
f 15255 15257 15256
f 15258 15260 15259
f 15261 15263 15262
f 15264 15266 15265
f 15267 15269 15268
f 15270 15272 15271
f 15273 15275 15274
f 15276 15278 15277
f 15279 15281 15280
f 15282 15284 15283
f 15285 15287 15286
f 15288 15290 15289
f 15291 15293 15292
f 15294 15296 15295
f 15297 15299 15298
f 15300 15302 15301
f 15303 15305 15304
f 15306 15308 15307
f 15309 15311 15310
f 15312 15314 15313
f 15315 15317 15316
f 15318 15320 15319
f 15321 15323 15322
f 15324 15326 15325
f 15327 15329 15328
f 15330 15332 15331
f 15333 15335 15334
f 15336 15338 15337
f 15339 15341 15340
f 15342 15344 15343
f 15345 15347 15346
f 15348 15350 15349
f 15351 15353 15352
f 15354 15356 15355
f 15357 15359 15358
f 15360 15362 15361
f 15363 15365 15364
f 15366 15368 15367
f 15369 15371 15370
f 15372 15374 15373
f 15375 15377 15376
f 15378 15380 15379
f 15381 15383 15382
f 15384 15386 15385
f 15387 15389 15388
f 15390 15392 15391
f 15393 15395 15394
f 15396 15398 15397
f 15399 15401 15400
f 15402 15404 15403
f 15405 15407 15406
f 15408 15410 15409
f 15411 15413 15412
f 15414 15416 15415
f 15417 15419 15418
f 15420 15422 15421
f 15423 15425 15424
f 15426 15428 15427
f 15429 15431 15430
f 15432 15434 15433
f 15435 15437 15436
f 15438 15440 15439
f 15441 15443 15442
f 15444 15446 15445
f 15447 15449 15448
f 15450 15452 15451
f 15453 15455 15454
f 15456 15458 15457
f 15459 15461 15460
f 15462 15464 15463
f 15465 15467 15466
f 15468 15470 15469
f 15471 15473 15472
f 15474 15476 15475
f 15477 15479 15478
f 15480 15482 15481
f 15483 15485 15484
f 15486 15488 15487
f 15489 15491 15490
f 15492 15494 15493
f 15495 15497 15496
f 15498 15500 15499
f 15501 15503 15502
f 15504 15506 15505
f 15507 15509 15508
f 15510 15512 15511
f 15513 15515 15514
f 15516 15518 15517
f 15519 15521 15520
f 15522 15524 15523
f 15525 15527 15526
f 15528 15530 15529
f 15531 15533 15532
f 15534 15536 15535
f 15537 15539 15538
f 15540 15542 15541
f 15543 15545 15544
f 15546 15548 15547
f 15549 15551 15550
f 15552 15554 15553
v 0.00000 1.47042 0.00000 1.00000 0.19904 0.02122
v 0.00000 1.38120 0.08922 1.00000 0.19904 0.02122
v -0.08922 1.38120 0.00000 1.00000 0.19904 0.02122
v 0.00000 1.38120 0.08922 1.00000 0.19904 0.02122
v 0.00000 1.29197 0.00000 1.00000 0.19904 0.02122
v -0.08922 1.38120 0.00000 1.00000 0.19904 0.02122
v 0.00000 1.29197 0.00000 1.00000 0.19904 0.02122
v 0.00000 1.38120 -0.08922 1.00000 0.19904 0.02122
v -0.08922 1.38120 0.00000 1.00000 0.19904 0.02122
v 0.00000 1.38120 -0.08922 1.00000 0.19904 0.02122
v 0.00000 1.47042 0.00000 1.00000 0.19904 0.02122
v -0.08922 1.38120 0.00000 1.00000 0.19904 0.02122
v 0.00000 1.47042 0.00000 1.00000 0.19904 0.02122
v 0.00000 1.38120 -0.08922 1.00000 0.19904 0.02122
v 0.08922 1.38120 0.00000 1.00000 0.19904 0.02122
v 0.00000 1.38120 -0.08922 1.00000 0.19904 0.02122
v 0.00000 1.29197 0.00000 1.00000 0.19904 0.02122
v 0.08922 1.38120 0.00000 1.00000 0.19904 0.02122
v 0.00000 1.29197 0.00000 1.00000 0.19904 0.02122
v 0.00000 1.38120 0.08922 1.00000 0.19904 0.02122
v 0.08922 1.38120 0.00000 1.00000 0.19904 0.02122
v 0.00000 1.38120 0.08922 1.00000 0.19904 0.02122
v 0.00000 1.47042 0.00000 1.00000 0.19904 0.02122
v 0.08922 1.38120 0.00000 1.00000 0.19904 0.02122
v 0.08699 0.35276 0.13532 1.00000 0.19904 0.02122
v 0.08699 0.35276 0.13532 1.00000 0.19904 0.02122
v 0.08699 0.35276 0.13532 1.00000 0.19904 0.02122
v 0.08699 0.35276 0.13532 1.00000 0.19904 0.02122
v 0.08699 0.35276 0.13532 1.00000 0.19904 0.02122
v 0.08699 0.35276 0.13532 1.00000 0.19904 0.02122
v 0.08699 0.35276 0.13532 1.00000 0.19904 0.02122
v 0.08699 0.35276 0.13532 1.00000 0.19904 0.02122
v 0.08699 0.35276 0.13532 1.00000 0.19904 0.02122
v 0.08699 0.35276 0.13532 1.00000 0.19904 0.02122
v 0.10209 0.34931 0.13532 1.00000 0.19904 0.02122
v 0.09856 0.34931 0.14503 1.00000 0.19904 0.02122
v 0.08961 0.34931 0.15019 1.00000 0.19904 0.02122
v 0.07944 0.34931 0.14840 1.00000 0.19904 0.02122
v 0.07280 0.34931 0.14048 1.00000 0.19904 0.02122
v 0.07280 0.34931 0.13016 1.00000 0.19904 0.02122
v 0.07944 0.34931 0.12225 1.00000 0.19904 0.02122
v 0.08961 0.34931 0.12045 1.00000 0.19904 0.02122
v 0.09856 0.34931 0.12562 1.00000 0.19904 0.02122
v 0.10209 0.34931 0.13532 1.00000 0.19904 0.02122
v 0.11420 0.33966 0.13532 1.00000 0.19904 0.02122
v 0.10783 0.33966 0.15281 1.00000 0.19904 0.02122
v 0.09172 0.33966 0.16211 1.00000 0.19904 0.02122
v 0.07339 0.33966 0.15888 1.00000 0.19904 0.02122
v 0.06143 0.33966 0.14463 1.00000 0.19904 0.02122
v 0.06143 0.33966 0.12602 1.00000 0.19904 0.02122
v 0.07339 0.33966 0.11176 1.00000 0.19904 0.02122
v 0.09172 0.33966 0.10853 1.00000 0.19904 0.02122
v 0.10783 0.33966 0.11783 1.00000 0.19904 0.02122
v 0.11420 0.33966 0.13532 1.00000 0.19904 0.02122
v 0.12092 0.32571 0.13532 1.00000 0.19904 0.02122
v 0.11298 0.32571 0.15713 1.00000 0.19904 0.02122
v 0.09288 0.32571 0.16873 1.00000 0.19904 0.02122
v 0.07003 0.32571 0.16470 1.00000 0.19904 0.02122
v 0.05511 0.32571 0.14692 1.00000 0.19904 0.02122
v 0.05511 0.32571 0.12372 1.00000 0.19904 0.02122
v 0.07003 0.32571 0.10594 1.00000 0.19904 0.02122
v 0.09288 0.32571 0.10191 1.00000 0.19904 0.02122
v 0.11298 0.32571 0.11351 1.00000 0.19904 0.02122
v 0.12092 0.32571 0.13532 1.00000 0.19904 0.02122
v 0.12092 0.31022 0.13532 1.00000 0.19904 0.02122
v 0.11298 0.31022 0.15713 1.00000 0.19904 0.02122
v 0.09288 0.31022 0.16873 1.00000 0.19904 0.02122
v 0.07003 0.31022 0.16470 1.00000 0.19904 0.02122
v 0.05511 0.31022 0.14692 1.00000 0.19904 0.02122
v 0.05511 0.31022 0.12372 1.00000 0.19904 0.02122
v 0.07003 0.31022 0.10594 1.00000 0.19904 0.02122
v 0.09288 0.31022 0.10191 1.00000 0.19904 0.02122
v 0.11298 0.31022 0.11351 1.00000 0.19904 0.02122
v 0.12092 0.31022 0.13532 1.00000 0.19904 0.02122
v 0.11420 0.29627 0.13532 1.00000 0.19904 0.02122
v 0.10783 0.29627 0.15281 1.00000 0.19904 0.02122
v 0.09172 0.29627 0.16211 1.00000 0.19904 0.02122
v 0.07339 0.29627 0.15888 1.00000 0.19904 0.02122
v 0.06143 0.29627 0.14463 1.00000 0.19904 0.02122
v 0.06143 0.29627 0.12602 1.00000 0.19904 0.02122
v 0.07339 0.29627 0.11176 1.00000 0.19904 0.02122
v 0.09172 0.29627 0.10853 1.00000 0.19904 0.02122
v 0.10783 0.29627 0.11783 1.00000 0.19904 0.02122
v 0.11420 0.29627 0.13532 1.00000 0.19904 0.02122
v 0.10209 0.28661 0.13532 1.00000 0.19904 0.02122
v 0.09856 0.28661 0.14503 1.00000 0.19904 0.02122
v 0.08961 0.28661 0.15019 1.00000 0.19904 0.02122
v 0.07944 0.28661 0.14840 1.00000 0.19904 0.02122
v 0.07280 0.28661 0.14048 1.00000 0.19904 0.02122
v 0.07280 0.28661 0.13016 1.00000 0.19904 0.02122
v 0.07944 0.28661 0.12225 1.00000 0.19904 0.02122
v 0.08961 0.28661 0.12045 1.00000 0.19904 0.02122
v 0.09856 0.28661 0.12562 1.00000 0.19904 0.02122
v 0.10209 0.28661 0.13532 1.00000 0.19904 0.02122
v 0.08699 0.28317 0.13532 1.00000 0.19904 0.02122
v 0.08699 0.28317 0.13532 1.00000 0.19904 0.02122
v 0.08699 0.28317 0.13532 1.00000 0.19904 0.02122
v 0.08699 0.28317 0.13532 1.00000 0.19904 0.02122
v 0.08699 0.28317 0.13532 1.00000 0.19904 0.02122
v 0.08699 0.28317 0.13532 1.00000 0.19904 0.02122
v 0.08699 0.28317 0.13532 1.00000 0.19904 0.02122
v 0.08699 0.28317 0.13532 1.00000 0.19904 0.02122
v 0.08699 0.28317 0.13532 1.00000 0.19904 0.02122
v 0.08699 0.28317 0.13532 1.00000 0.19904 0.02122
v -0.08699 0.35276 0.13532 1.00000 0.19904 0.02122
v -0.08699 0.35276 0.13532 1.00000 0.19904 0.02122
v -0.08699 0.35276 0.13532 1.00000 0.19904 0.02122
v -0.08699 0.35276 0.13532 1.00000 0.19904 0.02122
v -0.08699 0.35276 0.13532 1.00000 0.19904 0.02122
v -0.08699 0.35276 0.13532 1.00000 0.19904 0.02122
v -0.08699 0.35276 0.13532 1.00000 0.19904 0.02122
v -0.08699 0.35276 0.13532 1.00000 0.19904 0.02122
v -0.08699 0.35276 0.13532 1.00000 0.19904 0.02122
v -0.08699 0.35276 0.13532 1.00000 0.19904 0.02122
v -0.07189 0.34931 0.13532 1.00000 0.19904 0.02122
v -0.07543 0.34931 0.14503 1.00000 0.19904 0.02122
v -0.08437 0.34931 0.15019 1.00000 0.19904 0.02122
v -0.09454 0.34931 0.14840 1.00000 0.19904 0.02122
v -0.10118 0.34931 0.14048 1.00000 0.19904 0.02122
v -0.10118 0.34931 0.13016 1.00000 0.19904 0.02122
v -0.09454 0.34931 0.12225 1.00000 0.19904 0.02122
v -0.08437 0.34931 0.12045 1.00000 0.19904 0.02122
v -0.07543 0.34931 0.12562 1.00000 0.19904 0.02122
v -0.07189 0.34931 0.13532 1.00000 0.19904 0.02122
v -0.05979 0.33966 0.13532 1.00000 0.19904 0.02122
v -0.06615 0.33966 0.15281 1.00000 0.19904 0.02122
v -0.08227 0.33966 0.16211 1.00000 0.19904 0.02122
v -0.10059 0.33966 0.15888 1.00000 0.19904 0.02122
v -0.11256 0.33966 0.14463 1.00000 0.19904 0.02122
v -0.11256 0.33966 0.12602 1.00000 0.19904 0.02122
v -0.10059 0.33966 0.11176 1.00000 0.19904 0.02122
v -0.08227 0.33966 0.10853 1.00000 0.19904 0.02122
v -0.06615 0.33966 0.11783 1.00000 0.19904 0.02122
v -0.05979 0.33966 0.13532 1.00000 0.19904 0.02122
v -0.05307 0.32571 0.13532 1.00000 0.19904 0.02122
v -0.06100 0.32571 0.15713 1.00000 0.19904 0.02122
v -0.08110 0.32571 0.16873 1.00000 0.19904 0.02122
v -0.10395 0.32571 0.16470 1.00000 0.19904 0.02122
v -0.11887 0.32571 0.14692 1.00000 0.19904 0.02122
v -0.11887 0.32571 0.12372 1.00000 0.19904 0.02122
v -0.10395 0.32571 0.10594 1.00000 0.19904 0.02122
v -0.08110 0.32571 0.10191 1.00000 0.19904 0.02122
v -0.06100 0.32571 0.11351 1.00000 0.19904 0.02122
v -0.05307 0.32571 0.13532 1.00000 0.19904 0.02122
v -0.05307 0.31022 0.13532 1.00000 0.19904 0.02122
v -0.06100 0.31022 0.15713 1.00000 0.19904 0.02122
v -0.08110 0.31022 0.16873 1.00000 0.19904 0.02122
v -0.10395 0.31022 0.16470 1.00000 0.19904 0.02122
v -0.11887 0.31022 0.14692 1.00000 0.19904 0.02122
v -0.11887 0.31022 0.12372 1.00000 0.19904 0.02122
v -0.10395 0.31022 0.10594 1.00000 0.19904 0.02122
v -0.08110 0.31022 0.10191 1.00000 0.19904 0.02122
v -0.06100 0.31022 0.11351 1.00000 0.19904 0.02122
v -0.05307 0.31022 0.13532 1.00000 0.19904 0.02122
v -0.05979 0.29627 0.13532 1.00000 0.19904 0.02122
v -0.06615 0.29627 0.15281 1.00000 0.19904 0.02122
v -0.08227 0.29627 0.16211 1.00000 0.19904 0.02122
v -0.10059 0.29627 0.15888 1.00000 0.19904 0.02122
v -0.11256 0.29627 0.14463 1.00000 0.19904 0.02122
v -0.11256 0.29627 0.12602 1.00000 0.19904 0.02122
v -0.10059 0.29627 0.11176 1.00000 0.19904 0.02122
v -0.08227 0.29627 0.10853 1.00000 0.19904 0.02122
v -0.06615 0.29627 0.11783 1.00000 0.19904 0.02122
v -0.05979 0.29627 0.13532 1.00000 0.19904 0.02122
v -0.07189 0.28661 0.13532 1.00000 0.19904 0.02122
v -0.07543 0.28661 0.14503 1.00000 0.19904 0.02122
v -0.08437 0.28661 0.15019 1.00000 0.19904 0.02122
v -0.09454 0.28661 0.14840 1.00000 0.19904 0.02122
v -0.10118 0.28661 0.14048 1.00000 0.19904 0.02122
v -0.10118 0.28661 0.13016 1.00000 0.19904 0.02122
v -0.09454 0.28661 0.12225 1.00000 0.19904 0.02122
v -0.08437 0.28661 0.12045 1.00000 0.19904 0.02122
v -0.07543 0.28661 0.12562 1.00000 0.19904 0.02122
v -0.07189 0.28661 0.13532 1.00000 0.19904 0.02122
v -0.08699 0.28317 0.13532 1.00000 0.19904 0.02122
v -0.08699 0.28317 0.13532 1.00000 0.19904 0.02122
v -0.08699 0.28317 0.13532 1.00000 0.19904 0.02122
v -0.08699 0.28317 0.13532 1.00000 0.19904 0.02122
v -0.08699 0.28317 0.13532 1.00000 0.19904 0.02122
v -0.08699 0.28317 0.13532 1.00000 0.19904 0.02122
v -0.08699 0.28317 0.13532 1.00000 0.19904 0.02122
v -0.08699 0.28317 0.13532 1.00000 0.19904 0.02122
v -0.08699 0.28317 0.13532 1.00000 0.19904 0.02122
v -0.08699 0.28317 0.13532 1.00000 0.19904 0.02122
f 15555 15557 15556
f 15558 15560 15559
f 15561 15563 15562
f 15564 15566 15565
f 15567 15569 15568
f 15570 15572 15571
f 15573 15575 15574
f 15576 15578 15577
f 15579 15590 15589
f 15580 15591 15590
f 15581 15592 15591
f 15582 15593 15592
f 15583 15594 15593
f 15584 15595 15594
f 15585 15596 15595
f 15586 15597 15596
f 15587 15598 15597
f 15590 15600 15589
f 15589 15600 15599
f 15591 15601 15590
f 15590 15601 15600
f 15592 15602 15591
f 15591 15602 15601
f 15593 15603 15592
f 15592 15603 15602
f 15594 15604 15593
f 15593 15604 15603
f 15595 15605 15594
f 15594 15605 15604
f 15596 15606 15595
f 15595 15606 15605
f 15597 15607 15596
f 15596 15607 15606
f 15598 15608 15597
f 15597 15608 15607
f 15600 15610 15599
f 15599 15610 15609
f 15601 15611 15600
f 15600 15611 15610
f 15602 15612 15601
f 15601 15612 15611
f 15603 15613 15602
f 15602 15613 15612
f 15604 15614 15603
f 15603 15614 15613
f 15605 15615 15604
f 15604 15615 15614
f 15606 15616 15605
f 15605 15616 15615
f 15607 15617 15606
f 15606 15617 15616
f 15608 15618 15607
f 15607 15618 15617
f 15610 15620 15609
f 15609 15620 15619
f 15611 15621 15610
f 15610 15621 15620
f 15612 15622 15611
f 15611 15622 15621
f 15613 15623 15612
f 15612 15623 15622
f 15614 15624 15613
f 15613 15624 15623
f 15615 15625 15614
f 15614 15625 15624
f 15616 15626 15615
f 15615 15626 15625
f 15617 15627 15616
f 15616 15627 15626
f 15618 15628 15617
f 15617 15628 15627
f 15620 15630 15619
f 15619 15630 15629
f 15621 15631 15620
f 15620 15631 15630
f 15622 15632 15621
f 15621 15632 15631
f 15623 15633 15622
f 15622 15633 15632
f 15624 15634 15623
f 15623 15634 15633
f 15625 15635 15624
f 15624 15635 15634
f 15626 15636 15625
f 15625 15636 15635
f 15627 15637 15626
f 15626 15637 15636
f 15628 15638 15627
f 15627 15638 15637
f 15630 15640 15629
f 15629 15640 15639
f 15631 15641 15630
f 15630 15641 15640
f 15632 15642 15631
f 15631 15642 15641
f 15633 15643 15632
f 15632 15643 15642
f 15634 15644 15633
f 15633 15644 15643
f 15635 15645 15634
f 15634 15645 15644
f 15636 15646 15635
f 15635 15646 15645
f 15637 15647 15636
f 15636 15647 15646
f 15638 15648 15637
f 15637 15648 15647
f 15640 15650 15639
f 15641 15651 15640
f 15642 15652 15641
f 15643 15653 15642
f 15644 15654 15643
f 15645 15655 15644
f 15646 15656 15645
f 15647 15657 15646
f 15648 15658 15647
f 15659 15670 15669
f 15660 15671 15670
f 15661 15672 15671
f 15662 15673 15672
f 15663 15674 15673
f 15664 15675 15674
f 15665 15676 15675
f 15666 15677 15676
f 15667 15678 15677
f 15670 15680 15669
f 15669 15680 15679
f 15671 15681 15670
f 15670 15681 15680
f 15672 15682 15671
f 15671 15682 15681
f 15673 15683 15672
f 15672 15683 15682
f 15674 15684 15673
f 15673 15684 15683
f 15675 15685 15674
f 15674 15685 15684
f 15676 15686 15675
f 15675 15686 15685
f 15677 15687 15676
f 15676 15687 15686
f 15678 15688 15677
f 15677 15688 15687
f 15680 15690 15679
f 15679 15690 15689
f 15681 15691 15680
f 15680 15691 15690
f 15682 15692 15681
f 15681 15692 15691
f 15683 15693 15682
f 15682 15693 15692
f 15684 15694 15683
f 15683 15694 15693
f 15685 15695 15684
f 15684 15695 15694
f 15686 15696 15685
f 15685 15696 15695
f 15687 15697 15686
f 15686 15697 15696
f 15688 15698 15687
f 15687 15698 15697
f 15690 15700 15689
f 15689 15700 15699
f 15691 15701 15690
f 15690 15701 15700
f 15692 15702 15691
f 15691 15702 15701
f 15693 15703 15692
f 15692 15703 15702
f 15694 15704 15693
f 15693 15704 15703
f 15695 15705 15694
f 15694 15705 15704
f 15696 15706 15695
f 15695 15706 15705
f 15697 15707 15696
f 15696 15707 15706
f 15698 15708 15697
f 15697 15708 15707
f 15700 15710 15699
f 15699 15710 15709
f 15701 15711 15700
f 15700 15711 15710
f 15702 15712 15701
f 15701 15712 15711
f 15703 15713 15702
f 15702 15713 15712
f 15704 15714 15703
f 15703 15714 15713
f 15705 15715 15704
f 15704 15715 15714
f 15706 15716 15705
f 15705 15716 15715
f 15707 15717 15706
f 15706 15717 15716
f 15708 15718 15707
f 15707 15718 15717
f 15710 15720 15709
f 15709 15720 15719
f 15711 15721 15710
f 15710 15721 15720
f 15712 15722 15711
f 15711 15722 15721
f 15713 15723 15712
f 15712 15723 15722
f 15714 15724 15713
f 15713 15724 15723
f 15715 15725 15714
f 15714 15725 15724
f 15716 15726 15715
f 15715 15726 15725
f 15717 15727 15716
f 15716 15727 15726
f 15718 15728 15717
f 15717 15728 15727
f 15720 15730 15719
f 15721 15731 15720
f 15722 15732 15721
f 15723 15733 15722
f 15724 15734 15723
f 15725 15735 15724
f 15726 15736 15725
f 15727 15737 15726
f 15728 15738 15727
v 0.37213 0.27967 0.08922 0.57758 0.39157 0.16203
v 0.37213 0.27967 0.08922 0.57758 0.39157 0.16203
v 0.37213 0.27967 0.08922 0.57758 0.39157 0.16203
v 0.37213 0.27967 0.08922 0.57758 0.39157 0.16203
v 0.37213 0.27967 0.08922 0.57758 0.39157 0.16203
v 0.37213 0.27967 0.08922 0.57758 0.39157 0.16203
v 0.37213 0.32651 0.07584 0.57758 0.39157 0.16203
v 0.35940 0.32651 0.08509 0.57758 0.39157 0.16203
v 0.36426 0.32651 0.10005 0.57758 0.39157 0.16203
v 0.38000 0.32651 0.10005 0.57758 0.39157 0.16203
v 0.38486 0.32651 0.08509 0.57758 0.39157 0.16203
v 0.37213 0.32651 0.07584 0.57758 0.39157 0.16203
v 0.37213 0.32651 0.08922 0.57758 0.39157 0.16203
v 0.37213 0.32651 0.08922 0.57758 0.39157 0.16203
v 0.37213 0.32651 0.08922 0.57758 0.39157 0.16203
v 0.37213 0.32651 0.08922 0.57758 0.39157 0.16203
v 0.37213 0.32651 0.08922 0.57758 0.39157 0.16203
v 0.37213 0.32651 0.07584 0.57758 0.39157 0.16203
v 0.35940 0.32651 0.08509 0.57758 0.39157 0.16203
v 0.36426 0.32651 0.10005 0.57758 0.39157 0.16203
v 0.38000 0.32651 0.10005 0.57758 0.39157 0.16203
v 0.38486 0.32651 0.08509 0.57758 0.39157 0.16203
v 0.37213 0.32651 0.07584 0.57758 0.39157 0.16203
v 0.34202 0.27967 0.08922 0.57758 0.39157 0.16203
v 0.34202 0.27967 0.08922 0.57758 0.39157 0.16203
v 0.34202 0.27967 0.08922 0.57758 0.39157 0.16203
v 0.34202 0.27967 0.08922 0.57758 0.39157 0.16203
v 0.34202 0.27967 0.08922 0.57758 0.39157 0.16203
v 0.34202 0.27967 0.08922 0.57758 0.39157 0.16203
v 0.34202 0.32651 0.07584 0.57758 0.39157 0.16203
v 0.32929 0.32651 0.08509 0.57758 0.39157 0.16203
v 0.33415 0.32651 0.10005 0.57758 0.39157 0.16203
v 0.34989 0.32651 0.10005 0.57758 0.39157 0.16203
v 0.35475 0.32651 0.08509 0.57758 0.39157 0.16203
v 0.34202 0.32651 0.07584 0.57758 0.39157 0.16203
v 0.34202 0.32651 0.08922 0.57758 0.39157 0.16203
v 0.34202 0.32651 0.08922 0.57758 0.39157 0.16203
v 0.34202 0.32651 0.08922 0.57758 0.39157 0.16203
v 0.34202 0.32651 0.08922 0.57758 0.39157 0.16203
v 0.34202 0.32651 0.08922 0.57758 0.39157 0.16203
v 0.34202 0.32651 0.07584 0.57758 0.39157 0.16203
v 0.32929 0.32651 0.08509 0.57758 0.39157 0.16203
v 0.33415 0.32651 0.10005 0.57758 0.39157 0.16203
v 0.34989 0.32651 0.10005 0.57758 0.39157 0.16203
v 0.35475 0.32651 0.08509 0.57758 0.39157 0.16203
v 0.34202 0.32651 0.07584 0.57758 0.39157 0.16203
v 0.31191 0.27967 0.08922 0.57758 0.39157 0.16203
v 0.31191 0.27967 0.08922 0.57758 0.39157 0.16203
v 0.31191 0.27967 0.08922 0.57758 0.39157 0.16203
v 0.31191 0.27967 0.08922 0.57758 0.39157 0.16203
v 0.31191 0.27967 0.08922 0.57758 0.39157 0.16203
v 0.31191 0.27967 0.08922 0.57758 0.39157 0.16203
v 0.31191 0.32651 0.07584 0.57758 0.39157 0.16203
v 0.29918 0.32651 0.08509 0.57758 0.39157 0.16203
v 0.30404 0.32651 0.10005 0.57758 0.39157 0.16203
v 0.31977 0.32651 0.10005 0.57758 0.39157 0.16203
v 0.32463 0.32651 0.08509 0.57758 0.39157 0.16203
v 0.31191 0.32651 0.07584 0.57758 0.39157 0.16203
v 0.31191 0.32651 0.08922 0.57758 0.39157 0.16203
v 0.31191 0.32651 0.08922 0.57758 0.39157 0.16203
v 0.31191 0.32651 0.08922 0.57758 0.39157 0.16203
v 0.31191 0.32651 0.08922 0.57758 0.39157 0.16203
v 0.31191 0.32651 0.08922 0.57758 0.39157 0.16203
v 0.31191 0.32651 0.07584 0.57758 0.39157 0.16203
v 0.29918 0.32651 0.08509 0.57758 0.39157 0.16203
v 0.30404 0.32651 0.10005 0.57758 0.39157 0.16203
v 0.31977 0.32651 0.10005 0.57758 0.39157 0.16203
v 0.32463 0.32651 0.08509 0.57758 0.39157 0.16203
v 0.31191 0.32651 0.07584 0.57758 0.39157 0.16203
v -0.31191 0.27967 0.08922 0.57758 0.39157 0.16203
v -0.31191 0.27967 0.08922 0.57758 0.39157 0.16203
v -0.31191 0.27967 0.08922 0.57758 0.39157 0.16203
v -0.31191 0.27967 0.08922 0.57758 0.39157 0.16203
v -0.31191 0.27967 0.08922 0.57758 0.39157 0.16203
v -0.31191 0.27967 0.08922 0.57758 0.39157 0.16203
v -0.31191 0.32651 0.07584 0.57758 0.39157 0.16203
v -0.32463 0.32651 0.08509 0.57758 0.39157 0.16203
v -0.31977 0.32651 0.10005 0.57758 0.39157 0.16203
v -0.30404 0.32651 0.10005 0.57758 0.39157 0.16203
v -0.29918 0.32651 0.08509 0.57758 0.39157 0.16203
v -0.31191 0.32651 0.07584 0.57758 0.39157 0.16203
v -0.31191 0.32651 0.08922 0.57758 0.39157 0.16203
v -0.31191 0.32651 0.08922 0.57758 0.39157 0.16203
v -0.31191 0.32651 0.08922 0.57758 0.39157 0.16203
v -0.31191 0.32651 0.08922 0.57758 0.39157 0.16203
v -0.31191 0.32651 0.08922 0.57758 0.39157 0.16203
v -0.31191 0.32651 0.07584 0.57758 0.39157 0.16203
v -0.32463 0.32651 0.08509 0.57758 0.39157 0.16203
v -0.31977 0.32651 0.10005 0.57758 0.39157 0.16203
v -0.30404 0.32651 0.10005 0.57758 0.39157 0.16203
v -0.29918 0.32651 0.08509 0.57758 0.39157 0.16203
v -0.31191 0.32651 0.07584 0.57758 0.39157 0.16203
v -0.34202 0.27967 0.08922 0.57758 0.39157 0.16203
v -0.34202 0.27967 0.08922 0.57758 0.39157 0.16203
v -0.34202 0.27967 0.08922 0.57758 0.39157 0.16203
v -0.34202 0.27967 0.08922 0.57758 0.39157 0.16203
v -0.34202 0.27967 0.08922 0.57758 0.39157 0.16203
v -0.34202 0.27967 0.08922 0.57758 0.39157 0.16203
v -0.34202 0.32651 0.07584 0.57758 0.39157 0.16203
v -0.35475 0.32651 0.08509 0.57758 0.39157 0.16203
v -0.34989 0.32651 0.10005 0.57758 0.39157 0.16203
v -0.33415 0.32651 0.10005 0.57758 0.39157 0.16203
v -0.32929 0.32651 0.08509 0.57758 0.39157 0.16203
v -0.34202 0.32651 0.07584 0.57758 0.39157 0.16203
v -0.34202 0.32651 0.08922 0.57758 0.39157 0.16203
v -0.34202 0.32651 0.08922 0.57758 0.39157 0.16203
v -0.34202 0.32651 0.08922 0.57758 0.39157 0.16203
v -0.34202 0.32651 0.08922 0.57758 0.39157 0.16203
v -0.34202 0.32651 0.08922 0.57758 0.39157 0.16203
v -0.34202 0.32651 0.07584 0.57758 0.39157 0.16203
v -0.35475 0.32651 0.08509 0.57758 0.39157 0.16203
v -0.34989 0.32651 0.10005 0.57758 0.39157 0.16203
v -0.33415 0.32651 0.10005 0.57758 0.39157 0.16203
v -0.32929 0.32651 0.08509 0.57758 0.39157 0.16203
v -0.34202 0.32651 0.07584 0.57758 0.39157 0.16203
v -0.37213 0.27967 0.08922 0.57758 0.39157 0.16203
v -0.37213 0.27967 0.08922 0.57758 0.39157 0.16203
v -0.37213 0.27967 0.08922 0.57758 0.39157 0.16203
v -0.37213 0.27967 0.08922 0.57758 0.39157 0.16203
v -0.37213 0.27967 0.08922 0.57758 0.39157 0.16203
v -0.37213 0.27967 0.08922 0.57758 0.39157 0.16203
v -0.37213 0.32651 0.07584 0.57758 0.39157 0.16203
v -0.38486 0.32651 0.08509 0.57758 0.39157 0.16203
v -0.38000 0.32651 0.10005 0.57758 0.39157 0.16203
v -0.36426 0.32651 0.10005 0.57758 0.39157 0.16203
v -0.35940 0.32651 0.08509 0.57758 0.39157 0.16203
v -0.37213 0.32651 0.07584 0.57758 0.39157 0.16203
v -0.37213 0.32651 0.08922 0.57758 0.39157 0.16203
v -0.37213 0.32651 0.08922 0.57758 0.39157 0.16203
v -0.37213 0.32651 0.08922 0.57758 0.39157 0.16203
v -0.37213 0.32651 0.08922 0.57758 0.39157 0.16203
v -0.37213 0.32651 0.08922 0.57758 0.39157 0.16203
v -0.37213 0.32651 0.07584 0.57758 0.39157 0.16203
v -0.38486 0.32651 0.08509 0.57758 0.39157 0.16203
v -0.38000 0.32651 0.10005 0.57758 0.39157 0.16203
v -0.36426 0.32651 0.10005 0.57758 0.39157 0.16203
v -0.35940 0.32651 0.08509 0.57758 0.39157 0.16203
v -0.37213 0.32651 0.07584 0.57758 0.39157 0.16203
v 0.20595 0.30309 0.34908 0.57758 0.39157 0.16203
v 0.20595 0.30309 0.34908 0.57758 0.39157 0.16203
v 0.20595 0.30309 0.34908 0.57758 0.39157 0.16203
v 0.20595 0.30309 0.34908 0.57758 0.39157 0.16203
v 0.20595 0.30309 0.34908 0.57758 0.39157 0.16203
v 0.20595 0.30309 0.34908 0.57758 0.39157 0.16203
v 0.20595 0.28510 0.27547 0.57758 0.39157 0.16203
v 0.18884 0.29753 0.27547 0.57758 0.39157 0.16203
v 0.19538 0.31765 0.27547 0.57758 0.39157 0.16203
v 0.21653 0.31765 0.27547 0.57758 0.39157 0.16203
v 0.22307 0.29753 0.27547 0.57758 0.39157 0.16203
v 0.20595 0.28510 0.27547 0.57758 0.39157 0.16203
v 0.20595 0.30309 0.27547 0.57758 0.39157 0.16203
v 0.20595 0.30309 0.27547 0.57758 0.39157 0.16203
v 0.20595 0.30309 0.27547 0.57758 0.39157 0.16203
v 0.20595 0.30309 0.27547 0.57758 0.39157 0.16203
v 0.20595 0.30309 0.27547 0.57758 0.39157 0.16203
v 0.20595 0.28510 0.27547 0.57758 0.39157 0.16203
v 0.18884 0.29753 0.27547 0.57758 0.39157 0.16203
v 0.19538 0.31765 0.27547 0.57758 0.39157 0.16203
v 0.21653 0.31765 0.27547 0.57758 0.39157 0.16203
v 0.22307 0.29753 0.27547 0.57758 0.39157 0.16203
v 0.20595 0.28510 0.27547 0.57758 0.39157 0.16203
v 0.14870 0.30309 0.34908 0.57758 0.39157 0.16203
v 0.14870 0.30309 0.34908 0.57758 0.39157 0.16203
v 0.14870 0.30309 0.34908 0.57758 0.39157 0.16203
v 0.14870 0.30309 0.34908 0.57758 0.39157 0.16203
v 0.14870 0.30309 0.34908 0.57758 0.39157 0.16203
v 0.14870 0.30309 0.34908 0.57758 0.39157 0.16203
v 0.14870 0.28510 0.27547 0.57758 0.39157 0.16203
v 0.13159 0.29753 0.27547 0.57758 0.39157 0.16203
v 0.13813 0.31765 0.27547 0.57758 0.39157 0.16203
v 0.15928 0.31765 0.27547 0.57758 0.39157 0.16203
v 0.16582 0.29753 0.27547 0.57758 0.39157 0.16203
v 0.14870 0.28510 0.27547 0.57758 0.39157 0.16203
v 0.14870 0.30309 0.27547 0.57758 0.39157 0.16203
v 0.14870 0.30309 0.27547 0.57758 0.39157 0.16203
v 0.14870 0.30309 0.27547 0.57758 0.39157 0.16203
v 0.14870 0.30309 0.27547 0.57758 0.39157 0.16203
v 0.14870 0.30309 0.27547 0.57758 0.39157 0.16203
v 0.14870 0.28510 0.27547 0.57758 0.39157 0.16203
v 0.13159 0.29753 0.27547 0.57758 0.39157 0.16203
v 0.13813 0.31765 0.27547 0.57758 0.39157 0.16203
v 0.15928 0.31765 0.27547 0.57758 0.39157 0.16203
v 0.16582 0.29753 0.27547 0.57758 0.39157 0.16203
v 0.14870 0.28510 0.27547 0.57758 0.39157 0.16203
v 0.09145 0.30309 0.34908 0.57758 0.39157 0.16203
v 0.09145 0.30309 0.34908 0.57758 0.39157 0.16203
v 0.09145 0.30309 0.34908 0.57758 0.39157 0.16203
v 0.09145 0.30309 0.34908 0.57758 0.39157 0.16203
v 0.09145 0.30309 0.34908 0.57758 0.39157 0.16203
v 0.09145 0.30309 0.34908 0.57758 0.39157 0.16203
v 0.09145 0.28510 0.27547 0.57758 0.39157 0.16203
v 0.07434 0.29753 0.27547 0.57758 0.39157 0.16203
v 0.08088 0.31765 0.27547 0.57758 0.39157 0.16203
v 0.10203 0.31765 0.27547 0.57758 0.39157 0.16203
v 0.10857 0.29753 0.27547 0.57758 0.39157 0.16203
v 0.09145 0.28510 0.27547 0.57758 0.39157 0.16203
v 0.09145 0.30309 0.27547 0.57758 0.39157 0.16203
v 0.09145 0.30309 0.27547 0.57758 0.39157 0.16203
v 0.09145 0.30309 0.27547 0.57758 0.39157 0.16203
v 0.09145 0.30309 0.27547 0.57758 0.39157 0.16203
v 0.09145 0.30309 0.27547 0.57758 0.39157 0.16203
v 0.09145 0.28510 0.27547 0.57758 0.39157 0.16203
v 0.07434 0.29753 0.27547 0.57758 0.39157 0.16203
v 0.08088 0.31765 0.27547 0.57758 0.39157 0.16203
v 0.10203 0.31765 0.27547 0.57758 0.39157 0.16203
v 0.10857 0.29753 0.27547 0.57758 0.39157 0.16203
v 0.09145 0.28510 0.27547 0.57758 0.39157 0.16203
v -0.09145 0.30309 0.34908 0.57758 0.39157 0.16203
v -0.09145 0.30309 0.34908 0.57758 0.39157 0.16203
v -0.09145 0.30309 0.34908 0.57758 0.39157 0.16203
v -0.09145 0.30309 0.34908 0.57758 0.39157 0.16203
v -0.09145 0.30309 0.34908 0.57758 0.39157 0.16203
v -0.09145 0.30309 0.34908 0.57758 0.39157 0.16203
v -0.09145 0.28510 0.27547 0.57758 0.39157 0.16203
v -0.10857 0.29753 0.27547 0.57758 0.39157 0.16203
v -0.10203 0.31765 0.27547 0.57758 0.39157 0.16203
v -0.08088 0.31765 0.27547 0.57758 0.39157 0.16203
v -0.07434 0.29753 0.27547 0.57758 0.39157 0.16203
v -0.09145 0.28510 0.27547 0.57758 0.39157 0.16203
v -0.09145 0.30309 0.27547 0.57758 0.39157 0.16203
v -0.09145 0.30309 0.27547 0.57758 0.39157 0.16203
v -0.09145 0.30309 0.27547 0.57758 0.39157 0.16203
v -0.09145 0.30309 0.27547 0.57758 0.39157 0.16203
v -0.09145 0.30309 0.27547 0.57758 0.39157 0.16203
v -0.09145 0.28510 0.27547 0.57758 0.39157 0.16203
v -0.10857 0.29753 0.27547 0.57758 0.39157 0.16203
v -0.10203 0.31765 0.27547 0.57758 0.39157 0.16203
v -0.08088 0.31765 0.27547 0.57758 0.39157 0.16203
v -0.07434 0.29753 0.27547 0.57758 0.39157 0.16203
v -0.09145 0.28510 0.27547 0.57758 0.39157 0.16203
v -0.14870 0.30309 0.34908 0.57758 0.39157 0.16203
v -0.14870 0.30309 0.34908 0.57758 0.39157 0.16203
v -0.14870 0.30309 0.34908 0.57758 0.39157 0.16203
v -0.14870 0.30309 0.34908 0.57758 0.39157 0.16203
v -0.14870 0.30309 0.34908 0.57758 0.39157 0.16203
v -0.14870 0.30309 0.34908 0.57758 0.39157 0.16203
v -0.14870 0.28510 0.27547 0.57758 0.39157 0.16203
v -0.16582 0.29753 0.27547 0.57758 0.39157 0.16203
v -0.15928 0.31765 0.27547 0.57758 0.39157 0.16203
v -0.13813 0.31765 0.27547 0.57758 0.39157 0.16203
v -0.13159 0.29753 0.27547 0.57758 0.39157 0.16203
v -0.14870 0.28510 0.27547 0.57758 0.39157 0.16203
v -0.14870 0.30309 0.27547 0.57758 0.39157 0.16203
v -0.14870 0.30309 0.27547 0.57758 0.39157 0.16203
v -0.14870 0.30309 0.27547 0.57758 0.39157 0.16203
v -0.14870 0.30309 0.27547 0.57758 0.39157 0.16203
v -0.14870 0.30309 0.27547 0.57758 0.39157 0.16203
v -0.14870 0.28510 0.27547 0.57758 0.39157 0.16203
v -0.16582 0.29753 0.27547 0.57758 0.39157 0.16203
v -0.15928 0.31765 0.27547 0.57758 0.39157 0.16203
v -0.13813 0.31765 0.27547 0.57758 0.39157 0.16203
v -0.13159 0.29753 0.27547 0.57758 0.39157 0.16203
v -0.14870 0.28510 0.27547 0.57758 0.39157 0.16203
v -0.20595 0.30309 0.34908 0.57758 0.39157 0.16203
v -0.20595 0.30309 0.34908 0.57758 0.39157 0.16203
v -0.20595 0.30309 0.34908 0.57758 0.39157 0.16203
v -0.20595 0.30309 0.34908 0.57758 0.39157 0.16203
v -0.20595 0.30309 0.34908 0.57758 0.39157 0.16203
v -0.20595 0.30309 0.34908 0.57758 0.39157 0.16203
v -0.20595 0.28510 0.27547 0.57758 0.39157 0.16203
v -0.22307 0.29753 0.27547 0.57758 0.39157 0.16203
v -0.21653 0.31765 0.27547 0.57758 0.39157 0.16203
v -0.19538 0.31765 0.27547 0.57758 0.39157 0.16203
v -0.18884 0.29753 0.27547 0.57758 0.39157 0.16203
v -0.20595 0.28510 0.27547 0.57758 0.39157 0.16203
v -0.20595 0.30309 0.27547 0.57758 0.39157 0.16203
v -0.20595 0.30309 0.27547 0.57758 0.39157 0.16203
v -0.20595 0.30309 0.27547 0.57758 0.39157 0.16203
v -0.20595 0.30309 0.27547 0.57758 0.39157 0.16203
v -0.20595 0.30309 0.27547 0.57758 0.39157 0.16203
v -0.20595 0.28510 0.27547 0.57758 0.39157 0.16203
v -0.22307 0.29753 0.27547 0.57758 0.39157 0.16203
v -0.21653 0.31765 0.27547 0.57758 0.39157 0.16203
v -0.19538 0.31765 0.27547 0.57758 0.39157 0.16203
v -0.18884 0.29753 0.27547 0.57758 0.39157 0.16203
v -0.20595 0.28510 0.27547 0.57758 0.39157 0.16203
f 15745 15740 15746
f 15746 15741 15747
f 15747 15742 15748
f 15748 15743 15749
f 15749 15744 15750
f 15757 15751 15756
f 15758 15752 15757
f 15759 15753 15758
f 15760 15754 15759
f 15761 15755 15760
f 15768 15763 15769
f 15769 15764 15770
f 15770 15765 15771
f 15771 15766 15772
f 15772 15767 15773
f 15780 15774 15779
f 15781 15775 15780
f 15782 15776 15781
f 15783 15777 15782
f 15784 15778 15783
f 15791 15786 15792
f 15792 15787 15793
f 15793 15788 15794
f 15794 15789 15795
f 15795 15790 15796
f 15803 15797 15802
f 15804 15798 15803
f 15805 15799 15804
f 15806 15800 15805
f 15807 15801 15806
f 15814 15809 15815
f 15815 15810 15816
f 15816 15811 15817
f 15817 15812 15818
f 15818 15813 15819
f 15826 15820 15825
f 15827 15821 15826
f 15828 15822 15827
f 15829 15823 15828
f 15830 15824 15829
f 15837 15832 15838
f 15838 15833 15839
f 15839 15834 15840
f 15840 15835 15841
f 15841 15836 15842
f 15849 15843 15848
f 15850 15844 15849
f 15851 15845 15850
f 15852 15846 15851
f 15853 15847 15852
f 15860 15855 15861
f 15861 15856 15862
f 15862 15857 15863
f 15863 15858 15864
f 15864 15859 15865
f 15872 15866 15871
f 15873 15867 15872
f 15874 15868 15873
f 15875 15869 15874
f 15876 15870 15875
f 15883 15878 15884
f 15884 15879 15885
f 15885 15880 15886
f 15886 15881 15887
f 15887 15882 15888
f 15895 15889 15894
f 15896 15890 15895
f 15897 15891 15896
f 15898 15892 15897
f 15899 15893 15898
f 15906 15901 15907
f 15907 15902 15908
f 15908 15903 15909
f 15909 15904 15910
f 15910 15905 15911
f 15918 15912 15917
f 15919 15913 15918
f 15920 15914 15919
f 15921 15915 15920
f 15922 15916 15921
f 15929 15924 15930
f 15930 15925 15931
f 15931 15926 15932
f 15932 15927 15933
f 15933 15928 15934
f 15941 15935 15940
f 15942 15936 15941
f 15943 15937 15942
f 15944 15938 15943
f 15945 15939 15944
f 15952 15947 15953
f 15953 15948 15954
f 15954 15949 15955
f 15955 15950 15956
f 15956 15951 15957
f 15964 15958 15963
f 15965 15959 15964
f 15966 15960 15965
f 15967 15961 15966
f 15968 15962 15967
f 15975 15970 15976
f 15976 15971 15977
f 15977 15972 15978
f 15978 15973 15979
f 15979 15974 15980
f 15987 15981 15986
f 15988 15982 15987
f 15989 15983 15988
f 15990 15984 15989
f 15991 15985 15990
f 15998 15993 15999
f 15999 15994 16000
f 16000 15995 16001
f 16001 15996 16002
f 16002 15997 16003
f 16010 16004 16009
f 16011 16005 16010
f 16012 16006 16011
f 16013 16007 16012
f 16014 16008 16013