v -0.16119 1.19346 0.11840 0.04231 0.01764 0.02956
v -0.16392 1.18684 0.12113 0.04231 0.01764 0.02956
v -0.16392 1.19618 0.11179 0.04231 0.01764 0.02956
v -0.16392 1.18684 0.12113 0.04231 0.01764 0.02956
v -0.16778 1.18941 0.11436 0.04231 0.01764 0.02956
v -0.16392 1.19618 0.11179 0.04231 0.01764 0.02956
v -0.16392 1.19618 0.11179 0.04231 0.01764 0.02956
v -0.16778 1.18941 0.11436 0.04231 0.01764 0.02956
v -0.16605 1.19831 0.10316 0.04231 0.01764 0.02956
v -0.16778 1.18941 0.11436 0.04231 0.01764 0.02956
v -0.17103 1.19158 0.10482 0.04231 0.01764 0.02956
v -0.16605 1.19831 0.10316 0.04231 0.01764 0.02956
v -0.16605 1.19831 0.10316 0.04231 0.01764 0.02956
v -0.17103 1.19158 0.10482 0.04231 0.01764 0.02956
v -0.16688 1.19914 0.09311 0.04231 0.01764 0.02956
v -0.17103 1.19158 0.10482 0.04231 0.01764 0.02956
v -0.17235 1.19246 0.09311 0.04231 0.01764 0.02956
v -0.16688 1.19914 0.09311 0.04231 0.01764 0.02956
v -0.16688 1.19914 0.09311 0.04231 0.01764 0.02956
v -0.17235 1.19246 0.09311 0.04231 0.01764 0.02956
v -0.16688 1.19914 -0.09311 0.04231 0.01764 0.02956
v -0.17235 1.19246 0.09311 0.04231 0.01764 0.02956
v -0.17235 1.19246 -0.09311 0.04231 0.01764 0.02956
v -0.16688 1.19914 -0.09311 0.04231 0.01764 0.02956
v -0.16688 1.19914 -0.09311 0.04231 0.01764 0.02956
v -0.17235 1.19246 -0.09311 0.04231 0.01764 0.02956
v -0.16605 1.19831 -0.10316 0.04231 0.01764 0.02956
v -0.17235 1.19246 -0.09311 0.04231 0.01764 0.02956
v -0.17103 1.19158 -0.10482 0.04231 0.01764 0.02956
v -0.16605 1.19831 -0.10316 0.04231 0.01764 0.02956
v -0.16605 1.19831 -0.10316 0.04231 0.01764 0.02956
v -0.17103 1.19158 -0.10482 0.04231 0.01764 0.02956
v -0.16392 1.19618 -0.11179 0.04231 0.01764 0.02956
v -0.17103 1.19158 -0.10482 0.04231 0.01764 0.02956
v -0.16778 1.18941 -0.11436 0.04231 0.01764 0.02956
v -0.16392 1.19618 -0.11179 0.04231 0.01764 0.02956
v -0.16392 1.19618 -0.11179 0.04231 0.01764 0.02956
v -0.16778 1.18941 -0.11436 0.04231 0.01764 0.02956
v -0.16119 1.19346 -0.11840 0.04231 0.01764 0.02956
v -0.16778 1.18941 -0.11436 0.04231 0.01764 0.02956
v -0.16392 1.18684 -0.12113 0.04231 0.01764 0.02956
v -0.16119 1.19346 -0.11840 0.04231 0.01764 0.02956
v -0.16392 1.18684 0.12113 0.04231 0.01764 0.02956
v -0.16605 1.17821 0.12326 0.04231 0.01764 0.02956
v -0.16778 1.18941 0.11436 0.04231 0.01764 0.02956
v -0.16605 1.17821 0.12326 0.04231 0.01764 0.02956
v -0.17103 1.17987 0.11653 0.04231 0.01764 0.02956
v -0.16778 1.18941 0.11436 0.04231 0.01764 0.02956
v -0.16778 1.18941 0.11436 0.04231 0.01764 0.02956
v -0.17103 1.17987 0.11653 0.04231 0.01764 0.02956
v -0.17103 1.19158 0.10482 0.04231 0.01764 0.02956
v -0.17103 1.17987 0.11653 0.04231 0.01764 0.02956
v -0.17553 1.18137 0.10632 0.04231 0.01764 0.02956
v -0.17103 1.19158 0.10482 0.04231 0.01764 0.02956
v -0.17103 1.19158 0.10482 0.04231 0.01764 0.02956
v -0.17553 1.18137 0.10632 0.04231 0.01764 0.02956
v -0.17235 1.19246 0.09311 0.04231 0.01764 0.02956
v -0.17553 1.18137 0.10632 0.04231 0.01764 0.02956
v -0.17746 1.18201 0.09311 0.04231 0.01764 0.02956
v -0.17235 1.19246 0.09311 0.04231 0.01764 0.02956
v -0.17235 1.19246 0.09311 0.04231 0.01764 0.02956
v -0.17746 1.18201 0.09311 0.04231 0.01764 0.02956
v -0.17235 1.19246 -0.09311 0.04231 0.01764 0.02956
v -0.17746 1.18201 0.09311 0.04231 0.01764 0.02956
v -0.17746 1.18201 -0.09311 0.04231 0.01764 0.02956
v -0.17235 1.19246 -0.09311 0.04231 0.01764 0.02956
v -0.17235 1.19246 -0.09311 0.04231 0.01764 0.02956
v -0.17746 1.18201 -0.09311 0.04231 0.01764 0.02956
v -0.17103 1.19158 -0.10482 0.04231 0.01764 0.02956
v -0.17746 1.18201 -0.09311 0.04231 0.01764 0.02956
v -0.17553 1.18137 -0.10632 0.04231 0.01764 0.02956
v -0.17103 1.19158 -0.10482 0.04231 0.01764 0.02956
v -0.17103 1.19158 -0.10482 0.04231 0.01764 0.02956
v -0.17553 1.18137 -0.10632 0.04231 0.01764 0.02956
v -0.16778 1.18941 -0.11436 0.04231 0.01764 0.02956
v -0.17553 1.18137 -0.10632 0.04231 0.01764 0.02956
v -0.17103 1.17987 -0.11653 0.04231 0.01764 0.02956
v -0.16778 1.18941 -0.11436 0.04231 0.01764 0.02956
v -0.16778 1.18941 -0.11436 0.04231 0.01764 0.02956
v -0.17103 1.17987 -0.11653 0.04231 0.01764 0.02956
v -0.16392 1.18684 -0.12113 0.04231 0.01764 0.02956
v -0.17103 1.17987 -0.11653 0.04231 0.01764 0.02956
v -0.16605 1.17821 -0.12326 0.04231 0.01764 0.02956
v -0.16392 1.18684 -0.12113 0.04231 0.01764 0.02956
v -0.16605 1.17821 0.12326 0.04231 0.01764 0.02956
v -0.16688 1.16816 0.12409 0.04231 0.01764 0.02956
v -0.17103 1.17987 0.11653 0.04231 0.01764 0.02956
v -0.16688 1.16816 0.12409 0.04231 0.01764 0.02956
v -0.17235 1.16816 0.11741 0.04231 0.01764 0.02956
v -0.17103 1.17987 0.11653 0.04231 0.01764 0.02956
v -0.17103 1.17987 0.11653 0.04231 0.01764 0.02956
v -0.17235 1.16816 0.11741 0.04231 0.01764 0.02956
v -0.17553 1.18137 0.10632 0.04231 0.01764 0.02956
v -0.17235 1.16816 0.11741 0.04231 0.01764 0.02956
v -0.17746 1.16816 0.10696 0.04231 0.01764 0.02956
v -0.17553 1.18137 0.10632 0.04231 0.01764 0.02956
v -0.17553 1.18137 0.10632 0.04231 0.01764 0.02956
v -0.17746 1.16816 0.10696 0.04231 0.01764 0.02956
v -0.17746 1.18201 0.09311 0.04231 0.01764 0.02956
v -0.17746 1.16816 0.10696 0.04231 0.01764 0.02956
v -0.17971 1.16816 0.09311 0.04231 0.01764 0.02956
v -0.17746 1.18201 0.09311 0.04231 0.01764 0.02956
v -0.17746 1.18201 0.09311 0.04231 0.01764 0.02956
v -0.17971 1.16816 0.09311 0.04231 0.01764 0.02956
v -0.17746 1.18201 -0.09311 0.04231 0.01764 0.02956
v -0.17971 1.16816 0.09311 0.04231 0.01764 0.02956
v -0.17971 1.16816 -0.09311 0.04231 0.01764 0.02956
v -0.17746 1.18201 -0.09311 0.04231 0.01764 0.02956
v -0.17746 1.18201 -0.09311 0.04231 0.01764 0.02956
v -0.17971 1.16816 -0.09311 0.04231 0.01764 0.02956
v -0.17553 1.18137 -0.10632 0.04231 0.01764 0.02956
v -0.17971 1.16816 -0.09311 0.04231 0.01764 0.02956
v -0.17746 1.16816 -0.10696 0.04231 0.01764 0.02956
v -0.17553 1.18137 -0.10632 0.04231 0.01764 0.02956
v -0.17553 1.18137 -0.10632 0.04231 0.01764 0.02956
v -0.17746 1.16816 -0.10696 0.04231 0.01764 0.02956
v -0.17103 1.17987 -0.11653 0.04231 0.01764 0.02956
v -0.17746 1.16816 -0.10696 0.04231 0.01764 0.02956
v -0.17235 1.16816 -0.11741 0.04231 0.01764 0.02956
v -0.17103 1.17987 -0.11653 0.04231 0.01764 0.02956
v -0.17103 1.17987 -0.11653 0.04231 0.01764 0.02956
v -0.17235 1.16816 -0.11741 0.04231 0.01764 0.02956
v -0.16605 1.17821 -0.12326 0.04231 0.01764 0.02956
v -0.17235 1.16816 -0.11741 0.04231 0.01764 0.02956
v -0.16688 1.16816 -0.12409 0.04231 0.01764 0.02956
v -0.16605 1.17821 -0.12326 0.04231 0.01764 0.02956
v -0.16688 1.16816 0.12409 0.04231 0.01764 0.02956
v -0.16688 0.78512 0.12409 0.04231 0.01764 0.02956
v -0.17235 1.16816 0.11741 0.04231 0.01764 0.02956
v -0.16688 0.78512 0.12409 0.04231 0.01764 0.02956
v -0.17235 0.78512 0.11741 0.04231 0.01764 0.02956
v -0.17235 1.16816 0.11741 0.04231 0.01764 0.02956
v -0.17235 1.16816 0.11741 0.04231 0.01764 0.02956
v -0.17235 0.78512 0.11741 0.04231 0.01764 0.02956
v -0.17746 1.16816 0.10696 0.04231 0.01764 0.02956
v -0.17235 0.78512 0.11741 0.04231 0.01764 0.02956
v -0.17746 0.78512 0.10696 0.04231 0.01764 0.02956
v -0.17746 1.16816 0.10696 0.04231 0.01764 0.02956
v -0.17746 1.16816 0.10696 0.04231 0.01764 0.02956
v -0.17746 0.78512 0.10696 0.04231 0.01764 0.02956
v -0.17971 1.16816 0.09311 0.04231 0.01764 0.02956
v -0.17746 0.78512 0.10696 0.04231 0.01764 0.02956
v -0.17971 0.78512 0.09311 0.04231 0.01764 0.02956
v -0.17971 1.16816 0.09311 0.04231 0.01764 0.02956
v -0.17971 1.16816 0.09311 0.04231 0.01764 0.02956
v -0.17971 0.78512 0.09311 0.04231 0.01764 0.02956
v -0.17971 1.16816 -0.09311 0.04231 0.01764 0.02956
v -0.17971 0.78512 0.09311 0.04231 0.01764 0.02956
v -0.17971 0.78512 -0.09311 0.04231 0.01764 0.02956
v -0.17971 1.16816 -0.09311 0.04231 0.01764 0.02956
v -0.17971 1.16816 -0.09311 0.04231 0.01764 0.02956
v -0.17971 0.78512 -0.09311 0.04231 0.01764 0.02956
v -0.17746 1.16816 -0.10696 0.04231 0.01764 0.02956
v -0.17971 0.78512 -0.09311 0.04231 0.01764 0.02956
v -0.17746 0.78512 -0.10696 0.04231 0.01764 0.02956
v -0.17746 1.16816 -0.10696 0.04231 0.01764 0.02956
v -0.17746 1.16816 -0.10696 0.04231 0.01764 0.02956
v -0.17746 0.78512 -0.10696 0.04231 0.01764 0.02956
v -0.17235 1.16816 -0.11741 0.04231 0.01764 0.02956
v -0.17746 0.78512 -0.10696 0.04231 0.01764 0.02956
v -0.17235 0.78512 -0.11741 0.04231 0.01764 0.02956
v -0.17235 1.16816 -0.11741 0.04231 0.01764 0.02956
v -0.17235 1.16816 -0.11741 0.04231 0.01764 0.02956
v -0.17235 0.78512 -0.11741 0.04231 0.01764 0.02956
v -0.16688 1.16816 -0.12409 0.04231 0.01764 0.02956
v -0.17235 0.78512 -0.11741 0.04231 0.01764 0.02956
v -0.16688 0.78512 -0.12409 0.04231 0.01764 0.02956
v -0.16688 1.16816 -0.12409 0.04231 0.01764 0.02956
v -0.16688 0.78512 0.12409 0.04231 0.01764 0.02956
v -0.16605 0.77507 0.12326 0.04231 0.01764 0.02956
v -0.17235 0.78512 0.11741 0.04231 0.01764 0.02956
v -0.16605 0.77507 0.12326 0.04231 0.01764 0.02956
v -0.17103 0.77341 0.11653 0.04231 0.01764 0.02956
v -0.17235 0.78512 0.11741 0.04231 0.01764 0.02956
v -0.17235 0.78512 0.11741 0.04231 0.01764 0.02956
v -0.17103 0.77341 0.11653 0.04231 0.01764 0.02956
v -0.17746 0.78512 0.10696 0.04231 0.01764 0.02956
v -0.17103 0.77341 0.11653 0.04231 0.01764 0.02956
v -0.17553 0.77191 0.10632 0.04231 0.01764 0.02956
v -0.17746 0.78512 0.10696 0.04231 0.01764 0.02956
v -0.17746 0.78512 0.10696 0.04231 0.01764 0.02956
v -0.17553 0.77191 0.10632 0.04231 0.01764 0.02956
v -0.17971 0.78512 0.09311 0.04231 0.01764 0.02956
v -0.17553 0.77191 0.10632 0.04231 0.01764 0.02956
v -0.17746 0.77126 0.09311 0.04231 0.01764 0.02956
v -0.17971 0.78512 0.09311 0.04231 0.01764 0.02956
v -0.17971 0.78512 0.09311 0.04231 0.01764 0.02956
v -0.17746 0.77126 0.09311 0.04231 0.01764 0.02956
v -0.17971 0.78512 -0.09311 0.04231 0.01764 0.02956
v -0.17746 0.77126 0.09311 0.04231 0.01764 0.02956
v -0.17746 0.77126 -0.09311 0.04231 0.01764 0.02956
v -0.17971 0.78512 -0.09311 0.04231 0.01764 0.02956
v -0.17971 0.78512 -0.09311 0.04231 0.01764 0.02956
v -0.17746 0.77126 -0.09311 0.04231 0.01764 0.02956
v -0.17746 0.78512 -0.10696 0.04231 0.01764 0.02956
v -0.17746 0.77126 -0.09311 0.04231 0.01764 0.02956
v -0.17553 0.77191 -0.10632 0.04231 0.01764 0.02956
v -0.17746 0.78512 -0.10696 0.04231 0.01764 0.02956
v -0.17746 0.78512 -0.10696 0.04231 0.01764 0.02956
v -0.17553 0.77191 -0.10632 0.04231 0.01764 0.02956
v -0.17235 0.78512 -0.11741 0.04231 0.01764 0.02956
v -0.17553 0.77191 -0.10632 0.04231 0.01764 0.02956
v -0.17103 0.77341 -0.11653 0.04231 0.01764 0.02956
v -0.17235 0.78512 -0.11741 0.04231 0.01764 0.02956
v -0.17235 0.78512 -0.11741 0.04231 0.01764 0.02956
v -0.17103 0.77341 -0.11653 0.04231 0.01764 0.02956
v -0.16688 0.78512 -0.12409 0.04231 0.01764 0.02956
v -0.17103 0.77341 -0.11653 0.04231 0.01764 0.02956
v -0.16605 0.77507 -0.12326 0.04231 0.01764 0.02956
v -0.16688 0.78512 -0.12409 0.04231 0.01764 0.02956
v -0.16605 0.77507 0.12326 0.04231 0.01764 0.02956
v -0.16392 0.76644 0.12113 0.04231 0.01764 0.02956
v -0.17103 0.77341 0.11653 0.04231 0.01764 0.02956
v -0.16392 0.76644 0.12113 0.04231 0.01764 0.02956
v -0.16778 0.76387 0.11436 0.04231 0.01764 0.02956
v -0.17103 0.77341 0.11653 0.04231 0.01764 0.02956
v -0.17103 0.77341 0.11653 0.04231 0.01764 0.02956
v -0.16778 0.76387 0.11436 0.04231 0.01764 0.02956
v -0.17553 0.77191 0.10632 0.04231 0.01764 0.02956
v -0.16778 0.76387 0.11436 0.04231 0.01764 0.02956
v -0.17103 0.76170 0.10482 0.04231 0.01764 0.02956
v -0.17553 0.77191 0.10632 0.04231 0.01764 0.02956
v -0.17553 0.77191 0.10632 0.04231 0.01764 0.02956
v -0.17103 0.76170 0.10482 0.04231 0.01764 0.02956
v -0.17746 0.77126 0.09311 0.04231 0.01764 0.02956
v -0.17103 0.76170 0.10482 0.04231 0.01764 0.02956
v -0.17235 0.76082 0.09311 0.04231 0.01764 0.02956
v -0.17746 0.77126 0.09311 0.04231 0.01764 0.02956
v -0.17746 0.77126 0.09311 0.04231 0.01764 0.02956
v -0.17235 0.76082 0.09311 0.04231 0.01764 0.02956
v -0.17746 0.77126 -0.09311 0.04231 0.01764 0.02956
v -0.17235 0.76082 0.09311 0.04231 0.01764 0.02956
v -0.17235 0.76082 -0.09311 0.04231 0.01764 0.02956
v -0.17746 0.77126 -0.09311 0.04231 0.01764 0.02956
v -0.17746 0.77126 -0.09311 0.04231 0.01764 0.02956
v -0.17235 0.76082 -0.09311 0.04231 0.01764 0.02956
v -0.17553 0.77191 -0.10632 0.04231 0.01764 0.02956
v -0.17235 0.76082 -0.09311 0.04231 0.01764 0.02956
v -0.17103 0.76170 -0.10482 0.04231 0.01764 0.02956
v -0.17553 0.77191 -0.10632 0.04231 0.01764 0.02956
v -0.17553 0.77191 -0.10632 0.04231 0.01764 0.02956
v -0.17103 0.76170 -0.10482 0.04231 0.01764 0.02956
v -0.17103 0.77341 -0.11653 0.04231 0.01764 0.02956
v -0.17103 0.76170 -0.10482 0.04231 0.01764 0.02956
v -0.16778 0.76387 -0.11436 0.04231 0.01764 0.02956
v -0.17103 0.77341 -0.11653 0.04231 0.01764 0.02956
v -0.17103 0.77341 -0.11653 0.04231 0.01764 0.02956
v -0.16778 0.76387 -0.11436 0.04231 0.01764 0.02956
v -0.16605 0.77507 -0.12326 0.04231 0.01764 0.02956
v -0.16778 0.76387 -0.11436 0.04231 0.01764 0.02956
v -0.16392 0.76644 -0.12113 0.04231 0.01764 0.02956
v -0.16605 0.77507 -0.12326 0.04231 0.01764 0.02956
v -0.16392 0.76644 0.12113 0.04231 0.01764 0.02956
v -0.16119 0.75982 0.11840 0.04231 0.01764 0.02956
v -0.16778 0.76387 0.11436 0.04231 0.01764 0.02956
v -0.16119 0.75982 0.11840 0.04231 0.01764 0.02956
v -0.16392 0.75710 0.11179 0.04231 0.01764 0.02956
v -0.16778 0.76387 0.11436 0.04231 0.01764 0.02956
v -0.16778 0.76387 0.11436 0.04231 0.01764 0.02956
v -0.16392 0.75710 0.11179 0.04231 0.01764 0.02956
v -0.17103 0.76170 0.10482 0.04231 0.01764 0.02956
v -0.16392 0.75710 0.11179 0.04231 0.01764 0.02956
v -0.16605 0.75496 0.10316 0.04231 0.01764 0.02956
v -0.17103 0.76170 0.10482 0.04231 0.01764 0.02956
v -0.17103 0.76170 0.10482 0.04231 0.01764 0.02956
v -0.16605 0.75496 0.10316 0.04231 0.01764 0.02956
v -0.17235 0.76082 0.09311 0.04231 0.01764 0.02956
v -0.16605 0.75496 0.10316 0.04231 0.01764 0.02956
v -0.16688 0.75414 0.09311 0.04231 0.01764 0.02956
v -0.17235 0.76082 0.09311 0.04231 0.01764 0.02956
v -0.17235 0.76082 0.09311 0.04231 0.01764 0.02956
v -0.16688 0.75414 0.09311 0.04231 0.01764 0.02956
v -0.17235 0.76082 -0.09311 0.04231 0.01764 0.02956
v -0.16688 0.75414 0.09311 0.04231 0.01764 0.02956
v -0.16688 0.75414 -0.09311 0.04231 0.01764 0.02956
v -0.17235 0.76082 -0.09311 0.04231 0.01764 0.02956
v -0.17235 0.76082 -0.09311 0.04231 0.01764 0.02956
v -0.16688 0.75414 -0.09311 0.04231 0.01764 0.02956
v -0.17103 0.76170 -0.10482 0.04231 0.01764 0.02956
v -0.16688 0.75414 -0.09311 0.04231 0.01764 0.02956
v -0.16605 0.75496 -0.10316 0.04231 0.01764 0.02956
v -0.17103 0.76170 -0.10482 0.04231 0.01764 0.02956
v -0.17103 0.76170 -0.10482 0.04231 0.01764 0.02956
v -0.16605 0.75496 -0.10316 0.04231 0.01764 0.02956
v -0.16778 0.76387 -0.11436 0.04231 0.01764 0.02956
v -0.16605 0.75496 -0.10316 0.04231 0.01764 0.02956
v -0.16392 0.75710 -0.11179 0.04231 0.01764 0.02956
v -0.16778 0.76387 -0.11436 0.04231 0.01764 0.02956
v -0.16778 0.76387 -0.11436 0.04231 0.01764 0.02956
v -0.16392 0.75710 -0.11179 0.04231 0.01764 0.02956
v -0.16392 0.76644 -0.12113 0.04231 0.01764 0.02956
v -0.16392 0.75710 -0.11179 0.04231 0.01764 0.02956
v -0.16119 0.75982 -0.11840 0.04231 0.01764 0.02956
v -0.16392 0.76644 -0.12113 0.04231 0.01764 0.02956
v 0.16119 1.19346 -0.11840 0.04231 0.01764 0.02956
v 0.16392 1.18684 -0.12113 0.04231 0.01764 0.02956
v 0.16392 1.19618 -0.11179 0.04231 0.01764 0.02956
v 0.16392 1.18684 -0.12113 0.04231 0.01764 0.02956
v 0.16778 1.18941 -0.11436 0.04231 0.01764 0.02956
v 0.16392 1.19618 -0.11179 0.04231 0.01764 0.02956
v 0.16392 1.19618 -0.11179 0.04231 0.01764 0.02956
v 0.16778 1.18941 -0.11436 0.04231 0.01764 0.02956
v 0.16605 1.19831 -0.10316 0.04231 0.01764 0.02956
v 0.16778 1.18941 -0.11436 0.04231 0.01764 0.02956
v 0.17103 1.19158 -0.10482 0.04231 0.01764 0.02956
v 0.16605 1.19831 -0.10316 0.04231 0.01764 0.02956
v 0.16605 1.19831 -0.10316 0.04231 0.01764 0.02956
v 0.17103 1.19158 -0.10482 0.04231 0.01764 0.02956
v 0.16688 1.19914 -0.09311 0.04231 0.01764 0.02956
v 0.17103 1.19158 -0.10482 0.04231 0.01764 0.02956
v 0.17235 1.19246 -0.09311 0.04231 0.01764 0.02956
v 0.16688 1.19914 -0.09311 0.04231 0.01764 0.02956
v 0.16688 1.19914 -0.09311 0.04231 0.01764 0.02956
v 0.17235 1.19246 -0.09311 0.04231 0.01764 0.02956
v 0.16688 1.19914 0.09311 0.04231 0.01764 0.02956
v 0.17235 1.19246 -0.09311 0.04231 0.01764 0.02956
v 0.17235 1.19246 0.09311 0.04231 0.01764 0.02956
v 0.16688 1.19914 0.09311 0.04231 0.01764 0.02956
v 0.16688 1.19914 0.09311 0.04231 0.01764 0.02956
v 0.17235 1.19246 0.09311 0.04231 0.01764 0.02956
v 0.16605 1.19831 0.10316 0.04231 0.01764 0.02956
v 0.17235 1.19246 0.09311 0.04231 0.01764 0.02956
v 0.17103 1.19158 0.10482 0.04231 0.01764 0.02956
v 0.16605 1.19831 0.10316 0.04231 0.01764 0.02956
v 0.16605 1.19831 0.10316 0.04231 0.01764 0.02956
v 0.17103 1.19158 0.10482 0.04231 0.01764 0.02956
v 0.16392 1.19618 0.11179 0.04231 0.01764 0.02956
v 0.17103 1.19158 0.10482 0.04231 0.01764 0.02956
v 0.16778 1.18941 0.11436 0.04231 0.01764 0.02956
v 0.16392 1.19618 0.11179 0.04231 0.01764 0.02956
v 0.16392 1.19618 0.11179 0.04231 0.01764 0.02956
v 0.16778 1.18941 0.11436 0.04231 0.01764 0.02956
v 0.16119 1.19346 0.11840 0.04231 0.01764 0.02956
v 0.16778 1.18941 0.11436 0.04231 0.01764 0.02956
v 0.16392 1.18684 0.12113 0.04231 0.01764 0.02956
v 0.16119 1.19346 0.11840 0.04231 0.01764 0.02956
v 0.16392 1.18684 -0.12113 0.04231 0.01764 0.02956
v 0.16605 1.17821 -0.12326 0.04231 0.01764 0.02956
v 0.16778 1.18941 -0.11436 0.04231 0.01764 0.02956
v 0.16605 1.17821 -0.12326 0.04231 0.01764 0.02956
v 0.17103 1.17987 -0.11653 0.04231 0.01764 0.02956
v 0.16778 1.18941 -0.11436 0.04231 0.01764 0.02956
v 0.16778 1.18941 -0.11436 0.04231 0.01764 0.02956
v 0.17103 1.17987 -0.11653 0.04231 0.01764 0.02956
v 0.17103 1.19158 -0.10482 0.04231 0.01764 0.02956
v 0.17103 1.17987 -0.11653 0.04231 0.01764 0.02956
v 0.17553 1.18137 -0.10632 0.04231 0.01764 0.02956
v 0.17103 1.19158 -0.10482 0.04231 0.01764 0.02956
v 0.17103 1.19158 -0.10482 0.04231 0.01764 0.02956
v 0.17553 1.18137 -0.10632 0.04231 0.01764 0.02956
v 0.17235 1.19246 -0.09311 0.04231 0.01764 0.02956
v 0.17553 1.18137 -0.10632 0.04231 0.01764 0.02956
v 0.17746 1.18201 -0.09311 0.04231 0.01764 0.02956
v 0.17235 1.19246 -0.09311 0.04231 0.01764 0.02956
v 0.17235 1.19246 -0.09311 0.04231 0.01764 0.02956
v 0.17746 1.18201 -0.09311 0.04231 0.01764 0.02956
v 0.17235 1.19246 0.09311 0.04231 0.01764 0.02956
v 0.17746 1.18201 -0.09311 0.04231 0.01764 0.02956
v 0.17746 1.18201 0.09311 0.04231 0.01764 0.02956
v 0.17235 1.19246 0.09311 0.04231 0.01764 0.02956
v 0.17235 1.19246 0.09311 0.04231 0.01764 0.02956
v 0.17746 1.18201 0.09311 0.04231 0.01764 0.02956
v 0.17103 1.19158 0.10482 0.04231 0.01764 0.02956
v 0.17746 1.18201 0.09311 0.04231 0.01764 0.02956
v 0.17553 1.18137 0.10632 0.04231 0.01764 0.02956
v 0.17103 1.19158 0.10482 0.04231 0.01764 0.02956
v 0.17103 1.19158 0.10482 0.04231 0.01764 0.02956
v 0.17553 1.18137 0.10632 0.04231 0.01764 0.02956
v 0.16778 1.18941 0.11436 0.04231 0.01764 0.02956
v 0.17553 1.18137 0.10632 0.04231 0.01764 0.02956
v 0.17103 1.17987 0.11653 0.04231 0.01764 0.02956
v 0.16778 1.18941 0.11436 0.04231 0.01764 0.02956
v 0.16778 1.18941 0.11436 0.04231 0.01764 0.02956
v 0.17103 1.17987 0.11653 0.04231 0.01764 0.02956
v 0.16392 1.18684 0.12113 0.04231 0.01764 0.02956
v 0.17103 1.17987 0.11653 0.04231 0.01764 0.02956
v 0.16605 1.17821 0.12326 0.04231 0.01764 0.02956
v 0.16392 1.18684 0.12113 0.04231 0.01764 0.02956
v 0.16605 1.17821 -0.12326 0.04231 0.01764 0.02956
v 0.16688 1.16816 -0.12409 0.04231 0.01764 0.02956
v 0.17103 1.17987 -0.11653 0.04231 0.01764 0.02956
v 0.16688 1.16816 -0.12409 0.04231 0.01764 0.02956
v 0.17235 1.16816 -0.11741 0.04231 0.01764 0.02956
v 0.17103 1.17987 -0.11653 0.04231 0.01764 0.02956
v 0.17103 1.17987 -0.11653 0.04231 0.01764 0.02956
v 0.17235 1.16816 -0.11741 0.04231 0.01764 0.02956
v 0.17553 1.18137 -0.10632 0.04231 0.01764 0.02956
v 0.17235 1.16816 -0.11741 0.04231 0.01764 0.02956
v 0.17746 1.16816 -0.10696 0.04231 0.01764 0.02956
v 0.17553 1.18137 -0.10632 0.04231 0.01764 0.02956
v 0.17553 1.18137 -0.10632 0.04231 0.01764 0.02956
v 0.17746 1.16816 -0.10696 0.04231 0.01764 0.02956
v 0.17746 1.18201 -0.09311 0.04231 0.01764 0.02956
v 0.17746 1.16816 -0.10696 0.04231 0.01764 0.02956
v 0.17971 1.16816 -0.09311 0.04231 0.01764 0.02956
v 0.17746 1.18201 -0.09311 0.04231 0.01764 0.02956
v 0.17746 1.18201 -0.09311 0.04231 0.01764 0.02956
v 0.17971 1.16816 -0.09311 0.04231 0.01764 0.02956
v 0.17746 1.18201 0.09311 0.04231 0.01764 0.02956
v 0.17971 1.16816 -0.09311 0.04231 0.01764 0.02956
v 0.17971 1.16816 0.09311 0.04231 0.01764 0.02956
v 0.17746 1.18201 0.09311 0.04231 0.01764 0.02956
v 0.17746 1.18201 0.09311 0.04231 0.01764 0.02956
v 0.17971 1.16816 0.09311 0.04231 0.01764 0.02956
v 0.17553 1.18137 0.10632 0.04231 0.01764 0.02956
v 0.17971 1.16816 0.09311 0.04231 0.01764 0.02956
v 0.17746 1.16816 0.10696 0.04231 0.01764 0.02956
v 0.17553 1.18137 0.10632 0.04231 0.01764 0.02956
v 0.17553 1.18137 0.10632 0.04231 0.01764 0.02956
v 0.17746 1.16816 0.10696 0.04231 0.01764 0.02956
v 0.17103 1.17987 0.11653 0.04231 0.01764 0.02956
v 0.17746 1.16816 0.10696 0.04231 0.01764 0.02956
v 0.17235 1.16816 0.11741 0.04231 0.01764 0.02956
v 0.17103 1.17987 0.11653 0.04231 0.01764 0.02956
v 0.17103 1.17987 0.11653 0.04231 0.01764 0.02956
v 0.17235 1.16816 0.11741 0.04231 0.01764 0.02956
v 0.16605 1.17821 0.12326 0.04231 0.01764 0.02956
v 0.17235 1.16816 0.11741 0.04231 0.01764 0.02956
v 0.16688 1.16816 0.12409 0.04231 0.01764 0.02956
v 0.16605 1.17821 0.12326 0.04231 0.01764 0.02956
v 0.16688 1.16816 -0.12409 0.04231 0.01764 0.02956
v 0.16688 0.78512 -0.12409 0.04231 0.01764 0.02956
v 0.17235 1.16816 -0.11741 0.04231 0.01764 0.02956
v 0.16688 0.78512 -0.12409 0.04231 0.01764 0.02956
v 0.17235 0.78512 -0.11741 0.04231 0.01764 0.02956
v 0.17235 1.16816 -0.11741 0.04231 0.01764 0.02956
v 0.17235 1.16816 -0.11741 0.04231 0.01764 0.02956
v 0.17235 0.78512 -0.11741 0.04231 0.01764 0.02956
v 0.17746 1.16816 -0.10696 0.04231 0.01764 0.02956
v 0.17235 0.78512 -0.11741 0.04231 0.01764 0.02956
v 0.17746 0.78512 -0.10696 0.04231 0.01764 0.02956
v 0.17746 1.16816 -0.10696 0.04231 0.01764 0.02956
v 0.17746 1.16816 -0.10696 0.04231 0.01764 0.02956
v 0.17746 0.78512 -0.10696 0.04231 0.01764 0.02956
v 0.17971 1.16816 -0.09311 0.04231 0.01764 0.02956
v 0.17746 0.78512 -0.10696 0.04231 0.01764 0.02956
v 0.17971 0.78512 -0.09311 0.04231 0.01764 0.02956
v 0.17971 1.16816 -0.09311 0.04231 0.01764 0.02956
v 0.17971 1.16816 -0.09311 0.04231 0.01764 0.02956
v 0.17971 0.78512 -0.09311 0.04231 0.01764 0.02956
v 0.17971 1.16816 0.09311 0.04231 0.01764 0.02956
v 0.17971 0.78512 -0.09311 0.04231 0.01764 0.02956
v 0.17971 0.78512 0.09311 0.04231 0.01764 0.02956
v 0.17971 1.16816 0.09311 0.04231 0.01764 0.02956
v 0.17971 1.16816 0.09311 0.04231 0.01764 0.02956
v 0.17971 0.78512 0.09311 0.04231 0.01764 0.02956
v 0.17746 1.16816 0.10696 0.04231 0.01764 0.02956
v 0.17971 0.78512 0.09311 0.04231 0.01764 0.02956
v 0.17746 0.78512 0.10696 0.04231 0.01764 0.02956
v 0.17746 1.16816 0.10696 0.04231 0.01764 0.02956
v 0.17746 1.16816 0.10696 0.04231 0.01764 0.02956
v 0.17746 0.78512 0.10696 0.04231 0.01764 0.02956
v 0.17235 1.16816 0.11741 0.04231 0.01764 0.02956
v 0.17746 0.78512 0.10696 0.04231 0.01764 0.02956
v 0.17235 0.78512 0.11741 0.04231 0.01764 0.02956
v 0.17235 1.16816 0.11741 0.04231 0.01764 0.02956
v 0.17235 1.16816 0.11741 0.04231 0.01764 0.02956
v 0.17235 0.78512 0.11741 0.04231 0.01764 0.02956
v 0.16688 1.16816 0.12409 0.04231 0.01764 0.02956
v 0.17235 0.78512 0.11741 0.04231 0.01764 0.02956
v 0.16688 0.78512 0.12409 0.04231 0.01764 0.02956
v 0.16688 1.16816 0.12409 0.04231 0.01764 0.02956
v 0.16688 0.78512 -0.12409 0.04231 0.01764 0.02956
v 0.16605 0.77507 -0.12326 0.04231 0.01764 0.02956
v 0.17235 0.78512 -0.11741 0.04231 0.01764 0.02956
v 0.16605 0.77507 -0.12326 0.04231 0.01764 0.02956
v 0.17103 0.77341 -0.11653 0.04231 0.01764 0.02956
v 0.17235 0.78512 -0.11741 0.04231 0.01764 0.02956
v 0.17235 0.78512 -0.11741 0.04231 0.01764 0.02956
v 0.17103 0.77341 -0.11653 0.04231 0.01764 0.02956
v 0.17746 0.78512 -0.10696 0.04231 0.01764 0.02956
v 0.17103 0.77341 -0.11653 0.04231 0.01764 0.02956
v 0.17553 0.77191 -0.10632 0.04231 0.01764 0.02956
v 0.17746 0.78512 -0.10696 0.04231 0.01764 0.02956
v 0.17746 0.78512 -0.10696 0.04231 0.01764 0.02956
v 0.17553 0.77191 -0.10632 0.04231 0.01764 0.02956
v 0.17971 0.78512 -0.09311 0.04231 0.01764 0.02956
v 0.17553 0.77191 -0.10632 0.04231 0.01764 0.02956
v 0.17746 0.77126 -0.09311 0.04231 0.01764 0.02956
v 0.17971 0.78512 -0.09311 0.04231 0.01764 0.02956
v 0.17971 0.78512 -0.09311 0.04231 0.01764 0.02956
v 0.17746 0.77126 -0.09311 0.04231 0.01764 0.02956
v 0.17971 0.78512 0.09311 0.04231 0.01764 0.02956
v 0.17746 0.77126 -0.09311 0.04231 0.01764 0.02956
v 0.17746 0.77126 0.09311 0.04231 0.01764 0.02956
v 0.17971 0.78512 0.09311 0.04231 0.01764 0.02956
v 0.17971 0.78512 0.09311 0.04231 0.01764 0.02956
v 0.17746 0.77126 0.09311 0.04231 0.01764 0.02956
v 0.17746 0.78512 0.10696 0.04231 0.01764 0.02956
v 0.17746 0.77126 0.09311 0.04231 0.01764 0.02956
v 0.17553 0.77191 0.10632 0.04231 0.01764 0.02956
v 0.17746 0.78512 0.10696 0.04231 0.01764 0.02956
v 0.17746 0.78512 0.10696 0.04231 0.01764 0.02956
v 0.17553 0.77191 0.10632 0.04231 0.01764 0.02956
v 0.17235 0.78512 0.11741 0.04231 0.01764 0.02956
v 0.17553 0.77191 0.10632 0.04231 0.01764 0.02956
v 0.17103 0.77341 0.11653 0.04231 0.01764 0.02956
v 0.17235 0.78512 0.11741 0.04231 0.01764 0.02956
v 0.17235 0.78512 0.11741 0.04231 0.01764 0.02956
v 0.17103 0.77341 0.11653 0.04231 0.01764 0.02956
v 0.16688 0.78512 0.12409 0.04231 0.01764 0.02956
v 0.17103 0.77341 0.11653 0.04231 0.01764 0.02956
v 0.16605 0.77507 0.12326 0.04231 0.01764 0.02956
v 0.16688 0.78512 0.12409 0.04231 0.01764 0.02956
v 0.16605 0.77507 -0.12326 0.04231 0.01764 0.02956
v 0.16392 0.76644 -0.12113 0.04231 0.01764 0.02956
v 0.17103 0.77341 -0.11653 0.04231 0.01764 0.02956
v 0.16392 0.76644 -0.12113 0.04231 0.01764 0.02956
v 0.16778 0.76387 -0.11436 0.04231 0.01764 0.02956
v 0.17103 0.77341 -0.11653 0.04231 0.01764 0.02956
v 0.17103 0.77341 -0.11653 0.04231 0.01764 0.02956
v 0.16778 0.76387 -0.11436 0.04231 0.01764 0.02956
v 0.17553 0.77191 -0.10632 0.04231 0.01764 0.02956
v 0.16778 0.76387 -0.11436 0.04231 0.01764 0.02956
v 0.17103 0.76170 -0.10482 0.04231 0.01764 0.02956
v 0.17553 0.77191 -0.10632 0.04231 0.01764 0.02956
v 0.17553 0.77191 -0.10632 0.04231 0.01764 0.02956
v 0.17103 0.76170 -0.10482 0.04231 0.01764 0.02956
v 0.17746 0.77126 -0.09311 0.04231 0.01764 0.02956
v 0.17103 0.76170 -0.10482 0.04231 0.01764 0.02956
v 0.17235 0.76082 -0.09311 0.04231 0.01764 0.02956
v 0.17746 0.77126 -0.09311 0.04231 0.01764 0.02956
v 0.17746 0.77126 -0.09311 0.04231 0.01764 0.02956
v 0.17235 0.76082 -0.09311 0.04231 0.01764 0.02956
v 0.17746 0.77126 0.09311 0.04231 0.01764 0.02956
v 0.17235 0.76082 -0.09311 0.04231 0.01764 0.02956
v 0.17235 0.76082 0.09311 0.04231 0.01764 0.02956
v 0.17746 0.77126 0.09311 0.04231 0.01764 0.02956
v 0.17746 0.77126 0.09311 0.04231 0.01764 0.02956
v 0.17235 0.76082 0.09311 0.04231 0.01764 0.02956
v 0.17553 0.77191 0.10632 0.04231 0.01764 0.02956
v 0.17235 0.76082 0.09311 0.04231 0.01764 0.02956
v 0.17103 0.76170 0.10482 0.04231 0.01764 0.02956
v 0.17553 0.77191 0.10632 0.04231 0.01764 0.02956
v 0.17553 0.77191 0.10632 0.04231 0.01764 0.02956
v 0.17103 0.76170 0.10482 0.04231 0.01764 0.02956
v 0.17103 0.77341 0.11653 0.04231 0.01764 0.02956
v 0.17103 0.76170 0.10482 0.04231 0.01764 0.02956
v 0.16778 0.76387 0.11436 0.04231 0.01764 0.02956
v 0.17103 0.77341 0.11653 0.04231 0.01764 0.02956
v 0.17103 0.77341 0.11653 0.04231 0.01764 0.02956
v 0.16778 0.76387 0.11436 0.04231 0.01764 0.02956
v 0.16605 0.77507 0.12326 0.04231 0.01764 0.02956
v 0.16778 0.76387 0.11436 0.04231 0.01764 0.02956
v 0.16392 0.76644 0.12113 0.04231 0.01764 0.02956
v 0.16605 0.77507 0.12326 0.04231 0.01764 0.02956
v 0.16392 0.76644 -0.12113 0.04231 0.01764 0.02956
v 0.16119 0.75982 -0.11840 0.04231 0.01764 0.02956
v 0.16778 0.76387 -0.11436 0.04231 0.01764 0.02956
v 0.16119 0.75982 -0.11840 0.04231 0.01764 0.02956
v 0.16392 0.75710 -0.11179 0.04231 0.01764 0.02956
v 0.16778 0.76387 -0.11436 0.04231 0.01764 0.02956
v 0.16778 0.76387 -0.11436 0.04231 0.01764 0.02956
v 0.16392 0.75710 -0.11179 0.04231 0.01764 0.02956
v 0.17103 0.76170 -0.10482 0.04231 0.01764 0.02956
v 0.16392 0.75710 -0.11179 0.04231 0.01764 0.02956
v 0.16605 0.75496 -0.10316 0.04231 0.01764 0.02956
v 0.17103 0.76170 -0.10482 0.04231 0.01764 0.02956
v 0.17103 0.76170 -0.10482 0.04231 0.01764 0.02956
v 0.16605 0.75496 -0.10316 0.04231 0.01764 0.02956
v 0.17235 0.76082 -0.09311 0.04231 0.01764 0.02956
v 0.16605 0.75496 -0.10316 0.04231 0.01764 0.02956
v 0.16688 0.75414 -0.09311 0.04231 0.01764 0.02956
v 0.17235 0.76082 -0.09311 0.04231 0.01764 0.02956
v 0.17235 0.76082 -0.09311 0.04231 0.01764 0.02956
v 0.16688 0.75414 -0.09311 0.04231 0.01764 0.02956
v 0.17235 0.76082 0.09311 0.04231 0.01764 0.02956
v 0.16688 0.75414 -0.09311 0.04231 0.01764 0.02956
v 0.16688 0.75414 0.09311 0.04231 0.01764 0.02956
v 0.17235 0.76082 0.09311 0.04231 0.01764 0.02956
v 0.17235 0.76082 0.09311 0.04231 0.01764 0.02956
v 0.16688 0.75414 0.09311 0.04231 0.01764 0.02956
v 0.17103 0.76170 0.10482 0.04231 0.01764 0.02956
v 0.16688 0.75414 0.09311 0.04231 0.01764 0.02956
v 0.16605 0.75496 0.10316 0.04231 0.01764 0.02956
v 0.17103 0.76170 0.10482 0.04231 0.01764 0.02956
v 0.17103 0.76170 0.10482 0.04231 0.01764 0.02956
v 0.16605 0.75496 0.10316 0.04231 0.01764 0.02956
v 0.16778 0.76387 0.11436 0.04231 0.01764 0.02956
v 0.16605 0.75496 0.10316 0.04231 0.01764 0.02956
v 0.16392 0.75710 0.11179 0.04231 0.01764 0.02956
v 0.16778 0.76387 0.11436 0.04231 0.01764 0.02956
v 0.16778 0.76387 0.11436 0.04231 0.01764 0.02956
v 0.16392 0.75710 0.11179 0.04231 0.01764 0.02956
v 0.16392 0.76644 0.12113 0.04231 0.01764 0.02956
v 0.16392 0.75710 0.11179 0.04231 0.01764 0.02956
v 0.16119 0.75982 0.11840 0.04231 0.01764 0.02956
v 0.16392 0.76644 0.12113 0.04231 0.01764 0.02956
v 0.16119 1.19346 -0.11840 0.04231 0.01764 0.02956
v 0.16392 1.19618 -0.11179 0.04231 0.01764 0.02956
v 0.15458 1.19618 -0.12113 0.04231 0.01764 0.02956
v 0.16392 1.19618 -0.11179 0.04231 0.01764 0.02956
v 0.15715 1.20004 -0.11436 0.04231 0.01764 0.02956
v 0.15458 1.19618 -0.12113 0.04231 0.01764 0.02956
v 0.15458 1.19618 -0.12113 0.04231 0.01764 0.02956
v 0.15715 1.20004 -0.11436 0.04231 0.01764 0.02956
v 0.14595 1.19831 -0.12326 0.04231 0.01764 0.02956
v 0.15715 1.20004 -0.11436 0.04231 0.01764 0.02956
v 0.14761 1.20329 -0.11653 0.04231 0.01764 0.02956
v 0.14595 1.19831 -0.12326 0.04231 0.01764 0.02956
v 0.14595 1.19831 -0.12326 0.04231 0.01764 0.02956
v 0.14761 1.20329 -0.11653 0.04231 0.01764 0.02956
v 0.13590 1.19914 -0.12409 0.04231 0.01764 0.02956
v 0.14761 1.20329 -0.11653 0.04231 0.01764 0.02956
v 0.13590 1.20462 -0.11741 0.04231 0.01764 0.02956
v 0.13590 1.19914 -0.12409 0.04231 0.01764 0.02956
v 0.13590 1.19914 -0.12409 0.04231 0.01764 0.02956
v 0.13590 1.20462 -0.11741 0.04231 0.01764 0.02956
v -0.13590 1.19914 -0.12409 0.04231 0.01764 0.02956
v 0.13590 1.20462 -0.11741 0.04231 0.01764 0.02956
v -0.13590 1.20462 -0.11741 0.04231 0.01764 0.02956
v -0.13590 1.19914 -0.12409 0.04231 0.01764 0.02956
v -0.13590 1.19914 -0.12409 0.04231 0.01764 0.02956
v -0.13590 1.20462 -0.11741 0.04231 0.01764 0.02956
v -0.14595 1.19831 -0.12326 0.04231 0.01764 0.02956
v -0.13590 1.20462 -0.11741 0.04231 0.01764 0.02956
v -0.14761 1.20329 -0.11653 0.04231 0.01764 0.02956
v -0.14595 1.19831 -0.12326 0.04231 0.01764 0.02956
v -0.14595 1.19831 -0.12326 0.04231 0.01764 0.02956
v -0.14761 1.20329 -0.11653 0.04231 0.01764 0.02956
v -0.15458 1.19618 -0.12113 0.04231 0.01764 0.02956
v -0.14761 1.20329 -0.11653 0.04231 0.01764 0.02956
v -0.15715 1.20004 -0.11436 0.04231 0.01764 0.02956
v -0.15458 1.19618 -0.12113 0.04231 0.01764 0.02956
v -0.15458 1.19618 -0.12113 0.04231 0.01764 0.02956
v -0.15715 1.20004 -0.11436 0.04231 0.01764 0.02956
v -0.16119 1.19346 -0.11840 0.04231 0.01764 0.02956
v -0.15715 1.20004 -0.11436 0.04231 0.01764 0.02956
v -0.16392 1.19618 -0.11179 0.04231 0.01764 0.02956
v -0.16119 1.19346 -0.11840 0.04231 0.01764 0.02956
v 0.16392 1.19618 -0.11179 0.04231 0.01764 0.02956
v 0.16605 1.19831 -0.10316 0.04231 0.01764 0.02956
v 0.15715 1.20004 -0.11436 0.04231 0.01764 0.02956
v 0.16605 1.19831 -0.10316 0.04231 0.01764 0.02956
v 0.15932 1.20329 -0.10482 0.04231 0.01764 0.02956
v 0.15715 1.20004 -0.11436 0.04231 0.01764 0.02956
v 0.15715 1.20004 -0.11436 0.04231 0.01764 0.02956
v 0.15932 1.20329 -0.10482 0.04231 0.01764 0.02956
v 0.14761 1.20329 -0.11653 0.04231 0.01764 0.02956
v 0.15932 1.20329 -0.10482 0.04231 0.01764 0.02956
v 0.14911 1.20779 -0.10632 0.04231 0.01764 0.02956
v 0.14761 1.20329 -0.11653 0.04231 0.01764 0.02956
v 0.14761 1.20329 -0.11653 0.04231 0.01764 0.02956
v 0.14911 1.20779 -0.10632 0.04231 0.01764 0.02956
v 0.13590 1.20462 -0.11741 0.04231 0.01764 0.02956
v 0.14911 1.20779 -0.10632 0.04231 0.01764 0.02956
v 0.13590 1.20973 -0.10696 0.04231 0.01764 0.02956
v 0.13590 1.20462 -0.11741 0.04231 0.01764 0.02956
v 0.13590 1.20462 -0.11741 0.04231 0.01764 0.02956
v 0.13590 1.20973 -0.10696 0.04231 0.01764 0.02956
v -0.13590 1.20462 -0.11741 0.04231 0.01764 0.02956
v 0.13590 1.20973 -0.10696 0.04231 0.01764 0.02956
v -0.13590 1.20973 -0.10696 0.04231 0.01764 0.02956
v -0.13590 1.20462 -0.11741 0.04231 0.01764 0.02956
v -0.13590 1.20462 -0.11741 0.04231 0.01764 0.02956
v -0.13590 1.20973 -0.10696 0.04231 0.01764 0.02956
v -0.14761 1.20329 -0.11653 0.04231 0.01764 0.02956
v -0.13590 1.20973 -0.10696 0.04231 0.01764 0.02956
v -0.14911 1.20779 -0.10632 0.04231 0.01764 0.02956
v -0.14761 1.20329 -0.11653 0.04231 0.01764 0.02956
v -0.14761 1.20329 -0.11653 0.04231 0.01764 0.02956
v -0.14911 1.20779 -0.10632 0.04231 0.01764 0.02956
v -0.15715 1.20004 -0.11436 0.04231 0.01764 0.02956
v -0.14911 1.20779 -0.10632 0.04231 0.01764 0.02956
v -0.15932 1.20329 -0.10482 0.04231 0.01764 0.02956
v -0.15715 1.20004 -0.11436 0.04231 0.01764 0.02956
v -0.15715 1.20004 -0.11436 0.04231 0.01764 0.02956
v -0.15932 1.20329 -0.10482 0.04231 0.01764 0.02956
v -0.16392 1.19618 -0.11179 0.04231 0.01764 0.02956
v -0.15932 1.20329 -0.10482 0.04231 0.01764 0.02956
v -0.16605 1.19831 -0.10316 0.04231 0.01764 0.02956
v -0.16392 1.19618 -0.11179 0.04231 0.01764 0.02956
v 0.16605 1.19831 -0.10316 0.04231 0.01764 0.02956
v 0.16688 1.19914 -0.09311 0.04231 0.01764 0.02956
v 0.15932 1.20329 -0.10482 0.04231 0.01764 0.02956
v 0.16688 1.19914 -0.09311 0.04231 0.01764 0.02956
v 0.16020 1.20462 -0.09311 0.04231 0.01764 0.02956
v 0.15932 1.20329 -0.10482 0.04231 0.01764 0.02956
v 0.15932 1.20329 -0.10482 0.04231 0.01764 0.02956
v 0.16020 1.20462 -0.09311 0.04231 0.01764 0.02956
v 0.14911 1.20779 -0.10632 0.04231 0.01764 0.02956
v 0.16020 1.20462 -0.09311 0.04231 0.01764 0.02956
v 0.14975 1.20973 -0.09311 0.04231 0.01764 0.02956
v 0.14911 1.20779 -0.10632 0.04231 0.01764 0.02956
v 0.14911 1.20779 -0.10632 0.04231 0.01764 0.02956
v 0.14975 1.20973 -0.09311 0.04231 0.01764 0.02956
v 0.13590 1.20973 -0.10696 0.04231 0.01764 0.02956
v 0.14975 1.20973 -0.09311 0.04231 0.01764 0.02956
v 0.13590 1.21197 -0.09311 0.04231 0.01764 0.02956
v 0.13590 1.20973 -0.10696 0.04231 0.01764 0.02956
v 0.13590 1.20973 -0.10696 0.04231 0.01764 0.02956
v 0.13590 1.21197 -0.09311 0.04231 0.01764 0.02956
v -0.13590 1.20973 -0.10696 0.04231 0.01764 0.02956
v 0.13590 1.21197 -0.09311 0.04231 0.01764 0.02956
v -0.13590 1.21197 -0.09311 0.04231 0.01764 0.02956
v -0.13590 1.20973 -0.10696 0.04231 0.01764 0.02956
v -0.13590 1.20973 -0.10696 0.04231 0.01764 0.02956
v -0.13590 1.21197 -0.09311 0.04231 0.01764 0.02956
v -0.14911 1.20779 -0.10632 0.04231 0.01764 0.02956
v -0.13590 1.21197 -0.09311 0.04231 0.01764 0.02956
v -0.14975 1.20973 -0.09311 0.04231 0.01764 0.02956
v -0.14911 1.20779 -0.10632 0.04231 0.01764 0.02956
v -0.14911 1.20779 -0.10632 0.04231 0.01764 0.02956
v -0.14975 1.20973 -0.09311 0.04231 0.01764 0.02956
v -0.15932 1.20329 -0.10482 0.04231 0.01764 0.02956
v -0.14975 1.20973 -0.09311 0.04231 0.01764 0.02956
v -0.16020 1.20462 -0.09311 0.04231 0.01764 0.02956
v -0.15932 1.20329 -0.10482 0.04231 0.01764 0.02956
v -0.15932 1.20329 -0.10482 0.04231 0.01764 0.02956
v -0.16020 1.20462 -0.09311 0.04231 0.01764 0.02956
v -0.16605 1.19831 -0.10316 0.04231 0.01764 0.02956
v -0.16020 1.20462 -0.09311 0.04231 0.01764 0.02956
v -0.16688 1.19914 -0.09311 0.04231 0.01764 0.02956
v -0.16605 1.19831 -0.10316 0.04231 0.01764 0.02956
v 0.16688 1.19914 -0.09311 0.04231 0.01764 0.02956
v 0.16688 1.19914 0.09311 0.04231 0.01764 0.02956
v 0.16020 1.20462 -0.09311 0.04231 0.01764 0.02956
v 0.16688 1.19914 0.09311 0.04231 0.01764 0.02956
v 0.16020 1.20462 0.09311 0.04231 0.01764 0.02956
v 0.16020 1.20462 -0.09311 0.04231 0.01764 0.02956
v 0.16020 1.20462 -0.09311 0.04231 0.01764 0.02956
v 0.16020 1.20462 0.09311 0.04231 0.01764 0.02956
v 0.14975 1.20973 -0.09311 0.04231 0.01764 0.02956
v 0.16020 1.20462 0.09311 0.04231 0.01764 0.02956
v 0.14975 1.20973 0.09311 0.04231 0.01764 0.02956
v 0.14975 1.20973 -0.09311 0.04231 0.01764 0.02956
v 0.14975 1.20973 -0.09311 0.04231 0.01764 0.02956
v 0.14975 1.20973 0.09311 0.04231 0.01764 0.02956
v 0.13590 1.21197 -0.09311 0.04231 0.01764 0.02956
v 0.14975 1.20973 0.09311 0.04231 0.01764 0.02956
v 0.13590 1.21197 0.09311 0.04231 0.01764 0.02956
v 0.13590 1.21197 -0.09311 0.04231 0.01764 0.02956
v 0.13590 1.21197 -0.09311 0.04231 0.01764 0.02956
v 0.13590 1.21197 0.09311 0.04231 0.01764 0.02956
v -0.13590 1.21197 -0.09311 0.04231 0.01764 0.02956
v 0.13590 1.21197 0.09311 0.04231 0.01764 0.02956
v -0.13590 1.21197 0.09311 0.04231 0.01764 0.02956
v -0.13590 1.21197 -0.09311 0.04231 0.01764 0.02956
v -0.13590 1.21197 -0.09311 0.04231 0.01764 0.02956
v -0.13590 1.21197 0.09311 0.04231 0.01764 0.02956
v -0.14975 1.20973 -0.09311 0.04231 0.01764 0.02956
v -0.13590 1.21197 0.09311 0.04231 0.01764 0.02956
v -0.14975 1.20973 0.09311 0.04231 0.01764 0.02956
v -0.14975 1.20973 -0.09311 0.04231 0.01764 0.02956
v -0.14975 1.20973 -0.09311 0.04231 0.01764 0.02956
v -0.14975 1.20973 0.09311 0.04231 0.01764 0.02956
v -0.16020 1.20462 -0.09311 0.04231 0.01764 0.02956
v -0.14975 1.20973 0.09311 0.04231 0.01764 0.02956
v -0.16020 1.20462 0.09311 0.04231 0.01764 0.02956
v -0.16020 1.20462 -0.09311 0.04231 0.01764 0.02956
v -0.16020 1.20462 -0.09311 0.04231 0.01764 0.02956
v -0.16020 1.20462 0.09311 0.04231 0.01764 0.02956
v -0.16688 1.19914 -0.09311 0.04231 0.01764 0.02956
v -0.16020 1.20462 0.09311 0.04231 0.01764 0.02956
v -0.16688 1.19914 0.09311 0.04231 0.01764 0.02956
v -0.16688 1.19914 -0.09311 0.04231 0.01764 0.02956
v 0.16688 1.19914 0.09311 0.04231 0.01764 0.02956
v 0.16605 1.19831 0.10316 0.04231 0.01764 0.02956
v 0.16020 1.20462 0.09311 0.04231 0.01764 0.02956
v 0.16605 1.19831 0.10316 0.04231 0.01764 0.02956
v 0.15932 1.20329 0.10482 0.04231 0.01764 0.02956
v 0.16020 1.20462 0.09311 0.04231 0.01764 0.02956
v 0.16020 1.20462 0.09311 0.04231 0.01764 0.02956
v 0.15932 1.20329 0.10482 0.04231 0.01764 0.02956
v 0.14975 1.20973 0.09311 0.04231 0.01764 0.02956
v 0.15932 1.20329 0.10482 0.04231 0.01764 0.02956
v 0.14911 1.20779 0.10632 0.04231 0.01764 0.02956
v 0.14975 1.20973 0.09311 0.04231 0.01764 0.02956
v 0.14975 1.20973 0.09311 0.04231 0.01764 0.02956
v 0.14911 1.20779 0.10632 0.04231 0.01764 0.02956
v 0.13590 1.21197 0.09311 0.04231 0.01764 0.02956
v 0.14911 1.20779 0.10632 0.04231 0.01764 0.02956
v 0.13590 1.20973 0.10696 0.04231 0.01764 0.02956
v 0.13590 1.21197 0.09311 0.04231 0.01764 0.02956
v 0.13590 1.21197 0.09311 0.04231 0.01764 0.02956
v 0.13590 1.20973 0.10696 0.04231 0.01764 0.02956
v -0.13590 1.21197 0.09311 0.04231 0.01764 0.02956
v 0.13590 1.20973 0.10696 0.04231 0.01764 0.02956
v -0.13590 1.20973 0.10696 0.04231 0.01764 0.02956
v -0.13590 1.21197 0.09311 0.04231 0.01764 0.02956
v -0.13590 1.21197 0.09311 0.04231 0.01764 0.02956
v -0.13590 1.20973 0.10696 0.04231 0.01764 0.02956
v -0.14975 1.20973 0.09311 0.04231 0.01764 0.02956
v -0.13590 1.20973 0.10696 0.04231 0.01764 0.02956
v -0.14911 1.20779 0.10632 0.04231 0.01764 0.02956
v -0.14975 1.20973 0.09311 0.04231 0.01764 0.02956
v -0.14975 1.20973 0.09311 0.04231 0.01764 0.02956
v -0.14911 1.20779 0.10632 0.04231 0.01764 0.02956
v -0.16020 1.20462 0.09311 0.04231 0.01764 0.02956
v -0.14911 1.20779 0.10632 0.04231 0.01764 0.02956
v -0.15932 1.20329 0.10482 0.04231 0.01764 0.02956
v -0.16020 1.20462 0.09311 0.04231 0.01764 0.02956
v -0.16020 1.20462 0.09311 0.04231 0.01764 0.02956
v -0.15932 1.20329 0.10482 0.04231 0.01764 0.02956
v -0.16688 1.19914 0.09311 0.04231 0.01764 0.02956
v -0.15932 1.20329 0.10482 0.04231 0.01764 0.02956
v -0.16605 1.19831 0.10316 0.04231 0.01764 0.02956
v -0.16688 1.19914 0.09311 0.04231 0.01764 0.02956
v 0.16605 1.19831 0.10316 0.04231 0.01764 0.02956
v 0.16392 1.19618 0.11179 0.04231 0.01764 0.02956
v 0.15932 1.20329 0.10482 0.04231 0.01764 0.02956
v 0.16392 1.19618 0.11179 0.04231 0.01764 0.02956
v 0.15715 1.20004 0.11436 0.04231 0.01764 0.02956
v 0.15932 1.20329 0.10482 0.04231 0.01764 0.02956
v 0.15932 1.20329 0.10482 0.04231 0.01764 0.02956
v 0.15715 1.20004 0.11436 0.04231 0.01764 0.02956
v 0.14911 1.20779 0.10632 0.04231 0.01764 0.02956
v 0.15715 1.20004 0.11436 0.04231 0.01764 0.02956
v 0.14761 1.20329 0.11653 0.04231 0.01764 0.02956
v 0.14911 1.20779 0.10632 0.04231 0.01764 0.02956
v 0.14911 1.20779 0.10632 0.04231 0.01764 0.02956
v 0.14761 1.20329 0.11653 0.04231 0.01764 0.02956
v 0.13590 1.20973 0.10696 0.04231 0.01764 0.02956
v 0.14761 1.20329 0.11653 0.04231 0.01764 0.02956
v 0.13590 1.20462 0.11741 0.04231 0.01764 0.02956
v 0.13590 1.20973 0.10696 0.04231 0.01764 0.02956
v 0.13590 1.20973 0.10696 0.04231 0.01764 0.02956
v 0.13590 1.20462 0.11741 0.04231 0.01764 0.02956
v -0.13590 1.20973 0.10696 0.04231 0.01764 0.02956
v 0.13590 1.20462 0.11741 0.04231 0.01764 0.02956
v -0.13590 1.20462 0.11741 0.04231 0.01764 0.02956
v -0.13590 1.20973 0.10696 0.04231 0.01764 0.02956
v -0.13590 1.20973 0.10696 0.04231 0.01764 0.02956
v -0.13590 1.20462 0.11741 0.04231 0.01764 0.02956
v -0.14911 1.20779 0.10632 0.04231 0.01764 0.02956
v -0.13590 1.20462 0.11741 0.04231 0.01764 0.02956
v -0.14761 1.20329 0.11653 0.04231 0.01764 0.02956
v -0.14911 1.20779 0.10632 0.04231 0.01764 0.02956
v -0.14911 1.20779 0.10632 0.04231 0.01764 0.02956
v -0.14761 1.20329 0.11653 0.04231 0.01764 0.02956
v -0.15932 1.20329 0.10482 0.04231 0.01764 0.02956
v -0.14761 1.20329 0.11653 0.04231 0.01764 0.02956
v -0.15715 1.20004 0.11436 0.04231 0.01764 0.02956
v -0.15932 1.20329 0.10482 0.04231 0.01764 0.02956
v -0.15932 1.20329 0.10482 0.04231 0.01764 0.02956
v -0.15715 1.20004 0.11436 0.04231 0.01764 0.02956
v -0.16605 1.19831 0.10316 0.04231 0.01764 0.02956
v -0.15715 1.20004 0.11436 0.04231 0.01764 0.02956
v -0.16392 1.19618 0.11179 0.04231 0.01764 0.02956
v -0.16605 1.19831 0.10316 0.04231 0.01764 0.02956
v 0.16392 1.19618 0.11179 0.04231 0.01764 0.02956
v 0.16119 1.19346 0.11840 0.04231 0.01764 0.02956
v 0.15715 1.20004 0.11436 0.04231 0.01764 0.02956
v 0.16119 1.19346 0.11840 0.04231 0.01764 0.02956
v 0.15458 1.19618 0.12113 0.04231 0.01764 0.02956
v 0.15715 1.20004 0.11436 0.04231 0.01764 0.02956
v 0.15715 1.20004 0.11436 0.04231 0.01764 0.02956
v 0.15458 1.19618 0.12113 0.04231 0.01764 0.02956
v 0.14761 1.20329 0.11653 0.04231 0.01764 0.02956
v 0.15458 1.19618 0.12113 0.04231 0.01764 0.02956
v 0.14595 1.19831 0.12326 0.04231 0.01764 0.02956
v 0.14761 1.20329 0.11653 0.04231 0.01764 0.02956
v 0.14761 1.20329 0.11653 0.04231 0.01764 0.02956
v 0.14595 1.19831 0.12326 0.04231 0.01764 0.02956
v 0.13590 1.20462 0.11741 0.04231 0.01764 0.02956
v 0.14595 1.19831 0.12326 0.04231 0.01764 0.02956
v 0.13590 1.19914 0.12409 0.04231 0.01764 0.02956
v 0.13590 1.20462 0.11741 0.04231 0.01764 0.02956
v 0.13590 1.20462 0.11741 0.04231 0.01764 0.02956
v 0.13590 1.19914 0.12409 0.04231 0.01764 0.02956
v -0.13590 1.20462 0.11741 0.04231 0.01764 0.02956
v 0.13590 1.19914 0.12409 0.04231 0.01764 0.02956
v -0.13590 1.19914 0.12409 0.04231 0.01764 0.02956
v -0.13590 1.20462 0.11741 0.04231 0.01764 0.02956
v -0.13590 1.20462 0.11741 0.04231 0.01764 0.02956
v -0.13590 1.19914 0.12409 0.04231 0.01764 0.02956
v -0.14761 1.20329 0.11653 0.04231 0.01764 0.02956
v -0.13590 1.19914 0.12409 0.04231 0.01764 0.02956
v -0.14595 1.19831 0.12326 0.04231 0.01764 0.02956
v -0.14761 1.20329 0.11653 0.04231 0.01764 0.02956
v -0.14761 1.20329 0.11653 0.04231 0.01764 0.02956
v -0.14595 1.19831 0.12326 0.04231 0.01764 0.02956
v -0.15715 1.20004 0.11436 0.04231 0.01764 0.02956
v -0.14595 1.19831 0.12326 0.04231 0.01764 0.02956
v -0.15458 1.19618 0.12113 0.04231 0.01764 0.02956
v -0.15715 1.20004 0.11436 0.04231 0.01764 0.02956
v -0.15715 1.20004 0.11436 0.04231 0.01764 0.02956
v -0.15458 1.19618 0.12113 0.04231 0.01764 0.02956
v -0.16392 1.19618 0.11179 0.04231 0.01764 0.02956
v -0.15458 1.19618 0.12113 0.04231 0.01764 0.02956
v -0.16119 1.19346 0.11840 0.04231 0.01764 0.02956
v -0.16392 1.19618 0.11179 0.04231 0.01764 0.02956
v 0.16119 0.75982 0.11840 0.04231 0.01764 0.02956
v 0.16392 0.75710 0.11179 0.04231 0.01764 0.02956
v 0.15458 0.75710 0.12113 0.04231 0.01764 0.02956
v 0.16392 0.75710 0.11179 0.04231 0.01764 0.02956
v 0.15715 0.75324 0.11436 0.04231 0.01764 0.02956
v 0.15458 0.75710 0.12113 0.04231 0.01764 0.02956
v 0.15458 0.75710 0.12113 0.04231 0.01764 0.02956
v 0.15715 0.75324 0.11436 0.04231 0.01764 0.02956
v 0.14595 0.75496 0.12326 0.04231 0.01764 0.02956
v 0.15715 0.75324 0.11436 0.04231 0.01764 0.02956
v 0.14761 0.74999 0.11653 0.04231 0.01764 0.02956
v 0.14595 0.75496 0.12326 0.04231 0.01764 0.02956
v 0.14595 0.75496 0.12326 0.04231 0.01764 0.02956
v 0.14761 0.74999 0.11653 0.04231 0.01764 0.02956
v 0.13590 0.75414 0.12409 0.04231 0.01764 0.02956
v 0.14761 0.74999 0.11653 0.04231 0.01764 0.02956
v 0.13590 0.74866 0.11741 0.04231 0.01764 0.02956
v 0.13590 0.75414 0.12409 0.04231 0.01764 0.02956
v 0.13590 0.75414 0.12409 0.04231 0.01764 0.02956
v 0.13590 0.74866 0.11741 0.04231 0.01764 0.02956
v -0.13590 0.75414 0.12409 0.04231 0.01764 0.02956
v 0.13590 0.74866 0.11741 0.04231 0.01764 0.02956
v -0.13590 0.74866 0.11741 0.04231 0.01764 0.02956
v -0.13590 0.75414 0.12409 0.04231 0.01764 0.02956
v -0.13590 0.75414 0.12409 0.04231 0.01764 0.02956
v -0.13590 0.74866 0.11741 0.04231 0.01764 0.02956
v -0.14595 0.75496 0.12326 0.04231 0.01764 0.02956
v -0.13590 0.74866 0.11741 0.04231 0.01764 0.02956
v -0.14761 0.74999 0.11653 0.04231 0.01764 0.02956
v -0.14595 0.75496 0.12326 0.04231 0.01764 0.02956
v -0.14595 0.75496 0.12326 0.04231 0.01764 0.02956
v -0.14761 0.74999 0.11653 0.04231 0.01764 0.02956
v -0.15458 0.75710 0.12113 0.04231 0.01764 0.02956
v -0.14761 0.74999 0.11653 0.04231 0.01764 0.02956
v -0.15715 0.75324 0.11436 0.04231 0.01764 0.02956
v -0.15458 0.75710 0.12113 0.04231 0.01764 0.02956
v -0.15458 0.75710 0.12113 0.04231 0.01764 0.02956
v -0.15715 0.75324 0.11436 0.04231 0.01764 0.02956
v -0.16119 0.75982 0.11840 0.04231 0.01764 0.02956
v -0.15715 0.75324 0.11436 0.04231 0.01764 0.02956
v -0.16392 0.75710 0.11179 0.04231 0.01764 0.02956
v -0.16119 0.75982 0.11840 0.04231 0.01764 0.02956
v 0.16392 0.75710 0.11179 0.04231 0.01764 0.02956
v 0.16605 0.75496 0.10316 0.04231 0.01764 0.02956
v 0.15715 0.75324 0.11436 0.04231 0.01764 0.02956
v 0.16605 0.75496 0.10316 0.04231 0.01764 0.02956
v 0.15932 0.74999 0.10482 0.04231 0.01764 0.02956
v 0.15715 0.75324 0.11436 0.04231 0.01764 0.02956
v 0.15715 0.75324 0.11436 0.04231 0.01764 0.02956
v 0.15932 0.74999 0.10482 0.04231 0.01764 0.02956
v 0.14761 0.74999 0.11653 0.04231 0.01764 0.02956
v 0.15932 0.74999 0.10482 0.04231 0.01764 0.02956
v 0.14911 0.74549 0.10632 0.04231 0.01764 0.02956
v 0.14761 0.74999 0.11653 0.04231 0.01764 0.02956
v 0.14761 0.74999 0.11653 0.04231 0.01764 0.02956
v 0.14911 0.74549 0.10632 0.04231 0.01764 0.02956
v 0.13590 0.74866 0.11741 0.04231 0.01764 0.02956
v 0.14911 0.74549 0.10632 0.04231 0.01764 0.02956
v 0.13590 0.74355 0.10696 0.04231 0.01764 0.02956
v 0.13590 0.74866 0.11741 0.04231 0.01764 0.02956
v 0.13590 0.74866 0.11741 0.04231 0.01764 0.02956
v 0.13590 0.74355 0.10696 0.04231 0.01764 0.02956
v -0.13590 0.74866 0.11741 0.04231 0.01764 0.02956
v 0.13590 0.74355 0.10696 0.04231 0.01764 0.02956
v -0.13590 0.74355 0.10696 0.04231 0.01764 0.02956
v -0.13590 0.74866 0.11741 0.04231 0.01764 0.02956
v -0.13590 0.74866 0.11741 0.04231 0.01764 0.02956
v -0.13590 0.74355 0.10696 0.04231 0.01764 0.02956
v -0.14761 0.74999 0.11653 0.04231 0.01764 0.02956
v -0.13590 0.74355 0.10696 0.04231 0.01764 0.02956
v -0.14911 0.74549 0.10632 0.04231 0.01764 0.02956
v -0.14761 0.74999 0.11653 0.04231 0.01764 0.02956
v -0.14761 0.74999 0.11653 0.04231 0.01764 0.02956
v -0.14911 0.74549 0.10632 0.04231 0.01764 0.02956
v -0.15715 0.75324 0.11436 0.04231 0.01764 0.02956
v -0.14911 0.74549 0.10632 0.04231 0.01764 0.02956
v -0.15932 0.74999 0.10482 0.04231 0.01764 0.02956
v -0.15715 0.75324 0.11436 0.04231 0.01764 0.02956
v -0.15715 0.75324 0.11436 0.04231 0.01764 0.02956
v -0.15932 0.74999 0.10482 0.04231 0.01764 0.02956
v -0.16392 0.75710 0.11179 0.04231 0.01764 0.02956
v -0.15932 0.74999 0.10482 0.04231 0.01764 0.02956
v -0.16605 0.75496 0.10316 0.04231 0.01764 0.02956
v -0.16392 0.75710 0.11179 0.04231 0.01764 0.02956
v 0.16605 0.75496 0.10316 0.04231 0.01764 0.02956
v 0.16688 0.75414 0.09311 0.04231 0.01764 0.02956
v 0.15932 0.74999 0.10482 0.04231 0.01764 0.02956
v 0.16688 0.75414 0.09311 0.04231 0.01764 0.02956
v 0.16020 0.74866 0.09311 0.04231 0.01764 0.02956
v 0.15932 0.74999 0.10482 0.04231 0.01764 0.02956
v 0.15932 0.74999 0.10482 0.04231 0.01764 0.02956
v 0.16020 0.74866 0.09311 0.04231 0.01764 0.02956
v 0.14911 0.74549 0.10632 0.04231 0.01764 0.02956
v 0.16020 0.74866 0.09311 0.04231 0.01764 0.02956
v 0.14975 0.74355 0.09311 0.04231 0.01764 0.02956
v 0.14911 0.74549 0.10632 0.04231 0.01764 0.02956
v 0.14911 0.74549 0.10632 0.04231 0.01764 0.02956
v 0.14975 0.74355 0.09311 0.04231 0.01764 0.02956
v 0.13590 0.74355 0.10696 0.04231 0.01764 0.02956
v 0.14975 0.74355 0.09311 0.04231 0.01764 0.02956
v 0.13590 0.74130 0.09311 0.04231 0.01764 0.02956
v 0.13590 0.74355 0.10696 0.04231 0.01764 0.02956
v 0.13590 0.74355 0.10696 0.04231 0.01764 0.02956
v 0.13590 0.74130 0.09311 0.04231 0.01764 0.02956
v -0.13590 0.74355 0.10696 0.04231 0.01764 0.02956
v 0.13590 0.74130 0.09311 0.04231 0.01764 0.02956
v -0.13590 0.74130 0.09311 0.04231 0.01764 0.02956
v -0.13590 0.74355 0.10696 0.04231 0.01764 0.02956
v -0.13590 0.74355 0.10696 0.04231 0.01764 0.02956
v -0.13590 0.74130 0.09311 0.04231 0.01764 0.02956
v -0.14911 0.74549 0.10632 0.04231 0.01764 0.02956
v -0.13590 0.74130 0.09311 0.04231 0.01764 0.02956
v -0.14975 0.74355 0.09311 0.04231 0.01764 0.02956
v -0.14911 0.74549 0.10632 0.04231 0.01764 0.02956
v -0.14911 0.74549 0.10632 0.04231 0.01764 0.02956
v -0.14975 0.74355 0.09311 0.04231 0.01764 0.02956
v -0.15932 0.74999 0.10482 0.04231 0.01764 0.02956
v -0.14975 0.74355 0.09311 0.04231 0.01764 0.02956
v -0.16020 0.74866 0.09311 0.04231 0.01764 0.02956
v -0.15932 0.74999 0.10482 0.04231 0.01764 0.02956
v -0.15932 0.74999 0.10482 0.04231 0.01764 0.02956
v -0.16020 0.74866 0.09311 0.04231 0.01764 0.02956
v -0.16605 0.75496 0.10316 0.04231 0.01764 0.02956
v -0.16020 0.74866 0.09311 0.04231 0.01764 0.02956
v -0.16688 0.75414 0.09311 0.04231 0.01764 0.02956
v -0.16605 0.75496 0.10316 0.04231 0.01764 0.02956
v 0.16688 0.75414 0.09311 0.04231 0.01764 0.02956
v 0.16688 0.75414 -0.09311 0.04231 0.01764 0.02956
v 0.16020 0.74866 0.09311 0.04231 0.01764 0.02956
v 0.16688 0.75414 -0.09311 0.04231 0.01764 0.02956
v 0.16020 0.74866 -0.09311 0.04231 0.01764 0.02956
v 0.16020 0.74866 0.09311 0.04231 0.01764 0.02956
v 0.16020 0.74866 0.09311 0.04231 0.01764 0.02956
v 0.16020 0.74866 -0.09311 0.04231 0.01764 0.02956
v 0.14975 0.74355 0.09311 0.04231 0.01764 0.02956
v 0.16020 0.74866 -0.09311 0.04231 0.01764 0.02956
v 0.14975 0.74355 -0.09311 0.04231 0.01764 0.02956
v 0.14975 0.74355 0.09311 0.04231 0.01764 0.02956
v 0.14975 0.74355 0.09311 0.04231 0.01764 0.02956
v 0.14975 0.74355 -0.09311 0.04231 0.01764 0.02956
v 0.13590 0.74130 0.09311 0.04231 0.01764 0.02956
v 0.14975 0.74355 -0.09311 0.04231 0.01764 0.02956
v 0.13590 0.74130 -0.09311 0.04231 0.01764 0.02956
v 0.13590 0.74130 0.09311 0.04231 0.01764 0.02956
v 0.13590 0.74130 0.09311 0.04231 0.01764 0.02956
v 0.13590 0.74130 -0.09311 0.04231 0.01764 0.02956
v -0.13590 0.74130 0.09311 0.04231 0.01764 0.02956
v 0.13590 0.74130 -0.09311 0.04231 0.01764 0.02956
v -0.13590 0.74130 -0.09311 0.04231 0.01764 0.02956
v -0.13590 0.74130 0.09311 0.04231 0.01764 0.02956
v -0.13590 0.74130 0.09311 0.04231 0.01764 0.02956
v -0.13590 0.74130 -0.09311 0.04231 0.01764 0.02956
v -0.14975 0.74355 0.09311 0.04231 0.01764 0.02956
v -0.13590 0.74130 -0.09311 0.04231 0.01764 0.02956
v -0.14975 0.74355 -0.09311 0.04231 0.01764 0.02956
v -0.14975 0.74355 0.09311 0.04231 0.01764 0.02956
v -0.14975 0.74355 0.09311 0.04231 0.01764 0.02956
v -0.14975 0.74355 -0.09311 0.04231 0.01764 0.02956
v -0.16020 0.74866 0.09311 0.04231 0.01764 0.02956
v -0.14975 0.74355 -0.09311 0.04231 0.01764 0.02956
v -0.16020 0.74866 -0.09311 0.04231 0.01764 0.02956
v -0.16020 0.74866 0.09311 0.04231 0.01764 0.02956
v -0.16020 0.74866 0.09311 0.04231 0.01764 0.02956
v -0.16020 0.74866 -0.09311 0.04231 0.01764 0.02956
v -0.16688 0.75414 0.09311 0.04231 0.01764 0.02956
v -0.16020 0.74866 -0.09311 0.04231 0.01764 0.02956
v -0.16688 0.75414 -0.09311 0.04231 0.01764 0.02956
v -0.16688 0.75414 0.09311 0.04231 0.01764 0.02956
v 0.16688 0.75414 -0.09311 0.04231 0.01764 0.02956
v 0.16605 0.75496 -0.10316 0.04231 0.01764 0.02956
v 0.16020 0.74866 -0.09311 0.04231 0.01764 0.02956
v 0.16605 0.75496 -0.10316 0.04231 0.01764 0.02956
v 0.15932 0.74999 -0.10482 0.04231 0.01764 0.02956
v 0.16020 0.74866 -0.09311 0.04231 0.01764 0.02956
v 0.16020 0.74866 -0.09311 0.04231 0.01764 0.02956
v 0.15932 0.74999 -0.10482 0.04231 0.01764 0.02956
v 0.14975 0.74355 -0.09311 0.04231 0.01764 0.02956
v 0.15932 0.74999 -0.10482 0.04231 0.01764 0.02956
v 0.14911 0.74549 -0.10632 0.04231 0.01764 0.02956
v 0.14975 0.74355 -0.09311 0.04231 0.01764 0.02956
v 0.14975 0.74355 -0.09311 0.04231 0.01764 0.02956
v 0.14911 0.74549 -0.10632 0.04231 0.01764 0.02956
v 0.13590 0.74130 -0.09311 0.04231 0.01764 0.02956
v 0.14911 0.74549 -0.10632 0.04231 0.01764 0.02956
v 0.13590 0.74355 -0.10696 0.04231 0.01764 0.02956
v 0.13590 0.74130 -0.09311 0.04231 0.01764 0.02956
v 0.13590 0.74130 -0.09311 0.04231 0.01764 0.02956
v 0.13590 0.74355 -0.10696 0.04231 0.01764 0.02956
v -0.13590 0.74130 -0.09311 0.04231 0.01764 0.02956
v 0.13590 0.74355 -0.10696 0.04231 0.01764 0.02956
v -0.13590 0.74355 -0.10696 0.04231 0.01764 0.02956
v -0.13590 0.74130 -0.09311 0.04231 0.01764 0.02956
v -0.13590 0.74130 -0.09311 0.04231 0.01764 0.02956
v -0.13590 0.74355 -0.10696 0.04231 0.01764 0.02956
v -0.14975 0.74355 -0.09311 0.04231 0.01764 0.02956
v -0.13590 0.74355 -0.10696 0.04231 0.01764 0.02956
v -0.14911 0.74549 -0.10632 0.04231 0.01764 0.02956
v -0.14975 0.74355 -0.09311 0.04231 0.01764 0.02956
v -0.14975 0.74355 -0.09311 0.04231 0.01764 0.02956
v -0.14911 0.74549 -0.10632 0.04231 0.01764 0.02956
v -0.16020 0.74866 -0.09311 0.04231 0.01764 0.02956
v -0.14911 0.74549 -0.10632 0.04231 0.01764 0.02956
v -0.15932 0.74999 -0.10482 0.04231 0.01764 0.02956
v -0.16020 0.74866 -0.09311 0.04231 0.01764 0.02956
v -0.16020 0.74866 -0.09311 0.04231 0.01764 0.02956
v -0.15932 0.74999 -0.10482 0.04231 0.01764 0.02956
v -0.16688 0.75414 -0.09311 0.04231 0.01764 0.02956
v -0.15932 0.74999 -0.10482 0.04231 0.01764 0.02956
v -0.16605 0.75496 -0.10316 0.04231 0.01764 0.02956
v -0.16688 0.75414 -0.09311 0.04231 0.01764 0.02956
v 0.16605 0.75496 -0.10316 0.04231 0.01764 0.02956
v 0.16392 0.75710 -0.11179 0.04231 0.01764 0.02956
v 0.15932 0.74999 -0.10482 0.04231 0.01764 0.02956
v 0.16392 0.75710 -0.11179 0.04231 0.01764 0.02956
v 0.15715 0.75324 -0.11436 0.04231 0.01764 0.02956
v 0.15932 0.74999 -0.10482 0.04231 0.01764 0.02956
v 0.15932 0.74999 -0.10482 0.04231 0.01764 0.02956
v 0.15715 0.75324 -0.11436 0.04231 0.01764 0.02956
v 0.14911 0.74549 -0.10632 0.04231 0.01764 0.02956
v 0.15715 0.75324 -0.11436 0.04231 0.01764 0.02956
v 0.14761 0.74999 -0.11653 0.04231 0.01764 0.02956
v 0.14911 0.74549 -0.10632 0.04231 0.01764 0.02956
v 0.14911 0.74549 -0.10632 0.04231 0.01764 0.02956
v 0.14761 0.74999 -0.11653 0.04231 0.01764 0.02956
v 0.13590 0.74355 -0.10696 0.04231 0.01764 0.02956
v 0.14761 0.74999 -0.11653 0.04231 0.01764 0.02956
v 0.13590 0.74866 -0.11741 0.04231 0.01764 0.02956
v 0.13590 0.74355 -0.10696 0.04231 0.01764 0.02956
v 0.13590 0.74355 -0.10696 0.04231 0.01764 0.02956
v 0.13590 0.74866 -0.11741 0.04231 0.01764 0.02956
v -0.13590 0.74355 -0.10696 0.04231 0.01764 0.02956
v 0.13590 0.74866 -0.11741 0.04231 0.01764 0.02956
v -0.13590 0.74866 -0.11741 0.04231 0.01764 0.02956
v -0.13590 0.74355 -0.10696 0.04231 0.01764 0.02956
v -0.13590 0.74355 -0.10696 0.04231 0.01764 0.02956
v -0.13590 0.74866 -0.11741 0.04231 0.01764 0.02956
v -0.14911 0.74549 -0.10632 0.04231 0.01764 0.02956
v -0.13590 0.74866 -0.11741 0.04231 0.01764 0.02956
v -0.14761 0.74999 -0.11653 0.04231 0.01764 0.02956
v -0.14911 0.74549 -0.10632 0.04231 0.01764 0.02956
v -0.14911 0.74549 -0.10632 0.04231 0.01764 0.02956
v -0.14761 0.74999 -0.11653 0.04231 0.01764 0.02956
v -0.15932 0.74999 -0.10482 0.04231 0.01764 0.02956
v -0.14761 0.74999 -0.11653 0.04231 0.01764 0.02956
v -0.15715 0.75324 -0.11436 0.04231 0.01764 0.02956
v -0.15932 0.74999 -0.10482 0.04231 0.01764 0.02956
v -0.15932 0.74999 -0.10482 0.04231 0.01764 0.02956
v -0.15715 0.75324 -0.11436 0.04231 0.01764 0.02956
v -0.16605 0.75496 -0.10316 0.04231 0.01764 0.02956
v -0.15715 0.75324 -0.11436 0.04231 0.01764 0.02956
v -0.16392 0.75710 -0.11179 0.04231 0.01764 0.02956
v -0.16605 0.75496 -0.10316 0.04231 0.01764 0.02956
v 0.16392 0.75710 -0.11179 0.04231 0.01764 0.02956
v 0.16119 0.75982 -0.11840 0.04231 0.01764 0.02956
v 0.15715 0.75324 -0.11436 0.04231 0.01764 0.02956
v 0.16119 0.75982 -0.11840 0.04231 0.01764 0.02956
v 0.15458 0.75710 -0.12113 0.04231 0.01764 0.02956
v 0.15715 0.75324 -0.11436 0.04231 0.01764 0.02956
v 0.15715 0.75324 -0.11436 0.04231 0.01764 0.02956
v 0.15458 0.75710 -0.12113 0.04231 0.01764 0.02956
v 0.14761 0.74999 -0.11653 0.04231 0.01764 0.02956
v 0.15458 0.75710 -0.12113 0.04231 0.01764 0.02956
v 0.14595 0.75496 -0.12326 0.04231 0.01764 0.02956
v 0.14761 0.74999 -0.11653 0.04231 0.01764 0.02956
v 0.14761 0.74999 -0.11653 0.04231 0.01764 0.02956
v 0.14595 0.75496 -0.12326 0.04231 0.01764 0.02956
v 0.13590 0.74866 -0.11741 0.04231 0.01764 0.02956
v 0.14595 0.75496 -0.12326 0.04231 0.01764 0.02956
v 0.13590 0.75414 -0.12409 0.04231 0.01764 0.02956
v 0.13590 0.74866 -0.11741 0.04231 0.01764 0.02956
v 0.13590 0.74866 -0.11741 0.04231 0.01764 0.02956
v 0.13590 0.75414 -0.12409 0.04231 0.01764 0.02956
v -0.13590 0.74866 -0.11741 0.04231 0.01764 0.02956
v 0.13590 0.75414 -0.12409 0.04231 0.01764 0.02956
v -0.13590 0.75414 -0.12409 0.04231 0.01764 0.02956
v -0.13590 0.74866 -0.11741 0.04231 0.01764 0.02956
v -0.13590 0.74866 -0.11741 0.04231 0.01764 0.02956
v -0.13590 0.75414 -0.12409 0.04231 0.01764 0.02956
v -0.14761 0.74999 -0.11653 0.04231 0.01764 0.02956
v -0.13590 0.75414 -0.12409 0.04231 0.01764 0.02956
v -0.14595 0.75496 -0.12326 0.04231 0.01764 0.02956
v -0.14761 0.74999 -0.11653 0.04231 0.01764 0.02956
v -0.14761 0.74999 -0.11653 0.04231 0.01764 0.02956
v -0.14595 0.75496 -0.12326 0.04231 0.01764 0.02956
v -0.15715 0.75324 -0.11436 0.04231 0.01764 0.02956
v -0.14595 0.75496 -0.12326 0.04231 0.01764 0.02956
v -0.15458 0.75710 -0.12113 0.04231 0.01764 0.02956
v -0.15715 0.75324 -0.11436 0.04231 0.01764 0.02956
v -0.15715 0.75324 -0.11436 0.04231 0.01764 0.02956
v -0.15458 0.75710 -0.12113 0.04231 0.01764 0.02956
v -0.16392 0.75710 -0.11179 0.04231 0.01764 0.02956
v -0.15458 0.75710 -0.12113 0.04231 0.01764 0.02956
v -0.16119 0.75982 -0.11840 0.04231 0.01764 0.02956
v -0.16392 0.75710 -0.11179 0.04231 0.01764 0.02956
v 0.16119 1.19346 0.11840 0.04231 0.01764 0.02956
v 0.16392 1.18684 0.12113 0.04231 0.01764 0.02956
v 0.15458 1.19618 0.12113 0.04231 0.01764 0.02956
v 0.16392 1.18684 0.12113 0.04231 0.01764 0.02956
v 0.15715 1.18941 0.12499 0.04231 0.01764 0.02956
v 0.15458 1.19618 0.12113 0.04231 0.01764 0.02956
v 0.15458 1.19618 0.12113 0.04231 0.01764 0.02956
v 0.15715 1.18941 0.12499 0.04231 0.01764 0.02956
v 0.14595 1.19831 0.12326 0.04231 0.01764 0.02956
v 0.15715 1.18941 0.12499 0.04231 0.01764 0.02956
v 0.14761 1.19158 0.12824 0.04231 0.01764 0.02956
v 0.14595 1.19831 0.12326 0.04231 0.01764 0.02956
v 0.14595 1.19831 0.12326 0.04231 0.01764 0.02956
v 0.14761 1.19158 0.12824 0.04231 0.01764 0.02956
v 0.13590 1.19914 0.12409 0.04231 0.01764 0.02956
v 0.14761 1.19158 0.12824 0.04231 0.01764 0.02956
v 0.13590 1.19246 0.12956 0.04231 0.01764 0.02956
v 0.13590 1.19914 0.12409 0.04231 0.01764 0.02956
v 0.13590 1.19914 0.12409 0.04231 0.01764 0.02956
v 0.13590 1.19246 0.12956 0.04231 0.01764 0.02956
v -0.13590 1.19914 0.12409 0.04231 0.01764 0.02956
v 0.13590 1.19246 0.12956 0.04231 0.01764 0.02956
v -0.13590 1.19246 0.12956 0.04231 0.01764 0.02956
v -0.13590 1.19914 0.12409 0.04231 0.01764 0.02956
v -0.13590 1.19914 0.12409 0.04231 0.01764 0.02956
v -0.13590 1.19246 0.12956 0.04231 0.01764 0.02956
v -0.14595 1.19831 0.12326 0.04231 0.01764 0.02956
v -0.13590 1.19246 0.12956 0.04231 0.01764 0.02956
v -0.14761 1.19158 0.12824 0.04231 0.01764 0.02956
v -0.14595 1.19831 0.12326 0.04231 0.01764 0.02956
v -0.14595 1.19831 0.12326 0.04231 0.01764 0.02956
v -0.14761 1.19158 0.12824 0.04231 0.01764 0.02956
v -0.15458 1.19618 0.12113 0.04231 0.01764 0.02956
v -0.14761 1.19158 0.12824 0.04231 0.01764 0.02956
v -0.15715 1.18941 0.12499 0.04231 0.01764 0.02956
v -0.15458 1.19618 0.12113 0.04231 0.01764 0.02956
v -0.15458 1.19618 0.12113 0.04231 0.01764 0.02956
v -0.15715 1.18941 0.12499 0.04231 0.01764 0.02956
v -0.16119 1.19346 0.11840 0.04231 0.01764 0.02956
v -0.15715 1.18941 0.12499 0.04231 0.01764 0.02956
v -0.16392 1.18684 0.12113 0.04231 0.01764 0.02956
v -0.16119 1.19346 0.11840 0.04231 0.01764 0.02956
v 0.16392 1.18684 0.12113 0.04231 0.01764 0.02956
v 0.16605 1.17821 0.12326 0.04231 0.01764 0.02956
v 0.15715 1.18941 0.12499 0.04231 0.01764 0.02956
v 0.16605 1.17821 0.12326 0.04231 0.01764 0.02956
v 0.15932 1.17987 0.12824 0.04231 0.01764 0.02956
v 0.15715 1.18941 0.12499 0.04231 0.01764 0.02956
v 0.15715 1.18941 0.12499 0.04231 0.01764 0.02956
v 0.15932 1.17987 0.12824 0.04231 0.01764 0.02956
v 0.14761 1.19158 0.12824 0.04231 0.01764 0.02956
v 0.15932 1.17987 0.12824 0.04231 0.01764 0.02956
v 0.14911 1.18137 0.13274 0.04231 0.01764 0.02956
v 0.14761 1.19158 0.12824 0.04231 0.01764 0.02956
v 0.14761 1.19158 0.12824 0.04231 0.01764 0.02956
v 0.14911 1.18137 0.13274 0.04231 0.01764 0.02956
v 0.13590 1.19246 0.12956 0.04231 0.01764 0.02956
v 0.14911 1.18137 0.13274 0.04231 0.01764 0.02956
v 0.13590 1.18201 0.13467 0.04231 0.01764 0.02956
v 0.13590 1.19246 0.12956 0.04231 0.01764 0.02956
v 0.13590 1.19246 0.12956 0.04231 0.01764 0.02956
v 0.13590 1.18201 0.13467 0.04231 0.01764 0.02956
v -0.13590 1.19246 0.12956 0.04231 0.01764 0.02956
v 0.13590 1.18201 0.13467 0.04231 0.01764 0.02956
v -0.13590 1.18201 0.13467 0.04231 0.01764 0.02956
v -0.13590 1.19246 0.12956 0.04231 0.01764 0.02956
v -0.13590 1.19246 0.12956 0.04231 0.01764 0.02956
v -0.13590 1.18201 0.13467 0.04231 0.01764 0.02956
v -0.14761 1.19158 0.12824 0.04231 0.01764 0.02956
v -0.13590 1.18201 0.13467 0.04231 0.01764 0.02956
v -0.14911 1.18137 0.13274 0.04231 0.01764 0.02956
v -0.14761 1.19158 0.12824 0.04231 0.01764 0.02956
v -0.14761 1.19158 0.12824 0.04231 0.01764 0.02956
v -0.14911 1.18137 0.13274 0.04231 0.01764 0.02956
v -0.15715 1.18941 0.12499 0.04231 0.01764 0.02956
v -0.14911 1.18137 0.13274 0.04231 0.01764 0.02956
v -0.15932 1.17987 0.12824 0.04231 0.01764 0.02956
v -0.15715 1.18941 0.12499 0.04231 0.01764 0.02956
v -0.15715 1.18941 0.12499 0.04231 0.01764 0.02956
v -0.15932 1.17987 0.12824 0.04231 0.01764 0.02956
v -0.16392 1.18684 0.12113 0.04231 0.01764 0.02956
v -0.15932 1.17987 0.12824 0.04231 0.01764 0.02956
v -0.16605 1.17821 0.12326 0.04231 0.01764 0.02956
v -0.16392 1.18684 0.12113 0.04231 0.01764 0.02956
v 0.16605 1.17821 0.12326 0.04231 0.01764 0.02956
v 0.16688 1.16816 0.12409 0.04231 0.01764 0.02956
v 0.15932 1.17987 0.12824 0.04231 0.01764 0.02956
v 0.16688 1.16816 0.12409 0.04231 0.01764 0.02956
v 0.16020 1.16816 0.12956 0.04231 0.01764 0.02956
v 0.15932 1.17987 0.12824 0.04231 0.01764 0.02956
v 0.15932 1.17987 0.12824 0.04231 0.01764 0.02956
v 0.16020 1.16816 0.12956 0.04231 0.01764 0.02956
v 0.14911 1.18137 0.13274 0.04231 0.01764 0.02956
v 0.16020 1.16816 0.12956 0.04231 0.01764 0.02956
v 0.14975 1.16816 0.13467 0.04231 0.01764 0.02956
v 0.14911 1.18137 0.13274 0.04231 0.01764 0.02956
v 0.14911 1.18137 0.13274 0.04231 0.01764 0.02956
v 0.14975 1.16816 0.13467 0.04231 0.01764 0.02956
v 0.13590 1.18201 0.13467 0.04231 0.01764 0.02956
v 0.14975 1.16816 0.13467 0.04231 0.01764 0.02956
v 0.13590 1.16816 0.13692 0.04231 0.01764 0.02956
v 0.13590 1.18201 0.13467 0.04231 0.01764 0.02956
v 0.13590 1.18201 0.13467 0.04231 0.01764 0.02956
v 0.13590 1.16816 0.13692 0.04231 0.01764 0.02956
v -0.13590 1.18201 0.13467 0.04231 0.01764 0.02956
v 0.13590 1.16816 0.13692 0.04231 0.01764 0.02956
v -0.13590 1.16816 0.13692 0.04231 0.01764 0.02956
v -0.13590 1.18201 0.13467 0.04231 0.01764 0.02956
v -0.13590 1.18201 0.13467 0.04231 0.01764 0.02956
v -0.13590 1.16816 0.13692 0.04231 0.01764 0.02956
v -0.14911 1.18137 0.13274 0.04231 0.01764 0.02956
v -0.13590 1.16816 0.13692 0.04231 0.01764 0.02956
v -0.14975 1.16816 0.13467 0.04231 0.01764 0.02956
v -0.14911 1.18137 0.13274 0.04231 0.01764 0.02956
v -0.14911 1.18137 0.13274 0.04231 0.01764 0.02956
v -0.14975 1.16816 0.13467 0.04231 0.01764 0.02956
v -0.15932 1.17987 0.12824 0.04231 0.01764 0.02956
v -0.14975 1.16816 0.13467 0.04231 0.01764 0.02956
v -0.16020 1.16816 0.12956 0.04231 0.01764 0.02956
v -0.15932 1.17987 0.12824 0.04231 0.01764 0.02956
v -0.15932 1.17987 0.12824 0.04231 0.01764 0.02956
v -0.16020 1.16816 0.12956 0.04231 0.01764 0.02956
v -0.16605 1.17821 0.12326 0.04231 0.01764 0.02956
v -0.16020 1.16816 0.12956 0.04231 0.01764 0.02956
v -0.16688 1.16816 0.12409 0.04231 0.01764 0.02956
v -0.16605 1.17821 0.12326 0.04231 0.01764 0.02956
v 0.16688 1.16816 0.12409 0.04231 0.01764 0.02956
v 0.16688 0.78512 0.12409 0.04231 0.01764 0.02956
v 0.16020 1.16816 0.12956 0.04231 0.01764 0.02956
v 0.16688 0.78512 0.12409 0.04231 0.01764 0.02956
v 0.16020 0.78512 0.12956 0.04231 0.01764 0.02956
v 0.16020 1.16816 0.12956 0.04231 0.01764 0.02956
v 0.16020 1.16816 0.12956 0.04231 0.01764 0.02956
v 0.16020 0.78512 0.12956 0.04231 0.01764 0.02956
v 0.14975 1.16816 0.13467 0.04231 0.01764 0.02956
v 0.16020 0.78512 0.12956 0.04231 0.01764 0.02956
v 0.14975 0.78512 0.13467 0.04231 0.01764 0.02956
v 0.14975 1.16816 0.13467 0.04231 0.01764 0.02956
v 0.14975 1.16816 0.13467 0.04231 0.01764 0.02956
v 0.14975 0.78512 0.13467 0.04231 0.01764 0.02956
v 0.13590 1.16816 0.13692 0.04231 0.01764 0.02956
v 0.14975 0.78512 0.13467 0.04231 0.01764 0.02956
v 0.13590 0.78512 0.13692 0.04231 0.01764 0.02956
v 0.13590 1.16816 0.13692 0.04231 0.01764 0.02956
v 0.13590 1.16816 0.13692 0.04231 0.01764 0.02956
v 0.13590 0.78512 0.13692 0.04231 0.01764 0.02956
v -0.13590 1.16816 0.13692 0.04231 0.01764 0.02956
v 0.13590 0.78512 0.13692 0.04231 0.01764 0.02956
v -0.13590 0.78512 0.13692 0.04231 0.01764 0.02956
v -0.13590 1.16816 0.13692 0.04231 0.01764 0.02956
v -0.13590 1.16816 0.13692 0.04231 0.01764 0.02956
v -0.13590 0.78512 0.13692 0.04231 0.01764 0.02956
v -0.14975 1.16816 0.13467 0.04231 0.01764 0.02956
v -0.13590 0.78512 0.13692 0.04231 0.01764 0.02956
v -0.14975 0.78512 0.13467 0.04231 0.01764 0.02956
v -0.14975 1.16816 0.13467 0.04231 0.01764 0.02956
v -0.14975 1.16816 0.13467 0.04231 0.01764 0.02956
v -0.14975 0.78512 0.13467 0.04231 0.01764 0.02956
v -0.16020 1.16816 0.12956 0.04231 0.01764 0.02956
v -0.14975 0.78512 0.13467 0.04231 0.01764 0.02956
v -0.16020 0.78512 0.12956 0.04231 0.01764 0.02956
v -0.16020 1.16816 0.12956 0.04231 0.01764 0.02956
v -0.16020 1.16816 0.12956 0.04231 0.01764 0.02956
v -0.16020 0.78512 0.12956 0.04231 0.01764 0.02956
v -0.16688 1.16816 0.12409 0.04231 0.01764 0.02956
v -0.16020 0.78512 0.12956 0.04231 0.01764 0.02956
v -0.16688 0.78512 0.12409 0.04231 0.01764 0.02956
v -0.16688 1.16816 0.12409 0.04231 0.01764 0.02956
v 0.16688 0.78512 0.12409 0.04231 0.01764 0.02956
v 0.16605 0.77507 0.12326 0.04231 0.01764 0.02956
v 0.16020 0.78512 0.12956 0.04231 0.01764 0.02956
v 0.16605 0.77507 0.12326 0.04231 0.01764 0.02956
v 0.15932 0.77341 0.12824 0.04231 0.01764 0.02956
v 0.16020 0.78512 0.12956 0.04231 0.01764 0.02956
v 0.16020 0.78512 0.12956 0.04231 0.01764 0.02956
v 0.15932 0.77341 0.12824 0.04231 0.01764 0.02956
v 0.14975 0.78512 0.13467 0.04231 0.01764 0.02956
v 0.15932 0.77341 0.12824 0.04231 0.01764 0.02956
v 0.14911 0.77191 0.13274 0.04231 0.01764 0.02956
v 0.14975 0.78512 0.13467 0.04231 0.01764 0.02956
v 0.14975 0.78512 0.13467 0.04231 0.01764 0.02956
v 0.14911 0.77191 0.13274 0.04231 0.01764 0.02956
v 0.13590 0.78512 0.13692 0.04231 0.01764 0.02956
v 0.14911 0.77191 0.13274 0.04231 0.01764 0.02956
v 0.13590 0.77126 0.13467 0.04231 0.01764 0.02956
v 0.13590 0.78512 0.13692 0.04231 0.01764 0.02956
v 0.13590 0.78512 0.13692 0.04231 0.01764 0.02956
v 0.13590 0.77126 0.13467 0.04231 0.01764 0.02956
v -0.13590 0.78512 0.13692 0.04231 0.01764 0.02956
v 0.13590 0.77126 0.13467 0.04231 0.01764 0.02956
v -0.13590 0.77126 0.13467 0.04231 0.01764 0.02956
v -0.13590 0.78512 0.13692 0.04231 0.01764 0.02956
v -0.13590 0.78512 0.13692 0.04231 0.01764 0.02956
v -0.13590 0.77126 0.13467 0.04231 0.01764 0.02956
v -0.14975 0.78512 0.13467 0.04231 0.01764 0.02956
v -0.13590 0.77126 0.13467 0.04231 0.01764 0.02956
v -0.14911 0.77191 0.13274 0.04231 0.01764 0.02956
v -0.14975 0.78512 0.13467 0.04231 0.01764 0.02956
v -0.14975 0.78512 0.13467 0.04231 0.01764 0.02956
v -0.14911 0.77191 0.13274 0.04231 0.01764 0.02956
v -0.16020 0.78512 0.12956 0.04231 0.01764 0.02956
v -0.14911 0.77191 0.13274 0.04231 0.01764 0.02956
v -0.15932 0.77341 0.12824 0.04231 0.01764 0.02956
v -0.16020 0.78512 0.12956 0.04231 0.01764 0.02956
v -0.16020 0.78512 0.12956 0.04231 0.01764 0.02956
v -0.15932 0.77341 0.12824 0.04231 0.01764 0.02956
v -0.16688 0.78512 0.12409 0.04231 0.01764 0.02956
v -0.15932 0.77341 0.12824 0.04231 0.01764 0.02956
v -0.16605 0.77507 0.12326 0.04231 0.01764 0.02956
v -0.16688 0.78512 0.12409 0.04231 0.01764 0.02956
v 0.16605 0.77507 0.12326 0.04231 0.01764 0.02956
v 0.16392 0.76644 0.12113 0.04231 0.01764 0.02956
v 0.15932 0.77341 0.12824 0.04231 0.01764 0.02956
v 0.16392 0.76644 0.12113 0.04231 0.01764 0.02956
v 0.15715 0.76387 0.12499 0.04231 0.01764 0.02956
v 0.15932 0.77341 0.12824 0.04231 0.01764 0.02956
v 0.15932 0.77341 0.12824 0.04231 0.01764 0.02956
v 0.15715 0.76387 0.12499 0.04231 0.01764 0.02956
v 0.14911 0.77191 0.13274 0.04231 0.01764 0.02956
v 0.15715 0.76387 0.12499 0.04231 0.01764 0.02956
v 0.14761 0.76170 0.12824 0.04231 0.01764 0.02956
v 0.14911 0.77191 0.13274 0.04231 0.01764 0.02956
v 0.14911 0.77191 0.13274 0.04231 0.01764 0.02956
v 0.14761 0.76170 0.12824 0.04231 0.01764 0.02956
v 0.13590 0.77126 0.13467 0.04231 0.01764 0.02956
v 0.14761 0.76170 0.12824 0.04231 0.01764 0.02956
v 0.13590 0.76082 0.12956 0.04231 0.01764 0.02956
v 0.13590 0.77126 0.13467 0.04231 0.01764 0.02956
v 0.13590 0.77126 0.13467 0.04231 0.01764 0.02956
v 0.13590 0.76082 0.12956 0.04231 0.01764 0.02956
v -0.13590 0.77126 0.13467 0.04231 0.01764 0.02956
v 0.13590 0.76082 0.12956 0.04231 0.01764 0.02956
v -0.13590 0.76082 0.12956 0.04231 0.01764 0.02956
v -0.13590 0.77126 0.13467 0.04231 0.01764 0.02956
v -0.13590 0.77126 0.13467 0.04231 0.01764 0.02956
v -0.13590 0.76082 0.12956 0.04231 0.01764 0.02956
v -0.14911 0.77191 0.13274 0.04231 0.01764 0.02956
v -0.13590 0.76082 0.12956 0.04231 0.01764 0.02956
v -0.14761 0.76170 0.12824 0.04231 0.01764 0.02956
v -0.14911 0.77191 0.13274 0.04231 0.01764 0.02956
v -0.14911 0.77191 0.13274 0.04231 0.01764 0.02956
v -0.14761 0.76170 0.12824 0.04231 0.01764 0.02956
v -0.15932 0.77341 0.12824 0.04231 0.01764 0.02956
v -0.14761 0.76170 0.12824 0.04231 0.01764 0.02956
v -0.15715 0.76387 0.12499 0.04231 0.01764 0.02956
v -0.15932 0.77341 0.12824 0.04231 0.01764 0.02956
v -0.15932 0.77341 0.12824 0.04231 0.01764 0.02956
v -0.15715 0.76387 0.12499 0.04231 0.01764 0.02956
v -0.16605 0.77507 0.12326 0.04231 0.01764 0.02956
v -0.15715 0.76387 0.12499 0.04231 0.01764 0.02956
v -0.16392 0.76644 0.12113 0.04231 0.01764 0.02956
v -0.16605 0.77507 0.12326 0.04231 0.01764 0.02956
v 0.16392 0.76644 0.12113 0.04231 0.01764 0.02956
v 0.16119 0.75982 0.11840 0.04231 0.01764 0.02956
v 0.15715 0.76387 0.12499 0.04231 0.01764 0.02956
v 0.16119 0.75982 0.11840 0.04231 0.01764 0.02956
v 0.15458 0.75710 0.12113 0.04231 0.01764 0.02956
v 0.15715 0.76387 0.12499 0.04231 0.01764 0.02956
v 0.15715 0.76387 0.12499 0.04231 0.01764 0.02956
v 0.15458 0.75710 0.12113 0.04231 0.01764 0.02956
v 0.14761 0.76170 0.12824 0.04231 0.01764 0.02956
v 0.15458 0.75710 0.12113 0.04231 0.01764 0.02956
v 0.14595 0.75496 0.12326 0.04231 0.01764 0.02956
v 0.14761 0.76170 0.12824 0.04231 0.01764 0.02956
v 0.14761 0.76170 0.12824 0.04231 0.01764 0.02956
v 0.14595 0.75496 0.12326 0.04231 0.01764 0.02956
v 0.13590 0.76082 0.12956 0.04231 0.01764 0.02956
v 0.14595 0.75496 0.12326 0.04231 0.01764 0.02956
v 0.13590 0.75414 0.12409 0.04231 0.01764 0.02956
v 0.13590 0.76082 0.12956 0.04231 0.01764 0.02956
v 0.13590 0.76082 0.12956 0.04231 0.01764 0.02956
v 0.13590 0.75414 0.12409 0.04231 0.01764 0.02956
v -0.13590 0.76082 0.12956 0.04231 0.01764 0.02956
v 0.13590 0.75414 0.12409 0.04231 0.01764 0.02956
v -0.13590 0.75414 0.12409 0.04231 0.01764 0.02956
v -0.13590 0.76082 0.12956 0.04231 0.01764 0.02956
v -0.13590 0.76082 0.12956 0.04231 0.01764 0.02956
v -0.13590 0.75414 0.12409 0.04231 0.01764 0.02956
v -0.14761 0.76170 0.12824 0.04231 0.01764 0.02956
v -0.13590 0.75414 0.12409 0.04231 0.01764 0.02956
v -0.14595 0.75496 0.12326 0.04231 0.01764 0.02956
v -0.14761 0.76170 0.12824 0.04231 0.01764 0.02956
v -0.14761 0.76170 0.12824 0.04231 0.01764 0.02956
v -0.14595 0.75496 0.12326 0.04231 0.01764 0.02956
v -0.15715 0.76387 0.12499 0.04231 0.01764 0.02956
v -0.14595 0.75496 0.12326 0.04231 0.01764 0.02956
v -0.15458 0.75710 0.12113 0.04231 0.01764 0.02956
v -0.15715 0.76387 0.12499 0.04231 0.01764 0.02956
v -0.15715 0.76387 0.12499 0.04231 0.01764 0.02956
v -0.15458 0.75710 0.12113 0.04231 0.01764 0.02956
v -0.16392 0.76644 0.12113 0.04231 0.01764 0.02956
v -0.15458 0.75710 0.12113 0.04231 0.01764 0.02956
v -0.16119 0.75982 0.11840 0.04231 0.01764 0.02956
v -0.16392 0.76644 0.12113 0.04231 0.01764 0.02956
v -0.16119 1.19346 -0.11840 0.04231 0.01764 0.02956
v -0.16392 1.18684 -0.12113 0.04231 0.01764 0.02956
v -0.15458 1.19618 -0.12113 0.04231 0.01764 0.02956
v -0.16392 1.18684 -0.12113 0.04231 0.01764 0.02956
v -0.15715 1.18941 -0.12499 0.04231 0.01764 0.02956
v -0.15458 1.19618 -0.12113 0.04231 0.01764 0.02956
v -0.15458 1.19618 -0.12113 0.04231 0.01764 0.02956
v -0.15715 1.18941 -0.12499 0.04231 0.01764 0.02956
v -0.14595 1.19831 -0.12326 0.04231 0.01764 0.02956
v -0.15715 1.18941 -0.12499 0.04231 0.01764 0.02956
v -0.14761 1.19158 -0.12824 0.04231 0.01764 0.02956
v -0.14595 1.19831 -0.12326 0.04231 0.01764 0.02956
v -0.14595 1.19831 -0.12326 0.04231 0.01764 0.02956
v -0.14761 1.19158 -0.12824 0.04231 0.01764 0.02956
v -0.13590 1.19914 -0.12409 0.04231 0.01764 0.02956
v -0.14761 1.19158 -0.12824 0.04231 0.01764 0.02956
v -0.13590 1.19246 -0.12956 0.04231 0.01764 0.02956
v -0.13590 1.19914 -0.12409 0.04231 0.01764 0.02956
v -0.13590 1.19914 -0.12409 0.04231 0.01764 0.02956
v -0.13590 1.19246 -0.12956 0.04231 0.01764 0.02956
v 0.13590 1.19914 -0.12409 0.04231 0.01764 0.02956
v -0.13590 1.19246 -0.12956 0.04231 0.01764 0.02956
v 0.13590 1.19246 -0.12956 0.04231 0.01764 0.02956
v 0.13590 1.19914 -0.12409 0.04231 0.01764 0.02956
v 0.13590 1.19914 -0.12409 0.04231 0.01764 0.02956
v 0.13590 1.19246 -0.12956 0.04231 0.01764 0.02956
v 0.14595 1.19831 -0.12326 0.04231 0.01764 0.02956
v 0.13590 1.19246 -0.12956 0.04231 0.01764 0.02956
v 0.14761 1.19158 -0.12824 0.04231 0.01764 0.02956
v 0.14595 1.19831 -0.12326 0.04231 0.01764 0.02956
v 0.14595 1.19831 -0.12326 0.04231 0.01764 0.02956
v 0.14761 1.19158 -0.12824 0.04231 0.01764 0.02956
v 0.15458 1.19618 -0.12113 0.04231 0.01764 0.02956
v 0.14761 1.19158 -0.12824 0.04231 0.01764 0.02956
v 0.15715 1.18941 -0.12499 0.04231 0.01764 0.02956
v 0.15458 1.19618 -0.12113 0.04231 0.01764 0.02956
v 0.15458 1.19618 -0.12113 0.04231 0.01764 0.02956
v 0.15715 1.18941 -0.12499 0.04231 0.01764 0.02956
v 0.16119 1.19346 -0.11840 0.04231 0.01764 0.02956
v 0.15715 1.18941 -0.12499 0.04231 0.01764 0.02956
v 0.16392 1.18684 -0.12113 0.04231 0.01764 0.02956
v 0.16119 1.19346 -0.11840 0.04231 0.01764 0.02956
v -0.16392 1.18684 -0.12113 0.04231 0.01764 0.02956
v -0.16605 1.17821 -0.12326 0.04231 0.01764 0.02956
v -0.15715 1.18941 -0.12499 0.04231 0.01764 0.02956
v -0.16605 1.17821 -0.12326 0.04231 0.01764 0.02956
v -0.15932 1.17987 -0.12824 0.04231 0.01764 0.02956
v -0.15715 1.18941 -0.12499 0.04231 0.01764 0.02956
v -0.15715 1.18941 -0.12499 0.04231 0.01764 0.02956
v -0.15932 1.17987 -0.12824 0.04231 0.01764 0.02956
v -0.14761 1.19158 -0.12824 0.04231 0.01764 0.02956
v -0.15932 1.17987 -0.12824 0.04231 0.01764 0.02956
v -0.14911 1.18137 -0.13274 0.04231 0.01764 0.02956
v -0.14761 1.19158 -0.12824 0.04231 0.01764 0.02956
v -0.14761 1.19158 -0.12824 0.04231 0.01764 0.02956
v -0.14911 1.18137 -0.13274 0.04231 0.01764 0.02956
v -0.13590 1.19246 -0.12956 0.04231 0.01764 0.02956
v -0.14911 1.18137 -0.13274 0.04231 0.01764 0.02956
v -0.13590 1.18201 -0.13467 0.04231 0.01764 0.02956
v -0.13590 1.19246 -0.12956 0.04231 0.01764 0.02956
v -0.13590 1.19246 -0.12956 0.04231 0.01764 0.02956
v -0.13590 1.18201 -0.13467 0.04231 0.01764 0.02956
v 0.13590 1.19246 -0.12956 0.04231 0.01764 0.02956
v -0.13590 1.18201 -0.13467 0.04231 0.01764 0.02956
v 0.13590 1.18201 -0.13467 0.04231 0.01764 0.02956
v 0.13590 1.19246 -0.12956 0.04231 0.01764 0.02956
v 0.13590 1.19246 -0.12956 0.04231 0.01764 0.02956
v 0.13590 1.18201 -0.13467 0.04231 0.01764 0.02956
v 0.14761 1.19158 -0.12824 0.04231 0.01764 0.02956
v 0.13590 1.18201 -0.13467 0.04231 0.01764 0.02956
v 0.14911 1.18137 -0.13274 0.04231 0.01764 0.02956
v 0.14761 1.19158 -0.12824 0.04231 0.01764 0.02956
v 0.14761 1.19158 -0.12824 0.04231 0.01764 0.02956
v 0.14911 1.18137 -0.13274 0.04231 0.01764 0.02956
v 0.15715 1.18941 -0.12499 0.04231 0.01764 0.02956
v 0.14911 1.18137 -0.13274 0.04231 0.01764 0.02956
v 0.15932 1.17987 -0.12824 0.04231 0.01764 0.02956
v 0.15715 1.18941 -0.12499 0.04231 0.01764 0.02956
v 0.15715 1.18941 -0.12499 0.04231 0.01764 0.02956
v 0.15932 1.17987 -0.12824 0.04231 0.01764 0.02956
v 0.16392 1.18684 -0.12113 0.04231 0.01764 0.02956
v 0.15932 1.17987 -0.12824 0.04231 0.01764 0.02956
v 0.16605 1.17821 -0.12326 0.04231 0.01764 0.02956
v 0.16392 1.18684 -0.12113 0.04231 0.01764 0.02956
v -0.16605 1.17821 -0.12326 0.04231 0.01764 0.02956
v -0.16688 1.16816 -0.12409 0.04231 0.01764 0.02956
v -0.15932 1.17987 -0.12824 0.04231 0.01764 0.02956
v -0.16688 1.16816 -0.12409 0.04231 0.01764 0.02956
v -0.16020 1.16816 -0.12956 0.04231 0.01764 0.02956
v -0.15932 1.17987 -0.12824 0.04231 0.01764 0.02956
v -0.15932 1.17987 -0.12824 0.04231 0.01764 0.02956
v -0.16020 1.16816 -0.12956 0.04231 0.01764 0.02956
v -0.14911 1.18137 -0.13274 0.04231 0.01764 0.02956
v -0.16020 1.16816 -0.12956 0.04231 0.01764 0.02956
v -0.14975 1.16816 -0.13467 0.04231 0.01764 0.02956
v -0.14911 1.18137 -0.13274 0.04231 0.01764 0.02956
v -0.14911 1.18137 -0.13274 0.04231 0.01764 0.02956
v -0.14975 1.16816 -0.13467 0.04231 0.01764 0.02956
v -0.13590 1.18201 -0.13467 0.04231 0.01764 0.02956
v -0.14975 1.16816 -0.13467 0.04231 0.01764 0.02956
v -0.13590 1.16816 -0.13692 0.04231 0.01764 0.02956
v -0.13590 1.18201 -0.13467 0.04231 0.01764 0.02956
v -0.13590 1.18201 -0.13467 0.04231 0.01764 0.02956
v -0.13590 1.16816 -0.13692 0.04231 0.01764 0.02956
v 0.13590 1.18201 -0.13467 0.04231 0.01764 0.02956
v -0.13590 1.16816 -0.13692 0.04231 0.01764 0.02956
v 0.13590 1.16816 -0.13692 0.04231 0.01764 0.02956
v 0.13590 1.18201 -0.13467 0.04231 0.01764 0.02956
v 0.13590 1.18201 -0.13467 0.04231 0.01764 0.02956
v 0.13590 1.16816 -0.13692 0.04231 0.01764 0.02956
v 0.14911 1.18137 -0.13274 0.04231 0.01764 0.02956
v 0.13590 1.16816 -0.13692 0.04231 0.01764 0.02956
v 0.14975 1.16816 -0.13467 0.04231 0.01764 0.02956
v 0.14911 1.18137 -0.13274 0.04231 0.01764 0.02956
v 0.14911 1.18137 -0.13274 0.04231 0.01764 0.02956
v 0.14975 1.16816 -0.13467 0.04231 0.01764 0.02956
v 0.15932 1.17987 -0.12824 0.04231 0.01764 0.02956
v 0.14975 1.16816 -0.13467 0.04231 0.01764 0.02956
v 0.16020 1.16816 -0.12956 0.04231 0.01764 0.02956
v 0.15932 1.17987 -0.12824 0.04231 0.01764 0.02956
v 0.15932 1.17987 -0.12824 0.04231 0.01764 0.02956
v 0.16020 1.16816 -0.12956 0.04231 0.01764 0.02956
v 0.16605 1.17821 -0.12326 0.04231 0.01764 0.02956
v 0.16020 1.16816 -0.12956 0.04231 0.01764 0.02956
v 0.16688 1.16816 -0.12409 0.04231 0.01764 0.02956
v 0.16605 1.17821 -0.12326 0.04231 0.01764 0.02956
v -0.16688 1.16816 -0.12409 0.04231 0.01764 0.02956
v -0.16688 0.78512 -0.12409 0.04231 0.01764 0.02956
v -0.16020 1.16816 -0.12956 0.04231 0.01764 0.02956
v -0.16688 0.78512 -0.12409 0.04231 0.01764 0.02956
v -0.16020 0.78512 -0.12956 0.04231 0.01764 0.02956
v -0.16020 1.16816 -0.12956 0.04231 0.01764 0.02956
v -0.16020 1.16816 -0.12956 0.04231 0.01764 0.02956
v -0.16020 0.78512 -0.12956 0.04231 0.01764 0.02956
v -0.14975 1.16816 -0.13467 0.04231 0.01764 0.02956
v -0.16020 0.78512 -0.12956 0.04231 0.01764 0.02956
v -0.14975 0.78512 -0.13467 0.04231 0.01764 0.02956
v -0.14975 1.16816 -0.13467 0.04231 0.01764 0.02956
v -0.14975 1.16816 -0.13467 0.04231 0.01764 0.02956
v -0.14975 0.78512 -0.13467 0.04231 0.01764 0.02956
v -0.13590 1.16816 -0.13692 0.04231 0.01764 0.02956
v -0.14975 0.78512 -0.13467 0.04231 0.01764 0.02956
v -0.13590 0.78512 -0.13692 0.04231 0.01764 0.02956
v -0.13590 1.16816 -0.13692 0.04231 0.01764 0.02956
v -0.13590 1.16816 -0.13692 0.04231 0.01764 0.02956
v -0.13590 0.78512 -0.13692 0.04231 0.01764 0.02956
v 0.13590 1.16816 -0.13692 0.04231 0.01764 0.02956
v -0.13590 0.78512 -0.13692 0.04231 0.01764 0.02956
v 0.13590 0.78512 -0.13692 0.04231 0.01764 0.02956
v 0.13590 1.16816 -0.13692 0.04231 0.01764 0.02956
v 0.13590 1.16816 -0.13692 0.04231 0.01764 0.02956
v 0.13590 0.78512 -0.13692 0.04231 0.01764 0.02956
v 0.14975 1.16816 -0.13467 0.04231 0.01764 0.02956
v 0.13590 0.78512 -0.13692 0.04231 0.01764 0.02956
v 0.14975 0.78512 -0.13467 0.04231 0.01764 0.02956
v 0.14975 1.16816 -0.13467 0.04231 0.01764 0.02956
v 0.14975 1.16816 -0.13467 0.04231 0.01764 0.02956
v 0.14975 0.78512 -0.13467 0.04231 0.01764 0.02956
v 0.16020 1.16816 -0.12956 0.04231 0.01764 0.02956
v 0.14975 0.78512 -0.13467 0.04231 0.01764 0.02956
v 0.16020 0.78512 -0.12956 0.04231 0.01764 0.02956
v 0.16020 1.16816 -0.12956 0.04231 0.01764 0.02956
v 0.16020 1.16816 -0.12956 0.04231 0.01764 0.02956
v 0.16020 0.78512 -0.12956 0.04231 0.01764 0.02956
v 0.16688 1.16816 -0.12409 0.04231 0.01764 0.02956
v 0.16020 0.78512 -0.12956 0.04231 0.01764 0.02956
v 0.16688 0.78512 -0.12409 0.04231 0.01764 0.02956
v 0.16688 1.16816 -0.12409 0.04231 0.01764 0.02956
v -0.16688 0.78512 -0.12409 0.04231 0.01764 0.02956
v -0.16605 0.77507 -0.12326 0.04231 0.01764 0.02956
v -0.16020 0.78512 -0.12956 0.04231 0.01764 0.02956
v -0.16605 0.77507 -0.12326 0.04231 0.01764 0.02956
v -0.15932 0.77341 -0.12824 0.04231 0.01764 0.02956
v -0.16020 0.78512 -0.12956 0.04231 0.01764 0.02956
v -0.16020 0.78512 -0.12956 0.04231 0.01764 0.02956
v -0.15932 0.77341 -0.12824 0.04231 0.01764 0.02956
v -0.14975 0.78512 -0.13467 0.04231 0.01764 0.02956
v -0.15932 0.77341 -0.12824 0.04231 0.01764 0.02956
v -0.14911 0.77191 -0.13274 0.04231 0.01764 0.02956
v -0.14975 0.78512 -0.13467 0.04231 0.01764 0.02956
v -0.14975 0.78512 -0.13467 0.04231 0.01764 0.02956
v -0.14911 0.77191 -0.13274 0.04231 0.01764 0.02956
v -0.13590 0.78512 -0.13692 0.04231 0.01764 0.02956
v -0.14911 0.77191 -0.13274 0.04231 0.01764 0.02956
v -0.13590 0.77126 -0.13467 0.04231 0.01764 0.02956
v -0.13590 0.78512 -0.13692 0.04231 0.01764 0.02956
v -0.13590 0.78512 -0.13692 0.04231 0.01764 0.02956
v -0.13590 0.77126 -0.13467 0.04231 0.01764 0.02956
v 0.13590 0.78512 -0.13692 0.04231 0.01764 0.02956
v -0.13590 0.77126 -0.13467 0.04231 0.01764 0.02956
v 0.13590 0.77126 -0.13467 0.04231 0.01764 0.02956
v 0.13590 0.78512 -0.13692 0.04231 0.01764 0.02956
v 0.13590 0.78512 -0.13692 0.04231 0.01764 0.02956
v 0.13590 0.77126 -0.13467 0.04231 0.01764 0.02956
v 0.14975 0.78512 -0.13467 0.04231 0.01764 0.02956
v 0.13590 0.77126 -0.13467 0.04231 0.01764 0.02956
v 0.14911 0.77191 -0.13274 0.04231 0.01764 0.02956
v 0.14975 0.78512 -0.13467 0.04231 0.01764 0.02956
v 0.14975 0.78512 -0.13467 0.04231 0.01764 0.02956
v 0.14911 0.77191 -0.13274 0.04231 0.01764 0.02956
v 0.16020 0.78512 -0.12956 0.04231 0.01764 0.02956
v 0.14911 0.77191 -0.13274 0.04231 0.01764 0.02956
v 0.15932 0.77341 -0.12824 0.04231 0.01764 0.02956
v 0.16020 0.78512 -0.12956 0.04231 0.01764 0.02956
v 0.16020 0.78512 -0.12956 0.04231 0.01764 0.02956
v 0.15932 0.77341 -0.12824 0.04231 0.01764 0.02956
v 0.16688 0.78512 -0.12409 0.04231 0.01764 0.02956
v 0.15932 0.77341 -0.12824 0.04231 0.01764 0.02956
v 0.16605 0.77507 -0.12326 0.04231 0.01764 0.02956
v 0.16688 0.78512 -0.12409 0.04231 0.01764 0.02956
v -0.16605 0.77507 -0.12326 0.04231 0.01764 0.02956
v -0.16392 0.76644 -0.12113 0.04231 0.01764 0.02956
v -0.15932 0.77341 -0.12824 0.04231 0.01764 0.02956
v -0.16392 0.76644 -0.12113 0.04231 0.01764 0.02956
v -0.15715 0.76387 -0.12499 0.04231 0.01764 0.02956
v -0.15932 0.77341 -0.12824 0.04231 0.01764 0.02956
v -0.15932 0.77341 -0.12824 0.04231 0.01764 0.02956
v -0.15715 0.76387 -0.12499 0.04231 0.01764 0.02956
v -0.14911 0.77191 -0.13274 0.04231 0.01764 0.02956
v -0.15715 0.76387 -0.12499 0.04231 0.01764 0.02956
v -0.14761 0.76170 -0.12824 0.04231 0.01764 0.02956
v -0.14911 0.77191 -0.13274 0.04231 0.01764 0.02956
v -0.14911 0.77191 -0.13274 0.04231 0.01764 0.02956
v -0.14761 0.76170 -0.12824 0.04231 0.01764 0.02956
v -0.13590 0.77126 -0.13467 0.04231 0.01764 0.02956
v -0.14761 0.76170 -0.12824 0.04231 0.01764 0.02956
v -0.13590 0.76082 -0.12956 0.04231 0.01764 0.02956
v -0.13590 0.77126 -0.13467 0.04231 0.01764 0.02956
v -0.13590 0.77126 -0.13467 0.04231 0.01764 0.02956
v -0.13590 0.76082 -0.12956 0.04231 0.01764 0.02956
v 0.13590 0.77126 -0.13467 0.04231 0.01764 0.02956
v -0.13590 0.76082 -0.12956 0.04231 0.01764 0.02956
v 0.13590 0.76082 -0.12956 0.04231 0.01764 0.02956
v 0.13590 0.77126 -0.13467 0.04231 0.01764 0.02956
v 0.13590 0.77126 -0.13467 0.04231 0.01764 0.02956
v 0.13590 0.76082 -0.12956 0.04231 0.01764 0.02956
v 0.14911 0.77191 -0.13274 0.04231 0.01764 0.02956
v 0.13590 0.76082 -0.12956 0.04231 0.01764 0.02956
v 0.14761 0.76170 -0.12824 0.04231 0.01764 0.02956
v 0.14911 0.77191 -0.13274 0.04231 0.01764 0.02956
v 0.14911 0.77191 -0.13274 0.04231 0.01764 0.02956
v 0.14761 0.76170 -0.12824 0.04231 0.01764 0.02956
v 0.15932 0.77341 -0.12824 0.04231 0.01764 0.02956
v 0.14761 0.76170 -0.12824 0.04231 0.01764 0.02956
v 0.15715 0.76387 -0.12499 0.04231 0.01764 0.02956
v 0.15932 0.77341 -0.12824 0.04231 0.01764 0.02956
v 0.15932 0.77341 -0.12824 0.04231 0.01764 0.02956
v 0.15715 0.76387 -0.12499 0.04231 0.01764 0.02956
v 0.16605 0.77507 -0.12326 0.04231 0.01764 0.02956
v 0.15715 0.76387 -0.12499 0.04231 0.01764 0.02956
v 0.16392 0.76644 -0.12113 0.04231 0.01764 0.02956
v 0.16605 0.77507 -0.12326 0.04231 0.01764 0.02956
v -0.16392 0.76644 -0.12113 0.04231 0.01764 0.02956
v -0.16119 0.75982 -0.11840 0.04231 0.01764 0.02956
v -0.15715 0.76387 -0.12499 0.04231 0.01764 0.02956
v -0.16119 0.75982 -0.11840 0.04231 0.01764 0.02956
v -0.15458 0.75710 -0.12113 0.04231 0.01764 0.02956
v -0.15715 0.76387 -0.12499 0.04231 0.01764 0.02956
v -0.15715 0.76387 -0.12499 0.04231 0.01764 0.02956
v -0.15458 0.75710 -0.12113 0.04231 0.01764 0.02956
v -0.14761 0.76170 -0.12824 0.04231 0.01764 0.02956
v -0.15458 0.75710 -0.12113 0.04231 0.01764 0.02956
v -0.14595 0.75496 -0.12326 0.04231 0.01764 0.02956
v -0.14761 0.76170 -0.12824 0.04231 0.01764 0.02956
v -0.14761 0.76170 -0.12824 0.04231 0.01764 0.02956
v -0.14595 0.75496 -0.12326 0.04231 0.01764 0.02956
v -0.13590 0.76082 -0.12956 0.04231 0.01764 0.02956
v -0.14595 0.75496 -0.12326 0.04231 0.01764 0.02956
v -0.13590 0.75414 -0.12409 0.04231 0.01764 0.02956
v -0.13590 0.76082 -0.12956 0.04231 0.01764 0.02956
v -0.13590 0.76082 -0.12956 0.04231 0.01764 0.02956
v -0.13590 0.75414 -0.12409 0.04231 0.01764 0.02956
v 0.13590 0.76082 -0.12956 0.04231 0.01764 0.02956
v -0.13590 0.75414 -0.12409 0.04231 0.01764 0.02956
v 0.13590 0.75414 -0.12409 0.04231 0.01764 0.02956
v 0.13590 0.76082 -0.12956 0.04231 0.01764 0.02956
v 0.13590 0.76082 -0.12956 0.04231 0.01764 0.02956
v 0.13590 0.75414 -0.12409 0.04231 0.01764 0.02956
v 0.14761 0.76170 -0.12824 0.04231 0.01764 0.02956
v 0.13590 0.75414 -0.12409 0.04231 0.01764 0.02956
v 0.14595 0.75496 -0.12326 0.04231 0.01764 0.02956
v 0.14761 0.76170 -0.12824 0.04231 0.01764 0.02956
v 0.14761 0.76170 -0.12824 0.04231 0.01764 0.02956
v 0.14595 0.75496 -0.12326 0.04231 0.01764 0.02956
v 0.15715 0.76387 -0.12499 0.04231 0.01764 0.02956
v 0.14595 0.75496 -0.12326 0.04231 0.01764 0.02956
v 0.15458 0.75710 -0.12113 0.04231 0.01764 0.02956
v 0.15715 0.76387 -0.12499 0.04231 0.01764 0.02956
v 0.15715 0.76387 -0.12499 0.04231 0.01764 0.02956
v 0.15458 0.75710 -0.12113 0.04231 0.01764 0.02956
v 0.16392 0.76644 -0.12113 0.04231 0.01764 0.02956
v 0.15458 0.75710 -0.12113 0.04231 0.01764 0.02956
v 0.16119 0.75982 -0.11840 0.04231 0.01764 0.02956
v 0.16392 0.76644 -0.12113 0.04231 0.01764 0.02956
v 0.00000 1.55000 0.00000 0.04231 0.01764 0.02956
v 0.00000 1.55000 0.00000 0.04231 0.01764 0.02956
v 0.00000 1.55000 0.00000 0.04231 0.01764 0.02956
v 0.00000 1.55000 0.00000 0.04231 0.01764 0.02956
v 0.00000 1.55000 0.00000 0.04231 0.01764 0.02956
v 0.00000 1.55000 0.00000 0.04231 0.01764 0.02956
v 0.00000 1.55000 0.00000 0.04231 0.01764 0.02956
v 0.00000 1.55000 0.00000 0.04231 0.01764 0.02956
v 0.00000 1.55000 0.00000 0.04231 0.01764 0.02956
v 0.00000 1.55000 0.00000 0.04231 0.01764 0.02956
v 0.00000 1.55000 0.00000 0.04231 0.01764 0.02956
v 0.00000 1.55000 0.00000 0.04231 0.01764 0.02956
v 0.00000 1.55000 0.00000 0.04231 0.01764 0.02956
v 0.00000 1.55000 0.00000 0.04231 0.01764 0.02956
v 0.00000 1.55000 0.00000 0.04231 0.01764 0.02956
v 0.05818 1.54079 0.00000 0.04231 0.01764 0.02956
v 0.05242 1.54079 0.02524 0.04231 0.01764 0.02956
v 0.03627 1.54079 0.04549 0.04231 0.01764 0.02956
v 0.01295 1.54079 0.05672 0.04231 0.01764 0.02956
v -0.01295 1.54079 0.05672 0.04231 0.01764 0.02956
v -0.03627 1.54079 0.04549 0.04231 0.01764 0.02956
v -0.05242 1.54079 0.02524 0.04231 0.01764 0.02956
v -0.05818 1.54079 0.00000 0.04231 0.01764 0.02956
v -0.05242 1.54079 -0.02524 0.04231 0.01764 0.02956
v -0.03627 1.54079 -0.04549 0.04231 0.01764 0.02956
v -0.01295 1.54079 -0.05672 0.04231 0.01764 0.02956
v 0.01295 1.54079 -0.05672 0.04231 0.01764 0.02956
v 0.03627 1.54079 -0.04549 0.04231 0.01764 0.02956
v 0.05242 1.54079 -0.02524 0.04231 0.01764 0.02956
v 0.05818 1.54079 -0.00000 0.04231 0.01764 0.02956
v 0.11066 1.51404 0.00000 0.04231 0.01764 0.02956
v 0.09970 1.51404 0.04801 0.04231 0.01764 0.02956
v 0.06900 1.51404 0.08652 0.04231 0.01764 0.02956
v 0.02462 1.51404 0.10789 0.04231 0.01764 0.02956
v -0.02462 1.51404 0.10789 0.04231 0.01764 0.02956
v -0.06900 1.51404 0.08652 0.04231 0.01764 0.02956
v -0.09970 1.51404 0.04801 0.04231 0.01764 0.02956
v -0.11066 1.51404 0.00000 0.04231 0.01764 0.02956
v -0.09970 1.51404 -0.04801 0.04231 0.01764 0.02956
v -0.06900 1.51404 -0.08652 0.04231 0.01764 0.02956
v -0.02462 1.51404 -0.10789 0.04231 0.01764 0.02956
v 0.02462 1.51404 -0.10789 0.04231 0.01764 0.02956
v 0.06900 1.51404 -0.08652 0.04231 0.01764 0.02956
v 0.09970 1.51404 -0.04801 0.04231 0.01764 0.02956
v 0.11066 1.51404 -0.00000 0.04231 0.01764 0.02956
v 0.15231 1.47239 0.00000 0.04231 0.01764 0.02956
v 0.13723 1.47239 0.06609 0.04231 0.01764 0.02956
v 0.09496 1.47239 0.11908 0.04231 0.01764 0.02956
v 0.03389 1.47239 0.14849 0.04231 0.01764 0.02956
v -0.03389 1.47239 0.14849 0.04231 0.01764 0.02956
v -0.09496 1.47239 0.11908 0.04231 0.01764 0.02956
v -0.13723 1.47239 0.06609 0.04231 0.01764 0.02956
v -0.15231 1.47239 0.00000 0.04231 0.01764 0.02956
v -0.13723 1.47239 -0.06609 0.04231 0.01764 0.02956
v -0.09496 1.47239 -0.11908 0.04231 0.01764 0.02956
v -0.03389 1.47239 -0.14849 0.04231 0.01764 0.02956
v 0.03389 1.47239 -0.14849 0.04231 0.01764 0.02956
v 0.09496 1.47239 -0.11908 0.04231 0.01764 0.02956
v 0.13723 1.47239 -0.06609 0.04231 0.01764 0.02956
v 0.15231 1.47239 -0.00000 0.04231 0.01764 0.02956
v 0.17905 1.41991 0.00000 0.04231 0.01764 0.02956
v 0.16132 1.41991 0.07769 0.04231 0.01764 0.02956
v 0.11164 1.41991 0.13999 0.04231 0.01764 0.02956
v 0.03984 1.41991 0.17456 0.04231 0.01764 0.02956
v -0.03984 1.41991 0.17456 0.04231 0.01764 0.02956
v -0.11164 1.41991 0.13999 0.04231 0.01764 0.02956
v -0.16132 1.41991 0.07769 0.04231 0.01764 0.02956
v -0.17905 1.41991 0.00000 0.04231 0.01764 0.02956
v -0.16132 1.41991 -0.07769 0.04231 0.01764 0.02956
v -0.11164 1.41991 -0.13999 0.04231 0.01764 0.02956
v -0.03984 1.41991 -0.17456 0.04231 0.01764 0.02956
v 0.03984 1.41991 -0.17456 0.04231 0.01764 0.02956
v 0.11164 1.41991 -0.13999 0.04231 0.01764 0.02956
v 0.16132 1.41991 -0.07769 0.04231 0.01764 0.02956
v 0.17905 1.41991 -0.00000 0.04231 0.01764 0.02956
v 0.18827 1.36173 0.00000 0.04231 0.01764 0.02956
v 0.16962 1.36173 0.08169 0.04231 0.01764 0.02956
v 0.11738 1.36173 0.14719 0.04231 0.01764 0.02956
v 0.04189 1.36173 0.18355 0.04231 0.01764 0.02956
v -0.04189 1.36173 0.18355 0.04231 0.01764 0.02956
v -0.11738 1.36173 0.14719 0.04231 0.01764 0.02956
v -0.16962 1.36173 0.08169 0.04231 0.01764 0.02956
v -0.18827 1.36173 0.00000 0.04231 0.01764 0.02956
v -0.16962 1.36173 -0.08169 0.04231 0.01764 0.02956
v -0.11738 1.36173 -0.14719 0.04231 0.01764 0.02956
v -0.04189 1.36173 -0.18355 0.04231 0.01764 0.02956
v 0.04189 1.36173 -0.18355 0.04231 0.01764 0.02956
v 0.11738 1.36173 -0.14719 0.04231 0.01764 0.02956
v 0.16962 1.36173 -0.08169 0.04231 0.01764 0.02956
v 0.18827 1.36173 -0.00000 0.04231 0.01764 0.02956
v 0.17905 1.30355 0.00000 0.04231 0.01764 0.02956
v 0.16132 1.30355 0.07769 0.04231 0.01764 0.02956
v 0.11164 1.30355 0.13999 0.04231 0.01764 0.02956
v 0.03984 1.30355 0.17456 0.04231 0.01764 0.02956
v -0.03984 1.30355 0.17456 0.04231 0.01764 0.02956
v -0.11164 1.30355 0.13999 0.04231 0.01764 0.02956
v -0.16132 1.30355 0.07769 0.04231 0.01764 0.02956
v -0.17905 1.30355 0.00000 0.04231 0.01764 0.02956
v -0.16132 1.30355 -0.07769 0.04231 0.01764 0.02956
v -0.11164 1.30355 -0.13999 0.04231 0.01764 0.02956
v -0.03984 1.30355 -0.17456 0.04231 0.01764 0.02956
v 0.03984 1.30355 -0.17456 0.04231 0.01764 0.02956
v 0.11164 1.30355 -0.13999 0.04231 0.01764 0.02956
v 0.16132 1.30355 -0.07769 0.04231 0.01764 0.02956
v 0.17905 1.30355 -0.00000 0.04231 0.01764 0.02956
v 0.15231 1.25107 0.00000 0.04231 0.01764 0.02956
v 0.13723 1.25107 0.06609 0.04231 0.01764 0.02956
v 0.09496 1.25107 0.11908 0.04231 0.01764 0.02956
v 0.03389 1.25107 0.14849 0.04231 0.01764 0.02956
v -0.03389 1.25107 0.14849 0.04231 0.01764 0.02956
v -0.09496 1.25107 0.11908 0.04231 0.01764 0.02956
v -0.13723 1.25107 0.06609 0.04231 0.01764 0.02956
v -0.15231 1.25107 0.00000 0.04231 0.01764 0.02956
v -0.13723 1.25107 -0.06609 0.04231 0.01764 0.02956
v -0.09496 1.25107 -0.11908 0.04231 0.01764 0.02956
v -0.03389 1.25107 -0.14849 0.04231 0.01764 0.02956
v 0.03389 1.25107 -0.14849 0.04231 0.01764 0.02956
v 0.09496 1.25107 -0.11908 0.04231 0.01764 0.02956
v 0.13723 1.25107 -0.06609 0.04231 0.01764 0.02956
v 0.15231 1.25107 -0.00000 0.04231 0.01764 0.02956
v 0.11066 1.20942 0.00000 0.04231 0.01764 0.02956
v 0.09970 1.20942 0.04801 0.04231 0.01764 0.02956
v 0.06900 1.20942 0.08652 0.04231 0.01764 0.02956
v 0.02462 1.20942 0.10789 0.04231 0.01764 0.02956
v -0.02462 1.20942 0.10789 0.04231 0.01764 0.02956
v -0.06900 1.20942 0.08652 0.04231 0.01764 0.02956
v -0.09970 1.20942 0.04801 0.04231 0.01764 0.02956
v -0.11066 1.20942 0.00000 0.04231 0.01764 0.02956
v -0.09970 1.20942 -0.04801 0.04231 0.01764 0.02956
v -0.06900 1.20942 -0.08652 0.04231 0.01764 0.02956
v -0.02462 1.20942 -0.10789 0.04231 0.01764 0.02956
v 0.02462 1.20942 -0.10789 0.04231 0.01764 0.02956
v 0.06900 1.20942 -0.08652 0.04231 0.01764 0.02956
v 0.09970 1.20942 -0.04801 0.04231 0.01764 0.02956
v 0.11066 1.20942 -0.00000 0.04231 0.01764 0.02956
v 0.05818 1.18268 0.00000 0.04231 0.01764 0.02956
v 0.05242 1.18268 0.02524 0.04231 0.01764 0.02956
v 0.03627 1.18268 0.04549 0.04231 0.01764 0.02956
v 0.01295 1.18268 0.05672 0.04231 0.01764 0.02956
v -0.01295 1.18268 0.05672 0.04231 0.01764 0.02956
v -0.03627 1.18268 0.04549 0.04231 0.01764 0.02956
v -0.05242 1.18268 0.02524 0.04231 0.01764 0.02956
v -0.05818 1.18268 0.00000 0.04231 0.01764 0.02956
v -0.05242 1.18268 -0.02524 0.04231 0.01764 0.02956
v -0.03627 1.18268 -0.04549 0.04231 0.01764 0.02956
v -0.01295 1.18268 -0.05672 0.04231 0.01764 0.02956
v 0.01295 1.18268 -0.05672 0.04231 0.01764 0.02956
v 0.03627 1.18268 -0.04549 0.04231 0.01764 0.02956
v 0.05242 1.18268 -0.02524 0.04231 0.01764 0.02956
v 0.05818 1.18268 -0.00000 0.04231 0.01764 0.02956
v 0.00000 1.17346 0.00000 0.04231 0.01764 0.02956
v 0.00000 1.17346 0.00000 0.04231 0.01764 0.02956
v 0.00000 1.17346 0.00000 0.04231 0.01764 0.02956
v 0.00000 1.17346 0.00000 0.04231 0.01764 0.02956
v 0.00000 1.17346 0.00000 0.04231 0.01764 0.02956
v 0.00000 1.17346 0.00000 0.04231 0.01764 0.02956
v 0.00000 1.17346 0.00000 0.04231 0.01764 0.02956
v 0.00000 1.17346 0.00000 0.04231 0.01764 0.02956
v 0.00000 1.17346 0.00000 0.04231 0.01764 0.02956
v 0.00000 1.17346 0.00000 0.04231 0.01764 0.02956
v 0.00000 1.17346 0.00000 0.04231 0.01764 0.02956
v 0.00000 1.17346 0.00000 0.04231 0.01764 0.02956
v 0.00000 1.17346 0.00000 0.04231 0.01764 0.02956
v 0.00000 1.17346 0.00000 0.04231 0.01764 0.02956
v 0.00000 1.17346 0.00000 0.04231 0.01764 0.02956
v 0.23961 0.01818 0.03423 0.04231 0.01764 0.02956
v 0.23961 0.01818 0.03423 0.04231 0.01764 0.02956
v 0.23961 0.01818 0.03423 0.04231 0.01764 0.02956
v 0.23961 0.01818 0.03423 0.04231 0.01764 0.02956
v 0.23961 0.01818 0.03423 0.04231 0.01764 0.02956
v 0.23961 0.01818 0.03423 0.04231 0.01764 0.02956
v 0.23961 0.01818 0.03423 0.04231 0.01764 0.02956
v 0.23961 0.01818 0.03423 0.04231 0.01764 0.02956
v 0.23961 0.01818 0.03423 0.04231 0.01764 0.02956
v 0.23961 0.01818 0.03423 0.04231 0.01764 0.02956
v 0.25680 0.02091 0.03423 0.04231 0.01764 0.02956
v 0.25278 0.02091 0.04528 0.04231 0.01764 0.02956
v 0.24260 0.02091 0.05116 0.04231 0.01764 0.02956
v 0.23102 0.02091 0.04912 0.04231 0.01764 0.02956
v 0.22346 0.02091 0.04011 0.04231 0.01764 0.02956
v 0.22346 0.02091 0.02835 0.04231 0.01764 0.02956
v 0.23102 0.02091 0.01934 0.04231 0.01764 0.02956
v 0.24260 0.02091 0.01730 0.04231 0.01764 0.02956
v 0.25278 0.02091 0.02318 0.04231 0.01764 0.02956
v 0.25680 0.02091 0.03423 0.04231 0.01764 0.02956
v 0.27231 0.02881 0.03423 0.04231 0.01764 0.02956
v 0.26466 0.02881 0.05525 0.04231 0.01764 0.02956
v 0.24529 0.02881 0.06643 0.04231 0.01764 0.02956
v 0.22327 0.02881 0.06255 0.04231 0.01764 0.02956
v 0.20889 0.02881 0.04541 0.04231 0.01764 0.02956
v 0.20889 0.02881 0.02305 0.04231 0.01764 0.02956
v 0.22327 0.02881 0.00592 0.04231 0.01764 0.02956
v 0.24529 0.02881 0.00203 0.04231 0.01764 0.02956
v 0.26466 0.02881 0.01321 0.04231 0.01764 0.02956
v 0.27231 0.02881 0.03423 0.04231 0.01764 0.02956
v 0.28461 0.04111 0.03423 0.04231 0.01764 0.02956
v 0.27409 0.04111 0.06316 0.04231 0.01764 0.02956
v 0.24743 0.04111 0.07855 0.04231 0.01764 0.02956
v 0.21711 0.04111 0.07320 0.04231 0.01764 0.02956
v 0.19733 0.04111 0.04962 0.04231 0.01764 0.02956
v 0.19733 0.04111 0.01884 0.04231 0.01764 0.02956
v 0.21711 0.04111 -0.00474 0.04231 0.01764 0.02956
v 0.24743 0.04111 -0.01009 0.04231 0.01764 0.02956
v 0.27409 0.04111 0.00530 0.04231 0.01764 0.02956
v 0.28461 0.04111 0.03423 0.04231 0.01764 0.02956
v 0.29252 0.05662 0.03423 0.04231 0.01764 0.02956
v 0.28014 0.05662 0.06824 0.04231 0.01764 0.02956
v 0.24880 0.05662 0.08633 0.04231 0.01764 0.02956
v 0.21316 0.05662 0.08005 0.04231 0.01764 0.02956
v 0.18990 0.05662 0.05232 0.04231 0.01764 0.02956
v 0.18990 0.05662 0.01614 0.04231 0.01764 0.02956
v 0.21316 0.05662 -0.01158 0.04231 0.01764 0.02956
v 0.24880 0.05662 -0.01787 0.04231 0.01764 0.02956
v 0.28014 0.05662 0.00023 0.04231 0.01764 0.02956
v 0.29252 0.05662 0.03423 0.04231 0.01764 0.02956
v 0.29524 0.07381 0.03423 0.04231 0.01764 0.02956
v 0.28222 0.07381 0.06999 0.04231 0.01764 0.02956
v 0.24927 0.07381 0.08901 0.04231 0.01764 0.02956
v 0.21180 0.07381 0.08240 0.04231 0.01764 0.02956
v 0.18734 0.07381 0.05326 0.04231 0.01764 0.02956
v 0.18734 0.07381 0.01521 0.04231 0.01764 0.02956
v 0.21180 0.07381 -0.01394 0.04231 0.01764 0.02956
v 0.24927 0.07381 -0.02055 0.04231 0.01764 0.02956
v 0.28222 0.07381 -0.00152 0.04231 0.01764 0.02956
v 0.29524 0.07381 0.03423 0.04231 0.01764 0.02956
v 0.29524 0.25352 0.03423 0.04231 0.01764 0.02956
v 0.28222 0.25352 0.06999 0.04231 0.01764 0.02956
v 0.24927 0.25352 0.08901 0.04231 0.01764 0.02956
v 0.21180 0.25352 0.08240 0.04231 0.01764 0.02956
v 0.18734 0.25352 0.05326 0.04231 0.01764 0.02956
v 0.18734 0.25352 0.01521 0.04231 0.01764 0.02956
v 0.21180 0.25352 -0.01394 0.04231 0.01764 0.02956
v 0.24927 0.25352 -0.02055 0.04231 0.01764 0.02956
v 0.28222 0.25352 -0.00152 0.04231 0.01764 0.02956
v 0.29524 0.25352 0.03423 0.04231 0.01764 0.02956
v 0.29252 0.27071 0.03423 0.04231 0.01764 0.02956
v 0.28014 0.27071 0.06824 0.04231 0.01764 0.02956
v 0.24880 0.27071 0.08633 0.04231 0.01764 0.02956
v 0.21316 0.27071 0.08005 0.04231 0.01764 0.02956
v 0.18990 0.27071 0.05232 0.04231 0.01764 0.02956
v 0.18990 0.27071 0.01614 0.04231 0.01764 0.02956
v 0.21316 0.27071 -0.01158 0.04231 0.01764 0.02956
v 0.24880 0.27071 -0.01787 0.04231 0.01764 0.02956
v 0.28014 0.27071 0.00023 0.04231 0.01764 0.02956
v 0.29252 0.27071 0.03423 0.04231 0.01764 0.02956
v 0.28461 0.28621 0.03423 0.04231 0.01764 0.02956
v 0.27409 0.28621 0.06316 0.04231 0.01764 0.02956
v 0.24743 0.28621 0.07855 0.04231 0.01764 0.02956
v 0.21711 0.28621 0.07320 0.04231 0.01764 0.02956
v 0.19733 0.28621 0.04962 0.04231 0.01764 0.02956
v 0.19733 0.28621 0.01884 0.04231 0.01764 0.02956
v 0.21711 0.28621 -0.00474 0.04231 0.01764 0.02956
v 0.24743 0.28621 -0.01009 0.04231 0.01764 0.02956
v 0.27409 0.28621 0.00530 0.04231 0.01764 0.02956
v 0.28461 0.28621 0.03423 0.04231 0.01764 0.02956
v 0.27231 0.29852 0.03423 0.04231 0.01764 0.02956
v 0.26466 0.29852 0.05525 0.04231 0.01764 0.02956
v 0.24529 0.29852 0.06643 0.04231 0.01764 0.02956
v 0.22327 0.29852 0.06255 0.04231 0.01764 0.02956
v 0.20889 0.29852 0.04541 0.04231 0.01764 0.02956
v 0.20889 0.29852 0.02305 0.04231 0.01764 0.02956
v 0.22327 0.29852 0.00592 0.04231 0.01764 0.02956
v 0.24529 0.29852 0.00203 0.04231 0.01764 0.02956
v 0.26466 0.29852 0.01321 0.04231 0.01764 0.02956
v 0.27231 0.29852 0.03423 0.04231 0.01764 0.02956
v 0.25680 0.30642 0.03423 0.04231 0.01764 0.02956
v 0.25278 0.30642 0.04528 0.04231 0.01764 0.02956
v 0.24260 0.30642 0.05116 0.04231 0.01764 0.02956
v 0.23102 0.30642 0.04912 0.04231 0.01764 0.02956
v 0.22346 0.30642 0.04011 0.04231 0.01764 0.02956
v 0.22346 0.30642 0.02835 0.04231 0.01764 0.02956
v 0.23102 0.30642 0.01934 0.04231 0.01764 0.02956
v 0.24260 0.30642 0.01730 0.04231 0.01764 0.02956
v 0.25278 0.30642 0.02318 0.04231 0.01764 0.02956
v 0.25680 0.30642 0.03423 0.04231 0.01764 0.02956
v 0.23961 0.30914 0.03423 0.04231 0.01764 0.02956
v 0.23961 0.30914 0.03423 0.04231 0.01764 0.02956
v 0.23961 0.30914 0.03423 0.04231 0.01764 0.02956
v 0.23961 0.30914 0.03423 0.04231 0.01764 0.02956
v 0.23961 0.30914 0.03423 0.04231 0.01764 0.02956
v 0.23961 0.30914 0.03423 0.04231 0.01764 0.02956
v 0.23961 0.30914 0.03423 0.04231 0.01764 0.02956
v 0.23961 0.30914 0.03423 0.04231 0.01764 0.02956
v 0.23961 0.30914 0.03423 0.04231 0.01764 0.02956
v 0.23961 0.30914 0.03423 0.04231 0.01764 0.02956
v 0.25673 0.03937 0.06846 0.04231 0.01764 0.02956
v 0.25673 0.03937 0.06846 0.04231 0.01764 0.02956
v 0.25673 0.03937 0.06846 0.04231 0.01764 0.02956
v 0.25673 0.03937 0.06846 0.04231 0.01764 0.02956
v 0.25673 0.03937 0.06846 0.04231 0.01764 0.02956
v 0.25673 0.03937 0.06846 0.04231 0.01764 0.02956
v 0.25673 0.03937 0.06846 0.04231 0.01764 0.02956
v 0.25673 0.03937 0.06846 0.04231 0.01764 0.02956
v 0.25673 0.03937 0.06846 0.04231 0.01764 0.02956
v 0.25673 0.03937 0.06846 0.04231 0.01764 0.02956
v 0.27134 0.04168 0.06846 0.04231 0.01764 0.02956
v 0.26792 0.04168 0.07785 0.04231 0.01764 0.02956
v 0.25927 0.04168 0.08285 0.04231 0.01764 0.02956
v 0.24942 0.04168 0.08111 0.04231 0.01764 0.02956
v 0.24300 0.04168 0.07346 0.04231 0.01764 0.02956
v 0.24300 0.04168 0.06346 0.04231 0.01764 0.02956
v 0.24942 0.04168 0.05581 0.04231 0.01764 0.02956
v 0.25927 0.04168 0.05407 0.04231 0.01764 0.02956
v 0.26792 0.04168 0.05907 0.04231 0.01764 0.02956
v 0.27134 0.04168 0.06846 0.04231 0.01764 0.02956
v 0.28452 0.04839 0.06846 0.04231 0.01764 0.02956
v 0.27802 0.04839 0.08632 0.04231 0.01764 0.02956
v 0.26155 0.04839 0.09583 0.04231 0.01764 0.02956
v 0.24283 0.04839 0.09253 0.04231 0.01764 0.02956
v 0.23061 0.04839 0.07797 0.04231 0.01764 0.02956
v 0.23061 0.04839 0.05896 0.04231 0.01764 0.02956
v 0.24283 0.04839 0.04439 0.04231 0.01764 0.02956
v 0.26155 0.04839 0.04109 0.04231 0.01764 0.02956
v 0.27802 0.04839 0.05060 0.04231 0.01764 0.02956
v 0.28452 0.04839 0.06846 0.04231 0.01764 0.02956
v 0.29498 0.05885 0.06846 0.04231 0.01764 0.02956
v 0.28603 0.05885 0.09305 0.04231 0.01764 0.02956
v 0.26337 0.05885 0.10613 0.04231 0.01764 0.02956
v 0.23760 0.05885 0.10159 0.04231 0.01764 0.02956
v 0.22078 0.05885 0.08154 0.04231 0.01764 0.02956
v 0.22078 0.05885 0.05538 0.04231 0.01764 0.02956
v 0.23760 0.05885 0.03533 0.04231 0.01764 0.02956
v 0.26337 0.05885 0.03079 0.04231 0.01764 0.02956
v 0.28603 0.05885 0.04387 0.04231 0.01764 0.02956
v 0.29498 0.05885 0.06846 0.04231 0.01764 0.02956
v 0.30170 0.07204 0.06846 0.04231 0.01764 0.02956
v 0.29118 0.07204 0.09737 0.04231 0.01764 0.02956
v 0.26454 0.07204 0.11274 0.04231 0.01764 0.02956
v 0.23425 0.07204 0.10740 0.04231 0.01764 0.02956
v 0.21447 0.07204 0.08384 0.04231 0.01764 0.02956
v 0.21447 0.07204 0.05308 0.04231 0.01764 0.02956
v 0.23425 0.07204 0.02952 0.04231 0.01764 0.02956
v 0.26454 0.07204 0.02418 0.04231 0.01764 0.02956
v 0.29118 0.07204 0.03956 0.04231 0.01764 0.02956
v 0.30170 0.07204 0.06846 0.04231 0.01764 0.02956
v 0.30401 0.08665 0.06846 0.04231 0.01764 0.02956
v 0.29295 0.08665 0.09885 0.04231 0.01764 0.02956
v 0.26494 0.08665 0.11502 0.04231 0.01764 0.02956
v 0.23309 0.08665 0.10941 0.04231 0.01764 0.02956
v 0.21230 0.08665 0.08463 0.04231 0.01764 0.02956
v 0.21230 0.08665 0.05229 0.04231 0.01764 0.02956
v 0.23309 0.08665 0.02751 0.04231 0.01764 0.02956
v 0.26494 0.08665 0.02190 0.04231 0.01764 0.02956
v 0.29295 0.08665 0.03807 0.04231 0.01764 0.02956
v 0.30401 0.08665 0.06846 0.04231 0.01764 0.02956
v 0.30401 0.24068 0.06846 0.04231 0.01764 0.02956
v 0.29295 0.24068 0.09885 0.04231 0.01764 0.02956
v 0.26494 0.24068 0.11502 0.04231 0.01764 0.02956
v 0.23309 0.24068 0.10941 0.04231 0.01764 0.02956
v 0.21230 0.24068 0.08463 0.04231 0.01764 0.02956
v 0.21230 0.24068 0.05229 0.04231 0.01764 0.02956
v 0.23309 0.24068 0.02751 0.04231 0.01764 0.02956
v 0.26494 0.24068 0.02190 0.04231 0.01764 0.02956
v 0.29295 0.24068 0.03807 0.04231 0.01764 0.02956
v 0.30401 0.24068 0.06846 0.04231 0.01764 0.02956
v 0.30170 0.25529 0.06846 0.04231 0.01764 0.02956
v 0.29118 0.25529 0.09737 0.04231 0.01764 0.02956
v 0.26454 0.25529 0.11274 0.04231 0.01764 0.02956
v 0.23425 0.25529 0.10740 0.04231 0.01764 0.02956
v 0.21447 0.25529 0.08384 0.04231 0.01764 0.02956
v 0.21447 0.25529 0.05308 0.04231 0.01764 0.02956
v 0.23425 0.25529 0.02952 0.04231 0.01764 0.02956
v 0.26454 0.25529 0.02418 0.04231 0.01764 0.02956
v 0.29118 0.25529 0.03956 0.04231 0.01764 0.02956
v 0.30170 0.25529 0.06846 0.04231 0.01764 0.02956
v 0.29498 0.26847 0.06846 0.04231 0.01764 0.02956
v 0.28603 0.26847 0.09305 0.04231 0.01764 0.02956
v 0.26337 0.26847 0.10613 0.04231 0.01764 0.02956
v 0.23760 0.26847 0.10159 0.04231 0.01764 0.02956
v 0.22078 0.26847 0.08154 0.04231 0.01764 0.02956
v 0.22078 0.26847 0.05538 0.04231 0.01764 0.02956
v 0.23760 0.26847 0.03533 0.04231 0.01764 0.02956
v 0.26337 0.26847 0.03079 0.04231 0.01764 0.02956
v 0.28603 0.26847 0.04387 0.04231 0.01764 0.02956
v 0.29498 0.26847 0.06846 0.04231 0.01764 0.02956
v 0.28452 0.27893 0.06846 0.04231 0.01764 0.02956
v 0.27802 0.27893 0.08632 0.04231 0.01764 0.02956
v 0.26155 0.27893 0.09583 0.04231 0.01764 0.02956
v 0.24283 0.27893 0.09253 0.04231 0.01764 0.02956
v 0.23061 0.27893 0.07797 0.04231 0.01764 0.02956
v 0.23061 0.27893 0.05896 0.04231 0.01764 0.02956
v 0.24283 0.27893 0.04439 0.04231 0.01764 0.02956
v 0.26155 0.27893 0.04109 0.04231 0.01764 0.02956
v 0.27802 0.27893 0.05060 0.04231 0.01764 0.02956
v 0.28452 0.27893 0.06846 0.04231 0.01764 0.02956
v 0.27134 0.28565 0.06846 0.04231 0.01764 0.02956
v 0.26792 0.28565 0.07785 0.04231 0.01764 0.02956
v 0.25927 0.28565 0.08285 0.04231 0.01764 0.02956
v 0.24942 0.28565 0.08111 0.04231 0.01764 0.02956
v 0.24300 0.28565 0.07346 0.04231 0.01764 0.02956
v 0.24300 0.28565 0.06346 0.04231 0.01764 0.02956
v 0.24942 0.28565 0.05581 0.04231 0.01764 0.02956
v 0.25927 0.28565 0.05407 0.04231 0.01764 0.02956
v 0.26792 0.28565 0.05907 0.04231 0.01764 0.02956
v 0.27134 0.28565 0.06846 0.04231 0.01764 0.02956
v 0.25673 0.28796 0.06846 0.04231 0.01764 0.02956
v 0.25673 0.28796 0.06846 0.04231 0.01764 0.02956
v 0.25673 0.28796 0.06846 0.04231 0.01764 0.02956
v 0.25673 0.28796 0.06846 0.04231 0.01764 0.02956
v 0.25673 0.28796 0.06846 0.04231 0.01764 0.02956
v 0.25673 0.28796 0.06846 0.04231 0.01764 0.02956
v 0.25673 0.28796 0.06846 0.04231 0.01764 0.02956
v 0.25673 0.28796 0.06846 0.04231 0.01764 0.02956
v 0.25673 0.28796 0.06846 0.04231 0.01764 0.02956
v 0.25673 0.28796 0.06846 0.04231 0.01764 0.02956
v -0.23961 0.01818 0.03423 0.04231 0.01764 0.02956
v -0.23961 0.01818 0.03423 0.04231 0.01764 0.02956
v -0.23961 0.01818 0.03423 0.04231 0.01764 0.02956
v -0.23961 0.01818 0.03423 0.04231 0.01764 0.02956
v -0.23961 0.01818 0.03423 0.04231 0.01764 0.02956
v -0.23961 0.01818 0.03423 0.04231 0.01764 0.02956
v -0.23961 0.01818 0.03423 0.04231 0.01764 0.02956
v -0.23961 0.01818 0.03423 0.04231 0.01764 0.02956
v -0.23961 0.01818 0.03423 0.04231 0.01764 0.02956
v -0.23961 0.01818 0.03423 0.04231 0.01764 0.02956
v -0.22242 0.02091 0.03423 0.04231 0.01764 0.02956
v -0.22645 0.02091 0.04528 0.04231 0.01764 0.02956
v -0.23663 0.02091 0.05116 0.04231 0.01764 0.02956
v -0.24821 0.02091 0.04912 0.04231 0.01764 0.02956
v -0.25577 0.02091 0.04011 0.04231 0.01764 0.02956
v -0.25577 0.02091 0.02835 0.04231 0.01764 0.02956
v -0.24821 0.02091 0.01934 0.04231 0.01764 0.02956
v -0.23663 0.02091 0.01730 0.04231 0.01764 0.02956
v -0.22645 0.02091 0.02318 0.04231 0.01764 0.02956
v -0.22242 0.02091 0.03423 0.04231 0.01764 0.02956
v -0.20692 0.02881 0.03423 0.04231 0.01764 0.02956
v -0.21457 0.02881 0.05525 0.04231 0.01764 0.02956
v -0.23394 0.02881 0.06643 0.04231 0.01764 0.02956
v -0.25596 0.02881 0.06255 0.04231 0.01764 0.02956
v -0.27034 0.02881 0.04541 0.04231 0.01764 0.02956
v -0.27034 0.02881 0.02305 0.04231 0.01764 0.02956
v -0.25596 0.02881 0.00592 0.04231 0.01764 0.02956
v -0.23394 0.02881 0.00203 0.04231 0.01764 0.02956
v -0.21457 0.02881 0.01321 0.04231 0.01764 0.02956
v -0.20692 0.02881 0.03423 0.04231 0.01764 0.02956
v -0.19461 0.04111 0.03423 0.04231 0.01764 0.02956
v -0.20514 0.04111 0.06316 0.04231 0.01764 0.02956
v -0.23180 0.04111 0.07855 0.04231 0.01764 0.02956
v -0.26211 0.04111 0.07320 0.04231 0.01764 0.02956
v -0.28190 0.04111 0.04962 0.04231 0.01764 0.02956
v -0.28190 0.04111 0.01884 0.04231 0.01764 0.02956
v -0.26211 0.04111 -0.00474 0.04231 0.01764 0.02956
v -0.23180 0.04111 -0.01009 0.04231 0.01764 0.02956
v -0.20514 0.04111 0.00530 0.04231 0.01764 0.02956
v -0.19461 0.04111 0.03423 0.04231 0.01764 0.02956
v -0.18671 0.05662 0.03423 0.04231 0.01764 0.02956
v -0.19909 0.05662 0.06824 0.04231 0.01764 0.02956
v -0.23043 0.05662 0.08633 0.04231 0.01764 0.02956
v -0.26606 0.05662 0.08005 0.04231 0.01764 0.02956
v -0.28933 0.05662 0.05232 0.04231 0.01764 0.02956
v -0.28933 0.05662 0.01614 0.04231 0.01764 0.02956
v -0.26606 0.05662 -0.01158 0.04231 0.01764 0.02956
v -0.23043 0.05662 -0.01787 0.04231 0.01764 0.02956
v -0.19909 0.05662 0.00023 0.04231 0.01764 0.02956
v -0.18671 0.05662 0.03423 0.04231 0.01764 0.02956
v -0.18399 0.07381 0.03423 0.04231 0.01764 0.02956
v -0.19700 0.07381 0.06999 0.04231 0.01764 0.02956
v -0.22995 0.07381 0.08901 0.04231 0.01764 0.02956
v -0.26743 0.07381 0.08240 0.04231 0.01764 0.02956
v -0.29188 0.07381 0.05326 0.04231 0.01764 0.02956
v -0.29188 0.07381 0.01521 0.04231 0.01764 0.02956
v -0.26743 0.07381 -0.01394 0.04231 0.01764 0.02956
v -0.22995 0.07381 -0.02055 0.04231 0.01764 0.02956
v -0.19700 0.07381 -0.00152 0.04231 0.01764 0.02956
v -0.18399 0.07381 0.03423 0.04231 0.01764 0.02956
v -0.18399 0.25352 0.03423 0.04231 0.01764 0.02956
v -0.19700 0.25352 0.06999 0.04231 0.01764 0.02956
v -0.22995 0.25352 0.08901 0.04231 0.01764 0.02956
v -0.26743 0.25352 0.08240 0.04231 0.01764 0.02956
v -0.29188 0.25352 0.05326 0.04231 0.01764 0.02956
v -0.29188 0.25352 0.01521 0.04231 0.01764 0.02956
v -0.26743 0.25352 -0.01394 0.04231 0.01764 0.02956
v -0.22995 0.25352 -0.02055 0.04231 0.01764 0.02956
v -0.19700 0.25352 -0.00152 0.04231 0.01764 0.02956
v -0.18399 0.25352 0.03423 0.04231 0.01764 0.02956
v -0.18671 0.27071 0.03423 0.04231 0.01764 0.02956
v -0.19909 0.27071 0.06824 0.04231 0.01764 0.02956
v -0.23043 0.27071 0.08633 0.04231 0.01764 0.02956
v -0.26606 0.27071 0.08005 0.04231 0.01764 0.02956
v -0.28933 0.27071 0.05232 0.04231 0.01764 0.02956
v -0.28933 0.27071 0.01614 0.04231 0.01764 0.02956
v -0.26606 0.27071 -0.01158 0.04231 0.01764 0.02956
v -0.23043 0.27071 -0.01787 0.04231 0.01764 0.02956
v -0.19909 0.27071 0.00023 0.04231 0.01764 0.02956
v -0.18671 0.27071 0.03423 0.04231 0.01764 0.02956
v -0.19461 0.28621 0.03423 0.04231 0.01764 0.02956
v -0.20514 0.28621 0.06316 0.04231 0.01764 0.02956
v -0.23180 0.28621 0.07855 0.04231 0.01764 0.02956
v -0.26211 0.28621 0.07320 0.04231 0.01764 0.02956
v -0.28190 0.28621 0.04962 0.04231 0.01764 0.02956
v -0.28190 0.28621 0.01884 0.04231 0.01764 0.02956
v -0.26211 0.28621 -0.00474 0.04231 0.01764 0.02956
v -0.23180 0.28621 -0.01009 0.04231 0.01764 0.02956
v -0.20514 0.28621 0.00530 0.04231 0.01764 0.02956
v -0.19461 0.28621 0.03423 0.04231 0.01764 0.02956
v -0.20692 0.29852 0.03423 0.04231 0.01764 0.02956
v -0.21457 0.29852 0.05525 0.04231 0.01764 0.02956
v -0.23394 0.29852 0.06643 0.04231 0.01764 0.02956
v -0.25596 0.29852 0.06255 0.04231 0.01764 0.02956
v -0.27034 0.29852 0.04541 0.04231 0.01764 0.02956
v -0.27034 0.29852 0.02305 0.04231 0.01764 0.02956
v -0.25596 0.29852 0.00592 0.04231 0.01764 0.02956
v -0.23394 0.29852 0.00203 0.04231 0.01764 0.02956
v -0.21457 0.29852 0.01321 0.04231 0.01764 0.02956
v -0.20692 0.29852 0.03423 0.04231 0.01764 0.02956
v -0.22242 0.30642 0.03423 0.04231 0.01764 0.02956
v -0.22645 0.30642 0.04528 0.04231 0.01764 0.02956
v -0.23663 0.30642 0.05116 0.04231 0.01764 0.02956
v -0.24821 0.30642 0.04912 0.04231 0.01764 0.02956
v -0.25577 0.30642 0.04011 0.04231 0.01764 0.02956
v -0.25577 0.30642 0.02835 0.04231 0.01764 0.02956
v -0.24821 0.30642 0.01934 0.04231 0.01764 0.02956
v -0.23663 0.30642 0.01730 0.04231 0.01764 0.02956
v -0.22645 0.30642 0.02318 0.04231 0.01764 0.02956
v -0.22242 0.30642 0.03423 0.04231 0.01764 0.02956
v -0.23961 0.30914 0.03423 0.04231 0.01764 0.02956
v -0.23961 0.30914 0.03423 0.04231 0.01764 0.02956
v -0.23961 0.30914 0.03423 0.04231 0.01764 0.02956
v -0.23961 0.30914 0.03423 0.04231 0.01764 0.02956
v -0.23961 0.30914 0.03423 0.04231 0.01764 0.02956
v -0.23961 0.30914 0.03423 0.04231 0.01764 0.02956
v -0.23961 0.30914 0.03423 0.04231 0.01764 0.02956
v -0.23961 0.30914 0.03423 0.04231 0.01764 0.02956
v -0.23961 0.30914 0.03423 0.04231 0.01764 0.02956
v -0.23961 0.30914 0.03423 0.04231 0.01764 0.02956
v -0.25673 0.03937 0.06846 0.04231 0.01764 0.02956
v -0.25673 0.03937 0.06846 0.04231 0.01764 0.02956
v -0.25673 0.03937 0.06846 0.04231 0.01764 0.02956
v -0.25673 0.03937 0.06846 0.04231 0.01764 0.02956
v -0.25673 0.03937 0.06846 0.04231 0.01764 0.02956
v -0.25673 0.03937 0.06846 0.04231 0.01764 0.02956
v -0.25673 0.03937 0.06846 0.04231 0.01764 0.02956
v -0.25673 0.03937 0.06846 0.04231 0.01764 0.02956
v -0.25673 0.03937 0.06846 0.04231 0.01764 0.02956
v -0.25673 0.03937 0.06846 0.04231 0.01764 0.02956
v -0.24212 0.04168 0.06846 0.04231 0.01764 0.02956
v -0.24554 0.04168 0.07785 0.04231 0.01764 0.02956
v -0.25419 0.04168 0.08285 0.04231 0.01764 0.02956
v -0.26403 0.04168 0.08111 0.04231 0.01764 0.02956
v -0.27046 0.04168 0.07346 0.04231 0.01764 0.02956
v -0.27046 0.04168 0.06346 0.04231 0.01764 0.02956
v -0.26403 0.04168 0.05581 0.04231 0.01764 0.02956
v -0.25419 0.04168 0.05407 0.04231 0.01764 0.02956
v -0.24554 0.04168 0.05907 0.04231 0.01764 0.02956
v -0.24212 0.04168 0.06846 0.04231 0.01764 0.02956
v -0.22894 0.04839 0.06846 0.04231 0.01764 0.02956
v -0.23544 0.04839 0.08632 0.04231 0.01764 0.02956
v -0.25190 0.04839 0.09583 0.04231 0.01764 0.02956
v -0.27062 0.04839 0.09253 0.04231 0.01764 0.02956
v -0.28284 0.04839 0.07797 0.04231 0.01764 0.02956
v -0.28284 0.04839 0.05896 0.04231 0.01764 0.02956
v -0.27062 0.04839 0.04439 0.04231 0.01764 0.02956
v -0.25190 0.04839 0.04109 0.04231 0.01764 0.02956
v -0.23544 0.04839 0.05060 0.04231 0.01764 0.02956
v -0.22894 0.04839 0.06846 0.04231 0.01764 0.02956
v -0.21848 0.05885 0.06846 0.04231 0.01764 0.02956
v -0.22743 0.05885 0.09305 0.04231 0.01764 0.02956
v -0.25009 0.05885 0.10613 0.04231 0.01764 0.02956
v -0.27585 0.05885 0.10159 0.04231 0.01764 0.02956
v -0.29267 0.05885 0.08154 0.04231 0.01764 0.02956
v -0.29267 0.05885 0.05538 0.04231 0.01764 0.02956
v -0.27585 0.05885 0.03533 0.04231 0.01764 0.02956
v -0.25009 0.05885 0.03079 0.04231 0.01764 0.02956
v -0.22743 0.05885 0.04387 0.04231 0.01764 0.02956
v -0.21848 0.05885 0.06846 0.04231 0.01764 0.02956
v -0.21176 0.07204 0.06846 0.04231 0.01764 0.02956
v -0.22228 0.07204 0.09737 0.04231 0.01764 0.02956
v -0.24892 0.07204 0.11274 0.04231 0.01764 0.02956
v -0.27921 0.07204 0.10740 0.04231 0.01764 0.02956
v -0.29898 0.07204 0.08384 0.04231 0.01764 0.02956
v -0.29898 0.07204 0.05308 0.04231 0.01764 0.02956
v -0.27921 0.07204 0.02952 0.04231 0.01764 0.02956
v -0.24892 0.07204 0.02418 0.04231 0.01764 0.02956
v -0.22228 0.07204 0.03956 0.04231 0.01764 0.02956
v -0.21176 0.07204 0.06846 0.04231 0.01764 0.02956
v -0.20945 0.08665 0.06846 0.04231 0.01764 0.02956
v -0.22051 0.08665 0.09885 0.04231 0.01764 0.02956
v -0.24852 0.08665 0.11502 0.04231 0.01764 0.02956
v -0.28037 0.08665 0.10941 0.04231 0.01764 0.02956
v -0.30116 0.08665 0.08463 0.04231 0.01764 0.02956
v -0.30116 0.08665 0.05229 0.04231 0.01764 0.02956
v -0.28037 0.08665 0.02751 0.04231 0.01764 0.02956
v -0.24852 0.08665 0.02190 0.04231 0.01764 0.02956
v -0.22051 0.08665 0.03807 0.04231 0.01764 0.02956
v -0.20945 0.08665 0.06846 0.04231 0.01764 0.02956
v -0.20945 0.24068 0.06846 0.04231 0.01764 0.02956
v -0.22051 0.24068 0.09885 0.04231 0.01764 0.02956
v -0.24852 0.24068 0.11502 0.04231 0.01764 0.02956
v -0.28037 0.24068 0.10941 0.04231 0.01764 0.02956
v -0.30116 0.24068 0.08463 0.04231 0.01764 0.02956
v -0.30116 0.24068 0.05229 0.04231 0.01764 0.02956
v -0.28037 0.24068 0.02751 0.04231 0.01764 0.02956
v -0.24852 0.24068 0.02190 0.04231 0.01764 0.02956
v -0.22051 0.24068 0.03807 0.04231 0.01764 0.02956
v -0.20945 0.24068 0.06846 0.04231 0.01764 0.02956
v -0.21176 0.25529 0.06846 0.04231 0.01764 0.02956
v -0.22228 0.25529 0.09737 0.04231 0.01764 0.02956
v -0.24892 0.25529 0.11274 0.04231 0.01764 0.02956
v -0.27921 0.25529 0.10740 0.04231 0.01764 0.02956
v -0.29898 0.25529 0.08384 0.04231 0.01764 0.02956
v -0.29898 0.25529 0.05308 0.04231 0.01764 0.02956
v -0.27921 0.25529 0.02952 0.04231 0.01764 0.02956
v -0.24892 0.25529 0.02418 0.04231 0.01764 0.02956
v -0.22228 0.25529 0.03956 0.04231 0.01764 0.02956
v -0.21176 0.25529 0.06846 0.04231 0.01764 0.02956
v -0.21848 0.26847 0.06846 0.04231 0.01764 0.02956
v -0.22743 0.26847 0.09305 0.04231 0.01764 0.02956
v -0.25009 0.26847 0.10613 0.04231 0.01764 0.02956
v -0.27585 0.26847 0.10159 0.04231 0.01764 0.02956
v -0.29267 0.26847 0.08154 0.04231 0.01764 0.02956
v -0.29267 0.26847 0.05538 0.04231 0.01764 0.02956
v -0.27585 0.26847 0.03533 0.04231 0.01764 0.02956
v -0.25009 0.26847 0.03079 0.04231 0.01764 0.02956
v -0.22743 0.26847 0.04387 0.04231 0.01764 0.02956
v -0.21848 0.26847 0.06846 0.04231 0.01764 0.02956
v -0.22894 0.27893 0.06846 0.04231 0.01764 0.02956
v -0.23544 0.27893 0.08632 0.04231 0.01764 0.02956
v -0.25190 0.27893 0.09583 0.04231 0.01764 0.02956
v -0.27062 0.27893 0.09253 0.04231 0.01764 0.02956
v -0.28284 0.27893 0.07797 0.04231 0.01764 0.02956
v -0.28284 0.27893 0.05896 0.04231 0.01764 0.02956
v -0.27062 0.27893 0.04439 0.04231 0.01764 0.02956
v -0.25190 0.27893 0.04109 0.04231 0.01764 0.02956
v -0.23544 0.27893 0.05060 0.04231 0.01764 0.02956
v -0.22894 0.27893 0.06846 0.04231 0.01764 0.02956
v -0.24212 0.28565 0.06846 0.04231 0.01764 0.02956
v -0.24554 0.28565 0.07785 0.04231 0.01764 0.02956
v -0.25419 0.28565 0.08285 0.04231 0.01764 0.02956
v -0.26403 0.28565 0.08111 0.04231 0.01764 0.02956
v -0.27046 0.28565 0.07346 0.04231 0.01764 0.02956
v -0.27046 0.28565 0.06346 0.04231 0.01764 0.02956
v -0.26403 0.28565 0.05581 0.04231 0.01764 0.02956
v -0.25419 0.28565 0.05407 0.04231 0.01764 0.02956
v -0.24554 0.28565 0.05907 0.04231 0.01764 0.02956
v -0.24212 0.28565 0.06846 0.04231 0.01764 0.02956
v -0.25673 0.28796 0.06846 0.04231 0.01764 0.02956
v -0.25673 0.28796 0.06846 0.04231 0.01764 0.02956
v -0.25673 0.28796 0.06846 0.04231 0.01764 0.02956
v -0.25673 0.28796 0.06846 0.04231 0.01764 0.02956
v -0.25673 0.28796 0.06846 0.04231 0.01764 0.02956
v -0.25673 0.28796 0.06846 0.04231 0.01764 0.02956
v -0.25673 0.28796 0.06846 0.04231 0.01764 0.02956
v -0.25673 0.28796 0.06846 0.04231 0.01764 0.02956
v -0.25673 0.28796 0.06846 0.04231 0.01764 0.02956
v -0.25673 0.28796 0.06846 0.04231 0.01764 0.02956
v 0.11981 0.00000 0.01712 0.04231 0.01764 0.02956
v 0.11981 0.00000 0.01712 0.04231 0.01764 0.02956
v 0.11981 0.00000 0.01712 0.04231 0.01764 0.02956
v 0.11981 0.00000 0.01712 0.04231 0.01764 0.02956
v 0.11981 0.00000 0.01712 0.04231 0.01764 0.02956
v 0.11981 0.00000 0.01712 0.04231 0.01764 0.02956
v 0.11981 0.00000 0.01712 0.04231 0.01764 0.02956
v 0.11981 0.00000 0.01712 0.04231 0.01764 0.02956
v 0.11981 0.00000 0.01712 0.04231 0.01764 0.02956
v 0.11981 0.00000 0.01712 0.04231 0.01764 0.02956
v 0.14262 0.00361 0.01712 0.04231 0.01764 0.02956
v 0.13728 0.00361 0.03178 0.04231 0.01764 0.02956
v 0.12377 0.00361 0.03958 0.04231 0.01764 0.02956
v 0.10840 0.00361 0.03687 0.04231 0.01764 0.02956
v 0.09837 0.00361 0.02492 0.04231 0.01764 0.02956
v 0.09837 0.00361 0.00931 0.04231 0.01764 0.02956
v 0.10840 0.00361 -0.00264 0.04231 0.01764 0.02956
v 0.12377 0.00361 -0.00535 0.04231 0.01764 0.02956
v 0.13728 0.00361 0.00245 0.04231 0.01764 0.02956
v 0.14262 0.00361 0.01712 0.04231 0.01764 0.02956
v 0.16319 0.01410 0.01712 0.04231 0.01764 0.02956
v 0.15304 0.01410 0.04500 0.04231 0.01764 0.02956
v 0.12734 0.01410 0.05984 0.04231 0.01764 0.02956
v 0.09811 0.01410 0.05469 0.04231 0.01764 0.02956
v 0.07904 0.01410 0.03195 0.04231 0.01764 0.02956
v 0.07904 0.01410 0.00228 0.04231 0.01764 0.02956
v 0.09811 0.01410 -0.02046 0.04231 0.01764 0.02956
v 0.12734 0.01410 -0.02561 0.04231 0.01764 0.02956
v 0.15304 0.01410 -0.01077 0.04231 0.01764 0.02956
v 0.16319 0.01410 0.01712 0.04231 0.01764 0.02956
v 0.17952 0.03043 0.01712 0.04231 0.01764 0.02956
v 0.16555 0.03043 0.05550 0.04231 0.01764 0.02956
v 0.13018 0.03043 0.07592 0.04231 0.01764 0.02956
v 0.08995 0.03043 0.06883 0.04231 0.01764 0.02956
v 0.06369 0.03043 0.03754 0.04231 0.01764 0.02956
v 0.06369 0.03043 -0.00331 0.04231 0.01764 0.02956
v 0.08995 0.03043 -0.03460 0.04231 0.01764 0.02956
v 0.13018 0.03043 -0.04169 0.04231 0.01764 0.02956
v 0.16555 0.03043 -0.02127 0.04231 0.01764 0.02956
v 0.17952 0.03043 0.01712 0.04231 0.01764 0.02956
v 0.19000 0.05100 0.01712 0.04231 0.01764 0.02956
v 0.17358 0.05100 0.06224 0.04231 0.01764 0.02956
v 0.13200 0.05100 0.08625 0.04231 0.01764 0.02956
v 0.08471 0.05100 0.07791 0.04231 0.01764 0.02956
v 0.05384 0.05100 0.04112 0.04231 0.01764 0.02956
v 0.05384 0.05100 -0.00689 0.04231 0.01764 0.02956
v 0.08471 0.05100 -0.04368 0.04231 0.01764 0.02956
v 0.13200 0.05100 -0.05202 0.04231 0.01764 0.02956
v 0.17358 0.05100 -0.02801 0.04231 0.01764 0.02956
v 0.19000 0.05100 0.01712 0.04231 0.01764 0.02956
v 0.19362 0.07381 0.01712 0.04231 0.01764 0.02956
v 0.17635 0.07381 0.06456 0.04231 0.01764 0.02956
v 0.13262 0.07381 0.08980 0.04231 0.01764 0.02956
v 0.08290 0.07381 0.08104 0.04231 0.01764 0.02956
v 0.05045 0.07381 0.04236 0.04231 0.01764 0.02956
v 0.05045 0.07381 -0.00813 0.04231 0.01764 0.02956
v 0.08290 0.07381 -0.04681 0.04231 0.01764 0.02956
v 0.13262 0.07381 -0.05557 0.04231 0.01764 0.02956
v 0.17635 0.07381 -0.03033 0.04231 0.01764 0.02956
v 0.19362 0.07381 0.01712 0.04231 0.01764 0.02956
v 0.19362 0.25352 0.01712 0.04231 0.01764 0.02956
v 0.17635 0.25352 0.06456 0.04231 0.01764 0.02956
v 0.13262 0.25352 0.08980 0.04231 0.01764 0.02956
v 0.08290 0.25352 0.08104 0.04231 0.01764 0.02956
v 0.05045 0.25352 0.04236 0.04231 0.01764 0.02956
v 0.05045 0.25352 -0.00813 0.04231 0.01764 0.02956
v 0.08290 0.25352 -0.04681 0.04231 0.01764 0.02956
v 0.13262 0.25352 -0.05557 0.04231 0.01764 0.02956
v 0.17635 0.25352 -0.03033 0.04231 0.01764 0.02956
v 0.19362 0.25352 0.01712 0.04231 0.01764 0.02956
v 0.19000 0.27633 0.01712 0.04231 0.01764 0.02956
v 0.17358 0.27633 0.06224 0.04231 0.01764 0.02956
v 0.13200 0.27633 0.08625 0.04231 0.01764 0.02956
v 0.08471 0.27633 0.07791 0.04231 0.01764 0.02956
v 0.05384 0.27633 0.04112 0.04231 0.01764 0.02956
v 0.05384 0.27633 -0.00689 0.04231 0.01764 0.02956
v 0.08471 0.27633 -0.04368 0.04231 0.01764 0.02956
v 0.13200 0.27633 -0.05202 0.04231 0.01764 0.02956
v 0.17358 0.27633 -0.02801 0.04231 0.01764 0.02956
v 0.19000 0.27633 0.01712 0.04231 0.01764 0.02956
v 0.17952 0.29690 0.01712 0.04231 0.01764 0.02956
v 0.16555 0.29690 0.05550 0.04231 0.01764 0.02956
v 0.13018 0.29690 0.07592 0.04231 0.01764 0.02956
v 0.08995 0.29690 0.06883 0.04231 0.01764 0.02956
v 0.06369 0.29690 0.03754 0.04231 0.01764 0.02956
v 0.06369 0.29690 -0.00331 0.04231 0.01764 0.02956
v 0.08995 0.29690 -0.03460 0.04231 0.01764 0.02956
v 0.13018 0.29690 -0.04169 0.04231 0.01764 0.02956
v 0.16555 0.29690 -0.02127 0.04231 0.01764 0.02956
v 0.17952 0.29690 0.01712 0.04231 0.01764 0.02956
v 0.16319 0.31323 0.01712 0.04231 0.01764 0.02956
v 0.15304 0.31323 0.04500 0.04231 0.01764 0.02956
v 0.12734 0.31323 0.05984 0.04231 0.01764 0.02956
v 0.09811 0.31323 0.05469 0.04231 0.01764 0.02956
v 0.07904 0.31323 0.03195 0.04231 0.01764 0.02956
v 0.07904 0.31323 0.00228 0.04231 0.01764 0.02956
v 0.09811 0.31323 -0.02046 0.04231 0.01764 0.02956
v 0.12734 0.31323 -0.02561 0.04231 0.01764 0.02956
v 0.15304 0.31323 -0.01077 0.04231 0.01764 0.02956
v 0.16319 0.31323 0.01712 0.04231 0.01764 0.02956
v 0.14262 0.32372 0.01712 0.04231 0.01764 0.02956
v 0.13728 0.32372 0.03178 0.04231 0.01764 0.02956
v 0.12377 0.32372 0.03958 0.04231 0.01764 0.02956
v 0.10840 0.32372 0.03687 0.04231 0.01764 0.02956
v 0.09837 0.32372 0.02492 0.04231 0.01764 0.02956
v 0.09837 0.32372 0.00931 0.04231 0.01764 0.02956
v 0.10840 0.32372 -0.00264 0.04231 0.01764 0.02956
v 0.12377 0.32372 -0.00535 0.04231 0.01764 0.02956
v 0.13728 0.32372 0.00245 0.04231 0.01764 0.02956
v 0.14262 0.32372 0.01712 0.04231 0.01764 0.02956
v 0.11981 0.32733 0.01712 0.04231 0.01764 0.02956
v 0.11981 0.32733 0.01712 0.04231 0.01764 0.02956
v 0.11981 0.32733 0.01712 0.04231 0.01764 0.02956
v 0.11981 0.32733 0.01712 0.04231 0.01764 0.02956
v 0.11981 0.32733 0.01712 0.04231 0.01764 0.02956
v 0.11981 0.32733 0.01712 0.04231 0.01764 0.02956
v 0.11981 0.32733 0.01712 0.04231 0.01764 0.02956
v 0.11981 0.32733 0.01712 0.04231 0.01764 0.02956
v 0.11981 0.32733 0.01712 0.04231 0.01764 0.02956
v 0.11981 0.32733 0.01712 0.04231 0.01764 0.02956
v 0.11981 0.03402 0.08558 0.04231 0.01764 0.02956
v 0.11981 0.03402 0.08558 0.04231 0.01764 0.02956
v 0.11981 0.03402 0.08558 0.04231 0.01764 0.02956
v 0.11981 0.03402 0.08558 0.04231 0.01764 0.02956
v 0.11981 0.03402 0.08558 0.04231 0.01764 0.02956
v 0.11981 0.03402 0.08558 0.04231 0.01764 0.02956
v 0.11981 0.03402 0.08558 0.04231 0.01764 0.02956
v 0.11981 0.03402 0.08558 0.04231 0.01764 0.02956
v 0.11981 0.03402 0.08558 0.04231 0.01764 0.02956
v 0.11981 0.03402 0.08558 0.04231 0.01764 0.02956
v 0.13766 0.03684 0.08558 0.04231 0.01764 0.02956
v 0.13348 0.03684 0.09705 0.04231 0.01764 0.02956
v 0.12291 0.03684 0.10316 0.04231 0.01764 0.02956
v 0.11088 0.03684 0.10103 0.04231 0.01764 0.02956
v 0.10303 0.03684 0.09168 0.04231 0.01764 0.02956
v 0.10303 0.03684 0.07947 0.04231 0.01764 0.02956
v 0.11088 0.03684 0.07012 0.04231 0.01764 0.02956
v 0.12291 0.03684 0.06800 0.04231 0.01764 0.02956
v 0.13348 0.03684 0.07410 0.04231 0.01764 0.02956
v 0.13766 0.03684 0.08558 0.04231 0.01764 0.02956
v 0.15376 0.04505 0.08558 0.04231 0.01764 0.02956
v 0.14582 0.04505 0.10740 0.04231 0.01764 0.02956
v 0.12570 0.04505 0.11901 0.04231 0.01764 0.02956
v 0.10283 0.04505 0.11498 0.04231 0.01764 0.02956
v 0.08790 0.04505 0.09719 0.04231 0.01764 0.02956
v 0.08790 0.04505 0.07396 0.04231 0.01764 0.02956
v 0.10283 0.04505 0.05617 0.04231 0.01764 0.02956
v 0.12570 0.04505 0.05214 0.04231 0.01764 0.02956
v 0.14582 0.04505 0.06375 0.04231 0.01764 0.02956
v 0.15376 0.04505 0.08558 0.04231 0.01764 0.02956
v 0.16654 0.05783 0.08558 0.04231 0.01764 0.02956
v 0.15561 0.05783 0.11562 0.04231 0.01764 0.02956
v 0.12792 0.05783 0.13160 0.04231 0.01764 0.02956
v 0.09644 0.05783 0.12605 0.04231 0.01764 0.02956
v 0.07589 0.05783 0.10156 0.04231 0.01764 0.02956
v 0.07589 0.05783 0.06959 0.04231 0.01764 0.02956
v 0.09644 0.05783 0.04511 0.04231 0.01764 0.02956
v 0.12792 0.05783 0.03955 0.04231 0.01764 0.02956
v 0.15561 0.05783 0.05554 0.04231 0.01764 0.02956
v 0.16654 0.05783 0.08558 0.04231 0.01764 0.02956
v 0.17474 0.07393 0.08558 0.04231 0.01764 0.02956
v 0.16189 0.07393 0.12089 0.04231 0.01764 0.02956
v 0.12935 0.07393 0.13968 0.04231 0.01764 0.02956
v 0.09234 0.07393 0.13315 0.04231 0.01764 0.02956
v 0.06818 0.07393 0.10437 0.04231 0.01764 0.02956
v 0.06818 0.07393 0.06679 0.04231 0.01764 0.02956
v 0.09234 0.07393 0.03800 0.04231 0.01764 0.02956
v 0.12935 0.07393 0.03147 0.04231 0.01764 0.02956
v 0.16189 0.07393 0.05026 0.04231 0.01764 0.02956
v 0.17474 0.07393 0.08558 0.04231 0.01764 0.02956
v 0.17757 0.09178 0.08558 0.04231 0.01764 0.02956
v 0.16406 0.09178 0.12271 0.04231 0.01764 0.02956
v 0.12984 0.09178 0.14246 0.04231 0.01764 0.02956
v 0.09092 0.09178 0.13560 0.04231 0.01764 0.02956
v 0.06553 0.09178 0.10533 0.04231 0.01764 0.02956
v 0.06553 0.09178 0.06582 0.04231 0.01764 0.02956
v 0.09092 0.09178 0.03555 0.04231 0.01764 0.02956
v 0.12984 0.09178 0.02869 0.04231 0.01764 0.02956
v 0.16406 0.09178 0.04845 0.04231 0.01764 0.02956
v 0.17757 0.09178 0.08558 0.04231 0.01764 0.02956
v 0.17757 0.23555 0.08558 0.04231 0.01764 0.02956
v 0.16406 0.23555 0.12271 0.04231 0.01764 0.02956
v 0.12984 0.23555 0.14246 0.04231 0.01764 0.02956
v 0.09092 0.23555 0.13560 0.04231 0.01764 0.02956
v 0.06553 0.23555 0.10533 0.04231 0.01764 0.02956
v 0.06553 0.23555 0.06582 0.04231 0.01764 0.02956
v 0.09092 0.23555 0.03555 0.04231 0.01764 0.02956
v 0.12984 0.23555 0.02869 0.04231 0.01764 0.02956
v 0.16406 0.23555 0.04845 0.04231 0.01764 0.02956
v 0.17757 0.23555 0.08558 0.04231 0.01764 0.02956
v 0.17474 0.25340 0.08558 0.04231 0.01764 0.02956
v 0.16189 0.25340 0.12089 0.04231 0.01764 0.02956
v 0.12935 0.25340 0.13968 0.04231 0.01764 0.02956
v 0.09234 0.25340 0.13315 0.04231 0.01764 0.02956
v 0.06818 0.25340 0.10437 0.04231 0.01764 0.02956
v 0.06818 0.25340 0.06679 0.04231 0.01764 0.02956
v 0.09234 0.25340 0.03800 0.04231 0.01764 0.02956
v 0.12935 0.25340 0.03147 0.04231 0.01764 0.02956
v 0.16189 0.25340 0.05026 0.04231 0.01764 0.02956
v 0.17474 0.25340 0.08558 0.04231 0.01764 0.02956
v 0.16654 0.26950 0.08558 0.04231 0.01764 0.02956
v 0.15561 0.26950 0.11562 0.04231 0.01764 0.02956
v 0.12792 0.26950 0.13160 0.04231 0.01764 0.02956
v 0.09644 0.26950 0.12605 0.04231 0.01764 0.02956
v 0.07589 0.26950 0.10156 0.04231 0.01764 0.02956
v 0.07589 0.26950 0.06959 0.04231 0.01764 0.02956
v 0.09644 0.26950 0.04511 0.04231 0.01764 0.02956
v 0.12792 0.26950 0.03955 0.04231 0.01764 0.02956
v 0.15561 0.26950 0.05554 0.04231 0.01764 0.02956
v 0.16654 0.26950 0.08558 0.04231 0.01764 0.02956
v 0.15376 0.28228 0.08558 0.04231 0.01764 0.02956
v 0.14582 0.28228 0.10740 0.04231 0.01764 0.02956
v 0.12570 0.28228 0.11901 0.04231 0.01764 0.02956
v 0.10283 0.28228 0.11498 0.04231 0.01764 0.02956
v 0.08790 0.28228 0.09719 0.04231 0.01764 0.02956
v 0.08790 0.28228 0.07396 0.04231 0.01764 0.02956
v 0.10283 0.28228 0.05617 0.04231 0.01764 0.02956
v 0.12570 0.28228 0.05214 0.04231 0.01764 0.02956
v 0.14582 0.28228 0.06375 0.04231 0.01764 0.02956
v 0.15376 0.28228 0.08558 0.04231 0.01764 0.02956
v 0.13766 0.29049 0.08558 0.04231 0.01764 0.02956
v 0.13348 0.29049 0.09705 0.04231 0.01764 0.02956
v 0.12291 0.29049 0.10316 0.04231 0.01764 0.02956
v 0.11088 0.29049 0.10103 0.04231 0.01764 0.02956
v 0.10303 0.29049 0.09168 0.04231 0.01764 0.02956
v 0.10303 0.29049 0.07947 0.04231 0.01764 0.02956
v 0.11088 0.29049 0.07012 0.04231 0.01764 0.02956
v 0.12291 0.29049 0.06800 0.04231 0.01764 0.02956
v 0.13348 0.29049 0.07410 0.04231 0.01764 0.02956
v 0.13766 0.29049 0.08558 0.04231 0.01764 0.02956
v 0.11981 0.29331 0.08558 0.04231 0.01764 0.02956
v 0.11981 0.29331 0.08558 0.04231 0.01764 0.02956
v 0.11981 0.29331 0.08558 0.04231 0.01764 0.02956
v 0.11981 0.29331 0.08558 0.04231 0.01764 0.02956
v 0.11981 0.29331 0.08558 0.04231 0.01764 0.02956
v 0.11981 0.29331 0.08558 0.04231 0.01764 0.02956
v 0.11981 0.29331 0.08558 0.04231 0.01764 0.02956
v 0.11981 0.29331 0.08558 0.04231 0.01764 0.02956
v 0.11981 0.29331 0.08558 0.04231 0.01764 0.02956
v 0.11981 0.29331 0.08558 0.04231 0.01764 0.02956
v 0.11981 0.08600 0.17115 0.04231 0.01764 0.02956
v 0.11981 0.08600 0.17115 0.04231 0.01764 0.02956
v 0.11981 0.08600 0.17115 0.04231 0.01764 0.02956
v 0.11981 0.08600 0.17115 0.04231 0.01764 0.02956
v 0.11981 0.08600 0.17115 0.04231 0.01764 0.02956
v 0.11981 0.08600 0.17115 0.04231 0.01764 0.02956
v 0.11981 0.08600 0.17115 0.04231 0.01764 0.02956
v 0.11981 0.08600 0.17115 0.04231 0.01764 0.02956
v 0.13577 0.08918 0.17115 0.04231 0.01764 0.02956
v 0.12976 0.08918 0.18363 0.04231 0.01764 0.02956
v 0.11625 0.08918 0.18672 0.04231 0.01764 0.02956
v 0.10542 0.08918 0.17808 0.04231 0.01764 0.02956
v 0.10542 0.08918 0.16423 0.04231 0.01764 0.02956
v 0.11625 0.08918 0.15559 0.04231 0.01764 0.02956
v 0.12976 0.08918 0.15867 0.04231 0.01764 0.02956
v 0.13577 0.08918 0.17115 0.04231 0.01764 0.02956
v 0.14931 0.09822 0.17115 0.04231 0.01764 0.02956
v 0.13820 0.09822 0.19422 0.04231 0.01764 0.02956
v 0.11324 0.09822 0.19991 0.04231 0.01764 0.02956
v 0.09323 0.09822 0.18395 0.04231 0.01764 0.02956
v 0.09323 0.09822 0.15835 0.04231 0.01764 0.02956
v 0.11324 0.09822 0.14239 0.04231 0.01764 0.02956
v 0.13820 0.09822 0.14809 0.04231 0.01764 0.02956
v 0.14931 0.09822 0.17115 0.04231 0.01764 0.02956
v 0.15835 0.11176 0.17115 0.04231 0.01764 0.02956
v 0.14384 0.11176 0.20129 0.04231 0.01764 0.02956
v 0.11123 0.11176 0.20873 0.04231 0.01764 0.02956
v 0.08508 0.11176 0.18788 0.04231 0.01764 0.02956
v 0.08508 0.11176 0.15443 0.04231 0.01764 0.02956
v 0.11123 0.11176 0.13358 0.04231 0.01764 0.02956
v 0.14384 0.11176 0.14102 0.04231 0.01764 0.02956
v 0.15835 0.11176 0.17115 0.04231 0.01764 0.02956
v 0.16153 0.12772 0.17115 0.04231 0.01764 0.02956
v 0.14582 0.12772 0.20377 0.04231 0.01764 0.02956
v 0.11052 0.12772 0.21182 0.04231 0.01764 0.02956
v 0.08222 0.12772 0.18925 0.04231 0.01764 0.02956
v 0.08222 0.12772 0.15305 0.04231 0.01764 0.02956
v 0.11052 0.12772 0.13048 0.04231 0.01764 0.02956
v 0.14582 0.12772 0.13854 0.04231 0.01764 0.02956
v 0.16153 0.12772 0.17115 0.04231 0.01764 0.02956
v 0.16153 0.19961 0.17115 0.04231 0.01764 0.02956
v 0.14582 0.19961 0.20377 0.04231 0.01764 0.02956
v 0.11052 0.19961 0.21182 0.04231 0.01764 0.02956
v 0.08222 0.19961 0.18925 0.04231 0.01764 0.02956
v 0.08222 0.19961 0.15305 0.04231 0.01764 0.02956
v 0.11052 0.19961 0.13048 0.04231 0.01764 0.02956
v 0.14582 0.19961 0.13854 0.04231 0.01764 0.02956
v 0.16153 0.19961 0.17115 0.04231 0.01764 0.02956
v 0.15835 0.21557 0.17115 0.04231 0.01764 0.02956
v 0.14384 0.21557 0.20129 0.04231 0.01764 0.02956
v 0.11123 0.21557 0.20873 0.04231 0.01764 0.02956
v 0.08508 0.21557 0.18788 0.04231 0.01764 0.02956
v 0.08508 0.21557 0.15443 0.04231 0.01764 0.02956
v 0.11123 0.21557 0.13358 0.04231 0.01764 0.02956
v 0.14384 0.21557 0.14102 0.04231 0.01764 0.02956
v 0.15835 0.21557 0.17115 0.04231 0.01764 0.02956
v 0.14931 0.22911 0.17115 0.04231 0.01764 0.02956
v 0.13820 0.22911 0.19422 0.04231 0.01764 0.02956
v 0.11324 0.22911 0.19991 0.04231 0.01764 0.02956
v 0.09323 0.22911 0.18395 0.04231 0.01764 0.02956
v 0.09323 0.22911 0.15835 0.04231 0.01764 0.02956
v 0.11324 0.22911 0.14239 0.04231 0.01764 0.02956
v 0.13820 0.22911 0.14809 0.04231 0.01764 0.02956
v 0.14931 0.22911 0.17115 0.04231 0.01764 0.02956
v 0.13577 0.23815 0.17115 0.04231 0.01764 0.02956
v 0.12976 0.23815 0.18363 0.04231 0.01764 0.02956
v 0.11625 0.23815 0.18672 0.04231 0.01764 0.02956
v 0.10542 0.23815 0.17808 0.04231 0.01764 0.02956
v 0.10542 0.23815 0.16423 0.04231 0.01764 0.02956
v 0.11625 0.23815 0.15559 0.04231 0.01764 0.02956
v 0.12976 0.23815 0.15867 0.04231 0.01764 0.02956
v 0.13577 0.23815 0.17115 0.04231 0.01764 0.02956
v 0.11981 0.24133 0.17115 0.04231 0.01764 0.02956
v 0.11981 0.24133 0.17115 0.04231 0.01764 0.02956
v 0.11981 0.24133 0.17115 0.04231 0.01764 0.02956
v 0.11981 0.24133 0.17115 0.04231 0.01764 0.02956
v 0.11981 0.24133 0.17115 0.04231 0.01764 0.02956
v 0.11981 0.24133 0.17115 0.04231 0.01764 0.02956
v 0.11981 0.24133 0.17115 0.04231 0.01764 0.02956
v 0.11981 0.24133 0.17115 0.04231 0.01764 0.02956
v -0.11981 0.00000 0.01712 0.04231 0.01764 0.02956
v -0.11981 0.00000 0.01712 0.04231 0.01764 0.02956
v -0.11981 0.00000 0.01712 0.04231 0.01764 0.02956
v -0.11981 0.00000 0.01712 0.04231 0.01764 0.02956
v -0.11981 0.00000 0.01712 0.04231 0.01764 0.02956
v -0.11981 0.00000 0.01712 0.04231 0.01764 0.02956
v -0.11981 0.00000 0.01712 0.04231 0.01764 0.02956
v -0.11981 0.00000 0.01712 0.04231 0.01764 0.02956
v -0.11981 0.00000 0.01712 0.04231 0.01764 0.02956
v -0.11981 0.00000 0.01712 0.04231 0.01764 0.02956
v -0.09700 0.00361 0.01712 0.04231 0.01764 0.02956
v -0.10233 0.00361 0.03178 0.04231 0.01764 0.02956
v -0.11585 0.00361 0.03958 0.04231 0.01764 0.02956
v -0.13121 0.00361 0.03687 0.04231 0.01764 0.02956
v -0.14124 0.00361 0.02492 0.04231 0.01764 0.02956
v -0.14124 0.00361 0.00931 0.04231 0.01764 0.02956
v -0.13121 0.00361 -0.00264 0.04231 0.01764 0.02956
v -0.11585 0.00361 -0.00535 0.04231 0.01764 0.02956
v -0.10233 0.00361 0.00245 0.04231 0.01764 0.02956
v -0.09700 0.00361 0.01712 0.04231 0.01764 0.02956
v -0.07642 0.01410 0.01712 0.04231 0.01764 0.02956
v -0.08657 0.01410 0.04500 0.04231 0.01764 0.02956
v -0.11227 0.01410 0.05984 0.04231 0.01764 0.02956
v -0.14150 0.01410 0.05469 0.04231 0.01764 0.02956
v -0.16057 0.01410 0.03195 0.04231 0.01764 0.02956
v -0.16057 0.01410 0.00228 0.04231 0.01764 0.02956
v -0.14150 0.01410 -0.02046 0.04231 0.01764 0.02956
v -0.11227 0.01410 -0.02561 0.04231 0.01764 0.02956
v -0.08657 0.01410 -0.01077 0.04231 0.01764 0.02956
v -0.07642 0.01410 0.01712 0.04231 0.01764 0.02956
v -0.06009 0.03043 0.01712 0.04231 0.01764 0.02956
v -0.07406 0.03043 0.05550 0.04231 0.01764 0.02956
v -0.10944 0.03043 0.07592 0.04231 0.01764 0.02956
v -0.14966 0.03043 0.06883 0.04231 0.01764 0.02956
v -0.17592 0.03043 0.03754 0.04231 0.01764 0.02956
v -0.17592 0.03043 -0.00331 0.04231 0.01764 0.02956
v -0.14966 0.03043 -0.03460 0.04231 0.01764 0.02956
v -0.10944 0.03043 -0.04169 0.04231 0.01764 0.02956
v -0.07406 0.03043 -0.02127 0.04231 0.01764 0.02956
v -0.06009 0.03043 0.01712 0.04231 0.01764 0.02956
v -0.04961 0.05100 0.01712 0.04231 0.01764 0.02956
v -0.06603 0.05100 0.06224 0.04231 0.01764 0.02956
v -0.10762 0.05100 0.08625 0.04231 0.01764 0.02956
v -0.15491 0.05100 0.07791 0.04231 0.01764 0.02956
v -0.18577 0.05100 0.04112 0.04231 0.01764 0.02956
v -0.18577 0.05100 -0.00689 0.04231 0.01764 0.02956
v -0.15491 0.05100 -0.04368 0.04231 0.01764 0.02956
v -0.10762 0.05100 -0.05202 0.04231 0.01764 0.02956
v -0.06603 0.05100 -0.02801 0.04231 0.01764 0.02956
v -0.04961 0.05100 0.01712 0.04231 0.01764 0.02956
v -0.04600 0.07381 0.01712 0.04231 0.01764 0.02956
v -0.06327 0.07381 0.06456 0.04231 0.01764 0.02956
v -0.10699 0.07381 0.08980 0.04231 0.01764 0.02956
v -0.15671 0.07381 0.08104 0.04231 0.01764 0.02956
v -0.18917 0.07381 0.04236 0.04231 0.01764 0.02956
v -0.18917 0.07381 -0.00813 0.04231 0.01764 0.02956
v -0.15671 0.07381 -0.04681 0.04231 0.01764 0.02956
v -0.10699 0.07381 -0.05557 0.04231 0.01764 0.02956
v -0.06327 0.07381 -0.03033 0.04231 0.01764 0.02956
v -0.04600 0.07381 0.01712 0.04231 0.01764 0.02956
v -0.04600 0.25352 0.01712 0.04231 0.01764 0.02956
v -0.06327 0.25352 0.06456 0.04231 0.01764 0.02956
v -0.10699 0.25352 0.08980 0.04231 0.01764 0.02956
v -0.15671 0.25352 0.08104 0.04231 0.01764 0.02956
v -0.18917 0.25352 0.04236 0.04231 0.01764 0.02956
v -0.18917 0.25352 -0.00813 0.04231 0.01764 0.02956
v -0.15671 0.25352 -0.04681 0.04231 0.01764 0.02956
v -0.10699 0.25352 -0.05557 0.04231 0.01764 0.02956
v -0.06327 0.25352 -0.03033 0.04231 0.01764 0.02956
v -0.04600 0.25352 0.01712 0.04231 0.01764 0.02956
v -0.04961 0.27633 0.01712 0.04231 0.01764 0.02956
v -0.06603 0.27633 0.06224 0.04231 0.01764 0.02956
v -0.10762 0.27633 0.08625 0.04231 0.01764 0.02956
v -0.15491 0.27633 0.07791 0.04231 0.01764 0.02956
v -0.18577 0.27633 0.04112 0.04231 0.01764 0.02956
v -0.18577 0.27633 -0.00689 0.04231 0.01764 0.02956
v -0.15491 0.27633 -0.04368 0.04231 0.01764 0.02956
v -0.10762 0.27633 -0.05202 0.04231 0.01764 0.02956
v -0.06603 0.27633 -0.02801 0.04231 0.01764 0.02956
v -0.04961 0.27633 0.01712 0.04231 0.01764 0.02956
v -0.06009 0.29690 0.01712 0.04231 0.01764 0.02956
v -0.07406 0.29690 0.05550 0.04231 0.01764 0.02956
v -0.10944 0.29690 0.07592 0.04231 0.01764 0.02956
v -0.14966 0.29690 0.06883 0.04231 0.01764 0.02956
v -0.17592 0.29690 0.03754 0.04231 0.01764 0.02956
v -0.17592 0.29690 -0.00331 0.04231 0.01764 0.02956
v -0.14966 0.29690 -0.03460 0.04231 0.01764 0.02956
v -0.10944 0.29690 -0.04169 0.04231 0.01764 0.02956
v -0.07406 0.29690 -0.02127 0.04231 0.01764 0.02956
v -0.06009 0.29690 0.01712 0.04231 0.01764 0.02956
v -0.07642 0.31323 0.01712 0.04231 0.01764 0.02956
v -0.08657 0.31323 0.04500 0.04231 0.01764 0.02956
v -0.11227 0.31323 0.05984 0.04231 0.01764 0.02956
v -0.14150 0.31323 0.05469 0.04231 0.01764 0.02956
v -0.16057 0.31323 0.03195 0.04231 0.01764 0.02956
v -0.16057 0.31323 0.00228 0.04231 0.01764 0.02956
v -0.14150 0.31323 -0.02046 0.04231 0.01764 0.02956
v -0.11227 0.31323 -0.02561 0.04231 0.01764 0.02956
v -0.08657 0.31323 -0.01077 0.04231 0.01764 0.02956
v -0.07642 0.31323 0.01712 0.04231 0.01764 0.02956
v -0.09700 0.32372 0.01712 0.04231 0.01764 0.02956
v -0.10233 0.32372 0.03178 0.04231 0.01764 0.02956
v -0.11585 0.32372 0.03958 0.04231 0.01764 0.02956
v -0.13121 0.32372 0.03687 0.04231 0.01764 0.02956
v -0.14124 0.32372 0.02492 0.04231 0.01764 0.02956
v -0.14124 0.32372 0.00931 0.04231 0.01764 0.02956
v -0.13121 0.32372 -0.00264 0.04231 0.01764 0.02956
v -0.11585 0.32372 -0.00535 0.04231 0.01764 0.02956
v -0.10233 0.32372 0.00245 0.04231 0.01764 0.02956
v -0.09700 0.32372 0.01712 0.04231 0.01764 0.02956
v -0.11981 0.32733 0.01712 0.04231 0.01764 0.02956
v -0.11981 0.32733 0.01712 0.04231 0.01764 0.02956
v -0.11981 0.32733 0.01712 0.04231 0.01764 0.02956
v -0.11981 0.32733 0.01712 0.04231 0.01764 0.02956
v -0.11981 0.32733 0.01712 0.04231 0.01764 0.02956
v -0.11981 0.32733 0.01712 0.04231 0.01764 0.02956
v -0.11981 0.32733 0.01712 0.04231 0.01764 0.02956
v -0.11981 0.32733 0.01712 0.04231 0.01764 0.02956
v -0.11981 0.32733 0.01712 0.04231 0.01764 0.02956
v -0.11981 0.32733 0.01712 0.04231 0.01764 0.02956
v -0.11981 0.03402 0.08558 0.04231 0.01764 0.02956
v -0.11981 0.03402 0.08558 0.04231 0.01764 0.02956
v -0.11981 0.03402 0.08558 0.04231 0.01764 0.02956
v -0.11981 0.03402 0.08558 0.04231 0.01764 0.02956
v -0.11981 0.03402 0.08558 0.04231 0.01764 0.02956
v -0.11981 0.03402 0.08558 0.04231 0.01764 0.02956
v -0.11981 0.03402 0.08558 0.04231 0.01764 0.02956
v -0.11981 0.03402 0.08558 0.04231 0.01764 0.02956
v -0.11981 0.03402 0.08558 0.04231 0.01764 0.02956
v -0.11981 0.03402 0.08558 0.04231 0.01764 0.02956
v -0.10196 0.03684 0.08558 0.04231 0.01764 0.02956
v -0.10613 0.03684 0.09705 0.04231 0.01764 0.02956
v -0.11671 0.03684 0.10316 0.04231 0.01764 0.02956
v -0.12873 0.03684 0.10103 0.04231 0.01764 0.02956
v -0.13658 0.03684 0.09168 0.04231 0.01764 0.02956
v -0.13658 0.03684 0.07947 0.04231 0.01764 0.02956
v -0.12873 0.03684 0.07012 0.04231 0.01764 0.02956
v -0.11671 0.03684 0.06800 0.04231 0.01764 0.02956
v -0.10613 0.03684 0.07410 0.04231 0.01764 0.02956
v -0.10196 0.03684 0.08558 0.04231 0.01764 0.02956
v -0.08585 0.04505 0.08558 0.04231 0.01764 0.02956
v -0.09380 0.04505 0.10740 0.04231 0.01764 0.02956
v -0.11391 0.04505 0.11901 0.04231 0.01764 0.02956
v -0.13678 0.04505 0.11498 0.04231 0.01764 0.02956
v -0.15171 0.04505 0.09719 0.04231 0.01764 0.02956
v -0.15171 0.04505 0.07396 0.04231 0.01764 0.02956
v -0.13678 0.04505 0.05617 0.04231 0.01764 0.02956
v -0.11391 0.04505 0.05214 0.04231 0.01764 0.02956
v -0.09380 0.04505 0.06375 0.04231 0.01764 0.02956
v -0.08585 0.04505 0.08558 0.04231 0.01764 0.02956
v -0.07307 0.05783 0.08558 0.04231 0.01764 0.02956
v -0.08401 0.05783 0.11562 0.04231 0.01764 0.02956
v -0.11169 0.05783 0.13160 0.04231 0.01764 0.02956
v -0.14317 0.05783 0.12605 0.04231 0.01764 0.02956
v -0.16372 0.05783 0.10156 0.04231 0.01764 0.02956
v -0.16372 0.05783 0.06959 0.04231 0.01764 0.02956
v -0.14317 0.05783 0.04511 0.04231 0.01764 0.02956
v -0.11169 0.05783 0.03955 0.04231 0.01764 0.02956
v -0.08401 0.05783 0.05554 0.04231 0.01764 0.02956
v -0.07307 0.05783 0.08558 0.04231 0.01764 0.02956
v -0.06487 0.07393 0.08558 0.04231 0.01764 0.02956
v -0.07772 0.07393 0.12089 0.04231 0.01764 0.02956
v -0.11027 0.07393 0.13968 0.04231 0.01764 0.02956
v -0.14728 0.07393 0.13315 0.04231 0.01764 0.02956
v -0.17143 0.07393 0.10437 0.04231 0.01764 0.02956
v -0.17143 0.07393 0.06679 0.04231 0.01764 0.02956
v -0.14728 0.07393 0.03800 0.04231 0.01764 0.02956
v -0.11027 0.07393 0.03147 0.04231 0.01764 0.02956
v -0.07772 0.07393 0.05026 0.04231 0.01764 0.02956
v -0.06487 0.07393 0.08558 0.04231 0.01764 0.02956
v -0.06204 0.09178 0.08558 0.04231 0.01764 0.02956
v -0.07556 0.09178 0.12271 0.04231 0.01764 0.02956
v -0.10978 0.09178 0.14246 0.04231 0.01764 0.02956
v -0.14869 0.09178 0.13560 0.04231 0.01764 0.02956
v -0.17409 0.09178 0.10533 0.04231 0.01764 0.02956
v -0.17409 0.09178 0.06582 0.04231 0.01764 0.02956
v -0.14869 0.09178 0.03555 0.04231 0.01764 0.02956
v -0.10978 0.09178 0.02869 0.04231 0.01764 0.02956
v -0.07556 0.09178 0.04845 0.04231 0.01764 0.02956
v -0.06204 0.09178 0.08558 0.04231 0.01764 0.02956
v -0.06204 0.23555 0.08558 0.04231 0.01764 0.02956
v -0.07556 0.23555 0.12271 0.04231 0.01764 0.02956
v -0.10978 0.23555 0.14246 0.04231 0.01764 0.02956
v -0.14869 0.23555 0.13560 0.04231 0.01764 0.02956
v -0.17409 0.23555 0.10533 0.04231 0.01764 0.02956
v -0.17409 0.23555 0.06582 0.04231 0.01764 0.02956
v -0.14869 0.23555 0.03555 0.04231 0.01764 0.02956
v -0.10978 0.23555 0.02869 0.04231 0.01764 0.02956
v -0.07556 0.23555 0.04845 0.04231 0.01764 0.02956
v -0.06204 0.23555 0.08558 0.04231 0.01764 0.02956
v -0.06487 0.25340 0.08558 0.04231 0.01764 0.02956
v -0.07772 0.25340 0.12089 0.04231 0.01764 0.02956
v -0.11027 0.25340 0.13968 0.04231 0.01764 0.02956
v -0.14728 0.25340 0.13315 0.04231 0.01764 0.02956
v -0.17143 0.25340 0.10437 0.04231 0.01764 0.02956
v -0.17143 0.25340 0.06679 0.04231 0.01764 0.02956
v -0.14728 0.25340 0.03800 0.04231 0.01764 0.02956
v -0.11027 0.25340 0.03147 0.04231 0.01764 0.02956
v -0.07772 0.25340 0.05026 0.04231 0.01764 0.02956
v -0.06487 0.25340 0.08558 0.04231 0.01764 0.02956
v -0.07307 0.26950 0.08558 0.04231 0.01764 0.02956
v -0.08401 0.26950 0.11562 0.04231 0.01764 0.02956
v -0.11169 0.26950 0.13160 0.04231 0.01764 0.02956
v -0.14317 0.26950 0.12605 0.04231 0.01764 0.02956
v -0.16372 0.26950 0.10156 0.04231 0.01764 0.02956
v -0.16372 0.26950 0.06959 0.04231 0.01764 0.02956
v -0.14317 0.26950 0.04511 0.04231 0.01764 0.02956
v -0.11169 0.26950 0.03955 0.04231 0.01764 0.02956
v -0.08401 0.26950 0.05554 0.04231 0.01764 0.02956
v -0.07307 0.26950 0.08558 0.04231 0.01764 0.02956
v -0.08585 0.28228 0.08558 0.04231 0.01764 0.02956
v -0.09380 0.28228 0.10740 0.04231 0.01764 0.02956
v -0.11391 0.28228 0.11901 0.04231 0.01764 0.02956
v -0.13678 0.28228 0.11498 0.04231 0.01764 0.02956
v -0.15171 0.28228 0.09719 0.04231 0.01764 0.02956
v -0.15171 0.28228 0.07396 0.04231 0.01764 0.02956
v -0.13678 0.28228 0.05617 0.04231 0.01764 0.02956
v -0.11391 0.28228 0.05214 0.04231 0.01764 0.02956
v -0.09380 0.28228 0.06375 0.04231 0.01764 0.02956
v -0.08585 0.28228 0.08558 0.04231 0.01764 0.02956
v -0.10196 0.29049 0.08558 0.04231 0.01764 0.02956
v -0.10613 0.29049 0.09705 0.04231 0.01764 0.02956
v -0.11671 0.29049 0.10316 0.04231 0.01764 0.02956
v -0.12873 0.29049 0.10103 0.04231 0.01764 0.02956
v -0.13658 0.29049 0.09168 0.04231 0.01764 0.02956
v -0.13658 0.29049 0.07947 0.04231 0.01764 0.02956
v -0.12873 0.29049 0.07012 0.04231 0.01764 0.02956
v -0.11671 0.29049 0.06800 0.04231 0.01764 0.02956
v -0.10613 0.29049 0.07410 0.04231 0.01764 0.02956
v -0.10196 0.29049 0.08558 0.04231 0.01764 0.02956
v -0.11981 0.29331 0.08558 0.04231 0.01764 0.02956
v -0.11981 0.29331 0.08558 0.04231 0.01764 0.02956
v -0.11981 0.29331 0.08558 0.04231 0.01764 0.02956
v -0.11981 0.29331 0.08558 0.04231 0.01764 0.02956
v -0.11981 0.29331 0.08558 0.04231 0.01764 0.02956
v -0.11981 0.29331 0.08558 0.04231 0.01764 0.02956
v -0.11981 0.29331 0.08558 0.04231 0.01764 0.02956
v -0.11981 0.29331 0.08558 0.04231 0.01764 0.02956
v -0.11981 0.29331 0.08558 0.04231 0.01764 0.02956
v -0.11981 0.29331 0.08558 0.04231 0.01764 0.02956
v -0.11981 0.08600 0.17115 0.04231 0.01764 0.02956
v -0.11981 0.08600 0.17115 0.04231 0.01764 0.02956
v -0.11981 0.08600 0.17115 0.04231 0.01764 0.02956
v -0.11981 0.08600 0.17115 0.04231 0.01764 0.02956
v -0.11981 0.08600 0.17115 0.04231 0.01764 0.02956
v -0.11981 0.08600 0.17115 0.04231 0.01764 0.02956
v -0.11981 0.08600 0.17115 0.04231 0.01764 0.02956
v -0.11981 0.08600 0.17115 0.04231 0.01764 0.02956
v -0.10384 0.08918 0.17115 0.04231 0.01764 0.02956
v -0.10985 0.08918 0.18363 0.04231 0.01764 0.02956
v -0.12336 0.08918 0.18672 0.04231 0.01764 0.02956
v -0.13419 0.08918 0.17808 0.04231 0.01764 0.02956
v -0.13419 0.08918 0.16423 0.04231 0.01764 0.02956
v -0.12336 0.08918 0.15559 0.04231 0.01764 0.02956
v -0.10985 0.08918 0.15867 0.04231 0.01764 0.02956
v -0.10384 0.08918 0.17115 0.04231 0.01764 0.02956
v -0.09031 0.09822 0.17115 0.04231 0.01764 0.02956
v -0.10141 0.09822 0.19422 0.04231 0.01764 0.02956
v -0.12637 0.09822 0.19991 0.04231 0.01764 0.02956
v -0.14638 0.09822 0.18395 0.04231 0.01764 0.02956
v -0.14638 0.09822 0.15835 0.04231 0.01764 0.02956
v -0.12637 0.09822 0.14239 0.04231 0.01764 0.02956
v -0.10141 0.09822 0.14809 0.04231 0.01764 0.02956
v -0.09031 0.09822 0.17115 0.04231 0.01764 0.02956
v -0.08126 0.11176 0.17115 0.04231 0.01764 0.02956
v -0.09578 0.11176 0.20129 0.04231 0.01764 0.02956
v -0.12838 0.11176 0.20873 0.04231 0.01764 0.02956
v -0.15453 0.11176 0.18788 0.04231 0.01764 0.02956
v -0.15453 0.11176 0.15443 0.04231 0.01764 0.02956
v -0.12838 0.11176 0.13358 0.04231 0.01764 0.02956
v -0.09578 0.11176 0.14102 0.04231 0.01764 0.02956
v -0.08126 0.11176 0.17115 0.04231 0.01764 0.02956
v -0.07809 0.12772 0.17115 0.04231 0.01764 0.02956
v -0.09380 0.12772 0.20377 0.04231 0.01764 0.02956
v -0.12909 0.12772 0.21182 0.04231 0.01764 0.02956
v -0.15739 0.12772 0.18925 0.04231 0.01764 0.02956
v -0.15739 0.12772 0.15305 0.04231 0.01764 0.02956
v -0.12909 0.12772 0.13048 0.04231 0.01764 0.02956
v -0.09380 0.12772 0.13854 0.04231 0.01764 0.02956
v -0.07809 0.12772 0.17115 0.04231 0.01764 0.02956
v -0.07809 0.19961 0.17115 0.04231 0.01764 0.02956
v -0.09380 0.19961 0.20377 0.04231 0.01764 0.02956
v -0.12909 0.19961 0.21182 0.04231 0.01764 0.02956
v -0.15739 0.19961 0.18925 0.04231 0.01764 0.02956
v -0.15739 0.19961 0.15305 0.04231 0.01764 0.02956
v -0.12909 0.19961 0.13048 0.04231 0.01764 0.02956
v -0.09380 0.19961 0.13854 0.04231 0.01764 0.02956
v -0.07809 0.19961 0.17115 0.04231 0.01764 0.02956
v -0.08126 0.21557 0.17115 0.04231 0.01764 0.02956
v -0.09578 0.21557 0.20129 0.04231 0.01764 0.02956
v -0.12838 0.21557 0.20873 0.04231 0.01764 0.02956
v -0.15453 0.21557 0.18788 0.04231 0.01764 0.02956
v -0.15453 0.21557 0.15443 0.04231 0.01764 0.02956
v -0.12838 0.21557 0.13358 0.04231 0.01764 0.02956
v -0.09578 0.21557 0.14102 0.04231 0.01764 0.02956
v -0.08126 0.21557 0.17115 0.04231 0.01764 0.02956
v -0.09031 0.22911 0.17115 0.04231 0.01764 0.02956
v -0.10141 0.22911 0.19422 0.04231 0.01764 0.02956
v -0.12637 0.22911 0.19991 0.04231 0.01764 0.02956
v -0.14638 0.22911 0.18395 0.04231 0.01764 0.02956
v -0.14638 0.22911 0.15835 0.04231 0.01764 0.02956
v -0.12637 0.22911 0.14239 0.04231 0.01764 0.02956
v -0.10141 0.22911 0.14809 0.04231 0.01764 0.02956
v -0.09031 0.22911 0.17115 0.04231 0.01764 0.02956
v -0.10384 0.23815 0.17115 0.04231 0.01764 0.02956
v -0.10985 0.23815 0.18363 0.04231 0.01764 0.02956
v -0.12336 0.23815 0.18672 0.04231 0.01764 0.02956
v -0.13419 0.23815 0.17808 0.04231 0.01764 0.02956
v -0.13419 0.23815 0.16423 0.04231 0.01764 0.02956
v -0.12336 0.23815 0.15559 0.04231 0.01764 0.02956
v -0.10985 0.23815 0.15867 0.04231 0.01764 0.02956
v -0.10384 0.23815 0.17115 0.04231 0.01764 0.02956
v -0.11981 0.24133 0.17115 0.04231 0.01764 0.02956
v -0.11981 0.24133 0.17115 0.04231 0.01764 0.02956
v -0.11981 0.24133 0.17115 0.04231 0.01764 0.02956
v -0.11981 0.24133 0.17115 0.04231 0.01764 0.02956
v -0.11981 0.24133 0.17115 0.04231 0.01764 0.02956
v -0.11981 0.24133 0.17115 0.04231 0.01764 0.02956
v -0.11981 0.24133 0.17115 0.04231 0.01764 0.02956
v -0.11981 0.24133 0.17115 0.04231 0.01764 0.02956
f 1 3 2
f 4 6 5
f 7 9 8
f 10 12 11
f 13 15 14
f 16 18 17
f 19 21 20
f 22 24 23
f 25 27 26
f 28 30 29
f 31 33 32
f 34 36 35
f 37 39 38
f 40 42 41
f 43 45 44
f 46 48 47
f 49 51 50
f 52 54 53
f 55 57 56
f 58 60 59
f 61 63 62
f 64 66 65
f 67 69 68
f 70 72 71
f 73 75 74
f 76 78 77
f 79 81 80
f 82 84 83
f 85 87 86
f 88 90 89
f 91 93 92
f 94 96 95
f 97 99 98
f 100 102 101
f 103 105 104
f 106 108 107
f 109 111 110
f 112 114 113
f 115 117 116
f 118 120 119
f 121 123 122
f 124 126 125
f 127 129 128
f 130 132 131
f 133 135 134
f 136 138 137
f 139 141 140
f 142 144 143
f 145 147 146
f 148 150 149
f 151 153 152
f 154 156 155
f 157 159 158
f 160 162 161
f 163 165 164
f 166 168 167
f 169 171 170
f 172 174 173
f 175 177 176
f 178 180 179
f 181 183 182
f 184 186 185
f 187 189 188
f 190 192 191
f 193 195 194
f 196 198 197
f 199 201 200
f 202 204 203
f 205 207 206
f 208 210 209
f 211 213 212
f 214 216 215
f 217 219 218
f 220 222 221
f 223 225 224
f 226 228 227
f 229 231 230
f 232 234 233
f 235 237 236
f 238 240 239
f 241 243 242
f 244 246 245
f 247 249 248
f 250 252 251
f 253 255 254
f 256 258 257
f 259 261 260
f 262 264 263
f 265 267 266
f 268 270 269
f 271 273 272
f 274 276 275
f 277 279 278
f 280 282 281
f 283 285 284
f 286 288 287
f 289 291 290
f 292 294 293
f 295 297 296
f 298 300 299
f 301 303 302
f 304 306 305
f 307 309 308
f 310 312 311
f 313 315 314
f 316 318 317
f 319 321 320
f 322 324 323
f 325 327 326
f 328 330 329
f 331 333 332
f 334 336 335
f 337 339 338
f 340 342 341
f 343 345 344
f 346 348 347
f 349 351 350
f 352 354 353
f 355 357 356
f 358 360 359
f 361 363 362
f 364 366 365
f 367 369 368
f 370 372 371
f 373 375 374
f 376 378 377
f 379 381 380
f 382 384 383
f 385 387 386
f 388 390 389
f 391 393 392
f 394 396 395
f 397 399 398
f 400 402 401
f 403 405 404
f 406 408 407
f 409 411 410
f 412 414 413
f 415 417 416
f 418 420 419
f 421 423 422
f 424 426 425
f 427 429 428
f 430 432 431
f 433 435 434
f 436 438 437
f 439 441 440
f 442 444 443
f 445 447 446
f 448 450 449
f 451 453 452
f 454 456 455
f 457 459 458
f 460 462 461
f 463 465 464
f 466 468 467
f 469 471 470
f 472 474 473
f 475 477 476
f 478 480 479
f 481 483 482
f 484 486 485
f 487 489 488
f 490 492 491
f 493 495 494
f 496 498 497
f 499 501 500
f 502 504 503
f 505 507 506
f 508 510 509
f 511 513 512
f 514 516 515
f 517 519 518
f 520 522 521
f 523 525 524
f 526 528 527
f 529 531 530
f 532 534 533
f 535 537 536
f 538 540 539
f 541 543 542
f 544 546 545
f 547 549 548
f 550 552 551
f 553 555 554
f 556 558 557
f 559 561 560
f 562 564 563
f 565 567 566
f 568 570 569
f 571 573 572
f 574 576 575
f 577 579 578
f 580 582 581
f 583 585 584
f 586 588 587
f 589 591 590
f 592 594 593
f 595 597 596
f 598 600 599
f 601 603 602
f 604 606 605
f 607 609 608
f 610 612 611
f 613 615 614
f 616 618 617
f 619 621 620
f 622 624 623
f 625 627 626
f 628 630 629
f 631 633 632
f 634 636 635
f 637 639 638
f 640 642 641
f 643 645 644
f 646 648 647
f 649 651 650
f 652 654 653
f 655 657 656
f 658 660 659
f 661 663 662
f 664 666 665
f 667 669 668
f 670 672 671
f 673 675 674
f 676 678 677
f 679 681 680
f 682 684 683
f 685 687 686
f 688 690 689
f 691 693 692
f 694 696 695
f 697 699 698
f 700 702 701
f 703 705 704
f 706 708 707
f 709 711 710
f 712 714 713
f 715 717 716
f 718 720 719
f 721 723 722
f 724 726 725
f 727 729 728
f 730 732 731
f 733 735 734
f 736 738 737
f 739 741 740
f 742 744 743
f 745 747 746
f 748 750 749
f 751 753 752
f 754 756 755
f 757 759 758
f 760 762 761
f 763 765 764
f 766 768 767
f 769 771 770
f 772 774 773
f 775 777 776
f 778 780 779
f 781 783 782
f 784 786 785
f 787 789 788
f 790 792 791
f 793 795 794
f 796 798 797
f 799 801 800
f 802 804 803
f 805 807 806
f 808 810 809
f 811 813 812
f 814 816 815
f 817 819 818
f 820 822 821
f 823 825 824
f 826 828 827
f 829 831 830
f 832 834 833
f 835 837 836
f 838 840 839
f 841 843 842
f 844 846 845
f 847 849 848
f 850 852 851
f 853 855 854
f 856 858 857
f 859 861 860
f 862 864 863
f 865 867 866
f 868 870 869
f 871 873 872
f 874 876 875
f 877 879 878
f 880 882 881
f 883 885 884
f 886 888 887
f 889 891 890
f 892 894 893
f 895 897 896
f 898 900 899
f 901 903 902
f 904 906 905
f 907 909 908
f 910 912 911
f 913 915 914
f 916 918 917
f 919 921 920
f 922 924 923
f 925 927 926
f 928 930 929
f 931 933 932
f 934 936 935
f 937 939 938
f 940 942 941
f 943 945 944
f 946 948 947
f 949 951 950
f 952 954 953
f 955 957 956
f 958 960 959
f 961 963 962
f 964 966 965
f 967 969 968
f 970 972 971
f 973 975 974
f 976 978 977
f 979 981 980
f 982 984 983
f 985 987 986
f 988 990 989
f 991 993 992
f 994 996 995
f 997 999 998
f 1000 1002 1001
f 1003 1005 1004
f 1006 1008 1007
f 1009 1011 1010
f 1012 1014 1013
f 1015 1017 1016
f 1018 1020 1019
f 1021 1023 1022
f 1024 1026 1025
f 1027 1029 1028
f 1030 1032 1031
f 1033 1035 1034
f 1036 1038 1037
f 1039 1041 1040
f 1042 1044 1043
f 1045 1047 1046
f 1048 1050 1049
f 1051 1053 1052
f 1054 1056 1055
f 1057 1059 1058
f 1060 1062 1061
f 1063 1065 1064
f 1066 1068 1067
f 1069 1071 1070
f 1072 1074 1073
f 1075 1077 1076
f 1078 1080 1079
f 1081 1083 1082
f 1084 1086 1085
f 1087 1089 1088
f 1090 1092 1091
f 1093 1095 1094
f 1096 1098 1097
f 1099 1101 1100
f 1102 1104 1103
f 1105 1107 1106
f 1108 1110 1109
f 1111 1113 1112
f 1114 1116 1115
f 1117 1119 1118
f 1120 1122 1121
f 1123 1125 1124
f 1126 1128 1127
f 1129 1131 1130
f 1132 1134 1133
f 1135 1137 1136
f 1138 1140 1139
f 1141 1143 1142
f 1144 1146 1145
f 1147 1149 1148
f 1150 1152 1151
f 1153 1155 1154
f 1156 1158 1157
f 1159 1161 1160
f 1162 1164 1163
f 1165 1167 1166
f 1168 1170 1169
f 1171 1173 1172
f 1174 1176 1175
f 1177 1179 1178
f 1180 1182 1181
f 1183 1185 1184
f 1186 1188 1187
f 1189 1191 1190
f 1192 1194 1193
f 1195 1197 1196
f 1198 1200 1199
f 1201 1203 1202
f 1204 1206 1205
f 1207 1209 1208
f 1210 1212 1211
f 1213 1215 1214
f 1216 1218 1217
f 1219 1221 1220
f 1222 1224 1223
f 1225 1227 1226
f 1228 1230 1229
f 1231 1233 1232
f 1234 1236 1235
f 1237 1239 1238
f 1240 1242 1241
f 1243 1245 1244
f 1246 1248 1247
f 1249 1251 1250
f 1252 1254 1253
f 1255 1257 1256
f 1258 1260 1259
f 1261 1263 1262
f 1264 1266 1265
f 1267 1269 1268
f 1270 1272 1271
f 1273 1275 1274
f 1276 1278 1277
f 1279 1281 1280
f 1282 1284 1283
f 1285 1287 1286
f 1288 1290 1289
f 1291 1293 1292
f 1294 1296 1295
f 1297 1299 1298
f 1300 1302 1301
f 1303 1305 1304
f 1306 1308 1307
f 1309 1311 1310
f 1312 1314 1313
f 1315 1317 1316
f 1318 1320 1319
f 1321 1323 1322
f 1324 1326 1325
f 1327 1329 1328
f 1330 1332 1331
f 1333 1335 1334
f 1336 1338 1337
f 1339 1341 1340
f 1342 1344 1343
f 1345 1347 1346
f 1348 1350 1349
f 1351 1353 1352
f 1354 1356 1355
f 1357 1359 1358
f 1360 1362 1361
f 1363 1365 1364
f 1366 1368 1367
f 1369 1371 1370
f 1372 1374 1373
f 1375 1377 1376
f 1378 1380 1379
f 1381 1383 1382
f 1384 1386 1385
f 1387 1389 1388
f 1390 1392 1391
f 1393 1395 1394
f 1396 1398 1397
f 1399 1401 1400
f 1402 1404 1403
f 1405 1407 1406
f 1408 1410 1409
f 1411 1413 1412
f 1414 1416 1415
f 1417 1419 1418
f 1420 1422 1421
f 1423 1425 1424
f 1426 1428 1427
f 1429 1431 1430
f 1432 1434 1433
f 1435 1437 1436
f 1438 1440 1439
f 1441 1443 1442
f 1444 1446 1445
f 1447 1449 1448
f 1450 1452 1451
f 1453 1455 1454
f 1456 1458 1457
f 1459 1461 1460
f 1462 1464 1463
f 1465 1467 1466
f 1468 1470 1469
f 1471 1473 1472
f 1474 1476 1475
f 1477 1479 1478
f 1480 1482 1481
f 1483 1485 1484
f 1486 1488 1487
f 1489 1491 1490
f 1492 1494 1493
f 1495 1497 1496
f 1498 1500 1499
f 1501 1503 1502
f 1504 1506 1505
f 1507 1509 1508
f 1510 1512 1511
f 1513 1515 1514
f 1516 1518 1517
f 1519 1521 1520
f 1522 1524 1523
f 1525 1527 1526
f 1528 1530 1529
f 1531 1533 1532
f 1534 1536 1535
f 1537 1539 1538
f 1540 1542 1541
f 1543 1545 1544
f 1546 1548 1547
f 1549 1551 1550
f 1552 1554 1553
f 1555 1557 1556
f 1558 1560 1559
f 1561 1563 1562
f 1564 1566 1565
f 1567 1569 1568
f 1570 1572 1571
f 1573 1575 1574
f 1576 1578 1577
f 1579 1581 1580
f 1582 1584 1583
f 1585 1587 1586
f 1588 1590 1589
f 1591 1593 1592
f 1594 1596 1595
f 1597 1599 1598
f 1600 1602 1601
f 1603 1605 1604
f 1606 1608 1607
f 1609 1611 1610
f 1612 1614 1613
f 1615 1617 1616
f 1618 1620 1619
f 1621 1623 1622
f 1624 1626 1625
f 1627 1629 1628
f 1630 1632 1631
f 1633 1635 1634
f 1636 1638 1637
f 1639 1641 1640
f 1642 1644 1643
f 1645 1647 1646
f 1648 1650 1649
f 1651 1653 1652
f 1654 1656 1655
f 1657 1659 1658
f 1660 1662 1661
f 1663 1665 1664
f 1666 1668 1667
f 1669 1671 1670
f 1672 1674 1673
f 1675 1677 1676
f 1678 1680 1679
f 1681 1683 1682
f 1684 1686 1685
f 1687 1689 1688
f 1690 1692 1691
f 1693 1695 1694
f 1696 1698 1697
f 1699 1701 1700
f 1702 1704 1703
f 1705 1707 1706
f 1708 1710 1709
f 1711 1713 1712
f 1714 1716 1715
f 1717 1719 1718
f 1720 1722 1721
f 1723 1725 1724
f 1726 1728 1727
f 1729 1731 1730
f 1732 1734 1733
f 1735 1737 1736
f 1738 1740 1739
f 1741 1743 1742
f 1744 1746 1745
f 1747 1749 1748
f 1750 1752 1751
f 1753 1755 1754
f 1756 1758 1757
f 1759 1761 1760
f 1762 1764 1763
f 1765 1781 1780
f 1766 1782 1781
f 1767 1783 1782
f 1768 1784 1783
f 1769 1785 1784
f 1770 1786 1785
f 1771 1787 1786
f 1772 1788 1787
f 1773 1789 1788
f 1774 1790 1789
f 1775 1791 1790
f 1776 1792 1791
f 1777 1793 1792
f 1778 1794 1793
f 1781 1796 1780
f 1780 1796 1795
f 1782 1797 1781
f 1781 1797 1796
f 1783 1798 1782
f 1782 1798 1797
f 1784 1799 1783
f 1783 1799 1798
f 1785 1800 1784
f 1784 1800 1799
f 1786 1801 1785
f 1785 1801 1800
f 1787 1802 1786
f 1786 1802 1801
f 1788 1803 1787
f 1787 1803 1802
f 1789 1804 1788
f 1788 1804 1803
f 1790 1805 1789
f 1789 1805 1804
f 1791 1806 1790
f 1790 1806 1805
f 1792 1807 1791
f 1791 1807 1806
f 1793 1808 1792
f 1792 1808 1807
f 1794 1809 1793
f 1793 1809 1808
f 1796 1811 1795
f 1795 1811 1810
f 1797 1812 1796
f 1796 1812 1811
f 1798 1813 1797
f 1797 1813 1812
f 1799 1814 1798
f 1798 1814 1813
f 1800 1815 1799
f 1799 1815 1814
f 1801 1816 1800
f 1800 1816 1815
f 1802 1817 1801
f 1801 1817 1816
f 1803 1818 1802
f 1802 1818 1817
f 1804 1819 1803
f 1803 1819 1818
f 1805 1820 1804
f 1804 1820 1819
f 1806 1821 1805
f 1805 1821 1820
f 1807 1822 1806
f 1806 1822 1821
f 1808 1823 1807
f 1807 1823 1822
f 1809 1824 1808
f 1808 1824 1823
f 1811 1826 1810
f 1810 1826 1825
f 1812 1827 1811
f 1811 1827 1826
f 1813 1828 1812
f 1812 1828 1827
f 1814 1829 1813
f 1813 1829 1828
f 1815 1830 1814
f 1814 1830 1829
f 1816 1831 1815
f 1815 1831 1830
f 1817 1832 1816
f 1816 1832 1831
f 1818 1833 1817
f 1817 1833 1832
f 1819 1834 1818
f 1818 1834 1833
f 1820 1835 1819
f 1819 1835 1834
f 1821 1836 1820
f 1820 1836 1835
f 1822 1837 1821
f 1821 1837 1836
f 1823 1838 1822
f 1822 1838 1837
f 1824 1839 1823
f 1823 1839 1838
f 1826 1841 1825
f 1825 1841 1840
f 1827 1842 1826
f 1826 1842 1841
f 1828 1843 1827
f 1827 1843 1842
f 1829 1844 1828
f 1828 1844 1843
f 1830 1845 1829
f 1829 1845 1844
f 1831 1846 1830
f 1830 1846 1845
f 1832 1847 1831
f 1831 1847 1846
f 1833 1848 1832
f 1832 1848 1847
f 1834 1849 1833
f 1833 1849 1848
f 1835 1850 1834
f 1834 1850 1849
f 1836 1851 1835
f 1835 1851 1850
f 1837 1852 1836
f 1836 1852 1851
f 1838 1853 1837
f 1837 1853 1852
f 1839 1854 1838
f 1838 1854 1853
f 1841 1856 1840
f 1840 1856 1855
f 1842 1857 1841
f 1841 1857 1856
f 1843 1858 1842
f 1842 1858 1857
f 1844 1859 1843
f 1843 1859 1858
f 1845 1860 1844
f 1844 1860 1859
f 1846 1861 1845
f 1845 1861 1860
f 1847 1862 1846
f 1846 1862 1861
f 1848 1863 1847
f 1847 1863 1862
f 1849 1864 1848
f 1848 1864 1863
f 1850 1865 1849
f 1849 1865 1864
f 1851 1866 1850
f 1850 1866 1865
f 1852 1867 1851
f 1851 1867 1866
f 1853 1868 1852
f 1852 1868 1867
f 1854 1869 1853
f 1853 1869 1868
f 1856 1871 1855
f 1855 1871 1870
f 1857 1872 1856
f 1856 1872 1871
f 1858 1873 1857
f 1857 1873 1872
f 1859 1874 1858
f 1858 1874 1873
f 1860 1875 1859
f 1859 1875 1874
f 1861 1876 1860
f 1860 1876 1875
f 1862 1877 1861
f 1861 1877 1876
f 1863 1878 1862
f 1862 1878 1877
f 1864 1879 1863
f 1863 1879 1878
f 1865 1880 1864
f 1864 1880 1879
f 1866 1881 1865
f 1865 1881 1880
f 1867 1882 1866
f 1866 1882 1881
f 1868 1883 1867
f 1867 1883 1882
f 1869 1884 1868
f 1868 1884 1883
f 1871 1886 1870
f 1870 1886 1885
f 1872 1887 1871
f 1871 1887 1886
f 1873 1888 1872
f 1872 1888 1887
f 1874 1889 1873
f 1873 1889 1888
f 1875 1890 1874
f 1874 1890 1889
f 1876 1891 1875
f 1875 1891 1890
f 1877 1892 1876
f 1876 1892 1891
f 1878 1893 1877
f 1877 1893 1892
f 1879 1894 1878
f 1878 1894 1893
f 1880 1895 1879
f 1879 1895 1894
f 1881 1896 1880
f 1880 1896 1895
f 1882 1897 1881
f 1881 1897 1896
f 1883 1898 1882
f 1882 1898 1897
f 1884 1899 1883
f 1883 1899 1898
f 1886 1901 1885
f 1885 1901 1900
f 1887 1902 1886
f 1886 1902 1901
f 1888 1903 1887
f 1887 1903 1902
f 1889 1904 1888
f 1888 1904 1903
f 1890 1905 1889
f 1889 1905 1904
f 1891 1906 1890
f 1890 1906 1905
f 1892 1907 1891
f 1891 1907 1906
f 1893 1908 1892
f 1892 1908 1907
f 1894 1909 1893
f 1893 1909 1908
f 1895 1910 1894
f 1894 1910 1909
f 1896 1911 1895
f 1895 1911 1910
f 1897 1912 1896
f 1896 1912 1911
f 1898 1913 1897
f 1897 1913 1912
f 1899 1914 1898
f 1898 1914 1913
f 1901 1916 1900
f 1902 1917 1901
f 1903 1918 1902
f 1904 1919 1903
f 1905 1920 1904
f 1906 1921 1905
f 1907 1922 1906
f 1908 1923 1907
f 1909 1924 1908
f 1910 1925 1909
f 1911 1926 1910
f 1912 1927 1911
f 1913 1928 1912
f 1914 1929 1913
f 1930 1940 1931
f 1931 1940 1941
f 1931 1941 1932
f 1932 1941 1942
f 1932 1942 1933
f 1933 1942 1943
f 1933 1943 1934
f 1934 1943 1944
f 1934 1944 1935
f 1935 1944 1945
f 1935 1945 1936
f 1936 1945 1946
f 1936 1946 1937
f 1937 1946 1947
f 1937 1947 1938
f 1938 1947 1948
f 1938 1948 1939
f 1939 1948 1949
f 1940 1950 1941
f 1941 1950 1951
f 1941 1951 1942
f 1942 1951 1952
f 1942 1952 1943
f 1943 1952 1953
f 1943 1953 1944
f 1944 1953 1954
f 1944 1954 1945
f 1945 1954 1955
f 1945 1955 1946
f 1946 1955 1956
f 1946 1956 1947
f 1947 1956 1957
f 1947 1957 1948
f 1948 1957 1958
f 1948 1958 1949
f 1949 1958 1959
f 1950 1960 1951
f 1951 1960 1961
f 1951 1961 1952
f 1952 1961 1962
f 1952 1962 1953
f 1953 1962 1963
f 1953 1963 1954
f 1954 1963 1964
f 1954 1964 1955
f 1955 1964 1965
f 1955 1965 1956
f 1956 1965 1966
f 1956 1966 1957
f 1957 1966 1967
f 1957 1967 1958
f 1958 1967 1968
f 1958 1968 1959
f 1959 1968 1969
f 1960 1970 1961
f 1961 1970 1971
f 1961 1971 1962
f 1962 1971 1972
f 1962 1972 1963
f 1963 1972 1973
f 1963 1973 1964
f 1964 1973 1974
f 1964 1974 1965
f 1965 1974 1975
f 1965 1975 1966
f 1966 1975 1976
f 1966 1976 1967
f 1967 1976 1977
f 1967 1977 1968
f 1968 1977 1978
f 1968 1978 1969
f 1969 1978 1979
f 1970 1980 1971
f 1971 1980 1981
f 1971 1981 1972
f 1972 1981 1982
f 1972 1982 1973
f 1973 1982 1983
f 1973 1983 1974
f 1974 1983 1984
f 1974 1984 1975
f 1975 1984 1985
f 1975 1985 1976
f 1976 1985 1986
f 1976 1986 1977
f 1977 1986 1987
f 1977 1987 1978
f 1978 1987 1988
f 1978 1988 1979
f 1979 1988 1989
f 1980 1990 1981
f 1981 1990 1991
f 1981 1991 1982
f 1982 1991 1992
f 1982 1992 1983
f 1983 1992 1993
f 1983 1993 1984
f 1984 1993 1994
f 1984 1994 1985
f 1985 1994 1995
f 1985 1995 1986
f 1986 1995 1996
f 1986 1996 1987
f 1987 1996 1997
f 1987 1997 1988
f 1988 1997 1998
f 1988 1998 1989
f 1989 1998 1999
f 1990 2000 1991
f 1991 2000 2001
f 1991 2001 1992
f 1992 2001 2002
f 1992 2002 1993
f 1993 2002 2003
f 1993 2003 1994
f 1994 2003 2004
f 1994 2004 1995
f 1995 2004 2005
f 1995 2005 1996
f 1996 2005 2006
f 1996 2006 1997
f 1997 2006 2007
f 1997 2007 1998
f 1998 2007 2008
f 1998 2008 1999
f 1999 2008 2009
f 2000 2010 2001
f 2001 2010 2011
f 2001 2011 2002
f 2002 2011 2012
f 2002 2012 2003
f 2003 2012 2013
f 2003 2013 2004
f 2004 2013 2014
f 2004 2014 2005
f 2005 2014 2015
f 2005 2015 2006
f 2006 2015 2016
f 2006 2016 2007
f 2007 2016 2017
f 2007 2017 2008
f 2008 2017 2018
f 2008 2018 2009
f 2009 2018 2019
f 2010 2020 2011
f 2011 2020 2021
f 2011 2021 2012
f 2012 2021 2022
f 2012 2022 2013
f 2013 2022 2023
f 2013 2023 2014
f 2014 2023 2024
f 2014 2024 2015
f 2015 2024 2025
f 2015 2025 2016
f 2016 2025 2026
f 2016 2026 2017
f 2017 2026 2027
f 2017 2027 2018
f 2018 2027 2028
f 2018 2028 2019
f 2019 2028 2029
f 2020 2030 2021
f 2021 2030 2031
f 2021 2031 2022
f 2022 2031 2032
f 2022 2032 2023
f 2023 2032 2033
f 2023 2033 2024
f 2024 2033 2034
f 2024 2034 2025
f 2025 2034 2035
f 2025 2035 2026
f 2026 2035 2036
f 2026 2036 2027
f 2027 2036 2037
f 2027 2037 2028
f 2028 2037 2038
f 2028 2038 2029
f 2029 2038 2039
f 2030 2040 2031
f 2031 2040 2041
f 2031 2041 2032
f 2032 2041 2042
f 2032 2042 2033
f 2033 2042 2043
f 2033 2043 2034
f 2034 2043 2044
f 2034 2044 2035
f 2035 2044 2045
f 2035 2045 2036
f 2036 2045 2046
f 2036 2046 2037
f 2037 2046 2047
f 2037 2047 2038
f 2038 2047 2048
f 2038 2048 2039
f 2039 2048 2049
f 2050 2060 2051
f 2051 2060 2061
f 2051 2061 2052
f 2052 2061 2062
f 2052 2062 2053
f 2053 2062 2063
f 2053 2063 2054
f 2054 2063 2064
f 2054 2064 2055
f 2055 2064 2065
f 2055 2065 2056
f 2056 2065 2066
f 2056 2066 2057
f 2057 2066 2067
f 2057 2067 2058
f 2058 2067 2068
f 2058 2068 2059
f 2059 2068 2069
f 2060 2070 2061
f 2061 2070 2071
f 2061 2071 2062
f 2062 2071 2072
f 2062 2072 2063
f 2063 2072 2073
f 2063 2073 2064
f 2064 2073 2074
f 2064 2074 2065
f 2065 2074 2075
f 2065 2075 2066
f 2066 2075 2076
f 2066 2076 2067
f 2067 2076 2077
f 2067 2077 2068
f 2068 2077 2078
f 2068 2078 2069
f 2069 2078 2079
f 2070 2080 2071
f 2071 2080 2081
f 2071 2081 2072
f 2072 2081 2082
f 2072 2082 2073
f 2073 2082 2083
f 2073 2083 2074
f 2074 2083 2084
f 2074 2084 2075
f 2075 2084 2085
f 2075 2085 2076
f 2076 2085 2086
f 2076 2086 2077
f 2077 2086 2087
f 2077 2087 2078
f 2078 2087 2088
f 2078 2088 2079
f 2079 2088 2089
f 2080 2090 2081
f 2081 2090 2091
f 2081 2091 2082
f 2082 2091 2092
f 2082 2092 2083
f 2083 2092 2093
f 2083 2093 2084
f 2084 2093 2094
f 2084 2094 2085
f 2085 2094 2095
f 2085 2095 2086
f 2086 2095 2096
f 2086 2096 2087
f 2087 2096 2097
f 2087 2097 2088
f 2088 2097 2098
f 2088 2098 2089
f 2089 2098 2099
f 2090 2100 2091
f 2091 2100 2101
f 2091 2101 2092
f 2092 2101 2102
f 2092 2102 2093
f 2093 2102 2103
f 2093 2103 2094
f 2094 2103 2104
f 2094 2104 2095
f 2095 2104 2105
f 2095 2105 2096
f 2096 2105 2106
f 2096 2106 2097
f 2097 2106 2107
f 2097 2107 2098
f 2098 2107 2108
f 2098 2108 2099
f 2099 2108 2109
f 2100 2110 2101
f 2101 2110 2111
f 2101 2111 2102
f 2102 2111 2112
f 2102 2112 2103
f 2103 2112 2113
f 2103 2113 2104
f 2104 2113 2114
f 2104 2114 2105
f 2105 2114 2115
f 2105 2115 2106
f 2106 2115 2116
f 2106 2116 2107
f 2107 2116 2117
f 2107 2117 2108
f 2108 2117 2118
f 2108 2118 2109
f 2109 2118 2119
f 2110 2120 2111
f 2111 2120 2121
f 2111 2121 2112
f 2112 2121 2122
f 2112 2122 2113
f 2113 2122 2123
f 2113 2123 2114
f 2114 2123 2124
f 2114 2124 2115
f 2115 2124 2125
f 2115 2125 2116
f 2116 2125 2126
f 2116 2126 2117
f 2117 2126 2127
f 2117 2127 2118
f 2118 2127 2128
f 2118 2128 2119
f 2119 2128 2129
f 2120 2130 2121
f 2121 2130 2131
f 2121 2131 2122
f 2122 2131 2132
f 2122 2132 2123
f 2123 2132 2133
f 2123 2133 2124
f 2124 2133 2134
f 2124 2134 2125
f 2125 2134 2135
f 2125 2135 2126
f 2126 2135 2136
f 2126 2136 2127
f 2127 2136 2137
f 2127 2137 2128
f 2128 2137 2138
f 2128 2138 2129
f 2129 2138 2139
f 2130 2140 2131
f 2131 2140 2141
f 2131 2141 2132
f 2132 2141 2142
f 2132 2142 2133
f 2133 2142 2143
f 2133 2143 2134
f 2134 2143 2144
f 2134 2144 2135
f 2135 2144 2145
f 2135 2145 2136
f 2136 2145 2146
f 2136 2146 2137
f 2137 2146 2147
f 2137 2147 2138
f 2138 2147 2148
f 2138 2148 2139
f 2139 2148 2149
f 2140 2150 2141
f 2141 2150 2151
f 2141 2151 2142
f 2142 2151 2152
f 2142 2152 2143
f 2143 2152 2153
f 2143 2153 2144
f 2144 2153 2154
f 2144 2154 2145
f 2145 2154 2155
f 2145 2155 2146
f 2146 2155 2156
f 2146 2156 2147
f 2147 2156 2157
f 2147 2157 2148
f 2148 2157 2158
f 2148 2158 2149
f 2149 2158 2159
f 2150 2160 2151
f 2151 2160 2161
f 2151 2161 2152
f 2152 2161 2162
f 2152 2162 2153
f 2153 2162 2163
f 2153 2163 2154
f 2154 2163 2164
f 2154 2164 2155
f 2155 2164 2165
f 2155 2165 2156
f 2156 2165 2166
f 2156 2166 2157
f 2157 2166 2167
f 2157 2167 2158
f 2158 2167 2168
f 2158 2168 2159
f 2159 2168 2169
f 2170 2180 2171
f 2171 2180 2181
f 2171 2181 2172
f 2172 2181 2182
f 2172 2182 2173
f 2173 2182 2183
f 2173 2183 2174
f 2174 2183 2184
f 2174 2184 2175
f 2175 2184 2185
f 2175 2185 2176
f 2176 2185 2186
f 2176 2186 2177
f 2177 2186 2187
f 2177 2187 2178
f 2178 2187 2188
f 2178 2188 2179
f 2179 2188 2189
f 2180 2190 2181
f 2181 2190 2191
f 2181 2191 2182
f 2182 2191 2192
f 2182 2192 2183
f 2183 2192 2193
f 2183 2193 2184
f 2184 2193 2194
f 2184 2194 2185
f 2185 2194 2195
f 2185 2195 2186
f 2186 2195 2196
f 2186 2196 2187
f 2187 2196 2197
f 2187 2197 2188
f 2188 2197 2198
f 2188 2198 2189
f 2189 2198 2199
f 2190 2200 2191
f 2191 2200 2201
f 2191 2201 2192
f 2192 2201 2202
f 2192 2202 2193
f 2193 2202 2203
f 2193 2203 2194
f 2194 2203 2204
f 2194 2204 2195
f 2195 2204 2205
f 2195 2205 2196
f 2196 2205 2206
f 2196 2206 2197
f 2197 2206 2207
f 2197 2207 2198
f 2198 2207 2208
f 2198 2208 2199
f 2199 2208 2209
f 2200 2210 2201
f 2201 2210 2211
f 2201 2211 2202
f 2202 2211 2212
f 2202 2212 2203
f 2203 2212 2213
f 2203 2213 2204
f 2204 2213 2214
f 2204 2214 2205
f 2205 2214 2215
f 2205 2215 2206
f 2206 2215 2216
f 2206 2216 2207
f 2207 2216 2217
f 2207 2217 2208
f 2208 2217 2218
f 2208 2218 2209
f 2209 2218 2219
f 2210 2220 2211
f 2211 2220 2221
f 2211 2221 2212
f 2212 2221 2222
f 2212 2222 2213
f 2213 2222 2223
f 2213 2223 2214
f 2214 2223 2224
f 2214 2224 2215
f 2215 2224 2225
f 2215 2225 2216
f 2216 2225 2226
f 2216 2226 2217
f 2217 2226 2227
f 2217 2227 2218
f 2218 2227 2228
f 2218 2228 2219
f 2219 2228 2229
f 2220 2230 2221
f 2221 2230 2231
f 2221 2231 2222
f 2222 2231 2232
f 2222 2232 2223
f 2223 2232 2233
f 2223 2233 2224
f 2224 2233 2234
f 2224 2234 2225
f 2225 2234 2235
f 2225 2235 2226
f 2226 2235 2236
f 2226 2236 2227
f 2227 2236 2237
f 2227 2237 2228
f 2228 2237 2238
f 2228 2238 2229
f 2229 2238 2239
f 2230 2240 2231
f 2231 2240 2241
f 2231 2241 2232
f 2232 2241 2242
f 2232 2242 2233
f 2233 2242 2243
f 2233 2243 2234
f 2234 2243 2244
f 2234 2244 2235
f 2235 2244 2245
f 2235 2245 2236
f 2236 2245 2246
f 2236 2246 2237
f 2237 2246 2247
f 2237 2247 2238
f 2238 2247 2248
f 2238 2248 2239
f 2239 2248 2249
f 2240 2250 2241
f 2241 2250 2251
f 2241 2251 2242
f 2242 2251 2252
f 2242 2252 2243
f 2243 2252 2253
f 2243 2253 2244
f 2244 2253 2254
f 2244 2254 2245
f 2245 2254 2255
f 2245 2255 2246
f 2246 2255 2256
f 2246 2256 2247
f 2247 2256 2257
f 2247 2257 2248
f 2248 2257 2258
f 2248 2258 2249
f 2249 2258 2259
f 2250 2260 2251
f 2251 2260 2261
f 2251 2261 2252
f 2252 2261 2262
f 2252 2262 2253
f 2253 2262 2263
f 2253 2263 2254
f 2254 2263 2264
f 2254 2264 2255
f 2255 2264 2265
f 2255 2265 2256
f 2256 2265 2266
f 2256 2266 2257
f 2257 2266 2267
f 2257 2267 2258
f 2258 2267 2268
f 2258 2268 2259
f 2259 2268 2269
f 2260 2270 2261
f 2261 2270 2271
f 2261 2271 2262
f 2262 2271 2272
f 2262 2272 2263
f 2263 2272 2273
f 2263 2273 2264
f 2264 2273 2274
f 2264 2274 2265
f 2265 2274 2275
f 2265 2275 2266
f 2266 2275 2276
f 2266 2276 2267
f 2267 2276 2277
f 2267 2277 2268
f 2268 2277 2278
f 2268 2278 2269
f 2269 2278 2279
f 2270 2280 2271
f 2271 2280 2281
f 2271 2281 2272
f 2272 2281 2282
f 2272 2282 2273
f 2273 2282 2283
f 2273 2283 2274
f 2274 2283 2284
f 2274 2284 2275
f 2275 2284 2285
f 2275 2285 2276
f 2276 2285 2286
f 2276 2286 2277
f 2277 2286 2287
f 2277 2287 2278
f 2278 2287 2288
f 2278 2288 2279
f 2279 2288 2289
f 2290 2300 2291
f 2291 2300 2301
f 2291 2301 2292
f 2292 2301 2302
f 2292 2302 2293
f 2293 2302 2303
f 2293 2303 2294
f 2294 2303 2304
f 2294 2304 2295
f 2295 2304 2305
f 2295 2305 2296
f 2296 2305 2306
f 2296 2306 2297
f 2297 2306 2307
f 2297 2307 2298
f 2298 2307 2308
f 2298 2308 2299
f 2299 2308 2309
f 2300 2310 2301
f 2301 2310 2311
f 2301 2311 2302
f 2302 2311 2312
f 2302 2312 2303
f 2303 2312 2313
f 2303 2313 2304
f 2304 2313 2314
f 2304 2314 2305
f 2305 2314 2315
f 2305 2315 2306
f 2306 2315 2316
f 2306 2316 2307
f 2307 2316 2317
f 2307 2317 2308
f 2308 2317 2318
f 2308 2318 2309
f 2309 2318 2319
f 2310 2320 2311
f 2311 2320 2321
f 2311 2321 2312
f 2312 2321 2322
f 2312 2322 2313
f 2313 2322 2323
f 2313 2323 2314
f 2314 2323 2324
f 2314 2324 2315
f 2315 2324 2325
f 2315 2325 2316
f 2316 2325 2326
f 2316 2326 2317
f 2317 2326 2327
f 2317 2327 2318
f 2318 2327 2328
f 2318 2328 2319
f 2319 2328 2329
f 2320 2330 2321
f 2321 2330 2331
f 2321 2331 2322
f 2322 2331 2332
f 2322 2332 2323
f 2323 2332 2333
f 2323 2333 2324
f 2324 2333 2334
f 2324 2334 2325
f 2325 2334 2335
f 2325 2335 2326
f 2326 2335 2336
f 2326 2336 2327
f 2327 2336 2337
f 2327 2337 2328
f 2328 2337 2338
f 2328 2338 2329
f 2329 2338 2339
f 2330 2340 2331
f 2331 2340 2341
f 2331 2341 2332
f 2332 2341 2342
f 2332 2342 2333
f 2333 2342 2343
f 2333 2343 2334
f 2334 2343 2344
f 2334 2344 2335
f 2335 2344 2345
f 2335 2345 2336
f 2336 2345 2346
f 2336 2346 2337
f 2337 2346 2347
f 2337 2347 2338
f 2338 2347 2348
f 2338 2348 2339
f 2339 2348 2349
f 2340 2350 2341
f 2341 2350 2351
f 2341 2351 2342
f 2342 2351 2352
f 2342 2352 2343
f 2343 2352 2353
f 2343 2353 2344
f 2344 2353 2354
f 2344 2354 2345
f 2345 2354 2355
f 2345 2355 2346
f 2346 2355 2356
f 2346 2356 2347
f 2347 2356 2357
f 2347 2357 2348
f 2348 2357 2358
f 2348 2358 2349
f 2349 2358 2359
f 2350 2360 2351
f 2351 2360 2361
f 2351 2361 2352
f 2352 2361 2362
f 2352 2362 2353
f 2353 2362 2363
f 2353 2363 2354
f 2354 2363 2364
f 2354 2364 2355
f 2355 2364 2365
f 2355 2365 2356
f 2356 2365 2366
f 2356 2366 2357
f 2357 2366 2367
f 2357 2367 2358
f 2358 2367 2368
f 2358 2368 2359
f 2359 2368 2369
f 2360 2370 2361
f 2361 2370 2371
f 2361 2371 2362
f 2362 2371 2372
f 2362 2372 2363
f 2363 2372 2373
f 2363 2373 2364
f 2364 2373 2374
f 2364 2374 2365
f 2365 2374 2375
f 2365 2375 2366
f 2366 2375 2376
f 2366 2376 2367
f 2367 2376 2377
f 2367 2377 2368
f 2368 2377 2378
f 2368 2378 2369
f 2369 2378 2379
f 2370 2380 2371
f 2371 2380 2381
f 2371 2381 2372
f 2372 2381 2382
f 2372 2382 2373
f 2373 2382 2383
f 2373 2383 2374
f 2374 2383 2384
f 2374 2384 2375
f 2375 2384 2385
f 2375 2385 2376
f 2376 2385 2386
f 2376 2386 2377
f 2377 2386 2387
f 2377 2387 2378
f 2378 2387 2388
f 2378 2388 2379
f 2379 2388 2389
f 2380 2390 2381
f 2381 2390 2391
f 2381 2391 2382
f 2382 2391 2392
f 2382 2392 2383
f 2383 2392 2393
f 2383 2393 2384
f 2384 2393 2394
f 2384 2394 2385
f 2385 2394 2395
f 2385 2395 2386
f 2386 2395 2396
f 2386 2396 2387
f 2387 2396 2397
f 2387 2397 2388
f 2388 2397 2398
f 2388 2398 2389
f 2389 2398 2399
f 2390 2400 2391
f 2391 2400 2401
f 2391 2401 2392
f 2392 2401 2402
f 2392 2402 2393
f 2393 2402 2403
f 2393 2403 2394
f 2394 2403 2404
f 2394 2404 2395
f 2395 2404 2405
f 2395 2405 2396
f 2396 2405 2406
f 2396 2406 2397
f 2397 2406 2407
f 2397 2407 2398
f 2398 2407 2408
f 2398 2408 2399
f 2399 2408 2409
f 2410 2420 2411
f 2411 2420 2421
f 2411 2421 2412
f 2412 2421 2422
f 2412 2422 2413
f 2413 2422 2423
f 2413 2423 2414
f 2414 2423 2424
f 2414 2424 2415
f 2415 2424 2425
f 2415 2425 2416
f 2416 2425 2426
f 2416 2426 2417
f 2417 2426 2427
f 2417 2427 2418
f 2418 2427 2428
f 2418 2428 2419
f 2419 2428 2429
f 2420 2430 2421
f 2421 2430 2431
f 2421 2431 2422
f 2422 2431 2432
f 2422 2432 2423
f 2423 2432 2433
f 2423 2433 2424
f 2424 2433 2434
f 2424 2434 2425
f 2425 2434 2435
f 2425 2435 2426
f 2426 2435 2436
f 2426 2436 2427
f 2427 2436 2437
f 2427 2437 2428
f 2428 2437 2438
f 2428 2438 2429
f 2429 2438 2439
f 2430 2440 2431
f 2431 2440 2441
f 2431 2441 2432
f 2432 2441 2442
f 2432 2442 2433
f 2433 2442 2443
f 2433 2443 2434
f 2434 2443 2444
f 2434 2444 2435
f 2435 2444 2445
f 2435 2445 2436
f 2436 2445 2446
f 2436 2446 2437
f 2437 2446 2447
f 2437 2447 2438
f 2438 2447 2448
f 2438 2448 2439
f 2439 2448 2449
f 2440 2450 2441
f 2441 2450 2451
f 2441 2451 2442
f 2442 2451 2452
f 2442 2452 2443
f 2443 2452 2453
f 2443 2453 2444
f 2444 2453 2454
f 2444 2454 2445
f 2445 2454 2455
f 2445 2455 2446
f 2446 2455 2456
f 2446 2456 2447
f 2447 2456 2457
f 2447 2457 2448
f 2448 2457 2458
f 2448 2458 2449
f 2449 2458 2459
f 2450 2460 2451
f 2451 2460 2461
f 2451 2461 2452
f 2452 2461 2462
f 2452 2462 2453
f 2453 2462 2463
f 2453 2463 2454
f 2454 2463 2464
f 2454 2464 2455
f 2455 2464 2465
f 2455 2465 2456
f 2456 2465 2466
f 2456 2466 2457
f 2457 2466 2467
f 2457 2467 2458
f 2458 2467 2468
f 2458 2468 2459
f 2459 2468 2469
f 2460 2470 2461
f 2461 2470 2471
f 2461 2471 2462
f 2462 2471 2472
f 2462 2472 2463
f 2463 2472 2473
f 2463 2473 2464
f 2464 2473 2474
f 2464 2474 2465
f 2465 2474 2475
f 2465 2475 2466
f 2466 2475 2476
f 2466 2476 2467
f 2467 2476 2477
f 2467 2477 2468
f 2468 2477 2478
f 2468 2478 2469
f 2469 2478 2479
f 2470 2480 2471
f 2471 2480 2481
f 2471 2481 2472
f 2472 2481 2482
f 2472 2482 2473
f 2473 2482 2483
f 2473 2483 2474
f 2474 2483 2484
f 2474 2484 2475
f 2475 2484 2485
f 2475 2485 2476
f 2476 2485 2486
f 2476 2486 2477
f 2477 2486 2487
f 2477 2487 2478
f 2478 2487 2488
f 2478 2488 2479
f 2479 2488 2489
f 2480 2490 2481
f 2481 2490 2491
f 2481 2491 2482
f 2482 2491 2492
f 2482 2492 2483
f 2483 2492 2493
f 2483 2493 2484
f 2484 2493 2494
f 2484 2494 2485
f 2485 2494 2495
f 2485 2495 2486
f 2486 2495 2496
f 2486 2496 2487
f 2487 2496 2497
f 2487 2497 2488
f 2488 2497 2498
f 2488 2498 2489
f 2489 2498 2499
f 2490 2500 2491
f 2491 2500 2501
f 2491 2501 2492
f 2492 2501 2502
f 2492 2502 2493
f 2493 2502 2503
f 2493 2503 2494
f 2494 2503 2504
f 2494 2504 2495
f 2495 2504 2505
f 2495 2505 2496
f 2496 2505 2506
f 2496 2506 2497
f 2497 2506 2507
f 2497 2507 2498
f 2498 2507 2508
f 2498 2508 2499
f 2499 2508 2509
f 2500 2510 2501
f 2501 2510 2511
f 2501 2511 2502
f 2502 2511 2512
f 2502 2512 2503
f 2503 2512 2513
f 2503 2513 2504
f 2504 2513 2514
f 2504 2514 2505
f 2505 2514 2515
f 2505 2515 2506
f 2506 2515 2516
f 2506 2516 2507
f 2507 2516 2517
f 2507 2517 2508
f 2508 2517 2518
f 2508 2518 2509
f 2509 2518 2519
f 2510 2520 2511
f 2511 2520 2521
f 2511 2521 2512
f 2512 2521 2522
f 2512 2522 2513
f 2513 2522 2523
f 2513 2523 2514
f 2514 2523 2524
f 2514 2524 2515
f 2515 2524 2525
f 2515 2525 2516
f 2516 2525 2526
f 2516 2526 2517
f 2517 2526 2527
f 2517 2527 2518
f 2518 2527 2528
f 2518 2528 2519
f 2519 2528 2529
f 2530 2540 2531
f 2531 2540 2541
f 2531 2541 2532
f 2532 2541 2542
f 2532 2542 2533
f 2533 2542 2543
f 2533 2543 2534
f 2534 2543 2544
f 2534 2544 2535
f 2535 2544 2545
f 2535 2545 2536
f 2536 2545 2546
f 2536 2546 2537
f 2537 2546 2547
f 2537 2547 2538
f 2538 2547 2548
f 2538 2548 2539
f 2539 2548 2549
f 2540 2550 2541
f 2541 2550 2551
f 2541 2551 2542
f 2542 2551 2552
f 2542 2552 2543
f 2543 2552 2553
f 2543 2553 2544
f 2544 2553 2554
f 2544 2554 2545
f 2545 2554 2555
f 2545 2555 2546
f 2546 2555 2556
f 2546 2556 2547
f 2547 2556 2557
f 2547 2557 2548
f 2548 2557 2558
f 2548 2558 2549
f 2549 2558 2559
f 2550 2560 2551
f 2551 2560 2561
f 2551 2561 2552
f 2552 2561 2562
f 2552 2562 2553
f 2553 2562 2563
f 2553 2563 2554
f 2554 2563 2564
f 2554 2564 2555
f 2555 2564 2565
f 2555 2565 2556
f 2556 2565 2566
f 2556 2566 2557
f 2557 2566 2567
f 2557 2567 2558
f 2558 2567 2568
f 2558 2568 2559
f 2559 2568 2569
f 2560 2570 2561
f 2561 2570 2571
f 2561 2571 2562
f 2562 2571 2572
f 2562 2572 2563
f 2563 2572 2573
f 2563 2573 2564
f 2564 2573 2574
f 2564 2574 2565
f 2565 2574 2575
f 2565 2575 2566
f 2566 2575 2576
f 2566 2576 2567
f 2567 2576 2577
f 2567 2577 2568
f 2568 2577 2578
f 2568 2578 2569
f 2569 2578 2579
f 2570 2580 2571
f 2571 2580 2581
f 2571 2581 2572
f 2572 2581 2582
f 2572 2582 2573
f 2573 2582 2583
f 2573 2583 2574
f 2574 2583 2584
f 2574 2584 2575
f 2575 2584 2585
f 2575 2585 2576
f 2576 2585 2586
f 2576 2586 2577
f 2577 2586 2587
f 2577 2587 2578
f 2578 2587 2588
f 2578 2588 2579
f 2579 2588 2589
f 2580 2590 2581
f 2581 2590 2591
f 2581 2591 2582
f 2582 2591 2592
f 2582 2592 2583
f 2583 2592 2593
f 2583 2593 2584
f 2584 2593 2594
f 2584 2594 2585
f 2585 2594 2595
f 2585 2595 2586
f 2586 2595 2596
f 2586 2596 2587
f 2587 2596 2597
f 2587 2597 2588
f 2588 2597 2598
f 2588 2598 2589
f 2589 2598 2599
f 2590 2600 2591
f 2591 2600 2601
f 2591 2601 2592
f 2592 2601 2602
f 2592 2602 2593
f 2593 2602 2603
f 2593 2603 2594
f 2594 2603 2604
f 2594 2604 2595
f 2595 2604 2605
f 2595 2605 2596
f 2596 2605 2606
f 2596 2606 2597
f 2597 2606 2607
f 2597 2607 2598
f 2598 2607 2608
f 2598 2608 2599
f 2599 2608 2609
f 2600 2610 2601
f 2601 2610 2611
f 2601 2611 2602
f 2602 2611 2612
f 2602 2612 2603
f 2603 2612 2613
f 2603 2613 2604
f 2604 2613 2614
f 2604 2614 2605
f 2605 2614 2615
f 2605 2615 2606
f 2606 2615 2616
f 2606 2616 2607
f 2607 2616 2617
f 2607 2617 2608
f 2608 2617 2618
f 2608 2618 2609
f 2609 2618 2619
f 2610 2620 2611
f 2611 2620 2621
f 2611 2621 2612
f 2612 2621 2622
f 2612 2622 2613
f 2613 2622 2623
f 2613 2623 2614
f 2614 2623 2624
f 2614 2624 2615
f 2615 2624 2625
f 2615 2625 2616
f 2616 2625 2626
f 2616 2626 2617
f 2617 2626 2627
f 2617 2627 2618
f 2618 2627 2628
f 2618 2628 2619
f 2619 2628 2629
f 2620 2630 2621
f 2621 2630 2631
f 2621 2631 2622
f 2622 2631 2632
f 2622 2632 2623
f 2623 2632 2633
f 2623 2633 2624
f 2624 2633 2634
f 2624 2634 2625
f 2625 2634 2635
f 2625 2635 2626
f 2626 2635 2636
f 2626 2636 2627
f 2627 2636 2637
f 2627 2637 2628
f 2628 2637 2638
f 2628 2638 2629
f 2629 2638 2639
f 2630 2640 2631
f 2631 2640 2641
f 2631 2641 2632
f 2632 2641 2642
f 2632 2642 2633
f 2633 2642 2643
f 2633 2643 2634
f 2634 2643 2644
f 2634 2644 2635
f 2635 2644 2645
f 2635 2645 2636
f 2636 2645 2646
f 2636 2646 2637
f 2637 2646 2647
f 2637 2647 2638
f 2638 2647 2648
f 2638 2648 2639
f 2639 2648 2649
f 2650 2658 2651
f 2651 2658 2659
f 2651 2659 2652
f 2652 2659 2660
f 2652 2660 2653
f 2653 2660 2661
f 2653 2661 2654
f 2654 2661 2662
f 2654 2662 2655
f 2655 2662 2663
f 2655 2663 2656
f 2656 2663 2664
f 2656 2664 2657
f 2657 2664 2665
f 2658 2666 2659
f 2659 2666 2667
f 2659 2667 2660
f 2660 2667 2668
f 2660 2668 2661
f 2661 2668 2669
f 2661 2669 2662
f 2662 2669 2670
f 2662 2670 2663
f 2663 2670 2671
f 2663 2671 2664
f 2664 2671 2672
f 2664 2672 2665
f 2665 2672 2673
f 2666 2674 2667
f 2667 2674 2675
f 2667 2675 2668
f 2668 2675 2676
f 2668 2676 2669
f 2669 2676 2677
f 2669 2677 2670
f 2670 2677 2678
f 2670 2678 2671
f 2671 2678 2679
f 2671 2679 2672
f 2672 2679 2680
f 2672 2680 2673
f 2673 2680 2681
f 2674 2682 2675
f 2675 2682 2683
f 2675 2683 2676
f 2676 2683 2684
f 2676 2684 2677
f 2677 2684 2685
f 2677 2685 2678
f 2678 2685 2686
f 2678 2686 2679
f 2679 2686 2687
f 2679 2687 2680
f 2680 2687 2688
f 2680 2688 2681
f 2681 2688 2689
f 2682 2690 2683
f 2683 2690 2691
f 2683 2691 2684
f 2684 2691 2692
f 2684 2692 2685
f 2685 2692 2693
f 2685 2693 2686
f 2686 2693 2694
f 2686 2694 2687
f 2687 2694 2695
f 2687 2695 2688
f 2688 2695 2696
f 2688 2696 2689
f 2689 2696 2697
f 2690 2698 2691
f 2691 2698 2699
f 2691 2699 2692
f 2692 2699 2700
f 2692 2700 2693
f 2693 2700 2701
f 2693 2701 2694
f 2694 2701 2702
f 2694 2702 2695
f 2695 2702 2703
f 2695 2703 2696
f 2696 2703 2704
f 2696 2704 2697
f 2697 2704 2705
f 2698 2706 2699
f 2699 2706 2707
f 2699 2707 2700
f 2700 2707 2708
f 2700 2708 2701
f 2701 2708 2709
f 2701 2709 2702
f 2702 2709 2710
f 2702 2710 2703
f 2703 2710 2711
f 2703 2711 2704
f 2704 2711 2712
f 2704 2712 2705
f 2705 2712 2713
f 2706 2714 2707
f 2707 2714 2715
f 2707 2715 2708
f 2708 2715 2716
f 2708 2716 2709
f 2709 2716 2717
f 2709 2717 2710
f 2710 2717 2718
f 2710 2718 2711
f 2711 2718 2719
f 2711 2719 2712
f 2712 2719 2720
f 2712 2720 2713
f 2713 2720 2721
f 2714 2722 2715
f 2715 2722 2723
f 2715 2723 2716
f 2716 2723 2724
f 2716 2724 2717
f 2717 2724 2725
f 2717 2725 2718
f 2718 2725 2726
f 2718 2726 2719
f 2719 2726 2727
f 2719 2727 2720
f 2720 2727 2728
f 2720 2728 2721
f 2721 2728 2729
f 2730 2740 2731
f 2731 2740 2741
f 2731 2741 2732
f 2732 2741 2742
f 2732 2742 2733
f 2733 2742 2743
f 2733 2743 2734
f 2734 2743 2744
f 2734 2744 2735
f 2735 2744 2745
f 2735 2745 2736
f 2736 2745 2746
f 2736 2746 2737
f 2737 2746 2747
f 2737 2747 2738
f 2738 2747 2748
f 2738 2748 2739
f 2739 2748 2749
f 2740 2750 2741
f 2741 2750 2751
f 2741 2751 2742
f 2742 2751 2752
f 2742 2752 2743
f 2743 2752 2753
f 2743 2753 2744
f 2744 2753 2754
f 2744 2754 2745
f 2745 2754 2755
f 2745 2755 2746
f 2746 2755 2756
f 2746 2756 2747
f 2747 2756 2757
f 2747 2757 2748
f 2748 2757 2758
f 2748 2758 2749
f 2749 2758 2759
f 2750 2760 2751
f 2751 2760 2761
f 2751 2761 2752
f 2752 2761 2762
f 2752 2762 2753
f 2753 2762 2763
f 2753 2763 2754
f 2754 2763 2764
f 2754 2764 2755
f 2755 2764 2765
f 2755 2765 2756
f 2756 2765 2766
f 2756 2766 2757
f 2757 2766 2767
f 2757 2767 2758
f 2758 2767 2768
f 2758 2768 2759
f 2759 2768 2769
f 2760 2770 2761
f 2761 2770 2771
f 2761 2771 2762
f 2762 2771 2772
f 2762 2772 2763
f 2763 2772 2773
f 2763 2773 2764
f 2764 2773 2774
f 2764 2774 2765
f 2765 2774 2775
f 2765 2775 2766
f 2766 2775 2776
f 2766 2776 2767
f 2767 2776 2777
f 2767 2777 2768
f 2768 2777 2778
f 2768 2778 2769
f 2769 2778 2779
f 2770 2780 2771
f 2771 2780 2781
f 2771 2781 2772
f 2772 2781 2782
f 2772 2782 2773
f 2773 2782 2783
f 2773 2783 2774
f 2774 2783 2784
f 2774 2784 2775
f 2775 2784 2785
f 2775 2785 2776
f 2776 2785 2786
f 2776 2786 2777
f 2777 2786 2787
f 2777 2787 2778
f 2778 2787 2788
f 2778 2788 2779
f 2779 2788 2789
f 2780 2790 2781
f 2781 2790 2791
f 2781 2791 2782
f 2782 2791 2792
f 2782 2792 2783
f 2783 2792 2793
f 2783 2793 2784
f 2784 2793 2794
f 2784 2794 2785
f 2785 2794 2795
f 2785 2795 2786
f 2786 2795 2796
f 2786 2796 2787
f 2787 2796 2797
f 2787 2797 2788
f 2788 2797 2798
f 2788 2798 2789
f 2789 2798 2799
f 2790 2800 2791
f 2791 2800 2801
f 2791 2801 2792
f 2792 2801 2802
f 2792 2802 2793
f 2793 2802 2803
f 2793 2803 2794
f 2794 2803 2804
f 2794 2804 2795
f 2795 2804 2805
f 2795 2805 2796
f 2796 2805 2806
f 2796 2806 2797
f 2797 2806 2807
f 2797 2807 2798
f 2798 2807 2808
f 2798 2808 2799
f 2799 2808 2809
f 2800 2810 2801
f 2801 2810 2811
f 2801 2811 2802
f 2802 2811 2812
f 2802 2812 2803
f 2803 2812 2813
f 2803 2813 2804
f 2804 2813 2814
f 2804 2814 2805
f 2805 2814 2815
f 2805 2815 2806
f 2806 2815 2816
f 2806 2816 2807
f 2807 2816 2817
f 2807 2817 2808
f 2808 2817 2818
f 2808 2818 2809
f 2809 2818 2819
f 2810 2820 2811
f 2811 2820 2821
f 2811 2821 2812
f 2812 2821 2822
f 2812 2822 2813
f 2813 2822 2823
f 2813 2823 2814
f 2814 2823 2824
f 2814 2824 2815
f 2815 2824 2825
f 2815 2825 2816
f 2816 2825 2826
f 2816 2826 2817
f 2817 2826 2827
f 2817 2827 2818
f 2818 2827 2828
f 2818 2828 2819
f 2819 2828 2829
f 2820 2830 2821
f 2821 2830 2831
f 2821 2831 2822
f 2822 2831 2832
f 2822 2832 2823
f 2823 2832 2833
f 2823 2833 2824
f 2824 2833 2834
f 2824 2834 2825
f 2825 2834 2835
f 2825 2835 2826
f 2826 2835 2836
f 2826 2836 2827
f 2827 2836 2837
f 2827 2837 2828
f 2828 2837 2838
f 2828 2838 2829
f 2829 2838 2839
f 2830 2840 2831
f 2831 2840 2841
f 2831 2841 2832
f 2832 2841 2842
f 2832 2842 2833
f 2833 2842 2843
f 2833 2843 2834
f 2834 2843 2844
f 2834 2844 2835
f 2835 2844 2845
f 2835 2845 2836
f 2836 2845 2846
f 2836 2846 2837
f 2837 2846 2847
f 2837 2847 2838
f 2838 2847 2848
f 2838 2848 2839
f 2839 2848 2849
f 2850 2860 2851
f 2851 2860 2861
f 2851 2861 2852
f 2852 2861 2862
f 2852 2862 2853
f 2853 2862 2863
f 2853 2863 2854
f 2854 2863 2864
f 2854 2864 2855
f 2855 2864 2865
f 2855 2865 2856
f 2856 2865 2866
f 2856 2866 2857
f 2857 2866 2867
f 2857 2867 2858
f 2858 2867 2868
f 2858 2868 2859
f 2859 2868 2869
f 2860 2870 2861
f 2861 2870 2871
f 2861 2871 2862
f 2862 2871 2872
f 2862 2872 2863
f 2863 2872 2873
f 2863 2873 2864
f 2864 2873 2874
f 2864 2874 2865
f 2865 2874 2875
f 2865 2875 2866
f 2866 2875 2876
f 2866 2876 2867
f 2867 2876 2877
f 2867 2877 2868
f 2868 2877 2878
f 2868 2878 2869
f 2869 2878 2879
f 2870 2880 2871
f 2871 2880 2881
f 2871 2881 2872
f 2872 2881 2882
f 2872 2882 2873
f 2873 2882 2883
f 2873 2883 2874
f 2874 2883 2884
f 2874 2884 2875
f 2875 2884 2885
f 2875 2885 2876
f 2876 2885 2886
f 2876 2886 2877
f 2877 2886 2887
f 2877 2887 2878
f 2878 2887 2888
f 2878 2888 2879
f 2879 2888 2889
f 2880 2890 2881
f 2881 2890 2891
f 2881 2891 2882
f 2882 2891 2892
f 2882 2892 2883
f 2883 2892 2893
f 2883 2893 2884
f 2884 2893 2894
f 2884 2894 2885
f 2885 2894 2895
f 2885 2895 2886
f 2886 2895 2896
f 2886 2896 2887
f 2887 2896 2897
f 2887 2897 2888
f 2888 2897 2898
f 2888 2898 2889
f 2889 2898 2899
f 2890 2900 2891
f 2891 2900 2901
f 2891 2901 2892
f 2892 2901 2902
f 2892 2902 2893
f 2893 2902 2903
f 2893 2903 2894
f 2894 2903 2904
f 2894 2904 2895
f 2895 2904 2905
f 2895 2905 2896
f 2896 2905 2906
f 2896 2906 2897
f 2897 2906 2907
f 2897 2907 2898
f 2898 2907 2908
f 2898 2908 2899
f 2899 2908 2909
f 2900 2910 2901
f 2901 2910 2911
f 2901 2911 2902
f 2902 2911 2912
f 2902 2912 2903
f 2903 2912 2913
f 2903 2913 2904
f 2904 2913 2914
f 2904 2914 2905
f 2905 2914 2915
f 2905 2915 2906
f 2906 2915 2916
f 2906 2916 2907
f 2907 2916 2917
f 2907 2917 2908
f 2908 2917 2918
f 2908 2918 2909
f 2909 2918 2919
f 2910 2920 2911
f 2911 2920 2921
f 2911 2921 2912
f 2912 2921 2922
f 2912 2922 2913
f 2913 2922 2923
f 2913 2923 2914
f 2914 2923 2924
f 2914 2924 2915
f 2915 2924 2925
f 2915 2925 2916
f 2916 2925 2926
f 2916 2926 2917
f 2917 2926 2927
f 2917 2927 2918
f 2918 2927 2928
f 2918 2928 2919
f 2919 2928 2929
f 2920 2930 2921
f 2921 2930 2931
f 2921 2931 2922
f 2922 2931 2932
f 2922 2932 2923
f 2923 2932 2933
f 2923 2933 2924
f 2924 2933 2934
f 2924 2934 2925
f 2925 2934 2935
f 2925 2935 2926
f 2926 2935 2936
f 2926 2936 2927
f 2927 2936 2937
f 2927 2937 2928
f 2928 2937 2938
f 2928 2938 2929
f 2929 2938 2939
f 2930 2940 2931
f 2931 2940 2941
f 2931 2941 2932
f 2932 2941 2942
f 2932 2942 2933
f 2933 2942 2943
f 2933 2943 2934
f 2934 2943 2944
f 2934 2944 2935
f 2935 2944 2945
f 2935 2945 2936
f 2936 2945 2946
f 2936 2946 2937
f 2937 2946 2947
f 2937 2947 2938
f 2938 2947 2948
f 2938 2948 2939
f 2939 2948 2949
f 2940 2950 2941
f 2941 2950 2951
f 2941 2951 2942
f 2942 2951 2952
f 2942 2952 2943
f 2943 2952 2953
f 2943 2953 2944
f 2944 2953 2954
f 2944 2954 2945
f 2945 2954 2955
f 2945 2955 2946
f 2946 2955 2956
f 2946 2956 2947
f 2947 2956 2957
f 2947 2957 2948
f 2948 2957 2958
f 2948 2958 2949
f 2949 2958 2959
f 2950 2960 2951
f 2951 2960 2961
f 2951 2961 2952
f 2952 2961 2962
f 2952 2962 2953
f 2953 2962 2963
f 2953 2963 2954
f 2954 2963 2964
f 2954 2964 2955
f 2955 2964 2965
f 2955 2965 2956
f 2956 2965 2966
f 2956 2966 2957
f 2957 2966 2967
f 2957 2967 2958
f 2958 2967 2968
f 2958 2968 2959
f 2959 2968 2969
f 2970 2978 2971
f 2971 2978 2979
f 2971 2979 2972
f 2972 2979 2980
f 2972 2980 2973
f 2973 2980 2981
f 2973 2981 2974
f 2974 2981 2982
f 2974 2982 2975
f 2975 2982 2983
f 2975 2983 2976
f 2976 2983 2984
f 2976 2984 2977
f 2977 2984 2985
f 2978 2986 2979
f 2979 2986 2987
f 2979 2987 2980
f 2980 2987 2988
f 2980 2988 2981
f 2981 2988 2989
f 2981 2989 2982
f 2982 2989 2990
f 2982 2990 2983
f 2983 2990 2991
f 2983 2991 2984
f 2984 2991 2992
f 2984 2992 2985
f 2985 2992 2993
f 2986 2994 2987
f 2987 2994 2995
f 2987 2995 2988
f 2988 2995 2996
f 2988 2996 2989
f 2989 2996 2997
f 2989 2997 2990
f 2990 2997 2998
f 2990 2998 2991
f 2991 2998 2999
f 2991 2999 2992
f 2992 2999 3000
f 2992 3000 2993
f 2993 3000 3001
f 2994 3002 2995
f 2995 3002 3003
f 2995 3003 2996
f 2996 3003 3004
f 2996 3004 2997
f 2997 3004 3005
f 2997 3005 2998
f 2998 3005 3006
f 2998 3006 2999
f 2999 3006 3007
f 2999 3007 3000
f 3000 3007 3008
f 3000 3008 3001
f 3001 3008 3009
f 3002 3010 3003
f 3003 3010 3011
f 3003 3011 3004
f 3004 3011 3012
f 3004 3012 3005
f 3005 3012 3013
f 3005 3013 3006
f 3006 3013 3014
f 3006 3014 3007
f 3007 3014 3015
f 3007 3015 3008
f 3008 3015 3016
f 3008 3016 3009
f 3009 3016 3017
f 3010 3018 3011
f 3011 3018 3019
f 3011 3019 3012
f 3012 3019 3020
f 3012 3020 3013
f 3013 3020 3021
f 3013 3021 3014
f 3014 3021 3022
f 3014 3022 3015
f 3015 3022 3023
f 3015 3023 3016
f 3016 3023 3024
f 3016 3024 3017
f 3017 3024 3025
f 3018 3026 3019
f 3019 3026 3027
f 3019 3027 3020
f 3020 3027 3028
f 3020 3028 3021
f 3021 3028 3029
f 3021 3029 3022
f 3022 3029 3030
f 3022 3030 3023
f 3023 3030 3031
f 3023 3031 3024
f 3024 3031 3032
f 3024 3032 3025
f 3025 3032 3033
f 3026 3034 3027
f 3027 3034 3035
f 3027 3035 3028
f 3028 3035 3036
f 3028 3036 3029
f 3029 3036 3037
f 3029 3037 3030
f 3030 3037 3038
f 3030 3038 3031
f 3031 3038 3039
f 3031 3039 3032
f 3032 3039 3040
f 3032 3040 3033
f 3033 3040 3041
f 3034 3042 3035
f 3035 3042 3043
f 3035 3043 3036
f 3036 3043 3044
f 3036 3044 3037
f 3037 3044 3045
f 3037 3045 3038
f 3038 3045 3046
f 3038 3046 3039
f 3039 3046 3047
f 3039 3047 3040
f 3040 3047 3048
f 3040 3048 3041
f 3041 3048 3049
v 0.00000 1.02798 0.00000 0.55201 0.25415 0.19462
v 0.00000 1.02798 0.00000 0.55201 0.25415 0.19462
v 0.00000 1.02798 0.00000 0.55201 0.25415 0.19462
v 0.00000 1.02798 0.00000 0.55201 0.25415 0.19462
v 0.00000 1.02798 0.00000 0.55201 0.25415 0.19462
v 0.00000 1.02798 0.00000 0.55201 0.25415 0.19462
v 0.00000 1.02798 0.00000 0.55201 0.25415 0.19462
v 0.00000 1.02798 0.00000 0.55201 0.25415 0.19462
v 0.00000 1.02798 0.00000 0.55201 0.25415 0.19462
v 0.00000 1.02798 0.00000 0.55201 0.25415 0.19462
v 0.00000 1.02798 0.00000 0.55201 0.25415 0.19462
v 0.04683 1.01973 0.00000 0.55201 0.25415 0.19462
v 0.03789 1.01973 0.02753 0.55201 0.25415 0.19462
v 0.01447 1.01973 0.04454 0.55201 0.25415 0.19462
v -0.01447 1.01973 0.04454 0.55201 0.25415 0.19462
v -0.03789 1.01973 0.02753 0.55201 0.25415 0.19462
v -0.04683 1.01973 0.00000 0.55201 0.25415 0.19462
v -0.03789 1.01973 -0.02753 0.55201 0.25415 0.19462
v -0.01447 1.01973 -0.04454 0.55201 0.25415 0.19462
v 0.01447 1.01973 -0.04454 0.55201 0.25415 0.19462
v 0.03789 1.01973 -0.02753 0.55201 0.25415 0.19462
v 0.04683 1.01973 -0.00000 0.55201 0.25415 0.19462
v 0.08801 0.99595 0.00000 0.55201 0.25415 0.19462
v 0.07120 0.99595 0.05173 0.55201 0.25415 0.19462
v 0.02720 0.99595 0.08370 0.55201 0.25415 0.19462
v -0.02720 0.99595 0.08370 0.55201 0.25415 0.19462
v -0.07120 0.99595 0.05173 0.55201 0.25415 0.19462
v -0.08801 0.99595 0.00000 0.55201 0.25415 0.19462
v -0.07120 0.99595 -0.05173 0.55201 0.25415 0.19462
v -0.02720 0.99595 -0.08370 0.55201 0.25415 0.19462
v 0.02720 0.99595 -0.08370 0.55201 0.25415 0.19462
v 0.07120 0.99595 -0.05173 0.55201 0.25415 0.19462
v 0.08801 0.99595 -0.00000 0.55201 0.25415 0.19462
v 0.11858 0.95952 0.00000 0.55201 0.25415 0.19462
v 0.09593 0.95952 0.06970 0.55201 0.25415 0.19462
v 0.03664 0.95952 0.11277 0.55201 0.25415 0.19462
v -0.03664 0.95952 0.11277 0.55201 0.25415 0.19462
v -0.09593 0.95952 0.06970 0.55201 0.25415 0.19462
v -0.11858 0.95952 0.00000 0.55201 0.25415 0.19462
v -0.09593 0.95952 -0.06970 0.55201 0.25415 0.19462
v -0.03664 0.95952 -0.11277 0.55201 0.25415 0.19462
v 0.03664 0.95952 -0.11277 0.55201 0.25415 0.19462
v 0.09593 0.95952 -0.06970 0.55201 0.25415 0.19462
v 0.11858 0.95952 -0.00000 0.55201 0.25415 0.19462
v 0.13484 0.91484 0.00000 0.55201 0.25415 0.19462
v 0.10909 0.91484 0.07926 0.55201 0.25415 0.19462
v 0.04167 0.91484 0.12824 0.55201 0.25415 0.19462
v -0.04167 0.91484 0.12824 0.55201 0.25415 0.19462
v -0.10909 0.91484 0.07926 0.55201 0.25415 0.19462
v -0.13484 0.91484 0.00000 0.55201 0.25415 0.19462
v -0.10909 0.91484 -0.07926 0.55201 0.25415 0.19462
v -0.04167 0.91484 -0.12824 0.55201 0.25415 0.19462
v 0.04167 0.91484 -0.12824 0.55201 0.25415 0.19462
v 0.10909 0.91484 -0.07926 0.55201 0.25415 0.19462
v 0.13484 0.91484 -0.00000 0.55201 0.25415 0.19462
v 0.13484 0.86729 0.00000 0.55201 0.25415 0.19462
v 0.10909 0.86729 0.07926 0.55201 0.25415 0.19462
v 0.04167 0.86729 0.12824 0.55201 0.25415 0.19462
v -0.04167 0.86729 0.12824 0.55201 0.25415 0.19462
v -0.10909 0.86729 0.07926 0.55201 0.25415 0.19462
v -0.13484 0.86729 0.00000 0.55201 0.25415 0.19462
v -0.10909 0.86729 -0.07926 0.55201 0.25415 0.19462
v -0.04167 0.86729 -0.12824 0.55201 0.25415 0.19462
v 0.04167 0.86729 -0.12824 0.55201 0.25415 0.19462
v 0.10909 0.86729 -0.07926 0.55201 0.25415 0.19462
v 0.13484 0.86729 -0.00000 0.55201 0.25415 0.19462
v 0.11858 0.82260 0.00000 0.55201 0.25415 0.19462
v 0.09593 0.82260 0.06970 0.55201 0.25415 0.19462
v 0.03664 0.82260 0.11277 0.55201 0.25415 0.19462
v -0.03664 0.82260 0.11277 0.55201 0.25415 0.19462
v -0.09593 0.82260 0.06970 0.55201 0.25415 0.19462
v -0.11858 0.82260 0.00000 0.55201 0.25415 0.19462
v -0.09593 0.82260 -0.06970 0.55201 0.25415 0.19462
v -0.03664 0.82260 -0.11277 0.55201 0.25415 0.19462
v 0.03664 0.82260 -0.11277 0.55201 0.25415 0.19462
v 0.09593 0.82260 -0.06970 0.55201 0.25415 0.19462
v 0.11858 0.82260 -0.00000 0.55201 0.25415 0.19462
v 0.08801 0.78617 0.00000 0.55201 0.25415 0.19462
v 0.07120 0.78617 0.05173 0.55201 0.25415 0.19462
v 0.02720 0.78617 0.08370 0.55201 0.25415 0.19462
v -0.02720 0.78617 0.08370 0.55201 0.25415 0.19462
v -0.07120 0.78617 0.05173 0.55201 0.25415 0.19462
v -0.08801 0.78617 0.00000 0.55201 0.25415 0.19462
v -0.07120 0.78617 -0.05173 0.55201 0.25415 0.19462
v -0.02720 0.78617 -0.08370 0.55201 0.25415 0.19462
v 0.02720 0.78617 -0.08370 0.55201 0.25415 0.19462
v 0.07120 0.78617 -0.05173 0.55201 0.25415 0.19462
v 0.08801 0.78617 -0.00000 0.55201 0.25415 0.19462
v 0.04683 0.76240 0.00000 0.55201 0.25415 0.19462
v 0.03789 0.76240 0.02753 0.55201 0.25415 0.19462
v 0.01447 0.76240 0.04454 0.55201 0.25415 0.19462
v -0.01447 0.76240 0.04454 0.55201 0.25415 0.19462
v -0.03789 0.76240 0.02753 0.55201 0.25415 0.19462
v -0.04683 0.76240 0.00000 0.55201 0.25415 0.19462
v -0.03789 0.76240 -0.02753 0.55201 0.25415 0.19462
v -0.01447 0.76240 -0.04454 0.55201 0.25415 0.19462
v 0.01447 0.76240 -0.04454 0.55201 0.25415 0.19462
v 0.03789 0.76240 -0.02753 0.55201 0.25415 0.19462
v 0.04683 0.76240 -0.00000 0.55201 0.25415 0.19462
v 0.00000 0.75414 0.00000 0.55201 0.25415 0.19462
v 0.00000 0.75414 0.00000 0.55201 0.25415 0.19462
v 0.00000 0.75414 0.00000 0.55201 0.25415 0.19462
v 0.00000 0.75414 0.00000 0.55201 0.25415 0.19462
v 0.00000 0.75414 0.00000 0.55201 0.25415 0.19462
v 0.00000 0.75414 0.00000 0.55201 0.25415 0.19462
v 0.00000 0.75414 0.00000 0.55201 0.25415 0.19462
v 0.00000 0.75414 0.00000 0.55201 0.25415 0.19462
v 0.00000 0.75414 0.00000 0.55201 0.25415 0.19462
v 0.00000 0.75414 0.00000 0.55201 0.25415 0.19462
v 0.00000 0.75414 0.00000 0.55201 0.25415 0.19462
v 0.00000 1.34291 0.01883 0.55201 0.25415 0.19462
v 0.00000 1.34291 0.01883 0.55201 0.25415 0.19462
v 0.00000 1.34291 0.01883 0.55201 0.25415 0.19462
v 0.00000 1.34291 0.01883 0.55201 0.25415 0.19462
v 0.00000 1.34291 0.01883 0.55201 0.25415 0.19462
v 0.00000 1.34291 0.01883 0.55201 0.25415 0.19462
v 0.00000 1.34291 0.01883 0.55201 0.25415 0.19462
v 0.00000 1.34291 0.01883 0.55201 0.25415 0.19462
v 0.02882 1.34291 0.02456 0.55201 0.25415 0.19462
v 0.01797 1.32037 0.02456 0.55201 0.25415 0.19462
v -0.00641 1.31481 0.02456 0.55201 0.25415 0.19462
v -0.02596 1.33040 0.02456 0.55201 0.25415 0.19462
v -0.02596 1.35541 0.02456 0.55201 0.25415 0.19462
v -0.00641 1.37100 0.02456 0.55201 0.25415 0.19462
v 0.01797 1.36544 0.02456 0.55201 0.25415 0.19462
v 0.02882 1.34291 0.02456 0.55201 0.25415 0.19462
v 0.05325 1.34291 0.04088 0.55201 0.25415 0.19462
v 0.03320 1.30127 0.04088 0.55201 0.25415 0.19462
v -0.01185 1.29099 0.04088 0.55201 0.25415 0.19462
v -0.04798 1.31980 0.04088 0.55201 0.25415 0.19462
v -0.04798 1.36601 0.04088 0.55201 0.25415 0.19462
v -0.01185 1.39482 0.04088 0.55201 0.25415 0.19462
v 0.03320 1.38454 0.04088 0.55201 0.25415 0.19462
v 0.05325 1.34291 0.04088 0.55201 0.25415 0.19462
v 0.06957 1.34291 0.06532 0.55201 0.25415 0.19462
v 0.04338 1.28851 0.06532 0.55201 0.25415 0.19462
v -0.01548 1.27508 0.06532 0.55201 0.25415 0.19462
v -0.06268 1.31272 0.06532 0.55201 0.25415 0.19462
v -0.06268 1.37309 0.06532 0.55201 0.25415 0.19462
v -0.01548 1.41074 0.06532 0.55201 0.25415 0.19462
v 0.04338 1.39730 0.06532 0.55201 0.25415 0.19462
v 0.06957 1.34291 0.06532 0.55201 0.25415 0.19462
v 0.07531 1.34291 0.09413 0.55201 0.25415 0.19462
v 0.04695 1.28403 0.09413 0.55201 0.25415 0.19462
v -0.01676 1.26949 0.09413 0.55201 0.25415 0.19462
v -0.06785 1.31023 0.09413 0.55201 0.25415 0.19462
v -0.06785 1.37558 0.09413 0.55201 0.25415 0.19462
v -0.01676 1.41632 0.09413 0.55201 0.25415 0.19462
v 0.04695 1.40178 0.09413 0.55201 0.25415 0.19462
v 0.07531 1.34291 0.09413 0.55201 0.25415 0.19462
v 0.07531 1.34291 0.22592 0.55201 0.25415 0.19462
v 0.04695 1.28403 0.22592 0.55201 0.25415 0.19462
v -0.01676 1.26949 0.22592 0.55201 0.25415 0.19462
v -0.06785 1.31023 0.22592 0.55201 0.25415 0.19462
v -0.06785 1.37558 0.22592 0.55201 0.25415 0.19462
v -0.01676 1.41632 0.22592 0.55201 0.25415 0.19462
v 0.04695 1.40178 0.22592 0.55201 0.25415 0.19462
v 0.07531 1.34291 0.22592 0.55201 0.25415 0.19462
v 0.06957 1.34291 0.25474 0.55201 0.25415 0.19462
v 0.04338 1.28851 0.25474 0.55201 0.25415 0.19462
v -0.01548 1.27508 0.25474 0.55201 0.25415 0.19462
v -0.06268 1.31272 0.25474 0.55201 0.25415 0.19462
v -0.06268 1.37309 0.25474 0.55201 0.25415 0.19462
v -0.01548 1.41074 0.25474 0.55201 0.25415 0.19462
v 0.04338 1.39730 0.25474 0.55201 0.25415 0.19462
v 0.06957 1.34291 0.25474 0.55201 0.25415 0.19462
v 0.05325 1.34291 0.27917 0.55201 0.25415 0.19462
v 0.03320 1.30127 0.27917 0.55201 0.25415 0.19462
v -0.01185 1.29099 0.27917 0.55201 0.25415 0.19462
v -0.04798 1.31980 0.27917 0.55201 0.25415 0.19462
v -0.04798 1.36601 0.27917 0.55201 0.25415 0.19462
v -0.01185 1.39482 0.27917 0.55201 0.25415 0.19462
v 0.03320 1.38454 0.27917 0.55201 0.25415 0.19462
v 0.05325 1.34291 0.27917 0.55201 0.25415 0.19462
v 0.02882 1.34291 0.29550 0.55201 0.25415 0.19462
v 0.01797 1.32037 0.29550 0.55201 0.25415 0.19462
v -0.00641 1.31481 0.29550 0.55201 0.25415 0.19462
v -0.02596 1.33040 0.29550 0.55201 0.25415 0.19462
v -0.02596 1.35541 0.29550 0.55201 0.25415 0.19462
v -0.00641 1.37100 0.29550 0.55201 0.25415 0.19462
v 0.01797 1.36544 0.29550 0.55201 0.25415 0.19462
v 0.02882 1.34291 0.29550 0.55201 0.25415 0.19462
v 0.00000 1.34291 0.30123 0.55201 0.25415 0.19462
v 0.00000 1.34291 0.30123 0.55201 0.25415 0.19462
v -0.00000 1.34291 0.30123 0.55201 0.25415 0.19462
v -0.00000 1.34291 0.30123 0.55201 0.25415 0.19462
v -0.00000 1.34291 0.30123 0.55201 0.25415 0.19462
v -0.00000 1.34291 0.30123 0.55201 0.25415 0.19462
v 0.00000 1.34291 0.30123 0.55201 0.25415 0.19462
v 0.00000 1.34291 0.30123 0.55201 0.25415 0.19462
v 0.17731 0.24325 -0.01883 0.55201 0.25415 0.19462
v 0.17731 0.24325 -0.01883 0.55201 0.25415 0.19462
v 0.17731 0.24325 -0.01883 0.55201 0.25415 0.19462
v 0.17731 0.24325 -0.01883 0.55201 0.25415 0.19462
v 0.17731 0.24325 -0.01883 0.55201 0.25415 0.19462
v 0.17731 0.24325 -0.01883 0.55201 0.25415 0.19462
v 0.17731 0.24325 -0.01883 0.55201 0.25415 0.19462
v 0.17731 0.24325 -0.01883 0.55201 0.25415 0.19462
v 0.17731 0.24325 -0.01883 0.55201 0.25415 0.19462
v 0.17731 0.24325 -0.01883 0.55201 0.25415 0.19462
v 0.19343 0.22843 -0.01883 0.55201 0.25415 0.19462
v 0.18898 0.23006 -0.01410 0.55201 0.25415 0.19462
v 0.17773 0.23416 -0.01159 0.55201 0.25415 0.19462
v 0.16494 0.23883 -0.01246 0.55201 0.25415 0.19462
v 0.15659 0.24188 -0.01631 0.55201 0.25415 0.19462
v 0.15659 0.24188 -0.02134 0.55201 0.25415 0.19462
v 0.16494 0.23883 -0.02519 0.55201 0.25415 0.19462
v 0.17773 0.23416 -0.02607 0.55201 0.25415 0.19462
v 0.18898 0.23006 -0.02355 0.55201 0.25415 0.19462
v 0.19343 0.22843 -0.01883 0.55201 0.25415 0.19462
v 0.20060 0.20079 -0.01883 0.55201 0.25415 0.19462
v 0.19259 0.20372 -0.01031 0.55201 0.25415 0.19462
v 0.17232 0.21112 -0.00578 0.55201 0.25415 0.19462
v 0.14926 0.21953 -0.00735 0.55201 0.25415 0.19462
v 0.13422 0.22502 -0.01430 0.55201 0.25415 0.19462
v 0.13422 0.22502 -0.02336 0.55201 0.25415 0.19462
v 0.14926 0.21953 -0.03030 0.55201 0.25415 0.19462
v 0.17232 0.21112 -0.03187 0.55201 0.25415 0.19462
v 0.19259 0.20372 -0.02734 0.55201 0.25415 0.19462
v 0.20060 0.20079 -0.01883 0.55201 0.25415 0.19462
v 0.19740 0.16580 -0.01883 0.55201 0.25415 0.19462
v 0.18742 0.16944 -0.00821 0.55201 0.25415 0.19462
v 0.16214 0.17867 -0.00256 0.55201 0.25415 0.19462
v 0.13339 0.18916 -0.00452 0.55201 0.25415 0.19462
v 0.11462 0.19601 -0.01318 0.55201 0.25415 0.19462
v 0.11462 0.19601 -0.02448 0.55201 0.25415 0.19462
v 0.13339 0.18916 -0.03313 0.55201 0.25415 0.19462
v 0.16214 0.17867 -0.03510 0.55201 0.25415 0.19462
v 0.18742 0.16944 -0.02945 0.55201 0.25415 0.19462
v 0.19740 0.16580 -0.01883 0.55201 0.25415 0.19462
v 0.18447 0.13038 -0.01883 0.55201 0.25415 0.19462
v 0.17449 0.13402 -0.00821 0.55201 0.25415 0.19462
v 0.14921 0.14325 -0.00256 0.55201 0.25415 0.19462
v 0.12046 0.15374 -0.00452 0.55201 0.25415 0.19462
v 0.10170 0.16059 -0.01318 0.55201 0.25415 0.19462
v 0.10170 0.16059 -0.02448 0.55201 0.25415 0.19462
v 0.12046 0.15374 -0.03313 0.55201 0.25415 0.19462
v 0.14921 0.14325 -0.03510 0.55201 0.25415 0.19462
v 0.17449 0.13402 -0.02945 0.55201 0.25415 0.19462
v 0.18447 0.13038 -0.01883 0.55201 0.25415 0.19462
v 0.16437 0.10155 -0.01883 0.55201 0.25415 0.19462
v 0.15636 0.10448 -0.01031 0.55201 0.25415 0.19462
v 0.13609 0.11188 -0.00578 0.55201 0.25415 0.19462
v 0.11304 0.12029 -0.00735 0.55201 0.25415 0.19462
v 0.09799 0.12578 -0.01430 0.55201 0.25415 0.19462
v 0.09799 0.12578 -0.02336 0.55201 0.25415 0.19462
v 0.11304 0.12029 -0.03030 0.55201 0.25415 0.19462
v 0.13609 0.11188 -0.03187 0.55201 0.25415 0.19462
v 0.15636 0.10448 -0.02734 0.55201 0.25415 0.19462
v 0.16437 0.10155 -0.01883 0.55201 0.25415 0.19462
v 0.14108 0.08503 -0.01883 0.55201 0.25415 0.19462
v 0.13664 0.08665 -0.01410 0.55201 0.25415 0.19462
v 0.12539 0.09076 -0.01159 0.55201 0.25415 0.19462
v 0.11259 0.09543 -0.01246 0.55201 0.25415 0.19462
v 0.10424 0.09848 -0.01631 0.55201 0.25415 0.19462
v 0.10424 0.09848 -0.02134 0.55201 0.25415 0.19462
v 0.11259 0.09543 -0.02519 0.55201 0.25415 0.19462
v 0.12539 0.09076 -0.02607 0.55201 0.25415 0.19462
v 0.13664 0.08665 -0.02355 0.55201 0.25415 0.19462
v 0.14108 0.08503 -0.01883 0.55201 0.25415 0.19462
v 0.11921 0.08408 -0.01883 0.55201 0.25415 0.19462
v 0.11921 0.08408 -0.01883 0.55201 0.25415 0.19462
v 0.11921 0.08408 -0.01883 0.55201 0.25415 0.19462
v 0.11921 0.08408 -0.01883 0.55201 0.25415 0.19462
v 0.11921 0.08408 -0.01883 0.55201 0.25415 0.19462
v 0.11921 0.08408 -0.01883 0.55201 0.25415 0.19462
v 0.11921 0.08408 -0.01883 0.55201 0.25415 0.19462
v 0.11921 0.08408 -0.01883 0.55201 0.25415 0.19462
v 0.11921 0.08408 -0.01883 0.55201 0.25415 0.19462
v 0.11921 0.08408 -0.01883 0.55201 0.25415 0.19462
v -0.17731 0.24325 -0.01883 0.55201 0.25415 0.19462
v -0.17731 0.24325 -0.01883 0.55201 0.25415 0.19462
v -0.17731 0.24325 -0.01883 0.55201 0.25415 0.19462
v -0.17731 0.24325 -0.01883 0.55201 0.25415 0.19462
v -0.17731 0.24325 -0.01883 0.55201 0.25415 0.19462
v -0.17731 0.24325 -0.01883 0.55201 0.25415 0.19462
v -0.17731 0.24325 -0.01883 0.55201 0.25415 0.19462
v -0.17731 0.24325 -0.01883 0.55201 0.25415 0.19462
v -0.17731 0.24325 -0.01883 0.55201 0.25415 0.19462
v -0.17731 0.24325 -0.01883 0.55201 0.25415 0.19462
v -0.15544 0.24230 -0.01883 0.55201 0.25415 0.19462
v -0.15989 0.24068 -0.01410 0.55201 0.25415 0.19462
v -0.17114 0.23657 -0.01159 0.55201 0.25415 0.19462
v -0.18393 0.23190 -0.01246 0.55201 0.25415 0.19462
v -0.19228 0.22885 -0.01631 0.55201 0.25415 0.19462
v -0.19228 0.22885 -0.02134 0.55201 0.25415 0.19462
v -0.18393 0.23190 -0.02519 0.55201 0.25415 0.19462
v -0.17114 0.23657 -0.02607 0.55201 0.25415 0.19462
v -0.15989 0.24068 -0.02355 0.55201 0.25415 0.19462
v -0.15544 0.24230 -0.01883 0.55201 0.25415 0.19462
v -0.13215 0.22578 -0.01883 0.55201 0.25415 0.19462
v -0.14016 0.22285 -0.01031 0.55201 0.25415 0.19462
v -0.16043 0.21545 -0.00578 0.55201 0.25415 0.19462
v -0.18348 0.20704 -0.00735 0.55201 0.25415 0.19462
v -0.19853 0.20155 -0.01430 0.55201 0.25415 0.19462
v -0.19853 0.20155 -0.02336 0.55201 0.25415 0.19462
v -0.18348 0.20704 -0.03030 0.55201 0.25415 0.19462
v -0.16043 0.21545 -0.03187 0.55201 0.25415 0.19462
v -0.14016 0.22285 -0.02734 0.55201 0.25415 0.19462
v -0.13215 0.22578 -0.01883 0.55201 0.25415 0.19462
v -0.11205 0.19695 -0.01883 0.55201 0.25415 0.19462
v -0.12204 0.19331 -0.00821 0.55201 0.25415 0.19462
v -0.14731 0.18408 -0.00256 0.55201 0.25415 0.19462
v -0.17606 0.17359 -0.00452 0.55201 0.25415 0.19462
v -0.19483 0.16674 -0.01318 0.55201 0.25415 0.19462
v -0.19483 0.16674 -0.02448 0.55201 0.25415 0.19462
v -0.17606 0.17359 -0.03313 0.55201 0.25415 0.19462
v -0.14731 0.18408 -0.03510 0.55201 0.25415 0.19462
v -0.12204 0.19331 -0.02945 0.55201 0.25415 0.19462
v -0.11205 0.19695 -0.01883 0.55201 0.25415 0.19462
v -0.09912 0.16153 -0.01883 0.55201 0.25415 0.19462
v -0.10911 0.15789 -0.00821 0.55201 0.25415 0.19462
v -0.13439 0.14866 -0.00256 0.55201 0.25415 0.19462
v -0.16313 0.13817 -0.00452 0.55201 0.25415 0.19462
v -0.18190 0.13132 -0.01318 0.55201 0.25415 0.19462
v -0.18190 0.13132 -0.02448 0.55201 0.25415 0.19462
v -0.16313 0.13817 -0.03313 0.55201 0.25415 0.19462
v -0.13439 0.14866 -0.03510 0.55201 0.25415 0.19462
v -0.10911 0.15789 -0.02945 0.55201 0.25415 0.19462
v -0.09912 0.16153 -0.01883 0.55201 0.25415 0.19462
v -0.09593 0.12654 -0.01883 0.55201 0.25415 0.19462
v -0.10393 0.12361 -0.01031 0.55201 0.25415 0.19462
v -0.12421 0.11621 -0.00578 0.55201 0.25415 0.19462
v -0.14726 0.10780 -0.00735 0.55201 0.25415 0.19462
v -0.16231 0.10231 -0.01430 0.55201 0.25415 0.19462
v -0.16231 0.10231 -0.02336 0.55201 0.25415 0.19462
v -0.14726 0.10780 -0.03030 0.55201 0.25415 0.19462
v -0.12421 0.11621 -0.03187 0.55201 0.25415 0.19462
v -0.10393 0.12361 -0.02734 0.55201 0.25415 0.19462
v -0.09593 0.12654 -0.01883 0.55201 0.25415 0.19462
v -0.10310 0.09889 -0.01883 0.55201 0.25415 0.19462
v -0.10754 0.09727 -0.01410 0.55201 0.25415 0.19462
v -0.11879 0.09317 -0.01159 0.55201 0.25415 0.19462
v -0.13158 0.08850 -0.01246 0.55201 0.25415 0.19462
v -0.13993 0.08545 -0.01631 0.55201 0.25415 0.19462
v -0.13993 0.08545 -0.02134 0.55201 0.25415 0.19462
v -0.13158 0.08850 -0.02519 0.55201 0.25415 0.19462
v -0.11879 0.09317 -0.02607 0.55201 0.25415 0.19462
v -0.10754 0.09727 -0.02355 0.55201 0.25415 0.19462
v -0.10310 0.09889 -0.01883 0.55201 0.25415 0.19462
v -0.11921 0.08408 -0.01883 0.55201 0.25415 0.19462
v -0.11921 0.08408 -0.01883 0.55201 0.25415 0.19462
v -0.11921 0.08408 -0.01883 0.55201 0.25415 0.19462
v -0.11921 0.08408 -0.01883 0.55201 0.25415 0.19462
v -0.11921 0.08408 -0.01883 0.55201 0.25415 0.19462
v -0.11921 0.08408 -0.01883 0.55201 0.25415 0.19462
v -0.11921 0.08408 -0.01883 0.55201 0.25415 0.19462
v -0.11921 0.08408 -0.01883 0.55201 0.25415 0.19462
v -0.11921 0.08408 -0.01883 0.55201 0.25415 0.19462
v -0.11921 0.08408 -0.01883 0.55201 0.25415 0.19462
v -0.00814 0.09349 -0.27584 0.55201 0.25415 0.19462
v -0.00814 0.09349 -0.27584 0.55201 0.25415 0.19462
v -0.00814 0.09349 -0.27584 0.55201 0.25415 0.19462
v -0.00814 0.09349 -0.27584 0.55201 0.25415 0.19462
v -0.00814 0.09349 -0.27584 0.55201 0.25415 0.19462
v -0.00814 0.09349 -0.27584 0.55201 0.25415 0.19462
v 0.01090 0.09756 -0.27275 0.55201 0.25415 0.19462
v -0.00225 0.08660 -0.25834 0.55201 0.25415 0.19462
v -0.02354 0.09078 -0.26384 0.55201 0.25415 0.19462
v -0.02354 0.10433 -0.28166 0.55201 0.25415 0.19462
v -0.00225 0.10852 -0.28717 0.55201 0.25415 0.19462
v 0.01090 0.09756 -0.27275 0.55201 0.25415 0.19462
v 0.02484 0.10865 -0.26432 0.55201 0.25415 0.19462
v 0.00205 0.08967 -0.23935 0.55201 0.25415 0.19462
v -0.03482 0.09692 -0.24889 0.55201 0.25415 0.19462
v -0.03482 0.12038 -0.27975 0.55201 0.25415 0.19462
v 0.00205 0.12763 -0.28929 0.55201 0.25415 0.19462
v 0.02484 0.10865 -0.26432 0.55201 0.25415 0.19462
v 0.02994 0.12381 -0.25280 0.55201 0.25415 0.19462
v 0.00363 0.10189 -0.22396 0.55201 0.25415 0.19462
v -0.03895 0.11026 -0.23498 0.55201 0.25415 0.19462
v -0.03895 0.13736 -0.27061 0.55201 0.25415 0.19462
v 0.00363 0.14573 -0.28163 0.55201 0.25415 0.19462
v 0.02994 0.12381 -0.25280 0.55201 0.25415 0.19462
v 0.02994 0.20352 -0.19220 0.55201 0.25415 0.19462
v 0.00363 0.18160 -0.16337 0.55201 0.25415 0.19462
v -0.03895 0.18997 -0.17438 0.55201 0.25415 0.19462
v -0.03895 0.21706 -0.21002 0.55201 0.25415 0.19462
v 0.00363 0.22544 -0.22103 0.55201 0.25415 0.19462
v 0.02994 0.20352 -0.19220 0.55201 0.25415 0.19462
v 0.02484 0.21868 -0.18068 0.55201 0.25415 0.19462
v 0.00205 0.19969 -0.15571 0.55201 0.25415 0.19462
v -0.03482 0.20694 -0.16525 0.55201 0.25415 0.19462
v -0.03482 0.23041 -0.19611 0.55201 0.25415 0.19462
v 0.00205 0.23766 -0.20565 0.55201 0.25415 0.19462
v 0.02484 0.21868 -0.18068 0.55201 0.25415 0.19462
v 0.01090 0.22977 -0.17224 0.55201 0.25415 0.19462
v -0.00225 0.21881 -0.15783 0.55201 0.25415 0.19462
v -0.02354 0.22300 -0.16333 0.55201 0.25415 0.19462
v -0.02354 0.23655 -0.18115 0.55201 0.25415 0.19462
v -0.00225 0.24073 -0.18666 0.55201 0.25415 0.19462
v 0.01090 0.22977 -0.17224 0.55201 0.25415 0.19462
v -0.00814 0.23383 -0.16915 0.55201 0.25415 0.19462
v -0.00814 0.23383 -0.16915 0.55201 0.25415 0.19462
v -0.00814 0.23383 -0.16915 0.55201 0.25415 0.19462
v -0.00814 0.23383 -0.16915 0.55201 0.25415 0.19462
v -0.00814 0.23383 -0.16915 0.55201 0.25415 0.19462
v -0.00814 0.23383 -0.16915 0.55201 0.25415 0.19462
v -0.02257 0.10794 -0.44043 0.55201 0.25415 0.19462
v -0.02257 0.10794 -0.44043 0.55201 0.25415 0.19462
v -0.02257 0.10794 -0.44043 0.55201 0.25415 0.19462
v -0.02257 0.10794 -0.44043 0.55201 0.25415 0.19462
v -0.02257 0.10794 -0.44043 0.55201 0.25415 0.19462
v -0.02257 0.10794 -0.44043 0.55201 0.25415 0.19462
v -0.00824 0.11075 -0.43781 0.55201 0.25415 0.19462
v -0.01814 0.10145 -0.42784 0.55201 0.25415 0.19462
v -0.03417 0.10500 -0.43165 0.55201 0.25415 0.19462
v -0.03417 0.11649 -0.44398 0.55201 0.25415 0.19462
v -0.01814 0.12004 -0.44779 0.55201 0.25415 0.19462
v -0.00824 0.11075 -0.43781 0.55201 0.25415 0.19462
v 0.00226 0.11843 -0.43066 0.55201 0.25415 0.19462
v -0.01490 0.10233 -0.41338 0.55201 0.25415 0.19462
v -0.04266 0.10848 -0.41998 0.55201 0.25415 0.19462
v -0.04266 0.12837 -0.44134 0.55201 0.25415 0.19462
v -0.01490 0.13452 -0.44794 0.55201 0.25415 0.19462
v 0.00226 0.11843 -0.43066 0.55201 0.25415 0.19462
v 0.00610 0.12891 -0.42089 0.55201 0.25415 0.19462
v -0.01371 0.11033 -0.40094 0.55201 0.25415 0.19462
v -0.04576 0.11743 -0.40856 0.55201 0.25415 0.19462
v -0.04576 0.14040 -0.43322 0.55201 0.25415 0.19462
v -0.01371 0.14750 -0.44084 0.55201 0.25415 0.19462
v 0.00610 0.12891 -0.42089 0.55201 0.25415 0.19462
v 0.00610 0.19842 -0.35614 0.55201 0.25415 0.19462
v -0.01371 0.17983 -0.33619 0.55201 0.25415 0.19462
v -0.04576 0.18693 -0.34381 0.55201 0.25415 0.19462
v -0.04576 0.20990 -0.36847 0.55201 0.25415 0.19462
v -0.01371 0.21700 -0.37609 0.55201 0.25415 0.19462
v 0.00610 0.19842 -0.35614 0.55201 0.25415 0.19462
v 0.00226 0.20890 -0.34637 0.55201 0.25415 0.19462
v -0.01490 0.19281 -0.32909 0.55201 0.25415 0.19462
v -0.04266 0.19896 -0.33569 0.55201 0.25415 0.19462
v -0.04266 0.21885 -0.35705 0.55201 0.25415 0.19462
v -0.01490 0.22500 -0.36365 0.55201 0.25415 0.19462
v 0.00226 0.20890 -0.34637 0.55201 0.25415 0.19462
v -0.00824 0.21658 -0.33922 0.55201 0.25415 0.19462
v -0.01814 0.20729 -0.32924 0.55201 0.25415 0.19462
v -0.03417 0.21084 -0.33305 0.55201 0.25415 0.19462
v -0.03417 0.22232 -0.34538 0.55201 0.25415 0.19462
v -0.01814 0.22587 -0.34919 0.55201 0.25415 0.19462
v -0.00824 0.21658 -0.33922 0.55201 0.25415 0.19462
v -0.02257 0.21939 -0.33660 0.55201 0.25415 0.19462
v -0.02257 0.21939 -0.33660 0.55201 0.25415 0.19462
v -0.02257 0.21939 -0.33660 0.55201 0.25415 0.19462
v -0.02257 0.21939 -0.33660 0.55201 0.25415 0.19462
v -0.02257 0.21939 -0.33660 0.55201 0.25415 0.19462
v -0.02257 0.21939 -0.33660 0.55201 0.25415 0.19462
v -0.03190 0.12131 -0.59591 0.55201 0.25415 0.19462
v -0.03190 0.12131 -0.59591 0.55201 0.25415 0.19462
v -0.03190 0.12131 -0.59591 0.55201 0.25415 0.19462
v -0.03190 0.12131 -0.59591 0.55201 0.25415 0.19462
v -0.03190 0.12131 -0.59591 0.55201 0.25415 0.19462
v -0.03190 0.12131 -0.59591 0.55201 0.25415 0.19462
v -0.02228 0.12301 -0.59397 0.55201 0.25415 0.19462
v -0.02893 0.11613 -0.58793 0.55201 0.25415 0.19462
v -0.03969 0.11876 -0.59023 0.55201 0.25415 0.19462
v -0.03969 0.12726 -0.59770 0.55201 0.25415 0.19462
v -0.02893 0.12989 -0.60001 0.55201 0.25415 0.19462
v -0.02228 0.12301 -0.59397 0.55201 0.25415 0.19462
v -0.01523 0.12766 -0.58867 0.55201 0.25415 0.19462
v -0.02675 0.11574 -0.57821 0.55201 0.25415 0.19462
v -0.04539 0.12030 -0.58221 0.55201 0.25415 0.19462
v -0.04539 0.13502 -0.59514 0.55201 0.25415 0.19462
v -0.02675 0.13957 -0.59914 0.55201 0.25415 0.19462
v -0.01523 0.12766 -0.58867 0.55201 0.25415 0.19462
v -0.01265 0.13401 -0.58144 0.55201 0.25415 0.19462
v -0.02595 0.12026 -0.56936 0.55201 0.25415 0.19462
v -0.04748 0.12551 -0.57397 0.55201 0.25415 0.19462
v -0.04748 0.14252 -0.58891 0.55201 0.25415 0.19462
v -0.02595 0.14777 -0.59353 0.55201 0.25415 0.19462
v -0.01265 0.13401 -0.58144 0.55201 0.25415 0.19462
v -0.01265 0.19332 -0.51393 0.55201 0.25415 0.19462
v -0.02595 0.17956 -0.50185 0.55201 0.25415 0.19462
v -0.04748 0.18481 -0.50647 0.55201 0.25415 0.19462
v -0.04748 0.20182 -0.52140 0.55201 0.25415 0.19462
v -0.02595 0.20707 -0.52602 0.55201 0.25415 0.19462
v -0.01265 0.19332 -0.51393 0.55201 0.25415 0.19462
v -0.01523 0.19967 -0.50670 0.55201 0.25415 0.19462
v -0.02675 0.18776 -0.49624 0.55201 0.25415 0.19462
v -0.04539 0.19231 -0.50023 0.55201 0.25415 0.19462
v -0.04539 0.20703 -0.51317 0.55201 0.25415 0.19462
v -0.02675 0.21158 -0.51717 0.55201 0.25415 0.19462
v -0.01523 0.19967 -0.50670 0.55201 0.25415 0.19462
v -0.02228 0.20432 -0.50141 0.55201 0.25415 0.19462
v -0.02893 0.19744 -0.49536 0.55201 0.25415 0.19462
v -0.03969 0.20007 -0.49767 0.55201 0.25415 0.19462
v -0.03969 0.20857 -0.50514 0.55201 0.25415 0.19462
v -0.02893 0.21120 -0.50745 0.55201 0.25415 0.19462
v -0.02228 0.20432 -0.50141 0.55201 0.25415 0.19462
v -0.03190 0.20602 -0.49947 0.55201 0.25415 0.19462
v -0.03190 0.20602 -0.49947 0.55201 0.25415 0.19462
v -0.03190 0.20602 -0.49947 0.55201 0.25415 0.19462
v -0.03190 0.20602 -0.49947 0.55201 0.25415 0.19462
v -0.03190 0.20602 -0.49947 0.55201 0.25415 0.19462
v -0.03190 0.20602 -0.49947 0.55201 0.25415 0.19462
f 3050 3062 3061
f 3051 3063 3062
f 3052 3064 3063
f 3053 3065 3064
f 3054 3066 3065
f 3055 3067 3066
f 3056 3068 3067
f 3057 3069 3068
f 3058 3070 3069
f 3059 3071 3070
f 3062 3073 3061
f 3061 3073 3072
f 3063 3074 3062
f 3062 3074 3073
f 3064 3075 3063
f 3063 3075 3074
f 3065 3076 3064
f 3064 3076 3075
f 3066 3077 3065
f 3065 3077 3076
f 3067 3078 3066
f 3066 3078 3077
f 3068 3079 3067
f 3067 3079 3078
f 3069 3080 3068
f 3068 3080 3079
f 3070 3081 3069
f 3069 3081 3080
f 3071 3082 3070
f 3070 3082 3081
f 3073 3084 3072
f 3072 3084 3083
f 3074 3085 3073
f 3073 3085 3084
f 3075 3086 3074
f 3074 3086 3085
f 3076 3087 3075
f 3075 3087 3086
f 3077 3088 3076
f 3076 3088 3087
f 3078 3089 3077
f 3077 3089 3088
f 3079 3090 3078
f 3078 3090 3089
f 3080 3091 3079
f 3079 3091 3090
f 3081 3092 3080
f 3080 3092 3091
f 3082 3093 3081
f 3081 3093 3092
f 3084 3095 3083
f 3083 3095 3094
f 3085 3096 3084
f 3084 3096 3095
f 3086 3097 3085
f 3085 3097 3096
f 3087 3098 3086
f 3086 3098 3097
f 3088 3099 3087
f 3087 3099 3098
f 3089 3100 3088
f 3088 3100 3099
f 3090 3101 3089
f 3089 3101 3100
f 3091 3102 3090
f 3090 3102 3101
f 3092 3103 3091
f 3091 3103 3102
f 3093 3104 3092
f 3092 3104 3103
f 3095 3106 3094
f 3094 3106 3105
f 3096 3107 3095
f 3095 3107 3106
f 3097 3108 3096
f 3096 3108 3107
f 3098 3109 3097
f 3097 3109 3108
f 3099 3110 3098
f 3098 3110 3109
f 3100 3111 3099
f 3099 3111 3110
f 3101 3112 3100
f 3100 3112 3111
f 3102 3113 3101
f 3101 3113 3112
f 3103 3114 3102
f 3102 3114 3113
f 3104 3115 3103
f 3103 3115 3114
f 3106 3117 3105
f 3105 3117 3116
f 3107 3118 3106
f 3106 3118 3117
f 3108 3119 3107
f 3107 3119 3118
f 3109 3120 3108
f 3108 3120 3119
f 3110 3121 3109
f 3109 3121 3120
f 3111 3122 3110
f 3110 3122 3121
f 3112 3123 3111
f 3111 3123 3122
f 3113 3124 3112
f 3112 3124 3123
f 3114 3125 3113
f 3113 3125 3124
f 3115 3126 3114
f 3114 3126 3125
f 3117 3128 3116
f 3116 3128 3127
f 3118 3129 3117
f 3117 3129 3128
f 3119 3130 3118
f 3118 3130 3129
f 3120 3131 3119
f 3119 3131 3130
f 3121 3132 3120
f 3120 3132 3131
f 3122 3133 3121
f 3121 3133 3132
f 3123 3134 3122
f 3122 3134 3133
f 3124 3135 3123
f 3123 3135 3134
f 3125 3136 3124
f 3124 3136 3135
f 3126 3137 3125
f 3125 3137 3136
f 3128 3139 3127
f 3127 3139 3138
f 3129 3140 3128
f 3128 3140 3139
f 3130 3141 3129
f 3129 3141 3140
f 3131 3142 3130
f 3130 3142 3141
f 3132 3143 3131
f 3131 3143 3142
f 3133 3144 3132
f 3132 3144 3143
f 3134 3145 3133
f 3133 3145 3144
f 3135 3146 3134
f 3134 3146 3145
f 3136 3147 3135
f 3135 3147 3146
f 3137 3148 3136
f 3136 3148 3147
f 3139 3150 3138
f 3140 3151 3139
f 3141 3152 3140
f 3142 3153 3141
f 3143 3154 3142
f 3144 3155 3143
f 3145 3156 3144
f 3146 3157 3145
f 3147 3158 3146
f 3148 3159 3147
f 3160 3168 3161
f 3161 3168 3169
f 3161 3169 3162
f 3162 3169 3170
f 3162 3170 3163
f 3163 3170 3171
f 3163 3171 3164
f 3164 3171 3172
f 3164 3172 3165
f 3165 3172 3173
f 3165 3173 3166
f 3166 3173 3174
f 3166 3174 3167
f 3167 3174 3175
f 3168 3176 3169
f 3169 3176 3177
f 3169 3177 3170
f 3170 3177 3178
f 3170 3178 3171
f 3171 3178 3179
f 3171 3179 3172
f 3172 3179 3180
f 3172 3180 3173
f 3173 3180 3181
f 3173 3181 3174
f 3174 3181 3182
f 3174 3182 3175
f 3175 3182 3183
f 3176 3184 3177
f 3177 3184 3185
f 3177 3185 3178
f 3178 3185 3186
f 3178 3186 3179
f 3179 3186 3187
f 3179 3187 3180
f 3180 3187 3188
f 3180 3188 3181
f 3181 3188 3189
f 3181 3189 3182
f 3182 3189 3190
f 3182 3190 3183
f 3183 3190 3191
f 3184 3192 3185
f 3185 3192 3193
f 3185 3193 3186
f 3186 3193 3194
f 3186 3194 3187
f 3187 3194 3195
f 3187 3195 3188
f 3188 3195 3196
f 3188 3196 3189
f 3189 3196 3197
f 3189 3197 3190
f 3190 3197 3198
f 3190 3198 3191
f 3191 3198 3199
f 3192 3200 3193
f 3193 3200 3201
f 3193 3201 3194
f 3194 3201 3202
f 3194 3202 3195
f 3195 3202 3203
f 3195 3203 3196
f 3196 3203 3204
f 3196 3204 3197
f 3197 3204 3205
f 3197 3205 3198
f 3198 3205 3206
f 3198 3206 3199
f 3199 3206 3207
f 3200 3208 3201
f 3201 3208 3209
f 3201 3209 3202
f 3202 3209 3210
f 3202 3210 3203
f 3203 3210 3211
f 3203 3211 3204
f 3204 3211 3212
f 3204 3212 3205
f 3205 3212 3213
f 3205 3213 3206
f 3206 3213 3214
f 3206 3214 3207
f 3207 3214 3215
f 3208 3216 3209
f 3209 3216 3217
f 3209 3217 3210
f 3210 3217 3218
f 3210 3218 3211
f 3211 3218 3219
f 3211 3219 3212
f 3212 3219 3220
f 3212 3220 3213
f 3213 3220 3221
f 3213 3221 3214
f 3214 3221 3222
f 3214 3222 3215
f 3215 3222 3223
f 3216 3224 3217
f 3217 3224 3225
f 3217 3225 3218
f 3218 3225 3226
f 3218 3226 3219
f 3219 3226 3227
f 3219 3227 3220
f 3220 3227 3228
f 3220 3228 3221
f 3221 3228 3229
f 3221 3229 3222
f 3222 3229 3230
f 3222 3230 3223
f 3223 3230 3231
f 3224 3232 3225
f 3225 3232 3233
f 3225 3233 3226
f 3226 3233 3234
f 3226 3234 3227
f 3227 3234 3235
f 3227 3235 3228
f 3228 3235 3236
f 3228 3236 3229
f 3229 3236 3237
f 3229 3237 3230
f 3230 3237 3238
f 3230 3238 3231
f 3231 3238 3239
f 3240 3251 3250
f 3241 3252 3251
f 3242 3253 3252
f 3243 3254 3253
f 3244 3255 3254
f 3245 3256 3255
f 3246 3257 3256
f 3247 3258 3257
f 3248 3259 3258
f 3251 3261 3250
f 3250 3261 3260
f 3252 3262 3251
f 3251 3262 3261
f 3253 3263 3252
f 3252 3263 3262
f 3254 3264 3253
f 3253 3264 3263
f 3255 3265 3254
f 3254 3265 3264
f 3256 3266 3255
f 3255 3266 3265
f 3257 3267 3256
f 3256 3267 3266
f 3258 3268 3257
f 3257 3268 3267
f 3259 3269 3258
f 3258 3269 3268
f 3261 3271 3260
f 3260 3271 3270
f 3262 3272 3261
f 3261 3272 3271
f 3263 3273 3262
f 3262 3273 3272
f 3264 3274 3263
f 3263 3274 3273
f 3265 3275 3264
f 3264 3275 3274
f 3266 3276 3265
f 3265 3276 3275
f 3267 3277 3266
f 3266 3277 3276
f 3268 3278 3267
f 3267 3278 3277
f 3269 3279 3268
f 3268 3279 3278
f 3271 3281 3270
f 3270 3281 3280
f 3272 3282 3271
f 3271 3282 3281
f 3273 3283 3272
f 3272 3283 3282
f 3274 3284 3273
f 3273 3284 3283
f 3275 3285 3274
f 3274 3285 3284
f 3276 3286 3275
f 3275 3286 3285
f 3277 3287 3276
f 3276 3287 3286
f 3278 3288 3277
f 3277 3288 3287
f 3279 3289 3278
f 3278 3289 3288
f 3281 3291 3280
f 3280 3291 3290
f 3282 3292 3281
f 3281 3292 3291
f 3283 3293 3282
f 3282 3293 3292
f 3284 3294 3283
f 3283 3294 3293
f 3285 3295 3284
f 3284 3295 3294
f 3286 3296 3285
f 3285 3296 3295
f 3287 3297 3286
f 3286 3297 3296
f 3288 3298 3287
f 3287 3298 3297
f 3289 3299 3288
f 3288 3299 3298
f 3291 3301 3290
f 3290 3301 3300
f 3292 3302 3291
f 3291 3302 3301
f 3293 3303 3292
f 3292 3303 3302
f 3294 3304 3293
f 3293 3304 3303
f 3295 3305 3294
f 3294 3305 3304
f 3296 3306 3295
f 3295 3306 3305
f 3297 3307 3296
f 3296 3307 3306
f 3298 3308 3297
f 3297 3308 3307
f 3299 3309 3298
f 3298 3309 3308
f 3301 3311 3300
f 3302 3312 3301
f 3303 3313 3302
f 3304 3314 3303
f 3305 3315 3304
f 3306 3316 3305
f 3307 3317 3306
f 3308 3318 3307
f 3309 3319 3308
f 3320 3331 3330
f 3321 3332 3331
f 3322 3333 3332
f 3323 3334 3333
f 3324 3335 3334
f 3325 3336 3335
f 3326 3337 3336
f 3327 3338 3337
f 3328 3339 3338
f 3331 3341 3330
f 3330 3341 3340
f 3332 3342 3331
f 3331 3342 3341
f 3333 3343 3332
f 3332 3343 3342
f 3334 3344 3333
f 3333 3344 3343
f 3335 3345 3334
f 3334 3345 3344
f 3336 3346 3335
f 3335 3346 3345
f 3337 3347 3336
f 3336 3347 3346
f 3338 3348 3337
f 3337 3348 3347
f 3339 3349 3338
f 3338 3349 3348
f 3341 3351 3340
f 3340 3351 3350
f 3342 3352 3341
f 3341 3352 3351
f 3343 3353 3342
f 3342 3353 3352
f 3344 3354 3343
f 3343 3354 3353
f 3345 3355 3344
f 3344 3355 3354
f 3346 3356 3345
f 3345 3356 3355
f 3347 3357 3346
f 3346 3357 3356
f 3348 3358 3347
f 3347 3358 3357
f 3349 3359 3348
f 3348 3359 3358
f 3351 3361 3350
f 3350 3361 3360
f 3352 3362 3351
f 3351 3362 3361
f 3353 3363 3352
f 3352 3363 3362
f 3354 3364 3353
f 3353 3364 3363
f 3355 3365 3354
f 3354 3365 3364
f 3356 3366 3355
f 3355 3366 3365
f 3357 3367 3356
f 3356 3367 3366
f 3358 3368 3357
f 3357 3368 3367
f 3359 3369 3358
f 3358 3369 3368
f 3361 3371 3360
f 3360 3371 3370
f 3362 3372 3361
f 3361 3372 3371
f 3363 3373 3362
f 3362 3373 3372
f 3364 3374 3363
f 3363 3374 3373
f 3365 3375 3364
f 3364 3375 3374
f 3366 3376 3365
f 3365 3376 3375
f 3367 3377 3366
f 3366 3377 3376
f 3368 3378 3367
f 3367 3378 3377
f 3369 3379 3368
f 3368 3379 3378
f 3371 3381 3370
f 3370 3381 3380
f 3372 3382 3371
f 3371 3382 3381
f 3373 3383 3372
f 3372 3383 3382
f 3374 3384 3373
f 3373 3384 3383
f 3375 3385 3374
f 3374 3385 3384
f 3376 3386 3375
f 3375 3386 3385
f 3377 3387 3376
f 3376 3387 3386
f 3378 3388 3377
f 3377 3388 3387
f 3379 3389 3378
f 3378 3389 3388
f 3381 3391 3380
f 3382 3392 3381
f 3383 3393 3382
f 3384 3394 3383
f 3385 3395 3384
f 3386 3396 3385
f 3387 3397 3386
f 3388 3398 3387
f 3389 3399 3388
f 3400 3406 3401
f 3401 3406 3407
f 3401 3407 3402
f 3402 3407 3408
f 3402 3408 3403
f 3403 3408 3409
f 3403 3409 3404
f 3404 3409 3410
f 3404 3410 3405
f 3405 3410 3411
f 3406 3412 3407
f 3407 3412 3413
f 3407 3413 3408
f 3408 3413 3414
f 3408 3414 3409
f 3409 3414 3415
f 3409 3415 3410
f 3410 3415 3416
f 3410 3416 3411
f 3411 3416 3417
f 3412 3418 3413
f 3413 3418 3419
f 3413 3419 3414
f 3414 3419 3420
f 3414 3420 3415
f 3415 3420 3421
f 3415 3421 3416
f 3416 3421 3422
f 3416 3422 3417
f 3417 3422 3423
f 3418 3424 3419
f 3419 3424 3425
f 3419 3425 3420
f 3420 3425 3426
f 3420 3426 3421
f 3421 3426 3427
f 3421 3427 3422
f 3422 3427 3428
f 3422 3428 3423
f 3423 3428 3429
f 3424 3430 3425
f 3425 3430 3431
f 3425 3431 3426
f 3426 3431 3432
f 3426 3432 3427
f 3427 3432 3433
f 3427 3433 3428
f 3428 3433 3434
f 3428 3434 3429
f 3429 3434 3435
f 3430 3436 3431
f 3431 3436 3437
f 3431 3437 3432
f 3432 3437 3438
f 3432 3438 3433
f 3433 3438 3439
f 3433 3439 3434
f 3434 3439 3440
f 3434 3440 3435
f 3435 3440 3441
f 3436 3442 3437
f 3437 3442 3443
f 3437 3443 3438
f 3438 3443 3444
f 3438 3444 3439
f 3439 3444 3445
f 3439 3445 3440
f 3440 3445 3446
f 3440 3446 3441
f 3441 3446 3447
f 3448 3454 3449
f 3449 3454 3455
f 3449 3455 3450
f 3450 3455 3456
f 3450 3456 3451
f 3451 3456 3457
f 3451 3457 3452
f 3452 3457 3458
f 3452 3458 3453
f 3453 3458 3459
f 3454 3460 3455
f 3455 3460 3461
f 3455 3461 3456
f 3456 3461 3462
f 3456 3462 3457
f 3457 3462 3463
f 3457 3463 3458
f 3458 3463 3464
f 3458 3464 3459
f 3459 3464 3465
f 3460 3466 3461
f 3461 3466 3467
f 3461 3467 3462
f 3462 3467 3468
f 3462 3468 3463
f 3463 3468 3469
f 3463 3469 3464
f 3464 3469 3470
f 3464 3470 3465
f 3465 3470 3471
f 3466 3472 3467
f 3467 3472 3473
f 3467 3473 3468
f 3468 3473 3474
f 3468 3474 3469
f 3469 3474 3475
f 3469 3475 3470
f 3470 3475 3476
f 3470 3476 3471
f 3471 3476 3477
f 3472 3478 3473
f 3473 3478 3479
f 3473 3479 3474
f 3474 3479 3480
f 3474 3480 3475
f 3475 3480 3481
f 3475 3481 3476
f 3476 3481 3482
f 3476 3482 3477
f 3477 3482 3483
f 3478 3484 3479
f 3479 3484 3485
f 3479 3485 3480
f 3480 3485 3486
f 3480 3486 3481
f 3481 3486 3487
f 3481 3487 3482
f 3482 3487 3488
f 3482 3488 3483
f 3483 3488 3489
f 3484 3490 3485
f 3485 3490 3491
f 3485 3491 3486
f 3486 3491 3492
f 3486 3492 3487
f 3487 3492 3493
f 3487 3493 3488
f 3488 3493 3494
f 3488 3494 3489
f 3489 3494 3495
f 3496 3502 3497
f 3497 3502 3503
f 3497 3503 3498
f 3498 3503 3504
f 3498 3504 3499
f 3499 3504 3505
f 3499 3505 3500
f 3500 3505 3506
f 3500 3506 3501
f 3501 3506 3507
f 3502 3508 3503
f 3503 3508 3509
f 3503 3509 3504
f 3504 3509 3510
f 3504 3510 3505
f 3505 3510 3511
f 3505 3511 3506
f 3506 3511 3512
f 3506 3512 3507
f 3507 3512 3513
f 3508 3514 3509
f 3509 3514 3515
f 3509 3515 3510
f 3510 3515 3516
f 3510 3516 3511
f 3511 3516 3517
f 3511 3517 3512
f 3512 3517 3518
f 3512 3518 3513
f 3513 3518 3519
f 3514 3520 3515
f 3515 3520 3521
f 3515 3521 3516
f 3516 3521 3522
f 3516 3522 3517
f 3517 3522 3523
f 3517 3523 3518
f 3518 3523 3524
f 3518 3524 3519
f 3519 3524 3525
f 3520 3526 3521
f 3521 3526 3527
f 3521 3527 3522
f 3522 3527 3528
f 3522 3528 3523
f 3523 3528 3529
f 3523 3529 3524
f 3524 3529 3530
f 3524 3530 3525
f 3525 3530 3531
f 3526 3532 3527
f 3527 3532 3533
f 3527 3533 3528
f 3528 3533 3534
f 3528 3534 3529
f 3529 3534 3535
f 3529 3535 3530
f 3530 3535 3536
f 3530 3536 3531
f 3531 3536 3537
f 3532 3538 3533
f 3533 3538 3539
f 3533 3539 3534
f 3534 3539 3540
f 3534 3540 3535
f 3535 3540 3541
f 3535 3541 3536
f 3536 3541 3542
f 3536 3542 3537
f 3537 3542 3543
v 0.00000 1.05366 0.00000 0.34563 0.01885 0.06931
v 0.00000 0.97664 0.07702 0.34563 0.01885 0.06931
v -0.07702 0.97664 0.00000 0.34563 0.01885 0.06931
v 0.00000 0.97664 0.07702 0.34563 0.01885 0.06931
v 0.00000 0.89962 0.00000 0.34563 0.01885 0.06931
v -0.07702 0.97664 0.00000 0.34563 0.01885 0.06931
v 0.00000 0.89962 0.00000 0.34563 0.01885 0.06931
v 0.00000 0.97664 -0.07702 0.34563 0.01885 0.06931
v -0.07702 0.97664 0.00000 0.34563 0.01885 0.06931
v 0.00000 0.97664 -0.07702 0.34563 0.01885 0.06931
v 0.00000 1.05366 0.00000 0.34563 0.01885 0.06931
v -0.07702 0.97664 0.00000 0.34563 0.01885 0.06931
v 0.00000 1.05366 0.00000 0.34563 0.01885 0.06931
v 0.00000 0.97664 -0.07702 0.34563 0.01885 0.06931
v 0.07702 0.97664 0.00000 0.34563 0.01885 0.06931
v 0.00000 0.97664 -0.07702 0.34563 0.01885 0.06931
v 0.00000 0.89962 0.00000 0.34563 0.01885 0.06931
v 0.07702 0.97664 0.00000 0.34563 0.01885 0.06931
v 0.00000 0.89962 0.00000 0.34563 0.01885 0.06931
v 0.00000 0.97664 0.07702 0.34563 0.01885 0.06931
v 0.07702 0.97664 0.00000 0.34563 0.01885 0.06931
v 0.00000 0.97664 0.07702 0.34563 0.01885 0.06931
v 0.00000 1.05366 0.00000 0.34563 0.01885 0.06931
v 0.07702 0.97664 0.00000 0.34563 0.01885 0.06931
f 3544 3546 3545
f 3547 3549 3548
f 3550 3552 3551
f 3553 3555 3554
f 3556 3558 3557
f 3559 3561 3560
f 3562 3564 3563
f 3565 3567 3566
v 0.07531 0.21090 0.12237 1.00000 0.06900 0.17333
v 0.07531 0.21090 0.12237 1.00000 0.06900 0.17333
v 0.07531 0.21090 0.12237 1.00000 0.06900 0.17333
v 0.07531 0.21090 0.12237 1.00000 0.06900 0.17333
v 0.07531 0.21090 0.12237 1.00000 0.06900 0.17333
v 0.07531 0.21090 0.12237 1.00000 0.06900 0.17333
v 0.07531 0.21090 0.12237 1.00000 0.06900 0.17333
v 0.07531 0.21090 0.12237 1.00000 0.06900 0.17333
v 0.09301 0.20515 0.12237 1.00000 0.06900 0.17333
v 0.08635 0.20515 0.13622 1.00000 0.06900 0.17333
v 0.07137 0.20515 0.13964 1.00000 0.06900 0.17333
v 0.05935 0.20515 0.13006 1.00000 0.06900 0.17333
v 0.05935 0.20515 0.11469 1.00000 0.06900 0.17333
v 0.07137 0.20515 0.10511 1.00000 0.06900 0.17333
v 0.08635 0.20515 0.10853 1.00000 0.06900 0.17333
v 0.09301 0.20515 0.12237 1.00000 0.06900 0.17333
v 0.10396 0.19009 0.12237 1.00000 0.06900 0.17333
v 0.09317 0.19009 0.14477 1.00000 0.06900 0.17333
v 0.06893 0.19009 0.15030 1.00000 0.06900 0.17333
v 0.04950 0.19009 0.13480 1.00000 0.06900 0.17333
v 0.04950 0.19009 0.10994 1.00000 0.06900 0.17333
v 0.06893 0.19009 0.09444 1.00000 0.06900 0.17333
v 0.09317 0.19009 0.09998 1.00000 0.06900 0.17333
v 0.10396 0.19009 0.12237 1.00000 0.06900 0.17333
v 0.10396 0.17147 0.12237 1.00000 0.06900 0.17333
v 0.09317 0.17147 0.14477 1.00000 0.06900 0.17333
v 0.06893 0.17147 0.15030 1.00000 0.06900 0.17333
v 0.04950 0.17147 0.13480 1.00000 0.06900 0.17333
v 0.04950 0.17147 0.10994 1.00000 0.06900 0.17333
v 0.06893 0.17147 0.09444 1.00000 0.06900 0.17333
v 0.09317 0.17147 0.09998 1.00000 0.06900 0.17333
v 0.10396 0.17147 0.12237 1.00000 0.06900 0.17333
v 0.09301 0.15641 0.12237 1.00000 0.06900 0.17333
v 0.08635 0.15641 0.13622 1.00000 0.06900 0.17333
v 0.07137 0.15641 0.13964 1.00000 0.06900 0.17333
v 0.05935 0.15641 0.13006 1.00000 0.06900 0.17333
v 0.05935 0.15641 0.11469 1.00000 0.06900 0.17333
v 0.07137 0.15641 0.10511 1.00000 0.06900 0.17333
v 0.08635 0.15641 0.10853 1.00000 0.06900 0.17333
v 0.09301 0.15641 0.12237 1.00000 0.06900 0.17333
v 0.07531 0.15066 0.12237 1.00000 0.06900 0.17333
v 0.07531 0.15066 0.12237 1.00000 0.06900 0.17333
v 0.07531 0.15066 0.12237 1.00000 0.06900 0.17333
v 0.07531 0.15066 0.12237 1.00000 0.06900 0.17333
v 0.07531 0.15066 0.12237 1.00000 0.06900 0.17333
v 0.07531 0.15066 0.12237 1.00000 0.06900 0.17333
v 0.07531 0.15066 0.12237 1.00000 0.06900 0.17333
v 0.07531 0.15066 0.12237 1.00000 0.06900 0.17333
v -0.07531 0.21090 0.12237 1.00000 0.06900 0.17333
v -0.07531 0.21090 0.12237 1.00000 0.06900 0.17333
v -0.07531 0.21090 0.12237 1.00000 0.06900 0.17333
v -0.07531 0.21090 0.12237 1.00000 0.06900 0.17333
v -0.07531 0.21090 0.12237 1.00000 0.06900 0.17333
v -0.07531 0.21090 0.12237 1.00000 0.06900 0.17333
v -0.07531 0.21090 0.12237 1.00000 0.06900 0.17333
v -0.07531 0.21090 0.12237 1.00000 0.06900 0.17333
v -0.05760 0.20515 0.12237 1.00000 0.06900 0.17333
v -0.06427 0.20515 0.13622 1.00000 0.06900 0.17333
v -0.07925 0.20515 0.13964 1.00000 0.06900 0.17333
v -0.09126 0.20515 0.13006 1.00000 0.06900 0.17333
v -0.09126 0.20515 0.11469 1.00000 0.06900 0.17333
v -0.07925 0.20515 0.10511 1.00000 0.06900 0.17333
v -0.06427 0.20515 0.10853 1.00000 0.06900 0.17333
v -0.05760 0.20515 0.12237 1.00000 0.06900 0.17333
v -0.04666 0.19009 0.12237 1.00000 0.06900 0.17333
v -0.05745 0.19009 0.14477 1.00000 0.06900 0.17333
v -0.08168 0.19009 0.15030 1.00000 0.06900 0.17333
v -0.10112 0.19009 0.13480 1.00000 0.06900 0.17333
v -0.10112 0.19009 0.10994 1.00000 0.06900 0.17333
v -0.08168 0.19009 0.09444 1.00000 0.06900 0.17333
v -0.05745 0.19009 0.09998 1.00000 0.06900 0.17333
v -0.04666 0.19009 0.12237 1.00000 0.06900 0.17333
v -0.04666 0.17147 0.12237 1.00000 0.06900 0.17333
v -0.05745 0.17147 0.14477 1.00000 0.06900 0.17333
v -0.08168 0.17147 0.15030 1.00000 0.06900 0.17333
v -0.10112 0.17147 0.13480 1.00000 0.06900 0.17333
v -0.10112 0.17147 0.10994 1.00000 0.06900 0.17333
v -0.08168 0.17147 0.09444 1.00000 0.06900 0.17333
v -0.05745 0.17147 0.09998 1.00000 0.06900 0.17333
v -0.04666 0.17147 0.12237 1.00000 0.06900 0.17333
v -0.05760 0.15641 0.12237 1.00000 0.06900 0.17333
v -0.06427 0.15641 0.13622 1.00000 0.06900 0.17333
v -0.07925 0.15641 0.13964 1.00000 0.06900 0.17333
v -0.09126 0.15641 0.13006 1.00000 0.06900 0.17333
v -0.09126 0.15641 0.11469 1.00000 0.06900 0.17333
v -0.07925 0.15641 0.10511 1.00000 0.06900 0.17333
v -0.06427 0.15641 0.10853 1.00000 0.06900 0.17333
v -0.05760 0.15641 0.12237 1.00000 0.06900 0.17333
v -0.07531 0.15066 0.12237 1.00000 0.06900 0.17333
v -0.07531 0.15066 0.12237 1.00000 0.06900 0.17333
v -0.07531 0.15066 0.12237 1.00000 0.06900 0.17333
v -0.07531 0.15066 0.12237 1.00000 0.06900 0.17333
v -0.07531 0.15066 0.12237 1.00000 0.06900 0.17333
v -0.07531 0.15066 0.12237 1.00000 0.06900 0.17333
v -0.07531 0.15066 0.12237 1.00000 0.06900 0.17333
v -0.07531 0.15066 0.12237 1.00000 0.06900 0.17333
f 3568 3577 3576
f 3569 3578 3577
f 3570 3579 3578
f 3571 3580 3579
f 3572 3581 3580
f 3573 3582 3581
f 3574 3583 3582
f 3577 3585 3576
f 3576 3585 3584
f 3578 3586 3577
f 3577 3586 3585
f 3579 3587 3578
f 3578 3587 3586
f 3580 3588 3579
f 3579 3588 3587
f 3581 3589 3580
f 3580 3589 3588
f 3582 3590 3581
f 3581 3590 3589
f 3583 3591 3582
f 3582 3591 3590
f 3585 3593 3584
f 3584 3593 3592
f 3586 3594 3585
f 3585 3594 3593
f 3587 3595 3586
f 3586 3595 3594
f 3588 3596 3587
f 3587 3596 3595
f 3589 3597 3588
f 3588 3597 3596
f 3590 3598 3589
f 3589 3598 3597
f 3591 3599 3590
f 3590 3599 3598
f 3593 3601 3592
f 3592 3601 3600
f 3594 3602 3593
f 3593 3602 3601
f 3595 3603 3594
f 3594 3603 3602
f 3596 3604 3595
f 3595 3604 3603
f 3597 3605 3596
f 3596 3605 3604
f 3598 3606 3597
f 3597 3606 3605
f 3599 3607 3598
f 3598 3607 3606
f 3601 3609 3600
f 3602 3610 3601
f 3603 3611 3602
f 3604 3612 3603
f 3605 3613 3604
f 3606 3614 3605
f 3607 3615 3606
f 3616 3625 3624
f 3617 3626 3625
f 3618 3627 3626
f 3619 3628 3627
f 3620 3629 3628
f 3621 3630 3629
f 3622 3631 3630
f 3625 3633 3624
f 3624 3633 3632
f 3626 3634 3625
f 3625 3634 3633
f 3627 3635 3626
f 3626 3635 3634
f 3628 3636 3627
f 3627 3636 3635
f 3629 3637 3628
f 3628 3637 3636
f 3630 3638 3629
f 3629 3638 3637
f 3631 3639 3630
f 3630 3639 3638
f 3633 3641 3632
f 3632 3641 3640
f 3634 3642 3633
f 3633 3642 3641
f 3635 3643 3634
f 3634 3643 3642
f 3636 3644 3635
f 3635 3644 3643
f 3637 3645 3636
f 3636 3645 3644
f 3638 3646 3637
f 3637 3646 3645
f 3639 3647 3638
f 3638 3647 3646
f 3641 3649 3640
f 3640 3649 3648
f 3642 3650 3641
f 3641 3650 3649
f 3643 3651 3642
f 3642 3651 3650
f 3644 3652 3643
f 3643 3652 3651
f 3645 3653 3644
f 3644 3653 3652
f 3646 3654 3645
f 3645 3654 3653
f 3647 3655 3646
f 3646 3655 3654
f 3649 3657 3648
f 3650 3658 3649
f 3651 3659 3650
f 3652 3660 3651
f 3653 3661 3652
f 3654 3662 3653
f 3655 3663 3654
v 0.01130 0.19661 0.22592 0.80695 0.74540 0.65837
v 0.01130 0.19661 0.20709 0.80695 0.74540 0.65837
v 0.01130 0.13072 0.22592 0.80695 0.74540 0.65837
v 0.01130 0.13072 0.20709 0.80695 0.74540 0.65837
v 0.03389 0.19661 0.20709 0.80695 0.74540 0.65837
v 0.03389 0.19661 0.22592 0.80695 0.74540 0.65837
v 0.03389 0.13072 0.20709 0.80695 0.74540 0.65837
v 0.03389 0.13072 0.22592 0.80695 0.74540 0.65837
v 0.03389 0.19661 0.20709 0.80695 0.74540 0.65837
v 0.01130 0.19661 0.20709 0.80695 0.74540 0.65837
v 0.03389 0.19661 0.22592 0.80695 0.74540 0.65837
v 0.01130 0.19661 0.22592 0.80695 0.74540 0.65837
v 0.03389 0.13072 0.22592 0.80695 0.74540 0.65837
v 0.01130 0.13072 0.22592 0.80695 0.74540 0.65837
v 0.03389 0.13072 0.20709 0.80695 0.74540 0.65837
v 0.01130 0.13072 0.20709 0.80695 0.74540 0.65837
v 0.03389 0.19661 0.22592 0.80695 0.74540 0.65837
v 0.01130 0.19661 0.22592 0.80695 0.74540 0.65837
v 0.03389 0.13072 0.22592 0.80695 0.74540 0.65837
v 0.01130 0.13072 0.22592 0.80695 0.74540 0.65837
v 0.01130 0.19661 0.20709 0.80695 0.74540 0.65837
v 0.03389 0.19661 0.20709 0.80695 0.74540 0.65837
v 0.01130 0.13072 0.20709 0.80695 0.74540 0.65837
v 0.03389 0.13072 0.20709 0.80695 0.74540 0.65837
v -0.03389 0.19661 0.22592 0.80695 0.74540 0.65837
v -0.03389 0.19661 0.20709 0.80695 0.74540 0.65837
v -0.03389 0.13072 0.22592 0.80695 0.74540 0.65837
v -0.03389 0.13072 0.20709 0.80695 0.74540 0.65837
v -0.01130 0.19661 0.20709 0.80695 0.74540 0.65837
v -0.01130 0.19661 0.22592 0.80695 0.74540 0.65837
v -0.01130 0.13072 0.20709 0.80695 0.74540 0.65837
v -0.01130 0.13072 0.22592 0.80695 0.74540 0.65837
v -0.01130 0.19661 0.20709 0.80695 0.74540 0.65837
v -0.03389 0.19661 0.20709 0.80695 0.74540 0.65837
v -0.01130 0.19661 0.22592 0.80695 0.74540 0.65837
v -0.03389 0.19661 0.22592 0.80695 0.74540 0.65837
v -0.01130 0.13072 0.22592 0.80695 0.74540 0.65837
v -0.03389 0.13072 0.22592 0.80695 0.74540 0.65837
v -0.01130 0.13072 0.20709 0.80695 0.74540 0.65837
v -0.03389 0.13072 0.20709 0.80695 0.74540 0.65837
v -0.01130 0.19661 0.22592 0.80695 0.74540 0.65837
v -0.03389 0.19661 0.22592 0.80695 0.74540 0.65837
v -0.01130 0.13072 0.22592 0.80695 0.74540 0.65837
v -0.03389 0.13072 0.22592 0.80695 0.74540 0.65837
v -0.03389 0.19661 0.20709 0.80695 0.74540 0.65837
v -0.01130 0.19661 0.20709 0.80695 0.74540 0.65837
v -0.03389 0.13072 0.20709 0.80695 0.74540 0.65837
v -0.01130 0.13072 0.20709 0.80695 0.74540 0.65837
v 0.05135 0.11029 0.30104 0.80695 0.74540 0.65837
v 0.05135 0.11029 0.30104 0.80695 0.74540 0.65837
v 0.05135 0.11029 0.30104 0.80695 0.74540 0.65837
v 0.05135 0.11029 0.30104 0.80695 0.74540 0.65837
v 0.05135 0.11029 0.30104 0.80695 0.74540 0.65837
v 0.05135 0.11029 0.30104 0.80695 0.74540 0.65837
v 0.05135 0.20538 0.22377 0.80695 0.74540 0.65837
v 0.02693 0.21344 0.23958 0.80695 0.74540 0.65837
v 0.03626 0.22647 0.26515 0.80695 0.74540 0.65837
v 0.06644 0.22647 0.26515 0.80695 0.74540 0.65837
v 0.07576 0.21344 0.23958 0.80695 0.74540 0.65837
v 0.05135 0.20538 0.22377 0.80695 0.74540 0.65837
v 0.05135 0.21704 0.24665 0.80695 0.74540 0.65837
v 0.05135 0.21704 0.24665 0.80695 0.74540 0.65837
v 0.05135 0.21704 0.24665 0.80695 0.74540 0.65837
v 0.05135 0.21704 0.24665 0.80695 0.74540 0.65837
v 0.05135 0.21704 0.24665 0.80695 0.74540 0.65837
v 0.05135 0.20538 0.22377 0.80695 0.74540 0.65837
v 0.02693 0.21344 0.23958 0.80695 0.74540 0.65837
v 0.03626 0.22647 0.26515 0.80695 0.74540 0.65837
v 0.06644 0.22647 0.26515 0.80695 0.74540 0.65837
v 0.07576 0.21344 0.23958 0.80695 0.74540 0.65837
v 0.05135 0.20538 0.22377 0.80695 0.74540 0.65837
v -0.05135 0.11029 0.30104 0.80695 0.74540 0.65837
v -0.05135 0.11029 0.30104 0.80695 0.74540 0.65837
v -0.05135 0.11029 0.30104 0.80695 0.74540 0.65837
v -0.05135 0.11029 0.30104 0.80695 0.74540 0.65837
v -0.05135 0.11029 0.30104 0.80695 0.74540 0.65837
v -0.05135 0.11029 0.30104 0.80695 0.74540 0.65837
v -0.05135 0.20538 0.22377 0.80695 0.74540 0.65837
v -0.07576 0.21344 0.23958 0.80695 0.74540 0.65837
v -0.06644 0.22647 0.26515 0.80695 0.74540 0.65837
v -0.03626 0.22647 0.26515 0.80695 0.74540 0.65837
v -0.02693 0.21344 0.23958 0.80695 0.74540 0.65837
v -0.05135 0.20538 0.22377 0.80695 0.74540 0.65837
v -0.05135 0.21704 0.24665 0.80695 0.74540 0.65837
v -0.05135 0.21704 0.24665 0.80695 0.74540 0.65837
v -0.05135 0.21704 0.24665 0.80695 0.74540 0.65837
v -0.05135 0.21704 0.24665 0.80695 0.74540 0.65837
v -0.05135 0.21704 0.24665 0.80695 0.74540 0.65837
v -0.05135 0.20538 0.22377 0.80695 0.74540 0.65837
v -0.07576 0.21344 0.23958 0.80695 0.74540 0.65837
v -0.06644 0.22647 0.26515 0.80695 0.74540 0.65837
v -0.03626 0.22647 0.26515 0.80695 0.74540 0.65837
v -0.02693 0.21344 0.23958 0.80695 0.74540 0.65837
v -0.05135 0.20538 0.22377 0.80695 0.74540 0.65837
v 0.29888 0.14420 0.10269 0.80695 0.74540 0.65837
v 0.29888 0.14420 0.10269 0.80695 0.74540 0.65837
v 0.29888 0.14420 0.10269 0.80695 0.74540 0.65837
v 0.29888 0.14420 0.10269 0.80695 0.74540 0.65837
v 0.29888 0.14420 0.10269 0.80695 0.74540 0.65837
v 0.29888 0.14420 0.10269 0.80695 0.74540 0.65837
v 0.29888 0.18313 0.09157 0.80695 0.74540 0.65837
v 0.28829 0.18313 0.09925 0.80695 0.74540 0.65837
v 0.29234 0.18313 0.11169 0.80695 0.74540 0.65837
v 0.30541 0.18313 0.11169 0.80695 0.74540 0.65837
v 0.30946 0.18313 0.09925 0.80695 0.74540 0.65837
v 0.29888 0.18313 0.09157 0.80695 0.74540 0.65837
v 0.29888 0.18313 0.10269 0.80695 0.74540 0.65837
v 0.29888 0.18313 0.10269 0.80695 0.74540 0.65837
v 0.29888 0.18313 0.10269 0.80695 0.74540 0.65837
v 0.29888 0.18313 0.10269 0.80695 0.74540 0.65837
v 0.29888 0.18313 0.10269 0.80695 0.74540 0.65837
v 0.29888 0.18313 0.09157 0.80695 0.74540 0.65837
v 0.28829 0.18313 0.09925 0.80695 0.74540 0.65837
v 0.29234 0.18313 0.11169 0.80695 0.74540 0.65837
v 0.30541 0.18313 0.11169 0.80695 0.74540 0.65837
v 0.30946 0.18313 0.09925 0.80695 0.74540 0.65837
v 0.29888 0.18313 0.09157 0.80695 0.74540 0.65837
v 0.27384 0.14420 0.10269 0.80695 0.74540 0.65837
v 0.27384 0.14420 0.10269 0.80695 0.74540 0.65837
v 0.27384 0.14420 0.10269 0.80695 0.74540 0.65837
v 0.27384 0.14420 0.10269 0.80695 0.74540 0.65837
v 0.27384 0.14420 0.10269 0.80695 0.74540 0.65837
v 0.27384 0.14420 0.10269 0.80695 0.74540 0.65837
v 0.27384 0.18313 0.09157 0.80695 0.74540 0.65837
v 0.26326 0.18313 0.09925 0.80695 0.74540 0.65837
v 0.26730 0.18313 0.11169 0.80695 0.74540 0.65837
v 0.28038 0.18313 0.11169 0.80695 0.74540 0.65837
v 0.28442 0.18313 0.09925 0.80695 0.74540 0.65837
v 0.27384 0.18313 0.09157 0.80695 0.74540 0.65837
v 0.27384 0.18313 0.10269 0.80695 0.74540 0.65837
v 0.27384 0.18313 0.10269 0.80695 0.74540 0.65837
v 0.27384 0.18313 0.10269 0.80695 0.74540 0.65837
v 0.27384 0.18313 0.10269 0.80695 0.74540 0.65837
v 0.27384 0.18313 0.10269 0.80695 0.74540 0.65837
v 0.27384 0.18313 0.09157 0.80695 0.74540 0.65837
v 0.26326 0.18313 0.09925 0.80695 0.74540 0.65837
v 0.26730 0.18313 0.11169 0.80695 0.74540 0.65837
v 0.28038 0.18313 0.11169 0.80695 0.74540 0.65837
v 0.28442 0.18313 0.09925 0.80695 0.74540 0.65837
v 0.27384 0.18313 0.09157 0.80695 0.74540 0.65837
v 0.24881 0.14420 0.10269 0.80695 0.74540 0.65837
v 0.24881 0.14420 0.10269 0.80695 0.74540 0.65837
v 0.24881 0.14420 0.10269 0.80695 0.74540 0.65837
v 0.24881 0.14420 0.10269 0.80695 0.74540 0.65837
v 0.24881 0.14420 0.10269 0.80695 0.74540 0.65837
v 0.24881 0.14420 0.10269 0.80695 0.74540 0.65837
v 0.24881 0.18313 0.09157 0.80695 0.74540 0.65837
v 0.23823 0.18313 0.09925 0.80695 0.74540 0.65837
v 0.24227 0.18313 0.11169 0.80695 0.74540 0.65837
v 0.25535 0.18313 0.11169 0.80695 0.74540 0.65837
v 0.25939 0.18313 0.09925 0.80695 0.74540 0.65837
v 0.24881 0.18313 0.09157 0.80695 0.74540 0.65837
v 0.24881 0.18313 0.10269 0.80695 0.74540 0.65837
v 0.24881 0.18313 0.10269 0.80695 0.74540 0.65837
v 0.24881 0.18313 0.10269 0.80695 0.74540 0.65837
v 0.24881 0.18313 0.10269 0.80695 0.74540 0.65837
v 0.24881 0.18313 0.10269 0.80695 0.74540 0.65837
v 0.24881 0.18313 0.09157 0.80695 0.74540 0.65837
v 0.23823 0.18313 0.09925 0.80695 0.74540 0.65837
v 0.24227 0.18313 0.11169 0.80695 0.74540 0.65837
v 0.25535 0.18313 0.11169 0.80695 0.74540 0.65837
v 0.25939 0.18313 0.09925 0.80695 0.74540 0.65837
v 0.24881 0.18313 0.09157 0.80695 0.74540 0.65837
v -0.24881 0.14420 0.10269 0.80695 0.74540 0.65837
v -0.24881 0.14420 0.10269 0.80695 0.74540 0.65837
v -0.24881 0.14420 0.10269 0.80695 0.74540 0.65837
v -0.24881 0.14420 0.10269 0.80695 0.74540 0.65837
v -0.24881 0.14420 0.10269 0.80695 0.74540 0.65837
v -0.24881 0.14420 0.10269 0.80695 0.74540 0.65837
v -0.24881 0.18313 0.09157 0.80695 0.74540 0.65837
v -0.25939 0.18313 0.09925 0.80695 0.74540 0.65837
v -0.25535 0.18313 0.11169 0.80695 0.74540 0.65837
v -0.24227 0.18313 0.11169 0.80695 0.74540 0.65837
v -0.23823 0.18313 0.09925 0.80695 0.74540 0.65837
v -0.24881 0.18313 0.09157 0.80695 0.74540 0.65837
v -0.24881 0.18313 0.10269 0.80695 0.74540 0.65837
v -0.24881 0.18313 0.10269 0.80695 0.74540 0.65837
v -0.24881 0.18313 0.10269 0.80695 0.74540 0.65837
v -0.24881 0.18313 0.10269 0.80695 0.74540 0.65837
v -0.24881 0.18313 0.10269 0.80695 0.74540 0.65837
v -0.24881 0.18313 0.09157 0.80695 0.74540 0.65837
v -0.25939 0.18313 0.09925 0.80695 0.74540 0.65837
v -0.25535 0.18313 0.11169 0.80695 0.74540 0.65837
v -0.24227 0.18313 0.11169 0.80695 0.74540 0.65837
v -0.23823 0.18313 0.09925 0.80695 0.74540 0.65837
v -0.24881 0.18313 0.09157 0.80695 0.74540 0.65837
v -0.27384 0.14420 0.10269 0.80695 0.74540 0.65837
v -0.27384 0.14420 0.10269 0.80695 0.74540 0.65837
v -0.27384 0.14420 0.10269 0.80695 0.74540 0.65837
v -0.27384 0.14420 0.10269 0.80695 0.74540 0.65837
v -0.27384 0.14420 0.10269 0.80695 0.74540 0.65837
v -0.27384 0.14420 0.10269 0.80695 0.74540 0.65837
v -0.27384 0.18313 0.09157 0.80695 0.74540 0.65837
v -0.28442 0.18313 0.09925 0.80695 0.74540 0.65837
v -0.28038 0.18313 0.11169 0.80695 0.74540 0.65837
v -0.26730 0.18313 0.11169 0.80695 0.74540 0.65837
v -0.26326 0.18313 0.09925 0.80695 0.74540 0.65837
v -0.27384 0.18313 0.09157 0.80695 0.74540 0.65837
v -0.27384 0.18313 0.10269 0.80695 0.74540 0.65837
v -0.27384 0.18313 0.10269 0.80695 0.74540 0.65837
v -0.27384 0.18313 0.10269 0.80695 0.74540 0.65837
v -0.27384 0.18313 0.10269 0.80695 0.74540 0.65837
v -0.27384 0.18313 0.10269 0.80695 0.74540 0.65837
v -0.27384 0.18313 0.09157 0.80695 0.74540 0.65837
v -0.28442 0.18313 0.09925 0.80695 0.74540 0.65837
v -0.28038 0.18313 0.11169 0.80695 0.74540 0.65837
v -0.26730 0.18313 0.11169 0.80695 0.74540 0.65837
v -0.26326 0.18313 0.09925 0.80695 0.74540 0.65837
v -0.27384 0.18313 0.09157 0.80695 0.74540 0.65837
v -0.29888 0.14420 0.10269 0.80695 0.74540 0.65837
v -0.29888 0.14420 0.10269 0.80695 0.74540 0.65837
v -0.29888 0.14420 0.10269 0.80695 0.74540 0.65837
v -0.29888 0.14420 0.10269 0.80695 0.74540 0.65837
v -0.29888 0.14420 0.10269 0.80695 0.74540 0.65837
v -0.29888 0.14420 0.10269 0.80695 0.74540 0.65837
v -0.29888 0.18313 0.09157 0.80695 0.74540 0.65837
v -0.30946 0.18313 0.09925 0.80695 0.74540 0.65837
v -0.30541 0.18313 0.11169 0.80695 0.74540 0.65837
v -0.29234 0.18313 0.11169 0.80695 0.74540 0.65837
v -0.28829 0.18313 0.09925 0.80695 0.74540 0.65837
v -0.29888 0.18313 0.09157 0.80695 0.74540 0.65837
v -0.29888 0.18313 0.10269 0.80695 0.74540 0.65837
v -0.29888 0.18313 0.10269 0.80695 0.74540 0.65837
v -0.29888 0.18313 0.10269 0.80695 0.74540 0.65837
v -0.29888 0.18313 0.10269 0.80695 0.74540 0.65837
v -0.29888 0.18313 0.10269 0.80695 0.74540 0.65837
v -0.29888 0.18313 0.09157 0.80695 0.74540 0.65837
v -0.30946 0.18313 0.09925 0.80695 0.74540 0.65837
v -0.30541 0.18313 0.11169 0.80695 0.74540 0.65837
v -0.29234 0.18313 0.11169 0.80695 0.74540 0.65837
v -0.28829 0.18313 0.09925 0.80695 0.74540 0.65837
v -0.29888 0.18313 0.09157 0.80695 0.74540 0.65837
v 0.16473 0.16366 0.38830 0.80695 0.74540 0.65837
v 0.16473 0.16366 0.38830 0.80695 0.74540 0.65837
v 0.16473 0.16366 0.38830 0.80695 0.74540 0.65837
v 0.16473 0.16366 0.38830 0.80695 0.74540 0.65837
v 0.16473 0.16366 0.38830 0.80695 0.74540 0.65837
v 0.16473 0.16366 0.38830 0.80695 0.74540 0.65837
v 0.16473 0.14954 0.33054 0.80695 0.74540 0.65837
v 0.15131 0.15930 0.33054 0.80695 0.74540 0.65837
v 0.15643 0.17509 0.33054 0.80695 0.74540 0.65837
v 0.17303 0.17509 0.33054 0.80695 0.74540 0.65837
v 0.17816 0.15930 0.33054 0.80695 0.74540 0.65837
v 0.16473 0.14954 0.33054 0.80695 0.74540 0.65837
v 0.16473 0.16366 0.33054 0.80695 0.74540 0.65837
v 0.16473 0.16366 0.33054 0.80695 0.74540 0.65837
v 0.16473 0.16366 0.33054 0.80695 0.74540 0.65837
v 0.16473 0.16366 0.33054 0.80695 0.74540 0.65837
v 0.16473 0.16366 0.33054 0.80695 0.74540 0.65837
v 0.16473 0.14954 0.33054 0.80695 0.74540 0.65837
v 0.15131 0.15930 0.33054 0.80695 0.74540 0.65837
v 0.15643 0.17509 0.33054 0.80695 0.74540 0.65837
v 0.17303 0.17509 0.33054 0.80695 0.74540 0.65837
v 0.17816 0.15930 0.33054 0.80695 0.74540 0.65837
v 0.16473 0.14954 0.33054 0.80695 0.74540 0.65837
v 0.11981 0.16366 0.38830 0.80695 0.74540 0.65837
v 0.11981 0.16366 0.38830 0.80695 0.74540 0.65837
v 0.11981 0.16366 0.38830 0.80695 0.74540 0.65837
v 0.11981 0.16366 0.38830 0.80695 0.74540 0.65837
v 0.11981 0.16366 0.38830 0.80695 0.74540 0.65837
v 0.11981 0.16366 0.38830 0.80695 0.74540 0.65837
v 0.11981 0.14954 0.33054 0.80695 0.74540 0.65837
v 0.10638 0.15930 0.33054 0.80695 0.74540 0.65837
v 0.11151 0.17509 0.33054 0.80695 0.74540 0.65837
v 0.12811 0.17509 0.33054 0.80695 0.74540 0.65837
v 0.13324 0.15930 0.33054 0.80695 0.74540 0.65837
v 0.11981 0.14954 0.33054 0.80695 0.74540 0.65837
v 0.11981 0.16366 0.33054 0.80695 0.74540 0.65837
v 0.11981 0.16366 0.33054 0.80695 0.74540 0.65837
v 0.11981 0.16366 0.33054 0.80695 0.74540 0.65837
v 0.11981 0.16366 0.33054 0.80695 0.74540 0.65837
v 0.11981 0.16366 0.33054 0.80695 0.74540 0.65837
v 0.11981 0.14954 0.33054 0.80695 0.74540 0.65837
v 0.10638 0.15930 0.33054 0.80695 0.74540 0.65837
v 0.11151 0.17509 0.33054 0.80695 0.74540 0.65837
v 0.12811 0.17509 0.33054 0.80695 0.74540 0.65837
v 0.13324 0.15930 0.33054 0.80695 0.74540 0.65837
v 0.11981 0.14954 0.33054 0.80695 0.74540 0.65837
v 0.07488 0.16366 0.38830 0.80695 0.74540 0.65837
v 0.07488 0.16366 0.38830 0.80695 0.74540 0.65837
v 0.07488 0.16366 0.38830 0.80695 0.74540 0.65837
v 0.07488 0.16366 0.38830 0.80695 0.74540 0.65837
v 0.07488 0.16366 0.38830 0.80695 0.74540 0.65837
v 0.07488 0.16366 0.38830 0.80695 0.74540 0.65837
v 0.07488 0.14954 0.33054 0.80695 0.74540 0.65837
v 0.06145 0.15930 0.33054 0.80695 0.74540 0.65837
v 0.06658 0.17509 0.33054 0.80695 0.74540 0.65837
v 0.08318 0.17509 0.33054 0.80695 0.74540 0.65837
v 0.08831 0.15930 0.33054 0.80695 0.74540 0.65837
v 0.07488 0.14954 0.33054 0.80695 0.74540 0.65837
v 0.07488 0.16366 0.33054 0.80695 0.74540 0.65837
v 0.07488 0.16366 0.33054 0.80695 0.74540 0.65837
v 0.07488 0.16366 0.33054 0.80695 0.74540 0.65837
v 0.07488 0.16366 0.33054 0.80695 0.74540 0.65837
v 0.07488 0.16366 0.33054 0.80695 0.74540 0.65837
v 0.07488 0.14954 0.33054 0.80695 0.74540 0.65837
v 0.06145 0.15930 0.33054 0.80695 0.74540 0.65837
v 0.06658 0.17509 0.33054 0.80695 0.74540 0.65837
v 0.08318 0.17509 0.33054 0.80695 0.74540 0.65837
v 0.08831 0.15930 0.33054 0.80695 0.74540 0.65837
v 0.07488 0.14954 0.33054 0.80695 0.74540 0.65837
v -0.07488 0.16366 0.38830 0.80695 0.74540 0.65837
v -0.07488 0.16366 0.38830 0.80695 0.74540 0.65837
v -0.07488 0.16366 0.38830 0.80695 0.74540 0.65837
v -0.07488 0.16366 0.38830 0.80695 0.74540 0.65837
v -0.07488 0.16366 0.38830 0.80695 0.74540 0.65837
v -0.07488 0.16366 0.38830 0.80695 0.74540 0.65837
v -0.07488 0.14954 0.33054 0.80695 0.74540 0.65837
v -0.08831 0.15930 0.33054 0.80695 0.74540 0.65837
v -0.08318 0.17509 0.33054 0.80695 0.74540 0.65837
v -0.06658 0.17509 0.33054 0.80695 0.74540 0.65837
v -0.06145 0.15930 0.33054 0.80695 0.74540 0.65837
v -0.07488 0.14954 0.33054 0.80695 0.74540 0.65837
v -0.07488 0.16366 0.33054 0.80695 0.74540 0.65837
v -0.07488 0.16366 0.33054 0.80695 0.74540 0.65837
v -0.07488 0.16366 0.33054 0.80695 0.74540 0.65837
v -0.07488 0.16366 0.33054 0.80695 0.74540 0.65837
v -0.07488 0.16366 0.33054 0.80695 0.74540 0.65837
v -0.07488 0.14954 0.33054 0.80695 0.74540 0.65837
v -0.08831 0.15930 0.33054 0.80695 0.74540 0.65837
v -0.08318 0.17509 0.33054 0.80695 0.74540 0.65837
v -0.06658 0.17509 0.33054 0.80695 0.74540 0.65837
v -0.06145 0.15930 0.33054 0.80695 0.74540 0.65837
v -0.07488 0.14954 0.33054 0.80695 0.74540 0.65837
v -0.11981 0.16366 0.38830 0.80695 0.74540 0.65837
v -0.11981 0.16366 0.38830 0.80695 0.74540 0.65837
v -0.11981 0.16366 0.38830 0.80695 0.74540 0.65837
v -0.11981 0.16366 0.38830 0.80695 0.74540 0.65837
v -0.11981 0.16366 0.38830 0.80695 0.74540 0.65837
v -0.11981 0.16366 0.38830 0.80695 0.74540 0.65837
v -0.11981 0.14954 0.33054 0.80695 0.74540 0.65837
v -0.13324 0.15930 0.33054 0.80695 0.74540 0.65837
v -0.12811 0.17509 0.33054 0.80695 0.74540 0.65837
v -0.11151 0.17509 0.33054 0.80695 0.74540 0.65837
v -0.10638 0.15930 0.33054 0.80695 0.74540 0.65837
v -0.11981 0.14954 0.33054 0.80695 0.74540 0.65837
v -0.11981 0.16366 0.33054 0.80695 0.74540 0.65837
v -0.11981 0.16366 0.33054 0.80695 0.74540 0.65837
v -0.11981 0.16366 0.33054 0.80695 0.74540 0.65837
v -0.11981 0.16366 0.33054 0.80695 0.74540 0.65837
v -0.11981 0.16366 0.33054 0.80695 0.74540 0.65837
v -0.11981 0.14954 0.33054 0.80695 0.74540 0.65837
v -0.13324 0.15930 0.33054 0.80695 0.74540 0.65837
v -0.12811 0.17509 0.33054 0.80695 0.74540 0.65837
v -0.11151 0.17509 0.33054 0.80695 0.74540 0.65837
v -0.10638 0.15930 0.33054 0.80695 0.74540 0.65837
v -0.11981 0.14954 0.33054 0.80695 0.74540 0.65837
v -0.16473 0.16366 0.38830 0.80695 0.74540 0.65837
v -0.16473 0.16366 0.38830 0.80695 0.74540 0.65837
v -0.16473 0.16366 0.38830 0.80695 0.74540 0.65837
v -0.16473 0.16366 0.38830 0.80695 0.74540 0.65837
v -0.16473 0.16366 0.38830 0.80695 0.74540 0.65837
v -0.16473 0.16366 0.38830 0.80695 0.74540 0.65837
v -0.16473 0.14954 0.33054 0.80695 0.74540 0.65837
v -0.17816 0.15930 0.33054 0.80695 0.74540 0.65837
v -0.17303 0.17509 0.33054 0.80695 0.74540 0.65837
v -0.15643 0.17509 0.33054 0.80695 0.74540 0.65837
v -0.15131 0.15930 0.33054 0.80695 0.74540 0.65837
v -0.16473 0.14954 0.33054 0.80695 0.74540 0.65837
v -0.16473 0.16366 0.33054 0.80695 0.74540 0.65837
v -0.16473 0.16366 0.33054 0.80695 0.74540 0.65837
v -0.16473 0.16366 0.33054 0.80695 0.74540 0.65837
v -0.16473 0.16366 0.33054 0.80695 0.74540 0.65837
v -0.16473 0.16366 0.33054 0.80695 0.74540 0.65837
v -0.16473 0.14954 0.33054 0.80695 0.74540 0.65837
v -0.17816 0.15930 0.33054 0.80695 0.74540 0.65837
v -0.17303 0.17509 0.33054 0.80695 0.74540 0.65837
v -0.15643 0.17509 0.33054 0.80695 0.74540 0.65837
v -0.15131 0.15930 0.33054 0.80695 0.74540 0.65837
v -0.16473 0.14954 0.33054 0.80695 0.74540 0.65837
f 3664 3665 3666
f 3666 3665 3667
f 3668 3669 3670
f 3670 3669 3671
f 3672 3673 3674
f 3674 3673 3675
f 3676 3677 3678
f 3678 3677 3679
f 3680 3681 3682
f 3682 3681 3683
f 3684 3685 3686
f 3686 3685 3687
f 3688 3689 3690
f 3690 3689 3691
f 3692 3693 3694
f 3694 3693 3695
f 3696 3697 3698
f 3698 3697 3699
f 3700 3701 3702
f 3702 3701 3703
f 3704 3705 3706
f 3706 3705 3707
f 3708 3709 3710
f 3710 3709 3711
f 3718 3713 3719
f 3719 3714 3720
f 3720 3715 3721
f 3721 3716 3722
f 3722 3717 3723
f 3730 3724 3729
f 3731 3725 3730
f 3732 3726 3731
f 3733 3727 3732
f 3734 3728 3733
f 3741 3736 3742
f 3742 3737 3743
f 3743 3738 3744
f 3744 3739 3745
f 3745 3740 3746
f 3753 3747 3752
f 3754 3748 3753
f 3755 3749 3754
f 3756 3750 3755
f 3757 3751 3756
f 3764 3759 3765
f 3765 3760 3766
f 3766 3761 3767
f 3767 3762 3768
f 3768 3763 3769
f 3776 3770 3775
f 3777 3771 3776
f 3778 3772 3777
f 3779 3773 3778
f 3780 3774 3779
f 3787 3782 3788
f 3788 3783 3789
f 3789 3784 3790
f 3790 3785 3791
f 3791 3786 3792
f 3799 3793 3798
f 3800 3794 3799
f 3801 3795 3800
f 3802 3796 3801
f 3803 3797 3802
f 3810 3805 3811
f 3811 3806 3812
f 3812 3807 3813
f 3813 3808 3814
f 3814 3809 3815
f 3822 3816 3821
f 3823 3817 3822
f 3824 3818 3823
f 3825 3819 3824
f 3826 3820 3825
f 3833 3828 3834
f 3834 3829 3835
f 3835 3830 3836
f 3836 3831 3837
f 3837 3832 3838
f 3845 3839 3844
f 3846 3840 3845
f 3847 3841 3846
f 3848 3842 3847
f 3849 3843 3848
f 3856 3851 3857
f 3857 3852 3858
f 3858 3853 3859
f 3859 3854 3860
f 3860 3855 3861
f 3868 3862 3867
f 3869 3863 3868
f 3870 3864 3869
f 3871 3865 3870
f 3872 3866 3871
f 3879 3874 3880
f 3880 3875 3881
f 3881 3876 3882
f 3882 3877 3883
f 3883 3878 3884
f 3891 3885 3890
f 3892 3886 3891
f 3893 3887 3892
f 3894 3888 3893
f 3895 3889 3894
f 3902 3897 3903
f 3903 3898 3904
f 3904 3899 3905
f 3905 3900 3906
f 3906 3901 3907
f 3914 3908 3913
f 3915 3909 3914
f 3916 3910 3915
f 3917 3911 3916
f 3918 3912 3917
f 3925 3920 3926
f 3926 3921 3927
f 3927 3922 3928
f 3928 3923 3929
f 3929 3924 3930
f 3937 3931 3936
f 3938 3932 3937
f 3939 3933 3938
f 3940 3934 3939
f 3941 3935 3940
f 3948 3943 3949
f 3949 3944 3950
f 3950 3945 3951
f 3951 3946 3952
f 3952 3947 3953
f 3960 3954 3959
f 3961 3955 3960
f 3962 3956 3961
f 3963 3957 3962
f 3964 3958 3963
f 3971 3966 3972
f 3972 3967 3973
f 3973 3968 3974
f 3974 3969 3975
f 3975 3970 3976
f 3983 3977 3982
f 3984 3978 3983
f 3985 3979 3984
f 3986 3980 3985
f 3987 3981 3986
f 3994 3989 3995
f 3995 3990 3996
f 3996 3991 3997
f 3997 3992 3998
f 3998 3993 3999
f 4006 4000 4005
f 4007 4001 4006
f 4008 4002 4007
f 4009 4003 4008
f 4010 4004 4009
f 4017 4012 4018
f 4018 4013 4019
f 4019 4014 4020
f 4020 4015 4021
f 4021 4016 4022
f 4029 4023 4028
f 4030 4024 4029
f 4031 4025 4030
f 4032 4026 4031
f 4033 4027 4032
v 0.14005 0.12723 0.16944 0.02315 0.01298 0.00913
v 0.14005 0.12723 0.16944 0.02315 0.01298 0.00913
v 0.14005 0.12723 0.16944 0.02315 0.01298 0.00913
v 0.14005 0.12723 0.16944 0.02315 0.01298 0.00913
v 0.14005 0.12723 0.16944 0.02315 0.01298 0.00913
v 0.14005 0.12723 0.16944 0.02315 0.01298 0.00913
v 0.14149 0.13226 0.16944 0.02315 0.01298 0.00913
v 0.13941 0.12964 0.17404 0.02315 0.01298 0.00913
v 0.13605 0.12540 0.17229 0.02315 0.01298 0.00913
v 0.13605 0.12540 0.16660 0.02315 0.01298 0.00913
v 0.13941 0.12964 0.16484 0.02315 0.01298 0.00913
v 0.14149 0.13226 0.16944 0.02315 0.01298 0.00913
v 0.13895 0.13684 0.16944 0.02315 0.01298 0.00913
v 0.13600 0.13314 0.17595 0.02315 0.01298 0.00913
v 0.13125 0.12714 0.17347 0.02315 0.01298 0.00913
v 0.13125 0.12714 0.16542 0.02315 0.01298 0.00913
v 0.13600 0.13314 0.16293 0.02315 0.01298 0.00913
v 0.13895 0.13684 0.16944 0.02315 0.01298 0.00913
v 0.05783 0.20121 0.16944 0.02315 0.01298 0.00913
v 0.05489 0.19750 0.17595 0.02315 0.01298 0.00913
v 0.05014 0.19151 0.17347 0.02315 0.01298 0.00913
v 0.05014 0.19151 0.16542 0.02315 0.01298 0.00913
v 0.05489 0.19750 0.16293 0.02315 0.01298 0.00913
v 0.05783 0.20121 0.16944 0.02315 0.01298 0.00913
v 0.05280 0.20265 0.16944 0.02315 0.01298 0.00913
v 0.05072 0.20003 0.17404 0.02315 0.01298 0.00913
v 0.04735 0.19579 0.17229 0.02315 0.01298 0.00913
v 0.04735 0.19579 0.16660 0.02315 0.01298 0.00913
v 0.05072 0.20003 0.16484 0.02315 0.01298 0.00913
v 0.05280 0.20265 0.16944 0.02315 0.01298 0.00913
v 0.04822 0.20010 0.16944 0.02315 0.01298 0.00913
v 0.04822 0.20010 0.16944 0.02315 0.01298 0.00913
v 0.04822 0.20010 0.16944 0.02315 0.01298 0.00913
v 0.04822 0.20010 0.16944 0.02315 0.01298 0.00913
v 0.04822 0.20010 0.16944 0.02315 0.01298 0.00913
v 0.04822 0.20010 0.16944 0.02315 0.01298 0.00913
v 0.14638 0.15967 0.16944 0.02315 0.01298 0.00913
v 0.14638 0.15967 0.16944 0.02315 0.01298 0.00913
v 0.14638 0.15967 0.16944 0.02315 0.01298 0.00913
v 0.14638 0.15967 0.16944 0.02315 0.01298 0.00913
v 0.14638 0.15967 0.16944 0.02315 0.01298 0.00913
v 0.14638 0.15967 0.16944 0.02315 0.01298 0.00913
v 0.14679 0.16489 0.16944 0.02315 0.01298 0.00913
v 0.14527 0.16191 0.17404 0.02315 0.01298 0.00913
v 0.14281 0.15709 0.17229 0.02315 0.01298 0.00913
v 0.14281 0.15709 0.16660 0.02315 0.01298 0.00913
v 0.14527 0.16191 0.16484 0.02315 0.01298 0.00913
v 0.14679 0.16489 0.16944 0.02315 0.01298 0.00913
v 0.14338 0.16887 0.16944 0.02315 0.01298 0.00913
v 0.14123 0.16466 0.17595 0.02315 0.01298 0.00913
v 0.13776 0.15784 0.17347 0.02315 0.01298 0.00913
v 0.13776 0.15784 0.16542 0.02315 0.01298 0.00913
v 0.14123 0.16466 0.16293 0.02315 0.01298 0.00913
v 0.14338 0.16887 0.16944 0.02315 0.01298 0.00913
v 0.05110 0.21584 0.16944 0.02315 0.01298 0.00913
v 0.04895 0.21163 0.17595 0.02315 0.01298 0.00913
v 0.04548 0.20480 0.17347 0.02315 0.01298 0.00913
v 0.04548 0.20480 0.16542 0.02315 0.01298 0.00913
v 0.04895 0.21163 0.16293 0.02315 0.01298 0.00913
v 0.05110 0.21584 0.16944 0.02315 0.01298 0.00913
v 0.04587 0.21625 0.16944 0.02315 0.01298 0.00913
v 0.04436 0.21327 0.17404 0.02315 0.01298 0.00913
v 0.04190 0.20845 0.17229 0.02315 0.01298 0.00913
v 0.04190 0.20845 0.16660 0.02315 0.01298 0.00913
v 0.04436 0.21327 0.16484 0.02315 0.01298 0.00913
v 0.04587 0.21625 0.16944 0.02315 0.01298 0.00913
v 0.04189 0.21285 0.16944 0.02315 0.01298 0.00913
v 0.04189 0.21285 0.16944 0.02315 0.01298 0.00913
v 0.04189 0.21285 0.16944 0.02315 0.01298 0.00913
v 0.04189 0.21285 0.16944 0.02315 0.01298 0.00913
v 0.04189 0.21285 0.16944 0.02315 0.01298 0.00913
v 0.04189 0.21285 0.16944 0.02315 0.01298 0.00913
v -0.14005 0.12723 0.16944 0.02315 0.01298 0.00913
v -0.14005 0.12723 0.16944 0.02315 0.01298 0.00913
v -0.14005 0.12723 0.16944 0.02315 0.01298 0.00913
v -0.14005 0.12723 0.16944 0.02315 0.01298 0.00913
v -0.14005 0.12723 0.16944 0.02315 0.01298 0.00913
v -0.14005 0.12723 0.16944 0.02315 0.01298 0.00913
v -0.13547 0.12468 0.16944 0.02315 0.01298 0.00913
v -0.13755 0.12730 0.17404 0.02315 0.01298 0.00913
v -0.14092 0.13154 0.17229 0.02315 0.01298 0.00913
v -0.14092 0.13154 0.16660 0.02315 0.01298 0.00913
v -0.13755 0.12730 0.16484 0.02315 0.01298 0.00913
v -0.13547 0.12468 0.16944 0.02315 0.01298 0.00913
v -0.13043 0.12612 0.16944 0.02315 0.01298 0.00913
v -0.13337 0.12982 0.17595 0.02315 0.01298 0.00913
v -0.13813 0.13582 0.17347 0.02315 0.01298 0.00913
v -0.13813 0.13582 0.16542 0.02315 0.01298 0.00913
v -0.13337 0.12982 0.16293 0.02315 0.01298 0.00913
v -0.13043 0.12612 0.16944 0.02315 0.01298 0.00913
v -0.04932 0.19048 0.16944 0.02315 0.01298 0.00913
v -0.05226 0.19419 0.17595 0.02315 0.01298 0.00913
v -0.05702 0.20019 0.17347 0.02315 0.01298 0.00913
v -0.05702 0.20019 0.16542 0.02315 0.01298 0.00913
v -0.05226 0.19419 0.16293 0.02315 0.01298 0.00913
v -0.04932 0.19048 0.16944 0.02315 0.01298 0.00913
v -0.04678 0.19506 0.16944 0.02315 0.01298 0.00913
v -0.04886 0.19768 0.17404 0.02315 0.01298 0.00913
v -0.05222 0.20192 0.17229 0.02315 0.01298 0.00913
v -0.05222 0.20192 0.16660 0.02315 0.01298 0.00913
v -0.04886 0.19768 0.16484 0.02315 0.01298 0.00913
v -0.04678 0.19506 0.16944 0.02315 0.01298 0.00913
v -0.04822 0.20010 0.16944 0.02315 0.01298 0.00913
v -0.04822 0.20010 0.16944 0.02315 0.01298 0.00913
v -0.04822 0.20010 0.16944 0.02315 0.01298 0.00913
v -0.04822 0.20010 0.16944 0.02315 0.01298 0.00913
v -0.04822 0.20010 0.16944 0.02315 0.01298 0.00913
v -0.04822 0.20010 0.16944 0.02315 0.01298 0.00913
v -0.14638 0.15967 0.16944 0.02315 0.01298 0.00913
v -0.14638 0.15967 0.16944 0.02315 0.01298 0.00913
v -0.14638 0.15967 0.16944 0.02315 0.01298 0.00913
v -0.14638 0.15967 0.16944 0.02315 0.01298 0.00913
v -0.14638 0.15967 0.16944 0.02315 0.01298 0.00913
v -0.14638 0.15967 0.16944 0.02315 0.01298 0.00913
v -0.14239 0.15626 0.16944 0.02315 0.01298 0.00913
v -0.14391 0.15924 0.17404 0.02315 0.01298 0.00913
v -0.14637 0.16407 0.17229 0.02315 0.01298 0.00913
v -0.14637 0.16407 0.16660 0.02315 0.01298 0.00913
v -0.14391 0.15924 0.16484 0.02315 0.01298 0.00913
v -0.14239 0.15626 0.16944 0.02315 0.01298 0.00913
v -0.13717 0.15667 0.16944 0.02315 0.01298 0.00913
v -0.13932 0.16089 0.17595 0.02315 0.01298 0.00913
v -0.14279 0.16771 0.17347 0.02315 0.01298 0.00913
v -0.14279 0.16771 0.16542 0.02315 0.01298 0.00913
v -0.13932 0.16089 0.16293 0.02315 0.01298 0.00913
v -0.13717 0.15667 0.16944 0.02315 0.01298 0.00913
v -0.04489 0.20364 0.16944 0.02315 0.01298 0.00913
v -0.04703 0.20786 0.17595 0.02315 0.01298 0.00913
v -0.05051 0.21468 0.17347 0.02315 0.01298 0.00913
v -0.05051 0.21468 0.16542 0.02315 0.01298 0.00913
v -0.04703 0.20786 0.16293 0.02315 0.01298 0.00913
v -0.04489 0.20364 0.16944 0.02315 0.01298 0.00913
v -0.04148 0.20762 0.16944 0.02315 0.01298 0.00913
v -0.04300 0.21060 0.17404 0.02315 0.01298 0.00913
v -0.04546 0.21543 0.17229 0.02315 0.01298 0.00913
v -0.04546 0.21543 0.16660 0.02315 0.01298 0.00913
v -0.04300 0.21060 0.16484 0.02315 0.01298 0.00913
v -0.04148 0.20762 0.16944 0.02315 0.01298 0.00913
v -0.04189 0.21285 0.16944 0.02315 0.01298 0.00913
v -0.04189 0.21285 0.16944 0.02315 0.01298 0.00913
v -0.04189 0.21285 0.16944 0.02315 0.01298 0.00913
v -0.04189 0.21285 0.16944 0.02315 0.01298 0.00913
v -0.04189 0.21285 0.16944 0.02315 0.01298 0.00913
v -0.04189 0.21285 0.16944 0.02315 0.01298 0.00913
v 0.27384 0.22763 0.08558 0.02315 0.01298 0.00913
v 0.27384 0.22763 0.08558 0.02315 0.01298 0.00913
v 0.27384 0.22763 0.08558 0.02315 0.01298 0.00913
v 0.27384 0.22763 0.08558 0.02315 0.01298 0.00913
v 0.27384 0.22763 0.08558 0.02315 0.01298 0.00913
v 0.27384 0.22763 0.08558 0.02315 0.01298 0.00913
v 0.27384 0.22763 0.08558 0.02315 0.01298 0.00913
v 0.27384 0.22763 0.08558 0.02315 0.01298 0.00913
v 0.31144 0.21542 0.08558 0.02315 0.01298 0.00913
v 0.29729 0.21542 0.11497 0.02315 0.01298 0.00913
v 0.26548 0.21542 0.12223 0.02315 0.01298 0.00913
v 0.23997 0.21542 0.10189 0.02315 0.01298 0.00913
v 0.23997 0.21542 0.06926 0.02315 0.01298 0.00913
v 0.26548 0.21542 0.04892 0.02315 0.01298 0.00913
v 0.29729 0.21542 0.05618 0.02315 0.01298 0.00913
v 0.31144 0.21542 0.08558 0.02315 0.01298 0.00913
v 0.33468 0.18343 0.08558 0.02315 0.01298 0.00913
v 0.31178 0.18343 0.13314 0.02315 0.01298 0.00913
v 0.26031 0.18343 0.14489 0.02315 0.01298 0.00913
v 0.21903 0.18343 0.11197 0.02315 0.01298 0.00913
v 0.21903 0.18343 0.05918 0.02315 0.01298 0.00913
v 0.26031 0.18343 0.02626 0.02315 0.01298 0.00913
v 0.31178 0.18343 0.03801 0.02315 0.01298 0.00913
v 0.33468 0.18343 0.08558 0.02315 0.01298 0.00913
v 0.33468 0.14390 0.08558 0.02315 0.01298 0.00913
v 0.31178 0.14390 0.13314 0.02315 0.01298 0.00913
v 0.26031 0.14390 0.14489 0.02315 0.01298 0.00913
v 0.21903 0.14390 0.11197 0.02315 0.01298 0.00913
v 0.21903 0.14390 0.05918 0.02315 0.01298 0.00913
v 0.26031 0.14390 0.02626 0.02315 0.01298 0.00913
v 0.31178 0.14390 0.03801 0.02315 0.01298 0.00913
v 0.33468 0.14390 0.08558 0.02315 0.01298 0.00913
v 0.31144 0.11191 0.08558 0.02315 0.01298 0.00913
v 0.29729 0.11191 0.11497 0.02315 0.01298 0.00913
v 0.26548 0.11191 0.12223 0.02315 0.01298 0.00913
v 0.23997 0.11191 0.10189 0.02315 0.01298 0.00913
v 0.23997 0.11191 0.06926 0.02315 0.01298 0.00913
v 0.26548 0.11191 0.04892 0.02315 0.01298 0.00913
v 0.29729 0.11191 0.05618 0.02315 0.01298 0.00913
v 0.31144 0.11191 0.08558 0.02315 0.01298 0.00913
v 0.27384 0.09970 0.08558 0.02315 0.01298 0.00913
v 0.27384 0.09970 0.08558 0.02315 0.01298 0.00913
v 0.27384 0.09970 0.08558 0.02315 0.01298 0.00913
v 0.27384 0.09970 0.08558 0.02315 0.01298 0.00913
v 0.27384 0.09970 0.08558 0.02315 0.01298 0.00913
v 0.27384 0.09970 0.08558 0.02315 0.01298 0.00913
v 0.27384 0.09970 0.08558 0.02315 0.01298 0.00913
v 0.27384 0.09970 0.08558 0.02315 0.01298 0.00913
v -0.27384 0.22763 0.08558 0.02315 0.01298 0.00913
v -0.27384 0.22763 0.08558 0.02315 0.01298 0.00913
v -0.27384 0.22763 0.08558 0.02315 0.01298 0.00913
v -0.27384 0.22763 0.08558 0.02315 0.01298 0.00913
v -0.27384 0.22763 0.08558 0.02315 0.01298 0.00913
v -0.27384 0.22763 0.08558 0.02315 0.01298 0.00913
v -0.27384 0.22763 0.08558 0.02315 0.01298 0.00913
v -0.27384 0.22763 0.08558 0.02315 0.01298 0.00913
v -0.23624 0.21542 0.08558 0.02315 0.01298 0.00913
v -0.25040 0.21542 0.11497 0.02315 0.01298 0.00913
v -0.28221 0.21542 0.12223 0.02315 0.01298 0.00913
v -0.30772 0.21542 0.10189 0.02315 0.01298 0.00913
v -0.30772 0.21542 0.06926 0.02315 0.01298 0.00913
v -0.28221 0.21542 0.04892 0.02315 0.01298 0.00913
v -0.25040 0.21542 0.05618 0.02315 0.01298 0.00913
v -0.23624 0.21542 0.08558 0.02315 0.01298 0.00913
v -0.21301 0.18343 0.08558 0.02315 0.01298 0.00913
v -0.23591 0.18343 0.13314 0.02315 0.01298 0.00913
v -0.28738 0.18343 0.14489 0.02315 0.01298 0.00913
v -0.32866 0.18343 0.11197 0.02315 0.01298 0.00913
v -0.32866 0.18343 0.05918 0.02315 0.01298 0.00913
v -0.28738 0.18343 0.02626 0.02315 0.01298 0.00913
v -0.23591 0.18343 0.03801 0.02315 0.01298 0.00913
v -0.21301 0.18343 0.08558 0.02315 0.01298 0.00913
v -0.21301 0.14390 0.08558 0.02315 0.01298 0.00913
v -0.23591 0.14390 0.13314 0.02315 0.01298 0.00913
v -0.28738 0.14390 0.14489 0.02315 0.01298 0.00913
v -0.32866 0.14390 0.11197 0.02315 0.01298 0.00913
v -0.32866 0.14390 0.05918 0.02315 0.01298 0.00913
v -0.28738 0.14390 0.02626 0.02315 0.01298 0.00913
v -0.23591 0.14390 0.03801 0.02315 0.01298 0.00913
v -0.21301 0.14390 0.08558 0.02315 0.01298 0.00913
v -0.23624 0.11191 0.08558 0.02315 0.01298 0.00913
v -0.25040 0.11191 0.11497 0.02315 0.01298 0.00913
v -0.28221 0.11191 0.12223 0.02315 0.01298 0.00913
v -0.30772 0.11191 0.10189 0.02315 0.01298 0.00913
v -0.30772 0.11191 0.06926 0.02315 0.01298 0.00913
v -0.28221 0.11191 0.04892 0.02315 0.01298 0.00913
v -0.25040 0.11191 0.05618 0.02315 0.01298 0.00913
v -0.23624 0.11191 0.08558 0.02315 0.01298 0.00913
v -0.27384 0.09970 0.08558 0.02315 0.01298 0.00913
v -0.27384 0.09970 0.08558 0.02315 0.01298 0.00913
v -0.27384 0.09970 0.08558 0.02315 0.01298 0.00913
v -0.27384 0.09970 0.08558 0.02315 0.01298 0.00913
v -0.27384 0.09970 0.08558 0.02315 0.01298 0.00913
v -0.27384 0.09970 0.08558 0.02315 0.01298 0.00913
v -0.27384 0.09970 0.08558 0.02315 0.01298 0.00913
v -0.27384 0.09970 0.08558 0.02315 0.01298 0.00913
v 0.11981 0.22464 0.11981 0.02315 0.01298 0.00913
v 0.11981 0.22464 0.11981 0.02315 0.01298 0.00913
v 0.11981 0.22464 0.11981 0.02315 0.01298 0.00913
v 0.11981 0.22464 0.11981 0.02315 0.01298 0.00913
v 0.11981 0.22464 0.11981 0.02315 0.01298 0.00913
v 0.11981 0.22464 0.11981 0.02315 0.01298 0.00913
v 0.11981 0.22464 0.11981 0.02315 0.01298 0.00913
v 0.11981 0.22464 0.11981 0.02315 0.01298 0.00913
v 0.15565 0.21299 0.11981 0.02315 0.01298 0.00913
v 0.14215 0.21299 0.14783 0.02315 0.01298 0.00913
v 0.11183 0.21299 0.15475 0.02315 0.01298 0.00913
v 0.08752 0.21299 0.13536 0.02315 0.01298 0.00913
v 0.08752 0.21299 0.10426 0.02315 0.01298 0.00913
v 0.11183 0.21299 0.08487 0.02315 0.01298 0.00913
v 0.14215 0.21299 0.09179 0.02315 0.01298 0.00913
v 0.15565 0.21299 0.11981 0.02315 0.01298 0.00913
v 0.17780 0.18251 0.11981 0.02315 0.01298 0.00913
v 0.15596 0.18251 0.16514 0.02315 0.01298 0.00913
v 0.10690 0.18251 0.17634 0.02315 0.01298 0.00913
v 0.06756 0.18251 0.14497 0.02315 0.01298 0.00913
v 0.06756 0.18251 0.09465 0.02315 0.01298 0.00913
v 0.10690 0.18251 0.06327 0.02315 0.01298 0.00913
v 0.15596 0.18251 0.07447 0.02315 0.01298 0.00913
v 0.17780 0.18251 0.11981 0.02315 0.01298 0.00913
v 0.17780 0.14482 0.11981 0.02315 0.01298 0.00913
v 0.15596 0.14482 0.16514 0.02315 0.01298 0.00913
v 0.10690 0.14482 0.17634 0.02315 0.01298 0.00913
v 0.06756 0.14482 0.14497 0.02315 0.01298 0.00913
v 0.06756 0.14482 0.09465 0.02315 0.01298 0.00913
v 0.10690 0.14482 0.06327 0.02315 0.01298 0.00913
v 0.15596 0.14482 0.07447 0.02315 0.01298 0.00913
v 0.17780 0.14482 0.11981 0.02315 0.01298 0.00913
v 0.15565 0.11434 0.11981 0.02315 0.01298 0.00913
v 0.14215 0.11434 0.14783 0.02315 0.01298 0.00913
v 0.11183 0.11434 0.15475 0.02315 0.01298 0.00913
v 0.08752 0.11434 0.13536 0.02315 0.01298 0.00913
v 0.08752 0.11434 0.10426 0.02315 0.01298 0.00913
v 0.11183 0.11434 0.08487 0.02315 0.01298 0.00913
v 0.14215 0.11434 0.09179 0.02315 0.01298 0.00913
v 0.15565 0.11434 0.11981 0.02315 0.01298 0.00913
v 0.11981 0.10269 0.11981 0.02315 0.01298 0.00913
v 0.11981 0.10269 0.11981 0.02315 0.01298 0.00913
v 0.11981 0.10269 0.11981 0.02315 0.01298 0.00913
v 0.11981 0.10269 0.11981 0.02315 0.01298 0.00913
v 0.11981 0.10269 0.11981 0.02315 0.01298 0.00913
v 0.11981 0.10269 0.11981 0.02315 0.01298 0.00913
v 0.11981 0.10269 0.11981 0.02315 0.01298 0.00913
v 0.11981 0.10269 0.11981 0.02315 0.01298 0.00913
v 0.05224 0.18309 0.32643 0.02315 0.01298 0.00913
v 0.05160 0.18134 0.32707 0.02315 0.01298 0.00913
v 0.05160 0.18373 0.32468 0.02315 0.01298 0.00913
v 0.05160 0.18134 0.32707 0.02315 0.01298 0.00913
v 0.05053 0.18187 0.32521 0.02315 0.01298 0.00913
v 0.05160 0.18373 0.32468 0.02315 0.01298 0.00913
v 0.05160 0.18373 0.32468 0.02315 0.01298 0.00913
v 0.05053 0.18187 0.32521 0.02315 0.01298 0.00913
v 0.05131 0.18402 0.32228 0.02315 0.01298 0.00913
v 0.05053 0.18187 0.32521 0.02315 0.01298 0.00913
v 0.04997 0.18215 0.32228 0.02315 0.01298 0.00913
v 0.05131 0.18402 0.32228 0.02315 0.01298 0.00913
v 0.05131 0.18402 0.32228 0.02315 0.01298 0.00913
v 0.04997 0.18215 0.32228 0.02315 0.01298 0.00913
v 0.05131 0.18402 0.15695 0.02315 0.01298 0.00913
v 0.04997 0.18215 0.32228 0.02315 0.01298 0.00913
v 0.04997 0.18215 0.15695 0.02315 0.01298 0.00913
v 0.05131 0.18402 0.15695 0.02315 0.01298 0.00913
v 0.05131 0.18402 0.15695 0.02315 0.01298 0.00913
v 0.04997 0.18215 0.15695 0.02315 0.01298 0.00913
v 0.05160 0.18373 0.15455 0.02315 0.01298 0.00913
v 0.04997 0.18215 0.15695 0.02315 0.01298 0.00913
v 0.05053 0.18187 0.15401 0.02315 0.01298 0.00913
v 0.05160 0.18373 0.15455 0.02315 0.01298 0.00913
v 0.05160 0.18373 0.15455 0.02315 0.01298 0.00913
v 0.05053 0.18187 0.15401 0.02315 0.01298 0.00913
v 0.05224 0.18309 0.15280 0.02315 0.01298 0.00913
v 0.05053 0.18187 0.15401 0.02315 0.01298 0.00913
v 0.05160 0.18134 0.15215 0.02315 0.01298 0.00913
v 0.05224 0.18309 0.15280 0.02315 0.01298 0.00913
v 0.05160 0.18134 0.32707 0.02315 0.01298 0.00913
v 0.05131 0.17894 0.32736 0.02315 0.01298 0.00913
v 0.05053 0.18187 0.32521 0.02315 0.01298 0.00913
v 0.05131 0.17894 0.32736 0.02315 0.01298 0.00913
v 0.04997 0.17894 0.32549 0.02315 0.01298 0.00913
v 0.05053 0.18187 0.32521 0.02315 0.01298 0.00913
v 0.05053 0.18187 0.32521 0.02315 0.01298 0.00913
v 0.04997 0.17894 0.32549 0.02315 0.01298 0.00913
v 0.04997 0.18215 0.32228 0.02315 0.01298 0.00913
v 0.04997 0.17894 0.32549 0.02315 0.01298 0.00913
v 0.04921 0.17894 0.32228 0.02315 0.01298 0.00913
v 0.04997 0.18215 0.32228 0.02315 0.01298 0.00913
v 0.04997 0.18215 0.32228 0.02315 0.01298 0.00913
v 0.04921 0.17894 0.32228 0.02315 0.01298 0.00913
v 0.04997 0.18215 0.15695 0.02315 0.01298 0.00913
v 0.04921 0.17894 0.32228 0.02315 0.01298 0.00913
v 0.04921 0.17894 0.15695 0.02315 0.01298 0.00913
v 0.04997 0.18215 0.15695 0.02315 0.01298 0.00913
v 0.04997 0.18215 0.15695 0.02315 0.01298 0.00913
v 0.04921 0.17894 0.15695 0.02315 0.01298 0.00913
v 0.05053 0.18187 0.15401 0.02315 0.01298 0.00913
v 0.04921 0.17894 0.15695 0.02315 0.01298 0.00913
v 0.04997 0.17894 0.15373 0.02315 0.01298 0.00913
v 0.05053 0.18187 0.15401 0.02315 0.01298 0.00913
v 0.05053 0.18187 0.15401 0.02315 0.01298 0.00913
v 0.04997 0.17894 0.15373 0.02315 0.01298 0.00913
v 0.05160 0.18134 0.15215 0.02315 0.01298 0.00913
v 0.04997 0.17894 0.15373 0.02315 0.01298 0.00913
v 0.05131 0.17894 0.15186 0.02315 0.01298 0.00913
v 0.05160 0.18134 0.15215 0.02315 0.01298 0.00913
v 0.05131 0.17894 0.32736 0.02315 0.01298 0.00913
v 0.05131 0.14839 0.32736 0.02315 0.01298 0.00913
v 0.04997 0.17894 0.32549 0.02315 0.01298 0.00913
v 0.05131 0.14839 0.32736 0.02315 0.01298 0.00913
v 0.04997 0.14839 0.32549 0.02315 0.01298 0.00913
v 0.04997 0.17894 0.32549 0.02315 0.01298 0.00913
v 0.04997 0.17894 0.32549 0.02315 0.01298 0.00913
v 0.04997 0.14839 0.32549 0.02315 0.01298 0.00913
v 0.04921 0.17894 0.32228 0.02315 0.01298 0.00913
v 0.04997 0.14839 0.32549 0.02315 0.01298 0.00913
v 0.04921 0.14839 0.32228 0.02315 0.01298 0.00913
v 0.04921 0.17894 0.32228 0.02315 0.01298 0.00913
v 0.04921 0.17894 0.32228 0.02315 0.01298 0.00913
v 0.04921 0.14839 0.32228 0.02315 0.01298 0.00913
v 0.04921 0.17894 0.15695 0.02315 0.01298 0.00913
v 0.04921 0.14839 0.32228 0.02315 0.01298 0.00913
v 0.04921 0.14839 0.15695 0.02315 0.01298 0.00913
v 0.04921 0.17894 0.15695 0.02315 0.01298 0.00913
v 0.04921 0.17894 0.15695 0.02315 0.01298 0.00913
v 0.04921 0.14839 0.15695 0.02315 0.01298 0.00913
v 0.04997 0.17894 0.15373 0.02315 0.01298 0.00913
v 0.04921 0.14839 0.15695 0.02315 0.01298 0.00913
v 0.04997 0.14839 0.15373 0.02315 0.01298 0.00913
v 0.04997 0.17894 0.15373 0.02315 0.01298 0.00913
v 0.04997 0.17894 0.15373 0.02315 0.01298 0.00913
v 0.04997 0.14839 0.15373 0.02315 0.01298 0.00913
v 0.05131 0.17894 0.15186 0.02315 0.01298 0.00913
v 0.04997 0.14839 0.15373 0.02315 0.01298 0.00913
v 0.05131 0.14839 0.15186 0.02315 0.01298 0.00913
v 0.05131 0.17894 0.15186 0.02315 0.01298 0.00913
v 0.05131 0.14839 0.32736 0.02315 0.01298 0.00913
v 0.05160 0.14599 0.32707 0.02315 0.01298 0.00913
v 0.04997 0.14839 0.32549 0.02315 0.01298 0.00913
v 0.05160 0.14599 0.32707 0.02315 0.01298 0.00913
v 0.05053 0.14545 0.32521 0.02315 0.01298 0.00913
v 0.04997 0.14839 0.32549 0.02315 0.01298 0.00913
v 0.04997 0.14839 0.32549 0.02315 0.01298 0.00913
v 0.05053 0.14545 0.32521 0.02315 0.01298 0.00913
v 0.04921 0.14839 0.32228 0.02315 0.01298 0.00913
v 0.05053 0.14545 0.32521 0.02315 0.01298 0.00913
v 0.04997 0.14517 0.32228 0.02315 0.01298 0.00913
v 0.04921 0.14839 0.32228 0.02315 0.01298 0.00913
v 0.04921 0.14839 0.32228 0.02315 0.01298 0.00913
v 0.04997 0.14517 0.32228 0.02315 0.01298 0.00913
v 0.04921 0.14839 0.15695 0.02315 0.01298 0.00913
v 0.04997 0.14517 0.32228 0.02315 0.01298 0.00913
v 0.04997 0.14517 0.15695 0.02315 0.01298 0.00913
v 0.04921 0.14839 0.15695 0.02315 0.01298 0.00913
v 0.04921 0.14839 0.15695 0.02315 0.01298 0.00913
v 0.04997 0.14517 0.15695 0.02315 0.01298 0.00913
v 0.04997 0.14839 0.15373 0.02315 0.01298 0.00913
v 0.04997 0.14517 0.15695 0.02315 0.01298 0.00913
v 0.05053 0.14545 0.15401 0.02315 0.01298 0.00913
v 0.04997 0.14839 0.15373 0.02315 0.01298 0.00913
v 0.04997 0.14839 0.15373 0.02315 0.01298 0.00913
v 0.05053 0.14545 0.15401 0.02315 0.01298 0.00913
v 0.05131 0.14839 0.15186 0.02315 0.01298 0.00913
v 0.05053 0.14545 0.15401 0.02315 0.01298 0.00913
v 0.05160 0.14599 0.15215 0.02315 0.01298 0.00913
v 0.05131 0.14839 0.15186 0.02315 0.01298 0.00913
v 0.05160 0.14599 0.32707 0.02315 0.01298 0.00913
v 0.05224 0.14424 0.32643 0.02315 0.01298 0.00913
v 0.05053 0.14545 0.32521 0.02315 0.01298 0.00913
v 0.05224 0.14424 0.32643 0.02315 0.01298 0.00913
v 0.05160 0.14360 0.32468 0.02315 0.01298 0.00913
v 0.05053 0.14545 0.32521 0.02315 0.01298 0.00913
v 0.05053 0.14545 0.32521 0.02315 0.01298 0.00913
v 0.05160 0.14360 0.32468 0.02315 0.01298 0.00913
v 0.04997 0.14517 0.32228 0.02315 0.01298 0.00913
v 0.05160 0.14360 0.32468 0.02315 0.01298 0.00913
v 0.05131 0.14331 0.32228 0.02315 0.01298 0.00913
v 0.04997 0.14517 0.32228 0.02315 0.01298 0.00913
v 0.04997 0.14517 0.32228 0.02315 0.01298 0.00913
v 0.05131 0.14331 0.32228 0.02315 0.01298 0.00913
v 0.04997 0.14517 0.15695 0.02315 0.01298 0.00913
v 0.05131 0.14331 0.32228 0.02315 0.01298 0.00913
v 0.05131 0.14331 0.15695 0.02315 0.01298 0.00913
v 0.04997 0.14517 0.15695 0.02315 0.01298 0.00913
v 0.04997 0.14517 0.15695 0.02315 0.01298 0.00913
v 0.05131 0.14331 0.15695 0.02315 0.01298 0.00913
v 0.05053 0.14545 0.15401 0.02315 0.01298 0.00913
v 0.05131 0.14331 0.15695 0.02315 0.01298 0.00913
v 0.05160 0.14360 0.15455 0.02315 0.01298 0.00913
v 0.05053 0.14545 0.15401 0.02315 0.01298 0.00913
v 0.05053 0.14545 0.15401 0.02315 0.01298 0.00913
v 0.05160 0.14360 0.15455 0.02315 0.01298 0.00913
v 0.05160 0.14599 0.15215 0.02315 0.01298 0.00913
v 0.05160 0.14360 0.15455 0.02315 0.01298 0.00913
v 0.05224 0.14424 0.15280 0.02315 0.01298 0.00913
v 0.05160 0.14599 0.15215 0.02315 0.01298 0.00913
v 0.18737 0.18309 0.15280 0.02315 0.01298 0.00913
v 0.18801 0.18134 0.15215 0.02315 0.01298 0.00913
v 0.18801 0.18373 0.15455 0.02315 0.01298 0.00913
v 0.18801 0.18134 0.15215 0.02315 0.01298 0.00913
v 0.18909 0.18187 0.15401 0.02315 0.01298 0.00913
v 0.18801 0.18373 0.15455 0.02315 0.01298 0.00913
v 0.18801 0.18373 0.15455 0.02315 0.01298 0.00913
v 0.18909 0.18187 0.15401 0.02315 0.01298 0.00913
v 0.18830 0.18402 0.15695 0.02315 0.01298 0.00913
v 0.18909 0.18187 0.15401 0.02315 0.01298 0.00913
v 0.18965 0.18215 0.15695 0.02315 0.01298 0.00913
v 0.18830 0.18402 0.15695 0.02315 0.01298 0.00913
v 0.18830 0.18402 0.15695 0.02315 0.01298 0.00913
v 0.18965 0.18215 0.15695 0.02315 0.01298 0.00913
v 0.18830 0.18402 0.32228 0.02315 0.01298 0.00913
v 0.18965 0.18215 0.15695 0.02315 0.01298 0.00913
v 0.18965 0.18215 0.32228 0.02315 0.01298 0.00913
v 0.18830 0.18402 0.32228 0.02315 0.01298 0.00913
v 0.18830 0.18402 0.32228 0.02315 0.01298 0.00913
v 0.18965 0.18215 0.32228 0.02315 0.01298 0.00913
v 0.18801 0.18373 0.32468 0.02315 0.01298 0.00913
v 0.18965 0.18215 0.32228 0.02315 0.01298 0.00913
v 0.18909 0.18187 0.32521 0.02315 0.01298 0.00913
v 0.18801 0.18373 0.32468 0.02315 0.01298 0.00913
v 0.18801 0.18373 0.32468 0.02315 0.01298 0.00913
v 0.18909 0.18187 0.32521 0.02315 0.01298 0.00913
v 0.18737 0.18309 0.32643 0.02315 0.01298 0.00913
v 0.18909 0.18187 0.32521 0.02315 0.01298 0.00913
v 0.18801 0.18134 0.32707 0.02315 0.01298 0.00913
v 0.18737 0.18309 0.32643 0.02315 0.01298 0.00913
v 0.18801 0.18134 0.15215 0.02315 0.01298 0.00913
v 0.18830 0.17894 0.15186 0.02315 0.01298 0.00913
v 0.18909 0.18187 0.15401 0.02315 0.01298 0.00913
v 0.18830 0.17894 0.15186 0.02315 0.01298 0.00913
v 0.18965 0.17894 0.15373 0.02315 0.01298 0.00913
v 0.18909 0.18187 0.15401 0.02315 0.01298 0.00913
v 0.18909 0.18187 0.15401 0.02315 0.01298 0.00913
v 0.18965 0.17894 0.15373 0.02315 0.01298 0.00913
v 0.18965 0.18215 0.15695 0.02315 0.01298 0.00913
v 0.18965 0.17894 0.15373 0.02315 0.01298 0.00913
v 0.19041 0.17894 0.15695 0.02315 0.01298 0.00913
v 0.18965 0.18215 0.15695 0.02315 0.01298 0.00913
v 0.18965 0.18215 0.15695 0.02315 0.01298 0.00913
v 0.19041 0.17894 0.15695 0.02315 0.01298 0.00913
v 0.18965 0.18215 0.32228 0.02315 0.01298 0.00913
v 0.19041 0.17894 0.15695 0.02315 0.01298 0.00913
v 0.19041 0.17894 0.32228 0.02315 0.01298 0.00913
v 0.18965 0.18215 0.32228 0.02315 0.01298 0.00913
v 0.18965 0.18215 0.32228 0.02315 0.01298 0.00913
v 0.19041 0.17894 0.32228 0.02315 0.01298 0.00913
v 0.18909 0.18187 0.32521 0.02315 0.01298 0.00913
v 0.19041 0.17894 0.32228 0.02315 0.01298 0.00913
v 0.18965 0.17894 0.32549 0.02315 0.01298 0.00913
v 0.18909 0.18187 0.32521 0.02315 0.01298 0.00913
v 0.18909 0.18187 0.32521 0.02315 0.01298 0.00913
v 0.18965 0.17894 0.32549 0.02315 0.01298 0.00913
v 0.18801 0.18134 0.32707 0.02315 0.01298 0.00913
v 0.18965 0.17894 0.32549 0.02315 0.01298 0.00913
v 0.18830 0.17894 0.32736 0.02315 0.01298 0.00913
v 0.18801 0.18134 0.32707 0.02315 0.01298 0.00913
v 0.18830 0.17894 0.15186 0.02315 0.01298 0.00913
v 0.18830 0.14839 0.15186 0.02315 0.01298 0.00913
v 0.18965 0.17894 0.15373 0.02315 0.01298 0.00913
v 0.18830 0.14839 0.15186 0.02315 0.01298 0.00913
v 0.18965 0.14839 0.15373 0.02315 0.01298 0.00913
v 0.18965 0.17894 0.15373 0.02315 0.01298 0.00913
v 0.18965 0.17894 0.15373 0.02315 0.01298 0.00913
v 0.18965 0.14839 0.15373 0.02315 0.01298 0.00913
v 0.19041 0.17894 0.15695 0.02315 0.01298 0.00913
v 0.18965 0.14839 0.15373 0.02315 0.01298 0.00913
v 0.19041 0.14839 0.15695 0.02315 0.01298 0.00913
v 0.19041 0.17894 0.15695 0.02315 0.01298 0.00913
v 0.19041 0.17894 0.15695 0.02315 0.01298 0.00913
v 0.19041 0.14839 0.15695 0.02315 0.01298 0.00913
v 0.19041 0.17894 0.32228 0.02315 0.01298 0.00913
v 0.19041 0.14839 0.15695 0.02315 0.01298 0.00913
v 0.19041 0.14839 0.32228 0.02315 0.01298 0.00913
v 0.19041 0.17894 0.32228 0.02315 0.01298 0.00913
v 0.19041 0.17894 0.32228 0.02315 0.01298 0.00913
v 0.19041 0.14839 0.32228 0.02315 0.01298 0.00913
v 0.18965 0.17894 0.32549 0.02315 0.01298 0.00913
v 0.19041 0.14839 0.32228 0.02315 0.01298 0.00913
v 0.18965 0.14839 0.32549 0.02315 0.01298 0.00913
v 0.18965 0.17894 0.32549 0.02315 0.01298 0.00913
v 0.18965 0.17894 0.32549 0.02315 0.01298 0.00913
v 0.18965 0.14839 0.32549 0.02315 0.01298 0.00913
v 0.18830 0.17894 0.32736 0.02315 0.01298 0.00913
v 0.18965 0.14839 0.32549 0.02315 0.01298 0.00913
v 0.18830 0.14839 0.32736 0.02315 0.01298 0.00913
v 0.18830 0.17894 0.32736 0.02315 0.01298 0.00913
v 0.18830 0.14839 0.15186 0.02315 0.01298 0.00913
v 0.18801 0.14599 0.15215 0.02315 0.01298 0.00913
v 0.18965 0.14839 0.15373 0.02315 0.01298 0.00913
v 0.18801 0.14599 0.15215 0.02315 0.01298 0.00913
v 0.18909 0.14545 0.15401 0.02315 0.01298 0.00913
v 0.18965 0.14839 0.15373 0.02315 0.01298 0.00913
v 0.18965 0.14839 0.15373 0.02315 0.01298 0.00913
v 0.18909 0.14545 0.15401 0.02315 0.01298 0.00913
v 0.19041 0.14839 0.15695 0.02315 0.01298 0.00913
v 0.18909 0.14545 0.15401 0.02315 0.01298 0.00913
v 0.18965 0.14517 0.15695 0.02315 0.01298 0.00913
v 0.19041 0.14839 0.15695 0.02315 0.01298 0.00913
v 0.19041 0.14839 0.15695 0.02315 0.01298 0.00913
v 0.18965 0.14517 0.15695 0.02315 0.01298 0.00913
v 0.19041 0.14839 0.32228 0.02315 0.01298 0.00913
v 0.18965 0.14517 0.15695 0.02315 0.01298 0.00913
v 0.18965 0.14517 0.32228 0.02315 0.01298 0.00913
v 0.19041 0.14839 0.32228 0.02315 0.01298 0.00913
v 0.19041 0.14839 0.32228 0.02315 0.01298 0.00913
v 0.18965 0.14517 0.32228 0.02315 0.01298 0.00913
v 0.18965 0.14839 0.32549 0.02315 0.01298 0.00913
v 0.18965 0.14517 0.32228 0.02315 0.01298 0.00913
v 0.18909 0.14545 0.32521 0.02315 0.01298 0.00913
v 0.18965 0.14839 0.32549 0.02315 0.01298 0.00913
v 0.18965 0.14839 0.32549 0.02315 0.01298 0.00913
v 0.18909 0.14545 0.32521 0.02315 0.01298 0.00913
v 0.18830 0.14839 0.32736 0.02315 0.01298 0.00913
v 0.18909 0.14545 0.32521 0.02315 0.01298 0.00913
v 0.18801 0.14599 0.32707 0.02315 0.01298 0.00913
v 0.18830 0.14839 0.32736 0.02315 0.01298 0.00913
v 0.18801 0.14599 0.15215 0.02315 0.01298 0.00913
v 0.18737 0.14424 0.15280 0.02315 0.01298 0.00913
v 0.18909 0.14545 0.15401 0.02315 0.01298 0.00913
v 0.18737 0.14424 0.15280 0.02315 0.01298 0.00913
v 0.18801 0.14360 0.15455 0.02315 0.01298 0.00913
v 0.18909 0.14545 0.15401 0.02315 0.01298 0.00913
v 0.18909 0.14545 0.15401 0.02315 0.01298 0.00913
v 0.18801 0.14360 0.15455 0.02315 0.01298 0.00913
v 0.18965 0.14517 0.15695 0.02315 0.01298 0.00913
v 0.18801 0.14360 0.15455 0.02315 0.01298 0.00913
v 0.18830 0.14331 0.15695 0.02315 0.01298 0.00913
v 0.18965 0.14517 0.15695 0.02315 0.01298 0.00913
v 0.18965 0.14517 0.15695 0.02315 0.01298 0.00913
v 0.18830 0.14331 0.15695 0.02315 0.01298 0.00913
v 0.18965 0.14517 0.32228 0.02315 0.01298 0.00913
v 0.18830 0.14331 0.15695 0.02315 0.01298 0.00913
v 0.18830 0.14331 0.32228 0.02315 0.01298 0.00913
v 0.18965 0.14517 0.32228 0.02315 0.01298 0.00913
v 0.18965 0.14517 0.32228 0.02315 0.01298 0.00913
v 0.18830 0.14331 0.32228 0.02315 0.01298 0.00913
v 0.18909 0.14545 0.32521 0.02315 0.01298 0.00913
v 0.18830 0.14331 0.32228 0.02315 0.01298 0.00913
v 0.18801 0.14360 0.32468 0.02315 0.01298 0.00913
v 0.18909 0.14545 0.32521 0.02315 0.01298 0.00913
v 0.18909 0.14545 0.32521 0.02315 0.01298 0.00913
v 0.18801 0.14360 0.32468 0.02315 0.01298 0.00913
v 0.18801 0.14599 0.32707 0.02315 0.01298 0.00913
v 0.18801 0.14360 0.32468 0.02315 0.01298 0.00913
v 0.18737 0.14424 0.32643 0.02315 0.01298 0.00913
v 0.18801 0.14599 0.32707 0.02315 0.01298 0.00913
v 0.18737 0.18309 0.15280 0.02315 0.01298 0.00913
v 0.18801 0.18373 0.15455 0.02315 0.01298 0.00913
v 0.18561 0.18373 0.15215 0.02315 0.01298 0.00913
v 0.18801 0.18373 0.15455 0.02315 0.01298 0.00913
v 0.18615 0.18481 0.15401 0.02315 0.01298 0.00913
v 0.18561 0.18373 0.15215 0.02315 0.01298 0.00913
v 0.18561 0.18373 0.15215 0.02315 0.01298 0.00913
v 0.18615 0.18481 0.15401 0.02315 0.01298 0.00913
v 0.18322 0.18402 0.15186 0.02315 0.01298 0.00913
v 0.18615 0.18481 0.15401 0.02315 0.01298 0.00913
v 0.18322 0.18537 0.15373 0.02315 0.01298 0.00913
v 0.18322 0.18402 0.15186 0.02315 0.01298 0.00913
v 0.18322 0.18402 0.15186 0.02315 0.01298 0.00913
v 0.18322 0.18537 0.15373 0.02315 0.01298 0.00913
v 0.05639 0.18402 0.15186 0.02315 0.01298 0.00913
v 0.18322 0.18537 0.15373 0.02315 0.01298 0.00913
v 0.05639 0.18537 0.15373 0.02315 0.01298 0.00913
v 0.05639 0.18402 0.15186 0.02315 0.01298 0.00913
v 0.05639 0.18402 0.15186 0.02315 0.01298 0.00913
v 0.05639 0.18537 0.15373 0.02315 0.01298 0.00913
v 0.05400 0.18373 0.15215 0.02315 0.01298 0.00913
v 0.05639 0.18537 0.15373 0.02315 0.01298 0.00913
v 0.05346 0.18481 0.15401 0.02315 0.01298 0.00913
v 0.05400 0.18373 0.15215 0.02315 0.01298 0.00913
v 0.05400 0.18373 0.15215 0.02315 0.01298 0.00913
v 0.05346 0.18481 0.15401 0.02315 0.01298 0.00913
v 0.05224 0.18309 0.15280 0.02315 0.01298 0.00913
v 0.05346 0.18481 0.15401 0.02315 0.01298 0.00913
v 0.05160 0.18373 0.15455 0.02315 0.01298 0.00913
v 0.05224 0.18309 0.15280 0.02315 0.01298 0.00913
v 0.18801 0.18373 0.15455 0.02315 0.01298 0.00913
v 0.18830 0.18402 0.15695 0.02315 0.01298 0.00913
v 0.18615 0.18481 0.15401 0.02315 0.01298 0.00913
v 0.18830 0.18402 0.15695 0.02315 0.01298 0.00913
v 0.18643 0.18537 0.15695 0.02315 0.01298 0.00913
v 0.18615 0.18481 0.15401 0.02315 0.01298 0.00913
v 0.18615 0.18481 0.15401 0.02315 0.01298 0.00913
v 0.18643 0.18537 0.15695 0.02315 0.01298 0.00913
v 0.18322 0.18537 0.15373 0.02315 0.01298 0.00913
v 0.18643 0.18537 0.15695 0.02315 0.01298 0.00913
v 0.18322 0.18613 0.15695 0.02315 0.01298 0.00913
v 0.18322 0.18537 0.15373 0.02315 0.01298 0.00913
v 0.18322 0.18537 0.15373 0.02315 0.01298 0.00913
v 0.18322 0.18613 0.15695 0.02315 0.01298 0.00913
v 0.05639 0.18537 0.15373 0.02315 0.01298 0.00913
v 0.18322 0.18613 0.15695 0.02315 0.01298 0.00913
v 0.05639 0.18613 0.15695 0.02315 0.01298 0.00913
v 0.05639 0.18537 0.15373 0.02315 0.01298 0.00913
v 0.05639 0.18537 0.15373 0.02315 0.01298 0.00913
v 0.05639 0.18613 0.15695 0.02315 0.01298 0.00913
v 0.05346 0.18481 0.15401 0.02315 0.01298 0.00913
v 0.05639 0.18613 0.15695 0.02315 0.01298 0.00913
v 0.05318 0.18537 0.15695 0.02315 0.01298 0.00913
v 0.05346 0.18481 0.15401 0.02315 0.01298 0.00913
v 0.05346 0.18481 0.15401 0.02315 0.01298 0.00913
v 0.05318 0.18537 0.15695 0.02315 0.01298 0.00913
v 0.05160 0.18373 0.15455 0.02315 0.01298 0.00913
v 0.05318 0.18537 0.15695 0.02315 0.01298 0.00913
v 0.05131 0.18402 0.15695 0.02315 0.01298 0.00913
v 0.05160 0.18373 0.15455 0.02315 0.01298 0.00913
v 0.18830 0.18402 0.15695 0.02315 0.01298 0.00913
v 0.18830 0.18402 0.32228 0.02315 0.01298 0.00913
v 0.18643 0.18537 0.15695 0.02315 0.01298 0.00913
v 0.18830 0.18402 0.32228 0.02315 0.01298 0.00913
v 0.18643 0.18537 0.32228 0.02315 0.01298 0.00913
v 0.18643 0.18537 0.15695 0.02315 0.01298 0.00913
v 0.18643 0.18537 0.15695 0.02315 0.01298 0.00913
v 0.18643 0.18537 0.32228 0.02315 0.01298 0.00913
v 0.18322 0.18613 0.15695 0.02315 0.01298 0.00913
v 0.18643 0.18537 0.32228 0.02315 0.01298 0.00913
v 0.18322 0.18613 0.32228 0.02315 0.01298 0.00913
v 0.18322 0.18613 0.15695 0.02315 0.01298 0.00913
v 0.18322 0.18613 0.15695 0.02315 0.01298 0.00913
v 0.18322 0.18613 0.32228 0.02315 0.01298 0.00913
v 0.05639 0.18613 0.15695 0.02315 0.01298 0.00913
v 0.18322 0.18613 0.32228 0.02315 0.01298 0.00913
v 0.05639 0.18613 0.32228 0.02315 0.01298 0.00913
v 0.05639 0.18613 0.15695 0.02315 0.01298 0.00913
v 0.05639 0.18613 0.15695 0.02315 0.01298 0.00913
v 0.05639 0.18613 0.32228 0.02315 0.01298 0.00913
v 0.05318 0.18537 0.15695 0.02315 0.01298 0.00913
v 0.05639 0.18613 0.32228 0.02315 0.01298 0.00913
v 0.05318 0.18537 0.32228 0.02315 0.01298 0.00913
v 0.05318 0.18537 0.15695 0.02315 0.01298 0.00913
v 0.05318 0.18537 0.15695 0.02315 0.01298 0.00913
v 0.05318 0.18537 0.32228 0.02315 0.01298 0.00913
v 0.05131 0.18402 0.15695 0.02315 0.01298 0.00913
v 0.05318 0.18537 0.32228 0.02315 0.01298 0.00913
v 0.05131 0.18402 0.32228 0.02315 0.01298 0.00913
v 0.05131 0.18402 0.15695 0.02315 0.01298 0.00913
v 0.18830 0.18402 0.32228 0.02315 0.01298 0.00913
v 0.18801 0.18373 0.32468 0.02315 0.01298 0.00913
v 0.18643 0.18537 0.32228 0.02315 0.01298 0.00913
v 0.18801 0.18373 0.32468 0.02315 0.01298 0.00913
v 0.18615 0.18481 0.32521 0.02315 0.01298 0.00913
v 0.18643 0.18537 0.32228 0.02315 0.01298 0.00913
v 0.18643 0.18537 0.32228 0.02315 0.01298 0.00913
v 0.18615 0.18481 0.32521 0.02315 0.01298 0.00913
v 0.18322 0.18613 0.32228 0.02315 0.01298 0.00913
v 0.18615 0.18481 0.32521 0.02315 0.01298 0.00913
v 0.18322 0.18537 0.32549 0.02315 0.01298 0.00913
v 0.18322 0.18613 0.32228 0.02315 0.01298 0.00913
v 0.18322 0.18613 0.32228 0.02315 0.01298 0.00913
v 0.18322 0.18537 0.32549 0.02315 0.01298 0.00913
v 0.05639 0.18613 0.32228 0.02315 0.01298 0.00913
v 0.18322 0.18537 0.32549 0.02315 0.01298 0.00913
v 0.05639 0.18537 0.32549 0.02315 0.01298 0.00913
v 0.05639 0.18613 0.32228 0.02315 0.01298 0.00913
v 0.05639 0.18613 0.32228 0.02315 0.01298 0.00913
v 0.05639 0.18537 0.32549 0.02315 0.01298 0.00913
v 0.05318 0.18537 0.32228 0.02315 0.01298 0.00913
v 0.05639 0.18537 0.32549 0.02315 0.01298 0.00913
v 0.05346 0.18481 0.32521 0.02315 0.01298 0.00913
v 0.05318 0.18537 0.32228 0.02315 0.01298 0.00913
v 0.05318 0.18537 0.32228 0.02315 0.01298 0.00913
v 0.05346 0.18481 0.32521 0.02315 0.01298 0.00913
v 0.05131 0.18402 0.32228 0.02315 0.01298 0.00913
v 0.05346 0.18481 0.32521 0.02315 0.01298 0.00913
v 0.05160 0.18373 0.32468 0.02315 0.01298 0.00913
v 0.05131 0.18402 0.32228 0.02315 0.01298 0.00913
v 0.18801 0.18373 0.32468 0.02315 0.01298 0.00913
v 0.18737 0.18309 0.32643 0.02315 0.01298 0.00913
v 0.18615 0.18481 0.32521 0.02315 0.01298 0.00913
v 0.18737 0.18309 0.32643 0.02315 0.01298 0.00913
v 0.18561 0.18373 0.32707 0.02315 0.01298 0.00913
v 0.18615 0.18481 0.32521 0.02315 0.01298 0.00913
v 0.18615 0.18481 0.32521 0.02315 0.01298 0.00913
v 0.18561 0.18373 0.32707 0.02315 0.01298 0.00913
v 0.18322 0.18537 0.32549 0.02315 0.01298 0.00913
v 0.18561 0.18373 0.32707 0.02315 0.01298 0.00913
v 0.18322 0.18402 0.32736 0.02315 0.01298 0.00913
v 0.18322 0.18537 0.32549 0.02315 0.01298 0.00913
v 0.18322 0.18537 0.32549 0.02315 0.01298 0.00913
v 0.18322 0.18402 0.32736 0.02315 0.01298 0.00913
v 0.05639 0.18537 0.32549 0.02315 0.01298 0.00913
v 0.18322 0.18402 0.32736 0.02315 0.01298 0.00913
v 0.05639 0.18402 0.32736 0.02315 0.01298 0.00913
v 0.05639 0.18537 0.32549 0.02315 0.01298 0.00913
v 0.05639 0.18537 0.32549 0.02315 0.01298 0.00913
v 0.05639 0.18402 0.32736 0.02315 0.01298 0.00913
v 0.05346 0.18481 0.32521 0.02315 0.01298 0.00913
v 0.05639 0.18402 0.32736 0.02315 0.01298 0.00913
v 0.05400 0.18373 0.32707 0.02315 0.01298 0.00913
v 0.05346 0.18481 0.32521 0.02315 0.01298 0.00913
v 0.05346 0.18481 0.32521 0.02315 0.01298 0.00913
v 0.05400 0.18373 0.32707 0.02315 0.01298 0.00913
v 0.05160 0.18373 0.32468 0.02315 0.01298 0.00913
v 0.05400 0.18373 0.32707 0.02315 0.01298 0.00913
v 0.05224 0.18309 0.32643 0.02315 0.01298 0.00913
v 0.05160 0.18373 0.32468 0.02315 0.01298 0.00913
v 0.18737 0.14424 0.32643 0.02315 0.01298 0.00913
v 0.18801 0.14360 0.32468 0.02315 0.01298 0.00913
v 0.18561 0.14360 0.32707 0.02315 0.01298 0.00913
v 0.18801 0.14360 0.32468 0.02315 0.01298 0.00913
v 0.18615 0.14252 0.32521 0.02315 0.01298 0.00913
v 0.18561 0.14360 0.32707 0.02315 0.01298 0.00913
v 0.18561 0.14360 0.32707 0.02315 0.01298 0.00913
v 0.18615 0.14252 0.32521 0.02315 0.01298 0.00913
v 0.18322 0.14331 0.32736 0.02315 0.01298 0.00913
v 0.18615 0.14252 0.32521 0.02315 0.01298 0.00913
v 0.18322 0.14196 0.32549 0.02315 0.01298 0.00913
v 0.18322 0.14331 0.32736 0.02315 0.01298 0.00913
v 0.18322 0.14331 0.32736 0.02315 0.01298 0.00913
v 0.18322 0.14196 0.32549 0.02315 0.01298 0.00913
v 0.05639 0.14331 0.32736 0.02315 0.01298 0.00913
v 0.18322 0.14196 0.32549 0.02315 0.01298 0.00913
v 0.05639 0.14196 0.32549 0.02315 0.01298 0.00913
v 0.05639 0.14331 0.32736 0.02315 0.01298 0.00913
v 0.05639 0.14331 0.32736 0.02315 0.01298 0.00913
v 0.05639 0.14196 0.32549 0.02315 0.01298 0.00913
v 0.05400 0.14360 0.32707 0.02315 0.01298 0.00913
v 0.05639 0.14196 0.32549 0.02315 0.01298 0.00913
v 0.05346 0.14252 0.32521 0.02315 0.01298 0.00913
v 0.05400 0.14360 0.32707 0.02315 0.01298 0.00913
v 0.05400 0.14360 0.32707 0.02315 0.01298 0.00913
v 0.05346 0.14252 0.32521 0.02315 0.01298 0.00913
v 0.05224 0.14424 0.32643 0.02315 0.01298 0.00913
v 0.05346 0.14252 0.32521 0.02315 0.01298 0.00913
v 0.05160 0.14360 0.32468 0.02315 0.01298 0.00913
v 0.05224 0.14424 0.32643 0.02315 0.01298 0.00913
v 0.18801 0.14360 0.32468 0.02315 0.01298 0.00913
v 0.18830 0.14331 0.32228 0.02315 0.01298 0.00913
v 0.18615 0.14252 0.32521 0.02315 0.01298 0.00913
v 0.18830 0.14331 0.32228 0.02315 0.01298 0.00913
v 0.18643 0.14196 0.32228 0.02315 0.01298 0.00913
v 0.18615 0.14252 0.32521 0.02315 0.01298 0.00913
v 0.18615 0.14252 0.32521 0.02315 0.01298 0.00913
v 0.18643 0.14196 0.32228 0.02315 0.01298 0.00913
v 0.18322 0.14196 0.32549 0.02315 0.01298 0.00913
v 0.18643 0.14196 0.32228 0.02315 0.01298 0.00913
v 0.18322 0.14120 0.32228 0.02315 0.01298 0.00913
v 0.18322 0.14196 0.32549 0.02315 0.01298 0.00913
v 0.18322 0.14196 0.32549 0.02315 0.01298 0.00913
v 0.18322 0.14120 0.32228 0.02315 0.01298 0.00913
v 0.05639 0.14196 0.32549 0.02315 0.01298 0.00913
v 0.18322 0.14120 0.32228 0.02315 0.01298 0.00913
v 0.05639 0.14120 0.32228 0.02315 0.01298 0.00913
v 0.05639 0.14196 0.32549 0.02315 0.01298 0.00913
v 0.05639 0.14196 0.32549 0.02315 0.01298 0.00913
v 0.05639 0.14120 0.32228 0.02315 0.01298 0.00913
v 0.05346 0.14252 0.32521 0.02315 0.01298 0.00913
v 0.05639 0.14120 0.32228 0.02315 0.01298 0.00913
v 0.05318 0.14196 0.32228 0.02315 0.01298 0.00913
v 0.05346 0.14252 0.32521 0.02315 0.01298 0.00913
v 0.05346 0.14252 0.32521 0.02315 0.01298 0.00913
v 0.05318 0.14196 0.32228 0.02315 0.01298 0.00913
v 0.05160 0.14360 0.32468 0.02315 0.01298 0.00913
v 0.05318 0.14196 0.32228 0.02315 0.01298 0.00913
v 0.05131 0.14331 0.32228 0.02315 0.01298 0.00913
v 0.05160 0.14360 0.32468 0.02315 0.01298 0.00913
v 0.18830 0.14331 0.32228 0.02315 0.01298 0.00913
v 0.18830 0.14331 0.15695 0.02315 0.01298 0.00913
v 0.18643 0.14196 0.32228 0.02315 0.01298 0.00913
v 0.18830 0.14331 0.15695 0.02315 0.01298 0.00913
v 0.18643 0.14196 0.15695 0.02315 0.01298 0.00913
v 0.18643 0.14196 0.32228 0.02315 0.01298 0.00913
v 0.18643 0.14196 0.32228 0.02315 0.01298 0.00913
v 0.18643 0.14196 0.15695 0.02315 0.01298 0.00913
v 0.18322 0.14120 0.32228 0.02315 0.01298 0.00913
v 0.18643 0.14196 0.15695 0.02315 0.01298 0.00913
v 0.18322 0.14120 0.15695 0.02315 0.01298 0.00913
v 0.18322 0.14120 0.32228 0.02315 0.01298 0.00913
v 0.18322 0.14120 0.32228 0.02315 0.01298 0.00913
v 0.18322 0.14120 0.15695 0.02315 0.01298 0.00913
v 0.05639 0.14120 0.32228 0.02315 0.01298 0.00913
v 0.18322 0.14120 0.15695 0.02315 0.01298 0.00913
v 0.05639 0.14120 0.15695 0.02315 0.01298 0.00913
v 0.05639 0.14120 0.32228 0.02315 0.01298 0.00913
v 0.05639 0.14120 0.32228 0.02315 0.01298 0.00913
v 0.05639 0.14120 0.15695 0.02315 0.01298 0.00913
v 0.05318 0.14196 0.32228 0.02315 0.01298 0.00913
v 0.05639 0.14120 0.15695 0.02315 0.01298 0.00913
v 0.05318 0.14196 0.15695 0.02315 0.01298 0.00913
v 0.05318 0.14196 0.32228 0.02315 0.01298 0.00913
v 0.05318 0.14196 0.32228 0.02315 0.01298 0.00913
v 0.05318 0.14196 0.15695 0.02315 0.01298 0.00913
v 0.05131 0.14331 0.32228 0.02315 0.01298 0.00913
v 0.05318 0.14196 0.15695 0.02315 0.01298 0.00913
v 0.05131 0.14331 0.15695 0.02315 0.01298 0.00913
v 0.05131 0.14331 0.32228 0.02315 0.01298 0.00913
v 0.18830 0.14331 0.15695 0.02315 0.01298 0.00913
v 0.18801 0.14360 0.15455 0.02315 0.01298 0.00913
v 0.18643 0.14196 0.15695 0.02315 0.01298 0.00913
v 0.18801 0.14360 0.15455 0.02315 0.01298 0.00913
v 0.18615 0.14252 0.15401 0.02315 0.01298 0.00913
v 0.18643 0.14196 0.15695 0.02315 0.01298 0.00913
v 0.18643 0.14196 0.15695 0.02315 0.01298 0.00913
v 0.18615 0.14252 0.15401 0.02315 0.01298 0.00913
v 0.18322 0.14120 0.15695 0.02315 0.01298 0.00913
v 0.18615 0.14252 0.15401 0.02315 0.01298 0.00913
v 0.18322 0.14196 0.15373 0.02315 0.01298 0.00913
v 0.18322 0.14120 0.15695 0.02315 0.01298 0.00913
v 0.18322 0.14120 0.15695 0.02315 0.01298 0.00913
v 0.18322 0.14196 0.15373 0.02315 0.01298 0.00913
v 0.05639 0.14120 0.15695 0.02315 0.01298 0.00913
v 0.18322 0.14196 0.15373 0.02315 0.01298 0.00913
v 0.05639 0.14196 0.15373 0.02315 0.01298 0.00913
v 0.05639 0.14120 0.15695 0.02315 0.01298 0.00913
v 0.05639 0.14120 0.15695 0.02315 0.01298 0.00913
v 0.05639 0.14196 0.15373 0.02315 0.01298 0.00913
v 0.05318 0.14196 0.15695 0.02315 0.01298 0.00913
v 0.05639 0.14196 0.15373 0.02315 0.01298 0.00913
v 0.05346 0.14252 0.15401 0.02315 0.01298 0.00913
v 0.05318 0.14196 0.15695 0.02315 0.01298 0.00913
v 0.05318 0.14196 0.15695 0.02315 0.01298 0.00913
v 0.05346 0.14252 0.15401 0.02315 0.01298 0.00913
v 0.05131 0.14331 0.15695 0.02315 0.01298 0.00913
v 0.05346 0.14252 0.15401 0.02315 0.01298 0.00913
v 0.05160 0.14360 0.15455 0.02315 0.01298 0.00913
v 0.05131 0.14331 0.15695 0.02315 0.01298 0.00913
v 0.18801 0.14360 0.15455 0.02315 0.01298 0.00913
v 0.18737 0.14424 0.15280 0.02315 0.01298 0.00913
v 0.18615 0.14252 0.15401 0.02315 0.01298 0.00913
v 0.18737 0.14424 0.15280 0.02315 0.01298 0.00913
v 0.18561 0.14360 0.15215 0.02315 0.01298 0.00913
v 0.18615 0.14252 0.15401 0.02315 0.01298 0.00913
v 0.18615 0.14252 0.15401 0.02315 0.01298 0.00913
v 0.18561 0.14360 0.15215 0.02315 0.01298 0.00913
v 0.18322 0.14196 0.15373 0.02315 0.01298 0.00913
v 0.18561 0.14360 0.15215 0.02315 0.01298 0.00913
v 0.18322 0.14331 0.15186 0.02315 0.01298 0.00913
v 0.18322 0.14196 0.15373 0.02315 0.01298 0.00913
v 0.18322 0.14196 0.15373 0.02315 0.01298 0.00913
v 0.18322 0.14331 0.15186 0.02315 0.01298 0.00913
v 0.05639 0.14196 0.15373 0.02315 0.01298 0.00913
v 0.18322 0.14331 0.15186 0.02315 0.01298 0.00913
v 0.05639 0.14331 0.15186 0.02315 0.01298 0.00913
v 0.05639 0.14196 0.15373 0.02315 0.01298 0.00913
v 0.05639 0.14196 0.15373 0.02315 0.01298 0.00913
v 0.05639 0.14331 0.15186 0.02315 0.01298 0.00913
v 0.05346 0.14252 0.15401 0.02315 0.01298 0.00913
v 0.05639 0.14331 0.15186 0.02315 0.01298 0.00913
v 0.05400 0.14360 0.15215 0.02315 0.01298 0.00913
v 0.05346 0.14252 0.15401 0.02315 0.01298 0.00913
v 0.05346 0.14252 0.15401 0.02315 0.01298 0.00913
v 0.05400 0.14360 0.15215 0.02315 0.01298 0.00913
v 0.05160 0.14360 0.15455 0.02315 0.01298 0.00913
v 0.05400 0.14360 0.15215 0.02315 0.01298 0.00913
v 0.05224 0.14424 0.15280 0.02315 0.01298 0.00913
v 0.05160 0.14360 0.15455 0.02315 0.01298 0.00913
v 0.18737 0.18309 0.32643 0.02315 0.01298 0.00913
v 0.18801 0.18134 0.32707 0.02315 0.01298 0.00913
v 0.18561 0.18373 0.32707 0.02315 0.01298 0.00913
v 0.18801 0.18134 0.32707 0.02315 0.01298 0.00913
v 0.18615 0.18187 0.32815 0.02315 0.01298 0.00913
v 0.18561 0.18373 0.32707 0.02315 0.01298 0.00913
v 0.18561 0.18373 0.32707 0.02315 0.01298 0.00913
v 0.18615 0.18187 0.32815 0.02315 0.01298 0.00913
v 0.18322 0.18402 0.32736 0.02315 0.01298 0.00913
v 0.18615 0.18187 0.32815 0.02315 0.01298 0.00913
v 0.18322 0.18215 0.32871 0.02315 0.01298 0.00913
v 0.18322 0.18402 0.32736 0.02315 0.01298 0.00913
v 0.18322 0.18402 0.32736 0.02315 0.01298 0.00913
v 0.18322 0.18215 0.32871 0.02315 0.01298 0.00913
v 0.05639 0.18402 0.32736 0.02315 0.01298 0.00913
v 0.18322 0.18215 0.32871 0.02315 0.01298 0.00913
v 0.05639 0.18215 0.32871 0.02315 0.01298 0.00913
v 0.05639 0.18402 0.32736 0.02315 0.01298 0.00913
v 0.05639 0.18402 0.32736 0.02315 0.01298 0.00913
v 0.05639 0.18215 0.32871 0.02315 0.01298 0.00913
v 0.05400 0.18373 0.32707 0.02315 0.01298 0.00913
v 0.05639 0.18215 0.32871 0.02315 0.01298 0.00913
v 0.05346 0.18187 0.32815 0.02315 0.01298 0.00913
v 0.05400 0.18373 0.32707 0.02315 0.01298 0.00913
v 0.05400 0.18373 0.32707 0.02315 0.01298 0.00913
v 0.05346 0.18187 0.32815 0.02315 0.01298 0.00913
v 0.05224 0.18309 0.32643 0.02315 0.01298 0.00913
v 0.05346 0.18187 0.32815 0.02315 0.01298 0.00913
v 0.05160 0.18134 0.32707 0.02315 0.01298 0.00913
v 0.05224 0.18309 0.32643 0.02315 0.01298 0.00913
v 0.18801 0.18134 0.32707 0.02315 0.01298 0.00913
v 0.18830 0.17894 0.32736 0.02315 0.01298 0.00913
v 0.18615 0.18187 0.32815 0.02315 0.01298 0.00913
v 0.18830 0.17894 0.32736 0.02315 0.01298 0.00913
v 0.18643 0.17894 0.32871 0.02315 0.01298 0.00913
v 0.18615 0.18187 0.32815 0.02315 0.01298 0.00913
v 0.18615 0.18187 0.32815 0.02315 0.01298 0.00913
v 0.18643 0.17894 0.32871 0.02315 0.01298 0.00913
v 0.18322 0.18215 0.32871 0.02315 0.01298 0.00913
v 0.18643 0.17894 0.32871 0.02315 0.01298 0.00913
v 0.18322 0.17894 0.32947 0.02315 0.01298 0.00913
v 0.18322 0.18215 0.32871 0.02315 0.01298 0.00913
v 0.18322 0.18215 0.32871 0.02315 0.01298 0.00913
v 0.18322 0.17894 0.32947 0.02315 0.01298 0.00913
v 0.05639 0.18215 0.32871 0.02315 0.01298 0.00913
v 0.18322 0.17894 0.32947 0.02315 0.01298 0.00913
v 0.05639 0.17894 0.32947 0.02315 0.01298 0.00913
v 0.05639 0.18215 0.32871 0.02315 0.01298 0.00913
v 0.05639 0.18215 0.32871 0.02315 0.01298 0.00913
v 0.05639 0.17894 0.32947 0.02315 0.01298 0.00913
v 0.05346 0.18187 0.32815 0.02315 0.01298 0.00913
v 0.05639 0.17894 0.32947 0.02315 0.01298 0.00913
v 0.05318 0.17894 0.32871 0.02315 0.01298 0.00913
v 0.05346 0.18187 0.32815 0.02315 0.01298 0.00913
v 0.05346 0.18187 0.32815 0.02315 0.01298 0.00913
v 0.05318 0.17894 0.32871 0.02315 0.01298 0.00913
v 0.05160 0.18134 0.32707 0.02315 0.01298 0.00913
v 0.05318 0.17894 0.32871 0.02315 0.01298 0.00913
v 0.05131 0.17894 0.32736 0.02315 0.01298 0.00913
v 0.05160 0.18134 0.32707 0.02315 0.01298 0.00913
v 0.18830 0.17894 0.32736 0.02315 0.01298 0.00913
v 0.18830 0.14839 0.32736 0.02315 0.01298 0.00913
v 0.18643 0.17894 0.32871 0.02315 0.01298 0.00913
v 0.18830 0.14839 0.32736 0.02315 0.01298 0.00913
v 0.18643 0.14839 0.32871 0.02315 0.01298 0.00913
v 0.18643 0.17894 0.32871 0.02315 0.01298 0.00913
v 0.18643 0.17894 0.32871 0.02315 0.01298 0.00913
v 0.18643 0.14839 0.32871 0.02315 0.01298 0.00913
v 0.18322 0.17894 0.32947 0.02315 0.01298 0.00913
v 0.18643 0.14839 0.32871 0.02315 0.01298 0.00913
v 0.18322 0.14839 0.32947 0.02315 0.01298 0.00913
v 0.18322 0.17894 0.32947 0.02315 0.01298 0.00913
v 0.18322 0.17894 0.32947 0.02315 0.01298 0.00913
v 0.18322 0.14839 0.32947 0.02315 0.01298 0.00913
v 0.05639 0.17894 0.32947 0.02315 0.01298 0.00913
v 0.18322 0.14839 0.32947 0.02315 0.01298 0.00913
v 0.05639 0.14839 0.32947 0.02315 0.01298 0.00913
v 0.05639 0.17894 0.32947 0.02315 0.01298 0.00913
v 0.05639 0.17894 0.32947 0.02315 0.01298 0.00913
v 0.05639 0.14839 0.32947 0.02315 0.01298 0.00913
v 0.05318 0.17894 0.32871 0.02315 0.01298 0.00913
v 0.05639 0.14839 0.32947 0.02315 0.01298 0.00913
v 0.05318 0.14839 0.32871 0.02315 0.01298 0.00913
v 0.05318 0.17894 0.32871 0.02315 0.01298 0.00913
v 0.05318 0.17894 0.32871 0.02315 0.01298 0.00913
v 0.05318 0.14839 0.32871 0.02315 0.01298 0.00913
v 0.05131 0.17894 0.32736 0.02315 0.01298 0.00913
v 0.05318 0.14839 0.32871 0.02315 0.01298 0.00913
v 0.05131 0.14839 0.32736 0.02315 0.01298 0.00913
v 0.05131 0.17894 0.32736 0.02315 0.01298 0.00913
v 0.18830 0.14839 0.32736 0.02315 0.01298 0.00913
v 0.18801 0.14599 0.32707 0.02315 0.01298 0.00913
v 0.18643 0.14839 0.32871 0.02315 0.01298 0.00913
v 0.18801 0.14599 0.32707 0.02315 0.01298 0.00913
v 0.18615 0.14545 0.32815 0.02315 0.01298 0.00913
v 0.18643 0.14839 0.32871 0.02315 0.01298 0.00913
v 0.18643 0.14839 0.32871 0.02315 0.01298 0.00913
v 0.18615 0.14545 0.32815 0.02315 0.01298 0.00913
v 0.18322 0.14839 0.32947 0.02315 0.01298 0.00913
v 0.18615 0.14545 0.32815 0.02315 0.01298 0.00913
v 0.18322 0.14517 0.32871 0.02315 0.01298 0.00913
v 0.18322 0.14839 0.32947 0.02315 0.01298 0.00913
v 0.18322 0.14839 0.32947 0.02315 0.01298 0.00913
v 0.18322 0.14517 0.32871 0.02315 0.01298 0.00913
v 0.05639 0.14839 0.32947 0.02315 0.01298 0.00913
v 0.18322 0.14517 0.32871 0.02315 0.01298 0.00913
v 0.05639 0.14517 0.32871 0.02315 0.01298 0.00913
v 0.05639 0.14839 0.32947 0.02315 0.01298 0.00913
v 0.05639 0.14839 0.32947 0.02315 0.01298 0.00913
v 0.05639 0.14517 0.32871 0.02315 0.01298 0.00913
v 0.05318 0.14839 0.32871 0.02315 0.01298 0.00913
v 0.05639 0.14517 0.32871 0.02315 0.01298 0.00913
v 0.05346 0.14545 0.32815 0.02315 0.01298 0.00913
v 0.05318 0.14839 0.32871 0.02315 0.01298 0.00913
v 0.05318 0.14839 0.32871 0.02315 0.01298 0.00913
v 0.05346 0.14545 0.32815 0.02315 0.01298 0.00913
v 0.05131 0.14839 0.32736 0.02315 0.01298 0.00913
v 0.05346 0.14545 0.32815 0.02315 0.01298 0.00913
v 0.05160 0.14599 0.32707 0.02315 0.01298 0.00913
v 0.05131 0.14839 0.32736 0.02315 0.01298 0.00913
v 0.18801 0.14599 0.32707 0.02315 0.01298 0.00913
v 0.18737 0.14424 0.32643 0.02315 0.01298 0.00913
v 0.18615 0.14545 0.32815 0.02315 0.01298 0.00913
v 0.18737 0.14424 0.32643 0.02315 0.01298 0.00913
v 0.18561 0.14360 0.32707 0.02315 0.01298 0.00913
v 0.18615 0.14545 0.32815 0.02315 0.01298 0.00913
v 0.18615 0.14545 0.32815 0.02315 0.01298 0.00913
v 0.18561 0.14360 0.32707 0.02315 0.01298 0.00913
v 0.18322 0.14517 0.32871 0.02315 0.01298 0.00913
v 0.18561 0.14360 0.32707 0.02315 0.01298 0.00913
v 0.18322 0.14331 0.32736 0.02315 0.01298 0.00913
v 0.18322 0.14517 0.32871 0.02315 0.01298 0.00913
v 0.18322 0.14517 0.32871 0.02315 0.01298 0.00913
v 0.18322 0.14331 0.32736 0.02315 0.01298 0.00913
v 0.05639 0.14517 0.32871 0.02315 0.01298 0.00913
v 0.18322 0.14331 0.32736 0.02315 0.01298 0.00913
v 0.05639 0.14331 0.32736 0.02315 0.01298 0.00913
v 0.05639 0.14517 0.32871 0.02315 0.01298 0.00913
v 0.05639 0.14517 0.32871 0.02315 0.01298 0.00913
v 0.05639 0.14331 0.32736 0.02315 0.01298 0.00913
v 0.05346 0.14545 0.32815 0.02315 0.01298 0.00913
v 0.05639 0.14331 0.32736 0.02315 0.01298 0.00913
v 0.05400 0.14360 0.32707 0.02315 0.01298 0.00913
v 0.05346 0.14545 0.32815 0.02315 0.01298 0.00913
v 0.05346 0.14545 0.32815 0.02315 0.01298 0.00913
v 0.05400 0.14360 0.32707 0.02315 0.01298 0.00913
v 0.05160 0.14599 0.32707 0.02315 0.01298 0.00913
v 0.05400 0.14360 0.32707 0.02315 0.01298 0.00913
v 0.05224 0.14424 0.32643 0.02315 0.01298 0.00913
v 0.05160 0.14599 0.32707 0.02315 0.01298 0.00913
v 0.05224 0.18309 0.15280 0.02315 0.01298 0.00913
v 0.05160 0.18134 0.15215 0.02315 0.01298 0.00913
v 0.05400 0.18373 0.15215 0.02315 0.01298 0.00913
v 0.05160 0.18134 0.15215 0.02315 0.01298 0.00913
v 0.05346 0.18187 0.15108 0.02315 0.01298 0.00913
v 0.05400 0.18373 0.15215 0.02315 0.01298 0.00913
v 0.05400 0.18373 0.15215 0.02315 0.01298 0.00913
v 0.05346 0.18187 0.15108 0.02315 0.01298 0.00913
v 0.05639 0.18402 0.15186 0.02315 0.01298 0.00913
v 0.05346 0.18187 0.15108 0.02315 0.01298 0.00913
v 0.05639 0.18215 0.15052 0.02315 0.01298 0.00913
v 0.05639 0.18402 0.15186 0.02315 0.01298 0.00913
v 0.05639 0.18402 0.15186 0.02315 0.01298 0.00913
v 0.05639 0.18215 0.15052 0.02315 0.01298 0.00913
v 0.18322 0.18402 0.15186 0.02315 0.01298 0.00913
v 0.05639 0.18215 0.15052 0.02315 0.01298 0.00913
v 0.18322 0.18215 0.15052 0.02315 0.01298 0.00913
v 0.18322 0.18402 0.15186 0.02315 0.01298 0.00913
v 0.18322 0.18402 0.15186 0.02315 0.01298 0.00913
v 0.18322 0.18215 0.15052 0.02315 0.01298 0.00913
v 0.18561 0.18373 0.15215 0.02315 0.01298 0.00913
v 0.18322 0.18215 0.15052 0.02315 0.01298 0.00913
v 0.18615 0.18187 0.15108 0.02315 0.01298 0.00913
v 0.18561 0.18373 0.15215 0.02315 0.01298 0.00913
v 0.18561 0.18373 0.15215 0.02315 0.01298 0.00913
v 0.18615 0.18187 0.15108 0.02315 0.01298 0.00913
v 0.18737 0.18309 0.15280 0.02315 0.01298 0.00913
v 0.18615 0.18187 0.15108 0.02315 0.01298 0.00913
v 0.18801 0.18134 0.15215 0.02315 0.01298 0.00913
v 0.18737 0.18309 0.15280 0.02315 0.01298 0.00913
v 0.05160 0.18134 0.15215 0.02315 0.01298 0.00913
v 0.05131 0.17894 0.15186 0.02315 0.01298 0.00913
v 0.05346 0.18187 0.15108 0.02315 0.01298 0.00913
v 0.05131 0.17894 0.15186 0.02315 0.01298 0.00913
v 0.05318 0.17894 0.15052 0.02315 0.01298 0.00913
v 0.05346 0.18187 0.15108 0.02315 0.01298 0.00913
v 0.05346 0.18187 0.15108 0.02315 0.01298 0.00913
v 0.05318 0.17894 0.15052 0.02315 0.01298 0.00913
v 0.05639 0.18215 0.15052 0.02315 0.01298 0.00913
v 0.05318 0.17894 0.15052 0.02315 0.01298 0.00913
v 0.05639 0.17894 0.14976 0.02315 0.01298 0.00913
v 0.05639 0.18215 0.15052 0.02315 0.01298 0.00913
v 0.05639 0.18215 0.15052 0.02315 0.01298 0.00913
v 0.05639 0.17894 0.14976 0.02315 0.01298 0.00913
v 0.18322 0.18215 0.15052 0.02315 0.01298 0.00913
v 0.05639 0.17894 0.14976 0.02315 0.01298 0.00913
v 0.18322 0.17894 0.14976 0.02315 0.01298 0.00913
v 0.18322 0.18215 0.15052 0.02315 0.01298 0.00913
v 0.18322 0.18215 0.15052 0.02315 0.01298 0.00913
v 0.18322 0.17894 0.14976 0.02315 0.01298 0.00913
v 0.18615 0.18187 0.15108 0.02315 0.01298 0.00913
v 0.18322 0.17894 0.14976 0.02315 0.01298 0.00913
v 0.18643 0.17894 0.15052 0.02315 0.01298 0.00913
v 0.18615 0.18187 0.15108 0.02315 0.01298 0.00913
v 0.18615 0.18187 0.15108 0.02315 0.01298 0.00913
v 0.18643 0.17894 0.15052 0.02315 0.01298 0.00913
v 0.18801 0.18134 0.15215 0.02315 0.01298 0.00913
v 0.18643 0.17894 0.15052 0.02315 0.01298 0.00913
v 0.18830 0.17894 0.15186 0.02315 0.01298 0.00913
v 0.18801 0.18134 0.15215 0.02315 0.01298 0.00913
v 0.05131 0.17894 0.15186 0.02315 0.01298 0.00913
v 0.05131 0.14839 0.15186 0.02315 0.01298 0.00913
v 0.05318 0.17894 0.15052 0.02315 0.01298 0.00913
v 0.05131 0.14839 0.15186 0.02315 0.01298 0.00913
v 0.05318 0.14839 0.15052 0.02315 0.01298 0.00913
v 0.05318 0.17894 0.15052 0.02315 0.01298 0.00913
v 0.05318 0.17894 0.15052 0.02315 0.01298 0.00913
v 0.05318 0.14839 0.15052 0.02315 0.01298 0.00913
v 0.05639 0.17894 0.14976 0.02315 0.01298 0.00913
v 0.05318 0.14839 0.15052 0.02315 0.01298 0.00913
v 0.05639 0.14839 0.14976 0.02315 0.01298 0.00913
v 0.05639 0.17894 0.14976 0.02315 0.01298 0.00913
v 0.05639 0.17894 0.14976 0.02315 0.01298 0.00913
v 0.05639 0.14839 0.14976 0.02315 0.01298 0.00913
v 0.18322 0.17894 0.14976 0.02315 0.01298 0.00913
v 0.05639 0.14839 0.14976 0.02315 0.01298 0.00913
v 0.18322 0.14839 0.14976 0.02315 0.01298 0.00913
v 0.18322 0.17894 0.14976 0.02315 0.01298 0.00913
v 0.18322 0.17894 0.14976 0.02315 0.01298 0.00913
v 0.18322 0.14839 0.14976 0.02315 0.01298 0.00913
v 0.18643 0.17894 0.15052 0.02315 0.01298 0.00913
v 0.18322 0.14839 0.14976 0.02315 0.01298 0.00913
v 0.18643 0.14839 0.15052 0.02315 0.01298 0.00913
v 0.18643 0.17894 0.15052 0.02315 0.01298 0.00913
v 0.18643 0.17894 0.15052 0.02315 0.01298 0.00913
v 0.18643 0.14839 0.15052 0.02315 0.01298 0.00913
v 0.18830 0.17894 0.15186 0.02315 0.01298 0.00913
v 0.18643 0.14839 0.15052 0.02315 0.01298 0.00913
v 0.18830 0.14839 0.15186 0.02315 0.01298 0.00913
v 0.18830 0.17894 0.15186 0.02315 0.01298 0.00913
v 0.05131 0.14839 0.15186 0.02315 0.01298 0.00913
v 0.05160 0.14599 0.15215 0.02315 0.01298 0.00913
v 0.05318 0.14839 0.15052 0.02315 0.01298 0.00913
v 0.05160 0.14599 0.15215 0.02315 0.01298 0.00913
v 0.05346 0.14545 0.15108 0.02315 0.01298 0.00913
v 0.05318 0.14839 0.15052 0.02315 0.01298 0.00913
v 0.05318 0.14839 0.15052 0.02315 0.01298 0.00913
v 0.05346 0.14545 0.15108 0.02315 0.01298 0.00913
v 0.05639 0.14839 0.14976 0.02315 0.01298 0.00913
v 0.05346 0.14545 0.15108 0.02315 0.01298 0.00913
v 0.05639 0.14517 0.15052 0.02315 0.01298 0.00913
v 0.05639 0.14839 0.14976 0.02315 0.01298 0.00913
v 0.05639 0.14839 0.14976 0.02315 0.01298 0.00913
v 0.05639 0.14517 0.15052 0.02315 0.01298 0.00913
v 0.18322 0.14839 0.14976 0.02315 0.01298 0.00913
v 0.05639 0.14517 0.15052 0.02315 0.01298 0.00913
v 0.18322 0.14517 0.15052 0.02315 0.01298 0.00913
v 0.18322 0.14839 0.14976 0.02315 0.01298 0.00913
v 0.18322 0.14839 0.14976 0.02315 0.01298 0.00913
v 0.18322 0.14517 0.15052 0.02315 0.01298 0.00913
v 0.18643 0.14839 0.15052 0.02315 0.01298 0.00913
v 0.18322 0.14517 0.15052 0.02315 0.01298 0.00913
v 0.18615 0.14545 0.15108 0.02315 0.01298 0.00913
v 0.18643 0.14839 0.15052 0.02315 0.01298 0.00913
v 0.18643 0.14839 0.15052 0.02315 0.01298 0.00913
v 0.18615 0.14545 0.15108 0.02315 0.01298 0.00913
v 0.18830 0.14839 0.15186 0.02315 0.01298 0.00913
v 0.18615 0.14545 0.15108 0.02315 0.01298 0.00913
v 0.18801 0.14599 0.15215 0.02315 0.01298 0.00913
v 0.18830 0.14839 0.15186 0.02315 0.01298 0.00913
v 0.05160 0.14599 0.15215 0.02315 0.01298 0.00913
v 0.05224 0.14424 0.15280 0.02315 0.01298 0.00913
v 0.05346 0.14545 0.15108 0.02315 0.01298 0.00913
v 0.05224 0.14424 0.15280 0.02315 0.01298 0.00913
v 0.05400 0.14360 0.15215 0.02315 0.01298 0.00913
v 0.05346 0.14545 0.15108 0.02315 0.01298 0.00913
v 0.05346 0.14545 0.15108 0.02315 0.01298 0.00913
v 0.05400 0.14360 0.15215 0.02315 0.01298 0.00913
v 0.05639 0.14517 0.15052 0.02315 0.01298 0.00913
v 0.05400 0.14360 0.15215 0.02315 0.01298 0.00913
v 0.05639 0.14331 0.15186 0.02315 0.01298 0.00913
v 0.05639 0.14517 0.15052 0.02315 0.01298 0.00913
v 0.05639 0.14517 0.15052 0.02315 0.01298 0.00913
v 0.05639 0.14331 0.15186 0.02315 0.01298 0.00913
v 0.18322 0.14517 0.15052 0.02315 0.01298 0.00913
v 0.05639 0.14331 0.15186 0.02315 0.01298 0.00913
v 0.18322 0.14331 0.15186 0.02315 0.01298 0.00913
v 0.18322 0.14517 0.15052 0.02315 0.01298 0.00913
v 0.18322 0.14517 0.15052 0.02315 0.01298 0.00913
v 0.18322 0.14331 0.15186 0.02315 0.01298 0.00913
v 0.18615 0.14545 0.15108 0.02315 0.01298 0.00913
v 0.18322 0.14331 0.15186 0.02315 0.01298 0.00913
v 0.18561 0.14360 0.15215 0.02315 0.01298 0.00913
v 0.18615 0.14545 0.15108 0.02315 0.01298 0.00913
v 0.18615 0.14545 0.15108 0.02315 0.01298 0.00913
v 0.18561 0.14360 0.15215 0.02315 0.01298 0.00913
v 0.18801 0.14599 0.15215 0.02315 0.01298 0.00913
v 0.18561 0.14360 0.15215 0.02315 0.01298 0.00913
v 0.18737 0.14424 0.15280 0.02315 0.01298 0.00913
v 0.18801 0.14599 0.15215 0.02315 0.01298 0.00913
v -0.11981 0.22464 0.11981 0.02315 0.01298 0.00913
v -0.11981 0.22464 0.11981 0.02315 0.01298 0.00913
v -0.11981 0.22464 0.11981 0.02315 0.01298 0.00913
v -0.11981 0.22464 0.11981 0.02315 0.01298 0.00913
v -0.11981 0.22464 0.11981 0.02315 0.01298 0.00913
v -0.11981 0.22464 0.11981 0.02315 0.01298 0.00913
v -0.11981 0.22464 0.11981 0.02315 0.01298 0.00913
v -0.11981 0.22464 0.11981 0.02315 0.01298 0.00913
v -0.08397 0.21299 0.11981 0.02315 0.01298 0.00913
v -0.09746 0.21299 0.14783 0.02315 0.01298 0.00913
v -0.12778 0.21299 0.15475 0.02315 0.01298 0.00913
v -0.15210 0.21299 0.13536 0.02315 0.01298 0.00913
v -0.15210 0.21299 0.10426 0.02315 0.01298 0.00913
v -0.12778 0.21299 0.08487 0.02315 0.01298 0.00913
v -0.09746 0.21299 0.09179 0.02315 0.01298 0.00913
v -0.08397 0.21299 0.11981 0.02315 0.01298 0.00913
v -0.06182 0.18251 0.11981 0.02315 0.01298 0.00913
v -0.08365 0.18251 0.16514 0.02315 0.01298 0.00913
v -0.13271 0.18251 0.17634 0.02315 0.01298 0.00913
v -0.17205 0.18251 0.14497 0.02315 0.01298 0.00913
v -0.17205 0.18251 0.09465 0.02315 0.01298 0.00913
v -0.13271 0.18251 0.06327 0.02315 0.01298 0.00913
v -0.08365 0.18251 0.07447 0.02315 0.01298 0.00913
v -0.06182 0.18251 0.11981 0.02315 0.01298 0.00913
v -0.06182 0.14482 0.11981 0.02315 0.01298 0.00913
v -0.08365 0.14482 0.16514 0.02315 0.01298 0.00913
v -0.13271 0.14482 0.17634 0.02315 0.01298 0.00913
v -0.17205 0.14482 0.14497 0.02315 0.01298 0.00913
v -0.17205 0.14482 0.09465 0.02315 0.01298 0.00913
v -0.13271 0.14482 0.06327 0.02315 0.01298 0.00913
v -0.08365 0.14482 0.07447 0.02315 0.01298 0.00913
v -0.06182 0.14482 0.11981 0.02315 0.01298 0.00913
v -0.08397 0.11434 0.11981 0.02315 0.01298 0.00913
v -0.09746 0.11434 0.14783 0.02315 0.01298 0.00913
v -0.12778 0.11434 0.15475 0.02315 0.01298 0.00913
v -0.15210 0.11434 0.13536 0.02315 0.01298 0.00913
v -0.15210 0.11434 0.10426 0.02315 0.01298 0.00913
v -0.12778 0.11434 0.08487 0.02315 0.01298 0.00913
v -0.09746 0.11434 0.09179 0.02315 0.01298 0.00913
v -0.08397 0.11434 0.11981 0.02315 0.01298 0.00913
v -0.11981 0.10269 0.11981 0.02315 0.01298 0.00913
v -0.11981 0.10269 0.11981 0.02315 0.01298 0.00913
v -0.11981 0.10269 0.11981 0.02315 0.01298 0.00913
v -0.11981 0.10269 0.11981 0.02315 0.01298 0.00913
v -0.11981 0.10269 0.11981 0.02315 0.01298 0.00913
v -0.11981 0.10269 0.11981 0.02315 0.01298 0.00913
v -0.11981 0.10269 0.11981 0.02315 0.01298 0.00913
v -0.11981 0.10269 0.11981 0.02315 0.01298 0.00913
v -0.18737 0.18309 0.32643 0.02315 0.01298 0.00913
v -0.18801 0.18134 0.32707 0.02315 0.01298 0.00913
v -0.18801 0.18373 0.32468 0.02315 0.01298 0.00913
v -0.18801 0.18134 0.32707 0.02315 0.01298 0.00913
v -0.18909 0.18187 0.32521 0.02315 0.01298 0.00913
v -0.18801 0.18373 0.32468 0.02315 0.01298 0.00913
v -0.18801 0.18373 0.32468 0.02315 0.01298 0.00913
v -0.18909 0.18187 0.32521 0.02315 0.01298 0.00913
v -0.18830 0.18402 0.32228 0.02315 0.01298 0.00913
v -0.18909 0.18187 0.32521 0.02315 0.01298 0.00913
v -0.18965 0.18215 0.32228 0.02315 0.01298 0.00913
v -0.18830 0.18402 0.32228 0.02315 0.01298 0.00913
v -0.18830 0.18402 0.32228 0.02315 0.01298 0.00913
v -0.18965 0.18215 0.32228 0.02315 0.01298 0.00913
v -0.18830 0.18402 0.15695 0.02315 0.01298 0.00913
v -0.18965 0.18215 0.32228 0.02315 0.01298 0.00913
v -0.18965 0.18215 0.15695 0.02315 0.01298 0.00913
v -0.18830 0.18402 0.15695 0.02315 0.01298 0.00913
v -0.18830 0.18402 0.15695 0.02315 0.01298 0.00913
v -0.18965 0.18215 0.15695 0.02315 0.01298 0.00913
v -0.18801 0.18373 0.15455 0.02315 0.01298 0.00913
v -0.18965 0.18215 0.15695 0.02315 0.01298 0.00913
v -0.18909 0.18187 0.15401 0.02315 0.01298 0.00913
v -0.18801 0.18373 0.15455 0.02315 0.01298 0.00913
v -0.18801 0.18373 0.15455 0.02315 0.01298 0.00913
v -0.18909 0.18187 0.15401 0.02315 0.01298 0.00913
v -0.18737 0.18309 0.15280 0.02315 0.01298 0.00913
v -0.18909 0.18187 0.15401 0.02315 0.01298 0.00913
v -0.18801 0.18134 0.15215 0.02315 0.01298 0.00913
v -0.18737 0.18309 0.15280 0.02315 0.01298 0.00913
v -0.18801 0.18134 0.32707 0.02315 0.01298 0.00913
v -0.18830 0.17894 0.32736 0.02315 0.01298 0.00913
v -0.18909 0.18187 0.32521 0.02315 0.01298 0.00913
v -0.18830 0.17894 0.32736 0.02315 0.01298 0.00913
v -0.18965 0.17894 0.32549 0.02315 0.01298 0.00913
v -0.18909 0.18187 0.32521 0.02315 0.01298 0.00913
v -0.18909 0.18187 0.32521 0.02315 0.01298 0.00913
v -0.18965 0.17894 0.32549 0.02315 0.01298 0.00913
v -0.18965 0.18215 0.32228 0.02315 0.01298 0.00913
v -0.18965 0.17894 0.32549 0.02315 0.01298 0.00913
v -0.19041 0.17894 0.32228 0.02315 0.01298 0.00913
v -0.18965 0.18215 0.32228 0.02315 0.01298 0.00913
v -0.18965 0.18215 0.32228 0.02315 0.01298 0.00913
v -0.19041 0.17894 0.32228 0.02315 0.01298 0.00913
v -0.18965 0.18215 0.15695 0.02315 0.01298 0.00913
v -0.19041 0.17894 0.32228 0.02315 0.01298 0.00913
v -0.19041 0.17894 0.15695 0.02315 0.01298 0.00913
v -0.18965 0.18215 0.15695 0.02315 0.01298 0.00913
v -0.18965 0.18215 0.15695 0.02315 0.01298 0.00913
v -0.19041 0.17894 0.15695 0.02315 0.01298 0.00913
v -0.18909 0.18187 0.15401 0.02315 0.01298 0.00913
v -0.19041 0.17894 0.15695 0.02315 0.01298 0.00913
v -0.18965 0.17894 0.15373 0.02315 0.01298 0.00913
v -0.18909 0.18187 0.15401 0.02315 0.01298 0.00913
v -0.18909 0.18187 0.15401 0.02315 0.01298 0.00913
v -0.18965 0.17894 0.15373 0.02315 0.01298 0.00913
v -0.18801 0.18134 0.15215 0.02315 0.01298 0.00913
v -0.18965 0.17894 0.15373 0.02315 0.01298 0.00913
v -0.18830 0.17894 0.15186 0.02315 0.01298 0.00913
v -0.18801 0.18134 0.15215 0.02315 0.01298 0.00913
v -0.18830 0.17894 0.32736 0.02315 0.01298 0.00913
v -0.18830 0.14839 0.32736 0.02315 0.01298 0.00913
v -0.18965 0.17894 0.32549 0.02315 0.01298 0.00913
v -0.18830 0.14839 0.32736 0.02315 0.01298 0.00913
v -0.18965 0.14839 0.32549 0.02315 0.01298 0.00913
v -0.18965 0.17894 0.32549 0.02315 0.01298 0.00913
v -0.18965 0.17894 0.32549 0.02315 0.01298 0.00913
v -0.18965 0.14839 0.32549 0.02315 0.01298 0.00913
v -0.19041 0.17894 0.32228 0.02315 0.01298 0.00913
v -0.18965 0.14839 0.32549 0.02315 0.01298 0.00913
v -0.19041 0.14839 0.32228 0.02315 0.01298 0.00913
v -0.19041 0.17894 0.32228 0.02315 0.01298 0.00913
v -0.19041 0.17894 0.32228 0.02315 0.01298 0.00913
v -0.19041 0.14839 0.32228 0.02315 0.01298 0.00913
v -0.19041 0.17894 0.15695 0.02315 0.01298 0.00913
v -0.19041 0.14839 0.32228 0.02315 0.01298 0.00913
v -0.19041 0.14839 0.15695 0.02315 0.01298 0.00913
v -0.19041 0.17894 0.15695 0.02315 0.01298 0.00913
v -0.19041 0.17894 0.15695 0.02315 0.01298 0.00913
v -0.19041 0.14839 0.15695 0.02315 0.01298 0.00913
v -0.18965 0.17894 0.15373 0.02315 0.01298 0.00913
v -0.19041 0.14839 0.15695 0.02315 0.01298 0.00913
v -0.18965 0.14839 0.15373 0.02315 0.01298 0.00913
v -0.18965 0.17894 0.15373 0.02315 0.01298 0.00913
v -0.18965 0.17894 0.15373 0.02315 0.01298 0.00913
v -0.18965 0.14839 0.15373 0.02315 0.01298 0.00913
v -0.18830 0.17894 0.15186 0.02315 0.01298 0.00913
v -0.18965 0.14839 0.15373 0.02315 0.01298 0.00913
v -0.18830 0.14839 0.15186 0.02315 0.01298 0.00913
v -0.18830 0.17894 0.15186 0.02315 0.01298 0.00913
v -0.18830 0.14839 0.32736 0.02315 0.01298 0.00913
v -0.18801 0.14599 0.32707 0.02315 0.01298 0.00913
v -0.18965 0.14839 0.32549 0.02315 0.01298 0.00913
v -0.18801 0.14599 0.32707 0.02315 0.01298 0.00913
v -0.18909 0.14545 0.32521 0.02315 0.01298 0.00913
v -0.18965 0.14839 0.32549 0.02315 0.01298 0.00913
v -0.18965 0.14839 0.32549 0.02315 0.01298 0.00913
v -0.18909 0.14545 0.32521 0.02315 0.01298 0.00913
v -0.19041 0.14839 0.32228 0.02315 0.01298 0.00913
v -0.18909 0.14545 0.32521 0.02315 0.01298 0.00913
v -0.18965 0.14517 0.32228 0.02315 0.01298 0.00913
v -0.19041 0.14839 0.32228 0.02315 0.01298 0.00913
v -0.19041 0.14839 0.32228 0.02315 0.01298 0.00913
v -0.18965 0.14517 0.32228 0.02315 0.01298 0.00913
v -0.19041 0.14839 0.15695 0.02315 0.01298 0.00913
v -0.18965 0.14517 0.32228 0.02315 0.01298 0.00913
v -0.18965 0.14517 0.15695 0.02315 0.01298 0.00913
v -0.19041 0.14839 0.15695 0.02315 0.01298 0.00913
v -0.19041 0.14839 0.15695 0.02315 0.01298 0.00913
v -0.18965 0.14517 0.15695 0.02315 0.01298 0.00913
v -0.18965 0.14839 0.15373 0.02315 0.01298 0.00913
v -0.18965 0.14517 0.15695 0.02315 0.01298 0.00913
v -0.18909 0.14545 0.15401 0.02315 0.01298 0.00913
v -0.18965 0.14839 0.15373 0.02315 0.01298 0.00913
v -0.18965 0.14839 0.15373 0.02315 0.01298 0.00913
v -0.18909 0.14545 0.15401 0.02315 0.01298 0.00913
v -0.18830 0.14839 0.15186 0.02315 0.01298 0.00913
v -0.18909 0.14545 0.15401 0.02315 0.01298 0.00913
v -0.18801 0.14599 0.15215 0.02315 0.01298 0.00913
v -0.18830 0.14839 0.15186 0.02315 0.01298 0.00913
v -0.18801 0.14599 0.32707 0.02315 0.01298 0.00913
v -0.18737 0.14424 0.32643 0.02315 0.01298 0.00913
v -0.18909 0.14545 0.32521 0.02315 0.01298 0.00913
v -0.18737 0.14424 0.32643 0.02315 0.01298 0.00913
v -0.18801 0.14360 0.32468 0.02315 0.01298 0.00913
v -0.18909 0.14545 0.32521 0.02315 0.01298 0.00913
v -0.18909 0.14545 0.32521 0.02315 0.01298 0.00913
v -0.18801 0.14360 0.32468 0.02315 0.01298 0.00913
v -0.18965 0.14517 0.32228 0.02315 0.01298 0.00913
v -0.18801 0.14360 0.32468 0.02315 0.01298 0.00913
v -0.18830 0.14331 0.32228 0.02315 0.01298 0.00913
v -0.18965 0.14517 0.32228 0.02315 0.01298 0.00913
v -0.18965 0.14517 0.32228 0.02315 0.01298 0.00913
v -0.18830 0.14331 0.32228 0.02315 0.01298 0.00913
v -0.18965 0.14517 0.15695 0.02315 0.01298 0.00913
v -0.18830 0.14331 0.32228 0.02315 0.01298 0.00913
v -0.18830 0.14331 0.15695 0.02315 0.01298 0.00913
v -0.18965 0.14517 0.15695 0.02315 0.01298 0.00913
v -0.18965 0.14517 0.15695 0.02315 0.01298 0.00913
v -0.18830 0.14331 0.15695 0.02315 0.01298 0.00913
v -0.18909 0.14545 0.15401 0.02315 0.01298 0.00913
v -0.18830 0.14331 0.15695 0.02315 0.01298 0.00913
v -0.18801 0.14360 0.15455 0.02315 0.01298 0.00913
v -0.18909 0.14545 0.15401 0.02315 0.01298 0.00913
v -0.18909 0.14545 0.15401 0.02315 0.01298 0.00913
v -0.18801 0.14360 0.15455 0.02315 0.01298 0.00913
v -0.18801 0.14599 0.15215 0.02315 0.01298 0.00913
v -0.18801 0.14360 0.15455 0.02315 0.01298 0.00913
v -0.18737 0.14424 0.15280 0.02315 0.01298 0.00913
v -0.18801 0.14599 0.15215 0.02315 0.01298 0.00913
v -0.05224 0.18309 0.15280 0.02315 0.01298 0.00913
v -0.05160 0.18134 0.15215 0.02315 0.01298 0.00913
v -0.05160 0.18373 0.15455 0.02315 0.01298 0.00913
v -0.05160 0.18134 0.15215 0.02315 0.01298 0.00913
v -0.05053 0.18187 0.15401 0.02315 0.01298 0.00913
v -0.05160 0.18373 0.15455 0.02315 0.01298 0.00913
v -0.05160 0.18373 0.15455 0.02315 0.01298 0.00913
v -0.05053 0.18187 0.15401 0.02315 0.01298 0.00913
v -0.05131 0.18402 0.15695 0.02315 0.01298 0.00913
v -0.05053 0.18187 0.15401 0.02315 0.01298 0.00913
v -0.04997 0.18215 0.15695 0.02315 0.01298 0.00913
v -0.05131 0.18402 0.15695 0.02315 0.01298 0.00913
v -0.05131 0.18402 0.15695 0.02315 0.01298 0.00913
v -0.04997 0.18215 0.15695 0.02315 0.01298 0.00913
v -0.05131 0.18402 0.32228 0.02315 0.01298 0.00913
v -0.04997 0.18215 0.15695 0.02315 0.01298 0.00913
v -0.04997 0.18215 0.32228 0.02315 0.01298 0.00913
v -0.05131 0.18402 0.32228 0.02315 0.01298 0.00913
v -0.05131 0.18402 0.32228 0.02315 0.01298 0.00913
v -0.04997 0.18215 0.32228 0.02315 0.01298 0.00913
v -0.05160 0.18373 0.32468 0.02315 0.01298 0.00913
v -0.04997 0.18215 0.32228 0.02315 0.01298 0.00913
v -0.05053 0.18187 0.32521 0.02315 0.01298 0.00913
v -0.05160 0.18373 0.32468 0.02315 0.01298 0.00913
v -0.05160 0.18373 0.32468 0.02315 0.01298 0.00913
v -0.05053 0.18187 0.32521 0.02315 0.01298 0.00913
v -0.05224 0.18309 0.32643 0.02315 0.01298 0.00913
v -0.05053 0.18187 0.32521 0.02315 0.01298 0.00913
v -0.05160 0.18134 0.32707 0.02315 0.01298 0.00913
v -0.05224 0.18309 0.32643 0.02315 0.01298 0.00913
v -0.05160 0.18134 0.15215 0.02315 0.01298 0.00913
v -0.05131 0.17894 0.15186 0.02315 0.01298 0.00913
v -0.05053 0.18187 0.15401 0.02315 0.01298 0.00913
v -0.05131 0.17894 0.15186 0.02315 0.01298 0.00913
v -0.04997 0.17894 0.15373 0.02315 0.01298 0.00913
v -0.05053 0.18187 0.15401 0.02315 0.01298 0.00913
v -0.05053 0.18187 0.15401 0.02315 0.01298 0.00913
v -0.04997 0.17894 0.15373 0.02315 0.01298 0.00913
v -0.04997 0.18215 0.15695 0.02315 0.01298 0.00913
v -0.04997 0.17894 0.15373 0.02315 0.01298 0.00913
v -0.04921 0.17894 0.15695 0.02315 0.01298 0.00913
v -0.04997 0.18215 0.15695 0.02315 0.01298 0.00913
v -0.04997 0.18215 0.15695 0.02315 0.01298 0.00913
v -0.04921 0.17894 0.15695 0.02315 0.01298 0.00913
v -0.04997 0.18215 0.32228 0.02315 0.01298 0.00913
v -0.04921 0.17894 0.15695 0.02315 0.01298 0.00913
v -0.04921 0.17894 0.32228 0.02315 0.01298 0.00913
v -0.04997 0.18215 0.32228 0.02315 0.01298 0.00913
v -0.04997 0.18215 0.32228 0.02315 0.01298 0.00913
v -0.04921 0.17894 0.32228 0.02315 0.01298 0.00913
v -0.05053 0.18187 0.32521 0.02315 0.01298 0.00913
v -0.04921 0.17894 0.32228 0.02315 0.01298 0.00913
v -0.04997 0.17894 0.32549 0.02315 0.01298 0.00913
v -0.05053 0.18187 0.32521 0.02315 0.01298 0.00913
v -0.05053 0.18187 0.32521 0.02315 0.01298 0.00913
v -0.04997 0.17894 0.32549 0.02315 0.01298 0.00913
v -0.05160 0.18134 0.32707 0.02315 0.01298 0.00913
v -0.04997 0.17894 0.32549 0.02315 0.01298 0.00913
v -0.05131 0.17894 0.32736 0.02315 0.01298 0.00913
v -0.05160 0.18134 0.32707 0.02315 0.01298 0.00913
v -0.05131 0.17894 0.15186 0.02315 0.01298 0.00913
v -0.05131 0.14839 0.15186 0.02315 0.01298 0.00913
v -0.04997 0.17894 0.15373 0.02315 0.01298 0.00913
v -0.05131 0.14839 0.15186 0.02315 0.01298 0.00913
v -0.04997 0.14839 0.15373 0.02315 0.01298 0.00913
v -0.04997 0.17894 0.15373 0.02315 0.01298 0.00913
v -0.04997 0.17894 0.15373 0.02315 0.01298 0.00913
v -0.04997 0.14839 0.15373 0.02315 0.01298 0.00913
v -0.04921 0.17894 0.15695 0.02315 0.01298 0.00913
v -0.04997 0.14839 0.15373 0.02315 0.01298 0.00913
v -0.04921 0.14839 0.15695 0.02315 0.01298 0.00913
v -0.04921 0.17894 0.15695 0.02315 0.01298 0.00913
v -0.04921 0.17894 0.15695 0.02315 0.01298 0.00913
v -0.04921 0.14839 0.15695 0.02315 0.01298 0.00913
v -0.04921 0.17894 0.32228 0.02315 0.01298 0.00913
v -0.04921 0.14839 0.15695 0.02315 0.01298 0.00913
v -0.04921 0.14839 0.32228 0.02315 0.01298 0.00913
v -0.04921 0.17894 0.32228 0.02315 0.01298 0.00913
v -0.04921 0.17894 0.32228 0.02315 0.01298 0.00913
v -0.04921 0.14839 0.32228 0.02315 0.01298 0.00913
v -0.04997 0.17894 0.32549 0.02315 0.01298 0.00913
v -0.04921 0.14839 0.32228 0.02315 0.01298 0.00913
v -0.04997 0.14839 0.32549 0.02315 0.01298 0.00913
v -0.04997 0.17894 0.32549 0.02315 0.01298 0.00913
v -0.04997 0.17894 0.32549 0.02315 0.01298 0.00913
v -0.04997 0.14839 0.32549 0.02315 0.01298 0.00913
v -0.05131 0.17894 0.32736 0.02315 0.01298 0.00913
v -0.04997 0.14839 0.32549 0.02315 0.01298 0.00913
v -0.05131 0.14839 0.32736 0.02315 0.01298 0.00913
v -0.05131 0.17894 0.32736 0.02315 0.01298 0.00913
v -0.05131 0.14839 0.15186 0.02315 0.01298 0.00913
v -0.05160 0.14599 0.15215 0.02315 0.01298 0.00913
v -0.04997 0.14839 0.15373 0.02315 0.01298 0.00913
v -0.05160 0.14599 0.15215 0.02315 0.01298 0.00913
v -0.05053 0.14545 0.15401 0.02315 0.01298 0.00913
v -0.04997 0.14839 0.15373 0.02315 0.01298 0.00913
v -0.04997 0.14839 0.15373 0.02315 0.01298 0.00913
v -0.05053 0.14545 0.15401 0.02315 0.01298 0.00913
v -0.04921 0.14839 0.15695 0.02315 0.01298 0.00913
v -0.05053 0.14545 0.15401 0.02315 0.01298 0.00913
v -0.04997 0.14517 0.15695 0.02315 0.01298 0.00913
v -0.04921 0.14839 0.15695 0.02315 0.01298 0.00913
v -0.04921 0.14839 0.15695 0.02315 0.01298 0.00913
v -0.04997 0.14517 0.15695 0.02315 0.01298 0.00913
v -0.04921 0.14839 0.32228 0.02315 0.01298 0.00913
v -0.04997 0.14517 0.15695 0.02315 0.01298 0.00913
v -0.04997 0.14517 0.32228 0.02315 0.01298 0.00913
v -0.04921 0.14839 0.32228 0.02315 0.01298 0.00913
v -0.04921 0.14839 0.32228 0.02315 0.01298 0.00913
v -0.04997 0.14517 0.32228 0.02315 0.01298 0.00913
v -0.04997 0.14839 0.32549 0.02315 0.01298 0.00913
v -0.04997 0.14517 0.32228 0.02315 0.01298 0.00913
v -0.05053 0.14545 0.32521 0.02315 0.01298 0.00913
v -0.04997 0.14839 0.32549 0.02315 0.01298 0.00913
v -0.04997 0.14839 0.32549 0.02315 0.01298 0.00913
v -0.05053 0.14545 0.32521 0.02315 0.01298 0.00913
v -0.05131 0.14839 0.32736 0.02315 0.01298 0.00913
v -0.05053 0.14545 0.32521 0.02315 0.01298 0.00913
v -0.05160 0.14599 0.32707 0.02315 0.01298 0.00913
v -0.05131 0.14839 0.32736 0.02315 0.01298 0.00913
v -0.05160 0.14599 0.15215 0.02315 0.01298 0.00913
v -0.05224 0.14424 0.15280 0.02315 0.01298 0.00913
v -0.05053 0.14545 0.15401 0.02315 0.01298 0.00913
v -0.05224 0.14424 0.15280 0.02315 0.01298 0.00913
v -0.05160 0.14360 0.15455 0.02315 0.01298 0.00913
v -0.05053 0.14545 0.15401 0.02315 0.01298 0.00913
v -0.05053 0.14545 0.15401 0.02315 0.01298 0.00913
v -0.05160 0.14360 0.15455 0.02315 0.01298 0.00913
v -0.04997 0.14517 0.15695 0.02315 0.01298 0.00913
v -0.05160 0.14360 0.15455 0.02315 0.01298 0.00913
v -0.05131 0.14331 0.15695 0.02315 0.01298 0.00913
v -0.04997 0.14517 0.15695 0.02315 0.01298 0.00913
v -0.04997 0.14517 0.15695 0.02315 0.01298 0.00913
v -0.05131 0.14331 0.15695 0.02315 0.01298 0.00913
v -0.04997 0.14517 0.32228 0.02315 0.01298 0.00913
v -0.05131 0.14331 0.15695 0.02315 0.01298 0.00913
v -0.05131 0.14331 0.32228 0.02315 0.01298 0.00913
v -0.04997 0.14517 0.32228 0.02315 0.01298 0.00913
v -0.04997 0.14517 0.32228 0.02315 0.01298 0.00913
v -0.05131 0.14331 0.32228 0.02315 0.01298 0.00913
v -0.05053 0.14545 0.32521 0.02315 0.01298 0.00913
v -0.05131 0.14331 0.32228 0.02315 0.01298 0.00913
v -0.05160 0.14360 0.32468 0.02315 0.01298 0.00913
v -0.05053 0.14545 0.32521 0.02315 0.01298 0.00913
v -0.05053 0.14545 0.32521 0.02315 0.01298 0.00913
v -0.05160 0.14360 0.32468 0.02315 0.01298 0.00913
v -0.05160 0.14599 0.32707 0.02315 0.01298 0.00913
v -0.05160 0.14360 0.32468 0.02315 0.01298 0.00913
v -0.05224 0.14424 0.32643 0.02315 0.01298 0.00913
v -0.05160 0.14599 0.32707 0.02315 0.01298 0.00913
v -0.05224 0.18309 0.15280 0.02315 0.01298 0.00913
v -0.05160 0.18373 0.15455 0.02315 0.01298 0.00913
v -0.05400 0.18373 0.15215 0.02315 0.01298 0.00913
v -0.05160 0.18373 0.15455 0.02315 0.01298 0.00913
v -0.05346 0.18481 0.15401 0.02315 0.01298 0.00913
v -0.05400 0.18373 0.15215 0.02315 0.01298 0.00913
v -0.05400 0.18373 0.15215 0.02315 0.01298 0.00913
v -0.05346 0.18481 0.15401 0.02315 0.01298 0.00913
v -0.05639 0.18402 0.15186 0.02315 0.01298 0.00913
v -0.05346 0.18481 0.15401 0.02315 0.01298 0.00913
v -0.05639 0.18537 0.15373 0.02315 0.01298 0.00913
v -0.05639 0.18402 0.15186 0.02315 0.01298 0.00913
v -0.05639 0.18402 0.15186 0.02315 0.01298 0.00913
v -0.05639 0.18537 0.15373 0.02315 0.01298 0.00913
v -0.18322 0.18402 0.15186 0.02315 0.01298 0.00913
v -0.05639 0.18537 0.15373 0.02315 0.01298 0.00913
v -0.18322 0.18537 0.15373 0.02315 0.01298 0.00913
v -0.18322 0.18402 0.15186 0.02315 0.01298 0.00913
v -0.18322 0.18402 0.15186 0.02315 0.01298 0.00913
v -0.18322 0.18537 0.15373 0.02315 0.01298 0.00913
v -0.18561 0.18373 0.15215 0.02315 0.01298 0.00913
v -0.18322 0.18537 0.15373 0.02315 0.01298 0.00913
v -0.18615 0.18481 0.15401 0.02315 0.01298 0.00913
v -0.18561 0.18373 0.15215 0.02315 0.01298 0.00913
v -0.18561 0.18373 0.15215 0.02315 0.01298 0.00913
v -0.18615 0.18481 0.15401 0.02315 0.01298 0.00913
v -0.18737 0.18309 0.15280 0.02315 0.01298 0.00913
v -0.18615 0.18481 0.15401 0.02315 0.01298 0.00913
v -0.18801 0.18373 0.15455 0.02315 0.01298 0.00913
v -0.18737 0.18309 0.15280 0.02315 0.01298 0.00913
v -0.05160 0.18373 0.15455 0.02315 0.01298 0.00913
v -0.05131 0.18402 0.15695 0.02315 0.01298 0.00913
v -0.05346 0.18481 0.15401 0.02315 0.01298 0.00913
v -0.05131 0.18402 0.15695 0.02315 0.01298 0.00913
v -0.05318 0.18537 0.15695 0.02315 0.01298 0.00913
v -0.05346 0.18481 0.15401 0.02315 0.01298 0.00913
v -0.05346 0.18481 0.15401 0.02315 0.01298 0.00913
v -0.05318 0.18537 0.15695 0.02315 0.01298 0.00913
v -0.05639 0.18537 0.15373 0.02315 0.01298 0.00913
v -0.05318 0.18537 0.15695 0.02315 0.01298 0.00913
v -0.05639 0.18613 0.15695 0.02315 0.01298 0.00913
v -0.05639 0.18537 0.15373 0.02315 0.01298 0.00913
v -0.05639 0.18537 0.15373 0.02315 0.01298 0.00913
v -0.05639 0.18613 0.15695 0.02315 0.01298 0.00913
v -0.18322 0.18537 0.15373 0.02315 0.01298 0.00913
v -0.05639 0.18613 0.15695 0.02315 0.01298 0.00913
v -0.18322 0.18613 0.15695 0.02315 0.01298 0.00913
v -0.18322 0.18537 0.15373 0.02315 0.01298 0.00913
v -0.18322 0.18537 0.15373 0.02315 0.01298 0.00913
v -0.18322 0.18613 0.15695 0.02315 0.01298 0.00913
v -0.18615 0.18481 0.15401 0.02315 0.01298 0.00913
v -0.18322 0.18613 0.15695 0.02315 0.01298 0.00913
v -0.18643 0.18537 0.15695 0.02315 0.01298 0.00913
v -0.18615 0.18481 0.15401 0.02315 0.01298 0.00913
v -0.18615 0.18481 0.15401 0.02315 0.01298 0.00913
v -0.18643 0.18537 0.15695 0.02315 0.01298 0.00913
v -0.18801 0.18373 0.15455 0.02315 0.01298 0.00913
v -0.18643 0.18537 0.15695 0.02315 0.01298 0.00913
v -0.18830 0.18402 0.15695 0.02315 0.01298 0.00913
v -0.18801 0.18373 0.15455 0.02315 0.01298 0.00913
v -0.05131 0.18402 0.15695 0.02315 0.01298 0.00913
v -0.05131 0.18402 0.32228 0.02315 0.01298 0.00913
v -0.05318 0.18537 0.15695 0.02315 0.01298 0.00913
v -0.05131 0.18402 0.32228 0.02315 0.01298 0.00913
v -0.05318 0.18537 0.32228 0.02315 0.01298 0.00913
v -0.05318 0.18537 0.15695 0.02315 0.01298 0.00913
v -0.05318 0.18537 0.15695 0.02315 0.01298 0.00913
v -0.05318 0.18537 0.32228 0.02315 0.01298 0.00913
v -0.05639 0.18613 0.15695 0.02315 0.01298 0.00913
v -0.05318 0.18537 0.32228 0.02315 0.01298 0.00913
v -0.05639 0.18613 0.32228 0.02315 0.01298 0.00913
v -0.05639 0.18613 0.15695 0.02315 0.01298 0.00913
v -0.05639 0.18613 0.15695 0.02315 0.01298 0.00913
v -0.05639 0.18613 0.32228 0.02315 0.01298 0.00913
v -0.18322 0.18613 0.15695 0.02315 0.01298 0.00913
v -0.05639 0.18613 0.32228 0.02315 0.01298 0.00913
v -0.18322 0.18613 0.32228 0.02315 0.01298 0.00913
v -0.18322 0.18613 0.15695 0.02315 0.01298 0.00913
v -0.18322 0.18613 0.15695 0.02315 0.01298 0.00913
v -0.18322 0.18613 0.32228 0.02315 0.01298 0.00913
v -0.18643 0.18537 0.15695 0.02315 0.01298 0.00913
v -0.18322 0.18613 0.32228 0.02315 0.01298 0.00913
v -0.18643 0.18537 0.32228 0.02315 0.01298 0.00913
v -0.18643 0.18537 0.15695 0.02315 0.01298 0.00913
v -0.18643 0.18537 0.15695 0.02315 0.01298 0.00913
v -0.18643 0.18537 0.32228 0.02315 0.01298 0.00913
v -0.18830 0.18402 0.15695 0.02315 0.01298 0.00913
v -0.18643 0.18537 0.32228 0.02315 0.01298 0.00913
v -0.18830 0.18402 0.32228 0.02315 0.01298 0.00913
v -0.18830 0.18402 0.15695 0.02315 0.01298 0.00913
v -0.05131 0.18402 0.32228 0.02315 0.01298 0.00913
v -0.05160 0.18373 0.32468 0.02315 0.01298 0.00913
v -0.05318 0.18537 0.32228 0.02315 0.01298 0.00913
v -0.05160 0.18373 0.32468 0.02315 0.01298 0.00913
v -0.05346 0.18481 0.32521 0.02315 0.01298 0.00913
v -0.05318 0.18537 0.32228 0.02315 0.01298 0.00913
v -0.05318 0.18537 0.32228 0.02315 0.01298 0.00913
v -0.05346 0.18481 0.32521 0.02315 0.01298 0.00913
v -0.05639 0.18613 0.32228 0.02315 0.01298 0.00913
v -0.05346 0.18481 0.32521 0.02315 0.01298 0.00913
v -0.05639 0.18537 0.32549 0.02315 0.01298 0.00913
v -0.05639 0.18613 0.32228 0.02315 0.01298 0.00913
v -0.05639 0.18613 0.32228 0.02315 0.01298 0.00913
v -0.05639 0.18537 0.32549 0.02315 0.01298 0.00913
v -0.18322 0.18613 0.32228 0.02315 0.01298 0.00913
v -0.05639 0.18537 0.32549 0.02315 0.01298 0.00913
v -0.18322 0.18537 0.32549 0.02315 0.01298 0.00913
v -0.18322 0.18613 0.32228 0.02315 0.01298 0.00913
v -0.18322 0.18613 0.32228 0.02315 0.01298 0.00913
v -0.18322 0.18537 0.32549 0.02315 0.01298 0.00913
v -0.18643 0.18537 0.32228 0.02315 0.01298 0.00913
v -0.18322 0.18537 0.32549 0.02315 0.01298 0.00913
v -0.18615 0.18481 0.32521 0.02315 0.01298 0.00913
v -0.18643 0.18537 0.32228 0.02315 0.01298 0.00913
v -0.18643 0.18537 0.32228 0.02315 0.01298 0.00913
v -0.18615 0.18481 0.32521 0.02315 0.01298 0.00913
v -0.18830 0.18402 0.32228 0.02315 0.01298 0.00913
v -0.18615 0.18481 0.32521 0.02315 0.01298 0.00913
v -0.18801 0.18373 0.32468 0.02315 0.01298 0.00913
v -0.18830 0.18402 0.32228 0.02315 0.01298 0.00913
v -0.05160 0.18373 0.32468 0.02315 0.01298 0.00913
v -0.05224 0.18309 0.32643 0.02315 0.01298 0.00913
v -0.05346 0.18481 0.32521 0.02315 0.01298 0.00913
v -0.05224 0.18309 0.32643 0.02315 0.01298 0.00913
v -0.05400 0.18373 0.32707 0.02315 0.01298 0.00913
v -0.05346 0.18481 0.32521 0.02315 0.01298 0.00913
v -0.05346 0.18481 0.32521 0.02315 0.01298 0.00913
v -0.05400 0.18373 0.32707 0.02315 0.01298 0.00913
v -0.05639 0.18537 0.32549 0.02315 0.01298 0.00913
v -0.05400 0.18373 0.32707 0.02315 0.01298 0.00913
v -0.05639 0.18402 0.32736 0.02315 0.01298 0.00913
v -0.05639 0.18537 0.32549 0.02315 0.01298 0.00913
v -0.05639 0.18537 0.32549 0.02315 0.01298 0.00913
v -0.05639 0.18402 0.32736 0.02315 0.01298 0.00913
v -0.18322 0.18537 0.32549 0.02315 0.01298 0.00913
v -0.05639 0.18402 0.32736 0.02315 0.01298 0.00913
v -0.18322 0.18402 0.32736 0.02315 0.01298 0.00913
v -0.18322 0.18537 0.32549 0.02315 0.01298 0.00913
v -0.18322 0.18537 0.32549 0.02315 0.01298 0.00913
v -0.18322 0.18402 0.32736 0.02315 0.01298 0.00913
v -0.18615 0.18481 0.32521 0.02315 0.01298 0.00913
v -0.18322 0.18402 0.32736 0.02315 0.01298 0.00913
v -0.18561 0.18373 0.32707 0.02315 0.01298 0.00913
v -0.18615 0.18481 0.32521 0.02315 0.01298 0.00913
v -0.18615 0.18481 0.32521 0.02315 0.01298 0.00913
v -0.18561 0.18373 0.32707 0.02315 0.01298 0.00913
v -0.18801 0.18373 0.32468 0.02315 0.01298 0.00913
v -0.18561 0.18373 0.32707 0.02315 0.01298 0.00913
v -0.18737 0.18309 0.32643 0.02315 0.01298 0.00913
v -0.18801 0.18373 0.32468 0.02315 0.01298 0.00913
v -0.05224 0.14424 0.32643 0.02315 0.01298 0.00913
v -0.05160 0.14360 0.32468 0.02315 0.01298 0.00913
v -0.05400 0.14360 0.32707 0.02315 0.01298 0.00913
v -0.05160 0.14360 0.32468 0.02315 0.01298 0.00913
v -0.05346 0.14252 0.32521 0.02315 0.01298 0.00913
v -0.05400 0.14360 0.32707 0.02315 0.01298 0.00913
v -0.05400 0.14360 0.32707 0.02315 0.01298 0.00913
v -0.05346 0.14252 0.32521 0.02315 0.01298 0.00913
v -0.05639 0.14331 0.32736 0.02315 0.01298 0.00913
v -0.05346 0.14252 0.32521 0.02315 0.01298 0.00913
v -0.05639 0.14196 0.32549 0.02315 0.01298 0.00913
v -0.05639 0.14331 0.32736 0.02315 0.01298 0.00913
v -0.05639 0.14331 0.32736 0.02315 0.01298 0.00913
v -0.05639 0.14196 0.32549 0.02315 0.01298 0.00913
v -0.18322 0.14331 0.32736 0.02315 0.01298 0.00913
v -0.05639 0.14196 0.32549 0.02315 0.01298 0.00913
v -0.18322 0.14196 0.32549 0.02315 0.01298 0.00913
v -0.18322 0.14331 0.32736 0.02315 0.01298 0.00913
v -0.18322 0.14331 0.32736 0.02315 0.01298 0.00913
v -0.18322 0.14196 0.32549 0.02315 0.01298 0.00913
v -0.18561 0.14360 0.32707 0.02315 0.01298 0.00913
v -0.18322 0.14196 0.32549 0.02315 0.01298 0.00913
v -0.18615 0.14252 0.32521 0.02315 0.01298 0.00913
v -0.18561 0.14360 0.32707 0.02315 0.01298 0.00913
v -0.18561 0.14360 0.32707 0.02315 0.01298 0.00913
v -0.18615 0.14252 0.32521 0.02315 0.01298 0.00913
v -0.18737 0.14424 0.32643 0.02315 0.01298 0.00913
v -0.18615 0.14252 0.32521 0.02315 0.01298 0.00913
v -0.18801 0.14360 0.32468 0.02315 0.01298 0.00913
v -0.18737 0.14424 0.32643 0.02315 0.01298 0.00913
v -0.05160 0.14360 0.32468 0.02315 0.01298 0.00913
v -0.05131 0.14331 0.32228 0.02315 0.01298 0.00913
v -0.05346 0.14252 0.32521 0.02315 0.01298 0.00913
v -0.05131 0.14331 0.32228 0.02315 0.01298 0.00913
v -0.05318 0.14196 0.32228 0.02315 0.01298 0.00913
v -0.05346 0.14252 0.32521 0.02315 0.01298 0.00913
v -0.05346 0.14252 0.32521 0.02315 0.01298 0.00913
v -0.05318 0.14196 0.32228 0.02315 0.01298 0.00913
v -0.05639 0.14196 0.32549 0.02315 0.01298 0.00913
v -0.05318 0.14196 0.32228 0.02315 0.01298 0.00913
v -0.05639 0.14120 0.32228 0.02315 0.01298 0.00913
v -0.05639 0.14196 0.32549 0.02315 0.01298 0.00913
v -0.05639 0.14196 0.32549 0.02315 0.01298 0.00913
v -0.05639 0.14120 0.32228 0.02315 0.01298 0.00913
v -0.18322 0.14196 0.32549 0.02315 0.01298 0.00913
v -0.05639 0.14120 0.32228 0.02315 0.01298 0.00913
v -0.18322 0.14120 0.32228 0.02315 0.01298 0.00913
v -0.18322 0.14196 0.32549 0.02315 0.01298 0.00913
v -0.18322 0.14196 0.32549 0.02315 0.01298 0.00913
v -0.18322 0.14120 0.32228 0.02315 0.01298 0.00913
v -0.18615 0.14252 0.32521 0.02315 0.01298 0.00913
v -0.18322 0.14120 0.32228 0.02315 0.01298 0.00913
v -0.18643 0.14196 0.32228 0.02315 0.01298 0.00913
v -0.18615 0.14252 0.32521 0.02315 0.01298 0.00913
v -0.18615 0.14252 0.32521 0.02315 0.01298 0.00913
v -0.18643 0.14196 0.32228 0.02315 0.01298 0.00913
v -0.18801 0.14360 0.32468 0.02315 0.01298 0.00913
v -0.18643 0.14196 0.32228 0.02315 0.01298 0.00913
v -0.18830 0.14331 0.32228 0.02315 0.01298 0.00913
v -0.18801 0.14360 0.32468 0.02315 0.01298 0.00913
v -0.05131 0.14331 0.32228 0.02315 0.01298 0.00913
v -0.05131 0.14331 0.15695 0.02315 0.01298 0.00913
v -0.05318 0.14196 0.32228 0.02315 0.01298 0.00913
v -0.05131 0.14331 0.15695 0.02315 0.01298 0.00913
v -0.05318 0.14196 0.15695 0.02315 0.01298 0.00913
v -0.05318 0.14196 0.32228 0.02315 0.01298 0.00913
v -0.05318 0.14196 0.32228 0.02315 0.01298 0.00913
v -0.05318 0.14196 0.15695 0.02315 0.01298 0.00913
v -0.05639 0.14120 0.32228 0.02315 0.01298 0.00913
v -0.05318 0.14196 0.15695 0.02315 0.01298 0.00913
v -0.05639 0.14120 0.15695 0.02315 0.01298 0.00913
v -0.05639 0.14120 0.32228 0.02315 0.01298 0.00913
v -0.05639 0.14120 0.32228 0.02315 0.01298 0.00913
v -0.05639 0.14120 0.15695 0.02315 0.01298 0.00913
v -0.18322 0.14120 0.32228 0.02315 0.01298 0.00913
v -0.05639 0.14120 0.15695 0.02315 0.01298 0.00913
v -0.18322 0.14120 0.15695 0.02315 0.01298 0.00913
v -0.18322 0.14120 0.32228 0.02315 0.01298 0.00913
v -0.18322 0.14120 0.32228 0.02315 0.01298 0.00913
v -0.18322 0.14120 0.15695 0.02315 0.01298 0.00913
v -0.18643 0.14196 0.32228 0.02315 0.01298 0.00913
v -0.18322 0.14120 0.15695 0.02315 0.01298 0.00913
v -0.18643 0.14196 0.15695 0.02315 0.01298 0.00913
v -0.18643 0.14196 0.32228 0.02315 0.01298 0.00913
v -0.18643 0.14196 0.32228 0.02315 0.01298 0.00913
v -0.18643 0.14196 0.15695 0.02315 0.01298 0.00913
v -0.18830 0.14331 0.32228 0.02315 0.01298 0.00913
v -0.18643 0.14196 0.15695 0.02315 0.01298 0.00913
v -0.18830 0.14331 0.15695 0.02315 0.01298 0.00913
v -0.18830 0.14331 0.32228 0.02315 0.01298 0.00913
v -0.05131 0.14331 0.15695 0.02315 0.01298 0.00913
v -0.05160 0.14360 0.15455 0.02315 0.01298 0.00913
v -0.05318 0.14196 0.15695 0.02315 0.01298 0.00913
v -0.05160 0.14360 0.15455 0.02315 0.01298 0.00913
v -0.05346 0.14252 0.15401 0.02315 0.01298 0.00913
v -0.05318 0.14196 0.15695 0.02315 0.01298 0.00913
v -0.05318 0.14196 0.15695 0.02315 0.01298 0.00913
v -0.05346 0.14252 0.15401 0.02315 0.01298 0.00913
v -0.05639 0.14120 0.15695 0.02315 0.01298 0.00913
v -0.05346 0.14252 0.15401 0.02315 0.01298 0.00913
v -0.05639 0.14196 0.15373 0.02315 0.01298 0.00913
v -0.05639 0.14120 0.15695 0.02315 0.01298 0.00913
v -0.05639 0.14120 0.15695 0.02315 0.01298 0.00913
v -0.05639 0.14196 0.15373 0.02315 0.01298 0.00913
v -0.18322 0.14120 0.15695 0.02315 0.01298 0.00913
v -0.05639 0.14196 0.15373 0.02315 0.01298 0.00913
v -0.18322 0.14196 0.15373 0.02315 0.01298 0.00913
v -0.18322 0.14120 0.15695 0.02315 0.01298 0.00913
v -0.18322 0.14120 0.15695 0.02315 0.01298 0.00913
v -0.18322 0.14196 0.15373 0.02315 0.01298 0.00913
v -0.18643 0.14196 0.15695 0.02315 0.01298 0.00913
v -0.18322 0.14196 0.15373 0.02315 0.01298 0.00913
v -0.18615 0.14252 0.15401 0.02315 0.01298 0.00913
v -0.18643 0.14196 0.15695 0.02315 0.01298 0.00913
v -0.18643 0.14196 0.15695 0.02315 0.01298 0.00913
v -0.18615 0.14252 0.15401 0.02315 0.01298 0.00913
v -0.18830 0.14331 0.15695 0.02315 0.01298 0.00913
v -0.18615 0.14252 0.15401 0.02315 0.01298 0.00913
v -0.18801 0.14360 0.15455 0.02315 0.01298 0.00913
v -0.18830 0.14331 0.15695 0.02315 0.01298 0.00913
v -0.05160 0.14360 0.15455 0.02315 0.01298 0.00913
v -0.05224 0.14424 0.15280 0.02315 0.01298 0.00913
v -0.05346 0.14252 0.15401 0.02315 0.01298 0.00913
v -0.05224 0.14424 0.15280 0.02315 0.01298 0.00913
v -0.05400 0.14360 0.15215 0.02315 0.01298 0.00913
v -0.05346 0.14252 0.15401 0.02315 0.01298 0.00913
v -0.05346 0.14252 0.15401 0.02315 0.01298 0.00913
v -0.05400 0.14360 0.15215 0.02315 0.01298 0.00913
v -0.05639 0.14196 0.15373 0.02315 0.01298 0.00913
v -0.05400 0.14360 0.15215 0.02315 0.01298 0.00913
v -0.05639 0.14331 0.15186 0.02315 0.01298 0.00913
v -0.05639 0.14196 0.15373 0.02315 0.01298 0.00913
v -0.05639 0.14196 0.15373 0.02315 0.01298 0.00913
v -0.05639 0.14331 0.15186 0.02315 0.01298 0.00913
v -0.18322 0.14196 0.15373 0.02315 0.01298 0.00913
v -0.05639 0.14331 0.15186 0.02315 0.01298 0.00913
v -0.18322 0.14331 0.15186 0.02315 0.01298 0.00913
v -0.18322 0.14196 0.15373 0.02315 0.01298 0.00913
v -0.18322 0.14196 0.15373 0.02315 0.01298 0.00913
v -0.18322 0.14331 0.15186 0.02315 0.01298 0.00913
v -0.18615 0.14252 0.15401 0.02315 0.01298 0.00913
v -0.18322 0.14331 0.15186 0.02315 0.01298 0.00913
v -0.18561 0.14360 0.15215 0.02315 0.01298 0.00913
v -0.18615 0.14252 0.15401 0.02315 0.01298 0.00913
v -0.18615 0.14252 0.15401 0.02315 0.01298 0.00913
v -0.18561 0.14360 0.15215 0.02315 0.01298 0.00913
v -0.18801 0.14360 0.15455 0.02315 0.01298 0.00913
v -0.18561 0.14360 0.15215 0.02315 0.01298 0.00913
v -0.18737 0.14424 0.15280 0.02315 0.01298 0.00913
v -0.18801 0.14360 0.15455 0.02315 0.01298 0.00913
v -0.05224 0.18309 0.32643 0.02315 0.01298 0.00913
v -0.05160 0.18134 0.32707 0.02315 0.01298 0.00913
v -0.05400 0.18373 0.32707 0.02315 0.01298 0.00913
v -0.05160 0.18134 0.32707 0.02315 0.01298 0.00913
v -0.05346 0.18187 0.32815 0.02315 0.01298 0.00913
v -0.05400 0.18373 0.32707 0.02315 0.01298 0.00913
v -0.05400 0.18373 0.32707 0.02315 0.01298 0.00913
v -0.05346 0.18187 0.32815 0.02315 0.01298 0.00913
v -0.05639 0.18402 0.32736 0.02315 0.01298 0.00913
v -0.05346 0.18187 0.32815 0.02315 0.01298 0.00913
v -0.05639 0.18215 0.32871 0.02315 0.01298 0.00913
v -0.05639 0.18402 0.32736 0.02315 0.01298 0.00913
v -0.05639 0.18402 0.32736 0.02315 0.01298 0.00913
v -0.05639 0.18215 0.32871 0.02315 0.01298 0.00913
v -0.18322 0.18402 0.32736 0.02315 0.01298 0.00913
v -0.05639 0.18215 0.32871 0.02315 0.01298 0.00913
v -0.18322 0.18215 0.32871 0.02315 0.01298 0.00913
v -0.18322 0.18402 0.32736 0.02315 0.01298 0.00913
v -0.18322 0.18402 0.32736 0.02315 0.01298 0.00913
v -0.18322 0.18215 0.32871 0.02315 0.01298 0.00913
v -0.18561 0.18373 0.32707 0.02315 0.01298 0.00913
v -0.18322 0.18215 0.32871 0.02315 0.01298 0.00913
v -0.18615 0.18187 0.32815 0.02315 0.01298 0.00913
v -0.18561 0.18373 0.32707 0.02315 0.01298 0.00913
v -0.18561 0.18373 0.32707 0.02315 0.01298 0.00913
v -0.18615 0.18187 0.32815 0.02315 0.01298 0.00913
v -0.18737 0.18309 0.32643 0.02315 0.01298 0.00913
v -0.18615 0.18187 0.32815 0.02315 0.01298 0.00913
v -0.18801 0.18134 0.32707 0.02315 0.01298 0.00913
v -0.18737 0.18309 0.32643 0.02315 0.01298 0.00913
v -0.05160 0.18134 0.32707 0.02315 0.01298 0.00913
v -0.05131 0.17894 0.32736 0.02315 0.01298 0.00913
v -0.05346 0.18187 0.32815 0.02315 0.01298 0.00913
v -0.05131 0.17894 0.32736 0.02315 0.01298 0.00913
v -0.05318 0.17894 0.32871 0.02315 0.01298 0.00913
v -0.05346 0.18187 0.32815 0.02315 0.01298 0.00913
v -0.05346 0.18187 0.32815 0.02315 0.01298 0.00913
v -0.05318 0.17894 0.32871 0.02315 0.01298 0.00913
v -0.05639 0.18215 0.32871 0.02315 0.01298 0.00913
v -0.05318 0.17894 0.32871 0.02315 0.01298 0.00913
v -0.05639 0.17894 0.32947 0.02315 0.01298 0.00913
v -0.05639 0.18215 0.32871 0.02315 0.01298 0.00913
v -0.05639 0.18215 0.32871 0.02315 0.01298 0.00913
v -0.05639 0.17894 0.32947 0.02315 0.01298 0.00913
v -0.18322 0.18215 0.32871 0.02315 0.01298 0.00913
v -0.05639 0.17894 0.32947 0.02315 0.01298 0.00913
v -0.18322 0.17894 0.32947 0.02315 0.01298 0.00913
v -0.18322 0.18215 0.32871 0.02315 0.01298 0.00913
v -0.18322 0.18215 0.32871 0.02315 0.01298 0.00913
v -0.18322 0.17894 0.32947 0.02315 0.01298 0.00913
v -0.18615 0.18187 0.32815 0.02315 0.01298 0.00913
v -0.18322 0.17894 0.32947 0.02315 0.01298 0.00913
v -0.18643 0.17894 0.32871 0.02315 0.01298 0.00913
v -0.18615 0.18187 0.32815 0.02315 0.01298 0.00913
v -0.18615 0.18187 0.32815 0.02315 0.01298 0.00913
v -0.18643 0.17894 0.32871 0.02315 0.01298 0.00913
v -0.18801 0.18134 0.32707 0.02315 0.01298 0.00913
v -0.18643 0.17894 0.32871 0.02315 0.01298 0.00913
v -0.18830 0.17894 0.32736 0.02315 0.01298 0.00913
v -0.18801 0.18134 0.32707 0.02315 0.01298 0.00913
v -0.05131 0.17894 0.32736 0.02315 0.01298 0.00913
v -0.05131 0.14839 0.32736 0.02315 0.01298 0.00913
v -0.05318 0.17894 0.32871 0.02315 0.01298 0.00913
v -0.05131 0.14839 0.32736 0.02315 0.01298 0.00913
v -0.05318 0.14839 0.32871 0.02315 0.01298 0.00913
v -0.05318 0.17894 0.32871 0.02315 0.01298 0.00913
v -0.05318 0.17894 0.32871 0.02315 0.01298 0.00913
v -0.05318 0.14839 0.32871 0.02315 0.01298 0.00913
v -0.05639 0.17894 0.32947 0.02315 0.01298 0.00913
v -0.05318 0.14839 0.32871 0.02315 0.01298 0.00913
v -0.05639 0.14839 0.32947 0.02315 0.01298 0.00913
v -0.05639 0.17894 0.32947 0.02315 0.01298 0.00913
v -0.05639 0.17894 0.32947 0.02315 0.01298 0.00913
v -0.05639 0.14839 0.32947 0.02315 0.01298 0.00913
v -0.18322 0.17894 0.32947 0.02315 0.01298 0.00913
v -0.05639 0.14839 0.32947 0.02315 0.01298 0.00913
v -0.18322 0.14839 0.32947 0.02315 0.01298 0.00913
v -0.18322 0.17894 0.32947 0.02315 0.01298 0.00913
v -0.18322 0.17894 0.32947 0.02315 0.01298 0.00913
v -0.18322 0.14839 0.32947 0.02315 0.01298 0.00913
v -0.18643 0.17894 0.32871 0.02315 0.01298 0.00913
v -0.18322 0.14839 0.32947 0.02315 0.01298 0.00913
v -0.18643 0.14839 0.32871 0.02315 0.01298 0.00913
v -0.18643 0.17894 0.32871 0.02315 0.01298 0.00913
v -0.18643 0.17894 0.32871 0.02315 0.01298 0.00913
v -0.18643 0.14839 0.32871 0.02315 0.01298 0.00913
v -0.18830 0.17894 0.32736 0.02315 0.01298 0.00913
v -0.18643 0.14839 0.32871 0.02315 0.01298 0.00913
v -0.18830 0.14839 0.32736 0.02315 0.01298 0.00913
v -0.18830 0.17894 0.32736 0.02315 0.01298 0.00913
v -0.05131 0.14839 0.32736 0.02315 0.01298 0.00913
v -0.05160 0.14599 0.32707 0.02315 0.01298 0.00913
v -0.05318 0.14839 0.32871 0.02315 0.01298 0.00913
v -0.05160 0.14599 0.32707 0.02315 0.01298 0.00913
v -0.05346 0.14545 0.32815 0.02315 0.01298 0.00913
v -0.05318 0.14839 0.32871 0.02315 0.01298 0.00913
v -0.05318 0.14839 0.32871 0.02315 0.01298 0.00913
v -0.05346 0.14545 0.32815 0.02315 0.01298 0.00913
v -0.05639 0.14839 0.32947 0.02315 0.01298 0.00913
v -0.05346 0.14545 0.32815 0.02315 0.01298 0.00913
v -0.05639 0.14517 0.32871 0.02315 0.01298 0.00913
v -0.05639 0.14839 0.32947 0.02315 0.01298 0.00913
v -0.05639 0.14839 0.32947 0.02315 0.01298 0.00913
v -0.05639 0.14517 0.32871 0.02315 0.01298 0.00913
v -0.18322 0.14839 0.32947 0.02315 0.01298 0.00913
v -0.05639 0.14517 0.32871 0.02315 0.01298 0.00913
v -0.18322 0.14517 0.32871 0.02315 0.01298 0.00913
v -0.18322 0.14839 0.32947 0.02315 0.01298 0.00913
v -0.18322 0.14839 0.32947 0.02315 0.01298 0.00913
v -0.18322 0.14517 0.32871 0.02315 0.01298 0.00913
v -0.18643 0.14839 0.32871 0.02315 0.01298 0.00913
v -0.18322 0.14517 0.32871 0.02315 0.01298 0.00913
v -0.18615 0.14545 0.32815 0.02315 0.01298 0.00913
v -0.18643 0.14839 0.32871 0.02315 0.01298 0.00913
v -0.18643 0.14839 0.32871 0.02315 0.01298 0.00913
v -0.18615 0.14545 0.32815 0.02315 0.01298 0.00913
v -0.18830 0.14839 0.32736 0.02315 0.01298 0.00913
v -0.18615 0.14545 0.32815 0.02315 0.01298 0.00913
v -0.18801 0.14599 0.32707 0.02315 0.01298 0.00913
v -0.18830 0.14839 0.32736 0.02315 0.01298 0.00913
v -0.05160 0.14599 0.32707 0.02315 0.01298 0.00913
v -0.05224 0.14424 0.32643 0.02315 0.01298 0.00913
v -0.05346 0.14545 0.32815 0.02315 0.01298 0.00913
v -0.05224 0.14424 0.32643 0.02315 0.01298 0.00913
v -0.05400 0.14360 0.32707 0.02315 0.01298 0.00913
v -0.05346 0.14545 0.32815 0.02315 0.01298 0.00913
v -0.05346 0.14545 0.32815 0.02315 0.01298 0.00913
v -0.05400 0.14360 0.32707 0.02315 0.01298 0.00913
v -0.05639 0.14517 0.32871 0.02315 0.01298 0.00913
v -0.05400 0.14360 0.32707 0.02315 0.01298 0.00913
v -0.05639 0.14331 0.32736 0.02315 0.01298 0.00913
v -0.05639 0.14517 0.32871 0.02315 0.01298 0.00913
v -0.05639 0.14517 0.32871 0.02315 0.01298 0.00913
v -0.05639 0.14331 0.32736 0.02315 0.01298 0.00913
v -0.18322 0.14517 0.32871 0.02315 0.01298 0.00913
v -0.05639 0.14331 0.32736 0.02315 0.01298 0.00913
v -0.18322 0.14331 0.32736 0.02315 0.01298 0.00913
v -0.18322 0.14517 0.32871 0.02315 0.01298 0.00913
v -0.18322 0.14517 0.32871 0.02315 0.01298 0.00913
v -0.18322 0.14331 0.32736 0.02315 0.01298 0.00913
v -0.18615 0.14545 0.32815 0.02315 0.01298 0.00913
v -0.18322 0.14331 0.32736 0.02315 0.01298 0.00913
v -0.18561 0.14360 0.32707 0.02315 0.01298 0.00913
v -0.18615 0.14545 0.32815 0.02315 0.01298 0.00913
v -0.18615 0.14545 0.32815 0.02315 0.01298 0.00913
v -0.18561 0.14360 0.32707 0.02315 0.01298 0.00913
v -0.18801 0.14599 0.32707 0.02315 0.01298 0.00913
v -0.18561 0.14360 0.32707 0.02315 0.01298 0.00913
v -0.18737 0.14424 0.32643 0.02315 0.01298 0.00913
v -0.18801 0.14599 0.32707 0.02315 0.01298 0.00913
v -0.18737 0.18309 0.15280 0.02315 0.01298 0.00913
v -0.18801 0.18134 0.15215 0.02315 0.01298 0.00913
v -0.18561 0.18373 0.15215 0.02315 0.01298 0.00913
v -0.18801 0.18134 0.15215 0.02315 0.01298 0.00913
v -0.18615 0.18187 0.15108 0.02315 0.01298 0.00913
v -0.18561 0.18373 0.15215 0.02315 0.01298 0.00913
v -0.18561 0.18373 0.15215 0.02315 0.01298 0.00913
v -0.18615 0.18187 0.15108 0.02315 0.01298 0.00913
v -0.18322 0.18402 0.15186 0.02315 0.01298 0.00913
v -0.18615 0.18187 0.15108 0.02315 0.01298 0.00913
v -0.18322 0.18215 0.15052 0.02315 0.01298 0.00913
v -0.18322 0.18402 0.15186 0.02315 0.01298 0.00913
v -0.18322 0.18402 0.15186 0.02315 0.01298 0.00913
v -0.18322 0.18215 0.15052 0.02315 0.01298 0.00913
v -0.05639 0.18402 0.15186 0.02315 0.01298 0.00913
v -0.18322 0.18215 0.15052 0.02315 0.01298 0.00913
v -0.05639 0.18215 0.15052 0.02315 0.01298 0.00913
v -0.05639 0.18402 0.15186 0.02315 0.01298 0.00913
v -0.05639 0.18402 0.15186 0.02315 0.01298 0.00913
v -0.05639 0.18215 0.15052 0.02315 0.01298 0.00913
v -0.05400 0.18373 0.15215 0.02315 0.01298 0.00913
v -0.05639 0.18215 0.15052 0.02315 0.01298 0.00913
v -0.05346 0.18187 0.15108 0.02315 0.01298 0.00913
v -0.05400 0.18373 0.15215 0.02315 0.01298 0.00913
v -0.05400 0.18373 0.15215 0.02315 0.01298 0.00913
v -0.05346 0.18187 0.15108 0.02315 0.01298 0.00913
v -0.05224 0.18309 0.15280 0.02315 0.01298 0.00913
v -0.05346 0.18187 0.15108 0.02315 0.01298 0.00913
v -0.05160 0.18134 0.15215 0.02315 0.01298 0.00913
v -0.05224 0.18309 0.15280 0.02315 0.01298 0.00913
v -0.18801 0.18134 0.15215 0.02315 0.01298 0.00913
v -0.18830 0.17894 0.15186 0.02315 0.01298 0.00913
v -0.18615 0.18187 0.15108 0.02315 0.01298 0.00913
v -0.18830 0.17894 0.15186 0.02315 0.01298 0.00913
v -0.18643 0.17894 0.15052 0.02315 0.01298 0.00913
v -0.18615 0.18187 0.15108 0.02315 0.01298 0.00913
v -0.18615 0.18187 0.15108 0.02315 0.01298 0.00913
v -0.18643 0.17894 0.15052 0.02315 0.01298 0.00913
v -0.18322 0.18215 0.15052 0.02315 0.01298 0.00913
v -0.18643 0.17894 0.15052 0.02315 0.01298 0.00913
v -0.18322 0.17894 0.14976 0.02315 0.01298 0.00913
v -0.18322 0.18215 0.15052 0.02315 0.01298 0.00913
v -0.18322 0.18215 0.15052 0.02315 0.01298 0.00913
v -0.18322 0.17894 0.14976 0.02315 0.01298 0.00913
v -0.05639 0.18215 0.15052 0.02315 0.01298 0.00913
v -0.18322 0.17894 0.14976 0.02315 0.01298 0.00913
v -0.05639 0.17894 0.14976 0.02315 0.01298 0.00913
v -0.05639 0.18215 0.15052 0.02315 0.01298 0.00913
v -0.05639 0.18215 0.15052 0.02315 0.01298 0.00913
v -0.05639 0.17894 0.14976 0.02315 0.01298 0.00913
v -0.05346 0.18187 0.15108 0.02315 0.01298 0.00913
v -0.05639 0.17894 0.14976 0.02315 0.01298 0.00913
v -0.05318 0.17894 0.15052 0.02315 0.01298 0.00913
v -0.05346 0.18187 0.15108 0.02315 0.01298 0.00913
v -0.05346 0.18187 0.15108 0.02315 0.01298 0.00913
v -0.05318 0.17894 0.15052 0.02315 0.01298 0.00913
v -0.05160 0.18134 0.15215 0.02315 0.01298 0.00913
v -0.05318 0.17894 0.15052 0.02315 0.01298 0.00913
v -0.05131 0.17894 0.15186 0.02315 0.01298 0.00913
v -0.05160 0.18134 0.15215 0.02315 0.01298 0.00913
v -0.18830 0.17894 0.15186 0.02315 0.01298 0.00913
v -0.18830 0.14839 0.15186 0.02315 0.01298 0.00913
v -0.18643 0.17894 0.15052 0.02315 0.01298 0.00913
v -0.18830 0.14839 0.15186 0.02315 0.01298 0.00913
v -0.18643 0.14839 0.15052 0.02315 0.01298 0.00913
v -0.18643 0.17894 0.15052 0.02315 0.01298 0.00913
v -0.18643 0.17894 0.15052 0.02315 0.01298 0.00913
v -0.18643 0.14839 0.15052 0.02315 0.01298 0.00913
v -0.18322 0.17894 0.14976 0.02315 0.01298 0.00913
v -0.18643 0.14839 0.15052 0.02315 0.01298 0.00913
v -0.18322 0.14839 0.14976 0.02315 0.01298 0.00913
v -0.18322 0.17894 0.14976 0.02315 0.01298 0.00913
v -0.18322 0.17894 0.14976 0.02315 0.01298 0.00913
v -0.18322 0.14839 0.14976 0.02315 0.01298 0.00913
v -0.05639 0.17894 0.14976 0.02315 0.01298 0.00913
v -0.18322 0.14839 0.14976 0.02315 0.01298 0.00913
v -0.05639 0.14839 0.14976 0.02315 0.01298 0.00913
v -0.05639 0.17894 0.14976 0.02315 0.01298 0.00913
v -0.05639 0.17894 0.14976 0.02315 0.01298 0.00913
v -0.05639 0.14839 0.14976 0.02315 0.01298 0.00913
v -0.05318 0.17894 0.15052 0.02315 0.01298 0.00913
v -0.05639 0.14839 0.14976 0.02315 0.01298 0.00913
v -0.05318 0.14839 0.15052 0.02315 0.01298 0.00913
v -0.05318 0.17894 0.15052 0.02315 0.01298 0.00913
v -0.05318 0.17894 0.15052 0.02315 0.01298 0.00913
v -0.05318 0.14839 0.15052 0.02315 0.01298 0.00913
v -0.05131 0.17894 0.15186 0.02315 0.01298 0.00913
v -0.05318 0.14839 0.15052 0.02315 0.01298 0.00913
v -0.05131 0.14839 0.15186 0.02315 0.01298 0.00913
v -0.05131 0.17894 0.15186 0.02315 0.01298 0.00913
v -0.18830 0.14839 0.15186 0.02315 0.01298 0.00913
v -0.18801 0.14599 0.15215 0.02315 0.01298 0.00913
v -0.18643 0.14839 0.15052 0.02315 0.01298 0.00913
v -0.18801 0.14599 0.15215 0.02315 0.01298 0.00913
v -0.18615 0.14545 0.15108 0.02315 0.01298 0.00913
v -0.18643 0.14839 0.15052 0.02315 0.01298 0.00913
v -0.18643 0.14839 0.15052 0.02315 0.01298 0.00913
v -0.18615 0.14545 0.15108 0.02315 0.01298 0.00913
v -0.18322 0.14839 0.14976 0.02315 0.01298 0.00913
v -0.18615 0.14545 0.15108 0.02315 0.01298 0.00913
v -0.18322 0.14517 0.15052 0.02315 0.01298 0.00913
v -0.18322 0.14839 0.14976 0.02315 0.01298 0.00913
v -0.18322 0.14839 0.14976 0.02315 0.01298 0.00913
v -0.18322 0.14517 0.15052 0.02315 0.01298 0.00913
v -0.05639 0.14839 0.14976 0.02315 0.01298 0.00913
v -0.18322 0.14517 0.15052 0.02315 0.01298 0.00913
v -0.05639 0.14517 0.15052 0.02315 0.01298 0.00913
v -0.05639 0.14839 0.14976 0.02315 0.01298 0.00913
v -0.05639 0.14839 0.14976 0.02315 0.01298 0.00913
v -0.05639 0.14517 0.15052 0.02315 0.01298 0.00913
v -0.05318 0.14839 0.15052 0.02315 0.01298 0.00913
v -0.05639 0.14517 0.15052 0.02315 0.01298 0.00913
v -0.05346 0.14545 0.15108 0.02315 0.01298 0.00913
v -0.05318 0.14839 0.15052 0.02315 0.01298 0.00913
v -0.05318 0.14839 0.15052 0.02315 0.01298 0.00913
v -0.05346 0.14545 0.15108 0.02315 0.01298 0.00913
v -0.05131 0.14839 0.15186 0.02315 0.01298 0.00913
v -0.05346 0.14545 0.15108 0.02315 0.01298 0.00913
v -0.05160 0.14599 0.15215 0.02315 0.01298 0.00913
v -0.05131 0.14839 0.15186 0.02315 0.01298 0.00913
v -0.18801 0.14599 0.15215 0.02315 0.01298 0.00913
v -0.18737 0.14424 0.15280 0.02315 0.01298 0.00913
v -0.18615 0.14545 0.15108 0.02315 0.01298 0.00913
v -0.18737 0.14424 0.15280 0.02315 0.01298 0.00913
v -0.18561 0.14360 0.15215 0.02315 0.01298 0.00913
v -0.18615 0.14545 0.15108 0.02315 0.01298 0.00913
v -0.18615 0.14545 0.15108 0.02315 0.01298 0.00913
v -0.18561 0.14360 0.15215 0.02315 0.01298 0.00913
v -0.18322 0.14517 0.15052 0.02315 0.01298 0.00913
v -0.18561 0.14360 0.15215 0.02315 0.01298 0.00913
v -0.18322 0.14331 0.15186 0.02315 0.01298 0.00913
v -0.18322 0.14517 0.15052 0.02315 0.01298 0.00913
v -0.18322 0.14517 0.15052 0.02315 0.01298 0.00913
v -0.18322 0.14331 0.15186 0.02315 0.01298 0.00913
v -0.05639 0.14517 0.15052 0.02315 0.01298 0.00913
v -0.18322 0.14331 0.15186 0.02315 0.01298 0.00913
v -0.05639 0.14331 0.15186 0.02315 0.01298 0.00913
v -0.05639 0.14517 0.15052 0.02315 0.01298 0.00913
v -0.05639 0.14517 0.15052 0.02315 0.01298 0.00913
v -0.05639 0.14331 0.15186 0.02315 0.01298 0.00913
v -0.05346 0.14545 0.15108 0.02315 0.01298 0.00913
v -0.05639 0.14331 0.15186 0.02315 0.01298 0.00913
v -0.05400 0.14360 0.15215 0.02315 0.01298 0.00913
v -0.05346 0.14545 0.15108 0.02315 0.01298 0.00913
v -0.05346 0.14545 0.15108 0.02315 0.01298 0.00913
v -0.05400 0.14360 0.15215 0.02315 0.01298 0.00913
v -0.05160 0.14599 0.15215 0.02315 0.01298 0.00913
v -0.05400 0.14360 0.15215 0.02315 0.01298 0.00913
v -0.05224 0.14424 0.15280 0.02315 0.01298 0.00913
v -0.05160 0.14599 0.15215 0.02315 0.01298 0.00913
v 0.00000 0.08597 -0.19007 0.02315 0.01298 0.00913
v 0.00000 0.08597 -0.19007 0.02315 0.01298 0.00913
v 0.00000 0.08597 -0.19007 0.02315 0.01298 0.00913
v 0.00000 0.08597 -0.19007 0.02315 0.01298 0.00913
v 0.00000 0.08597 -0.19007 0.02315 0.01298 0.00913
v 0.00000 0.08597 -0.19007 0.02315 0.01298 0.00913
v 0.02139 0.09070 -0.18684 0.02315 0.01298 0.00913
v 0.00661 0.07922 -0.17004 0.02315 0.01298 0.00913
v -0.01731 0.08360 -0.17646 0.02315 0.01298 0.00913
v -0.01731 0.09780 -0.19722 0.02315 0.01298 0.00913
v 0.00661 0.10219 -0.20363 0.02315 0.01298 0.00913
v 0.02139 0.09070 -0.18684 0.02315 0.01298 0.00913
v 0.03706 0.10363 -0.17799 0.02315 0.01298 0.00913
v 0.01145 0.08373 -0.14891 0.02315 0.01298 0.00913
v -0.02998 0.09133 -0.16002 0.02315 0.01298 0.00913
v -0.02998 0.11593 -0.19597 0.02315 0.01298 0.00913
v 0.01145 0.12353 -0.20708 0.02315 0.01298 0.00913
v 0.03706 0.10363 -0.17799 0.02315 0.01298 0.00913
v 0.04279 0.12129 -0.16591 0.02315 0.01298 0.00913
v 0.01322 0.09831 -0.13233 0.02315 0.01298 0.00913
v -0.03462 0.10709 -0.14516 0.02315 0.01298 0.00913
v -0.03462 0.13549 -0.18667 0.02315 0.01298 0.00913
v 0.01322 0.14426 -0.19950 0.02315 0.01298 0.00913
v 0.04279 0.12129 -0.16591 0.02315 0.01298 0.00913
v 0.04279 0.20604 -0.10793 0.02315 0.01298 0.00913
v 0.01322 0.18306 -0.07434 0.02315 0.01298 0.00913
v -0.03462 0.19184 -0.08717 0.02315 0.01298 0.00913
v -0.03462 0.22024 -0.12869 0.02315 0.01298 0.00913
v 0.01322 0.22902 -0.14152 0.02315 0.01298 0.00913
v 0.04279 0.20604 -0.10793 0.02315 0.01298 0.00913
v 0.03706 0.22370 -0.09585 0.02315 0.01298 0.00913
v 0.01145 0.20380 -0.06676 0.02315 0.01298 0.00913
v -0.02998 0.21140 -0.07787 0.02315 0.01298 0.00913
v -0.02998 0.23600 -0.11383 0.02315 0.01298 0.00913
v 0.01145 0.24360 -0.12494 0.02315 0.01298 0.00913
v 0.03706 0.22370 -0.09585 0.02315 0.01298 0.00913
v 0.02139 0.23663 -0.08701 0.02315 0.01298 0.00913
v 0.00661 0.22514 -0.07021 0.02315 0.01298 0.00913
v -0.01731 0.22952 -0.07663 0.02315 0.01298 0.00913
v -0.01731 0.24373 -0.09739 0.02315 0.01298 0.00913
v 0.00661 0.24811 -0.10380 0.02315 0.01298 0.00913
v 0.02139 0.23663 -0.08701 0.02315 0.01298 0.00913
v 0.00000 0.24136 -0.08377 0.02315 0.01298 0.00913
v 0.00000 0.24136 -0.08377 0.02315 0.01298 0.00913
v -0.00000 0.24136 -0.08377 0.02315 0.01298 0.00913
v -0.00000 0.24136 -0.08377 0.02315 0.01298 0.00913
v 0.00000 0.24136 -0.08377 0.02315 0.01298 0.00913
v 0.00000 0.24136 -0.08377 0.02315 0.01298 0.00913
v -0.01581 0.10083 -0.35929 0.02315 0.01298 0.00913
v -0.01581 0.10083 -0.35929 0.02315 0.01298 0.00913
v -0.01581 0.10083 -0.35929 0.02315 0.01298 0.00913
v -0.01581 0.10083 -0.35929 0.02315 0.01298 0.00913
v -0.01581 0.10083 -0.35929 0.02315 0.01298 0.00913
v -0.01581 0.10083 -0.35929 0.02315 0.01298 0.00913
v 0.00088 0.10425 -0.35641 0.02315 0.01298 0.00913
v -0.01065 0.09403 -0.34427 0.02315 0.01298 0.00913
v -0.02931 0.09793 -0.34891 0.02315 0.01298 0.00913
v -0.02931 0.11057 -0.36391 0.02315 0.01298 0.00913
v -0.01065 0.11447 -0.36855 0.02315 0.01298 0.00913
v 0.00088 0.10425 -0.35641 0.02315 0.01298 0.00913
v 0.01310 0.11359 -0.34854 0.02315 0.01298 0.00913
v -0.00688 0.09588 -0.32751 0.02315 0.01298 0.00913
v -0.03919 0.10265 -0.33554 0.02315 0.01298 0.00913
v -0.03919 0.12454 -0.36153 0.02315 0.01298 0.00913
v -0.00688 0.13130 -0.36956 0.02315 0.01298 0.00913
v 0.01310 0.11359 -0.34854 0.02315 0.01298 0.00913
v 0.01757 0.12636 -0.33779 0.02315 0.01298 0.00913
v -0.00549 0.10591 -0.31351 0.02315 0.01298 0.00913
v -0.04281 0.11372 -0.32278 0.02315 0.01298 0.00913
v -0.04281 0.13899 -0.35279 0.02315 0.01298 0.00913
v -0.00549 0.14681 -0.36206 0.02315 0.01298 0.00913
v 0.01757 0.12636 -0.33779 0.02315 0.01298 0.00913
v 0.01757 0.20097 -0.27494 0.02315 0.01298 0.00913
v -0.00549 0.18052 -0.25066 0.02315 0.01298 0.00913
v -0.04281 0.18833 -0.25994 0.02315 0.01298 0.00913
v -0.04281 0.21361 -0.28994 0.02315 0.01298 0.00913
v -0.00549 0.22142 -0.29922 0.02315 0.01298 0.00913
v 0.01757 0.20097 -0.27494 0.02315 0.01298 0.00913
v 0.01310 0.21374 -0.26419 0.02315 0.01298 0.00913
v -0.00688 0.19603 -0.24316 0.02315 0.01298 0.00913
v -0.03919 0.20279 -0.25119 0.02315 0.01298 0.00913
v -0.03919 0.22468 -0.27718 0.02315 0.01298 0.00913
v -0.00688 0.23144 -0.28521 0.02315 0.01298 0.00913
v 0.01310 0.21374 -0.26419 0.02315 0.01298 0.00913
v 0.00088 0.22308 -0.25632 0.02315 0.01298 0.00913
v -0.01065 0.21285 -0.24418 0.02315 0.01298 0.00913
v -0.02931 0.21676 -0.24882 0.02315 0.01298 0.00913
v -0.02931 0.22940 -0.26382 0.02315 0.01298 0.00913
v -0.01065 0.23330 -0.26846 0.02315 0.01298 0.00913
v 0.00088 0.22308 -0.25632 0.02315 0.01298 0.00913
v -0.01581 0.22650 -0.25344 0.02315 0.01298 0.00913
v -0.01581 0.22650 -0.25344 0.02315 0.01298 0.00913
v -0.01581 0.22650 -0.25344 0.02315 0.01298 0.00913
v -0.01581 0.22650 -0.25344 0.02315 0.01298 0.00913
v -0.01581 0.22650 -0.25344 0.02315 0.01298 0.00913
v -0.01581 0.22650 -0.25344 0.02315 0.01298 0.00913
v -0.02804 0.11477 -0.51930 0.02315 0.01298 0.00913
v -0.02804 0.11477 -0.51930 0.02315 0.01298 0.00913
v -0.02804 0.11477 -0.51930 0.02315 0.01298 0.00913
v -0.02804 0.11477 -0.51930 0.02315 0.01298 0.00913
v -0.02804 0.11477 -0.51930 0.02315 0.01298 0.00913
v -0.02804 0.11477 -0.51930 0.02315 0.01298 0.00913
v -0.01606 0.11701 -0.51699 0.02315 0.01298 0.00913
v -0.02434 0.10884 -0.50906 0.02315 0.01298 0.00913
v -0.03773 0.11196 -0.51209 0.02315 0.01298 0.00913
v -0.03773 0.12206 -0.52190 0.02315 0.01298 0.00913
v -0.02434 0.12519 -0.52493 0.02315 0.01298 0.00913
v -0.01606 0.11701 -0.51699 0.02315 0.01298 0.00913
v -0.00729 0.12312 -0.51070 0.02315 0.01298 0.00913
v -0.02163 0.10896 -0.49695 0.02315 0.01298 0.00913
v -0.04483 0.11437 -0.50220 0.02315 0.01298 0.00913
v -0.04483 0.13187 -0.51920 0.02315 0.01298 0.00913
v -0.02163 0.13728 -0.52445 0.02315 0.01298 0.00913
v -0.00729 0.12312 -0.51070 0.02315 0.01298 0.00913
v -0.00408 0.13147 -0.50211 0.02315 0.01298 0.00913
v -0.02064 0.11512 -0.48623 0.02315 0.01298 0.00913
v -0.04743 0.12137 -0.49230 0.02315 0.01298 0.00913
v -0.04743 0.14157 -0.51192 0.02315 0.01298 0.00913
v -0.02064 0.14782 -0.51798 0.02315 0.01298 0.00913
v -0.00408 0.13147 -0.50211 0.02315 0.01298 0.00913
v -0.00408 0.19586 -0.43581 0.02315 0.01298 0.00913
v -0.02064 0.17951 -0.41993 0.02315 0.01298 0.00913
v -0.04743 0.18576 -0.42600 0.02315 0.01298 0.00913
v -0.04743 0.20596 -0.44562 0.02315 0.01298 0.00913
v -0.02064 0.21221 -0.45169 0.02315 0.01298 0.00913
v -0.00408 0.19586 -0.43581 0.02315 0.01298 0.00913
v -0.00729 0.20421 -0.42721 0.02315 0.01298 0.00913
v -0.02163 0.19005 -0.41346 0.02315 0.01298 0.00913
v -0.04483 0.19546 -0.41872 0.02315 0.01298 0.00913
v -0.04483 0.21296 -0.43571 0.02315 0.01298 0.00913
v -0.02163 0.21836 -0.44096 0.02315 0.01298 0.00913
v -0.00729 0.20421 -0.42721 0.02315 0.01298 0.00913
v -0.01606 0.21032 -0.42092 0.02315 0.01298 0.00913
v -0.02434 0.20214 -0.41298 0.02315 0.01298 0.00913
v -0.03773 0.20527 -0.41602 0.02315 0.01298 0.00913
v -0.03773 0.21537 -0.42583 0.02315 0.01298 0.00913
v -0.02434 0.21849 -0.42886 0.02315 0.01298 0.00913
v -0.01606 0.21032 -0.42092 0.02315 0.01298 0.00913
v -0.02804 0.21255 -0.41862 0.02315 0.01298 0.00913
v -0.02804 0.21255 -0.41862 0.02315 0.01298 0.00913
v -0.02804 0.21255 -0.41862 0.02315 0.01298 0.00913
v -0.02804 0.21255 -0.41862 0.02315 0.01298 0.00913
v -0.02804 0.21255 -0.41862 0.02315 0.01298 0.00913
v -0.02804 0.21255 -0.41862 0.02315 0.01298 0.00913
v 0.00000 1.19285 -0.16154 0.02315 0.01298 0.00913
v 0.00000 1.19285 -0.16154 0.02315 0.01298 0.00913
v 0.00000 1.19285 -0.16154 0.02315 0.01298 0.00913
v 0.00000 1.19285 -0.16154 0.02315 0.01298 0.00913
v 0.00000 1.19285 -0.16154 0.02315 0.01298 0.00913
v 0.00000 1.19285 -0.16154 0.02315 0.01298 0.00913
v 0.00000 1.11504 -0.08978 0.02315 0.01298 0.00913
v -0.02442 1.10653 -0.10534 0.02315 0.01298 0.00913
v -0.01509 1.09277 -0.13053 0.02315 0.01298 0.00913
v 0.01509 1.09277 -0.13053 0.02315 0.01298 0.00913
v 0.02442 1.10653 -0.10534 0.02315 0.01298 0.00913
v 0.00000 1.11504 -0.08978 0.02315 0.01298 0.00913
v 0.00000 1.10273 -0.11231 0.02315 0.01298 0.00913
v 0.00000 1.10273 -0.11231 0.02315 0.01298 0.00913
v 0.00000 1.10273 -0.11231 0.02315 0.01298 0.00913
v 0.00000 1.10273 -0.11231 0.02315 0.01298 0.00913
v 0.00000 1.10273 -0.11231 0.02315 0.01298 0.00913
v 0.00000 1.11504 -0.08978 0.02315 0.01298 0.00913
v -0.02442 1.10653 -0.10534 0.02315 0.01298 0.00913
v -0.01509 1.09277 -0.13053 0.02315 0.01298 0.00913
v 0.01509 1.09277 -0.13053 0.02315 0.01298 0.00913
v 0.02442 1.10653 -0.10534 0.02315 0.01298 0.00913
v 0.00000 1.11504 -0.08978 0.02315 0.01298 0.00913
v 0.00000 1.10728 -0.16154 0.02315 0.01298 0.00913
v 0.00000 1.10728 -0.16154 0.02315 0.01298 0.00913
v 0.00000 1.10728 -0.16154 0.02315 0.01298 0.00913
v 0.00000 1.10728 -0.16154 0.02315 0.01298 0.00913
v 0.00000 1.10728 -0.16154 0.02315 0.01298 0.00913
v 0.00000 1.10728 -0.16154 0.02315 0.01298 0.00913
v 0.00000 1.02946 -0.08978 0.02315 0.01298 0.00913
v -0.02442 1.02096 -0.10534 0.02315 0.01298 0.00913
v -0.01509 1.00720 -0.13053 0.02315 0.01298 0.00913
v 0.01509 1.00720 -0.13053 0.02315 0.01298 0.00913
v 0.02442 1.02096 -0.10534 0.02315 0.01298 0.00913
v 0.00000 1.02946 -0.08978 0.02315 0.01298 0.00913
v 0.00000 1.01716 -0.11231 0.02315 0.01298 0.00913
v 0.00000 1.01716 -0.11231 0.02315 0.01298 0.00913
v 0.00000 1.01716 -0.11231 0.02315 0.01298 0.00913
v 0.00000 1.01716 -0.11231 0.02315 0.01298 0.00913
v 0.00000 1.01716 -0.11231 0.02315 0.01298 0.00913
v 0.00000 1.02946 -0.08978 0.02315 0.01298 0.00913
v -0.02442 1.02096 -0.10534 0.02315 0.01298 0.00913
v -0.01509 1.00720 -0.13053 0.02315 0.01298 0.00913
v 0.01509 1.00720 -0.13053 0.02315 0.01298 0.00913
v 0.02442 1.02096 -0.10534 0.02315 0.01298 0.00913
v 0.00000 1.02946 -0.08978 0.02315 0.01298 0.00913
v 0.00000 1.02170 -0.16154 0.02315 0.01298 0.00913
v 0.00000 1.02170 -0.16154 0.02315 0.01298 0.00913
v 0.00000 1.02170 -0.16154 0.02315 0.01298 0.00913
v 0.00000 1.02170 -0.16154 0.02315 0.01298 0.00913
v 0.00000 1.02170 -0.16154 0.02315 0.01298 0.00913
v 0.00000 1.02170 -0.16154 0.02315 0.01298 0.00913
v 0.00000 0.94389 -0.08978 0.02315 0.01298 0.00913
v -0.02442 0.93538 -0.10534 0.02315 0.01298 0.00913
v -0.01509 0.92162 -0.13053 0.02315 0.01298 0.00913
v 0.01509 0.92162 -0.13053 0.02315 0.01298 0.00913
v 0.02442 0.93538 -0.10534 0.02315 0.01298 0.00913
v 0.00000 0.94389 -0.08978 0.02315 0.01298 0.00913
v 0.00000 0.93158 -0.11231 0.02315 0.01298 0.00913
v 0.00000 0.93158 -0.11231 0.02315 0.01298 0.00913
v 0.00000 0.93158 -0.11231 0.02315 0.01298 0.00913
v 0.00000 0.93158 -0.11231 0.02315 0.01298 0.00913
v 0.00000 0.93158 -0.11231 0.02315 0.01298 0.00913
v 0.00000 0.94389 -0.08978 0.02315 0.01298 0.00913
v -0.02442 0.93538 -0.10534 0.02315 0.01298 0.00913
v -0.01509 0.92162 -0.13053 0.02315 0.01298 0.00913
v 0.01509 0.92162 -0.13053 0.02315 0.01298 0.00913
v 0.02442 0.93538 -0.10534 0.02315 0.01298 0.00913
v 0.00000 0.94389 -0.08978 0.02315 0.01298 0.00913
v 0.00000 0.93612 -0.16154 0.02315 0.01298 0.00913
v 0.00000 0.93612 -0.16154 0.02315 0.01298 0.00913
v 0.00000 0.93612 -0.16154 0.02315 0.01298 0.00913
v 0.00000 0.93612 -0.16154 0.02315 0.01298 0.00913
v 0.00000 0.93612 -0.16154 0.02315 0.01298 0.00913
v 0.00000 0.93612 -0.16154 0.02315 0.01298 0.00913
v 0.00000 0.85831 -0.08978 0.02315 0.01298 0.00913
v -0.02442 0.84981 -0.10534 0.02315 0.01298 0.00913
v -0.01509 0.83605 -0.13053 0.02315 0.01298 0.00913
v 0.01509 0.83605 -0.13053 0.02315 0.01298 0.00913
v 0.02442 0.84981 -0.10534 0.02315 0.01298 0.00913
v 0.00000 0.85831 -0.08978 0.02315 0.01298 0.00913
v 0.00000 0.84600 -0.11231 0.02315 0.01298 0.00913
v 0.00000 0.84600 -0.11231 0.02315 0.01298 0.00913
v 0.00000 0.84600 -0.11231 0.02315 0.01298 0.00913
v 0.00000 0.84600 -0.11231 0.02315 0.01298 0.00913
v 0.00000 0.84600 -0.11231 0.02315 0.01298 0.00913
v 0.00000 0.85831 -0.08978 0.02315 0.01298 0.00913
v -0.02442 0.84981 -0.10534 0.02315 0.01298 0.00913
v -0.01509 0.83605 -0.13053 0.02315 0.01298 0.00913
v 0.01509 0.83605 -0.13053 0.02315 0.01298 0.00913
v 0.02442 0.84981 -0.10534 0.02315 0.01298 0.00913
v 0.00000 0.85831 -0.08978 0.02315 0.01298 0.00913
f 4034 4040 4035
f 4035 4040 4041
f 4035 4041 4036
f 4036 4041 4042
f 4036 4042 4037
f 4037 4042 4043
f 4037 4043 4038
f 4038 4043 4044
f 4038 4044 4039
f 4039 4044 4045
f 4040 4046 4041
f 4041 4046 4047
f 4041 4047 4042
f 4042 4047 4048
f 4042 4048 4043
f 4043 4048 4049
f 4043 4049 4044
f 4044 4049 4050
f 4044 4050 4045
f 4045 4050 4051
f 4046 4052 4047
f 4047 4052 4053
f 4047 4053 4048
f 4048 4053 4054
f 4048 4054 4049
f 4049 4054 4055
f 4049 4055 4050
f 4050 4055 4056
f 4050 4056 4051
f 4051 4056 4057
f 4052 4058 4053
f 4053 4058 4059
f 4053 4059 4054
f 4054 4059 4060
f 4054 4060 4055
f 4055 4060 4061
f 4055 4061 4056
f 4056 4061 4062
f 4056 4062 4057
f 4057 4062 4063
f 4058 4064 4059
f 4059 4064 4065
f 4059 4065 4060
f 4060 4065 4066
f 4060 4066 4061
f 4061 4066 4067
f 4061 4067 4062
f 4062 4067 4068
f 4062 4068 4063
f 4063 4068 4069
f 4070 4076 4071
f 4071 4076 4077
f 4071 4077 4072
f 4072 4077 4078
f 4072 4078 4073
f 4073 4078 4079
f 4073 4079 4074
f 4074 4079 4080
f 4074 4080 4075
f 4075 4080 4081
f 4076 4082 4077
f 4077 4082 4083
f 4077 4083 4078
f 4078 4083 4084
f 4078 4084 4079
f 4079 4084 4085
f 4079 4085 4080
f 4080 4085 4086
f 4080 4086 4081
f 4081 4086 4087
f 4082 4088 4083
f 4083 4088 4089
f 4083 4089 4084
f 4084 4089 4090
f 4084 4090 4085
f 4085 4090 4091
f 4085 4091 4086
f 4086 4091 4092
f 4086 4092 4087
f 4087 4092 4093
f 4088 4094 4089
f 4089 4094 4095
f 4089 4095 4090
f 4090 4095 4096
f 4090 4096 4091
f 4091 4096 4097
f 4091 4097 4092
f 4092 4097 4098
f 4092 4098 4093
f 4093 4098 4099
f 4094 4100 4095
f 4095 4100 4101
f 4095 4101 4096
f 4096 4101 4102
f 4096 4102 4097
f 4097 4102 4103
f 4097 4103 4098
f 4098 4103 4104
f 4098 4104 4099
f 4099 4104 4105
f 4106 4112 4107
f 4107 4112 4113
f 4107 4113 4108
f 4108 4113 4114
f 4108 4114 4109
f 4109 4114 4115
f 4109 4115 4110
f 4110 4115 4116
f 4110 4116 4111
f 4111 4116 4117
f 4112 4118 4113
f 4113 4118 4119
f 4113 4119 4114
f 4114 4119 4120
f 4114 4120 4115
f 4115 4120 4121
f 4115 4121 4116
f 4116 4121 4122
f 4116 4122 4117
f 4117 4122 4123
f 4118 4124 4119
f 4119 4124 4125
f 4119 4125 4120
f 4120 4125 4126
f 4120 4126 4121
f 4121 4126 4127
f 4121 4127 4122
f 4122 4127 4128
f 4122 4128 4123
f 4123 4128 4129
f 4124 4130 4125
f 4125 4130 4131
f 4125 4131 4126
f 4126 4131 4132
f 4126 4132 4127
f 4127 4132 4133
f 4127 4133 4128
f 4128 4133 4134
f 4128 4134 4129
f 4129 4134 4135
f 4130 4136 4131
f 4131 4136 4137
f 4131 4137 4132
f 4132 4137 4138
f 4132 4138 4133
f 4133 4138 4139
f 4133 4139 4134
f 4134 4139 4140
f 4134 4140 4135
f 4135 4140 4141
f 4142 4148 4143
f 4143 4148 4149
f 4143 4149 4144
f 4144 4149 4150
f 4144 4150 4145
f 4145 4150 4151
f 4145 4151 4146
f 4146 4151 4152
f 4146 4152 4147
f 4147 4152 4153
f 4148 4154 4149
f 4149 4154 4155
f 4149 4155 4150
f 4150 4155 4156
f 4150 4156 4151
f 4151 4156 4157
f 4151 4157 4152
f 4152 4157 4158
f 4152 4158 4153
f 4153 4158 4159
f 4154 4160 4155
f 4155 4160 4161
f 4155 4161 4156
f 4156 4161 4162
f 4156 4162 4157
f 4157 4162 4163
f 4157 4163 4158
f 4158 4163 4164
f 4158 4164 4159
f 4159 4164 4165
f 4160 4166 4161
f 4161 4166 4167
f 4161 4167 4162
f 4162 4167 4168
f 4162 4168 4163
f 4163 4168 4169
f 4163 4169 4164
f 4164 4169 4170
f 4164 4170 4165
f 4165 4170 4171
f 4166 4172 4167
f 4167 4172 4173
f 4167 4173 4168
f 4168 4173 4174
f 4168 4174 4169
f 4169 4174 4175
f 4169 4175 4170
f 4170 4175 4176
f 4170 4176 4171
f 4171 4176 4177
f 4178 4187 4186
f 4179 4188 4187
f 4180 4189 4188
f 4181 4190 4189
f 4182 4191 4190
f 4183 4192 4191
f 4184 4193 4192
f 4187 4195 4186
f 4186 4195 4194
f 4188 4196 4187
f 4187 4196 4195
f 4189 4197 4188
f 4188 4197 4196
f 4190 4198 4189
f 4189 4198 4197
f 4191 4199 4190
f 4190 4199 4198
f 4192 4200 4191
f 4191 4200 4199
f 4193 4201 4192
f 4192 4201 4200
f 4195 4203 4194
f 4194 4203 4202
f 4196 4204 4195
f 4195 4204 4203
f 4197 4205 4196
f 4196 4205 4204
f 4198 4206 4197
f 4197 4206 4205
f 4199 4207 4198
f 4198 4207 4206
f 4200 4208 4199
f 4199 4208 4207
f 4201 4209 4200
f 4200 4209 4208
f 4203 4211 4202
f 4202 4211 4210
f 4204 4212 4203
f 4203 4212 4211
f 4205 4213 4204
f 4204 4213 4212
f 4206 4214 4205
f 4205 4214 4213
f 4207 4215 4206
f 4206 4215 4214
f 4208 4216 4207
f 4207 4216 4215
f 4209 4217 4208
f 4208 4217 4216
f 4211 4219 4210
f 4212 4220 4211
f 4213 4221 4212
f 4214 4222 4213
f 4215 4223 4214
f 4216 4224 4215
f 4217 4225 4216
f 4226 4235 4234
f 4227 4236 4235
f 4228 4237 4236
f 4229 4238 4237
f 4230 4239 4238
f 4231 4240 4239
f 4232 4241 4240
f 4235 4243 4234
f 4234 4243 4242
f 4236 4244 4235
f 4235 4244 4243
f 4237 4245 4236
f 4236 4245 4244
f 4238 4246 4237
f 4237 4246 4245
f 4239 4247 4238
f 4238 4247 4246
f 4240 4248 4239
f 4239 4248 4247
f 4241 4249 4240
f 4240 4249 4248
f 4243 4251 4242
f 4242 4251 4250
f 4244 4252 4243
f 4243 4252 4251
f 4245 4253 4244
f 4244 4253 4252
f 4246 4254 4245
f 4245 4254 4253
f 4247 4255 4246
f 4246 4255 4254
f 4248 4256 4247
f 4247 4256 4255
f 4249 4257 4248
f 4248 4257 4256
f 4251 4259 4250
f 4250 4259 4258
f 4252 4260 4251
f 4251 4260 4259
f 4253 4261 4252
f 4252 4261 4260
f 4254 4262 4253
f 4253 4262 4261
f 4255 4263 4254
f 4254 4263 4262
f 4256 4264 4255
f 4255 4264 4263
f 4257 4265 4256
f 4256 4265 4264
f 4259 4267 4258
f 4260 4268 4259
f 4261 4269 4260
f 4262 4270 4261
f 4263 4271 4262
f 4264 4272 4263
f 4265 4273 4264
f 4274 4283 4282
f 4275 4284 4283
f 4276 4285 4284
f 4277 4286 4285
f 4278 4287 4286
f 4279 4288 4287
f 4280 4289 4288
f 4283 4291 4282
f 4282 4291 4290
f 4284 4292 4283
f 4283 4292 4291
f 4285 4293 4284
f 4284 4293 4292
f 4286 4294 4285
f 4285 4294 4293
f 4287 4295 4286
f 4286 4295 4294
f 4288 4296 4287
f 4287 4296 4295
f 4289 4297 4288
f 4288 4297 4296
f 4291 4299 4290
f 4290 4299 4298
f 4292 4300 4291
f 4291 4300 4299
f 4293 4301 4292
f 4292 4301 4300
f 4294 4302 4293
f 4293 4302 4301
f 4295 4303 4294
f 4294 4303 4302
f 4296 4304 4295
f 4295 4304 4303
f 4297 4305 4296
f 4296 4305 4304
f 4299 4307 4298
f 4298 4307 4306
f 4300 4308 4299
f 4299 4308 4307
f 4301 4309 4300
f 4300 4309 4308
f 4302 4310 4301
f 4301 4310 4309
f 4303 4311 4302
f 4302 4311 4310
f 4304 4312 4303
f 4303 4312 4311
f 4305 4313 4304
f 4304 4313 4312
f 4307 4315 4306
f 4308 4316 4307
f 4309 4317 4308
f 4310 4318 4309
f 4311 4319 4310
f 4312 4320 4311
f 4313 4321 4312
f 4322 4324 4323
f 4325 4327 4326
f 4328 4330 4329
f 4331 4333 4332
f 4334 4336 4335
f 4337 4339 4338
f 4340 4342 4341
f 4343 4345 4344
f 4346 4348 4347
f 4349 4351 4350
f 4352 4354 4353
f 4355 4357 4356
f 4358 4360 4359
f 4361 4363 4362
f 4364 4366 4365
f 4367 4369 4368
f 4370 4372 4371
f 4373 4375 4374
f 4376 4378 4377
f 4379 4381 4380
f 4382 4384 4383
f 4385 4387 4386
f 4388 4390 4389
f 4391 4393 4392
f 4394 4396 4395
f 4397 4399 4398
f 4400 4402 4401
f 4403 4405 4404
f 4406 4408 4407
f 4409 4411 4410
f 4412 4414 4413
f 4415 4417 4416
f 4418 4420 4419
f 4421 4423 4422
f 4424 4426 4425
f 4427 4429 4428
f 4430 4432 4431
f 4433 4435 4434
f 4436 4438 4437
f 4439 4441 4440
f 4442 4444 4443
f 4445 4447 4446
f 4448 4450 4449
f 4451 4453 4452
f 4454 4456 4455
f 4457 4459 4458
f 4460 4462 4461
f 4463 4465 4464
f 4466 4468 4467
f 4469 4471 4470
f 4472 4474 4473
f 4475 4477 4476
f 4478 4480 4479
f 4481 4483 4482
f 4484 4486 4485
f 4487 4489 4488
f 4490 4492 4491
f 4493 4495 4494
f 4496 4498 4497
f 4499 4501 4500
f 4502 4504 4503
f 4505 4507 4506
f 4508 4510 4509
f 4511 4513 4512
f 4514 4516 4515
f 4517 4519 4518
f 4520 4522 4521
f 4523 4525 4524
f 4526 4528 4527
f 4529 4531 4530
f 4532 4534 4533
f 4535 4537 4536
f 4538 4540 4539
f 4541 4543 4542
f 4544 4546 4545
f 4547 4549 4548
f 4550 4552 4551
f 4553 4555 4554
f 4556 4558 4557
f 4559 4561 4560
f 4562 4564 4563
f 4565 4567 4566
f 4568 4570 4569
f 4571 4573 4572
f 4574 4576 4575
f 4577 4579 4578
f 4580 4582 4581
f 4583 4585 4584
f 4586 4588 4587
f 4589 4591 4590
f 4592 4594 4593
f 4595 4597 4596
f 4598 4600 4599
f 4601 4603 4602
f 4604 4606 4605
f 4607 4609 4608
f 4610 4612 4611
f 4613 4615 4614
f 4616 4618 4617
f 4619 4621 4620
f 4622 4624 4623
f 4625 4627 4626
f 4628 4630 4629
f 4631 4633 4632
f 4634 4636 4635
f 4637 4639 4638
f 4640 4642 4641
f 4643 4645 4644
f 4646 4648 4647
f 4649 4651 4650
f 4652 4654 4653
f 4655 4657 4656
f 4658 4660 4659
f 4661 4663 4662
f 4664 4666 4665
f 4667 4669 4668
f 4670 4672 4671
f 4673 4675 4674
f 4676 4678 4677
f 4679 4681 4680
f 4682 4684 4683
f 4685 4687 4686
f 4688 4690 4689
f 4691 4693 4692
f 4694 4696 4695
f 4697 4699 4698
f 4700 4702 4701
f 4703 4705 4704
f 4706 4708 4707
f 4709 4711 4710
f 4712 4714 4713
f 4715 4717 4716
f 4718 4720 4719
f 4721 4723 4722
f 4724 4726 4725
f 4727 4729 4728
f 4730 4732 4731
f 4733 4735 4734
f 4736 4738 4737
f 4739 4741 4740
f 4742 4744 4743
f 4745 4747 4746
f 4748 4750 4749
f 4751 4753 4752
f 4754 4756 4755
f 4757 4759 4758
f 4760 4762 4761
f 4763 4765 4764
f 4766 4768 4767
f 4769 4771 4770
f 4772 4774 4773
f 4775 4777 4776
f 4778 4780 4779
f 4781 4783 4782
f 4784 4786 4785
f 4787 4789 4788
f 4790 4792 4791
f 4793 4795 4794
f 4796 4798 4797
f 4799 4801 4800
f 4802 4804 4803
f 4805 4807 4806
f 4808 4810 4809
f 4811 4813 4812
f 4814 4816 4815
f 4817 4819 4818
f 4820 4822 4821
f 4823 4825 4824
f 4826 4828 4827
f 4829 4831 4830
f 4832 4834 4833
f 4835 4837 4836
f 4838 4840 4839
f 4841 4843 4842
f 4844 4846 4845
f 4847 4849 4848
f 4850 4852 4851
f 4853 4855 4854
f 4856 4858 4857
f 4859 4861 4860
f 4862 4864 4863
f 4865 4867 4866
f 4868 4870 4869
f 4871 4873 4872
f 4874 4876 4875
f 4877 4879 4878
f 4880 4882 4881
f 4883 4885 4884
f 4886 4888 4887
f 4889 4891 4890
f 4892 4894 4893
f 4895 4897 4896
f 4898 4900 4899
f 4901 4903 4902
f 4904 4906 4905
f 4907 4909 4908
f 4910 4912 4911
f 4913 4915 4914
f 4916 4918 4917
f 4919 4921 4920
f 4922 4924 4923
f 4925 4927 4926
f 4928 4930 4929
f 4931 4933 4932
f 4934 4936 4935
f 4937 4939 4938
f 4940 4942 4941
f 4943 4945 4944
f 4946 4948 4947
f 4949 4951 4950
f 4952 4954 4953
f 4955 4957 4956
f 4958 4960 4959
f 4961 4963 4962
f 4964 4966 4965
f 4967 4969 4968
f 4970 4972 4971
f 4973 4975 4974
f 4976 4978 4977
f 4979 4981 4980
f 4982 4984 4983
f 4985 4987 4986
f 4988 4990 4989
f 4991 4993 4992
f 4994 4996 4995
f 4997 4999 4998
f 5000 5002 5001
f 5003 5005 5004
f 5006 5008 5007
f 5009 5011 5010
f 5012 5014 5013
f 5015 5017 5016
f 5018 5020 5019
f 5021 5023 5022
f 5024 5026 5025
f 5027 5029 5028
f 5030 5032 5031
f 5033 5035 5034
f 5036 5038 5037
f 5039 5041 5040
f 5042 5044 5043
f 5045 5047 5046
f 5048 5050 5049
f 5051 5053 5052
f 5054 5056 5055
f 5057 5059 5058
f 5060 5062 5061
f 5063 5065 5064
f 5066 5068 5067
f 5069 5071 5070
f 5072 5074 5073
f 5075 5077 5076
f 5078 5080 5079
f 5081 5083 5082
f 5084 5086 5085
f 5087 5089 5088
f 5090 5092 5091
f 5093 5095 5094
f 5096 5098 5097
f 5099 5101 5100
f 5102 5104 5103
f 5105 5107 5106
f 5108 5110 5109
f 5111 5113 5112
f 5114 5116 5115
f 5117 5119 5118
f 5120 5122 5121
f 5123 5125 5124
f 5126 5128 5127
f 5129 5131 5130
f 5132 5134 5133
f 5135 5137 5136
f 5138 5140 5139
f 5141 5143 5142
f 5144 5146 5145
f 5147 5149 5148
f 5150 5152 5151
f 5153 5155 5154
f 5156 5158 5157
f 5159 5161 5160
f 5162 5164 5163
f 5165 5167 5166
f 5168 5170 5169
f 5171 5173 5172
f 5174 5176 5175
f 5177 5179 5178
f 5180 5182 5181
f 5183 5185 5184
f 5186 5188 5187
f 5189 5191 5190
f 5192 5194 5193
f 5195 5197 5196
f 5198 5200 5199
f 5201 5203 5202
f 5204 5206 5205
f 5207 5209 5208
f 5210 5212 5211
f 5213 5215 5214
f 5216 5218 5217
f 5219 5221 5220
f 5222 5231 5230
f 5223 5232 5231
f 5224 5233 5232
f 5225 5234 5233
f 5226 5235 5234
f 5227 5236 5235
f 5228 5237 5236
f 5231 5239 5230
f 5230 5239 5238
f 5232 5240 5231
f 5231 5240 5239
f 5233 5241 5232
f 5232 5241 5240
f 5234 5242 5233
f 5233 5242 5241
f 5235 5243 5234
f 5234 5243 5242
f 5236 5244 5235
f 5235 5244 5243
f 5237 5245 5236
f 5236 5245 5244
f 5239 5247 5238
f 5238 5247 5246
f 5240 5248 5239
f 5239 5248 5247
f 5241 5249 5240
f 5240 5249 5248
f 5242 5250 5241
f 5241 5250 5249
f 5243 5251 5242
f 5242 5251 5250
f 5244 5252 5243
f 5243 5252 5251
f 5245 5253 5244
f 5244 5253 5252
f 5247 5255 5246
f 5246 5255 5254
f 5248 5256 5247
f 5247 5256 5255
f 5249 5257 5248
f 5248 5257 5256
f 5250 5258 5249
f 5249 5258 5257
f 5251 5259 5250
f 5250 5259 5258
f 5252 5260 5251
f 5251 5260 5259
f 5253 5261 5252
f 5252 5261 5260
f 5255 5263 5254
f 5256 5264 5255
f 5257 5265 5256
f 5258 5266 5257
f 5259 5267 5258
f 5260 5268 5259
f 5261 5269 5260
f 5270 5272 5271
f 5273 5275 5274
f 5276 5278 5277
f 5279 5281 5280
f 5282 5284 5283
f 5285 5287 5286
f 5288 5290 5289
f 5291 5293 5292
f 5294 5296 5295
f 5297 5299 5298
f 5300 5302 5301
f 5303 5305 5304
f 5306 5308 5307
f 5309 5311 5310
f 5312 5314 5313
f 5315 5317 5316
f 5318 5320 5319
f 5321 5323 5322
f 5324 5326 5325
f 5327 5329 5328
f 5330 5332 5331
f 5333 5335 5334
f 5336 5338 5337
f 5339 5341 5340
f 5342 5344 5343
f 5345 5347 5346
f 5348 5350 5349
f 5351 5353 5352
f 5354 5356 5355
f 5357 5359 5358
f 5360 5362 5361
f 5363 5365 5364
f 5366 5368 5367
f 5369 5371 5370
f 5372 5374 5373
f 5375 5377 5376
f 5378 5380 5379
f 5381 5383 5382
f 5384 5386 5385
f 5387 5389 5388
f 5390 5392 5391
f 5393 5395 5394
f 5396 5398 5397
f 5399 5401 5400
f 5402 5404 5403
f 5405 5407 5406
f 5408 5410 5409
f 5411 5413 5412
f 5414 5416 5415
f 5417 5419 5418
f 5420 5422 5421
f 5423 5425 5424
f 5426 5428 5427
f 5429 5431 5430
f 5432 5434 5433
f 5435 5437 5436
f 5438 5440 5439
f 5441 5443 5442
f 5444 5446 5445
f 5447 5449 5448
f 5450 5452 5451
f 5453 5455 5454
f 5456 5458 5457
f 5459 5461 5460
f 5462 5464 5463
f 5465 5467 5466
f 5468 5470 5469
f 5471 5473 5472
f 5474 5476 5475
f 5477 5479 5478
f 5480 5482 5481
f 5483 5485 5484
f 5486 5488 5487
f 5489 5491 5490
f 5492 5494 5493
f 5495 5497 5496
f 5498 5500 5499
f 5501 5503 5502
f 5504 5506 5505
f 5507 5509 5508
f 5510 5512 5511
f 5513 5515 5514
f 5516 5518 5517
f 5519 5521 5520
f 5522 5524 5523
f 5525 5527 5526
f 5528 5530 5529
f 5531 5533 5532
f 5534 5536 5535
f 5537 5539 5538
f 5540 5542 5541
f 5543 5545 5544
f 5546 5548 5547
f 5549 5551 5550
f 5552 5554 5553
f 5555 5557 5556
f 5558 5560 5559
f 5561 5563 5562
f 5564 5566 5565
f 5567 5569 5568
f 5570 5572 5571
f 5573 5575 5574
f 5576 5578 5577
f 5579 5581 5580
f 5582 5584 5583
f 5585 5587 5586
f 5588 5590 5589
f 5591 5593 5592
f 5594 5596 5595
f 5597 5599 5598
f 5600 5602 5601
f 5603 5605 5604
f 5606 5608 5607
f 5609 5611 5610
f 5612 5614 5613
f 5615 5617 5616
f 5618 5620 5619
f 5621 5623 5622
f 5624 5626 5625
f 5627 5629 5628
f 5630 5632 5631
f 5633 5635 5634
f 5636 5638 5637
f 5639 5641 5640
f 5642 5644 5643
f 5645 5647 5646
f 5648 5650 5649
f 5651 5653 5652
f 5654 5656 5655
f 5657 5659 5658
f 5660 5662 5661
f 5663 5665 5664
f 5666 5668 5667
f 5669 5671 5670
f 5672 5674 5673
f 5675 5677 5676
f 5678 5680 5679
f 5681 5683 5682
f 5684 5686 5685
f 5687 5689 5688
f 5690 5692 5691
f 5693 5695 5694
f 5696 5698 5697
f 5699 5701 5700
f 5702 5704 5703
f 5705 5707 5706
f 5708 5710 5709
f 5711 5713 5712
f 5714 5716 5715
f 5717 5719 5718
f 5720 5722 5721
f 5723 5725 5724
f 5726 5728 5727
f 5729 5731 5730
f 5732 5734 5733
f 5735 5737 5736
f 5738 5740 5739
f 5741 5743 5742
f 5744 5746 5745
f 5747 5749 5748
f 5750 5752 5751
f 5753 5755 5754
f 5756 5758 5757
f 5759 5761 5760
f 5762 5764 5763
f 5765 5767 5766
f 5768 5770 5769
f 5771 5773 5772
f 5774 5776 5775
f 5777 5779 5778
f 5780 5782 5781
f 5783 5785 5784
f 5786 5788 5787
f 5789 5791 5790
f 5792 5794 5793
f 5795 5797 5796
f 5798 5800 5799
f 5801 5803 5802
f 5804 5806 5805
f 5807 5809 5808
f 5810 5812 5811
f 5813 5815 5814
f 5816 5818 5817
f 5819 5821 5820
f 5822 5824 5823
f 5825 5827 5826
f 5828 5830 5829
f 5831 5833 5832
f 5834 5836 5835
f 5837 5839 5838
f 5840 5842 5841
f 5843 5845 5844
f 5846 5848 5847
f 5849 5851 5850
f 5852 5854 5853
f 5855 5857 5856
f 5858 5860 5859
f 5861 5863 5862
f 5864 5866 5865
f 5867 5869 5868
f 5870 5872 5871
f 5873 5875 5874
f 5876 5878 5877
f 5879 5881 5880
f 5882 5884 5883
f 5885 5887 5886
f 5888 5890 5889
f 5891 5893 5892
f 5894 5896 5895
f 5897 5899 5898
f 5900 5902 5901
f 5903 5905 5904
f 5906 5908 5907
f 5909 5911 5910
f 5912 5914 5913
f 5915 5917 5916
f 5918 5920 5919
f 5921 5923 5922
f 5924 5926 5925
f 5927 5929 5928
f 5930 5932 5931
f 5933 5935 5934
f 5936 5938 5937
f 5939 5941 5940
f 5942 5944 5943
f 5945 5947 5946
f 5948 5950 5949
f 5951 5953 5952
f 5954 5956 5955
f 5957 5959 5958
f 5960 5962 5961
f 5963 5965 5964
f 5966 5968 5967
f 5969 5971 5970
f 5972 5974 5973
f 5975 5977 5976
f 5978 5980 5979
f 5981 5983 5982
f 5984 5986 5985
f 5987 5989 5988
f 5990 5992 5991
f 5993 5995 5994
f 5996 5998 5997
f 5999 6001 6000
f 6002 6004 6003
f 6005 6007 6006
f 6008 6010 6009
f 6011 6013 6012
f 6014 6016 6015
f 6017 6019 6018
f 6020 6022 6021
f 6023 6025 6024
f 6026 6028 6027
f 6029 6031 6030
f 6032 6034 6033
f 6035 6037 6036
f 6038 6040 6039
f 6041 6043 6042
f 6044 6046 6045
f 6047 6049 6048
f 6050 6052 6051
f 6053 6055 6054
f 6056 6058 6057
f 6059 6061 6060
f 6062 6064 6063
f 6065 6067 6066
f 6068 6070 6069
f 6071 6073 6072
f 6074 6076 6075
f 6077 6079 6078
f 6080 6082 6081
f 6083 6085 6084
f 6086 6088 6087
f 6089 6091 6090
f 6092 6094 6093
f 6095 6097 6096
f 6098 6100 6099
f 6101 6103 6102
f 6104 6106 6105
f 6107 6109 6108
f 6110 6112 6111
f 6113 6115 6114
f 6116 6118 6117
f 6119 6121 6120
f 6122 6124 6123
f 6125 6127 6126
f 6128 6130 6129
f 6131 6133 6132
f 6134 6136 6135
f 6137 6139 6138
f 6140 6142 6141
f 6143 6145 6144
f 6146 6148 6147
f 6149 6151 6150
f 6152 6154 6153
f 6155 6157 6156
f 6158 6160 6159
f 6161 6163 6162
f 6164 6166 6165
f 6167 6169 6168
f 6170 6176 6171
f 6171 6176 6177
f 6171 6177 6172
f 6172 6177 6178
f 6172 6178 6173
f 6173 6178 6179
f 6173 6179 6174
f 6174 6179 6180
f 6174 6180 6175
f 6175 6180 6181
f 6176 6182 6177
f 6177 6182 6183
f 6177 6183 6178
f 6178 6183 6184
f 6178 6184 6179
f 6179 6184 6185
f 6179 6185 6180
f 6180 6185 6186
f 6180 6186 6181
f 6181 6186 6187
f 6182 6188 6183
f 6183 6188 6189
f 6183 6189 6184
f 6184 6189 6190
f 6184 6190 6185
f 6185 6190 6191
f 6185 6191 6186
f 6186 6191 6192
f 6186 6192 6187
f 6187 6192 6193
f 6188 6194 6189
f 6189 6194 6195
f 6189 6195 6190
f 6190 6195 6196
f 6190 6196 6191
f 6191 6196 6197
f 6191 6197 6192
f 6192 6197 6198
f 6192 6198 6193
f 6193 6198 6199
f 6194 6200 6195
f 6195 6200 6201
f 6195 6201 6196
f 6196 6201 6202
f 6196 6202 6197
f 6197 6202 6203
f 6197 6203 6198
f 6198 6203 6204
f 6198 6204 6199
f 6199 6204 6205
f 6200 6206 6201
f 6201 6206 6207
f 6201 6207 6202
f 6202 6207 6208
f 6202 6208 6203
f 6203 6208 6209
f 6203 6209 6204
f 6204 6209 6210
f 6204 6210 6205
f 6205 6210 6211
f 6206 6212 6207
f 6207 6212 6213
f 6207 6213 6208
f 6208 6213 6214
f 6208 6214 6209
f 6209 6214 6215
f 6209 6215 6210
f 6210 6215 6216
f 6210 6216 6211
f 6211 6216 6217
f 6218 6224 6219
f 6219 6224 6225
f 6219 6225 6220
f 6220 6225 6226
f 6220 6226 6221
f 6221 6226 6227
f 6221 6227 6222
f 6222 6227 6228
f 6222 6228 6223
f 6223 6228 6229
f 6224 6230 6225
f 6225 6230 6231
f 6225 6231 6226
f 6226 6231 6232
f 6226 6232 6227
f 6227 6232 6233
f 6227 6233 6228
f 6228 6233 6234
f 6228 6234 6229
f 6229 6234 6235
f 6230 6236 6231
f 6231 6236 6237
f 6231 6237 6232
f 6232 6237 6238
f 6232 6238 6233
f 6233 6238 6239
f 6233 6239 6234
f 6234 6239 6240
f 6234 6240 6235
f 6235 6240 6241
f 6236 6242 6237
f 6237 6242 6243
f 6237 6243 6238
f 6238 6243 6244
f 6238 6244 6239
f 6239 6244 6245
f 6239 6245 6240
f 6240 6245 6246
f 6240 6246 6241
f 6241 6246 6247
f 6242 6248 6243
f 6243 6248 6249
f 6243 6249 6244
f 6244 6249 6250
f 6244 6250 6245
f 6245 6250 6251
f 6245 6251 6246
f 6246 6251 6252
f 6246 6252 6247
f 6247 6252 6253
f 6248 6254 6249
f 6249 6254 6255
f 6249 6255 6250
f 6250 6255 6256
f 6250 6256 6251
f 6251 6256 6257
f 6251 6257 6252
f 6252 6257 6258
f 6252 6258 6253
f 6253 6258 6259
f 6254 6260 6255
f 6255 6260 6261
f 6255 6261 6256
f 6256 6261 6262
f 6256 6262 6257
f 6257 6262 6263
f 6257 6263 6258
f 6258 6263 6264
f 6258 6264 6259
f 6259 6264 6265
f 6266 6272 6267
f 6267 6272 6273
f 6267 6273 6268
f 6268 6273 6274
f 6268 6274 6269
f 6269 6274 6275
f 6269 6275 6270
f 6270 6275 6276
f 6270 6276 6271
f 6271 6276 6277
f 6272 6278 6273
f 6273 6278 6279
f 6273 6279 6274
f 6274 6279 6280
f 6274 6280 6275
f 6275 6280 6281
f 6275 6281 6276
f 6276 6281 6282
f 6276 6282 6277
f 6277 6282 6283
f 6278 6284 6279
f 6279 6284 6285
f 6279 6285 6280
f 6280 6285 6286
f 6280 6286 6281
f 6281 6286 6287
f 6281 6287 6282
f 6282 6287 6288
f 6282 6288 6283
f 6283 6288 6289
f 6284 6290 6285
f 6285 6290 6291
f 6285 6291 6286
f 6286 6291 6292
f 6286 6292 6287
f 6287 6292 6293
f 6287 6293 6288
f 6288 6293 6294
f 6288 6294 6289
f 6289 6294 6295
f 6290 6296 6291
f 6291 6296 6297
f 6291 6297 6292
f 6292 6297 6298
f 6292 6298 6293
f 6293 6298 6299
f 6293 6299 6294
f 6294 6299 6300
f 6294 6300 6295
f 6295 6300 6301
f 6296 6302 6297
f 6297 6302 6303
f 6297 6303 6298
f 6298 6303 6304
f 6298 6304 6299
f 6299 6304 6305
f 6299 6305 6300
f 6300 6305 6306
f 6300 6306 6301
f 6301 6306 6307
f 6302 6308 6303
f 6303 6308 6309
f 6303 6309 6304
f 6304 6309 6310
f 6304 6310 6305
f 6305 6310 6311
f 6305 6311 6306
f 6306 6311 6312
f 6306 6312 6307
f 6307 6312 6313
f 6320 6315 6321
f 6321 6316 6322
f 6322 6317 6323
f 6323 6318 6324
f 6324 6319 6325
f 6332 6326 6331
f 6333 6327 6332
f 6334 6328 6333
f 6335 6329 6334
f 6336 6330 6335
f 6343 6338 6344
f 6344 6339 6345
f 6345 6340 6346
f 6346 6341 6347
f 6347 6342 6348
f 6355 6349 6354
f 6356 6350 6355
f 6357 6351 6356
f 6358 6352 6357
f 6359 6353 6358
f 6366 6361 6367
f 6367 6362 6368
f 6368 6363 6369
f 6369 6364 6370
f 6370 6365 6371
f 6378 6372 6377
f 6379 6373 6378
f 6380 6374 6379
f 6381 6375 6380
f 6382 6376 6381
f 6389 6384 6390
f 6390 6385 6391
f 6391 6386 6392
f 6392 6387 6393
f 6393 6388 6394
f 6401 6395 6400
f 6402 6396 6401
f 6403 6397 6402
f 6404 6398 6403
f 6405 6399 6404