v 0.00000 0.00000 0.00000 1.00000 1.00000 0.64876
v 0.00000 0.00000 0.00000 1.00000 1.00000 0.64876
v 0.00000 0.00000 0.00000 1.00000 1.00000 0.64876
v 0.00000 0.00000 0.00000 1.00000 1.00000 0.64876
v 0.00000 0.00000 0.00000 1.00000 1.00000 0.64876
v 0.00000 0.00000 0.00000 1.00000 1.00000 0.64876
v 0.00000 0.00000 0.00000 1.00000 1.00000 0.64876
v 0.00000 0.00000 0.00000 1.00000 1.00000 0.64876
v 0.00000 0.00000 0.00000 1.00000 1.00000 0.64876
v 0.00000 0.00000 0.00000 1.00000 1.00000 0.64876
v 0.00000 0.00000 0.00000 1.00000 1.00000 0.64876
v 0.00000 0.00000 0.00000 1.00000 1.00000 0.64876
v 0.00000 0.00000 0.00000 1.00000 1.00000 0.64876
v 0.00000 0.00000 0.00000 1.00000 1.00000 0.64876
v 0.00000 0.00000 0.00000 1.00000 1.00000 0.64876
v 0.00000 0.00000 0.00000 1.00000 1.00000 0.64876
v 0.04196 0.00330 0.00000 1.00000 1.00000 0.64876
v 0.03833 0.00330 0.01707 1.00000 1.00000 0.64876
v 0.02808 0.00330 0.03118 1.00000 1.00000 0.64876
v 0.01297 0.00330 0.03990 1.00000 1.00000 0.64876
v -0.00439 0.00330 0.04173 1.00000 1.00000 0.64876
v -0.02098 0.00330 0.03634 1.00000 1.00000 0.64876
v -0.03394 0.00330 0.02466 1.00000 1.00000 0.64876
v -0.04104 0.00330 0.00872 1.00000 1.00000 0.64876
v -0.04104 0.00330 -0.00872 1.00000 1.00000 0.64876
v -0.03394 0.00330 -0.02466 1.00000 1.00000 0.64876
v -0.02098 0.00330 -0.03634 1.00000 1.00000 0.64876
v -0.00439 0.00330 -0.04173 1.00000 1.00000 0.64876
v 0.01297 0.00330 -0.03990 1.00000 1.00000 0.64876
v 0.02808 0.00330 -0.03118 1.00000 1.00000 0.64876
v 0.03833 0.00330 -0.01707 1.00000 1.00000 0.64876
v 0.04196 0.00330 -0.00000 1.00000 1.00000 0.64876
v 0.08288 0.01313 0.00000 1.00000 1.00000 0.64876
v 0.07572 0.01313 0.03371 1.00000 1.00000 0.64876
v 0.05546 0.01313 0.06159 1.00000 1.00000 0.64876
v 0.02561 0.01313 0.07883 1.00000 1.00000 0.64876
v -0.00866 0.01313 0.08243 1.00000 1.00000 0.64876
v -0.04144 0.01313 0.07178 1.00000 1.00000 0.64876
v -0.06705 0.01313 0.04872 1.00000 1.00000 0.64876
v -0.08107 0.01313 0.01723 1.00000 1.00000 0.64876
v -0.08107 0.01313 -0.01723 1.00000 1.00000 0.64876
v -0.06705 0.01313 -0.04872 1.00000 1.00000 0.64876
v -0.04144 0.01313 -0.07178 1.00000 1.00000 0.64876
v -0.00866 0.01313 -0.08243 1.00000 1.00000 0.64876
v 0.02561 0.01313 -0.07883 1.00000 1.00000 0.64876
v 0.05546 0.01313 -0.06159 1.00000 1.00000 0.64876
v 0.07572 0.01313 -0.03371 1.00000 1.00000 0.64876
v 0.08288 0.01313 -0.00000 1.00000 1.00000 0.64876
v 0.12177 0.02923 0.00000 1.00000 1.00000 0.64876
v 0.11124 0.02923 0.04953 1.00000 1.00000 0.64876
v 0.08148 0.02923 0.09049 1.00000 1.00000 0.64876
v 0.03763 0.02923 0.11581 1.00000 1.00000 0.64876
v -0.01273 0.02923 0.12110 1.00000 1.00000 0.64876
v -0.06088 0.02923 0.10545 1.00000 1.00000 0.64876
v -0.09851 0.02923 0.07157 1.00000 1.00000 0.64876
v -0.11911 0.02923 0.02532 1.00000 1.00000 0.64876
v -0.11911 0.02923 -0.02532 1.00000 1.00000 0.64876
v -0.09851 0.02923 -0.07157 1.00000 1.00000 0.64876
v -0.06088 0.02923 -0.10545 1.00000 1.00000 0.64876
v -0.01273 0.02923 -0.12110 1.00000 1.00000 0.64876
v 0.03763 0.02923 -0.11581 1.00000 1.00000 0.64876
v 0.08148 0.02923 -0.09049 1.00000 1.00000 0.64876
v 0.11124 0.02923 -0.04953 1.00000 1.00000 0.64876
v 0.12177 0.02923 -0.00000 1.00000 1.00000 0.64876
v 0.15765 0.05122 0.00000 1.00000 1.00000 0.64876
v 0.14402 0.05122 0.06412 1.00000 1.00000 0.64876
v 0.10549 0.05122 0.11716 1.00000 1.00000 0.64876
v 0.04872 0.05122 0.14994 1.00000 1.00000 0.64876
v -0.01648 0.05122 0.15679 1.00000 1.00000 0.64876
v -0.07883 0.05122 0.13653 1.00000 1.00000 0.64876
v -0.12754 0.05122 0.09267 1.00000 1.00000 0.64876
v -0.15421 0.05122 0.03278 1.00000 1.00000 0.64876
v -0.15421 0.05122 -0.03278 1.00000 1.00000 0.64876
v -0.12754 0.05122 -0.09267 1.00000 1.00000 0.64876
v -0.07883 0.05122 -0.13653 1.00000 1.00000 0.64876
v -0.01648 0.05122 -0.15679 1.00000 1.00000 0.64876
v 0.04872 0.05122 -0.14994 1.00000 1.00000 0.64876
v 0.10549 0.05122 -0.11716 1.00000 1.00000 0.64876
v 0.14402 0.05122 -0.06412 1.00000 1.00000 0.64876
v 0.15765 0.05122 -0.00000 1.00000 1.00000 0.64876
v 0.18966 0.07856 0.00000 1.00000 1.00000 0.64876
v 0.17326 0.07856 0.07714 1.00000 1.00000 0.64876
v 0.12690 0.07856 0.14094 1.00000 1.00000 0.64876
v 0.05861 0.07856 0.18037 1.00000 1.00000 0.64876
v -0.01982 0.07856 0.18862 1.00000 1.00000 0.64876
v -0.09483 0.07856 0.16425 1.00000 1.00000 0.64876
v -0.15343 0.07856 0.11148 1.00000 1.00000 0.64876
v -0.18551 0.07856 0.03943 1.00000 1.00000 0.64876
v -0.18551 0.07856 -0.03943 1.00000 1.00000 0.64876
v -0.15343 0.07856 -0.11148 1.00000 1.00000 0.64876
v -0.09483 0.07856 -0.16425 1.00000 1.00000 0.64876
v -0.01982 0.07856 -0.18862 1.00000 1.00000 0.64876
v 0.05861 0.07856 -0.18037 1.00000 1.00000 0.64876
v 0.12690 0.07856 -0.14094 1.00000 1.00000 0.64876
v 0.17326 0.07856 -0.07714 1.00000 1.00000 0.64876
v 0.18966 0.07856 -0.00000 1.00000 1.00000 0.64876
v 0.21699 0.11056 0.00000 1.00000 1.00000 0.64876
v 0.19823 0.11056 0.08826 1.00000 1.00000 0.64876
v 0.14519 0.11056 0.16125 1.00000 1.00000 0.64876
v 0.06705 0.11056 0.20637 1.00000 1.00000 0.64876
v -0.02268 0.11056 0.21580 1.00000 1.00000 0.64876
v -0.10849 0.11056 0.18792 1.00000 1.00000 0.64876
v -0.17555 0.11056 0.12754 1.00000 1.00000 0.64876
v -0.21225 0.11056 0.04511 1.00000 1.00000 0.64876
v -0.21225 0.11056 -0.04511 1.00000 1.00000 0.64876
v -0.17555 0.11056 -0.12754 1.00000 1.00000 0.64876
v -0.10849 0.11056 -0.18792 1.00000 1.00000 0.64876
v -0.02268 0.11056 -0.21580 1.00000 1.00000 0.64876
v 0.06705 0.11056 -0.20637 1.00000 1.00000 0.64876
v 0.14519 0.11056 -0.16125 1.00000 1.00000 0.64876
v 0.19823 0.11056 -0.08826 1.00000 1.00000 0.64876
v 0.21699 0.11056 -0.00000 1.00000 1.00000 0.64876
v 0.23898 0.14645 0.00000 1.00000 1.00000 0.64876
v 0.21832 0.14645 0.09720 1.00000 1.00000 0.64876
v 0.15991 0.14645 0.17760 1.00000 1.00000 0.64876
v 0.07385 0.14645 0.22728 1.00000 1.00000 0.64876
v -0.02498 0.14645 0.23767 1.00000 1.00000 0.64876
v -0.11949 0.14645 0.20696 1.00000 1.00000 0.64876
v -0.19334 0.14645 0.14047 1.00000 1.00000 0.64876
v -0.23376 0.14645 0.04969 1.00000 1.00000 0.64876
v -0.23376 0.14645 -0.04969 1.00000 1.00000 0.64876
v -0.19334 0.14645 -0.14047 1.00000 1.00000 0.64876
v -0.11949 0.14645 -0.20696 1.00000 1.00000 0.64876
v -0.02498 0.14645 -0.23767 1.00000 1.00000 0.64876
v 0.07385 0.14645 -0.22728 1.00000 1.00000 0.64876
v 0.15991 0.14645 -0.17760 1.00000 1.00000 0.64876
v 0.21832 0.14645 -0.09720 1.00000 1.00000 0.64876
v 0.23898 0.14645 -0.00000 1.00000 1.00000 0.64876
v 0.25509 0.18533 0.00000 1.00000 1.00000 0.64876
v 0.23303 0.18533 0.10375 1.00000 1.00000 0.64876
v 0.17069 0.18533 0.18957 1.00000 1.00000 0.64876
v 0.07883 0.18533 0.24260 1.00000 1.00000 0.64876
v -0.02666 0.18533 0.25369 1.00000 1.00000 0.64876
v -0.12754 0.18533 0.22091 1.00000 1.00000 0.64876
v -0.20637 0.18533 0.14994 1.00000 1.00000 0.64876
v -0.24951 0.18533 0.05304 1.00000 1.00000 0.64876
v -0.24951 0.18533 -0.05304 1.00000 1.00000 0.64876
v -0.20637 0.18533 -0.14994 1.00000 1.00000 0.64876
v -0.12754 0.18533 -0.22091 1.00000 1.00000 0.64876
v -0.02666 0.18533 -0.25369 1.00000 1.00000 0.64876
v 0.07883 0.18533 -0.24260 1.00000 1.00000 0.64876
v 0.17069 0.18533 -0.18957 1.00000 1.00000 0.64876
v 0.23303 0.18533 -0.10375 1.00000 1.00000 0.64876
v 0.25509 0.18533 -0.00000 1.00000 1.00000 0.64876
v 0.26491 0.22626 0.00000 1.00000 1.00000 0.64876
v 0.24201 0.22626 0.10775 1.00000 1.00000 0.64876
v 0.17726 0.22626 0.19687 1.00000 1.00000 0.64876
v 0.08186 0.22626 0.25195 1.00000 1.00000 0.64876
v -0.02769 0.22626 0.26346 1.00000 1.00000 0.64876
v -0.13246 0.22626 0.22942 1.00000 1.00000 0.64876
v -0.21432 0.22626 0.15571 1.00000 1.00000 0.64876
v -0.25912 0.22626 0.05508 1.00000 1.00000 0.64876
v -0.25912 0.22626 -0.05508 1.00000 1.00000 0.64876
v -0.21432 0.22626 -0.15571 1.00000 1.00000 0.64876
v -0.13246 0.22626 -0.22942 1.00000 1.00000 0.64876
v -0.02769 0.22626 -0.26346 1.00000 1.00000 0.64876
v 0.08186 0.22626 -0.25195 1.00000 1.00000 0.64876
v 0.17726 0.22626 -0.19687 1.00000 1.00000 0.64876
v 0.24201 0.22626 -0.10775 1.00000 1.00000 0.64876
v 0.26491 0.22626 -0.00000 1.00000 1.00000 0.64876
v 0.26821 0.26821 0.00000 1.00000 1.00000 0.64876
v 0.24503 0.26821 0.10909 1.00000 1.00000 0.64876
v 0.17947 0.26821 0.19932 1.00000 1.00000 0.64876
v 0.08288 0.26821 0.25509 1.00000 1.00000 0.64876
v -0.02804 0.26821 0.26674 1.00000 1.00000 0.64876
v -0.13411 0.26821 0.23228 1.00000 1.00000 0.64876
v -0.21699 0.26821 0.15765 1.00000 1.00000 0.64876
v -0.26235 0.26821 0.05576 1.00000 1.00000 0.64876
v -0.26235 0.26821 -0.05576 1.00000 1.00000 0.64876
v -0.21699 0.26821 -0.15765 1.00000 1.00000 0.64876
v -0.13411 0.26821 -0.23228 1.00000 1.00000 0.64876
v -0.02804 0.26821 -0.26674 1.00000 1.00000 0.64876
v 0.08288 0.26821 -0.25509 1.00000 1.00000 0.64876
v 0.17947 0.26821 -0.19932 1.00000 1.00000 0.64876
v 0.24503 0.26821 -0.10909 1.00000 1.00000 0.64876
v 0.26821 0.26821 -0.00000 1.00000 1.00000 0.64876
v 0.26821 1.02815 0.00000 1.00000 1.00000 0.64876
v 0.24503 1.02815 0.10909 1.00000 1.00000 0.64876
v 0.17947 1.02815 0.19932 1.00000 1.00000 0.64876
v 0.08288 1.02815 0.25509 1.00000 1.00000 0.64876
v -0.02804 1.02815 0.26674 1.00000 1.00000 0.64876
v -0.13411 1.02815 0.23228 1.00000 1.00000 0.64876
v -0.21699 1.02815 0.15765 1.00000 1.00000 0.64876
v -0.26235 1.02815 0.05576 1.00000 1.00000 0.64876
v -0.26235 1.02815 -0.05576 1.00000 1.00000 0.64876
v -0.21699 1.02815 -0.15765 1.00000 1.00000 0.64876
v -0.13411 1.02815 -0.23228 1.00000 1.00000 0.64876
v -0.02804 1.02815 -0.26674 1.00000 1.00000 0.64876
v 0.08288 1.02815 -0.25509 1.00000 1.00000 0.64876
v 0.17947 1.02815 -0.19932 1.00000 1.00000 0.64876
v 0.24503 1.02815 -0.10909 1.00000 1.00000 0.64876
v 0.26821 1.02815 -0.00000 1.00000 1.00000 0.64876
v 0.26491 1.07011 0.00000 1.00000 1.00000 0.64876
v 0.24201 1.07011 0.10775 1.00000 1.00000 0.64876
v 0.17726 1.07011 0.19687 1.00000 1.00000 0.64876
v 0.08186 1.07011 0.25195 1.00000 1.00000 0.64876
v -0.02769 1.07011 0.26346 1.00000 1.00000 0.64876
v -0.13246 1.07011 0.22942 1.00000 1.00000 0.64876
v -0.21432 1.07011 0.15571 1.00000 1.00000 0.64876
v -0.25912 1.07011 0.05508 1.00000 1.00000 0.64876
v -0.25912 1.07011 -0.05508 1.00000 1.00000 0.64876
v -0.21432 1.07011 -0.15571 1.00000 1.00000 0.64876
v -0.13246 1.07011 -0.22942 1.00000 1.00000 0.64876
v -0.02769 1.07011 -0.26346 1.00000 1.00000 0.64876
v 0.08186 1.07011 -0.25195 1.00000 1.00000 0.64876
v 0.17726 1.07011 -0.19687 1.00000 1.00000 0.64876
v 0.24201 1.07011 -0.10775 1.00000 1.00000 0.64876
v 0.26491 1.07011 -0.00000 1.00000 1.00000 0.64876
v 0.25509 1.11103 0.00000 1.00000 1.00000 0.64876
v 0.23303 1.11103 0.10375 1.00000 1.00000 0.64876
v 0.17069 1.11103 0.18957 1.00000 1.00000 0.64876
v 0.07883 1.11103 0.24260 1.00000 1.00000 0.64876
v -0.02666 1.11103 0.25369 1.00000 1.00000 0.64876
v -0.12754 1.11103 0.22091 1.00000 1.00000 0.64876
v -0.20637 1.11103 0.14994 1.00000 1.00000 0.64876
v -0.24951 1.11103 0.05304 1.00000 1.00000 0.64876
v -0.24951 1.11103 -0.05304 1.00000 1.00000 0.64876
v -0.20637 1.11103 -0.14994 1.00000 1.00000 0.64876
v -0.12754 1.11103 -0.22091 1.00000 1.00000 0.64876
v -0.02666 1.11103 -0.25369 1.00000 1.00000 0.64876
v 0.07883 1.11103 -0.24260 1.00000 1.00000 0.64876
v 0.17069 1.11103 -0.18957 1.00000 1.00000 0.64876
v 0.23303 1.11103 -0.10375 1.00000 1.00000 0.64876
v 0.25509 1.11103 -0.00000 1.00000 1.00000 0.64876
v 0.23898 1.14992 0.00000 1.00000 1.00000 0.64876
v 0.21832 1.14992 0.09720 1.00000 1.00000 0.64876
v 0.15991 1.14992 0.17760 1.00000 1.00000 0.64876
v 0.07385 1.14992 0.22728 1.00000 1.00000 0.64876
v -0.02498 1.14992 0.23767 1.00000 1.00000 0.64876
v -0.11949 1.14992 0.20696 1.00000 1.00000 0.64876
v -0.19334 1.14992 0.14047 1.00000 1.00000 0.64876
v -0.23376 1.14992 0.04969 1.00000 1.00000 0.64876
v -0.23376 1.14992 -0.04969 1.00000 1.00000 0.64876
v -0.19334 1.14992 -0.14047 1.00000 1.00000 0.64876
v -0.11949 1.14992 -0.20696 1.00000 1.00000 0.64876
v -0.02498 1.14992 -0.23767 1.00000 1.00000 0.64876
v 0.07385 1.14992 -0.22728 1.00000 1.00000 0.64876
v 0.15991 1.14992 -0.17760 1.00000 1.00000 0.64876
v 0.21832 1.14992 -0.09720 1.00000 1.00000 0.64876
v 0.23898 1.14992 -0.00000 1.00000 1.00000 0.64876
v 0.21699 1.18580 0.00000 1.00000 1.00000 0.64876
v 0.19823 1.18580 0.08826 1.00000 1.00000 0.64876
v 0.14519 1.18580 0.16125 1.00000 1.00000 0.64876
v 0.06705 1.18580 0.20637 1.00000 1.00000 0.64876
v -0.02268 1.18580 0.21580 1.00000 1.00000 0.64876
v -0.10849 1.18580 0.18792 1.00000 1.00000 0.64876
v -0.17555 1.18580 0.12754 1.00000 1.00000 0.64876
v -0.21225 1.18580 0.04511 1.00000 1.00000 0.64876
v -0.21225 1.18580 -0.04511 1.00000 1.00000 0.64876
v -0.17555 1.18580 -0.12754 1.00000 1.00000 0.64876
v -0.10849 1.18580 -0.18792 1.00000 1.00000 0.64876
v -0.02268 1.18580 -0.21580 1.00000 1.00000 0.64876
v 0.06705 1.18580 -0.20637 1.00000 1.00000 0.64876
v 0.14519 1.18580 -0.16125 1.00000 1.00000 0.64876
v 0.19823 1.18580 -0.08826 1.00000 1.00000 0.64876
v 0.21699 1.18580 -0.00000 1.00000 1.00000 0.64876
v 0.18966 1.21781 0.00000 1.00000 1.00000 0.64876
v 0.17326 1.21781 0.07714 1.00000 1.00000 0.64876
v 0.12690 1.21781 0.14094 1.00000 1.00000 0.64876
v 0.05861 1.21781 0.18037 1.00000 1.00000 0.64876
v -0.01982 1.21781 0.18862 1.00000 1.00000 0.64876
v -0.09483 1.21781 0.16425 1.00000 1.00000 0.64876
v -0.15343 1.21781 0.11148 1.00000 1.00000 0.64876
v -0.18551 1.21781 0.03943 1.00000 1.00000 0.64876
v -0.18551 1.21781 -0.03943 1.00000 1.00000 0.64876
v -0.15343 1.21781 -0.11148 1.00000 1.00000 0.64876
v -0.09483 1.21781 -0.16425 1.00000 1.00000 0.64876
v -0.01982 1.21781 -0.18862 1.00000 1.00000 0.64876
v 0.05861 1.21781 -0.18037 1.00000 1.00000 0.64876
v 0.12690 1.21781 -0.14094 1.00000 1.00000 0.64876
v 0.17326 1.21781 -0.07714 1.00000 1.00000 0.64876
v 0.18966 1.21781 -0.00000 1.00000 1.00000 0.64876
v 0.15765 1.24514 0.00000 1.00000 1.00000 0.64876
v 0.14402 1.24514 0.06412 1.00000 1.00000 0.64876
v 0.10549 1.24514 0.11716 1.00000 1.00000 0.64876
v 0.04872 1.24514 0.14994 1.00000 1.00000 0.64876
v -0.01648 1.24514 0.15679 1.00000 1.00000 0.64876
v -0.07883 1.24514 0.13653 1.00000 1.00000 0.64876
v -0.12754 1.24514 0.09267 1.00000 1.00000 0.64876
v -0.15421 1.24514 0.03278 1.00000 1.00000 0.64876
v -0.15421 1.24514 -0.03278 1.00000 1.00000 0.64876
v -0.12754 1.24514 -0.09267 1.00000 1.00000 0.64876
v -0.07883 1.24514 -0.13653 1.00000 1.00000 0.64876
v -0.01648 1.24514 -0.15679 1.00000 1.00000 0.64876
v 0.04872 1.24514 -0.14994 1.00000 1.00000 0.64876
v 0.10549 1.24514 -0.11716 1.00000 1.00000 0.64876
v 0.14402 1.24514 -0.06412 1.00000 1.00000 0.64876
v 0.15765 1.24514 -0.00000 1.00000 1.00000 0.64876
v 0.12177 1.26713 0.00000 1.00000 1.00000 0.64876
v 0.11124 1.26713 0.04953 1.00000 1.00000 0.64876
v 0.08148 1.26713 0.09049 1.00000 1.00000 0.64876
v 0.03763 1.26713 0.11581 1.00000 1.00000 0.64876
v -0.01273 1.26713 0.12110 1.00000 1.00000 0.64876
v -0.06088 1.26713 0.10545 1.00000 1.00000 0.64876
v -0.09851 1.26713 0.07157 1.00000 1.00000 0.64876
v -0.11911 1.26713 0.02532 1.00000 1.00000 0.64876
v -0.11911 1.26713 -0.02532 1.00000 1.00000 0.64876
v -0.09851 1.26713 -0.07157 1.00000 1.00000 0.64876
v -0.06088 1.26713 -0.10545 1.00000 1.00000 0.64876
v -0.01273 1.26713 -0.12110 1.00000 1.00000 0.64876
v 0.03763 1.26713 -0.11581 1.00000 1.00000 0.64876
v 0.08148 1.26713 -0.09049 1.00000 1.00000 0.64876
v 0.11124 1.26713 -0.04953 1.00000 1.00000 0.64876
v 0.12177 1.26713 -0.00000 1.00000 1.00000 0.64876
v 0.08288 1.28324 0.00000 1.00000 1.00000 0.64876
v 0.07572 1.28324 0.03371 1.00000 1.00000 0.64876
v 0.05546 1.28324 0.06159 1.00000 1.00000 0.64876
v 0.02561 1.28324 0.07883 1.00000 1.00000 0.64876
v -0.00866 1.28324 0.08243 1.00000 1.00000 0.64876
v -0.04144 1.28324 0.07178 1.00000 1.00000 0.64876
v -0.06705 1.28324 0.04872 1.00000 1.00000 0.64876
v -0.08107 1.28324 0.01723 1.00000 1.00000 0.64876
v -0.08107 1.28324 -0.01723 1.00000 1.00000 0.64876
v -0.06705 1.28324 -0.04872 1.00000 1.00000 0.64876
v -0.04144 1.28324 -0.07178 1.00000 1.00000 0.64876
v -0.00866 1.28324 -0.08243 1.00000 1.00000 0.64876
v 0.02561 1.28324 -0.07883 1.00000 1.00000 0.64876
v 0.05546 1.28324 -0.06159 1.00000 1.00000 0.64876
v 0.07572 1.28324 -0.03371 1.00000 1.00000 0.64876
v 0.08288 1.28324 -0.00000 1.00000 1.00000 0.64876
v 0.04196 1.29306 0.00000 1.00000 1.00000 0.64876
v 0.03833 1.29306 0.01707 1.00000 1.00000 0.64876
v 0.02808 1.29306 0.03118 1.00000 1.00000 0.64876
v 0.01297 1.29306 0.03990 1.00000 1.00000 0.64876
v -0.00439 1.29306 0.04173 1.00000 1.00000 0.64876
v -0.02098 1.29306 0.03634 1.00000 1.00000 0.64876
v -0.03394 1.29306 0.02466 1.00000 1.00000 0.64876
v -0.04104 1.29306 0.00872 1.00000 1.00000 0.64876
v -0.04104 1.29306 -0.00872 1.00000 1.00000 0.64876
v -0.03394 1.29306 -0.02466 1.00000 1.00000 0.64876
v -0.02098 1.29306 -0.03634 1.00000 1.00000 0.64876
v -0.00439 1.29306 -0.04173 1.00000 1.00000 0.64876
v 0.01297 1.29306 -0.03990 1.00000 1.00000 0.64876
v 0.02808 1.29306 -0.03118 1.00000 1.00000 0.64876
v 0.03833 1.29306 -0.01707 1.00000 1.00000 0.64876
v 0.04196 1.29306 -0.00000 1.00000 1.00000 0.64876
v 0.00000 1.29637 0.00000 1.00000 1.00000 0.64876
v 0.00000 1.29637 0.00000 1.00000 1.00000 0.64876
v 0.00000 1.29637 0.00000 1.00000 1.00000 0.64876
v 0.00000 1.29637 0.00000 1.00000 1.00000 0.64876
v -0.00000 1.29637 0.00000 1.00000 1.00000 0.64876
v -0.00000 1.29637 0.00000 1.00000 1.00000 0.64876
v -0.00000 1.29637 0.00000 1.00000 1.00000 0.64876
v -0.00000 1.29637 0.00000 1.00000 1.00000 0.64876
v -0.00000 1.29637 -0.00000 1.00000 1.00000 0.64876
v -0.00000 1.29637 -0.00000 1.00000 1.00000 0.64876
v -0.00000 1.29637 -0.00000 1.00000 1.00000 0.64876
v -0.00000 1.29637 -0.00000 1.00000 1.00000 0.64876
v 0.00000 1.29637 -0.00000 1.00000 1.00000 0.64876
v 0.00000 1.29637 -0.00000 1.00000 1.00000 0.64876
v 0.00000 1.29637 -0.00000 1.00000 1.00000 0.64876
v 0.00000 1.29637 -0.00000 1.00000 1.00000 0.64876
v -0.39785 1.45282 0.00000 1.00000 1.00000 0.64876
v -0.38713 1.54457 0.00000 1.00000 1.00000 0.64876
v -0.35553 1.63138 0.00000 1.00000 1.00000 0.64876
v -0.30477 1.70856 0.00000 1.00000 1.00000 0.64876
v -0.23758 1.77195 0.00000 1.00000 1.00000 0.64876
v -0.15758 1.81814 0.00000 1.00000 1.00000 0.64876
v -0.06909 1.84463 0.00000 1.00000 1.00000 0.64876
v 0.02313 1.85000 0.00000 1.00000 1.00000 0.64876
v 0.11410 1.83396 0.00000 1.00000 1.00000 0.64876
v 0.19893 1.79737 0.00000 1.00000 1.00000 0.64876
v 0.27302 1.74221 0.00000 1.00000 1.00000 0.64876
v 0.33240 1.67145 0.00000 1.00000 1.00000 0.64876
v 0.37386 1.58890 0.00000 1.00000 1.00000 0.64876
v 0.39516 1.49901 0.00000 1.00000 1.00000 0.64876
v 0.39516 1.40664 0.00000 1.00000 1.00000 0.64876
v 0.37386 1.31675 0.00000 1.00000 1.00000 0.64876
v 0.33240 1.23420 0.00000 1.00000 1.00000 0.64876
v 0.27302 1.16344 0.00000 1.00000 1.00000 0.64876
v 0.19893 1.10827 0.00000 1.00000 1.00000 0.64876
v 0.11410 1.07169 0.00000 1.00000 1.00000 0.64876
v 0.02313 1.05565 0.00000 1.00000 1.00000 0.64876
v -0.06909 1.06102 0.00000 1.00000 1.00000 0.64876
v -0.15758 1.08751 0.00000 1.00000 1.00000 0.64876
v -0.23758 1.13370 0.00000 1.00000 1.00000 0.64876
v -0.30477 1.19709 0.00000 1.00000 1.00000 0.64876
v -0.35553 1.27427 0.00000 1.00000 1.00000 0.64876
v -0.38713 1.36107 0.00000 1.00000 1.00000 0.64876
v -0.39785 1.45282 0.00000 1.00000 1.00000 0.64876
v -0.39017 1.45282 0.02365 1.00000 1.00000 0.64876
v -0.37965 1.54280 0.02365 1.00000 1.00000 0.64876
v -0.34867 1.62793 0.02365 1.00000 1.00000 0.64876
v -0.29888 1.70362 0.02365 1.00000 1.00000 0.64876
v -0.23299 1.76578 0.02365 1.00000 1.00000 0.64876
v -0.15454 1.81108 0.02365 1.00000 1.00000 0.64876
v -0.06775 1.83706 0.02365 1.00000 1.00000 0.64876
v 0.02269 1.84233 0.02365 1.00000 1.00000 0.64876
v 0.11190 1.82660 0.02365 1.00000 1.00000 0.64876
v 0.19508 1.79072 0.02365 1.00000 1.00000 0.64876
v 0.26775 1.73662 0.02365 1.00000 1.00000 0.64876
v 0.32598 1.66722 0.02365 1.00000 1.00000 0.64876
v 0.36664 1.58627 0.02365 1.00000 1.00000 0.64876
v 0.38753 1.49812 0.02365 1.00000 1.00000 0.64876
v 0.38753 1.40753 0.02365 1.00000 1.00000 0.64876
v 0.36664 1.31938 0.02365 1.00000 1.00000 0.64876
v 0.32598 1.23842 0.02365 1.00000 1.00000 0.64876
v 0.26775 1.16903 0.02365 1.00000 1.00000 0.64876
v 0.19508 1.11493 0.02365 1.00000 1.00000 0.64876
v 0.11190 1.07905 0.02365 1.00000 1.00000 0.64876
v 0.02269 1.06332 0.02365 1.00000 1.00000 0.64876
v -0.06775 1.06858 0.02365 1.00000 1.00000 0.64876
v -0.15454 1.09457 0.02365 1.00000 1.00000 0.64876
v -0.23299 1.13986 0.02365 1.00000 1.00000 0.64876
v -0.29888 1.20203 0.02365 1.00000 1.00000 0.64876
v -0.34867 1.27772 0.02365 1.00000 1.00000 0.64876
v -0.37965 1.36284 0.02365 1.00000 1.00000 0.64876
v -0.39017 1.45282 0.02365 1.00000 1.00000 0.64876
v -0.37005 1.45282 0.03826 1.00000 1.00000 0.64876
v -0.36008 1.53816 0.03826 1.00000 1.00000 0.64876
v -0.33069 1.61890 0.03826 1.00000 1.00000 0.64876
v -0.28348 1.69069 0.03826 1.00000 1.00000 0.64876
v -0.22098 1.74965 0.03826 1.00000 1.00000 0.64876
v -0.14657 1.79261 0.03826 1.00000 1.00000 0.64876
v -0.06426 1.81725 0.03826 1.00000 1.00000 0.64876
v 0.02152 1.82225 0.03826 1.00000 1.00000 0.64876
v 0.10613 1.80733 0.03826 1.00000 1.00000 0.64876
v 0.18503 1.77330 0.03826 1.00000 1.00000 0.64876
v 0.25394 1.72199 0.03826 1.00000 1.00000 0.64876
v 0.30917 1.65617 0.03826 1.00000 1.00000 0.64876
v 0.34773 1.57939 0.03826 1.00000 1.00000 0.64876
v 0.36755 1.49578 0.03826 1.00000 1.00000 0.64876
v 0.36755 1.40986 0.03826 1.00000 1.00000 0.64876
v 0.34773 1.32626 0.03826 1.00000 1.00000 0.64876
v 0.30917 1.24948 0.03826 1.00000 1.00000 0.64876
v 0.25394 1.18366 0.03826 1.00000 1.00000 0.64876
v 0.18503 1.13235 0.03826 1.00000 1.00000 0.64876
v 0.10613 1.09832 0.03826 1.00000 1.00000 0.64876
v 0.02152 1.08340 0.03826 1.00000 1.00000 0.64876
v -0.06426 1.08839 0.03826 1.00000 1.00000 0.64876
v -0.14657 1.11304 0.03826 1.00000 1.00000 0.64876
v -0.22098 1.15600 0.03826 1.00000 1.00000 0.64876
v -0.28348 1.21496 0.03826 1.00000 1.00000 0.64876
v -0.33069 1.28674 0.03826 1.00000 1.00000 0.64876
v -0.36008 1.36748 0.03826 1.00000 1.00000 0.64876
v -0.37005 1.45282 0.03826 1.00000 1.00000 0.64876
v -0.34519 1.45282 0.03826 1.00000 1.00000 0.64876
v -0.33588 1.53243 0.03826 1.00000 1.00000 0.64876
v -0.30847 1.60774 0.03826 1.00000 1.00000 0.64876
v -0.26443 1.67470 0.03826 1.00000 1.00000 0.64876
v -0.20613 1.72970 0.03826 1.00000 1.00000 0.64876
v -0.13672 1.76978 0.03826 1.00000 1.00000 0.64876
v -0.05994 1.79276 0.03826 1.00000 1.00000 0.64876
v 0.02007 1.79742 0.03826 1.00000 1.00000 0.64876
v 0.09900 1.78351 0.03826 1.00000 1.00000 0.64876
v 0.17259 1.75176 0.03826 1.00000 1.00000 0.64876
v 0.23688 1.70390 0.03826 1.00000 1.00000 0.64876
v 0.28840 1.64251 0.03826 1.00000 1.00000 0.64876
v 0.32437 1.57088 0.03826 1.00000 1.00000 0.64876
v 0.34285 1.49290 0.03826 1.00000 1.00000 0.64876
v 0.34285 1.41275 0.03826 1.00000 1.00000 0.64876
v 0.32437 1.33476 0.03826 1.00000 1.00000 0.64876
v 0.28840 1.26314 0.03826 1.00000 1.00000 0.64876
v 0.23688 1.20174 0.03826 1.00000 1.00000 0.64876
v 0.17259 1.15388 0.03826 1.00000 1.00000 0.64876
v 0.09900 1.12214 0.03826 1.00000 1.00000 0.64876
v 0.02007 1.10822 0.03826 1.00000 1.00000 0.64876
v -0.05994 1.11288 0.03826 1.00000 1.00000 0.64876
v -0.13672 1.13587 0.03826 1.00000 1.00000 0.64876
v -0.20613 1.17594 0.03826 1.00000 1.00000 0.64876
v -0.26443 1.23094 0.03826 1.00000 1.00000 0.64876
v -0.30847 1.29790 0.03826 1.00000 1.00000 0.64876
v -0.33588 1.37322 0.03826 1.00000 1.00000 0.64876
v -0.34519 1.45282 0.03826 1.00000 1.00000 0.64876
v -0.32507 1.45282 0.02365 1.00000 1.00000 0.64876
v -0.31631 1.52779 0.02365 1.00000 1.00000 0.64876
v -0.29049 1.59871 0.02365 1.00000 1.00000 0.64876
v -0.24902 1.66177 0.02365 1.00000 1.00000 0.64876
v -0.19412 1.71357 0.02365 1.00000 1.00000 0.64876
v -0.12875 1.75131 0.02365 1.00000 1.00000 0.64876
v -0.05645 1.77295 0.02365 1.00000 1.00000 0.64876
v 0.01890 1.77734 0.02365 1.00000 1.00000 0.64876
v 0.09323 1.76424 0.02365 1.00000 1.00000 0.64876
v 0.16253 1.73434 0.02365 1.00000 1.00000 0.64876
v 0.22308 1.68927 0.02365 1.00000 1.00000 0.64876
v 0.27159 1.63145 0.02365 1.00000 1.00000 0.64876
v 0.30547 1.56400 0.02365 1.00000 1.00000 0.64876
v 0.32287 1.49056 0.02365 1.00000 1.00000 0.64876
v 0.32287 1.41508 0.02365 1.00000 1.00000 0.64876
v 0.30547 1.34164 0.02365 1.00000 1.00000 0.64876
v 0.27159 1.27419 0.02365 1.00000 1.00000 0.64876
v 0.22308 1.21638 0.02365 1.00000 1.00000 0.64876
v 0.16253 1.17130 0.02365 1.00000 1.00000 0.64876
v 0.09323 1.14141 0.02365 1.00000 1.00000 0.64876
v 0.01890 1.12830 0.02365 1.00000 1.00000 0.64876
v -0.05645 1.13269 0.02365 1.00000 1.00000 0.64876
v -0.12875 1.15434 0.02365 1.00000 1.00000 0.64876
v -0.19412 1.19208 0.02365 1.00000 1.00000 0.64876
v -0.24902 1.24387 0.02365 1.00000 1.00000 0.64876
v -0.29049 1.30693 0.02365 1.00000 1.00000 0.64876
v -0.31631 1.37786 0.02365 1.00000 1.00000 0.64876
v -0.32507 1.45282 0.02365 1.00000 1.00000 0.64876
v -0.31739 1.45282 0.00000 1.00000 1.00000 0.64876
v -0.30883 1.52602 0.00000 1.00000 1.00000 0.64876
v -0.28363 1.59527 0.00000 1.00000 1.00000 0.64876
v -0.24313 1.65683 0.00000 1.00000 1.00000 0.64876
v -0.18953 1.70741 0.00000 1.00000 1.00000 0.64876
v -0.12571 1.74425 0.00000 1.00000 1.00000 0.64876
v -0.05511 1.76539 0.00000 1.00000 1.00000 0.64876
v 0.01845 1.76967 0.00000 1.00000 1.00000 0.64876
v 0.09103 1.75688 0.00000 1.00000 1.00000 0.64876
v 0.15869 1.72769 0.00000 1.00000 1.00000 0.64876
v 0.21780 1.68368 0.00000 1.00000 1.00000 0.64876
v 0.26517 1.62723 0.00000 1.00000 1.00000 0.64876
v 0.29825 1.56138 0.00000 1.00000 1.00000 0.64876
v 0.31524 1.48967 0.00000 1.00000 1.00000 0.64876
v 0.31524 1.41598 0.00000 1.00000 1.00000 0.64876
v 0.29825 1.34427 0.00000 1.00000 1.00000 0.64876
v 0.26517 1.27842 0.00000 1.00000 1.00000 0.64876
v 0.21780 1.22196 0.00000 1.00000 1.00000 0.64876
v 0.15869 1.17796 0.00000 1.00000 1.00000 0.64876
v 0.09103 1.14877 0.00000 1.00000 1.00000 0.64876
v 0.01845 1.13597 0.00000 1.00000 1.00000 0.64876
v -0.05511 1.14026 0.00000 1.00000 1.00000 0.64876
v -0.12571 1.16139 0.00000 1.00000 1.00000 0.64876
v -0.18953 1.19824 0.00000 1.00000 1.00000 0.64876
v -0.24313 1.24881 0.00000 1.00000 1.00000 0.64876
v -0.28363 1.31038 0.00000 1.00000 1.00000 0.64876
v -0.30883 1.37963 0.00000 1.00000 1.00000 0.64876
v -0.31739 1.45282 0.00000 1.00000 1.00000 0.64876
v -0.32507 1.45282 -0.02365 1.00000 1.00000 0.64876
v -0.31631 1.52779 -0.02365 1.00000 1.00000 0.64876
v -0.29049 1.59871 -0.02365 1.00000 1.00000 0.64876
v -0.24902 1.66177 -0.02365 1.00000 1.00000 0.64876
v -0.19412 1.71357 -0.02365 1.00000 1.00000 0.64876
v -0.12875 1.75131 -0.02365 1.00000 1.00000 0.64876
v -0.05645 1.77295 -0.02365 1.00000 1.00000 0.64876
v 0.01890 1.77734 -0.02365 1.00000 1.00000 0.64876
v 0.09323 1.76424 -0.02365 1.00000 1.00000 0.64876
v 0.16253 1.73434 -0.02365 1.00000 1.00000 0.64876
v 0.22308 1.68927 -0.02365 1.00000 1.00000 0.64876
v 0.27159 1.63145 -0.02365 1.00000 1.00000 0.64876
v 0.30547 1.56400 -0.02365 1.00000 1.00000 0.64876
v 0.32287 1.49056 -0.02365 1.00000 1.00000 0.64876
v 0.32287 1.41508 -0.02365 1.00000 1.00000 0.64876
v 0.30547 1.34164 -0.02365 1.00000 1.00000 0.64876
v 0.27159 1.27419 -0.02365 1.00000 1.00000 0.64876
v 0.22308 1.21638 -0.02365 1.00000 1.00000 0.64876
v 0.16253 1.17130 -0.02365 1.00000 1.00000 0.64876
v 0.09323 1.14141 -0.02365 1.00000 1.00000 0.64876
v 0.01890 1.12830 -0.02365 1.00000 1.00000 0.64876
v -0.05645 1.13269 -0.02365 1.00000 1.00000 0.64876
v -0.12875 1.15434 -0.02365 1.00000 1.00000 0.64876
v -0.19412 1.19208 -0.02365 1.00000 1.00000 0.64876
v -0.24902 1.24387 -0.02365 1.00000 1.00000 0.64876
v -0.29049 1.30693 -0.02365 1.00000 1.00000 0.64876
v -0.31631 1.37786 -0.02365 1.00000 1.00000 0.64876
v -0.32507 1.45282 -0.02365 1.00000 1.00000 0.64876
v -0.34519 1.45282 -0.03826 1.00000 1.00000 0.64876
v -0.33588 1.53243 -0.03826 1.00000 1.00000 0.64876
v -0.30847 1.60774 -0.03826 1.00000 1.00000 0.64876
v -0.26443 1.67470 -0.03826 1.00000 1.00000 0.64876
v -0.20613 1.72970 -0.03826 1.00000 1.00000 0.64876
v -0.13672 1.76978 -0.03826 1.00000 1.00000 0.64876
v -0.05994 1.79276 -0.03826 1.00000 1.00000 0.64876
v 0.02007 1.79742 -0.03826 1.00000 1.00000 0.64876
v 0.09900 1.78351 -0.03826 1.00000 1.00000 0.64876
v 0.17259 1.75176 -0.03826 1.00000 1.00000 0.64876
v 0.23688 1.70390 -0.03826 1.00000 1.00000 0.64876
v 0.28840 1.64251 -0.03826 1.00000 1.00000 0.64876
v 0.32437 1.57088 -0.03826 1.00000 1.00000 0.64876
v 0.34285 1.49290 -0.03826 1.00000 1.00000 0.64876
v 0.34285 1.41275 -0.03826 1.00000 1.00000 0.64876
v 0.32437 1.33476 -0.03826 1.00000 1.00000 0.64876
v 0.28840 1.26314 -0.03826 1.00000 1.00000 0.64876
v 0.23688 1.20174 -0.03826 1.00000 1.00000 0.64876
v 0.17259 1.15388 -0.03826 1.00000 1.00000 0.64876
v 0.09900 1.12214 -0.03826 1.00000 1.00000 0.64876
v 0.02007 1.10822 -0.03826 1.00000 1.00000 0.64876
v -0.05994 1.11288 -0.03826 1.00000 1.00000 0.64876
v -0.13672 1.13587 -0.03826 1.00000 1.00000 0.64876
v -0.20613 1.17594 -0.03826 1.00000 1.00000 0.64876
v -0.26443 1.23094 -0.03826 1.00000 1.00000 0.64876
v -0.30847 1.29790 -0.03826 1.00000 1.00000 0.64876
v -0.33588 1.37322 -0.03826 1.00000 1.00000 0.64876
v -0.34519 1.45282 -0.03826 1.00000 1.00000 0.64876
v -0.37005 1.45282 -0.03826 1.00000 1.00000 0.64876
v -0.36008 1.53816 -0.03826 1.00000 1.00000 0.64876
v -0.33069 1.61890 -0.03826 1.00000 1.00000 0.64876
v -0.28348 1.69069 -0.03826 1.00000 1.00000 0.64876
v -0.22098 1.74965 -0.03826 1.00000 1.00000 0.64876
v -0.14657 1.79261 -0.03826 1.00000 1.00000 0.64876
v -0.06426 1.81725 -0.03826 1.00000 1.00000 0.64876
v 0.02152 1.82225 -0.03826 1.00000 1.00000 0.64876
v 0.10613 1.80733 -0.03826 1.00000 1.00000 0.64876
v 0.18503 1.77330 -0.03826 1.00000 1.00000 0.64876
v 0.25394 1.72199 -0.03826 1.00000 1.00000 0.64876
v 0.30917 1.65617 -0.03826 1.00000 1.00000 0.64876
v 0.34773 1.57939 -0.03826 1.00000 1.00000 0.64876
v 0.36755 1.49578 -0.03826 1.00000 1.00000 0.64876
v 0.36755 1.40986 -0.03826 1.00000 1.00000 0.64876
v 0.34773 1.32626 -0.03826 1.00000 1.00000 0.64876
v 0.30917 1.24948 -0.03826 1.00000 1.00000 0.64876
v 0.25394 1.18366 -0.03826 1.00000 1.00000 0.64876
v 0.18503 1.13235 -0.03826 1.00000 1.00000 0.64876
v 0.10613 1.09832 -0.03826 1.00000 1.00000 0.64876
v 0.02152 1.08340 -0.03826 1.00000 1.00000 0.64876
v -0.06426 1.08839 -0.03826 1.00000 1.00000 0.64876
v -0.14657 1.11304 -0.03826 1.00000 1.00000 0.64876
v -0.22098 1.15600 -0.03826 1.00000 1.00000 0.64876
v -0.28348 1.21496 -0.03826 1.00000 1.00000 0.64876
v -0.33069 1.28674 -0.03826 1.00000 1.00000 0.64876
v -0.36008 1.36748 -0.03826 1.00000 1.00000 0.64876
v -0.37005 1.45282 -0.03826 1.00000 1.00000 0.64876
v -0.39017 1.45282 -0.02365 1.00000 1.00000 0.64876
v -0.37965 1.54280 -0.02365 1.00000 1.00000 0.64876
v -0.34867 1.62793 -0.02365 1.00000 1.00000 0.64876
v -0.29888 1.70362 -0.02365 1.00000 1.00000 0.64876
v -0.23299 1.76578 -0.02365 1.00000 1.00000 0.64876
v -0.15454 1.81108 -0.02365 1.00000 1.00000 0.64876
v -0.06775 1.83706 -0.02365 1.00000 1.00000 0.64876
v 0.02269 1.84233 -0.02365 1.00000 1.00000 0.64876
v 0.11190 1.82660 -0.02365 1.00000 1.00000 0.64876
v 0.19508 1.79072 -0.02365 1.00000 1.00000 0.64876
v 0.26775 1.73662 -0.02365 1.00000 1.00000 0.64876
v 0.32598 1.66722 -0.02365 1.00000 1.00000 0.64876
v 0.36664 1.58627 -0.02365 1.00000 1.00000 0.64876
v 0.38753 1.49812 -0.02365 1.00000 1.00000 0.64876
v 0.38753 1.40753 -0.02365 1.00000 1.00000 0.64876
v 0.36664 1.31938 -0.02365 1.00000 1.00000 0.64876
v 0.32598 1.23842 -0.02365 1.00000 1.00000 0.64876
v 0.26775 1.16903 -0.02365 1.00000 1.00000 0.64876
v 0.19508 1.11493 -0.02365 1.00000 1.00000 0.64876
v 0.11190 1.07905 -0.02365 1.00000 1.00000 0.64876
v 0.02269 1.06332 -0.02365 1.00000 1.00000 0.64876
v -0.06775 1.06858 -0.02365 1.00000 1.00000 0.64876
v -0.15454 1.09457 -0.02365 1.00000 1.00000 0.64876
v -0.23299 1.13986 -0.02365 1.00000 1.00000 0.64876
v -0.29888 1.20203 -0.02365 1.00000 1.00000 0.64876
v -0.34867 1.27772 -0.02365 1.00000 1.00000 0.64876
v -0.37965 1.36284 -0.02365 1.00000 1.00000 0.64876
v -0.39017 1.45282 -0.02365 1.00000 1.00000 0.64876
v -0.39785 1.45282 -0.00000 1.00000 1.00000 0.64876
v -0.38713 1.54457 -0.00000 1.00000 1.00000 0.64876
v -0.35553 1.63138 -0.00000 1.00000 1.00000 0.64876
v -0.30477 1.70856 -0.00000 1.00000 1.00000 0.64876
v -0.23758 1.77195 -0.00000 1.00000 1.00000 0.64876
v -0.15758 1.81814 -0.00000 1.00000 1.00000 0.64876
v -0.06909 1.84463 -0.00000 1.00000 1.00000 0.64876
v 0.02313 1.85000 -0.00000 1.00000 1.00000 0.64876
v 0.11410 1.83396 -0.00000 1.00000 1.00000 0.64876
v 0.19893 1.79737 -0.00000 1.00000 1.00000 0.64876
v 0.27302 1.74221 -0.00000 1.00000 1.00000 0.64876
v 0.33240 1.67145 -0.00000 1.00000 1.00000 0.64876
v 0.37386 1.58890 -0.00000 1.00000 1.00000 0.64876
v 0.39516 1.49901 -0.00000 1.00000 1.00000 0.64876
v 0.39516 1.40664 -0.00000 1.00000 1.00000 0.64876
v 0.37386 1.31675 -0.00000 1.00000 1.00000 0.64876
v 0.33240 1.23420 -0.00000 1.00000 1.00000 0.64876
v 0.27302 1.16344 -0.00000 1.00000 1.00000 0.64876
v 0.19893 1.10827 -0.00000 1.00000 1.00000 0.64876
v 0.11410 1.07169 -0.00000 1.00000 1.00000 0.64876
v 0.02313 1.05565 -0.00000 1.00000 1.00000 0.64876
v -0.06909 1.06102 -0.00000 1.00000 1.00000 0.64876
v -0.15758 1.08751 -0.00000 1.00000 1.00000 0.64876
v -0.23758 1.13370 -0.00000 1.00000 1.00000 0.64876
v -0.30477 1.19709 -0.00000 1.00000 1.00000 0.64876
v -0.35553 1.27427 -0.00000 1.00000 1.00000 0.64876
v -0.38713 1.36107 -0.00000 1.00000 1.00000 0.64876
v -0.39785 1.45282 -0.00000 1.00000 1.00000 0.64876
v -0.27268 1.45282 0.00000 1.00000 1.00000 0.64876
v -0.25934 1.53709 0.00000 1.00000 1.00000 0.64876
v -0.22061 1.61310 0.00000 1.00000 1.00000 0.64876
v -0.16028 1.67343 0.00000 1.00000 1.00000 0.64876
v -0.08426 1.71216 0.00000 1.00000 1.00000 0.64876
v -0.00000 1.72551 0.00000 1.00000 1.00000 0.64876
v 0.08426 1.71216 0.00000 1.00000 1.00000 0.64876
v 0.16028 1.67343 0.00000 1.00000 1.00000 0.64876
v 0.22061 1.61310 0.00000 1.00000 1.00000 0.64876
v 0.25934 1.53709 0.00000 1.00000 1.00000 0.64876
v 0.27268 1.45282 0.00000 1.00000 1.00000 0.64876
v 0.25934 1.36856 0.00000 1.00000 1.00000 0.64876
v 0.22061 1.29254 0.00000 1.00000 1.00000 0.64876
v 0.16028 1.23222 0.00000 1.00000 1.00000 0.64876
v 0.08426 1.19349 0.00000 1.00000 1.00000 0.64876
v 0.00000 1.18014 0.00000 1.00000 1.00000 0.64876
v -0.08426 1.19349 0.00000 1.00000 1.00000 0.64876
v -0.16028 1.23222 0.00000 1.00000 1.00000 0.64876
v -0.22061 1.29254 0.00000 1.00000 1.00000 0.64876
v -0.25934 1.36856 0.00000 1.00000 1.00000 0.64876
v -0.27268 1.45282 0.00000 1.00000 1.00000 0.64876
v -0.26745 1.45282 0.01437 1.00000 1.00000 0.64876
v -0.25436 1.53547 0.01437 1.00000 1.00000 0.64876
v -0.21638 1.61003 0.01437 1.00000 1.00000 0.64876
v -0.15721 1.66920 0.01437 1.00000 1.00000 0.64876
v -0.08265 1.70719 0.01437 1.00000 1.00000 0.64876
v -0.00000 1.72028 0.01437 1.00000 1.00000 0.64876
v 0.08265 1.70719 0.01437 1.00000 1.00000 0.64876
v 0.15721 1.66920 0.01437 1.00000 1.00000 0.64876
v 0.21638 1.61003 0.01437 1.00000 1.00000 0.64876
v 0.25436 1.53547 0.01437 1.00000 1.00000 0.64876
v 0.26745 1.45282 0.01437 1.00000 1.00000 0.64876
v 0.25436 1.37018 0.01437 1.00000 1.00000 0.64876
v 0.21638 1.29562 0.01437 1.00000 1.00000 0.64876
v 0.15721 1.23645 0.01437 1.00000 1.00000 0.64876
v 0.08265 1.19846 0.01437 1.00000 1.00000 0.64876
v 0.00000 1.18537 0.01437 1.00000 1.00000 0.64876
v -0.08265 1.19846 0.01437 1.00000 1.00000 0.64876
v -0.15721 1.23645 0.01437 1.00000 1.00000 0.64876
v -0.21638 1.29562 0.01437 1.00000 1.00000 0.64876
v -0.25436 1.37018 0.01437 1.00000 1.00000 0.64876
v -0.26745 1.45282 0.01437 1.00000 1.00000 0.64876
v -0.25421 1.45282 0.02201 1.00000 1.00000 0.64876
v -0.24177 1.53138 0.02201 1.00000 1.00000 0.64876
v -0.20566 1.60225 0.02201 1.00000 1.00000 0.64876
v -0.14942 1.65849 0.02201 1.00000 1.00000 0.64876
v -0.07856 1.69459 0.02201 1.00000 1.00000 0.64876
v -0.00000 1.70704 0.02201 1.00000 1.00000 0.64876
v 0.07856 1.69459 0.02201 1.00000 1.00000 0.64876
v 0.14942 1.65849 0.02201 1.00000 1.00000 0.64876
v 0.20566 1.60225 0.02201 1.00000 1.00000 0.64876
v 0.24177 1.53138 0.02201 1.00000 1.00000 0.64876
v 0.25421 1.45282 0.02201 1.00000 1.00000 0.64876
v 0.24177 1.37427 0.02201 1.00000 1.00000 0.64876
v 0.20566 1.30340 0.02201 1.00000 1.00000 0.64876
v 0.14942 1.24716 0.02201 1.00000 1.00000 0.64876
v 0.07856 1.21105 0.02201 1.00000 1.00000 0.64876
v 0.00000 1.19861 0.02201 1.00000 1.00000 0.64876
v -0.07856 1.21105 0.02201 1.00000 1.00000 0.64876
v -0.14942 1.24716 0.02201 1.00000 1.00000 0.64876
v -0.20566 1.30340 0.02201 1.00000 1.00000 0.64876
v -0.24177 1.37427 0.02201 1.00000 1.00000 0.64876
v -0.25421 1.45282 0.02201 1.00000 1.00000 0.64876
v -0.23916 1.45282 0.01936 1.00000 1.00000 0.64876
v -0.22745 1.52673 0.01936 1.00000 1.00000 0.64876
v -0.19348 1.59340 0.01936 1.00000 1.00000 0.64876
v -0.14057 1.64631 0.01936 1.00000 1.00000 0.64876
v -0.07390 1.68027 0.01936 1.00000 1.00000 0.64876
v -0.00000 1.69198 0.01936 1.00000 1.00000 0.64876
v 0.07390 1.68027 0.01936 1.00000 1.00000 0.64876
v 0.14057 1.64631 0.01936 1.00000 1.00000 0.64876
v 0.19348 1.59340 0.01936 1.00000 1.00000 0.64876
v 0.22745 1.52673 0.01936 1.00000 1.00000 0.64876
v 0.23916 1.45282 0.01936 1.00000 1.00000 0.64876
v 0.22745 1.37892 0.01936 1.00000 1.00000 0.64876
v 0.19348 1.31225 0.01936 1.00000 1.00000 0.64876
v 0.14057 1.25934 0.01936 1.00000 1.00000 0.64876
v 0.07390 1.22537 0.01936 1.00000 1.00000 0.64876
v 0.00000 1.21367 0.01936 1.00000 1.00000 0.64876
v -0.07390 1.22537 0.01936 1.00000 1.00000 0.64876
v -0.14057 1.25934 0.01936 1.00000 1.00000 0.64876
v -0.19348 1.31225 0.01936 1.00000 1.00000 0.64876
v -0.22745 1.37892 0.01936 1.00000 1.00000 0.64876
v -0.23916 1.45282 0.01936 1.00000 1.00000 0.64876
v -0.22933 1.45282 0.00764 1.00000 1.00000 0.64876
v -0.21811 1.52369 0.00764 1.00000 1.00000 0.64876
v -0.18553 1.58762 0.00764 1.00000 1.00000 0.64876
v -0.13480 1.63835 0.00764 1.00000 1.00000 0.64876
v -0.07087 1.67093 0.00764 1.00000 1.00000 0.64876
v -0.00000 1.68215 0.00764 1.00000 1.00000 0.64876
v 0.07087 1.67093 0.00764 1.00000 1.00000 0.64876
v 0.13480 1.63835 0.00764 1.00000 1.00000 0.64876
v 0.18553 1.58762 0.00764 1.00000 1.00000 0.64876
v 0.21811 1.52369 0.00764 1.00000 1.00000 0.64876
v 0.22933 1.45282 0.00764 1.00000 1.00000 0.64876
v 0.21811 1.38196 0.00764 1.00000 1.00000 0.64876
v 0.18553 1.31803 0.00764 1.00000 1.00000 0.64876
v 0.13480 1.26729 0.00764 1.00000 1.00000 0.64876
v 0.07087 1.23472 0.00764 1.00000 1.00000 0.64876
v 0.00000 1.22349 0.00764 1.00000 1.00000 0.64876
v -0.07087 1.23472 0.00764 1.00000 1.00000 0.64876
v -0.13480 1.26729 0.00764 1.00000 1.00000 0.64876
v -0.18553 1.31803 0.00764 1.00000 1.00000 0.64876
v -0.21811 1.38196 0.00764 1.00000 1.00000 0.64876
v -0.22933 1.45282 0.00764 1.00000 1.00000 0.64876
v -0.22933 1.45282 -0.00764 1.00000 1.00000 0.64876
v -0.21811 1.52369 -0.00764 1.00000 1.00000 0.64876
v -0.18553 1.58762 -0.00764 1.00000 1.00000 0.64876
v -0.13480 1.63835 -0.00764 1.00000 1.00000 0.64876
v -0.07087 1.67093 -0.00764 1.00000 1.00000 0.64876
v -0.00000 1.68215 -0.00764 1.00000 1.00000 0.64876
v 0.07087 1.67093 -0.00764 1.00000 1.00000 0.64876
v 0.13480 1.63835 -0.00764 1.00000 1.00000 0.64876
v 0.18553 1.58762 -0.00764 1.00000 1.00000 0.64876
v 0.21811 1.52369 -0.00764 1.00000 1.00000 0.64876
v 0.22933 1.45282 -0.00764 1.00000 1.00000 0.64876
v 0.21811 1.38196 -0.00764 1.00000 1.00000 0.64876
v 0.18553 1.31803 -0.00764 1.00000 1.00000 0.64876
v 0.13480 1.26729 -0.00764 1.00000 1.00000 0.64876
v 0.07087 1.23472 -0.00764 1.00000 1.00000 0.64876
v 0.00000 1.22349 -0.00764 1.00000 1.00000 0.64876
v -0.07087 1.23472 -0.00764 1.00000 1.00000 0.64876
v -0.13480 1.26729 -0.00764 1.00000 1.00000 0.64876
v -0.18553 1.31803 -0.00764 1.00000 1.00000 0.64876
v -0.21811 1.38196 -0.00764 1.00000 1.00000 0.64876
v -0.22933 1.45282 -0.00764 1.00000 1.00000 0.64876
v -0.23916 1.45282 -0.01936 1.00000 1.00000 0.64876
v -0.22745 1.52673 -0.01936 1.00000 1.00000 0.64876
v -0.19348 1.59340 -0.01936 1.00000 1.00000 0.64876
v -0.14057 1.64631 -0.01936 1.00000 1.00000 0.64876
v -0.07390 1.68027 -0.01936 1.00000 1.00000 0.64876
v -0.00000 1.69198 -0.01936 1.00000 1.00000 0.64876
v 0.07390 1.68027 -0.01936 1.00000 1.00000 0.64876
v 0.14057 1.64631 -0.01936 1.00000 1.00000 0.64876
v 0.19348 1.59340 -0.01936 1.00000 1.00000 0.64876
v 0.22745 1.52673 -0.01936 1.00000 1.00000 0.64876
v 0.23916 1.45282 -0.01936 1.00000 1.00000 0.64876
v 0.22745 1.37892 -0.01936 1.00000 1.00000 0.64876
v 0.19348 1.31225 -0.01936 1.00000 1.00000 0.64876
v 0.14057 1.25934 -0.01936 1.00000 1.00000 0.64876
v 0.07390 1.22537 -0.01936 1.00000 1.00000 0.64876
v 0.00000 1.21367 -0.01936 1.00000 1.00000 0.64876
v -0.07390 1.22537 -0.01936 1.00000 1.00000 0.64876
v -0.14057 1.25934 -0.01936 1.00000 1.00000 0.64876
v -0.19348 1.31225 -0.01936 1.00000 1.00000 0.64876
v -0.22745 1.37892 -0.01936 1.00000 1.00000 0.64876
v -0.23916 1.45282 -0.01936 1.00000 1.00000 0.64876
v -0.25421 1.45282 -0.02201 1.00000 1.00000 0.64876
v -0.24177 1.53138 -0.02201 1.00000 1.00000 0.64876
v -0.20566 1.60225 -0.02201 1.00000 1.00000 0.64876
v -0.14942 1.65849 -0.02201 1.00000 1.00000 0.64876
v -0.07856 1.69459 -0.02201 1.00000 1.00000 0.64876
v -0.00000 1.70704 -0.02201 1.00000 1.00000 0.64876
v 0.07856 1.69459 -0.02201 1.00000 1.00000 0.64876
v 0.14942 1.65849 -0.02201 1.00000 1.00000 0.64876
v 0.20566 1.60225 -0.02201 1.00000 1.00000 0.64876
v 0.24177 1.53138 -0.02201 1.00000 1.00000 0.64876
v 0.25421 1.45282 -0.02201 1.00000 1.00000 0.64876
v 0.24177 1.37427 -0.02201 1.00000 1.00000 0.64876
v 0.20566 1.30340 -0.02201 1.00000 1.00000 0.64876
v 0.14942 1.24716 -0.02201 1.00000 1.00000 0.64876
v 0.07856 1.21105 -0.02201 1.00000 1.00000 0.64876
v 0.00000 1.19861 -0.02201 1.00000 1.00000 0.64876
v -0.07856 1.21105 -0.02201 1.00000 1.00000 0.64876
v -0.14942 1.24716 -0.02201 1.00000 1.00000 0.64876
v -0.20566 1.30340 -0.02201 1.00000 1.00000 0.64876
v -0.24177 1.37427 -0.02201 1.00000 1.00000 0.64876
v -0.25421 1.45282 -0.02201 1.00000 1.00000 0.64876
v -0.26745 1.45282 -0.01437 1.00000 1.00000 0.64876
v -0.25436 1.53547 -0.01437 1.00000 1.00000 0.64876
v -0.21638 1.61003 -0.01437 1.00000 1.00000 0.64876
v -0.15721 1.66920 -0.01437 1.00000 1.00000 0.64876
v -0.08265 1.70719 -0.01437 1.00000 1.00000 0.64876
v -0.00000 1.72028 -0.01437 1.00000 1.00000 0.64876
v 0.08265 1.70719 -0.01437 1.00000 1.00000 0.64876
v 0.15721 1.66920 -0.01437 1.00000 1.00000 0.64876
v 0.21638 1.61003 -0.01437 1.00000 1.00000 0.64876
v 0.25436 1.53547 -0.01437 1.00000 1.00000 0.64876
v 0.26745 1.45282 -0.01437 1.00000 1.00000 0.64876
v 0.25436 1.37018 -0.01437 1.00000 1.00000 0.64876
v 0.21638 1.29562 -0.01437 1.00000 1.00000 0.64876
v 0.15721 1.23645 -0.01437 1.00000 1.00000 0.64876
v 0.08265 1.19846 -0.01437 1.00000 1.00000 0.64876
v 0.00000 1.18537 -0.01437 1.00000 1.00000 0.64876
v -0.08265 1.19846 -0.01437 1.00000 1.00000 0.64876
v -0.15721 1.23645 -0.01437 1.00000 1.00000 0.64876
v -0.21638 1.29562 -0.01437 1.00000 1.00000 0.64876
v -0.25436 1.37018 -0.01437 1.00000 1.00000 0.64876
v -0.26745 1.45282 -0.01437 1.00000 1.00000 0.64876
v -0.27268 1.45282 -0.00000 1.00000 1.00000 0.64876
v -0.25934 1.53709 -0.00000 1.00000 1.00000 0.64876
v -0.22061 1.61310 -0.00000 1.00000 1.00000 0.64876
v -0.16028 1.67343 -0.00000 1.00000 1.00000 0.64876
v -0.08426 1.71216 -0.00000 1.00000 1.00000 0.64876
v -0.00000 1.72551 -0.00000 1.00000 1.00000 0.64876
v 0.08426 1.71216 -0.00000 1.00000 1.00000 0.64876
v 0.16028 1.67343 -0.00000 1.00000 1.00000 0.64876
v 0.22061 1.61310 -0.00000 1.00000 1.00000 0.64876
v 0.25934 1.53709 -0.00000 1.00000 1.00000 0.64876
v 0.27268 1.45282 -0.00000 1.00000 1.00000 0.64876
v 0.25934 1.36856 -0.00000 1.00000 1.00000 0.64876
v 0.22061 1.29254 -0.00000 1.00000 1.00000 0.64876
v 0.16028 1.23222 -0.00000 1.00000 1.00000 0.64876
v 0.08426 1.19349 -0.00000 1.00000 1.00000 0.64876
v 0.00000 1.18014 -0.00000 1.00000 1.00000 0.64876
v -0.08426 1.19349 -0.00000 1.00000 1.00000 0.64876
v -0.16028 1.23222 -0.00000 1.00000 1.00000 0.64876
v -0.22061 1.29254 -0.00000 1.00000 1.00000 0.64876
v -0.25934 1.36856 -0.00000 1.00000 1.00000 0.64876
v -0.27268 1.45282 -0.00000 1.00000 1.00000 0.64876
v 0.33974 0.47384 0.00000 1.00000 1.00000 0.64876
v 0.33974 0.47384 0.00000 1.00000 1.00000 0.64876
v 0.33974 0.47384 0.00000 1.00000 1.00000 0.64876
v 0.33974 0.47384 0.00000 1.00000 1.00000 0.64876
v 0.33974 0.47384 0.00000 1.00000 1.00000 0.64876
v 0.33974 0.47384 0.00000 1.00000 1.00000 0.64876
v 0.33974 0.47384 0.00000 1.00000 1.00000 0.64876
v 0.33974 0.47384 0.00000 1.00000 1.00000 0.64876
v 0.33974 0.47384 0.00000 1.00000 1.00000 0.64876
v 0.33974 0.47384 0.00000 1.00000 1.00000 0.64876
v 0.33974 0.47384 0.00000 1.00000 1.00000 0.64876
v 0.35366 0.47541 0.00000 1.00000 1.00000 0.64876
v 0.35100 0.47541 0.00819 1.00000 1.00000 0.64876
v 0.34404 0.47541 0.01324 1.00000 1.00000 0.64876
v 0.33543 0.47541 0.01324 1.00000 1.00000 0.64876
v 0.32847 0.47541 0.00819 1.00000 1.00000 0.64876
v 0.32581 0.47541 0.00000 1.00000 1.00000 0.64876
v 0.32847 0.47541 -0.00819 1.00000 1.00000 0.64876
v 0.33543 0.47541 -0.01324 1.00000 1.00000 0.64876
v 0.34404 0.47541 -0.01324 1.00000 1.00000 0.64876
v 0.35100 0.47541 -0.00819 1.00000 1.00000 0.64876
v 0.35366 0.47541 -0.00000 1.00000 1.00000 0.64876
v 0.36689 0.48004 0.00000 1.00000 1.00000 0.64876
v 0.36170 0.48004 0.01596 1.00000 1.00000 0.64876
v 0.34813 0.48004 0.02582 1.00000 1.00000 0.64876
v 0.33135 0.48004 0.02582 1.00000 1.00000 0.64876
v 0.31777 0.48004 0.01596 1.00000 1.00000 0.64876
v 0.31258 0.48004 0.00000 1.00000 1.00000 0.64876
v 0.31777 0.48004 -0.01596 1.00000 1.00000 0.64876
v 0.33135 0.48004 -0.02582 1.00000 1.00000 0.64876
v 0.34813 0.48004 -0.02582 1.00000 1.00000 0.64876
v 0.36170 0.48004 -0.01596 1.00000 1.00000 0.64876
v 0.36689 0.48004 -0.00000 1.00000 1.00000 0.64876
v 0.37876 0.48750 0.00000 1.00000 1.00000 0.64876
v 0.37130 0.48750 0.02294 1.00000 1.00000 0.64876
v 0.35179 0.48750 0.03711 1.00000 1.00000 0.64876
v 0.32768 0.48750 0.03711 1.00000 1.00000 0.64876
v 0.30817 0.48750 0.02294 1.00000 1.00000 0.64876
v 0.30072 0.48750 0.00000 1.00000 1.00000 0.64876
v 0.30817 0.48750 -0.02294 1.00000 1.00000 0.64876
v 0.32768 0.48750 -0.03711 1.00000 1.00000 0.64876
v 0.35179 0.48750 -0.03711 1.00000 1.00000 0.64876
v 0.37130 0.48750 -0.02294 1.00000 1.00000 0.64876
v 0.37876 0.48750 -0.00000 1.00000 1.00000 0.64876
v 0.38867 0.49741 0.00000 1.00000 1.00000 0.64876
v 0.37932 0.49741 0.02876 1.00000 1.00000 0.64876
v 0.35486 0.49741 0.04653 1.00000 1.00000 0.64876
v 0.32462 0.49741 0.04653 1.00000 1.00000 0.64876
v 0.30015 0.49741 0.02876 1.00000 1.00000 0.64876
v 0.29081 0.49741 0.00000 1.00000 1.00000 0.64876
v 0.30015 0.49741 -0.02876 1.00000 1.00000 0.64876
v 0.32462 0.49741 -0.04653 1.00000 1.00000 0.64876
v 0.35486 0.49741 -0.04653 1.00000 1.00000 0.64876
v 0.37932 0.49741 -0.02876 1.00000 1.00000 0.64876
v 0.38867 0.49741 -0.00000 1.00000 1.00000 0.64876
v 0.39612 0.50927 0.00000 1.00000 1.00000 0.64876
v 0.38535 0.50927 0.03314 1.00000 1.00000 0.64876
v 0.35716 0.50927 0.05363 1.00000 1.00000 0.64876
v 0.32231 0.50927 0.05363 1.00000 1.00000 0.64876
v 0.29412 0.50927 0.03314 1.00000 1.00000 0.64876
v 0.28335 0.50927 0.00000 1.00000 1.00000 0.64876
v 0.29412 0.50927 -0.03314 1.00000 1.00000 0.64876
v 0.32231 0.50927 -0.05363 1.00000 1.00000 0.64876
v 0.35716 0.50927 -0.05363 1.00000 1.00000 0.64876
v 0.38535 0.50927 -0.03314 1.00000 1.00000 0.64876
v 0.39612 0.50927 -0.00000 1.00000 1.00000 0.64876
v 0.40075 0.52250 0.00000 1.00000 1.00000 0.64876
v 0.38910 0.52250 0.03586 1.00000 1.00000 0.64876
v 0.35859 0.52250 0.05803 1.00000 1.00000 0.64876
v 0.32088 0.52250 0.05803 1.00000 1.00000 0.64876
v 0.29038 0.52250 0.03586 1.00000 1.00000 0.64876
v 0.27872 0.52250 0.00000 1.00000 1.00000 0.64876
v 0.29038 0.52250 -0.03586 1.00000 1.00000 0.64876
v 0.32088 0.52250 -0.05803 1.00000 1.00000 0.64876
v 0.35859 0.52250 -0.05803 1.00000 1.00000 0.64876
v 0.38910 0.52250 -0.03586 1.00000 1.00000 0.64876
v 0.40075 0.52250 -0.00000 1.00000 1.00000 0.64876
v 0.40232 0.53643 0.00000 1.00000 1.00000 0.64876
v 0.39037 0.53643 0.03679 1.00000 1.00000 0.64876
v 0.35908 0.53643 0.05952 1.00000 1.00000 0.64876
v 0.32040 0.53643 0.05952 1.00000 1.00000 0.64876
v 0.28911 0.53643 0.03679 1.00000 1.00000 0.64876
v 0.27715 0.53643 0.00000 1.00000 1.00000 0.64876
v 0.28911 0.53643 -0.03679 1.00000 1.00000 0.64876
v 0.32040 0.53643 -0.05952 1.00000 1.00000 0.64876
v 0.35908 0.53643 -0.05952 1.00000 1.00000 0.64876
v 0.39037 0.53643 -0.03679 1.00000 1.00000 0.64876
v 0.40232 0.53643 -0.00000 1.00000 1.00000 0.64876
v 0.40232 0.93875 0.00000 1.00000 1.00000 0.64876
v 0.39037 0.93875 0.03679 1.00000 1.00000 0.64876
v 0.35908 0.93875 0.05952 1.00000 1.00000 0.64876
v 0.32040 0.93875 0.05952 1.00000 1.00000 0.64876
v 0.28911 0.93875 0.03679 1.00000 1.00000 0.64876
v 0.27715 0.93875 0.00000 1.00000 1.00000 0.64876
v 0.28911 0.93875 -0.03679 1.00000 1.00000 0.64876
v 0.32040 0.93875 -0.05952 1.00000 1.00000 0.64876
v 0.35908 0.93875 -0.05952 1.00000 1.00000 0.64876
v 0.39037 0.93875 -0.03679 1.00000 1.00000 0.64876
v 0.40232 0.93875 -0.00000 1.00000 1.00000 0.64876
v 0.40075 0.95267 0.00000 1.00000 1.00000 0.64876
v 0.38910 0.95267 0.03586 1.00000 1.00000 0.64876
v 0.35859 0.95267 0.05803 1.00000 1.00000 0.64876
v 0.32088 0.95267 0.05803 1.00000 1.00000 0.64876
v 0.29038 0.95267 0.03586 1.00000 1.00000 0.64876
v 0.27872 0.95267 0.00000 1.00000 1.00000 0.64876
v 0.29038 0.95267 -0.03586 1.00000 1.00000 0.64876
v 0.32088 0.95267 -0.05803 1.00000 1.00000 0.64876
v 0.35859 0.95267 -0.05803 1.00000 1.00000 0.64876
v 0.38910 0.95267 -0.03586 1.00000 1.00000 0.64876
v 0.40075 0.95267 -0.00000 1.00000 1.00000 0.64876
v 0.39612 0.96590 0.00000 1.00000 1.00000 0.64876
v 0.38535 0.96590 0.03314 1.00000 1.00000 0.64876
v 0.35716 0.96590 0.05363 1.00000 1.00000 0.64876
v 0.32231 0.96590 0.05363 1.00000 1.00000 0.64876
v 0.29412 0.96590 0.03314 1.00000 1.00000 0.64876
v 0.28335 0.96590 0.00000 1.00000 1.00000 0.64876
v 0.29412 0.96590 -0.03314 1.00000 1.00000 0.64876
v 0.32231 0.96590 -0.05363 1.00000 1.00000 0.64876
v 0.35716 0.96590 -0.05363 1.00000 1.00000 0.64876
v 0.38535 0.96590 -0.03314 1.00000 1.00000 0.64876
v 0.39612 0.96590 -0.00000 1.00000 1.00000 0.64876
v 0.38867 0.97777 0.00000 1.00000 1.00000 0.64876
v 0.37932 0.97777 0.02876 1.00000 1.00000 0.64876
v 0.35486 0.97777 0.04653 1.00000 1.00000 0.64876
v 0.32462 0.97777 0.04653 1.00000 1.00000 0.64876
v 0.30015 0.97777 0.02876 1.00000 1.00000 0.64876
v 0.29081 0.97777 0.00000 1.00000 1.00000 0.64876
v 0.30015 0.97777 -0.02876 1.00000 1.00000 0.64876
v 0.32462 0.97777 -0.04653 1.00000 1.00000 0.64876
v 0.35486 0.97777 -0.04653 1.00000 1.00000 0.64876
v 0.37932 0.97777 -0.02876 1.00000 1.00000 0.64876
v 0.38867 0.97777 -0.00000 1.00000 1.00000 0.64876
v 0.37876 0.98768 0.00000 1.00000 1.00000 0.64876
v 0.37130 0.98768 0.02294 1.00000 1.00000 0.64876
v 0.35179 0.98768 0.03711 1.00000 1.00000 0.64876
v 0.32768 0.98768 0.03711 1.00000 1.00000 0.64876
v 0.30817 0.98768 0.02294 1.00000 1.00000 0.64876
v 0.30072 0.98768 0.00000 1.00000 1.00000 0.64876
v 0.30817 0.98768 -0.02294 1.00000 1.00000 0.64876
v 0.32768 0.98768 -0.03711 1.00000 1.00000 0.64876
v 0.35179 0.98768 -0.03711 1.00000 1.00000 0.64876
v 0.37130 0.98768 -0.02294 1.00000 1.00000 0.64876
v 0.37876 0.98768 -0.00000 1.00000 1.00000 0.64876
v 0.36689 0.99513 0.00000 1.00000 1.00000 0.64876
v 0.36170 0.99513 0.01596 1.00000 1.00000 0.64876
v 0.34813 0.99513 0.02582 1.00000 1.00000 0.64876
v 0.33135 0.99513 0.02582 1.00000 1.00000 0.64876
v 0.31777 0.99513 0.01596 1.00000 1.00000 0.64876
v 0.31258 0.99513 0.00000 1.00000 1.00000 0.64876
v 0.31777 0.99513 -0.01596 1.00000 1.00000 0.64876
v 0.33135 0.99513 -0.02582 1.00000 1.00000 0.64876
v 0.34813 0.99513 -0.02582 1.00000 1.00000 0.64876
v 0.36170 0.99513 -0.01596 1.00000 1.00000 0.64876
v 0.36689 0.99513 -0.00000 1.00000 1.00000 0.64876
v 0.35366 0.99976 0.00000 1.00000 1.00000 0.64876
v 0.35100 0.99976 0.00819 1.00000 1.00000 0.64876
v 0.34404 0.99976 0.01324 1.00000 1.00000 0.64876
v 0.33543 0.99976 0.01324 1.00000 1.00000 0.64876
v 0.32847 0.99976 0.00819 1.00000 1.00000 0.64876
v 0.32581 0.99976 0.00000 1.00000 1.00000 0.64876
v 0.32847 0.99976 -0.00819 1.00000 1.00000 0.64876
v 0.33543 0.99976 -0.01324 1.00000 1.00000 0.64876
v 0.34404 0.99976 -0.01324 1.00000 1.00000 0.64876
v 0.35100 0.99976 -0.00819 1.00000 1.00000 0.64876
v 0.35366 0.99976 -0.00000 1.00000 1.00000 0.64876
v 0.33974 1.00133 0.00000 1.00000 1.00000 0.64876
v 0.33974 1.00133 0.00000 1.00000 1.00000 0.64876
v 0.33974 1.00133 0.00000 1.00000 1.00000 0.64876
v 0.33974 1.00133 0.00000 1.00000 1.00000 0.64876
v 0.33974 1.00133 0.00000 1.00000 1.00000 0.64876
v 0.33974 1.00133 0.00000 1.00000 1.00000 0.64876
v 0.33974 1.00133 -0.00000 1.00000 1.00000 0.64876
v 0.33974 1.00133 -0.00000 1.00000 1.00000 0.64876
v 0.33974 1.00133 -0.00000 1.00000 1.00000 0.64876
v 0.33974 1.00133 -0.00000 1.00000 1.00000 0.64876
v 0.33974 1.00133 -0.00000 1.00000 1.00000 0.64876
v -0.33974 0.47384 0.00000 1.00000 1.00000 0.64876
v -0.33974 0.47384 0.00000 1.00000 1.00000 0.64876
v -0.33974 0.47384 0.00000 1.00000 1.00000 0.64876
v -0.33974 0.47384 0.00000 1.00000 1.00000 0.64876
v -0.33974 0.47384 0.00000 1.00000 1.00000 0.64876
v -0.33974 0.47384 0.00000 1.00000 1.00000 0.64876
v -0.33974 0.47384 0.00000 1.00000 1.00000 0.64876
v -0.33974 0.47384 0.00000 1.00000 1.00000 0.64876
v -0.33974 0.47384 0.00000 1.00000 1.00000 0.64876
v -0.33974 0.47384 0.00000 1.00000 1.00000 0.64876
v -0.33974 0.47384 0.00000 1.00000 1.00000 0.64876
v -0.32581 0.47541 0.00000 1.00000 1.00000 0.64876
v -0.32847 0.47541 0.00819 1.00000 1.00000 0.64876
v -0.33543 0.47541 0.01324 1.00000 1.00000 0.64876
v -0.34404 0.47541 0.01324 1.00000 1.00000 0.64876
v -0.35100 0.47541 0.00819 1.00000 1.00000 0.64876
v -0.35366 0.47541 0.00000 1.00000 1.00000 0.64876
v -0.35100 0.47541 -0.00819 1.00000 1.00000 0.64876
v -0.34404 0.47541 -0.01324 1.00000 1.00000 0.64876
v -0.33543 0.47541 -0.01324 1.00000 1.00000 0.64876
v -0.32847 0.47541 -0.00819 1.00000 1.00000 0.64876
v -0.32581 0.47541 -0.00000 1.00000 1.00000 0.64876
v -0.31258 0.48004 0.00000 1.00000 1.00000 0.64876
v -0.31777 0.48004 0.01596 1.00000 1.00000 0.64876
v -0.33135 0.48004 0.02582 1.00000 1.00000 0.64876
v -0.34813 0.48004 0.02582 1.00000 1.00000 0.64876
v -0.36170 0.48004 0.01596 1.00000 1.00000 0.64876
v -0.36689 0.48004 0.00000 1.00000 1.00000 0.64876
v -0.36170 0.48004 -0.01596 1.00000 1.00000 0.64876
v -0.34813 0.48004 -0.02582 1.00000 1.00000 0.64876
v -0.33135 0.48004 -0.02582 1.00000 1.00000 0.64876
v -0.31777 0.48004 -0.01596 1.00000 1.00000 0.64876
v -0.31258 0.48004 -0.00000 1.00000 1.00000 0.64876
v -0.30072 0.48750 0.00000 1.00000 1.00000 0.64876
v -0.30817 0.48750 0.02294 1.00000 1.00000 0.64876
v -0.32768 0.48750 0.03711 1.00000 1.00000 0.64876
v -0.35179 0.48750 0.03711 1.00000 1.00000 0.64876
v -0.37130 0.48750 0.02294 1.00000 1.00000 0.64876
v -0.37876 0.48750 0.00000 1.00000 1.00000 0.64876
v -0.37130 0.48750 -0.02294 1.00000 1.00000 0.64876
v -0.35179 0.48750 -0.03711 1.00000 1.00000 0.64876
v -0.32768 0.48750 -0.03711 1.00000 1.00000 0.64876
v -0.30817 0.48750 -0.02294 1.00000 1.00000 0.64876
v -0.30072 0.48750 -0.00000 1.00000 1.00000 0.64876
v -0.29081 0.49741 0.00000 1.00000 1.00000 0.64876
v -0.30015 0.49741 0.02876 1.00000 1.00000 0.64876
v -0.32462 0.49741 0.04653 1.00000 1.00000 0.64876
v -0.35486 0.49741 0.04653 1.00000 1.00000 0.64876
v -0.37932 0.49741 0.02876 1.00000 1.00000 0.64876
v -0.38867 0.49741 0.00000 1.00000 1.00000 0.64876
v -0.37932 0.49741 -0.02876 1.00000 1.00000 0.64876
v -0.35486 0.49741 -0.04653 1.00000 1.00000 0.64876
v -0.32462 0.49741 -0.04653 1.00000 1.00000 0.64876
v -0.30015 0.49741 -0.02876 1.00000 1.00000 0.64876
v -0.29081 0.49741 -0.00000 1.00000 1.00000 0.64876
v -0.28335 0.50927 0.00000 1.00000 1.00000 0.64876
v -0.29412 0.50927 0.03314 1.00000 1.00000 0.64876
v -0.32231 0.50927 0.05363 1.00000 1.00000 0.64876
v -0.35716 0.50927 0.05363 1.00000 1.00000 0.64876
v -0.38535 0.50927 0.03314 1.00000 1.00000 0.64876
v -0.39612 0.50927 0.00000 1.00000 1.00000 0.64876
v -0.38535 0.50927 -0.03314 1.00000 1.00000 0.64876
v -0.35716 0.50927 -0.05363 1.00000 1.00000 0.64876
v -0.32231 0.50927 -0.05363 1.00000 1.00000 0.64876
v -0.29412 0.50927 -0.03314 1.00000 1.00000 0.64876
v -0.28335 0.50927 -0.00000 1.00000 1.00000 0.64876
v -0.27872 0.52250 0.00000 1.00000 1.00000 0.64876
v -0.29038 0.52250 0.03586 1.00000 1.00000 0.64876
v -0.32088 0.52250 0.05803 1.00000 1.00000 0.64876
v -0.35859 0.52250 0.05803 1.00000 1.00000 0.64876
v -0.38910 0.52250 0.03586 1.00000 1.00000 0.64876
v -0.40075 0.52250 0.00000 1.00000 1.00000 0.64876
v -0.38910 0.52250 -0.03586 1.00000 1.00000 0.64876
v -0.35859 0.52250 -0.05803 1.00000 1.00000 0.64876
v -0.32088 0.52250 -0.05803 1.00000 1.00000 0.64876
v -0.29038 0.52250 -0.03586 1.00000 1.00000 0.64876
v -0.27872 0.52250 -0.00000 1.00000 1.00000 0.64876
v -0.27715 0.53643 0.00000 1.00000 1.00000 0.64876
v -0.28911 0.53643 0.03679 1.00000 1.00000 0.64876
v -0.32040 0.53643 0.05952 1.00000 1.00000 0.64876
v -0.35908 0.53643 0.05952 1.00000 1.00000 0.64876
v -0.39037 0.53643 0.03679 1.00000 1.00000 0.64876
v -0.40232 0.53643 0.00000 1.00000 1.00000 0.64876
v -0.39037 0.53643 -0.03679 1.00000 1.00000 0.64876
v -0.35908 0.53643 -0.05952 1.00000 1.00000 0.64876
v -0.32040 0.53643 -0.05952 1.00000 1.00000 0.64876
v -0.28911 0.53643 -0.03679 1.00000 1.00000 0.64876
v -0.27715 0.53643 -0.00000 1.00000 1.00000 0.64876
v -0.27715 0.93875 0.00000 1.00000 1.00000 0.64876
v -0.28911 0.93875 0.03679 1.00000 1.00000 0.64876
v -0.32040 0.93875 0.05952 1.00000 1.00000 0.64876
v -0.35908 0.93875 0.05952 1.00000 1.00000 0.64876
v -0.39037 0.93875 0.03679 1.00000 1.00000 0.64876
v -0.40232 0.93875 0.00000 1.00000 1.00000 0.64876
v -0.39037 0.93875 -0.03679 1.00000 1.00000 0.64876
v -0.35908 0.93875 -0.05952 1.00000 1.00000 0.64876
v -0.32040 0.93875 -0.05952 1.00000 1.00000 0.64876
v -0.28911 0.93875 -0.03679 1.00000 1.00000 0.64876
v -0.27715 0.93875 -0.00000 1.00000 1.00000 0.64876
v -0.27872 0.95267 0.00000 1.00000 1.00000 0.64876
v -0.29038 0.95267 0.03586 1.00000 1.00000 0.64876
v -0.32088 0.95267 0.05803 1.00000 1.00000 0.64876
v -0.35859 0.95267 0.05803 1.00000 1.00000 0.64876
v -0.38910 0.95267 0.03586 1.00000 1.00000 0.64876
v -0.40075 0.95267 0.00000 1.00000 1.00000 0.64876
v -0.38910 0.95267 -0.03586 1.00000 1.00000 0.64876
v -0.35859 0.95267 -0.05803 1.00000 1.00000 0.64876
v -0.32088 0.95267 -0.05803 1.00000 1.00000 0.64876
v -0.29038 0.95267 -0.03586 1.00000 1.00000 0.64876
v -0.27872 0.95267 -0.00000 1.00000 1.00000 0.64876
v -0.28335 0.96590 0.00000 1.00000 1.00000 0.64876
v -0.29412 0.96590 0.03314 1.00000 1.00000 0.64876
v -0.32231 0.96590 0.05363 1.00000 1.00000 0.64876
v -0.35716 0.96590 0.05363 1.00000 1.00000 0.64876
v -0.38535 0.96590 0.03314 1.00000 1.00000 0.64876
v -0.39612 0.96590 0.00000 1.00000 1.00000 0.64876
v -0.38535 0.96590 -0.03314 1.00000 1.00000 0.64876
v -0.35716 0.96590 -0.05363 1.00000 1.00000 0.64876
v -0.32231 0.96590 -0.05363 1.00000 1.00000 0.64876
v -0.29412 0.96590 -0.03314 1.00000 1.00000 0.64876
v -0.28335 0.96590 -0.00000 1.00000 1.00000 0.64876
v -0.29081 0.97777 0.00000 1.00000 1.00000 0.64876
v -0.30015 0.97777 0.02876 1.00000 1.00000 0.64876
v -0.32462 0.97777 0.04653 1.00000 1.00000 0.64876
v -0.35486 0.97777 0.04653 1.00000 1.00000 0.64876
v -0.37932 0.97777 0.02876 1.00000 1.00000 0.64876
v -0.38867 0.97777 0.00000 1.00000 1.00000 0.64876
v -0.37932 0.97777 -0.02876 1.00000 1.00000 0.64876
v -0.35486 0.97777 -0.04653 1.00000 1.00000 0.64876
v -0.32462 0.97777 -0.04653 1.00000 1.00000 0.64876
v -0.30015 0.97777 -0.02876 1.00000 1.00000 0.64876
v -0.29081 0.97777 -0.00000 1.00000 1.00000 0.64876
v -0.30072 0.98768 0.00000 1.00000 1.00000 0.64876
v -0.30817 0.98768 0.02294 1.00000 1.00000 0.64876
v -0.32768 0.98768 0.03711 1.00000 1.00000 0.64876
v -0.35179 0.98768 0.03711 1.00000 1.00000 0.64876
v -0.37130 0.98768 0.02294 1.00000 1.00000 0.64876
v -0.37876 0.98768 0.00000 1.00000 1.00000 0.64876
v -0.37130 0.98768 -0.02294 1.00000 1.00000 0.64876
v -0.35179 0.98768 -0.03711 1.00000 1.00000 0.64876
v -0.32768 0.98768 -0.03711 1.00000 1.00000 0.64876
v -0.30817 0.98768 -0.02294 1.00000 1.00000 0.64876
v -0.30072 0.98768 -0.00000 1.00000 1.00000 0.64876
v -0.31258 0.99513 0.00000 1.00000 1.00000 0.64876
v -0.31777 0.99513 0.01596 1.00000 1.00000 0.64876
v -0.33135 0.99513 0.02582 1.00000 1.00000 0.64876
v -0.34813 0.99513 0.02582 1.00000 1.00000 0.64876
v -0.36170 0.99513 0.01596 1.00000 1.00000 0.64876
v -0.36689 0.99513 0.00000 1.00000 1.00000 0.64876
v -0.36170 0.99513 -0.01596 1.00000 1.00000 0.64876
v -0.34813 0.99513 -0.02582 1.00000 1.00000 0.64876
v -0.33135 0.99513 -0.02582 1.00000 1.00000 0.64876
v -0.31777 0.99513 -0.01596 1.00000 1.00000 0.64876
v -0.31258 0.99513 -0.00000 1.00000 1.00000 0.64876
v -0.32581 0.99976 0.00000 1.00000 1.00000 0.64876
v -0.32847 0.99976 0.00819 1.00000 1.00000 0.64876
v -0.33543 0.99976 0.01324 1.00000 1.00000 0.64876
v -0.34404 0.99976 0.01324 1.00000 1.00000 0.64876
v -0.35100 0.99976 0.00819 1.00000 1.00000 0.64876
v -0.35366 0.99976 0.00000 1.00000 1.00000 0.64876
v -0.35100 0.99976 -0.00819 1.00000 1.00000 0.64876
v -0.34404 0.99976 -0.01324 1.00000 1.00000 0.64876
v -0.33543 0.99976 -0.01324 1.00000 1.00000 0.64876
v -0.32847 0.99976 -0.00819 1.00000 1.00000 0.64876
v -0.32581 0.99976 -0.00000 1.00000 1.00000 0.64876
v -0.33974 1.00133 0.00000 1.00000 1.00000 0.64876
v -0.33974 1.00133 0.00000 1.00000 1.00000 0.64876
v -0.33974 1.00133 0.00000 1.00000 1.00000 0.64876
v -0.33974 1.00133 0.00000 1.00000 1.00000 0.64876
v -0.33974 1.00133 0.00000 1.00000 1.00000 0.64876
v -0.33974 1.00133 0.00000 1.00000 1.00000 0.64876
v -0.33974 1.00133 -0.00000 1.00000 1.00000 0.64876
v -0.33974 1.00133 -0.00000 1.00000 1.00000 0.64876
v -0.33974 1.00133 -0.00000 1.00000 1.00000 0.64876
v -0.33974 1.00133 -0.00000 1.00000 1.00000 0.64876
v -0.33974 1.00133 -0.00000 1.00000 1.00000 0.64876
f 1 17 2
f 2 17 18
f 2 18 3
f 3 18 19
f 3 19 4
f 4 19 20
f 4 20 5
f 5 20 21
f 5 21 6
f 6 21 22
f 6 22 7
f 7 22 23
f 7 23 8
f 8 23 24
f 8 24 9
f 9 24 25
f 9 25 10
f 10 25 26
f 10 26 11
f 11 26 27
f 11 27 12
f 12 27 28
f 12 28 13
f 13 28 29
f 13 29 14
f 14 29 30
f 14 30 15
f 15 30 31
f 15 31 16
f 16 31 32
f 17 33 18
f 18 33 34
f 18 34 19
f 19 34 35
f 19 35 20
f 20 35 36
f 20 36 21
f 21 36 37
f 21 37 22
f 22 37 38
f 22 38 23
f 23 38 39
f 23 39 24
f 24 39 40
f 24 40 25
f 25 40 41
f 25 41 26
f 26 41 42
f 26 42 27
f 27 42 43
f 27 43 28
f 28 43 44
f 28 44 29
f 29 44 45
f 29 45 30
f 30 45 46
f 30 46 31
f 31 46 47
f 31 47 32
f 32 47 48
f 33 49 34
f 34 49 50
f 34 50 35
f 35 50 51
f 35 51 36
f 36 51 52
f 36 52 37
f 37 52 53
f 37 53 38
f 38 53 54
f 38 54 39
f 39 54 55
f 39 55 40
f 40 55 56
f 40 56 41
f 41 56 57
f 41 57 42
f 42 57 58
f 42 58 43
f 43 58 59
f 43 59 44
f 44 59 60
f 44 60 45
f 45 60 61
f 45 61 46
f 46 61 62
f 46 62 47
f 47 62 63
f 47 63 48
f 48 63 64
f 49 65 50
f 50 65 66
f 50 66 51
f 51 66 67
f 51 67 52
f 52 67 68
f 52 68 53
f 53 68 69
f 53 69 54
f 54 69 70
f 54 70 55
f 55 70 71
f 55 71 56
f 56 71 72
f 56 72 57
f 57 72 73
f 57 73 58
f 58 73 74
f 58 74 59
f 59 74 75
f 59 75 60
f 60 75 76
f 60 76 61
f 61 76 77
f 61 77 62
f 62 77 78
f 62 78 63
f 63 78 79
f 63 79 64
f 64 79 80
f 65 81 66
f 66 81 82
f 66 82 67
f 67 82 83
f 67 83 68
f 68 83 84
f 68 84 69
f 69 84 85
f 69 85 70
f 70 85 86
f 70 86 71
f 71 86 87
f 71 87 72
f 72 87 88
f 72 88 73
f 73 88 89
f 73 89 74
f 74 89 90
f 74 90 75
f 75 90 91
f 75 91 76
f 76 91 92
f 76 92 77
f 77 92 93
f 77 93 78
f 78 93 94
f 78 94 79
f 79 94 95
f 79 95 80
f 80 95 96
f 81 97 82
f 82 97 98
f 82 98 83
f 83 98 99
f 83 99 84
f 84 99 100
f 84 100 85
f 85 100 101
f 85 101 86
f 86 101 102
f 86 102 87
f 87 102 103
f 87 103 88
f 88 103 104
f 88 104 89
f 89 104 105
f 89 105 90
f 90 105 106
f 90 106 91
f 91 106 107
f 91 107 92
f 92 107 108
f 92 108 93
f 93 108 109
f 93 109 94
f 94 109 110
f 94 110 95
f 95 110 111
f 95 111 96
f 96 111 112
f 97 113 98
f 98 113 114
f 98 114 99
f 99 114 115
f 99 115 100
f 100 115 116
f 100 116 101
f 101 116 117
f 101 117 102
f 102 117 118
f 102 118 103
f 103 118 119
f 103 119 104
f 104 119 120
f 104 120 105
f 105 120 121
f 105 121 106
f 106 121 122
f 106 122 107
f 107 122 123
f 107 123 108
f 108 123 124
f 108 124 109
f 109 124 125
f 109 125 110
f 110 125 126
f 110 126 111
f 111 126 127
f 111 127 112
f 112 127 128
f 113 129 114
f 114 129 130
f 114 130 115
f 115 130 131
f 115 131 116
f 116 131 132
f 116 132 117
f 117 132 133
f 117 133 118
f 118 133 134
f 118 134 119
f 119 134 135
f 119 135 120
f 120 135 136
f 120 136 121
f 121 136 137
f 121 137 122
f 122 137 138
f 122 138 123
f 123 138 139
f 123 139 124
f 124 139 140
f 124 140 125
f 125 140 141
f 125 141 126
f 126 141 142
f 126 142 127
f 127 142 143
f 127 143 128
f 128 143 144
f 129 145 130
f 130 145 146
f 130 146 131
f 131 146 147
f 131 147 132
f 132 147 148
f 132 148 133
f 133 148 149
f 133 149 134
f 134 149 150
f 134 150 135
f 135 150 151
f 135 151 136
f 136 151 152
f 136 152 137
f 137 152 153
f 137 153 138
f 138 153 154
f 138 154 139
f 139 154 155
f 139 155 140
f 140 155 156
f 140 156 141
f 141 156 157
f 141 157 142
f 142 157 158
f 142 158 143
f 143 158 159
f 143 159 144
f 144 159 160
f 145 161 146
f 146 161 162
f 146 162 147
f 147 162 163
f 147 163 148
f 148 163 164
f 148 164 149
f 149 164 165
f 149 165 150
f 150 165 166
f 150 166 151
f 151 166 167
f 151 167 152
f 152 167 168
f 152 168 153
f 153 168 169
f 153 169 154
f 154 169 170
f 154 170 155
f 155 170 171
f 155 171 156
f 156 171 172
f 156 172 157
f 157 172 173
f 157 173 158
f 158 173 174
f 158 174 159
f 159 174 175
f 159 175 160
f 160 175 176
f 161 177 162
f 162 177 178
f 162 178 163
f 163 178 179
f 163 179 164
f 164 179 180
f 164 180 165
f 165 180 181
f 165 181 166
f 166 181 182
f 166 182 167
f 167 182 183
f 167 183 168
f 168 183 184
f 168 184 169
f 169 184 185
f 169 185 170
f 170 185 186
f 170 186 171
f 171 186 187
f 171 187 172
f 172 187 188
f 172 188 173
f 173 188 189
f 173 189 174
f 174 189 190
f 174 190 175
f 175 190 191
f 175 191 176
f 176 191 192
f 177 193 178
f 178 193 194
f 178 194 179
f 179 194 195
f 179 195 180
f 180 195 196
f 180 196 181
f 181 196 197
f 181 197 182
f 182 197 198
f 182 198 183
f 183 198 199
f 183 199 184
f 184 199 200
f 184 200 185
f 185 200 201
f 185 201 186
f 186 201 202
f 186 202 187
f 187 202 203
f 187 203 188
f 188 203 204
f 188 204 189
f 189 204 205
f 189 205 190
f 190 205 206
f 190 206 191
f 191 206 207
f 191 207 192
f 192 207 208
f 193 209 194
f 194 209 210
f 194 210 195
f 195 210 211
f 195 211 196
f 196 211 212
f 196 212 197
f 197 212 213
f 197 213 198
f 198 213 214
f 198 214 199
f 199 214 215
f 199 215 200
f 200 215 216
f 200 216 201
f 201 216 217
f 201 217 202
f 202 217 218
f 202 218 203
f 203 218 219
f 203 219 204
f 204 219 220
f 204 220 205
f 205 220 221
f 205 221 206
f 206 221 222
f 206 222 207
f 207 222 223
f 207 223 208
f 208 223 224
f 209 225 210
f 210 225 226
f 210 226 211
f 211 226 227
f 211 227 212
f 212 227 228
f 212 228 213
f 213 228 229
f 213 229 214
f 214 229 230
f 214 230 215
f 215 230 231
f 215 231 216
f 216 231 232
f 216 232 217
f 217 232 233
f 217 233 218
f 218 233 234
f 218 234 219
f 219 234 235
f 219 235 220
f 220 235 236
f 220 236 221
f 221 236 237
f 221 237 222
f 222 237 238
f 222 238 223
f 223 238 239
f 223 239 224
f 224 239 240
f 225 241 226
f 226 241 242
f 226 242 227
f 227 242 243
f 227 243 228
f 228 243 244
f 228 244 229
f 229 244 245
f 229 245 230
f 230 245 246
f 230 246 231
f 231 246 247
f 231 247 232
f 232 247 248
f 232 248 233
f 233 248 249
f 233 249 234
f 234 249 250
f 234 250 235
f 235 250 251
f 235 251 236
f 236 251 252
f 236 252 237
f 237 252 253
f 237 253 238
f 238 253 254
f 238 254 239
f 239 254 255
f 239 255 240
f 240 255 256
f 241 257 242
f 242 257 258
f 242 258 243
f 243 258 259
f 243 259 244
f 244 259 260
f 244 260 245
f 245 260 261
f 245 261 246
f 246 261 262
f 246 262 247
f 247 262 263
f 247 263 248
f 248 263 264
f 248 264 249
f 249 264 265
f 249 265 250
f 250 265 266
f 250 266 251
f 251 266 267
f 251 267 252
f 252 267 268
f 252 268 253
f 253 268 269
f 253 269 254
f 254 269 270
f 254 270 255
f 255 270 271
f 255 271 256
f 256 271 272
f 257 273 258
f 258 273 274
f 258 274 259
f 259 274 275
f 259 275 260
f 260 275 276
f 260 276 261
f 261 276 277
f 261 277 262
f 262 277 278
f 262 278 263
f 263 278 279
f 263 279 264
f 264 279 280
f 264 280 265
f 265 280 281
f 265 281 266
f 266 281 282
f 266 282 267
f 267 282 283
f 267 283 268
f 268 283 284
f 268 284 269
f 269 284 285
f 269 285 270
f 270 285 286
f 270 286 271
f 271 286 287
f 271 287 272
f 272 287 288
f 273 289 274
f 274 289 290
f 274 290 275
f 275 290 291
f 275 291 276
f 276 291 292
f 276 292 277
f 277 292 293
f 277 293 278
f 278 293 294
f 278 294 279
f 279 294 295
f 279 295 280
f 280 295 296
f 280 296 281
f 281 296 297
f 281 297 282
f 282 297 298
f 282 298 283
f 283 298 299
f 283 299 284
f 284 299 300
f 284 300 285
f 285 300 301
f 285 301 286
f 286 301 302
f 286 302 287
f 287 302 303
f 287 303 288
f 288 303 304
f 289 305 290
f 290 305 306
f 290 306 291
f 291 306 307
f 291 307 292
f 292 307 308
f 292 308 293
f 293 308 309
f 293 309 294
f 294 309 310
f 294 310 295
f 295 310 311
f 295 311 296
f 296 311 312
f 296 312 297
f 297 312 313
f 297 313 298
f 298 313 314
f 298 314 299
f 299 314 315
f 299 315 300
f 300 315 316
f 300 316 301
f 301 316 317
f 301 317 302
f 302 317 318
f 302 318 303
f 303 318 319
f 303 319 304
f 304 319 320
f 305 321 306
f 306 321 322
f 306 322 307
f 307 322 323
f 307 323 308
f 308 323 324
f 308 324 309
f 309 324 325
f 309 325 310
f 310 325 326
f 310 326 311
f 311 326 327
f 311 327 312
f 312 327 328
f 312 328 313
f 313 328 329
f 313 329 314
f 314 329 330
f 314 330 315
f 315 330 331
f 315 331 316
f 316 331 332
f 316 332 317
f 317 332 333
f 317 333 318
f 318 333 334
f 318 334 319
f 319 334 335
f 319 335 320
f 320 335 336
f 321 337 322
f 322 337 338
f 322 338 323
f 323 338 339
f 323 339 324
f 324 339 340
f 324 340 325
f 325 340 341
f 325 341 326
f 326 341 342
f 326 342 327
f 327 342 343
f 327 343 328
f 328 343 344
f 328 344 329
f 329 344 345
f 329 345 330
f 330 345 346
f 330 346 331
f 331 346 347
f 331 347 332
f 332 347 348
f 332 348 333
f 333 348 349
f 333 349 334
f 334 349 350
f 334 350 335
f 335 350 351
f 335 351 336
f 336 351 352
f 381 382 353
f 353 382 354
f 382 383 354
f 354 383 355
f 383 384 355
f 355 384 356
f 384 385 356
f 356 385 357
f 385 386 357
f 357 386 358
f 386 387 358
f 358 387 359
f 387 388 359
f 359 388 360
f 388 389 360
f 360 389 361
f 389 390 361
f 361 390 362
f 390 391 362
f 362 391 363
f 391 392 363
f 363 392 364
f 392 393 364
f 364 393 365
f 393 394 365
f 365 394 366
f 394 395 366
f 366 395 367
f 395 396 367
f 367 396 368
f 396 397 368
f 368 397 369
f 397 398 369
f 369 398 370
f 398 399 370
f 370 399 371
f 399 400 371
f 371 400 372
f 400 401 372
f 372 401 373
f 401 402 373
f 373 402 374
f 402 403 374
f 374 403 375
f 403 404 375
f 375 404 376
f 404 405 376
f 376 405 377
f 405 406 377
f 377 406 378
f 406 407 378
f 378 407 379
f 407 408 379
f 379 408 380
f 409 410 381
f 381 410 382
f 410 411 382
f 382 411 383
f 411 412 383
f 383 412 384
f 412 413 384
f 384 413 385
f 413 414 385
f 385 414 386
f 414 415 386
f 386 415 387
f 415 416 387
f 387 416 388
f 416 417 388
f 388 417 389
f 417 418 389
f 389 418 390
f 418 419 390
f 390 419 391
f 419 420 391
f 391 420 392
f 420 421 392
f 392 421 393
f 421 422 393
f 393 422 394
f 422 423 394
f 394 423 395
f 423 424 395
f 395 424 396
f 424 425 396
f 396 425 397
f 425 426 397
f 397 426 398
f 426 427 398
f 398 427 399
f 427 428 399
f 399 428 400
f 428 429 400
f 400 429 401
f 429 430 401
f 401 430 402
f 430 431 402
f 402 431 403
f 431 432 403
f 403 432 404
f 432 433 404
f 404 433 405
f 433 434 405
f 405 434 406
f 434 435 406
f 406 435 407
f 435 436 407
f 407 436 408
f 437 438 409
f 409 438 410
f 438 439 410
f 410 439 411
f 439 440 411
f 411 440 412
f 440 441 412
f 412 441 413
f 441 442 413
f 413 442 414
f 442 443 414
f 414 443 415
f 443 444 415
f 415 444 416
f 444 445 416
f 416 445 417
f 445 446 417
f 417 446 418
f 446 447 418
f 418 447 419
f 447 448 419
f 419 448 420
f 448 449 420
f 420 449 421
f 449 450 421
f 421 450 422
f 450 451 422
f 422 451 423
f 451 452 423
f 423 452 424
f 452 453 424
f 424 453 425
f 453 454 425
f 425 454 426
f 454 455 426
f 426 455 427
f 455 456 427
f 427 456 428
f 456 457 428
f 428 457 429
f 457 458 429
f 429 458 430
f 458 459 430
f 430 459 431
f 459 460 431
f 431 460 432
f 460 461 432
f 432 461 433
f 461 462 433
f 433 462 434
f 462 463 434
f 434 463 435
f 463 464 435
f 435 464 436
f 465 466 437
f 437 466 438
f 466 467 438
f 438 467 439
f 467 468 439
f 439 468 440
f 468 469 440
f 440 469 441
f 469 470 441
f 441 470 442
f 470 471 442
f 442 471 443
f 471 472 443
f 443 472 444
f 472 473 444
f 444 473 445
f 473 474 445
f 445 474 446
f 474 475 446
f 446 475 447
f 475 476 447
f 447 476 448
f 476 477 448
f 448 477 449
f 477 478 449
f 449 478 450
f 478 479 450
f 450 479 451
f 479 480 451
f 451 480 452
f 480 481 452
f 452 481 453
f 481 482 453
f 453 482 454
f 482 483 454
f 454 483 455
f 483 484 455
f 455 484 456
f 484 485 456
f 456 485 457
f 485 486 457
f 457 486 458
f 486 487 458
f 458 487 459
f 487 488 459
f 459 488 460
f 488 489 460
f 460 489 461
f 489 490 461
f 461 490 462
f 490 491 462
f 462 491 463
f 491 492 463
f 463 492 464
f 493 494 465
f 465 494 466
f 494 495 466
f 466 495 467
f 495 496 467
f 467 496 468
f 496 497 468
f 468 497 469
f 497 498 469
f 469 498 470
f 498 499 470
f 470 499 471
f 499 500 471
f 471 500 472
f 500 501 472
f 472 501 473
f 501 502 473
f 473 502 474
f 502 503 474
f 474 503 475
f 503 504 475
f 475 504 476
f 504 505 476
f 476 505 477
f 505 506 477
f 477 506 478
f 506 507 478
f 478 507 479
f 507 508 479
f 479 508 480
f 508 509 480
f 480 509 481
f 509 510 481
f 481 510 482
f 510 511 482
f 482 511 483
f 511 512 483
f 483 512 484
f 512 513 484
f 484 513 485
f 513 514 485
f 485 514 486
f 514 515 486
f 486 515 487
f 515 516 487
f 487 516 488
f 516 517 488
f 488 517 489
f 517 518 489
f 489 518 490
f 518 519 490
f 490 519 491
f 519 520 491
f 491 520 492
f 521 522 493
f 493 522 494
f 522 523 494
f 494 523 495
f 523 524 495
f 495 524 496
f 524 525 496
f 496 525 497
f 525 526 497
f 497 526 498
f 526 527 498
f 498 527 499
f 527 528 499
f 499 528 500
f 528 529 500
f 500 529 501
f 529 530 501
f 501 530 502
f 530 531 502
f 502 531 503
f 531 532 503
f 503 532 504
f 532 533 504
f 504 533 505
f 533 534 505
f 505 534 506
f 534 535 506
f 506 535 507
f 535 536 507
f 507 536 508
f 536 537 508
f 508 537 509
f 537 538 509
f 509 538 510
f 538 539 510
f 510 539 511
f 539 540 511
f 511 540 512
f 540 541 512
f 512 541 513
f 541 542 513
f 513 542 514
f 542 543 514
f 514 543 515
f 543 544 515
f 515 544 516
f 544 545 516
f 516 545 517
f 545 546 517
f 517 546 518
f 546 547 518
f 518 547 519
f 547 548 519
f 519 548 520
f 549 550 521
f 521 550 522
f 550 551 522
f 522 551 523
f 551 552 523
f 523 552 524
f 552 553 524
f 524 553 525
f 553 554 525
f 525 554 526
f 554 555 526
f 526 555 527
f 555 556 527
f 527 556 528
f 556 557 528
f 528 557 529
f 557 558 529
f 529 558 530
f 558 559 530
f 530 559 531
f 559 560 531
f 531 560 532
f 560 561 532
f 532 561 533
f 561 562 533
f 533 562 534
f 562 563 534
f 534 563 535
f 563 564 535
f 535 564 536
f 564 565 536
f 536 565 537
f 565 566 537
f 537 566 538
f 566 567 538
f 538 567 539
f 567 568 539
f 539 568 540
f 568 569 540
f 540 569 541
f 569 570 541
f 541 570 542
f 570 571 542
f 542 571 543
f 571 572 543
f 543 572 544
f 572 573 544
f 544 573 545
f 573 574 545
f 545 574 546
f 574 575 546
f 546 575 547
f 575 576 547
f 547 576 548
f 577 578 549
f 549 578 550
f 578 579 550
f 550 579 551
f 579 580 551
f 551 580 552
f 580 581 552
f 552 581 553
f 581 582 553
f 553 582 554
f 582 583 554
f 554 583 555
f 583 584 555
f 555 584 556
f 584 585 556
f 556 585 557
f 585 586 557
f 557 586 558
f 586 587 558
f 558 587 559
f 587 588 559
f 559 588 560
f 588 589 560
f 560 589 561
f 589 590 561
f 561 590 562
f 590 591 562
f 562 591 563
f 591 592 563
f 563 592 564
f 592 593 564
f 564 593 565
f 593 594 565
f 565 594 566
f 594 595 566
f 566 595 567
f 595 596 567
f 567 596 568
f 596 597 568
f 568 597 569
f 597 598 569
f 569 598 570
f 598 599 570
f 570 599 571
f 599 600 571
f 571 600 572
f 600 601 572
f 572 601 573
f 601 602 573
f 573 602 574
f 602 603 574
f 574 603 575
f 603 604 575
f 575 604 576
f 605 606 577
f 577 606 578
f 606 607 578
f 578 607 579
f 607 608 579
f 579 608 580
f 608 609 580
f 580 609 581
f 609 610 581
f 581 610 582
f 610 611 582
f 582 611 583
f 611 612 583
f 583 612 584
f 612 613 584
f 584 613 585
f 613 614 585
f 585 614 586
f 614 615 586
f 586 615 587
f 615 616 587
f 587 616 588
f 616 617 588
f 588 617 589
f 617 618 589
f 589 618 590
f 618 619 590
f 590 619 591
f 619 620 591
f 591 620 592
f 620 621 592
f 592 621 593
f 621 622 593
f 593 622 594
f 622 623 594
f 594 623 595
f 623 624 595
f 595 624 596
f 624 625 596
f 596 625 597
f 625 626 597
f 597 626 598
f 626 627 598
f 598 627 599
f 627 628 599
f 599 628 600
f 628 629 600
f 600 629 601
f 629 630 601
f 601 630 602
f 630 631 602
f 602 631 603
f 631 632 603
f 603 632 604
f 633 634 605
f 605 634 606
f 634 635 606
f 606 635 607
f 635 636 607
f 607 636 608
f 636 637 608
f 608 637 609
f 637 638 609
f 609 638 610
f 638 639 610
f 610 639 611
f 639 640 611
f 611 640 612
f 640 641 612
f 612 641 613
f 641 642 613
f 613 642 614
f 642 643 614
f 614 643 615
f 643 644 615
f 615 644 616
f 644 645 616
f 616 645 617
f 645 646 617
f 617 646 618
f 646 647 618
f 618 647 619
f 647 648 619
f 619 648 620
f 648 649 620
f 620 649 621
f 649 650 621
f 621 650 622
f 650 651 622
f 622 651 623
f 651 652 623
f 623 652 624
f 652 653 624
f 624 653 625
f 653 654 625
f 625 654 626
f 654 655 626
f 626 655 627
f 655 656 627
f 627 656 628
f 656 657 628
f 628 657 629
f 657 658 629
f 629 658 630
f 658 659 630
f 630 659 631
f 659 660 631
f 631 660 632
f 682 683 661
f 661 683 662
f 683 684 662
f 662 684 663
f 684 685 663
f 663 685 664
f 685 686 664
f 664 686 665
f 686 687 665
f 665 687 666
f 687 688 666
f 666 688 667
f 688 689 667
f 667 689 668
f 689 690 668
f 668 690 669
f 690 691 669
f 669 691 670
f 691 692 670
f 670 692 671
f 692 693 671
f 671 693 672
f 693 694 672
f 672 694 673
f 694 695 673
f 673 695 674
f 695 696 674
f 674 696 675
f 696 697 675
f 675 697 676
f 697 698 676
f 676 698 677
f 698 699 677
f 677 699 678
f 699 700 678
f 678 700 679
f 700 701 679
f 679 701 680
f 701 702 680
f 680 702 681
f 703 704 682
f 682 704 683
f 704 705 683
f 683 705 684
f 705 706 684
f 684 706 685
f 706 707 685
f 685 707 686
f 707 708 686
f 686 708 687
f 708 709 687
f 687 709 688
f 709 710 688
f 688 710 689
f 710 711 689
f 689 711 690
f 711 712 690
f 690 712 691
f 712 713 691
f 691 713 692
f 713 714 692
f 692 714 693
f 714 715 693
f 693 715 694
f 715 716 694
f 694 716 695
f 716 717 695
f 695 717 696
f 717 718 696
f 696 718 697
f 718 719 697
f 697 719 698
f 719 720 698
f 698 720 699
f 720 721 699
f 699 721 700
f 721 722 700
f 700 722 701
f 722 723 701
f 701 723 702
f 724 725 703
f 703 725 704
f 725 726 704
f 704 726 705
f 726 727 705
f 705 727 706
f 727 728 706
f 706 728 707
f 728 729 707
f 707 729 708
f 729 730 708
f 708 730 709
f 730 731 709
f 709 731 710
f 731 732 710
f 710 732 711
f 732 733 711
f 711 733 712
f 733 734 712
f 712 734 713
f 734 735 713
f 713 735 714
f 735 736 714
f 714 736 715
f 736 737 715
f 715 737 716
f 737 738 716
f 716 738 717
f 738 739 717
f 717 739 718
f 739 740 718
f 718 740 719
f 740 741 719
f 719 741 720
f 741 742 720
f 720 742 721
f 742 743 721
f 721 743 722
f 743 744 722
f 722 744 723
f 745 746 724
f 724 746 725
f 746 747 725
f 725 747 726
f 747 748 726
f 726 748 727
f 748 749 727
f 727 749 728
f 749 750 728
f 728 750 729
f 750 751 729
f 729 751 730
f 751 752 730
f 730 752 731
f 752 753 731
f 731 753 732
f 753 754 732
f 732 754 733
f 754 755 733
f 733 755 734
f 755 756 734
f 734 756 735
f 756 757 735
f 735 757 736
f 757 758 736
f 736 758 737
f 758 759 737
f 737 759 738
f 759 760 738
f 738 760 739
f 760 761 739
f 739 761 740
f 761 762 740
f 740 762 741
f 762 763 741
f 741 763 742
f 763 764 742
f 742 764 743
f 764 765 743
f 743 765 744
f 766 767 745
f 745 767 746
f 767 768 746
f 746 768 747
f 768 769 747
f 747 769 748
f 769 770 748
f 748 770 749
f 770 771 749
f 749 771 750
f 771 772 750
f 750 772 751
f 772 773 751
f 751 773 752
f 773 774 752
f 752 774 753
f 774 775 753
f 753 775 754
f 775 776 754
f 754 776 755
f 776 777 755
f 755 777 756
f 777 778 756
f 756 778 757
f 778 779 757
f 757 779 758
f 779 780 758
f 758 780 759
f 780 781 759
f 759 781 760
f 781 782 760
f 760 782 761
f 782 783 761
f 761 783 762
f 783 784 762
f 762 784 763
f 784 785 763
f 763 785 764
f 785 786 764
f 764 786 765
f 787 788 766
f 766 788 767
f 788 789 767
f 767 789 768
f 789 790 768
f 768 790 769
f 790 791 769
f 769 791 770
f 791 792 770
f 770 792 771
f 792 793 771
f 771 793 772
f 793 794 772
f 772 794 773
f 794 795 773
f 773 795 774
f 795 796 774
f 774 796 775
f 796 797 775
f 775 797 776
f 797 798 776
f 776 798 777
f 798 799 777
f 777 799 778
f 799 800 778
f 778 800 779
f 800 801 779
f 779 801 780
f 801 802 780
f 780 802 781
f 802 803 781
f 781 803 782
f 803 804 782
f 782 804 783
f 804 805 783
f 783 805 784
f 805 806 784
f 784 806 785
f 806 807 785
f 785 807 786
f 808 809 787
f 787 809 788
f 809 810 788
f 788 810 789
f 810 811 789
f 789 811 790
f 811 812 790
f 790 812 791
f 812 813 791
f 791 813 792
f 813 814 792
f 792 814 793
f 814 815 793
f 793 815 794
f 815 816 794
f 794 816 795
f 816 817 795
f 795 817 796
f 817 818 796
f 796 818 797
f 818 819 797
f 797 819 798
f 819 820 798
f 798 820 799
f 820 821 799
f 799 821 800
f 821 822 800
f 800 822 801
f 822 823 801
f 801 823 802
f 823 824 802
f 802 824 803
f 824 825 803
f 803 825 804
f 825 826 804
f 804 826 805
f 826 827 805
f 805 827 806
f 827 828 806
f 806 828 807
f 829 830 808
f 808 830 809
f 830 831 809
f 809 831 810
f 831 832 810
f 810 832 811
f 832 833 811
f 811 833 812
f 833 834 812
f 812 834 813
f 834 835 813
f 813 835 814
f 835 836 814
f 814 836 815
f 836 837 815
f 815 837 816
f 837 838 816
f 816 838 817
f 838 839 817
f 817 839 818
f 839 840 818
f 818 840 819
f 840 841 819
f 819 841 820
f 841 842 820
f 820 842 821
f 842 843 821
f 821 843 822
f 843 844 822
f 822 844 823
f 844 845 823
f 823 845 824
f 845 846 824
f 824 846 825
f 846 847 825
f 825 847 826
f 847 848 826
f 826 848 827
f 848 849 827
f 827 849 828
f 850 851 829
f 829 851 830
f 851 852 830
f 830 852 831
f 852 853 831
f 831 853 832
f 853 854 832
f 832 854 833
f 854 855 833
f 833 855 834
f 855 856 834
f 834 856 835
f 856 857 835
f 835 857 836
f 857 858 836
f 836 858 837
f 858 859 837
f 837 859 838
f 859 860 838
f 838 860 839
f 860 861 839
f 839 861 840
f 861 862 840
f 840 862 841
f 862 863 841
f 841 863 842
f 863 864 842
f 842 864 843
f 864 865 843
f 843 865 844
f 865 866 844
f 844 866 845
f 866 867 845
f 845 867 846
f 867 868 846
f 846 868 847
f 868 869 847
f 847 869 848
f 869 870 848
f 848 870 849
f 871 882 872
f 872 882 883
f 872 883 873
f 873 883 884
f 873 884 874
f 874 884 885
f 874 885 875
f 875 885 886
f 875 886 876
f 876 886 887
f 876 887 877
f 877 887 888
f 877 888 878
f 878 888 889
f 878 889 879
f 879 889 890
f 879 890 880
f 880 890 891
f 880 891 881
f 881 891 892
f 882 893 883
f 883 893 894
f 883 894 884
f 884 894 895
f 884 895 885
f 885 895 896
f 885 896 886
f 886 896 897
f 886 897 887
f 887 897 898
f 887 898 888
f 888 898 899
f 888 899 889
f 889 899 900
f 889 900 890
f 890 900 901
f 890 901 891
f 891 901 902
f 891 902 892
f 892 902 903
f 893 904 894
f 894 904 905
f 894 905 895
f 895 905 906
f 895 906 896
f 896 906 907
f 896 907 897
f 897 907 908
f 897 908 898
f 898 908 909
f 898 909 899
f 899 909 910
f 899 910 900
f 900 910 911
f 900 911 901
f 901 911 912
f 901 912 902
f 902 912 913
f 902 913 903
f 903 913 914
f 904 915 905
f 905 915 916
f 905 916 906
f 906 916 917
f 906 917 907
f 907 917 918
f 907 918 908
f 908 918 919
f 908 919 909
f 909 919 920
f 909 920 910
f 910 920 921
f 910 921 911
f 911 921 922
f 911 922 912
f 912 922 923
f 912 923 913
f 913 923 924
f 913 924 914
f 914 924 925
f 915 926 916
f 916 926 927
f 916 927 917
f 917 927 928
f 917 928 918
f 918 928 929
f 918 929 919
f 919 929 930
f 919 930 920
f 920 930 931
f 920 931 921
f 921 931 932
f 921 932 922
f 922 932 933
f 922 933 923
f 923 933 934
f 923 934 924
f 924 934 935
f 924 935 925
f 925 935 936
f 926 937 927
f 927 937 938
f 927 938 928
f 928 938 939
f 928 939 929
f 929 939 940
f 929 940 930
f 930 940 941
f 930 941 931
f 931 941 942
f 931 942 932
f 932 942 943
f 932 943 933
f 933 943 944
f 933 944 934
f 934 944 945
f 934 945 935
f 935 945 946
f 935 946 936
f 936 946 947
f 937 948 938
f 938 948 949
f 938 949 939
f 939 949 950
f 939 950 940
f 940 950 951
f 940 951 941
f 941 951 952
f 941 952 942
f 942 952 953
f 942 953 943
f 943 953 954
f 943 954 944
f 944 954 955
f 944 955 945
f 945 955 956
f 945 956 946
f 946 956 957
f 946 957 947
f 947 957 958
f 948 959 949
f 949 959 960
f 949 960 950
f 950 960 961
f 950 961 951
f 951 961 962
f 951 962 952
f 952 962 963
f 952 963 953
f 953 963 964
f 953 964 954
f 954 964 965
f 954 965 955
f 955 965 966
f 955 966 956
f 956 966 967
f 956 967 957
f 957 967 968
f 957 968 958
f 958 968 969
f 959 970 960
f 960 970 971
f 960 971 961
f 961 971 972
f 961 972 962
f 962 972 973
f 962 973 963
f 963 973 974
f 963 974 964
f 964 974 975
f 964 975 965
f 965 975 976
f 965 976 966
f 966 976 977
f 966 977 967
f 967 977 978
f 967 978 968
f 968 978 979
f 968 979 969
f 969 979 980
f 970 981 971
f 971 981 982
f 971 982 972
f 972 982 983
f 972 983 973
f 973 983 984
f 973 984 974
f 974 984 985
f 974 985 975
f 975 985 986
f 975 986 976
f 976 986 987
f 976 987 977
f 977 987 988
f 977 988 978
f 978 988 989
f 978 989 979
f 979 989 990
f 979 990 980
f 980 990 991
f 981 992 982
f 982 992 993
f 982 993 983
f 983 993 994
f 983 994 984
f 984 994 995
f 984 995 985
f 985 995 996
f 985 996 986
f 986 996 997
f 986 997 987
f 987 997 998
f 987 998 988
f 988 998 999
f 988 999 989
f 989 999 1000
f 989 1000 990
f 990 1000 1001
f 990 1001 991
f 991 1001 1002
f 992 1003 993
f 993 1003 1004
f 993 1004 994
f 994 1004 1005
f 994 1005 995
f 995 1005 1006
f 995 1006 996
f 996 1006 1007
f 996 1007 997
f 997 1007 1008
f 997 1008 998
f 998 1008 1009
f 998 1009 999
f 999 1009 1010
f 999 1010 1000
f 1000 1010 1011
f 1000 1011 1001
f 1001 1011 1012
f 1001 1012 1002
f 1002 1012 1013
f 1003 1014 1004
f 1004 1014 1015
f 1004 1015 1005
f 1005 1015 1016
f 1005 1016 1006
f 1006 1016 1017
f 1006 1017 1007
f 1007 1017 1018
f 1007 1018 1008
f 1008 1018 1019
f 1008 1019 1009
f 1009 1019 1020
f 1009 1020 1010
f 1010 1020 1021
f 1010 1021 1011
f 1011 1021 1022
f 1011 1022 1012
f 1012 1022 1023
f 1012 1023 1013
f 1013 1023 1024
f 1014 1025 1015
f 1015 1025 1026
f 1015 1026 1016
f 1016 1026 1027
f 1016 1027 1017
f 1017 1027 1028
f 1017 1028 1018
f 1018 1028 1029
f 1018 1029 1019
f 1019 1029 1030
f 1019 1030 1020
f 1020 1030 1031
f 1020 1031 1021
f 1021 1031 1032
f 1021 1032 1022
f 1022 1032 1033
f 1022 1033 1023
f 1023 1033 1034
f 1023 1034 1024
f 1024 1034 1035
f 1025 1036 1026
f 1026 1036 1037
f 1026 1037 1027
f 1027 1037 1038
f 1027 1038 1028
f 1028 1038 1039
f 1028 1039 1029
f 1029 1039 1040
f 1029 1040 1030
f 1030 1040 1041
f 1030 1041 1031
f 1031 1041 1042
f 1031 1042 1032
f 1032 1042 1043
f 1032 1043 1033
f 1033 1043 1044
f 1033 1044 1034
f 1034 1044 1045
f 1034 1045 1035
f 1035 1045 1046
f 1047 1058 1048
f 1048 1058 1059
f 1048 1059 1049
f 1049 1059 1060
f 1049 1060 1050
f 1050 1060 1061
f 1050 1061 1051
f 1051 1061 1062
f 1051 1062 1052
f 1052 1062 1063
f 1052 1063 1053
f 1053 1063 1064
f 1053 1064 1054
f 1054 1064 1065
f 1054 1065 1055
f 1055 1065 1066
f 1055 1066 1056
f 1056 1066 1067
f 1056 1067 1057
f 1057 1067 1068
f 1058 1069 1059
f 1059 1069 1070
f 1059 1070 1060
f 1060 1070 1071
f 1060 1071 1061
f 1061 1071 1072
f 1061 1072 1062
f 1062 1072 1073
f 1062 1073 1063
f 1063 1073 1074
f 1063 1074 1064
f 1064 1074 1075
f 1064 1075 1065
f 1065 1075 1076
f 1065 1076 1066
f 1066 1076 1077
f 1066 1077 1067
f 1067 1077 1078
f 1067 1078 1068
f 1068 1078 1079
f 1069 1080 1070
f 1070 1080 1081
f 1070 1081 1071
f 1071 1081 1082
f 1071 1082 1072
f 1072 1082 1083
f 1072 1083 1073
f 1073 1083 1084
f 1073 1084 1074
f 1074 1084 1085
f 1074 1085 1075
f 1075 1085 1086
f 1075 1086 1076
f 1076 1086 1087
f 1076 1087 1077
f 1077 1087 1088
f 1077 1088 1078
f 1078 1088 1089
f 1078 1089 1079
f 1079 1089 1090
f 1080 1091 1081
f 1081 1091 1092
f 1081 1092 1082
f 1082 1092 1093
f 1082 1093 1083
f 1083 1093 1094
f 1083 1094 1084
f 1084 1094 1095
f 1084 1095 1085
f 1085 1095 1096
f 1085 1096 1086
f 1086 1096 1097
f 1086 1097 1087
f 1087 1097 1098
f 1087 1098 1088
f 1088 1098 1099
f 1088 1099 1089
f 1089 1099 1100
f 1089 1100 1090
f 1090 1100 1101
f 1091 1102 1092
f 1092 1102 1103
f 1092 1103 1093
f 1093 1103 1104
f 1093 1104 1094
f 1094 1104 1105
f 1094 1105 1095
f 1095 1105 1106
f 1095 1106 1096
f 1096 1106 1107
f 1096 1107 1097
f 1097 1107 1108
f 1097 1108 1098
f 1098 1108 1109
f 1098 1109 1099
f 1099 1109 1110
f 1099 1110 1100
f 1100 1110 1111
f 1100 1111 1101
f 1101 1111 1112
f 1102 1113 1103
f 1103 1113 1114
f 1103 1114 1104
f 1104 1114 1115
f 1104 1115 1105
f 1105 1115 1116
f 1105 1116 1106
f 1106 1116 1117
f 1106 1117 1107
f 1107 1117 1118
f 1107 1118 1108
f 1108 1118 1119
f 1108 1119 1109
f 1109 1119 1120
f 1109 1120 1110
f 1110 1120 1121
f 1110 1121 1111
f 1111 1121 1122
f 1111 1122 1112
f 1112 1122 1123
f 1113 1124 1114
f 1114 1124 1125
f 1114 1125 1115
f 1115 1125 1126
f 1115 1126 1116
f 1116 1126 1127
f 1116 1127 1117
f 1117 1127 1128
f 1117 1128 1118
f 1118 1128 1129
f 1118 1129 1119
f 1119 1129 1130
f 1119 1130 1120
f 1120 1130 1131
f 1120 1131 1121
f 1121 1131 1132
f 1121 1132 1122
f 1122 1132 1133
f 1122 1133 1123
f 1123 1133 1134
f 1124 1135 1125
f 1125 1135 1136
f 1125 1136 1126
f 1126 1136 1137
f 1126 1137 1127
f 1127 1137 1138
f 1127 1138 1128
f 1128 1138 1139
f 1128 1139 1129
f 1129 1139 1140
f 1129 1140 1130
f 1130 1140 1141
f 1130 1141 1131
f 1131 1141 1142
f 1131 1142 1132
f 1132 1142 1143
f 1132 1143 1133
f 1133 1143 1144
f 1133 1144 1134
f 1134 1144 1145
f 1135 1146 1136
f 1136 1146 1147
f 1136 1147 1137
f 1137 1147 1148
f 1137 1148 1138
f 1138 1148 1149
f 1138 1149 1139
f 1139 1149 1150
f 1139 1150 1140
f 1140 1150 1151
f 1140 1151 1141
f 1141 1151 1152
f 1141 1152 1142
f 1142 1152 1153
f 1142 1153 1143
f 1143 1153 1154
f 1143 1154 1144
f 1144 1154 1155
f 1144 1155 1145
f 1145 1155 1156
f 1146 1157 1147
f 1147 1157 1158
f 1147 1158 1148
f 1148 1158 1159
f 1148 1159 1149
f 1149 1159 1160
f 1149 1160 1150
f 1150 1160 1161
f 1150 1161 1151
f 1151 1161 1162
f 1151 1162 1152
f 1152 1162 1163
f 1152 1163 1153
f 1153 1163 1164
f 1153 1164 1154
f 1154 1164 1165
f 1154 1165 1155
f 1155 1165 1166
f 1155 1166 1156
f 1156 1166 1167
f 1157 1168 1158
f 1158 1168 1169
f 1158 1169 1159
f 1159 1169 1170
f 1159 1170 1160
f 1160 1170 1171
f 1160 1171 1161
f 1161 1171 1172
f 1161 1172 1162
f 1162 1172 1173
f 1162 1173 1163
f 1163 1173 1174
f 1163 1174 1164
f 1164 1174 1175
f 1164 1175 1165
f 1165 1175 1176
f 1165 1176 1166
f 1166 1176 1177
f 1166 1177 1167
f 1167 1177 1178
f 1168 1179 1169
f 1169 1179 1180
f 1169 1180 1170
f 1170 1180 1181
f 1170 1181 1171
f 1171 1181 1182
f 1171 1182 1172
f 1172 1182 1183
f 1172 1183 1173
f 1173 1183 1184
f 1173 1184 1174
f 1174 1184 1185
f 1174 1185 1175
f 1175 1185 1186
f 1175 1186 1176
f 1176 1186 1187
f 1176 1187 1177
f 1177 1187 1188
f 1177 1188 1178
f 1178 1188 1189
f 1179 1190 1180
f 1180 1190 1191
f 1180 1191 1181
f 1181 1191 1192
f 1181 1192 1182
f 1182 1192 1193
f 1182 1193 1183
f 1183 1193 1194
f 1183 1194 1184
f 1184 1194 1195
f 1184 1195 1185
f 1185 1195 1196
f 1185 1196 1186
f 1186 1196 1197
f 1186 1197 1187
f 1187 1197 1198
f 1187 1198 1188
f 1188 1198 1199
f 1188 1199 1189
f 1189 1199 1200
f 1190 1201 1191
f 1191 1201 1202
f 1191 1202 1192
f 1192 1202 1203
f 1192 1203 1193
f 1193 1203 1204
f 1193 1204 1194
f 1194 1204 1205
f 1194 1205 1195
f 1195 1205 1206
f 1195 1206 1196
f 1196 1206 1207
f 1196 1207 1197
f 1197 1207 1208
f 1197 1208 1198
f 1198 1208 1209
f 1198 1209 1199
f 1199 1209 1210
f 1199 1210 1200
f 1200 1210 1211
f 1201 1212 1202
f 1202 1212 1213
f 1202 1213 1203
f 1203 1213 1214
f 1203 1214 1204
f 1204 1214 1215
f 1204 1215 1205
f 1205 1215 1216
f 1205 1216 1206
f 1206 1216 1217
f 1206 1217 1207
f 1207 1217 1218
f 1207 1218 1208
f 1208 1218 1219
f 1208 1219 1209
f 1209 1219 1220
f 1209 1220 1210
f 1210 1220 1221
f 1210 1221 1211
f 1211 1221 1222
v -0.03987 0.93391 0.03093 0.14413 0.08022 0.05127
v -0.04089 0.93112 0.03195 0.14413 0.08022 0.05127
v -0.04089 0.93493 0.02813 0.14413 0.08022 0.05127
v -0.04089 0.93112 0.03195 0.14413 0.08022 0.05127
v -0.04260 0.93198 0.02899 0.14413 0.08022 0.05127
v -0.04089 0.93493 0.02813 0.14413 0.08022 0.05127
v -0.04089 0.93493 0.02813 0.14413 0.08022 0.05127
v -0.04260 0.93198 0.02899 0.14413 0.08022 0.05127
v -0.04135 0.93540 0.02432 0.14413 0.08022 0.05127
v -0.04260 0.93198 0.02899 0.14413 0.08022 0.05127
v -0.04349 0.93242 0.02432 0.14413 0.08022 0.05127
v -0.04135 0.93540 0.02432 0.14413 0.08022 0.05127
v -0.04135 0.93540 0.02432 0.14413 0.08022 0.05127
v -0.04349 0.93242 0.02432 0.14413 0.08022 0.05127
v -0.04135 0.93540 -0.02432 0.14413 0.08022 0.05127
v -0.04349 0.93242 0.02432 0.14413 0.08022 0.05127
v -0.04349 0.93242 -0.02432 0.14413 0.08022 0.05127
v -0.04135 0.93540 -0.02432 0.14413 0.08022 0.05127
v -0.04135 0.93540 -0.02432 0.14413 0.08022 0.05127
v -0.04349 0.93242 -0.02432 0.14413 0.08022 0.05127
v -0.04089 0.93493 -0.02813 0.14413 0.08022 0.05127
v -0.04349 0.93242 -0.02432 0.14413 0.08022 0.05127
v -0.04260 0.93198 -0.02899 0.14413 0.08022 0.05127
v -0.04089 0.93493 -0.02813 0.14413 0.08022 0.05127
v -0.04089 0.93493 -0.02813 0.14413 0.08022 0.05127
v -0.04260 0.93198 -0.02899 0.14413 0.08022 0.05127
v -0.03987 0.93391 -0.03093 0.14413 0.08022 0.05127
v -0.04260 0.93198 -0.02899 0.14413 0.08022 0.05127
v -0.04089 0.93112 -0.03195 0.14413 0.08022 0.05127
v -0.03987 0.93391 -0.03093 0.14413 0.08022 0.05127
v -0.04089 0.93112 0.03195 0.14413 0.08022 0.05127
v -0.04135 0.92730 0.03241 0.14413 0.08022 0.05127
v -0.04260 0.93198 0.02899 0.14413 0.08022 0.05127
v -0.04135 0.92730 0.03241 0.14413 0.08022 0.05127
v -0.04349 0.92730 0.02944 0.14413 0.08022 0.05127
v -0.04260 0.93198 0.02899 0.14413 0.08022 0.05127
v -0.04260 0.93198 0.02899 0.14413 0.08022 0.05127
v -0.04349 0.92730 0.02944 0.14413 0.08022 0.05127
v -0.04349 0.93242 0.02432 0.14413 0.08022 0.05127
v -0.04349 0.92730 0.02944 0.14413 0.08022 0.05127
v -0.04470 0.92730 0.02432 0.14413 0.08022 0.05127
v -0.04349 0.93242 0.02432 0.14413 0.08022 0.05127
v -0.04349 0.93242 0.02432 0.14413 0.08022 0.05127
v -0.04470 0.92730 0.02432 0.14413 0.08022 0.05127
v -0.04349 0.93242 -0.02432 0.14413 0.08022 0.05127
v -0.04470 0.92730 0.02432 0.14413 0.08022 0.05127
v -0.04470 0.92730 -0.02432 0.14413 0.08022 0.05127
v -0.04349 0.93242 -0.02432 0.14413 0.08022 0.05127
v -0.04349 0.93242 -0.02432 0.14413 0.08022 0.05127
v -0.04470 0.92730 -0.02432 0.14413 0.08022 0.05127
v -0.04260 0.93198 -0.02899 0.14413 0.08022 0.05127
v -0.04470 0.92730 -0.02432 0.14413 0.08022 0.05127
v -0.04349 0.92730 -0.02944 0.14413 0.08022 0.05127
v -0.04260 0.93198 -0.02899 0.14413 0.08022 0.05127
v -0.04260 0.93198 -0.02899 0.14413 0.08022 0.05127
v -0.04349 0.92730 -0.02944 0.14413 0.08022 0.05127
v -0.04089 0.93112 -0.03195 0.14413 0.08022 0.05127
v -0.04349 0.92730 -0.02944 0.14413 0.08022 0.05127
v -0.04135 0.92730 -0.03241 0.14413 0.08022 0.05127
v -0.04089 0.93112 -0.03195 0.14413 0.08022 0.05127
v -0.04135 0.92730 0.03241 0.14413 0.08022 0.05127
v -0.04135 0.45847 0.03241 0.14413 0.08022 0.05127
v -0.04349 0.92730 0.02944 0.14413 0.08022 0.05127
v -0.04135 0.45847 0.03241 0.14413 0.08022 0.05127
v -0.04349 0.45847 0.02944 0.14413 0.08022 0.05127
v -0.04349 0.92730 0.02944 0.14413 0.08022 0.05127
v -0.04349 0.92730 0.02944 0.14413 0.08022 0.05127
v -0.04349 0.45847 0.02944 0.14413 0.08022 0.05127
v -0.04470 0.92730 0.02432 0.14413 0.08022 0.05127
v -0.04349 0.45847 0.02944 0.14413 0.08022 0.05127
v -0.04470 0.45847 0.02432 0.14413 0.08022 0.05127
v -0.04470 0.92730 0.02432 0.14413 0.08022 0.05127
v -0.04470 0.92730 0.02432 0.14413 0.08022 0.05127
v -0.04470 0.45847 0.02432 0.14413 0.08022 0.05127
v -0.04470 0.92730 -0.02432 0.14413 0.08022 0.05127
v -0.04470 0.45847 0.02432 0.14413 0.08022 0.05127
v -0.04470 0.45847 -0.02432 0.14413 0.08022 0.05127
v -0.04470 0.92730 -0.02432 0.14413 0.08022 0.05127
v -0.04470 0.92730 -0.02432 0.14413 0.08022 0.05127
v -0.04470 0.45847 -0.02432 0.14413 0.08022 0.05127
v -0.04349 0.92730 -0.02944 0.14413 0.08022 0.05127
v -0.04470 0.45847 -0.02432 0.14413 0.08022 0.05127
v -0.04349 0.45847 -0.02944 0.14413 0.08022 0.05127
v -0.04349 0.92730 -0.02944 0.14413 0.08022 0.05127
v -0.04349 0.92730 -0.02944 0.14413 0.08022 0.05127
v -0.04349 0.45847 -0.02944 0.14413 0.08022 0.05127
v -0.04135 0.92730 -0.03241 0.14413 0.08022 0.05127
v -0.04349 0.45847 -0.02944 0.14413 0.08022 0.05127
v -0.04135 0.45847 -0.03241 0.14413 0.08022 0.05127
v -0.04135 0.92730 -0.03241 0.14413 0.08022 0.05127
v -0.04135 0.45847 0.03241 0.14413 0.08022 0.05127
v -0.04089 0.45465 0.03195 0.14413 0.08022 0.05127
v -0.04349 0.45847 0.02944 0.14413 0.08022 0.05127
v -0.04089 0.45465 0.03195 0.14413 0.08022 0.05127
v -0.04260 0.45379 0.02899 0.14413 0.08022 0.05127
v -0.04349 0.45847 0.02944 0.14413 0.08022 0.05127
v -0.04349 0.45847 0.02944 0.14413 0.08022 0.05127
v -0.04260 0.45379 0.02899 0.14413 0.08022 0.05127
v -0.04470 0.45847 0.02432 0.14413 0.08022 0.05127
v -0.04260 0.45379 0.02899 0.14413 0.08022 0.05127
v -0.04349 0.45335 0.02432 0.14413 0.08022 0.05127
v -0.04470 0.45847 0.02432 0.14413 0.08022 0.05127
v -0.04470 0.45847 0.02432 0.14413 0.08022 0.05127
v -0.04349 0.45335 0.02432 0.14413 0.08022 0.05127
v -0.04470 0.45847 -0.02432 0.14413 0.08022 0.05127
v -0.04349 0.45335 0.02432 0.14413 0.08022 0.05127
v -0.04349 0.45335 -0.02432 0.14413 0.08022 0.05127
v -0.04470 0.45847 -0.02432 0.14413 0.08022 0.05127
v -0.04470 0.45847 -0.02432 0.14413 0.08022 0.05127
v -0.04349 0.45335 -0.02432 0.14413 0.08022 0.05127
v -0.04349 0.45847 -0.02944 0.14413 0.08022 0.05127
v -0.04349 0.45335 -0.02432 0.14413 0.08022 0.05127
v -0.04260 0.45379 -0.02899 0.14413 0.08022 0.05127
v -0.04349 0.45847 -0.02944 0.14413 0.08022 0.05127
v -0.04349 0.45847 -0.02944 0.14413 0.08022 0.05127
v -0.04260 0.45379 -0.02899 0.14413 0.08022 0.05127
v -0.04135 0.45847 -0.03241 0.14413 0.08022 0.05127
v -0.04260 0.45379 -0.02899 0.14413 0.08022 0.05127
v -0.04089 0.45465 -0.03195 0.14413 0.08022 0.05127
v -0.04135 0.45847 -0.03241 0.14413 0.08022 0.05127
v -0.04089 0.45465 0.03195 0.14413 0.08022 0.05127
v -0.03987 0.45186 0.03093 0.14413 0.08022 0.05127
v -0.04260 0.45379 0.02899 0.14413 0.08022 0.05127
v -0.03987 0.45186 0.03093 0.14413 0.08022 0.05127
v -0.04089 0.45084 0.02813 0.14413 0.08022 0.05127
v -0.04260 0.45379 0.02899 0.14413 0.08022 0.05127
v -0.04260 0.45379 0.02899 0.14413 0.08022 0.05127
v -0.04089 0.45084 0.02813 0.14413 0.08022 0.05127
v -0.04349 0.45335 0.02432 0.14413 0.08022 0.05127
v -0.04089 0.45084 0.02813 0.14413 0.08022 0.05127
v -0.04135 0.45037 0.02432 0.14413 0.08022 0.05127
v -0.04349 0.45335 0.02432 0.14413 0.08022 0.05127
v -0.04349 0.45335 0.02432 0.14413 0.08022 0.05127
v -0.04135 0.45037 0.02432 0.14413 0.08022 0.05127
v -0.04349 0.45335 -0.02432 0.14413 0.08022 0.05127
v -0.04135 0.45037 0.02432 0.14413 0.08022 0.05127
v -0.04135 0.45037 -0.02432 0.14413 0.08022 0.05127
v -0.04349 0.45335 -0.02432 0.14413 0.08022 0.05127
v -0.04349 0.45335 -0.02432 0.14413 0.08022 0.05127
v -0.04135 0.45037 -0.02432 0.14413 0.08022 0.05127
v -0.04260 0.45379 -0.02899 0.14413 0.08022 0.05127
v -0.04135 0.45037 -0.02432 0.14413 0.08022 0.05127
v -0.04089 0.45084 -0.02813 0.14413 0.08022 0.05127
v -0.04260 0.45379 -0.02899 0.14413 0.08022 0.05127
v -0.04260 0.45379 -0.02899 0.14413 0.08022 0.05127
v -0.04089 0.45084 -0.02813 0.14413 0.08022 0.05127
v -0.04089 0.45465 -0.03195 0.14413 0.08022 0.05127
v -0.04089 0.45084 -0.02813 0.14413 0.08022 0.05127
v -0.03987 0.45186 -0.03093 0.14413 0.08022 0.05127
v -0.04089 0.45465 -0.03195 0.14413 0.08022 0.05127
v 0.03987 0.93391 -0.03093 0.14413 0.08022 0.05127
v 0.04089 0.93112 -0.03195 0.14413 0.08022 0.05127
v 0.04089 0.93493 -0.02813 0.14413 0.08022 0.05127
v 0.04089 0.93112 -0.03195 0.14413 0.08022 0.05127
v 0.04260 0.93198 -0.02899 0.14413 0.08022 0.05127
v 0.04089 0.93493 -0.02813 0.14413 0.08022 0.05127
v 0.04089 0.93493 -0.02813 0.14413 0.08022 0.05127
v 0.04260 0.93198 -0.02899 0.14413 0.08022 0.05127
v 0.04135 0.93540 -0.02432 0.14413 0.08022 0.05127
v 0.04260 0.93198 -0.02899 0.14413 0.08022 0.05127
v 0.04349 0.93242 -0.02432 0.14413 0.08022 0.05127
v 0.04135 0.93540 -0.02432 0.14413 0.08022 0.05127
v 0.04135 0.93540 -0.02432 0.14413 0.08022 0.05127
v 0.04349 0.93242 -0.02432 0.14413 0.08022 0.05127
v 0.04135 0.93540 0.02432 0.14413 0.08022 0.05127
v 0.04349 0.93242 -0.02432 0.14413 0.08022 0.05127
v 0.04349 0.93242 0.02432 0.14413 0.08022 0.05127
v 0.04135 0.93540 0.02432 0.14413 0.08022 0.05127
v 0.04135 0.93540 0.02432 0.14413 0.08022 0.05127
v 0.04349 0.93242 0.02432 0.14413 0.08022 0.05127
v 0.04089 0.93493 0.02813 0.14413 0.08022 0.05127
v 0.04349 0.93242 0.02432 0.14413 0.08022 0.05127
v 0.04260 0.93198 0.02899 0.14413 0.08022 0.05127
v 0.04089 0.93493 0.02813 0.14413 0.08022 0.05127
v 0.04089 0.93493 0.02813 0.14413 0.08022 0.05127
v 0.04260 0.93198 0.02899 0.14413 0.08022 0.05127
v 0.03987 0.93391 0.03093 0.14413 0.08022 0.05127
v 0.04260 0.93198 0.02899 0.14413 0.08022 0.05127
v 0.04089 0.93112 0.03195 0.14413 0.08022 0.05127
v 0.03987 0.93391 0.03093 0.14413 0.08022 0.05127
v 0.04089 0.93112 -0.03195 0.14413 0.08022 0.05127
v 0.04135 0.92730 -0.03241 0.14413 0.08022 0.05127
v 0.04260 0.93198 -0.02899 0.14413 0.08022 0.05127
v 0.04135 0.92730 -0.03241 0.14413 0.08022 0.05127
v 0.04349 0.92730 -0.02944 0.14413 0.08022 0.05127
v 0.04260 0.93198 -0.02899 0.14413 0.08022 0.05127
v 0.04260 0.93198 -0.02899 0.14413 0.08022 0.05127
v 0.04349 0.92730 -0.02944 0.14413 0.08022 0.05127
v 0.04349 0.93242 -0.02432 0.14413 0.08022 0.05127
v 0.04349 0.92730 -0.02944 0.14413 0.08022 0.05127
v 0.04470 0.92730 -0.02432 0.14413 0.08022 0.05127
v 0.04349 0.93242 -0.02432 0.14413 0.08022 0.05127
v 0.04349 0.93242 -0.02432 0.14413 0.08022 0.05127
v 0.04470 0.92730 -0.02432 0.14413 0.08022 0.05127
v 0.04349 0.93242 0.02432 0.14413 0.08022 0.05127
v 0.04470 0.92730 -0.02432 0.14413 0.08022 0.05127
v 0.04470 0.92730 0.02432 0.14413 0.08022 0.05127
v 0.04349 0.93242 0.02432 0.14413 0.08022 0.05127
v 0.04349 0.93242 0.02432 0.14413 0.08022 0.05127
v 0.04470 0.92730 0.02432 0.14413 0.08022 0.05127
v 0.04260 0.93198 0.02899 0.14413 0.08022 0.05127
v 0.04470 0.92730 0.02432 0.14413 0.08022 0.05127
v 0.04349 0.92730 0.02944 0.14413 0.08022 0.05127
v 0.04260 0.93198 0.02899 0.14413 0.08022 0.05127
v 0.04260 0.93198 0.02899 0.14413 0.08022 0.05127
v 0.04349 0.92730 0.02944 0.14413 0.08022 0.05127
v 0.04089 0.93112 0.03195 0.14413 0.08022 0.05127
v 0.04349 0.92730 0.02944 0.14413 0.08022 0.05127
v 0.04135 0.92730 0.03241 0.14413 0.08022 0.05127
v 0.04089 0.93112 0.03195 0.14413 0.08022 0.05127
v 0.04135 0.92730 -0.03241 0.14413 0.08022 0.05127
v 0.04135 0.45847 -0.03241 0.14413 0.08022 0.05127
v 0.04349 0.92730 -0.02944 0.14413 0.08022 0.05127
v 0.04135 0.45847 -0.03241 0.14413 0.08022 0.05127
v 0.04349 0.45847 -0.02944 0.14413 0.08022 0.05127
v 0.04349 0.92730 -0.02944 0.14413 0.08022 0.05127
v 0.04349 0.92730 -0.02944 0.14413 0.08022 0.05127
v 0.04349 0.45847 -0.02944 0.14413 0.08022 0.05127
v 0.04470 0.92730 -0.02432 0.14413 0.08022 0.05127
v 0.04349 0.45847 -0.02944 0.14413 0.08022 0.05127
v 0.04470 0.45847 -0.02432 0.14413 0.08022 0.05127
v 0.04470 0.92730 -0.02432 0.14413 0.08022 0.05127
v 0.04470 0.92730 -0.02432 0.14413 0.08022 0.05127
v 0.04470 0.45847 -0.02432 0.14413 0.08022 0.05127
v 0.04470 0.92730 0.02432 0.14413 0.08022 0.05127
v 0.04470 0.45847 -0.02432 0.14413 0.08022 0.05127
v 0.04470 0.45847 0.02432 0.14413 0.08022 0.05127
v 0.04470 0.92730 0.02432 0.14413 0.08022 0.05127
v 0.04470 0.92730 0.02432 0.14413 0.08022 0.05127
v 0.04470 0.45847 0.02432 0.14413 0.08022 0.05127
v 0.04349 0.92730 0.02944 0.14413 0.08022 0.05127
v 0.04470 0.45847 0.02432 0.14413 0.08022 0.05127
v 0.04349 0.45847 0.02944 0.14413 0.08022 0.05127
v 0.04349 0.92730 0.02944 0.14413 0.08022 0.05127
v 0.04349 0.92730 0.02944 0.14413 0.08022 0.05127
v 0.04349 0.45847 0.02944 0.14413 0.08022 0.05127
v 0.04135 0.92730 0.03241 0.14413 0.08022 0.05127
v 0.04349 0.45847 0.02944 0.14413 0.08022 0.05127
v 0.04135 0.45847 0.03241 0.14413 0.08022 0.05127
v 0.04135 0.92730 0.03241 0.14413 0.08022 0.05127
v 0.04135 0.45847 -0.03241 0.14413 0.08022 0.05127
v 0.04089 0.45465 -0.03195 0.14413 0.08022 0.05127
v 0.04349 0.45847 -0.02944 0.14413 0.08022 0.05127
v 0.04089 0.45465 -0.03195 0.14413 0.08022 0.05127
v 0.04260 0.45379 -0.02899 0.14413 0.08022 0.05127
v 0.04349 0.45847 -0.02944 0.14413 0.08022 0.05127
v 0.04349 0.45847 -0.02944 0.14413 0.08022 0.05127
v 0.04260 0.45379 -0.02899 0.14413 0.08022 0.05127
v 0.04470 0.45847 -0.02432 0.14413 0.08022 0.05127
v 0.04260 0.45379 -0.02899 0.14413 0.08022 0.05127
v 0.04349 0.45335 -0.02432 0.14413 0.08022 0.05127
v 0.04470 0.45847 -0.02432 0.14413 0.08022 0.05127
v 0.04470 0.45847 -0.02432 0.14413 0.08022 0.05127
v 0.04349 0.45335 -0.02432 0.14413 0.08022 0.05127
v 0.04470 0.45847 0.02432 0.14413 0.08022 0.05127
v 0.04349 0.45335 -0.02432 0.14413 0.08022 0.05127
v 0.04349 0.45335 0.02432 0.14413 0.08022 0.05127
v 0.04470 0.45847 0.02432 0.14413 0.08022 0.05127
v 0.04470 0.45847 0.02432 0.14413 0.08022 0.05127
v 0.04349 0.45335 0.02432 0.14413 0.08022 0.05127
v 0.04349 0.45847 0.02944 0.14413 0.08022 0.05127
v 0.04349 0.45335 0.02432 0.14413 0.08022 0.05127
v 0.04260 0.45379 0.02899 0.14413 0.08022 0.05127
v 0.04349 0.45847 0.02944 0.14413 0.08022 0.05127
v 0.04349 0.45847 0.02944 0.14413 0.08022 0.05127
v 0.04260 0.45379 0.02899 0.14413 0.08022 0.05127
v 0.04135 0.45847 0.03241 0.14413 0.08022 0.05127
v 0.04260 0.45379 0.02899 0.14413 0.08022 0.05127
v 0.04089 0.45465 0.03195 0.14413 0.08022 0.05127
v 0.04135 0.45847 0.03241 0.14413 0.08022 0.05127
v 0.04089 0.45465 -0.03195 0.14413 0.08022 0.05127
v 0.03987 0.45186 -0.03093 0.14413 0.08022 0.05127
v 0.04260 0.45379 -0.02899 0.14413 0.08022 0.05127
v 0.03987 0.45186 -0.03093 0.14413 0.08022 0.05127
v 0.04089 0.45084 -0.02813 0.14413 0.08022 0.05127
v 0.04260 0.45379 -0.02899 0.14413 0.08022 0.05127
v 0.04260 0.45379 -0.02899 0.14413 0.08022 0.05127
v 0.04089 0.45084 -0.02813 0.14413 0.08022 0.05127
v 0.04349 0.45335 -0.02432 0.14413 0.08022 0.05127
v 0.04089 0.45084 -0.02813 0.14413 0.08022 0.05127
v 0.04135 0.45037 -0.02432 0.14413 0.08022 0.05127
v 0.04349 0.45335 -0.02432 0.14413 0.08022 0.05127
v 0.04349 0.45335 -0.02432 0.14413 0.08022 0.05127
v 0.04135 0.45037 -0.02432 0.14413 0.08022 0.05127
v 0.04349 0.45335 0.02432 0.14413 0.08022 0.05127
v 0.04135 0.45037 -0.02432 0.14413 0.08022 0.05127
v 0.04135 0.45037 0.02432 0.14413 0.08022 0.05127
v 0.04349 0.45335 0.02432 0.14413 0.08022 0.05127
v 0.04349 0.45335 0.02432 0.14413 0.08022 0.05127
v 0.04135 0.45037 0.02432 0.14413 0.08022 0.05127
v 0.04260 0.45379 0.02899 0.14413 0.08022 0.05127
v 0.04135 0.45037 0.02432 0.14413 0.08022 0.05127
v 0.04089 0.45084 0.02813 0.14413 0.08022 0.05127
v 0.04260 0.45379 0.02899 0.14413 0.08022 0.05127
v 0.04260 0.45379 0.02899 0.14413 0.08022 0.05127
v 0.04089 0.45084 0.02813 0.14413 0.08022 0.05127
v 0.04089 0.45465 0.03195 0.14413 0.08022 0.05127
v 0.04089 0.45084 0.02813 0.14413 0.08022 0.05127
v 0.03987 0.45186 0.03093 0.14413 0.08022 0.05127
v 0.04089 0.45465 0.03195 0.14413 0.08022 0.05127
v 0.03987 0.93391 -0.03093 0.14413 0.08022 0.05127
v 0.04089 0.93493 -0.02813 0.14413 0.08022 0.05127
v 0.03707 0.93493 -0.03195 0.14413 0.08022 0.05127
v 0.04089 0.93493 -0.02813 0.14413 0.08022 0.05127
v 0.03793 0.93665 -0.02899 0.14413 0.08022 0.05127
v 0.03707 0.93493 -0.03195 0.14413 0.08022 0.05127
v 0.03707 0.93493 -0.03195 0.14413 0.08022 0.05127
v 0.03793 0.93665 -0.02899 0.14413 0.08022 0.05127
v 0.03326 0.93540 -0.03241 0.14413 0.08022 0.05127
v 0.03793 0.93665 -0.02899 0.14413 0.08022 0.05127
v 0.03326 0.93754 -0.02944 0.14413 0.08022 0.05127
v 0.03326 0.93540 -0.03241 0.14413 0.08022 0.05127
v 0.03326 0.93540 -0.03241 0.14413 0.08022 0.05127
v 0.03326 0.93754 -0.02944 0.14413 0.08022 0.05127
v -0.03326 0.93540 -0.03241 0.14413 0.08022 0.05127
v 0.03326 0.93754 -0.02944 0.14413 0.08022 0.05127
v -0.03326 0.93754 -0.02944 0.14413 0.08022 0.05127
v -0.03326 0.93540 -0.03241 0.14413 0.08022 0.05127
v -0.03326 0.93540 -0.03241 0.14413 0.08022 0.05127
v -0.03326 0.93754 -0.02944 0.14413 0.08022 0.05127
v -0.03707 0.93493 -0.03195 0.14413 0.08022 0.05127
v -0.03326 0.93754 -0.02944 0.14413 0.08022 0.05127
v -0.03793 0.93665 -0.02899 0.14413 0.08022 0.05127
v -0.03707 0.93493 -0.03195 0.14413 0.08022 0.05127
v -0.03707 0.93493 -0.03195 0.14413 0.08022 0.05127
v -0.03793 0.93665 -0.02899 0.14413 0.08022 0.05127
v -0.03987 0.93391 -0.03093 0.14413 0.08022 0.05127
v -0.03793 0.93665 -0.02899 0.14413 0.08022 0.05127
v -0.04089 0.93493 -0.02813 0.14413 0.08022 0.05127
v -0.03987 0.93391 -0.03093 0.14413 0.08022 0.05127
v 0.04089 0.93493 -0.02813 0.14413 0.08022 0.05127
v 0.04135 0.93540 -0.02432 0.14413 0.08022 0.05127
v 0.03793 0.93665 -0.02899 0.14413 0.08022 0.05127
v 0.04135 0.93540 -0.02432 0.14413 0.08022 0.05127
v 0.03838 0.93754 -0.02432 0.14413 0.08022 0.05127
v 0.03793 0.93665 -0.02899 0.14413 0.08022 0.05127
v 0.03793 0.93665 -0.02899 0.14413 0.08022 0.05127
v 0.03838 0.93754 -0.02432 0.14413 0.08022 0.05127
v 0.03326 0.93754 -0.02944 0.14413 0.08022 0.05127
v 0.03838 0.93754 -0.02432 0.14413 0.08022 0.05127
v 0.03326 0.93875 -0.02432 0.14413 0.08022 0.05127
v 0.03326 0.93754 -0.02944 0.14413 0.08022 0.05127
v 0.03326 0.93754 -0.02944 0.14413 0.08022 0.05127
v 0.03326 0.93875 -0.02432 0.14413 0.08022 0.05127
v -0.03326 0.93754 -0.02944 0.14413 0.08022 0.05127
v 0.03326 0.93875 -0.02432 0.14413 0.08022 0.05127
v -0.03326 0.93875 -0.02432 0.14413 0.08022 0.05127
v -0.03326 0.93754 -0.02944 0.14413 0.08022 0.05127
v -0.03326 0.93754 -0.02944 0.14413 0.08022 0.05127
v -0.03326 0.93875 -0.02432 0.14413 0.08022 0.05127
v -0.03793 0.93665 -0.02899 0.14413 0.08022 0.05127
v -0.03326 0.93875 -0.02432 0.14413 0.08022 0.05127
v -0.03838 0.93754 -0.02432 0.14413 0.08022 0.05127
v -0.03793 0.93665 -0.02899 0.14413 0.08022 0.05127
v -0.03793 0.93665 -0.02899 0.14413 0.08022 0.05127
v -0.03838 0.93754 -0.02432 0.14413 0.08022 0.05127
v -0.04089 0.93493 -0.02813 0.14413 0.08022 0.05127
v -0.03838 0.93754 -0.02432 0.14413 0.08022 0.05127
v -0.04135 0.93540 -0.02432 0.14413 0.08022 0.05127
v -0.04089 0.93493 -0.02813 0.14413 0.08022 0.05127
v 0.04135 0.93540 -0.02432 0.14413 0.08022 0.05127
v 0.04135 0.93540 0.02432 0.14413 0.08022 0.05127
v 0.03838 0.93754 -0.02432 0.14413 0.08022 0.05127
v 0.04135 0.93540 0.02432 0.14413 0.08022 0.05127
v 0.03838 0.93754 0.02432 0.14413 0.08022 0.05127
v 0.03838 0.93754 -0.02432 0.14413 0.08022 0.05127
v 0.03838 0.93754 -0.02432 0.14413 0.08022 0.05127
v 0.03838 0.93754 0.02432 0.14413 0.08022 0.05127
v 0.03326 0.93875 -0.02432 0.14413 0.08022 0.05127
v 0.03838 0.93754 0.02432 0.14413 0.08022 0.05127
v 0.03326 0.93875 0.02432 0.14413 0.08022 0.05127
v 0.03326 0.93875 -0.02432 0.14413 0.08022 0.05127
v 0.03326 0.93875 -0.02432 0.14413 0.08022 0.05127
v 0.03326 0.93875 0.02432 0.14413 0.08022 0.05127
v -0.03326 0.93875 -0.02432 0.14413 0.08022 0.05127
v 0.03326 0.93875 0.02432 0.14413 0.08022 0.05127
v -0.03326 0.93875 0.02432 0.14413 0.08022 0.05127
v -0.03326 0.93875 -0.02432 0.14413 0.08022 0.05127
v -0.03326 0.93875 -0.02432 0.14413 0.08022 0.05127
v -0.03326 0.93875 0.02432 0.14413 0.08022 0.05127
v -0.03838 0.93754 -0.02432 0.14413 0.08022 0.05127
v -0.03326 0.93875 0.02432 0.14413 0.08022 0.05127
v -0.03838 0.93754 0.02432 0.14413 0.08022 0.05127
v -0.03838 0.93754 -0.02432 0.14413 0.08022 0.05127
v -0.03838 0.93754 -0.02432 0.14413 0.08022 0.05127
v -0.03838 0.93754 0.02432 0.14413 0.08022 0.05127
v -0.04135 0.93540 -0.02432 0.14413 0.08022 0.05127
v -0.03838 0.93754 0.02432 0.14413 0.08022 0.05127
v -0.04135 0.93540 0.02432 0.14413 0.08022 0.05127
v -0.04135 0.93540 -0.02432 0.14413 0.08022 0.05127
v 0.04135 0.93540 0.02432 0.14413 0.08022 0.05127
v 0.04089 0.93493 0.02813 0.14413 0.08022 0.05127
v 0.03838 0.93754 0.02432 0.14413 0.08022 0.05127
v 0.04089 0.93493 0.02813 0.14413 0.08022 0.05127
v 0.03793 0.93665 0.02899 0.14413 0.08022 0.05127
v 0.03838 0.93754 0.02432 0.14413 0.08022 0.05127
v 0.03838 0.93754 0.02432 0.14413 0.08022 0.05127
v 0.03793 0.93665 0.02899 0.14413 0.08022 0.05127
v 0.03326 0.93875 0.02432 0.14413 0.08022 0.05127
v 0.03793 0.93665 0.02899 0.14413 0.08022 0.05127
v 0.03326 0.93754 0.02944 0.14413 0.08022 0.05127
v 0.03326 0.93875 0.02432 0.14413 0.08022 0.05127
v 0.03326 0.93875 0.02432 0.14413 0.08022 0.05127
v 0.03326 0.93754 0.02944 0.14413 0.08022 0.05127
v -0.03326 0.93875 0.02432 0.14413 0.08022 0.05127
v 0.03326 0.93754 0.02944 0.14413 0.08022 0.05127
v -0.03326 0.93754 0.02944 0.14413 0.08022 0.05127
v -0.03326 0.93875 0.02432 0.14413 0.08022 0.05127
v -0.03326 0.93875 0.02432 0.14413 0.08022 0.05127
v -0.03326 0.93754 0.02944 0.14413 0.08022 0.05127
v -0.03838 0.93754 0.02432 0.14413 0.08022 0.05127
v -0.03326 0.93754 0.02944 0.14413 0.08022 0.05127
v -0.03793 0.93665 0.02899 0.14413 0.08022 0.05127
v -0.03838 0.93754 0.02432 0.14413 0.08022 0.05127
v -0.03838 0.93754 0.02432 0.14413 0.08022 0.05127
v -0.03793 0.93665 0.02899 0.14413 0.08022 0.05127
v -0.04135 0.93540 0.02432 0.14413 0.08022 0.05127
v -0.03793 0.93665 0.02899 0.14413 0.08022 0.05127
v -0.04089 0.93493 0.02813 0.14413 0.08022 0.05127
v -0.04135 0.93540 0.02432 0.14413 0.08022 0.05127
v 0.04089 0.93493 0.02813 0.14413 0.08022 0.05127
v 0.03987 0.93391 0.03093 0.14413 0.08022 0.05127
v 0.03793 0.93665 0.02899 0.14413 0.08022 0.05127
v 0.03987 0.93391 0.03093 0.14413 0.08022 0.05127
v 0.03707 0.93493 0.03195 0.14413 0.08022 0.05127
v 0.03793 0.93665 0.02899 0.14413 0.08022 0.05127
v 0.03793 0.93665 0.02899 0.14413 0.08022 0.05127
v 0.03707 0.93493 0.03195 0.14413 0.08022 0.05127
v 0.03326 0.93754 0.02944 0.14413 0.08022 0.05127
v 0.03707 0.93493 0.03195 0.14413 0.08022 0.05127
v 0.03326 0.93540 0.03241 0.14413 0.08022 0.05127
v 0.03326 0.93754 0.02944 0.14413 0.08022 0.05127
v 0.03326 0.93754 0.02944 0.14413 0.08022 0.05127
v 0.03326 0.93540 0.03241 0.14413 0.08022 0.05127
v -0.03326 0.93754 0.02944 0.14413 0.08022 0.05127
v 0.03326 0.93540 0.03241 0.14413 0.08022 0.05127
v -0.03326 0.93540 0.03241 0.14413 0.08022 0.05127
v -0.03326 0.93754 0.02944 0.14413 0.08022 0.05127
v -0.03326 0.93754 0.02944 0.14413 0.08022 0.05127
v -0.03326 0.93540 0.03241 0.14413 0.08022 0.05127
v -0.03793 0.93665 0.02899 0.14413 0.08022 0.05127
v -0.03326 0.93540 0.03241 0.14413 0.08022 0.05127
v -0.03707 0.93493 0.03195 0.14413 0.08022 0.05127
v -0.03793 0.93665 0.02899 0.14413 0.08022 0.05127
v -0.03793 0.93665 0.02899 0.14413 0.08022 0.05127
v -0.03707 0.93493 0.03195 0.14413 0.08022 0.05127
v -0.04089 0.93493 0.02813 0.14413 0.08022 0.05127
v -0.03707 0.93493 0.03195 0.14413 0.08022 0.05127
v -0.03987 0.93391 0.03093 0.14413 0.08022 0.05127
v -0.04089 0.93493 0.02813 0.14413 0.08022 0.05127
v 0.03987 0.45186 0.03093 0.14413 0.08022 0.05127
v 0.04089 0.45084 0.02813 0.14413 0.08022 0.05127
v 0.03707 0.45084 0.03195 0.14413 0.08022 0.05127
v 0.04089 0.45084 0.02813 0.14413 0.08022 0.05127
v 0.03793 0.44912 0.02899 0.14413 0.08022 0.05127
v 0.03707 0.45084 0.03195 0.14413 0.08022 0.05127
v 0.03707 0.45084 0.03195 0.14413 0.08022 0.05127
v 0.03793 0.44912 0.02899 0.14413 0.08022 0.05127
v 0.03326 0.45037 0.03241 0.14413 0.08022 0.05127
v 0.03793 0.44912 0.02899 0.14413 0.08022 0.05127
v 0.03326 0.44823 0.02944 0.14413 0.08022 0.05127
v 0.03326 0.45037 0.03241 0.14413 0.08022 0.05127
v 0.03326 0.45037 0.03241 0.14413 0.08022 0.05127
v 0.03326 0.44823 0.02944 0.14413 0.08022 0.05127
v -0.03326 0.45037 0.03241 0.14413 0.08022 0.05127
v 0.03326 0.44823 0.02944 0.14413 0.08022 0.05127
v -0.03326 0.44823 0.02944 0.14413 0.08022 0.05127
v -0.03326 0.45037 0.03241 0.14413 0.08022 0.05127
v -0.03326 0.45037 0.03241 0.14413 0.08022 0.05127
v -0.03326 0.44823 0.02944 0.14413 0.08022 0.05127
v -0.03707 0.45084 0.03195 0.14413 0.08022 0.05127
v -0.03326 0.44823 0.02944 0.14413 0.08022 0.05127
v -0.03793 0.44912 0.02899 0.14413 0.08022 0.05127
v -0.03707 0.45084 0.03195 0.14413 0.08022 0.05127
v -0.03707 0.45084 0.03195 0.14413 0.08022 0.05127
v -0.03793 0.44912 0.02899 0.14413 0.08022 0.05127
v -0.03987 0.45186 0.03093 0.14413 0.08022 0.05127
v -0.03793 0.44912 0.02899 0.14413 0.08022 0.05127
v -0.04089 0.45084 0.02813 0.14413 0.08022 0.05127
v -0.03987 0.45186 0.03093 0.14413 0.08022 0.05127
v 0.04089 0.45084 0.02813 0.14413 0.08022 0.05127
v 0.04135 0.45037 0.02432 0.14413 0.08022 0.05127
v 0.03793 0.44912 0.02899 0.14413 0.08022 0.05127
v 0.04135 0.45037 0.02432 0.14413 0.08022 0.05127
v 0.03838 0.44823 0.02432 0.14413 0.08022 0.05127
v 0.03793 0.44912 0.02899 0.14413 0.08022 0.05127
v 0.03793 0.44912 0.02899 0.14413 0.08022 0.05127
v 0.03838 0.44823 0.02432 0.14413 0.08022 0.05127
v 0.03326 0.44823 0.02944 0.14413 0.08022 0.05127
v 0.03838 0.44823 0.02432 0.14413 0.08022 0.05127
v 0.03326 0.44702 0.02432 0.14413 0.08022 0.05127
v 0.03326 0.44823 0.02944 0.14413 0.08022 0.05127
v 0.03326 0.44823 0.02944 0.14413 0.08022 0.05127
v 0.03326 0.44702 0.02432 0.14413 0.08022 0.05127
v -0.03326 0.44823 0.02944 0.14413 0.08022 0.05127
v 0.03326 0.44702 0.02432 0.14413 0.08022 0.05127
v -0.03326 0.44702 0.02432 0.14413 0.08022 0.05127
v -0.03326 0.44823 0.02944 0.14413 0.08022 0.05127
v -0.03326 0.44823 0.02944 0.14413 0.08022 0.05127
v -0.03326 0.44702 0.02432 0.14413 0.08022 0.05127
v -0.03793 0.44912 0.02899 0.14413 0.08022 0.05127
v -0.03326 0.44702 0.02432 0.14413 0.08022 0.05127
v -0.03838 0.44823 0.02432 0.14413 0.08022 0.05127
v -0.03793 0.44912 0.02899 0.14413 0.08022 0.05127
v -0.03793 0.44912 0.02899 0.14413 0.08022 0.05127
v -0.03838 0.44823 0.02432 0.14413 0.08022 0.05127
v -0.04089 0.45084 0.02813 0.14413 0.08022 0.05127
v -0.03838 0.44823 0.02432 0.14413 0.08022 0.05127
v -0.04135 0.45037 0.02432 0.14413 0.08022 0.05127
v -0.04089 0.45084 0.02813 0.14413 0.08022 0.05127
v 0.04135 0.45037 0.02432 0.14413 0.08022 0.05127
v 0.04135 0.45037 -0.02432 0.14413 0.08022 0.05127
v 0.03838 0.44823 0.02432 0.14413 0.08022 0.05127
v 0.04135 0.45037 -0.02432 0.14413 0.08022 0.05127
v 0.03838 0.44823 -0.02432 0.14413 0.08022 0.05127
v 0.03838 0.44823 0.02432 0.14413 0.08022 0.05127
v 0.03838 0.44823 0.02432 0.14413 0.08022 0.05127
v 0.03838 0.44823 -0.02432 0.14413 0.08022 0.05127
v 0.03326 0.44702 0.02432 0.14413 0.08022 0.05127
v 0.03838 0.44823 -0.02432 0.14413 0.08022 0.05127
v 0.03326 0.44702 -0.02432 0.14413 0.08022 0.05127
v 0.03326 0.44702 0.02432 0.14413 0.08022 0.05127
v 0.03326 0.44702 0.02432 0.14413 0.08022 0.05127
v 0.03326 0.44702 -0.02432 0.14413 0.08022 0.05127
v -0.03326 0.44702 0.02432 0.14413 0.08022 0.05127
v 0.03326 0.44702 -0.02432 0.14413 0.08022 0.05127
v -0.03326 0.44702 -0.02432 0.14413 0.08022 0.05127
v -0.03326 0.44702 0.02432 0.14413 0.08022 0.05127
v -0.03326 0.44702 0.02432 0.14413 0.08022 0.05127
v -0.03326 0.44702 -0.02432 0.14413 0.08022 0.05127
v -0.03838 0.44823 0.02432 0.14413 0.08022 0.05127
v -0.03326 0.44702 -0.02432 0.14413 0.08022 0.05127
v -0.03838 0.44823 -0.02432 0.14413 0.08022 0.05127
v -0.03838 0.44823 0.02432 0.14413 0.08022 0.05127
v -0.03838 0.44823 0.02432 0.14413 0.08022 0.05127
v -0.03838 0.44823 -0.02432 0.14413 0.08022 0.05127
v -0.04135 0.45037 0.02432 0.14413 0.08022 0.05127
v -0.03838 0.44823 -0.02432 0.14413 0.08022 0.05127
v -0.04135 0.45037 -0.02432 0.14413 0.08022 0.05127
v -0.04135 0.45037 0.02432 0.14413 0.08022 0.05127
v 0.04135 0.45037 -0.02432 0.14413 0.08022 0.05127
v 0.04089 0.45084 -0.02813 0.14413 0.08022 0.05127
v 0.03838 0.44823 -0.02432 0.14413 0.08022 0.05127
v 0.04089 0.45084 -0.02813 0.14413 0.08022 0.05127
v 0.03793 0.44912 -0.02899 0.14413 0.08022 0.05127
v 0.03838 0.44823 -0.02432 0.14413 0.08022 0.05127
v 0.03838 0.44823 -0.02432 0.14413 0.08022 0.05127
v 0.03793 0.44912 -0.02899 0.14413 0.08022 0.05127
v 0.03326 0.44702 -0.02432 0.14413 0.08022 0.05127
v 0.03793 0.44912 -0.02899 0.14413 0.08022 0.05127
v 0.03326 0.44823 -0.02944 0.14413 0.08022 0.05127
v 0.03326 0.44702 -0.02432 0.14413 0.08022 0.05127
v 0.03326 0.44702 -0.02432 0.14413 0.08022 0.05127
v 0.03326 0.44823 -0.02944 0.14413 0.08022 0.05127
v -0.03326 0.44702 -0.02432 0.14413 0.08022 0.05127
v 0.03326 0.44823 -0.02944 0.14413 0.08022 0.05127
v -0.03326 0.44823 -0.02944 0.14413 0.08022 0.05127
v -0.03326 0.44702 -0.02432 0.14413 0.08022 0.05127
v -0.03326 0.44702 -0.02432 0.14413 0.08022 0.05127
v -0.03326 0.44823 -0.02944 0.14413 0.08022 0.05127
v -0.03838 0.44823 -0.02432 0.14413 0.08022 0.05127
v -0.03326 0.44823 -0.02944 0.14413 0.08022 0.05127
v -0.03793 0.44912 -0.02899 0.14413 0.08022 0.05127
v -0.03838 0.44823 -0.02432 0.14413 0.08022 0.05127
v -0.03838 0.44823 -0.02432 0.14413 0.08022 0.05127
v -0.03793 0.44912 -0.02899 0.14413 0.08022 0.05127
v -0.04135 0.45037 -0.02432 0.14413 0.08022 0.05127
v -0.03793 0.44912 -0.02899 0.14413 0.08022 0.05127
v -0.04089 0.45084 -0.02813 0.14413 0.08022 0.05127
v -0.04135 0.45037 -0.02432 0.14413 0.08022 0.05127
v 0.04089 0.45084 -0.02813 0.14413 0.08022 0.05127
v 0.03987 0.45186 -0.03093 0.14413 0.08022 0.05127
v 0.03793 0.44912 -0.02899 0.14413 0.08022 0.05127
v 0.03987 0.45186 -0.03093 0.14413 0.08022 0.05127
v 0.03707 0.45084 -0.03195 0.14413 0.08022 0.05127
v 0.03793 0.44912 -0.02899 0.14413 0.08022 0.05127
v 0.03793 0.44912 -0.02899 0.14413 0.08022 0.05127
v 0.03707 0.45084 -0.03195 0.14413 0.08022 0.05127
v 0.03326 0.44823 -0.02944 0.14413 0.08022 0.05127
v 0.03707 0.45084 -0.03195 0.14413 0.08022 0.05127
v 0.03326 0.45037 -0.03241 0.14413 0.08022 0.05127
v 0.03326 0.44823 -0.02944 0.14413 0.08022 0.05127
v 0.03326 0.44823 -0.02944 0.14413 0.08022 0.05127
v 0.03326 0.45037 -0.03241 0.14413 0.08022 0.05127
v -0.03326 0.44823 -0.02944 0.14413 0.08022 0.05127
v 0.03326 0.45037 -0.03241 0.14413 0.08022 0.05127
v -0.03326 0.45037 -0.03241 0.14413 0.08022 0.05127
v -0.03326 0.44823 -0.02944 0.14413 0.08022 0.05127
v -0.03326 0.44823 -0.02944 0.14413 0.08022 0.05127
v -0.03326 0.45037 -0.03241 0.14413 0.08022 0.05127
v -0.03793 0.44912 -0.02899 0.14413 0.08022 0.05127
v -0.03326 0.45037 -0.03241 0.14413 0.08022 0.05127
v -0.03707 0.45084 -0.03195 0.14413 0.08022 0.05127
v -0.03793 0.44912 -0.02899 0.14413 0.08022 0.05127
v -0.03793 0.44912 -0.02899 0.14413 0.08022 0.05127
v -0.03707 0.45084 -0.03195 0.14413 0.08022 0.05127
v -0.04089 0.45084 -0.02813 0.14413 0.08022 0.05127
v -0.03707 0.45084 -0.03195 0.14413 0.08022 0.05127
v -0.03987 0.45186 -0.03093 0.14413 0.08022 0.05127
v -0.04089 0.45084 -0.02813 0.14413 0.08022 0.05127
v 0.03987 0.93391 0.03093 0.14413 0.08022 0.05127
v 0.04089 0.93112 0.03195 0.14413 0.08022 0.05127
v 0.03707 0.93493 0.03195 0.14413 0.08022 0.05127
v 0.04089 0.93112 0.03195 0.14413 0.08022 0.05127
v 0.03793 0.93198 0.03366 0.14413 0.08022 0.05127
v 0.03707 0.93493 0.03195 0.14413 0.08022 0.05127
v 0.03707 0.93493 0.03195 0.14413 0.08022 0.05127
v 0.03793 0.93198 0.03366 0.14413 0.08022 0.05127
v 0.03326 0.93540 0.03241 0.14413 0.08022 0.05127
v 0.03793 0.93198 0.03366 0.14413 0.08022 0.05127
v 0.03326 0.93242 0.03455 0.14413 0.08022 0.05127
v 0.03326 0.93540 0.03241 0.14413 0.08022 0.05127
v 0.03326 0.93540 0.03241 0.14413 0.08022 0.05127
v 0.03326 0.93242 0.03455 0.14413 0.08022 0.05127
v -0.03326 0.93540 0.03241 0.14413 0.08022 0.05127
v 0.03326 0.93242 0.03455 0.14413 0.08022 0.05127
v -0.03326 0.93242 0.03455 0.14413 0.08022 0.05127
v -0.03326 0.93540 0.03241 0.14413 0.08022 0.05127
v -0.03326 0.93540 0.03241 0.14413 0.08022 0.05127
v -0.03326 0.93242 0.03455 0.14413 0.08022 0.05127
v -0.03707 0.93493 0.03195 0.14413 0.08022 0.05127
v -0.03326 0.93242 0.03455 0.14413 0.08022 0.05127
v -0.03793 0.93198 0.03366 0.14413 0.08022 0.05127
v -0.03707 0.93493 0.03195 0.14413 0.08022 0.05127
v -0.03707 0.93493 0.03195 0.14413 0.08022 0.05127
v -0.03793 0.93198 0.03366 0.14413 0.08022 0.05127
v -0.03987 0.93391 0.03093 0.14413 0.08022 0.05127
v -0.03793 0.93198 0.03366 0.14413 0.08022 0.05127
v -0.04089 0.93112 0.03195 0.14413 0.08022 0.05127
v -0.03987 0.93391 0.03093 0.14413 0.08022 0.05127
v 0.04089 0.93112 0.03195 0.14413 0.08022 0.05127
v 0.04135 0.92730 0.03241 0.14413 0.08022 0.05127
v 0.03793 0.93198 0.03366 0.14413 0.08022 0.05127
v 0.04135 0.92730 0.03241 0.14413 0.08022 0.05127
v 0.03838 0.92730 0.03455 0.14413 0.08022 0.05127
v 0.03793 0.93198 0.03366 0.14413 0.08022 0.05127
v 0.03793 0.93198 0.03366 0.14413 0.08022 0.05127
v 0.03838 0.92730 0.03455 0.14413 0.08022 0.05127
v 0.03326 0.93242 0.03455 0.14413 0.08022 0.05127
v 0.03838 0.92730 0.03455 0.14413 0.08022 0.05127
v 0.03326 0.92730 0.03576 0.14413 0.08022 0.05127
v 0.03326 0.93242 0.03455 0.14413 0.08022 0.05127
v 0.03326 0.93242 0.03455 0.14413 0.08022 0.05127
v 0.03326 0.92730 0.03576 0.14413 0.08022 0.05127
v -0.03326 0.93242 0.03455 0.14413 0.08022 0.05127
v 0.03326 0.92730 0.03576 0.14413 0.08022 0.05127
v -0.03326 0.92730 0.03576 0.14413 0.08022 0.05127
v -0.03326 0.93242 0.03455 0.14413 0.08022 0.05127
v -0.03326 0.93242 0.03455 0.14413 0.08022 0.05127
v -0.03326 0.92730 0.03576 0.14413 0.08022 0.05127
v -0.03793 0.93198 0.03366 0.14413 0.08022 0.05127
v -0.03326 0.92730 0.03576 0.14413 0.08022 0.05127
v -0.03838 0.92730 0.03455 0.14413 0.08022 0.05127
v -0.03793 0.93198 0.03366 0.14413 0.08022 0.05127
v -0.03793 0.93198 0.03366 0.14413 0.08022 0.05127
v -0.03838 0.92730 0.03455 0.14413 0.08022 0.05127
v -0.04089 0.93112 0.03195 0.14413 0.08022 0.05127
v -0.03838 0.92730 0.03455 0.14413 0.08022 0.05127
v -0.04135 0.92730 0.03241 0.14413 0.08022 0.05127
v -0.04089 0.93112 0.03195 0.14413 0.08022 0.05127
v 0.04135 0.92730 0.03241 0.14413 0.08022 0.05127
v 0.04135 0.45847 0.03241 0.14413 0.08022 0.05127
v 0.03838 0.92730 0.03455 0.14413 0.08022 0.05127
v 0.04135 0.45847 0.03241 0.14413 0.08022 0.05127
v 0.03838 0.45847 0.03455 0.14413 0.08022 0.05127
v 0.03838 0.92730 0.03455 0.14413 0.08022 0.05127
v 0.03838 0.92730 0.03455 0.14413 0.08022 0.05127
v 0.03838 0.45847 0.03455 0.14413 0.08022 0.05127
v 0.03326 0.92730 0.03576 0.14413 0.08022 0.05127
v 0.03838 0.45847 0.03455 0.14413 0.08022 0.05127
v 0.03326 0.45847 0.03576 0.14413 0.08022 0.05127
v 0.03326 0.92730 0.03576 0.14413 0.08022 0.05127
v 0.03326 0.92730 0.03576 0.14413 0.08022 0.05127
v 0.03326 0.45847 0.03576 0.14413 0.08022 0.05127
v -0.03326 0.92730 0.03576 0.14413 0.08022 0.05127
v 0.03326 0.45847 0.03576 0.14413 0.08022 0.05127
v -0.03326 0.45847 0.03576 0.14413 0.08022 0.05127
v -0.03326 0.92730 0.03576 0.14413 0.08022 0.05127
v -0.03326 0.92730 0.03576 0.14413 0.08022 0.05127
v -0.03326 0.45847 0.03576 0.14413 0.08022 0.05127
v -0.03838 0.92730 0.03455 0.14413 0.08022 0.05127
v -0.03326 0.45847 0.03576 0.14413 0.08022 0.05127
v -0.03838 0.45847 0.03455 0.14413 0.08022 0.05127
v -0.03838 0.92730 0.03455 0.14413 0.08022 0.05127
v -0.03838 0.92730 0.03455 0.14413 0.08022 0.05127
v -0.03838 0.45847 0.03455 0.14413 0.08022 0.05127
v -0.04135 0.92730 0.03241 0.14413 0.08022 0.05127
v -0.03838 0.45847 0.03455 0.14413 0.08022 0.05127
v -0.04135 0.45847 0.03241 0.14413 0.08022 0.05127
v -0.04135 0.92730 0.03241 0.14413 0.08022 0.05127
v 0.04135 0.45847 0.03241 0.14413 0.08022 0.05127
v 0.04089 0.45465 0.03195 0.14413 0.08022 0.05127
v 0.03838 0.45847 0.03455 0.14413 0.08022 0.05127
v 0.04089 0.45465 0.03195 0.14413 0.08022 0.05127
v 0.03793 0.45379 0.03366 0.14413 0.08022 0.05127
v 0.03838 0.45847 0.03455 0.14413 0.08022 0.05127
v 0.03838 0.45847 0.03455 0.14413 0.08022 0.05127
v 0.03793 0.45379 0.03366 0.14413 0.08022 0.05127
v 0.03326 0.45847 0.03576 0.14413 0.08022 0.05127
v 0.03793 0.45379 0.03366 0.14413 0.08022 0.05127
v 0.03326 0.45335 0.03455 0.14413 0.08022 0.05127
v 0.03326 0.45847 0.03576 0.14413 0.08022 0.05127
v 0.03326 0.45847 0.03576 0.14413 0.08022 0.05127
v 0.03326 0.45335 0.03455 0.14413 0.08022 0.05127
v -0.03326 0.45847 0.03576 0.14413 0.08022 0.05127
v 0.03326 0.45335 0.03455 0.14413 0.08022 0.05127
v -0.03326 0.45335 0.03455 0.14413 0.08022 0.05127
v -0.03326 0.45847 0.03576 0.14413 0.08022 0.05127
v -0.03326 0.45847 0.03576 0.14413 0.08022 0.05127
v -0.03326 0.45335 0.03455 0.14413 0.08022 0.05127
v -0.03838 0.45847 0.03455 0.14413 0.08022 0.05127
v -0.03326 0.45335 0.03455 0.14413 0.08022 0.05127
v -0.03793 0.45379 0.03366 0.14413 0.08022 0.05127
v -0.03838 0.45847 0.03455 0.14413 0.08022 0.05127
v -0.03838 0.45847 0.03455 0.14413 0.08022 0.05127
v -0.03793 0.45379 0.03366 0.14413 0.08022 0.05127
v -0.04135 0.45847 0.03241 0.14413 0.08022 0.05127
v -0.03793 0.45379 0.03366 0.14413 0.08022 0.05127
v -0.04089 0.45465 0.03195 0.14413 0.08022 0.05127
v -0.04135 0.45847 0.03241 0.14413 0.08022 0.05127
v 0.04089 0.45465 0.03195 0.14413 0.08022 0.05127
v 0.03987 0.45186 0.03093 0.14413 0.08022 0.05127
v 0.03793 0.45379 0.03366 0.14413 0.08022 0.05127
v 0.03987 0.45186 0.03093 0.14413 0.08022 0.05127
v 0.03707 0.45084 0.03195 0.14413 0.08022 0.05127
v 0.03793 0.45379 0.03366 0.14413 0.08022 0.05127
v 0.03793 0.45379 0.03366 0.14413 0.08022 0.05127
v 0.03707 0.45084 0.03195 0.14413 0.08022 0.05127
v 0.03326 0.45335 0.03455 0.14413 0.08022 0.05127
v 0.03707 0.45084 0.03195 0.14413 0.08022 0.05127
v 0.03326 0.45037 0.03241 0.14413 0.08022 0.05127
v 0.03326 0.45335 0.03455 0.14413 0.08022 0.05127
v 0.03326 0.45335 0.03455 0.14413 0.08022 0.05127
v 0.03326 0.45037 0.03241 0.14413 0.08022 0.05127
v -0.03326 0.45335 0.03455 0.14413 0.08022 0.05127
v 0.03326 0.45037 0.03241 0.14413 0.08022 0.05127
v -0.03326 0.45037 0.03241 0.14413 0.08022 0.05127
v -0.03326 0.45335 0.03455 0.14413 0.08022 0.05127
v -0.03326 0.45335 0.03455 0.14413 0.08022 0.05127
v -0.03326 0.45037 0.03241 0.14413 0.08022 0.05127
v -0.03793 0.45379 0.03366 0.14413 0.08022 0.05127
v -0.03326 0.45037 0.03241 0.14413 0.08022 0.05127
v -0.03707 0.45084 0.03195 0.14413 0.08022 0.05127
v -0.03793 0.45379 0.03366 0.14413 0.08022 0.05127
v -0.03793 0.45379 0.03366 0.14413 0.08022 0.05127
v -0.03707 0.45084 0.03195 0.14413 0.08022 0.05127
v -0.04089 0.45465 0.03195 0.14413 0.08022 0.05127
v -0.03707 0.45084 0.03195 0.14413 0.08022 0.05127
v -0.03987 0.45186 0.03093 0.14413 0.08022 0.05127
v -0.04089 0.45465 0.03195 0.14413 0.08022 0.05127
v -0.03987 0.93391 -0.03093 0.14413 0.08022 0.05127
v -0.04089 0.93112 -0.03195 0.14413 0.08022 0.05127
v -0.03707 0.93493 -0.03195 0.14413 0.08022 0.05127
v -0.04089 0.93112 -0.03195 0.14413 0.08022 0.05127
v -0.03793 0.93198 -0.03366 0.14413 0.08022 0.05127
v -0.03707 0.93493 -0.03195 0.14413 0.08022 0.05127
v -0.03707 0.93493 -0.03195 0.14413 0.08022 0.05127
v -0.03793 0.93198 -0.03366 0.14413 0.08022 0.05127
v -0.03326 0.93540 -0.03241 0.14413 0.08022 0.05127
v -0.03793 0.93198 -0.03366 0.14413 0.08022 0.05127
v -0.03326 0.93242 -0.03455 0.14413 0.08022 0.05127
v -0.03326 0.93540 -0.03241 0.14413 0.08022 0.05127
v -0.03326 0.93540 -0.03241 0.14413 0.08022 0.05127
v -0.03326 0.93242 -0.03455 0.14413 0.08022 0.05127
v 0.03326 0.93540 -0.03241 0.14413 0.08022 0.05127
v -0.03326 0.93242 -0.03455 0.14413 0.08022 0.05127
v 0.03326 0.93242 -0.03455 0.14413 0.08022 0.05127
v 0.03326 0.93540 -0.03241 0.14413 0.08022 0.05127
v 0.03326 0.93540 -0.03241 0.14413 0.08022 0.05127
v 0.03326 0.93242 -0.03455 0.14413 0.08022 0.05127
v 0.03707 0.93493 -0.03195 0.14413 0.08022 0.05127
v 0.03326 0.93242 -0.03455 0.14413 0.08022 0.05127
v 0.03793 0.93198 -0.03366 0.14413 0.08022 0.05127
v 0.03707 0.93493 -0.03195 0.14413 0.08022 0.05127
v 0.03707 0.93493 -0.03195 0.14413 0.08022 0.05127
v 0.03793 0.93198 -0.03366 0.14413 0.08022 0.05127
v 0.03987 0.93391 -0.03093 0.14413 0.08022 0.05127
v 0.03793 0.93198 -0.03366 0.14413 0.08022 0.05127
v 0.04089 0.93112 -0.03195 0.14413 0.08022 0.05127
v 0.03987 0.93391 -0.03093 0.14413 0.08022 0.05127
v -0.04089 0.93112 -0.03195 0.14413 0.08022 0.05127
v -0.04135 0.92730 -0.03241 0.14413 0.08022 0.05127
v -0.03793 0.93198 -0.03366 0.14413 0.08022 0.05127
v -0.04135 0.92730 -0.03241 0.14413 0.08022 0.05127
v -0.03838 0.92730 -0.03455 0.14413 0.08022 0.05127
v -0.03793 0.93198 -0.03366 0.14413 0.08022 0.05127
v -0.03793 0.93198 -0.03366 0.14413 0.08022 0.05127
v -0.03838 0.92730 -0.03455 0.14413 0.08022 0.05127
v -0.03326 0.93242 -0.03455 0.14413 0.08022 0.05127
v -0.03838 0.92730 -0.03455 0.14413 0.08022 0.05127
v -0.03326 0.92730 -0.03576 0.14413 0.08022 0.05127
v -0.03326 0.93242 -0.03455 0.14413 0.08022 0.05127
v -0.03326 0.93242 -0.03455 0.14413 0.08022 0.05127
v -0.03326 0.92730 -0.03576 0.14413 0.08022 0.05127
v 0.03326 0.93242 -0.03455 0.14413 0.08022 0.05127
v -0.03326 0.92730 -0.03576 0.14413 0.08022 0.05127
v 0.03326 0.92730 -0.03576 0.14413 0.08022 0.05127
v 0.03326 0.93242 -0.03455 0.14413 0.08022 0.05127
v 0.03326 0.93242 -0.03455 0.14413 0.08022 0.05127
v 0.03326 0.92730 -0.03576 0.14413 0.08022 0.05127
v 0.03793 0.93198 -0.03366 0.14413 0.08022 0.05127
v 0.03326 0.92730 -0.03576 0.14413 0.08022 0.05127
v 0.03838 0.92730 -0.03455 0.14413 0.08022 0.05127
v 0.03793 0.93198 -0.03366 0.14413 0.08022 0.05127
v 0.03793 0.93198 -0.03366 0.14413 0.08022 0.05127
v 0.03838 0.92730 -0.03455 0.14413 0.08022 0.05127
v 0.04089 0.93112 -0.03195 0.14413 0.08022 0.05127
v 0.03838 0.92730 -0.03455 0.14413 0.08022 0.05127
v 0.04135 0.92730 -0.03241 0.14413 0.08022 0.05127
v 0.04089 0.93112 -0.03195 0.14413 0.08022 0.05127
v -0.04135 0.92730 -0.03241 0.14413 0.08022 0.05127
v -0.04135 0.45847 -0.03241 0.14413 0.08022 0.05127
v -0.03838 0.92730 -0.03455 0.14413 0.08022 0.05127
v -0.04135 0.45847 -0.03241 0.14413 0.08022 0.05127
v -0.03838 0.45847 -0.03455 0.14413 0.08022 0.05127
v -0.03838 0.92730 -0.03455 0.14413 0.08022 0.05127
v -0.03838 0.92730 -0.03455 0.14413 0.08022 0.05127
v -0.03838 0.45847 -0.03455 0.14413 0.08022 0.05127
v -0.03326 0.92730 -0.03576 0.14413 0.08022 0.05127
v -0.03838 0.45847 -0.03455 0.14413 0.08022 0.05127
v -0.03326 0.45847 -0.03576 0.14413 0.08022 0.05127
v -0.03326 0.92730 -0.03576 0.14413 0.08022 0.05127
v -0.03326 0.92730 -0.03576 0.14413 0.08022 0.05127
v -0.03326 0.45847 -0.03576 0.14413 0.08022 0.05127
v 0.03326 0.92730 -0.03576 0.14413 0.08022 0.05127
v -0.03326 0.45847 -0.03576 0.14413 0.08022 0.05127
v 0.03326 0.45847 -0.03576 0.14413 0.08022 0.05127
v 0.03326 0.92730 -0.03576 0.14413 0.08022 0.05127
v 0.03326 0.92730 -0.03576 0.14413 0.08022 0.05127
v 0.03326 0.45847 -0.03576 0.14413 0.08022 0.05127
v 0.03838 0.92730 -0.03455 0.14413 0.08022 0.05127
v 0.03326 0.45847 -0.03576 0.14413 0.08022 0.05127
v 0.03838 0.45847 -0.03455 0.14413 0.08022 0.05127
v 0.03838 0.92730 -0.03455 0.14413 0.08022 0.05127
v 0.03838 0.92730 -0.03455 0.14413 0.08022 0.05127
v 0.03838 0.45847 -0.03455 0.14413 0.08022 0.05127
v 0.04135 0.92730 -0.03241 0.14413 0.08022 0.05127
v 0.03838 0.45847 -0.03455 0.14413 0.08022 0.05127
v 0.04135 0.45847 -0.03241 0.14413 0.08022 0.05127
v 0.04135 0.92730 -0.03241 0.14413 0.08022 0.05127
v -0.04135 0.45847 -0.03241 0.14413 0.08022 0.05127
v -0.04089 0.45465 -0.03195 0.14413 0.08022 0.05127
v -0.03838 0.45847 -0.03455 0.14413 0.08022 0.05127
v -0.04089 0.45465 -0.03195 0.14413 0.08022 0.05127
v -0.03793 0.45379 -0.03366 0.14413 0.08022 0.05127
v -0.03838 0.45847 -0.03455 0.14413 0.08022 0.05127
v -0.03838 0.45847 -0.03455 0.14413 0.08022 0.05127
v -0.03793 0.45379 -0.03366 0.14413 0.08022 0.05127
v -0.03326 0.45847 -0.03576 0.14413 0.08022 0.05127
v -0.03793 0.45379 -0.03366 0.14413 0.08022 0.05127
v -0.03326 0.45335 -0.03455 0.14413 0.08022 0.05127
v -0.03326 0.45847 -0.03576 0.14413 0.08022 0.05127
v -0.03326 0.45847 -0.03576 0.14413 0.08022 0.05127
v -0.03326 0.45335 -0.03455 0.14413 0.08022 0.05127
v 0.03326 0.45847 -0.03576 0.14413 0.08022 0.05127
v -0.03326 0.45335 -0.03455 0.14413 0.08022 0.05127
v 0.03326 0.45335 -0.03455 0.14413 0.08022 0.05127
v 0.03326 0.45847 -0.03576 0.14413 0.08022 0.05127
v 0.03326 0.45847 -0.03576 0.14413 0.08022 0.05127
v 0.03326 0.45335 -0.03455 0.14413 0.08022 0.05127
v 0.03838 0.45847 -0.03455 0.14413 0.08022 0.05127
v 0.03326 0.45335 -0.03455 0.14413 0.08022 0.05127
v 0.03793 0.45379 -0.03366 0.14413 0.08022 0.05127
v 0.03838 0.45847 -0.03455 0.14413 0.08022 0.05127
v 0.03838 0.45847 -0.03455 0.14413 0.08022 0.05127
v 0.03793 0.45379 -0.03366 0.14413 0.08022 0.05127
v 0.04135 0.45847 -0.03241 0.14413 0.08022 0.05127
v 0.03793 0.45379 -0.03366 0.14413 0.08022 0.05127
v 0.04089 0.45465 -0.03195 0.14413 0.08022 0.05127
v 0.04135 0.45847 -0.03241 0.14413 0.08022 0.05127
v -0.04089 0.45465 -0.03195 0.14413 0.08022 0.05127
v -0.03987 0.45186 -0.03093 0.14413 0.08022 0.05127
v -0.03793 0.45379 -0.03366 0.14413 0.08022 0.05127
v -0.03987 0.45186 -0.03093 0.14413 0.08022 0.05127
v -0.03707 0.45084 -0.03195 0.14413 0.08022 0.05127
v -0.03793 0.45379 -0.03366 0.14413 0.08022 0.05127
v -0.03793 0.45379 -0.03366 0.14413 0.08022 0.05127
v -0.03707 0.45084 -0.03195 0.14413 0.08022 0.05127
v -0.03326 0.45335 -0.03455 0.14413 0.08022 0.05127
v -0.03707 0.45084 -0.03195 0.14413 0.08022 0.05127
v -0.03326 0.45037 -0.03241 0.14413 0.08022 0.05127
v -0.03326 0.45335 -0.03455 0.14413 0.08022 0.05127
v -0.03326 0.45335 -0.03455 0.14413 0.08022 0.05127
v -0.03326 0.45037 -0.03241 0.14413 0.08022 0.05127
v 0.03326 0.45335 -0.03455 0.14413 0.08022 0.05127
v -0.03326 0.45037 -0.03241 0.14413 0.08022 0.05127
v 0.03326 0.45037 -0.03241 0.14413 0.08022 0.05127
v 0.03326 0.45335 -0.03455 0.14413 0.08022 0.05127
v 0.03326 0.45335 -0.03455 0.14413 0.08022 0.05127
v 0.03326 0.45037 -0.03241 0.14413 0.08022 0.05127
v 0.03793 0.45379 -0.03366 0.14413 0.08022 0.05127
v 0.03326 0.45037 -0.03241 0.14413 0.08022 0.05127
v 0.03707 0.45084 -0.03195 0.14413 0.08022 0.05127
v 0.03793 0.45379 -0.03366 0.14413 0.08022 0.05127
v 0.03793 0.45379 -0.03366 0.14413 0.08022 0.05127
v 0.03707 0.45084 -0.03195 0.14413 0.08022 0.05127
v 0.04089 0.45465 -0.03195 0.14413 0.08022 0.05127
v 0.03707 0.45084 -0.03195 0.14413 0.08022 0.05127
v 0.03987 0.45186 -0.03093 0.14413 0.08022 0.05127
v 0.04089 0.45465 -0.03195 0.14413 0.08022 0.05127
f 1223 1225 1224
f 1226 1228 1227
f 1229 1231 1230
f 1232 1234 1233
f 1235 1237 1236
f 1238 1240 1239
f 1241 1243 1242
f 1244 1246 1245
f 1247 1249 1248
f 1250 1252 1251
f 1253 1255 1254
f 1256 1258 1257
f 1259 1261 1260
f 1262 1264 1263
f 1265 1267 1266
f 1268 1270 1269
f 1271 1273 1272
f 1274 1276 1275
f 1277 1279 1278
f 1280 1282 1281
f 1283 1285 1284
f 1286 1288 1287
f 1289 1291 1290
f 1292 1294 1293
f 1295 1297 1296
f 1298 1300 1299
f 1301 1303 1302
f 1304 1306 1305
f 1307 1309 1308
f 1310 1312 1311
f 1313 1315 1314
f 1316 1318 1317
f 1319 1321 1320
f 1322 1324 1323
f 1325 1327 1326
f 1328 1330 1329
f 1331 1333 1332
f 1334 1336 1335
f 1337 1339 1338
f 1340 1342 1341
f 1343 1345 1344
f 1346 1348 1347
f 1349 1351 1350
f 1352 1354 1353
f 1355 1357 1356
f 1358 1360 1359
f 1361 1363 1362
f 1364 1366 1365
f 1367 1369 1368
f 1370 1372 1371
f 1373 1375 1374
f 1376 1378 1377
f 1379 1381 1380
f 1382 1384 1383
f 1385 1387 1386
f 1388 1390 1389
f 1391 1393 1392
f 1394 1396 1395
f 1397 1399 1398
f 1400 1402 1401
f 1403 1405 1404
f 1406 1408 1407
f 1409 1411 1410
f 1412 1414 1413
f 1415 1417 1416
f 1418 1420 1419
f 1421 1423 1422
f 1424 1426 1425
f 1427 1429 1428
f 1430 1432 1431
f 1433 1435 1434
f 1436 1438 1437
f 1439 1441 1440
f 1442 1444 1443
f 1445 1447 1446
f 1448 1450 1449
f 1451 1453 1452
f 1454 1456 1455
f 1457 1459 1458
f 1460 1462 1461
f 1463 1465 1464
f 1466 1468 1467
f 1469 1471 1470
f 1472 1474 1473
f 1475 1477 1476
f 1478 1480 1479
f 1481 1483 1482
f 1484 1486 1485
f 1487 1489 1488
f 1490 1492 1491
f 1493 1495 1494
f 1496 1498 1497
f 1499 1501 1500
f 1502 1504 1503
f 1505 1507 1506
f 1508 1510 1509
f 1511 1513 1512
f 1514 1516 1515
f 1517 1519 1518
f 1520 1522 1521
f 1523 1525 1524
f 1526 1528 1527
f 1529 1531 1530
f 1532 1534 1533
f 1535 1537 1536
f 1538 1540 1539
f 1541 1543 1542
f 1544 1546 1545
f 1547 1549 1548
f 1550 1552 1551
f 1553 1555 1554
f 1556 1558 1557
f 1559 1561 1560
f 1562 1564 1563
f 1565 1567 1566
f 1568 1570 1569
f 1571 1573 1572
f 1574 1576 1575
f 1577 1579 1578
f 1580 1582 1581
f 1583 1585 1584
f 1586 1588 1587
f 1589 1591 1590
f 1592 1594 1593
f 1595 1597 1596
f 1598 1600 1599
f 1601 1603 1602
f 1604 1606 1605
f 1607 1609 1608
f 1610 1612 1611
f 1613 1615 1614
f 1616 1618 1617
f 1619 1621 1620
f 1622 1624 1623
f 1625 1627 1626
f 1628 1630 1629
f 1631 1633 1632
f 1634 1636 1635
f 1637 1639 1638
f 1640 1642 1641
f 1643 1645 1644
f 1646 1648 1647
f 1649 1651 1650
f 1652 1654 1653
f 1655 1657 1656
f 1658 1660 1659
f 1661 1663 1662
f 1664 1666 1665
f 1667 1669 1668
f 1670 1672 1671
f 1673 1675 1674
f 1676 1678 1677
f 1679 1681 1680
f 1682 1684 1683
f 1685 1687 1686
f 1688 1690 1689
f 1691 1693 1692
f 1694 1696 1695
f 1697 1699 1698
f 1700 1702 1701
f 1703 1705 1704
f 1706 1708 1707
f 1709 1711 1710
f 1712 1714 1713
f 1715 1717 1716
f 1718 1720 1719
f 1721 1723 1722
f 1724 1726 1725
f 1727 1729 1728
f 1730 1732 1731
f 1733 1735 1734
f 1736 1738 1737
f 1739 1741 1740
f 1742 1744 1743
f 1745 1747 1746
f 1748 1750 1749
f 1751 1753 1752
f 1754 1756 1755
f 1757 1759 1758
f 1760 1762 1761
f 1763 1765 1764
f 1766 1768 1767
f 1769 1771 1770
f 1772 1774 1773
f 1775 1777 1776
f 1778 1780 1779
f 1781 1783 1782
f 1784 1786 1785
f 1787 1789 1788
f 1790 1792 1791
f 1793 1795 1794
f 1796 1798 1797
f 1799 1801 1800
f 1802 1804 1803
f 1805 1807 1806
f 1808 1810 1809
f 1811 1813 1812
f 1814 1816 1815
f 1817 1819 1818
f 1820 1822 1821
f 1823 1825 1824
f 1826 1828 1827
f 1829 1831 1830
f 1832 1834 1833
f 1835 1837 1836
f 1838 1840 1839
f 1841 1843 1842
f 1844 1846 1845
f 1847 1849 1848
f 1850 1852 1851
f 1853 1855 1854
f 1856 1858 1857
f 1859 1861 1860
f 1862 1864 1863
f 1865 1867 1866
f 1868 1870 1869
f 1871 1873 1872
f 1874 1876 1875
f 1877 1879 1878
f 1880 1882 1881
f 1883 1885 1884
f 1886 1888 1887
f 1889 1891 1890
f 1892 1894 1893
f 1895 1897 1896
f 1898 1900 1899
f 1901 1903 1902
f 1904 1906 1905
f 1907 1909 1908
f 1910 1912 1911
f 1913 1915 1914
f 1916 1918 1917
f 1919 1921 1920
f 1922 1924 1923
f 1925 1927 1926
f 1928 1930 1929
f 1931 1933 1932
f 1934 1936 1935
f 1937 1939 1938
f 1940 1942 1941
f 1943 1945 1944
f 1946 1948 1947
f 1949 1951 1950
f 1952 1954 1953
f 1955 1957 1956
f 1958 1960 1959
f 1961 1963 1962
f 1964 1966 1965
f 1967 1969 1968
f 1970 1972 1971
f 1973 1975 1974
f 1976 1978 1977
f 1979 1981 1980
f 1982 1984 1983
f 1985 1987 1986
f 1988 1990 1989
f 1991 1993 1992
f 1994 1996 1995
f 1997 1999 1998
f 2000 2002 2001
f 2003 2005 2004
f 2006 2008 2007
f 2009 2011 2010
f 2012 2014 2013
f 2015 2017 2016
f 2018 2020 2019
f 2021 2023 2022
f 2024 2026 2025
f 2027 2029 2028
f 2030 2032 2031
f 2033 2035 2034
f 2036 2038 2037
f 2039 2041 2040
f 2042 2044 2043
f 2045 2047 2046
f 2048 2050 2049
f 2051 2053 2052
f 2054 2056 2055
f 2057 2059 2058
f 2060 2062 2061
f 2063 2065 2064
f 2066 2068 2067
f 2069 2071 2070
f 2072 2074 2073
f 2075 2077 2076
f 2078 2080 2079
f 2081 2083 2082
f 2084 2086 2085
f 2087 2089 2088
f 2090 2092 2091
f 2093 2095 2094
f 2096 2098 2097
f 2099 2101 2100
f 2102 2104 2103
f 2105 2107 2106
f 2108 2110 2109
f 2111 2113 2112
f 2114 2116 2115
f 2117 2119 2118
f 2120 2122 2121